!! Predictions spanning range 1660 - 209937 [R1]
# EVM prediction: Mode:STANDARD S-ratio: 6.57 1660-5479 orient(+) score(13920.00) noncoding_equivalent(2118.73) raw_noncoding(2470.00) offset(351.27) 
1660	2220	initial+	1	3	{GlimmerHMM_glimmerT_5724-T1;GlimmerHMM},{GeneMark_model.6143_t;GeneMark}
2221	2285	INTRON			{Augustus_model.g4759.t1;Augustus},{GlimmerHMM_glimmerT_5724-T1;GlimmerHMM},{GeneMark_model.6143_t;GeneMark}
2286	2330	internal+	1	3	{Augustus_model.g4759.t1;Augustus},{GlimmerHMM_glimmerT_5724-T1;GlimmerHMM},{GeneMark_model.6143_t;GeneMark}
2331	2394	INTRON			{Augustus_model.g4759.t1;Augustus},{GlimmerHMM_glimmerT_5724-T1;GlimmerHMM},{GeneMark_model.6143_t;GeneMark}
2395	2454	internal+	1	3	{Augustus_model.g4759.t1;Augustus},{GlimmerHMM_glimmerT_5724-T1;GlimmerHMM},{GeneMark_model.6143_t;GeneMark}
2455	2522	INTRON			{Augustus_model.g4759.t1;Augustus},{GlimmerHMM_glimmerT_5724-T1;GlimmerHMM},{GeneMark_model.6143_t;GeneMark}
2523	2928	internal+	1	1	{Augustus_model.g4759.t1;Augustus},{GlimmerHMM_glimmerT_5724-T1;GlimmerHMM},{GeneMark_model.6143_t;GeneMark}
2929	2993	INTRON			{Augustus_model.g4759.t1;Augustus},{GlimmerHMM_glimmerT_5724-T1;GlimmerHMM},{GeneMark_model.6143_t;GeneMark}
2994	3158	internal+	2	1	{Augustus_model.g4759.t1;Augustus},{GlimmerHMM_glimmerT_5724-T1;GlimmerHMM},{GeneMark_model.6143_t;GeneMark}
3159	3220	INTRON			{Augustus_model.g4759.t1;Augustus},{GlimmerHMM_glimmerT_5724-T1;GlimmerHMM},{GeneMark_model.6143_t;GeneMark}
3221	3364	internal+	2	1	{Augustus_model.g4759.t1;Augustus},{GlimmerHMM_glimmerT_5724-T1;GlimmerHMM},{GeneMark_model.6143_t;GeneMark}
3365	3434	INTRON			{Augustus_model.g4759.t1;Augustus},{GlimmerHMM_glimmerT_5724-T1;GlimmerHMM},{GeneMark_model.6143_t;GeneMark}
3435	5479	terminal+	2	3	{Augustus_model.g4759.t1;Augustus},{GlimmerHMM_glimmerT_5724-T1;GlimmerHMM},{GeneMark_model.6143_t;GeneMark},{snap_scaffold_16-snap.71-T1;snap}

# EVM prediction: Mode:STANDARD S-ratio: 2.06 5801-8666 orient(-) score(7820.00) noncoding_equivalent(3802.65) raw_noncoding(4255.16) offset(452.51) 
6230	5801	terminal-	6	6	{GeneMark_model.6144_t;GeneMark},{GlimmerHMM_glimmerT_5725-T1;GlimmerHMM},{Augustus_model.g4760.t1;Augustus}
6303	6231	INTRON			{GeneMark_model.6144_t;GeneMark},{GlimmerHMM_glimmerT_5725-T1;GlimmerHMM},{Augustus_model.g4760.t1;Augustus}
6434	6304	internal-	4	5	{GeneMark_model.6144_t;GeneMark},{GlimmerHMM_glimmerT_5725-T1;GlimmerHMM},{Augustus_model.g4760.t1;Augustus}
6504	6435	INTRON			{GeneMark_model.6144_t;GeneMark},{GlimmerHMM_glimmerT_5725-T1;GlimmerHMM},{Augustus_model.g4760.t1;Augustus}
6940	6505	internal-	6	6	{GeneMark_model.6144_t;GeneMark},{GlimmerHMM_glimmerT_5725-T1;GlimmerHMM},{Augustus_model.g4760.t1;Augustus}
7017	6941	INTRON			{GeneMark_model.6144_t;GeneMark},{GlimmerHMM_glimmerT_5725-T1;GlimmerHMM}
8063	7018	internal-	4	5	{GeneMark_model.6144_t;GeneMark}
8123	8064	INTRON			{GeneMark_model.6144_t;GeneMark}
8666	8124	initial-	4	6	{GeneMark_model.6144_t;GeneMark}

# EVM prediction: Mode:STANDARD S-ratio: 4.28 9094-12817 orient(+) score(12790.00) noncoding_equivalent(2991.12) raw_noncoding(3338.26) offset(347.14) 
9094	10243	initial+	1	1	{Augustus_model.g4761.t1;Augustus},{GeneMark_model.6145_t;GeneMark},{GlimmerHMM_glimmerT_5726-T1;GlimmerHMM}
10244	10299	INTRON			{Augustus_model.g4761.t1;Augustus},{GeneMark_model.6145_t;GeneMark},{GlimmerHMM_glimmerT_5726-T1;GlimmerHMM}
10300	11759	internal+	2	3	{GeneMark_model.6145_t;GeneMark},{GlimmerHMM_glimmerT_5726-T1;GlimmerHMM}
11760	11821	INTRON			{Augustus_model.g4761.t1;Augustus},{GeneMark_model.6145_t;GeneMark},{GlimmerHMM_glimmerT_5726-T1;GlimmerHMM}
11822	12667	internal+	1	3	{Augustus_model.g4761.t1;Augustus},{GlimmerHMM_glimmerT_5726-T1;GlimmerHMM}
12668	12805	INTRON			{Augustus_model.g4761.t1;Augustus}
12806	12817	terminal+	1	3	{Augustus_model.g4761.t1;Augustus}

# EVM prediction: Mode:STANDARD S-ratio: 1.74 13080-13593 orient(-) score(1734.00) noncoding_equivalent(994.00) raw_noncoding(1036.00) offset(42.00) 
13148	13080	terminal-	4	6	{GeneMark_model.6146_t;GeneMark},{Augustus_model.g4762.t1;Augustus}
13204	13149	INTRON			{GeneMark_model.6146_t;GeneMark},{Augustus_model.g4762.t1;Augustus}
13344	13205	internal-	5	6	{GeneMark_model.6146_t;GeneMark},{Augustus_model.g4762.t1;Augustus}
13514	13345	INTRON			{GlimmerHMM_glimmerT_5727-T1;GlimmerHMM},{snap_scaffold_16-snap.74-T1;snap},{GeneMark_model.6146_t;GeneMark},{Augustus_model.g4762.t1;Augustus}
13593	13515	initial-	4	4	{GlimmerHMM_glimmerT_5727-T1;GlimmerHMM},{GeneMark_model.6146_t;GeneMark},{Augustus_model.g4762.t1;Augustus}

# EVM prediction: Mode:STANDARD S-ratio: 1.89 13893-14789 orient(+) score(2691.00) noncoding_equivalent(1423.00) raw_noncoding(1698.00) offset(275.00) 
13893	14106	initial+	1	1	{Augustus_model.g4763.t1;Augustus},{GeneMark_model.6147_t;GeneMark},{GlimmerHMM_glimmerT_5728-T1;GlimmerHMM}
14107	14216	INTRON			{Augustus_model.g4763.t1;Augustus},{GeneMark_model.6147_t;GeneMark},{GlimmerHMM_glimmerT_5728-T1;GlimmerHMM}
14217	14354	internal+	2	1	{Augustus_model.g4763.t1;Augustus},{GeneMark_model.6147_t;GeneMark},{GlimmerHMM_glimmerT_5728-T1;GlimmerHMM}
14355	14511	INTRON			{Augustus_model.g4763.t1;Augustus},{GeneMark_model.6147_t;GeneMark},{GlimmerHMM_glimmerT_5728-T1;GlimmerHMM}
14512	14789	terminal+	2	3	{Augustus_model.g4763.t1;Augustus},{GeneMark_model.6147_t;GeneMark},{GlimmerHMM_glimmerT_5728-T1;GlimmerHMM}

# EVM prediction: Mode:STANDARD S-ratio: 53.18 15177-15695 orient(-) score(2036.00) noncoding_equivalent(38.28) raw_noncoding(38.28) offset(0.00) 
15695	15177	single-	4	6	{GlimmerHMM_glimmerT_5729-T1;GlimmerHMM},{GeneMark_model.6148_t;GeneMark},{Augustus_model.g4764.t1;Augustus}

# EVM prediction: Mode:STANDARD S-ratio: 1.84 15836-19488 orient(+) score(11134.00) noncoding_equivalent(6036.09) raw_noncoding(7784.56) offset(1748.47) 
15836	15859	initial+	1	3	{Augustus_model.g4765.t1;Augustus},{GlimmerHMM_glimmerT_5730-T1;GlimmerHMM},{GeneMark_model.6149_t;GeneMark}
15860	16023	INTRON			{Augustus_model.g4765.t1;Augustus},{GlimmerHMM_glimmerT_5730-T1;GlimmerHMM},{GeneMark_model.6149_t;GeneMark}
16024	16227	internal+	1	3	{Augustus_model.g4765.t1;Augustus},{GlimmerHMM_glimmerT_5730-T1;GlimmerHMM},{GeneMark_model.6149_t;GeneMark}
16228	16294	INTRON			{Augustus_model.g4765.t1;Augustus},{GlimmerHMM_glimmerT_5730-T1;GlimmerHMM},{GeneMark_model.6149_t;GeneMark}
16295	16552	internal+	1	3	{Augustus_model.g4765.t1;Augustus},{GlimmerHMM_glimmerT_5730-T1;GlimmerHMM},{GeneMark_model.6149_t;GeneMark}
16553	16649	INTRON			{Augustus_model.g4765.t1;Augustus},{GlimmerHMM_glimmerT_5730-T1;GlimmerHMM},{GeneMark_model.6149_t;GeneMark}
16650	16983	internal+	1	1	{Augustus_model.g4765.t1;Augustus},{GlimmerHMM_glimmerT_5730-T1;GlimmerHMM},{GeneMark_model.6149_t;GeneMark}
16984	17072	INTRON			{Augustus_model.g4765.t1;Augustus},{GlimmerHMM_glimmerT_5730-T1;GlimmerHMM},{GeneMark_model.6149_t;GeneMark}
17073	17143	internal+	2	3	{Augustus_model.g4765.t1;Augustus},{GlimmerHMM_glimmerT_5730-T1;GlimmerHMM},{GeneMark_model.6149_t;GeneMark}
17144	17261	INTRON			{Augustus_model.g4765.t1;Augustus},{GlimmerHMM_glimmerT_5730-T1;GlimmerHMM},{GeneMark_model.6149_t;GeneMark}
17262	17309	internal+	1	3	{Augustus_model.g4765.t1;Augustus},{GlimmerHMM_glimmerT_5730-T1;GlimmerHMM},{GeneMark_model.6149_t;GeneMark}
17310	17381	INTRON			{Augustus_model.g4765.t1;Augustus},{GlimmerHMM_glimmerT_5730-T1;GlimmerHMM},{GeneMark_model.6149_t;GeneMark}
17382	17479	internal+	1	2	{Augustus_model.g4765.t1;Augustus},{GlimmerHMM_glimmerT_5730-T1;GlimmerHMM},{GeneMark_model.6149_t;GeneMark}
17480	17553	INTRON			{Augustus_model.g4765.t1;Augustus},{GlimmerHMM_glimmerT_5730-T1;GlimmerHMM},{GeneMark_model.6149_t;GeneMark}
17554	17575	internal+	3	3	{Augustus_model.g4765.t1;Augustus},{GeneMark_model.6149_t;GeneMark}
17576	17687	INTRON			{Augustus_model.g4765.t1;Augustus},{GeneMark_model.6149_t;GeneMark}
17688	17886	internal+	1	1	{Augustus_model.g4765.t1;Augustus},{GlimmerHMM_glimmerT_5730-T1;GlimmerHMM},{GeneMark_model.6149_t;GeneMark}
17887	17984	INTRON			{Augustus_model.g4765.t1;Augustus},{GeneMark_model.6149_t;GeneMark}
17985	18075	internal+	2	2	{Augustus_model.g4765.t1;Augustus},{GeneMark_model.6149_t;GeneMark}
18076	18180	INTRON			{Augustus_model.g4765.t1;Augustus},{GlimmerHMM_glimmerT_5730-T1;GlimmerHMM},{GeneMark_model.6149_t;GeneMark}
18181	18368	internal+	3	1	{Augustus_model.g4765.t1;Augustus},{GlimmerHMM_glimmerT_5730-T1;GlimmerHMM},{GeneMark_model.6149_t;GeneMark}
18369	18448	INTRON			{Augustus_model.g4765.t1;Augustus},{GlimmerHMM_glimmerT_5730-T1;GlimmerHMM},{GeneMark_model.6149_t;GeneMark}
18449	18494	internal+	2	2	{Augustus_model.g4765.t1;Augustus},{GlimmerHMM_glimmerT_5730-T1;GlimmerHMM},{GeneMark_model.6149_t;GeneMark}
18495	18576	INTRON			{Augustus_model.g4765.t1;Augustus},{GlimmerHMM_glimmerT_5730-T1;GlimmerHMM},{GeneMark_model.6149_t;GeneMark}
18577	18610	internal+	3	3	{Augustus_model.g4765.t1;Augustus},{GlimmerHMM_glimmerT_5730-T1;GlimmerHMM},{GeneMark_model.6149_t;GeneMark}
18611	18691	INTRON			{Augustus_model.g4765.t1;Augustus},{GlimmerHMM_glimmerT_5730-T1;GlimmerHMM},{GeneMark_model.6149_t;GeneMark}
18692	18774	internal+	1	2	{Augustus_model.g4765.t1;Augustus},{GeneMark_model.6149_t;GeneMark}
18775	18845	INTRON			{Augustus_model.g4765.t1;Augustus},{GeneMark_model.6149_t;GeneMark}
18846	18921	internal+	3	3	{Augustus_model.g4765.t1;Augustus},{GeneMark_model.6149_t;GeneMark}
18922	18995	INTRON			{Augustus_model.g4765.t1;Augustus},{GeneMark_model.6149_t;GeneMark},{snap_scaffold_16-snap.77-T1;snap},{GlimmerHMM_glimmerT_5731-T1;GlimmerHMM}
18996	19178	internal+	1	3	{Augustus_model.g4765.t1;Augustus},{GeneMark_model.6149_t;GeneMark},{GlimmerHMM_glimmerT_5731-T1;GlimmerHMM}
19179	19276	INTRON			{Augustus_model.g4765.t1;Augustus},{GeneMark_model.6149_t;GeneMark},{GlimmerHMM_glimmerT_5731-T1;GlimmerHMM}
19277	19393	internal+	1	3	{Augustus_model.g4765.t1;Augustus},{GeneMark_model.6149_t;GeneMark},{GlimmerHMM_glimmerT_5731-T1;GlimmerHMM}
19394	19473	INTRON			{Augustus_model.g4765.t1;Augustus},{GeneMark_model.6149_t;GeneMark}
19474	19488	terminal+	1	3	{Augustus_model.g4765.t1;Augustus},{GeneMark_model.6149_t;GeneMark}

# EVM prediction: Mode:STANDARD S-ratio: 10000.00 19814-21607 orient(-) score(7176.00) noncoding_equivalent(0.72) raw_noncoding(0.00) offset(0.00) 
21607	19814	single-	4	6	{Augustus_model.g4766.t1;Augustus},{GeneMark_model.6150_t;GeneMark},{GlimmerHMM_glimmerT_5732-T1;GlimmerHMM}

# EVM prediction: Mode:STANDARD S-ratio: 2.35 21752-25276 orient(+) score(10762.00) noncoding_equivalent(4574.93) raw_noncoding(5359.00) offset(784.07) 
21752	22155	initial+	1	2	{GlimmerHMM_glimmerT_5733-T1;GlimmerHMM},{GeneMark_model.6151_t;GeneMark},{Augustus_model.g4767.t1;Augustus}
22156	22222	INTRON			{GlimmerHMM_glimmerT_5733-T1;GlimmerHMM},{GeneMark_model.6151_t;GeneMark},{Augustus_model.g4767.t1;Augustus}
22223	22914	internal+	3	1	{GlimmerHMM_glimmerT_5733-T1;GlimmerHMM},{GeneMark_model.6151_t;GeneMark},{Augustus_model.g4767.t1;Augustus}
22915	22981	INTRON			{GlimmerHMM_glimmerT_5733-T1;GlimmerHMM},{GeneMark_model.6151_t;GeneMark},{Augustus_model.g4767.t1;Augustus}
22982	23522	internal+	2	2	{GlimmerHMM_glimmerT_5733-T1;GlimmerHMM},{GeneMark_model.6151_t;GeneMark}
23523	23599	INTRON			{GlimmerHMM_glimmerT_5733-T1;GlimmerHMM},{GeneMark_model.6151_t;GeneMark},{Augustus_model.g4767.t1;Augustus}
23600	23800	internal+	3	2	{GlimmerHMM_glimmerT_5733-T1;GlimmerHMM},{GeneMark_model.6151_t;GeneMark},{Augustus_model.g4767.t1;Augustus}
23801	23866	INTRON			{GlimmerHMM_glimmerT_5733-T1;GlimmerHMM},{GeneMark_model.6151_t;GeneMark},{Augustus_model.g4767.t1;Augustus}
23867	23955	internal+	3	1	{GlimmerHMM_glimmerT_5733-T1;GlimmerHMM},{GeneMark_model.6151_t;GeneMark},{Augustus_model.g4767.t1;Augustus}
23956	24054	INTRON			{GlimmerHMM_glimmerT_5733-T1;GlimmerHMM},{GeneMark_model.6151_t;GeneMark},{Augustus_model.g4767.t1;Augustus}
24055	24237	internal+	2	1	{GlimmerHMM_glimmerT_5733-T1;GlimmerHMM},{GeneMark_model.6151_t;GeneMark},{Augustus_model.g4767.t1;Augustus}
24238	24303	INTRON			{GlimmerHMM_glimmerT_5733-T1;GlimmerHMM},{GeneMark_model.6151_t;GeneMark},{Augustus_model.g4767.t1;Augustus}
24304	24378	internal+	2	1	{GlimmerHMM_glimmerT_5733-T1;GlimmerHMM},{GeneMark_model.6151_t;GeneMark},{Augustus_model.g4767.t1;Augustus}
24379	24446	INTRON			{GlimmerHMM_glimmerT_5733-T1;GlimmerHMM},{GeneMark_model.6151_t;GeneMark},{Augustus_model.g4767.t1;Augustus}
24447	24460	internal+	2	3	{GlimmerHMM_glimmerT_5733-T1;GlimmerHMM},{GeneMark_model.6151_t;GeneMark},{Augustus_model.g4767.t1;Augustus}
24461	24531	INTRON			{GlimmerHMM_glimmerT_5733-T1;GlimmerHMM},{GeneMark_model.6151_t;GeneMark},{Augustus_model.g4767.t1;Augustus}
24532	24667	internal+	1	1	{GlimmerHMM_glimmerT_5733-T1;GlimmerHMM},{GeneMark_model.6151_t;GeneMark},{Augustus_model.g4767.t1;Augustus}
24668	24726	INTRON			{GlimmerHMM_glimmerT_5733-T1;GlimmerHMM},{GeneMark_model.6151_t;GeneMark},{Augustus_model.g4767.t1;Augustus}
24727	25059	internal+	2	1	{GlimmerHMM_glimmerT_5733-T1;GlimmerHMM},{GeneMark_model.6151_t;GeneMark},{Augustus_model.g4767.t1;Augustus}
25060	25133	INTRON			{GeneMark_model.6151_t;GeneMark},{Augustus_model.g4767.t1;Augustus}
25134	25276	terminal+	2	3	{GeneMark_model.6151_t;GeneMark},{Augustus_model.g4767.t1;Augustus}

# EVM prediction: Mode:STANDARD S-ratio: 3.09 25589-27525 orient(+) score(6327.00) noncoding_equivalent(2048.99) raw_noncoding(2408.00) offset(359.01) 
25589	26143	initial+	1	3	{GeneMark_model.6152_t;GeneMark},{GlimmerHMM_glimmerT_5734-T1;GlimmerHMM},{Augustus_model.g4768.t1;Augustus}
26144	26211	INTRON			{GeneMark_model.6152_t;GeneMark},{Augustus_model.g4768.t1;Augustus}
26212	26265	internal+	1	3	{GeneMark_model.6152_t;GeneMark},{Augustus_model.g4768.t1;Augustus}
26266	26345	INTRON			{GeneMark_model.6152_t;GeneMark},{Augustus_model.g4768.t1;Augustus}
26346	26527	internal+	1	2	{GeneMark_model.6152_t;GeneMark},{GlimmerHMM_glimmerT_5734-T1;GlimmerHMM},{Augustus_model.g4768.t1;Augustus}
26528	26592	INTRON			{GeneMark_model.6152_t;GeneMark},{snap_scaffold_16-snap.81-T1;snap},{GlimmerHMM_glimmerT_5734-T1;GlimmerHMM},{Augustus_model.g4768.t1;Augustus}
26593	26687	internal+	3	1	{GeneMark_model.6152_t;GeneMark},{GlimmerHMM_glimmerT_5734-T1;GlimmerHMM},{Augustus_model.g4768.t1;Augustus}
26688	26752	INTRON			{GeneMark_model.6152_t;GeneMark},{GlimmerHMM_glimmerT_5734-T1;GlimmerHMM},{Augustus_model.g4768.t1;Augustus}
26753	26928	internal+	2	3	{GeneMark_model.6152_t;GeneMark},{GlimmerHMM_glimmerT_5734-T1;GlimmerHMM},{Augustus_model.g4768.t1;Augustus}
26929	26991	INTRON			{GeneMark_model.6152_t;GeneMark},{GlimmerHMM_glimmerT_5734-T1;GlimmerHMM},{Augustus_model.g4768.t1;Augustus}
26992	27296	internal+	1	2	{GeneMark_model.6152_t;GeneMark},{GlimmerHMM_glimmerT_5734-T1;GlimmerHMM},{Augustus_model.g4768.t1;Augustus}
27297	27365	INTRON			{GeneMark_model.6152_t;GeneMark},{GlimmerHMM_glimmerT_5734-T1;GlimmerHMM},{Augustus_model.g4768.t1;Augustus}
27366	27525	terminal+	3	3	{GeneMark_model.6152_t;GeneMark},{GlimmerHMM_glimmerT_5734-T1;GlimmerHMM},{Augustus_model.g4768.t1;Augustus}

# EVM prediction: Mode:STANDARD S-ratio: 2.15 27998-32611 orient(+) score(14084.00) noncoding_equivalent(6546.81) raw_noncoding(8073.00) offset(1526.19) 
27998	28181	initial+	1	1	{GeneMark_model.6153_t;GeneMark},{Augustus_model.g4769.t1;Augustus},{GlimmerHMM_glimmerT_5735-T1;GlimmerHMM}
28182	28238	INTRON			{GeneMark_model.6153_t;GeneMark},{Augustus_model.g4769.t1;Augustus},{GlimmerHMM_glimmerT_5735-T1;GlimmerHMM}
28239	28358	internal+	2	1	{GeneMark_model.6153_t;GeneMark},{Augustus_model.g4769.t1;Augustus},{GlimmerHMM_glimmerT_5735-T1;GlimmerHMM}
28359	28420	INTRON			{GeneMark_model.6153_t;GeneMark},{Augustus_model.g4769.t1;Augustus},{GlimmerHMM_glimmerT_5735-T1;GlimmerHMM}
28421	28662	internal+	2	3	{GeneMark_model.6153_t;GeneMark},{Augustus_model.g4769.t1;Augustus},{GlimmerHMM_glimmerT_5735-T1;GlimmerHMM}
28663	28728	INTRON			{GeneMark_model.6153_t;GeneMark},{Augustus_model.g4769.t1;Augustus},{GlimmerHMM_glimmerT_5735-T1;GlimmerHMM}
28729	28779	internal+	1	3	{GeneMark_model.6153_t;GeneMark},{Augustus_model.g4769.t1;Augustus},{GlimmerHMM_glimmerT_5735-T1;GlimmerHMM}
28780	28846	INTRON			{GeneMark_model.6153_t;GeneMark},{Augustus_model.g4769.t1;Augustus},{GlimmerHMM_glimmerT_5735-T1;GlimmerHMM}
28847	28857	internal+	1	2	{GeneMark_model.6153_t;GeneMark},{Augustus_model.g4769.t1;Augustus},{GlimmerHMM_glimmerT_5735-T1;GlimmerHMM}
28858	28925	INTRON			{GeneMark_model.6153_t;GeneMark},{Augustus_model.g4769.t1;Augustus},{GlimmerHMM_glimmerT_5735-T1;GlimmerHMM}
28926	28987	internal+	3	1	{GeneMark_model.6153_t;GeneMark},{Augustus_model.g4769.t1;Augustus}
28988	29050	INTRON			{GeneMark_model.6153_t;GeneMark},{Augustus_model.g4769.t1;Augustus}
29051	29220	internal+	2	3	{Augustus_model.g4769.t1;Augustus}
29221	29264	INTRON			{Augustus_model.g4769.t1;Augustus}
29265	29423	internal+	1	3	{GeneMark_model.6153_t;GeneMark},{Augustus_model.g4769.t1;Augustus}
29424	29493	INTRON			{GeneMark_model.6153_t;GeneMark},{Augustus_model.g4769.t1;Augustus},{GlimmerHMM_glimmerT_5735-T1;GlimmerHMM}
29494	29598	internal+	1	3	{GeneMark_model.6153_t;GeneMark},{Augustus_model.g4769.t1;Augustus},{GlimmerHMM_glimmerT_5735-T1;GlimmerHMM}
29599	29668	INTRON			{GeneMark_model.6153_t;GeneMark},{Augustus_model.g4769.t1;Augustus},{GlimmerHMM_glimmerT_5735-T1;GlimmerHMM}
29669	29813	internal+	1	1	{GeneMark_model.6153_t;GeneMark},{Augustus_model.g4769.t1;Augustus},{GlimmerHMM_glimmerT_5735-T1;GlimmerHMM}
29814	29878	INTRON			{GeneMark_model.6153_t;GeneMark},{Augustus_model.g4769.t1;Augustus},{GlimmerHMM_glimmerT_5735-T1;GlimmerHMM}
29879	29959	internal+	2	1	{GeneMark_model.6153_t;GeneMark},{Augustus_model.g4769.t1;Augustus},{GlimmerHMM_glimmerT_5735-T1;GlimmerHMM}
29960	30025	INTRON			{GeneMark_model.6153_t;GeneMark},{Augustus_model.g4769.t1;Augustus},{GlimmerHMM_glimmerT_5735-T1;GlimmerHMM}
30026	30078	internal+	2	3	{GeneMark_model.6153_t;GeneMark},{Augustus_model.g4769.t1;Augustus},{GlimmerHMM_glimmerT_5735-T1;GlimmerHMM}
30079	30140	INTRON			{GeneMark_model.6153_t;GeneMark},{Augustus_model.g4769.t1;Augustus},{GlimmerHMM_glimmerT_5735-T1;GlimmerHMM}
30141	30247	internal+	1	2	{GeneMark_model.6153_t;GeneMark},{Augustus_model.g4769.t1;Augustus},{GlimmerHMM_glimmerT_5735-T1;GlimmerHMM}
30248	30314	INTRON			{GeneMark_model.6153_t;GeneMark},{Augustus_model.g4769.t1;Augustus},{GlimmerHMM_glimmerT_5735-T1;GlimmerHMM}
30315	30507	internal+	3	3	{GeneMark_model.6153_t;GeneMark},{Augustus_model.g4769.t1;Augustus},{GlimmerHMM_glimmerT_5735-T1;GlimmerHMM}
30508	30569	INTRON			{GeneMark_model.6153_t;GeneMark},{Augustus_model.g4769.t1;Augustus},{GlimmerHMM_glimmerT_5735-T1;GlimmerHMM}
30570	30811	internal+	1	2	{GeneMark_model.6153_t;GeneMark},{Augustus_model.g4769.t1;Augustus},{GlimmerHMM_glimmerT_5735-T1;GlimmerHMM}
30812	30873	INTRON			{GeneMark_model.6153_t;GeneMark},{Augustus_model.g4769.t1;Augustus}
30874	30952	internal+	3	3	{GeneMark_model.6153_t;GeneMark},{Augustus_model.g4769.t1;Augustus}
30953	31016	INTRON			{GeneMark_model.6153_t;GeneMark},{Augustus_model.g4769.t1;Augustus},{GlimmerHMM_glimmerT_5735-T1;GlimmerHMM}
31017	31091	internal+	1	3	{GeneMark_model.6153_t;GeneMark},{Augustus_model.g4769.t1;Augustus},{GlimmerHMM_glimmerT_5735-T1;GlimmerHMM}
31092	31158	INTRON			{GeneMark_model.6153_t;GeneMark},{Augustus_model.g4769.t1;Augustus},{GlimmerHMM_glimmerT_5735-T1;GlimmerHMM}
31159	31305	internal+	1	3	{GeneMark_model.6153_t;GeneMark},{Augustus_model.g4769.t1;Augustus}
31306	31362	INTRON			{GeneMark_model.6153_t;GeneMark},{Augustus_model.g4769.t1;Augustus}
31363	31446	internal+	1	3	{GeneMark_model.6153_t;GeneMark},{Augustus_model.g4769.t1;Augustus}
31447	31507	INTRON			{GeneMark_model.6153_t;GeneMark},{Augustus_model.g4769.t1;Augustus},{GlimmerHMM_glimmerT_5735-T1;GlimmerHMM}
31508	31780	internal+	1	3	{GeneMark_model.6153_t;GeneMark},{Augustus_model.g4769.t1;Augustus},{GlimmerHMM_glimmerT_5735-T1;GlimmerHMM}
31781	31845	INTRON			{GeneMark_model.6153_t;GeneMark},{Augustus_model.g4769.t1;Augustus},{GlimmerHMM_glimmerT_5735-T1;GlimmerHMM}
31846	31943	internal+	1	2	{GeneMark_model.6153_t;GeneMark},{Augustus_model.g4769.t1;Augustus},{GlimmerHMM_glimmerT_5735-T1;GlimmerHMM}
31944	32014	INTRON			{GeneMark_model.6153_t;GeneMark},{Augustus_model.g4769.t1;Augustus},{GlimmerHMM_glimmerT_5735-T1;GlimmerHMM}
32015	32192	internal+	3	3	{GeneMark_model.6153_t;GeneMark},{Augustus_model.g4769.t1;Augustus},{GlimmerHMM_glimmerT_5735-T1;GlimmerHMM}
32193	32254	INTRON			{GeneMark_model.6153_t;GeneMark},{Augustus_model.g4769.t1;Augustus},{GlimmerHMM_glimmerT_5735-T1;GlimmerHMM}
32255	32611	terminal+	1	3	{GeneMark_model.6153_t;GeneMark},{Augustus_model.g4769.t1;Augustus},{snap_scaffold_16-snap.83-T1;snap},{GlimmerHMM_glimmerT_5735-T1;GlimmerHMM}

# EVM prediction: Mode:STANDARD S-ratio: 2.38 33030-34337 orient(-) score(3880.00) noncoding_equivalent(1632.89) raw_noncoding(2154.00) offset(521.11) 
33391	33030	terminal-	5	6	{GeneMark_model.6154_t;GeneMark},{GlimmerHMM_glimmerT_5736-T1;GlimmerHMM},{Augustus_model.g4770.t1;Augustus},{snap_scaffold_16-snap.84-T1;snap}
33462	33392	INTRON			{GeneMark_model.6154_t;GeneMark},{GlimmerHMM_glimmerT_5736-T1;GlimmerHMM},{Augustus_model.g4770.t1;Augustus}
33509	33463	internal-	6	4	{GeneMark_model.6154_t;GeneMark},{GlimmerHMM_glimmerT_5736-T1;GlimmerHMM},{Augustus_model.g4770.t1;Augustus}
33569	33510	INTRON			{GeneMark_model.6154_t;GeneMark},{Augustus_model.g4770.t1;Augustus}
33617	33570	internal-	6	5	{GeneMark_model.6154_t;GeneMark},{Augustus_model.g4770.t1;Augustus}
33686	33618	INTRON			{GeneMark_model.6154_t;GeneMark},{Augustus_model.g4770.t1;Augustus}
33802	33687	internal-	4	5	{GeneMark_model.6154_t;GeneMark},{Augustus_model.g4770.t1;Augustus}
33857	33803	INTRON			{GeneMark_model.6154_t;GeneMark},{Augustus_model.g4770.t1;Augustus}
34019	33858	internal-	4	6	{GeneMark_model.6154_t;GeneMark},{Augustus_model.g4770.t1;Augustus}
34094	34020	INTRON			{GeneMark_model.6154_t;GeneMark},{GlimmerHMM_glimmerT_5736-T1;GlimmerHMM},{Augustus_model.g4770.t1;Augustus}
34337	34095	initial-	4	6	{GeneMark_model.6154_t;GeneMark},{GlimmerHMM_glimmerT_5736-T1;GlimmerHMM},{Augustus_model.g4770.t1;Augustus}

# EVM prediction: Mode:STANDARD S-ratio: 4.74 34567-37102 orient(+) score(8958.00) noncoding_equivalent(1889.77) raw_noncoding(2488.00) offset(598.23) 
34567	34576	initial+	1	1	{Augustus_model.g4771.t1;Augustus}
34577	34734	INTRON			{GeneMark_model.6155_t;GeneMark},{GlimmerHMM_glimmerT_5737-T1;GlimmerHMM}
34735	34919	internal+	2	3	{GeneMark_model.6155_t;GeneMark},{GlimmerHMM_glimmerT_5737-T1;GlimmerHMM}
34920	35007	INTRON			{GeneMark_model.6155_t;GeneMark},{Augustus_model.g4771.t1;Augustus},{GlimmerHMM_glimmerT_5737-T1;GlimmerHMM}
35008	35442	internal+	1	3	{GeneMark_model.6155_t;GeneMark},{Augustus_model.g4771.t1;Augustus},{GlimmerHMM_glimmerT_5737-T1;GlimmerHMM}
35443	35514	INTRON			{GeneMark_model.6155_t;GeneMark},{Augustus_model.g4771.t1;Augustus},{GlimmerHMM_glimmerT_5737-T1;GlimmerHMM}
35515	35611	internal+	1	1	{GeneMark_model.6155_t;GeneMark},{Augustus_model.g4771.t1;Augustus},{GlimmerHMM_glimmerT_5737-T1;GlimmerHMM}
35612	35675	INTRON			{GeneMark_model.6155_t;GeneMark},{Augustus_model.g4771.t1;Augustus},{GlimmerHMM_glimmerT_5737-T1;GlimmerHMM}
35676	35770	internal+	2	3	{GeneMark_model.6155_t;GeneMark},{Augustus_model.g4771.t1;Augustus},{GlimmerHMM_glimmerT_5737-T1;GlimmerHMM}
35771	35842	INTRON			{GeneMark_model.6155_t;GeneMark},{Augustus_model.g4771.t1;Augustus},{GlimmerHMM_glimmerT_5737-T1;GlimmerHMM}
35843	36158	internal+	1	1	{GeneMark_model.6155_t;GeneMark},{Augustus_model.g4771.t1;Augustus},{GlimmerHMM_glimmerT_5737-T1;GlimmerHMM}
36159	36227	INTRON			{GeneMark_model.6155_t;GeneMark},{Augustus_model.g4771.t1;Augustus},{GlimmerHMM_glimmerT_5737-T1;GlimmerHMM}
36228	37102	terminal+	2	3	{GeneMark_model.6155_t;GeneMark},{Augustus_model.g4771.t1;Augustus},{GlimmerHMM_glimmerT_5737-T1;GlimmerHMM}

# EVM prediction: Mode:STANDARD S-ratio: 2.99 37646-43744 orient(+) score(19174.00) noncoding_equivalent(6419.51) raw_noncoding(7657.41) offset(1237.91) 
37646	37690	initial+	1	3	{GeneMark_model.6156_t;GeneMark},{Augustus_model.g4772.t1;Augustus}
37691	37999	INTRON			{GeneMark_model.6156_t;GeneMark},{Augustus_model.g4772.t1;Augustus},{snap_scaffold_16-snap.87-T1;snap}
38000	38690	internal+	1	1	{GeneMark_model.6156_t;GeneMark},{Augustus_model.g4772.t1;Augustus}
38691	38757	INTRON			{GeneMark_model.6156_t;GeneMark},{Augustus_model.g4772.t1;Augustus}
38758	39317	internal+	2	3	{GeneMark_model.6156_t;GeneMark},{Augustus_model.g4772.t1;Augustus}
39318	39378	INTRON			{GeneMark_model.6156_t;GeneMark},{Augustus_model.g4772.t1;Augustus},{GlimmerHMM_glimmerT_5738-T1;GlimmerHMM}
39379	39811	internal+	1	1	{GeneMark_model.6156_t;GeneMark},{Augustus_model.g4772.t1;Augustus},{GlimmerHMM_glimmerT_5738-T1;GlimmerHMM}
39812	39871	INTRON			{GeneMark_model.6156_t;GeneMark},{Augustus_model.g4772.t1;Augustus},{GlimmerHMM_glimmerT_5738-T1;GlimmerHMM}
39872	40004	internal+	2	2	{GeneMark_model.6156_t;GeneMark},{Augustus_model.g4772.t1;Augustus}
40005	40073	INTRON			{GeneMark_model.6156_t;GeneMark}
40074	40211	internal+	3	2	{GeneMark_model.6156_t;GeneMark}
40212	40273	INTRON			{GeneMark_model.6156_t;GeneMark},{Augustus_model.g4772.t1;Augustus}
40274	40567	internal+	3	2	{GeneMark_model.6156_t;GeneMark},{Augustus_model.g4772.t1;Augustus},{GlimmerHMM_glimmerT_5738-T1;GlimmerHMM}
40568	40629	INTRON			{GeneMark_model.6156_t;GeneMark},{Augustus_model.g4772.t1;Augustus},{GlimmerHMM_glimmerT_5738-T1;GlimmerHMM}
40630	40743	internal+	3	2	{GeneMark_model.6156_t;GeneMark},{Augustus_model.g4772.t1;Augustus},{GlimmerHMM_glimmerT_5738-T1;GlimmerHMM}
40744	40805	INTRON			{GeneMark_model.6156_t;GeneMark},{Augustus_model.g4772.t1;Augustus},{GlimmerHMM_glimmerT_5738-T1;GlimmerHMM}
40806	41015	internal+	3	2	{GeneMark_model.6156_t;GeneMark},{Augustus_model.g4772.t1;Augustus}
41016	41072	INTRON			{GeneMark_model.6156_t;GeneMark},{Augustus_model.g4772.t1;Augustus}
41073	42182	internal+	3	2	{GeneMark_model.6156_t;GeneMark},{GlimmerHMM_glimmerT_5738-T1;GlimmerHMM}
42183	42247	INTRON			{GeneMark_model.6156_t;GeneMark},{Augustus_model.g4772.t1;Augustus},{GlimmerHMM_glimmerT_5738-T1;GlimmerHMM}
42248	42398	internal+	3	3	{GeneMark_model.6156_t;GeneMark},{Augustus_model.g4772.t1;Augustus},{GlimmerHMM_glimmerT_5738-T1;GlimmerHMM}
42399	42463	INTRON			{GeneMark_model.6156_t;GeneMark},{Augustus_model.g4772.t1;Augustus},{GlimmerHMM_glimmerT_5738-T1;GlimmerHMM}
42464	43744	terminal+	1	3	{GeneMark_model.6156_t;GeneMark},{Augustus_model.g4772.t1;Augustus},{GlimmerHMM_glimmerT_5738-T1;GlimmerHMM}

# EVM prediction: Mode:STANDARD S-ratio: 183.79 45452-48490 orient(+) score(11975.00) noncoding_equivalent(65.15) raw_noncoding(179.19) offset(114.03) 
45452	45457	initial+	1	3	{snap_scaffold_16-snap.89-T1;snap}
45458	45514	INTRON			{snap_scaffold_16-snap.89-T1;snap}
45515	48490	terminal+	1	3	{GeneMark_model.6157_t;GeneMark},{GlimmerHMM_glimmerT_5739-T1;GlimmerHMM},{snap_scaffold_16-snap.89-T1;snap}

# EVM prediction: Mode:STANDARD S-ratio: 7.64 49030-50395 orient(+) score(10234.00) noncoding_equivalent(1340.00) raw_noncoding(1693.00) offset(353.00) 
49030	49123	initial+	1	1	{GeneMark_model.6158_t;GeneMark},{Augustus_model.g4774.t1;Augustus},{GlimmerHMM_glimmerT_5740-T1;GlimmerHMM}
49124	49190	INTRON			{GeneMark_model.6158_t;GeneMark},{Augustus_model.g4774.t1;Augustus},{GlimmerHMM_glimmerT_5740-T1;GlimmerHMM},{ev_type:exonerate/ID=match.2566964.4304/Target=lcl|KQ954473_1_prot_KWU45215_1_2377;exonerate},{ev_type:exonerate/ID=match.2566964.4302/Target=lcl|PJQD01000020_1_prot_POY75027_1_2047;exonerate},{ev_type:exonerate/ID=match.2566964.4299/Target=lcl|LCTV02000015_1_prot_PRQ70429_1_2810;exonerate},{ev_type:exonerate/ID=match.2566964.4305/Target=lcl|NW_017264939_1_prot_XP_018269124_1_5648;exonerate}
49191	49318	internal+	2	3	{GeneMark_model.6158_t;GeneMark},{Augustus_model.g4774.t1;Augustus},{GlimmerHMM_glimmerT_5740-T1;GlimmerHMM},{ev_type:exonerate/ID=match.2566964.4304/Target=lcl|KQ954473_1_prot_KWU45215_1_2377;exonerate},{ev_type:exonerate/ID=match.2566964.4302/Target=lcl|PJQD01000020_1_prot_POY75027_1_2047;exonerate},{ev_type:exonerate/ID=match.2566964.4299/Target=lcl|LCTV02000015_1_prot_PRQ70429_1_2810;exonerate},{ev_type:exonerate/ID=match.2566964.4305/Target=lcl|NW_017264939_1_prot_XP_018269124_1_5648;exonerate}
49319	49479	INTRON			{GeneMark_model.6158_t;GeneMark},{Augustus_model.g4774.t1;Augustus},{GlimmerHMM_glimmerT_5740-T1;GlimmerHMM},{ev_type:exonerate/ID=match.2566964.4304/Target=lcl|KQ954473_1_prot_KWU45215_1_2377;exonerate},{ev_type:exonerate/ID=match.2566964.4302/Target=lcl|PJQD01000020_1_prot_POY75027_1_2047;exonerate},{ev_type:exonerate/ID=match.2566964.4299/Target=lcl|LCTV02000015_1_prot_PRQ70429_1_2810;exonerate},{ev_type:exonerate/ID=match.2566964.4305/Target=lcl|NW_017264939_1_prot_XP_018269124_1_5648;exonerate}
49480	49599	internal+	1	3	{GeneMark_model.6158_t;GeneMark},{Augustus_model.g4774.t1;Augustus},{GlimmerHMM_glimmerT_5740-T1;GlimmerHMM},{ev_type:exonerate/ID=match.2566964.4304/Target=lcl|KQ954473_1_prot_KWU45215_1_2377;exonerate},{ev_type:exonerate/ID=match.2566964.4302/Target=lcl|PJQD01000020_1_prot_POY75027_1_2047;exonerate},{ev_type:exonerate/ID=match.2566964.4299/Target=lcl|LCTV02000015_1_prot_PRQ70429_1_2810;exonerate},{ev_type:exonerate/ID=match.2566964.4305/Target=lcl|NW_017264939_1_prot_XP_018269124_1_5648;exonerate}
49600	49711	INTRON			{GeneMark_model.6158_t;GeneMark},{Augustus_model.g4774.t1;Augustus},{GlimmerHMM_glimmerT_5740-T1;GlimmerHMM},{ev_type:exonerate/ID=match.2566964.4304/Target=lcl|KQ954473_1_prot_KWU45215_1_2377;exonerate},{ev_type:exonerate/ID=match.2566964.4302/Target=lcl|PJQD01000020_1_prot_POY75027_1_2047;exonerate},{ev_type:exonerate/ID=match.2566964.4299/Target=lcl|LCTV02000015_1_prot_PRQ70429_1_2810;exonerate},{ev_type:exonerate/ID=match.2566964.4305/Target=lcl|NW_017264939_1_prot_XP_018269124_1_5648;exonerate}
49712	50395	terminal+	1	3	{GeneMark_model.6158_t;GeneMark},{snap_scaffold_16-snap.90-T1;snap},{Augustus_model.g4774.t1;Augustus},{GlimmerHMM_glimmerT_5740-T1;GlimmerHMM}

# EVM prediction: Mode:STANDARD S-ratio: 2.06 50564-51922 orient(-) score(3876.00) noncoding_equivalent(1882.00) raw_noncoding(2055.00) offset(173.00) 
50611	50564	terminal-	4	6	{GlimmerHMM_glimmerT_5741-T1;GlimmerHMM},{Augustus_model.g4775.t1;Augustus},{GeneMark_model.6159_t;GeneMark}
50693	50612	INTRON			{GlimmerHMM_glimmerT_5741-T1;GlimmerHMM},{Augustus_model.g4775.t1;Augustus},{GeneMark_model.6159_t;GeneMark}
50832	50694	internal-	6	6	{GlimmerHMM_glimmerT_5741-T1;GlimmerHMM},{Augustus_model.g4775.t1;Augustus},{GeneMark_model.6159_t;GeneMark}
50915	50833	INTRON			{GlimmerHMM_glimmerT_5741-T1;GlimmerHMM},{Augustus_model.g4775.t1;Augustus},{GeneMark_model.6159_t;GeneMark}
51922	50916	initial-	4	5	{GlimmerHMM_glimmerT_5741-T1;GlimmerHMM},{GeneMark_model.6159_t;GeneMark}

# EVM prediction: Mode:STANDARD S-ratio: 1.92 52274-53193 orient(+) score(2418.00) noncoding_equivalent(1260.68) raw_noncoding(1500.03) offset(239.35) 
52274	52498	initial+	1	3	{GeneMark_model.6160_t;GeneMark},{Augustus_model.g4776.t1;Augustus},{GlimmerHMM_glimmerT_5742-T1;GlimmerHMM}
52499	52557	INTRON			{GeneMark_model.6160_t;GeneMark},{Augustus_model.g4776.t1;Augustus},{GlimmerHMM_glimmerT_5742-T1;GlimmerHMM}
52558	53022	internal+	1	3	{GeneMark_model.6160_t;GeneMark},{Augustus_model.g4776.t1;Augustus},{GlimmerHMM_glimmerT_5742-T1;GlimmerHMM}
53023	53082	INTRON			{GeneMark_model.6160_t;GeneMark}
53083	53193	terminal+	1	3	{GeneMark_model.6160_t;GeneMark}

# EVM prediction: Mode:STANDARD S-ratio: 3.32 53395-55762 orient(+) score(7406.00) noncoding_equivalent(2230.58) raw_noncoding(2935.76) offset(705.18) 
53395	53876	initial+	1	2	{GeneMark_model.6161_t;GeneMark}
53877	54128	INTRON			{GeneMark_model.6161_t;GeneMark},{Augustus_model.g4776.t1;Augustus}
54129	54182	internal+	3	2	{GeneMark_model.6161_t;GeneMark},{Augustus_model.g4776.t1;Augustus}
54183	54255	INTRON			{GeneMark_model.6161_t;GeneMark},{Augustus_model.g4776.t1;Augustus}
54256	55567	internal+	3	3	{GeneMark_model.6161_t;GeneMark},{Augustus_model.g4776.t1;Augustus},{GlimmerHMM_glimmerT_5742-T1;GlimmerHMM}
55568	55654	INTRON			{GeneMark_model.6161_t;GeneMark},{Augustus_model.g4776.t1;Augustus},{GlimmerHMM_glimmerT_5742-T1;GlimmerHMM}
55655	55762	terminal+	1	3	{GeneMark_model.6161_t;GeneMark},{Augustus_model.g4776.t1;Augustus},{GlimmerHMM_glimmerT_5742-T1;GlimmerHMM}

# EVM prediction: Mode:STANDARD S-ratio: 2.12 55931-57286 orient(-) score(4880.00) noncoding_equivalent(2300.38) raw_noncoding(3036.00) offset(735.62) 
56043	55931	terminal-	5	6	{GeneMark_model.6162_t;GeneMark},{GlimmerHMM_glimmerT_5743-T1;GlimmerHMM},{Augustus_model.g4777.t1;Augustus}
56155	56044	INTRON			{GeneMark_model.6162_t;GeneMark},{GlimmerHMM_glimmerT_5743-T1;GlimmerHMM},{Augustus_model.g4777.t1;Augustus},{ev_type:exonerate/ID=match.2566964.4415/Target=lcl|KQ954473_1_prot_KWU45209_1_2371;exonerate}
56292	56156	internal-	6	4	{GeneMark_model.6162_t;GeneMark},{GlimmerHMM_glimmerT_5743-T1;GlimmerHMM},{Augustus_model.g4777.t1;Augustus},{ev_type:exonerate/ID=match.2566964.4415/Target=lcl|KQ954473_1_prot_KWU45209_1_2371;exonerate}
56410	56293	INTRON			{GeneMark_model.6162_t;GeneMark},{GlimmerHMM_glimmerT_5743-T1;GlimmerHMM},{Augustus_model.g4777.t1;Augustus},{ev_type:exonerate/ID=match.2566964.4415/Target=lcl|KQ954473_1_prot_KWU45209_1_2371;exonerate}
56513	56411	internal-	5	5	{GeneMark_model.6162_t;GeneMark},{GlimmerHMM_glimmerT_5743-T1;GlimmerHMM},{Augustus_model.g4777.t1;Augustus},{ev_type:exonerate/ID=match.2566964.4415/Target=lcl|KQ954473_1_prot_KWU45209_1_2371;exonerate}
56616	56514	INTRON			{GeneMark_model.6162_t;GeneMark},{Augustus_model.g4777.t1;Augustus},{ev_type:exonerate/ID=match.2566964.4415/Target=lcl|KQ954473_1_prot_KWU45209_1_2371;exonerate}
56653	56617	internal-	4	4	{GeneMark_model.6162_t;GeneMark},{Augustus_model.g4777.t1;Augustus},{ev_type:exonerate/ID=match.2566964.4415/Target=lcl|KQ954473_1_prot_KWU45209_1_2371;exonerate}
56723	56654	INTRON			{GeneMark_model.6162_t;GeneMark},{Augustus_model.g4777.t1;Augustus},{ev_type:exonerate/ID=match.2566964.4415/Target=lcl|KQ954473_1_prot_KWU45209_1_2371;exonerate}
56825	56724	internal-	4	6	{GeneMark_model.6162_t;GeneMark},{Augustus_model.g4777.t1;Augustus},{ev_type:exonerate/ID=match.2566964.4415/Target=lcl|KQ954473_1_prot_KWU45209_1_2371;exonerate}
56909	56826	INTRON			{GeneMark_model.6162_t;GeneMark},{GlimmerHMM_glimmerT_5743-T1;GlimmerHMM},{Augustus_model.g4777.t1;Augustus},{ev_type:exonerate/ID=match.2566964.4415/Target=lcl|KQ954473_1_prot_KWU45209_1_2371;exonerate}
56955	56910	internal-	6	6	{GeneMark_model.6162_t;GeneMark},{GlimmerHMM_glimmerT_5743-T1;GlimmerHMM},{Augustus_model.g4777.t1;Augustus}
57017	56956	INTRON			{GeneMark_model.6162_t;GeneMark},{GlimmerHMM_glimmerT_5743-T1;GlimmerHMM},{Augustus_model.g4777.t1;Augustus}
57286	57018	initial-	4	5	{GeneMark_model.6162_t;GeneMark},{GlimmerHMM_glimmerT_5743-T1;GlimmerHMM},{Augustus_model.g4777.t1;Augustus}

# EVM prediction: Mode:STANDARD S-ratio: 11.36 57929-62813 orient(+) score(17957.00) noncoding_equivalent(1580.16) raw_noncoding(2102.20) offset(522.04) 
57929	58542	initial+	1	2	{GeneMark_model.6163_t;GeneMark},{Augustus_model.g4778.t1;Augustus}
58543	58610	INTRON			{GeneMark_model.6163_t;GeneMark},{Augustus_model.g4778.t1;Augustus},{GlimmerHMM_glimmerT_5744-T1;GlimmerHMM}
58611	59088	internal+	3	3	{GeneMark_model.6163_t;GeneMark},{Augustus_model.g4778.t1;Augustus},{GlimmerHMM_glimmerT_5744-T1;GlimmerHMM}
59089	59151	INTRON			{GeneMark_model.6163_t;GeneMark},{Augustus_model.g4778.t1;Augustus},{GlimmerHMM_glimmerT_5744-T1;GlimmerHMM}
59152	59752	internal+	1	1	{GeneMark_model.6163_t;GeneMark},{GlimmerHMM_glimmerT_5744-T1;GlimmerHMM}
59753	59815	INTRON			{GeneMark_model.6163_t;GeneMark}
59816	59875	internal+	2	1	{GeneMark_model.6163_t;GeneMark}
59876	59940	INTRON			{GeneMark_model.6163_t;GeneMark},{Augustus_model.g4778.t1;Augustus}
59941	62722	internal+	2	2	{GeneMark_model.6163_t;GeneMark},{Augustus_model.g4778.t1;Augustus},{GlimmerHMM_glimmerT_5744-T1;GlimmerHMM}
62723	62788	INTRON			{GeneMark_model.6163_t;GeneMark}
62789	62813	terminal+	3	3	{GeneMark_model.6163_t;GeneMark}

# EVM prediction: Mode:STANDARD S-ratio: 1.48 63098-63903 orient(+) score(2225.00) noncoding_equivalent(1503.58) raw_noncoding(2015.48) offset(511.90) 
63098	63156	initial+	1	2	{GeneMark_model.6164_t;GeneMark}
63157	63217	INTRON			{Augustus_model.g4778.t1;Augustus}
63218	63326	internal+	3	3	{Augustus_model.g4778.t1;Augustus},{GlimmerHMM_glimmerT_5744-T1;GlimmerHMM}
63327	63402	INTRON			{GeneMark_model.6164_t;GeneMark},{Augustus_model.g4778.t1;Augustus},{GlimmerHMM_glimmerT_5744-T1;GlimmerHMM}
63403	63495	internal+	1	3	{GeneMark_model.6164_t;GeneMark},{Augustus_model.g4778.t1;Augustus},{GlimmerHMM_glimmerT_5744-T1;GlimmerHMM}
63496	63628	INTRON			{GeneMark_model.6164_t;GeneMark},{Augustus_model.g4778.t1;Augustus},{GlimmerHMM_glimmerT_5744-T1;GlimmerHMM}
63629	63715	internal+	1	3	{GeneMark_model.6164_t;GeneMark},{Augustus_model.g4778.t1;Augustus},{GlimmerHMM_glimmerT_5744-T1;GlimmerHMM}
63716	63825	INTRON			{GeneMark_model.6164_t;GeneMark},{Augustus_model.g4778.t1;Augustus},{GlimmerHMM_glimmerT_5744-T1;GlimmerHMM}
63826	63903	terminal+	1	3	{GeneMark_model.6164_t;GeneMark},{Augustus_model.g4778.t1;Augustus},{GlimmerHMM_glimmerT_5744-T1;GlimmerHMM}

# EVM prediction: Mode:STANDARD S-ratio: 4.63 64109-66294 orient(-) score(7860.00) noncoding_equivalent(1696.53) raw_noncoding(2084.00) offset(387.47) 
64216	64109	terminal-	4	6	{GeneMark_model.6165_t;GeneMark},{Augustus_model.g4779.t1;Augustus},{GlimmerHMM_glimmerT_5745-T1;GlimmerHMM}
64302	64217	INTRON			{GeneMark_model.6165_t;GeneMark},{Augustus_model.g4779.t1;Augustus},{GlimmerHMM_glimmerT_5745-T1;GlimmerHMM}
65614	64303	internal-	6	6	{GeneMark_model.6165_t;GeneMark},{Augustus_model.g4779.t1;Augustus},{GlimmerHMM_glimmerT_5745-T1;GlimmerHMM}
65687	65615	INTRON			{GeneMark_model.6165_t;GeneMark},{Augustus_model.g4779.t1;Augustus},{GlimmerHMM_glimmerT_5745-T1;GlimmerHMM}
65741	65688	internal-	6	5	{GeneMark_model.6165_t;GeneMark},{Augustus_model.g4779.t1;Augustus},{GlimmerHMM_glimmerT_5745-T1;GlimmerHMM}
65995	65742	INTRON			{GeneMark_model.6165_t;GeneMark},{Augustus_model.g4779.t1;Augustus},{GlimmerHMM_glimmerT_5745-T1;GlimmerHMM}
66294	65996	initial-	4	5	{GeneMark_model.6165_t;GeneMark},{Augustus_model.g4779.t1;Augustus},{GlimmerHMM_glimmerT_5745-T1;GlimmerHMM}

# EVM prediction: Mode:STANDARD S-ratio: 10.39 67286-71194 orient(+) score(33107.00) noncoding_equivalent(3186.44) raw_noncoding(3640.04) offset(453.60) 
67286	67481	initial+	1	1	{Augustus_model.g4780.t1;Augustus},{GeneMark_model.6166_t;GeneMark},{GlimmerHMM_glimmerT_5746-T1;GlimmerHMM}
67482	67605	INTRON			{Augustus_model.g4780.t1;Augustus},{GeneMark_model.6166_t;GeneMark},{GlimmerHMM_glimmerT_5746-T1;GlimmerHMM},{ev_type:exonerate/ID=match.2566964.4364/Target=lcl|KQ954473_1_prot_KWU45208_1_2370;exonerate},{ev_type:exonerate/ID=match.2566964.4363/Target=lcl|PJQD01000020_1_prot_POY75034_1_2054;exonerate},{ev_type:exonerate/ID=match.2566964.4367/Target=lcl|BJWK01000014_1_prot_GEM11204_1_5221;exonerate},{ev_type:exonerate/ID=match.2566964.4365/Target=lcl|NW_017264939_1_prot_XP_018269070_1_5594;exonerate},{ev_type:exonerate/ID=match.2566964.4366/Target=lcl|LCTV02000015_1_prot_PRQ70556_1_2937;exonerate}
67606	67783	internal+	2	2	{Augustus_model.g4780.t1;Augustus},{GeneMark_model.6166_t;GeneMark},{GlimmerHMM_glimmerT_5746-T1;GlimmerHMM},{ev_type:exonerate/ID=match.2566964.4364/Target=lcl|KQ954473_1_prot_KWU45208_1_2370;exonerate},{ev_type:exonerate/ID=match.2566964.4363/Target=lcl|PJQD01000020_1_prot_POY75034_1_2054;exonerate},{ev_type:exonerate/ID=match.2566964.4367/Target=lcl|BJWK01000014_1_prot_GEM11204_1_5221;exonerate},{ev_type:exonerate/ID=match.2566964.4365/Target=lcl|NW_017264939_1_prot_XP_018269070_1_5594;exonerate},{ev_type:exonerate/ID=match.2566964.4366/Target=lcl|LCTV02000015_1_prot_PRQ70556_1_2937;exonerate}
67784	67855	INTRON			{Augustus_model.g4780.t1;Augustus},{GeneMark_model.6166_t;GeneMark},{GlimmerHMM_glimmerT_5746-T1;GlimmerHMM},{ev_type:exonerate/ID=match.2566964.4364/Target=lcl|KQ954473_1_prot_KWU45208_1_2370;exonerate},{ev_type:exonerate/ID=match.2566964.4363/Target=lcl|PJQD01000020_1_prot_POY75034_1_2054;exonerate},{ev_type:exonerate/ID=match.2566964.4367/Target=lcl|BJWK01000014_1_prot_GEM11204_1_5221;exonerate},{ev_type:exonerate/ID=match.2566964.4365/Target=lcl|NW_017264939_1_prot_XP_018269070_1_5594;exonerate},{ev_type:exonerate/ID=match.2566964.4366/Target=lcl|LCTV02000015_1_prot_PRQ70556_1_2937;exonerate}
67856	68036	internal+	3	3	{Augustus_model.g4780.t1;Augustus},{GeneMark_model.6166_t;GeneMark},{GlimmerHMM_glimmerT_5746-T1;GlimmerHMM},{ev_type:exonerate/ID=match.2566964.4364/Target=lcl|KQ954473_1_prot_KWU45208_1_2370;exonerate},{ev_type:exonerate/ID=match.2566964.4363/Target=lcl|PJQD01000020_1_prot_POY75034_1_2054;exonerate},{ev_type:exonerate/ID=match.2566964.4367/Target=lcl|BJWK01000014_1_prot_GEM11204_1_5221;exonerate},{ev_type:exonerate/ID=match.2566964.4365/Target=lcl|NW_017264939_1_prot_XP_018269070_1_5594;exonerate},{ev_type:exonerate/ID=match.2566964.4366/Target=lcl|LCTV02000015_1_prot_PRQ70556_1_2937;exonerate}
68037	68096	INTRON			{Augustus_model.g4780.t1;Augustus},{GeneMark_model.6166_t;GeneMark},{GlimmerHMM_glimmerT_5746-T1;GlimmerHMM},{snap_scaffold_16-snap.97-T1;snap},{ev_type:exonerate/ID=match.2566964.4364/Target=lcl|KQ954473_1_prot_KWU45208_1_2370;exonerate},{ev_type:exonerate/ID=match.2566964.4363/Target=lcl|PJQD01000020_1_prot_POY75034_1_2054;exonerate},{ev_type:exonerate/ID=match.2566964.4367/Target=lcl|BJWK01000014_1_prot_GEM11204_1_5221;exonerate},{ev_type:exonerate/ID=match.2566964.4365/Target=lcl|NW_017264939_1_prot_XP_018269070_1_5594;exonerate},{ev_type:exonerate/ID=match.2566964.4366/Target=lcl|LCTV02000015_1_prot_PRQ70556_1_2937;exonerate}
68097	68738	internal+	1	3	{Augustus_model.g4780.t1;Augustus},{GeneMark_model.6166_t;GeneMark},{GlimmerHMM_glimmerT_5746-T1;GlimmerHMM},{ev_type:exonerate/ID=match.2566964.4364/Target=lcl|KQ954473_1_prot_KWU45208_1_2370;exonerate},{ev_type:exonerate/ID=match.2566964.4363/Target=lcl|PJQD01000020_1_prot_POY75034_1_2054;exonerate},{ev_type:exonerate/ID=match.2566964.4367/Target=lcl|BJWK01000014_1_prot_GEM11204_1_5221;exonerate},{ev_type:exonerate/ID=match.2566964.4365/Target=lcl|NW_017264939_1_prot_XP_018269070_1_5594;exonerate},{ev_type:exonerate/ID=match.2566964.4366/Target=lcl|LCTV02000015_1_prot_PRQ70556_1_2937;exonerate}
68739	68794	INTRON			{Augustus_model.g4780.t1;Augustus},{GeneMark_model.6166_t;GeneMark},{GlimmerHMM_glimmerT_5746-T1;GlimmerHMM},{ev_type:exonerate/ID=match.2566964.4364/Target=lcl|KQ954473_1_prot_KWU45208_1_2370;exonerate},{ev_type:exonerate/ID=match.2566964.4363/Target=lcl|PJQD01000020_1_prot_POY75034_1_2054;exonerate},{ev_type:exonerate/ID=match.2566964.4367/Target=lcl|BJWK01000014_1_prot_GEM11204_1_5221;exonerate},{ev_type:exonerate/ID=match.2566964.4365/Target=lcl|NW_017264939_1_prot_XP_018269070_1_5594;exonerate},{ev_type:exonerate/ID=match.2566964.4366/Target=lcl|LCTV02000015_1_prot_PRQ70556_1_2937;exonerate}
68795	70040	internal+	1	1	{Augustus_model.g4780.t1;Augustus},{GeneMark_model.6166_t;GeneMark},{GlimmerHMM_glimmerT_5746-T1;GlimmerHMM},{ev_type:exonerate/ID=match.2566964.4364/Target=lcl|KQ954473_1_prot_KWU45208_1_2370;exonerate},{ev_type:exonerate/ID=match.2566964.4363/Target=lcl|PJQD01000020_1_prot_POY75034_1_2054;exonerate},{ev_type:exonerate/ID=match.2566964.4367/Target=lcl|BJWK01000014_1_prot_GEM11204_1_5221;exonerate},{ev_type:exonerate/ID=match.2566964.4365/Target=lcl|NW_017264939_1_prot_XP_018269070_1_5594;exonerate},{ev_type:exonerate/ID=match.2566964.4366/Target=lcl|LCTV02000015_1_prot_PRQ70556_1_2937;exonerate}
70041	70115	INTRON			{Augustus_model.g4780.t1;Augustus},{GeneMark_model.6166_t;GeneMark},{GlimmerHMM_glimmerT_5746-T1;GlimmerHMM},{ev_type:exonerate/ID=match.2566964.4364/Target=lcl|KQ954473_1_prot_KWU45208_1_2370;exonerate},{ev_type:exonerate/ID=match.2566964.4363/Target=lcl|PJQD01000020_1_prot_POY75034_1_2054;exonerate},{ev_type:exonerate/ID=match.2566964.4367/Target=lcl|BJWK01000014_1_prot_GEM11204_1_5221;exonerate},{ev_type:exonerate/ID=match.2566964.4365/Target=lcl|NW_017264939_1_prot_XP_018269070_1_5594;exonerate},{ev_type:exonerate/ID=match.2566964.4366/Target=lcl|LCTV02000015_1_prot_PRQ70556_1_2937;exonerate}
70116	70232	internal+	2	1	{Augustus_model.g4780.t1;Augustus},{GeneMark_model.6166_t;GeneMark},{GlimmerHMM_glimmerT_5746-T1;GlimmerHMM},{ev_type:exonerate/ID=match.2566964.4364/Target=lcl|KQ954473_1_prot_KWU45208_1_2370;exonerate},{ev_type:exonerate/ID=match.2566964.4363/Target=lcl|PJQD01000020_1_prot_POY75034_1_2054;exonerate},{ev_type:exonerate/ID=match.2566964.4367/Target=lcl|BJWK01000014_1_prot_GEM11204_1_5221;exonerate},{ev_type:exonerate/ID=match.2566964.4365/Target=lcl|NW_017264939_1_prot_XP_018269070_1_5594;exonerate},{ev_type:exonerate/ID=match.2566964.4366/Target=lcl|LCTV02000015_1_prot_PRQ70556_1_2937;exonerate}
70233	70297	INTRON			{Augustus_model.g4780.t1;Augustus},{GeneMark_model.6166_t;GeneMark},{GlimmerHMM_glimmerT_5746-T1;GlimmerHMM},{ev_type:exonerate/ID=match.2566964.4364/Target=lcl|KQ954473_1_prot_KWU45208_1_2370;exonerate},{ev_type:exonerate/ID=match.2566964.4363/Target=lcl|PJQD01000020_1_prot_POY75034_1_2054;exonerate},{ev_type:exonerate/ID=match.2566964.4367/Target=lcl|BJWK01000014_1_prot_GEM11204_1_5221;exonerate},{ev_type:exonerate/ID=match.2566964.4365/Target=lcl|NW_017264939_1_prot_XP_018269070_1_5594;exonerate},{ev_type:exonerate/ID=match.2566964.4366/Target=lcl|LCTV02000015_1_prot_PRQ70556_1_2937;exonerate}
70298	70524	internal+	2	3	{Augustus_model.g4780.t1;Augustus},{GeneMark_model.6166_t;GeneMark},{GlimmerHMM_glimmerT_5746-T1;GlimmerHMM},{ev_type:exonerate/ID=match.2566964.4364/Target=lcl|KQ954473_1_prot_KWU45208_1_2370;exonerate},{ev_type:exonerate/ID=match.2566964.4363/Target=lcl|PJQD01000020_1_prot_POY75034_1_2054;exonerate},{ev_type:exonerate/ID=match.2566964.4367/Target=lcl|BJWK01000014_1_prot_GEM11204_1_5221;exonerate},{ev_type:exonerate/ID=match.2566964.4365/Target=lcl|NW_017264939_1_prot_XP_018269070_1_5594;exonerate},{ev_type:exonerate/ID=match.2566964.4366/Target=lcl|LCTV02000015_1_prot_PRQ70556_1_2937;exonerate}
70525	70590	INTRON			{Augustus_model.g4780.t1;Augustus},{GeneMark_model.6166_t;GeneMark},{GlimmerHMM_glimmerT_5746-T1;GlimmerHMM},{ev_type:exonerate/ID=match.2566964.4364/Target=lcl|KQ954473_1_prot_KWU45208_1_2370;exonerate},{ev_type:exonerate/ID=match.2566964.4363/Target=lcl|PJQD01000020_1_prot_POY75034_1_2054;exonerate},{ev_type:exonerate/ID=match.2566964.4367/Target=lcl|BJWK01000014_1_prot_GEM11204_1_5221;exonerate},{ev_type:exonerate/ID=match.2566964.4366/Target=lcl|LCTV02000015_1_prot_PRQ70556_1_2937;exonerate}
70591	70904	internal+	1	2	{Augustus_model.g4780.t1;Augustus},{GeneMark_model.6166_t;GeneMark},{GlimmerHMM_glimmerT_5746-T1;GlimmerHMM},{ev_type:exonerate/ID=match.2566964.4364/Target=lcl|KQ954473_1_prot_KWU45208_1_2370;exonerate},{ev_type:exonerate/ID=match.2566964.4363/Target=lcl|PJQD01000020_1_prot_POY75034_1_2054;exonerate},{ev_type:exonerate/ID=match.2566964.4367/Target=lcl|BJWK01000014_1_prot_GEM11204_1_5221;exonerate},{ev_type:exonerate/ID=match.2566964.4366/Target=lcl|LCTV02000015_1_prot_PRQ70556_1_2937;exonerate}
70905	70977	INTRON			{Augustus_model.g4780.t1;Augustus},{GeneMark_model.6166_t;GeneMark},{GlimmerHMM_glimmerT_5746-T1;GlimmerHMM},{ev_type:exonerate/ID=match.2566964.4364/Target=lcl|KQ954473_1_prot_KWU45208_1_2370;exonerate},{ev_type:exonerate/ID=match.2566964.4363/Target=lcl|PJQD01000020_1_prot_POY75034_1_2054;exonerate},{ev_type:exonerate/ID=match.2566964.4367/Target=lcl|BJWK01000014_1_prot_GEM11204_1_5221;exonerate},{ev_type:exonerate/ID=match.2566964.4365/Target=lcl|NW_017264939_1_prot_XP_018269070_1_5594;exonerate},{ev_type:exonerate/ID=match.2566964.4366/Target=lcl|LCTV02000015_1_prot_PRQ70556_1_2937;exonerate}
70978	71194	terminal+	3	3	{GeneMark_model.6166_t;GeneMark},{GlimmerHMM_glimmerT_5746-T1;GlimmerHMM}

# EVM prediction: Mode:STANDARD S-ratio: 6.23 71426-73066 orient(+) score(8920.00) noncoding_equivalent(1431.54) raw_noncoding(1674.54) offset(243.00) 
71426	72076	initial+	1	3	{GeneMark_model.6167_t;GeneMark},{GlimmerHMM_glimmerT_5747-T1;GlimmerHMM}
72077	72143	INTRON			{Augustus_model.g4780.t1;Augustus},{GeneMark_model.6167_t;GeneMark},{GlimmerHMM_glimmerT_5747-T1;GlimmerHMM},{ev_type:exonerate/ID=match.2566964.4384/Target=lcl|KQ954473_1_prot_KWU45207_1_2369;exonerate},{ev_type:exonerate/ID=match.2566964.4383/Target=lcl|PJQD01000020_1_prot_POY75035_1_2055;exonerate}
72144	72349	internal+	1	2	{Augustus_model.g4780.t1;Augustus},{GeneMark_model.6167_t;GeneMark},{GlimmerHMM_glimmerT_5747-T1;GlimmerHMM},{ev_type:exonerate/ID=match.2566964.4384/Target=lcl|KQ954473_1_prot_KWU45207_1_2369;exonerate},{ev_type:exonerate/ID=match.2566964.4383/Target=lcl|PJQD01000020_1_prot_POY75035_1_2055;exonerate}
72350	72410	INTRON			{Augustus_model.g4780.t1;Augustus},{GeneMark_model.6167_t;GeneMark},{GlimmerHMM_glimmerT_5747-T1;GlimmerHMM},{ev_type:exonerate/ID=match.2566964.4384/Target=lcl|KQ954473_1_prot_KWU45207_1_2369;exonerate},{ev_type:exonerate/ID=match.2566964.4383/Target=lcl|PJQD01000020_1_prot_POY75035_1_2055;exonerate}
72411	72617	internal+	3	2	{Augustus_model.g4780.t1;Augustus},{GeneMark_model.6167_t;GeneMark},{GlimmerHMM_glimmerT_5747-T1;GlimmerHMM},{ev_type:exonerate/ID=match.2566964.4384/Target=lcl|KQ954473_1_prot_KWU45207_1_2369;exonerate},{ev_type:exonerate/ID=match.2566964.4383/Target=lcl|PJQD01000020_1_prot_POY75035_1_2055;exonerate}
72618	72673	INTRON			{Augustus_model.g4780.t1;Augustus},{GeneMark_model.6167_t;GeneMark},{GlimmerHMM_glimmerT_5747-T1;GlimmerHMM},{ev_type:exonerate/ID=match.2566964.4384/Target=lcl|KQ954473_1_prot_KWU45207_1_2369;exonerate},{ev_type:exonerate/ID=match.2566964.4383/Target=lcl|PJQD01000020_1_prot_POY75035_1_2055;exonerate}
72674	72762	internal+	3	1	{Augustus_model.g4780.t1;Augustus},{GeneMark_model.6167_t;GeneMark},{GlimmerHMM_glimmerT_5747-T1;GlimmerHMM},{ev_type:exonerate/ID=match.2566964.4384/Target=lcl|KQ954473_1_prot_KWU45207_1_2369;exonerate},{ev_type:exonerate/ID=match.2566964.4383/Target=lcl|PJQD01000020_1_prot_POY75035_1_2055;exonerate}
72763	72825	INTRON			{Augustus_model.g4780.t1;Augustus},{GeneMark_model.6167_t;GeneMark},{GlimmerHMM_glimmerT_5747-T1;GlimmerHMM},{ev_type:exonerate/ID=match.2566964.4384/Target=lcl|KQ954473_1_prot_KWU45207_1_2369;exonerate},{ev_type:exonerate/ID=match.2566964.4383/Target=lcl|PJQD01000020_1_prot_POY75035_1_2055;exonerate}
72826	72902	internal+	2	3	{Augustus_model.g4780.t1;Augustus},{GeneMark_model.6167_t;GeneMark},{GlimmerHMM_glimmerT_5747-T1;GlimmerHMM},{ev_type:exonerate/ID=match.2566964.4384/Target=lcl|KQ954473_1_prot_KWU45207_1_2369;exonerate},{ev_type:exonerate/ID=match.2566964.4383/Target=lcl|PJQD01000020_1_prot_POY75035_1_2055;exonerate}
72903	72964	INTRON			{Augustus_model.g4780.t1;Augustus},{GeneMark_model.6167_t;GeneMark},{GlimmerHMM_glimmerT_5747-T1;GlimmerHMM},{ev_type:exonerate/ID=match.2566964.4384/Target=lcl|KQ954473_1_prot_KWU45207_1_2369;exonerate},{ev_type:exonerate/ID=match.2566964.4383/Target=lcl|PJQD01000020_1_prot_POY75035_1_2055;exonerate}
72965	73066	terminal+	1	3	{GeneMark_model.6167_t;GeneMark},{GlimmerHMM_glimmerT_5747-T1;GlimmerHMM}

# EVM prediction: Mode:STANDARD S-ratio: 2.93 73454-75893 orient(+) score(7724.00) noncoding_equivalent(2636.38) raw_noncoding(2806.38) offset(170.00) 
73454	74120	initial+	1	1	{GeneMark_model.6168_t;GeneMark},{GlimmerHMM_glimmerT_5748-T1;GlimmerHMM}
74121	74185	INTRON			{Augustus_model.g4780.t1;Augustus},{GeneMark_model.6168_t;GeneMark},{GlimmerHMM_glimmerT_5748-T1;GlimmerHMM}
74186	74413	internal+	2	1	{Augustus_model.g4780.t1;Augustus},{GeneMark_model.6168_t;GeneMark},{GlimmerHMM_glimmerT_5748-T1;GlimmerHMM}
74414	74471	INTRON			{Augustus_model.g4780.t1;Augustus},{GeneMark_model.6168_t;GeneMark},{GlimmerHMM_glimmerT_5748-T1;GlimmerHMM},{snap_scaffold_16-snap.101-T1;snap}
74472	74938	internal+	2	3	{Augustus_model.g4780.t1;Augustus},{GeneMark_model.6168_t;GeneMark},{GlimmerHMM_glimmerT_5748-T1;GlimmerHMM}
74939	75004	INTRON			{Augustus_model.g4780.t1;Augustus},{GeneMark_model.6168_t;GeneMark},{GlimmerHMM_glimmerT_5748-T1;GlimmerHMM}
75005	75706	internal+	1	3	{Augustus_model.g4780.t1;Augustus},{GeneMark_model.6168_t;GeneMark},{GlimmerHMM_glimmerT_5748-T1;GlimmerHMM}
75707	75770	INTRON			{Augustus_model.g4780.t1;Augustus},{GeneMark_model.6168_t;GeneMark},{GlimmerHMM_glimmerT_5748-T1;GlimmerHMM}
75771	75893	terminal+	1	3	{Augustus_model.g4780.t1;Augustus},{GeneMark_model.6168_t;GeneMark},{GlimmerHMM_glimmerT_5748-T1;GlimmerHMM}

# EVM prediction: Mode:STANDARD S-ratio: 2.29 76924-80925 orient(+) score(11317.00) noncoding_equivalent(4931.23) raw_noncoding(5853.00) offset(921.77) 
76924	77155	initial+	1	1	{Augustus_model.g4781.t1;Augustus},{GeneMark_model.6169_t;GeneMark}
77156	77253	INTRON			{Augustus_model.g4781.t1;Augustus},{GeneMark_model.6169_t;GeneMark}
77254	77384	internal+	2	3	{Augustus_model.g4781.t1;Augustus},{GeneMark_model.6169_t;GeneMark}
77385	77444	INTRON			{Augustus_model.g4781.t1;Augustus},{GeneMark_model.6169_t;GeneMark}
77445	78745	internal+	1	2	{GeneMark_model.6169_t;GeneMark}
78746	78817	INTRON			{GeneMark_model.6169_t;GeneMark}
78818	79372	internal+	3	2	{Augustus_model.g4781.t1;Augustus},{GeneMark_model.6169_t;GeneMark},{GlimmerHMM_glimmerT_5749-T1;GlimmerHMM}
79373	79437	INTRON			{Augustus_model.g4781.t1;Augustus},{GeneMark_model.6169_t;GeneMark},{GlimmerHMM_glimmerT_5749-T1;GlimmerHMM}
79438	79522	internal+	3	3	{Augustus_model.g4781.t1;Augustus},{GeneMark_model.6169_t;GeneMark},{GlimmerHMM_glimmerT_5749-T1;GlimmerHMM}
79523	79587	INTRON			{Augustus_model.g4781.t1;Augustus},{GeneMark_model.6169_t;GeneMark},{GlimmerHMM_glimmerT_5749-T1;GlimmerHMM}
79588	80300	internal+	1	2	{Augustus_model.g4781.t1;Augustus},{GeneMark_model.6169_t;GeneMark},{GlimmerHMM_glimmerT_5749-T1;GlimmerHMM}
80301	80361	INTRON			{Augustus_model.g4781.t1;Augustus},{GeneMark_model.6169_t;GeneMark}
80362	80427	internal+	3	2	{Augustus_model.g4781.t1;Augustus},{GeneMark_model.6169_t;GeneMark}
80428	80489	INTRON			{Augustus_model.g4781.t1;Augustus},{GeneMark_model.6169_t;GeneMark}
80490	80566	internal+	3	1	{Augustus_model.g4781.t1;Augustus},{GeneMark_model.6169_t;GeneMark},{GlimmerHMM_glimmerT_5749-T1;GlimmerHMM}
80567	80635	INTRON			{Augustus_model.g4781.t1;Augustus},{GeneMark_model.6169_t;GeneMark},{GlimmerHMM_glimmerT_5749-T1;GlimmerHMM}
80636	80925	terminal+	2	3	{Augustus_model.g4781.t1;Augustus},{GeneMark_model.6169_t;GeneMark},{GlimmerHMM_glimmerT_5749-T1;GlimmerHMM}

# EVM prediction: Mode:STANDARD S-ratio: 11.81 81575-82704 orient(-) score(4293.00) noncoding_equivalent(363.49) raw_noncoding(438.71) offset(75.22) 
82477	81575	terminal-	4	6	{snap_scaffold_16-snap.103-T1;snap},{GlimmerHMM_glimmerT_5750-T1;GlimmerHMM},{GeneMark_model.6170_t;GeneMark},{Augustus_model.g4782.t1;Augustus}
82548	82478	INTRON			{GlimmerHMM_glimmerT_5750-T1;GlimmerHMM},{GeneMark_model.6170_t;GeneMark},{Augustus_model.g4782.t1;Augustus}
82704	82549	initial-	4	6	{GlimmerHMM_glimmerT_5750-T1;GlimmerHMM},{GeneMark_model.6170_t;GeneMark},{Augustus_model.g4782.t1;Augustus}

# EVM prediction: Mode:STANDARD S-ratio: 2.13 82826-83769 orient(+) score(2832.00) noncoding_equivalent(1326.91) raw_noncoding(1538.91) offset(212.00) 
82826	83220	initial+	1	2	{GeneMark_model.6171_t;GeneMark},{Augustus_model.g4783.t1;Augustus},{GlimmerHMM_glimmerT_5751-T1;GlimmerHMM}
83221	83283	INTRON			{GeneMark_model.6171_t;GeneMark},{Augustus_model.g4783.t1;Augustus},{GlimmerHMM_glimmerT_5751-T1;GlimmerHMM}
83284	83413	internal+	3	3	{GeneMark_model.6171_t;GeneMark},{Augustus_model.g4783.t1;Augustus},{GlimmerHMM_glimmerT_5751-T1;GlimmerHMM}
83414	83481	INTRON			{GeneMark_model.6171_t;GeneMark},{Augustus_model.g4783.t1;Augustus},{GlimmerHMM_glimmerT_5751-T1;GlimmerHMM}
83482	83650	internal+	1	1	{GeneMark_model.6171_t;GeneMark},{Augustus_model.g4783.t1;Augustus},{GlimmerHMM_glimmerT_5751-T1;GlimmerHMM}
83651	83719	INTRON			{GeneMark_model.6171_t;GeneMark},{Augustus_model.g4783.t1;Augustus},{GlimmerHMM_glimmerT_5751-T1;GlimmerHMM}
83720	83769	terminal+	2	3	{GeneMark_model.6171_t;GeneMark},{Augustus_model.g4783.t1;Augustus},{GlimmerHMM_glimmerT_5751-T1;GlimmerHMM}

# EVM prediction: Mode:STANDARD S-ratio: 7.48 84056-87318 orient(-) score(11730.00) noncoding_equivalent(1568.15) raw_noncoding(1677.15) offset(109.00) 
84908	84056	terminal-	6	6	{GeneMark_model.6172_t;GeneMark},{GlimmerHMM_glimmerT_5752-T1;GlimmerHMM},{Augustus_model.g4784.t1;Augustus}
84975	84909	INTRON			{GeneMark_model.6172_t;GeneMark},{GlimmerHMM_glimmerT_5752-T1;GlimmerHMM},{Augustus_model.g4784.t1;Augustus}
86272	84976	internal-	5	5	{GeneMark_model.6172_t;GeneMark},{GlimmerHMM_glimmerT_5752-T1;GlimmerHMM},{Augustus_model.g4784.t1;Augustus}
86333	86273	INTRON			{GeneMark_model.6172_t;GeneMark},{GlimmerHMM_glimmerT_5752-T1;GlimmerHMM},{Augustus_model.g4784.t1;Augustus}
87318	86334	initial-	4	4	{GeneMark_model.6172_t;GeneMark},{GlimmerHMM_glimmerT_5752-T1;GlimmerHMM}

# EVM prediction: Mode:STANDARD S-ratio: 4.33 88496-90244 orient(+) score(7301.00) noncoding_equivalent(1685.50) raw_noncoding(1902.00) offset(216.50) 
88496	88858	initial+	1	3	{Augustus_model.g4785.t1;Augustus}
88859	88922	INTRON			{Augustus_model.g4785.t1;Augustus},{GlimmerHMM_glimmerT_5753-T1;GlimmerHMM},{GeneMark_model.6173_t;GeneMark},{ev_type:exonerate/ID=match.2566964.4385/Target=lcl|KQ954473_1_prot_KWU45201_1_2363;exonerate}
88923	89114	internal+	1	3	{Augustus_model.g4785.t1;Augustus},{GlimmerHMM_glimmerT_5753-T1;GlimmerHMM},{GeneMark_model.6173_t;GeneMark},{ev_type:exonerate/ID=match.2566964.4385/Target=lcl|KQ954473_1_prot_KWU45201_1_2363;exonerate}
89115	89180	INTRON			{Augustus_model.g4785.t1;Augustus},{GlimmerHMM_glimmerT_5753-T1;GlimmerHMM},{GeneMark_model.6173_t;GeneMark},{ev_type:exonerate/ID=match.2566964.4385/Target=lcl|KQ954473_1_prot_KWU45201_1_2363;exonerate}
89181	89273	internal+	1	3	{Augustus_model.g4785.t1;Augustus},{GlimmerHMM_glimmerT_5753-T1;GlimmerHMM},{GeneMark_model.6173_t;GeneMark},{ev_type:exonerate/ID=match.2566964.4385/Target=lcl|KQ954473_1_prot_KWU45201_1_2363;exonerate}
89274	89340	INTRON			{Augustus_model.g4785.t1;Augustus},{GlimmerHMM_glimmerT_5753-T1;GlimmerHMM},{GeneMark_model.6173_t;GeneMark},{ev_type:exonerate/ID=match.2566964.4385/Target=lcl|KQ954473_1_prot_KWU45201_1_2363;exonerate}
89341	89917	internal+	1	1	{Augustus_model.g4785.t1;Augustus},{GlimmerHMM_glimmerT_5753-T1;GlimmerHMM},{GeneMark_model.6173_t;GeneMark},{ev_type:exonerate/ID=match.2566964.4385/Target=lcl|KQ954473_1_prot_KWU45201_1_2363;exonerate}
89918	90011	INTRON			{Augustus_model.g4785.t1;Augustus},{GlimmerHMM_glimmerT_5753-T1;GlimmerHMM},{GeneMark_model.6173_t;GeneMark},{ev_type:exonerate/ID=match.2566964.4385/Target=lcl|KQ954473_1_prot_KWU45201_1_2363;exonerate}
90012	90244	terminal+	2	3	{Augustus_model.g4785.t1;Augustus},{GlimmerHMM_glimmerT_5753-T1;GlimmerHMM},{GeneMark_model.6173_t;GeneMark}

# EVM prediction: Mode:STANDARD S-ratio: 1.07 90931-92041 orient(-) score(2354.00) noncoding_equivalent(2193.85) raw_noncoding(3766.00) offset(1572.15) 
90951	90931	terminal-	4	6	{Augustus_model.g4786.t1;Augustus},{GlimmerHMM_glimmerT_5754-T1;GlimmerHMM},{GeneMark_model.6174_t;GeneMark}
91049	90952	INTRON			{Augustus_model.g4786.t1;Augustus},{GlimmerHMM_glimmerT_5754-T1;GlimmerHMM},{GeneMark_model.6174_t;GeneMark}
91085	91050	internal-	4	6	{Augustus_model.g4786.t1;Augustus},{GlimmerHMM_glimmerT_5754-T1;GlimmerHMM},{GeneMark_model.6174_t;GeneMark}
91189	91086	INTRON			{Augustus_model.g4786.t1;Augustus},{GeneMark_model.6174_t;GeneMark}
91197	91190	internal-	5	6	{Augustus_model.g4786.t1;Augustus},{GeneMark_model.6174_t;GeneMark}
91259	91198	INTRON			{Augustus_model.g4786.t1;Augustus},{GeneMark_model.6174_t;GeneMark}
91290	91260	internal-	4	4	{Augustus_model.g4786.t1;Augustus},{GeneMark_model.6174_t;GeneMark}
91397	91291	INTRON			{Augustus_model.g4786.t1;Augustus},{GeneMark_model.6174_t;GeneMark}
91502	91398	internal-	4	6	{Augustus_model.g4786.t1;Augustus}
91546	91503	INTRON			{Augustus_model.g4786.t1;Augustus}
91561	91547	internal-	4	6	{Augustus_model.g4786.t1;Augustus},{GeneMark_model.6174_t;GeneMark}
91744	91562	INTRON			{Augustus_model.g4786.t1;Augustus},{GeneMark_model.6174_t;GeneMark}
91810	91745	internal-	4	6	{Augustus_model.g4786.t1;Augustus},{GeneMark_model.6174_t;GeneMark}
92023	91811	INTRON			{Augustus_model.g4786.t1;Augustus},{GeneMark_model.6174_t;GeneMark}
92041	92024	initial-	4	6	{Augustus_model.g4786.t1;Augustus},{GlimmerHMM_glimmerT_5754-T1;GlimmerHMM},{GeneMark_model.6174_t;GeneMark}

# EVM prediction: Mode:STANDARD S-ratio: 3.52 92240-94162 orient(+) score(6950.00) noncoding_equivalent(1977.15) raw_noncoding(2512.64) offset(535.49) 
92240	93136	initial+	1	3	{GeneMark_model.6175_t;GeneMark},{Augustus_model.g4787.t1;Augustus},{GlimmerHMM_glimmerT_5755-T1;GlimmerHMM}
93137	93220	INTRON			{GeneMark_model.6175_t;GeneMark},{Augustus_model.g4787.t1;Augustus},{GlimmerHMM_glimmerT_5755-T1;GlimmerHMM},{ev_type:exonerate/ID=match.2566964.4421/Target=lcl|KQ954473_1_prot_KWU45199_1_2361;exonerate}
93221	93263	internal+	1	1	{GeneMark_model.6175_t;GeneMark},{Augustus_model.g4787.t1;Augustus},{ev_type:exonerate/ID=match.2566964.4421/Target=lcl|KQ954473_1_prot_KWU45199_1_2361;exonerate}
93264	93332	INTRON			{GeneMark_model.6175_t;GeneMark},{Augustus_model.g4787.t1;Augustus},{ev_type:exonerate/ID=match.2566964.4421/Target=lcl|KQ954473_1_prot_KWU45199_1_2361;exonerate}
93333	93430	internal+	2	3	{GeneMark_model.6175_t;GeneMark},{Augustus_model.g4787.t1;Augustus},{ev_type:exonerate/ID=match.2566964.4421/Target=lcl|KQ954473_1_prot_KWU45199_1_2361;exonerate}
93431	93505	INTRON			{GeneMark_model.6175_t;GeneMark},{Augustus_model.g4787.t1;Augustus},{ev_type:exonerate/ID=match.2566964.4421/Target=lcl|KQ954473_1_prot_KWU45199_1_2361;exonerate}
93506	93646	internal+	1	3	{GeneMark_model.6175_t;GeneMark},{Augustus_model.g4787.t1;Augustus}
93647	93730	INTRON			{GeneMark_model.6175_t;GeneMark},{Augustus_model.g4787.t1;Augustus},{GlimmerHMM_glimmerT_5755-T1;GlimmerHMM}
93731	93746	internal+	1	1	{GeneMark_model.6175_t;GeneMark},{Augustus_model.g4787.t1;Augustus},{GlimmerHMM_glimmerT_5755-T1;GlimmerHMM}
93747	93815	INTRON			{GeneMark_model.6175_t;GeneMark},{Augustus_model.g4787.t1;Augustus},{GlimmerHMM_glimmerT_5755-T1;GlimmerHMM}
93816	93901	internal+	2	3	{GeneMark_model.6175_t;GeneMark},{Augustus_model.g4787.t1;Augustus},{GlimmerHMM_glimmerT_5755-T1;GlimmerHMM},{ev_type:exonerate/ID=match.2566964.4421/Target=lcl|KQ954473_1_prot_KWU45199_1_2361;exonerate}
93902	93979	INTRON			{GeneMark_model.6175_t;GeneMark},{Augustus_model.g4787.t1;Augustus},{ev_type:exonerate/ID=match.2566964.4421/Target=lcl|KQ954473_1_prot_KWU45199_1_2361;exonerate}
93980	94026	internal+	1	2	{GeneMark_model.6175_t;GeneMark},{Augustus_model.g4787.t1;Augustus}
94027	94152	INTRON			{GeneMark_model.6175_t;GeneMark},{Augustus_model.g4787.t1;Augustus}
94153	94162	terminal+	3	3	{GeneMark_model.6175_t;GeneMark},{Augustus_model.g4787.t1;Augustus}

# EVM prediction: Mode:STANDARD S-ratio: 2.67 94727-97801 orient(+) score(8890.00) noncoding_equivalent(3325.70) raw_noncoding(4929.00) offset(1603.30) 
94727	94871	initial+	1	1	{GeneMark_model.6176_t;GeneMark},{Augustus_model.g4788.t1;Augustus}
94872	94926	INTRON			{GeneMark_model.6176_t;GeneMark},{GlimmerHMM_glimmerT_5755-T1;GlimmerHMM},{Augustus_model.g4788.t1;Augustus}
94927	94973	internal+	2	3	{GeneMark_model.6176_t;GeneMark},{GlimmerHMM_glimmerT_5755-T1;GlimmerHMM},{Augustus_model.g4788.t1;Augustus}
94974	95035	INTRON			{GeneMark_model.6176_t;GeneMark},{Augustus_model.g4788.t1;Augustus}
95036	95107	internal+	1	3	{Augustus_model.g4788.t1;Augustus}
95108	95338	INTRON			{Augustus_model.g4788.t1;Augustus}
95339	95441	internal+	1	1	{GeneMark_model.6176_t;GeneMark},{GlimmerHMM_glimmerT_5755-T1;GlimmerHMM},{Augustus_model.g4788.t1;Augustus}
95442	95496	INTRON			{GeneMark_model.6176_t;GeneMark},{Augustus_model.g4788.t1;Augustus}
95497	95573	internal+	2	3	{GeneMark_model.6176_t;GeneMark},{Augustus_model.g4788.t1;Augustus}
95574	95632	INTRON			{GeneMark_model.6176_t;GeneMark},{Augustus_model.g4788.t1;Augustus}
95633	95808	internal+	1	2	{GeneMark_model.6176_t;GeneMark},{Augustus_model.g4788.t1;Augustus}
95809	95887	INTRON			{GeneMark_model.6176_t;GeneMark},{GlimmerHMM_glimmerT_5755-T1;GlimmerHMM},{Augustus_model.g4788.t1;Augustus}
95888	96263	internal+	3	3	{GeneMark_model.6176_t;GeneMark},{GlimmerHMM_glimmerT_5755-T1;GlimmerHMM},{Augustus_model.g4788.t1;Augustus}
96264	96326	INTRON			{GeneMark_model.6176_t;GeneMark},{GlimmerHMM_glimmerT_5755-T1;GlimmerHMM},{Augustus_model.g4788.t1;Augustus}
96327	96415	internal+	1	2	{GeneMark_model.6176_t;GeneMark},{GlimmerHMM_glimmerT_5755-T1;GlimmerHMM},{Augustus_model.g4788.t1;Augustus}
96416	96492	INTRON			{GeneMark_model.6176_t;GeneMark},{Augustus_model.g4788.t1;Augustus}
96493	97468	internal+	3	3	{GeneMark_model.6176_t;GeneMark},{Augustus_model.g4788.t1;Augustus}
97469	97523	INTRON			{GeneMark_model.6176_t;GeneMark},{Augustus_model.g4788.t1;Augustus}
97524	97654	internal+	1	2	{GeneMark_model.6176_t;GeneMark},{Augustus_model.g4788.t1;Augustus}
97655	97722	INTRON			{GeneMark_model.6176_t;GeneMark},{Augustus_model.g4788.t1;Augustus}
97723	97801	terminal+	3	3	{GeneMark_model.6176_t;GeneMark},{Augustus_model.g4788.t1;Augustus}

# EVM prediction: Mode:STANDARD S-ratio: 1.29 98029-100175 orient(-) score(4928.00) noncoding_equivalent(3828.86) raw_noncoding(5582.00) offset(1753.14) 
98175	98029	terminal-	4	6	{GlimmerHMM_glimmerT_5756-T1;GlimmerHMM},{GeneMark_model.6177_t;GeneMark},{Augustus_model.g4789.t1;Augustus}
98248	98176	INTRON			{GlimmerHMM_glimmerT_5756-T1;GlimmerHMM},{GeneMark_model.6177_t;GeneMark},{Augustus_model.g4789.t1;Augustus}
98312	98249	internal-	6	6	{GlimmerHMM_glimmerT_5756-T1;GlimmerHMM},{GeneMark_model.6177_t;GeneMark},{Augustus_model.g4789.t1;Augustus}
98380	98313	INTRON			{GlimmerHMM_glimmerT_5756-T1;GlimmerHMM},{GeneMark_model.6177_t;GeneMark},{Augustus_model.g4789.t1;Augustus}
98564	98381	internal-	5	5	{GlimmerHMM_glimmerT_5756-T1;GlimmerHMM},{GeneMark_model.6177_t;GeneMark},{Augustus_model.g4789.t1;Augustus}
98619	98565	INTRON			{GeneMark_model.6177_t;GeneMark},{Augustus_model.g4789.t1;Augustus}
98656	98620	internal-	4	4	{GeneMark_model.6177_t;GeneMark},{Augustus_model.g4789.t1;Augustus}
98720	98657	INTRON			{GeneMark_model.6177_t;GeneMark},{Augustus_model.g4789.t1;Augustus}
98741	98721	internal-	4	6	{GeneMark_model.6177_t;GeneMark},{Augustus_model.g4789.t1;Augustus}
98830	98742	INTRON			{GeneMark_model.6177_t;GeneMark},{Augustus_model.g4789.t1;Augustus}
98990	98831	internal-	6	6	{GeneMark_model.6177_t;GeneMark},{Augustus_model.g4789.t1;Augustus}
99071	98991	INTRON			{GeneMark_model.6177_t;GeneMark},{Augustus_model.g4789.t1;Augustus}
99113	99072	internal-	6	5	{Augustus_model.g4789.t1;Augustus}
99165	99114	INTRON			{Augustus_model.g4789.t1;Augustus}
99214	99166	internal-	5	5	{GeneMark_model.6177_t;GeneMark},{Augustus_model.g4789.t1;Augustus}
99303	99215	INTRON			{GeneMark_model.6177_t;GeneMark},{Augustus_model.g4789.t1;Augustus}
99441	99304	internal-	5	4	{GeneMark_model.6177_t;GeneMark},{Augustus_model.g4789.t1;Augustus}
99535	99442	INTRON			{GeneMark_model.6177_t;GeneMark},{Augustus_model.g4789.t1;Augustus}
99579	99536	internal-	6	4	{GeneMark_model.6177_t;GeneMark},{Augustus_model.g4789.t1;Augustus}
99655	99580	INTRON			{GeneMark_model.6177_t;GeneMark},{Augustus_model.g4789.t1;Augustus}
99723	99656	internal-	4	5	{GeneMark_model.6177_t;GeneMark},{Augustus_model.g4789.t1;Augustus}
99796	99724	INTRON			{GeneMark_model.6177_t;GeneMark},{Augustus_model.g4789.t1;Augustus}
99809	99797	internal-	6	6	{GeneMark_model.6177_t;GeneMark},{Augustus_model.g4789.t1;Augustus}
99880	99810	INTRON			{GeneMark_model.6177_t;GeneMark},{Augustus_model.g4789.t1;Augustus}
100036	99881	internal-	6	5	{GeneMark_model.6177_t;GeneMark},{Augustus_model.g4789.t1;Augustus}
100110	100037	INTRON			{GeneMark_model.6177_t;GeneMark},{Augustus_model.g4789.t1;Augustus}
100175	100111	initial-	4	5	{GeneMark_model.6177_t;GeneMark},{Augustus_model.g4789.t1;Augustus}

# EVM prediction: Mode:STANDARD S-ratio: 2.21 100802-103443 orient(-) score(7323.00) noncoding_equivalent(3315.59) raw_noncoding(3783.15) offset(467.56) 
100913	100802	terminal-	6	6	{GeneMark_model.6178_t;GeneMark},{Augustus_model.g4790.t1;Augustus},{GlimmerHMM_glimmerT_5757-T1;GlimmerHMM}
100987	100914	INTRON			{GeneMark_model.6178_t;GeneMark},{Augustus_model.g4790.t1;Augustus},{GlimmerHMM_glimmerT_5757-T1;GlimmerHMM}
102797	100988	internal-	5	5	{GeneMark_model.6178_t;GeneMark},{Augustus_model.g4790.t1;Augustus}
102879	102798	INTRON			{GeneMark_model.6178_t;GeneMark},{Augustus_model.g4790.t1;Augustus}
103047	102880	internal-	5	4	{GeneMark_model.6178_t;GeneMark},{GlimmerHMM_glimmerT_5757-T1;GlimmerHMM}
103105	103048	INTRON			{GeneMark_model.6178_t;GeneMark},{GlimmerHMM_glimmerT_5757-T1;GlimmerHMM}
103402	103106	internal-	5	4	{GlimmerHMM_glimmerT_5757-T1;GlimmerHMM}
103439	103403	INTRON			{GlimmerHMM_glimmerT_5757-T1;GlimmerHMM}
103443	103440	initial-	4	4	{GeneMark_model.6178_t;GeneMark},{GlimmerHMM_glimmerT_5757-T1;GlimmerHMM}

# EVM prediction: Mode:STANDARD S-ratio: 2.77 103807-107303 orient(+) score(13502.00) noncoding_equivalent(4868.77) raw_noncoding(6056.00) offset(1187.23) 
103807	103957	initial+	1	1	{Augustus_model.g4791.t1;Augustus},{GlimmerHMM_glimmerT_5758-T1;GlimmerHMM},{GeneMark_model.6179_t;GeneMark}
103958	104024	INTRON			{Augustus_model.g4791.t1;Augustus},{GlimmerHMM_glimmerT_5758-T1;GlimmerHMM},{GeneMark_model.6179_t;GeneMark}
104025	104394	internal+	2	2	{Augustus_model.g4791.t1;Augustus},{GlimmerHMM_glimmerT_5758-T1;GlimmerHMM},{GeneMark_model.6179_t;GeneMark}
104395	104472	INTRON			{Augustus_model.g4791.t1;Augustus},{GlimmerHMM_glimmerT_5758-T1;GlimmerHMM},{GeneMark_model.6179_t;GeneMark}
104473	104538	internal+	3	2	{Augustus_model.g4791.t1;Augustus},{GlimmerHMM_glimmerT_5758-T1;GlimmerHMM},{GeneMark_model.6179_t;GeneMark}
104539	104641	INTRON			{Augustus_model.g4791.t1;Augustus},{GlimmerHMM_glimmerT_5758-T1;GlimmerHMM},{GeneMark_model.6179_t;GeneMark}
104642	104795	internal+	3	3	{Augustus_model.g4791.t1;Augustus},{GlimmerHMM_glimmerT_5758-T1;GlimmerHMM},{GeneMark_model.6179_t;GeneMark}
104796	104861	INTRON			{Augustus_model.g4791.t1;Augustus},{GlimmerHMM_glimmerT_5758-T1;GlimmerHMM},{GeneMark_model.6179_t;GeneMark},{ev_type:exonerate/ID=match.2566964.3030/Target=lcl|KQ954473_1_prot_KWU45195_1_2357;exonerate}
104862	105104	internal+	1	3	{Augustus_model.g4791.t1;Augustus},{GlimmerHMM_glimmerT_5758-T1;GlimmerHMM},{GeneMark_model.6179_t;GeneMark},{ev_type:exonerate/ID=match.2566964.3030/Target=lcl|KQ954473_1_prot_KWU45195_1_2357;exonerate}
105105	105181	INTRON			{Augustus_model.g4791.t1;Augustus},{GlimmerHMM_glimmerT_5758-T1;GlimmerHMM},{GeneMark_model.6179_t;GeneMark},{ev_type:exonerate/ID=match.2566964.3030/Target=lcl|KQ954473_1_prot_KWU45195_1_2357;exonerate}
105182	105301	internal+	1	3	{Augustus_model.g4791.t1;Augustus},{GlimmerHMM_glimmerT_5758-T1;GlimmerHMM},{GeneMark_model.6179_t;GeneMark},{ev_type:exonerate/ID=match.2566964.3030/Target=lcl|KQ954473_1_prot_KWU45195_1_2357;exonerate}
105302	105366	INTRON			{Augustus_model.g4791.t1;Augustus},{GlimmerHMM_glimmerT_5758-T1;GlimmerHMM},{GeneMark_model.6179_t;GeneMark},{ev_type:exonerate/ID=match.2566964.3030/Target=lcl|KQ954473_1_prot_KWU45195_1_2357;exonerate}
105367	105491	internal+	1	2	{Augustus_model.g4791.t1;Augustus},{GlimmerHMM_glimmerT_5758-T1;GlimmerHMM},{GeneMark_model.6179_t;GeneMark},{ev_type:exonerate/ID=match.2566964.3030/Target=lcl|KQ954473_1_prot_KWU45195_1_2357;exonerate}
105492	105561	INTRON			{Augustus_model.g4791.t1;Augustus},{GlimmerHMM_glimmerT_5758-T1;GlimmerHMM},{GeneMark_model.6179_t;GeneMark},{ev_type:exonerate/ID=match.2566964.3030/Target=lcl|KQ954473_1_prot_KWU45195_1_2357;exonerate}
105562	105647	internal+	3	1	{Augustus_model.g4791.t1;Augustus},{GlimmerHMM_glimmerT_5758-T1;GlimmerHMM},{GeneMark_model.6179_t;GeneMark},{ev_type:exonerate/ID=match.2566964.3030/Target=lcl|KQ954473_1_prot_KWU45195_1_2357;exonerate}
105648	105705	INTRON			{Augustus_model.g4791.t1;Augustus},{GlimmerHMM_glimmerT_5758-T1;GlimmerHMM},{GeneMark_model.6179_t;GeneMark},{ev_type:exonerate/ID=match.2566964.3030/Target=lcl|KQ954473_1_prot_KWU45195_1_2357;exonerate}
105706	105917	internal+	2	3	{Augustus_model.g4791.t1;Augustus},{GlimmerHMM_glimmerT_5758-T1;GlimmerHMM},{GeneMark_model.6179_t;GeneMark},{ev_type:exonerate/ID=match.2566964.3030/Target=lcl|KQ954473_1_prot_KWU45195_1_2357;exonerate}
105918	105991	INTRON			{Augustus_model.g4791.t1;Augustus},{GlimmerHMM_glimmerT_5758-T1;GlimmerHMM},{GeneMark_model.6179_t;GeneMark},{ev_type:exonerate/ID=match.2566964.3030/Target=lcl|KQ954473_1_prot_KWU45195_1_2357;exonerate}
105992	106174	internal+	1	3	{Augustus_model.g4791.t1;Augustus},{GlimmerHMM_glimmerT_5758-T1;GlimmerHMM},{GeneMark_model.6179_t;GeneMark},{ev_type:exonerate/ID=match.2566964.3030/Target=lcl|KQ954473_1_prot_KWU45195_1_2357;exonerate}
106175	106251	INTRON			{Augustus_model.g4791.t1;Augustus},{GlimmerHMM_glimmerT_5758-T1;GlimmerHMM},{GeneMark_model.6179_t;GeneMark},{ev_type:exonerate/ID=match.2566964.3030/Target=lcl|KQ954473_1_prot_KWU45195_1_2357;exonerate}
106252	106482	internal+	1	3	{Augustus_model.g4791.t1;Augustus},{GlimmerHMM_glimmerT_5758-T1;GlimmerHMM},{GeneMark_model.6179_t;GeneMark},{ev_type:exonerate/ID=match.2566964.3030/Target=lcl|KQ954473_1_prot_KWU45195_1_2357;exonerate}
106483	106561	INTRON			{Augustus_model.g4791.t1;Augustus},{GlimmerHMM_glimmerT_5758-T1;GlimmerHMM},{GeneMark_model.6179_t;GeneMark},{ev_type:exonerate/ID=match.2566964.3030/Target=lcl|KQ954473_1_prot_KWU45195_1_2357;exonerate}
106562	106770	internal+	1	2	{Augustus_model.g4791.t1;Augustus},{GlimmerHMM_glimmerT_5758-T1;GlimmerHMM},{GeneMark_model.6179_t;GeneMark},{ev_type:exonerate/ID=match.2566964.3030/Target=lcl|KQ954473_1_prot_KWU45195_1_2357;exonerate}
106771	106845	INTRON			{Augustus_model.g4791.t1;Augustus},{GlimmerHMM_glimmerT_5758-T1;GlimmerHMM},{GeneMark_model.6179_t;GeneMark},{ev_type:exonerate/ID=match.2566964.3030/Target=lcl|KQ954473_1_prot_KWU45195_1_2357;exonerate}
106846	106924	internal+	3	3	{Augustus_model.g4791.t1;Augustus},{GeneMark_model.6179_t;GeneMark},{ev_type:exonerate/ID=match.2566964.3030/Target=lcl|KQ954473_1_prot_KWU45195_1_2357;exonerate}
106925	106998	INTRON			{Augustus_model.g4791.t1;Augustus},{GeneMark_model.6179_t;GeneMark},{ev_type:exonerate/ID=match.2566964.3030/Target=lcl|KQ954473_1_prot_KWU45195_1_2357;exonerate}
106999	107056	internal+	1	1	{Augustus_model.g4791.t1;Augustus},{GeneMark_model.6179_t;GeneMark},{ev_type:exonerate/ID=match.2566964.3030/Target=lcl|KQ954473_1_prot_KWU45195_1_2357;exonerate}
107057	107127	INTRON			{Augustus_model.g4791.t1;Augustus},{GeneMark_model.6179_t;GeneMark},{ev_type:exonerate/ID=match.2566964.3030/Target=lcl|KQ954473_1_prot_KWU45195_1_2357;exonerate}
107128	107303	terminal+	2	3	{Augustus_model.g4791.t1;Augustus},{GlimmerHMM_glimmerT_5758-T1;GlimmerHMM},{GeneMark_model.6179_t;GeneMark}

# EVM prediction: Mode:STANDARD S-ratio: 1.43 107736-109570 orient(+) score(4483.00) noncoding_equivalent(3144.34) raw_noncoding(4314.00) offset(1169.66) 
107736	107789	initial+	1	3	{Augustus_model.g4792.t1;Augustus},{GeneMark_model.6180_t;GeneMark}
107790	107861	INTRON			{Augustus_model.g4792.t1;Augustus},{GeneMark_model.6180_t;GeneMark}
107862	108016	internal+	1	2	{Augustus_model.g4792.t1;Augustus},{GeneMark_model.6180_t;GeneMark}
108017	108089	INTRON			{Augustus_model.g4792.t1;Augustus},{GeneMark_model.6180_t;GeneMark}
108090	108102	internal+	3	3	{Augustus_model.g4792.t1;Augustus},{GeneMark_model.6180_t;GeneMark}
108103	108173	INTRON			{Augustus_model.g4792.t1;Augustus},{GeneMark_model.6180_t;GeneMark}
108174	108285	internal+	1	1	{Augustus_model.g4792.t1;Augustus},{GeneMark_model.6180_t;GeneMark}
108286	108343	INTRON			{Augustus_model.g4792.t1;Augustus},{GeneMark_model.6180_t;GeneMark}
108344	108478	internal+	2	1	{GeneMark_model.6180_t;GeneMark}
108479	108544	INTRON			{GeneMark_model.6180_t;GeneMark}
108545	108593	internal+	2	2	{Augustus_model.g4792.t1;Augustus},{GeneMark_model.6180_t;GeneMark}
108594	108657	INTRON			{Augustus_model.g4792.t1;Augustus},{GeneMark_model.6180_t;GeneMark}
108658	108687	internal+	3	2	{Augustus_model.g4792.t1;Augustus},{GeneMark_model.6180_t;GeneMark}
108688	108746	INTRON			{Augustus_model.g4792.t1;Augustus},{GeneMark_model.6180_t;GeneMark}
108747	108909	internal+	3	3	{Augustus_model.g4792.t1;Augustus},{GeneMark_model.6180_t;GeneMark}
108910	108975	INTRON			{Augustus_model.g4792.t1;Augustus},{GeneMark_model.6180_t;GeneMark}
108976	109033	internal+	1	1	{Augustus_model.g4792.t1;Augustus},{GeneMark_model.6180_t;GeneMark}
109034	109112	INTRON			{GlimmerHMM_glimmerT_5759-T1;GlimmerHMM},{Augustus_model.g4792.t1;Augustus},{GeneMark_model.6180_t;GeneMark}
109113	109305	internal+	2	2	{GlimmerHMM_glimmerT_5759-T1;GlimmerHMM},{Augustus_model.g4792.t1;Augustus},{GeneMark_model.6180_t;GeneMark}
109306	109377	INTRON			{GlimmerHMM_glimmerT_5759-T1;GlimmerHMM},{Augustus_model.g4792.t1;Augustus},{GeneMark_model.6180_t;GeneMark}
109378	109447	internal+	3	3	{GlimmerHMM_glimmerT_5759-T1;GlimmerHMM},{Augustus_model.g4792.t1;Augustus},{GeneMark_model.6180_t;GeneMark}
109448	109513	INTRON			{GlimmerHMM_glimmerT_5759-T1;GlimmerHMM},{Augustus_model.g4792.t1;Augustus},{GeneMark_model.6180_t;GeneMark}
109514	109570	terminal+	1	3	{GlimmerHMM_glimmerT_5759-T1;GlimmerHMM},{Augustus_model.g4792.t1;Augustus},{GeneMark_model.6180_t;GeneMark}

# EVM prediction: Mode:STANDARD S-ratio: 4.25 109860-113798 orient(-) score(15153.00) noncoding_equivalent(3564.72) raw_noncoding(4092.00) offset(527.28) 
110441	109860	terminal-	4	6	{GeneMark_model.6181_t;GeneMark},{snap_scaffold_16-snap.112-T1;snap},{GlimmerHMM_glimmerT_5760-T1;GlimmerHMM},{Augustus_model.g4793.t1;Augustus}
110500	110442	INTRON			{GeneMark_model.6181_t;GeneMark},{GlimmerHMM_glimmerT_5760-T1;GlimmerHMM},{Augustus_model.g4793.t1;Augustus}
110617	110501	internal-	4	6	{GeneMark_model.6181_t;GeneMark},{GlimmerHMM_glimmerT_5760-T1;GlimmerHMM},{Augustus_model.g4793.t1;Augustus}
110689	110618	INTRON			{GeneMark_model.6181_t;GeneMark},{GlimmerHMM_glimmerT_5760-T1;GlimmerHMM},{Augustus_model.g4793.t1;Augustus},{ev_type:exonerate/ID=match.2566964.4375/Target=lcl|KQ954473_1_prot_KWU45194_1_2356;exonerate}
110875	110690	internal-	4	6	{GeneMark_model.6181_t;GeneMark},{GlimmerHMM_glimmerT_5760-T1;GlimmerHMM},{Augustus_model.g4793.t1;Augustus},{ev_type:exonerate/ID=match.2566964.4375/Target=lcl|KQ954473_1_prot_KWU45194_1_2356;exonerate}
110939	110876	INTRON			{GeneMark_model.6181_t;GeneMark},{GlimmerHMM_glimmerT_5760-T1;GlimmerHMM},{Augustus_model.g4793.t1;Augustus},{ev_type:exonerate/ID=match.2566964.4375/Target=lcl|KQ954473_1_prot_KWU45194_1_2356;exonerate}
111383	110940	internal-	4	6	{GeneMark_model.6181_t;GeneMark},{Augustus_model.g4793.t1;Augustus},{ev_type:exonerate/ID=match.2566964.4375/Target=lcl|KQ954473_1_prot_KWU45194_1_2356;exonerate}
111446	111384	INTRON			{GeneMark_model.6181_t;GeneMark},{Augustus_model.g4793.t1;Augustus},{ev_type:exonerate/ID=match.2566964.4375/Target=lcl|KQ954473_1_prot_KWU45194_1_2356;exonerate}
111546	111447	internal-	6	6	{GeneMark_model.6181_t;GeneMark},{Augustus_model.g4793.t1;Augustus},{ev_type:exonerate/ID=match.2566964.4375/Target=lcl|KQ954473_1_prot_KWU45194_1_2356;exonerate}
111611	111547	INTRON			{GeneMark_model.6181_t;GeneMark},{GlimmerHMM_glimmerT_5760-T1;GlimmerHMM},{Augustus_model.g4793.t1;Augustus},{ev_type:exonerate/ID=match.2566964.4375/Target=lcl|KQ954473_1_prot_KWU45194_1_2356;exonerate}
112021	111612	internal-	4	5	{GeneMark_model.6181_t;GeneMark},{Augustus_model.g4793.t1;Augustus},{ev_type:exonerate/ID=match.2566964.4375/Target=lcl|KQ954473_1_prot_KWU45194_1_2356;exonerate}
112090	112022	INTRON			{GeneMark_model.6181_t;GeneMark},{Augustus_model.g4793.t1;Augustus},{ev_type:exonerate/ID=match.2566964.4375/Target=lcl|KQ954473_1_prot_KWU45194_1_2356;exonerate}
112226	112091	internal-	6	6	{GeneMark_model.6181_t;GeneMark},{Augustus_model.g4793.t1;Augustus},{ev_type:exonerate/ID=match.2566964.4375/Target=lcl|KQ954473_1_prot_KWU45194_1_2356;exonerate}
112292	112227	INTRON			{GeneMark_model.6181_t;GeneMark},{GlimmerHMM_glimmerT_5760-T1;GlimmerHMM},{Augustus_model.g4793.t1;Augustus},{ev_type:exonerate/ID=match.2566964.4375/Target=lcl|KQ954473_1_prot_KWU45194_1_2356;exonerate}
112406	112293	internal-	6	5	{GeneMark_model.6181_t;GeneMark},{GlimmerHMM_glimmerT_5760-T1;GlimmerHMM},{Augustus_model.g4793.t1;Augustus},{ev_type:exonerate/ID=match.2566964.4375/Target=lcl|KQ954473_1_prot_KWU45194_1_2356;exonerate}
112462	112407	INTRON			{GeneMark_model.6181_t;GeneMark},{GlimmerHMM_glimmerT_5760-T1;GlimmerHMM},{Augustus_model.g4793.t1;Augustus},{ev_type:exonerate/ID=match.2566964.4375/Target=lcl|KQ954473_1_prot_KWU45194_1_2356;exonerate}
112981	112463	internal-	6	5	{GeneMark_model.6181_t;GeneMark},{GlimmerHMM_glimmerT_5760-T1;GlimmerHMM}
113049	112982	INTRON			{GeneMark_model.6181_t;GeneMark},{GlimmerHMM_glimmerT_5760-T1;GlimmerHMM},{Augustus_model.g4793.t1;Augustus}
113798	113050	initial-	4	5	{GeneMark_model.6181_t;GeneMark},{GlimmerHMM_glimmerT_5760-T1;GlimmerHMM},{Augustus_model.g4793.t1;Augustus}

# EVM prediction: Mode:STANDARD S-ratio: 3.17 114293-115283 orient(-) score(3306.00) noncoding_equivalent(1042.00) raw_noncoding(1195.00) offset(153.00) 
114397	114293	terminal-	4	6	{GlimmerHMM_glimmerT_5761-T1;GlimmerHMM},{Augustus_model.g4794.t1;Augustus},{GeneMark_model.6182_t;GeneMark}
114461	114398	INTRON			{GlimmerHMM_glimmerT_5761-T1;GlimmerHMM},{Augustus_model.g4794.t1;Augustus},{GeneMark_model.6182_t;GeneMark}
114587	114462	internal-	4	6	{GlimmerHMM_glimmerT_5761-T1;GlimmerHMM},{Augustus_model.g4794.t1;Augustus},{GeneMark_model.6182_t;GeneMark}
114660	114588	INTRON			{GlimmerHMM_glimmerT_5761-T1;GlimmerHMM},{Augustus_model.g4794.t1;Augustus},{GeneMark_model.6182_t;GeneMark}
114988	114661	internal-	6	6	{GlimmerHMM_glimmerT_5761-T1;GlimmerHMM},{Augustus_model.g4794.t1;Augustus},{GeneMark_model.6182_t;GeneMark}
115050	114989	INTRON			{GlimmerHMM_glimmerT_5761-T1;GlimmerHMM},{Augustus_model.g4794.t1;Augustus},{GeneMark_model.6182_t;GeneMark}
115283	115051	initial-	4	5	{GlimmerHMM_glimmerT_5761-T1;GlimmerHMM},{Augustus_model.g4794.t1;Augustus},{GeneMark_model.6182_t;GeneMark}

# EVM prediction: Mode:STANDARD S-ratio: 1.65 115553-117050 orient(+) score(3897.00) noncoding_equivalent(2365.00) raw_noncoding(3595.00) offset(1230.00) 
115553	115586	initial+	1	1	{GeneMark_model.6183_t;GeneMark},{GlimmerHMM_glimmerT_5762-T1;GlimmerHMM}
115587	116149	INTRON			{GeneMark_model.6183_t;GeneMark},{GlimmerHMM_glimmerT_5762-T1;GlimmerHMM}
116150	116680	internal+	2	1	{Augustus_model.g4795.t1;Augustus},{GeneMark_model.6183_t;GeneMark},{GlimmerHMM_glimmerT_5762-T1;GlimmerHMM}
116681	116749	INTRON			{Augustus_model.g4795.t1;Augustus},{GeneMark_model.6183_t;GeneMark},{GlimmerHMM_glimmerT_5762-T1;GlimmerHMM}
116750	116874	internal+	2	3	{Augustus_model.g4795.t1;Augustus},{GeneMark_model.6183_t;GeneMark},{GlimmerHMM_glimmerT_5762-T1;GlimmerHMM}
116875	116945	INTRON			{Augustus_model.g4795.t1;Augustus},{GeneMark_model.6183_t;GeneMark},{GlimmerHMM_glimmerT_5762-T1;GlimmerHMM}
116946	117050	terminal+	1	3	{Augustus_model.g4795.t1;Augustus},{GeneMark_model.6183_t;GeneMark},{GlimmerHMM_glimmerT_5762-T1;GlimmerHMM}

# EVM prediction: Mode:STANDARD S-ratio: 5.51 117540-119338 orient(+) score(6444.00) noncoding_equivalent(1169.28) raw_noncoding(1397.00) offset(227.72) 
117540	117612	initial+	1	1	{GlimmerHMM_glimmerT_5763-T1;GlimmerHMM},{Augustus_model.g4796.t1;Augustus},{GeneMark_model.6184_t;GeneMark}
117613	117688	INTRON			{GlimmerHMM_glimmerT_5763-T1;GlimmerHMM},{Augustus_model.g4796.t1;Augustus},{GeneMark_model.6184_t;GeneMark}
117689	117929	internal+	2	2	{GlimmerHMM_glimmerT_5763-T1;GlimmerHMM},{Augustus_model.g4796.t1;Augustus},{GeneMark_model.6184_t;GeneMark}
117930	118000	INTRON			{GlimmerHMM_glimmerT_5763-T1;GlimmerHMM},{Augustus_model.g4796.t1;Augustus},{GeneMark_model.6184_t;GeneMark}
118001	118227	internal+	3	1	{GlimmerHMM_glimmerT_5763-T1;GlimmerHMM},{Augustus_model.g4796.t1;Augustus},{GeneMark_model.6184_t;GeneMark}
118228	118295	INTRON			{GlimmerHMM_glimmerT_5763-T1;GlimmerHMM},{Augustus_model.g4796.t1;Augustus},{GeneMark_model.6184_t;GeneMark}
118296	119338	terminal+	2	3	{GlimmerHMM_glimmerT_5763-T1;GlimmerHMM},{snap_scaffold_16-snap.116-T1;snap},{Augustus_model.g4796.t1;Augustus},{GeneMark_model.6184_t;GeneMark}

# EVM prediction: Mode:STANDARD S-ratio: 3.67 120909-122411 orient(+) score(4725.00) noncoding_equivalent(1287.00) raw_noncoding(1287.00) offset(0.00) 
120909	122411	single+	1	3	{GlimmerHMM_glimmerT_5764-T1;GlimmerHMM},{Augustus_model.g4797.t1;Augustus}

# EVM prediction: Mode:STANDARD S-ratio: 51.25 122612-125126 orient(-) score(9993.00) noncoding_equivalent(195.00) raw_noncoding(201.00) offset(6.00) 
122876	122612	terminal-	6	6	{Augustus_model.g4798.t1;Augustus},{GlimmerHMM_glimmerT_5765-T1;GlimmerHMM},{GeneMark_model.6186_t;GeneMark}
122943	122877	INTRON			{Augustus_model.g4798.t1;Augustus},{GlimmerHMM_glimmerT_5765-T1;GlimmerHMM},{GeneMark_model.6186_t;GeneMark}
125126	122944	initial-	4	5	{Augustus_model.g4798.t1;Augustus},{GlimmerHMM_glimmerT_5765-T1;GlimmerHMM},{GeneMark_model.6186_t;GeneMark}

# EVM prediction: Mode:STANDARD S-ratio: 3.30 125359-126942 orient(+) score(5171.00) noncoding_equivalent(1568.58) raw_noncoding(2055.00) offset(486.42) 
125359	125810	initial+	1	2	{GlimmerHMM_glimmerT_5766-T1;GlimmerHMM},{GeneMark_model.6187_t;GeneMark}
125811	125885	INTRON			{GlimmerHMM_glimmerT_5766-T1;GlimmerHMM},{Augustus_model.g4799.t1;Augustus},{GeneMark_model.6187_t;GeneMark}
125886	126216	internal+	3	3	{GlimmerHMM_glimmerT_5766-T1;GlimmerHMM},{Augustus_model.g4799.t1;Augustus},{GeneMark_model.6187_t;GeneMark}
126217	126360	INTRON			{GlimmerHMM_glimmerT_5766-T1;GlimmerHMM},{GeneMark_model.6187_t;GeneMark}
126361	126549	internal+	1	3	{GlimmerHMM_glimmerT_5766-T1;GlimmerHMM},{GeneMark_model.6187_t;GeneMark}
126550	126681	INTRON			{GlimmerHMM_glimmerT_5766-T1;GlimmerHMM},{Augustus_model.g4799.t1;Augustus},{GeneMark_model.6187_t;GeneMark}
126682	126942	terminal+	1	3	{GlimmerHMM_glimmerT_5766-T1;GlimmerHMM},{Augustus_model.g4799.t1;Augustus},{GeneMark_model.6187_t;GeneMark},{snap_scaffold_16-snap.120-T1;snap}

# EVM prediction: Mode:STANDARD S-ratio: 7.01 127245-127871 orient(-) score(2362.00) noncoding_equivalent(337.00) raw_noncoding(429.00) offset(92.00) 
127279	127245	terminal-	5	6	{Augustus_model.g4800.t1;Augustus},{GeneMark_model.6188_t;GeneMark},{GlimmerHMM_glimmerT_5767-T1;GlimmerHMM}
127381	127280	INTRON			{Augustus_model.g4800.t1;Augustus},{GeneMark_model.6188_t;GeneMark},{GlimmerHMM_glimmerT_5767-T1;GlimmerHMM}
127871	127382	initial-	4	4	{Augustus_model.g4800.t1;Augustus},{GeneMark_model.6188_t;GeneMark}

# EVM prediction: Mode:STANDARD S-ratio: 3.19 128123-129509 orient(-) score(7021.00) noncoding_equivalent(2198.61) raw_noncoding(3299.02) offset(1100.41) 
128189	128123	terminal-	6	6	{HiQ_model.g4801.t1;HiQ},{GeneMark_model.6189_t;GeneMark}
128264	128190	INTRON			{HiQ_model.g4801.t1;HiQ},{GeneMark_model.6189_t;GeneMark},{ev_type:exonerate/ID=match.2566964.4402/Target=lcl|PJQD01000020_1_prot_POY74983_1_2003;exonerate}
128308	128265	internal-	4	5	{HiQ_model.g4801.t1;HiQ},{GeneMark_model.6189_t;GeneMark},{ev_type:exonerate/ID=match.2566964.4402/Target=lcl|PJQD01000020_1_prot_POY74983_1_2003;exonerate}
128381	128309	INTRON			{HiQ_model.g4801.t1;HiQ},{GeneMark_model.6189_t;GeneMark},{ev_type:exonerate/ID=match.2566964.4402/Target=lcl|PJQD01000020_1_prot_POY74983_1_2003;exonerate}
128865	128382	internal-	6	6	{HiQ_model.g4801.t1;HiQ},{GeneMark_model.6189_t;GeneMark},{GlimmerHMM_glimmerT_5767-T1;GlimmerHMM},{ev_type:exonerate/ID=match.2566964.4402/Target=lcl|PJQD01000020_1_prot_POY74983_1_2003;exonerate}
128977	128866	INTRON			{HiQ_model.g4801.t1;HiQ},{GeneMark_model.6189_t;GeneMark},{GlimmerHMM_glimmerT_5767-T1;GlimmerHMM},{ev_type:exonerate/ID=match.2566964.4402/Target=lcl|PJQD01000020_1_prot_POY74983_1_2003;exonerate}
129162	128978	internal-	4	5	{HiQ_model.g4801.t1;HiQ},{GeneMark_model.6189_t;GeneMark},{GlimmerHMM_glimmerT_5767-T1;GlimmerHMM},{ev_type:exonerate/ID=match.2566964.4402/Target=lcl|PJQD01000020_1_prot_POY74983_1_2003;exonerate}
129271	129163	INTRON			{HiQ_model.g4801.t1;HiQ},{GeneMark_model.6189_t;GeneMark},{GlimmerHMM_glimmerT_5767-T1;GlimmerHMM},{ev_type:exonerate/ID=match.2566964.4402/Target=lcl|PJQD01000020_1_prot_POY74983_1_2003;exonerate}
129373	129272	internal-	4	6	{HiQ_model.g4801.t1;HiQ},{GeneMark_model.6189_t;GeneMark},{ev_type:exonerate/ID=match.2566964.4402/Target=lcl|PJQD01000020_1_prot_POY74983_1_2003;exonerate}
129473	129374	INTRON			{HiQ_model.g4801.t1;HiQ},{GeneMark_model.6189_t;GeneMark},{ev_type:exonerate/ID=match.2566964.4402/Target=lcl|PJQD01000020_1_prot_POY74983_1_2003;exonerate}
129509	129474	initial-	4	6	{HiQ_model.g4801.t1;HiQ},{GeneMark_model.6189_t;GeneMark}

# EVM prediction: Mode:STANDARD S-ratio: 2.28 129839-131351 orient(-) score(4405.00) noncoding_equivalent(1935.60) raw_noncoding(2596.00) offset(660.40) 
130188	129839	terminal-	5	6	{GeneMark_model.6190_t;GeneMark},{Augustus_model.g4802.t1;Augustus},{GlimmerHMM_glimmerT_5768-T1;GlimmerHMM}
130260	130189	INTRON			{GeneMark_model.6190_t;GeneMark},{Augustus_model.g4802.t1;Augustus},{GlimmerHMM_glimmerT_5768-T1;GlimmerHMM}
130463	130261	internal-	6	4	{GeneMark_model.6190_t;GeneMark},{Augustus_model.g4802.t1;Augustus},{GlimmerHMM_glimmerT_5768-T1;GlimmerHMM}
130540	130464	INTRON			{GeneMark_model.6190_t;GeneMark},{Augustus_model.g4802.t1;Augustus}
130553	130541	internal-	5	5	{GeneMark_model.6190_t;GeneMark},{Augustus_model.g4802.t1;Augustus}
130635	130554	INTRON			{GeneMark_model.6190_t;GeneMark},{Augustus_model.g4802.t1;Augustus}
130676	130636	internal-	6	4	{GeneMark_model.6190_t;GeneMark},{Augustus_model.g4802.t1;Augustus}
130739	130677	INTRON			{GeneMark_model.6190_t;GeneMark},{Augustus_model.g4802.t1;Augustus}
130922	130740	internal-	6	5	{GeneMark_model.6190_t;GeneMark},{Augustus_model.g4802.t1;Augustus},{GlimmerHMM_glimmerT_5768-T1;GlimmerHMM}
131001	130923	INTRON			{GeneMark_model.6190_t;GeneMark},{Augustus_model.g4802.t1;Augustus},{GlimmerHMM_glimmerT_5768-T1;GlimmerHMM}
131243	131002	internal-	4	5	{GeneMark_model.6190_t;GeneMark},{Augustus_model.g4802.t1;Augustus}
131312	131244	INTRON			{GeneMark_model.6190_t;GeneMark},{Augustus_model.g4802.t1;Augustus}
131351	131313	initial-	4	6	{GeneMark_model.6190_t;GeneMark},{Augustus_model.g4802.t1;Augustus}

# EVM prediction: Mode:STANDARD S-ratio: 1.89 132240-133635 orient(-) score(3650.00) noncoding_equivalent(1932.00) raw_noncoding(2806.00) offset(874.00) 
132353	132240	terminal-	4	6	{GlimmerHMM_glimmerT_5769-T1;GlimmerHMM},{GeneMark_model.6191_t;GeneMark},{Augustus_model.g4803.t1;Augustus}
132891	132354	INTRON			{GlimmerHMM_glimmerT_5769-T1;GlimmerHMM},{Augustus_model.g4803.t1;Augustus}
133635	132892	initial-	4	6	{GlimmerHMM_glimmerT_5769-T1;GlimmerHMM},{GeneMark_model.6191_t;GeneMark},{Augustus_model.g4803.t1;Augustus}

# EVM prediction: Mode:STANDARD S-ratio: 2.49 133809-137982 orient(+) score(16724.00) noncoding_equivalent(6710.39) raw_noncoding(8575.00) offset(1864.61) 
133809	133998	initial+	1	1	{GeneMark_model.6192_t;GeneMark},{Augustus_model.g4804.t1;Augustus},{GlimmerHMM_glimmerT_5770-T1;GlimmerHMM}
133999	134286	INTRON			{GeneMark_model.6192_t;GeneMark},{Augustus_model.g4804.t1;Augustus},{GlimmerHMM_glimmerT_5770-T1;GlimmerHMM},{ev_type:exonerate/ID=match.2566964.4374/Target=lcl|PJQD01000020_1_prot_POY74986_1_2006;exonerate}
134287	134321	internal+	2	3	{GeneMark_model.6192_t;GeneMark},{Augustus_model.g4804.t1;Augustus},{GlimmerHMM_glimmerT_5770-T1;GlimmerHMM},{ev_type:exonerate/ID=match.2566964.4374/Target=lcl|PJQD01000020_1_prot_POY74986_1_2006;exonerate}
134322	134390	INTRON			{GeneMark_model.6192_t;GeneMark},{Augustus_model.g4804.t1;Augustus},{GlimmerHMM_glimmerT_5770-T1;GlimmerHMM},{ev_type:exonerate/ID=match.2566964.4374/Target=lcl|PJQD01000020_1_prot_POY74986_1_2006;exonerate}
134391	134696	internal+	1	3	{GeneMark_model.6192_t;GeneMark},{Augustus_model.g4804.t1;Augustus},{GlimmerHMM_glimmerT_5770-T1;GlimmerHMM},{ev_type:exonerate/ID=match.2566964.4374/Target=lcl|PJQD01000020_1_prot_POY74986_1_2006;exonerate}
134697	134763	INTRON			{GeneMark_model.6192_t;GeneMark},{Augustus_model.g4804.t1;Augustus},{GlimmerHMM_glimmerT_5770-T1;GlimmerHMM},{ev_type:exonerate/ID=match.2566964.4374/Target=lcl|PJQD01000020_1_prot_POY74986_1_2006;exonerate}
134764	134932	internal+	1	1	{GeneMark_model.6192_t;GeneMark},{Augustus_model.g4804.t1;Augustus},{GlimmerHMM_glimmerT_5770-T1;GlimmerHMM},{ev_type:exonerate/ID=match.2566964.4374/Target=lcl|PJQD01000020_1_prot_POY74986_1_2006;exonerate}
134933	135029	INTRON			{GeneMark_model.6192_t;GeneMark},{Augustus_model.g4804.t1;Augustus},{GlimmerHMM_glimmerT_5770-T1;GlimmerHMM},{ev_type:exonerate/ID=match.2566964.4374/Target=lcl|PJQD01000020_1_prot_POY74986_1_2006;exonerate}
135030	135320	internal+	2	1	{GeneMark_model.6192_t;GeneMark},{Augustus_model.g4804.t1;Augustus},{GlimmerHMM_glimmerT_5770-T1;GlimmerHMM},{ev_type:exonerate/ID=match.2566964.4374/Target=lcl|PJQD01000020_1_prot_POY74986_1_2006;exonerate}
135321	135435	INTRON			{GeneMark_model.6192_t;GeneMark},{Augustus_model.g4804.t1;Augustus},{GlimmerHMM_glimmerT_5770-T1;GlimmerHMM},{ev_type:exonerate/ID=match.2566964.4374/Target=lcl|PJQD01000020_1_prot_POY74986_1_2006;exonerate}
135436	135545	internal+	2	3	{GeneMark_model.6192_t;GeneMark},{Augustus_model.g4804.t1;Augustus},{GlimmerHMM_glimmerT_5770-T1;GlimmerHMM},{ev_type:exonerate/ID=match.2566964.4374/Target=lcl|PJQD01000020_1_prot_POY74986_1_2006;exonerate}
135546	135690	INTRON			{GeneMark_model.6192_t;GeneMark},{Augustus_model.g4804.t1;Augustus},{GlimmerHMM_glimmerT_5770-T1;GlimmerHMM},{ev_type:exonerate/ID=match.2566964.4374/Target=lcl|PJQD01000020_1_prot_POY74986_1_2006;exonerate}
135691	135850	internal+	1	1	{GeneMark_model.6192_t;GeneMark},{Augustus_model.g4804.t1;Augustus},{GlimmerHMM_glimmerT_5770-T1;GlimmerHMM},{ev_type:exonerate/ID=match.2566964.4374/Target=lcl|PJQD01000020_1_prot_POY74986_1_2006;exonerate}
135851	135950	INTRON			{GeneMark_model.6192_t;GeneMark},{Augustus_model.g4804.t1;Augustus},{GlimmerHMM_glimmerT_5770-T1;GlimmerHMM},{ev_type:exonerate/ID=match.2566964.4374/Target=lcl|PJQD01000020_1_prot_POY74986_1_2006;exonerate}
135951	136000	internal+	2	3	{GeneMark_model.6192_t;GeneMark},{Augustus_model.g4804.t1;Augustus},{GlimmerHMM_glimmerT_5770-T1;GlimmerHMM},{ev_type:exonerate/ID=match.2566964.4374/Target=lcl|PJQD01000020_1_prot_POY74986_1_2006;exonerate}
136001	136085	INTRON			{GeneMark_model.6192_t;GeneMark},{Augustus_model.g4804.t1;Augustus},{GlimmerHMM_glimmerT_5770-T1;GlimmerHMM},{ev_type:exonerate/ID=match.2566964.4374/Target=lcl|PJQD01000020_1_prot_POY74986_1_2006;exonerate}
136086	136292	internal+	1	3	{GeneMark_model.6192_t;GeneMark},{Augustus_model.g4804.t1;Augustus},{GlimmerHMM_glimmerT_5770-T1;GlimmerHMM},{ev_type:exonerate/ID=match.2566964.4374/Target=lcl|PJQD01000020_1_prot_POY74986_1_2006;exonerate}
136293	136371	INTRON			{GeneMark_model.6192_t;GeneMark},{Augustus_model.g4804.t1;Augustus},{GlimmerHMM_glimmerT_5770-T1;GlimmerHMM},{ev_type:exonerate/ID=match.2566964.4374/Target=lcl|PJQD01000020_1_prot_POY74986_1_2006;exonerate}
136372	136464	internal+	1	3	{GeneMark_model.6192_t;GeneMark},{Augustus_model.g4804.t1;Augustus},{GlimmerHMM_glimmerT_5770-T1;GlimmerHMM},{ev_type:exonerate/ID=match.2566964.4374/Target=lcl|PJQD01000020_1_prot_POY74986_1_2006;exonerate}
136465	136559	INTRON			{GeneMark_model.6192_t;GeneMark},{Augustus_model.g4804.t1;Augustus},{GlimmerHMM_glimmerT_5770-T1;GlimmerHMM},{ev_type:exonerate/ID=match.2566964.4374/Target=lcl|PJQD01000020_1_prot_POY74986_1_2006;exonerate}
136560	136748	internal+	1	3	{GeneMark_model.6192_t;GeneMark},{Augustus_model.g4804.t1;Augustus},{GlimmerHMM_glimmerT_5770-T1;GlimmerHMM},{ev_type:exonerate/ID=match.2566964.4374/Target=lcl|PJQD01000020_1_prot_POY74986_1_2006;exonerate}
136749	136817	INTRON			{GeneMark_model.6192_t;GeneMark},{Augustus_model.g4804.t1;Augustus},{ev_type:exonerate/ID=match.2566964.4374/Target=lcl|PJQD01000020_1_prot_POY74986_1_2006;exonerate}
136818	136854	internal+	1	1	{GeneMark_model.6192_t;GeneMark},{Augustus_model.g4804.t1;Augustus},{ev_type:exonerate/ID=match.2566964.4374/Target=lcl|PJQD01000020_1_prot_POY74986_1_2006;exonerate}
136855	136916	INTRON			{GeneMark_model.6192_t;GeneMark},{Augustus_model.g4804.t1;Augustus},{ev_type:exonerate/ID=match.2566964.4374/Target=lcl|PJQD01000020_1_prot_POY74986_1_2006;exonerate}
136917	137143	internal+	2	3	{GeneMark_model.6192_t;GeneMark},{Augustus_model.g4804.t1;Augustus},{ev_type:exonerate/ID=match.2566964.4374/Target=lcl|PJQD01000020_1_prot_POY74986_1_2006;exonerate}
137144	137215	INTRON			{GeneMark_model.6192_t;GeneMark},{Augustus_model.g4804.t1;Augustus},{GlimmerHMM_glimmerT_5770-T1;GlimmerHMM},{ev_type:exonerate/ID=match.2566964.4374/Target=lcl|PJQD01000020_1_prot_POY74986_1_2006;exonerate}
137216	137383	internal+	1	3	{GeneMark_model.6192_t;GeneMark},{Augustus_model.g4804.t1;Augustus},{GlimmerHMM_glimmerT_5770-T1;GlimmerHMM},{ev_type:exonerate/ID=match.2566964.4374/Target=lcl|PJQD01000020_1_prot_POY74986_1_2006;exonerate}
137384	137459	INTRON			{GeneMark_model.6192_t;GeneMark},{Augustus_model.g4804.t1;Augustus},{ev_type:exonerate/ID=match.2566964.4374/Target=lcl|PJQD01000020_1_prot_POY74986_1_2006;exonerate}
137460	137477	internal+	1	3	{GeneMark_model.6192_t;GeneMark},{Augustus_model.g4804.t1;Augustus},{ev_type:exonerate/ID=match.2566964.4374/Target=lcl|PJQD01000020_1_prot_POY74986_1_2006;exonerate}
137478	137568	INTRON			{GeneMark_model.6192_t;GeneMark},{Augustus_model.g4804.t1;Augustus},{ev_type:exonerate/ID=match.2566964.4374/Target=lcl|PJQD01000020_1_prot_POY74986_1_2006;exonerate}
137569	137805	internal+	1	3	{GeneMark_model.6192_t;GeneMark},{Augustus_model.g4804.t1;Augustus},{GlimmerHMM_glimmerT_5770-T1;GlimmerHMM},{ev_type:exonerate/ID=match.2566964.4374/Target=lcl|PJQD01000020_1_prot_POY74986_1_2006;exonerate}
137806	137904	INTRON			{GeneMark_model.6192_t;GeneMark},{Augustus_model.g4804.t1;Augustus},{GlimmerHMM_glimmerT_5770-T1;GlimmerHMM},{ev_type:exonerate/ID=match.2566964.4374/Target=lcl|PJQD01000020_1_prot_POY74986_1_2006;exonerate}
137905	137982	terminal+	1	3	{GeneMark_model.6192_t;GeneMark},{Augustus_model.g4804.t1;Augustus},{GlimmerHMM_glimmerT_5770-T1;GlimmerHMM}

# EVM prediction: Mode:STANDARD S-ratio: 2.41 138176-138996 orient(-) score(2661.00) noncoding_equivalent(1103.96) raw_noncoding(1358.00) offset(254.04) 
138364	138176	terminal-	4	6	{snap_scaffold_16-snap.126-T1;snap},{GlimmerHMM_glimmerT_5771-T1;GlimmerHMM},{GeneMark_model.6193_t;GeneMark},{Augustus_model.g4805.t1;Augustus}
138514	138365	INTRON			{GlimmerHMM_glimmerT_5771-T1;GlimmerHMM},{GeneMark_model.6193_t;GeneMark},{Augustus_model.g4805.t1;Augustus}
138721	138515	internal-	4	6	{GlimmerHMM_glimmerT_5771-T1;GlimmerHMM},{GeneMark_model.6193_t;GeneMark},{Augustus_model.g4805.t1;Augustus}
138816	138722	INTRON			{GlimmerHMM_glimmerT_5771-T1;GlimmerHMM},{GeneMark_model.6193_t;GeneMark},{Augustus_model.g4805.t1;Augustus}
138996	138817	initial-	4	6	{GlimmerHMM_glimmerT_5771-T1;GlimmerHMM},{GeneMark_model.6193_t;GeneMark},{Augustus_model.g4805.t1;Augustus}

# EVM prediction: Mode:STANDARD S-ratio: 3.19 139260-143328 orient(-) score(13421.00) noncoding_equivalent(4211.12) raw_noncoding(6139.00) offset(1927.88) 
140287	139260	terminal-	5	6	{snap_scaffold_16-snap.127-T1;snap},{GlimmerHMM_glimmerT_5772-T1;GlimmerHMM},{Augustus_model.g4806.t1;Augustus},{GeneMark_model.6194_t;GeneMark}
140371	140288	INTRON			{GlimmerHMM_glimmerT_5772-T1;GlimmerHMM},{Augustus_model.g4806.t1;Augustus},{GeneMark_model.6194_t;GeneMark}
140987	140372	internal-	4	4	{Augustus_model.g4806.t1;Augustus},{GeneMark_model.6194_t;GeneMark}
141057	140988	INTRON			{Augustus_model.g4806.t1;Augustus},{GeneMark_model.6194_t;GeneMark}
141137	141058	internal-	5	6	{Augustus_model.g4806.t1;Augustus},{GeneMark_model.6194_t;GeneMark}
141722	141138	INTRON			{Augustus_model.g4806.t1;Augustus},{GeneMark_model.6194_t;GeneMark}
141885	141723	internal-	4	4	{GlimmerHMM_glimmerT_5772-T1;GlimmerHMM},{Augustus_model.g4806.t1;Augustus},{GeneMark_model.6194_t;GeneMark}
141975	141886	INTRON			{GlimmerHMM_glimmerT_5772-T1;GlimmerHMM},{Augustus_model.g4806.t1;Augustus},{GeneMark_model.6194_t;GeneMark}
141995	141976	internal-	5	6	{GlimmerHMM_glimmerT_5772-T1;GlimmerHMM},{Augustus_model.g4806.t1;Augustus},{GeneMark_model.6194_t;GeneMark}
142082	141996	INTRON			{GlimmerHMM_glimmerT_5772-T1;GlimmerHMM},{Augustus_model.g4806.t1;Augustus},{GeneMark_model.6194_t;GeneMark}
142204	142083	internal-	6	4	{GlimmerHMM_glimmerT_5772-T1;GlimmerHMM},{Augustus_model.g4806.t1;Augustus},{GeneMark_model.6194_t;GeneMark}
142267	142205	INTRON			{GlimmerHMM_glimmerT_5772-T1;GlimmerHMM},{Augustus_model.g4806.t1;Augustus},{GeneMark_model.6194_t;GeneMark}
142374	142268	internal-	4	5	{GlimmerHMM_glimmerT_5772-T1;GlimmerHMM},{Augustus_model.g4806.t1;Augustus},{GeneMark_model.6194_t;GeneMark}
142468	142375	INTRON			{GlimmerHMM_glimmerT_5772-T1;GlimmerHMM},{Augustus_model.g4806.t1;Augustus},{GeneMark_model.6194_t;GeneMark}
142817	142469	internal-	6	6	{GlimmerHMM_glimmerT_5772-T1;GlimmerHMM},{Augustus_model.g4806.t1;Augustus},{GeneMark_model.6194_t;GeneMark}
143033	142818	INTRON			{GlimmerHMM_glimmerT_5772-T1;GlimmerHMM},{Augustus_model.g4806.t1;Augustus},{GeneMark_model.6194_t;GeneMark}
143098	143034	internal-	4	5	{GlimmerHMM_glimmerT_5772-T1;GlimmerHMM},{Augustus_model.g4806.t1;Augustus},{GeneMark_model.6194_t;GeneMark}
143160	143099	INTRON			{GlimmerHMM_glimmerT_5772-T1;GlimmerHMM},{Augustus_model.g4806.t1;Augustus},{GeneMark_model.6194_t;GeneMark}
143328	143161	initial-	4	6	{GlimmerHMM_glimmerT_5772-T1;GlimmerHMM},{GeneMark_model.6194_t;GeneMark}

# EVM prediction: Mode:STANDARD S-ratio: 3.53 143539-145525 orient(-) score(6779.00) noncoding_equivalent(1918.29) raw_noncoding(2320.00) offset(401.71) 
144082	143539	terminal-	6	6	{GlimmerHMM_glimmerT_5773-T1;GlimmerHMM},{Augustus_model.g4807.t1;Augustus},{GeneMark_model.6195_t;GeneMark},{snap_scaffold_16-snap.130-T1;snap}
144155	144083	INTRON			{GlimmerHMM_glimmerT_5773-T1;GlimmerHMM},{Augustus_model.g4807.t1;Augustus},{GeneMark_model.6195_t;GeneMark}
144412	144156	internal-	4	5	{GlimmerHMM_glimmerT_5773-T1;GlimmerHMM},{Augustus_model.g4807.t1;Augustus},{GeneMark_model.6195_t;GeneMark}
144478	144413	INTRON			{GlimmerHMM_glimmerT_5773-T1;GlimmerHMM},{Augustus_model.g4807.t1;Augustus},{GeneMark_model.6195_t;GeneMark}
144564	144479	internal-	5	6	{GlimmerHMM_glimmerT_5773-T1;GlimmerHMM},{Augustus_model.g4807.t1;Augustus},{GeneMark_model.6195_t;GeneMark}
144637	144565	INTRON			{GlimmerHMM_glimmerT_5773-T1;GlimmerHMM},{Augustus_model.g4807.t1;Augustus},{GeneMark_model.6195_t;GeneMark}
144766	144638	internal-	5	4	{GlimmerHMM_glimmerT_5773-T1;GlimmerHMM},{Augustus_model.g4807.t1;Augustus},{GeneMark_model.6195_t;GeneMark}
144874	144767	INTRON			{GlimmerHMM_glimmerT_5773-T1;GlimmerHMM},{Augustus_model.g4807.t1;Augustus},{GeneMark_model.6195_t;GeneMark}
145191	144875	internal-	6	4	{GlimmerHMM_glimmerT_5773-T1;GlimmerHMM},{Augustus_model.g4807.t1;Augustus},{GeneMark_model.6195_t;GeneMark}
145256	145192	INTRON			{GlimmerHMM_glimmerT_5773-T1;GlimmerHMM},{Augustus_model.g4807.t1;Augustus},{GeneMark_model.6195_t;GeneMark}
145525	145257	initial-	4	5	{GlimmerHMM_glimmerT_5773-T1;GlimmerHMM},{Augustus_model.g4807.t1;Augustus},{GeneMark_model.6195_t;GeneMark}

# EVM prediction: Mode:STANDARD S-ratio: 2.02 145727-152206 orient(+) score(18392.00) noncoding_equivalent(9112.87) raw_noncoding(13089.00) offset(3976.13) 
145727	146305	initial+	1	3	{GeneMark_model.6196_t;GeneMark},{GlimmerHMM_glimmerT_5774-T1;GlimmerHMM}
146306	146366	INTRON			{GeneMark_model.6196_t;GeneMark},{GlimmerHMM_glimmerT_5774-T1;GlimmerHMM},{Augustus_model.g4808.t1;Augustus}
146367	146428	internal+	1	2	{GeneMark_model.6196_t;GeneMark},{GlimmerHMM_glimmerT_5774-T1;GlimmerHMM},{Augustus_model.g4808.t1;Augustus}
146429	146491	INTRON			{GeneMark_model.6196_t;GeneMark},{GlimmerHMM_glimmerT_5774-T1;GlimmerHMM},{Augustus_model.g4808.t1;Augustus}
146492	147079	internal+	3	2	{GeneMark_model.6196_t;GeneMark},{GlimmerHMM_glimmerT_5774-T1;GlimmerHMM}
147080	147143	INTRON			{GeneMark_model.6196_t;GeneMark},{GlimmerHMM_glimmerT_5774-T1;GlimmerHMM},{Augustus_model.g4808.t1;Augustus}
147144	147181	internal+	3	1	{GeneMark_model.6196_t;GeneMark},{GlimmerHMM_glimmerT_5774-T1;GlimmerHMM},{Augustus_model.g4808.t1;Augustus}
147182	147241	INTRON			{GeneMark_model.6196_t;GeneMark},{GlimmerHMM_glimmerT_5774-T1;GlimmerHMM},{Augustus_model.g4808.t1;Augustus}
147242	147752	internal+	2	2	{GeneMark_model.6196_t;GeneMark},{GlimmerHMM_glimmerT_5774-T1;GlimmerHMM},{Augustus_model.g4808.t1;Augustus}
147753	147825	INTRON			{GeneMark_model.6196_t;GeneMark},{Augustus_model.g4808.t1;Augustus}
147826	147891	internal+	3	2	{GeneMark_model.6196_t;GeneMark},{Augustus_model.g4808.t1;Augustus}
147892	147967	INTRON			{GeneMark_model.6196_t;GeneMark},{Augustus_model.g4808.t1;Augustus}
147968	148119	internal+	3	1	{GeneMark_model.6196_t;GeneMark},{Augustus_model.g4808.t1;Augustus}
148120	148734	INTRON			{GeneMark_model.6196_t;GeneMark},{Augustus_model.g4808.t1;Augustus}
148735	148826	internal+	2	3	{GeneMark_model.6196_t;GeneMark},{Augustus_model.g4808.t1;Augustus}
148827	149275	INTRON			{GeneMark_model.6196_t;GeneMark},{Augustus_model.g4808.t1;Augustus}
149276	149322	internal+	1	2	{GeneMark_model.6196_t;GeneMark},{Augustus_model.g4808.t1;Augustus}
149323	149386	INTRON			{GeneMark_model.6196_t;GeneMark},{Augustus_model.g4808.t1;Augustus}
149387	149415	internal+	3	1	{GeneMark_model.6196_t;GeneMark},{Augustus_model.g4808.t1;Augustus}
149416	149493	INTRON			{GeneMark_model.6196_t;GeneMark},{Augustus_model.g4808.t1;Augustus}
149494	149738	internal+	2	3	{GeneMark_model.6196_t;GeneMark},{GlimmerHMM_glimmerT_5775-T1;GlimmerHMM},{Augustus_model.g4808.t1;Augustus}
149739	149880	INTRON			{GeneMark_model.6196_t;GeneMark},{Augustus_model.g4808.t1;Augustus}
149881	149910	internal+	1	3	{GeneMark_model.6196_t;GeneMark},{Augustus_model.g4808.t1;Augustus}
149911	149981	INTRON			{GeneMark_model.6196_t;GeneMark},{Augustus_model.g4808.t1;Augustus}
149982	150188	internal+	1	3	{GeneMark_model.6196_t;GeneMark},{GlimmerHMM_glimmerT_5775-T1;GlimmerHMM},{Augustus_model.g4808.t1;Augustus}
150189	150306	INTRON			{GeneMark_model.6196_t;GeneMark},{GlimmerHMM_glimmerT_5775-T1;GlimmerHMM},{Augustus_model.g4808.t1;Augustus}
150307	150351	internal+	1	3	{GeneMark_model.6196_t;GeneMark},{GlimmerHMM_glimmerT_5775-T1;GlimmerHMM},{Augustus_model.g4808.t1;Augustus}
150352	150436	INTRON			{GeneMark_model.6196_t;GeneMark},{Augustus_model.g4808.t1;Augustus}
150437	150529	internal+	1	3	{GeneMark_model.6196_t;GeneMark},{Augustus_model.g4808.t1;Augustus}
150530	150599	INTRON			{GeneMark_model.6196_t;GeneMark},{Augustus_model.g4808.t1;Augustus}
150600	150613	internal+	1	2	{GeneMark_model.6196_t;GeneMark},{GlimmerHMM_glimmerT_5775-T1;GlimmerHMM},{Augustus_model.g4808.t1;Augustus}
150614	150673	INTRON			{GeneMark_model.6196_t;GeneMark},{GlimmerHMM_glimmerT_5775-T1;GlimmerHMM},{Augustus_model.g4808.t1;Augustus}
150674	150759	internal+	3	1	{GeneMark_model.6196_t;GeneMark},{GlimmerHMM_glimmerT_5775-T1;GlimmerHMM},{Augustus_model.g4808.t1;Augustus}
150760	150830	INTRON			{GeneMark_model.6196_t;GeneMark},{GlimmerHMM_glimmerT_5775-T1;GlimmerHMM},{Augustus_model.g4808.t1;Augustus}
150831	150910	internal+	2	3	{GeneMark_model.6196_t;GeneMark},{GlimmerHMM_glimmerT_5775-T1;GlimmerHMM},{Augustus_model.g4808.t1;Augustus}
150911	151001	INTRON			{GeneMark_model.6196_t;GeneMark},{GlimmerHMM_glimmerT_5775-T1;GlimmerHMM},{Augustus_model.g4808.t1;Augustus}
151002	151118	internal+	1	3	{GeneMark_model.6196_t;GeneMark},{GlimmerHMM_glimmerT_5775-T1;GlimmerHMM},{Augustus_model.g4808.t1;Augustus}
151119	151191	INTRON			{GeneMark_model.6196_t;GeneMark},{GlimmerHMM_glimmerT_5775-T1;GlimmerHMM},{Augustus_model.g4808.t1;Augustus}
151192	151405	internal+	1	1	{GeneMark_model.6196_t;GeneMark},{GlimmerHMM_glimmerT_5775-T1;GlimmerHMM},{Augustus_model.g4808.t1;Augustus}
151406	151475	INTRON			{GeneMark_model.6196_t;GeneMark},{GlimmerHMM_glimmerT_5775-T1;GlimmerHMM},{Augustus_model.g4808.t1;Augustus}
151476	151502	internal+	2	1	{GeneMark_model.6196_t;GeneMark},{GlimmerHMM_glimmerT_5775-T1;GlimmerHMM},{Augustus_model.g4808.t1;Augustus}
151503	151562	INTRON			{snap_scaffold_16-snap.136-T1;snap},{GeneMark_model.6196_t;GeneMark},{GlimmerHMM_glimmerT_5775-T1;GlimmerHMM},{Augustus_model.g4808.t1;Augustus}
151563	151947	internal+	2	2	{GlimmerHMM_glimmerT_5775-T1;GlimmerHMM}
151948	151977	INTRON			{GlimmerHMM_glimmerT_5775-T1;GlimmerHMM}
151978	152206	terminal+	3	3	{GlimmerHMM_glimmerT_5775-T1;GlimmerHMM}

# EVM prediction: Mode:STANDARD S-ratio: 1.76 152544-153790 orient(+) score(3456.00) noncoding_equivalent(1964.50) raw_noncoding(2767.05) offset(802.55) 
152544	152866	initial+	1	2	{Augustus_model.g4809.t1;Augustus},{GeneMark_model.6197_t;GeneMark},{GlimmerHMM_glimmerT_5776-T1;GlimmerHMM}
152867	152988	INTRON			{Augustus_model.g4809.t1;Augustus},{GeneMark_model.6197_t;GeneMark},{GlimmerHMM_glimmerT_5776-T1;GlimmerHMM}
152989	153161	internal+	3	1	{Augustus_model.g4809.t1;Augustus},{GeneMark_model.6197_t;GeneMark},{GlimmerHMM_glimmerT_5776-T1;GlimmerHMM}
153162	153259	INTRON			{Augustus_model.g4809.t1;Augustus},{GeneMark_model.6197_t;GeneMark},{GlimmerHMM_glimmerT_5776-T1;GlimmerHMM}
153260	153321	internal+	2	3	{Augustus_model.g4809.t1;Augustus},{GeneMark_model.6197_t;GeneMark},{GlimmerHMM_glimmerT_5776-T1;GlimmerHMM}
153322	153387	INTRON			{Augustus_model.g4809.t1;Augustus},{GeneMark_model.6197_t;GeneMark}
153388	153429	internal+	1	3	{Augustus_model.g4809.t1;Augustus},{GeneMark_model.6197_t;GeneMark}
153430	153493	INTRON			{Augustus_model.g4809.t1;Augustus},{GeneMark_model.6197_t;GeneMark}
153494	153501	internal+	1	2	{Augustus_model.g4809.t1;Augustus},{GeneMark_model.6197_t;GeneMark}
153502	153596	INTRON			{Augustus_model.g4809.t1;Augustus},{GeneMark_model.6197_t;GeneMark}
153597	153644	internal+	3	2	{Augustus_model.g4809.t1;Augustus},{GeneMark_model.6197_t;GeneMark}
153645	153708	INTRON			{Augustus_model.g4809.t1;Augustus},{GeneMark_model.6197_t;GeneMark}
153709	153790	terminal+	3	3	{GeneMark_model.6197_t;GeneMark}

# EVM prediction: Mode:STANDARD S-ratio: 5.16 154160-156509 orient(+) score(7965.00) noncoding_equivalent(1543.36) raw_noncoding(1724.44) offset(181.09) 
154160	154297	initial+	1	3	{GeneMark_model.6198_t;GeneMark}
154298	154355	INTRON			{Augustus_model.g4809.t1;Augustus},{GeneMark_model.6198_t;GeneMark}
154356	154539	internal+	1	1	{Augustus_model.g4809.t1;Augustus},{GeneMark_model.6198_t;GeneMark}
154540	154608	INTRON			{Augustus_model.g4809.t1;Augustus},{GeneMark_model.6198_t;GeneMark}
154609	155709	internal+	2	1	{Augustus_model.g4809.t1;Augustus},{GeneMark_model.6198_t;GeneMark}
155710	155769	INTRON			{Augustus_model.g4809.t1;Augustus},{GlimmerHMM_glimmerT_5776-T1;GlimmerHMM},{GeneMark_model.6198_t;GeneMark}
155770	156509	terminal+	2	3	{GeneMark_model.6198_t;GeneMark}

# EVM prediction: Mode:STANDARD S-ratio: 1.79 156764-157718 orient(-) score(2683.00) noncoding_equivalent(1499.17) raw_noncoding(2029.00) offset(529.83) 
156945	156764	terminal-	5	6	{GeneMark_model.6199_t;GeneMark},{Augustus_model.g4810.t1;Augustus},{GlimmerHMM_glimmerT_5777-T1;GlimmerHMM}
157017	156946	INTRON			{GeneMark_model.6199_t;GeneMark},{Augustus_model.g4810.t1;Augustus},{GlimmerHMM_glimmerT_5777-T1;GlimmerHMM}
157107	157018	internal-	5	4	{GeneMark_model.6199_t;GeneMark},{Augustus_model.g4810.t1;Augustus},{GlimmerHMM_glimmerT_5777-T1;GlimmerHMM}
157181	157108	INTRON			{GeneMark_model.6199_t;GeneMark},{Augustus_model.g4810.t1;Augustus}
157194	157182	internal-	4	4	{GeneMark_model.6199_t;GeneMark},{Augustus_model.g4810.t1;Augustus}
157289	157195	INTRON			{GeneMark_model.6199_t;GeneMark},{Augustus_model.g4810.t1;Augustus}
157411	157290	internal-	5	6	{GeneMark_model.6199_t;GeneMark},{Augustus_model.g4810.t1;Augustus}
157525	157412	INTRON			{GeneMark_model.6199_t;GeneMark},{Augustus_model.g4810.t1;Augustus},{GlimmerHMM_glimmerT_5777-T1;GlimmerHMM}
157718	157526	initial-	4	4	{GeneMark_model.6199_t;GeneMark},{Augustus_model.g4810.t1;Augustus},{GlimmerHMM_glimmerT_5777-T1;GlimmerHMM}

# EVM prediction: Mode:STANDARD S-ratio: 6.57 158750-159432 orient(-) score(2368.00) noncoding_equivalent(360.18) raw_noncoding(668.00) offset(307.82) 
159234	158750	terminal-	5	6	{snap_scaffold_16-snap.139-T1;snap},{GeneMark_model.6200_t;GeneMark},{Augustus_model.g4811.t1;Augustus},{GlimmerHMM_glimmerT_5778-T1;GlimmerHMM}
159389	159235	INTRON			{Augustus_model.g4811.t1;Augustus},{GlimmerHMM_glimmerT_5778-T1;GlimmerHMM}
159432	159390	initial-	4	4	{GeneMark_model.6200_t;GeneMark},{GlimmerHMM_glimmerT_5778-T1;GlimmerHMM}

# EVM prediction: Mode:STANDARD S-ratio: 212.63 160049-162787 orient(+) score(10903.00) noncoding_equivalent(51.28) raw_noncoding(51.28) offset(0.00) 
160049	162787	single+	1	3	{GeneMark_model.6201_t;GeneMark},{GlimmerHMM_glimmerT_5779-T1;GlimmerHMM},{Augustus_model.g4812.t1;Augustus}

# EVM prediction: Mode:STANDARD S-ratio: 1.93 162866-164085 orient(-) score(3498.00) noncoding_equivalent(1812.00) raw_noncoding(2045.00) offset(233.00) 
163337	162866	terminal-	6	6	{GeneMark_model.6202_t;GeneMark},{GlimmerHMM_glimmerT_5780-T1;GlimmerHMM},{Augustus_model.g4813.t1;Augustus}
163403	163338	INTRON			{GeneMark_model.6202_t;GeneMark},{GlimmerHMM_glimmerT_5780-T1;GlimmerHMM},{Augustus_model.g4813.t1;Augustus}
163533	163404	internal-	5	5	{GeneMark_model.6202_t;GeneMark},{GlimmerHMM_glimmerT_5780-T1;GlimmerHMM},{Augustus_model.g4813.t1;Augustus}
163601	163534	INTRON			{GeneMark_model.6202_t;GeneMark},{GlimmerHMM_glimmerT_5780-T1;GlimmerHMM},{Augustus_model.g4813.t1;Augustus}
163707	163602	internal-	4	4	{GeneMark_model.6202_t;GeneMark},{GlimmerHMM_glimmerT_5780-T1;GlimmerHMM},{Augustus_model.g4813.t1;Augustus}
163794	163708	INTRON			{GeneMark_model.6202_t;GeneMark},{GlimmerHMM_glimmerT_5780-T1;GlimmerHMM},{Augustus_model.g4813.t1;Augustus}
164085	163795	initial-	4	6	{GeneMark_model.6202_t;GeneMark},{GlimmerHMM_glimmerT_5780-T1;GlimmerHMM}

# EVM prediction: Mode:STANDARD S-ratio: 19.48 164377-165874 orient(+) score(5697.00) noncoding_equivalent(292.45) raw_noncoding(418.00) offset(125.55) 
164377	164477	initial+	1	2	{Augustus_model.g4814.t1;Augustus},{GeneMark_model.6203_t;GeneMark}
164478	164541	INTRON			{Augustus_model.g4814.t1;Augustus},{GeneMark_model.6203_t;GeneMark}
164542	165874	terminal+	3	3	{Augustus_model.g4814.t1;Augustus},{GeneMark_model.6203_t;GeneMark}

# EVM prediction: Mode:STANDARD S-ratio: 2.37 166155-168025 orient(+) score(5728.00) noncoding_equivalent(2413.51) raw_noncoding(2846.00) offset(432.49) 
166155	166720	initial+	1	2	{Augustus_model.g4815.t1;Augustus},{GeneMark_model.6204_t;GeneMark},{GlimmerHMM_glimmerT_5782-T1;GlimmerHMM}
166721	166812	INTRON			{Augustus_model.g4815.t1;Augustus},{GeneMark_model.6204_t;GeneMark},{GlimmerHMM_glimmerT_5782-T1;GlimmerHMM}
166813	166903	internal+	3	3	{Augustus_model.g4815.t1;Augustus},{GeneMark_model.6204_t;GeneMark},{GlimmerHMM_glimmerT_5782-T1;GlimmerHMM}
166904	166978	INTRON			{Augustus_model.g4815.t1;Augustus},{GeneMark_model.6204_t;GeneMark},{GlimmerHMM_glimmerT_5782-T1;GlimmerHMM}
166979	167211	internal+	1	2	{GlimmerHMM_glimmerT_5782-T1;GlimmerHMM}
167212	167243	INTRON			{GlimmerHMM_glimmerT_5782-T1;GlimmerHMM}
167244	167412	internal+	3	3	{GeneMark_model.6204_t;GeneMark},{GlimmerHMM_glimmerT_5782-T1;GlimmerHMM}
167413	167511	INTRON			{Augustus_model.g4815.t1;Augustus},{GeneMark_model.6204_t;GeneMark},{GlimmerHMM_glimmerT_5782-T1;GlimmerHMM}
167512	167628	internal+	1	3	{Augustus_model.g4815.t1;Augustus},{GeneMark_model.6204_t;GeneMark},{GlimmerHMM_glimmerT_5782-T1;GlimmerHMM}
167629	167731	INTRON			{Augustus_model.g4815.t1;Augustus},{GeneMark_model.6204_t;GeneMark},{GlimmerHMM_glimmerT_5782-T1;GlimmerHMM}
167732	168025	terminal+	1	3	{Augustus_model.g4815.t1;Augustus},{GeneMark_model.6204_t;GeneMark},{GlimmerHMM_glimmerT_5782-T1;GlimmerHMM}

# EVM prediction: Mode:STANDARD S-ratio: 6.14 168309-170149 orient(-) score(6461.00) noncoding_equivalent(1053.00) raw_noncoding(1130.00) offset(77.00) 
169071	168309	terminal-	6	6	{Augustus_model.g4816.t1;Augustus},{GlimmerHMM_glimmerT_5783-T1;GlimmerHMM},{GeneMark_model.6205_t;GeneMark}
169148	169072	INTRON			{Augustus_model.g4816.t1;Augustus},{GlimmerHMM_glimmerT_5783-T1;GlimmerHMM},{GeneMark_model.6205_t;GeneMark}
170149	169149	initial-	4	5	{Augustus_model.g4816.t1;Augustus},{GlimmerHMM_glimmerT_5783-T1;GlimmerHMM},{GeneMark_model.6205_t;GeneMark}

# EVM prediction: Mode:STANDARD S-ratio: 4.04 170852-174018 orient(-) score(10928.00) noncoding_equivalent(2703.72) raw_noncoding(3155.00) offset(451.28) 
171238	170852	terminal-	4	6	{GeneMark_model.6206_t;GeneMark},{Augustus_model.g4817.t1;Augustus},{GlimmerHMM_glimmerT_5784-T1;GlimmerHMM},{snap_scaffold_16-snap.144-T1;snap}
171315	171239	INTRON			{GeneMark_model.6206_t;GeneMark},{Augustus_model.g4817.t1;Augustus},{GlimmerHMM_glimmerT_5784-T1;GlimmerHMM}
171581	171316	internal-	5	6	{GeneMark_model.6206_t;GeneMark},{Augustus_model.g4817.t1;Augustus},{GlimmerHMM_glimmerT_5784-T1;GlimmerHMM}
171643	171582	INTRON			{GeneMark_model.6206_t;GeneMark},{Augustus_model.g4817.t1;Augustus},{GlimmerHMM_glimmerT_5784-T1;GlimmerHMM}
171815	171644	internal-	4	4	{GeneMark_model.6206_t;GeneMark},{Augustus_model.g4817.t1;Augustus},{GlimmerHMM_glimmerT_5784-T1;GlimmerHMM}
171883	171816	INTRON			{GeneMark_model.6206_t;GeneMark},{Augustus_model.g4817.t1;Augustus},{GlimmerHMM_glimmerT_5784-T1;GlimmerHMM}
172155	171884	internal-	5	6	{GeneMark_model.6206_t;GeneMark},{Augustus_model.g4817.t1;Augustus},{GlimmerHMM_glimmerT_5784-T1;GlimmerHMM}
172235	172156	INTRON			{GeneMark_model.6206_t;GeneMark},{Augustus_model.g4817.t1;Augustus},{GlimmerHMM_glimmerT_5784-T1;GlimmerHMM}
173211	172236	internal-	4	4	{Augustus_model.g4817.t1;Augustus}
173272	173212	INTRON			{GeneMark_model.6206_t;GeneMark},{Augustus_model.g4817.t1;Augustus},{GlimmerHMM_glimmerT_5784-T1;GlimmerHMM}
173355	173273	internal-	5	6	{GeneMark_model.6206_t;GeneMark},{Augustus_model.g4817.t1;Augustus},{GlimmerHMM_glimmerT_5784-T1;GlimmerHMM}
173416	173356	INTRON			{GeneMark_model.6206_t;GeneMark},{Augustus_model.g4817.t1;Augustus},{GlimmerHMM_glimmerT_5784-T1;GlimmerHMM}
173621	173417	internal-	4	4	{GeneMark_model.6206_t;GeneMark},{Augustus_model.g4817.t1;Augustus},{GlimmerHMM_glimmerT_5784-T1;GlimmerHMM}
173709	173622	INTRON			{GeneMark_model.6206_t;GeneMark},{Augustus_model.g4817.t1;Augustus},{GlimmerHMM_glimmerT_5784-T1;GlimmerHMM}
174018	173710	initial-	4	6	{GeneMark_model.6206_t;GeneMark},{Augustus_model.g4817.t1;Augustus},{GlimmerHMM_glimmerT_5784-T1;GlimmerHMM}

# EVM prediction: Mode:STANDARD S-ratio: 3.50 174208-175853 orient(+) score(5230.00) noncoding_equivalent(1492.18) raw_noncoding(1988.00) offset(495.82) 
174208	174412	initial+	1	1	{Augustus_model.g4818.t1;Augustus},{GlimmerHMM_glimmerT_5785-T1;GlimmerHMM},{GeneMark_model.6207_t;GeneMark}
174413	174484	INTRON			{Augustus_model.g4818.t1;Augustus},{GlimmerHMM_glimmerT_5785-T1;GlimmerHMM},{GeneMark_model.6207_t;GeneMark}
174485	174713	internal+	2	2	{Augustus_model.g4818.t1;Augustus},{GlimmerHMM_glimmerT_5785-T1;GlimmerHMM},{GeneMark_model.6207_t;GeneMark}
174714	174780	INTRON			{Augustus_model.g4818.t1;Augustus},{GeneMark_model.6207_t;GeneMark}
174781	174818	internal+	3	1	{Augustus_model.g4818.t1;Augustus},{GeneMark_model.6207_t;GeneMark}
174819	174884	INTRON			{Augustus_model.g4818.t1;Augustus},{GeneMark_model.6207_t;GeneMark}
174885	175036	internal+	2	3	{Augustus_model.g4818.t1;Augustus},{GeneMark_model.6207_t;GeneMark}
175037	175112	INTRON			{Augustus_model.g4818.t1;Augustus},{GeneMark_model.6207_t;GeneMark}
175113	175853	terminal+	1	3	{snap_scaffold_16-snap.147-T1;snap},{Augustus_model.g4818.t1;Augustus},{GeneMark_model.6207_t;GeneMark}

# EVM prediction: Mode:STANDARD S-ratio: 2.04 178300-179277 orient(-) score(2908.00) noncoding_equivalent(1427.29) raw_noncoding(1932.19) offset(504.90) 
178318	178300	terminal-	6	6	{GeneMark_model.6209_t;GeneMark},{Augustus_model.g4819.t1;Augustus}
178388	178319	INTRON			{GeneMark_model.6209_t;GeneMark},{Augustus_model.g4819.t1;Augustus}
178425	178389	internal-	5	5	{GeneMark_model.6209_t;GeneMark},{Augustus_model.g4819.t1;Augustus}
178514	178426	INTRON			{GeneMark_model.6209_t;GeneMark},{Augustus_model.g4819.t1;Augustus}
178856	178515	internal-	5	4	{GlimmerHMM_glimmerT_5787-T1;GlimmerHMM}
178924	178857	INTRON			{GeneMark_model.6209_t;GeneMark},{Augustus_model.g4819.t1;Augustus},{GlimmerHMM_glimmerT_5787-T1;GlimmerHMM}
178940	178925	internal-	4	4	{GeneMark_model.6209_t;GeneMark},{Augustus_model.g4819.t1;Augustus},{GlimmerHMM_glimmerT_5787-T1;GlimmerHMM}
179025	178941	INTRON			{GeneMark_model.6209_t;GeneMark},{Augustus_model.g4819.t1;Augustus},{GlimmerHMM_glimmerT_5787-T1;GlimmerHMM}
179062	179026	internal-	6	6	{GeneMark_model.6209_t;GeneMark},{Augustus_model.g4819.t1;Augustus},{GlimmerHMM_glimmerT_5787-T1;GlimmerHMM}
179128	179063	INTRON			{GeneMark_model.6209_t;GeneMark},{Augustus_model.g4819.t1;Augustus},{GlimmerHMM_glimmerT_5787-T1;GlimmerHMM}
179277	179129	initial-	4	5	{GeneMark_model.6209_t;GeneMark},{Augustus_model.g4819.t1;Augustus},{GlimmerHMM_glimmerT_5787-T1;GlimmerHMM}

# EVM prediction: Mode:STANDARD S-ratio: 2.28 179555-184206 orient(+) score(14225.00) noncoding_equivalent(6237.18) raw_noncoding(7925.00) offset(1687.82) 
179555	179838	initial+	1	2	{GlimmerHMM_glimmerT_5788-T1;GlimmerHMM},{GeneMark_model.6210_t;GeneMark},{Augustus_model.g4820.t1;Augustus}
179839	179897	INTRON			{GlimmerHMM_glimmerT_5788-T1;GlimmerHMM},{GeneMark_model.6210_t;GeneMark},{Augustus_model.g4820.t1;Augustus}
179898	180002	internal+	3	2	{GlimmerHMM_glimmerT_5788-T1;GlimmerHMM},{GeneMark_model.6210_t;GeneMark},{Augustus_model.g4820.t1;Augustus}
180003	180095	INTRON			{GlimmerHMM_glimmerT_5788-T1;GlimmerHMM},{GeneMark_model.6210_t;GeneMark},{Augustus_model.g4820.t1;Augustus}
180096	180109	internal+	3	1	{GlimmerHMM_glimmerT_5788-T1;GlimmerHMM},{GeneMark_model.6210_t;GeneMark},{Augustus_model.g4820.t1;Augustus}
180110	180182	INTRON			{GlimmerHMM_glimmerT_5788-T1;GlimmerHMM},{GeneMark_model.6210_t;GeneMark},{Augustus_model.g4820.t1;Augustus}
180183	180249	internal+	2	2	{GlimmerHMM_glimmerT_5788-T1;GlimmerHMM},{GeneMark_model.6210_t;GeneMark},{Augustus_model.g4820.t1;Augustus}
180250	180389	INTRON			{GlimmerHMM_glimmerT_5788-T1;GlimmerHMM},{GeneMark_model.6210_t;GeneMark},{Augustus_model.g4820.t1;Augustus}
180390	180581	internal+	3	2	{GlimmerHMM_glimmerT_5788-T1;GlimmerHMM},{GeneMark_model.6210_t;GeneMark},{Augustus_model.g4820.t1;Augustus}
180582	180668	INTRON			{GlimmerHMM_glimmerT_5788-T1;GlimmerHMM},{GeneMark_model.6210_t;GeneMark},{Augustus_model.g4820.t1;Augustus}
180669	180731	internal+	3	2	{GlimmerHMM_glimmerT_5788-T1;GlimmerHMM},{GeneMark_model.6210_t;GeneMark},{Augustus_model.g4820.t1;Augustus}
180732	180794	INTRON			{GlimmerHMM_glimmerT_5788-T1;GlimmerHMM},{GeneMark_model.6210_t;GeneMark},{Augustus_model.g4820.t1;Augustus}
180795	180858	internal+	3	3	{GlimmerHMM_glimmerT_5788-T1;GlimmerHMM},{GeneMark_model.6210_t;GeneMark},{Augustus_model.g4820.t1;Augustus}
180859	180959	INTRON			{GlimmerHMM_glimmerT_5788-T1;GlimmerHMM},{GeneMark_model.6210_t;GeneMark},{Augustus_model.g4820.t1;Augustus}
180960	181053	internal+	1	1	{GlimmerHMM_glimmerT_5788-T1;GlimmerHMM},{GeneMark_model.6210_t;GeneMark},{Augustus_model.g4820.t1;Augustus}
181054	181140	INTRON			{GlimmerHMM_glimmerT_5788-T1;GlimmerHMM},{GeneMark_model.6210_t;GeneMark},{Augustus_model.g4820.t1;Augustus}
181141	181191	internal+	2	1	{GlimmerHMM_glimmerT_5788-T1;GlimmerHMM},{GeneMark_model.6210_t;GeneMark},{Augustus_model.g4820.t1;Augustus}
181192	181255	INTRON			{GeneMark_model.6210_t;GeneMark},{Augustus_model.g4820.t1;Augustus}
181256	181345	internal+	2	1	{GeneMark_model.6210_t;GeneMark},{Augustus_model.g4820.t1;Augustus}
181346	181424	INTRON			{GeneMark_model.6210_t;GeneMark},{Augustus_model.g4820.t1;Augustus}
181425	181695	internal+	2	2	{GlimmerHMM_glimmerT_5788-T1;GlimmerHMM},{GeneMark_model.6210_t;GeneMark},{Augustus_model.g4820.t1;Augustus}
181696	181799	INTRON			{GlimmerHMM_glimmerT_5788-T1;GlimmerHMM},{GeneMark_model.6210_t;GeneMark},{Augustus_model.g4820.t1;Augustus}
181800	182076	internal+	3	3	{GlimmerHMM_glimmerT_5788-T1;GlimmerHMM},{GeneMark_model.6210_t;GeneMark},{Augustus_model.g4820.t1;Augustus}
182077	182164	INTRON			{GeneMark_model.6210_t;GeneMark},{Augustus_model.g4820.t1;Augustus}
182165	182284	internal+	1	3	{GeneMark_model.6210_t;GeneMark},{Augustus_model.g4820.t1;Augustus}
182285	182358	INTRON			{GlimmerHMM_glimmerT_5788-T1;GlimmerHMM},{GeneMark_model.6210_t;GeneMark},{Augustus_model.g4820.t1;Augustus}
182359	182636	internal+	1	2	{GlimmerHMM_glimmerT_5788-T1;GlimmerHMM},{GeneMark_model.6210_t;GeneMark},{Augustus_model.g4820.t1;Augustus}
182637	182729	INTRON			{GlimmerHMM_glimmerT_5788-T1;GlimmerHMM},{GeneMark_model.6210_t;GeneMark}
182730	182847	internal+	3	3	{GlimmerHMM_glimmerT_5788-T1;GlimmerHMM},{GeneMark_model.6210_t;GeneMark}
182848	182921	INTRON			{GlimmerHMM_glimmerT_5788-T1;GlimmerHMM},{GeneMark_model.6210_t;GeneMark},{Augustus_model.g4820.t1;Augustus}
182922	183126	internal+	1	1	{GeneMark_model.6210_t;GeneMark},{Augustus_model.g4820.t1;Augustus}
183127	183198	INTRON			{GeneMark_model.6210_t;GeneMark},{Augustus_model.g4820.t1;Augustus}
183199	183373	internal+	2	2	{GeneMark_model.6210_t;GeneMark},{Augustus_model.g4820.t1;Augustus}
183374	183437	INTRON			{GeneMark_model.6210_t;GeneMark},{Augustus_model.g4820.t1;Augustus}
183438	184206	terminal+	3	3	{GlimmerHMM_glimmerT_5788-T1;GlimmerHMM},{GeneMark_model.6210_t;GeneMark},{Augustus_model.g4820.t1;Augustus}

# EVM prediction: Mode:STANDARD S-ratio: 2.75 184420-185866 orient(-) score(4240.00) noncoding_equivalent(1541.96) raw_noncoding(2410.00) offset(868.04) 
184689	184420	terminal-	4	6	{GlimmerHMM_glimmerT_5789-T1;GlimmerHMM},{snap_scaffold_16-snap.153-T1;snap}
184763	184690	INTRON			{Augustus_model.g4821.t1;Augustus},{GeneMark_model.6211_t;GeneMark}
184802	184764	internal-	4	6	{Augustus_model.g4821.t1;Augustus},{GeneMark_model.6211_t;GeneMark}
184870	184803	INTRON			{GeneMark_model.6211_t;GeneMark}
184894	184871	internal-	4	6	{GeneMark_model.6211_t;GeneMark}
184959	184895	INTRON			{GeneMark_model.6211_t;GeneMark}
185075	184960	internal-	5	6	{Augustus_model.g4821.t1;Augustus},{GeneMark_model.6211_t;GeneMark}
185136	185076	INTRON			{Augustus_model.g4821.t1;Augustus},{GeneMark_model.6211_t;GeneMark}
185161	185137	internal-	4	4	{Augustus_model.g4821.t1;Augustus},{GeneMark_model.6211_t;GeneMark}
185217	185162	INTRON			{Augustus_model.g4821.t1;Augustus},{GeneMark_model.6211_t;GeneMark}
185272	185218	internal-	6	6	{Augustus_model.g4821.t1;Augustus},{GlimmerHMM_glimmerT_5789-T1;GlimmerHMM},{GeneMark_model.6211_t;GeneMark}
185334	185273	INTRON			{Augustus_model.g4821.t1;Augustus},{GlimmerHMM_glimmerT_5789-T1;GlimmerHMM},{GeneMark_model.6211_t;GeneMark}
185747	185335	internal-	4	5	{Augustus_model.g4821.t1;Augustus},{GlimmerHMM_glimmerT_5789-T1;GlimmerHMM},{GeneMark_model.6211_t;GeneMark}
185818	185748	INTRON			{Augustus_model.g4821.t1;Augustus},{GlimmerHMM_glimmerT_5789-T1;GlimmerHMM},{GeneMark_model.6211_t;GeneMark}
185866	185819	initial-	4	6	{Augustus_model.g4821.t1;Augustus},{GlimmerHMM_glimmerT_5789-T1;GlimmerHMM},{GeneMark_model.6211_t;GeneMark}

# EVM prediction: Mode:STANDARD S-ratio: 1.74 186205-187362 orient(+) score(3107.00) noncoding_equivalent(1783.00) raw_noncoding(2625.00) offset(842.00) 
186205	186345	initial+	1	3	{GeneMark_model.6212_t;GeneMark},{GlimmerHMM_glimmerT_5790-T1;GlimmerHMM},{Augustus_model.g4822.t1;Augustus}
186346	186417	INTRON			{GeneMark_model.6212_t;GeneMark},{GlimmerHMM_glimmerT_5790-T1;GlimmerHMM},{Augustus_model.g4822.t1;Augustus}
186418	186606	internal+	1	3	{GeneMark_model.6212_t;GeneMark},{GlimmerHMM_glimmerT_5790-T1;GlimmerHMM},{Augustus_model.g4822.t1;Augustus}
186607	186668	INTRON			{GeneMark_model.6212_t;GeneMark},{GlimmerHMM_glimmerT_5790-T1;GlimmerHMM},{Augustus_model.g4822.t1;Augustus}
186669	186924	internal+	1	1	{GlimmerHMM_glimmerT_5790-T1;GlimmerHMM},{Augustus_model.g4822.t1;Augustus}
186925	187291	INTRON			{GlimmerHMM_glimmerT_5790-T1;GlimmerHMM},{Augustus_model.g4822.t1;Augustus}
187292	187362	terminal+	2	3	{GlimmerHMM_glimmerT_5790-T1;GlimmerHMM},{Augustus_model.g4822.t1;Augustus}

# EVM prediction: Mode:STANDARD S-ratio: 1.97 187930-188936 orient(-) score(2903.00) noncoding_equivalent(1476.63) raw_noncoding(2135.00) offset(658.37) 
187988	187930	terminal-	5	6	{Augustus_model.g4823.t1;Augustus},{GlimmerHMM_glimmerT_5791-T1;GlimmerHMM},{GeneMark_model.6213_t;GeneMark}
188081	187989	INTRON			{Augustus_model.g4823.t1;Augustus},{GlimmerHMM_glimmerT_5791-T1;GlimmerHMM},{GeneMark_model.6213_t;GeneMark}
188173	188082	internal-	6	4	{Augustus_model.g4823.t1;Augustus},{GlimmerHMM_glimmerT_5791-T1;GlimmerHMM}
188257	188174	INTRON			{Augustus_model.g4823.t1;Augustus},{GlimmerHMM_glimmerT_5791-T1;GlimmerHMM}
188433	188258	internal-	4	5	{Augustus_model.g4823.t1;Augustus},{GlimmerHMM_glimmerT_5791-T1;GlimmerHMM}
188522	188434	INTRON			{Augustus_model.g4823.t1;Augustus},{GlimmerHMM_glimmerT_5791-T1;GlimmerHMM},{GeneMark_model.6213_t;GeneMark}
188676	188523	internal-	6	6	{Augustus_model.g4823.t1;Augustus},{GlimmerHMM_glimmerT_5791-T1;GlimmerHMM}
188862	188677	INTRON			{Augustus_model.g4823.t1;Augustus},{GlimmerHMM_glimmerT_5791-T1;GlimmerHMM}
188936	188863	initial-	4	5	{Augustus_model.g4823.t1;Augustus},{GlimmerHMM_glimmerT_5791-T1;GlimmerHMM}

# EVM prediction: Mode:STANDARD S-ratio: 4.01 190179-190856 orient(+) score(4422.00) noncoding_equivalent(1104.00) raw_noncoding(1335.00) offset(231.00) 
190179	190247	initial+	1	3	{GlimmerHMM_glimmerT_5792-T1;GlimmerHMM},{Augustus_model.g4824.t1;Augustus},{GeneMark_model.6214_t;GeneMark}
190248	190327	INTRON			{GlimmerHMM_glimmerT_5792-T1;GlimmerHMM},{Augustus_model.g4824.t1;Augustus},{GeneMark_model.6214_t;GeneMark},{ev_type:exonerate/ID=match.2566964.4417/Target=lcl|LCTV02000015_1_prot_PRQ70525_1_2906;exonerate},{ev_type:exonerate/ID=match.2566964.4414/Target=lcl|PJQD01000020_1_prot_POY74927_1_1947;exonerate},{ev_type:exonerate/ID=match.2566964.4418/Target=lcl|BJWK01000014_1_prot_GEM11221_1_5238;exonerate},{ev_type:exonerate/ID=match.2566964.4419/Target=lcl|NW_017264939_1_prot_XP_018269209_1_5733;exonerate}
190328	190654	internal+	1	3	{GlimmerHMM_glimmerT_5792-T1;GlimmerHMM},{Augustus_model.g4824.t1;Augustus},{GeneMark_model.6214_t;GeneMark},{ev_type:exonerate/ID=match.2566964.4417/Target=lcl|LCTV02000015_1_prot_PRQ70525_1_2906;exonerate},{ev_type:exonerate/ID=match.2566964.4414/Target=lcl|PJQD01000020_1_prot_POY74927_1_1947;exonerate},{ev_type:exonerate/ID=match.2566964.4418/Target=lcl|BJWK01000014_1_prot_GEM11221_1_5238;exonerate},{ev_type:exonerate/ID=match.2566964.4419/Target=lcl|NW_017264939_1_prot_XP_018269209_1_5733;exonerate}
190655	190722	INTRON			{GlimmerHMM_glimmerT_5792-T1;GlimmerHMM},{Augustus_model.g4824.t1;Augustus},{GeneMark_model.6214_t;GeneMark},{ev_type:exonerate/ID=match.2566964.4417/Target=lcl|LCTV02000015_1_prot_PRQ70525_1_2906;exonerate},{ev_type:exonerate/ID=match.2566964.4414/Target=lcl|PJQD01000020_1_prot_POY74927_1_1947;exonerate},{ev_type:exonerate/ID=match.2566964.4418/Target=lcl|BJWK01000014_1_prot_GEM11221_1_5238;exonerate},{ev_type:exonerate/ID=match.2566964.4419/Target=lcl|NW_017264939_1_prot_XP_018269209_1_5733;exonerate}
190723	190775	internal+	1	2	{GlimmerHMM_glimmerT_5792-T1;GlimmerHMM},{Augustus_model.g4824.t1;Augustus},{GeneMark_model.6214_t;GeneMark}
190776	190846	INTRON			{GlimmerHMM_glimmerT_5792-T1;GlimmerHMM},{Augustus_model.g4824.t1;Augustus},{GeneMark_model.6214_t;GeneMark}
190847	190856	terminal+	3	3	{GlimmerHMM_glimmerT_5792-T1;GlimmerHMM},{Augustus_model.g4824.t1;Augustus},{GeneMark_model.6214_t;GeneMark}

# EVM prediction: Mode:STANDARD S-ratio: 3.21 192024-194574 orient(+) score(7892.00) noncoding_equivalent(2460.69) raw_noncoding(2848.00) offset(387.31) 
192024	192351	initial+	1	1	{GeneMark_model.6215_t;GeneMark},{GlimmerHMM_glimmerT_5793-T1;GlimmerHMM},{Augustus_model.g4825.t1;Augustus}
192352	192438	INTRON			{GeneMark_model.6215_t;GeneMark},{Augustus_model.g4825.t1;Augustus}
192439	192525	internal+	2	1	{GeneMark_model.6215_t;GeneMark},{Augustus_model.g4825.t1;Augustus}
192526	192611	INTRON			{GeneMark_model.6215_t;GeneMark},{Augustus_model.g4825.t1;Augustus}
192612	192992	internal+	2	1	{GeneMark_model.6215_t;GeneMark},{GlimmerHMM_glimmerT_5793-T1;GlimmerHMM},{Augustus_model.g4825.t1;Augustus}
192993	193069	INTRON			{GeneMark_model.6215_t;GeneMark},{GlimmerHMM_glimmerT_5793-T1;GlimmerHMM},{Augustus_model.g4825.t1;Augustus}
193070	194574	terminal+	2	3	{GeneMark_model.6215_t;GeneMark},{GlimmerHMM_glimmerT_5793-T1;GlimmerHMM}

# EVM prediction: Mode:STANDARD S-ratio: 2.82 194889-196926 orient(-) score(6396.00) noncoding_equivalent(2268.54) raw_noncoding(2821.00) offset(552.46) 
195471	194889	terminal-	6	6	{snap_scaffold_16-snap.158-T1;snap},{GlimmerHMM_glimmerT_5794-T1;GlimmerHMM},{GeneMark_model.6216_t;GeneMark},{Augustus_model.g4826.t1;Augustus}
195539	195472	INTRON			{GlimmerHMM_glimmerT_5794-T1;GlimmerHMM},{GeneMark_model.6216_t;GeneMark},{Augustus_model.g4826.t1;Augustus}
195775	195540	internal-	4	5	{GlimmerHMM_glimmerT_5794-T1;GlimmerHMM},{GeneMark_model.6216_t;GeneMark},{Augustus_model.g4826.t1;Augustus}
195833	195776	INTRON			{GlimmerHMM_glimmerT_5794-T1;GlimmerHMM},{GeneMark_model.6216_t;GeneMark},{Augustus_model.g4826.t1;Augustus}
195943	195834	internal-	5	6	{GlimmerHMM_glimmerT_5794-T1;GlimmerHMM},{GeneMark_model.6216_t;GeneMark},{Augustus_model.g4826.t1;Augustus}
196015	195944	INTRON			{GlimmerHMM_glimmerT_5794-T1;GlimmerHMM},{GeneMark_model.6216_t;GeneMark},{Augustus_model.g4826.t1;Augustus}
196255	196016	internal-	5	4	{GlimmerHMM_glimmerT_5794-T1;GlimmerHMM},{GeneMark_model.6216_t;GeneMark},{Augustus_model.g4826.t1;Augustus}
196325	196256	INTRON			{GeneMark_model.6216_t;GeneMark},{Augustus_model.g4826.t1;Augustus}
196499	196326	internal-	5	4	{GeneMark_model.6216_t;GeneMark},{Augustus_model.g4826.t1;Augustus}
196564	196500	INTRON			{GeneMark_model.6216_t;GeneMark},{Augustus_model.g4826.t1;Augustus}
196703	196565	internal-	4	4	{GlimmerHMM_glimmerT_5794-T1;GlimmerHMM},{GeneMark_model.6216_t;GeneMark},{Augustus_model.g4826.t1;Augustus}
196770	196704	INTRON			{GlimmerHMM_glimmerT_5794-T1;GlimmerHMM},{GeneMark_model.6216_t;GeneMark},{Augustus_model.g4826.t1;Augustus}
196926	196771	initial-	4	6	{GlimmerHMM_glimmerT_5794-T1;GlimmerHMM},{GeneMark_model.6216_t;GeneMark},{Augustus_model.g4826.t1;Augustus}

# EVM prediction: Mode:STANDARD S-ratio: 2.10 197064-200410 orient(-) score(9963.00) noncoding_equivalent(4738.09) raw_noncoding(5459.81) offset(721.72) 
197395	197064	terminal-	5	6	{Augustus_model.g4827.t1;Augustus},{GeneMark_model.6217_t;GeneMark},{GlimmerHMM_glimmerT_5795-T1;GlimmerHMM}
197475	197396	INTRON			{Augustus_model.g4827.t1;Augustus},{GeneMark_model.6217_t;GeneMark},{GlimmerHMM_glimmerT_5795-T1;GlimmerHMM}
197812	197476	internal-	4	4	{Augustus_model.g4827.t1;Augustus},{GeneMark_model.6217_t;GeneMark},{GlimmerHMM_glimmerT_5795-T1;GlimmerHMM}
197895	197813	INTRON			{Augustus_model.g4827.t1;Augustus},{GeneMark_model.6217_t;GeneMark},{GlimmerHMM_glimmerT_5795-T1;GlimmerHMM}
198054	197896	internal-	4	6	{Augustus_model.g4827.t1;Augustus},{GeneMark_model.6217_t;GeneMark},{GlimmerHMM_glimmerT_5795-T1;GlimmerHMM}
198191	198055	INTRON			{Augustus_model.g4827.t1;Augustus},{GeneMark_model.6217_t;GeneMark},{GlimmerHMM_glimmerT_5795-T1;GlimmerHMM}
198325	198192	internal-	5	6	{Augustus_model.g4827.t1;Augustus},{GeneMark_model.6217_t;GeneMark},{GlimmerHMM_glimmerT_5795-T1;GlimmerHMM}
198390	198326	INTRON			{Augustus_model.g4827.t1;Augustus},{GeneMark_model.6217_t;GeneMark},{GlimmerHMM_glimmerT_5795-T1;GlimmerHMM}
198464	198391	internal-	6	4	{Augustus_model.g4827.t1;Augustus},{GeneMark_model.6217_t;GeneMark},{GlimmerHMM_glimmerT_5795-T1;GlimmerHMM}
198552	198465	INTRON			{Augustus_model.g4827.t1;Augustus},{GeneMark_model.6217_t;GeneMark},{GlimmerHMM_glimmerT_5795-T1;GlimmerHMM}
198921	198553	internal-	6	5	{Augustus_model.g4827.t1;Augustus},{GeneMark_model.6217_t;GeneMark},{GlimmerHMM_glimmerT_5795-T1;GlimmerHMM}
199016	198922	INTRON			{Augustus_model.g4827.t1;Augustus},{GeneMark_model.6217_t;GeneMark},{GlimmerHMM_glimmerT_5795-T1;GlimmerHMM}
199452	199017	internal-	5	5	{Augustus_model.g4827.t1;Augustus},{GeneMark_model.6217_t;GeneMark},{GlimmerHMM_glimmerT_5795-T1;GlimmerHMM}
199517	199453	INTRON			{Augustus_model.g4827.t1;Augustus},{GeneMark_model.6217_t;GeneMark},{GlimmerHMM_glimmerT_5795-T1;GlimmerHMM}
199758	199518	internal-	4	4	{GlimmerHMM_glimmerT_5795-T1;GlimmerHMM}
199774	199759	INTRON			{GlimmerHMM_glimmerT_5795-T1;GlimmerHMM}
199986	199775	internal-	5	6	{GlimmerHMM_glimmerT_5795-T1;GlimmerHMM}
200061	199987	INTRON			{Augustus_model.g4827.t1;Augustus},{GeneMark_model.6217_t;GeneMark},{GlimmerHMM_glimmerT_5795-T1;GlimmerHMM}
200410	200062	initial-	4	4	{GlimmerHMM_glimmerT_5795-T1;GlimmerHMM}

# EVM prediction: Mode:STANDARD S-ratio: 2.99 200714-201363 orient(-) score(2492.00) noncoding_equivalent(832.64) raw_noncoding(1203.02) offset(370.37) 
200933	200714	terminal-	6	6	{GeneMark_model.6218_t;GeneMark},{snap_scaffold_16-snap.160-T1;snap}
201016	200934	INTRON			{GeneMark_model.6218_t;GeneMark},{Augustus_model.g4827.t1;Augustus},{ev_type:exonerate/ID=match.2566964.4392/Target=lcl|KQ954507_1_prot_KWU42472_1_5169;exonerate}
201086	201017	internal-	5	5	{GeneMark_model.6218_t;GeneMark},{Augustus_model.g4827.t1;Augustus},{ev_type:exonerate/ID=match.2566964.4392/Target=lcl|KQ954507_1_prot_KWU42472_1_5169;exonerate}
201174	201087	INTRON			{GeneMark_model.6218_t;GeneMark},{Augustus_model.g4827.t1;Augustus}
201256	201175	internal-	4	4	{GeneMark_model.6218_t;GeneMark},{Augustus_model.g4827.t1;Augustus},{GlimmerHMM_glimmerT_5796-T1;GlimmerHMM}
201342	201257	INTRON			{GeneMark_model.6218_t;GeneMark},{Augustus_model.g4827.t1;Augustus},{GlimmerHMM_glimmerT_5796-T1;GlimmerHMM},{ev_type:exonerate/ID=match.2566964.4392/Target=lcl|KQ954507_1_prot_KWU42472_1_5169;exonerate}
201363	201343	initial-	4	6	{GeneMark_model.6218_t;GeneMark},{GlimmerHMM_glimmerT_5796-T1;GlimmerHMM}

# EVM prediction: Mode:STANDARD S-ratio: 2.22 201451-203102 orient(-) score(6329.00) noncoding_equivalent(2849.74) raw_noncoding(3852.02) offset(1002.28) 
201691	201451	terminal-	6	6	{GlimmerHMM_glimmerT_5797-T1;GlimmerHMM},{GeneMark_model.6219_t;GeneMark},{snap_scaffold_16-snap.161-T1;snap}
201788	201692	INTRON			{GlimmerHMM_glimmerT_5797-T1;GlimmerHMM},{GeneMark_model.6219_t;GeneMark},{Augustus_model.g4827.t1;Augustus},{ev_type:exonerate/ID=match.2566964.4392/Target=lcl|KQ954507_1_prot_KWU42472_1_5169;exonerate}
201886	201789	internal-	4	5	{GlimmerHMM_glimmerT_5797-T1;GlimmerHMM},{GeneMark_model.6219_t;GeneMark},{Augustus_model.g4827.t1;Augustus},{ev_type:exonerate/ID=match.2566964.4392/Target=lcl|KQ954507_1_prot_KWU42472_1_5169;exonerate}
201987	201887	INTRON			{GlimmerHMM_glimmerT_5797-T1;GlimmerHMM},{GeneMark_model.6219_t;GeneMark},{Augustus_model.g4827.t1;Augustus},{ev_type:exonerate/ID=match.2566964.4392/Target=lcl|KQ954507_1_prot_KWU42472_1_5169;exonerate}
202118	201988	internal-	5	6	{GlimmerHMM_glimmerT_5797-T1;GlimmerHMM},{GeneMark_model.6219_t;GeneMark},{Augustus_model.g4827.t1;Augustus},{ev_type:exonerate/ID=match.2566964.4392/Target=lcl|KQ954507_1_prot_KWU42472_1_5169;exonerate}
202234	202119	INTRON			{GlimmerHMM_glimmerT_5797-T1;GlimmerHMM},{GeneMark_model.6219_t;GeneMark},{Augustus_model.g4827.t1;Augustus},{ev_type:exonerate/ID=match.2566964.4392/Target=lcl|KQ954507_1_prot_KWU42472_1_5169;exonerate}
202360	202235	internal-	5	4	{GlimmerHMM_glimmerT_5797-T1;GlimmerHMM},{GeneMark_model.6219_t;GeneMark},{Augustus_model.g4827.t1;Augustus}
202466	202361	INTRON			{GlimmerHMM_glimmerT_5797-T1;GlimmerHMM},{GeneMark_model.6219_t;GeneMark},{Augustus_model.g4827.t1;Augustus}
202511	202467	internal-	5	4	{GeneMark_model.6219_t;GeneMark},{Augustus_model.g4827.t1;Augustus},{ev_type:exonerate/ID=match.2566964.4392/Target=lcl|KQ954507_1_prot_KWU42472_1_5169;exonerate}
202589	202512	INTRON			{GeneMark_model.6219_t;GeneMark},{Augustus_model.g4827.t1;Augustus},{ev_type:exonerate/ID=match.2566964.4392/Target=lcl|KQ954507_1_prot_KWU42472_1_5169;exonerate}
202674	202590	internal-	4	4	{GeneMark_model.6219_t;GeneMark},{Augustus_model.g4827.t1;Augustus},{ev_type:exonerate/ID=match.2566964.4392/Target=lcl|KQ954507_1_prot_KWU42472_1_5169;exonerate}
202762	202675	INTRON			{GeneMark_model.6219_t;GeneMark},{Augustus_model.g4827.t1;Augustus},{ev_type:exonerate/ID=match.2566964.4392/Target=lcl|KQ954507_1_prot_KWU42472_1_5169;exonerate}
202836	202763	internal-	5	6	{GeneMark_model.6219_t;GeneMark},{Augustus_model.g4827.t1;Augustus},{ev_type:exonerate/ID=match.2566964.4392/Target=lcl|KQ954507_1_prot_KWU42472_1_5169;exonerate}
202910	202837	INTRON			{GeneMark_model.6219_t;GeneMark},{Augustus_model.g4827.t1;Augustus},{ev_type:exonerate/ID=match.2566964.4392/Target=lcl|KQ954507_1_prot_KWU42472_1_5169;exonerate}
202953	202911	internal-	4	4	{GeneMark_model.6219_t;GeneMark},{Augustus_model.g4827.t1;Augustus},{ev_type:exonerate/ID=match.2566964.4392/Target=lcl|KQ954507_1_prot_KWU42472_1_5169;exonerate}
203057	202954	INTRON			{GlimmerHMM_glimmerT_5798-T1;GlimmerHMM},{GeneMark_model.6219_t;GeneMark},{Augustus_model.g4827.t1;Augustus},{ev_type:exonerate/ID=match.2566964.4392/Target=lcl|KQ954507_1_prot_KWU42472_1_5169;exonerate}
203102	203058	initial-	4	6	{GlimmerHMM_glimmerT_5798-T1;GlimmerHMM},{GeneMark_model.6219_t;GeneMark},{Augustus_model.g4827.t1;Augustus}

# EVM prediction: Mode:STANDARD S-ratio: 3.13 203836-204949 orient(+) score(3463.00) noncoding_equivalent(1105.11) raw_noncoding(1507.34) offset(402.22) 
203836	203948	initial+	1	2	{Augustus_model.g4828.t1;Augustus},{GeneMark_model.6220_t;GeneMark},{GlimmerHMM_glimmerT_5799-T1;GlimmerHMM}
203949	204022	INTRON			{Augustus_model.g4828.t1;Augustus},{GeneMark_model.6220_t;GeneMark},{GlimmerHMM_glimmerT_5799-T1;GlimmerHMM}
204023	204377	internal+	3	3	{Augustus_model.g4828.t1;Augustus},{GeneMark_model.6220_t;GeneMark},{GlimmerHMM_glimmerT_5799-T1;GlimmerHMM}
204378	204454	INTRON			{Augustus_model.g4828.t1;Augustus},{GeneMark_model.6220_t;GeneMark},{GlimmerHMM_glimmerT_5799-T1;GlimmerHMM}
204455	204519	internal+	1	2	{GlimmerHMM_glimmerT_5799-T1;GlimmerHMM}
204520	204609	INTRON			{GlimmerHMM_glimmerT_5799-T1;GlimmerHMM}
204610	204949	terminal+	3	3	{Augustus_model.g4828.t1;Augustus},{GeneMark_model.6220_t;GeneMark},{GlimmerHMM_glimmerT_5799-T1;GlimmerHMM}

# EVM prediction: Mode:STANDARD S-ratio: 1.88 205577-208471 orient(-) score(8291.00) noncoding_equivalent(4410.93) raw_noncoding(6060.00) offset(1649.07) 
205776	205577	terminal-	5	6	{Augustus_model.g4829.t1;Augustus},{GlimmerHMM_glimmerT_5800-T1;GlimmerHMM},{GeneMark_model.6221_t;GeneMark},{snap_scaffold_16-snap.163-T1;snap}
205848	205777	INTRON			{Augustus_model.g4829.t1;Augustus},{GlimmerHMM_glimmerT_5800-T1;GlimmerHMM},{GeneMark_model.6221_t;GeneMark}
205938	205849	internal-	5	4	{Augustus_model.g4829.t1;Augustus},{GlimmerHMM_glimmerT_5800-T1;GlimmerHMM},{GeneMark_model.6221_t;GeneMark}
206005	205939	INTRON			{Augustus_model.g4829.t1;Augustus},{GlimmerHMM_glimmerT_5800-T1;GlimmerHMM},{GeneMark_model.6221_t;GeneMark}
206116	206006	internal-	5	4	{Augustus_model.g4829.t1;Augustus},{GlimmerHMM_glimmerT_5800-T1;GlimmerHMM},{GeneMark_model.6221_t;GeneMark}
206192	206117	INTRON			{Augustus_model.g4829.t1;Augustus},{GlimmerHMM_glimmerT_5800-T1;GlimmerHMM},{GeneMark_model.6221_t;GeneMark}
206267	206193	internal-	5	4	{Augustus_model.g4829.t1;Augustus},{GlimmerHMM_glimmerT_5800-T1;GlimmerHMM},{GeneMark_model.6221_t;GeneMark}
206338	206268	INTRON			{Augustus_model.g4829.t1;Augustus},{GlimmerHMM_glimmerT_5800-T1;GlimmerHMM},{GeneMark_model.6221_t;GeneMark}
206483	206339	internal-	4	4	{Augustus_model.g4829.t1;Augustus},{GlimmerHMM_glimmerT_5800-T1;GlimmerHMM},{GeneMark_model.6221_t;GeneMark}
206554	206484	INTRON			{Augustus_model.g4829.t1;Augustus},{GlimmerHMM_glimmerT_5800-T1;GlimmerHMM},{GeneMark_model.6221_t;GeneMark}
206819	206555	internal-	6	6	{Augustus_model.g4829.t1;Augustus},{GlimmerHMM_glimmerT_5800-T1;GlimmerHMM},{GeneMark_model.6221_t;GeneMark}
206886	206820	INTRON			{Augustus_model.g4829.t1;Augustus},{GlimmerHMM_glimmerT_5800-T1;GlimmerHMM},{GeneMark_model.6221_t;GeneMark}
207095	206887	internal-	4	5	{Augustus_model.g4829.t1;Augustus},{GlimmerHMM_glimmerT_5800-T1;GlimmerHMM},{GeneMark_model.6221_t;GeneMark}
207166	207096	INTRON			{Augustus_model.g4829.t1;Augustus},{GlimmerHMM_glimmerT_5800-T1;GlimmerHMM},{GeneMark_model.6221_t;GeneMark}
207259	207167	internal-	4	6	{Augustus_model.g4829.t1;Augustus},{GlimmerHMM_glimmerT_5800-T1;GlimmerHMM},{GeneMark_model.6221_t;GeneMark}
207329	207260	INTRON			{Augustus_model.g4829.t1;Augustus},{GlimmerHMM_glimmerT_5800-T1;GlimmerHMM},{GeneMark_model.6221_t;GeneMark}
207402	207330	internal-	6	6	{Augustus_model.g4829.t1;Augustus},{GlimmerHMM_glimmerT_5800-T1;GlimmerHMM},{GeneMark_model.6221_t;GeneMark}
207465	207403	INTRON			{Augustus_model.g4829.t1;Augustus},{GlimmerHMM_glimmerT_5800-T1;GlimmerHMM},{GeneMark_model.6221_t;GeneMark}
207554	207466	internal-	4	5	{Augustus_model.g4829.t1;Augustus},{GlimmerHMM_glimmerT_5800-T1;GlimmerHMM},{GeneMark_model.6221_t;GeneMark}
207632	207555	INTRON			{Augustus_model.g4829.t1;Augustus},{GeneMark_model.6221_t;GeneMark}
207643	207633	internal-	5	6	{Augustus_model.g4829.t1;Augustus},{GeneMark_model.6221_t;GeneMark}
207712	207644	INTRON			{Augustus_model.g4829.t1;Augustus},{GeneMark_model.6221_t;GeneMark}
207752	207713	internal-	4	4	{Augustus_model.g4829.t1;Augustus},{GeneMark_model.6221_t;GeneMark}
207816	207753	INTRON			{Augustus_model.g4829.t1;Augustus},{GeneMark_model.6221_t;GeneMark}
207898	207817	internal-	6	6	{Augustus_model.g4829.t1;Augustus},{GeneMark_model.6221_t;GeneMark}
208108	207899	INTRON			{Augustus_model.g4829.t1;Augustus},{GeneMark_model.6221_t;GeneMark}
208203	208109	internal-	4	5	{Augustus_model.g4829.t1;Augustus}
208252	208204	INTRON			{Augustus_model.g4829.t1;Augustus}
208471	208253	initial-	4	6	{Augustus_model.g4829.t1;Augustus},{GlimmerHMM_glimmerT_5800-T1;GlimmerHMM},{GeneMark_model.6221_t;GeneMark}

# EVM prediction: Mode:STANDARD S-ratio: 3.00 209383-209937 orient(-) score(1961.00) noncoding_equivalent(653.00) raw_noncoding(732.00) offset(79.00) 
209604	209383	terminal-	4	6	{GeneMark_model.6222_t;GeneMark},{GlimmerHMM_glimmerT_5801-T1;GlimmerHMM},{Augustus_model.g4830.t1;Augustus},{snap_scaffold_16-snap.165-T1;snap}
209672	209605	INTRON			{GeneMark_model.6222_t;GeneMark},{GlimmerHMM_glimmerT_5801-T1;GlimmerHMM},{Augustus_model.g4830.t1;Augustus},{snap_scaffold_16-snap.165-T1;snap}
209734	209673	internal-	5	6	{GeneMark_model.6222_t;GeneMark},{GlimmerHMM_glimmerT_5801-T1;GlimmerHMM},{Augustus_model.g4830.t1;Augustus}
209801	209735	INTRON			{GeneMark_model.6222_t;GeneMark},{GlimmerHMM_glimmerT_5801-T1;GlimmerHMM},{Augustus_model.g4830.t1;Augustus}
209937	209802	initial-	4	4	{GeneMark_model.6222_t;GeneMark},{GlimmerHMM_glimmerT_5801-T1;GlimmerHMM},{Augustus_model.g4830.t1;Augustus}

