# EVM prediction: Mode:STANDARD S-ratio: 1.81 1706-3338 orient(+) score(4977.00) noncoding_equivalent(2750.60) raw_noncoding(3760.03) offset(1009.43)
1706	1801	initial+	1	3	{GeneMark_model.5627_t;GeneMark},{Augustus_model.g4341.t1;Augustus},{GlimmerHMM_glimmerT_5257-T1;GlimmerHMM}
1802	1893	INTRON			{GeneMark_model.5627_t;GeneMark},{Augustus_model.g4341.t1;Augustus}
1894	1917	internal+	1	3	{GeneMark_model.5627_t;GeneMark},{Augustus_model.g4341.t1;Augustus}
1918	2012	INTRON			{GeneMark_model.5627_t;GeneMark},{Augustus_model.g4341.t1;Augustus}
2013	2067	internal+	1	1	{GeneMark_model.5627_t;GeneMark},{Augustus_model.g4341.t1;Augustus},{GlimmerHMM_glimmerT_5257-T1;GlimmerHMM}
2068	2320	INTRON			{GeneMark_model.5627_t;GeneMark},{Augustus_model.g4341.t1;Augustus},{GlimmerHMM_glimmerT_5257-T1;GlimmerHMM}
2321	2603	internal+	2	2	{GeneMark_model.5627_t;GeneMark},{Augustus_model.g4341.t1;Augustus},{GlimmerHMM_glimmerT_5257-T1;GlimmerHMM}
2604	2670	INTRON			{GeneMark_model.5627_t;GeneMark},{Augustus_model.g4341.t1;Augustus},{GlimmerHMM_glimmerT_5257-T1;GlimmerHMM}
2671	2830	internal+	3	3	{GeneMark_model.5627_t;GeneMark},{Augustus_model.g4341.t1;Augustus},{GlimmerHMM_glimmerT_5257-T1;GlimmerHMM}
2831	2889	INTRON			{GeneMark_model.5627_t;GeneMark},{Augustus_model.g4341.t1;Augustus},{GlimmerHMM_glimmerT_5257-T1;GlimmerHMM}
2890	2934	internal+	1	3	{GeneMark_model.5627_t;GeneMark},{Augustus_model.g4341.t1;Augustus},{GlimmerHMM_glimmerT_5257-T1;GlimmerHMM}
2935	3008	INTRON			{GeneMark_model.5627_t;GeneMark},{Augustus_model.g4341.t1;Augustus},{GlimmerHMM_glimmerT_5257-T1;GlimmerHMM}
3009	3129	internal+	1	1	{GeneMark_model.5627_t;GeneMark},{Augustus_model.g4341.t1;Augustus},{GlimmerHMM_glimmerT_5257-T1;GlimmerHMM}
3130	3219	INTRON			{GeneMark_model.5627_t;GeneMark},{Augustus_model.g4341.t1;Augustus},{GlimmerHMM_glimmerT_5257-T1;GlimmerHMM}
3220	3251	internal+	2	3	{GeneMark_model.5627_t;GeneMark},{Augustus_model.g4341.t1;Augustus},{GlimmerHMM_glimmerT_5257-T1;GlimmerHMM}
3252	3320	INTRON			{GeneMark_model.5627_t;GeneMark},{Augustus_model.g4341.t1;Augustus},{GlimmerHMM_glimmerT_5257-T1;GlimmerHMM}
3321	3338	terminal+	1	3	{GeneMark_model.5627_t;GeneMark},{Augustus_model.g4341.t1;Augustus},{GlimmerHMM_glimmerT_5257-T1;GlimmerHMM}

# EVM prediction: Mode:STANDARD S-ratio: 5.42 3899-5538 orient(-) score(5421.00) noncoding_equivalent(1000.19) raw_noncoding(1207.28) offset(207.09)
5209	3899	terminal-	4	6	{snap_scaffold_14-snap.2-T1;snap},{GeneMark_model.5628_t;GeneMark}
5280	5210	INTRON			{GeneMark_model.5628_t;GeneMark}
5538	5281	initial-	4	6	{GeneMark_model.5628_t;GeneMark}

# EVM prediction: Mode:STANDARD S-ratio: 3.78 5749-8403 orient(+) score(8933.00) noncoding_equivalent(2363.65) raw_noncoding(2556.00) offset(192.35)
5749	6345	initial+	1	3	{GlimmerHMM_glimmerT_5259-T1;GlimmerHMM},{GeneMark_model.5629_t;GeneMark}
6346	6403	INTRON			{snap_scaffold_14-snap.3-T1;snap},{GlimmerHMM_glimmerT_5259-T1;GlimmerHMM},{GeneMark_model.5629_t;GeneMark},{Augustus_model.g4343.t1;Augustus}
6404	6839	internal+	1	1	{GlimmerHMM_glimmerT_5259-T1;GlimmerHMM},{GeneMark_model.5629_t;GeneMark},{Augustus_model.g4343.t1;Augustus}
6840	6921	INTRON			{GlimmerHMM_glimmerT_5259-T1;GlimmerHMM},{GeneMark_model.5629_t;GeneMark},{Augustus_model.g4343.t1;Augustus}
6922	6967	internal+	2	2	{GlimmerHMM_glimmerT_5259-T1;GlimmerHMM},{GeneMark_model.5629_t;GeneMark},{Augustus_model.g4343.t1;Augustus}
6968	7035	INTRON			{GlimmerHMM_glimmerT_5259-T1;GlimmerHMM},{GeneMark_model.5629_t;GeneMark},{Augustus_model.g4343.t1;Augustus}
7036	7447	internal+	3	3	{GlimmerHMM_glimmerT_5259-T1;GlimmerHMM},{GeneMark_model.5629_t;GeneMark}
7448	7530	INTRON			{GlimmerHMM_glimmerT_5259-T1;GlimmerHMM},{GeneMark_model.5629_t;GeneMark},{Augustus_model.g4343.t1;Augustus}
7531	8403	terminal+	1	3	{GlimmerHMM_glimmerT_5259-T1;GlimmerHMM},{snap_scaffold_14-snap.4-T1;snap},{GeneMark_model.5629_t;GeneMark}

# EVM prediction: Mode:STANDARD S-ratio: 2.00 8579-10924 orient(-) score(7062.00) noncoding_equivalent(3534.14) raw_noncoding(4346.13) offset(811.99)
8848	8579	terminal-	4	6	{GeneMark_model.5630_t;GeneMark},{Augustus_model.g4344.t1;Augustus},{GlimmerHMM_glimmerT_5260-T1;GlimmerHMM}
8966	8849	INTRON			{GeneMark_model.5630_t;GeneMark},{Augustus_model.g4344.t1;Augustus},{GlimmerHMM_glimmerT_5260-T1;GlimmerHMM}
9067	8967	internal-	5	6	{GeneMark_model.5630_t;GeneMark},{Augustus_model.g4344.t1;Augustus},{GlimmerHMM_glimmerT_5260-T1;GlimmerHMM}
9136	9068	INTRON			{GeneMark_model.5630_t;GeneMark},{Augustus_model.g4344.t1;Augustus},{GlimmerHMM_glimmerT_5260-T1;GlimmerHMM}
9219	9137	internal-	6	4	{GeneMark_model.5630_t;GeneMark},{Augustus_model.g4344.t1;Augustus},{GlimmerHMM_glimmerT_5260-T1;GlimmerHMM}
9297	9220	INTRON			{GeneMark_model.5630_t;GeneMark},{Augustus_model.g4344.t1;Augustus},{GlimmerHMM_glimmerT_5260-T1;GlimmerHMM}
9470	9298	internal-	4	5	{GeneMark_model.5630_t;GeneMark},{Augustus_model.g4344.t1;Augustus},{GlimmerHMM_glimmerT_5260-T1;GlimmerHMM}
9595	9471	INTRON			{GeneMark_model.5630_t;GeneMark},{Augustus_model.g4344.t1;Augustus}
9670	9596	internal-	4	6	{GeneMark_model.5630_t;GeneMark},{Augustus_model.g4344.t1;Augustus}
9729	9671	INTRON			{GeneMark_model.5630_t;GeneMark},{Augustus_model.g4344.t1;Augustus}
9948	9730	internal-	4	6	{GeneMark_model.5630_t;GeneMark},{Augustus_model.g4344.t1;Augustus}
10039	9949	INTRON			{GeneMark_model.5630_t;GeneMark},{Augustus_model.g4344.t1;Augustus},{GlimmerHMM_glimmerT_5260-T1;GlimmerHMM}
10253	10040	internal-	6	6	{GeneMark_model.5630_t;GeneMark},{Augustus_model.g4344.t1;Augustus},{GlimmerHMM_glimmerT_5260-T1;GlimmerHMM}
10317	10254	INTRON			{GeneMark_model.5630_t;GeneMark},{Augustus_model.g4344.t1;Augustus},{GlimmerHMM_glimmerT_5260-T1;GlimmerHMM}
10439	10318	internal-	4	5	{GeneMark_model.5630_t;GeneMark},{Augustus_model.g4344.t1;Augustus},{GlimmerHMM_glimmerT_5260-T1;GlimmerHMM}
10517	10440	INTRON			{GeneMark_model.5630_t;GeneMark},{Augustus_model.g4344.t1;Augustus},{GlimmerHMM_glimmerT_5260-T1;GlimmerHMM}
10638	10518	internal-	6	6	{GeneMark_model.5630_t;GeneMark},{Augustus_model.g4344.t1;Augustus},{GlimmerHMM_glimmerT_5260-T1;GlimmerHMM}
10704	10639	INTRON			{GeneMark_model.5630_t;GeneMark},{Augustus_model.g4344.t1;Augustus},{GlimmerHMM_glimmerT_5260-T1;GlimmerHMM}
10718	10705	internal-	4	5	{GeneMark_model.5630_t;GeneMark},{Augustus_model.g4344.t1;Augustus},{GlimmerHMM_glimmerT_5260-T1;GlimmerHMM}
10780	10719	INTRON			{GeneMark_model.5630_t;GeneMark},{Augustus_model.g4344.t1;Augustus},{GlimmerHMM_glimmerT_5260-T1;GlimmerHMM}
10924	10781	initial-	4	6	{Augustus_model.g4344.t1;Augustus}

# EVM prediction: Mode:STANDARD S-ratio: 109.67 11847-13589 orient(+) score(6909.00) noncoding_equivalent(63.00) raw_noncoding(63.00) offset(0.00)
11847	13589	single+	1	3	{Augustus_model.g4345.t1;Augustus},{GeneMark_model.5631_t;GeneMark}

# EVM prediction: Mode:STANDARD S-ratio: 1.43 14226-14685 orient(-) score(1254.00) noncoding_equivalent(877.00) raw_noncoding(1033.00) offset(156.00)
14365	14226	terminal-	5	6	{Augustus_model.g4346.t1;Augustus}
14446	14366	INTRON			{Augustus_model.g4346.t1;Augustus},{GlimmerHMM_glimmerT_5262-T1;GlimmerHMM},{GeneMark_model.5632_t;GeneMark}
14606	14447	internal-	4	4	{Augustus_model.g4346.t1;Augustus},{GlimmerHMM_glimmerT_5262-T1;GlimmerHMM},{GeneMark_model.5632_t;GeneMark}
14673	14607	INTRON			{Augustus_model.g4346.t1;Augustus},{GlimmerHMM_glimmerT_5262-T1;GlimmerHMM},{GeneMark_model.5632_t;GeneMark}
14685	14674	initial-	4	6	{Augustus_model.g4346.t1;Augustus},{GlimmerHMM_glimmerT_5262-T1;GlimmerHMM},{GeneMark_model.5632_t;GeneMark}

# EVM prediction: Mode:STANDARD S-ratio: 1.86 15029-17097 orient(-) score(6124.00) noncoding_equivalent(3284.81) raw_noncoding(4226.00) offset(941.19)
15093	15029	terminal-	5	6	{GeneMark_model.5633_t;GeneMark},{Augustus_model.g4347.t1;Augustus}
15153	15094	INTRON			{GeneMark_model.5633_t;GeneMark},{Augustus_model.g4347.t1;Augustus}
15242	15154	internal-	6	4	{GeneMark_model.5633_t;GeneMark},{Augustus_model.g4347.t1;Augustus}
15298	15243	INTRON			{GlimmerHMM_glimmerT_5263-T1;GlimmerHMM},{GeneMark_model.5633_t;GeneMark},{Augustus_model.g4347.t1;Augustus}
15365	15299	internal-	5	5	{GlimmerHMM_glimmerT_5263-T1;GlimmerHMM},{GeneMark_model.5633_t;GeneMark},{Augustus_model.g4347.t1;Augustus}
15434	15366	INTRON			{GlimmerHMM_glimmerT_5263-T1;GlimmerHMM},{GeneMark_model.5633_t;GeneMark},{Augustus_model.g4347.t1;Augustus}
15541	15435	internal-	6	4	{GlimmerHMM_glimmerT_5263-T1;GlimmerHMM},{GeneMark_model.5633_t;GeneMark},{Augustus_model.g4347.t1;Augustus}
15623	15542	INTRON			{GeneMark_model.5633_t;GeneMark},{Augustus_model.g4347.t1;Augustus}
15720	15624	internal-	5	5	{GeneMark_model.5633_t;GeneMark}
15810	15721	INTRON			{GlimmerHMM_glimmerT_5263-T1;GlimmerHMM},{GeneMark_model.5633_t;GeneMark}
15930	15811	internal-	5	4	{GlimmerHMM_glimmerT_5263-T1;GlimmerHMM},{GeneMark_model.5633_t;GeneMark},{Augustus_model.g4347.t1;Augustus}
16022	15931	INTRON			{GlimmerHMM_glimmerT_5263-T1;GlimmerHMM},{GeneMark_model.5633_t;GeneMark},{Augustus_model.g4347.t1;Augustus}
16039	16023	internal-	6	4	{GlimmerHMM_glimmerT_5263-T1;GlimmerHMM},{GeneMark_model.5633_t;GeneMark},{Augustus_model.g4347.t1;Augustus}
16107	16040	INTRON			{GlimmerHMM_glimmerT_5263-T1;GlimmerHMM},{GeneMark_model.5633_t;GeneMark},{Augustus_model.g4347.t1;Augustus}
16185	16108	internal-	6	5	{GlimmerHMM_glimmerT_5263-T1;GlimmerHMM},{GeneMark_model.5633_t;GeneMark},{Augustus_model.g4347.t1;Augustus}
16259	16186	INTRON			{GlimmerHMM_glimmerT_5263-T1;GlimmerHMM},{GeneMark_model.5633_t;GeneMark},{Augustus_model.g4347.t1;Augustus}
16428	16260	internal-	5	5	{GlimmerHMM_glimmerT_5263-T1;GlimmerHMM},{GeneMark_model.5633_t;GeneMark},{Augustus_model.g4347.t1;Augustus}
16502	16429	INTRON			{GlimmerHMM_glimmerT_5263-T1;GlimmerHMM},{GeneMark_model.5633_t;GeneMark},{Augustus_model.g4347.t1;Augustus}
16562	16503	internal-	5	4	{GlimmerHMM_glimmerT_5263-T1;GlimmerHMM},{GeneMark_model.5633_t;GeneMark},{Augustus_model.g4347.t1;Augustus}
16657	16563	INTRON			{GlimmerHMM_glimmerT_5263-T1;GlimmerHMM},{GeneMark_model.5633_t;GeneMark},{Augustus_model.g4347.t1;Augustus}
16736	16658	internal-	4	4	{GlimmerHMM_glimmerT_5263-T1;GlimmerHMM},{GeneMark_model.5633_t;GeneMark},{Augustus_model.g4347.t1;Augustus}
16794	16737	INTRON			{GlimmerHMM_glimmerT_5263-T1;GlimmerHMM},{GeneMark_model.5633_t;GeneMark},{Augustus_model.g4347.t1;Augustus}
17097	16795	initial-	4	6	{GlimmerHMM_glimmerT_5263-T1;GlimmerHMM},{GeneMark_model.5633_t;GeneMark},{Augustus_model.g4347.t1;Augustus}

# EVM prediction: Mode:STANDARD S-ratio: 1.71 17596-20385 orient(-) score(7702.00) noncoding_equivalent(4513.01) raw_noncoding(6194.21) offset(1681.19)
17719	17596	terminal-	6	6	{GeneMark_model.5634_t;GeneMark},{Augustus_model.g4348.t1;Augustus},{GlimmerHMM_glimmerT_5264-T1;GlimmerHMM}
17787	17720	INTRON			{GeneMark_model.5634_t;GeneMark},{Augustus_model.g4348.t1;Augustus},{GlimmerHMM_glimmerT_5264-T1;GlimmerHMM}
17849	17788	internal-	4	5	{GeneMark_model.5634_t;GeneMark},{Augustus_model.g4348.t1;Augustus},{GlimmerHMM_glimmerT_5264-T1;GlimmerHMM}
17956	17850	INTRON			{GeneMark_model.5634_t;GeneMark},{Augustus_model.g4348.t1;Augustus},{GlimmerHMM_glimmerT_5264-T1;GlimmerHMM}
18071	17957	internal-	6	6	{GeneMark_model.5634_t;GeneMark},{Augustus_model.g4348.t1;Augustus}
18159	18072	INTRON			{GeneMark_model.5634_t;GeneMark},{Augustus_model.g4348.t1;Augustus}
18220	18160	internal-	5	5	{GeneMark_model.5634_t;GeneMark}
18303	18221	INTRON			{GeneMark_model.5634_t;GeneMark}
18398	18304	internal-	6	4	{GeneMark_model.5634_t;GeneMark},{Augustus_model.g4348.t1;Augustus}
18473	18399	INTRON			{GeneMark_model.5634_t;GeneMark},{Augustus_model.g4348.t1;Augustus}
18507	18474	internal-	5	5	{GeneMark_model.5634_t;GeneMark},{Augustus_model.g4348.t1;Augustus}
18579	18508	INTRON			{GeneMark_model.5634_t;GeneMark},{Augustus_model.g4348.t1;Augustus}
18663	18580	internal-	5	4	{GeneMark_model.5634_t;GeneMark},{Augustus_model.g4348.t1;Augustus},{GlimmerHMM_glimmerT_5264-T1;GlimmerHMM}
18727	18664	INTRON			{GeneMark_model.5634_t;GeneMark},{Augustus_model.g4348.t1;Augustus},{GlimmerHMM_glimmerT_5264-T1;GlimmerHMM}
18844	18728	internal-	5	4	{GeneMark_model.5634_t;GeneMark},{Augustus_model.g4348.t1;Augustus},{GlimmerHMM_glimmerT_5264-T1;GlimmerHMM}
18912	18845	INTRON			{GeneMark_model.5634_t;GeneMark},{Augustus_model.g4348.t1;Augustus},{GlimmerHMM_glimmerT_5264-T1;GlimmerHMM}
19000	18913	internal-	4	4	{GeneMark_model.5634_t;GeneMark},{Augustus_model.g4348.t1;Augustus},{GlimmerHMM_glimmerT_5264-T1;GlimmerHMM}
19062	19001	INTRON			{GeneMark_model.5634_t;GeneMark},{Augustus_model.g4348.t1;Augustus}
19074	19063	internal-	4	6	{GeneMark_model.5634_t;GeneMark},{Augustus_model.g4348.t1;Augustus}
19151	19075	INTRON			{GeneMark_model.5634_t;GeneMark},{Augustus_model.g4348.t1;Augustus}
19431	19152	internal-	6	6	{GeneMark_model.5634_t;GeneMark},{Augustus_model.g4348.t1;Augustus}
19490	19432	INTRON			{GeneMark_model.5634_t;GeneMark},{Augustus_model.g4348.t1;Augustus},{GlimmerHMM_glimmerT_5264-T1;GlimmerHMM}
19557	19491	internal-	5	5	{GeneMark_model.5634_t;GeneMark},{Augustus_model.g4348.t1;Augustus},{GlimmerHMM_glimmerT_5264-T1;GlimmerHMM}
19630	19558	INTRON			{GeneMark_model.5634_t;GeneMark},{Augustus_model.g4348.t1;Augustus},{GlimmerHMM_glimmerT_5264-T1;GlimmerHMM}
19663	19631	internal-	5	4	{GeneMark_model.5634_t;GeneMark},{Augustus_model.g4348.t1;Augustus},{GlimmerHMM_glimmerT_5264-T1;GlimmerHMM}
19730	19664	INTRON			{GeneMark_model.5634_t;GeneMark},{Augustus_model.g4348.t1;Augustus},{GlimmerHMM_glimmerT_5264-T1;GlimmerHMM}
19796	19731	internal-	5	4	{GeneMark_model.5634_t;GeneMark},{Augustus_model.g4348.t1;Augustus},{GlimmerHMM_glimmerT_5264-T1;GlimmerHMM}
19866	19797	INTRON			{GeneMark_model.5634_t;GeneMark},{Augustus_model.g4348.t1;Augustus},{GlimmerHMM_glimmerT_5264-T1;GlimmerHMM}
19897	19867	internal-	4	4	{GeneMark_model.5634_t;GeneMark},{Augustus_model.g4348.t1;Augustus},{GlimmerHMM_glimmerT_5264-T1;GlimmerHMM}
19952	19898	INTRON			{GeneMark_model.5634_t;GeneMark},{Augustus_model.g4348.t1;Augustus},{GlimmerHMM_glimmerT_5264-T1;GlimmerHMM}
20260	19953	internal-	5	6	{GeneMark_model.5634_t;GeneMark},{Augustus_model.g4348.t1;Augustus},{GlimmerHMM_glimmerT_5264-T1;GlimmerHMM}
20327	20261	INTRON			{GeneMark_model.5634_t;GeneMark},{GlimmerHMM_glimmerT_5264-T1;GlimmerHMM}
20385	20328	initial-	4	4	{GeneMark_model.5634_t;GeneMark},{GlimmerHMM_glimmerT_5264-T1;GlimmerHMM}

# EVM prediction: Mode:STANDARD S-ratio: 7.22 21335-23312 orient(-) score(7333.00) noncoding_equivalent(1016.24) raw_noncoding(1248.21) offset(231.97)
22853	21335	terminal-	6	6	{GeneMark_model.5635_t;GeneMark},{GlimmerHMM_glimmerT_5265-T1;GlimmerHMM},{snap_scaffold_14-snap.9-T1;snap}
22935	22854	INTRON			{GeneMark_model.5635_t;GeneMark},{Augustus_model.g4348.t1;Augustus},{GlimmerHMM_glimmerT_5265-T1;GlimmerHMM}
23053	22936	internal-	5	5	{GeneMark_model.5635_t;GeneMark},{Augustus_model.g4348.t1;Augustus},{GlimmerHMM_glimmerT_5265-T1;GlimmerHMM}
23194	23054	INTRON			{GeneMark_model.5635_t;GeneMark},{Augustus_model.g4348.t1;Augustus},{GlimmerHMM_glimmerT_5265-T1;GlimmerHMM}
23312	23195	initial-	4	4	{GeneMark_model.5635_t;GeneMark},{Augustus_model.g4348.t1;Augustus}

# EVM prediction: Mode:STANDARD S-ratio: 1.76 23844-24583 orient(-) score(1985.00) noncoding_equivalent(1129.17) raw_noncoding(1556.62) offset(427.45)
23906	23844	terminal-	4	6	{GeneMark_model.5636_t;GeneMark},{Augustus_model.g4349.t1;Augustus}
24078	23907	INTRON			{GeneMark_model.5636_t;GeneMark},{Augustus_model.g4349.t1;Augustus}
24255	24079	internal-	4	6	{GeneMark_model.5636_t;GeneMark},{Augustus_model.g4349.t1;Augustus},{GlimmerHMM_glimmerT_5265-T1;GlimmerHMM}
24334	24256	INTRON			{GeneMark_model.5636_t;GeneMark},{Augustus_model.g4349.t1;Augustus},{GlimmerHMM_glimmerT_5265-T1;GlimmerHMM}
24583	24335	initial-	4	6	{GeneMark_model.5636_t;GeneMark},{Augustus_model.g4349.t1;Augustus},{GlimmerHMM_glimmerT_5265-T1;GlimmerHMM}

# EVM prediction: Mode:STANDARD S-ratio: 4.46 25237-26859 orient(+) score(5275.00) noncoding_equivalent(1183.88) raw_noncoding(1312.44) offset(128.55)
25237	25303	initial+	1	1	{GlimmerHMM_glimmerT_5266-T1;GlimmerHMM}
25304	25319	INTRON			{GlimmerHMM_glimmerT_5266-T1;GlimmerHMM}
25320	26188	internal+	2	3	{GlimmerHMM_glimmerT_5266-T1;GlimmerHMM}
26189	26241	INTRON			{GlimmerHMM_glimmerT_5266-T1;GlimmerHMM},{Augustus_model.g4350.t1;Augustus}
26242	26859	terminal+	1	3	{GlimmerHMM_glimmerT_5266-T1;GlimmerHMM},{Augustus_model.g4350.t1;Augustus},{GeneMark_model.5637_t;GeneMark}

# EVM prediction: Mode:STANDARD S-ratio: 3.24 27295-29610 orient(-) score(7479.00) noncoding_equivalent(2310.18) raw_noncoding(2727.25) offset(417.08)
27391	27295	terminal-	6	6	{GlimmerHMM_glimmerT_5267-T1;GlimmerHMM},{GeneMark_model.5638_t;GeneMark},{Augustus_model.g4351.t1;Augustus}
27518	27392	INTRON			{GlimmerHMM_glimmerT_5267-T1;GlimmerHMM},{GeneMark_model.5638_t;GeneMark},{Augustus_model.g4351.t1;Augustus}
27677	27519	internal-	6	5	{GlimmerHMM_glimmerT_5267-T1;GlimmerHMM},{GeneMark_model.5638_t;GeneMark},{Augustus_model.g4351.t1;Augustus}
27756	27678	INTRON			{GlimmerHMM_glimmerT_5267-T1;GlimmerHMM},{GeneMark_model.5638_t;GeneMark},{Augustus_model.g4351.t1;Augustus}
28758	27757	internal-	6	5	{GeneMark_model.5638_t;GeneMark},{Augustus_model.g4351.t1;Augustus}
28826	28759	INTRON			{GeneMark_model.5638_t;GeneMark},{Augustus_model.g4351.t1;Augustus}
29039	28827	internal-	6	5	{GlimmerHMM_glimmerT_5267-T1;GlimmerHMM},{GeneMark_model.5638_t;GeneMark},{Augustus_model.g4351.t1;Augustus}
29104	29040	INTRON			{GlimmerHMM_glimmerT_5267-T1;GlimmerHMM},{GeneMark_model.5638_t;GeneMark},{Augustus_model.g4351.t1;Augustus}
29610	29105	initial-	4	5	{GeneMark_model.5638_t;GeneMark}

# EVM prediction: Mode:STANDARD S-ratio: 7.28 29817-34654 orient(-) score(17637.00) noncoding_equivalent(2423.20) raw_noncoding(2761.62) offset(338.42)
30776	29817	terminal-	4	6	{GeneMark_model.5639_t;GeneMark}
30835	30777	INTRON			{GlimmerHMM_glimmerT_5267-T1;GlimmerHMM},{Augustus_model.g4351.t1;Augustus},{GeneMark_model.5639_t;GeneMark}
31144	30836	internal-	4	6	{GlimmerHMM_glimmerT_5267-T1;GlimmerHMM},{Augustus_model.g4351.t1;Augustus},{GeneMark_model.5639_t;GeneMark}
31210	31145	INTRON			{GlimmerHMM_glimmerT_5267-T1;GlimmerHMM},{Augustus_model.g4351.t1;Augustus},{GeneMark_model.5639_t;GeneMark}
33636	31211	internal-	5	6	{GlimmerHMM_glimmerT_5267-T1;GlimmerHMM},{Augustus_model.g4351.t1;Augustus},{GeneMark_model.5639_t;GeneMark}
33736	33637	INTRON			{GlimmerHMM_glimmerT_5267-T1;GlimmerHMM},{Augustus_model.g4351.t1;Augustus},{GeneMark_model.5639_t;GeneMark}
34010	33737	internal-	4	4	{GlimmerHMM_glimmerT_5267-T1;GlimmerHMM},{GeneMark_model.5639_t;GeneMark}
34080	34011	INTRON			{GlimmerHMM_glimmerT_5267-T1;GlimmerHMM},{Augustus_model.g4351.t1;Augustus},{GeneMark_model.5639_t;GeneMark}
34285	34081	internal-	6	6	{GlimmerHMM_glimmerT_5267-T1;GlimmerHMM},{Augustus_model.g4351.t1;Augustus},{GeneMark_model.5639_t;GeneMark}
34355	34286	INTRON			{GlimmerHMM_glimmerT_5267-T1;GlimmerHMM},{Augustus_model.g4351.t1;Augustus},{GeneMark_model.5639_t;GeneMark}
34654	34356	initial-	4	5	{GlimmerHMM_glimmerT_5267-T1;GlimmerHMM},{Augustus_model.g4351.t1;Augustus},{GeneMark_model.5639_t;GeneMark}

# EVM prediction: Mode:STANDARD S-ratio: 2.66 35031-38179 orient(+) score(10312.00) noncoding_equivalent(3873.30) raw_noncoding(4496.30) offset(623.00)
35031	35162	initial+	1	3	{GlimmerHMM_glimmerT_5268-T1;GlimmerHMM},{GeneMark_model.5640_t;GeneMark}
35163	35564	INTRON			{Augustus_model.g4352.t1;Augustus},{GlimmerHMM_glimmerT_5268-T1;GlimmerHMM},{GeneMark_model.5640_t;GeneMark}
35565	35872	internal+	1	2	{Augustus_model.g4352.t1;Augustus},{GlimmerHMM_glimmerT_5268-T1;GlimmerHMM},{GeneMark_model.5640_t;GeneMark}
35873	35944	INTRON			{Augustus_model.g4352.t1;Augustus},{GlimmerHMM_glimmerT_5268-T1;GlimmerHMM},{GeneMark_model.5640_t;GeneMark}
35945	36300	internal+	3	1	{Augustus_model.g4352.t1;Augustus},{GlimmerHMM_glimmerT_5268-T1;GlimmerHMM},{GeneMark_model.5640_t;GeneMark}
36301	36364	INTRON			{Augustus_model.g4352.t1;Augustus},{GlimmerHMM_glimmerT_5268-T1;GlimmerHMM},{GeneMark_model.5640_t;GeneMark}
36365	36448	internal+	2	1	{Augustus_model.g4352.t1;Augustus},{GlimmerHMM_glimmerT_5268-T1;GlimmerHMM},{GeneMark_model.5640_t;GeneMark}
36449	36525	INTRON			{Augustus_model.g4352.t1;Augustus},{GlimmerHMM_glimmerT_5268-T1;GlimmerHMM},{GeneMark_model.5640_t;GeneMark}
36526	36728	internal+	2	3	{Augustus_model.g4352.t1;Augustus},{GlimmerHMM_glimmerT_5268-T1;GlimmerHMM},{GeneMark_model.5640_t;GeneMark}
36729	36803	INTRON			{Augustus_model.g4352.t1;Augustus},{GlimmerHMM_glimmerT_5268-T1;GlimmerHMM},{GeneMark_model.5640_t;GeneMark}
36804	37700	internal+	1	3	{Augustus_model.g4352.t1;Augustus},{GlimmerHMM_glimmerT_5268-T1;GlimmerHMM},{GeneMark_model.5640_t;GeneMark}
37701	37774	INTRON			{Augustus_model.g4352.t1;Augustus},{GlimmerHMM_glimmerT_5268-T1;GlimmerHMM},{GeneMark_model.5640_t;GeneMark}
37775	38179	terminal+	1	3	{Augustus_model.g4352.t1;Augustus},{GlimmerHMM_glimmerT_5268-T1;GlimmerHMM},{GeneMark_model.5640_t;GeneMark}

# EVM prediction: Mode:STANDARD S-ratio: 3.03 38437-42713 orient(-) score(13519.00) noncoding_equivalent(4458.64) raw_noncoding(5030.36) offset(571.72)
38550	38437	terminal-	4	6	{GlimmerHMM_glimmerT_5269-T1;GlimmerHMM},{Augustus_model.g4353.t1;Augustus},{GeneMark_model.5641_t;GeneMark}
38616	38551	INTRON			{GlimmerHMM_glimmerT_5269-T1;GlimmerHMM},{Augustus_model.g4353.t1;Augustus},{GeneMark_model.5641_t;GeneMark}
40002	38617	internal-	4	6	{GlimmerHMM_glimmerT_5269-T1;GlimmerHMM},{Augustus_model.g4353.t1;Augustus},{GeneMark_model.5641_t;GeneMark}
40061	40003	INTRON			{snap_scaffold_14-snap.15-T1;snap},{GlimmerHMM_glimmerT_5269-T1;GlimmerHMM},{Augustus_model.g4353.t1;Augustus},{GeneMark_model.5641_t;GeneMark}
40227	40062	internal-	6	6	{Augustus_model.g4353.t1;Augustus},{GeneMark_model.5641_t;GeneMark}
40313	40228	INTRON			{Augustus_model.g4353.t1;Augustus},{GeneMark_model.5641_t;GeneMark}
40407	40314	internal-	5	5	{Augustus_model.g4353.t1;Augustus},{GeneMark_model.5641_t;GeneMark}
40474	40408	INTRON			{Augustus_model.g4353.t1;Augustus},{GeneMark_model.5641_t;GeneMark}
40572	40475	internal-	6	4	{GlimmerHMM_glimmerT_5269-T1;GlimmerHMM},{Augustus_model.g4353.t1;Augustus},{GeneMark_model.5641_t;GeneMark}
40639	40573	INTRON			{GlimmerHMM_glimmerT_5269-T1;GlimmerHMM},{Augustus_model.g4353.t1;Augustus},{GeneMark_model.5641_t;GeneMark}
40749	40640	internal-	4	5	{GlimmerHMM_glimmerT_5269-T1;GlimmerHMM},{Augustus_model.g4353.t1;Augustus},{GeneMark_model.5641_t;GeneMark}
40813	40750	INTRON			{GlimmerHMM_glimmerT_5269-T1;GlimmerHMM},{Augustus_model.g4353.t1;Augustus},{GeneMark_model.5641_t;GeneMark}
40866	40814	internal-	5	6	{GlimmerHMM_glimmerT_5269-T1;GlimmerHMM},{Augustus_model.g4353.t1;Augustus},{GeneMark_model.5641_t;GeneMark}
40931	40867	INTRON			{GlimmerHMM_glimmerT_5269-T1;GlimmerHMM},{Augustus_model.g4353.t1;Augustus},{GeneMark_model.5641_t;GeneMark}
41118	40932	internal-	4	4	{GlimmerHMM_glimmerT_5269-T1;GlimmerHMM},{Augustus_model.g4353.t1;Augustus},{GeneMark_model.5641_t;GeneMark}
41189	41119	INTRON			{GlimmerHMM_glimmerT_5269-T1;GlimmerHMM},{Augustus_model.g4353.t1;Augustus},{GeneMark_model.5641_t;GeneMark}
42713	41190	initial-	4	6	{GlimmerHMM_glimmerT_5269-T1;GlimmerHMM},{GeneMark_model.5641_t;GeneMark}

# EVM prediction: Mode:STANDARD S-ratio: 1.77 43954-46240 orient(-) score(6045.00) noncoding_equivalent(3417.29) raw_noncoding(4481.01) offset(1063.72)
44014	43954	terminal-	6	6	{GeneMark_model.5642_t;GeneMark}
44083	44015	INTRON			{Augustus_model.g4353.t1;Augustus},{GeneMark_model.5642_t;GeneMark}
44112	44084	internal-	4	5	{Augustus_model.g4353.t1;Augustus},{GeneMark_model.5642_t;GeneMark}
44221	44113	INTRON			{Augustus_model.g4353.t1;Augustus},{GeneMark_model.5642_t;GeneMark}
44234	44222	internal-	6	6	{Augustus_model.g4353.t1;Augustus},{GeneMark_model.5642_t;GeneMark}
44303	44235	INTRON			{Augustus_model.g4353.t1;Augustus},{GeneMark_model.5642_t;GeneMark}
44357	44304	internal-	6	5	{Augustus_model.g4353.t1;Augustus},{GeneMark_model.5642_t;GeneMark}
44440	44358	INTRON			{GlimmerHMM_glimmerT_5270-T1;GlimmerHMM},{Augustus_model.g4353.t1;Augustus},{GeneMark_model.5642_t;GeneMark}
44546	44441	internal-	5	5	{GlimmerHMM_glimmerT_5270-T1;GlimmerHMM},{Augustus_model.g4353.t1;Augustus},{GeneMark_model.5642_t;GeneMark}
44625	44547	INTRON			{GlimmerHMM_glimmerT_5270-T1;GlimmerHMM},{Augustus_model.g4353.t1;Augustus},{GeneMark_model.5642_t;GeneMark}
45149	44626	internal-	6	4	{Augustus_model.g4353.t1;Augustus},{GeneMark_model.5642_t;GeneMark}
45213	45150	INTRON			{Augustus_model.g4353.t1;Augustus},{GeneMark_model.5642_t;GeneMark}
45377	45214	internal-	4	5	{Augustus_model.g4353.t1;Augustus},{GeneMark_model.5642_t;GeneMark}
45447	45378	INTRON			{Augustus_model.g4353.t1;Augustus},{GeneMark_model.5642_t;GeneMark}
45506	45448	internal-	5	6	{Augustus_model.g4353.t1;Augustus},{GeneMark_model.5642_t;GeneMark}
45573	45507	INTRON			{Augustus_model.g4353.t1;Augustus},{GeneMark_model.5642_t;GeneMark}
46240	45574	initial-	4	4	{GlimmerHMM_glimmerT_5270-T1;GlimmerHMM},{GeneMark_model.5642_t;GeneMark}

# EVM prediction: Mode:STANDARD S-ratio: 1.64 46548-47974 orient(+) score(3813.00) noncoding_equivalent(2319.54) raw_noncoding(2800.28) offset(480.74)
46548	46640	initial+	1	3	{GeneMark_model.5643_t;GeneMark},{GlimmerHMM_glimmerT_5271-T1;GlimmerHMM}
46641	46699	INTRON			{GeneMark_model.5643_t;GeneMark},{GlimmerHMM_glimmerT_5271-T1;GlimmerHMM},{Augustus_model.g4354.t1;Augustus}
46700	46872	internal+	1	2	{GeneMark_model.5643_t;GeneMark},{GlimmerHMM_glimmerT_5271-T1;GlimmerHMM},{Augustus_model.g4354.t1;Augustus}
46873	46949	INTRON			{GeneMark_model.5643_t;GeneMark},{GlimmerHMM_glimmerT_5271-T1;GlimmerHMM},{Augustus_model.g4354.t1;Augustus}
46950	46963	internal+	3	1	{GeneMark_model.5643_t;GeneMark},{GlimmerHMM_glimmerT_5271-T1;GlimmerHMM},{Augustus_model.g4354.t1;Augustus}
46964	47046	INTRON			{GeneMark_model.5643_t;GeneMark},{GlimmerHMM_glimmerT_5271-T1;GlimmerHMM},{Augustus_model.g4354.t1;Augustus}
47047	47204	internal+	2	3	{GeneMark_model.5643_t;GeneMark},{Augustus_model.g4354.t1;Augustus}
47205	47272	INTRON			{GeneMark_model.5643_t;GeneMark},{Augustus_model.g4354.t1;Augustus}
47273	47286	internal+	1	2	{GeneMark_model.5643_t;GeneMark},{Augustus_model.g4354.t1;Augustus}
47287	47355	INTRON			{GeneMark_model.5643_t;GeneMark},{Augustus_model.g4354.t1;Augustus}
47356	47974	terminal+	3	3	{GeneMark_model.5643_t;GeneMark},{GlimmerHMM_glimmerT_5271-T1;GlimmerHMM}

# EVM prediction: Mode:STANDARD S-ratio: 2.00 48576-49228 orient(-) score(1824.00) noncoding_equivalent(910.64) raw_noncoding(1108.64) offset(198.00)
48774	48576	terminal-	6	6	{GeneMark_model.5644_t;GeneMark},{Augustus_model.g4355.t1;Augustus}
48838	48775	INTRON			{GlimmerHMM_glimmerT_5272-T1;GlimmerHMM},{GeneMark_model.5644_t;GeneMark},{Augustus_model.g4355.t1;Augustus}
49084	48839	internal-	6	5	{GlimmerHMM_glimmerT_5272-T1;GlimmerHMM},{GeneMark_model.5644_t;GeneMark},{Augustus_model.g4355.t1;Augustus}
49163	49085	INTRON			{GeneMark_model.5644_t;GeneMark},{Augustus_model.g4355.t1;Augustus}
49228	49164	initial-	4	5	{GeneMark_model.5644_t;GeneMark},{Augustus_model.g4355.t1;Augustus}

# EVM prediction: Mode:STANDARD S-ratio: 3.23 52597-53698 orient(+) score(6994.00) noncoding_equivalent(2162.00) raw_noncoding(3073.00) offset(911.00)
52597	52642	initial+	1	1	{Augustus_model.g4356.t1;Augustus},{GeneMark_model.5645_t;GeneMark}
52643	52769	INTRON			{Augustus_model.g4356.t1;Augustus},{GeneMark_model.5645_t;GeneMark},{ev_type:exonerate/ID=match.2566964.3041/Target=lcl|BJWK01000022_1_prot_GEM12576_1_6593;exonerate},{ev_type:exonerate/ID=match.2566964.3042/Target=lcl|KQ954535_1_prot_KWU41523_1_6130;exonerate},{ev_type:exonerate/ID=match.2566964.3040/Target=lcl|LCTV02000013_1_prot_PRQ70939_1_2111;exonerate}
52770	52854	internal+	2	2	{Augustus_model.g4356.t1;Augustus},{GeneMark_model.5645_t;GeneMark},{ev_type:exonerate/ID=match.2566964.3041/Target=lcl|BJWK01000022_1_prot_GEM12576_1_6593;exonerate},{ev_type:exonerate/ID=match.2566964.3042/Target=lcl|KQ954535_1_prot_KWU41523_1_6130;exonerate},{ev_type:exonerate/ID=match.2566964.3040/Target=lcl|LCTV02000013_1_prot_PRQ70939_1_2111;exonerate}
52855	53040	INTRON			{Augustus_model.g4356.t1;Augustus},{GeneMark_model.5645_t;GeneMark},{ev_type:exonerate/ID=match.2566964.3041/Target=lcl|BJWK01000022_1_prot_GEM12576_1_6593;exonerate},{ev_type:exonerate/ID=match.2566964.3042/Target=lcl|KQ954535_1_prot_KWU41523_1_6130;exonerate},{ev_type:exonerate/ID=match.2566964.3039/Target=lcl|PJQD01000046_1_prot_POY72863_1_4193;exonerate},{ev_type:exonerate/ID=match.2566964.3040/Target=lcl|LCTV02000013_1_prot_PRQ70939_1_2111;exonerate}
53041	53156	internal+	3	1	{Augustus_model.g4356.t1;Augustus},{GeneMark_model.5645_t;GeneMark},{ev_type:exonerate/ID=match.2566964.3041/Target=lcl|BJWK01000022_1_prot_GEM12576_1_6593;exonerate},{ev_type:exonerate/ID=match.2566964.3042/Target=lcl|KQ954535_1_prot_KWU41523_1_6130;exonerate},{ev_type:exonerate/ID=match.2566964.3039/Target=lcl|PJQD01000046_1_prot_POY72863_1_4193;exonerate},{ev_type:exonerate/ID=match.2566964.3040/Target=lcl|LCTV02000013_1_prot_PRQ70939_1_2111;exonerate}
53157	53236	INTRON			{Augustus_model.g4356.t1;Augustus},{GeneMark_model.5645_t;GeneMark},{GlimmerHMM_glimmerT_5273-T1;GlimmerHMM},{ev_type:exonerate/ID=match.2566964.3041/Target=lcl|BJWK01000022_1_prot_GEM12576_1_6593;exonerate},{ev_type:exonerate/ID=match.2566964.3042/Target=lcl|KQ954535_1_prot_KWU41523_1_6130;exonerate},{ev_type:exonerate/ID=match.2566964.3039/Target=lcl|PJQD01000046_1_prot_POY72863_1_4193;exonerate},{ev_type:exonerate/ID=match.2566964.3040/Target=lcl|LCTV02000013_1_prot_PRQ70939_1_2111;exonerate}
53237	53349	internal+	2	3	{Augustus_model.g4356.t1;Augustus},{GeneMark_model.5645_t;GeneMark},{GlimmerHMM_glimmerT_5273-T1;GlimmerHMM},{ev_type:exonerate/ID=match.2566964.3041/Target=lcl|BJWK01000022_1_prot_GEM12576_1_6593;exonerate},{ev_type:exonerate/ID=match.2566964.3042/Target=lcl|KQ954535_1_prot_KWU41523_1_6130;exonerate},{ev_type:exonerate/ID=match.2566964.3039/Target=lcl|PJQD01000046_1_prot_POY72863_1_4193;exonerate},{ev_type:exonerate/ID=match.2566964.3040/Target=lcl|LCTV02000013_1_prot_PRQ70939_1_2111;exonerate}
53350	53450	INTRON			{Augustus_model.g4356.t1;Augustus},{GeneMark_model.5645_t;GeneMark},{GlimmerHMM_glimmerT_5273-T1;GlimmerHMM},{ev_type:exonerate/ID=match.2566964.3041/Target=lcl|BJWK01000022_1_prot_GEM12576_1_6593;exonerate},{ev_type:exonerate/ID=match.2566964.3042/Target=lcl|KQ954535_1_prot_KWU41523_1_6130;exonerate},{ev_type:exonerate/ID=match.2566964.3039/Target=lcl|PJQD01000046_1_prot_POY72863_1_4193;exonerate},{ev_type:exonerate/ID=match.2566964.3040/Target=lcl|LCTV02000013_1_prot_PRQ70939_1_2111;exonerate}
53451	53522	internal+	1	3	{Augustus_model.g4356.t1;Augustus},{GeneMark_model.5645_t;GeneMark},{GlimmerHMM_glimmerT_5273-T1;GlimmerHMM},{ev_type:exonerate/ID=match.2566964.3041/Target=lcl|BJWK01000022_1_prot_GEM12576_1_6593;exonerate},{ev_type:exonerate/ID=match.2566964.3042/Target=lcl|KQ954535_1_prot_KWU41523_1_6130;exonerate},{ev_type:exonerate/ID=match.2566964.3039/Target=lcl|PJQD01000046_1_prot_POY72863_1_4193;exonerate},{ev_type:exonerate/ID=match.2566964.3040/Target=lcl|LCTV02000013_1_prot_PRQ70939_1_2111;exonerate}
53523	53614	INTRON			{Augustus_model.g4356.t1;Augustus},{GeneMark_model.5645_t;GeneMark},{GlimmerHMM_glimmerT_5273-T1;GlimmerHMM},{ev_type:exonerate/ID=match.2566964.3041/Target=lcl|BJWK01000022_1_prot_GEM12576_1_6593;exonerate},{ev_type:exonerate/ID=match.2566964.3042/Target=lcl|KQ954535_1_prot_KWU41523_1_6130;exonerate},{ev_type:exonerate/ID=match.2566964.3039/Target=lcl|PJQD01000046_1_prot_POY72863_1_4193;exonerate},{ev_type:exonerate/ID=match.2566964.3040/Target=lcl|LCTV02000013_1_prot_PRQ70939_1_2111;exonerate}
53615	53698	terminal+	1	3	{Augustus_model.g4356.t1;Augustus},{GeneMark_model.5645_t;GeneMark},{GlimmerHMM_glimmerT_5273-T1;GlimmerHMM}

# EVM prediction: Mode:STANDARD S-ratio: 3.03 54611-57478 orient(+) score(9266.00) noncoding_equivalent(3058.45) raw_noncoding(3363.00) offset(304.55)
54611	55342	initial+	1	3	{GlimmerHMM_glimmerT_5274-T1;GlimmerHMM},{GeneMark_model.5646_t;GeneMark}
55343	55404	INTRON			{GlimmerHMM_glimmerT_5274-T1;GlimmerHMM},{Augustus_model.g4357.t1;Augustus},{GeneMark_model.5646_t;GeneMark},{ev_type:exonerate/ID=match.2566964.4318/Target=lcl|KQ954535_1_prot_KWU41524_1_6131;exonerate},{ev_type:exonerate/ID=match.2566964.4320/Target=lcl|NW_017264944_1_prot_XP_018268038_1_6618;exonerate}
55405	56655	internal+	1	3	{GlimmerHMM_glimmerT_5274-T1;GlimmerHMM},{GeneMark_model.5646_t;GeneMark}
56656	56744	INTRON			{GlimmerHMM_glimmerT_5274-T1;GlimmerHMM},{GeneMark_model.5646_t;GeneMark}
56745	56964	internal+	1	1	{GlimmerHMM_glimmerT_5274-T1;GlimmerHMM},{Augustus_model.g4357.t1;Augustus},{GeneMark_model.5646_t;GeneMark}
56965	57038	INTRON			{GlimmerHMM_glimmerT_5274-T1;GlimmerHMM},{Augustus_model.g4357.t1;Augustus},{GeneMark_model.5646_t;GeneMark}
57039	57478	terminal+	2	3	{GlimmerHMM_glimmerT_5274-T1;GlimmerHMM},{Augustus_model.g4357.t1;Augustus},{GeneMark_model.5646_t;GeneMark}

# EVM prediction: Mode:STANDARD S-ratio: 2.87 57585-59006 orient(-) score(4797.00) noncoding_equivalent(1674.08) raw_noncoding(2067.00) offset(392.92)
58115	57585	terminal-	4	6	{GeneMark_model.5647_t;GeneMark},{GlimmerHMM_glimmerT_5275-T1;GlimmerHMM},{snap_scaffold_14-snap.18-T1;snap},{Augustus_model.g4358.t1;Augustus}
58203	58116	INTRON			{GeneMark_model.5647_t;GeneMark},{GlimmerHMM_glimmerT_5275-T1;GlimmerHMM},{Augustus_model.g4358.t1;Augustus}
58550	58204	internal-	5	6	{GeneMark_model.5647_t;GeneMark},{GlimmerHMM_glimmerT_5275-T1;GlimmerHMM},{Augustus_model.g4358.t1;Augustus}
58858	58551	INTRON			{GeneMark_model.5647_t;GeneMark},{GlimmerHMM_glimmerT_5275-T1;GlimmerHMM},{Augustus_model.g4358.t1;Augustus}
59006	58859	initial-	4	4	{GeneMark_model.5647_t;GeneMark},{GlimmerHMM_glimmerT_5275-T1;GlimmerHMM},{Augustus_model.g4358.t1;Augustus}

# EVM prediction: Mode:STANDARD S-ratio: 3.18 60166-61782 orient(+) score(5827.00) noncoding_equivalent(1832.27) raw_noncoding(2448.00) offset(615.73)
60166	60556	initial+	1	1	{Augustus_model.g4359.t1;Augustus},{GlimmerHMM_glimmerT_5276-T1;GlimmerHMM},{GeneMark_model.5648_t;GeneMark}
60557	60627	INTRON			{Augustus_model.g4359.t1;Augustus},{GlimmerHMM_glimmerT_5276-T1;GlimmerHMM},{GeneMark_model.5648_t;GeneMark}
60628	60749	internal+	2	3	{Augustus_model.g4359.t1;Augustus},{GlimmerHMM_glimmerT_5276-T1;GlimmerHMM},{GeneMark_model.5648_t;GeneMark}
60750	60809	INTRON			{Augustus_model.g4359.t1;Augustus},{GeneMark_model.5648_t;GeneMark},{ev_type:exonerate/ID=match.2566964.4282/Target=lcl|KQ954529_1_prot_KWU41682_1_5974;exonerate}
60810	60845	internal+	1	3	{Augustus_model.g4359.t1;Augustus},{GeneMark_model.5648_t;GeneMark},{ev_type:exonerate/ID=match.2566964.4282/Target=lcl|KQ954529_1_prot_KWU41682_1_5974;exonerate}
60846	60913	INTRON			{Augustus_model.g4359.t1;Augustus},{GeneMark_model.5648_t;GeneMark},{ev_type:exonerate/ID=match.2566964.4282/Target=lcl|KQ954529_1_prot_KWU41682_1_5974;exonerate}
60914	60966	internal+	1	2	{Augustus_model.g4359.t1;Augustus},{GeneMark_model.5648_t;GeneMark},{ev_type:exonerate/ID=match.2566964.4282/Target=lcl|KQ954529_1_prot_KWU41682_1_5974;exonerate}
60967	61035	INTRON			{Augustus_model.g4359.t1;Augustus},{GeneMark_model.5648_t;GeneMark},{ev_type:exonerate/ID=match.2566964.4282/Target=lcl|KQ954529_1_prot_KWU41682_1_5974;exonerate}
61036	61203	internal+	3	2	{Augustus_model.g4359.t1;Augustus},{GeneMark_model.5648_t;GeneMark},{ev_type:exonerate/ID=match.2566964.4282/Target=lcl|KQ954529_1_prot_KWU41682_1_5974;exonerate}
61204	61265	INTRON			{Augustus_model.g4359.t1;Augustus},{GlimmerHMM_glimmerT_5276-T1;GlimmerHMM},{GeneMark_model.5648_t;GeneMark},{ev_type:exonerate/ID=match.2566964.4282/Target=lcl|KQ954529_1_prot_KWU41682_1_5974;exonerate}
61266	61314	internal+	3	3	{Augustus_model.g4359.t1;Augustus},{GlimmerHMM_glimmerT_5276-T1;GlimmerHMM},{GeneMark_model.5648_t;GeneMark},{ev_type:exonerate/ID=match.2566964.4282/Target=lcl|KQ954529_1_prot_KWU41682_1_5974;exonerate}
61315	61389	INTRON			{Augustus_model.g4359.t1;Augustus},{GeneMark_model.5648_t;GeneMark},{ev_type:exonerate/ID=match.2566964.4282/Target=lcl|KQ954529_1_prot_KWU41682_1_5974;exonerate}
61390	61782	terminal+	1	3	{Augustus_model.g4359.t1;Augustus},{GeneMark_model.5648_t;GeneMark}

# EVM prediction: Mode:STANDARD S-ratio: 1.75 62639-65702 orient(+) score(8529.00) noncoding_equivalent(4865.67) raw_noncoding(6252.47) offset(1386.80)
62639	62669	initial+	1	1	{Augustus_model.g4360.t1;Augustus}
62670	62980	INTRON			{GlimmerHMM_glimmerT_5277-T1;GlimmerHMM},{Augustus_model.g4360.t1;Augustus}
62981	63107	internal+	2	2	{GlimmerHMM_glimmerT_5277-T1;GlimmerHMM},{Augustus_model.g4360.t1;Augustus}
63108	63176	INTRON			{GeneMark_model.5649_t;GeneMark},{GlimmerHMM_glimmerT_5277-T1;GlimmerHMM},{Augustus_model.g4360.t1;Augustus}
63177	63383	internal+	3	2	{GeneMark_model.5649_t;GeneMark},{GlimmerHMM_glimmerT_5277-T1;GlimmerHMM},{Augustus_model.g4360.t1;Augustus}
63384	63449	INTRON			{GeneMark_model.5649_t;GeneMark},{GlimmerHMM_glimmerT_5277-T1;GlimmerHMM},{Augustus_model.g4360.t1;Augustus}
63450	63637	internal+	3	1	{GeneMark_model.5649_t;GeneMark},{GlimmerHMM_glimmerT_5277-T1;GlimmerHMM},{Augustus_model.g4360.t1;Augustus}
63638	63729	INTRON			{GeneMark_model.5649_t;GeneMark},{GlimmerHMM_glimmerT_5277-T1;GlimmerHMM},{Augustus_model.g4360.t1;Augustus}
63730	63874	internal+	2	2	{GeneMark_model.5649_t;GeneMark},{GlimmerHMM_glimmerT_5277-T1;GlimmerHMM},{Augustus_model.g4360.t1;Augustus}
63875	63943	INTRON			{GeneMark_model.5649_t;GeneMark},{GlimmerHMM_glimmerT_5277-T1;GlimmerHMM},{Augustus_model.g4360.t1;Augustus}
63944	64174	internal+	3	2	{GeneMark_model.5649_t;GeneMark},{GlimmerHMM_glimmerT_5277-T1;GlimmerHMM},{Augustus_model.g4360.t1;Augustus}
64175	64240	INTRON			{GeneMark_model.5649_t;GeneMark},{GlimmerHMM_glimmerT_5277-T1;GlimmerHMM},{Augustus_model.g4360.t1;Augustus}
64241	64470	internal+	3	1	{GeneMark_model.5649_t;GeneMark},{Augustus_model.g4360.t1;Augustus}
64471	64554	INTRON			{GeneMark_model.5649_t;GeneMark},{Augustus_model.g4360.t1;Augustus}
64555	64863	internal+	2	1	{GeneMark_model.5649_t;GeneMark},{Augustus_model.g4360.t1;Augustus}
64864	64929	INTRON			{GeneMark_model.5649_t;GeneMark},{GlimmerHMM_glimmerT_5277-T1;GlimmerHMM},{Augustus_model.g4360.t1;Augustus}
64930	65001	internal+	2	1	{GeneMark_model.5649_t;GeneMark},{GlimmerHMM_glimmerT_5277-T1;GlimmerHMM},{Augustus_model.g4360.t1;Augustus}
65002	65072	INTRON			{GeneMark_model.5649_t;GeneMark},{GlimmerHMM_glimmerT_5277-T1;GlimmerHMM},{Augustus_model.g4360.t1;Augustus}
65073	65116	internal+	2	3	{GeneMark_model.5649_t;GeneMark},{GlimmerHMM_glimmerT_5277-T1;GlimmerHMM},{Augustus_model.g4360.t1;Augustus}
65117	65188	INTRON			{GeneMark_model.5649_t;GeneMark},{GlimmerHMM_glimmerT_5277-T1;GlimmerHMM},{Augustus_model.g4360.t1;Augustus}
65189	65273	internal+	1	1	{GeneMark_model.5649_t;GeneMark},{GlimmerHMM_glimmerT_5277-T1;GlimmerHMM},{Augustus_model.g4360.t1;Augustus}
65274	65364	INTRON			{GeneMark_model.5649_t;GeneMark},{GlimmerHMM_glimmerT_5277-T1;GlimmerHMM},{Augustus_model.g4360.t1;Augustus}
65365	65568	internal+	2	1	{GeneMark_model.5649_t;GeneMark},{GlimmerHMM_glimmerT_5277-T1;GlimmerHMM},{Augustus_model.g4360.t1;Augustus}
65569	65643	INTRON			{GeneMark_model.5649_t;GeneMark}
65644	65702	terminal+	2	3	{GeneMark_model.5649_t;GeneMark}

# EVM prediction: Mode:STANDARD S-ratio: 5.69 66740-71351 orient(+) score(21343.00) noncoding_equivalent(3754.26) raw_noncoding(4497.27) offset(743.01)
66740	68871	initial+	1	2	{GeneMark_model.5650_t;GeneMark},{GlimmerHMM_glimmerT_5278-T1;GlimmerHMM}
68872	68938	INTRON			{GeneMark_model.5650_t;GeneMark},{GlimmerHMM_glimmerT_5278-T1;GlimmerHMM},{Augustus_model.g4360.t1;Augustus},{ev_type:exonerate/ID=match.2566964.4240/Target=lcl|NW_017264944_1_prot_XP_018268157_1_6737;exonerate},{ev_type:exonerate/ID=match.2566964.4239/Target=lcl|KQ954529_1_prot_KWU41680_1_5972;exonerate}
68939	69327	internal+	3	1	{GeneMark_model.5650_t;GeneMark},{GlimmerHMM_glimmerT_5278-T1;GlimmerHMM},{Augustus_model.g4360.t1;Augustus},{ev_type:exonerate/ID=match.2566964.4240/Target=lcl|NW_017264944_1_prot_XP_018268157_1_6737;exonerate},{ev_type:exonerate/ID=match.2566964.4239/Target=lcl|KQ954529_1_prot_KWU41680_1_5972;exonerate}
69328	69399	INTRON			{GeneMark_model.5650_t;GeneMark},{GlimmerHMM_glimmerT_5278-T1;GlimmerHMM},{Augustus_model.g4360.t1;Augustus},{ev_type:exonerate/ID=match.2566964.4240/Target=lcl|NW_017264944_1_prot_XP_018268157_1_6737;exonerate},{ev_type:exonerate/ID=match.2566964.4239/Target=lcl|KQ954529_1_prot_KWU41680_1_5972;exonerate}
69400	69544	internal+	2	2	{GeneMark_model.5650_t;GeneMark},{GlimmerHMM_glimmerT_5278-T1;GlimmerHMM},{Augustus_model.g4360.t1;Augustus},{ev_type:exonerate/ID=match.2566964.4240/Target=lcl|NW_017264944_1_prot_XP_018268157_1_6737;exonerate},{ev_type:exonerate/ID=match.2566964.4239/Target=lcl|KQ954529_1_prot_KWU41680_1_5972;exonerate}
69545	69620	INTRON			{GeneMark_model.5650_t;GeneMark},{GlimmerHMM_glimmerT_5278-T1;GlimmerHMM},{Augustus_model.g4360.t1;Augustus},{ev_type:exonerate/ID=match.2566964.4240/Target=lcl|NW_017264944_1_prot_XP_018268157_1_6737;exonerate},{ev_type:exonerate/ID=match.2566964.4239/Target=lcl|KQ954529_1_prot_KWU41680_1_5972;exonerate}
69621	69851	internal+	3	2	{GeneMark_model.5650_t;GeneMark},{GlimmerHMM_glimmerT_5278-T1;GlimmerHMM},{Augustus_model.g4360.t1;Augustus},{ev_type:exonerate/ID=match.2566964.4240/Target=lcl|NW_017264944_1_prot_XP_018268157_1_6737;exonerate},{ev_type:exonerate/ID=match.2566964.4239/Target=lcl|KQ954529_1_prot_KWU41680_1_5972;exonerate}
69852	69945	INTRON			{GeneMark_model.5650_t;GeneMark},{GlimmerHMM_glimmerT_5278-T1;GlimmerHMM},{Augustus_model.g4360.t1;Augustus},{ev_type:exonerate/ID=match.2566964.4240/Target=lcl|NW_017264944_1_prot_XP_018268157_1_6737;exonerate},{ev_type:exonerate/ID=match.2566964.4239/Target=lcl|KQ954529_1_prot_KWU41680_1_5972;exonerate}
69946	70052	internal+	3	1	{GeneMark_model.5650_t;GeneMark},{GlimmerHMM_glimmerT_5278-T1;GlimmerHMM},{Augustus_model.g4360.t1;Augustus},{ev_type:exonerate/ID=match.2566964.4240/Target=lcl|NW_017264944_1_prot_XP_018268157_1_6737;exonerate},{ev_type:exonerate/ID=match.2566964.4239/Target=lcl|KQ954529_1_prot_KWU41680_1_5972;exonerate}
70053	70122	INTRON			{GeneMark_model.5650_t;GeneMark},{GlimmerHMM_glimmerT_5278-T1;GlimmerHMM},{Augustus_model.g4360.t1;Augustus},{ev_type:exonerate/ID=match.2566964.4240/Target=lcl|NW_017264944_1_prot_XP_018268157_1_6737;exonerate},{ev_type:exonerate/ID=match.2566964.4239/Target=lcl|KQ954529_1_prot_KWU41680_1_5972;exonerate}
70123	70248	internal+	2	1	{GeneMark_model.5650_t;GeneMark},{GlimmerHMM_glimmerT_5278-T1;GlimmerHMM},{Augustus_model.g4360.t1;Augustus},{ev_type:exonerate/ID=match.2566964.4240/Target=lcl|NW_017264944_1_prot_XP_018268157_1_6737;exonerate},{ev_type:exonerate/ID=match.2566964.4239/Target=lcl|KQ954529_1_prot_KWU41680_1_5972;exonerate}
70249	70328	INTRON			{GeneMark_model.5650_t;GeneMark},{GlimmerHMM_glimmerT_5278-T1;GlimmerHMM},{Augustus_model.g4360.t1;Augustus},{ev_type:exonerate/ID=match.2566964.4240/Target=lcl|NW_017264944_1_prot_XP_018268157_1_6737;exonerate},{ev_type:exonerate/ID=match.2566964.4239/Target=lcl|KQ954529_1_prot_KWU41680_1_5972;exonerate}
70329	70691	internal+	2	1	{GeneMark_model.5650_t;GeneMark},{GlimmerHMM_glimmerT_5278-T1;GlimmerHMM},{Augustus_model.g4360.t1;Augustus},{ev_type:exonerate/ID=match.2566964.4240/Target=lcl|NW_017264944_1_prot_XP_018268157_1_6737;exonerate},{ev_type:exonerate/ID=match.2566964.4239/Target=lcl|KQ954529_1_prot_KWU41680_1_5972;exonerate}
70692	70787	INTRON			{GeneMark_model.5650_t;GeneMark},{GlimmerHMM_glimmerT_5278-T1;GlimmerHMM},{Augustus_model.g4360.t1;Augustus},{ev_type:exonerate/ID=match.2566964.4240/Target=lcl|NW_017264944_1_prot_XP_018268157_1_6737;exonerate},{ev_type:exonerate/ID=match.2566964.4239/Target=lcl|KQ954529_1_prot_KWU41680_1_5972;exonerate}
70788	70859	internal+	2	1	{GeneMark_model.5650_t;GeneMark},{GlimmerHMM_glimmerT_5278-T1;GlimmerHMM},{Augustus_model.g4360.t1;Augustus},{ev_type:exonerate/ID=match.2566964.4240/Target=lcl|NW_017264944_1_prot_XP_018268157_1_6737;exonerate},{ev_type:exonerate/ID=match.2566964.4239/Target=lcl|KQ954529_1_prot_KWU41680_1_5972;exonerate}
70860	70928	INTRON			{GeneMark_model.5650_t;GeneMark},{GlimmerHMM_glimmerT_5278-T1;GlimmerHMM},{Augustus_model.g4360.t1;Augustus},{ev_type:exonerate/ID=match.2566964.4240/Target=lcl|NW_017264944_1_prot_XP_018268157_1_6737;exonerate},{ev_type:exonerate/ID=match.2566964.4239/Target=lcl|KQ954529_1_prot_KWU41680_1_5972;exonerate}
70929	71003	internal+	2	1	{GeneMark_model.5650_t;GeneMark},{GlimmerHMM_glimmerT_5278-T1;GlimmerHMM},{Augustus_model.g4360.t1;Augustus},{ev_type:exonerate/ID=match.2566964.4240/Target=lcl|NW_017264944_1_prot_XP_018268157_1_6737;exonerate},{ev_type:exonerate/ID=match.2566964.4239/Target=lcl|KQ954529_1_prot_KWU41680_1_5972;exonerate}
71004	71080	INTRON			{GeneMark_model.5650_t;GeneMark},{GlimmerHMM_glimmerT_5278-T1;GlimmerHMM},{Augustus_model.g4360.t1;Augustus},{ev_type:exonerate/ID=match.2566964.4240/Target=lcl|NW_017264944_1_prot_XP_018268157_1_6737;exonerate},{ev_type:exonerate/ID=match.2566964.4239/Target=lcl|KQ954529_1_prot_KWU41680_1_5972;exonerate}
71081	71171	internal+	2	2	{GeneMark_model.5650_t;GeneMark},{GlimmerHMM_glimmerT_5278-T1;GlimmerHMM},{Augustus_model.g4360.t1;Augustus},{ev_type:exonerate/ID=match.2566964.4240/Target=lcl|NW_017264944_1_prot_XP_018268157_1_6737;exonerate},{ev_type:exonerate/ID=match.2566964.4239/Target=lcl|KQ954529_1_prot_KWU41680_1_5972;exonerate}
71172	71245	INTRON			{GeneMark_model.5650_t;GeneMark},{GlimmerHMM_glimmerT_5278-T1;GlimmerHMM},{Augustus_model.g4360.t1;Augustus},{ev_type:exonerate/ID=match.2566964.4240/Target=lcl|NW_017264944_1_prot_XP_018268157_1_6737;exonerate},{ev_type:exonerate/ID=match.2566964.4239/Target=lcl|KQ954529_1_prot_KWU41680_1_5972;exonerate}
71246	71351	terminal+	3	3	{GeneMark_model.5650_t;GeneMark},{GlimmerHMM_glimmerT_5278-T1;GlimmerHMM},{Augustus_model.g4360.t1;Augustus}

# EVM prediction: Mode:STANDARD S-ratio: 3.28 71899-73766 orient(+) score(9565.00) noncoding_equivalent(2911.77) raw_noncoding(3581.00) offset(669.23)
71899	72059	initial+	1	2	{GlimmerHMM_glimmerT_5279-T1;GlimmerHMM},{GeneMark_model.5651_t;GeneMark},{Augustus_model.g4361.t1;Augustus}
72060	72291	INTRON			{GlimmerHMM_glimmerT_5279-T1;GlimmerHMM},{GeneMark_model.5651_t;GeneMark},{Augustus_model.g4361.t1;Augustus},{ev_type:exonerate/ID=match.2566964.4258/Target=lcl|KQ954529_1_prot_KWU41679_1_5971;exonerate},{ev_type:exonerate/ID=match.2566964.4257/Target=lcl|PJQD01000046_1_prot_POY72842_1_4172;exonerate}
72292	72455	internal+	3	1	{GlimmerHMM_glimmerT_5279-T1;GlimmerHMM},{GeneMark_model.5651_t;GeneMark},{Augustus_model.g4361.t1;Augustus},{ev_type:exonerate/ID=match.2566964.4258/Target=lcl|KQ954529_1_prot_KWU41679_1_5971;exonerate},{ev_type:exonerate/ID=match.2566964.4257/Target=lcl|PJQD01000046_1_prot_POY72842_1_4172;exonerate}
72456	72531	INTRON			{GlimmerHMM_glimmerT_5279-T1;GlimmerHMM},{GeneMark_model.5651_t;GeneMark},{Augustus_model.g4361.t1;Augustus},{ev_type:exonerate/ID=match.2566964.4258/Target=lcl|KQ954529_1_prot_KWU41679_1_5971;exonerate},{ev_type:exonerate/ID=match.2566964.4257/Target=lcl|PJQD01000046_1_prot_POY72842_1_4172;exonerate}
72532	72767	internal+	2	3	{GlimmerHMM_glimmerT_5279-T1;GlimmerHMM},{GeneMark_model.5651_t;GeneMark},{Augustus_model.g4361.t1;Augustus},{ev_type:exonerate/ID=match.2566964.4258/Target=lcl|KQ954529_1_prot_KWU41679_1_5971;exonerate},{ev_type:exonerate/ID=match.2566964.4257/Target=lcl|PJQD01000046_1_prot_POY72842_1_4172;exonerate}
72768	72862	INTRON			{GlimmerHMM_glimmerT_5279-T1;GlimmerHMM},{GeneMark_model.5651_t;GeneMark},{Augustus_model.g4361.t1;Augustus},{ev_type:exonerate/ID=match.2566964.4258/Target=lcl|KQ954529_1_prot_KWU41679_1_5971;exonerate},{ev_type:exonerate/ID=match.2566964.4257/Target=lcl|PJQD01000046_1_prot_POY72842_1_4172;exonerate}
72863	73021	internal+	1	3	{GlimmerHMM_glimmerT_5279-T1;GlimmerHMM},{GeneMark_model.5651_t;GeneMark},{Augustus_model.g4361.t1;Augustus},{ev_type:exonerate/ID=match.2566964.4258/Target=lcl|KQ954529_1_prot_KWU41679_1_5971;exonerate},{ev_type:exonerate/ID=match.2566964.4257/Target=lcl|PJQD01000046_1_prot_POY72842_1_4172;exonerate}
73022	73094	INTRON			{GlimmerHMM_glimmerT_5279-T1;GlimmerHMM},{GeneMark_model.5651_t;GeneMark},{Augustus_model.g4361.t1;Augustus},{ev_type:exonerate/ID=match.2566964.4258/Target=lcl|KQ954529_1_prot_KWU41679_1_5971;exonerate},{ev_type:exonerate/ID=match.2566964.4257/Target=lcl|PJQD01000046_1_prot_POY72842_1_4172;exonerate}
73095	73223	internal+	1	3	{GlimmerHMM_glimmerT_5279-T1;GlimmerHMM},{GeneMark_model.5651_t;GeneMark},{Augustus_model.g4361.t1;Augustus},{ev_type:exonerate/ID=match.2566964.4258/Target=lcl|KQ954529_1_prot_KWU41679_1_5971;exonerate},{ev_type:exonerate/ID=match.2566964.4257/Target=lcl|PJQD01000046_1_prot_POY72842_1_4172;exonerate}
73224	73308	INTRON			{GlimmerHMM_glimmerT_5279-T1;GlimmerHMM},{GeneMark_model.5651_t;GeneMark},{Augustus_model.g4361.t1;Augustus},{ev_type:exonerate/ID=match.2566964.4258/Target=lcl|KQ954529_1_prot_KWU41679_1_5971;exonerate},{ev_type:exonerate/ID=match.2566964.4257/Target=lcl|PJQD01000046_1_prot_POY72842_1_4172;exonerate}
73309	73484	internal+	1	2	{GlimmerHMM_glimmerT_5279-T1;GlimmerHMM},{GeneMark_model.5651_t;GeneMark},{Augustus_model.g4361.t1;Augustus},{ev_type:exonerate/ID=match.2566964.4258/Target=lcl|KQ954529_1_prot_KWU41679_1_5971;exonerate},{ev_type:exonerate/ID=match.2566964.4257/Target=lcl|PJQD01000046_1_prot_POY72842_1_4172;exonerate}
73485	73579	INTRON			{GlimmerHMM_glimmerT_5279-T1;GlimmerHMM},{GeneMark_model.5651_t;GeneMark},{Augustus_model.g4361.t1;Augustus},{ev_type:exonerate/ID=match.2566964.4258/Target=lcl|KQ954529_1_prot_KWU41679_1_5971;exonerate},{ev_type:exonerate/ID=match.2566964.4257/Target=lcl|PJQD01000046_1_prot_POY72842_1_4172;exonerate}
73580	73766	terminal+	3	3	{GlimmerHMM_glimmerT_5279-T1;GlimmerHMM},{GeneMark_model.5651_t;GeneMark},{Augustus_model.g4361.t1;Augustus}

# EVM prediction: Mode:STANDARD S-ratio: 7.43 75251-79159 orient(+) score(14115.00) noncoding_equivalent(1900.66) raw_noncoding(2382.00) offset(481.34)
75251	75444	initial+	1	2	{GeneMark_model.5652_t;GeneMark},{GlimmerHMM_glimmerT_5280-T1;GlimmerHMM},{Augustus_model.g4362.t1;Augustus}
75445	75531	INTRON			{GeneMark_model.5652_t;GeneMark},{Augustus_model.g4362.t1;Augustus}
75532	75667	internal+	3	3	{GeneMark_model.5652_t;GeneMark},{Augustus_model.g4362.t1;Augustus}
75668	75734	INTRON			{GeneMark_model.5652_t;GeneMark},{GlimmerHMM_glimmerT_5280-T1;GlimmerHMM},{Augustus_model.g4362.t1;Augustus}
75735	75838	internal+	1	2	{GeneMark_model.5652_t;GeneMark},{GlimmerHMM_glimmerT_5280-T1;GlimmerHMM},{Augustus_model.g4362.t1;Augustus}
75839	75907	INTRON			{GeneMark_model.5652_t;GeneMark},{Augustus_model.g4362.t1;Augustus}
75908	77536	internal+	3	2	{GeneMark_model.5652_t;GeneMark},{Augustus_model.g4362.t1;Augustus}
77537	77612	INTRON			{GeneMark_model.5652_t;GeneMark},{GlimmerHMM_glimmerT_5280-T1;GlimmerHMM},{Augustus_model.g4362.t1;Augustus}
77613	77914	internal+	3	1	{GeneMark_model.5652_t;GeneMark},{GlimmerHMM_glimmerT_5280-T1;GlimmerHMM},{Augustus_model.g4362.t1;Augustus}
77915	77969	INTRON			{GeneMark_model.5652_t;GeneMark},{GlimmerHMM_glimmerT_5280-T1;GlimmerHMM},{Augustus_model.g4362.t1;Augustus}
77970	79159	terminal+	2	3	{GeneMark_model.5652_t;GeneMark},{GlimmerHMM_glimmerT_5280-T1;GlimmerHMM},{Augustus_model.g4362.t1;Augustus}

# EVM prediction: Mode:STANDARD S-ratio: 4.20 79791-84562 orient(+) score(15969.00) noncoding_equivalent(3805.21) raw_noncoding(5042.00) offset(1236.79)
79791	79812	initial+	1	1	{GlimmerHMM_glimmerT_5281-T1;GlimmerHMM},{GeneMark_model.5653_t;GeneMark},{Augustus_model.g4363.t1;Augustus}
79813	79949	INTRON			{GlimmerHMM_glimmerT_5281-T1;GlimmerHMM},{GeneMark_model.5653_t;GeneMark},{Augustus_model.g4363.t1;Augustus}
79950	80483	internal+	2	1	{GlimmerHMM_glimmerT_5281-T1;GlimmerHMM},{GeneMark_model.5653_t;GeneMark},{Augustus_model.g4363.t1;Augustus}
80484	80577	INTRON			{GlimmerHMM_glimmerT_5281-T1;GlimmerHMM},{GeneMark_model.5653_t;GeneMark},{Augustus_model.g4363.t1;Augustus}
80578	82744	internal+	2	2	{GlimmerHMM_glimmerT_5281-T1;GlimmerHMM}
82745	83191	INTRON			{GlimmerHMM_glimmerT_5281-T1;GlimmerHMM},{Augustus_model.g4363.t1;Augustus}
83192	83640	internal+	3	1	{GlimmerHMM_glimmerT_5281-T1;GlimmerHMM},{Augustus_model.g4363.t1;Augustus}
83641	83701	INTRON			{GlimmerHMM_glimmerT_5281-T1;GlimmerHMM},{GeneMark_model.5654_t;GeneMark},{Augustus_model.g4363.t1;Augustus}
83702	84315	internal+	2	3	{GlimmerHMM_glimmerT_5281-T1;GlimmerHMM},{GeneMark_model.5654_t;GeneMark},{Augustus_model.g4363.t1;Augustus}
84316	84376	INTRON			{GlimmerHMM_glimmerT_5281-T1;GlimmerHMM},{GeneMark_model.5654_t;GeneMark},{Augustus_model.g4363.t1;Augustus}
84377	84562	terminal+	1	3	{GlimmerHMM_glimmerT_5281-T1;GlimmerHMM},{GeneMark_model.5654_t;GeneMark},{Augustus_model.g4363.t1;Augustus}

# EVM prediction: Mode:STANDARD S-ratio: 10000.00 85468-86694 orient(-) score(4908.00) noncoding_equivalent(0.49) raw_noncoding(0.00) offset(0.00)
86694	85468	single-	4	6	{GeneMark_model.5655_t;GeneMark},{Augustus_model.g4364.t1;Augustus},{GlimmerHMM_glimmerT_5282-T1;GlimmerHMM}

# EVM prediction: Mode:STANDARD S-ratio: 2.59 87804-89618 orient(-) score(6370.00) noncoding_equivalent(2461.28) raw_noncoding(2889.00) offset(427.72)
87986	87804	terminal-	4	6	{GlimmerHMM_glimmerT_5283-T1;GlimmerHMM},{snap_scaffold_14-snap.28-T1;snap},{Augustus_model.g4365.t1;Augustus},{GeneMark_model.5656_t;GeneMark}
88090	87987	INTRON			{GlimmerHMM_glimmerT_5283-T1;GlimmerHMM},{Augustus_model.g4365.t1;Augustus},{GeneMark_model.5656_t;GeneMark}
88126	88091	internal-	4	6	{GlimmerHMM_glimmerT_5283-T1;GlimmerHMM},{Augustus_model.g4365.t1;Augustus},{GeneMark_model.5656_t;GeneMark}
88206	88127	INTRON			{GlimmerHMM_glimmerT_5283-T1;GlimmerHMM},{Augustus_model.g4365.t1;Augustus},{GeneMark_model.5656_t;GeneMark}
88223	88207	internal-	5	6	{GlimmerHMM_glimmerT_5283-T1;GlimmerHMM},{Augustus_model.g4365.t1;Augustus},{GeneMark_model.5656_t;GeneMark}
88294	88224	INTRON			{GlimmerHMM_glimmerT_5283-T1;GlimmerHMM},{Augustus_model.g4365.t1;Augustus},{GeneMark_model.5656_t;GeneMark}
88376	88295	internal-	4	4	{GlimmerHMM_glimmerT_5283-T1;GlimmerHMM},{Augustus_model.g4365.t1;Augustus},{GeneMark_model.5656_t;GeneMark}
88459	88377	INTRON			{GlimmerHMM_glimmerT_5283-T1;GlimmerHMM},{Augustus_model.g4365.t1;Augustus},{GeneMark_model.5656_t;GeneMark}
88508	88460	internal-	6	6	{GlimmerHMM_glimmerT_5283-T1;GlimmerHMM},{Augustus_model.g4365.t1;Augustus},{GeneMark_model.5656_t;GeneMark}
88585	88509	INTRON			{GlimmerHMM_glimmerT_5283-T1;GlimmerHMM},{Augustus_model.g4365.t1;Augustus},{GeneMark_model.5656_t;GeneMark}
88753	88586	internal-	6	5	{GlimmerHMM_glimmerT_5283-T1;GlimmerHMM},{Augustus_model.g4365.t1;Augustus},{GeneMark_model.5656_t;GeneMark}
88842	88754	INTRON			{GlimmerHMM_glimmerT_5283-T1;GlimmerHMM},{Augustus_model.g4365.t1;Augustus},{snap_scaffold_14-snap.29-T1;snap},{GeneMark_model.5656_t;GeneMark}
88931	88843	internal-	4	5	{GlimmerHMM_glimmerT_5283-T1;GlimmerHMM},{Augustus_model.g4365.t1;Augustus},{GeneMark_model.5656_t;GeneMark}
89012	88932	INTRON			{GlimmerHMM_glimmerT_5283-T1;GlimmerHMM},{Augustus_model.g4365.t1;Augustus},{GeneMark_model.5656_t;GeneMark}
89134	89013	internal-	5	6	{GlimmerHMM_glimmerT_5283-T1;GlimmerHMM},{Augustus_model.g4365.t1;Augustus},{GeneMark_model.5656_t;GeneMark}
89266	89135	INTRON			{GlimmerHMM_glimmerT_5283-T1;GlimmerHMM},{Augustus_model.g4365.t1;Augustus},{GeneMark_model.5656_t;GeneMark}
89618	89267	initial-	4	4	{GlimmerHMM_glimmerT_5283-T1;GlimmerHMM},{Augustus_model.g4365.t1;Augustus},{GeneMark_model.5656_t;GeneMark}

# EVM prediction: Mode:STANDARD S-ratio: 2.84 90391-91467 orient(-) score(3365.00) noncoding_equivalent(1183.46) raw_noncoding(1727.70) offset(544.24)
90769	90391	terminal-	6	6	{snap_scaffold_14-snap.31-T1;snap},{GeneMark_model.5657_t;GeneMark},{Augustus_model.g4366.t1;Augustus},{GlimmerHMM_glimmerT_5284-T1;GlimmerHMM}
90833	90770	INTRON			{GeneMark_model.5657_t;GeneMark},{Augustus_model.g4366.t1;Augustus},{GlimmerHMM_glimmerT_5284-T1;GlimmerHMM}
90979	90834	internal-	4	5	{GeneMark_model.5657_t;GeneMark},{Augustus_model.g4366.t1;Augustus},{GlimmerHMM_glimmerT_5284-T1;GlimmerHMM}
91041	90980	INTRON			{GeneMark_model.5657_t;GeneMark},{Augustus_model.g4366.t1;Augustus},{GlimmerHMM_glimmerT_5284-T1;GlimmerHMM}
91214	91042	internal-	5	6	{GeneMark_model.5657_t;GeneMark},{Augustus_model.g4366.t1;Augustus},{GlimmerHMM_glimmerT_5284-T1;GlimmerHMM}
91421	91215	INTRON			{GeneMark_model.5657_t;GeneMark},{Augustus_model.g4366.t1;Augustus}
91467	91422	initial-	4	4	{GeneMark_model.5657_t;GeneMark},{Augustus_model.g4366.t1;Augustus}

# EVM prediction: Mode:STANDARD S-ratio: 2.61 92290-93865 orient(-) score(5296.00) noncoding_equivalent(2033.00) raw_noncoding(2551.00) offset(518.00)
92344	92290	terminal-	6	6	{GeneMark_model.5658_t;GeneMark},{Augustus_model.g4367.t1;Augustus},{GlimmerHMM_glimmerT_5285-T1;GlimmerHMM}
92436	92345	INTRON			{GeneMark_model.5658_t;GeneMark},{Augustus_model.g4367.t1;Augustus},{GlimmerHMM_glimmerT_5285-T1;GlimmerHMM}
92620	92437	internal-	5	5	{GeneMark_model.5658_t;GeneMark},{Augustus_model.g4367.t1;Augustus},{GlimmerHMM_glimmerT_5285-T1;GlimmerHMM}
92724	92621	INTRON			{GeneMark_model.5658_t;GeneMark},{Augustus_model.g4367.t1;Augustus},{GlimmerHMM_glimmerT_5285-T1;GlimmerHMM}
93070	92725	internal-	4	4	{GeneMark_model.5658_t;GeneMark},{Augustus_model.g4367.t1;Augustus},{GlimmerHMM_glimmerT_5285-T1;GlimmerHMM}
93148	93071	INTRON			{GeneMark_model.5658_t;GeneMark},{Augustus_model.g4367.t1;Augustus},{GlimmerHMM_glimmerT_5285-T1;GlimmerHMM}
93361	93149	internal-	4	6	{GeneMark_model.5658_t;GeneMark},{Augustus_model.g4367.t1;Augustus},{GlimmerHMM_glimmerT_5285-T1;GlimmerHMM}
93435	93362	INTRON			{GeneMark_model.5658_t;GeneMark},{Augustus_model.g4367.t1;Augustus},{GlimmerHMM_glimmerT_5285-T1;GlimmerHMM}
93486	93436	internal-	4	6	{GeneMark_model.5658_t;GeneMark},{Augustus_model.g4367.t1;Augustus},{GlimmerHMM_glimmerT_5285-T1;GlimmerHMM}
93551	93487	INTRON			{GeneMark_model.5658_t;GeneMark},{Augustus_model.g4367.t1;Augustus},{GlimmerHMM_glimmerT_5285-T1;GlimmerHMM}
93688	93552	internal-	5	6	{GeneMark_model.5658_t;GeneMark},{Augustus_model.g4367.t1;Augustus},{GlimmerHMM_glimmerT_5285-T1;GlimmerHMM}
93801	93689	INTRON			{GeneMark_model.5658_t;GeneMark},{Augustus_model.g4367.t1;Augustus},{GlimmerHMM_glimmerT_5285-T1;GlimmerHMM}
93865	93802	initial-	4	4	{GeneMark_model.5658_t;GeneMark},{Augustus_model.g4367.t1;Augustus},{GlimmerHMM_glimmerT_5285-T1;GlimmerHMM}

# EVM prediction: Mode:STANDARD S-ratio: 17.00 94066-95091 orient(-) score(3876.00) noncoding_equivalent(228.00) raw_noncoding(228.00) offset(0.00)
95091	94066	single-	4	6	{GeneMark_model.5659_t;GeneMark},{Augustus_model.g4368.t1;Augustus},{GlimmerHMM_glimmerT_5286-T1;GlimmerHMM}

# EVM prediction: Mode:STANDARD S-ratio: 2.64 95463-97739 orient(+) score(7321.00) noncoding_equivalent(2771.34) raw_noncoding(3594.00) offset(822.66)
95463	95495	initial+	1	3	{Augustus_model.g4369.t1;Augustus}
95496	95543	INTRON			{Augustus_model.g4369.t1;Augustus}
95544	95713	internal+	1	2	{GeneMark_model.5660_t;GeneMark},{Augustus_model.g4369.t1;Augustus}
95714	95781	INTRON			{GlimmerHMM_glimmerT_5287-T1;GlimmerHMM},{GeneMark_model.5660_t;GeneMark},{Augustus_model.g4369.t1;Augustus}
95782	95860	internal+	3	3	{GlimmerHMM_glimmerT_5287-T1;GlimmerHMM},{GeneMark_model.5660_t;GeneMark},{Augustus_model.g4369.t1;Augustus}
95861	95914	INTRON			{GlimmerHMM_glimmerT_5287-T1;GlimmerHMM},{GeneMark_model.5660_t;GeneMark},{Augustus_model.g4369.t1;Augustus}
95915	96025	internal+	1	3	{GlimmerHMM_glimmerT_5287-T1;GlimmerHMM},{GeneMark_model.5660_t;GeneMark},{Augustus_model.g4369.t1;Augustus}
96026	96083	INTRON			{GlimmerHMM_glimmerT_5287-T1;GlimmerHMM},{GeneMark_model.5660_t;GeneMark},{Augustus_model.g4369.t1;Augustus}
96084	96541	internal+	1	2	{GlimmerHMM_glimmerT_5287-T1;GlimmerHMM},{GeneMark_model.5660_t;GeneMark},{Augustus_model.g4369.t1;Augustus}
96542	96626	INTRON			{GlimmerHMM_glimmerT_5287-T1;GlimmerHMM},{GeneMark_model.5660_t;GeneMark},{Augustus_model.g4369.t1;Augustus}
96627	96661	internal+	3	1	{GlimmerHMM_glimmerT_5287-T1;GlimmerHMM},{GeneMark_model.5660_t;GeneMark},{Augustus_model.g4369.t1;Augustus}
96662	96761	INTRON			{GlimmerHMM_glimmerT_5287-T1;GlimmerHMM},{GeneMark_model.5660_t;GeneMark},{Augustus_model.g4369.t1;Augustus}
96762	97142	internal+	2	1	{GlimmerHMM_glimmerT_5287-T1;GlimmerHMM},{GeneMark_model.5660_t;GeneMark},{Augustus_model.g4369.t1;Augustus}
97143	97230	INTRON			{GlimmerHMM_glimmerT_5287-T1;GlimmerHMM},{GeneMark_model.5660_t;GeneMark},{Augustus_model.g4369.t1;Augustus}
97231	97263	internal+	2	1	{GlimmerHMM_glimmerT_5287-T1;GlimmerHMM},{GeneMark_model.5660_t;GeneMark},{Augustus_model.g4369.t1;Augustus}
97264	97365	INTRON			{GlimmerHMM_glimmerT_5287-T1;GlimmerHMM},{GeneMark_model.5660_t;GeneMark},{Augustus_model.g4369.t1;Augustus}
97366	97546	internal+	2	2	{GeneMark_model.5660_t;GeneMark},{Augustus_model.g4369.t1;Augustus}
97547	97639	INTRON			{GeneMark_model.5660_t;GeneMark},{Augustus_model.g4369.t1;Augustus}
97640	97739	terminal+	3	3	{GeneMark_model.5660_t;GeneMark},{Augustus_model.g4369.t1;Augustus}

# EVM prediction: Mode:STANDARD S-ratio: 1.87 100632-102163 orient(-) score(4296.00) noncoding_equivalent(2300.46) raw_noncoding(2726.71) offset(426.25)
100784	100632	terminal-	4	6	{Augustus_model.g4370.t1;Augustus},{GeneMark_model.5662_t;GeneMark}
100868	100785	INTRON			{Augustus_model.g4370.t1;Augustus},{GeneMark_model.5662_t;GeneMark}
101000	100869	internal-	4	6	{Augustus_model.g4370.t1;Augustus},{GlimmerHMM_glimmerT_5289-T1;GlimmerHMM},{GeneMark_model.5662_t;GeneMark}
101059	101001	INTRON			{Augustus_model.g4370.t1;Augustus},{GlimmerHMM_glimmerT_5289-T1;GlimmerHMM},{GeneMark_model.5662_t;GeneMark}
101256	101060	internal-	5	6	{Augustus_model.g4370.t1;Augustus},{GlimmerHMM_glimmerT_5289-T1;GlimmerHMM},{GeneMark_model.5662_t;GeneMark}
101320	101257	INTRON			{Augustus_model.g4370.t1;Augustus},{GlimmerHMM_glimmerT_5289-T1;GlimmerHMM},{GeneMark_model.5662_t;GeneMark}
101389	101321	internal-	5	4	{Augustus_model.g4370.t1;Augustus},{GlimmerHMM_glimmerT_5289-T1;GlimmerHMM},{GeneMark_model.5662_t;GeneMark}
101451	101390	INTRON			{Augustus_model.g4370.t1;Augustus},{GlimmerHMM_glimmerT_5289-T1;GlimmerHMM},{GeneMark_model.5662_t;GeneMark}
102080	101452	internal-	6	4	{Augustus_model.g4370.t1;Augustus},{GlimmerHMM_glimmerT_5289-T1;GlimmerHMM}
102137	102081	INTRON			{Augustus_model.g4370.t1;Augustus},{GlimmerHMM_glimmerT_5289-T1;GlimmerHMM},{GeneMark_model.5662_t;GeneMark}
102163	102138	initial-	4	5	{Augustus_model.g4370.t1;Augustus},{GlimmerHMM_glimmerT_5289-T1;GlimmerHMM},{GeneMark_model.5662_t;GeneMark}

# EVM prediction: Mode:STANDARD S-ratio: 1.00 102507-103343 orient(+) score(1674.00) noncoding_equivalent(1674.00) raw_noncoding(2370.00) offset(696.00)
102507	102570	initial+	1	1	{Augustus_model.g4371.t1;Augustus},{GeneMark_model.5663_t;GeneMark}
102571	102635	INTRON			{Augustus_model.g4371.t1;Augustus},{GeneMark_model.5663_t;GeneMark}
102636	102713	internal+	2	1	{Augustus_model.g4371.t1;Augustus},{GeneMark_model.5663_t;GeneMark}
102714	102784	INTRON			{Augustus_model.g4371.t1;Augustus},{GeneMark_model.5663_t;GeneMark}
102785	102808	internal+	2	1	{Augustus_model.g4371.t1;Augustus},{GeneMark_model.5663_t;GeneMark}
102809	102891	INTRON			{Augustus_model.g4371.t1;Augustus},{GeneMark_model.5663_t;GeneMark}
102892	102966	internal+	2	1	{Augustus_model.g4371.t1;Augustus},{GeneMark_model.5663_t;GeneMark}
102967	103017	INTRON			{Augustus_model.g4371.t1;Augustus},{GeneMark_model.5663_t;GeneMark}
103018	103101	internal+	2	1	{Augustus_model.g4371.t1;Augustus},{GeneMark_model.5663_t;GeneMark}
103102	103179	INTRON			{Augustus_model.g4371.t1;Augustus},{GeneMark_model.5663_t;GeneMark}
103180	103343	terminal+	2	3	{Augustus_model.g4371.t1;Augustus},{GeneMark_model.5663_t;GeneMark}

# EVM prediction: Mode:STANDARD S-ratio: 6.84 103977-106695 orient(-) score(10943.00) noncoding_equivalent(1598.99) raw_noncoding(1847.37) offset(248.38)
104873	103977	terminal-	4	6	{Augustus_model.g4372.t1;Augustus},{GlimmerHMM_glimmerT_5290-T1;GlimmerHMM},{GeneMark_model.5664_t;GeneMark}
104931	104874	INTRON			{Augustus_model.g4372.t1;Augustus},{GlimmerHMM_glimmerT_5290-T1;GlimmerHMM},{GeneMark_model.5664_t;GeneMark},{ev_type:exonerate/ID=match.2566964.4269/Target=lcl|KQ954479_1_prot_KWU44394_1_3151;exonerate}
105165	104932	internal-	4	6	{Augustus_model.g4372.t1;Augustus},{GlimmerHMM_glimmerT_5290-T1;GlimmerHMM},{GeneMark_model.5664_t;GeneMark},{ev_type:exonerate/ID=match.2566964.4269/Target=lcl|KQ954479_1_prot_KWU44394_1_3151;exonerate}
105234	105166	INTRON			{Augustus_model.g4372.t1;Augustus},{GlimmerHMM_glimmerT_5290-T1;GlimmerHMM},{GeneMark_model.5664_t;GeneMark},{ev_type:exonerate/ID=match.2566964.4269/Target=lcl|KQ954479_1_prot_KWU44394_1_3151;exonerate}
105340	105235	internal-	6	6	{Augustus_model.g4372.t1;Augustus},{GlimmerHMM_glimmerT_5290-T1;GlimmerHMM},{GeneMark_model.5664_t;GeneMark},{ev_type:exonerate/ID=match.2566964.4269/Target=lcl|KQ954479_1_prot_KWU44394_1_3151;exonerate}
105400	105341	INTRON			{Augustus_model.g4372.t1;Augustus},{GlimmerHMM_glimmerT_5290-T1;GlimmerHMM},{GeneMark_model.5664_t;GeneMark},{ev_type:exonerate/ID=match.2566964.4269/Target=lcl|KQ954479_1_prot_KWU44394_1_3151;exonerate}
105581	105401	internal-	5	5	{Augustus_model.g4372.t1;Augustus},{GlimmerHMM_glimmerT_5290-T1;GlimmerHMM},{GeneMark_model.5664_t;GeneMark},{ev_type:exonerate/ID=match.2566964.4269/Target=lcl|KQ954479_1_prot_KWU44394_1_3151;exonerate}
105653	105582	INTRON			{Augustus_model.g4372.t1;Augustus},{GlimmerHMM_glimmerT_5290-T1;GlimmerHMM},{GeneMark_model.5664_t;GeneMark},{ev_type:exonerate/ID=match.2566964.4269/Target=lcl|KQ954479_1_prot_KWU44394_1_3151;exonerate}
106423	105654	internal-	6	4	{Augustus_model.g4372.t1;Augustus},{GlimmerHMM_glimmerT_5290-T1;GlimmerHMM},{GeneMark_model.5664_t;GeneMark}
106492	106424	INTRON			{Augustus_model.g4372.t1;Augustus},{GlimmerHMM_glimmerT_5290-T1;GlimmerHMM},{GeneMark_model.5664_t;GeneMark}
106695	106493	initial-	4	5	{GlimmerHMM_glimmerT_5290-T1;GlimmerHMM},{GeneMark_model.5664_t;GeneMark}

# EVM prediction: Mode:STANDARD S-ratio: 3.82 108777-111097 orient(-) score(9335.00) noncoding_equivalent(2446.00) raw_noncoding(2720.00) offset(274.00)
109056	108777	terminal-	6	6	{Augustus_model.g4373.t1;Augustus},{GlimmerHMM_glimmerT_5291-T1;GlimmerHMM},{GeneMark_model.5665_t;GeneMark}
109127	109057	INTRON			{Augustus_model.g4373.t1;Augustus},{GlimmerHMM_glimmerT_5291-T1;GlimmerHMM},{GeneMark_model.5665_t;GeneMark},{ev_type:exonerate/ID=match.2566964.3673/Target=lcl|KQ954529_1_prot_KWU41667_1_5959;exonerate}
109340	109128	internal-	6	5	{Augustus_model.g4373.t1;Augustus},{GlimmerHMM_glimmerT_5291-T1;GlimmerHMM},{GeneMark_model.5665_t;GeneMark},{ev_type:exonerate/ID=match.2566964.3673/Target=lcl|KQ954529_1_prot_KWU41667_1_5959;exonerate}
109423	109341	INTRON			{Augustus_model.g4373.t1;Augustus},{GlimmerHMM_glimmerT_5291-T1;GlimmerHMM},{GeneMark_model.5665_t;GeneMark},{ev_type:exonerate/ID=match.2566964.3673/Target=lcl|KQ954529_1_prot_KWU41667_1_5959;exonerate}
110103	109424	internal-	4	5	{Augustus_model.g4373.t1;Augustus},{GlimmerHMM_glimmerT_5291-T1;GlimmerHMM},{GeneMark_model.5665_t;GeneMark}
110186	110104	INTRON			{Augustus_model.g4373.t1;Augustus},{GlimmerHMM_glimmerT_5291-T1;GlimmerHMM},{GeneMark_model.5665_t;GeneMark},{ev_type:exonerate/ID=match.2566964.3673/Target=lcl|KQ954529_1_prot_KWU41667_1_5959;exonerate}
110681	110187	internal-	4	6	{Augustus_model.g4373.t1;Augustus},{GlimmerHMM_glimmerT_5291-T1;GlimmerHMM},{GeneMark_model.5665_t;GeneMark},{ev_type:exonerate/ID=match.2566964.3673/Target=lcl|KQ954529_1_prot_KWU41667_1_5959;exonerate}
110785	110682	INTRON			{Augustus_model.g4373.t1;Augustus},{GlimmerHMM_glimmerT_5291-T1;GlimmerHMM},{GeneMark_model.5665_t;GeneMark},{ev_type:exonerate/ID=match.2566964.3673/Target=lcl|KQ954529_1_prot_KWU41667_1_5959;exonerate}
111097	110786	initial-	4	6	{Augustus_model.g4373.t1;Augustus},{GlimmerHMM_glimmerT_5291-T1;GlimmerHMM},{GeneMark_model.5665_t;GeneMark}

# EVM prediction: Mode:STANDARD S-ratio: 4.42 111537-115198 orient(+) score(12046.00) noncoding_equivalent(2725.47) raw_noncoding(3563.00) offset(837.53)
111537	112095	initial+	1	1	{GeneMark_model.5666_t;GeneMark}
112096	112153	INTRON			{GeneMark_model.5666_t;GeneMark}
112154	112455	internal+	2	3	{Augustus_model.g4374.t1;Augustus},{GeneMark_model.5666_t;GeneMark}
112456	112522	INTRON			{Augustus_model.g4374.t1;Augustus},{GeneMark_model.5666_t;GeneMark},{GlimmerHMM_glimmerT_5292-T1;GlimmerHMM}
112523	113233	internal+	1	3	{Augustus_model.g4374.t1;Augustus},{GeneMark_model.5666_t;GeneMark},{GlimmerHMM_glimmerT_5292-T1;GlimmerHMM}
113234	113326	INTRON			{Augustus_model.g4374.t1;Augustus},{GlimmerHMM_glimmerT_5292-T1;GlimmerHMM}
113327	113442	internal+	1	2	{Augustus_model.g4374.t1;Augustus},{GlimmerHMM_glimmerT_5292-T1;GlimmerHMM}
113443	113502	INTRON			{GeneMark_model.5666_t;GeneMark},{GlimmerHMM_glimmerT_5292-T1;GlimmerHMM}
113503	113598	internal+	3	2	{GeneMark_model.5666_t;GeneMark},{GlimmerHMM_glimmerT_5292-T1;GlimmerHMM}
113599	113660	INTRON			{Augustus_model.g4374.t1;Augustus},{GeneMark_model.5666_t;GeneMark}
113661	113717	internal+	3	2	{Augustus_model.g4374.t1;Augustus},{GeneMark_model.5666_t;GeneMark}
113718	113781	INTRON			{Augustus_model.g4374.t1;Augustus},{GeneMark_model.5666_t;GeneMark}
113782	113976	internal+	3	2	{Augustus_model.g4374.t1;Augustus},{GeneMark_model.5666_t;GeneMark}
113977	114042	INTRON			{Augustus_model.g4374.t1;Augustus},{GeneMark_model.5666_t;GeneMark}
114043	115055	internal+	3	1	{Augustus_model.g4374.t1;Augustus},{GeneMark_model.5666_t;GeneMark},{GlimmerHMM_glimmerT_5292-T1;GlimmerHMM}
115056	115115	INTRON			{Augustus_model.g4374.t1;Augustus},{GeneMark_model.5666_t;GeneMark},{GlimmerHMM_glimmerT_5292-T1;GlimmerHMM}
115116	115198	terminal+	2	3	{Augustus_model.g4374.t1;Augustus},{GeneMark_model.5666_t;GeneMark},{GlimmerHMM_glimmerT_5292-T1;GlimmerHMM}

# EVM prediction: Mode:STANDARD S-ratio: 2.49 115291-117491 orient(-) score(6585.00) noncoding_equivalent(2639.39) raw_noncoding(3560.00) offset(920.61)
115343	115291	terminal-	5	6	{Augustus_model.g4375.t1;Augustus},{GlimmerHMM_glimmerT_5293-T1;GlimmerHMM},{GeneMark_model.5667_t;GeneMark}
115404	115344	INTRON			{Augustus_model.g4375.t1;Augustus},{GlimmerHMM_glimmerT_5293-T1;GlimmerHMM},{GeneMark_model.5667_t;GeneMark}
115557	115405	internal-	5	4	{Augustus_model.g4375.t1;Augustus},{GlimmerHMM_glimmerT_5293-T1;GlimmerHMM},{GeneMark_model.5667_t;GeneMark}
115616	115558	INTRON			{Augustus_model.g4375.t1;Augustus},{GlimmerHMM_glimmerT_5293-T1;GlimmerHMM},{GeneMark_model.5667_t;GeneMark}
116196	115617	internal-	4	4	{Augustus_model.g4375.t1;Augustus},{GlimmerHMM_glimmerT_5293-T1;GlimmerHMM},{GeneMark_model.5667_t;GeneMark}
116267	116197	INTRON			{Augustus_model.g4375.t1;Augustus},{GlimmerHMM_glimmerT_5293-T1;GlimmerHMM},{GeneMark_model.5667_t;GeneMark}
116382	116268	internal-	6	6	{Augustus_model.g4375.t1;Augustus},{GeneMark_model.5667_t;GeneMark}
116435	116383	INTRON			{Augustus_model.g4375.t1;Augustus}
116623	116436	internal-	4	5	{Augustus_model.g4375.t1;Augustus}
116695	116624	INTRON			{Augustus_model.g4375.t1;Augustus},{GeneMark_model.5667_t;GeneMark}
116807	116696	internal-	6	6	{Augustus_model.g4375.t1;Augustus},{GeneMark_model.5667_t;GeneMark}
116869	116808	INTRON			{Augustus_model.g4375.t1;Augustus},{GeneMark_model.5667_t;GeneMark}
116942	116870	internal-	5	5	{Augustus_model.g4375.t1;Augustus},{GeneMark_model.5667_t;GeneMark}
117007	116943	INTRON			{Augustus_model.g4375.t1;Augustus},{GeneMark_model.5667_t;GeneMark}
117038	117008	internal-	4	4	{Augustus_model.g4375.t1;Augustus},{GeneMark_model.5667_t;GeneMark}
117106	117039	INTRON			{Augustus_model.g4375.t1;Augustus},{GeneMark_model.5667_t;GeneMark}
117196	117107	internal-	4	6	{Augustus_model.g4375.t1;Augustus},{GlimmerHMM_glimmerT_5293-T1;GlimmerHMM},{GeneMark_model.5667_t;GeneMark}
117278	117197	INTRON			{Augustus_model.g4375.t1;Augustus},{GlimmerHMM_glimmerT_5293-T1;GlimmerHMM},{GeneMark_model.5667_t;GeneMark}
117491	117279	initial-	4	6	{Augustus_model.g4375.t1;Augustus},{GlimmerHMM_glimmerT_5293-T1;GlimmerHMM},{GeneMark_model.5667_t;GeneMark}

# EVM prediction: Mode:STANDARD S-ratio: 4.00 118109-119868 orient(+) score(10341.00) noncoding_equivalent(2586.83) raw_noncoding(3335.00) offset(748.17)
118109	118189	initial+	1	3	{Augustus_model.g4376.t1;Augustus},{GeneMark_model.5668_t;GeneMark},{GlimmerHMM_glimmerT_5294-T1;GlimmerHMM}
118190	118282	INTRON			{Augustus_model.g4376.t1;Augustus},{GeneMark_model.5668_t;GeneMark},{GlimmerHMM_glimmerT_5294-T1;GlimmerHMM},{ev_type:exonerate/ID=match.2566964.2165/Target=lcl|LCTV02000013_1_prot_PRQ71062_1_2234;exonerate},{ev_type:exonerate/ID=match.2566964.2174/Target=lcl|NW_017264945_1_prot_XP_018268016_1_6867;exonerate},{ev_type:exonerate/ID=match.2566964.2166/Target=lcl|KQ954529_1_prot_KWU41664_1_5956;exonerate}
118283	118534	internal+	1	3	{Augustus_model.g4376.t1;Augustus},{GeneMark_model.5668_t;GeneMark},{GlimmerHMM_glimmerT_5294-T1;GlimmerHMM},{ev_type:exonerate/ID=match.2566964.2165/Target=lcl|LCTV02000013_1_prot_PRQ71062_1_2234;exonerate},{ev_type:exonerate/ID=match.2566964.2174/Target=lcl|NW_017264945_1_prot_XP_018268016_1_6867;exonerate},{ev_type:exonerate/ID=match.2566964.2166/Target=lcl|KQ954529_1_prot_KWU41664_1_5956;exonerate}
118535	118598	INTRON			{Augustus_model.g4376.t1;Augustus},{GeneMark_model.5668_t;GeneMark},{GlimmerHMM_glimmerT_5294-T1;GlimmerHMM},{ev_type:exonerate/ID=match.2566964.2165/Target=lcl|LCTV02000013_1_prot_PRQ71062_1_2234;exonerate},{ev_type:exonerate/ID=match.2566964.2174/Target=lcl|NW_017264945_1_prot_XP_018268016_1_6867;exonerate},{ev_type:exonerate/ID=match.2566964.2166/Target=lcl|KQ954529_1_prot_KWU41664_1_5956;exonerate}
118599	118760	internal+	1	3	{Augustus_model.g4376.t1;Augustus},{GeneMark_model.5668_t;GeneMark},{GlimmerHMM_glimmerT_5294-T1;GlimmerHMM},{ev_type:exonerate/ID=match.2566964.2165/Target=lcl|LCTV02000013_1_prot_PRQ71062_1_2234;exonerate},{ev_type:exonerate/ID=match.2566964.2174/Target=lcl|NW_017264945_1_prot_XP_018268016_1_6867;exonerate},{ev_type:exonerate/ID=match.2566964.2166/Target=lcl|KQ954529_1_prot_KWU41664_1_5956;exonerate}
118761	118834	INTRON			{Augustus_model.g4376.t1;Augustus},{GeneMark_model.5668_t;GeneMark},{GlimmerHMM_glimmerT_5294-T1;GlimmerHMM},{ev_type:exonerate/ID=match.2566964.2165/Target=lcl|LCTV02000013_1_prot_PRQ71062_1_2234;exonerate},{ev_type:exonerate/ID=match.2566964.2174/Target=lcl|NW_017264945_1_prot_XP_018268016_1_6867;exonerate},{ev_type:exonerate/ID=match.2566964.2166/Target=lcl|KQ954529_1_prot_KWU41664_1_5956;exonerate}
118835	118883	internal+	1	1	{Augustus_model.g4376.t1;Augustus},{GeneMark_model.5668_t;GeneMark},{GlimmerHMM_glimmerT_5294-T1;GlimmerHMM},{ev_type:exonerate/ID=match.2566964.2165/Target=lcl|LCTV02000013_1_prot_PRQ71062_1_2234;exonerate},{ev_type:exonerate/ID=match.2566964.2174/Target=lcl|NW_017264945_1_prot_XP_018268016_1_6867;exonerate},{ev_type:exonerate/ID=match.2566964.2166/Target=lcl|KQ954529_1_prot_KWU41664_1_5956;exonerate}
118884	118953	INTRON			{Augustus_model.g4376.t1;Augustus},{GeneMark_model.5668_t;GeneMark},{ev_type:exonerate/ID=match.2566964.2165/Target=lcl|LCTV02000013_1_prot_PRQ71062_1_2234;exonerate},{ev_type:exonerate/ID=match.2566964.2174/Target=lcl|NW_017264945_1_prot_XP_018268016_1_6867;exonerate},{ev_type:exonerate/ID=match.2566964.2166/Target=lcl|KQ954529_1_prot_KWU41664_1_5956;exonerate}
118954	119001	internal+	2	1	{Augustus_model.g4376.t1;Augustus},{GeneMark_model.5668_t;GeneMark},{ev_type:exonerate/ID=match.2566964.2165/Target=lcl|LCTV02000013_1_prot_PRQ71062_1_2234;exonerate},{ev_type:exonerate/ID=match.2566964.2174/Target=lcl|NW_017264945_1_prot_XP_018268016_1_6867;exonerate},{ev_type:exonerate/ID=match.2566964.2166/Target=lcl|KQ954529_1_prot_KWU41664_1_5956;exonerate}
119002	119071	INTRON			{Augustus_model.g4376.t1;Augustus},{GeneMark_model.5668_t;GeneMark},{ev_type:exonerate/ID=match.2566964.2165/Target=lcl|LCTV02000013_1_prot_PRQ71062_1_2234;exonerate},{ev_type:exonerate/ID=match.2566964.2174/Target=lcl|NW_017264945_1_prot_XP_018268016_1_6867;exonerate},{ev_type:exonerate/ID=match.2566964.2166/Target=lcl|KQ954529_1_prot_KWU41664_1_5956;exonerate}
119072	119194	internal+	2	1	{Augustus_model.g4376.t1;Augustus},{GeneMark_model.5668_t;GeneMark},{GlimmerHMM_glimmerT_5294-T1;GlimmerHMM},{ev_type:exonerate/ID=match.2566964.2165/Target=lcl|LCTV02000013_1_prot_PRQ71062_1_2234;exonerate},{ev_type:exonerate/ID=match.2566964.2174/Target=lcl|NW_017264945_1_prot_XP_018268016_1_6867;exonerate},{ev_type:exonerate/ID=match.2566964.2166/Target=lcl|KQ954529_1_prot_KWU41664_1_5956;exonerate}
119195	119263	INTRON			{Augustus_model.g4376.t1;Augustus},{GeneMark_model.5668_t;GeneMark},{GlimmerHMM_glimmerT_5294-T1;GlimmerHMM},{ev_type:exonerate/ID=match.2566964.2165/Target=lcl|LCTV02000013_1_prot_PRQ71062_1_2234;exonerate},{ev_type:exonerate/ID=match.2566964.2174/Target=lcl|NW_017264945_1_prot_XP_018268016_1_6867;exonerate},{ev_type:exonerate/ID=match.2566964.2166/Target=lcl|KQ954529_1_prot_KWU41664_1_5956;exonerate}
119264	119409	internal+	2	3	{Augustus_model.g4376.t1;Augustus},{GeneMark_model.5668_t;GeneMark},{GlimmerHMM_glimmerT_5294-T1;GlimmerHMM},{ev_type:exonerate/ID=match.2566964.2165/Target=lcl|LCTV02000013_1_prot_PRQ71062_1_2234;exonerate},{ev_type:exonerate/ID=match.2566964.2174/Target=lcl|NW_017264945_1_prot_XP_018268016_1_6867;exonerate},{ev_type:exonerate/ID=match.2566964.2166/Target=lcl|KQ954529_1_prot_KWU41664_1_5956;exonerate}
119410	119473	INTRON			{Augustus_model.g4376.t1;Augustus},{GeneMark_model.5668_t;GeneMark},{GlimmerHMM_glimmerT_5294-T1;GlimmerHMM},{ev_type:exonerate/ID=match.2566964.2165/Target=lcl|LCTV02000013_1_prot_PRQ71062_1_2234;exonerate},{ev_type:exonerate/ID=match.2566964.2174/Target=lcl|NW_017264945_1_prot_XP_018268016_1_6867;exonerate},{ev_type:exonerate/ID=match.2566964.2166/Target=lcl|KQ954529_1_prot_KWU41664_1_5956;exonerate}
119474	119512	internal+	1	3	{Augustus_model.g4376.t1;Augustus},{GeneMark_model.5668_t;GeneMark},{GlimmerHMM_glimmerT_5294-T1;GlimmerHMM},{ev_type:exonerate/ID=match.2566964.2165/Target=lcl|LCTV02000013_1_prot_PRQ71062_1_2234;exonerate},{ev_type:exonerate/ID=match.2566964.2174/Target=lcl|NW_017264945_1_prot_XP_018268016_1_6867;exonerate},{ev_type:exonerate/ID=match.2566964.2166/Target=lcl|KQ954529_1_prot_KWU41664_1_5956;exonerate}
119513	119574	INTRON			{Augustus_model.g4376.t1;Augustus},{GeneMark_model.5668_t;GeneMark},{GlimmerHMM_glimmerT_5294-T1;GlimmerHMM},{ev_type:exonerate/ID=match.2566964.2165/Target=lcl|LCTV02000013_1_prot_PRQ71062_1_2234;exonerate},{ev_type:exonerate/ID=match.2566964.2174/Target=lcl|NW_017264945_1_prot_XP_018268016_1_6867;exonerate},{ev_type:exonerate/ID=match.2566964.2166/Target=lcl|KQ954529_1_prot_KWU41664_1_5956;exonerate}
119575	119766	internal+	1	3	{Augustus_model.g4376.t1;Augustus},{GeneMark_model.5668_t;GeneMark},{ev_type:exonerate/ID=match.2566964.2166/Target=lcl|KQ954529_1_prot_KWU41664_1_5956;exonerate}
119767	119838	INTRON			{Augustus_model.g4376.t1;Augustus},{GeneMark_model.5668_t;GeneMark},{ev_type:exonerate/ID=match.2566964.2166/Target=lcl|KQ954529_1_prot_KWU41664_1_5956;exonerate}
119839	119868	terminal+	1	3	{Augustus_model.g4376.t1;Augustus},{GeneMark_model.5668_t;GeneMark}

# EVM prediction: Mode:STANDARD S-ratio: 10000.00 122328-126722 orient(+) score(17580.00) noncoding_equivalent(1.76) raw_noncoding(0.00) offset(0.00)
122328	126722	single+	1	3	{GlimmerHMM_glimmerT_5295-T1;GlimmerHMM},{Augustus_model.g4377.t1;Augustus},{GeneMark_model.5669_t;GeneMark}

# EVM prediction: Mode:STANDARD S-ratio: 3.90 140993-142757 orient(-) score(8450.00) noncoding_equivalent(2164.15) raw_noncoding(3725.03) offset(1560.88)
141035	140993	terminal-	6	6	{GeneMark_model.5670_t;GeneMark},{Augustus_model.g4378.t1;Augustus}
141105	141036	INTRON			{GeneMark_model.5670_t;GeneMark},{Augustus_model.g4378.t1;Augustus},{ev_type:exonerate/ID=match.2566964.4271/Target=lcl|NW_017264944_1_prot_XP_018268089_1_6669;exonerate},{ev_type:exonerate/ID=match.2566964.4270/Target=lcl|LCTV02000013_1_prot_PRQ71056_1_2228;exonerate},{ev_type:exonerate/ID=match.2566964.4268/Target=lcl|KQ954566_1_prot_KWU41052_1_6581;exonerate}
141212	141106	internal-	4	5	{GeneMark_model.5670_t;GeneMark},{Augustus_model.g4378.t1;Augustus},{ev_type:exonerate/ID=match.2566964.4271/Target=lcl|NW_017264944_1_prot_XP_018268089_1_6669;exonerate},{ev_type:exonerate/ID=match.2566964.4270/Target=lcl|LCTV02000013_1_prot_PRQ71056_1_2228;exonerate},{ev_type:exonerate/ID=match.2566964.4268/Target=lcl|KQ954566_1_prot_KWU41052_1_6581;exonerate}
141292	141213	INTRON			{GlimmerHMM_glimmerT_5297-T1;GlimmerHMM},{GeneMark_model.5670_t;GeneMark},{Augustus_model.g4378.t1;Augustus},{ev_type:exonerate/ID=match.2566964.4271/Target=lcl|NW_017264944_1_prot_XP_018268089_1_6669;exonerate},{ev_type:exonerate/ID=match.2566964.4270/Target=lcl|LCTV02000013_1_prot_PRQ71056_1_2228;exonerate},{ev_type:exonerate/ID=match.2566964.4268/Target=lcl|KQ954566_1_prot_KWU41052_1_6581;exonerate}
141688	141293	internal-	4	6	{GlimmerHMM_glimmerT_5297-T1;GlimmerHMM},{GeneMark_model.5670_t;GeneMark},{Augustus_model.g4378.t1;Augustus},{ev_type:exonerate/ID=match.2566964.4271/Target=lcl|NW_017264944_1_prot_XP_018268089_1_6669;exonerate},{ev_type:exonerate/ID=match.2566964.4270/Target=lcl|LCTV02000013_1_prot_PRQ71056_1_2228;exonerate},{ev_type:exonerate/ID=match.2566964.4268/Target=lcl|KQ954566_1_prot_KWU41052_1_6581;exonerate}
141748	141689	INTRON			{GeneMark_model.5670_t;GeneMark},{Augustus_model.g4378.t1;Augustus},{ev_type:exonerate/ID=match.2566964.4271/Target=lcl|NW_017264944_1_prot_XP_018268089_1_6669;exonerate},{ev_type:exonerate/ID=match.2566964.4270/Target=lcl|LCTV02000013_1_prot_PRQ71056_1_2228;exonerate},{ev_type:exonerate/ID=match.2566964.4268/Target=lcl|KQ954566_1_prot_KWU41052_1_6581;exonerate}
141842	141749	internal-	6	6	{GeneMark_model.5670_t;GeneMark},{Augustus_model.g4378.t1;Augustus},{ev_type:exonerate/ID=match.2566964.4271/Target=lcl|NW_017264944_1_prot_XP_018268089_1_6669;exonerate},{ev_type:exonerate/ID=match.2566964.4270/Target=lcl|LCTV02000013_1_prot_PRQ71056_1_2228;exonerate},{ev_type:exonerate/ID=match.2566964.4268/Target=lcl|KQ954566_1_prot_KWU41052_1_6581;exonerate}
141911	141843	INTRON			{GlimmerHMM_glimmerT_5297-T1;GlimmerHMM},{GeneMark_model.5670_t;GeneMark},{Augustus_model.g4378.t1;Augustus},{ev_type:exonerate/ID=match.2566964.4271/Target=lcl|NW_017264944_1_prot_XP_018268089_1_6669;exonerate},{ev_type:exonerate/ID=match.2566964.4270/Target=lcl|LCTV02000013_1_prot_PRQ71056_1_2228;exonerate},{ev_type:exonerate/ID=match.2566964.4268/Target=lcl|KQ954566_1_prot_KWU41052_1_6581;exonerate}
142073	141912	internal-	6	5	{GlimmerHMM_glimmerT_5297-T1;GlimmerHMM},{GeneMark_model.5670_t;GeneMark},{Augustus_model.g4378.t1;Augustus},{ev_type:exonerate/ID=match.2566964.4271/Target=lcl|NW_017264944_1_prot_XP_018268089_1_6669;exonerate},{ev_type:exonerate/ID=match.2566964.4270/Target=lcl|LCTV02000013_1_prot_PRQ71056_1_2228;exonerate},{ev_type:exonerate/ID=match.2566964.4268/Target=lcl|KQ954566_1_prot_KWU41052_1_6581;exonerate}
142147	142074	INTRON			{GeneMark_model.5670_t;GeneMark},{Augustus_model.g4378.t1;Augustus}
142159	142148	internal-	6	5	{GeneMark_model.5670_t;GeneMark},{Augustus_model.g4378.t1;Augustus}
142230	142160	INTRON			{GeneMark_model.5670_t;GeneMark},{Augustus_model.g4378.t1;Augustus}
142269	142231	internal-	6	5	{GeneMark_model.5670_t;GeneMark},{Augustus_model.g4378.t1;Augustus}
142338	142270	INTRON			{GeneMark_model.5670_t;GeneMark},{Augustus_model.g4378.t1;Augustus},{ev_type:exonerate/ID=match.2566964.4271/Target=lcl|NW_017264944_1_prot_XP_018268089_1_6669;exonerate},{ev_type:exonerate/ID=match.2566964.4270/Target=lcl|LCTV02000013_1_prot_PRQ71056_1_2228;exonerate},{ev_type:exonerate/ID=match.2566964.4268/Target=lcl|KQ954566_1_prot_KWU41052_1_6581;exonerate}
142453	142339	internal-	5	5	{GlimmerHMM_glimmerT_5297-T1;GlimmerHMM},{GeneMark_model.5670_t;GeneMark},{Augustus_model.g4378.t1;Augustus}
142732	142454	INTRON			{GeneMark_model.5670_t;GeneMark}
142757	142733	initial-	4	4	{GeneMark_model.5670_t;GeneMark}

# EVM prediction: Mode:STANDARD S-ratio: 3.60 142955-145834 orient(+) score(14281.00) noncoding_equivalent(3961.60) raw_noncoding(4896.00) offset(934.40)
142955	142979	initial+	1	1	{Augustus_model.g4379.t1;Augustus}
142980	143075	INTRON			{Augustus_model.g4379.t1;Augustus},{GeneMark_model.5671_t;GeneMark},{ev_type:exonerate/ID=match.2566964.2867/Target=lcl|KQ954566_1_prot_KWU41053_1_6582;exonerate},{ev_type:exonerate/ID=match.2566964.2869/Target=lcl|PJQD01000042_1_prot_POY73040_1_3955;exonerate}
143076	143142	internal+	2	2	{Augustus_model.g4379.t1;Augustus},{GeneMark_model.5671_t;GeneMark},{ev_type:exonerate/ID=match.2566964.2867/Target=lcl|KQ954566_1_prot_KWU41053_1_6582;exonerate},{ev_type:exonerate/ID=match.2566964.2869/Target=lcl|PJQD01000042_1_prot_POY73040_1_3955;exonerate}
143143	143214	INTRON			{Augustus_model.g4379.t1;Augustus},{GlimmerHMM_glimmerT_5298-T1;GlimmerHMM},{GeneMark_model.5671_t;GeneMark},{ev_type:exonerate/ID=match.2566964.2867/Target=lcl|KQ954566_1_prot_KWU41053_1_6582;exonerate},{ev_type:exonerate/ID=match.2566964.2869/Target=lcl|PJQD01000042_1_prot_POY73040_1_3955;exonerate}
143215	143239	internal+	3	3	{Augustus_model.g4379.t1;Augustus},{GlimmerHMM_glimmerT_5298-T1;GlimmerHMM},{GeneMark_model.5671_t;GeneMark},{ev_type:exonerate/ID=match.2566964.2867/Target=lcl|KQ954566_1_prot_KWU41053_1_6582;exonerate},{ev_type:exonerate/ID=match.2566964.2869/Target=lcl|PJQD01000042_1_prot_POY73040_1_3955;exonerate}
143240	143302	INTRON			{Augustus_model.g4379.t1;Augustus},{GlimmerHMM_glimmerT_5298-T1;GlimmerHMM},{GeneMark_model.5671_t;GeneMark},{ev_type:exonerate/ID=match.2566964.2867/Target=lcl|KQ954566_1_prot_KWU41053_1_6582;exonerate},{ev_type:exonerate/ID=match.2566964.2869/Target=lcl|PJQD01000042_1_prot_POY73040_1_3955;exonerate}
143303	143344	internal+	1	3	{Augustus_model.g4379.t1;Augustus},{GlimmerHMM_glimmerT_5298-T1;GlimmerHMM},{GeneMark_model.5671_t;GeneMark},{ev_type:exonerate/ID=match.2566964.2867/Target=lcl|KQ954566_1_prot_KWU41053_1_6582;exonerate},{ev_type:exonerate/ID=match.2566964.2869/Target=lcl|PJQD01000042_1_prot_POY73040_1_3955;exonerate}
143345	143418	INTRON			{Augustus_model.g4379.t1;Augustus},{GlimmerHMM_glimmerT_5298-T1;GlimmerHMM},{GeneMark_model.5671_t;GeneMark},{ev_type:exonerate/ID=match.2566964.2867/Target=lcl|KQ954566_1_prot_KWU41053_1_6582;exonerate},{ev_type:exonerate/ID=match.2566964.2869/Target=lcl|PJQD01000042_1_prot_POY73040_1_3955;exonerate}
143419	143664	internal+	1	3	{Augustus_model.g4379.t1;Augustus},{GlimmerHMM_glimmerT_5298-T1;GlimmerHMM},{GeneMark_model.5671_t;GeneMark},{ev_type:exonerate/ID=match.2566964.2867/Target=lcl|KQ954566_1_prot_KWU41053_1_6582;exonerate},{ev_type:exonerate/ID=match.2566964.2869/Target=lcl|PJQD01000042_1_prot_POY73040_1_3955;exonerate}
143665	143731	INTRON			{Augustus_model.g4379.t1;Augustus},{GlimmerHMM_glimmerT_5298-T1;GlimmerHMM},{GeneMark_model.5671_t;GeneMark},{ev_type:exonerate/ID=match.2566964.2867/Target=lcl|KQ954566_1_prot_KWU41053_1_6582;exonerate},{ev_type:exonerate/ID=match.2566964.2869/Target=lcl|PJQD01000042_1_prot_POY73040_1_3955;exonerate}
143732	143989	internal+	1	3	{Augustus_model.g4379.t1;Augustus},{GlimmerHMM_glimmerT_5298-T1;GlimmerHMM},{GeneMark_model.5671_t;GeneMark},{ev_type:exonerate/ID=match.2566964.2867/Target=lcl|KQ954566_1_prot_KWU41053_1_6582;exonerate},{ev_type:exonerate/ID=match.2566964.2869/Target=lcl|PJQD01000042_1_prot_POY73040_1_3955;exonerate}
143990	144053	INTRON			{Augustus_model.g4379.t1;Augustus},{GlimmerHMM_glimmerT_5298-T1;GlimmerHMM},{GeneMark_model.5671_t;GeneMark},{ev_type:exonerate/ID=match.2566964.2867/Target=lcl|KQ954566_1_prot_KWU41053_1_6582;exonerate},{ev_type:exonerate/ID=match.2566964.2869/Target=lcl|PJQD01000042_1_prot_POY73040_1_3955;exonerate}
144054	144132	internal+	1	1	{Augustus_model.g4379.t1;Augustus},{GeneMark_model.5671_t;GeneMark},{ev_type:exonerate/ID=match.2566964.2867/Target=lcl|KQ954566_1_prot_KWU41053_1_6582;exonerate},{ev_type:exonerate/ID=match.2566964.2869/Target=lcl|PJQD01000042_1_prot_POY73040_1_3955;exonerate}
144133	144190	INTRON			{Augustus_model.g4379.t1;Augustus},{GeneMark_model.5671_t;GeneMark},{ev_type:exonerate/ID=match.2566964.2867/Target=lcl|KQ954566_1_prot_KWU41053_1_6582;exonerate},{ev_type:exonerate/ID=match.2566964.2869/Target=lcl|PJQD01000042_1_prot_POY73040_1_3955;exonerate}
144191	144404	internal+	2	2	{Augustus_model.g4379.t1;Augustus},{GeneMark_model.5671_t;GeneMark},{ev_type:exonerate/ID=match.2566964.2867/Target=lcl|KQ954566_1_prot_KWU41053_1_6582;exonerate},{ev_type:exonerate/ID=match.2566964.2869/Target=lcl|PJQD01000042_1_prot_POY73040_1_3955;exonerate}
144405	144462	INTRON			{Augustus_model.g4379.t1;Augustus},{GlimmerHMM_glimmerT_5298-T1;GlimmerHMM},{GeneMark_model.5671_t;GeneMark},{ev_type:exonerate/ID=match.2566964.2867/Target=lcl|KQ954566_1_prot_KWU41053_1_6582;exonerate},{ev_type:exonerate/ID=match.2566964.2869/Target=lcl|PJQD01000042_1_prot_POY73040_1_3955;exonerate}
144463	144628	internal+	3	3	{Augustus_model.g4379.t1;Augustus},{GlimmerHMM_glimmerT_5298-T1;GlimmerHMM},{GeneMark_model.5671_t;GeneMark},{ev_type:exonerate/ID=match.2566964.2867/Target=lcl|KQ954566_1_prot_KWU41053_1_6582;exonerate},{ev_type:exonerate/ID=match.2566964.2869/Target=lcl|PJQD01000042_1_prot_POY73040_1_3955;exonerate}
144629	144687	INTRON			{Augustus_model.g4379.t1;Augustus},{GlimmerHMM_glimmerT_5298-T1;GlimmerHMM},{GeneMark_model.5671_t;GeneMark},{ev_type:exonerate/ID=match.2566964.2867/Target=lcl|KQ954566_1_prot_KWU41053_1_6582;exonerate},{ev_type:exonerate/ID=match.2566964.2869/Target=lcl|PJQD01000042_1_prot_POY73040_1_3955;exonerate}
144688	145056	internal+	1	3	{Augustus_model.g4379.t1;Augustus},{GlimmerHMM_glimmerT_5298-T1;GlimmerHMM},{GeneMark_model.5671_t;GeneMark},{ev_type:exonerate/ID=match.2566964.2867/Target=lcl|KQ954566_1_prot_KWU41053_1_6582;exonerate},{ev_type:exonerate/ID=match.2566964.2869/Target=lcl|PJQD01000042_1_prot_POY73040_1_3955;exonerate}
145057	145122	INTRON			{Augustus_model.g4379.t1;Augustus},{GlimmerHMM_glimmerT_5298-T1;GlimmerHMM},{GeneMark_model.5671_t;GeneMark},{ev_type:exonerate/ID=match.2566964.2867/Target=lcl|KQ954566_1_prot_KWU41053_1_6582;exonerate},{ev_type:exonerate/ID=match.2566964.2869/Target=lcl|PJQD01000042_1_prot_POY73040_1_3955;exonerate}
145123	145235	internal+	1	2	{Augustus_model.g4379.t1;Augustus},{GlimmerHMM_glimmerT_5298-T1;GlimmerHMM},{GeneMark_model.5671_t;GeneMark},{ev_type:exonerate/ID=match.2566964.2867/Target=lcl|KQ954566_1_prot_KWU41053_1_6582;exonerate},{ev_type:exonerate/ID=match.2566964.2869/Target=lcl|PJQD01000042_1_prot_POY73040_1_3955;exonerate}
145236	145297	INTRON			{Augustus_model.g4379.t1;Augustus},{GlimmerHMM_glimmerT_5298-T1;GlimmerHMM},{GeneMark_model.5671_t;GeneMark},{ev_type:exonerate/ID=match.2566964.2867/Target=lcl|KQ954566_1_prot_KWU41053_1_6582;exonerate},{ev_type:exonerate/ID=match.2566964.2869/Target=lcl|PJQD01000042_1_prot_POY73040_1_3955;exonerate}
145298	145424	internal+	3	3	{Augustus_model.g4379.t1;Augustus},{GlimmerHMM_glimmerT_5298-T1;GlimmerHMM},{GeneMark_model.5671_t;GeneMark},{ev_type:exonerate/ID=match.2566964.2869/Target=lcl|PJQD01000042_1_prot_POY73040_1_3955;exonerate}
145425	145486	INTRON			{Augustus_model.g4379.t1;Augustus},{GlimmerHMM_glimmerT_5298-T1;GlimmerHMM},{GeneMark_model.5671_t;GeneMark},{ev_type:exonerate/ID=match.2566964.2869/Target=lcl|PJQD01000042_1_prot_POY73040_1_3955;exonerate}
145487	145583	internal+	1	1	{Augustus_model.g4379.t1;Augustus},{GlimmerHMM_glimmerT_5298-T1;GlimmerHMM},{GeneMark_model.5671_t;GeneMark},{ev_type:exonerate/ID=match.2566964.2869/Target=lcl|PJQD01000042_1_prot_POY73040_1_3955;exonerate}
145584	145649	INTRON			{Augustus_model.g4379.t1;Augustus},{GlimmerHMM_glimmerT_5298-T1;GlimmerHMM},{GeneMark_model.5671_t;GeneMark},{ev_type:exonerate/ID=match.2566964.2869/Target=lcl|PJQD01000042_1_prot_POY73040_1_3955;exonerate}
145650	145834	terminal+	2	3	{Augustus_model.g4379.t1;Augustus},{GlimmerHMM_glimmerT_5298-T1;GlimmerHMM},{GeneMark_model.5671_t;GeneMark}

# EVM prediction: Mode:STANDARD S-ratio: 2.27 145975-148660 orient(-) score(7736.00) noncoding_equivalent(3413.14) raw_noncoding(4351.26) offset(938.12)
145995	145975	terminal-	4	6	{GlimmerHMM_glimmerT_5299-T1;GlimmerHMM},{Augustus_model.g4380.t1;Augustus}
146103	145996	INTRON			{GlimmerHMM_glimmerT_5299-T1;GlimmerHMM},{Augustus_model.g4380.t1;Augustus}
146218	146104	internal-	6	6	{GlimmerHMM_glimmerT_5299-T1;GlimmerHMM},{GeneMark_model.5672_t;GeneMark},{Augustus_model.g4380.t1;Augustus}
146277	146219	INTRON			{GeneMark_model.5672_t;GeneMark},{Augustus_model.g4380.t1;Augustus}
146304	146278	internal-	6	5	{GeneMark_model.5672_t;GeneMark},{Augustus_model.g4380.t1;Augustus}
146374	146305	INTRON			{GeneMark_model.5672_t;GeneMark},{Augustus_model.g4380.t1;Augustus}
146646	146375	internal-	4	5	{GlimmerHMM_glimmerT_5299-T1;GlimmerHMM},{GeneMark_model.5672_t;GeneMark},{Augustus_model.g4380.t1;Augustus}
146731	146647	INTRON			{GlimmerHMM_glimmerT_5299-T1;GlimmerHMM},{GeneMark_model.5672_t;GeneMark},{Augustus_model.g4380.t1;Augustus}
147063	146732	internal-	5	6	{GlimmerHMM_glimmerT_5299-T1;GlimmerHMM},{GeneMark_model.5672_t;GeneMark},{Augustus_model.g4380.t1;Augustus}
147122	147064	INTRON			{GlimmerHMM_glimmerT_5299-T1;GlimmerHMM},{GeneMark_model.5672_t;GeneMark},{Augustus_model.g4380.t1;Augustus}
147290	147123	internal-	5	4	{GlimmerHMM_glimmerT_5299-T1;GlimmerHMM},{GeneMark_model.5672_t;GeneMark},{Augustus_model.g4380.t1;Augustus}
147361	147291	INTRON			{GlimmerHMM_glimmerT_5299-T1;GlimmerHMM},{GeneMark_model.5672_t;GeneMark},{Augustus_model.g4380.t1;Augustus}
147503	147362	internal-	4	4	{GeneMark_model.5672_t;GeneMark},{Augustus_model.g4380.t1;Augustus}
147567	147504	INTRON			{GeneMark_model.5672_t;GeneMark},{Augustus_model.g4380.t1;Augustus}
147873	147568	internal-	4	6	{GeneMark_model.5672_t;GeneMark},{Augustus_model.g4380.t1;Augustus}
147936	147874	INTRON			{GeneMark_model.5672_t;GeneMark},{Augustus_model.g4380.t1;Augustus}
148023	147937	internal-	4	6	{GeneMark_model.5672_t;GeneMark},{Augustus_model.g4380.t1;Augustus}
148090	148024	INTRON			{GlimmerHMM_glimmerT_5299-T1;GlimmerHMM},{GeneMark_model.5672_t;GeneMark}
148660	148091	initial-	4	6	{GlimmerHMM_glimmerT_5299-T1;GlimmerHMM},{GeneMark_model.5672_t;GeneMark}

# EVM prediction: Mode:STANDARD S-ratio: 3.11 148811-149693 orient(-) score(4221.00) noncoding_equivalent(1358.03) raw_noncoding(1693.21) offset(335.19)
148934	148811	terminal-	6	6	{GlimmerHMM_glimmerT_5300-T1;GlimmerHMM},{GeneMark_model.5673_t;GeneMark}
149049	148935	INTRON			{GlimmerHMM_glimmerT_5300-T1;GlimmerHMM},{GeneMark_model.5673_t;GeneMark},{Augustus_model.g4380.t1;Augustus},{ev_type:exonerate/ID=match.2566964.4297/Target=lcl|KQ954566_1_prot_KWU41055_1_6584;exonerate}
149165	149050	internal-	4	5	{GlimmerHMM_glimmerT_5300-T1;GlimmerHMM},{GeneMark_model.5673_t;GeneMark},{Augustus_model.g4380.t1;Augustus},{ev_type:exonerate/ID=match.2566964.4297/Target=lcl|KQ954566_1_prot_KWU41055_1_6584;exonerate},{ev_type:exonerate/ID=match.2566964.4298/Target=lcl|PJQD01000042_1_prot_POY73043_1_3957;exonerate}
149250	149166	INTRON			{GlimmerHMM_glimmerT_5300-T1;GlimmerHMM},{GeneMark_model.5673_t;GeneMark},{Augustus_model.g4380.t1;Augustus},{ev_type:exonerate/ID=match.2566964.4297/Target=lcl|KQ954566_1_prot_KWU41055_1_6584;exonerate},{ev_type:exonerate/ID=match.2566964.4298/Target=lcl|PJQD01000042_1_prot_POY73043_1_3957;exonerate}
149327	149251	internal-	5	6	{GlimmerHMM_glimmerT_5300-T1;GlimmerHMM},{GeneMark_model.5673_t;GeneMark},{Augustus_model.g4380.t1;Augustus},{ev_type:exonerate/ID=match.2566964.4298/Target=lcl|PJQD01000042_1_prot_POY73043_1_3957;exonerate}
149404	149328	INTRON			{GlimmerHMM_glimmerT_5300-T1;GlimmerHMM},{GeneMark_model.5673_t;GeneMark},{Augustus_model.g4380.t1;Augustus},{ev_type:exonerate/ID=match.2566964.4298/Target=lcl|PJQD01000042_1_prot_POY73043_1_3957;exonerate}
149592	149405	internal-	6	4	{GlimmerHMM_glimmerT_5300-T1;GlimmerHMM},{GeneMark_model.5673_t;GeneMark},{Augustus_model.g4380.t1;Augustus},{ev_type:exonerate/ID=match.2566964.4297/Target=lcl|KQ954566_1_prot_KWU41055_1_6584;exonerate},{ev_type:exonerate/ID=match.2566964.4298/Target=lcl|PJQD01000042_1_prot_POY73043_1_3957;exonerate}
149658	149593	INTRON			{GeneMark_model.5673_t;GeneMark},{Augustus_model.g4380.t1;Augustus},{ev_type:exonerate/ID=match.2566964.4297/Target=lcl|KQ954566_1_prot_KWU41055_1_6584;exonerate},{ev_type:exonerate/ID=match.2566964.4298/Target=lcl|PJQD01000042_1_prot_POY73043_1_3957;exonerate}
149693	149659	initial-	4	5	{GeneMark_model.5673_t;GeneMark},{Augustus_model.g4380.t1;Augustus}

# EVM prediction: Mode:STANDARD S-ratio: 2.45 150003-150447 orient(+) score(1162.00) noncoding_equivalent(474.12) raw_noncoding(659.40) offset(185.29)
150003	150347	initial+	1	3	{GeneMark_model.5674_t;GeneMark},{Augustus_model.g4381.t1;Augustus},{GlimmerHMM_glimmerT_5301-T1;GlimmerHMM}
150348	150420	INTRON			{GeneMark_model.5674_t;GeneMark}
150421	150447	terminal+	1	3	{GeneMark_model.5674_t;GeneMark}

# EVM prediction: Mode:STANDARD S-ratio: 5.47 150830-157118 orient(+) score(21680.00) noncoding_equivalent(3966.79) raw_noncoding(4235.38) offset(268.60)
150830	152457	initial+	1	2	{GeneMark_model.5675_t;GeneMark}
152458	152518	INTRON			{GeneMark_model.5675_t;GeneMark},{Augustus_model.g4381.t1;Augustus},{GlimmerHMM_glimmerT_5301-T1;GlimmerHMM}
152519	153393	internal+	3	1	{GeneMark_model.5675_t;GeneMark},{Augustus_model.g4381.t1;Augustus},{GlimmerHMM_glimmerT_5301-T1;GlimmerHMM}
153394	153452	INTRON			{GeneMark_model.5675_t;GeneMark},{Augustus_model.g4381.t1;Augustus},{GlimmerHMM_glimmerT_5301-T1;GlimmerHMM}
153453	154116	internal+	2	2	{Augustus_model.g4381.t1;Augustus},{GlimmerHMM_glimmerT_5301-T1;GlimmerHMM}
154117	154184	INTRON			{GeneMark_model.5675_t;GeneMark},{Augustus_model.g4381.t1;Augustus},{GlimmerHMM_glimmerT_5301-T1;GlimmerHMM}
154185	155482	internal+	3	1	{GeneMark_model.5675_t;GeneMark},{Augustus_model.g4381.t1;Augustus},{GlimmerHMM_glimmerT_5301-T1;GlimmerHMM}
155483	155550	INTRON			{GeneMark_model.5675_t;GeneMark},{Augustus_model.g4381.t1;Augustus},{GlimmerHMM_glimmerT_5301-T1;GlimmerHMM}
155551	157118	terminal+	2	3	{GeneMark_model.5675_t;GeneMark},{snap_scaffold_14-snap.52-T1;snap},{Augustus_model.g4381.t1;Augustus},{GlimmerHMM_glimmerT_5301-T1;GlimmerHMM}

# EVM prediction: Mode:STANDARD S-ratio: 1.45 157216-158442 orient(-) score(3138.00) noncoding_equivalent(2168.40) raw_noncoding(3279.00) offset(1110.60)
157230	157216	terminal-	4	6	{GeneMark_model.5676_t;GeneMark},{GlimmerHMM_glimmerT_5302-T1;GlimmerHMM},{Augustus_model.g4382.t1;Augustus}
157295	157231	INTRON			{GeneMark_model.5676_t;GeneMark},{GlimmerHMM_glimmerT_5302-T1;GlimmerHMM},{Augustus_model.g4382.t1;Augustus}
157353	157296	internal-	6	6	{GeneMark_model.5676_t;GeneMark},{Augustus_model.g4382.t1;Augustus}
157430	157354	INTRON			{GeneMark_model.5676_t;GeneMark},{Augustus_model.g4382.t1;Augustus}
157510	157431	internal-	4	5	{GeneMark_model.5676_t;GeneMark},{Augustus_model.g4382.t1;Augustus}
157576	157511	INTRON			{GeneMark_model.5676_t;GeneMark},{GlimmerHMM_glimmerT_5302-T1;GlimmerHMM},{Augustus_model.g4382.t1;Augustus}
157694	157577	internal-	6	6	{GeneMark_model.5676_t;GeneMark},{GlimmerHMM_glimmerT_5302-T1;GlimmerHMM},{Augustus_model.g4382.t1;Augustus}
157781	157695	INTRON			{GeneMark_model.5676_t;GeneMark},{GlimmerHMM_glimmerT_5302-T1;GlimmerHMM},{Augustus_model.g4382.t1;Augustus}
157798	157782	internal-	4	5	{GeneMark_model.5676_t;GeneMark},{GlimmerHMM_glimmerT_5302-T1;GlimmerHMM},{Augustus_model.g4382.t1;Augustus}
157859	157799	INTRON			{GeneMark_model.5676_t;GeneMark},{GlimmerHMM_glimmerT_5302-T1;GlimmerHMM},{Augustus_model.g4382.t1;Augustus}
157880	157860	internal-	4	6	{GeneMark_model.5676_t;GeneMark},{GlimmerHMM_glimmerT_5302-T1;GlimmerHMM},{Augustus_model.g4382.t1;Augustus}
157957	157881	INTRON			{GeneMark_model.5676_t;GeneMark},{GlimmerHMM_glimmerT_5302-T1;GlimmerHMM},{Augustus_model.g4382.t1;Augustus}
158087	157958	internal-	6	6	{GeneMark_model.5676_t;GeneMark},{GlimmerHMM_glimmerT_5302-T1;GlimmerHMM},{Augustus_model.g4382.t1;Augustus}
158233	158088	INTRON			{Augustus_model.g4382.t1;Augustus}
158282	158234	internal-	5	5	{Augustus_model.g4382.t1;Augustus}
158405	158283	INTRON			{GeneMark_model.5676_t;GeneMark},{Augustus_model.g4382.t1;Augustus}
158442	158406	initial-	4	4	{GeneMark_model.5676_t;GeneMark},{Augustus_model.g4382.t1;Augustus}

# EVM prediction: Mode:STANDARD S-ratio: 1.67 158608-162369 orient(+) score(10409.00) noncoding_equivalent(6240.21) raw_noncoding(8529.00) offset(2288.79)
158608	158781	initial+	1	3	{GeneMark_model.5677_t;GeneMark},{GlimmerHMM_glimmerT_5303-T1;GlimmerHMM},{Augustus_model.g4383.t1;Augustus}
158782	159056	INTRON			{GlimmerHMM_glimmerT_5303-T1;GlimmerHMM},{Augustus_model.g4383.t1;Augustus}
159057	159151	internal+	1	2	{GeneMark_model.5677_t;GeneMark},{GlimmerHMM_glimmerT_5303-T1;GlimmerHMM},{Augustus_model.g4383.t1;Augustus}
159152	159217	INTRON			{GeneMark_model.5677_t;GeneMark},{GlimmerHMM_glimmerT_5303-T1;GlimmerHMM},{Augustus_model.g4383.t1;Augustus}
159218	159275	internal+	3	3	{GeneMark_model.5677_t;GeneMark},{GlimmerHMM_glimmerT_5303-T1;GlimmerHMM},{Augustus_model.g4383.t1;Augustus}
159276	159342	INTRON			{GeneMark_model.5677_t;GeneMark},{GlimmerHMM_glimmerT_5303-T1;GlimmerHMM},{Augustus_model.g4383.t1;Augustus}
159343	159510	internal+	1	3	{GeneMark_model.5677_t;GeneMark},{GlimmerHMM_glimmerT_5303-T1;GlimmerHMM},{Augustus_model.g4383.t1;Augustus}
159511	159570	INTRON			{GeneMark_model.5677_t;GeneMark},{Augustus_model.g4383.t1;Augustus}
159571	159707	internal+	1	2	{GeneMark_model.5677_t;GeneMark},{Augustus_model.g4383.t1;Augustus}
159708	159773	INTRON			{GeneMark_model.5677_t;GeneMark},{GlimmerHMM_glimmerT_5303-T1;GlimmerHMM},{Augustus_model.g4383.t1;Augustus}
159774	159956	internal+	3	2	{GeneMark_model.5677_t;GeneMark},{GlimmerHMM_glimmerT_5303-T1;GlimmerHMM},{Augustus_model.g4383.t1;Augustus}
159957	160026	INTRON			{GeneMark_model.5677_t;GeneMark},{GlimmerHMM_glimmerT_5303-T1;GlimmerHMM},{Augustus_model.g4383.t1;Augustus}
160027	160099	internal+	3	3	{GeneMark_model.5677_t;GeneMark},{GlimmerHMM_glimmerT_5303-T1;GlimmerHMM},{Augustus_model.g4383.t1;Augustus}
160100	160169	INTRON			{GeneMark_model.5677_t;GeneMark},{GlimmerHMM_glimmerT_5303-T1;GlimmerHMM},{Augustus_model.g4383.t1;Augustus}
160170	160305	internal+	1	1	{GeneMark_model.5677_t;GeneMark},{GlimmerHMM_glimmerT_5303-T1;GlimmerHMM},{Augustus_model.g4383.t1;Augustus}
160306	160391	INTRON			{GeneMark_model.5677_t;GeneMark},{GlimmerHMM_glimmerT_5303-T1;GlimmerHMM},{Augustus_model.g4383.t1;Augustus}
160392	160506	internal+	2	2	{GeneMark_model.5677_t;GeneMark},{GlimmerHMM_glimmerT_5303-T1;GlimmerHMM},{Augustus_model.g4383.t1;Augustus}
160507	160828	INTRON			{GlimmerHMM_glimmerT_5303-T1;GlimmerHMM},{Augustus_model.g4383.t1;Augustus}
160829	160975	internal+	3	2	{GlimmerHMM_glimmerT_5303-T1;GlimmerHMM},{Augustus_model.g4383.t1;Augustus}
160976	161099	INTRON			{GeneMark_model.5677_t;GeneMark},{GlimmerHMM_glimmerT_5303-T1;GlimmerHMM},{Augustus_model.g4383.t1;Augustus}
161100	161196	internal+	3	3	{GeneMark_model.5677_t;GeneMark},{GlimmerHMM_glimmerT_5303-T1;GlimmerHMM},{Augustus_model.g4383.t1;Augustus}
161197	161268	INTRON			{GeneMark_model.5677_t;GeneMark},{Augustus_model.g4383.t1;Augustus}
161269	161293	internal+	1	1	{GeneMark_model.5677_t;GeneMark},{Augustus_model.g4383.t1;Augustus}
161294	161369	INTRON			{GeneMark_model.5677_t;GeneMark},{Augustus_model.g4383.t1;Augustus}
161370	161494	internal+	2	3	{GeneMark_model.5677_t;GeneMark},{Augustus_model.g4383.t1;Augustus}
161495	161565	INTRON			{GeneMark_model.5677_t;GeneMark},{GlimmerHMM_glimmerT_5303-T1;GlimmerHMM},{Augustus_model.g4383.t1;Augustus}
161566	161731	internal+	1	1	{GeneMark_model.5677_t;GeneMark},{GlimmerHMM_glimmerT_5303-T1;GlimmerHMM},{Augustus_model.g4383.t1;Augustus}
161732	161807	INTRON			{GeneMark_model.5677_t;GeneMark},{GlimmerHMM_glimmerT_5303-T1;GlimmerHMM},{Augustus_model.g4383.t1;Augustus}
161808	162159	internal+	2	2	{GeneMark_model.5677_t;GeneMark},{GlimmerHMM_glimmerT_5303-T1;GlimmerHMM},{Augustus_model.g4383.t1;Augustus}
162160	162287	INTRON			{GeneMark_model.5677_t;GeneMark},{GlimmerHMM_glimmerT_5303-T1;GlimmerHMM},{Augustus_model.g4383.t1;Augustus}
162288	162369	terminal+	3	3	{GeneMark_model.5677_t;GeneMark},{GlimmerHMM_glimmerT_5303-T1;GlimmerHMM},{Augustus_model.g4383.t1;Augustus}

# EVM prediction: Mode:STANDARD S-ratio: 212.16 162568-163584 orient(-) score(4047.00) noncoding_equivalent(19.08) raw_noncoding(19.08) offset(0.00)
163584	162568	single-	4	6	{GeneMark_model.5678_t;GeneMark},{Augustus_model.g4384.t1;Augustus},{GlimmerHMM_glimmerT_5304-T1;GlimmerHMM}

# EVM prediction: Mode:STANDARD S-ratio: 1.62 164073-165424 orient(+) score(3445.00) noncoding_equivalent(2126.11) raw_noncoding(3154.41) offset(1028.30)
164073	164243	initial+	1	3	{Augustus_model.g4385.t1;Augustus}
164244	164311	INTRON			{GeneMark_model.5679_t;GeneMark},{Augustus_model.g4385.t1;Augustus}
164312	164342	internal+	1	1	{GeneMark_model.5679_t;GeneMark},{Augustus_model.g4385.t1;Augustus}
164343	164412	INTRON			{GeneMark_model.5679_t;GeneMark},{Augustus_model.g4385.t1;Augustus}
164413	164473	internal+	2	2	{GlimmerHMM_glimmerT_5305-T1;GlimmerHMM},{GeneMark_model.5679_t;GeneMark},{Augustus_model.g4385.t1;Augustus}
164474	164547	INTRON			{GlimmerHMM_glimmerT_5305-T1;GlimmerHMM},{GeneMark_model.5679_t;GeneMark},{Augustus_model.g4385.t1;Augustus}
164548	164668	internal+	3	3	{GeneMark_model.5679_t;GeneMark},{Augustus_model.g4385.t1;Augustus}
164669	164746	INTRON			{GeneMark_model.5679_t;GeneMark},{Augustus_model.g4385.t1;Augustus}
164747	164803	internal+	1	3	{GeneMark_model.5679_t;GeneMark},{Augustus_model.g4385.t1;Augustus}
164804	164866	INTRON			{GlimmerHMM_glimmerT_5305-T1;GlimmerHMM},{GeneMark_model.5679_t;GeneMark},{Augustus_model.g4385.t1;Augustus}
164867	164976	internal+	1	2	{GlimmerHMM_glimmerT_5305-T1;GlimmerHMM},{GeneMark_model.5679_t;GeneMark},{Augustus_model.g4385.t1;Augustus}
164977	165072	INTRON			{GlimmerHMM_glimmerT_5305-T1;GlimmerHMM},{GeneMark_model.5679_t;GeneMark},{Augustus_model.g4385.t1;Augustus}
165073	165248	internal+	3	1	{GlimmerHMM_glimmerT_5305-T1;GlimmerHMM},{GeneMark_model.5679_t;GeneMark},{Augustus_model.g4385.t1;Augustus}
165249	165392	INTRON			{GeneMark_model.5679_t;GeneMark}
165393	165424	terminal+	2	3	{GeneMark_model.5679_t;GeneMark}

# EVM prediction: Mode:STANDARD S-ratio: 3.00 165683-167686 orient(+) score(8057.00) noncoding_equivalent(2681.76) raw_noncoding(3544.26) offset(862.50)
165683	165758	initial+	1	1	{GeneMark_model.5680_t;GeneMark}
165759	165994	INTRON			{GeneMark_model.5680_t;GeneMark},{Augustus_model.g4385.t1;Augustus},{ev_type:exonerate/ID=match.2566964.4251/Target=lcl|PJQD01000045_1_prot_POY72894_1_4130;exonerate}
165995	166174	internal+	2	1	{GlimmerHMM_glimmerT_5305-T1;GlimmerHMM},{GeneMark_model.5680_t;GeneMark},{Augustus_model.g4385.t1;Augustus},{ev_type:exonerate/ID=match.2566964.4251/Target=lcl|PJQD01000045_1_prot_POY72894_1_4130;exonerate}
166175	166250	INTRON			{GlimmerHMM_glimmerT_5305-T1;GlimmerHMM},{GeneMark_model.5680_t;GeneMark},{Augustus_model.g4385.t1;Augustus},{ev_type:exonerate/ID=match.2566964.4251/Target=lcl|PJQD01000045_1_prot_POY72894_1_4130;exonerate}
166251	166357	internal+	2	3	{GlimmerHMM_glimmerT_5305-T1;GlimmerHMM},{GeneMark_model.5680_t;GeneMark},{Augustus_model.g4385.t1;Augustus},{ev_type:exonerate/ID=match.2566964.4251/Target=lcl|PJQD01000045_1_prot_POY72894_1_4130;exonerate}
166358	166439	INTRON			{GlimmerHMM_glimmerT_5305-T1;GlimmerHMM},{GeneMark_model.5680_t;GeneMark},{Augustus_model.g4385.t1;Augustus},{ev_type:exonerate/ID=match.2566964.4251/Target=lcl|PJQD01000045_1_prot_POY72894_1_4130;exonerate}
166440	166939	internal+	1	2	{GlimmerHMM_glimmerT_5305-T1;GlimmerHMM},{GeneMark_model.5680_t;GeneMark},{Augustus_model.g4385.t1;Augustus},{ev_type:exonerate/ID=match.2566964.4251/Target=lcl|PJQD01000045_1_prot_POY72894_1_4130;exonerate}
166940	167010	INTRON			{GlimmerHMM_glimmerT_5305-T1;GlimmerHMM},{GeneMark_model.5680_t;GeneMark},{Augustus_model.g4385.t1;Augustus},{ev_type:exonerate/ID=match.2566964.4251/Target=lcl|PJQD01000045_1_prot_POY72894_1_4130;exonerate}
167011	167213	internal+	3	1	{GlimmerHMM_glimmerT_5305-T1;GlimmerHMM},{GeneMark_model.5680_t;GeneMark},{Augustus_model.g4385.t1;Augustus},{ev_type:exonerate/ID=match.2566964.4251/Target=lcl|PJQD01000045_1_prot_POY72894_1_4130;exonerate}
167214	167286	INTRON			{GlimmerHMM_glimmerT_5305-T1;GlimmerHMM},{GeneMark_model.5680_t;GeneMark},{Augustus_model.g4385.t1;Augustus},{ev_type:exonerate/ID=match.2566964.4251/Target=lcl|PJQD01000045_1_prot_POY72894_1_4130;exonerate}
167287	167384	internal+	2	3	{GlimmerHMM_glimmerT_5305-T1;GlimmerHMM},{GeneMark_model.5680_t;GeneMark},{Augustus_model.g4385.t1;Augustus},{ev_type:exonerate/ID=match.2566964.4251/Target=lcl|PJQD01000045_1_prot_POY72894_1_4130;exonerate}
167385	167455	INTRON			{GlimmerHMM_glimmerT_5305-T1;GlimmerHMM},{GeneMark_model.5680_t;GeneMark},{Augustus_model.g4385.t1;Augustus},{ev_type:exonerate/ID=match.2566964.4251/Target=lcl|PJQD01000045_1_prot_POY72894_1_4130;exonerate}
167456	167686	terminal+	1	3	{GlimmerHMM_glimmerT_5305-T1;GlimmerHMM},{GeneMark_model.5680_t;GeneMark},{Augustus_model.g4385.t1;Augustus}

# EVM prediction: Mode:STANDARD S-ratio: 3.21 167889-170683 orient(-) score(8523.00) noncoding_equivalent(2655.19) raw_noncoding(2771.00) offset(115.81)
169614	167889	terminal-	6	6	{GeneMark_model.5681_t;GeneMark}
169673	169615	INTRON			{GeneMark_model.5681_t;GeneMark},{Augustus_model.g4386.t1;Augustus}
170683	169674	initial-	4	5	{GeneMark_model.5681_t;GeneMark},{GlimmerHMM_glimmerT_5306-T1;GlimmerHMM},{Augustus_model.g4386.t1;Augustus}

# EVM prediction: Mode:STANDARD S-ratio: 279.11 171270-173096 orient(-) score(7280.00) noncoding_equivalent(26.08) raw_noncoding(26.08) offset(0.00)
173096	171270	single-	4	6	{GeneMark_model.5682_t;GeneMark},{Augustus_model.g4387.t1;Augustus},{GlimmerHMM_glimmerT_5307-T1;GlimmerHMM}

# EVM prediction: Mode:STANDARD S-ratio: 2.72 173921-177672 orient(+) score(11155.00) noncoding_equivalent(4100.00) raw_noncoding(4361.00) offset(261.00)
173921	174482	initial+	1	1	{Augustus_model.g4388.t1;Augustus},{GeneMark_model.5683_t;GeneMark},{GlimmerHMM_glimmerT_5308-T1;GlimmerHMM}
174483	174543	INTRON			{Augustus_model.g4388.t1;Augustus},{GeneMark_model.5683_t;GeneMark},{GlimmerHMM_glimmerT_5308-T1;GlimmerHMM}
174544	174779	internal+	2	3	{Augustus_model.g4388.t1;Augustus},{GeneMark_model.5683_t;GeneMark},{GlimmerHMM_glimmerT_5308-T1;GlimmerHMM}
174780	174846	INTRON			{Augustus_model.g4388.t1;Augustus},{GeneMark_model.5683_t;GeneMark},{GlimmerHMM_glimmerT_5308-T1;GlimmerHMM}
174847	176919	internal+	1	3	{Augustus_model.g4388.t1;Augustus},{GeneMark_model.5683_t;GeneMark},{GlimmerHMM_glimmerT_5308-T1;GlimmerHMM}
176920	176982	INTRON			{Augustus_model.g4388.t1;Augustus},{GeneMark_model.5683_t;GeneMark}
176983	177672	terminal+	1	3	{Augustus_model.g4388.t1;Augustus}

# EVM prediction: Mode:STANDARD S-ratio: 3.00 178033-180396 orient(+) score(7092.00) noncoding_equivalent(2364.00) raw_noncoding(2364.00) offset(0.00)
178033	180396	single+	1	3	{Augustus_model.g4389.t1;Augustus},{GlimmerHMM_glimmerT_5309-T1;GlimmerHMM}

# EVM prediction: Mode:STANDARD S-ratio: 1.92 180557-182362 orient(-) score(4941.00) noncoding_equivalent(2575.00) raw_noncoding(2733.00) offset(158.00)
181469	180557	terminal-	6	6	{GeneMark_model.5684_t;GeneMark},{GlimmerHMM_glimmerT_5310-T1;GlimmerHMM}
181548	181470	INTRON			{Augustus_model.g4390.t1;Augustus},{GeneMark_model.5684_t;GeneMark},{GlimmerHMM_glimmerT_5310-T1;GlimmerHMM}
182035	181549	internal-	5	5	{Augustus_model.g4390.t1;Augustus},{GeneMark_model.5684_t;GeneMark},{GlimmerHMM_glimmerT_5310-T1;GlimmerHMM}
182106	182036	INTRON			{Augustus_model.g4390.t1;Augustus},{GeneMark_model.5684_t;GeneMark},{GlimmerHMM_glimmerT_5310-T1;GlimmerHMM}
182362	182107	initial-	4	4	{Augustus_model.g4390.t1;Augustus},{GlimmerHMM_glimmerT_5310-T1;GlimmerHMM}

# EVM prediction: Mode:STANDARD S-ratio: 1.68 182823-184537 orient(+) score(4539.00) noncoding_equivalent(2706.97) raw_noncoding(3814.21) offset(1107.24)
182823	182864	initial+	1	3	{Augustus_model.g4391.t1;Augustus},{GeneMark_model.5685_t;GeneMark},{GlimmerHMM_glimmerT_5311-T1;GlimmerHMM}
182865	182945	INTRON			{Augustus_model.g4391.t1;Augustus},{GeneMark_model.5685_t;GeneMark},{GlimmerHMM_glimmerT_5311-T1;GlimmerHMM}
182946	183115	internal+	1	2	{Augustus_model.g4391.t1;Augustus},{GeneMark_model.5685_t;GeneMark},{GlimmerHMM_glimmerT_5311-T1;GlimmerHMM}
183116	183179	INTRON			{Augustus_model.g4391.t1;Augustus},{GeneMark_model.5685_t;GeneMark},{GlimmerHMM_glimmerT_5311-T1;GlimmerHMM}
183180	183346	internal+	3	1	{Augustus_model.g4391.t1;Augustus},{GeneMark_model.5685_t;GeneMark},{GlimmerHMM_glimmerT_5311-T1;GlimmerHMM}
183347	183425	INTRON			{Augustus_model.g4391.t1;Augustus},{GeneMark_model.5685_t;GeneMark}
183426	183464	internal+	2	1	{Augustus_model.g4391.t1;Augustus},{GeneMark_model.5685_t;GeneMark}
183465	183539	INTRON			{Augustus_model.g4391.t1;Augustus},{GeneMark_model.5685_t;GeneMark}
183540	183688	internal+	2	3	{Augustus_model.g4391.t1;Augustus},{GeneMark_model.5685_t;GeneMark},{GlimmerHMM_glimmerT_5311-T1;GlimmerHMM}
183689	183760	INTRON			{Augustus_model.g4391.t1;Augustus},{GeneMark_model.5685_t;GeneMark},{GlimmerHMM_glimmerT_5311-T1;GlimmerHMM}
183761	183886	internal+	1	3	{Augustus_model.g4391.t1;Augustus},{GeneMark_model.5685_t;GeneMark},{GlimmerHMM_glimmerT_5311-T1;GlimmerHMM}
183887	183976	INTRON			{Augustus_model.g4391.t1;Augustus},{GeneMark_model.5685_t;GeneMark},{GlimmerHMM_glimmerT_5311-T1;GlimmerHMM}
183977	184112	internal+	1	1	{Augustus_model.g4391.t1;Augustus},{GeneMark_model.5685_t;GeneMark}
184113	184218	INTRON			{Augustus_model.g4391.t1;Augustus}
184219	184234	internal+	2	2	{Augustus_model.g4391.t1;Augustus}
184235	184323	INTRON			{Augustus_model.g4391.t1;Augustus},{GeneMark_model.5685_t;GeneMark}
184324	184537	terminal+	3	3	{GeneMark_model.5685_t;GeneMark},{GlimmerHMM_glimmerT_5311-T1;GlimmerHMM}

# EVM prediction: Mode:STANDARD S-ratio: 4.95 184908-187090 orient(-) score(11038.00) noncoding_equivalent(2227.75) raw_noncoding(3245.00) offset(1017.25)
184910	184908	terminal-	4	6	{Augustus_model.g4392.t1;Augustus},{GeneMark_model.5686_t;GeneMark}
184985	184911	INTRON			{Augustus_model.g4392.t1;Augustus},{GeneMark_model.5686_t;GeneMark}
185304	184986	internal-	6	6	{Augustus_model.g4392.t1;Augustus},{GeneMark_model.5686_t;GeneMark}
185380	185305	INTRON			{Augustus_model.g4392.t1;Augustus},{GlimmerHMM_glimmerT_5312-T1;GlimmerHMM},{GeneMark_model.5686_t;GeneMark},{ev_type:exonerate/ID=match.2566964.4247/Target=lcl|PJQD01000080_1_prot_POY71552_1_5974;exonerate},{ev_type:exonerate/ID=match.2566964.4245/Target=lcl|KQ954485_1_prot_KWU43864_1_3851;exonerate}
185676	185381	internal-	4	5	{Augustus_model.g4392.t1;Augustus},{GlimmerHMM_glimmerT_5312-T1;GlimmerHMM},{GeneMark_model.5686_t;GeneMark},{ev_type:exonerate/ID=match.2566964.4247/Target=lcl|PJQD01000080_1_prot_POY71552_1_5974;exonerate}
185751	185677	INTRON			{Augustus_model.g4392.t1;Augustus},{GlimmerHMM_glimmerT_5312-T1;GlimmerHMM},{GeneMark_model.5686_t;GeneMark},{ev_type:exonerate/ID=match.2566964.4247/Target=lcl|PJQD01000080_1_prot_POY71552_1_5974;exonerate}
186325	185752	internal-	6	6	{Augustus_model.g4392.t1;Augustus},{GlimmerHMM_glimmerT_5312-T1;GlimmerHMM},{GeneMark_model.5686_t;GeneMark},{ev_type:exonerate/ID=match.2566964.4247/Target=lcl|PJQD01000080_1_prot_POY71552_1_5974;exonerate},{ev_type:exonerate/ID=match.2566964.4245/Target=lcl|KQ954485_1_prot_KWU43864_1_3851;exonerate}
186384	186326	INTRON			{Augustus_model.g4392.t1;Augustus},{GlimmerHMM_glimmerT_5312-T1;GlimmerHMM},{GeneMark_model.5686_t;GeneMark},{ev_type:exonerate/ID=match.2566964.4247/Target=lcl|PJQD01000080_1_prot_POY71552_1_5974;exonerate},{ev_type:exonerate/ID=match.2566964.4245/Target=lcl|KQ954485_1_prot_KWU43864_1_3851;exonerate}
186491	186385	internal-	4	5	{Augustus_model.g4392.t1;Augustus},{GlimmerHMM_glimmerT_5312-T1;GlimmerHMM},{GeneMark_model.5686_t;GeneMark},{ev_type:exonerate/ID=match.2566964.4247/Target=lcl|PJQD01000080_1_prot_POY71552_1_5974;exonerate},{ev_type:exonerate/ID=match.2566964.4245/Target=lcl|KQ954485_1_prot_KWU43864_1_3851;exonerate}
186554	186492	INTRON			{Augustus_model.g4392.t1;Augustus},{GeneMark_model.5686_t;GeneMark},{ev_type:exonerate/ID=match.2566964.4247/Target=lcl|PJQD01000080_1_prot_POY71552_1_5974;exonerate},{ev_type:exonerate/ID=match.2566964.4245/Target=lcl|KQ954485_1_prot_KWU43864_1_3851;exonerate}
186584	186555	internal-	4	6	{Augustus_model.g4392.t1;Augustus},{GeneMark_model.5686_t;GeneMark},{ev_type:exonerate/ID=match.2566964.4247/Target=lcl|PJQD01000080_1_prot_POY71552_1_5974;exonerate},{ev_type:exonerate/ID=match.2566964.4245/Target=lcl|KQ954485_1_prot_KWU43864_1_3851;exonerate}
186949	186585	INTRON			{Augustus_model.g4392.t1;Augustus},{GeneMark_model.5686_t;GeneMark},{ev_type:exonerate/ID=match.2566964.4247/Target=lcl|PJQD01000080_1_prot_POY71552_1_5974;exonerate},{ev_type:exonerate/ID=match.2566964.4245/Target=lcl|KQ954485_1_prot_KWU43864_1_3851;exonerate}
187090	186950	initial-	4	6	{Augustus_model.g4392.t1;Augustus},{GlimmerHMM_glimmerT_5312-T1;GlimmerHMM},{GeneMark_model.5686_t;GeneMark}

# EVM prediction: Mode:STANDARD S-ratio: 3.09 187576-192205 orient(+) score(14243.00) noncoding_equivalent(4613.55) raw_noncoding(5704.00) offset(1090.45)
187576	188465	initial+	1	2	{Augustus_model.g4393.t1;Augustus},{GeneMark_model.5687_t;GeneMark},{GlimmerHMM_glimmerT_5313-T1;GlimmerHMM}
188466	188527	INTRON			{Augustus_model.g4393.t1;Augustus},{GeneMark_model.5687_t;GeneMark},{GlimmerHMM_glimmerT_5313-T1;GlimmerHMM}
188528	189454	internal+	3	2	{Augustus_model.g4393.t1;Augustus},{GlimmerHMM_glimmerT_5313-T1;GlimmerHMM}
189455	189935	INTRON			{Augustus_model.g4393.t1;Augustus},{GlimmerHMM_glimmerT_5313-T1;GlimmerHMM}
189936	191265	internal+	3	3	{Augustus_model.g4393.t1;Augustus},{GlimmerHMM_glimmerT_5313-T1;GlimmerHMM}
191266	191377	INTRON			{Augustus_model.g4393.t1;Augustus},{GeneMark_model.5688_t;GeneMark},{GlimmerHMM_glimmerT_5313-T1;GlimmerHMM}
191378	192205	terminal+	1	3	{snap_scaffold_14-snap.58-T1;snap},{Augustus_model.g4393.t1;Augustus},{GeneMark_model.5688_t;GeneMark},{GlimmerHMM_glimmerT_5313-T1;GlimmerHMM}

# EVM prediction: Mode:STANDARD S-ratio: 2.70 192522-194371 orient(-) score(5484.00) noncoding_equivalent(2030.00) raw_noncoding(2093.00) offset(63.00)
193699	192522	terminal-	5	6	{GeneMark_model.5689_t;GeneMark},{GlimmerHMM_glimmerT_5314-T1;GlimmerHMM}
193758	193700	INTRON			{GeneMark_model.5689_t;GeneMark},{Augustus_model.g4394.t1;Augustus},{GlimmerHMM_glimmerT_5314-T1;GlimmerHMM}
194371	193759	initial-	4	4	{GeneMark_model.5689_t;GeneMark},{Augustus_model.g4394.t1;Augustus},{GlimmerHMM_glimmerT_5314-T1;GlimmerHMM}

# EVM prediction: Mode:STANDARD S-ratio: 1.94 194510-196983 orient(+) score(7821.00) noncoding_equivalent(4026.49) raw_noncoding(4700.42) offset(673.94)
194510	194605	initial+	1	3	{Augustus_model.g4395.t1;Augustus},{GlimmerHMM_glimmerT_5315-T1;GlimmerHMM}
194606	194711	INTRON			{GlimmerHMM_glimmerT_5315-T1;GlimmerHMM}
194712	195284	internal+	1	3	{GlimmerHMM_glimmerT_5315-T1;GlimmerHMM}
195285	195353	INTRON			{GeneMark_model.5690_t;GeneMark},{Augustus_model.g4395.t1;Augustus},{GlimmerHMM_glimmerT_5315-T1;GlimmerHMM},{ev_type:exonerate/ID=match.2566964.4279/Target=lcl|KQ954485_1_prot_KWU43860_1_3847;exonerate}
195354	195443	internal+	1	3	{GeneMark_model.5690_t;GeneMark},{Augustus_model.g4395.t1;Augustus},{GlimmerHMM_glimmerT_5315-T1;GlimmerHMM},{ev_type:exonerate/ID=match.2566964.4279/Target=lcl|KQ954485_1_prot_KWU43860_1_3847;exonerate}
195444	195518	INTRON			{GeneMark_model.5690_t;GeneMark},{Augustus_model.g4395.t1;Augustus},{snap_scaffold_14-snap.59-T1;snap},{GlimmerHMM_glimmerT_5315-T1;GlimmerHMM},{ev_type:exonerate/ID=match.2566964.4279/Target=lcl|KQ954485_1_prot_KWU43860_1_3847;exonerate}
195519	195675	internal+	1	1	{GeneMark_model.5690_t;GeneMark},{Augustus_model.g4395.t1;Augustus},{GlimmerHMM_glimmerT_5315-T1;GlimmerHMM},{ev_type:exonerate/ID=match.2566964.4279/Target=lcl|KQ954485_1_prot_KWU43860_1_3847;exonerate}
195676	195754	INTRON			{GeneMark_model.5690_t;GeneMark},{Augustus_model.g4395.t1;Augustus},{GlimmerHMM_glimmerT_5315-T1;GlimmerHMM},{ev_type:exonerate/ID=match.2566964.4279/Target=lcl|KQ954485_1_prot_KWU43860_1_3847;exonerate}
195755	195818	internal+	2	2	{GeneMark_model.5690_t;GeneMark},{Augustus_model.g4395.t1;Augustus},{GlimmerHMM_glimmerT_5315-T1;GlimmerHMM},{ev_type:exonerate/ID=match.2566964.4279/Target=lcl|KQ954485_1_prot_KWU43860_1_3847;exonerate}
195819	195901	INTRON			{GeneMark_model.5690_t;GeneMark},{Augustus_model.g4395.t1;Augustus},{GlimmerHMM_glimmerT_5315-T1;GlimmerHMM},{ev_type:exonerate/ID=match.2566964.4279/Target=lcl|KQ954485_1_prot_KWU43860_1_3847;exonerate}
195902	195984	internal+	3	1	{GeneMark_model.5690_t;GeneMark},{Augustus_model.g4395.t1;Augustus},{GlimmerHMM_glimmerT_5315-T1;GlimmerHMM},{ev_type:exonerate/ID=match.2566964.4279/Target=lcl|KQ954485_1_prot_KWU43860_1_3847;exonerate}
195985	196067	INTRON			{GeneMark_model.5690_t;GeneMark},{Augustus_model.g4395.t1;Augustus},{GlimmerHMM_glimmerT_5315-T1;GlimmerHMM},{ev_type:exonerate/ID=match.2566964.4279/Target=lcl|KQ954485_1_prot_KWU43860_1_3847;exonerate}
196068	196223	internal+	2	1	{GeneMark_model.5690_t;GeneMark},{Augustus_model.g4395.t1;Augustus},{GlimmerHMM_glimmerT_5315-T1;GlimmerHMM}
196224	196303	INTRON			{GeneMark_model.5690_t;GeneMark},{Augustus_model.g4395.t1;Augustus},{GlimmerHMM_glimmerT_5315-T1;GlimmerHMM}
196304	196983	terminal+	2	3	{GeneMark_model.5690_t;GeneMark},{GlimmerHMM_glimmerT_5315-T1;GlimmerHMM}

# EVM prediction: Mode:STANDARD S-ratio: 1.90 197229-199056 orient(+) score(5041.00) noncoding_equivalent(2658.48) raw_noncoding(3760.00) offset(1101.52)
197229	197264	initial+	1	3	{GlimmerHMM_glimmerT_5316-T1;GlimmerHMM}
197265	197359	INTRON			{GlimmerHMM_glimmerT_5316-T1;GlimmerHMM},{Augustus_model.g4395.t1;Augustus},{GeneMark_model.5691_t;GeneMark}
197360	197435	internal+	1	1	{GlimmerHMM_glimmerT_5316-T1;GlimmerHMM},{Augustus_model.g4395.t1;Augustus},{GeneMark_model.5691_t;GeneMark}
197436	197509	INTRON			{GlimmerHMM_glimmerT_5316-T1;GlimmerHMM},{Augustus_model.g4395.t1;Augustus},{GeneMark_model.5691_t;GeneMark}
197510	197625	internal+	2	3	{GlimmerHMM_glimmerT_5316-T1;GlimmerHMM},{Augustus_model.g4395.t1;Augustus},{GeneMark_model.5691_t;GeneMark}
197626	197886	INTRON			{Augustus_model.g4395.t1;Augustus},{snap_scaffold_14-snap.60-T1;snap}
197887	198162	internal+	1	3	{Augustus_model.g4395.t1;Augustus},{GeneMark_model.5691_t;GeneMark}
198163	198265	INTRON			{GlimmerHMM_glimmerT_5316-T1;GlimmerHMM},{Augustus_model.g4395.t1;Augustus},{GeneMark_model.5691_t;GeneMark}
198266	198433	internal+	1	3	{GlimmerHMM_glimmerT_5316-T1;GlimmerHMM},{Augustus_model.g4395.t1;Augustus},{GeneMark_model.5691_t;GeneMark}
198434	198496	INTRON			{Augustus_model.g4395.t1;Augustus},{GeneMark_model.5691_t;GeneMark}
198497	198586	internal+	1	3	{Augustus_model.g4395.t1;Augustus}
198587	198656	INTRON			{Augustus_model.g4395.t1;Augustus}
198657	198792	internal+	1	1	{Augustus_model.g4395.t1;Augustus}
198793	198860	INTRON			{Augustus_model.g4395.t1;Augustus},{GeneMark_model.5691_t;GeneMark}
198861	198867	internal+	2	2	{Augustus_model.g4395.t1;Augustus},{GeneMark_model.5691_t;GeneMark}
198868	198929	INTRON			{Augustus_model.g4395.t1;Augustus},{GeneMark_model.5691_t;GeneMark}
198930	199056	terminal+	3	3	{GlimmerHMM_glimmerT_5316-T1;GlimmerHMM},{Augustus_model.g4395.t1;Augustus},{GeneMark_model.5691_t;GeneMark}

# EVM prediction: Mode:STANDARD S-ratio: 3.92 199267-200543 orient(-) score(4458.00) noncoding_equivalent(1136.95) raw_noncoding(1520.00) offset(383.05)
200003	199267	terminal-	5	6	{GlimmerHMM_glimmerT_5317-T1;GlimmerHMM},{Augustus_model.g4396.t1;Augustus},{GeneMark_model.5692_t;GeneMark}
200067	200004	INTRON			{GlimmerHMM_glimmerT_5317-T1;GlimmerHMM},{Augustus_model.g4396.t1;Augustus},{GeneMark_model.5692_t;GeneMark}
200122	200068	internal-	4	4	{GlimmerHMM_glimmerT_5317-T1;GlimmerHMM},{Augustus_model.g4396.t1;Augustus},{GeneMark_model.5692_t;GeneMark}
200205	200123	INTRON			{GlimmerHMM_glimmerT_5317-T1;GlimmerHMM},{Augustus_model.g4396.t1;Augustus},{GeneMark_model.5692_t;GeneMark}
200286	200206	internal-	4	6	{GlimmerHMM_glimmerT_5317-T1;GlimmerHMM},{Augustus_model.g4396.t1;Augustus},{GeneMark_model.5692_t;GeneMark}
200390	200287	INTRON			{GlimmerHMM_glimmerT_5317-T1;GlimmerHMM},{Augustus_model.g4396.t1;Augustus},{GeneMark_model.5692_t;GeneMark}
200451	200391	internal-	6	6	{GlimmerHMM_glimmerT_5317-T1;GlimmerHMM},{Augustus_model.g4396.t1;Augustus},{GeneMark_model.5692_t;GeneMark}
200514	200452	INTRON			{Augustus_model.g4396.t1;Augustus},{GeneMark_model.5692_t;GeneMark}
200543	200515	initial-	4	5	{Augustus_model.g4396.t1;Augustus},{GeneMark_model.5692_t;GeneMark}

# EVM prediction: Mode:STANDARD S-ratio: 5.76 200998-203911 orient(-) score(10290.00) noncoding_equivalent(1786.00) raw_noncoding(1933.00) offset(147.00)
201178	200998	terminal-	6	6	{Augustus_model.g4397.t1;Augustus},{GeneMark_model.5693_t;GeneMark},{GlimmerHMM_glimmerT_5318-T1;GlimmerHMM}
201249	201179	INTRON			{Augustus_model.g4397.t1;Augustus},{GeneMark_model.5693_t;GeneMark},{GlimmerHMM_glimmerT_5318-T1;GlimmerHMM}
201791	201250	internal-	4	5	{Augustus_model.g4397.t1;Augustus},{GeneMark_model.5693_t;GeneMark},{GlimmerHMM_glimmerT_5318-T1;GlimmerHMM}
201857	201792	INTRON			{Augustus_model.g4397.t1;Augustus},{GeneMark_model.5693_t;GeneMark},{GlimmerHMM_glimmerT_5318-T1;GlimmerHMM}
201908	201858	internal-	4	6	{Augustus_model.g4397.t1;Augustus},{GeneMark_model.5693_t;GeneMark},{GlimmerHMM_glimmerT_5318-T1;GlimmerHMM}
201988	201909	INTRON			{Augustus_model.g4397.t1;Augustus},{GeneMark_model.5693_t;GeneMark},{GlimmerHMM_glimmerT_5318-T1;GlimmerHMM}
203911	201989	initial-	4	6	{GeneMark_model.5693_t;GeneMark},{GlimmerHMM_glimmerT_5318-T1;GlimmerHMM}

# EVM prediction: Mode:STANDARD S-ratio: 2.41 204850-208309 orient(+) score(10542.00) noncoding_equivalent(4374.00) raw_noncoding(5116.00) offset(742.00)
204850	205536	initial+	1	3	{GeneMark_model.5694_t;GeneMark},{GlimmerHMM_glimmerT_5319-T1;GlimmerHMM},{Augustus_model.g4398.t1;Augustus}
205537	205617	INTRON			{GeneMark_model.5694_t;GeneMark},{GlimmerHMM_glimmerT_5319-T1;GlimmerHMM},{Augustus_model.g4398.t1;Augustus}
205618	205723	internal+	1	1	{GeneMark_model.5694_t;GeneMark},{GlimmerHMM_glimmerT_5319-T1;GlimmerHMM},{Augustus_model.g4398.t1;Augustus}
205724	205831	INTRON			{GeneMark_model.5694_t;GeneMark},{GlimmerHMM_glimmerT_5319-T1;GlimmerHMM},{Augustus_model.g4398.t1;Augustus}
205832	205919	internal+	2	2	{GeneMark_model.5694_t;GeneMark},{GlimmerHMM_glimmerT_5319-T1;GlimmerHMM}
205920	206006	INTRON			{GeneMark_model.5694_t;GeneMark},{GlimmerHMM_glimmerT_5319-T1;GlimmerHMM}
206007	206164	internal+	3	1	{GeneMark_model.5694_t;GeneMark},{GlimmerHMM_glimmerT_5319-T1;GlimmerHMM},{Augustus_model.g4398.t1;Augustus}
206165	206230	INTRON			{GeneMark_model.5694_t;GeneMark},{GlimmerHMM_glimmerT_5319-T1;GlimmerHMM},{Augustus_model.g4398.t1;Augustus}
206231	206484	internal+	2	3	{GeneMark_model.5694_t;GeneMark},{GlimmerHMM_glimmerT_5319-T1;GlimmerHMM},{Augustus_model.g4398.t1;Augustus}
206485	206557	INTRON			{GeneMark_model.5694_t;GeneMark},{GlimmerHMM_glimmerT_5319-T1;GlimmerHMM},{Augustus_model.g4398.t1;Augustus}
206558	206720	internal+	1	1	{GeneMark_model.5694_t;GeneMark},{GlimmerHMM_glimmerT_5319-T1;GlimmerHMM},{Augustus_model.g4398.t1;Augustus}
206721	206793	INTRON			{GeneMark_model.5694_t;GeneMark},{GlimmerHMM_glimmerT_5319-T1;GlimmerHMM},{Augustus_model.g4398.t1;Augustus}
206794	207518	internal+	2	3	{GeneMark_model.5694_t;GeneMark},{GlimmerHMM_glimmerT_5319-T1;GlimmerHMM},{Augustus_model.g4398.t1;Augustus}
207519	207590	INTRON			{GeneMark_model.5694_t;GeneMark},{GlimmerHMM_glimmerT_5319-T1;GlimmerHMM},{Augustus_model.g4398.t1;Augustus}
207591	207906	internal+	1	1	{GeneMark_model.5694_t;GeneMark},{GlimmerHMM_glimmerT_5319-T1;GlimmerHMM},{Augustus_model.g4398.t1;Augustus}
207907	207986	INTRON			{GeneMark_model.5694_t;GeneMark},{GlimmerHMM_glimmerT_5319-T1;GlimmerHMM},{Augustus_model.g4398.t1;Augustus}
207987	208309	terminal+	2	3	{GeneMark_model.5694_t;GeneMark},{GlimmerHMM_glimmerT_5319-T1;GlimmerHMM},{Augustus_model.g4398.t1;Augustus}

# EVM prediction: Mode:STANDARD S-ratio: 2.14 208696-209456 orient(+) score(1993.00) noncoding_equivalent(931.56) raw_noncoding(1082.85) offset(151.29)
208696	209311	initial+	1	1	{GeneMark_model.5695_t;GeneMark},{GlimmerHMM_glimmerT_5320-T1;GlimmerHMM}
209312	209373	INTRON			{GeneMark_model.5695_t;GeneMark}
209374	209456	terminal+	2	3	{GeneMark_model.5695_t;GeneMark}

# EVM prediction: Mode:STANDARD S-ratio: 6.44 209940-210683 orient(+) score(2806.00) noncoding_equivalent(436.04) raw_noncoding(444.04) offset(8.00)
209940	210101	initial+	1	3	{GeneMark_model.5696_t;GeneMark}
210102	210170	INTRON			{Augustus_model.g4399.t1;Augustus},{GeneMark_model.5696_t;GeneMark},{snap_scaffold_14-snap.64-T1;snap},{GlimmerHMM_glimmerT_5320-T1;GlimmerHMM}
210171	210683	terminal+	1	3	{Augustus_model.g4399.t1;Augustus},{GeneMark_model.5696_t;GeneMark},{snap_scaffold_14-snap.64-T1;snap},{GlimmerHMM_glimmerT_5320-T1;GlimmerHMM}

# EVM prediction: Mode:STANDARD S-ratio: 6.11 212575-216267 orient(-) score(13405.00) noncoding_equivalent(2195.17) raw_noncoding(2541.00) offset(345.83)
214115	212575	terminal-	5	6	{Augustus_model.g4400.t1;Augustus},{GlimmerHMM_glimmerT_5321-T1;GlimmerHMM},{GeneMark_model.5697_t;GeneMark}
214196	214116	INTRON			{Augustus_model.g4400.t1;Augustus},{GlimmerHMM_glimmerT_5321-T1;GlimmerHMM},{GeneMark_model.5697_t;GeneMark}
214623	214197	internal-	4	4	{Augustus_model.g4400.t1;Augustus},{GlimmerHMM_glimmerT_5321-T1;GlimmerHMM},{GeneMark_model.5697_t;GeneMark}
214692	214624	INTRON			{Augustus_model.g4400.t1;Augustus},{GlimmerHMM_glimmerT_5321-T1;GlimmerHMM},{GeneMark_model.5697_t;GeneMark}
214785	214693	internal-	4	6	{Augustus_model.g4400.t1;Augustus},{GlimmerHMM_glimmerT_5321-T1;GlimmerHMM},{GeneMark_model.5697_t;GeneMark}
214853	214786	INTRON			{Augustus_model.g4400.t1;Augustus},{GlimmerHMM_glimmerT_5321-T1;GlimmerHMM},{GeneMark_model.5697_t;GeneMark}
214940	214854	internal-	4	6	{Augustus_model.g4400.t1;Augustus},{GlimmerHMM_glimmerT_5321-T1;GlimmerHMM},{GeneMark_model.5697_t;GeneMark}
215011	214941	INTRON			{Augustus_model.g4400.t1;Augustus},{GlimmerHMM_glimmerT_5321-T1;GlimmerHMM},{GeneMark_model.5697_t;GeneMark}
215185	215012	internal-	4	6	{Augustus_model.g4400.t1;Augustus},{GlimmerHMM_glimmerT_5321-T1;GlimmerHMM},{GeneMark_model.5697_t;GeneMark}
215256	215186	INTRON			{Augustus_model.g4400.t1;Augustus},{GlimmerHMM_glimmerT_5321-T1;GlimmerHMM},{GeneMark_model.5697_t;GeneMark}
215436	215257	internal-	4	6	{Augustus_model.g4400.t1;Augustus},{GlimmerHMM_glimmerT_5321-T1;GlimmerHMM},{GeneMark_model.5697_t;GeneMark}
215508	215437	INTRON			{Augustus_model.g4400.t1;Augustus},{GlimmerHMM_glimmerT_5321-T1;GlimmerHMM},{GeneMark_model.5697_t;GeneMark}
216267	215509	initial-	4	6	{Augustus_model.g4400.t1;Augustus},{GlimmerHMM_glimmerT_5321-T1;GlimmerHMM},{GeneMark_model.5697_t;GeneMark}

# EVM prediction: Mode:STANDARD S-ratio: 3.35 217319-218513 orient(-) score(3853.00) noncoding_equivalent(1149.42) raw_noncoding(1393.33) offset(243.91)
217825	217319	terminal-	4	6	{Augustus_model.g4401.t1;Augustus},{GlimmerHMM_glimmerT_5322-T1;GlimmerHMM},{GeneMark_model.5698_t;GeneMark}
217884	217826	INTRON			{Augustus_model.g4401.t1;Augustus},{GlimmerHMM_glimmerT_5322-T1;GlimmerHMM},{GeneMark_model.5698_t;GeneMark}
217937	217885	internal-	5	6	{Augustus_model.g4401.t1;Augustus},{GlimmerHMM_glimmerT_5322-T1;GlimmerHMM},{GeneMark_model.5698_t;GeneMark}
217996	217938	INTRON			{Augustus_model.g4401.t1;Augustus},{GlimmerHMM_glimmerT_5322-T1;GlimmerHMM},{GeneMark_model.5698_t;GeneMark}
218387	217997	internal-	4	4	{Augustus_model.g4401.t1;Augustus},{GlimmerHMM_glimmerT_5322-T1;GlimmerHMM},{GeneMark_model.5698_t;GeneMark}
218474	218388	INTRON			{Augustus_model.g4401.t1;Augustus},{GeneMark_model.5698_t;GeneMark}
218513	218475	initial-	4	6	{GeneMark_model.5698_t;GeneMark}

# EVM prediction: Mode:STANDARD S-ratio: 2.63 219075-220363 orient(-) score(4409.00) noncoding_equivalent(1676.54) raw_noncoding(2271.60) offset(595.06)
219087	219075	terminal-	6	6	{GeneMark_model.5699_t;GeneMark}
219144	219088	INTRON			{GeneMark_model.5699_t;GeneMark}
219163	219145	internal-	5	5	{Augustus_model.g4401.t1;Augustus},{GeneMark_model.5699_t;GeneMark}
219270	219164	INTRON			{Augustus_model.g4401.t1;Augustus},{GeneMark_model.5699_t;GeneMark}
219665	219271	internal-	6	4	{Augustus_model.g4401.t1;Augustus},{GlimmerHMM_glimmerT_5322-T1;GlimmerHMM},{GeneMark_model.5699_t;GeneMark}
219741	219666	INTRON			{Augustus_model.g4401.t1;Augustus},{GlimmerHMM_glimmerT_5322-T1;GlimmerHMM},{GeneMark_model.5699_t;GeneMark},{ev_type:exonerate/ID=match.2566964.4275/Target=lcl|KQ954485_1_prot_KWU43850_1_3837;exonerate}
220006	219742	internal-	5	5	{Augustus_model.g4401.t1;Augustus},{GlimmerHMM_glimmerT_5322-T1;GlimmerHMM},{GeneMark_model.5699_t;GeneMark},{ev_type:exonerate/ID=match.2566964.4275/Target=lcl|KQ954485_1_prot_KWU43850_1_3837;exonerate}
220095	220007	INTRON			{Augustus_model.g4401.t1;Augustus},{GeneMark_model.5699_t;GeneMark},{ev_type:exonerate/ID=match.2566964.4275/Target=lcl|KQ954485_1_prot_KWU43850_1_3837;exonerate}
220363	220096	initial-	4	4	{Augustus_model.g4401.t1;Augustus},{GeneMark_model.5699_t;GeneMark}

# EVM prediction: Mode:STANDARD S-ratio: 5.26 220481-222448 orient(+) score(6729.00) noncoding_equivalent(1278.95) raw_noncoding(1478.14) offset(199.19)
220481	220693	initial+	1	3	{Augustus_model.g4402.t1;Augustus},{GeneMark_model.5700_t;GeneMark},{GlimmerHMM_glimmerT_5323-T1;GlimmerHMM}
220694	220754	INTRON			{Augustus_model.g4402.t1;Augustus},{GeneMark_model.5700_t;GeneMark}
220755	221442	internal+	1	1	{Augustus_model.g4402.t1;Augustus},{GeneMark_model.5700_t;GeneMark}
221443	221513	INTRON			{Augustus_model.g4402.t1;Augustus},{GeneMark_model.5700_t;GeneMark},{GlimmerHMM_glimmerT_5323-T1;GlimmerHMM}
221514	222448	terminal+	2	3	{Augustus_model.g4402.t1;Augustus}

# EVM prediction: Mode:STANDARD S-ratio: 20.26 223543-226332 orient(+) score(10635.00) noncoding_equivalent(525.00) raw_noncoding(525.00) offset(0.00)
223543	226332	single+	1	3	{Augustus_model.g4403.t1;Augustus},{GeneMark_model.5701_t;GeneMark}

# EVM prediction: Mode:STANDARD S-ratio: 1.82 226686-228279 orient(+) score(4607.00) noncoding_equivalent(2532.38) raw_noncoding(3556.00) offset(1023.62)
226686	226784	initial+	1	3	{Augustus_model.g4404.t1;Augustus},{GlimmerHMM_glimmerT_5324-T1;GlimmerHMM},{GeneMark_model.5702_t;GeneMark}
226785	226906	INTRON			{Augustus_model.g4404.t1;Augustus},{GlimmerHMM_glimmerT_5324-T1;GlimmerHMM},{GeneMark_model.5702_t;GeneMark}
226907	227103	internal+	1	2	{Augustus_model.g4404.t1;Augustus},{GeneMark_model.5702_t;GeneMark}
227104	227176	INTRON			{Augustus_model.g4404.t1;Augustus},{GeneMark_model.5702_t;GeneMark}
227177	227210	internal+	3	3	{Augustus_model.g4404.t1;Augustus},{GeneMark_model.5702_t;GeneMark}
227211	227281	INTRON			{Augustus_model.g4404.t1;Augustus},{GeneMark_model.5702_t;GeneMark}
227282	227302	internal+	1	3	{Augustus_model.g4404.t1;Augustus},{GeneMark_model.5702_t;GeneMark}
227303	227374	INTRON			{Augustus_model.g4404.t1;Augustus},{GeneMark_model.5702_t;GeneMark}
227375	227452	internal+	1	3	{Augustus_model.g4404.t1;Augustus},{GeneMark_model.5702_t;GeneMark}
227453	227547	INTRON			{Augustus_model.g4404.t1;Augustus},{GeneMark_model.5702_t;GeneMark}
227548	227753	internal+	1	2	{Augustus_model.g4404.t1;Augustus},{GlimmerHMM_glimmerT_5324-T1;GlimmerHMM},{GeneMark_model.5702_t;GeneMark}
227754	227863	INTRON			{Augustus_model.g4404.t1;Augustus},{GlimmerHMM_glimmerT_5324-T1;GlimmerHMM},{GeneMark_model.5702_t;GeneMark}
227864	227928	internal+	3	1	{Augustus_model.g4404.t1;Augustus},{GlimmerHMM_glimmerT_5324-T1;GlimmerHMM},{GeneMark_model.5702_t;GeneMark}
227929	227996	INTRON			{Augustus_model.g4404.t1;Augustus},{GlimmerHMM_glimmerT_5324-T1;GlimmerHMM},{GeneMark_model.5702_t;GeneMark}
227997	228162	internal+	2	2	{Augustus_model.g4404.t1;Augustus},{GlimmerHMM_glimmerT_5324-T1;GlimmerHMM},{GeneMark_model.5702_t;GeneMark}
228163	228254	INTRON			{Augustus_model.g4404.t1;Augustus},{GlimmerHMM_glimmerT_5324-T1;GlimmerHMM},{GeneMark_model.5702_t;GeneMark}
228255	228279	terminal+	3	3	{Augustus_model.g4404.t1;Augustus},{GlimmerHMM_glimmerT_5324-T1;GlimmerHMM},{GeneMark_model.5702_t;GeneMark}

# EVM prediction: Mode:STANDARD S-ratio: 1.68 228402-230566 orient(-) score(5521.00) noncoding_equivalent(3290.25) raw_noncoding(4394.00) offset(1103.75)
228624	228402	terminal-	6	6	{GeneMark_model.5703_t;GeneMark},{GlimmerHMM_glimmerT_5325-T1;GlimmerHMM},{snap_scaffold_14-snap.72-T1;snap},{Augustus_model.g4405.t1;Augustus}
228839	228625	INTRON			{snap_scaffold_14-snap.72-T1;snap},{Augustus_model.g4405.t1;Augustus}
229310	228840	internal-	6	5	{Augustus_model.g4405.t1;Augustus}
229383	229311	INTRON			{GeneMark_model.5703_t;GeneMark},{GlimmerHMM_glimmerT_5325-T1;GlimmerHMM},{Augustus_model.g4405.t1;Augustus}
229488	229384	internal-	6	5	{GeneMark_model.5703_t;GeneMark},{GlimmerHMM_glimmerT_5325-T1;GlimmerHMM},{Augustus_model.g4405.t1;Augustus}
229561	229489	INTRON			{GeneMark_model.5703_t;GeneMark},{GlimmerHMM_glimmerT_5325-T1;GlimmerHMM},{Augustus_model.g4405.t1;Augustus}
229738	229562	internal-	6	5	{GeneMark_model.5703_t;GeneMark},{Augustus_model.g4405.t1;Augustus}
229804	229739	INTRON			{GeneMark_model.5703_t;GeneMark},{Augustus_model.g4405.t1;Augustus}
229960	229805	internal-	6	5	{GeneMark_model.5703_t;GeneMark},{Augustus_model.g4405.t1;Augustus}
230024	229961	INTRON			{GeneMark_model.5703_t;GeneMark},{Augustus_model.g4405.t1;Augustus}
230156	230025	internal-	6	5	{GeneMark_model.5703_t;GeneMark},{Augustus_model.g4405.t1;Augustus}
230234	230157	INTRON			{GeneMark_model.5703_t;GeneMark},{Augustus_model.g4405.t1;Augustus}
230354	230235	internal-	6	5	{GeneMark_model.5703_t;GeneMark},{Augustus_model.g4405.t1;Augustus}
230420	230355	INTRON			{Augustus_model.g4405.t1;Augustus}
230566	230421	initial-	4	5	{Augustus_model.g4405.t1;Augustus}

# EVM prediction: Mode:STANDARD S-ratio: 32.07 232173-233996 orient(+) score(7077.00) noncoding_equivalent(220.68) raw_noncoding(220.68) offset(0.00)
232173	233996	single+	1	3	{GeneMark_model.5704_t;GeneMark}

# EVM prediction: Mode:STANDARD S-ratio: 2.38 234597-236629 orient(-) score(6620.00) noncoding_equivalent(2780.00) raw_noncoding(3353.00) offset(573.00)
234721	234597	terminal-	5	6	{GeneMark_model.5705_t;GeneMark},{Augustus_model.g4407.t1;Augustus}
234817	234722	INTRON			{GeneMark_model.5705_t;GeneMark},{Augustus_model.g4407.t1;Augustus},{ev_type:exonerate/ID=match.2566964.4292/Target=lcl|KQ954485_1_prot_KWU43843_1_3830;exonerate}
234877	234818	internal-	5	4	{GeneMark_model.5705_t;GeneMark},{Augustus_model.g4407.t1;Augustus},{ev_type:exonerate/ID=match.2566964.4292/Target=lcl|KQ954485_1_prot_KWU43843_1_3830;exonerate}
234958	234878	INTRON			{GlimmerHMM_glimmerT_5327-T1;GlimmerHMM},{GeneMark_model.5705_t;GeneMark},{Augustus_model.g4407.t1;Augustus},{ev_type:exonerate/ID=match.2566964.4292/Target=lcl|KQ954485_1_prot_KWU43843_1_3830;exonerate}
235255	234959	internal-	5	4	{GlimmerHMM_glimmerT_5327-T1;GlimmerHMM},{GeneMark_model.5705_t;GeneMark},{Augustus_model.g4407.t1;Augustus},{ev_type:exonerate/ID=match.2566964.4292/Target=lcl|KQ954485_1_prot_KWU43843_1_3830;exonerate}
235319	235256	INTRON			{GlimmerHMM_glimmerT_5327-T1;GlimmerHMM},{GeneMark_model.5705_t;GeneMark},{Augustus_model.g4407.t1;Augustus},{ev_type:exonerate/ID=match.2566964.4292/Target=lcl|KQ954485_1_prot_KWU43843_1_3830;exonerate}
235434	235320	internal-	4	4	{GlimmerHMM_glimmerT_5327-T1;GlimmerHMM},{GeneMark_model.5705_t;GeneMark},{Augustus_model.g4407.t1;Augustus}
235504	235435	INTRON			{GlimmerHMM_glimmerT_5327-T1;GlimmerHMM},{GeneMark_model.5705_t;GeneMark},{Augustus_model.g4407.t1;Augustus}
235953	235505	internal-	5	6	{GlimmerHMM_glimmerT_5327-T1;GlimmerHMM},{GeneMark_model.5705_t;GeneMark}
236072	235954	INTRON			{GlimmerHMM_glimmerT_5327-T1;GlimmerHMM},{GeneMark_model.5705_t;GeneMark}
236403	236073	internal-	4	4	{GlimmerHMM_glimmerT_5327-T1;GlimmerHMM},{GeneMark_model.5705_t;GeneMark},{Augustus_model.g4407.t1;Augustus}
236464	236404	INTRON			{GlimmerHMM_glimmerT_5327-T1;GlimmerHMM},{GeneMark_model.5705_t;GeneMark},{Augustus_model.g4407.t1;Augustus}
236629	236465	initial-	4	6	{GlimmerHMM_glimmerT_5327-T1;GlimmerHMM},{GeneMark_model.5705_t;GeneMark},{Augustus_model.g4407.t1;Augustus}

# EVM prediction: Mode:STANDARD S-ratio: 2.44 237066-243270 orient(+) score(17003.00) noncoding_equivalent(6967.22) raw_noncoding(9631.00) offset(2663.78)
237066	237090	initial+	1	1	{Augustus_model.g4408.t1;Augustus}
237091	237168	INTRON			{GlimmerHMM_glimmerT_5328-T1;GlimmerHMM},{Augustus_model.g4408.t1;Augustus},{GeneMark_model.5706_t;GeneMark}
237169	237302	internal+	2	3	{GlimmerHMM_glimmerT_5328-T1;GlimmerHMM},{Augustus_model.g4408.t1;Augustus},{GeneMark_model.5706_t;GeneMark}
237303	237367	INTRON			{GlimmerHMM_glimmerT_5328-T1;GlimmerHMM},{Augustus_model.g4408.t1;Augustus},{GeneMark_model.5706_t;GeneMark}
237368	237509	internal+	1	1	{GlimmerHMM_glimmerT_5328-T1;GlimmerHMM},{Augustus_model.g4408.t1;Augustus},{GeneMark_model.5706_t;GeneMark}
237510	237589	INTRON			{Augustus_model.g4408.t1;Augustus}
237590	237675	internal+	2	3	{Augustus_model.g4408.t1;Augustus}
237676	238152	INTRON			{Augustus_model.g4408.t1;Augustus}
238153	238211	internal+	1	2	{Augustus_model.g4408.t1;Augustus}
238212	238287	INTRON			{Augustus_model.g4408.t1;Augustus}
238288	238418	internal+	3	1	{Augustus_model.g4408.t1;Augustus}
238419	238489	INTRON			{Augustus_model.g4408.t1;Augustus},{GeneMark_model.5706_t;GeneMark}
238490	238848	internal+	2	3	{Augustus_model.g4408.t1;Augustus},{GeneMark_model.5706_t;GeneMark}
238849	238911	INTRON			{Augustus_model.g4408.t1;Augustus},{GeneMark_model.5706_t;GeneMark}
238912	240711	internal+	1	3	{GlimmerHMM_glimmerT_5328-T1;GlimmerHMM},{GeneMark_model.5706_t;GeneMark}
240712	240778	INTRON			{GlimmerHMM_glimmerT_5328-T1;GlimmerHMM},{GeneMark_model.5706_t;GeneMark}
240779	241498	internal+	1	3	{Augustus_model.g4408.t1;Augustus},{GeneMark_model.5706_t;GeneMark}
241499	241561	INTRON			{Augustus_model.g4408.t1;Augustus},{GeneMark_model.5706_t;GeneMark}
241562	242162	internal+	1	1	{GlimmerHMM_glimmerT_5328-T1;GlimmerHMM},{Augustus_model.g4408.t1;Augustus},{GeneMark_model.5706_t;GeneMark}
242163	242233	INTRON			{GlimmerHMM_glimmerT_5328-T1;GlimmerHMM},{Augustus_model.g4408.t1;Augustus},{GeneMark_model.5706_t;GeneMark}
242234	242434	internal+	2	1	{Augustus_model.g4408.t1;Augustus},{GeneMark_model.5706_t;GeneMark}
242435	242497	INTRON			{Augustus_model.g4408.t1;Augustus},{GeneMark_model.5706_t;GeneMark}
242498	243270	terminal+	2	3	{Augustus_model.g4408.t1;Augustus},{GeneMark_model.5706_t;GeneMark}

# EVM prediction: Mode:STANDARD S-ratio: 2.28 243957-244943 orient(-) score(3138.00) noncoding_equivalent(1378.63) raw_noncoding(1677.00) offset(298.37)
244123	243957	terminal-	5	6	{GlimmerHMM_glimmerT_5329-T1;GlimmerHMM},{Augustus_model.g4409.t1;Augustus},{GeneMark_model.5707_t;GeneMark},{snap_scaffold_14-snap.75-T1;snap}
244199	244124	INTRON			{GlimmerHMM_glimmerT_5329-T1;GlimmerHMM},{Augustus_model.g4409.t1;Augustus},{GeneMark_model.5707_t;GeneMark}
244268	244200	internal-	5	4	{GlimmerHMM_glimmerT_5329-T1;GlimmerHMM},{Augustus_model.g4409.t1;Augustus},{GeneMark_model.5707_t;GeneMark}
244356	244269	INTRON			{GlimmerHMM_glimmerT_5329-T1;GlimmerHMM},{Augustus_model.g4409.t1;Augustus},{GeneMark_model.5707_t;GeneMark}
244606	244357	internal-	4	4	{GlimmerHMM_glimmerT_5329-T1;GlimmerHMM},{Augustus_model.g4409.t1;Augustus},{GeneMark_model.5707_t;GeneMark}
244733	244607	INTRON			{GlimmerHMM_glimmerT_5329-T1;GlimmerHMM},{Augustus_model.g4409.t1;Augustus},{GeneMark_model.5707_t;GeneMark}
244943	244734	initial-	4	6	{GlimmerHMM_glimmerT_5329-T1;GlimmerHMM},{Augustus_model.g4409.t1;Augustus},{GeneMark_model.5707_t;GeneMark}

# EVM prediction: Mode:STANDARD S-ratio: 5.26 245238-245781 orient(+) score(2717.00) noncoding_equivalent(517.00) raw_noncoding(547.00) offset(30.00)
245238	245549	initial+	1	3	{Augustus_model.g4410.t1;Augustus},{GeneMark_model.5708_t;GeneMark},{GlimmerHMM_glimmerT_5330-T1;GlimmerHMM}
245550	245611	INTRON			{Augustus_model.g4410.t1;Augustus},{GeneMark_model.5708_t;GeneMark},{GlimmerHMM_glimmerT_5330-T1;GlimmerHMM}
245612	245618	internal+	1	1	{Augustus_model.g4410.t1;Augustus},{GeneMark_model.5708_t;GeneMark},{GlimmerHMM_glimmerT_5330-T1;GlimmerHMM}
245619	245707	INTRON			{Augustus_model.g4410.t1;Augustus},{GeneMark_model.5708_t;GeneMark},{GlimmerHMM_glimmerT_5330-T1;GlimmerHMM}
245708	245781	terminal+	2	3	{Augustus_model.g4410.t1;Augustus},{GeneMark_model.5708_t;GeneMark},{GlimmerHMM_glimmerT_5330-T1;GlimmerHMM}

# EVM prediction: Mode:STANDARD S-ratio: 4.73 246056-248248 orient(-) score(9100.00) noncoding_equivalent(1925.50) raw_noncoding(2278.28) offset(352.77)
247111	246056	terminal-	4	6	{GeneMark_model.5709_t;GeneMark},{Augustus_model.g4411.t1;Augustus},{snap_scaffold_14-snap.77-T1;snap},{GlimmerHMM_glimmerT_5331-T1;GlimmerHMM}
247184	247112	INTRON			{GeneMark_model.5709_t;GeneMark},{Augustus_model.g4411.t1;Augustus},{GlimmerHMM_glimmerT_5331-T1;GlimmerHMM},{ev_type:exonerate/ID=match.2566964.4244/Target=lcl|KQ954485_1_prot_KWU43840_1_3827;exonerate}
247379	247185	internal-	4	6	{GeneMark_model.5709_t;GeneMark},{Augustus_model.g4411.t1;Augustus},{GlimmerHMM_glimmerT_5331-T1;GlimmerHMM},{ev_type:exonerate/ID=match.2566964.4244/Target=lcl|KQ954485_1_prot_KWU43840_1_3827;exonerate}
247450	247380	INTRON			{GeneMark_model.5709_t;GeneMark},{Augustus_model.g4411.t1;Augustus},{GlimmerHMM_glimmerT_5331-T1;GlimmerHMM},{ev_type:exonerate/ID=match.2566964.4244/Target=lcl|KQ954485_1_prot_KWU43840_1_3827;exonerate}
247644	247451	internal-	5	6	{GeneMark_model.5709_t;GeneMark},{Augustus_model.g4411.t1;Augustus},{GlimmerHMM_glimmerT_5331-T1;GlimmerHMM},{ev_type:exonerate/ID=match.2566964.4244/Target=lcl|KQ954485_1_prot_KWU43840_1_3827;exonerate}
247706	247645	INTRON			{GeneMark_model.5709_t;GeneMark},{Augustus_model.g4411.t1;Augustus},{GlimmerHMM_glimmerT_5331-T1;GlimmerHMM},{ev_type:exonerate/ID=match.2566964.4244/Target=lcl|KQ954485_1_prot_KWU43840_1_3827;exonerate}
247799	247707	internal-	5	4	{GeneMark_model.5709_t;GeneMark},{Augustus_model.g4411.t1;Augustus},{GlimmerHMM_glimmerT_5331-T1;GlimmerHMM},{ev_type:exonerate/ID=match.2566964.4244/Target=lcl|KQ954485_1_prot_KWU43840_1_3827;exonerate}
247862	247800	INTRON			{GeneMark_model.5709_t;GeneMark},{Augustus_model.g4411.t1;Augustus},{GlimmerHMM_glimmerT_5331-T1;GlimmerHMM},{ev_type:exonerate/ID=match.2566964.4244/Target=lcl|KQ954485_1_prot_KWU43840_1_3827;exonerate}
248076	247863	internal-	4	4	{GeneMark_model.5709_t;GeneMark},{Augustus_model.g4411.t1;Augustus}
248140	248077	INTRON			{GeneMark_model.5709_t;GeneMark},{Augustus_model.g4411.t1;Augustus}
248248	248141	initial-	4	6	{GeneMark_model.5709_t;GeneMark}

# EVM prediction: Mode:STANDARD S-ratio: 2.27 248708-250123 orient(+) score(3534.00) noncoding_equivalent(1553.46) raw_noncoding(2725.12) offset(1171.66)
248708	248786	initial+	1	1	{Augustus_model.g4412.t1;Augustus},{GeneMark_model.5710_t;GeneMark}
248787	248926	INTRON			{GeneMark_model.5710_t;GeneMark}
248927	249017	internal+	2	2	{GeneMark_model.5710_t;GeneMark}
249018	249105	INTRON			{GeneMark_model.5710_t;GeneMark}
249106	249166	internal+	3	3	{GeneMark_model.5710_t;GeneMark}
249167	249230	INTRON			{GeneMark_model.5710_t;GeneMark}
249231	249291	internal+	1	1	{Augustus_model.g4412.t1;Augustus},{GeneMark_model.5710_t;GeneMark}
249292	249362	INTRON			{Augustus_model.g4412.t1;Augustus},{GeneMark_model.5710_t;GeneMark}
249363	249471	internal+	2	2	{Augustus_model.g4412.t1;Augustus},{GeneMark_model.5710_t;GeneMark}
249472	249552	INTRON			{Augustus_model.g4412.t1;Augustus},{GeneMark_model.5710_t;GeneMark}
249553	250123	terminal+	3	3	{Augustus_model.g4412.t1;Augustus},{GlimmerHMM_glimmerT_5332-T1;GlimmerHMM},{GeneMark_model.5710_t;GeneMark}

# EVM prediction: Mode:STANDARD S-ratio: 2.45 250429-251315 orient(-) score(4429.00) noncoding_equivalent(1805.00) raw_noncoding(2288.00) offset(483.00)
250548	250429	terminal-	4	6	{GeneMark_model.5711_t;GeneMark},{Augustus_model.g4413.t1;Augustus},{GlimmerHMM_glimmerT_5333-T1;GlimmerHMM}
250628	250549	INTRON			{GeneMark_model.5711_t;GeneMark},{Augustus_model.g4413.t1;Augustus},{GlimmerHMM_glimmerT_5333-T1;GlimmerHMM},{ev_type:exonerate/ID=match.2566964.4311/Target=lcl|LCTV02000013_1_prot_PRQ70987_1_2159;exonerate},{ev_type:exonerate/ID=match.2566964.4315/Target=lcl|KQ954485_1_prot_KWU43838_1_3825;exonerate}
250693	250629	internal-	5	6	{GeneMark_model.5711_t;GeneMark},{Augustus_model.g4413.t1;Augustus},{GlimmerHMM_glimmerT_5333-T1;GlimmerHMM},{ev_type:exonerate/ID=match.2566964.4311/Target=lcl|LCTV02000013_1_prot_PRQ70987_1_2159;exonerate},{ev_type:exonerate/ID=match.2566964.4315/Target=lcl|KQ954485_1_prot_KWU43838_1_3825;exonerate}
250787	250694	INTRON			{GeneMark_model.5711_t;GeneMark},{Augustus_model.g4413.t1;Augustus},{GlimmerHMM_glimmerT_5333-T1;GlimmerHMM},{ev_type:exonerate/ID=match.2566964.4311/Target=lcl|LCTV02000013_1_prot_PRQ70987_1_2159;exonerate},{ev_type:exonerate/ID=match.2566964.4315/Target=lcl|KQ954485_1_prot_KWU43838_1_3825;exonerate}
250881	250788	internal-	4	4	{GeneMark_model.5711_t;GeneMark},{Augustus_model.g4413.t1;Augustus},{GlimmerHMM_glimmerT_5333-T1;GlimmerHMM},{ev_type:exonerate/ID=match.2566964.4311/Target=lcl|LCTV02000013_1_prot_PRQ70987_1_2159;exonerate},{ev_type:exonerate/ID=match.2566964.4315/Target=lcl|KQ954485_1_prot_KWU43838_1_3825;exonerate}
250944	250882	INTRON			{GeneMark_model.5711_t;GeneMark},{Augustus_model.g4413.t1;Augustus},{GlimmerHMM_glimmerT_5333-T1;GlimmerHMM},{ev_type:exonerate/ID=match.2566964.4311/Target=lcl|LCTV02000013_1_prot_PRQ70987_1_2159;exonerate},{ev_type:exonerate/ID=match.2566964.4315/Target=lcl|KQ954485_1_prot_KWU43838_1_3825;exonerate}
251013	250945	internal-	4	6	{GeneMark_model.5711_t;GeneMark},{Augustus_model.g4413.t1;Augustus},{GlimmerHMM_glimmerT_5333-T1;GlimmerHMM},{ev_type:exonerate/ID=match.2566964.4311/Target=lcl|LCTV02000013_1_prot_PRQ70987_1_2159;exonerate},{ev_type:exonerate/ID=match.2566964.4315/Target=lcl|KQ954485_1_prot_KWU43838_1_3825;exonerate}
251243	251014	INTRON			{GeneMark_model.5711_t;GeneMark},{Augustus_model.g4413.t1;Augustus},{GlimmerHMM_glimmerT_5333-T1;GlimmerHMM},{ev_type:exonerate/ID=match.2566964.4311/Target=lcl|LCTV02000013_1_prot_PRQ70987_1_2159;exonerate},{ev_type:exonerate/ID=match.2566964.4315/Target=lcl|KQ954485_1_prot_KWU43838_1_3825;exonerate}
251315	251244	initial-	4	6	{GeneMark_model.5711_t;GeneMark},{GlimmerHMM_glimmerT_5333-T1;GlimmerHMM}

# EVM prediction: Mode:STANDARD S-ratio: 4.06 252336-259005 orient(-) score(21772.00) noncoding_equivalent(5365.53) raw_noncoding(5648.11) offset(282.58)
252736	252336	terminal-	5	6	{GlimmerHMM_glimmerT_5334-T1;GlimmerHMM},{Augustus_model.g4414.t1;Augustus},{GeneMark_model.5712_t;GeneMark}
252804	252737	INTRON			{GlimmerHMM_glimmerT_5334-T1;GlimmerHMM},{Augustus_model.g4414.t1;Augustus},{GeneMark_model.5712_t;GeneMark}
253584	252805	internal-	5	4	{GlimmerHMM_glimmerT_5334-T1;GlimmerHMM},{Augustus_model.g4414.t1;Augustus},{GeneMark_model.5712_t;GeneMark}
253642	253585	INTRON			{GlimmerHMM_glimmerT_5334-T1;GlimmerHMM},{Augustus_model.g4414.t1;Augustus},{GeneMark_model.5712_t;GeneMark}
253725	253643	internal-	6	4	{GlimmerHMM_glimmerT_5334-T1;GlimmerHMM},{Augustus_model.g4414.t1;Augustus},{GeneMark_model.5712_t;GeneMark}
253783	253726	INTRON			{GlimmerHMM_glimmerT_5334-T1;GlimmerHMM},{Augustus_model.g4414.t1;Augustus},{GeneMark_model.5712_t;GeneMark}
255500	253784	internal-	5	5	{Augustus_model.g4414.t1;Augustus},{GeneMark_model.5712_t;GeneMark}
255572	255501	INTRON			{Augustus_model.g4414.t1;Augustus},{GeneMark_model.5712_t;GeneMark}
257758	255573	internal-	6	4	{Augustus_model.g4414.t1;Augustus},{GeneMark_model.5712_t;GeneMark}
257815	257759	INTRON			{GlimmerHMM_glimmerT_5334-T1;GlimmerHMM},{Augustus_model.g4414.t1;Augustus},{GeneMark_model.5712_t;GeneMark}
258571	257816	internal-	6	5	{Augustus_model.g4414.t1;Augustus},{GeneMark_model.5712_t;GeneMark}
258631	258572	INTRON			{Augustus_model.g4414.t1;Augustus},{GeneMark_model.5712_t;GeneMark}
259005	258632	initial-	4	5	{Augustus_model.g4414.t1;Augustus},{GeneMark_model.5712_t;GeneMark}

# EVM prediction: Mode:STANDARD S-ratio: 2.21 259381-260537 orient(+) score(3954.00) noncoding_equivalent(1790.55) raw_noncoding(2433.33) offset(642.78)
259381	259518	initial+	1	3	{GeneMark_model.5713_t;GeneMark},{Augustus_model.g4415.t1;Augustus}
259519	259576	INTRON			{GeneMark_model.5713_t;GeneMark},{Augustus_model.g4415.t1;Augustus},{ev_type:exonerate/ID=match.2566964.4272/Target=lcl|KQ954466_1_prot_KWU46638_1_727;exonerate}
259577	259657	internal+	1	3	{GeneMark_model.5713_t;GeneMark},{Augustus_model.g4415.t1;Augustus},{ev_type:exonerate/ID=match.2566964.4272/Target=lcl|KQ954466_1_prot_KWU46638_1_727;exonerate}
259658	259720	INTRON			{GeneMark_model.5713_t;GeneMark},{Augustus_model.g4415.t1;Augustus},{ev_type:exonerate/ID=match.2566964.4272/Target=lcl|KQ954466_1_prot_KWU46638_1_727;exonerate}
259721	259892	internal+	1	1	{GlimmerHMM_glimmerT_5335-T1;GlimmerHMM},{GeneMark_model.5713_t;GeneMark},{Augustus_model.g4415.t1;Augustus},{ev_type:exonerate/ID=match.2566964.4272/Target=lcl|KQ954466_1_prot_KWU46638_1_727;exonerate}
259893	259957	INTRON			{GeneMark_model.5713_t;GeneMark},{Augustus_model.g4415.t1;Augustus},{ev_type:exonerate/ID=match.2566964.4272/Target=lcl|KQ954466_1_prot_KWU46638_1_727;exonerate}
259958	260011	internal+	2	1	{GeneMark_model.5713_t;GeneMark},{Augustus_model.g4415.t1;Augustus},{ev_type:exonerate/ID=match.2566964.4272/Target=lcl|KQ954466_1_prot_KWU46638_1_727;exonerate}
260012	260075	INTRON			{GeneMark_model.5713_t;GeneMark},{Augustus_model.g4415.t1;Augustus},{ev_type:exonerate/ID=match.2566964.4272/Target=lcl|KQ954466_1_prot_KWU46638_1_727;exonerate}
260076	260416	internal+	2	3	{GlimmerHMM_glimmerT_5335-T1;GlimmerHMM},{GeneMark_model.5713_t;GeneMark},{Augustus_model.g4415.t1;Augustus},{ev_type:exonerate/ID=match.2566964.4272/Target=lcl|KQ954466_1_prot_KWU46638_1_727;exonerate}
260417	260486	INTRON			{GeneMark_model.5713_t;GeneMark},{Augustus_model.g4415.t1;Augustus},{ev_type:exonerate/ID=match.2566964.4272/Target=lcl|KQ954466_1_prot_KWU46638_1_727;exonerate}
260487	260537	terminal+	1	3	{GeneMark_model.5713_t;GeneMark}

# EVM prediction: Mode:STANDARD S-ratio: 1.21 261096-262232 orient(+) score(2389.00) noncoding_equivalent(1976.62) raw_noncoding(3114.34) offset(1137.71)
261096	261099	initial+	1	1	{GeneMark_model.5714_t;GeneMark}
261100	261186	INTRON			{GeneMark_model.5714_t;GeneMark}
261187	261255	internal+	2	1	{GeneMark_model.5714_t;GeneMark}
261256	261316	INTRON			{GeneMark_model.5714_t;GeneMark}
261317	261351	internal+	2	3	{GeneMark_model.5714_t;GeneMark}
261352	261416	INTRON			{GeneMark_model.5714_t;GeneMark}
261417	261475	internal+	1	2	{GlimmerHMM_glimmerT_5335-T1;GlimmerHMM},{GeneMark_model.5714_t;GeneMark},{Augustus_model.g4415.t1;Augustus}
261476	261540	INTRON			{GlimmerHMM_glimmerT_5335-T1;GlimmerHMM},{GeneMark_model.5714_t;GeneMark},{Augustus_model.g4415.t1;Augustus}
261541	261672	internal+	3	2	{GlimmerHMM_glimmerT_5335-T1;GlimmerHMM},{GeneMark_model.5714_t;GeneMark},{Augustus_model.g4415.t1;Augustus}
261673	261728	INTRON			{GlimmerHMM_glimmerT_5335-T1;GlimmerHMM},{GeneMark_model.5714_t;GeneMark},{Augustus_model.g4415.t1;Augustus}
261729	261852	internal+	3	3	{GlimmerHMM_glimmerT_5335-T1;GlimmerHMM},{GeneMark_model.5714_t;GeneMark},{Augustus_model.g4415.t1;Augustus}
261853	261922	INTRON			{GeneMark_model.5714_t;GeneMark},{Augustus_model.g4415.t1;Augustus}
261923	262033	internal+	1	3	{GeneMark_model.5714_t;GeneMark},{Augustus_model.g4415.t1;Augustus}
262034	262098	INTRON			{GeneMark_model.5714_t;GeneMark},{Augustus_model.g4415.t1;Augustus}
262099	262150	internal+	1	1	{GeneMark_model.5714_t;GeneMark},{Augustus_model.g4415.t1;Augustus}
262151	262209	INTRON			{GeneMark_model.5714_t;GeneMark},{Augustus_model.g4415.t1;Augustus}
262210	262232	terminal+	2	3	{GeneMark_model.5714_t;GeneMark},{Augustus_model.g4415.t1;Augustus}

# EVM prediction: Mode:STANDARD S-ratio: 3.12 262758-268824 orient(-) score(18292.00) noncoding_equivalent(5861.81) raw_noncoding(8518.00) offset(2656.19)
262807	262758	terminal-	5	6	{GlimmerHMM_glimmerT_5336-T1;GlimmerHMM},{GeneMark_model.5715_t;GeneMark}
263585	262808	INTRON			{GlimmerHMM_glimmerT_5336-T1;GlimmerHMM},{GeneMark_model.5715_t;GeneMark}
263978	263586	internal-	5	4	{GlimmerHMM_glimmerT_5336-T1;GlimmerHMM},{Augustus_model.g4416.t1;Augustus}
264041	263979	INTRON			{GlimmerHMM_glimmerT_5336-T1;GlimmerHMM},{Augustus_model.g4416.t1;Augustus}
264639	264042	internal-	4	4	{GlimmerHMM_glimmerT_5336-T1;GlimmerHMM},{Augustus_model.g4416.t1;Augustus}
264704	264640	INTRON			{GlimmerHMM_glimmerT_5336-T1;GlimmerHMM},{Augustus_model.g4416.t1;Augustus},{GeneMark_model.5715_t;GeneMark}
265184	264705	internal-	4	6	{Augustus_model.g4416.t1;Augustus},{GeneMark_model.5715_t;GeneMark}
265252	265185	INTRON			{Augustus_model.g4416.t1;Augustus},{GeneMark_model.5715_t;GeneMark}
265263	265253	internal-	5	6	{Augustus_model.g4416.t1;Augustus}
265325	265264	INTRON			{Augustus_model.g4416.t1;Augustus}
265399	265326	internal-	6	4	{Augustus_model.g4416.t1;Augustus}
265590	265400	INTRON			{Augustus_model.g4416.t1;Augustus}
266967	265591	internal-	6	5	{Augustus_model.g4416.t1;Augustus},{GeneMark_model.5715_t;GeneMark}
267039	266968	INTRON			{GlimmerHMM_glimmerT_5336-T1;GlimmerHMM},{Augustus_model.g4416.t1;Augustus},{GeneMark_model.5715_t;GeneMark}
267739	267040	internal-	5	5	{GlimmerHMM_glimmerT_5336-T1;GlimmerHMM},{Augustus_model.g4416.t1;Augustus},{GeneMark_model.5715_t;GeneMark}
267803	267740	INTRON			{GlimmerHMM_glimmerT_5336-T1;GlimmerHMM},{Augustus_model.g4416.t1;Augustus},{GeneMark_model.5715_t;GeneMark}
268824	267804	initial-	4	4	{GlimmerHMM_glimmerT_5336-T1;GlimmerHMM},{Augustus_model.g4416.t1;Augustus},{GeneMark_model.5715_t;GeneMark}

# EVM prediction: Mode:STANDARD S-ratio: 11.12 269341-272230 orient(+) score(10707.00) noncoding_equivalent(963.18) raw_noncoding(1025.40) offset(62.22)
269341	269836	initial+	1	1	{GeneMark_model.5716_t;GeneMark},{GlimmerHMM_glimmerT_5337-T1;GlimmerHMM}
269837	269894	INTRON			{GeneMark_model.5716_t;GeneMark},{Augustus_model.g4417.t1;Augustus},{GlimmerHMM_glimmerT_5337-T1;GlimmerHMM}
269895	272230	terminal+	2	3	{GeneMark_model.5716_t;GeneMark},{Augustus_model.g4417.t1;Augustus},{GlimmerHMM_glimmerT_5337-T1;GlimmerHMM}

# EVM prediction: Mode:STANDARD S-ratio: 7.67 272350-277590 orient(-) score(19021.00) noncoding_equivalent(2479.00) raw_noncoding(2583.00) offset(104.00)
272856	272350	terminal-	4	6	{GlimmerHMM_glimmerT_5338-T1;GlimmerHMM},{GeneMark_model.5717_t;GeneMark}
272923	272857	INTRON			{GlimmerHMM_glimmerT_5338-T1;GlimmerHMM},{GeneMark_model.5717_t;GeneMark},{Augustus_model.g4418.t1;Augustus}
272997	272924	internal-	5	6	{GlimmerHMM_glimmerT_5338-T1;GlimmerHMM},{GeneMark_model.5717_t;GeneMark},{Augustus_model.g4418.t1;Augustus}
273062	272998	INTRON			{GlimmerHMM_glimmerT_5338-T1;GlimmerHMM},{GeneMark_model.5717_t;GeneMark},{Augustus_model.g4418.t1;Augustus}
274656	273063	internal-	4	4	{GlimmerHMM_glimmerT_5338-T1;GlimmerHMM},{GeneMark_model.5717_t;GeneMark},{Augustus_model.g4418.t1;Augustus}
274721	274657	INTRON			{GlimmerHMM_glimmerT_5338-T1;GlimmerHMM},{GeneMark_model.5717_t;GeneMark},{Augustus_model.g4418.t1;Augustus}
277375	274722	internal-	5	6	{GlimmerHMM_glimmerT_5338-T1;GlimmerHMM},{GeneMark_model.5717_t;GeneMark},{Augustus_model.g4418.t1;Augustus}
277457	277376	INTRON			{GlimmerHMM_glimmerT_5338-T1;GlimmerHMM},{GeneMark_model.5717_t;GeneMark},{Augustus_model.g4418.t1;Augustus}
277590	277458	initial-	4	4	{GlimmerHMM_glimmerT_5338-T1;GlimmerHMM},{GeneMark_model.5717_t;GeneMark},{Augustus_model.g4418.t1;Augustus}

# EVM prediction: Mode:STANDARD S-ratio: 7.24 278128-280734 orient(+) score(9468.00) noncoding_equivalent(1308.00) raw_noncoding(1452.00) offset(144.00)
278128	278454	initial+	1	3	{Augustus_model.g4419.t1;Augustus},{GlimmerHMM_glimmerT_5339-T1;GlimmerHMM},{GeneMark_model.5718_t;GeneMark}
278455	278513	INTRON			{Augustus_model.g4419.t1;Augustus},{GlimmerHMM_glimmerT_5339-T1;GlimmerHMM},{GeneMark_model.5718_t;GeneMark}
278514	280235	internal+	1	3	{Augustus_model.g4419.t1;Augustus},{GlimmerHMM_glimmerT_5339-T1;GlimmerHMM},{GeneMark_model.5718_t;GeneMark}
280236	280297	INTRON			{Augustus_model.g4419.t1;Augustus},{GlimmerHMM_glimmerT_5339-T1;GlimmerHMM},{GeneMark_model.5718_t;GeneMark}
280298	280460	internal+	1	1	{Augustus_model.g4419.t1;Augustus},{GlimmerHMM_glimmerT_5339-T1;GlimmerHMM},{GeneMark_model.5718_t;GeneMark}
280461	280519	INTRON			{Augustus_model.g4419.t1;Augustus},{GlimmerHMM_glimmerT_5339-T1;GlimmerHMM},{GeneMark_model.5718_t;GeneMark}
280520	280734	terminal+	2	3	{Augustus_model.g4419.t1;Augustus},{GlimmerHMM_glimmerT_5339-T1;GlimmerHMM},{GeneMark_model.5718_t;GeneMark}

# EVM prediction: Mode:STANDARD S-ratio: 2.91 280807-287863 orient(-) score(21919.00) noncoding_equivalent(7541.62) raw_noncoding(9931.00) offset(2389.38)
281355	280807	terminal-	4	6	{GlimmerHMM_glimmerT_5340-T1;GlimmerHMM},{Augustus_model.g4420.t1;Augustus},{GeneMark_model.5719_t;GeneMark}
281416	281356	INTRON			{GlimmerHMM_glimmerT_5340-T1;GlimmerHMM},{Augustus_model.g4420.t1;Augustus},{GeneMark_model.5719_t;GeneMark}
281836	281417	internal-	4	6	{GlimmerHMM_glimmerT_5340-T1;GlimmerHMM},{Augustus_model.g4420.t1;Augustus},{GeneMark_model.5719_t;GeneMark}
281898	281837	INTRON			{GlimmerHMM_glimmerT_5340-T1;GlimmerHMM},{Augustus_model.g4420.t1;Augustus},{GeneMark_model.5719_t;GeneMark}
282080	281899	internal-	5	6	{GlimmerHMM_glimmerT_5340-T1;GlimmerHMM},{Augustus_model.g4420.t1;Augustus},{GeneMark_model.5719_t;GeneMark}
282140	282081	INTRON			{GlimmerHMM_glimmerT_5340-T1;GlimmerHMM},{Augustus_model.g4420.t1;Augustus},{GeneMark_model.5719_t;GeneMark}
282211	282141	internal-	6	4	{GlimmerHMM_glimmerT_5340-T1;GlimmerHMM},{Augustus_model.g4420.t1;Augustus},{GeneMark_model.5719_t;GeneMark}
282271	282212	INTRON			{GlimmerHMM_glimmerT_5340-T1;GlimmerHMM},{Augustus_model.g4420.t1;Augustus},{GeneMark_model.5719_t;GeneMark}
282652	282272	internal-	6	5	{GlimmerHMM_glimmerT_5340-T1;GlimmerHMM},{Augustus_model.g4420.t1;Augustus},{GeneMark_model.5719_t;GeneMark}
282710	282653	INTRON			{GlimmerHMM_glimmerT_5340-T1;GlimmerHMM},{Augustus_model.g4420.t1;Augustus},{GeneMark_model.5719_t;GeneMark}
282913	282711	internal-	4	5	{GlimmerHMM_glimmerT_5340-T1;GlimmerHMM},{Augustus_model.g4420.t1;Augustus},{GeneMark_model.5719_t;GeneMark}
282979	282914	INTRON			{Augustus_model.g4420.t1;Augustus},{GeneMark_model.5719_t;GeneMark}
283643	282980	internal-	6	6	{Augustus_model.g4420.t1;Augustus},{GeneMark_model.5719_t;GeneMark}
284338	283644	INTRON			{GlimmerHMM_glimmerT_5340-T1;GlimmerHMM},{GeneMark_model.5719_t;GeneMark}
284692	284339	internal-	6	5	{GlimmerHMM_glimmerT_5340-T1;GlimmerHMM},{GeneMark_model.5719_t;GeneMark}
284775	284693	INTRON			{GlimmerHMM_glimmerT_5340-T1;GlimmerHMM},{Augustus_model.g4420.t1;Augustus},{GeneMark_model.5719_t;GeneMark}
285075	284776	internal-	6	5	{GlimmerHMM_glimmerT_5340-T1;GlimmerHMM},{Augustus_model.g4420.t1;Augustus},{GeneMark_model.5719_t;GeneMark}
285163	285076	INTRON			{GlimmerHMM_glimmerT_5340-T1;GlimmerHMM},{Augustus_model.g4420.t1;Augustus},{GeneMark_model.5719_t;GeneMark}
285412	285164	internal-	6	5	{GlimmerHMM_glimmerT_5340-T1;GlimmerHMM},{Augustus_model.g4420.t1;Augustus},{GeneMark_model.5719_t;GeneMark}
285502	285413	INTRON			{GlimmerHMM_glimmerT_5340-T1;GlimmerHMM},{Augustus_model.g4420.t1;Augustus},{GeneMark_model.5719_t;GeneMark}
285710	285503	internal-	5	5	{Augustus_model.g4420.t1;Augustus},{GeneMark_model.5719_t;GeneMark}
285803	285711	INTRON			{Augustus_model.g4420.t1;Augustus},{GeneMark_model.5719_t;GeneMark}
286649	285804	internal-	5	4	{Augustus_model.g4420.t1;Augustus},{GeneMark_model.5719_t;GeneMark}
286713	286650	INTRON			{Augustus_model.g4420.t1;Augustus},{GeneMark_model.5719_t;GeneMark}
287057	286714	internal-	6	4	{GlimmerHMM_glimmerT_5340-T1;GlimmerHMM},{Augustus_model.g4420.t1;Augustus},{GeneMark_model.5719_t;GeneMark}
287135	287058	INTRON			{GlimmerHMM_glimmerT_5340-T1;GlimmerHMM},{Augustus_model.g4420.t1;Augustus},{GeneMark_model.5719_t;GeneMark}
287863	287136	initial-	4	5	{GlimmerHMM_glimmerT_5340-T1;GlimmerHMM},{GeneMark_model.5719_t;GeneMark}

# EVM prediction: Mode:STANDARD S-ratio: 6.23 288514-288971 orient(-) score(1691.00) noncoding_equivalent(271.50) raw_noncoding(343.95) offset(72.45)
288842	288514	terminal-	5	6	{Augustus_model.g4421.t1;Augustus},{GlimmerHMM_glimmerT_5341-T1;GlimmerHMM},{GeneMark_model.5720_t;GeneMark}
288910	288843	INTRON			{Augustus_model.g4421.t1;Augustus},{GlimmerHMM_glimmerT_5341-T1;GlimmerHMM},{GeneMark_model.5720_t;GeneMark}
288971	288911	initial-	4	4	{Augustus_model.g4421.t1;Augustus},{GlimmerHMM_glimmerT_5341-T1;GlimmerHMM},{GeneMark_model.5720_t;GeneMark}

# EVM prediction: Mode:STANDARD S-ratio: 4.76 289184-292464 orient(+) score(11655.00) noncoding_equivalent(2446.60) raw_noncoding(2781.40) offset(334.80)
289184	289331	initial+	1	1	{GlimmerHMM_glimmerT_5342-T1;GlimmerHMM},{Augustus_model.g4422.t1;Augustus},{GeneMark_model.5721_t;GeneMark}
289332	289396	INTRON			{GlimmerHMM_glimmerT_5342-T1;GlimmerHMM},{Augustus_model.g4422.t1;Augustus},{GeneMark_model.5721_t;GeneMark}
289397	289624	internal+	2	1	{Augustus_model.g4422.t1;Augustus},{GeneMark_model.5721_t;GeneMark}
289625	289705	INTRON			{Augustus_model.g4422.t1;Augustus},{GeneMark_model.5721_t;GeneMark}
289706	290273	internal+	2	2	{Augustus_model.g4422.t1;Augustus},{GeneMark_model.5721_t;GeneMark}
290274	290343	INTRON			{GlimmerHMM_glimmerT_5342-T1;GlimmerHMM},{Augustus_model.g4422.t1;Augustus},{GeneMark_model.5721_t;GeneMark}
290344	291013	internal+	3	3	{GlimmerHMM_glimmerT_5342-T1;GlimmerHMM},{Augustus_model.g4422.t1;Augustus},{GeneMark_model.5721_t;GeneMark}
291014	291073	INTRON			{GlimmerHMM_glimmerT_5342-T1;GlimmerHMM},{Augustus_model.g4422.t1;Augustus},{GeneMark_model.5721_t;GeneMark}
291074	291198	internal+	1	2	{GlimmerHMM_glimmerT_5342-T1;GlimmerHMM},{Augustus_model.g4422.t1;Augustus},{GeneMark_model.5721_t;GeneMark}
291199	291260	INTRON			{GlimmerHMM_glimmerT_5342-T1;GlimmerHMM},{Augustus_model.g4422.t1;Augustus},{GeneMark_model.5721_t;GeneMark}
291261	291341	internal+	3	2	{GlimmerHMM_glimmerT_5342-T1;GlimmerHMM},{Augustus_model.g4422.t1;Augustus},{GeneMark_model.5721_t;GeneMark}
291342	291400	INTRON			{GlimmerHMM_glimmerT_5342-T1;GlimmerHMM},{Augustus_model.g4422.t1;Augustus},{snap_scaffold_14-snap.94-T1;snap},{GeneMark_model.5721_t;GeneMark}
291401	292079	internal+	3	3	{GlimmerHMM_glimmerT_5342-T1;GlimmerHMM},{Augustus_model.g4422.t1;Augustus},{GeneMark_model.5721_t;GeneMark}
292080	292143	INTRON			{GlimmerHMM_glimmerT_5342-T1;GlimmerHMM},{Augustus_model.g4422.t1;Augustus},{GeneMark_model.5721_t;GeneMark}
292144	292332	internal+	1	3	{GlimmerHMM_glimmerT_5342-T1;GlimmerHMM},{Augustus_model.g4422.t1;Augustus},{GeneMark_model.5721_t;GeneMark}
292333	292410	INTRON			{GlimmerHMM_glimmerT_5342-T1;GlimmerHMM},{Augustus_model.g4422.t1;Augustus},{GeneMark_model.5721_t;GeneMark}
292411	292464	terminal+	1	3	{GlimmerHMM_glimmerT_5342-T1;GlimmerHMM},{Augustus_model.g4422.t1;Augustus},{GeneMark_model.5721_t;GeneMark}

# EVM prediction: Mode:STANDARD S-ratio: 4.02 292571-296148 orient(-) score(22856.00) noncoding_equivalent(5686.61) raw_noncoding(6671.00) offset(984.39)
292924	292571	terminal-	4	6	{GlimmerHMM_glimmerT_5343-T1;GlimmerHMM},{HiQ_model.g4423.t1;HiQ},{GeneMark_model.5722_t;GeneMark}
292988	292925	INTRON			{GlimmerHMM_glimmerT_5343-T1;GlimmerHMM},{HiQ_model.g4423.t1;HiQ},{GeneMark_model.5722_t;GeneMark},{ev_type:exonerate/ID=match.2566964.4230/Target=lcl|KQ954485_1_prot_KWU43823_1_3810;exonerate},{ev_type:exonerate/ID=match.2566964.4231/Target=lcl|PJQD01000042_1_prot_POY73028_1_3942;exonerate}
293138	292989	internal-	4	6	{GlimmerHMM_glimmerT_5343-T1;GlimmerHMM},{HiQ_model.g4423.t1;HiQ},{GeneMark_model.5722_t;GeneMark},{ev_type:exonerate/ID=match.2566964.4230/Target=lcl|KQ954485_1_prot_KWU43823_1_3810;exonerate},{ev_type:exonerate/ID=match.2566964.4231/Target=lcl|PJQD01000042_1_prot_POY73028_1_3942;exonerate}
293216	293139	INTRON			{GlimmerHMM_glimmerT_5343-T1;GlimmerHMM},{HiQ_model.g4423.t1;HiQ},{GeneMark_model.5722_t;GeneMark},{ev_type:exonerate/ID=match.2566964.4230/Target=lcl|KQ954485_1_prot_KWU43823_1_3810;exonerate},{ev_type:exonerate/ID=match.2566964.4231/Target=lcl|PJQD01000042_1_prot_POY73028_1_3942;exonerate}
293777	293217	internal-	4	6	{GlimmerHMM_glimmerT_5343-T1;GlimmerHMM},{HiQ_model.g4423.t1;HiQ},{GeneMark_model.5722_t;GeneMark},{ev_type:exonerate/ID=match.2566964.4230/Target=lcl|KQ954485_1_prot_KWU43823_1_3810;exonerate},{ev_type:exonerate/ID=match.2566964.4231/Target=lcl|PJQD01000042_1_prot_POY73028_1_3942;exonerate}
293866	293778	INTRON			{GlimmerHMM_glimmerT_5343-T1;GlimmerHMM},{HiQ_model.g4423.t1;HiQ},{GeneMark_model.5722_t;GeneMark},{ev_type:exonerate/ID=match.2566964.4230/Target=lcl|KQ954485_1_prot_KWU43823_1_3810;exonerate},{ev_type:exonerate/ID=match.2566964.4231/Target=lcl|PJQD01000042_1_prot_POY73028_1_3942;exonerate}
294472	293867	internal-	4	6	{GlimmerHMM_glimmerT_5343-T1;GlimmerHMM},{HiQ_model.g4423.t1;HiQ},{GeneMark_model.5722_t;GeneMark},{ev_type:exonerate/ID=match.2566964.4231/Target=lcl|PJQD01000042_1_prot_POY73028_1_3942;exonerate}
294555	294473	INTRON			{GlimmerHMM_glimmerT_5343-T1;GlimmerHMM},{HiQ_model.g4423.t1;HiQ},{GeneMark_model.5722_t;GeneMark},{ev_type:exonerate/ID=match.2566964.4230/Target=lcl|KQ954485_1_prot_KWU43823_1_3810;exonerate},{ev_type:exonerate/ID=match.2566964.4231/Target=lcl|PJQD01000042_1_prot_POY73028_1_3942;exonerate}
295098	294556	internal-	4	6	{GlimmerHMM_glimmerT_5343-T1;GlimmerHMM},{HiQ_model.g4423.t1;HiQ},{GeneMark_model.5722_t;GeneMark},{ev_type:exonerate/ID=match.2566964.4230/Target=lcl|KQ954485_1_prot_KWU43823_1_3810;exonerate},{ev_type:exonerate/ID=match.2566964.4231/Target=lcl|PJQD01000042_1_prot_POY73028_1_3942;exonerate}
295165	295099	INTRON			{GlimmerHMM_glimmerT_5343-T1;GlimmerHMM},{HiQ_model.g4423.t1;HiQ},{GeneMark_model.5722_t;GeneMark},{ev_type:exonerate/ID=match.2566964.4230/Target=lcl|KQ954485_1_prot_KWU43823_1_3810;exonerate},{ev_type:exonerate/ID=match.2566964.4231/Target=lcl|PJQD01000042_1_prot_POY73028_1_3942;exonerate}
295764	295166	internal-	5	6	{GlimmerHMM_glimmerT_5343-T1;GlimmerHMM},{HiQ_model.g4423.t1;HiQ},{GeneMark_model.5722_t;GeneMark},{ev_type:exonerate/ID=match.2566964.4230/Target=lcl|KQ954485_1_prot_KWU43823_1_3810;exonerate},{ev_type:exonerate/ID=match.2566964.4231/Target=lcl|PJQD01000042_1_prot_POY73028_1_3942;exonerate}
295835	295765	INTRON			{GlimmerHMM_glimmerT_5343-T1;GlimmerHMM},{HiQ_model.g4423.t1;HiQ},{GeneMark_model.5722_t;GeneMark},{ev_type:exonerate/ID=match.2566964.4230/Target=lcl|KQ954485_1_prot_KWU43823_1_3810;exonerate},{ev_type:exonerate/ID=match.2566964.4231/Target=lcl|PJQD01000042_1_prot_POY73028_1_3942;exonerate}
295932	295836	internal-	4	4	{GlimmerHMM_glimmerT_5343-T1;GlimmerHMM},{HiQ_model.g4423.t1;HiQ},{GeneMark_model.5722_t;GeneMark},{ev_type:exonerate/ID=match.2566964.4230/Target=lcl|KQ954485_1_prot_KWU43823_1_3810;exonerate},{ev_type:exonerate/ID=match.2566964.4231/Target=lcl|PJQD01000042_1_prot_POY73028_1_3942;exonerate}
296046	295933	INTRON			{GlimmerHMM_glimmerT_5343-T1;GlimmerHMM},{HiQ_model.g4423.t1;HiQ},{GeneMark_model.5722_t;GeneMark},{ev_type:exonerate/ID=match.2566964.4230/Target=lcl|KQ954485_1_prot_KWU43823_1_3810;exonerate},{ev_type:exonerate/ID=match.2566964.4231/Target=lcl|PJQD01000042_1_prot_POY73028_1_3942;exonerate}
296148	296047	initial-	4	6	{GlimmerHMM_glimmerT_5343-T1;GlimmerHMM},{HiQ_model.g4423.t1;HiQ},{GeneMark_model.5722_t;GeneMark}

# EVM prediction: Mode:STANDARD S-ratio: 5.09 296411-298942 orient(+) score(9154.00) noncoding_equivalent(1799.46) raw_noncoding(2172.00) offset(372.54)
296411	297795	initial+	1	2	{GeneMark_model.5723_t;GeneMark},{Augustus_model.g4424.t1;Augustus},{GlimmerHMM_glimmerT_5344-T1;GlimmerHMM}
297796	297870	INTRON			{GeneMark_model.5723_t;GeneMark},{Augustus_model.g4424.t1;Augustus},{GlimmerHMM_glimmerT_5344-T1;GlimmerHMM}
297871	298221	internal+	3	2	{GeneMark_model.5723_t;GeneMark},{GlimmerHMM_glimmerT_5344-T1;GlimmerHMM}
298222	298290	INTRON			{GeneMark_model.5723_t;GeneMark},{GlimmerHMM_glimmerT_5344-T1;GlimmerHMM}
298291	298361	internal+	3	1	{GeneMark_model.5723_t;GeneMark},{Augustus_model.g4424.t1;Augustus},{GlimmerHMM_glimmerT_5344-T1;GlimmerHMM}
298362	298454	INTRON			{GeneMark_model.5723_t;GeneMark},{Augustus_model.g4424.t1;Augustus},{GlimmerHMM_glimmerT_5344-T1;GlimmerHMM}
298455	298532	internal+	2	1	{GeneMark_model.5723_t;GeneMark},{Augustus_model.g4424.t1;Augustus},{GlimmerHMM_glimmerT_5344-T1;GlimmerHMM}
298533	298676	INTRON			{GeneMark_model.5723_t;GeneMark},{Augustus_model.g4424.t1;Augustus},{GlimmerHMM_glimmerT_5344-T1;GlimmerHMM}
298677	298739	internal+	2	1	{GeneMark_model.5723_t;GeneMark},{Augustus_model.g4424.t1;Augustus},{GlimmerHMM_glimmerT_5344-T1;GlimmerHMM}
298740	298850	INTRON			{GeneMark_model.5723_t;GeneMark},{Augustus_model.g4424.t1;Augustus},{GlimmerHMM_glimmerT_5344-T1;GlimmerHMM}
298851	298942	terminal+	2	3	{GeneMark_model.5723_t;GeneMark},{Augustus_model.g4424.t1;Augustus},{GlimmerHMM_glimmerT_5344-T1;GlimmerHMM}

# EVM prediction: Mode:STANDARD S-ratio: 2.21 299309-300368 orient(-) score(3100.00) noncoding_equivalent(1403.16) raw_noncoding(2113.00) offset(709.84)
299717	299309	terminal-	6	6	{GlimmerHMM_glimmerT_5345-T1;GlimmerHMM}
299789	299718	INTRON			{GeneMark_model.5724_t;GeneMark},{GlimmerHMM_glimmerT_5345-T1;GlimmerHMM},{Augustus_model.g4425.t1;Augustus}
299884	299790	internal-	4	5	{GeneMark_model.5724_t;GeneMark},{GlimmerHMM_glimmerT_5345-T1;GlimmerHMM},{Augustus_model.g4425.t1;Augustus}
299955	299885	INTRON			{GeneMark_model.5724_t;GeneMark},{Augustus_model.g4425.t1;Augustus}
299969	299956	internal-	5	6	{GeneMark_model.5724_t;GeneMark},{Augustus_model.g4425.t1;Augustus}
300049	299970	INTRON			{GeneMark_model.5724_t;GeneMark},{Augustus_model.g4425.t1;Augustus}
300104	300050	internal-	4	4	{GeneMark_model.5724_t;GeneMark},{Augustus_model.g4425.t1;Augustus}
300234	300105	INTRON			{GeneMark_model.5724_t;GeneMark},{Augustus_model.g4425.t1;Augustus}
300297	300235	internal-	4	6	{GeneMark_model.5724_t;GeneMark},{GlimmerHMM_glimmerT_5345-T1;GlimmerHMM},{Augustus_model.g4425.t1;Augustus}
300362	300298	INTRON			{GeneMark_model.5724_t;GeneMark},{GlimmerHMM_glimmerT_5345-T1;GlimmerHMM},{Augustus_model.g4425.t1;Augustus}
300368	300363	initial-	4	6	{GeneMark_model.5724_t;GeneMark},{snap_scaffold_14-snap.99-T1;snap},{GlimmerHMM_glimmerT_5345-T1;GlimmerHMM},{Augustus_model.g4425.t1;Augustus}

# EVM prediction: Mode:STANDARD S-ratio: 4.85 300871-306847 orient(-) score(19979.00) noncoding_equivalent(4118.14) raw_noncoding(5269.00) offset(1150.86)
301047	300871	terminal-	4	6	{GeneMark_model.5725_t;GeneMark},{GlimmerHMM_glimmerT_5346-T1;GlimmerHMM},{Augustus_model.g4426.t1;Augustus}
301121	301048	INTRON			{GeneMark_model.5725_t;GeneMark},{GlimmerHMM_glimmerT_5346-T1;GlimmerHMM},{Augustus_model.g4426.t1;Augustus}
301300	301122	internal-	5	6	{GeneMark_model.5725_t;GeneMark},{GlimmerHMM_glimmerT_5346-T1;GlimmerHMM},{Augustus_model.g4426.t1;Augustus}
301370	301301	INTRON			{GeneMark_model.5725_t;GeneMark},{GlimmerHMM_glimmerT_5346-T1;GlimmerHMM},{Augustus_model.g4426.t1;Augustus}
301578	301371	internal-	4	4	{GeneMark_model.5725_t;GeneMark},{GlimmerHMM_glimmerT_5346-T1;GlimmerHMM},{Augustus_model.g4426.t1;Augustus}
301639	301579	INTRON			{GeneMark_model.5725_t;GeneMark},{GlimmerHMM_glimmerT_5346-T1;GlimmerHMM},{Augustus_model.g4426.t1;Augustus}
301765	301640	internal-	4	6	{GeneMark_model.5725_t;GeneMark},{GlimmerHMM_glimmerT_5346-T1;GlimmerHMM},{Augustus_model.g4426.t1;Augustus}
301823	301766	INTRON			{GeneMark_model.5725_t;GeneMark},{GlimmerHMM_glimmerT_5346-T1;GlimmerHMM},{Augustus_model.g4426.t1;Augustus}
301988	301824	internal-	4	6	{GeneMark_model.5725_t;GeneMark},{GlimmerHMM_glimmerT_5346-T1;GlimmerHMM},{Augustus_model.g4426.t1;Augustus}
302055	301989	INTRON			{GeneMark_model.5725_t;GeneMark},{GlimmerHMM_glimmerT_5346-T1;GlimmerHMM},{Augustus_model.g4426.t1;Augustus}
302336	302056	internal-	5	6	{GeneMark_model.5725_t;GeneMark},{Augustus_model.g4426.t1;Augustus}
302397	302337	INTRON			{GeneMark_model.5725_t;GeneMark},{Augustus_model.g4426.t1;Augustus}
305285	302398	internal-	6	4	{GlimmerHMM_glimmerT_5346-T1;GlimmerHMM},{Augustus_model.g4426.t1;Augustus}
305335	305286	INTRON			{Augustus_model.g4426.t1;Augustus}
305393	305336	internal-	5	5	{Augustus_model.g4426.t1;Augustus}
305631	305394	INTRON			{Augustus_model.g4426.t1;Augustus}
305652	305632	internal-	5	4	{Augustus_model.g4426.t1;Augustus}
305716	305653	INTRON			{GeneMark_model.5725_t;GeneMark},{Augustus_model.g4426.t1;Augustus}
306566	305717	internal-	4	4	{GeneMark_model.5725_t;GeneMark},{Augustus_model.g4426.t1;Augustus}
306631	306567	INTRON			{GeneMark_model.5725_t;GeneMark},{GlimmerHMM_glimmerT_5346-T1;GlimmerHMM},{Augustus_model.g4426.t1;Augustus}
306847	306632	initial-	4	6	{GeneMark_model.5725_t;GeneMark},{Augustus_model.g4426.t1;Augustus}

# EVM prediction: Mode:STANDARD S-ratio: 2.46 307376-308744 orient(-) score(5004.00) noncoding_equivalent(2034.37) raw_noncoding(2598.45) offset(564.08)
307458	307376	terminal-	5	6	{Augustus_model.g4427.t1;Augustus},{GeneMark_model.5726_t;GeneMark}
307523	307459	INTRON			{Augustus_model.g4427.t1;Augustus},{GeneMark_model.5726_t;GeneMark}
307775	307524	internal-	5	4	{Augustus_model.g4427.t1;Augustus},{GeneMark_model.5726_t;GeneMark},{GlimmerHMM_glimmerT_5346-T1;GlimmerHMM}
307853	307776	INTRON			{Augustus_model.g4427.t1;Augustus},{GeneMark_model.5726_t;GeneMark},{GlimmerHMM_glimmerT_5346-T1;GlimmerHMM},{ev_type:exonerate/ID=match.2566964.4285/Target=lcl|KQ954499_1_prot_KWU42887_1_4799;exonerate}
307956	307854	internal-	4	4	{Augustus_model.g4427.t1;Augustus},{GeneMark_model.5726_t;GeneMark},{GlimmerHMM_glimmerT_5346-T1;GlimmerHMM},{ev_type:exonerate/ID=match.2566964.4285/Target=lcl|KQ954499_1_prot_KWU42887_1_4799;exonerate}
308034	307957	INTRON			{Augustus_model.g4427.t1;Augustus},{GeneMark_model.5726_t;GeneMark},{GlimmerHMM_glimmerT_5346-T1;GlimmerHMM},{ev_type:exonerate/ID=match.2566964.4285/Target=lcl|KQ954499_1_prot_KWU42887_1_4799;exonerate}
308233	308035	internal-	6	6	{Augustus_model.g4427.t1;Augustus},{GeneMark_model.5726_t;GeneMark},{GlimmerHMM_glimmerT_5346-T1;GlimmerHMM},{ev_type:exonerate/ID=match.2566964.4285/Target=lcl|KQ954499_1_prot_KWU42887_1_4799;exonerate}
308306	308234	INTRON			{Augustus_model.g4427.t1;Augustus},{GeneMark_model.5726_t;GeneMark},{GlimmerHMM_glimmerT_5346-T1;GlimmerHMM},{ev_type:exonerate/ID=match.2566964.4285/Target=lcl|KQ954499_1_prot_KWU42887_1_4799;exonerate}
308410	308307	internal-	4	5	{Augustus_model.g4427.t1;Augustus},{GeneMark_model.5726_t;GeneMark},{ev_type:exonerate/ID=match.2566964.4285/Target=lcl|KQ954499_1_prot_KWU42887_1_4799;exonerate}
308544	308411	INTRON			{Augustus_model.g4427.t1;Augustus},{GeneMark_model.5726_t;GeneMark},{ev_type:exonerate/ID=match.2566964.4285/Target=lcl|KQ954499_1_prot_KWU42887_1_4799;exonerate}
308639	308545	internal-	5	6	{Augustus_model.g4427.t1;Augustus},{GeneMark_model.5726_t;GeneMark},{GlimmerHMM_glimmerT_5346-T1;GlimmerHMM}
308713	308640	INTRON			{Augustus_model.g4427.t1;Augustus},{GeneMark_model.5726_t;GeneMark},{GlimmerHMM_glimmerT_5346-T1;GlimmerHMM}
308744	308714	initial-	4	4	{Augustus_model.g4427.t1;Augustus},{GeneMark_model.5726_t;GeneMark},{GlimmerHMM_glimmerT_5346-T1;GlimmerHMM}

# EVM prediction: Mode:STANDARD S-ratio: 3.26 309633-314558 orient(+) score(19083.00) noncoding_equivalent(5849.03) raw_noncoding(7167.00) offset(1317.97)
309633	310208	initial+	1	3	{GlimmerHMM_glimmerT_5347-T1;GlimmerHMM},{Augustus_model.g4428.t1;Augustus}
310209	310275	INTRON			{GeneMark_model.5728_t;GeneMark},{Augustus_model.g4428.t1;Augustus},{ev_type:exonerate/ID=match.2566964.4229/Target=lcl|KQ954485_1_prot_KWU43818_1_3805;exonerate}
310276	310370	internal+	1	2	{GeneMark_model.5728_t;GeneMark},{Augustus_model.g4428.t1;Augustus},{ev_type:exonerate/ID=match.2566964.4229/Target=lcl|KQ954485_1_prot_KWU43818_1_3805;exonerate}
310371	310428	INTRON			{GeneMark_model.5728_t;GeneMark},{Augustus_model.g4428.t1;Augustus},{ev_type:exonerate/ID=match.2566964.4229/Target=lcl|KQ954485_1_prot_KWU43818_1_3805;exonerate}
310429	310737	internal+	3	2	{GeneMark_model.5728_t;GeneMark},{Augustus_model.g4428.t1;Augustus}
310738	310797	INTRON			{GlimmerHMM_glimmerT_5347-T1;GlimmerHMM},{GeneMark_model.5728_t;GeneMark},{Augustus_model.g4428.t1;Augustus}
310798	311225	internal+	3	1	{GlimmerHMM_glimmerT_5347-T1;GlimmerHMM},{GeneMark_model.5728_t;GeneMark},{Augustus_model.g4428.t1;Augustus}
311226	311315	INTRON			{GlimmerHMM_glimmerT_5347-T1;GlimmerHMM},{GeneMark_model.5728_t;GeneMark},{Augustus_model.g4428.t1;Augustus},{ev_type:exonerate/ID=match.2566964.4229/Target=lcl|KQ954485_1_prot_KWU43818_1_3805;exonerate}
311316	311710	internal+	2	3	{GlimmerHMM_glimmerT_5347-T1;GlimmerHMM},{GeneMark_model.5728_t;GeneMark},{Augustus_model.g4428.t1;Augustus},{ev_type:exonerate/ID=match.2566964.4229/Target=lcl|KQ954485_1_prot_KWU43818_1_3805;exonerate}
311711	311776	INTRON			{GlimmerHMM_glimmerT_5347-T1;GlimmerHMM},{GeneMark_model.5728_t;GeneMark},{Augustus_model.g4428.t1;Augustus},{ev_type:exonerate/ID=match.2566964.4229/Target=lcl|KQ954485_1_prot_KWU43818_1_3805;exonerate}
311777	311928	internal+	1	2	{GlimmerHMM_glimmerT_5347-T1;GlimmerHMM},{GeneMark_model.5728_t;GeneMark},{Augustus_model.g4428.t1;Augustus},{ev_type:exonerate/ID=match.2566964.4229/Target=lcl|KQ954485_1_prot_KWU43818_1_3805;exonerate}
311929	311991	INTRON			{GlimmerHMM_glimmerT_5347-T1;GlimmerHMM},{GeneMark_model.5728_t;GeneMark},{Augustus_model.g4428.t1;Augustus},{ev_type:exonerate/ID=match.2566964.4229/Target=lcl|KQ954485_1_prot_KWU43818_1_3805;exonerate}
311992	312145	internal+	3	3	{GlimmerHMM_glimmerT_5347-T1;GlimmerHMM},{GeneMark_model.5728_t;GeneMark},{Augustus_model.g4428.t1;Augustus},{ev_type:exonerate/ID=match.2566964.4229/Target=lcl|KQ954485_1_prot_KWU43818_1_3805;exonerate}
312146	312198	INTRON			{GeneMark_model.5728_t;GeneMark},{Augustus_model.g4428.t1;Augustus},{ev_type:exonerate/ID=match.2566964.4229/Target=lcl|KQ954485_1_prot_KWU43818_1_3805;exonerate}
312199	312333	internal+	1	3	{GeneMark_model.5728_t;GeneMark},{Augustus_model.g4428.t1;Augustus},{ev_type:exonerate/ID=match.2566964.4229/Target=lcl|KQ954485_1_prot_KWU43818_1_3805;exonerate}
312334	312392	INTRON			{GeneMark_model.5728_t;GeneMark},{Augustus_model.g4428.t1;Augustus},{ev_type:exonerate/ID=match.2566964.4229/Target=lcl|KQ954485_1_prot_KWU43818_1_3805;exonerate}
312393	312506	internal+	1	3	{GeneMark_model.5728_t;GeneMark},{Augustus_model.g4428.t1;Augustus},{ev_type:exonerate/ID=match.2566964.4229/Target=lcl|KQ954485_1_prot_KWU43818_1_3805;exonerate}
312507	312567	INTRON			{GeneMark_model.5728_t;GeneMark},{Augustus_model.g4428.t1;Augustus},{ev_type:exonerate/ID=match.2566964.4229/Target=lcl|KQ954485_1_prot_KWU43818_1_3805;exonerate}
312568	313280	internal+	1	2	{GeneMark_model.5728_t;GeneMark},{Augustus_model.g4428.t1;Augustus},{ev_type:exonerate/ID=match.2566964.4229/Target=lcl|KQ954485_1_prot_KWU43818_1_3805;exonerate}
313281	313336	INTRON			{GeneMark_model.5728_t;GeneMark},{Augustus_model.g4428.t1;Augustus},{ev_type:exonerate/ID=match.2566964.4229/Target=lcl|KQ954485_1_prot_KWU43818_1_3805;exonerate}
313337	313416	internal+	3	1	{GeneMark_model.5728_t;GeneMark},{Augustus_model.g4428.t1;Augustus},{ev_type:exonerate/ID=match.2566964.4229/Target=lcl|KQ954485_1_prot_KWU43818_1_3805;exonerate}
313417	313477	INTRON			{GeneMark_model.5728_t;GeneMark},{Augustus_model.g4428.t1;Augustus},{ev_type:exonerate/ID=match.2566964.4229/Target=lcl|KQ954485_1_prot_KWU43818_1_3805;exonerate}
313478	313518	internal+	2	3	{GlimmerHMM_glimmerT_5347-T1;GlimmerHMM},{GeneMark_model.5728_t;GeneMark},{Augustus_model.g4428.t1;Augustus},{ev_type:exonerate/ID=match.2566964.4229/Target=lcl|KQ954485_1_prot_KWU43818_1_3805;exonerate}
313519	313576	INTRON			{GlimmerHMM_glimmerT_5347-T1;GlimmerHMM},{GeneMark_model.5728_t;GeneMark},{Augustus_model.g4428.t1;Augustus},{ev_type:exonerate/ID=match.2566964.4229/Target=lcl|KQ954485_1_prot_KWU43818_1_3805;exonerate}
313577	313842	internal+	1	2	{GlimmerHMM_glimmerT_5347-T1;GlimmerHMM},{GeneMark_model.5728_t;GeneMark},{Augustus_model.g4428.t1;Augustus},{ev_type:exonerate/ID=match.2566964.4229/Target=lcl|KQ954485_1_prot_KWU43818_1_3805;exonerate}
313843	313898	INTRON			{GlimmerHMM_glimmerT_5347-T1;GlimmerHMM},{GeneMark_model.5728_t;GeneMark},{Augustus_model.g4428.t1;Augustus},{ev_type:exonerate/ID=match.2566964.4229/Target=lcl|KQ954485_1_prot_KWU43818_1_3805;exonerate}
313899	314029	internal+	3	1	{GeneMark_model.5728_t;GeneMark},{Augustus_model.g4428.t1;Augustus},{ev_type:exonerate/ID=match.2566964.4229/Target=lcl|KQ954485_1_prot_KWU43818_1_3805;exonerate}
314030	314097	INTRON			{GeneMark_model.5728_t;GeneMark},{Augustus_model.g4428.t1;Augustus},{ev_type:exonerate/ID=match.2566964.4229/Target=lcl|KQ954485_1_prot_KWU43818_1_3805;exonerate}
314098	314558	terminal+	2	3	{GlimmerHMM_glimmerT_5347-T1;GlimmerHMM},{GeneMark_model.5728_t;GeneMark},{Augustus_model.g4428.t1;Augustus}

# EVM prediction: Mode:STANDARD S-ratio: 532.32 314861-317947 orient(+) score(12325.00) noncoding_equivalent(23.15) raw_noncoding(23.15) offset(0.00)
314861	317947	single+	1	3	{GeneMark_model.5729_t;GeneMark},{Augustus_model.g4429.t1;Augustus}

# EVM prediction: Mode:STANDARD S-ratio: 1.65 318148-318773 orient(+) score(1554.00) noncoding_equivalent(944.51) raw_noncoding(1216.51) offset(272.00)
318148	318301	initial+	1	1	{GeneMark_model.5730_t;GeneMark},{Augustus_model.g4430.t1;Augustus}
318302	318364	INTRON			{GeneMark_model.5730_t;GeneMark},{Augustus_model.g4430.t1;Augustus}
318365	318539	internal+	2	2	{GeneMark_model.5730_t;GeneMark},{Augustus_model.g4430.t1;Augustus}
318540	318612	INTRON			{GeneMark_model.5730_t;GeneMark},{Augustus_model.g4430.t1;Augustus}
318613	318664	internal+	3	3	{GeneMark_model.5730_t;GeneMark},{Augustus_model.g4430.t1;Augustus}
318665	318725	INTRON			{GeneMark_model.5730_t;GeneMark},{Augustus_model.g4430.t1;Augustus}
318726	318773	terminal+	1	3	{GeneMark_model.5730_t;GeneMark},{Augustus_model.g4430.t1;Augustus}

# EVM prediction: Mode:STANDARD S-ratio: 2.64 318928-323305 orient(-) score(13520.00) noncoding_equivalent(5117.37) raw_noncoding(6223.00) offset(1105.63)
319110	318928	terminal-	4	6	{GeneMark_model.5731_t;GeneMark},{GlimmerHMM_glimmerT_5349-T1;GlimmerHMM},{Augustus_model.g4431.t1;Augustus}
319170	319111	INTRON			{GeneMark_model.5731_t;GeneMark},{GlimmerHMM_glimmerT_5349-T1;GlimmerHMM},{Augustus_model.g4431.t1;Augustus}
319291	319171	internal-	6	6	{GeneMark_model.5731_t;GeneMark},{GlimmerHMM_glimmerT_5349-T1;GlimmerHMM},{Augustus_model.g4431.t1;Augustus}
319357	319292	INTRON			{GeneMark_model.5731_t;GeneMark},{GlimmerHMM_glimmerT_5349-T1;GlimmerHMM},{Augustus_model.g4431.t1;Augustus}
319490	319358	internal-	5	5	{GeneMark_model.5731_t;GeneMark},{GlimmerHMM_glimmerT_5349-T1;GlimmerHMM},{Augustus_model.g4431.t1;Augustus}
319551	319491	INTRON			{GeneMark_model.5731_t;GeneMark},{Augustus_model.g4431.t1;Augustus}
319668	319552	internal-	5	4	{GeneMark_model.5731_t;GeneMark},{Augustus_model.g4431.t1;Augustus}
319728	319669	INTRON			{GeneMark_model.5731_t;GeneMark},{Augustus_model.g4431.t1;Augustus}
320536	319729	internal-	4	4	{GeneMark_model.5731_t;GeneMark},{Augustus_model.g4431.t1;Augustus}
320597	320537	INTRON			{GeneMark_model.5731_t;GeneMark},{Augustus_model.g4431.t1;Augustus}
320920	320598	internal-	5	6	{GeneMark_model.5731_t;GeneMark},{Augustus_model.g4431.t1;Augustus}
320983	320921	INTRON			{GeneMark_model.5731_t;GeneMark},{GlimmerHMM_glimmerT_5349-T1;GlimmerHMM},{Augustus_model.g4431.t1;Augustus}
321539	320984	internal-	4	4	{GeneMark_model.5731_t;GeneMark},{GlimmerHMM_glimmerT_5349-T1;GlimmerHMM},{Augustus_model.g4431.t1;Augustus}
321606	321540	INTRON			{GeneMark_model.5731_t;GeneMark},{GlimmerHMM_glimmerT_5349-T1;GlimmerHMM},{Augustus_model.g4431.t1;Augustus}
321694	321607	internal-	6	6	{GeneMark_model.5731_t;GeneMark},{GlimmerHMM_glimmerT_5349-T1;GlimmerHMM},{Augustus_model.g4431.t1;Augustus}
321767	321695	INTRON			{GeneMark_model.5731_t;GeneMark},{GlimmerHMM_glimmerT_5349-T1;GlimmerHMM},{Augustus_model.g4431.t1;Augustus}
321885	321768	internal-	5	5	{GeneMark_model.5731_t;GeneMark},{GlimmerHMM_glimmerT_5349-T1;GlimmerHMM},{Augustus_model.g4431.t1;Augustus}
321944	321886	INTRON			{GeneMark_model.5731_t;GeneMark},{GlimmerHMM_glimmerT_5349-T1;GlimmerHMM},{Augustus_model.g4431.t1;Augustus}
322088	321945	internal-	5	4	{GeneMark_model.5731_t;GeneMark},{Augustus_model.g4431.t1;Augustus}
322167	322089	INTRON			{GeneMark_model.5731_t;GeneMark},{Augustus_model.g4431.t1;Augustus}
322394	322168	internal-	6	4	{GeneMark_model.5731_t;GeneMark},{GlimmerHMM_glimmerT_5349-T1;GlimmerHMM},{Augustus_model.g4431.t1;Augustus}
322460	322395	INTRON			{GeneMark_model.5731_t;GeneMark},{GlimmerHMM_glimmerT_5349-T1;GlimmerHMM},{Augustus_model.g4431.t1;Augustus}
322812	322461	internal-	5	5	{GeneMark_model.5731_t;GeneMark},{GlimmerHMM_glimmerT_5349-T1;GlimmerHMM},{Augustus_model.g4431.t1;Augustus}
322872	322813	INTRON			{GeneMark_model.5731_t;GeneMark},{GlimmerHMM_glimmerT_5349-T1;GlimmerHMM},{Augustus_model.g4431.t1;Augustus}
323146	322873	internal-	4	4	{GeneMark_model.5731_t;GeneMark},{GlimmerHMM_glimmerT_5349-T1;GlimmerHMM},{Augustus_model.g4431.t1;Augustus}
323215	323147	INTRON			{GeneMark_model.5731_t;GeneMark},{GlimmerHMM_glimmerT_5349-T1;GlimmerHMM},{Augustus_model.g4431.t1;Augustus}
323305	323216	initial-	4	6	{GeneMark_model.5731_t;GeneMark},{GlimmerHMM_glimmerT_5349-T1;GlimmerHMM},{Augustus_model.g4431.t1;Augustus}

# EVM prediction: Mode:STANDARD S-ratio: 18.20 323548-326180 orient(+) score(10101.00) noncoding_equivalent(555.11) raw_noncoding(591.11) offset(36.00)
323548	324504	initial+	1	3	{GlimmerHMM_glimmerT_5350-T1;GlimmerHMM},{Augustus_model.g4432.t1;Augustus},{GeneMark_model.5732_t;GeneMark}
324505	324569	INTRON			{GlimmerHMM_glimmerT_5350-T1;GlimmerHMM},{Augustus_model.g4432.t1;Augustus},{GeneMark_model.5732_t;GeneMark}
324570	326180	terminal+	1	3	{GlimmerHMM_glimmerT_5350-T1;GlimmerHMM},{Augustus_model.g4432.t1;Augustus},{GeneMark_model.5732_t;GeneMark}

# EVM prediction: Mode:STANDARD S-ratio: 2.58 326452-327964 orient(-) score(5495.00) noncoding_equivalent(2127.00) raw_noncoding(2455.00) offset(328.00)
326466	326452	terminal-	4	6	{GeneMark_model.5733_t;GeneMark},{GlimmerHMM_glimmerT_5351-T1;GlimmerHMM},{Augustus_model.g4433.t1;Augustus}
326533	326467	INTRON			{GeneMark_model.5733_t;GeneMark},{GlimmerHMM_glimmerT_5351-T1;GlimmerHMM},{Augustus_model.g4433.t1;Augustus}
326617	326534	internal-	4	6	{GeneMark_model.5733_t;GeneMark},{GlimmerHMM_glimmerT_5351-T1;GlimmerHMM},{Augustus_model.g4433.t1;Augustus}
326697	326618	INTRON			{GeneMark_model.5733_t;GeneMark},{GlimmerHMM_glimmerT_5351-T1;GlimmerHMM},{Augustus_model.g4433.t1;Augustus}
326976	326698	internal-	4	6	{GeneMark_model.5733_t;GeneMark},{GlimmerHMM_glimmerT_5351-T1;GlimmerHMM},{Augustus_model.g4433.t1;Augustus}
327052	326977	INTRON			{GeneMark_model.5733_t;GeneMark},{snap_scaffold_14-snap.108-T1;snap},{GlimmerHMM_glimmerT_5351-T1;GlimmerHMM},{Augustus_model.g4433.t1;Augustus}
327304	327053	internal-	4	6	{GeneMark_model.5733_t;GeneMark},{GlimmerHMM_glimmerT_5351-T1;GlimmerHMM},{Augustus_model.g4433.t1;Augustus}
327372	327305	INTRON			{GeneMark_model.5733_t;GeneMark},{GlimmerHMM_glimmerT_5351-T1;GlimmerHMM},{Augustus_model.g4433.t1;Augustus}
327627	327373	internal-	4	6	{GeneMark_model.5733_t;GeneMark},{GlimmerHMM_glimmerT_5351-T1;GlimmerHMM},{Augustus_model.g4433.t1;Augustus}
327687	327628	INTRON			{GeneMark_model.5733_t;GeneMark},{GlimmerHMM_glimmerT_5351-T1;GlimmerHMM},{Augustus_model.g4433.t1;Augustus},{ev_type:exonerate/ID=match.2566964.2729/Target=lcl|KQ954485_1_prot_KWU43812_1_3799;exonerate}
327851	327688	internal-	5	6	{GeneMark_model.5733_t;GeneMark},{GlimmerHMM_glimmerT_5351-T1;GlimmerHMM},{Augustus_model.g4433.t1;Augustus},{ev_type:exonerate/ID=match.2566964.2729/Target=lcl|KQ954485_1_prot_KWU43812_1_3799;exonerate}
327927	327852	INTRON			{GeneMark_model.5733_t;GeneMark},{GlimmerHMM_glimmerT_5351-T1;GlimmerHMM},{Augustus_model.g4433.t1;Augustus},{ev_type:exonerate/ID=match.2566964.2729/Target=lcl|KQ954485_1_prot_KWU43812_1_3799;exonerate}
327964	327928	initial-	4	4	{GeneMark_model.5733_t;GeneMark},{GlimmerHMM_glimmerT_5351-T1;GlimmerHMM}

# EVM prediction: Mode:STANDARD S-ratio: 2.00 328442-328877 orient(-) score(1162.00) noncoding_equivalent(582.02) raw_noncoding(746.02) offset(164.00)
328790	328442	terminal-	6	6	{GeneMark_model.5734_t;GeneMark},{snap_scaffold_14-snap.109-T1;snap}
328872	328791	INTRON			{GeneMark_model.5734_t;GeneMark},{snap_scaffold_14-snap.109-T1;snap}
328877	328873	initial-	4	5	{GeneMark_model.5734_t;GeneMark},{snap_scaffold_14-snap.109-T1;snap}

# EVM prediction: Mode:STANDARD S-ratio: 3.47 329291-332370 orient(+) score(10201.00) noncoding_equivalent(2942.47) raw_noncoding(3332.00) offset(389.53)
329291	329515	initial+	1	3	{Augustus_model.g4434.t1;Augustus}
329516	329597	INTRON			{GeneMark_model.5735_t;GeneMark},{GlimmerHMM_glimmerT_5352-T1;GlimmerHMM},{Augustus_model.g4434.t1;Augustus}
329598	329949	internal+	1	1	{GeneMark_model.5735_t;GeneMark},{GlimmerHMM_glimmerT_5352-T1;GlimmerHMM},{Augustus_model.g4434.t1;Augustus}
329950	330014	INTRON			{GeneMark_model.5735_t;GeneMark},{GlimmerHMM_glimmerT_5352-T1;GlimmerHMM},{Augustus_model.g4434.t1;Augustus}
330015	330403	internal+	2	3	{GeneMark_model.5735_t;GeneMark},{GlimmerHMM_glimmerT_5352-T1;GlimmerHMM},{Augustus_model.g4434.t1;Augustus}
330404	330470	INTRON			{GeneMark_model.5735_t;GeneMark},{GlimmerHMM_glimmerT_5352-T1;GlimmerHMM},{Augustus_model.g4434.t1;Augustus}
330471	330852	internal+	1	1	{GeneMark_model.5735_t;GeneMark},{GlimmerHMM_glimmerT_5352-T1;GlimmerHMM},{Augustus_model.g4434.t1;Augustus}
330853	330918	INTRON			{GeneMark_model.5735_t;GeneMark},{GlimmerHMM_glimmerT_5352-T1;GlimmerHMM},{Augustus_model.g4434.t1;Augustus}
330919	331519	internal+	2	2	{GeneMark_model.5735_t;GeneMark},{GlimmerHMM_glimmerT_5352-T1;GlimmerHMM},{Augustus_model.g4434.t1;Augustus}
331520	331591	INTRON			{GeneMark_model.5735_t;GeneMark},{GlimmerHMM_glimmerT_5352-T1;GlimmerHMM},{Augustus_model.g4434.t1;Augustus}
331592	331846	internal+	3	2	{GeneMark_model.5735_t;GeneMark},{GlimmerHMM_glimmerT_5352-T1;GlimmerHMM},{Augustus_model.g4434.t1;Augustus}
331847	331919	INTRON			{GeneMark_model.5735_t;GeneMark},{GlimmerHMM_glimmerT_5352-T1;GlimmerHMM},{Augustus_model.g4434.t1;Augustus}
331920	332370	terminal+	3	3	{GeneMark_model.5735_t;GeneMark},{GlimmerHMM_glimmerT_5352-T1;GlimmerHMM},{Augustus_model.g4434.t1;Augustus}

# EVM prediction: Mode:STANDARD S-ratio: 7.80 334159-336218 orient(+) score(28113.00) noncoding_equivalent(3605.22) raw_noncoding(4490.00) offset(884.78)
334159	334211	initial+	1	2	{Augustus_model.g4435.t1;Augustus},{GlimmerHMM_glimmerT_5353-T1;GlimmerHMM},{GeneMark_model.5736_t;GeneMark}
334212	334554	INTRON			{Augustus_model.g4435.t1;Augustus},{GlimmerHMM_glimmerT_5353-T1;GlimmerHMM},{GeneMark_model.5736_t;GeneMark},{ev_type:exonerate/ID=match.2566964.917/Target=lcl|NW_017264944_1_prot_XP_018268102_1_6682;exonerate},{ev_type:exonerate/ID=match.2566964.923/Target=lcl|KQ954485_1_prot_KWU43806_1_3793;exonerate},{ev_type:exonerate/ID=match.2566964.914/Target=lcl|LCTV02000013_1_prot_PRQ71040_1_2212;exonerate},{ev_type:exonerate/ID=match.2566964.911/Target=HOG1_CRYNB;exonerate},{ev_type:exonerate/ID=match.2566964.913/Target=HOG1_CRYNJ;exonerate},{ev_type:exonerate/ID=match.2566964.922/Target=lcl|PJQD01000098_1_prot_POY70713_1_7014;exonerate},{ev_type:exonerate/ID=match.2566964.912/Target=HOG1_CRYNH;exonerate},{ev_type:exonerate/ID=match.2566964.915/Target=lcl|BJWK01000015_1_prot_GEM11418_1_5435;exonerate},{ev_type:exonerate/ID=match.2566964.920/Target=HOG1_USTMA;exonerate}
334555	334621	internal+	3	3	{Augustus_model.g4435.t1;Augustus},{GlimmerHMM_glimmerT_5353-T1;GlimmerHMM},{GeneMark_model.5736_t;GeneMark},{ev_type:exonerate/ID=match.2566964.917/Target=lcl|NW_017264944_1_prot_XP_018268102_1_6682;exonerate},{ev_type:exonerate/ID=match.2566964.923/Target=lcl|KQ954485_1_prot_KWU43806_1_3793;exonerate},{ev_type:exonerate/ID=match.2566964.914/Target=lcl|LCTV02000013_1_prot_PRQ71040_1_2212;exonerate},{ev_type:exonerate/ID=match.2566964.911/Target=HOG1_CRYNB;exonerate},{ev_type:exonerate/ID=match.2566964.913/Target=HOG1_CRYNJ;exonerate},{ev_type:exonerate/ID=match.2566964.922/Target=lcl|PJQD01000098_1_prot_POY70713_1_7014;exonerate},{ev_type:exonerate/ID=match.2566964.912/Target=HOG1_CRYNH;exonerate},{ev_type:exonerate/ID=match.2566964.915/Target=lcl|BJWK01000015_1_prot_GEM11418_1_5435;exonerate},{ev_type:exonerate/ID=match.2566964.920/Target=HOG1_USTMA;exonerate}
334622	334758	INTRON			{Augustus_model.g4435.t1;Augustus},{GlimmerHMM_glimmerT_5353-T1;GlimmerHMM},{GeneMark_model.5736_t;GeneMark},{ev_type:exonerate/ID=match.2566964.917/Target=lcl|NW_017264944_1_prot_XP_018268102_1_6682;exonerate},{ev_type:exonerate/ID=match.2566964.923/Target=lcl|KQ954485_1_prot_KWU43806_1_3793;exonerate},{ev_type:exonerate/ID=match.2566964.914/Target=lcl|LCTV02000013_1_prot_PRQ71040_1_2212;exonerate},{ev_type:exonerate/ID=match.2566964.911/Target=HOG1_CRYNB;exonerate},{ev_type:exonerate/ID=match.2566964.913/Target=HOG1_CRYNJ;exonerate},{ev_type:exonerate/ID=match.2566964.922/Target=lcl|PJQD01000098_1_prot_POY70713_1_7014;exonerate},{ev_type:exonerate/ID=match.2566964.912/Target=HOG1_CRYNH;exonerate},{ev_type:exonerate/ID=match.2566964.910/Target=HOG1_EXSTU;exonerate},{ev_type:exonerate/ID=match.2566964.915/Target=lcl|BJWK01000015_1_prot_GEM11418_1_5435;exonerate},{ev_type:exonerate/ID=match.2566964.920/Target=HOG1_USTMA;exonerate}
334759	334790	internal+	1	2	{Augustus_model.g4435.t1;Augustus},{GlimmerHMM_glimmerT_5353-T1;GlimmerHMM},{GeneMark_model.5736_t;GeneMark},{ev_type:exonerate/ID=match.2566964.917/Target=lcl|NW_017264944_1_prot_XP_018268102_1_6682;exonerate},{ev_type:exonerate/ID=match.2566964.923/Target=lcl|KQ954485_1_prot_KWU43806_1_3793;exonerate},{ev_type:exonerate/ID=match.2566964.914/Target=lcl|LCTV02000013_1_prot_PRQ71040_1_2212;exonerate},{ev_type:exonerate/ID=match.2566964.911/Target=HOG1_CRYNB;exonerate},{ev_type:exonerate/ID=match.2566964.913/Target=HOG1_CRYNJ;exonerate},{ev_type:exonerate/ID=match.2566964.922/Target=lcl|PJQD01000098_1_prot_POY70713_1_7014;exonerate},{ev_type:exonerate/ID=match.2566964.912/Target=HOG1_CRYNH;exonerate},{ev_type:exonerate/ID=match.2566964.910/Target=HOG1_EXSTU;exonerate},{ev_type:exonerate/ID=match.2566964.915/Target=lcl|BJWK01000015_1_prot_GEM11418_1_5435;exonerate},{ev_type:exonerate/ID=match.2566964.920/Target=HOG1_USTMA;exonerate}
334791	334913	INTRON			{Augustus_model.g4435.t1;Augustus},{GlimmerHMM_glimmerT_5353-T1;GlimmerHMM},{GeneMark_model.5736_t;GeneMark},{ev_type:exonerate/ID=match.2566964.917/Target=lcl|NW_017264944_1_prot_XP_018268102_1_6682;exonerate},{ev_type:exonerate/ID=match.2566964.923/Target=lcl|KQ954485_1_prot_KWU43806_1_3793;exonerate},{ev_type:exonerate/ID=match.2566964.914/Target=lcl|LCTV02000013_1_prot_PRQ71040_1_2212;exonerate},{ev_type:exonerate/ID=match.2566964.911/Target=HOG1_CRYNB;exonerate},{ev_type:exonerate/ID=match.2566964.913/Target=HOG1_CRYNJ;exonerate},{ev_type:exonerate/ID=match.2566964.922/Target=lcl|PJQD01000098_1_prot_POY70713_1_7014;exonerate},{ev_type:exonerate/ID=match.2566964.912/Target=HOG1_CRYNH;exonerate},{ev_type:exonerate/ID=match.2566964.910/Target=HOG1_EXSTU;exonerate},{ev_type:exonerate/ID=match.2566964.915/Target=lcl|BJWK01000015_1_prot_GEM11418_1_5435;exonerate},{ev_type:exonerate/ID=match.2566964.920/Target=HOG1_USTMA;exonerate}
334914	334927	internal+	3	1	{Augustus_model.g4435.t1;Augustus},{GlimmerHMM_glimmerT_5353-T1;GlimmerHMM},{GeneMark_model.5736_t;GeneMark},{ev_type:exonerate/ID=match.2566964.917/Target=lcl|NW_017264944_1_prot_XP_018268102_1_6682;exonerate},{ev_type:exonerate/ID=match.2566964.923/Target=lcl|KQ954485_1_prot_KWU43806_1_3793;exonerate},{ev_type:exonerate/ID=match.2566964.914/Target=lcl|LCTV02000013_1_prot_PRQ71040_1_2212;exonerate},{ev_type:exonerate/ID=match.2566964.911/Target=HOG1_CRYNB;exonerate},{ev_type:exonerate/ID=match.2566964.913/Target=HOG1_CRYNJ;exonerate},{ev_type:exonerate/ID=match.2566964.922/Target=lcl|PJQD01000098_1_prot_POY70713_1_7014;exonerate},{ev_type:exonerate/ID=match.2566964.912/Target=HOG1_CRYNH;exonerate},{ev_type:exonerate/ID=match.2566964.910/Target=HOG1_EXSTU;exonerate},{ev_type:exonerate/ID=match.2566964.915/Target=lcl|BJWK01000015_1_prot_GEM11418_1_5435;exonerate},{ev_type:exonerate/ID=match.2566964.920/Target=HOG1_USTMA;exonerate}
334928	335003	INTRON			{snap_scaffold_14-snap.112-T1;snap},{Augustus_model.g4435.t1;Augustus},{GlimmerHMM_glimmerT_5353-T1;GlimmerHMM},{GeneMark_model.5736_t;GeneMark},{ev_type:exonerate/ID=match.2566964.917/Target=lcl|NW_017264944_1_prot_XP_018268102_1_6682;exonerate},{ev_type:exonerate/ID=match.2566964.923/Target=lcl|KQ954485_1_prot_KWU43806_1_3793;exonerate},{ev_type:exonerate/ID=match.2566964.914/Target=lcl|LCTV02000013_1_prot_PRQ71040_1_2212;exonerate},{ev_type:exonerate/ID=match.2566964.911/Target=HOG1_CRYNB;exonerate},{ev_type:exonerate/ID=match.2566964.913/Target=HOG1_CRYNJ;exonerate},{ev_type:exonerate/ID=match.2566964.922/Target=lcl|PJQD01000098_1_prot_POY70713_1_7014;exonerate},{ev_type:exonerate/ID=match.2566964.912/Target=HOG1_CRYNH;exonerate},{ev_type:exonerate/ID=match.2566964.910/Target=HOG1_EXSTU;exonerate},{ev_type:exonerate/ID=match.2566964.915/Target=lcl|BJWK01000015_1_prot_GEM11418_1_5435;exonerate},{ev_type:exonerate/ID=match.2566964.920/Target=HOG1_USTMA;exonerate}
335004	335215	internal+	2	3	{Augustus_model.g4435.t1;Augustus},{GlimmerHMM_glimmerT_5353-T1;GlimmerHMM},{GeneMark_model.5736_t;GeneMark},{ev_type:exonerate/ID=match.2566964.917/Target=lcl|NW_017264944_1_prot_XP_018268102_1_6682;exonerate},{ev_type:exonerate/ID=match.2566964.923/Target=lcl|KQ954485_1_prot_KWU43806_1_3793;exonerate},{ev_type:exonerate/ID=match.2566964.914/Target=lcl|LCTV02000013_1_prot_PRQ71040_1_2212;exonerate},{ev_type:exonerate/ID=match.2566964.911/Target=HOG1_CRYNB;exonerate},{ev_type:exonerate/ID=match.2566964.913/Target=HOG1_CRYNJ;exonerate},{ev_type:exonerate/ID=match.2566964.922/Target=lcl|PJQD01000098_1_prot_POY70713_1_7014;exonerate},{ev_type:exonerate/ID=match.2566964.912/Target=HOG1_CRYNH;exonerate},{ev_type:exonerate/ID=match.2566964.910/Target=HOG1_EXSTU;exonerate},{ev_type:exonerate/ID=match.2566964.915/Target=lcl|BJWK01000015_1_prot_GEM11418_1_5435;exonerate},{ev_type:exonerate/ID=match.2566964.920/Target=HOG1_USTMA;exonerate}
335216	335306	INTRON			{Augustus_model.g4435.t1;Augustus},{GlimmerHMM_glimmerT_5353-T1;GlimmerHMM},{GeneMark_model.5736_t;GeneMark},{ev_type:exonerate/ID=match.2566964.888/Target=HOG1_GIBIN;exonerate},{ev_type:exonerate/ID=match.2566964.917/Target=lcl|NW_017264944_1_prot_XP_018268102_1_6682;exonerate},{ev_type:exonerate/ID=match.2566964.923/Target=lcl|KQ954485_1_prot_KWU43806_1_3793;exonerate},{ev_type:exonerate/ID=match.2566964.914/Target=lcl|LCTV02000013_1_prot_PRQ71040_1_2212;exonerate},{ev_type:exonerate/ID=match.2566964.911/Target=HOG1_CRYNB;exonerate},{ev_type:exonerate/ID=match.2566964.913/Target=HOG1_CRYNJ;exonerate},{ev_type:exonerate/ID=match.2566964.889/Target=HOG1_FUSCU;exonerate},{ev_type:exonerate/ID=match.2566964.922/Target=lcl|PJQD01000098_1_prot_POY70713_1_7014;exonerate},{ev_type:exonerate/ID=match.2566964.912/Target=HOG1_CRYNH;exonerate},{ev_type:exonerate/ID=match.2566964.910/Target=HOG1_EXSTU;exonerate},{ev_type:exonerate/ID=match.2566964.915/Target=lcl|BJWK01000015_1_prot_GEM11418_1_5435;exonerate},{ev_type:exonerate/ID=match.2566964.920/Target=HOG1_USTMA;exonerate}
335307	335511	internal+	1	1	{Augustus_model.g4435.t1;Augustus},{GlimmerHMM_glimmerT_5353-T1;GlimmerHMM},{GeneMark_model.5736_t;GeneMark},{ev_type:exonerate/ID=match.2566964.888/Target=HOG1_GIBIN;exonerate},{ev_type:exonerate/ID=match.2566964.917/Target=lcl|NW_017264944_1_prot_XP_018268102_1_6682;exonerate},{ev_type:exonerate/ID=match.2566964.923/Target=lcl|KQ954485_1_prot_KWU43806_1_3793;exonerate},{ev_type:exonerate/ID=match.2566964.914/Target=lcl|LCTV02000013_1_prot_PRQ71040_1_2212;exonerate},{ev_type:exonerate/ID=match.2566964.911/Target=HOG1_CRYNB;exonerate},{ev_type:exonerate/ID=match.2566964.913/Target=HOG1_CRYNJ;exonerate},{ev_type:exonerate/ID=match.2566964.889/Target=HOG1_FUSCU;exonerate},{ev_type:exonerate/ID=match.2566964.922/Target=lcl|PJQD01000098_1_prot_POY70713_1_7014;exonerate},{ev_type:exonerate/ID=match.2566964.912/Target=HOG1_CRYNH;exonerate},{ev_type:exonerate/ID=match.2566964.910/Target=HOG1_EXSTU;exonerate},{ev_type:exonerate/ID=match.2566964.915/Target=lcl|BJWK01000015_1_prot_GEM11418_1_5435;exonerate},{ev_type:exonerate/ID=match.2566964.920/Target=HOG1_USTMA;exonerate}
335512	335587	INTRON			{Augustus_model.g4435.t1;Augustus},{GlimmerHMM_glimmerT_5353-T1;GlimmerHMM},{GeneMark_model.5736_t;GeneMark},{ev_type:exonerate/ID=match.2566964.888/Target=HOG1_GIBIN;exonerate},{ev_type:exonerate/ID=match.2566964.917/Target=lcl|NW_017264944_1_prot_XP_018268102_1_6682;exonerate},{ev_type:exonerate/ID=match.2566964.923/Target=lcl|KQ954485_1_prot_KWU43806_1_3793;exonerate},{ev_type:exonerate/ID=match.2566964.914/Target=lcl|LCTV02000013_1_prot_PRQ71040_1_2212;exonerate},{ev_type:exonerate/ID=match.2566964.911/Target=HOG1_CRYNB;exonerate},{ev_type:exonerate/ID=match.2566964.913/Target=HOG1_CRYNJ;exonerate},{ev_type:exonerate/ID=match.2566964.889/Target=HOG1_FUSCU;exonerate},{ev_type:exonerate/ID=match.2566964.922/Target=lcl|PJQD01000098_1_prot_POY70713_1_7014;exonerate},{ev_type:exonerate/ID=match.2566964.912/Target=HOG1_CRYNH;exonerate},{ev_type:exonerate/ID=match.2566964.910/Target=HOG1_EXSTU;exonerate},{ev_type:exonerate/ID=match.2566964.915/Target=lcl|BJWK01000015_1_prot_GEM11418_1_5435;exonerate},{ev_type:exonerate/ID=match.2566964.920/Target=HOG1_USTMA;exonerate}
335588	335739	internal+	2	3	{Augustus_model.g4435.t1;Augustus},{GlimmerHMM_glimmerT_5353-T1;GlimmerHMM},{GeneMark_model.5736_t;GeneMark},{ev_type:exonerate/ID=match.2566964.917/Target=lcl|NW_017264944_1_prot_XP_018268102_1_6682;exonerate},{ev_type:exonerate/ID=match.2566964.923/Target=lcl|KQ954485_1_prot_KWU43806_1_3793;exonerate},{ev_type:exonerate/ID=match.2566964.914/Target=lcl|LCTV02000013_1_prot_PRQ71040_1_2212;exonerate},{ev_type:exonerate/ID=match.2566964.911/Target=HOG1_CRYNB;exonerate},{ev_type:exonerate/ID=match.2566964.913/Target=HOG1_CRYNJ;exonerate},{ev_type:exonerate/ID=match.2566964.922/Target=lcl|PJQD01000098_1_prot_POY70713_1_7014;exonerate},{ev_type:exonerate/ID=match.2566964.912/Target=HOG1_CRYNH;exonerate},{ev_type:exonerate/ID=match.2566964.910/Target=HOG1_EXSTU;exonerate},{ev_type:exonerate/ID=match.2566964.915/Target=lcl|BJWK01000015_1_prot_GEM11418_1_5435;exonerate},{ev_type:exonerate/ID=match.2566964.920/Target=HOG1_USTMA;exonerate}
335740	335806	INTRON			{Augustus_model.g4435.t1;Augustus},{GlimmerHMM_glimmerT_5353-T1;GlimmerHMM},{GeneMark_model.5736_t;GeneMark},{ev_type:exonerate/ID=match.2566964.917/Target=lcl|NW_017264944_1_prot_XP_018268102_1_6682;exonerate},{ev_type:exonerate/ID=match.2566964.923/Target=lcl|KQ954485_1_prot_KWU43806_1_3793;exonerate},{ev_type:exonerate/ID=match.2566964.914/Target=lcl|LCTV02000013_1_prot_PRQ71040_1_2212;exonerate},{ev_type:exonerate/ID=match.2566964.911/Target=HOG1_CRYNB;exonerate},{ev_type:exonerate/ID=match.2566964.913/Target=HOG1_CRYNJ;exonerate},{ev_type:exonerate/ID=match.2566964.922/Target=lcl|PJQD01000098_1_prot_POY70713_1_7014;exonerate},{ev_type:exonerate/ID=match.2566964.912/Target=HOG1_CRYNH;exonerate},{ev_type:exonerate/ID=match.2566964.910/Target=HOG1_EXSTU;exonerate},{ev_type:exonerate/ID=match.2566964.915/Target=lcl|BJWK01000015_1_prot_GEM11418_1_5435;exonerate},{ev_type:exonerate/ID=match.2566964.920/Target=HOG1_USTMA;exonerate}
335807	336064	internal+	1	3	{Augustus_model.g4435.t1;Augustus},{GlimmerHMM_glimmerT_5353-T1;GlimmerHMM},{GeneMark_model.5736_t;GeneMark},{ev_type:exonerate/ID=match.2566964.917/Target=lcl|NW_017264944_1_prot_XP_018268102_1_6682;exonerate},{ev_type:exonerate/ID=match.2566964.923/Target=lcl|KQ954485_1_prot_KWU43806_1_3793;exonerate},{ev_type:exonerate/ID=match.2566964.914/Target=lcl|LCTV02000013_1_prot_PRQ71040_1_2212;exonerate},{ev_type:exonerate/ID=match.2566964.911/Target=HOG1_CRYNB;exonerate},{ev_type:exonerate/ID=match.2566964.913/Target=HOG1_CRYNJ;exonerate},{ev_type:exonerate/ID=match.2566964.922/Target=lcl|PJQD01000098_1_prot_POY70713_1_7014;exonerate},{ev_type:exonerate/ID=match.2566964.912/Target=HOG1_CRYNH;exonerate},{ev_type:exonerate/ID=match.2566964.910/Target=HOG1_EXSTU;exonerate},{ev_type:exonerate/ID=match.2566964.915/Target=lcl|BJWK01000015_1_prot_GEM11418_1_5435;exonerate},{ev_type:exonerate/ID=match.2566964.920/Target=HOG1_USTMA;exonerate}
336065	336131	INTRON			{GlimmerHMM_glimmerT_5353-T1;GlimmerHMM},{GeneMark_model.5736_t;GeneMark},{ev_type:exonerate/ID=match.2566964.917/Target=lcl|NW_017264944_1_prot_XP_018268102_1_6682;exonerate},{ev_type:exonerate/ID=match.2566964.923/Target=lcl|KQ954485_1_prot_KWU43806_1_3793;exonerate},{ev_type:exonerate/ID=match.2566964.914/Target=lcl|LCTV02000013_1_prot_PRQ71040_1_2212;exonerate},{ev_type:exonerate/ID=match.2566964.911/Target=HOG1_CRYNB;exonerate},{ev_type:exonerate/ID=match.2566964.913/Target=HOG1_CRYNJ;exonerate},{ev_type:exonerate/ID=match.2566964.922/Target=lcl|PJQD01000098_1_prot_POY70713_1_7014;exonerate},{ev_type:exonerate/ID=match.2566964.912/Target=HOG1_CRYNH;exonerate},{ev_type:exonerate/ID=match.2566964.910/Target=HOG1_EXSTU;exonerate},{ev_type:exonerate/ID=match.2566964.915/Target=lcl|BJWK01000015_1_prot_GEM11418_1_5435;exonerate},{ev_type:exonerate/ID=match.2566964.920/Target=HOG1_USTMA;exonerate}
336132	336218	terminal+	1	3	{GlimmerHMM_glimmerT_5353-T1;GlimmerHMM},{GeneMark_model.5736_t;GeneMark}

# EVM prediction: Mode:STANDARD S-ratio: 2.43 336908-338933 orient(-) score(5989.00) noncoding_equivalent(2462.81) raw_noncoding(3025.00) offset(562.19)
337172	336908	terminal-	6	6	{GeneMark_model.5737_t;GeneMark},{GlimmerHMM_glimmerT_5354-T1;GlimmerHMM},{Augustus_model.g4436.t1;Augustus}
337234	337173	INTRON			{GeneMark_model.5737_t;GeneMark},{GlimmerHMM_glimmerT_5354-T1;GlimmerHMM},{Augustus_model.g4436.t1;Augustus}
337329	337235	internal-	4	5	{GeneMark_model.5737_t;GeneMark},{Augustus_model.g4436.t1;Augustus}
337401	337330	INTRON			{GeneMark_model.5737_t;GeneMark},{Augustus_model.g4436.t1;Augustus}
337795	337402	internal-	6	6	{GeneMark_model.5737_t;GeneMark},{Augustus_model.g4436.t1;Augustus}
337854	337796	INTRON			{GeneMark_model.5737_t;GeneMark},{Augustus_model.g4436.t1;Augustus}
337959	337855	internal-	6	5	{GeneMark_model.5737_t;GeneMark},{Augustus_model.g4436.t1;Augustus}
338020	337960	INTRON			{GeneMark_model.5737_t;GeneMark},{GlimmerHMM_glimmerT_5354-T1;GlimmerHMM},{Augustus_model.g4436.t1;Augustus}
338196	338021	internal-	4	5	{GeneMark_model.5737_t;GeneMark},{GlimmerHMM_glimmerT_5354-T1;GlimmerHMM},{Augustus_model.g4436.t1;Augustus}
338252	338197	INTRON			{GeneMark_model.5737_t;GeneMark},{GlimmerHMM_glimmerT_5354-T1;GlimmerHMM},{Augustus_model.g4436.t1;Augustus}
338541	338253	internal-	6	6	{GeneMark_model.5737_t;GeneMark},{GlimmerHMM_glimmerT_5354-T1;GlimmerHMM},{Augustus_model.g4436.t1;Augustus}
338608	338542	INTRON			{GeneMark_model.5737_t;GeneMark},{GlimmerHMM_glimmerT_5354-T1;GlimmerHMM},{Augustus_model.g4436.t1;Augustus}
338728	338609	internal-	6	5	{GeneMark_model.5737_t;GeneMark},{Augustus_model.g4436.t1;Augustus}
338790	338729	INTRON			{Augustus_model.g4436.t1;Augustus}
338933	338791	initial-	4	5	{Augustus_model.g4436.t1;Augustus}

# EVM prediction: Mode:STANDARD S-ratio: 4.99 341316-342565 orient(+) score(4263.00) noncoding_equivalent(854.86) raw_noncoding(1217.00) offset(362.14)
341316	341395	initial+	1	2	{GlimmerHMM_glimmerT_5355-T1;GlimmerHMM}
341396	341457	INTRON			{Augustus_model.g4437.t1;Augustus},{GlimmerHMM_glimmerT_5355-T1;GlimmerHMM},{GeneMark_model.5738_t;GeneMark}
341458	341527	internal+	3	3	{Augustus_model.g4437.t1;Augustus},{GlimmerHMM_glimmerT_5355-T1;GlimmerHMM},{GeneMark_model.5738_t;GeneMark}
341528	341594	INTRON			{Augustus_model.g4437.t1;Augustus},{GeneMark_model.5738_t;GeneMark}
341595	341687	internal+	1	3	{Augustus_model.g4437.t1;Augustus},{GeneMark_model.5738_t;GeneMark}
341688	341767	INTRON			{Augustus_model.g4437.t1;Augustus},{GeneMark_model.5738_t;GeneMark}
341768	342565	terminal+	1	3	{Augustus_model.g4437.t1;Augustus},{GlimmerHMM_glimmerT_5355-T1;GlimmerHMM},{GeneMark_model.5738_t;GeneMark}

# EVM prediction: Mode:STANDARD S-ratio: 1.95 342678-345189 orient(-) score(7828.00) noncoding_equivalent(4016.57) raw_noncoding(4789.00) offset(772.43)
342703	342678	terminal-	5	6	{GeneMark_model.5739_t;GeneMark},{Augustus_model.g4438.t1;Augustus}
342773	342704	INTRON			{GeneMark_model.5739_t;GeneMark},{Augustus_model.g4438.t1;Augustus}
343039	342774	internal-	6	4	{GlimmerHMM_glimmerT_5356-T1;GlimmerHMM},{GeneMark_model.5739_t;GeneMark},{Augustus_model.g4438.t1;Augustus}
343136	343040	INTRON			{GlimmerHMM_glimmerT_5356-T1;GlimmerHMM},{GeneMark_model.5739_t;GeneMark},{Augustus_model.g4438.t1;Augustus},{ev_type:exonerate/ID=match.2566964.4313/Target=lcl|KQ954485_1_prot_KWU43801_1_3788;exonerate}
343275	343137	internal-	5	5	{GlimmerHMM_glimmerT_5356-T1;GlimmerHMM},{GeneMark_model.5739_t;GeneMark},{Augustus_model.g4438.t1;Augustus}
343349	343276	INTRON			{GlimmerHMM_glimmerT_5356-T1;GlimmerHMM},{GeneMark_model.5739_t;GeneMark},{Augustus_model.g4438.t1;Augustus}
343502	343350	internal-	5	4	{GlimmerHMM_glimmerT_5356-T1;GlimmerHMM},{GeneMark_model.5739_t;GeneMark},{Augustus_model.g4438.t1;Augustus}
343878	343503	INTRON			{GlimmerHMM_glimmerT_5356-T1;GlimmerHMM},{GeneMark_model.5739_t;GeneMark},{Augustus_model.g4438.t1;Augustus}
344356	343879	internal-	4	4	{GlimmerHMM_glimmerT_5356-T1;GlimmerHMM},{GeneMark_model.5739_t;GeneMark},{Augustus_model.g4438.t1;Augustus}
344418	344357	INTRON			{GlimmerHMM_glimmerT_5356-T1;GlimmerHMM},{GeneMark_model.5739_t;GeneMark},{Augustus_model.g4438.t1;Augustus}
345098	344419	internal-	5	6	{GlimmerHMM_glimmerT_5356-T1;GlimmerHMM},{GeneMark_model.5739_t;GeneMark},{Augustus_model.g4438.t1;Augustus}
345173	345099	INTRON			{GlimmerHMM_glimmerT_5356-T1;GlimmerHMM},{GeneMark_model.5739_t;GeneMark},{Augustus_model.g4438.t1;Augustus}
345189	345174	initial-	4	4	{GlimmerHMM_glimmerT_5356-T1;GlimmerHMM},{GeneMark_model.5739_t;GeneMark},{Augustus_model.g4438.t1;Augustus}

# EVM prediction: Mode:STANDARD S-ratio: 6.03 345526-348291 orient(+) score(10286.00) noncoding_equivalent(1706.00) raw_noncoding(1836.00) offset(130.00)
345526	345891	initial+	1	3	{Augustus_model.g4439.t1;Augustus},{GeneMark_model.5740_t;GeneMark},{GlimmerHMM_glimmerT_5357-T1;GlimmerHMM}
345892	345951	INTRON			{Augustus_model.g4439.t1;Augustus},{GeneMark_model.5740_t;GeneMark},{GlimmerHMM_glimmerT_5357-T1;GlimmerHMM}
345952	346030	internal+	1	1	{Augustus_model.g4439.t1;Augustus},{GeneMark_model.5740_t;GeneMark},{GlimmerHMM_glimmerT_5357-T1;GlimmerHMM}
346031	346138	INTRON			{Augustus_model.g4439.t1;Augustus},{GeneMark_model.5740_t;GeneMark},{GlimmerHMM_glimmerT_5357-T1;GlimmerHMM}
346139	346779	internal+	2	3	{Augustus_model.g4439.t1;Augustus},{GeneMark_model.5740_t;GeneMark},{GlimmerHMM_glimmerT_5357-T1;GlimmerHMM}
346780	346854	INTRON			{Augustus_model.g4439.t1;Augustus},{GeneMark_model.5740_t;GeneMark},{GlimmerHMM_glimmerT_5357-T1;GlimmerHMM}
346855	347181	internal+	1	3	{Augustus_model.g4439.t1;Augustus},{GeneMark_model.5740_t;GeneMark},{GlimmerHMM_glimmerT_5357-T1;GlimmerHMM}
347182	347251	INTRON			{Augustus_model.g4439.t1;Augustus},{GeneMark_model.5740_t;GeneMark},{GlimmerHMM_glimmerT_5357-T1;GlimmerHMM},{snap_scaffold_14-snap.117-T1;snap}
347252	348074	internal+	1	1	{Augustus_model.g4439.t1;Augustus},{GeneMark_model.5740_t;GeneMark},{GlimmerHMM_glimmerT_5357-T1;GlimmerHMM}
348075	348169	INTRON			{Augustus_model.g4439.t1;Augustus},{GeneMark_model.5740_t;GeneMark},{GlimmerHMM_glimmerT_5357-T1;GlimmerHMM}
348170	348291	terminal+	2	3	{Augustus_model.g4439.t1;Augustus},{GeneMark_model.5740_t;GeneMark},{GlimmerHMM_glimmerT_5357-T1;GlimmerHMM}

# EVM prediction: Mode:STANDARD S-ratio: 16.50 348446-350479 orient(-) score(7971.00) noncoding_equivalent(483.00) raw_noncoding(495.00) offset(12.00)
348572	348446	terminal-	6	6	{GeneMark_model.5741_t;GeneMark},{GlimmerHMM_glimmerT_5358-T1;GlimmerHMM},{Augustus_model.g4440.t1;Augustus}
348662	348573	INTRON			{GeneMark_model.5741_t;GeneMark},{GlimmerHMM_glimmerT_5358-T1;GlimmerHMM},{Augustus_model.g4440.t1;Augustus}
349395	348663	internal-	5	5	{GeneMark_model.5741_t;GeneMark},{GlimmerHMM_glimmerT_5358-T1;GlimmerHMM},{Augustus_model.g4440.t1;Augustus}
349470	349396	INTRON			{GeneMark_model.5741_t;GeneMark},{GlimmerHMM_glimmerT_5358-T1;GlimmerHMM},{Augustus_model.g4440.t1;Augustus}
350479	349471	initial-	4	4	{GeneMark_model.5741_t;GeneMark},{GlimmerHMM_glimmerT_5358-T1;GlimmerHMM}

# EVM prediction: Mode:STANDARD S-ratio: 3.15 350820-352756 orient(-) score(7636.00) noncoding_equivalent(2427.34) raw_noncoding(3741.09) offset(1313.75)
350867	350820	terminal-	4	6	{GlimmerHMM_glimmerT_5359-T1;GlimmerHMM},{GeneMark_model.5742_t;GeneMark}
350936	350868	INTRON			{GlimmerHMM_glimmerT_5359-T1;GlimmerHMM},{Augustus_model.g4440.t1;Augustus},{GeneMark_model.5742_t;GeneMark},{ev_type:exonerate/ID=match.2566964.4254/Target=lcl|PJQD01000098_1_prot_POY70703_1_7004;exonerate}
351493	350937	internal-	5	6	{GlimmerHMM_glimmerT_5359-T1;GlimmerHMM},{Augustus_model.g4440.t1;Augustus},{GeneMark_model.5742_t;GeneMark},{ev_type:exonerate/ID=match.2566964.4254/Target=lcl|PJQD01000098_1_prot_POY70703_1_7004;exonerate}
351564	351494	INTRON			{GlimmerHMM_glimmerT_5359-T1;GlimmerHMM},{Augustus_model.g4440.t1;Augustus},{GeneMark_model.5742_t;GeneMark},{ev_type:exonerate/ID=match.2566964.4254/Target=lcl|PJQD01000098_1_prot_POY70703_1_7004;exonerate}
351708	351565	internal-	5	4	{GlimmerHMM_glimmerT_5359-T1;GlimmerHMM},{Augustus_model.g4440.t1;Augustus},{GeneMark_model.5742_t;GeneMark},{ev_type:exonerate/ID=match.2566964.4254/Target=lcl|PJQD01000098_1_prot_POY70703_1_7004;exonerate}
351766	351709	INTRON			{GlimmerHMM_glimmerT_5359-T1;GlimmerHMM},{Augustus_model.g4440.t1;Augustus},{GeneMark_model.5742_t;GeneMark},{ev_type:exonerate/ID=match.2566964.4254/Target=lcl|PJQD01000098_1_prot_POY70703_1_7004;exonerate}
352015	351767	internal-	5	4	{GlimmerHMM_glimmerT_5359-T1;GlimmerHMM},{Augustus_model.g4440.t1;Augustus},{GeneMark_model.5742_t;GeneMark},{ev_type:exonerate/ID=match.2566964.4254/Target=lcl|PJQD01000098_1_prot_POY70703_1_7004;exonerate}
352079	352016	INTRON			{Augustus_model.g4440.t1;Augustus},{GeneMark_model.5742_t;GeneMark},{ev_type:exonerate/ID=match.2566964.4254/Target=lcl|PJQD01000098_1_prot_POY70703_1_7004;exonerate}
352113	352080	internal-	4	4	{Augustus_model.g4440.t1;Augustus},{GeneMark_model.5742_t;GeneMark},{ev_type:exonerate/ID=match.2566964.4254/Target=lcl|PJQD01000098_1_prot_POY70703_1_7004;exonerate}
352206	352114	INTRON			{Augustus_model.g4440.t1;Augustus},{GeneMark_model.5742_t;GeneMark},{ev_type:exonerate/ID=match.2566964.4254/Target=lcl|PJQD01000098_1_prot_POY70703_1_7004;exonerate}
352277	352207	internal-	5	6	{Augustus_model.g4440.t1;Augustus},{GeneMark_model.5742_t;GeneMark},{ev_type:exonerate/ID=match.2566964.4254/Target=lcl|PJQD01000098_1_prot_POY70703_1_7004;exonerate}
352713	352278	INTRON			{Augustus_model.g4440.t1;Augustus},{GeneMark_model.5742_t;GeneMark},{ev_type:exonerate/ID=match.2566964.4254/Target=lcl|PJQD01000098_1_prot_POY70703_1_7004;exonerate}
352756	352714	initial-	4	4	{GlimmerHMM_glimmerT_5359-T1;GlimmerHMM},{Augustus_model.g4440.t1;Augustus},{GeneMark_model.5742_t;GeneMark}

# EVM prediction: Mode:STANDARD S-ratio: 1.45 353668-354440 orient(+) score(2082.00) noncoding_equivalent(1432.14) raw_noncoding(2108.00) offset(675.86)
353668	353727	initial+	1	3	{Augustus_model.g4441.t1;Augustus},{GeneMark_model.5743_t;GeneMark},{GlimmerHMM_glimmerT_5360-T1;GlimmerHMM}
353728	353794	INTRON			{Augustus_model.g4441.t1;Augustus},{GeneMark_model.5743_t;GeneMark}
353795	353809	internal+	1	3	{Augustus_model.g4441.t1;Augustus},{GeneMark_model.5743_t;GeneMark}
353810	353964	INTRON			{Augustus_model.g4441.t1;Augustus},{GeneMark_model.5743_t;GeneMark}
353965	354046	internal+	1	1	{Augustus_model.g4441.t1;Augustus},{GeneMark_model.5743_t;GeneMark},{GlimmerHMM_glimmerT_5360-T1;GlimmerHMM}
354047	354135	INTRON			{Augustus_model.g4441.t1;Augustus},{GeneMark_model.5743_t;GeneMark},{GlimmerHMM_glimmerT_5360-T1;GlimmerHMM}
354136	354194	internal+	2	3	{Augustus_model.g4441.t1;Augustus},{GeneMark_model.5743_t;GeneMark},{GlimmerHMM_glimmerT_5360-T1;GlimmerHMM}
354195	354258	INTRON			{Augustus_model.g4441.t1;Augustus},{GeneMark_model.5743_t;GeneMark},{GlimmerHMM_glimmerT_5360-T1;GlimmerHMM}
354259	354321	internal+	1	3	{Augustus_model.g4441.t1;Augustus},{GeneMark_model.5743_t;GeneMark},{GlimmerHMM_glimmerT_5360-T1;GlimmerHMM}
354322	354386	INTRON			{Augustus_model.g4441.t1;Augustus},{GeneMark_model.5743_t;GeneMark},{GlimmerHMM_glimmerT_5360-T1;GlimmerHMM}
354387	354440	terminal+	1	3	{Augustus_model.g4441.t1;Augustus},{GeneMark_model.5743_t;GeneMark},{GlimmerHMM_glimmerT_5360-T1;GlimmerHMM}

# EVM prediction: Mode:STANDARD S-ratio: 3.23 355215-359689 orient(+) score(14647.00) noncoding_equivalent(4537.47) raw_noncoding(5090.00) offset(552.53)
355215	355442	initial+	1	3	{GlimmerHMM_glimmerT_5361-T1;GlimmerHMM},{GeneMark_model.5744_t;GeneMark},{Augustus_model.g4442.t1;Augustus}
355443	355523	INTRON			{GlimmerHMM_glimmerT_5361-T1;GlimmerHMM},{GeneMark_model.5744_t;GeneMark},{Augustus_model.g4442.t1;Augustus}
355524	356437	internal+	1	2	{GlimmerHMM_glimmerT_5361-T1;GlimmerHMM},{GeneMark_model.5744_t;GeneMark},{Augustus_model.g4442.t1;Augustus}
356438	356503	INTRON			{GlimmerHMM_glimmerT_5361-T1;GlimmerHMM},{GeneMark_model.5744_t;GeneMark},{Augustus_model.g4442.t1;Augustus}
356504	356854	internal+	3	2	{GlimmerHMM_glimmerT_5361-T1;GlimmerHMM},{GeneMark_model.5744_t;GeneMark},{Augustus_model.g4442.t1;Augustus}
356855	356920	INTRON			{GlimmerHMM_glimmerT_5361-T1;GlimmerHMM},{GeneMark_model.5744_t;GeneMark},{Augustus_model.g4442.t1;Augustus}
356921	357147	internal+	3	1	{GlimmerHMM_glimmerT_5361-T1;GlimmerHMM},{GeneMark_model.5744_t;GeneMark},{Augustus_model.g4442.t1;Augustus}
357148	357214	INTRON			{GlimmerHMM_glimmerT_5361-T1;GlimmerHMM},{GeneMark_model.5744_t;GeneMark},{Augustus_model.g4442.t1;Augustus}
357215	357592	internal+	2	1	{GlimmerHMM_glimmerT_5361-T1;GlimmerHMM},{GeneMark_model.5744_t;GeneMark},{Augustus_model.g4442.t1;Augustus}
357593	357660	INTRON			{GlimmerHMM_glimmerT_5361-T1;GlimmerHMM},{GeneMark_model.5744_t;GeneMark},{Augustus_model.g4442.t1;Augustus}
357661	357818	internal+	2	3	{GlimmerHMM_glimmerT_5361-T1;GlimmerHMM},{GeneMark_model.5744_t;GeneMark},{Augustus_model.g4442.t1;Augustus}
357819	357875	INTRON			{GlimmerHMM_glimmerT_5361-T1;GlimmerHMM},{GeneMark_model.5744_t;GeneMark},{Augustus_model.g4442.t1;Augustus}
357876	358311	internal+	1	1	{GlimmerHMM_glimmerT_5361-T1;GlimmerHMM},{GeneMark_model.5744_t;GeneMark},{Augustus_model.g4442.t1;Augustus}
358312	358369	INTRON			{GlimmerHMM_glimmerT_5361-T1;GlimmerHMM},{GeneMark_model.5744_t;GeneMark},{Augustus_model.g4442.t1;Augustus}
358370	358751	internal+	2	2	{GlimmerHMM_glimmerT_5361-T1;GlimmerHMM},{GeneMark_model.5744_t;GeneMark},{Augustus_model.g4442.t1;Augustus}
358752	358819	INTRON			{GlimmerHMM_glimmerT_5361-T1;GlimmerHMM},{GeneMark_model.5744_t;GeneMark},{Augustus_model.g4442.t1;Augustus}
358820	359043	internal+	3	1	{GlimmerHMM_glimmerT_5361-T1;GlimmerHMM},{GeneMark_model.5744_t;GeneMark},{Augustus_model.g4442.t1;Augustus}
359044	359110	INTRON			{GlimmerHMM_glimmerT_5361-T1;GlimmerHMM},{GeneMark_model.5744_t;GeneMark},{Augustus_model.g4442.t1;Augustus}
359111	359250	internal+	2	3	{GlimmerHMM_glimmerT_5361-T1;GlimmerHMM},{GeneMark_model.5744_t;GeneMark},{Augustus_model.g4442.t1;Augustus}
359251	359317	INTRON			{GlimmerHMM_glimmerT_5361-T1;GlimmerHMM},{GeneMark_model.5744_t;GeneMark},{Augustus_model.g4442.t1;Augustus}
359318	359689	terminal+	1	3	{GlimmerHMM_glimmerT_5361-T1;GlimmerHMM},{GeneMark_model.5744_t;GeneMark},{Augustus_model.g4442.t1;Augustus}

# EVM prediction: Mode:STANDARD S-ratio: 4.20 360154-361407 orient(+) score(6579.00) noncoding_equivalent(1565.87) raw_noncoding(1868.23) offset(302.35)
360154	360335	initial+	1	2	{GlimmerHMM_glimmerT_5362-T1;GlimmerHMM},{Augustus_model.g4443.t1;Augustus},{GeneMark_model.5745_t;GeneMark}
360336	360401	INTRON			{GlimmerHMM_glimmerT_5362-T1;GlimmerHMM},{Augustus_model.g4443.t1;Augustus},{GeneMark_model.5745_t;GeneMark},{ev_type:exonerate/ID=match.2566964.4265/Target=lcl|KQ954485_1_prot_KWU43792_1_3779;exonerate},{ev_type:exonerate/ID=match.2566964.4266/Target=lcl|PJQD01000080_1_prot_POY71553_1_5975;exonerate}
360402	360495	internal+	3	3	{GlimmerHMM_glimmerT_5362-T1;GlimmerHMM},{Augustus_model.g4443.t1;Augustus},{GeneMark_model.5745_t;GeneMark},{ev_type:exonerate/ID=match.2566964.4265/Target=lcl|KQ954485_1_prot_KWU43792_1_3779;exonerate},{ev_type:exonerate/ID=match.2566964.4266/Target=lcl|PJQD01000080_1_prot_POY71553_1_5975;exonerate}
360496	360564	INTRON			{GlimmerHMM_glimmerT_5362-T1;GlimmerHMM},{Augustus_model.g4443.t1;Augustus},{GeneMark_model.5745_t;GeneMark},{ev_type:exonerate/ID=match.2566964.4265/Target=lcl|KQ954485_1_prot_KWU43792_1_3779;exonerate},{ev_type:exonerate/ID=match.2566964.4266/Target=lcl|PJQD01000080_1_prot_POY71553_1_5975;exonerate}
360565	360765	internal+	1	3	{GlimmerHMM_glimmerT_5362-T1;GlimmerHMM},{Augustus_model.g4443.t1;Augustus},{GeneMark_model.5745_t;GeneMark},{ev_type:exonerate/ID=match.2566964.4265/Target=lcl|KQ954485_1_prot_KWU43792_1_3779;exonerate},{ev_type:exonerate/ID=match.2566964.4266/Target=lcl|PJQD01000080_1_prot_POY71553_1_5975;exonerate}
360766	360829	INTRON			{GlimmerHMM_glimmerT_5362-T1;GlimmerHMM},{Augustus_model.g4443.t1;Augustus},{GeneMark_model.5745_t;GeneMark},{ev_type:exonerate/ID=match.2566964.4265/Target=lcl|KQ954485_1_prot_KWU43792_1_3779;exonerate},{ev_type:exonerate/ID=match.2566964.4266/Target=lcl|PJQD01000080_1_prot_POY71553_1_5975;exonerate}
360830	361144	internal+	1	3	{GlimmerHMM_glimmerT_5362-T1;GlimmerHMM},{Augustus_model.g4443.t1;Augustus},{GeneMark_model.5745_t;GeneMark},{ev_type:exonerate/ID=match.2566964.4265/Target=lcl|KQ954485_1_prot_KWU43792_1_3779;exonerate},{ev_type:exonerate/ID=match.2566964.4266/Target=lcl|PJQD01000080_1_prot_POY71553_1_5975;exonerate}
361145	361208	INTRON			{GlimmerHMM_glimmerT_5362-T1;GlimmerHMM},{Augustus_model.g4443.t1;Augustus},{GeneMark_model.5745_t;GeneMark},{ev_type:exonerate/ID=match.2566964.4265/Target=lcl|KQ954485_1_prot_KWU43792_1_3779;exonerate},{ev_type:exonerate/ID=match.2566964.4266/Target=lcl|PJQD01000080_1_prot_POY71553_1_5975;exonerate}
361209	361284	internal+	1	1	{GlimmerHMM_glimmerT_5362-T1;GlimmerHMM},{Augustus_model.g4443.t1;Augustus},{GeneMark_model.5745_t;GeneMark},{ev_type:exonerate/ID=match.2566964.4265/Target=lcl|KQ954485_1_prot_KWU43792_1_3779;exonerate},{ev_type:exonerate/ID=match.2566964.4266/Target=lcl|PJQD01000080_1_prot_POY71553_1_5975;exonerate}
361285	361345	INTRON			{GlimmerHMM_glimmerT_5362-T1;GlimmerHMM},{Augustus_model.g4443.t1;Augustus},{GeneMark_model.5745_t;GeneMark},{ev_type:exonerate/ID=match.2566964.4265/Target=lcl|KQ954485_1_prot_KWU43792_1_3779;exonerate},{ev_type:exonerate/ID=match.2566964.4266/Target=lcl|PJQD01000080_1_prot_POY71553_1_5975;exonerate}
361346	361407	terminal+	2	3	{GlimmerHMM_glimmerT_5362-T1;GlimmerHMM},{Augustus_model.g4443.t1;Augustus},{GeneMark_model.5745_t;GeneMark}

# EVM prediction: Mode:STANDARD S-ratio: 3.17 361610-365155 orient(-) score(11713.00) noncoding_equivalent(3697.98) raw_noncoding(4566.00) offset(868.02)
361933	361610	terminal-	4	6	{GlimmerHMM_glimmerT_5363-T1;GlimmerHMM},{GeneMark_model.5746_t;GeneMark},{Augustus_model.g4444.t1;Augustus}
362004	361934	INTRON			{GlimmerHMM_glimmerT_5363-T1;GlimmerHMM},{GeneMark_model.5746_t;GeneMark},{Augustus_model.g4444.t1;Augustus}
362562	362005	internal-	4	6	{GlimmerHMM_glimmerT_5363-T1;GlimmerHMM},{GeneMark_model.5746_t;GeneMark},{Augustus_model.g4444.t1;Augustus}
362632	362563	INTRON			{GlimmerHMM_glimmerT_5363-T1;GlimmerHMM},{GeneMark_model.5746_t;GeneMark},{Augustus_model.g4444.t1;Augustus}
362815	362633	internal-	4	6	{GlimmerHMM_glimmerT_5363-T1;GlimmerHMM},{GeneMark_model.5746_t;GeneMark},{Augustus_model.g4444.t1;Augustus}
362887	362816	INTRON			{GlimmerHMM_glimmerT_5363-T1;GlimmerHMM},{GeneMark_model.5746_t;GeneMark},{Augustus_model.g4444.t1;Augustus}
362995	362888	internal-	4	6	{GlimmerHMM_glimmerT_5363-T1;GlimmerHMM},{GeneMark_model.5746_t;GeneMark},{Augustus_model.g4444.t1;Augustus}
363063	362996	INTRON			{GlimmerHMM_glimmerT_5363-T1;GlimmerHMM},{GeneMark_model.5746_t;GeneMark},{Augustus_model.g4444.t1;Augustus}
363171	363064	internal-	4	6	{GlimmerHMM_glimmerT_5363-T1;GlimmerHMM},{GeneMark_model.5746_t;GeneMark},{Augustus_model.g4444.t1;Augustus}
363240	363172	INTRON			{GlimmerHMM_glimmerT_5363-T1;GlimmerHMM},{GeneMark_model.5746_t;GeneMark},{Augustus_model.g4444.t1;Augustus}
363341	363241	internal-	5	6	{GlimmerHMM_glimmerT_5363-T1;GlimmerHMM},{Augustus_model.g4444.t1;Augustus}
363390	363342	INTRON			{GlimmerHMM_glimmerT_5363-T1;GlimmerHMM},{Augustus_model.g4444.t1;Augustus}
363494	363391	internal-	6	4	{GlimmerHMM_glimmerT_5363-T1;GlimmerHMM},{GeneMark_model.5746_t;GeneMark},{Augustus_model.g4444.t1;Augustus}
363554	363495	INTRON			{GlimmerHMM_glimmerT_5363-T1;GlimmerHMM},{GeneMark_model.5746_t;GeneMark},{Augustus_model.g4444.t1;Augustus}
363730	363555	internal-	4	5	{GlimmerHMM_glimmerT_5363-T1;GlimmerHMM},{GeneMark_model.5746_t;GeneMark},{Augustus_model.g4444.t1;Augustus}
363808	363731	INTRON			{GlimmerHMM_glimmerT_5363-T1;GlimmerHMM},{GeneMark_model.5746_t;GeneMark},{Augustus_model.g4444.t1;Augustus}
363932	363809	internal-	6	6	{GlimmerHMM_glimmerT_5363-T1;GlimmerHMM},{GeneMark_model.5746_t;GeneMark},{Augustus_model.g4444.t1;Augustus}
363995	363933	INTRON			{GeneMark_model.5746_t;GeneMark},{Augustus_model.g4444.t1;Augustus}
364082	363996	internal-	6	5	{GeneMark_model.5746_t;GeneMark},{Augustus_model.g4444.t1;Augustus}
364161	364083	INTRON			{GeneMark_model.5746_t;GeneMark},{Augustus_model.g4444.t1;Augustus}
364276	364162	internal-	5	5	{GlimmerHMM_glimmerT_5363-T1;GlimmerHMM},{GeneMark_model.5746_t;GeneMark},{Augustus_model.g4444.t1;Augustus}
364346	364277	INTRON			{GlimmerHMM_glimmerT_5363-T1;GlimmerHMM},{GeneMark_model.5746_t;GeneMark},{Augustus_model.g4444.t1;Augustus}
364458	364347	internal-	4	4	{GlimmerHMM_glimmerT_5363-T1;GlimmerHMM},{GeneMark_model.5746_t;GeneMark},{Augustus_model.g4444.t1;Augustus}
364534	364459	INTRON			{GlimmerHMM_glimmerT_5363-T1;GlimmerHMM},{GeneMark_model.5746_t;GeneMark},{Augustus_model.g4444.t1;Augustus}
365155	364535	initial-	4	6	{GlimmerHMM_glimmerT_5363-T1;GlimmerHMM},{GeneMark_model.5746_t;GeneMark},{Augustus_model.g4444.t1;Augustus}

# EVM prediction: Mode:STANDARD S-ratio: 7.81 366010-367591 orient(+) score(8803.00) noncoding_equivalent(1127.15) raw_noncoding(1366.00) offset(238.85)
366010	366112	initial+	1	1	{Augustus_model.g4445.t1;Augustus},{GeneMark_model.5747_t;GeneMark},{GlimmerHMM_glimmerT_5364-T1;GlimmerHMM}
366113	366213	INTRON			{Augustus_model.g4445.t1;Augustus},{GeneMark_model.5747_t;GeneMark},{GlimmerHMM_glimmerT_5364-T1;GlimmerHMM},{ev_type:exonerate/ID=match.2566964.4249/Target=lcl|PJQD01000080_1_prot_POY71557_1_5979;exonerate},{ev_type:exonerate/ID=match.2566964.4250/Target=lcl|KQ954485_1_prot_KWU43790_1_3777;exonerate}
366214	366388	internal+	2	2	{Augustus_model.g4445.t1;Augustus},{GeneMark_model.5747_t;GeneMark},{GlimmerHMM_glimmerT_5364-T1;GlimmerHMM},{ev_type:exonerate/ID=match.2566964.4249/Target=lcl|PJQD01000080_1_prot_POY71557_1_5979;exonerate},{ev_type:exonerate/ID=match.2566964.4250/Target=lcl|KQ954485_1_prot_KWU43790_1_3777;exonerate}
366389	366453	INTRON			{Augustus_model.g4445.t1;Augustus},{GeneMark_model.5747_t;GeneMark},{GlimmerHMM_glimmerT_5364-T1;GlimmerHMM},{ev_type:exonerate/ID=match.2566964.4249/Target=lcl|PJQD01000080_1_prot_POY71557_1_5979;exonerate},{ev_type:exonerate/ID=match.2566964.4250/Target=lcl|KQ954485_1_prot_KWU43790_1_3777;exonerate}
366454	367347	internal+	3	2	{Augustus_model.g4445.t1;Augustus},{GeneMark_model.5747_t;GeneMark},{GlimmerHMM_glimmerT_5364-T1;GlimmerHMM},{ev_type:exonerate/ID=match.2566964.4249/Target=lcl|PJQD01000080_1_prot_POY71557_1_5979;exonerate},{ev_type:exonerate/ID=match.2566964.4250/Target=lcl|KQ954485_1_prot_KWU43790_1_3777;exonerate}
367348	367410	INTRON			{Augustus_model.g4445.t1;Augustus},{GeneMark_model.5747_t;GeneMark},{GlimmerHMM_glimmerT_5364-T1;GlimmerHMM},{ev_type:exonerate/ID=match.2566964.4249/Target=lcl|PJQD01000080_1_prot_POY71557_1_5979;exonerate},{ev_type:exonerate/ID=match.2566964.4250/Target=lcl|KQ954485_1_prot_KWU43790_1_3777;exonerate}
367411	367591	terminal+	3	3	{Augustus_model.g4445.t1;Augustus},{GeneMark_model.5747_t;GeneMark},{GlimmerHMM_glimmerT_5364-T1;GlimmerHMM}

# EVM prediction: Mode:STANDARD S-ratio: 2.21 367799-369740 orient(-) score(5740.00) noncoding_equivalent(2595.09) raw_noncoding(3307.00) offset(711.91)
368121	367799	terminal-	5	6	{GlimmerHMM_glimmerT_5365-T1;GlimmerHMM},{snap_scaffold_14-snap.129-T1;snap},{GeneMark_model.5748_t;GeneMark},{Augustus_model.g4446.t1;Augustus}
368220	368122	INTRON			{GlimmerHMM_glimmerT_5365-T1;GlimmerHMM},{GeneMark_model.5748_t;GeneMark},{Augustus_model.g4446.t1;Augustus}
368484	368221	internal-	5	4	{GlimmerHMM_glimmerT_5365-T1;GlimmerHMM},{GeneMark_model.5748_t;GeneMark},{Augustus_model.g4446.t1;Augustus}
368559	368485	INTRON			{GlimmerHMM_glimmerT_5365-T1;GlimmerHMM},{GeneMark_model.5748_t;GeneMark},{Augustus_model.g4446.t1;Augustus}
368730	368560	internal-	5	4	{GeneMark_model.5748_t;GeneMark},{Augustus_model.g4446.t1;Augustus}
368792	368731	INTRON			{GeneMark_model.5748_t;GeneMark},{Augustus_model.g4446.t1;Augustus}
368853	368793	internal-	4	4	{GeneMark_model.5748_t;GeneMark},{Augustus_model.g4446.t1;Augustus}
368912	368854	INTRON			{GeneMark_model.5748_t;GeneMark},{Augustus_model.g4446.t1;Augustus}
369132	368913	internal-	6	6	{GeneMark_model.5748_t;GeneMark},{Augustus_model.g4446.t1;Augustus}
369196	369133	INTRON			{GlimmerHMM_glimmerT_5365-T1;GlimmerHMM},{GeneMark_model.5748_t;GeneMark},{Augustus_model.g4446.t1;Augustus}
369290	369197	internal-	5	5	{GlimmerHMM_glimmerT_5365-T1;GlimmerHMM},{GeneMark_model.5748_t;GeneMark},{Augustus_model.g4446.t1;Augustus}
369345	369291	INTRON			{GlimmerHMM_glimmerT_5365-T1;GlimmerHMM},{GeneMark_model.5748_t;GeneMark},{Augustus_model.g4446.t1;Augustus}
369488	369346	internal-	6	4	{GeneMark_model.5748_t;GeneMark},{Augustus_model.g4446.t1;Augustus}
369567	369489	INTRON			{GeneMark_model.5748_t;GeneMark},{Augustus_model.g4446.t1;Augustus}
369740	369568	initial-	4	5	{GeneMark_model.5748_t;GeneMark},{Augustus_model.g4446.t1;Augustus}

# EVM prediction: Mode:STANDARD S-ratio: 1.90 370265-371600 orient(+) score(3662.00) noncoding_equivalent(1925.32) raw_noncoding(2302.00) offset(376.68)
370265	370392	initial+	1	2	{Augustus_model.g4447.t1;Augustus},{GlimmerHMM_glimmerT_5366-T1;GlimmerHMM},{GeneMark_model.5749_t;GeneMark}
370393	370455	INTRON			{Augustus_model.g4447.t1;Augustus},{GlimmerHMM_glimmerT_5366-T1;GlimmerHMM},{GeneMark_model.5749_t;GeneMark}
370456	370703	internal+	3	1	{Augustus_model.g4447.t1;Augustus},{GlimmerHMM_glimmerT_5366-T1;GlimmerHMM},{GeneMark_model.5749_t;GeneMark}
370704	370766	INTRON			{Augustus_model.g4447.t1;Augustus},{GlimmerHMM_glimmerT_5366-T1;GlimmerHMM},{GeneMark_model.5749_t;GeneMark}
370767	370856	internal+	2	1	{Augustus_model.g4447.t1;Augustus},{GlimmerHMM_glimmerT_5366-T1;GlimmerHMM},{GeneMark_model.5749_t;GeneMark}
370857	370916	INTRON			{Augustus_model.g4447.t1;Augustus},{GeneMark_model.5749_t;GeneMark}
370917	370977	internal+	2	2	{Augustus_model.g4447.t1;Augustus},{GeneMark_model.5749_t;GeneMark}
370978	371038	INTRON			{Augustus_model.g4447.t1;Augustus},{GeneMark_model.5749_t;GeneMark}
371039	371600	terminal+	3	3	{Augustus_model.g4447.t1;Augustus},{GeneMark_model.5749_t;GeneMark}

# EVM prediction: Mode:STANDARD S-ratio: 1.75 371693-373077 orient(-) score(3523.00) noncoding_equivalent(2016.41) raw_noncoding(2405.00) offset(388.59)
372152	371693	terminal-	6	6	{GeneMark_model.5750_t;GeneMark},{Augustus_model.g4448.t1;Augustus}
372215	372153	INTRON			{GeneMark_model.5750_t;GeneMark},{Augustus_model.g4448.t1;Augustus}
372292	372216	internal-	4	5	{GeneMark_model.5750_t;GeneMark},{Augustus_model.g4448.t1;Augustus}
372359	372293	INTRON			{GeneMark_model.5750_t;GeneMark},{Augustus_model.g4448.t1;Augustus}
372499	372360	internal-	5	6	{GeneMark_model.5750_t;GeneMark},{Augustus_model.g4448.t1;Augustus}
372563	372500	INTRON			{GeneMark_model.5750_t;GeneMark},{Augustus_model.g4448.t1;Augustus}
373077	372564	initial-	4	4	{GeneMark_model.5750_t;GeneMark}

# EVM prediction: Mode:STANDARD S-ratio: 2.79 373823-375108 orient(-) score(4065.00) noncoding_equivalent(1457.59) raw_noncoding(1723.03) offset(265.44)
374026	373823	terminal-	4	6	{GlimmerHMM_glimmerT_5368-T1;GlimmerHMM},{GeneMark_model.5751_t;GeneMark},{Augustus_model.g4449.t1;Augustus}
374092	374027	INTRON			{GlimmerHMM_glimmerT_5368-T1;GlimmerHMM},{GeneMark_model.5751_t;GeneMark},{Augustus_model.g4449.t1;Augustus}
374348	374093	internal-	6	6	{GlimmerHMM_glimmerT_5368-T1;GlimmerHMM},{GeneMark_model.5751_t;GeneMark},{Augustus_model.g4449.t1;Augustus}
374412	374349	INTRON			{GlimmerHMM_glimmerT_5368-T1;GlimmerHMM},{GeneMark_model.5751_t;GeneMark},{Augustus_model.g4449.t1;Augustus}
374489	374413	internal-	4	5	{GlimmerHMM_glimmerT_5368-T1;GlimmerHMM},{GeneMark_model.5751_t;GeneMark},{Augustus_model.g4449.t1;Augustus}
374557	374490	INTRON			{GlimmerHMM_glimmerT_5368-T1;GlimmerHMM},{GeneMark_model.5751_t;GeneMark},{Augustus_model.g4449.t1;Augustus}
374700	374558	internal-	5	6	{GeneMark_model.5751_t;GeneMark},{Augustus_model.g4449.t1;Augustus}
374759	374701	INTRON			{GeneMark_model.5751_t;GeneMark},{Augustus_model.g4449.t1;Augustus}
375108	374760	initial-	4	4	{GeneMark_model.5751_t;GeneMark}

# EVM prediction: Mode:STANDARD S-ratio: 4.98 375345-377139 orient(-) score(6155.00) noncoding_equivalent(1236.69) raw_noncoding(1773.41) offset(536.72)
376479	375345	terminal-	6	6	{GeneMark_model.5752_t;GeneMark},{GlimmerHMM_glimmerT_5369-T1;GlimmerHMM}
376553	376480	INTRON			{Augustus_model.g4449.t1;Augustus},{GeneMark_model.5752_t;GeneMark}
376603	376554	internal-	4	5	{Augustus_model.g4449.t1;Augustus},{GeneMark_model.5752_t;GeneMark}
376693	376604	INTRON			{Augustus_model.g4449.t1;Augustus},{GeneMark_model.5752_t;GeneMark}
376703	376694	internal-	6	6	{Augustus_model.g4449.t1;Augustus},{GeneMark_model.5752_t;GeneMark}
376782	376704	INTRON			{Augustus_model.g4449.t1;Augustus},{GeneMark_model.5752_t;GeneMark}
376851	376783	internal-	6	5	{Augustus_model.g4449.t1;Augustus},{GeneMark_model.5752_t;GeneMark},{GlimmerHMM_glimmerT_5369-T1;GlimmerHMM}
376960	376852	INTRON			{Augustus_model.g4449.t1;Augustus},{GeneMark_model.5752_t;GeneMark},{GlimmerHMM_glimmerT_5369-T1;GlimmerHMM}
377139	376961	initial-	4	5	{Augustus_model.g4449.t1;Augustus},{GeneMark_model.5752_t;GeneMark},{GlimmerHMM_glimmerT_5369-T1;GlimmerHMM}

# EVM prediction: Mode:STANDARD S-ratio: 3.31 377615-383100 orient(+) score(24256.00) noncoding_equivalent(7330.81) raw_noncoding(10521.00) offset(3190.19)
377615	377880	initial+	1	2	{Augustus_model.g4450.t1;Augustus},{GeneMark_model.5753_t;GeneMark},{GlimmerHMM_glimmerT_5370-T1;GlimmerHMM}
377881	377967	INTRON			{Augustus_model.g4450.t1;Augustus},{GeneMark_model.5753_t;GeneMark},{GlimmerHMM_glimmerT_5370-T1;GlimmerHMM}
377968	378159	internal+	3	2	{Augustus_model.g4450.t1;Augustus},{GeneMark_model.5753_t;GeneMark},{GlimmerHMM_glimmerT_5370-T1;GlimmerHMM}
378160	378249	INTRON			{Augustus_model.g4450.t1;Augustus},{GeneMark_model.5753_t;GeneMark},{GlimmerHMM_glimmerT_5370-T1;GlimmerHMM}
378250	378394	internal+	3	3	{Augustus_model.g4450.t1;Augustus},{GeneMark_model.5753_t;GeneMark},{GlimmerHMM_glimmerT_5370-T1;GlimmerHMM}
378395	378460	INTRON			{Augustus_model.g4450.t1;Augustus},{GeneMark_model.5753_t;GeneMark},{GlimmerHMM_glimmerT_5370-T1;GlimmerHMM}
378461	378688	internal+	1	3	{Augustus_model.g4450.t1;Augustus},{GeneMark_model.5753_t;GeneMark},{GlimmerHMM_glimmerT_5370-T1;GlimmerHMM}
378689	378769	INTRON			{Augustus_model.g4450.t1;Augustus},{GeneMark_model.5753_t;GeneMark},{GlimmerHMM_glimmerT_5370-T1;GlimmerHMM}
378770	379115	internal+	1	1	{Augustus_model.g4450.t1;Augustus},{GeneMark_model.5753_t;GeneMark},{GlimmerHMM_glimmerT_5370-T1;GlimmerHMM}
379116	379180	INTRON			{Augustus_model.g4450.t1;Augustus},{GeneMark_model.5753_t;GeneMark},{GlimmerHMM_glimmerT_5370-T1;GlimmerHMM},{ev_type:exonerate/ID=match.2566964.4252/Target=lcl|NW_017264945_1_prot_XP_018267891_1_6742;exonerate}
379181	379297	internal+	2	1	{Augustus_model.g4450.t1;Augustus},{GeneMark_model.5753_t;GeneMark},{GlimmerHMM_glimmerT_5370-T1;GlimmerHMM},{ev_type:exonerate/ID=match.2566964.4252/Target=lcl|NW_017264945_1_prot_XP_018267891_1_6742;exonerate}
379298	379370	INTRON			{Augustus_model.g4450.t1;Augustus},{GeneMark_model.5753_t;GeneMark},{GlimmerHMM_glimmerT_5370-T1;GlimmerHMM},{ev_type:exonerate/ID=match.2566964.4253/Target=lcl|KQ954485_1_prot_KWU43784_1_3771;exonerate},{ev_type:exonerate/ID=match.2566964.4252/Target=lcl|NW_017264945_1_prot_XP_018267891_1_6742;exonerate}
379371	379810	internal+	2	3	{Augustus_model.g4450.t1;Augustus},{GeneMark_model.5753_t;GeneMark},{GlimmerHMM_glimmerT_5370-T1;GlimmerHMM},{ev_type:exonerate/ID=match.2566964.4252/Target=lcl|NW_017264945_1_prot_XP_018267891_1_6742;exonerate}
379811	379888	INTRON			{Augustus_model.g4450.t1;Augustus},{GeneMark_model.5753_t;GeneMark},{GlimmerHMM_glimmerT_5370-T1;GlimmerHMM},{ev_type:exonerate/ID=match.2566964.4253/Target=lcl|KQ954485_1_prot_KWU43784_1_3771;exonerate},{ev_type:exonerate/ID=match.2566964.4252/Target=lcl|NW_017264945_1_prot_XP_018267891_1_6742;exonerate}
379889	380118	internal+	1	2	{Augustus_model.g4450.t1;Augustus},{GeneMark_model.5753_t;GeneMark},{GlimmerHMM_glimmerT_5370-T1;GlimmerHMM},{ev_type:exonerate/ID=match.2566964.4253/Target=lcl|KQ954485_1_prot_KWU43784_1_3771;exonerate},{ev_type:exonerate/ID=match.2566964.4252/Target=lcl|NW_017264945_1_prot_XP_018267891_1_6742;exonerate}
380119	380191	INTRON			{Augustus_model.g4450.t1;Augustus},{GeneMark_model.5753_t;GeneMark},{GlimmerHMM_glimmerT_5370-T1;GlimmerHMM},{ev_type:exonerate/ID=match.2566964.4253/Target=lcl|KQ954485_1_prot_KWU43784_1_3771;exonerate},{ev_type:exonerate/ID=match.2566964.4252/Target=lcl|NW_017264945_1_prot_XP_018267891_1_6742;exonerate}
380192	380290	internal+	3	2	{Augustus_model.g4450.t1;Augustus},{GeneMark_model.5753_t;GeneMark},{GlimmerHMM_glimmerT_5370-T1;GlimmerHMM},{ev_type:exonerate/ID=match.2566964.4253/Target=lcl|KQ954485_1_prot_KWU43784_1_3771;exonerate},{ev_type:exonerate/ID=match.2566964.4252/Target=lcl|NW_017264945_1_prot_XP_018267891_1_6742;exonerate}
380291	380359	INTRON			{Augustus_model.g4450.t1;Augustus},{GeneMark_model.5753_t;GeneMark},{GlimmerHMM_glimmerT_5370-T1;GlimmerHMM},{ev_type:exonerate/ID=match.2566964.4253/Target=lcl|KQ954485_1_prot_KWU43784_1_3771;exonerate},{ev_type:exonerate/ID=match.2566964.4252/Target=lcl|NW_017264945_1_prot_XP_018267891_1_6742;exonerate}
380360	380498	internal+	3	3	{Augustus_model.g4450.t1;Augustus},{GeneMark_model.5753_t;GeneMark},{GlimmerHMM_glimmerT_5370-T1;GlimmerHMM},{ev_type:exonerate/ID=match.2566964.4253/Target=lcl|KQ954485_1_prot_KWU43784_1_3771;exonerate},{ev_type:exonerate/ID=match.2566964.4252/Target=lcl|NW_017264945_1_prot_XP_018267891_1_6742;exonerate}
380499	380559	INTRON			{Augustus_model.g4450.t1;Augustus},{GeneMark_model.5753_t;GeneMark},{GlimmerHMM_glimmerT_5370-T1;GlimmerHMM},{ev_type:exonerate/ID=match.2566964.4253/Target=lcl|KQ954485_1_prot_KWU43784_1_3771;exonerate},{ev_type:exonerate/ID=match.2566964.4252/Target=lcl|NW_017264945_1_prot_XP_018267891_1_6742;exonerate}
380560	380637	internal+	1	3	{Augustus_model.g4450.t1;Augustus},{GeneMark_model.5753_t;GeneMark},{GlimmerHMM_glimmerT_5370-T1;GlimmerHMM},{ev_type:exonerate/ID=match.2566964.4253/Target=lcl|KQ954485_1_prot_KWU43784_1_3771;exonerate},{ev_type:exonerate/ID=match.2566964.4252/Target=lcl|NW_017264945_1_prot_XP_018267891_1_6742;exonerate}
380638	380714	INTRON			{Augustus_model.g4450.t1;Augustus},{GeneMark_model.5753_t;GeneMark},{GlimmerHMM_glimmerT_5370-T1;GlimmerHMM},{ev_type:exonerate/ID=match.2566964.4253/Target=lcl|KQ954485_1_prot_KWU43784_1_3771;exonerate},{ev_type:exonerate/ID=match.2566964.4252/Target=lcl|NW_017264945_1_prot_XP_018267891_1_6742;exonerate}
380715	380749	internal+	1	2	{Augustus_model.g4450.t1;Augustus},{GeneMark_model.5753_t;GeneMark}
380750	381412	INTRON			{Augustus_model.g4450.t1;Augustus},{GeneMark_model.5753_t;GeneMark}
381413	381448	internal+	3	2	{Augustus_model.g4450.t1;Augustus},{GeneMark_model.5753_t;GeneMark}
381449	381534	INTRON			{Augustus_model.g4450.t1;Augustus},{GeneMark_model.5753_t;GeneMark}
381535	381542	internal+	3	1	{Augustus_model.g4450.t1;Augustus},{GeneMark_model.5753_t;GeneMark}
381543	381649	INTRON			{Augustus_model.g4450.t1;Augustus},{GeneMark_model.5753_t;GeneMark}
381650	381680	internal+	2	2	{Augustus_model.g4450.t1;Augustus},{GeneMark_model.5753_t;GeneMark}
381681	381806	INTRON			{Augustus_model.g4450.t1;Augustus},{GeneMark_model.5753_t;GeneMark},{ev_type:exonerate/ID=match.2566964.4263/Target=lcl|NW_017264945_1_prot_XP_018267898_1_6749;exonerate},{ev_type:exonerate/ID=match.2566964.4264/Target=lcl|LCTV02000013_1_prot_PRQ71073_1_2245;exonerate},{ev_type:exonerate/ID=match.2566964.4259/Target=lcl|KQ954485_1_prot_KWU43783_1_3770;exonerate}
381807	381842	internal+	3	2	{Augustus_model.g4450.t1;Augustus},{GeneMark_model.5753_t;GeneMark},{ev_type:exonerate/ID=match.2566964.4263/Target=lcl|NW_017264945_1_prot_XP_018267898_1_6749;exonerate},{ev_type:exonerate/ID=match.2566964.4264/Target=lcl|LCTV02000013_1_prot_PRQ71073_1_2245;exonerate},{ev_type:exonerate/ID=match.2566964.4259/Target=lcl|KQ954485_1_prot_KWU43783_1_3770;exonerate}
381843	381910	INTRON			{Augustus_model.g4450.t1;Augustus},{GeneMark_model.5753_t;GeneMark},{ev_type:exonerate/ID=match.2566964.4263/Target=lcl|NW_017264945_1_prot_XP_018267898_1_6749;exonerate},{ev_type:exonerate/ID=match.2566964.4264/Target=lcl|LCTV02000013_1_prot_PRQ71073_1_2245;exonerate},{ev_type:exonerate/ID=match.2566964.4259/Target=lcl|KQ954485_1_prot_KWU43783_1_3770;exonerate}
381911	381938	internal+	3	3	{Augustus_model.g4450.t1;Augustus},{GeneMark_model.5753_t;GeneMark},{ev_type:exonerate/ID=match.2566964.4263/Target=lcl|NW_017264945_1_prot_XP_018267898_1_6749;exonerate},{ev_type:exonerate/ID=match.2566964.4264/Target=lcl|LCTV02000013_1_prot_PRQ71073_1_2245;exonerate},{ev_type:exonerate/ID=match.2566964.4259/Target=lcl|KQ954485_1_prot_KWU43783_1_3770;exonerate}
381939	382054	INTRON			{Augustus_model.g4450.t1;Augustus},{GeneMark_model.5753_t;GeneMark},{ev_type:exonerate/ID=match.2566964.4263/Target=lcl|NW_017264945_1_prot_XP_018267898_1_6749;exonerate},{ev_type:exonerate/ID=match.2566964.4264/Target=lcl|LCTV02000013_1_prot_PRQ71073_1_2245;exonerate},{ev_type:exonerate/ID=match.2566964.4259/Target=lcl|KQ954485_1_prot_KWU43783_1_3770;exonerate}
382055	382325	internal+	1	1	{Augustus_model.g4450.t1;Augustus},{GeneMark_model.5753_t;GeneMark},{ev_type:exonerate/ID=match.2566964.4263/Target=lcl|NW_017264945_1_prot_XP_018267898_1_6749;exonerate},{ev_type:exonerate/ID=match.2566964.4264/Target=lcl|LCTV02000013_1_prot_PRQ71073_1_2245;exonerate},{ev_type:exonerate/ID=match.2566964.4259/Target=lcl|KQ954485_1_prot_KWU43783_1_3770;exonerate}
382326	382403	INTRON			{Augustus_model.g4450.t1;Augustus},{GeneMark_model.5753_t;GeneMark},{GlimmerHMM_glimmerT_5371-T1;GlimmerHMM},{ev_type:exonerate/ID=match.2566964.4263/Target=lcl|NW_017264945_1_prot_XP_018267898_1_6749;exonerate},{ev_type:exonerate/ID=match.2566964.4264/Target=lcl|LCTV02000013_1_prot_PRQ71073_1_2245;exonerate},{ev_type:exonerate/ID=match.2566964.4259/Target=lcl|KQ954485_1_prot_KWU43783_1_3770;exonerate}
382404	382960	internal+	2	3	{Augustus_model.g4450.t1;Augustus},{GeneMark_model.5753_t;GeneMark},{GlimmerHMM_glimmerT_5371-T1;GlimmerHMM},{ev_type:exonerate/ID=match.2566964.4263/Target=lcl|NW_017264945_1_prot_XP_018267898_1_6749;exonerate},{ev_type:exonerate/ID=match.2566964.4264/Target=lcl|LCTV02000013_1_prot_PRQ71073_1_2245;exonerate},{ev_type:exonerate/ID=match.2566964.4259/Target=lcl|KQ954485_1_prot_KWU43783_1_3770;exonerate}
382961	383037	INTRON			{Augustus_model.g4450.t1;Augustus},{GeneMark_model.5753_t;GeneMark},{GlimmerHMM_glimmerT_5371-T1;GlimmerHMM},{ev_type:exonerate/ID=match.2566964.4263/Target=lcl|NW_017264945_1_prot_XP_018267898_1_6749;exonerate},{ev_type:exonerate/ID=match.2566964.4264/Target=lcl|LCTV02000013_1_prot_PRQ71073_1_2245;exonerate},{ev_type:exonerate/ID=match.2566964.4259/Target=lcl|KQ954485_1_prot_KWU43783_1_3770;exonerate}
383038	383100	terminal+	1	3	{Augustus_model.g4450.t1;Augustus},{GeneMark_model.5753_t;GeneMark},{GlimmerHMM_glimmerT_5371-T1;GlimmerHMM}

# EVM prediction: Mode:STANDARD S-ratio: 3.75 383408-384741 orient(+) score(5535.00) noncoding_equivalent(1476.09) raw_noncoding(1700.09) offset(224.00)
383408	383689	initial+	1	3	{GeneMark_model.5754_t;GeneMark},{GlimmerHMM_glimmerT_5372-T1;GlimmerHMM},{Augustus_model.g4451.t1;Augustus}
383690	383802	INTRON			{GeneMark_model.5754_t;GeneMark},{GlimmerHMM_glimmerT_5372-T1;GlimmerHMM},{Augustus_model.g4451.t1;Augustus},{ev_type:exonerate/ID=match.2566964.4267/Target=lcl|KQ954485_1_prot_KWU43782_1_3769;exonerate}
383803	384253	internal+	1	1	{GeneMark_model.5754_t;GeneMark},{GlimmerHMM_glimmerT_5372-T1;GlimmerHMM},{Augustus_model.g4451.t1;Augustus}
384254	384352	INTRON			{GeneMark_model.5754_t;GeneMark},{GlimmerHMM_glimmerT_5372-T1;GlimmerHMM},{Augustus_model.g4451.t1;Augustus},{ev_type:exonerate/ID=match.2566964.4267/Target=lcl|KQ954485_1_prot_KWU43782_1_3769;exonerate}
384353	384531	internal+	2	3	{GeneMark_model.5754_t;GeneMark},{GlimmerHMM_glimmerT_5372-T1;GlimmerHMM},{Augustus_model.g4451.t1;Augustus},{ev_type:exonerate/ID=match.2566964.4267/Target=lcl|KQ954485_1_prot_KWU43782_1_3769;exonerate}
384532	384606	INTRON			{GeneMark_model.5754_t;GeneMark},{GlimmerHMM_glimmerT_5372-T1;GlimmerHMM},{Augustus_model.g4451.t1;Augustus},{ev_type:exonerate/ID=match.2566964.4267/Target=lcl|KQ954485_1_prot_KWU43782_1_3769;exonerate}
384607	384741	terminal+	1	3	{GeneMark_model.5754_t;GeneMark},{GlimmerHMM_glimmerT_5372-T1;GlimmerHMM}

# EVM prediction: Mode:STANDARD S-ratio: 3.67 385016-389169 orient(+) score(13945.00) noncoding_equivalent(3804.79) raw_noncoding(4477.14) offset(672.35)
385016	385515	initial+	1	2	{GeneMark_model.5755_t;GeneMark},{GlimmerHMM_glimmerT_5373-T1;GlimmerHMM}
385516	385614	INTRON			{GeneMark_model.5755_t;GeneMark},{Augustus_model.g4451.t1;Augustus},{GlimmerHMM_glimmerT_5373-T1;GlimmerHMM}
385615	385649	internal+	3	1	{GeneMark_model.5755_t;GeneMark},{Augustus_model.g4451.t1;Augustus},{GlimmerHMM_glimmerT_5373-T1;GlimmerHMM}
385650	385724	INTRON			{GeneMark_model.5755_t;GeneMark},{Augustus_model.g4451.t1;Augustus},{GlimmerHMM_glimmerT_5373-T1;GlimmerHMM}
385725	385814	internal+	2	1	{GeneMark_model.5755_t;GeneMark},{Augustus_model.g4451.t1;Augustus},{GlimmerHMM_glimmerT_5373-T1;GlimmerHMM}
385815	385890	INTRON			{GeneMark_model.5755_t;GeneMark},{Augustus_model.g4451.t1;Augustus},{GlimmerHMM_glimmerT_5373-T1;GlimmerHMM}
385891	386085	internal+	2	1	{GeneMark_model.5755_t;GeneMark},{Augustus_model.g4451.t1;Augustus},{GlimmerHMM_glimmerT_5373-T1;GlimmerHMM}
386086	386156	INTRON			{GeneMark_model.5755_t;GeneMark},{Augustus_model.g4451.t1;Augustus},{GlimmerHMM_glimmerT_5373-T1;GlimmerHMM}
386157	386277	internal+	2	2	{GeneMark_model.5755_t;GeneMark},{Augustus_model.g4451.t1;Augustus},{GlimmerHMM_glimmerT_5373-T1;GlimmerHMM}
386278	386341	INTRON			{GeneMark_model.5755_t;GeneMark},{Augustus_model.g4451.t1;Augustus},{GlimmerHMM_glimmerT_5373-T1;GlimmerHMM}
386342	386651	internal+	3	3	{GeneMark_model.5755_t;GeneMark},{Augustus_model.g4451.t1;Augustus},{GlimmerHMM_glimmerT_5373-T1;GlimmerHMM}
386652	386719	INTRON			{GeneMark_model.5755_t;GeneMark},{Augustus_model.g4451.t1;Augustus},{ev_type:exonerate/ID=match.2566964.4310/Target=lcl|NW_017264945_1_prot_XP_018267900_1_6751;exonerate}
386720	386779	internal+	1	3	{GeneMark_model.5755_t;GeneMark},{Augustus_model.g4451.t1;Augustus}
386780	386844	INTRON			{GeneMark_model.5755_t;GeneMark},{Augustus_model.g4451.t1;Augustus}
386845	389169	terminal+	1	3	{GeneMark_model.5755_t;GeneMark},{Augustus_model.g4451.t1;Augustus},{GlimmerHMM_glimmerT_5373-T1;GlimmerHMM}

# EVM prediction: Mode:STANDARD S-ratio: 3.73 389679-391108 orient(-) score(8754.00) noncoding_equivalent(2345.15) raw_noncoding(3206.00) offset(860.85)
389813	389679	terminal-	4	6	{HiQ_model.g4452.t1;HiQ},{GeneMark_model.5756_t;GeneMark},{GlimmerHMM_glimmerT_5374-T1;GlimmerHMM}
389904	389814	INTRON			{HiQ_model.g4452.t1;HiQ},{GeneMark_model.5756_t;GeneMark},{GlimmerHMM_glimmerT_5374-T1;GlimmerHMM},{ev_type:exonerate/ID=match.2566964.4262/Target=lcl|PJQD01000080_1_prot_POY71565_1_5987;exonerate},{ev_type:exonerate/ID=match.2566964.4260/Target=lcl|KQ954564_1_prot_KWU41078_1_6570;exonerate}
390343	389905	internal-	6	6	{HiQ_model.g4452.t1;HiQ},{GeneMark_model.5756_t;GeneMark},{GlimmerHMM_glimmerT_5374-T1;GlimmerHMM},{ev_type:exonerate/ID=match.2566964.4262/Target=lcl|PJQD01000080_1_prot_POY71565_1_5987;exonerate}
390415	390344	INTRON			{HiQ_model.g4452.t1;HiQ},{GeneMark_model.5756_t;GeneMark},{ev_type:exonerate/ID=match.2566964.4262/Target=lcl|PJQD01000080_1_prot_POY71565_1_5987;exonerate}
390450	390416	internal-	4	5	{HiQ_model.g4452.t1;HiQ},{GeneMark_model.5756_t;GeneMark},{ev_type:exonerate/ID=match.2566964.4262/Target=lcl|PJQD01000080_1_prot_POY71565_1_5987;exonerate}
390535	390451	INTRON			{HiQ_model.g4452.t1;HiQ},{GeneMark_model.5756_t;GeneMark},{GlimmerHMM_glimmerT_5374-T1;GlimmerHMM},{ev_type:exonerate/ID=match.2566964.4262/Target=lcl|PJQD01000080_1_prot_POY71565_1_5987;exonerate}
390803	390536	internal-	6	6	{HiQ_model.g4452.t1;HiQ},{GeneMark_model.5756_t;GeneMark},{GlimmerHMM_glimmerT_5374-T1;GlimmerHMM},{ev_type:exonerate/ID=match.2566964.4262/Target=lcl|PJQD01000080_1_prot_POY71565_1_5987;exonerate}
390900	390804	INTRON			{HiQ_model.g4452.t1;HiQ},{GeneMark_model.5756_t;GeneMark},{GlimmerHMM_glimmerT_5374-T1;GlimmerHMM},{ev_type:exonerate/ID=match.2566964.4262/Target=lcl|PJQD01000080_1_prot_POY71565_1_5987;exonerate},{ev_type:exonerate/ID=match.2566964.4260/Target=lcl|KQ954564_1_prot_KWU41078_1_6570;exonerate}
391010	390901	internal-	4	5	{HiQ_model.g4452.t1;HiQ},{GeneMark_model.5756_t;GeneMark},{GlimmerHMM_glimmerT_5374-T1;GlimmerHMM},{ev_type:exonerate/ID=match.2566964.4262/Target=lcl|PJQD01000080_1_prot_POY71565_1_5987;exonerate},{ev_type:exonerate/ID=match.2566964.4260/Target=lcl|KQ954564_1_prot_KWU41078_1_6570;exonerate}
391084	391011	INTRON			{HiQ_model.g4452.t1;HiQ},{GeneMark_model.5756_t;GeneMark},{GlimmerHMM_glimmerT_5374-T1;GlimmerHMM},{ev_type:exonerate/ID=match.2566964.4262/Target=lcl|PJQD01000080_1_prot_POY71565_1_5987;exonerate},{ev_type:exonerate/ID=match.2566964.4260/Target=lcl|KQ954564_1_prot_KWU41078_1_6570;exonerate}
391108	391085	initial-	4	6	{HiQ_model.g4452.t1;HiQ},{GeneMark_model.5756_t;GeneMark},{GlimmerHMM_glimmerT_5374-T1;GlimmerHMM}

# EVM prediction: Mode:STANDARD S-ratio: 4.23 391717-395489 orient(+) score(12932.00) noncoding_equivalent(3054.57) raw_noncoding(3575.00) offset(520.43)
391717	392050	initial+	1	1	{Augustus_model.g4453.t1;Augustus},{GeneMark_model.5757_t;GeneMark}
392051	392132	INTRON			{Augustus_model.g4453.t1;Augustus},{GeneMark_model.5757_t;GeneMark}
392133	393146	internal+	2	1	{Augustus_model.g4453.t1;Augustus},{GeneMark_model.5757_t;GeneMark}
393147	393203	INTRON			{Augustus_model.g4453.t1;Augustus},{GeneMark_model.5757_t;GeneMark}
393204	393326	internal+	2	1	{Augustus_model.g4453.t1;Augustus},{GeneMark_model.5757_t;GeneMark}
393327	393392	INTRON			{GlimmerHMM_glimmerT_5375-T1;GlimmerHMM},{Augustus_model.g4453.t1;Augustus},{GeneMark_model.5757_t;GeneMark}
393393	393747	internal+	2	2	{GlimmerHMM_glimmerT_5375-T1;GlimmerHMM},{Augustus_model.g4453.t1;Augustus},{GeneMark_model.5757_t;GeneMark}
393748	393816	INTRON			{GlimmerHMM_glimmerT_5375-T1;GlimmerHMM},{Augustus_model.g4453.t1;Augustus},{GeneMark_model.5757_t;GeneMark}
393817	394021	internal+	3	3	{GlimmerHMM_glimmerT_5375-T1;GlimmerHMM},{Augustus_model.g4453.t1;Augustus},{GeneMark_model.5757_t;GeneMark}
394022	394087	INTRON			{GlimmerHMM_glimmerT_5375-T1;GlimmerHMM},{Augustus_model.g4453.t1;Augustus},{GeneMark_model.5757_t;GeneMark}
394088	394234	internal+	1	3	{GlimmerHMM_glimmerT_5375-T1;GlimmerHMM},{Augustus_model.g4453.t1;Augustus},{GeneMark_model.5757_t;GeneMark}
394235	394294	INTRON			{GlimmerHMM_glimmerT_5375-T1;GlimmerHMM},{Augustus_model.g4453.t1;Augustus},{GeneMark_model.5757_t;GeneMark}
394295	394694	internal+	1	1	{GlimmerHMM_glimmerT_5375-T1;GlimmerHMM},{Augustus_model.g4453.t1;Augustus},{GeneMark_model.5757_t;GeneMark}
394695	394755	INTRON			{GlimmerHMM_glimmerT_5375-T1;GlimmerHMM},{Augustus_model.g4453.t1;Augustus},{GeneMark_model.5757_t;GeneMark}
394756	395007	internal+	2	1	{GlimmerHMM_glimmerT_5375-T1;GlimmerHMM},{Augustus_model.g4453.t1;Augustus},{GeneMark_model.5757_t;GeneMark}
395008	395078	INTRON			{GlimmerHMM_glimmerT_5375-T1;GlimmerHMM},{Augustus_model.g4453.t1;Augustus},{GeneMark_model.5757_t;GeneMark}
395079	395170	internal+	2	3	{GlimmerHMM_glimmerT_5375-T1;GlimmerHMM},{Augustus_model.g4453.t1;Augustus},{GeneMark_model.5757_t;GeneMark}
395171	395243	INTRON			{GlimmerHMM_glimmerT_5375-T1;GlimmerHMM},{Augustus_model.g4453.t1;Augustus},{GeneMark_model.5757_t;GeneMark}
395244	395489	terminal+	1	3	{snap_scaffold_14-snap.141-T1;snap},{GlimmerHMM_glimmerT_5375-T1;GlimmerHMM},{Augustus_model.g4453.t1;Augustus},{GeneMark_model.5757_t;GeneMark}

# EVM prediction: Mode:STANDARD S-ratio: 2.50 395770-396783 orient(-) score(5067.00) noncoding_equivalent(2026.00) raw_noncoding(2776.00) offset(750.00)
395902	395770	terminal-	6	6	{GeneMark_model.5758_t;GeneMark},{HiQ_model.g4454.t1;HiQ},{GlimmerHMM_glimmerT_5376-T1;GlimmerHMM}
395985	395903	INTRON			{GeneMark_model.5758_t;GeneMark},{HiQ_model.g4454.t1;HiQ},{GlimmerHMM_glimmerT_5376-T1;GlimmerHMM},{ev_type:exonerate/ID=match.2566964.4280/Target=lcl|PJQD01000080_1_prot_POY71566_1_5988;exonerate}
396266	395986	internal-	4	5	{GeneMark_model.5758_t;GeneMark},{HiQ_model.g4454.t1;HiQ},{GlimmerHMM_glimmerT_5376-T1;GlimmerHMM},{ev_type:exonerate/ID=match.2566964.4280/Target=lcl|PJQD01000080_1_prot_POY71566_1_5988;exonerate}
396357	396267	INTRON			{GeneMark_model.5758_t;GeneMark},{HiQ_model.g4454.t1;HiQ},{GlimmerHMM_glimmerT_5376-T1;GlimmerHMM},{ev_type:exonerate/ID=match.2566964.4280/Target=lcl|PJQD01000080_1_prot_POY71566_1_5988;exonerate}
396473	396358	internal-	5	6	{GeneMark_model.5758_t;GeneMark},{HiQ_model.g4454.t1;HiQ},{GlimmerHMM_glimmerT_5376-T1;GlimmerHMM},{ev_type:exonerate/ID=match.2566964.4280/Target=lcl|PJQD01000080_1_prot_POY71566_1_5988;exonerate}
396583	396474	INTRON			{GeneMark_model.5758_t;GeneMark},{HiQ_model.g4454.t1;HiQ},{GlimmerHMM_glimmerT_5376-T1;GlimmerHMM},{ev_type:exonerate/ID=match.2566964.4280/Target=lcl|PJQD01000080_1_prot_POY71566_1_5988;exonerate}
396672	396584	internal-	6	4	{GeneMark_model.5758_t;GeneMark},{HiQ_model.g4454.t1;HiQ},{GlimmerHMM_glimmerT_5376-T1;GlimmerHMM},{ev_type:exonerate/ID=match.2566964.4280/Target=lcl|PJQD01000080_1_prot_POY71566_1_5988;exonerate}
396763	396673	INTRON			{GeneMark_model.5758_t;GeneMark},{HiQ_model.g4454.t1;HiQ},{GlimmerHMM_glimmerT_5376-T1;GlimmerHMM},{ev_type:exonerate/ID=match.2566964.4280/Target=lcl|PJQD01000080_1_prot_POY71566_1_5988;exonerate}
396783	396764	initial-	4	5	{GeneMark_model.5758_t;GeneMark},{HiQ_model.g4454.t1;HiQ},{GlimmerHMM_glimmerT_5376-T1;GlimmerHMM}

# EVM prediction: Mode:STANDARD S-ratio: 1.63 397027-398080 orient(+) score(3008.00) noncoding_equivalent(1841.65) raw_noncoding(2682.35) offset(840.70)
397027	397038	initial+	1	3	{GeneMark_model.5759_t;GeneMark},{GlimmerHMM_glimmerT_5377-T1;GlimmerHMM},{Augustus_model.g4455.t1;Augustus}
397039	397359	INTRON			{GeneMark_model.5759_t;GeneMark},{GlimmerHMM_glimmerT_5377-T1;GlimmerHMM},{Augustus_model.g4455.t1;Augustus}
397360	397531	internal+	1	1	{GeneMark_model.5759_t;GeneMark},{GlimmerHMM_glimmerT_5377-T1;GlimmerHMM},{Augustus_model.g4455.t1;Augustus}
397532	397612	INTRON			{GeneMark_model.5759_t;GeneMark},{Augustus_model.g4455.t1;Augustus}
397613	397667	internal+	2	2	{GeneMark_model.5759_t;GeneMark},{Augustus_model.g4455.t1;Augustus}
397668	397732	INTRON			{GeneMark_model.5759_t;GeneMark},{Augustus_model.g4455.t1;Augustus}
397733	397776	internal+	3	1	{GeneMark_model.5759_t;GeneMark},{Augustus_model.g4455.t1;Augustus}
397777	397886	INTRON			{GeneMark_model.5759_t;GeneMark},{Augustus_model.g4455.t1;Augustus}
397887	398080	terminal+	2	3	{snap_scaffold_14-snap.142-T1;snap},{GeneMark_model.5759_t;GeneMark},{GlimmerHMM_glimmerT_5377-T1;GlimmerHMM},{Augustus_model.g4455.t1;Augustus}

# EVM prediction: Mode:STANDARD S-ratio: 1.98 398478-399163 orient(-) score(1976.00) noncoding_equivalent(1000.06) raw_noncoding(1182.06) offset(182.00)
398500	398478	terminal-	5	6	{Augustus_model.g4456.t1;Augustus},{GeneMark_model.5760_t;GeneMark}
398556	398501	INTRON			{Augustus_model.g4456.t1;Augustus},{GeneMark_model.5760_t;GeneMark}
398728	398557	internal-	4	4	{Augustus_model.g4456.t1;Augustus},{GeneMark_model.5760_t;GeneMark}
398848	398729	INTRON			{Augustus_model.g4456.t1;Augustus},{GlimmerHMM_glimmerT_5378-T1;GlimmerHMM},{GeneMark_model.5760_t;GeneMark}
399163	398849	initial-	4	6	{Augustus_model.g4456.t1;Augustus},{GeneMark_model.5760_t;GeneMark}

# EVM prediction: Mode:STANDARD S-ratio: 2.69 399908-400099 orient(-) score(560.00) noncoding_equivalent(208.04) raw_noncoding(208.04) offset(0.00)
400099	399908	single-	4	6	{GeneMark_model.5761_t;GeneMark}

# EVM prediction: Mode:STANDARD S-ratio: 2.69 400980-401171 orient(-) score(560.00) noncoding_equivalent(208.32) raw_noncoding(208.32) offset(0.00)
401171	400980	single-	4	6	{GeneMark_model.5762_t;GeneMark}

# EVM prediction: Mode:STANDARD S-ratio: 5.68 401739-404217 orient(-) score(9718.00) noncoding_equivalent(1710.10) raw_noncoding(1868.17) offset(158.07)
401810	401739	terminal-	4	6	{GeneMark_model.5763_t;GeneMark}
401868	401811	INTRON			{GlimmerHMM_glimmerT_5379-T1;GlimmerHMM},{Augustus_model.g4457.t1;Augustus},{GeneMark_model.5763_t;GeneMark},{ev_type:exonerate/ID=match.2566964.1002/Target=lcl|NW_017264945_1_prot_XP_018267904_1_6755;exonerate}
402203	401869	internal-	5	6	{GlimmerHMM_glimmerT_5379-T1;GlimmerHMM},{Augustus_model.g4457.t1;Augustus},{GeneMark_model.5763_t;GeneMark},{ev_type:exonerate/ID=match.2566964.1002/Target=lcl|NW_017264945_1_prot_XP_018267904_1_6755;exonerate}
402270	402204	INTRON			{GlimmerHMM_glimmerT_5379-T1;GlimmerHMM},{Augustus_model.g4457.t1;Augustus},{GeneMark_model.5763_t;GeneMark},{ev_type:exonerate/ID=match.2566964.1002/Target=lcl|NW_017264945_1_prot_XP_018267904_1_6755;exonerate}
402370	402271	internal-	4	4	{GlimmerHMM_glimmerT_5379-T1;GlimmerHMM},{Augustus_model.g4457.t1;Augustus},{GeneMark_model.5763_t;GeneMark},{ev_type:exonerate/ID=match.2566964.1002/Target=lcl|NW_017264945_1_prot_XP_018267904_1_6755;exonerate}
402434	402371	INTRON			{GlimmerHMM_glimmerT_5379-T1;GlimmerHMM},{Augustus_model.g4457.t1;Augustus},{GeneMark_model.5763_t;GeneMark},{ev_type:exonerate/ID=match.2566964.1002/Target=lcl|NW_017264945_1_prot_XP_018267904_1_6755;exonerate}
403853	402435	internal-	4	6	{GlimmerHMM_glimmerT_5379-T1;GlimmerHMM},{Augustus_model.g4457.t1;Augustus},{GeneMark_model.5763_t;GeneMark}
403911	403854	INTRON			{GlimmerHMM_glimmerT_5379-T1;GlimmerHMM},{Augustus_model.g4457.t1;Augustus},{GeneMark_model.5763_t;GeneMark}
404217	403912	initial-	4	6	{GlimmerHMM_glimmerT_5379-T1;GlimmerHMM},{GeneMark_model.5763_t;GeneMark}

# EVM prediction: Mode:STANDARD S-ratio: 3.00 408503-408697 orient(+) score(585.00) noncoding_equivalent(195.00) raw_noncoding(195.00) offset(0.00)
408503	408697	single+	1	3	{GeneMark_model.5764_t;GeneMark}

# EVM prediction: Mode:STANDARD S-ratio: 1.73 409278-409929 orient(-) score(2005.00) noncoding_equivalent(1159.19) raw_noncoding(1546.00) offset(386.81)
409317	409278	terminal-	6	6	{GeneMark_model.5765_t;GeneMark},{Augustus_model.g4459.t1;Augustus}
409385	409318	INTRON			{GeneMark_model.5765_t;GeneMark},{Augustus_model.g4459.t1;Augustus}
409485	409386	internal-	5	5	{GeneMark_model.5765_t;GeneMark},{Augustus_model.g4459.t1;Augustus}
409547	409486	INTRON			{GeneMark_model.5765_t;GeneMark},{Augustus_model.g4459.t1;Augustus},{ev_type:exonerate/ID=match.2566964.4319/Target=lcl|KQ954590_1_prot_KWU40979_1_6659;exonerate}
409619	409548	internal-	5	4	{GeneMark_model.5765_t;GeneMark},{Augustus_model.g4459.t1;Augustus},{GlimmerHMM_glimmerT_5381-T1;GlimmerHMM}
409687	409620	INTRON			{GeneMark_model.5765_t;GeneMark},{Augustus_model.g4459.t1;Augustus},{GlimmerHMM_glimmerT_5381-T1;GlimmerHMM}
409850	409688	internal-	4	4	{GeneMark_model.5765_t;GeneMark},{Augustus_model.g4459.t1;Augustus},{GlimmerHMM_glimmerT_5381-T1;GlimmerHMM}
409911	409851	INTRON			{GeneMark_model.5765_t;GeneMark},{Augustus_model.g4459.t1;Augustus},{GlimmerHMM_glimmerT_5381-T1;GlimmerHMM}
409929	409912	initial-	4	6	{GeneMark_model.5765_t;GeneMark},{Augustus_model.g4459.t1;Augustus},{GlimmerHMM_glimmerT_5381-T1;GlimmerHMM}

# EVM prediction: Mode:STANDARD S-ratio: 10.63 410246-413403 orient(+) score(26803.00) noncoding_equivalent(2522.06) raw_noncoding(2999.00) offset(476.94)
410246	410728	initial+	1	3	{GeneMark_model.5766_t;GeneMark},{Augustus_model.g4460.t1;Augustus},{GlimmerHMM_glimmerT_5382-T1;GlimmerHMM}
410729	410801	INTRON			{GeneMark_model.5766_t;GeneMark},{Augustus_model.g4460.t1;Augustus},{GlimmerHMM_glimmerT_5382-T1;GlimmerHMM},{ev_type:exonerate/ID=match.2566964.4237/Target=lcl|NW_017264945_1_prot_XP_018267905_1_6756;exonerate},{ev_type:exonerate/ID=match.2566964.4232/Target=lcl|PJQD01000135_1_prot_POY70280_1_829;exonerate},{ev_type:exonerate/ID=match.2566964.4238/Target=lcl|BJWK01000015_1_prot_GEM11464_1_5481;exonerate},{ev_type:exonerate/ID=match.2566964.4236/Target=lcl|LCTV02000013_1_prot_PRQ71084_1_2256;exonerate},{ev_type:exonerate/ID=match.2566964.4233/Target=lcl|KQ954590_1_prot_KWU40980_1_6660;exonerate}
410802	410878	internal+	1	2	{GeneMark_model.5766_t;GeneMark},{Augustus_model.g4460.t1;Augustus},{GlimmerHMM_glimmerT_5382-T1;GlimmerHMM},{ev_type:exonerate/ID=match.2566964.4237/Target=lcl|NW_017264945_1_prot_XP_018267905_1_6756;exonerate},{ev_type:exonerate/ID=match.2566964.4232/Target=lcl|PJQD01000135_1_prot_POY70280_1_829;exonerate},{ev_type:exonerate/ID=match.2566964.4238/Target=lcl|BJWK01000015_1_prot_GEM11464_1_5481;exonerate},{ev_type:exonerate/ID=match.2566964.4236/Target=lcl|LCTV02000013_1_prot_PRQ71084_1_2256;exonerate},{ev_type:exonerate/ID=match.2566964.4233/Target=lcl|KQ954590_1_prot_KWU40980_1_6660;exonerate}
410879	410943	INTRON			{GeneMark_model.5766_t;GeneMark},{Augustus_model.g4460.t1;Augustus},{GlimmerHMM_glimmerT_5382-T1;GlimmerHMM},{ev_type:exonerate/ID=match.2566964.4237/Target=lcl|NW_017264945_1_prot_XP_018267905_1_6756;exonerate},{ev_type:exonerate/ID=match.2566964.4232/Target=lcl|PJQD01000135_1_prot_POY70280_1_829;exonerate},{ev_type:exonerate/ID=match.2566964.4238/Target=lcl|BJWK01000015_1_prot_GEM11464_1_5481;exonerate},{ev_type:exonerate/ID=match.2566964.4236/Target=lcl|LCTV02000013_1_prot_PRQ71084_1_2256;exonerate},{ev_type:exonerate/ID=match.2566964.4233/Target=lcl|KQ954590_1_prot_KWU40980_1_6660;exonerate}
410944	411019	internal+	3	3	{GeneMark_model.5766_t;GeneMark},{Augustus_model.g4460.t1;Augustus},{GlimmerHMM_glimmerT_5382-T1;GlimmerHMM},{ev_type:exonerate/ID=match.2566964.4237/Target=lcl|NW_017264945_1_prot_XP_018267905_1_6756;exonerate},{ev_type:exonerate/ID=match.2566964.4232/Target=lcl|PJQD01000135_1_prot_POY70280_1_829;exonerate},{ev_type:exonerate/ID=match.2566964.4238/Target=lcl|BJWK01000015_1_prot_GEM11464_1_5481;exonerate},{ev_type:exonerate/ID=match.2566964.4236/Target=lcl|LCTV02000013_1_prot_PRQ71084_1_2256;exonerate},{ev_type:exonerate/ID=match.2566964.4233/Target=lcl|KQ954590_1_prot_KWU40980_1_6660;exonerate}
411020	411088	INTRON			{GeneMark_model.5766_t;GeneMark},{Augustus_model.g4460.t1;Augustus},{GlimmerHMM_glimmerT_5382-T1;GlimmerHMM},{ev_type:exonerate/ID=match.2566964.4237/Target=lcl|NW_017264945_1_prot_XP_018267905_1_6756;exonerate},{ev_type:exonerate/ID=match.2566964.4232/Target=lcl|PJQD01000135_1_prot_POY70280_1_829;exonerate},{ev_type:exonerate/ID=match.2566964.4238/Target=lcl|BJWK01000015_1_prot_GEM11464_1_5481;exonerate},{ev_type:exonerate/ID=match.2566964.4236/Target=lcl|LCTV02000013_1_prot_PRQ71084_1_2256;exonerate},{ev_type:exonerate/ID=match.2566964.4233/Target=lcl|KQ954590_1_prot_KWU40980_1_6660;exonerate}
411089	411238	internal+	1	3	{GeneMark_model.5766_t;GeneMark},{Augustus_model.g4460.t1;Augustus},{GlimmerHMM_glimmerT_5382-T1;GlimmerHMM},{ev_type:exonerate/ID=match.2566964.4237/Target=lcl|NW_017264945_1_prot_XP_018267905_1_6756;exonerate},{ev_type:exonerate/ID=match.2566964.4232/Target=lcl|PJQD01000135_1_prot_POY70280_1_829;exonerate},{ev_type:exonerate/ID=match.2566964.4238/Target=lcl|BJWK01000015_1_prot_GEM11464_1_5481;exonerate},{ev_type:exonerate/ID=match.2566964.4236/Target=lcl|LCTV02000013_1_prot_PRQ71084_1_2256;exonerate},{ev_type:exonerate/ID=match.2566964.4233/Target=lcl|KQ954590_1_prot_KWU40980_1_6660;exonerate}
411239	411312	INTRON			{GeneMark_model.5766_t;GeneMark},{Augustus_model.g4460.t1;Augustus},{GlimmerHMM_glimmerT_5382-T1;GlimmerHMM},{ev_type:exonerate/ID=match.2566964.4237/Target=lcl|NW_017264945_1_prot_XP_018267905_1_6756;exonerate},{ev_type:exonerate/ID=match.2566964.4232/Target=lcl|PJQD01000135_1_prot_POY70280_1_829;exonerate},{ev_type:exonerate/ID=match.2566964.4238/Target=lcl|BJWK01000015_1_prot_GEM11464_1_5481;exonerate},{ev_type:exonerate/ID=match.2566964.4236/Target=lcl|LCTV02000013_1_prot_PRQ71084_1_2256;exonerate},{ev_type:exonerate/ID=match.2566964.4233/Target=lcl|KQ954590_1_prot_KWU40980_1_6660;exonerate}
411313	412049	internal+	1	2	{GeneMark_model.5766_t;GeneMark},{Augustus_model.g4460.t1;Augustus},{GlimmerHMM_glimmerT_5382-T1;GlimmerHMM},{ev_type:exonerate/ID=match.2566964.4237/Target=lcl|NW_017264945_1_prot_XP_018267905_1_6756;exonerate},{ev_type:exonerate/ID=match.2566964.4232/Target=lcl|PJQD01000135_1_prot_POY70280_1_829;exonerate},{ev_type:exonerate/ID=match.2566964.4238/Target=lcl|BJWK01000015_1_prot_GEM11464_1_5481;exonerate},{ev_type:exonerate/ID=match.2566964.4236/Target=lcl|LCTV02000013_1_prot_PRQ71084_1_2256;exonerate},{ev_type:exonerate/ID=match.2566964.4233/Target=lcl|KQ954590_1_prot_KWU40980_1_6660;exonerate}
412050	412115	INTRON			{GeneMark_model.5766_t;GeneMark},{Augustus_model.g4460.t1;Augustus},{GlimmerHMM_glimmerT_5382-T1;GlimmerHMM},{ev_type:exonerate/ID=match.2566964.4237/Target=lcl|NW_017264945_1_prot_XP_018267905_1_6756;exonerate},{ev_type:exonerate/ID=match.2566964.4232/Target=lcl|PJQD01000135_1_prot_POY70280_1_829;exonerate},{ev_type:exonerate/ID=match.2566964.4238/Target=lcl|BJWK01000015_1_prot_GEM11464_1_5481;exonerate},{ev_type:exonerate/ID=match.2566964.4236/Target=lcl|LCTV02000013_1_prot_PRQ71084_1_2256;exonerate},{ev_type:exonerate/ID=match.2566964.4233/Target=lcl|KQ954590_1_prot_KWU40980_1_6660;exonerate}
412116	412260	internal+	3	3	{GeneMark_model.5766_t;GeneMark},{Augustus_model.g4460.t1;Augustus},{GlimmerHMM_glimmerT_5382-T1;GlimmerHMM},{ev_type:exonerate/ID=match.2566964.4237/Target=lcl|NW_017264945_1_prot_XP_018267905_1_6756;exonerate},{ev_type:exonerate/ID=match.2566964.4232/Target=lcl|PJQD01000135_1_prot_POY70280_1_829;exonerate},{ev_type:exonerate/ID=match.2566964.4238/Target=lcl|BJWK01000015_1_prot_GEM11464_1_5481;exonerate},{ev_type:exonerate/ID=match.2566964.4236/Target=lcl|LCTV02000013_1_prot_PRQ71084_1_2256;exonerate},{ev_type:exonerate/ID=match.2566964.4233/Target=lcl|KQ954590_1_prot_KWU40980_1_6660;exonerate}
412261	412317	INTRON			{GeneMark_model.5766_t;GeneMark},{Augustus_model.g4460.t1;Augustus},{GlimmerHMM_glimmerT_5382-T1;GlimmerHMM},{ev_type:exonerate/ID=match.2566964.4237/Target=lcl|NW_017264945_1_prot_XP_018267905_1_6756;exonerate},{ev_type:exonerate/ID=match.2566964.4232/Target=lcl|PJQD01000135_1_prot_POY70280_1_829;exonerate},{ev_type:exonerate/ID=match.2566964.4238/Target=lcl|BJWK01000015_1_prot_GEM11464_1_5481;exonerate},{ev_type:exonerate/ID=match.2566964.4236/Target=lcl|LCTV02000013_1_prot_PRQ71084_1_2256;exonerate},{ev_type:exonerate/ID=match.2566964.4233/Target=lcl|KQ954590_1_prot_KWU40980_1_6660;exonerate}
412318	412389	internal+	1	3	{GeneMark_model.5766_t;GeneMark},{Augustus_model.g4460.t1;Augustus},{GlimmerHMM_glimmerT_5382-T1;GlimmerHMM},{ev_type:exonerate/ID=match.2566964.4237/Target=lcl|NW_017264945_1_prot_XP_018267905_1_6756;exonerate},{ev_type:exonerate/ID=match.2566964.4232/Target=lcl|PJQD01000135_1_prot_POY70280_1_829;exonerate},{ev_type:exonerate/ID=match.2566964.4238/Target=lcl|BJWK01000015_1_prot_GEM11464_1_5481;exonerate},{ev_type:exonerate/ID=match.2566964.4236/Target=lcl|LCTV02000013_1_prot_PRQ71084_1_2256;exonerate},{ev_type:exonerate/ID=match.2566964.4233/Target=lcl|KQ954590_1_prot_KWU40980_1_6660;exonerate}
412390	412447	INTRON			{GeneMark_model.5766_t;GeneMark},{Augustus_model.g4460.t1;Augustus},{GlimmerHMM_glimmerT_5382-T1;GlimmerHMM},{ev_type:exonerate/ID=match.2566964.4237/Target=lcl|NW_017264945_1_prot_XP_018267905_1_6756;exonerate},{ev_type:exonerate/ID=match.2566964.4232/Target=lcl|PJQD01000135_1_prot_POY70280_1_829;exonerate},{ev_type:exonerate/ID=match.2566964.4238/Target=lcl|BJWK01000015_1_prot_GEM11464_1_5481;exonerate},{ev_type:exonerate/ID=match.2566964.4236/Target=lcl|LCTV02000013_1_prot_PRQ71084_1_2256;exonerate},{ev_type:exonerate/ID=match.2566964.4233/Target=lcl|KQ954590_1_prot_KWU40980_1_6660;exonerate}
412448	412924	internal+	1	3	{GeneMark_model.5766_t;GeneMark},{Augustus_model.g4460.t1;Augustus},{GlimmerHMM_glimmerT_5382-T1;GlimmerHMM},{ev_type:exonerate/ID=match.2566964.4237/Target=lcl|NW_017264945_1_prot_XP_018267905_1_6756;exonerate},{ev_type:exonerate/ID=match.2566964.4232/Target=lcl|PJQD01000135_1_prot_POY70280_1_829;exonerate},{ev_type:exonerate/ID=match.2566964.4238/Target=lcl|BJWK01000015_1_prot_GEM11464_1_5481;exonerate},{ev_type:exonerate/ID=match.2566964.4236/Target=lcl|LCTV02000013_1_prot_PRQ71084_1_2256;exonerate},{ev_type:exonerate/ID=match.2566964.4233/Target=lcl|KQ954590_1_prot_KWU40980_1_6660;exonerate}
412925	412982	INTRON			{GeneMark_model.5766_t;GeneMark},{Augustus_model.g4460.t1;Augustus},{ev_type:exonerate/ID=match.2566964.4237/Target=lcl|NW_017264945_1_prot_XP_018267905_1_6756;exonerate},{ev_type:exonerate/ID=match.2566964.4232/Target=lcl|PJQD01000135_1_prot_POY70280_1_829;exonerate},{ev_type:exonerate/ID=match.2566964.4238/Target=lcl|BJWK01000015_1_prot_GEM11464_1_5481;exonerate},{ev_type:exonerate/ID=match.2566964.4236/Target=lcl|LCTV02000013_1_prot_PRQ71084_1_2256;exonerate},{ev_type:exonerate/ID=match.2566964.4233/Target=lcl|KQ954590_1_prot_KWU40980_1_6660;exonerate}
412983	413324	internal+	1	3	{GeneMark_model.5766_t;GeneMark},{Augustus_model.g4460.t1;Augustus},{ev_type:exonerate/ID=match.2566964.4237/Target=lcl|NW_017264945_1_prot_XP_018267905_1_6756;exonerate},{ev_type:exonerate/ID=match.2566964.4232/Target=lcl|PJQD01000135_1_prot_POY70280_1_829;exonerate},{ev_type:exonerate/ID=match.2566964.4238/Target=lcl|BJWK01000015_1_prot_GEM11464_1_5481;exonerate},{ev_type:exonerate/ID=match.2566964.4233/Target=lcl|KQ954590_1_prot_KWU40980_1_6660;exonerate}
413325	413379	INTRON			{GeneMark_model.5766_t;GeneMark},{Augustus_model.g4460.t1;Augustus},{GlimmerHMM_glimmerT_5382-T1;GlimmerHMM},{ev_type:exonerate/ID=match.2566964.4237/Target=lcl|NW_017264945_1_prot_XP_018267905_1_6756;exonerate},{ev_type:exonerate/ID=match.2566964.4232/Target=lcl|PJQD01000135_1_prot_POY70280_1_829;exonerate},{ev_type:exonerate/ID=match.2566964.4238/Target=lcl|BJWK01000015_1_prot_GEM11464_1_5481;exonerate},{ev_type:exonerate/ID=match.2566964.4233/Target=lcl|KQ954590_1_prot_KWU40980_1_6660;exonerate}
413380	413403	terminal+	1	3	{GeneMark_model.5766_t;GeneMark},{Augustus_model.g4460.t1;Augustus},{GlimmerHMM_glimmerT_5382-T1;GlimmerHMM}

# EVM prediction: Mode:STANDARD S-ratio: 3.00 414248-414442 orient(-) score(585.00) noncoding_equivalent(195.00) raw_noncoding(195.00) offset(0.00)
414442	414248	single-	4	6	{GeneMark_model.5767_t;GeneMark}

# EVM prediction: Mode:STANDARD S-ratio: 1.49 415194-416673 orient(-) score(3763.00) noncoding_equivalent(2526.85) raw_noncoding(3110.56) offset(583.71)
415347	415194	terminal-	6	6	{GeneMark_model.5768_t;GeneMark}
415418	415348	INTRON			{GeneMark_model.5768_t;GeneMark},{Augustus_model.g4461.t1;Augustus}
415621	415419	internal-	4	5	{GlimmerHMM_glimmerT_5383-T1;GlimmerHMM},{GeneMark_model.5768_t;GeneMark},{Augustus_model.g4461.t1;Augustus}
415679	415622	INTRON			{GeneMark_model.5768_t;GeneMark},{Augustus_model.g4461.t1;Augustus}
415897	415680	internal-	5	6	{GeneMark_model.5768_t;GeneMark},{Augustus_model.g4461.t1;Augustus}
415961	415898	INTRON			{GeneMark_model.5768_t;GeneMark},{Augustus_model.g4461.t1;Augustus}
416271	415962	internal-	4	4	{GeneMark_model.5768_t;GeneMark},{Augustus_model.g4461.t1;Augustus}
416375	416272	INTRON			{GlimmerHMM_glimmerT_5383-T1;GlimmerHMM},{GeneMark_model.5768_t;GeneMark},{Augustus_model.g4461.t1;Augustus}
416444	416376	internal-	4	6	{GlimmerHMM_glimmerT_5383-T1;GlimmerHMM},{GeneMark_model.5768_t;GeneMark},{Augustus_model.g4461.t1;Augustus}
416529	416445	INTRON			{GlimmerHMM_glimmerT_5383-T1;GlimmerHMM},{GeneMark_model.5768_t;GeneMark},{Augustus_model.g4461.t1;Augustus}
416673	416530	initial-	4	6	{GeneMark_model.5768_t;GeneMark},{Augustus_model.g4461.t1;Augustus}

# EVM prediction: Mode:STANDARD S-ratio: 12.89 417081-417904 orient(-) score(2932.00) noncoding_equivalent(227.41) raw_noncoding(358.75) offset(131.35)
417140	417081	terminal-	4	6	{Augustus_model.g4462.t1;Augustus},{GeneMark_model.5769_t;GeneMark}
417208	417141	INTRON			{GeneMark_model.5769_t;GeneMark}
417904	417209	initial-	4	6	{GeneMark_model.5769_t;GeneMark}

# EVM prediction: Mode:STANDARD S-ratio: 1.80 418096-419609 orient(+) score(4542.00) noncoding_equivalent(2525.61) raw_noncoding(2998.61) offset(473.00)
418096	418152	initial+	1	3	{Augustus_model.g4463.t1;Augustus},{GeneMark_model.5770_t;GeneMark},{GlimmerHMM_glimmerT_5384-T1;GlimmerHMM}
418153	418231	INTRON			{Augustus_model.g4463.t1;Augustus},{GeneMark_model.5770_t;GeneMark},{GlimmerHMM_glimmerT_5384-T1;GlimmerHMM}
418232	418411	internal+	1	3	{Augustus_model.g4463.t1;Augustus},{GeneMark_model.5770_t;GeneMark},{GlimmerHMM_glimmerT_5384-T1;GlimmerHMM}
418412	418500	INTRON			{Augustus_model.g4463.t1;Augustus},{GeneMark_model.5770_t;GeneMark},{GlimmerHMM_glimmerT_5384-T1;GlimmerHMM}
418501	418630	internal+	1	1	{Augustus_model.g4463.t1;Augustus},{GeneMark_model.5770_t;GeneMark},{GlimmerHMM_glimmerT_5384-T1;GlimmerHMM}
418631	418694	INTRON			{Augustus_model.g4463.t1;Augustus},{GeneMark_model.5770_t;GeneMark},{GlimmerHMM_glimmerT_5384-T1;GlimmerHMM}
418695	418817	internal+	2	1	{Augustus_model.g4463.t1;Augustus},{GeneMark_model.5770_t;GeneMark},{GlimmerHMM_glimmerT_5384-T1;GlimmerHMM}
418818	418889	INTRON			{Augustus_model.g4463.t1;Augustus},{GeneMark_model.5770_t;GeneMark},{GlimmerHMM_glimmerT_5384-T1;GlimmerHMM}
418890	419005	internal+	2	3	{Augustus_model.g4463.t1;Augustus},{GeneMark_model.5770_t;GeneMark},{GlimmerHMM_glimmerT_5384-T1;GlimmerHMM}
419006	419064	INTRON			{Augustus_model.g4463.t1;Augustus},{GeneMark_model.5770_t;GeneMark},{GlimmerHMM_glimmerT_5384-T1;GlimmerHMM}
419065	419131	internal+	1	1	{Augustus_model.g4463.t1;Augustus},{GeneMark_model.5770_t;GeneMark},{GlimmerHMM_glimmerT_5384-T1;GlimmerHMM}
419132	419200	INTRON			{Augustus_model.g4463.t1;Augustus},{GeneMark_model.5770_t;GeneMark},{GlimmerHMM_glimmerT_5384-T1;GlimmerHMM}
419201	419425	internal+	2	1	{Augustus_model.g4463.t1;Augustus},{GeneMark_model.5770_t;GeneMark},{GlimmerHMM_glimmerT_5384-T1;GlimmerHMM}
419426	419490	INTRON			{Augustus_model.g4463.t1;Augustus},{GeneMark_model.5770_t;GeneMark},{GlimmerHMM_glimmerT_5384-T1;GlimmerHMM}
419491	419609	terminal+	2	3	{Augustus_model.g4463.t1;Augustus},{GeneMark_model.5770_t;GeneMark},{GlimmerHMM_glimmerT_5384-T1;GlimmerHMM}

# EVM prediction: Mode:STANDARD S-ratio: 2.64 419810-421370 orient(+) score(4938.00) noncoding_equivalent(1873.33) raw_noncoding(2182.00) offset(308.67)
419810	419951	initial+	1	1	{GlimmerHMM_glimmerT_5385-T1;GlimmerHMM},{GeneMark_model.5771_t;GeneMark},{Augustus_model.g4464.t1;Augustus}
419952	420015	INTRON			{GlimmerHMM_glimmerT_5385-T1;GlimmerHMM},{GeneMark_model.5771_t;GeneMark},{Augustus_model.g4464.t1;Augustus}
420016	420123	internal+	2	1	{GlimmerHMM_glimmerT_5385-T1;GlimmerHMM},{GeneMark_model.5771_t;GeneMark},{Augustus_model.g4464.t1;Augustus}
420124	420185	INTRON			{GlimmerHMM_glimmerT_5385-T1;GlimmerHMM},{GeneMark_model.5771_t;GeneMark},{Augustus_model.g4464.t1;Augustus}
420186	420705	internal+	2	2	{GlimmerHMM_glimmerT_5385-T1;GlimmerHMM},{GeneMark_model.5771_t;GeneMark},{Augustus_model.g4464.t1;Augustus}
420706	420776	INTRON			{GlimmerHMM_glimmerT_5385-T1;GlimmerHMM},{GeneMark_model.5771_t;GeneMark},{Augustus_model.g4464.t1;Augustus}
420777	420915	internal+	3	3	{GlimmerHMM_glimmerT_5385-T1;GlimmerHMM},{GeneMark_model.5771_t;GeneMark},{Augustus_model.g4464.t1;Augustus}
420916	421010	INTRON			{GlimmerHMM_glimmerT_5385-T1;GlimmerHMM},{GeneMark_model.5771_t;GeneMark},{Augustus_model.g4464.t1;Augustus}
421011	421370	terminal+	1	3	{GlimmerHMM_glimmerT_5385-T1;GlimmerHMM},{GeneMark_model.5771_t;GeneMark},{Augustus_model.g4464.t1;Augustus}

# EVM prediction: Mode:STANDARD S-ratio: 2.96 421609-422129 orient(-) score(2911.00) noncoding_equivalent(984.00) raw_noncoding(1544.00) offset(560.00)
421630	421609	terminal-	6	6	{GeneMark_model.5772_t;GeneMark},{HiQ_model.g4465.t1;HiQ}
421714	421631	INTRON			{GeneMark_model.5772_t;GeneMark},{HiQ_model.g4465.t1;HiQ},{ev_type:exonerate/ID=match.2566964.4316/Target=lcl|PJQD01000141_1_prot_POY70139_1_1080;exonerate}
421828	421715	internal-	6	5	{GeneMark_model.5772_t;GeneMark},{HiQ_model.g4465.t1;HiQ},{ev_type:exonerate/ID=match.2566964.4316/Target=lcl|PJQD01000141_1_prot_POY70139_1_1080;exonerate}
421922	421829	INTRON			{GeneMark_model.5772_t;GeneMark},{GlimmerHMM_glimmerT_5386-T1;GlimmerHMM},{HiQ_model.g4465.t1;HiQ},{ev_type:exonerate/ID=match.2566964.4317/Target=lcl|KQ954564_1_prot_KWU41072_1_6564;exonerate},{ev_type:exonerate/ID=match.2566964.4316/Target=lcl|PJQD01000141_1_prot_POY70139_1_1080;exonerate}
422025	421923	internal-	5	5	{GeneMark_model.5772_t;GeneMark},{GlimmerHMM_glimmerT_5386-T1;GlimmerHMM},{HiQ_model.g4465.t1;HiQ},{ev_type:exonerate/ID=match.2566964.4317/Target=lcl|KQ954564_1_prot_KWU41072_1_6564;exonerate},{ev_type:exonerate/ID=match.2566964.4316/Target=lcl|PJQD01000141_1_prot_POY70139_1_1080;exonerate}
422089	422026	INTRON			{GeneMark_model.5772_t;GeneMark},{GlimmerHMM_glimmerT_5386-T1;GlimmerHMM},{HiQ_model.g4465.t1;HiQ},{ev_type:exonerate/ID=match.2566964.4317/Target=lcl|KQ954564_1_prot_KWU41072_1_6564;exonerate},{ev_type:exonerate/ID=match.2566964.4316/Target=lcl|PJQD01000141_1_prot_POY70139_1_1080;exonerate}
422129	422090	initial-	4	4	{GeneMark_model.5772_t;GeneMark},{HiQ_model.g4465.t1;HiQ}

# EVM prediction: Mode:STANDARD S-ratio: 2.45 422386-424589 orient(-) score(6529.00) noncoding_equivalent(2663.60) raw_noncoding(3476.79) offset(813.19)
422478	422386	terminal-	4	6	{GeneMark_model.5773_t;GeneMark},{Augustus_model.g4466.t1;Augustus}
422544	422479	INTRON			{GeneMark_model.5773_t;GeneMark},{Augustus_model.g4466.t1;Augustus}
422631	422545	internal-	4	6	{GlimmerHMM_glimmerT_5386-T1;GlimmerHMM},{GeneMark_model.5773_t;GeneMark},{Augustus_model.g4466.t1;Augustus}
422694	422632	INTRON			{GlimmerHMM_glimmerT_5386-T1;GlimmerHMM},{GeneMark_model.5773_t;GeneMark},{Augustus_model.g4466.t1;Augustus}
422859	422695	internal-	4	6	{GlimmerHMM_glimmerT_5386-T1;GlimmerHMM},{GeneMark_model.5773_t;GeneMark},{Augustus_model.g4466.t1;Augustus}
422932	422860	INTRON			{GlimmerHMM_glimmerT_5386-T1;GlimmerHMM},{GeneMark_model.5773_t;GeneMark},{Augustus_model.g4466.t1;Augustus}
423572	422933	internal-	6	6	{GlimmerHMM_glimmerT_5386-T1;GlimmerHMM},{GeneMark_model.5773_t;GeneMark}
423634	423573	INTRON			{GeneMark_model.5773_t;GeneMark}
423797	423635	internal-	5	5	{GeneMark_model.5773_t;GeneMark}
423864	423798	INTRON			{GeneMark_model.5773_t;GeneMark}
424218	423865	internal-	5	4	{GeneMark_model.5773_t;GeneMark}
424280	424219	INTRON			{GlimmerHMM_glimmerT_5386-T1;GlimmerHMM},{GeneMark_model.5773_t;GeneMark},{Augustus_model.g4466.t1;Augustus}
424402	424281	internal-	6	4	{GlimmerHMM_glimmerT_5386-T1;GlimmerHMM},{GeneMark_model.5773_t;GeneMark},{Augustus_model.g4466.t1;Augustus}
424527	424403	INTRON			{GlimmerHMM_glimmerT_5386-T1;GlimmerHMM},{GeneMark_model.5773_t;GeneMark},{Augustus_model.g4466.t1;Augustus}
424589	424528	initial-	4	5	{GlimmerHMM_glimmerT_5386-T1;GlimmerHMM},{GeneMark_model.5773_t;GeneMark},{Augustus_model.g4466.t1;Augustus}

# EVM prediction: Mode:STANDARD S-ratio: 4.57 425297-426131 orient(+) score(6665.00) noncoding_equivalent(1459.00) raw_noncoding(1783.00) offset(324.00)
425297	425485	initial+	1	3	{GlimmerHMM_glimmerT_5387-T1;GlimmerHMM},{GeneMark_model.5774_t;GeneMark},{Augustus_model.g4467.t1;Augustus}
425486	425740	INTRON			{GlimmerHMM_glimmerT_5387-T1;GlimmerHMM},{GeneMark_model.5774_t;GeneMark},{Augustus_model.g4467.t1;Augustus},{ev_type:exonerate/ID=match.2566964.4309/Target=lcl|BJWK01000015_1_prot_GEM11461_1_5478;exonerate},{ev_type:exonerate/ID=match.2566964.4303/Target=lcl|KQ954564_1_prot_KWU41074_1_6566;exonerate},{ev_type:exonerate/ID=match.2566964.4308/Target=lcl|LCTV02000013_1_prot_PRQ71091_1_2263;exonerate},{ev_type:exonerate/ID=match.2566964.4306/Target=lcl|PJQD01000141_1_prot_POY70141_1_1082;exonerate},{ev_type:exonerate/ID=match.2566964.4307/Target=lcl|NW_017264945_1_prot_XP_018267914_1_6765;exonerate}
425741	425917	internal+	1	3	{GlimmerHMM_glimmerT_5387-T1;GlimmerHMM},{GeneMark_model.5774_t;GeneMark},{Augustus_model.g4467.t1;Augustus},{ev_type:exonerate/ID=match.2566964.4309/Target=lcl|BJWK01000015_1_prot_GEM11461_1_5478;exonerate},{ev_type:exonerate/ID=match.2566964.4303/Target=lcl|KQ954564_1_prot_KWU41074_1_6566;exonerate},{ev_type:exonerate/ID=match.2566964.4308/Target=lcl|LCTV02000013_1_prot_PRQ71091_1_2263;exonerate},{ev_type:exonerate/ID=match.2566964.4306/Target=lcl|PJQD01000141_1_prot_POY70141_1_1082;exonerate},{ev_type:exonerate/ID=match.2566964.4307/Target=lcl|NW_017264945_1_prot_XP_018267914_1_6765;exonerate}
425918	425978	INTRON			{GlimmerHMM_glimmerT_5387-T1;GlimmerHMM},{GeneMark_model.5774_t;GeneMark},{Augustus_model.g4467.t1;Augustus},{ev_type:exonerate/ID=match.2566964.4309/Target=lcl|BJWK01000015_1_prot_GEM11461_1_5478;exonerate},{ev_type:exonerate/ID=match.2566964.4303/Target=lcl|KQ954564_1_prot_KWU41074_1_6566;exonerate},{ev_type:exonerate/ID=match.2566964.4308/Target=lcl|LCTV02000013_1_prot_PRQ71091_1_2263;exonerate},{ev_type:exonerate/ID=match.2566964.4306/Target=lcl|PJQD01000141_1_prot_POY70141_1_1082;exonerate},{ev_type:exonerate/ID=match.2566964.4307/Target=lcl|NW_017264945_1_prot_XP_018267914_1_6765;exonerate}
425979	426131	terminal+	1	3	{GlimmerHMM_glimmerT_5387-T1;GlimmerHMM},{GeneMark_model.5774_t;GeneMark},{Augustus_model.g4467.t1;Augustus}

# EVM prediction: Mode:STANDARD S-ratio: 2.12 426832-427654 orient(+) score(1403.00) noncoding_equivalent(663.08) raw_noncoding(2319.19) offset(1656.11)
426832	426847	initial+	1	1	{GlimmerHMM_glimmerT_5388-T1;GlimmerHMM}
426848	427460	INTRON			{GlimmerHMM_glimmerT_5388-T1;GlimmerHMM}
427461	427654	terminal+	2	3	{Augustus_model.g4468.t1;Augustus},{GlimmerHMM_glimmerT_5388-T1;GlimmerHMM}

# EVM prediction: Mode:STANDARD S-ratio: 4.30 428321-430050 orient(-) score(12066.00) noncoding_equivalent(2804.85) raw_noncoding(3521.00) offset(716.15)
428518	428321	terminal-	4	6	{GeneMark_model.5776_t;GeneMark},{GlimmerHMM_glimmerT_5389-T1;GlimmerHMM},{Augustus_model.g4469.t1;Augustus}
428685	428519	INTRON			{GeneMark_model.5776_t;GeneMark},{GlimmerHMM_glimmerT_5389-T1;GlimmerHMM},{Augustus_model.g4469.t1;Augustus},{ev_type:exonerate/ID=match.2566964.4287/Target=lcl|PJQD01000045_1_prot_POY72925_1_4161;exonerate},{ev_type:exonerate/ID=match.2566964.4284/Target=lcl|LCTV02000013_1_prot_PRQ71095_1_2267;exonerate},{ev_type:exonerate/ID=match.2566964.4283/Target=lcl|BJWK01000015_1_prot_GEM11466_1_5483;exonerate},{ev_type:exonerate/ID=match.2566964.4286/Target=lcl|NW_017264945_1_prot_XP_018267915_1_6766;exonerate},{ev_type:exonerate/ID=match.2566964.4278/Target=lcl|KQ954480_1_prot_KWU44279_1_3260;exonerate}
428723	428686	internal-	5	6	{GeneMark_model.5776_t;GeneMark},{GlimmerHMM_glimmerT_5389-T1;GlimmerHMM},{Augustus_model.g4469.t1;Augustus},{ev_type:exonerate/ID=match.2566964.4287/Target=lcl|PJQD01000045_1_prot_POY72925_1_4161;exonerate},{ev_type:exonerate/ID=match.2566964.4284/Target=lcl|LCTV02000013_1_prot_PRQ71095_1_2267;exonerate},{ev_type:exonerate/ID=match.2566964.4283/Target=lcl|BJWK01000015_1_prot_GEM11466_1_5483;exonerate},{ev_type:exonerate/ID=match.2566964.4286/Target=lcl|NW_017264945_1_prot_XP_018267915_1_6766;exonerate},{ev_type:exonerate/ID=match.2566964.4278/Target=lcl|KQ954480_1_prot_KWU44279_1_3260;exonerate}
428832	428724	INTRON			{GeneMark_model.5776_t;GeneMark},{GlimmerHMM_glimmerT_5389-T1;GlimmerHMM},{Augustus_model.g4469.t1;Augustus},{ev_type:exonerate/ID=match.2566964.4287/Target=lcl|PJQD01000045_1_prot_POY72925_1_4161;exonerate},{ev_type:exonerate/ID=match.2566964.4284/Target=lcl|LCTV02000013_1_prot_PRQ71095_1_2267;exonerate},{ev_type:exonerate/ID=match.2566964.4283/Target=lcl|BJWK01000015_1_prot_GEM11466_1_5483;exonerate},{ev_type:exonerate/ID=match.2566964.4286/Target=lcl|NW_017264945_1_prot_XP_018267915_1_6766;exonerate},{ev_type:exonerate/ID=match.2566964.4278/Target=lcl|KQ954480_1_prot_KWU44279_1_3260;exonerate}
428911	428833	internal-	4	4	{GeneMark_model.5776_t;GeneMark},{GlimmerHMM_glimmerT_5389-T1;GlimmerHMM},{Augustus_model.g4469.t1;Augustus},{ev_type:exonerate/ID=match.2566964.4287/Target=lcl|PJQD01000045_1_prot_POY72925_1_4161;exonerate},{ev_type:exonerate/ID=match.2566964.4284/Target=lcl|LCTV02000013_1_prot_PRQ71095_1_2267;exonerate},{ev_type:exonerate/ID=match.2566964.4283/Target=lcl|BJWK01000015_1_prot_GEM11466_1_5483;exonerate},{ev_type:exonerate/ID=match.2566964.4286/Target=lcl|NW_017264945_1_prot_XP_018267915_1_6766;exonerate},{ev_type:exonerate/ID=match.2566964.4278/Target=lcl|KQ954480_1_prot_KWU44279_1_3260;exonerate}
428986	428912	INTRON			{GeneMark_model.5776_t;GeneMark},{GlimmerHMM_glimmerT_5389-T1;GlimmerHMM},{Augustus_model.g4469.t1;Augustus},{ev_type:exonerate/ID=match.2566964.4287/Target=lcl|PJQD01000045_1_prot_POY72925_1_4161;exonerate},{ev_type:exonerate/ID=match.2566964.4284/Target=lcl|LCTV02000013_1_prot_PRQ71095_1_2267;exonerate},{ev_type:exonerate/ID=match.2566964.4283/Target=lcl|BJWK01000015_1_prot_GEM11466_1_5483;exonerate},{ev_type:exonerate/ID=match.2566964.4286/Target=lcl|NW_017264945_1_prot_XP_018267915_1_6766;exonerate},{ev_type:exonerate/ID=match.2566964.4278/Target=lcl|KQ954480_1_prot_KWU44279_1_3260;exonerate}
429056	428987	internal-	6	6	{GeneMark_model.5776_t;GeneMark},{GlimmerHMM_glimmerT_5389-T1;GlimmerHMM},{Augustus_model.g4469.t1;Augustus},{ev_type:exonerate/ID=match.2566964.4287/Target=lcl|PJQD01000045_1_prot_POY72925_1_4161;exonerate},{ev_type:exonerate/ID=match.2566964.4284/Target=lcl|LCTV02000013_1_prot_PRQ71095_1_2267;exonerate},{ev_type:exonerate/ID=match.2566964.4283/Target=lcl|BJWK01000015_1_prot_GEM11466_1_5483;exonerate},{ev_type:exonerate/ID=match.2566964.4286/Target=lcl|NW_017264945_1_prot_XP_018267915_1_6766;exonerate},{ev_type:exonerate/ID=match.2566964.4278/Target=lcl|KQ954480_1_prot_KWU44279_1_3260;exonerate}
429131	429057	INTRON			{GeneMark_model.5776_t;GeneMark},{GlimmerHMM_glimmerT_5389-T1;GlimmerHMM},{Augustus_model.g4469.t1;Augustus},{ev_type:exonerate/ID=match.2566964.4284/Target=lcl|LCTV02000013_1_prot_PRQ71095_1_2267;exonerate},{ev_type:exonerate/ID=match.2566964.4283/Target=lcl|BJWK01000015_1_prot_GEM11466_1_5483;exonerate},{ev_type:exonerate/ID=match.2566964.4286/Target=lcl|NW_017264945_1_prot_XP_018267915_1_6766;exonerate},{ev_type:exonerate/ID=match.2566964.4278/Target=lcl|KQ954480_1_prot_KWU44279_1_3260;exonerate}
429455	429132	internal-	6	5	{GeneMark_model.5776_t;GeneMark},{GlimmerHMM_glimmerT_5389-T1;GlimmerHMM},{Augustus_model.g4469.t1;Augustus},{ev_type:exonerate/ID=match.2566964.4284/Target=lcl|LCTV02000013_1_prot_PRQ71095_1_2267;exonerate},{ev_type:exonerate/ID=match.2566964.4283/Target=lcl|BJWK01000015_1_prot_GEM11466_1_5483;exonerate},{ev_type:exonerate/ID=match.2566964.4286/Target=lcl|NW_017264945_1_prot_XP_018267915_1_6766;exonerate},{ev_type:exonerate/ID=match.2566964.4278/Target=lcl|KQ954480_1_prot_KWU44279_1_3260;exonerate}
429524	429456	INTRON			{GeneMark_model.5776_t;GeneMark},{GlimmerHMM_glimmerT_5389-T1;GlimmerHMM},{Augustus_model.g4469.t1;Augustus},{ev_type:exonerate/ID=match.2566964.4287/Target=lcl|PJQD01000045_1_prot_POY72925_1_4161;exonerate},{ev_type:exonerate/ID=match.2566964.4284/Target=lcl|LCTV02000013_1_prot_PRQ71095_1_2267;exonerate},{ev_type:exonerate/ID=match.2566964.4283/Target=lcl|BJWK01000015_1_prot_GEM11466_1_5483;exonerate},{ev_type:exonerate/ID=match.2566964.4286/Target=lcl|NW_017264945_1_prot_XP_018267915_1_6766;exonerate},{ev_type:exonerate/ID=match.2566964.4278/Target=lcl|KQ954480_1_prot_KWU44279_1_3260;exonerate}
429625	429525	internal-	4	5	{GeneMark_model.5776_t;GeneMark},{GlimmerHMM_glimmerT_5389-T1;GlimmerHMM},{Augustus_model.g4469.t1;Augustus}
429698	429626	INTRON			{GeneMark_model.5776_t;GeneMark},{GlimmerHMM_glimmerT_5389-T1;GlimmerHMM},{Augustus_model.g4469.t1;Augustus}
429703	429699	internal-	5	6	{GlimmerHMM_glimmerT_5389-T1;GlimmerHMM},{Augustus_model.g4469.t1;Augustus}
429802	429704	INTRON			{GlimmerHMM_glimmerT_5389-T1;GlimmerHMM},{Augustus_model.g4469.t1;Augustus}
429877	429803	internal-	5	4	{GlimmerHMM_glimmerT_5389-T1;GlimmerHMM},{Augustus_model.g4469.t1;Augustus}
430013	429878	INTRON			{GeneMark_model.5776_t;GeneMark},{GlimmerHMM_glimmerT_5389-T1;GlimmerHMM},{Augustus_model.g4469.t1;Augustus}
430050	430014	initial-	4	4	{GeneMark_model.5776_t;GeneMark},{GlimmerHMM_glimmerT_5389-T1;GlimmerHMM},{Augustus_model.g4469.t1;Augustus}

# EVM prediction: Mode:STANDARD S-ratio: 4.14 430762-432530 orient(+) score(6354.00) noncoding_equivalent(1533.06) raw_noncoding(1771.00) offset(237.94)
430762	430774	initial+	1	1	{Augustus_model.g4470.t1;Augustus}
430775	430850	INTRON			{Augustus_model.g4470.t1;Augustus},{GlimmerHMM_glimmerT_5390-T1;GlimmerHMM},{GeneMark_model.5777_t;GeneMark}
430851	431060	internal+	2	1	{Augustus_model.g4470.t1;Augustus},{GlimmerHMM_glimmerT_5390-T1;GlimmerHMM},{GeneMark_model.5777_t;GeneMark}
431061	431128	INTRON			{Augustus_model.g4470.t1;Augustus},{GlimmerHMM_glimmerT_5390-T1;GlimmerHMM},{GeneMark_model.5777_t;GeneMark}
431129	431214	internal+	2	3	{Augustus_model.g4470.t1;Augustus},{GlimmerHMM_glimmerT_5390-T1;GlimmerHMM},{GeneMark_model.5777_t;GeneMark}
431215	431276	INTRON			{Augustus_model.g4470.t1;Augustus},{GlimmerHMM_glimmerT_5390-T1;GlimmerHMM},{GeneMark_model.5777_t;GeneMark}
431277	431777	internal+	1	3	{Augustus_model.g4470.t1;Augustus},{GlimmerHMM_glimmerT_5390-T1;GlimmerHMM},{GeneMark_model.5777_t;GeneMark}
431778	431853	INTRON			{Augustus_model.g4470.t1;Augustus},{GlimmerHMM_glimmerT_5390-T1;GlimmerHMM},{GeneMark_model.5777_t;GeneMark}
431854	431961	internal+	1	3	{Augustus_model.g4470.t1;Augustus},{GlimmerHMM_glimmerT_5390-T1;GlimmerHMM},{GeneMark_model.5777_t;GeneMark}
431962	432029	INTRON			{Augustus_model.g4470.t1;Augustus},{GlimmerHMM_glimmerT_5390-T1;GlimmerHMM},{GeneMark_model.5777_t;GeneMark}
432030	432182	internal+	1	3	{Augustus_model.g4470.t1;Augustus},{GlimmerHMM_glimmerT_5390-T1;GlimmerHMM},{GeneMark_model.5777_t;GeneMark}
432183	432257	INTRON			{Augustus_model.g4470.t1;Augustus},{GlimmerHMM_glimmerT_5390-T1;GlimmerHMM},{GeneMark_model.5777_t;GeneMark}
432258	432530	terminal+	1	3	{Augustus_model.g4470.t1;Augustus},{GlimmerHMM_glimmerT_5390-T1;GlimmerHMM},{GeneMark_model.5777_t;GeneMark}

# EVM prediction: Mode:STANDARD S-ratio: 4.23 432824-435776 orient(-) score(10208.00) noncoding_equivalent(2411.96) raw_noncoding(2725.90) offset(313.94)
433103	432824	terminal-	6	6	{GlimmerHMM_glimmerT_5391-T1;GlimmerHMM},{Augustus_model.g4471.t1;Augustus},{GeneMark_model.5778_t;GeneMark}
433181	433104	INTRON			{GlimmerHMM_glimmerT_5391-T1;GlimmerHMM},{Augustus_model.g4471.t1;Augustus},{GeneMark_model.5778_t;GeneMark}
434002	433182	internal-	4	5	{GlimmerHMM_glimmerT_5391-T1;GlimmerHMM},{Augustus_model.g4471.t1;Augustus},{GeneMark_model.5778_t;GeneMark}
434066	434003	INTRON			{GlimmerHMM_glimmerT_5391-T1;GlimmerHMM},{Augustus_model.g4471.t1;Augustus},{GeneMark_model.5778_t;GeneMark}
434210	434067	internal-	4	6	{GlimmerHMM_glimmerT_5391-T1;GlimmerHMM},{Augustus_model.g4471.t1;Augustus},{GeneMark_model.5778_t;GeneMark}
434280	434211	INTRON			{GlimmerHMM_glimmerT_5391-T1;GlimmerHMM},{Augustus_model.g4471.t1;Augustus},{GeneMark_model.5778_t;GeneMark}
434547	434281	internal-	4	6	{GlimmerHMM_glimmerT_5391-T1;GlimmerHMM},{Augustus_model.g4471.t1;Augustus},{GeneMark_model.5778_t;GeneMark}
434609	434548	INTRON			{GlimmerHMM_glimmerT_5391-T1;GlimmerHMM},{Augustus_model.g4471.t1;Augustus},{GeneMark_model.5778_t;GeneMark}
434783	434610	internal-	4	6	{GlimmerHMM_glimmerT_5391-T1;GlimmerHMM},{Augustus_model.g4471.t1;Augustus},{GeneMark_model.5778_t;GeneMark}
434859	434784	INTRON			{GlimmerHMM_glimmerT_5391-T1;GlimmerHMM},{Augustus_model.g4471.t1;Augustus},{GeneMark_model.5778_t;GeneMark}
435375	434860	internal-	4	6	{GlimmerHMM_glimmerT_5391-T1;GlimmerHMM},{Augustus_model.g4471.t1;Augustus},{GeneMark_model.5778_t;GeneMark}
435443	435376	INTRON			{GlimmerHMM_glimmerT_5391-T1;GlimmerHMM},{Augustus_model.g4471.t1;Augustus},{GeneMark_model.5778_t;GeneMark}
435776	435444	initial-	4	6	{GlimmerHMM_glimmerT_5391-T1;GlimmerHMM},{Augustus_model.g4471.t1;Augustus},{GeneMark_model.5778_t;GeneMark}

# EVM prediction: Mode:STANDARD S-ratio: 2.61 436112-436650 orient(+) score(2689.00) noncoding_equivalent(1030.36) raw_noncoding(1194.36) offset(164.00)
436112	436175	initial+	1	1	{GeneMark_model.5779_t;GeneMark},{Augustus_model.g4472.t1;Augustus},{GlimmerHMM_glimmerT_5392-T1;GlimmerHMM}
436176	436246	INTRON			{GeneMark_model.5779_t;GeneMark},{Augustus_model.g4472.t1;Augustus},{GlimmerHMM_glimmerT_5392-T1;GlimmerHMM},{ev_type:exonerate/ID=match.2566964.4312/Target=lcl|KQ954480_1_prot_KWU44282_1_3263;exonerate},{ev_type:exonerate/ID=match.2566964.4314/Target=lcl|PJQD01000042_1_prot_POY73044_1_3958;exonerate}
436247	436353	internal+	2	3	{GeneMark_model.5779_t;GeneMark},{Augustus_model.g4472.t1;Augustus},{GlimmerHMM_glimmerT_5392-T1;GlimmerHMM},{ev_type:exonerate/ID=match.2566964.4312/Target=lcl|KQ954480_1_prot_KWU44282_1_3263;exonerate},{ev_type:exonerate/ID=match.2566964.4314/Target=lcl|PJQD01000042_1_prot_POY73044_1_3958;exonerate}
436354	436425	INTRON			{GeneMark_model.5779_t;GeneMark},{Augustus_model.g4472.t1;Augustus},{GlimmerHMM_glimmerT_5392-T1;GlimmerHMM},{ev_type:exonerate/ID=match.2566964.4312/Target=lcl|KQ954480_1_prot_KWU44282_1_3263;exonerate},{ev_type:exonerate/ID=match.2566964.4314/Target=lcl|PJQD01000042_1_prot_POY73044_1_3958;exonerate}
436426	436509	internal+	1	3	{GeneMark_model.5779_t;GeneMark},{Augustus_model.g4472.t1;Augustus},{GlimmerHMM_glimmerT_5392-T1;GlimmerHMM},{ev_type:exonerate/ID=match.2566964.4312/Target=lcl|KQ954480_1_prot_KWU44282_1_3263;exonerate},{ev_type:exonerate/ID=match.2566964.4314/Target=lcl|PJQD01000042_1_prot_POY73044_1_3958;exonerate}
436510	436587	INTRON			{GeneMark_model.5779_t;GeneMark},{Augustus_model.g4472.t1;Augustus},{GlimmerHMM_glimmerT_5392-T1;GlimmerHMM},{ev_type:exonerate/ID=match.2566964.4312/Target=lcl|KQ954480_1_prot_KWU44282_1_3263;exonerate},{ev_type:exonerate/ID=match.2566964.4314/Target=lcl|PJQD01000042_1_prot_POY73044_1_3958;exonerate}
436588	436650	terminal+	1	3	{GeneMark_model.5779_t;GeneMark},{Augustus_model.g4472.t1;Augustus},{GlimmerHMM_glimmerT_5392-T1;GlimmerHMM}

# EVM prediction: Mode:STANDARD S-ratio: 2.75 436834-437458 orient(-) score(2058.00) noncoding_equivalent(747.93) raw_noncoding(907.00) offset(159.07)
437163	436834	terminal-	4	6	{snap_scaffold_14-snap.155-T1;snap},{GeneMark_model.5780_t;GeneMark},{GlimmerHMM_glimmerT_5393-T1;GlimmerHMM}
437241	437164	INTRON			{GeneMark_model.5780_t;GeneMark},{GlimmerHMM_glimmerT_5393-T1;GlimmerHMM},{Augustus_model.g4473.t1;Augustus}
437310	437242	internal-	4	6	{GeneMark_model.5780_t;GeneMark},{GlimmerHMM_glimmerT_5393-T1;GlimmerHMM},{Augustus_model.g4473.t1;Augustus}
437389	437311	INTRON			{GeneMark_model.5780_t;GeneMark},{GlimmerHMM_glimmerT_5393-T1;GlimmerHMM},{Augustus_model.g4473.t1;Augustus}
437458	437390	initial-	4	6	{GeneMark_model.5780_t;GeneMark},{GlimmerHMM_glimmerT_5393-T1;GlimmerHMM},{Augustus_model.g4473.t1;Augustus}

# EVM prediction: Mode:STANDARD S-ratio: 2.21 439247-440660 orient(+) score(3782.00) noncoding_equivalent(1709.42) raw_noncoding(2683.01) offset(973.59)
439247	439267	initial+	1	3	{GeneMark_model.5782_t;GeneMark}
439268	439421	INTRON			{GeneMark_model.5782_t;GeneMark}
439422	439486	internal+	1	2	{GeneMark_model.5782_t;GeneMark}
439487	439571	INTRON			{GeneMark_model.5782_t;GeneMark}
439572	439735	internal+	3	1	{GlimmerHMM_glimmerT_5394-T1;GlimmerHMM},{Augustus_model.g4474.t1;Augustus},{GeneMark_model.5782_t;GeneMark}
439736	439811	INTRON			{GlimmerHMM_glimmerT_5394-T1;GlimmerHMM},{Augustus_model.g4474.t1;Augustus},{GeneMark_model.5782_t;GeneMark}
439812	439980	internal+	2	2	{GlimmerHMM_glimmerT_5394-T1;GlimmerHMM},{Augustus_model.g4474.t1;Augustus},{GeneMark_model.5782_t;GeneMark}
439981	440067	INTRON			{GlimmerHMM_glimmerT_5394-T1;GlimmerHMM},{Augustus_model.g4474.t1;Augustus},{GeneMark_model.5782_t;GeneMark}
440068	440198	internal+	3	1	{Augustus_model.g4474.t1;Augustus},{GeneMark_model.5782_t;GeneMark}
440199	440291	INTRON			{Augustus_model.g4474.t1;Augustus},{GeneMark_model.5782_t;GeneMark}
440292	440434	internal+	2	3	{Augustus_model.g4474.t1;Augustus},{GeneMark_model.5782_t;GeneMark}
440435	440513	INTRON			{Augustus_model.g4474.t1;Augustus},{GeneMark_model.5782_t;GeneMark}
440514	440572	internal+	1	2	{Augustus_model.g4474.t1;Augustus},{GeneMark_model.5782_t;GeneMark}
440573	440638	INTRON			{Augustus_model.g4474.t1;Augustus},{GeneMark_model.5782_t;GeneMark}
440639	440660	terminal+	3	3	{Augustus_model.g4474.t1;Augustus},{GeneMark_model.5782_t;GeneMark}

# EVM prediction: Mode:STANDARD S-ratio: 2.56 440829-441709 orient(-) score(2755.00) noncoding_equivalent(1074.64) raw_noncoding(1430.00) offset(355.36)
441059	440829	terminal-	4	6	{GlimmerHMM_glimmerT_5395-T1;GlimmerHMM},{Augustus_model.g4475.t1;Augustus},{snap_scaffold_14-snap.157-T1;snap},{GeneMark_model.5783_t;GeneMark}
441144	441060	INTRON			{GlimmerHMM_glimmerT_5395-T1;GlimmerHMM},{Augustus_model.g4475.t1;Augustus},{GeneMark_model.5783_t;GeneMark}
441243	441145	internal-	4	6	{GlimmerHMM_glimmerT_5395-T1;GlimmerHMM},{Augustus_model.g4475.t1;Augustus},{GeneMark_model.5783_t;GeneMark}
441317	441244	INTRON			{GlimmerHMM_glimmerT_5395-T1;GlimmerHMM},{Augustus_model.g4475.t1;Augustus},{GeneMark_model.5783_t;GeneMark}
441429	441318	internal-	6	6	{GlimmerHMM_glimmerT_5395-T1;GlimmerHMM},{Augustus_model.g4475.t1;Augustus},{GeneMark_model.5783_t;GeneMark}
441493	441430	INTRON			{Augustus_model.g4475.t1;Augustus},{GeneMark_model.5783_t;GeneMark}
441570	441494	internal-	4	5	{Augustus_model.g4475.t1;Augustus},{GeneMark_model.5783_t;GeneMark}
441610	441571	INTRON			{GlimmerHMM_glimmerT_5395-T1;GlimmerHMM},{Augustus_model.g4475.t1;Augustus}
441709	441611	initial-	4	6	{GlimmerHMM_glimmerT_5395-T1;GlimmerHMM},{Augustus_model.g4475.t1;Augustus}

# EVM prediction: Mode:STANDARD S-ratio: 3.09 441904-446431 orient(+) score(14946.00) noncoding_equivalent(4841.96) raw_noncoding(6133.00) offset(1291.04)
441904	442114	initial+	1	1	{GeneMark_model.5784_t;GeneMark},{GlimmerHMM_glimmerT_5396-T1;GlimmerHMM},{Augustus_model.g4476.t1;Augustus}
442115	442219	INTRON			{GeneMark_model.5784_t;GeneMark},{GlimmerHMM_glimmerT_5396-T1;GlimmerHMM},{Augustus_model.g4476.t1;Augustus}
442220	442284	internal+	2	3	{GeneMark_model.5784_t;GeneMark},{GlimmerHMM_glimmerT_5396-T1;GlimmerHMM},{Augustus_model.g4476.t1;Augustus}
442285	442482	INTRON			{GeneMark_model.5784_t;GeneMark},{GlimmerHMM_glimmerT_5396-T1;GlimmerHMM},{Augustus_model.g4476.t1;Augustus}
442483	442764	internal+	1	3	{GeneMark_model.5784_t;GeneMark},{GlimmerHMM_glimmerT_5396-T1;GlimmerHMM},{Augustus_model.g4476.t1;Augustus}
442765	442851	INTRON			{GeneMark_model.5784_t;GeneMark},{Augustus_model.g4476.t1;Augustus}
442852	442872	internal+	1	3	{GeneMark_model.5784_t;GeneMark},{Augustus_model.g4476.t1;Augustus}
442873	442940	INTRON			{GeneMark_model.5784_t;GeneMark},{Augustus_model.g4476.t1;Augustus}
442941	443149	internal+	1	2	{GeneMark_model.5784_t;GeneMark},{GlimmerHMM_glimmerT_5396-T1;GlimmerHMM},{Augustus_model.g4476.t1;Augustus}
443150	443231	INTRON			{GeneMark_model.5784_t;GeneMark},{GlimmerHMM_glimmerT_5396-T1;GlimmerHMM},{Augustus_model.g4476.t1;Augustus}
443232	443295	internal+	3	3	{GeneMark_model.5784_t;GeneMark},{Augustus_model.g4476.t1;Augustus}
443296	443358	INTRON			{GeneMark_model.5784_t;GeneMark},{Augustus_model.g4476.t1;Augustus}
443359	443984	internal+	1	2	{Augustus_model.g4476.t1;Augustus}
443985	444054	INTRON			{GeneMark_model.5784_t;GeneMark},{GlimmerHMM_glimmerT_5396-T1;GlimmerHMM},{Augustus_model.g4476.t1;Augustus}
444055	444277	internal+	3	3	{GeneMark_model.5784_t;GeneMark},{GlimmerHMM_glimmerT_5396-T1;GlimmerHMM},{Augustus_model.g4476.t1;Augustus}
444278	444357	INTRON			{GeneMark_model.5784_t;GeneMark},{GlimmerHMM_glimmerT_5396-T1;GlimmerHMM},{Augustus_model.g4476.t1;Augustus}
444358	444421	internal+	1	1	{GeneMark_model.5784_t;GeneMark},{GlimmerHMM_glimmerT_5396-T1;GlimmerHMM},{Augustus_model.g4476.t1;Augustus}
444422	444484	INTRON			{GeneMark_model.5784_t;GeneMark},{GlimmerHMM_glimmerT_5396-T1;GlimmerHMM},{Augustus_model.g4476.t1;Augustus}
444485	444573	internal+	2	3	{GeneMark_model.5784_t;GeneMark},{GlimmerHMM_glimmerT_5396-T1;GlimmerHMM},{Augustus_model.g4476.t1;Augustus}
444574	444637	INTRON			{GeneMark_model.5784_t;GeneMark},{GlimmerHMM_glimmerT_5396-T1;GlimmerHMM},{Augustus_model.g4476.t1;Augustus}
444638	444710	internal+	1	1	{GeneMark_model.5784_t;GeneMark},{GlimmerHMM_glimmerT_5396-T1;GlimmerHMM},{Augustus_model.g4476.t1;Augustus}
444711	444772	INTRON			{GeneMark_model.5784_t;GeneMark},{GlimmerHMM_glimmerT_5396-T1;GlimmerHMM},{Augustus_model.g4476.t1;Augustus}
444773	444965	internal+	2	2	{GeneMark_model.5784_t;GeneMark},{GlimmerHMM_glimmerT_5396-T1;GlimmerHMM},{Augustus_model.g4476.t1;Augustus}
444966	445026	INTRON			{GeneMark_model.5784_t;GeneMark},{Augustus_model.g4476.t1;Augustus}
445027	445256	internal+	3	1	{GeneMark_model.5784_t;GeneMark},{Augustus_model.g4476.t1;Augustus}
445257	445330	INTRON			{GeneMark_model.5784_t;GeneMark},{GlimmerHMM_glimmerT_5396-T1;GlimmerHMM},{Augustus_model.g4476.t1;Augustus}
445331	445820	internal+	2	2	{GeneMark_model.5784_t;GeneMark},{GlimmerHMM_glimmerT_5396-T1;GlimmerHMM},{Augustus_model.g4476.t1;Augustus}
445821	445884	INTRON			{GeneMark_model.5784_t;GeneMark},{GlimmerHMM_glimmerT_5396-T1;GlimmerHMM},{Augustus_model.g4476.t1;Augustus}
445885	446431	terminal+	3	3	{GeneMark_model.5784_t;GeneMark},{GlimmerHMM_glimmerT_5396-T1;GlimmerHMM},{Augustus_model.g4476.t1;Augustus}

# EVM prediction: Mode:STANDARD S-ratio: 4.04 446863-449044 orient(+) score(6907.00) noncoding_equivalent(1709.77) raw_noncoding(2266.00) offset(556.23)
446863	447202	initial+	1	1	{GlimmerHMM_glimmerT_5397-T1;GlimmerHMM},{Augustus_model.g4477.t1;Augustus},{GeneMark_model.5785_t;GeneMark}
447203	447268	INTRON			{Augustus_model.g4477.t1;Augustus},{GeneMark_model.5785_t;GeneMark}
447269	447456	internal+	2	3	{Augustus_model.g4477.t1;Augustus},{GeneMark_model.5785_t;GeneMark}
447457	447515	INTRON			{GlimmerHMM_glimmerT_5397-T1;GlimmerHMM},{Augustus_model.g4477.t1;Augustus},{GeneMark_model.5785_t;GeneMark}
447516	447699	internal+	1	1	{Augustus_model.g4477.t1;Augustus}
447700	447744	INTRON			{Augustus_model.g4477.t1;Augustus}
447745	447808	internal+	2	2	{Augustus_model.g4477.t1;Augustus},{GeneMark_model.5785_t;GeneMark}
447809	447868	INTRON			{Augustus_model.g4477.t1;Augustus},{GeneMark_model.5785_t;GeneMark}
447869	448956	internal+	3	1	{GeneMark_model.5785_t;GeneMark}
448957	449024	INTRON			{GeneMark_model.5785_t;GeneMark}
449025	449044	terminal+	2	3	{GeneMark_model.5785_t;GeneMark}

# EVM prediction: Mode:STANDARD S-ratio: 4.89 449205-450980 orient(-) score(6097.00) noncoding_equivalent(1246.29) raw_noncoding(1596.00) offset(349.71)
450146	449205	terminal-	4	6	{GlimmerHMM_glimmerT_5398-T1;GlimmerHMM},{snap_scaffold_14-snap.163-T1;snap},{GeneMark_model.5786_t;GeneMark}
450217	450147	INTRON			{GeneMark_model.5786_t;GeneMark},{Augustus_model.g4478.t1;Augustus}
450293	450218	internal-	6	6	{GeneMark_model.5786_t;GeneMark},{Augustus_model.g4478.t1;Augustus}
450367	450294	INTRON			{GeneMark_model.5786_t;GeneMark},{Augustus_model.g4478.t1;Augustus}
450725	450368	internal-	5	5	{GeneMark_model.5786_t;GeneMark},{Augustus_model.g4478.t1;Augustus}
450786	450726	INTRON			{GlimmerHMM_glimmerT_5398-T1;GlimmerHMM},{GeneMark_model.5786_t;GeneMark},{Augustus_model.g4478.t1;Augustus}
450892	450787	internal-	4	4	{GlimmerHMM_glimmerT_5398-T1;GlimmerHMM},{GeneMark_model.5786_t;GeneMark},{Augustus_model.g4478.t1;Augustus}
450956	450893	INTRON			{GlimmerHMM_glimmerT_5398-T1;GlimmerHMM},{GeneMark_model.5786_t;GeneMark},{Augustus_model.g4478.t1;Augustus}
450980	450957	initial-	4	6	{GlimmerHMM_glimmerT_5398-T1;GlimmerHMM}

# EVM prediction: Mode:STANDARD S-ratio: 1.72 451830-452546 orient(-) score(2109.00) noncoding_equivalent(1227.14) raw_noncoding(1479.14) offset(252.00)
451897	451830	terminal-	5	6	{GlimmerHMM_glimmerT_5399-T1;GlimmerHMM},{GeneMark_model.5787_t;GeneMark}
451962	451898	INTRON			{GlimmerHMM_glimmerT_5399-T1;GlimmerHMM},{GeneMark_model.5787_t;GeneMark},{Augustus_model.g4478.t1;Augustus}
452026	451963	internal-	4	4	{GlimmerHMM_glimmerT_5399-T1;GlimmerHMM},{GeneMark_model.5787_t;GeneMark},{Augustus_model.g4478.t1;Augustus}
452100	452027	INTRON			{GlimmerHMM_glimmerT_5399-T1;GlimmerHMM},{GeneMark_model.5787_t;GeneMark},{Augustus_model.g4478.t1;Augustus}
452262	452101	internal-	4	6	{GlimmerHMM_glimmerT_5399-T1;GlimmerHMM},{GeneMark_model.5787_t;GeneMark},{Augustus_model.g4478.t1;Augustus}
452363	452263	INTRON			{GlimmerHMM_glimmerT_5399-T1;GlimmerHMM},{GeneMark_model.5787_t;GeneMark},{Augustus_model.g4478.t1;Augustus}
452546	452364	initial-	4	6	{GlimmerHMM_glimmerT_5399-T1;GlimmerHMM},{GeneMark_model.5787_t;GeneMark},{Augustus_model.g4478.t1;Augustus}

# EVM prediction: Mode:STANDARD S-ratio: 2.28 452846-453884 orient(+) score(3990.00) noncoding_equivalent(1749.33) raw_noncoding(2224.00) offset(474.67)
452846	452866	initial+	1	3	{GeneMark_model.5788_t;GeneMark},{Augustus_model.g4479.t1;Augustus},{GlimmerHMM_glimmerT_5400-T1;GlimmerHMM}
452867	452934	INTRON			{GeneMark_model.5788_t;GeneMark},{Augustus_model.g4479.t1;Augustus},{GlimmerHMM_glimmerT_5400-T1;GlimmerHMM}
452935	452966	internal+	1	2	{GeneMark_model.5788_t;GeneMark},{Augustus_model.g4479.t1;Augustus},{GlimmerHMM_glimmerT_5400-T1;GlimmerHMM}
452967	453026	INTRON			{GeneMark_model.5788_t;GeneMark},{Augustus_model.g4479.t1;Augustus},{GlimmerHMM_glimmerT_5400-T1;GlimmerHMM},{ev_type:exonerate/ID=match.2566964.4281/Target=lcl|KQ954480_1_prot_KWU44291_1_3272;exonerate}
453027	453163	internal+	3	1	{GeneMark_model.5788_t;GeneMark},{Augustus_model.g4479.t1;Augustus},{GlimmerHMM_glimmerT_5400-T1;GlimmerHMM},{ev_type:exonerate/ID=match.2566964.4281/Target=lcl|KQ954480_1_prot_KWU44291_1_3272;exonerate}
453164	453225	INTRON			{GeneMark_model.5788_t;GeneMark},{Augustus_model.g4479.t1;Augustus},{ev_type:exonerate/ID=match.2566964.4281/Target=lcl|KQ954480_1_prot_KWU44291_1_3272;exonerate}
453226	453339	internal+	2	1	{GeneMark_model.5788_t;GeneMark},{Augustus_model.g4479.t1;Augustus},{ev_type:exonerate/ID=match.2566964.4281/Target=lcl|KQ954480_1_prot_KWU44291_1_3272;exonerate}
453340	453423	INTRON			{GeneMark_model.5788_t;GeneMark},{Augustus_model.g4479.t1;Augustus},{GlimmerHMM_glimmerT_5400-T1;GlimmerHMM},{ev_type:exonerate/ID=match.2566964.4281/Target=lcl|KQ954480_1_prot_KWU44291_1_3272;exonerate}
453424	453530	internal+	2	3	{GeneMark_model.5788_t;GeneMark},{Augustus_model.g4479.t1;Augustus},{GlimmerHMM_glimmerT_5400-T1;GlimmerHMM},{ev_type:exonerate/ID=match.2566964.4281/Target=lcl|KQ954480_1_prot_KWU44291_1_3272;exonerate}
453531	453588	INTRON			{GeneMark_model.5788_t;GeneMark},{Augustus_model.g4479.t1;Augustus},{GlimmerHMM_glimmerT_5400-T1;GlimmerHMM},{ev_type:exonerate/ID=match.2566964.4281/Target=lcl|KQ954480_1_prot_KWU44291_1_3272;exonerate}
453589	453677	internal+	1	2	{GeneMark_model.5788_t;GeneMark},{Augustus_model.g4479.t1;Augustus},{GlimmerHMM_glimmerT_5400-T1;GlimmerHMM},{ev_type:exonerate/ID=match.2566964.4281/Target=lcl|KQ954480_1_prot_KWU44291_1_3272;exonerate}
453678	453736	INTRON			{GeneMark_model.5788_t;GeneMark},{Augustus_model.g4479.t1;Augustus},{GlimmerHMM_glimmerT_5400-T1;GlimmerHMM},{ev_type:exonerate/ID=match.2566964.4281/Target=lcl|KQ954480_1_prot_KWU44291_1_3272;exonerate}
453737	453884	terminal+	3	3	{GeneMark_model.5788_t;GeneMark},{Augustus_model.g4479.t1;Augustus},{GlimmerHMM_glimmerT_5400-T1;GlimmerHMM}

# EVM prediction: Mode:STANDARD S-ratio: 2.44 453989-456201 orient(-) score(6639.00) noncoding_equivalent(2717.00) raw_noncoding(2993.00) offset(276.00)
454464	453989	terminal-	5	6	{Augustus_model.g4480.t1;Augustus},{GeneMark_model.5789_t;GeneMark},{GlimmerHMM_glimmerT_5401-T1;GlimmerHMM}
454531	454465	INTRON			{Augustus_model.g4480.t1;Augustus},{GeneMark_model.5789_t;GeneMark},{GlimmerHMM_glimmerT_5401-T1;GlimmerHMM}
454823	454532	internal-	4	4	{Augustus_model.g4480.t1;Augustus},{GeneMark_model.5789_t;GeneMark},{GlimmerHMM_glimmerT_5401-T1;GlimmerHMM}
454886	454824	INTRON			{Augustus_model.g4480.t1;Augustus},{GeneMark_model.5789_t;GeneMark},{GlimmerHMM_glimmerT_5401-T1;GlimmerHMM}
454990	454887	internal-	5	6	{Augustus_model.g4480.t1;Augustus},{GeneMark_model.5789_t;GeneMark},{GlimmerHMM_glimmerT_5401-T1;GlimmerHMM}
455052	454991	INTRON			{Augustus_model.g4480.t1;Augustus},{GeneMark_model.5789_t;GeneMark},{GlimmerHMM_glimmerT_5401-T1;GlimmerHMM}
456026	455053	internal-	6	4	{Augustus_model.g4480.t1;Augustus},{GeneMark_model.5789_t;GeneMark},{GlimmerHMM_glimmerT_5401-T1;GlimmerHMM}
456094	456027	INTRON			{Augustus_model.g4480.t1;Augustus},{GeneMark_model.5789_t;GeneMark},{GlimmerHMM_glimmerT_5401-T1;GlimmerHMM}
456201	456095	initial-	4	5	{Augustus_model.g4480.t1;Augustus},{GeneMark_model.5789_t;GeneMark},{GlimmerHMM_glimmerT_5401-T1;GlimmerHMM}

# EVM prediction: Mode:STANDARD S-ratio: 3.51 456472-464359 orient(+) score(26165.00) noncoding_equivalent(7448.10) raw_noncoding(8578.00) offset(1129.90)
456472	456529	initial+	1	1	{Augustus_model.g4481.t1;Augustus},{GlimmerHMM_glimmerT_5402-T1;GlimmerHMM},{GeneMark_model.5790_t;GeneMark}
456530	456930	INTRON			{Augustus_model.g4481.t1;Augustus},{GlimmerHMM_glimmerT_5402-T1;GlimmerHMM},{GeneMark_model.5790_t;GeneMark}
456931	457463	internal+	2	3	{Augustus_model.g4481.t1;Augustus},{GlimmerHMM_glimmerT_5402-T1;GlimmerHMM},{GeneMark_model.5790_t;GeneMark}
457464	457531	INTRON			{Augustus_model.g4481.t1;Augustus},{GlimmerHMM_glimmerT_5402-T1;GlimmerHMM},{GeneMark_model.5790_t;GeneMark}
457532	457686	internal+	1	2	{Augustus_model.g4481.t1;Augustus},{GlimmerHMM_glimmerT_5402-T1;GlimmerHMM},{GeneMark_model.5790_t;GeneMark}
457687	457750	INTRON			{Augustus_model.g4481.t1;Augustus},{GlimmerHMM_glimmerT_5402-T1;GlimmerHMM},{GeneMark_model.5790_t;GeneMark}
457751	458066	internal+	3	3	{Augustus_model.g4481.t1;Augustus},{GlimmerHMM_glimmerT_5402-T1;GlimmerHMM},{GeneMark_model.5790_t;GeneMark}
458067	458133	INTRON			{Augustus_model.g4481.t1;Augustus},{GlimmerHMM_glimmerT_5402-T1;GlimmerHMM},{GeneMark_model.5790_t;GeneMark}
458134	458463	internal+	1	3	{Augustus_model.g4481.t1;Augustus},{GlimmerHMM_glimmerT_5402-T1;GlimmerHMM},{GeneMark_model.5790_t;GeneMark}
458464	458527	INTRON			{Augustus_model.g4481.t1;Augustus},{GlimmerHMM_glimmerT_5402-T1;GlimmerHMM},{GeneMark_model.5790_t;GeneMark}
458528	459340	internal+	1	3	{Augustus_model.g4481.t1;Augustus},{GlimmerHMM_glimmerT_5402-T1;GlimmerHMM},{GeneMark_model.5790_t;GeneMark}
459341	459404	INTRON			{Augustus_model.g4481.t1;Augustus},{GlimmerHMM_glimmerT_5402-T1;GlimmerHMM},{GeneMark_model.5790_t;GeneMark}
459405	462511	internal+	1	2	{Augustus_model.g4481.t1;Augustus},{GlimmerHMM_glimmerT_5402-T1;GlimmerHMM},{GeneMark_model.5790_t;GeneMark}
462512	462592	INTRON			{Augustus_model.g4481.t1;Augustus},{GlimmerHMM_glimmerT_5402-T1;GlimmerHMM},{GeneMark_model.5790_t;GeneMark}
462593	462866	internal+	3	3	{Augustus_model.g4481.t1;Augustus},{GlimmerHMM_glimmerT_5402-T1;GlimmerHMM},{GeneMark_model.5790_t;GeneMark}
462867	462927	INTRON			{Augustus_model.g4481.t1;Augustus},{GlimmerHMM_glimmerT_5402-T1;GlimmerHMM},{GeneMark_model.5790_t;GeneMark}
462928	463106	internal+	1	2	{Augustus_model.g4481.t1;Augustus},{GlimmerHMM_glimmerT_5402-T1;GlimmerHMM},{GeneMark_model.5790_t;GeneMark}
463107	463170	INTRON			{Augustus_model.g4481.t1;Augustus},{GlimmerHMM_glimmerT_5402-T1;GlimmerHMM},{GeneMark_model.5790_t;GeneMark}
463171	463403	internal+	3	1	{Augustus_model.g4481.t1;Augustus},{GlimmerHMM_glimmerT_5402-T1;GlimmerHMM},{GeneMark_model.5790_t;GeneMark}
463404	463464	INTRON			{Augustus_model.g4481.t1;Augustus},{GlimmerHMM_glimmerT_5402-T1;GlimmerHMM},{GeneMark_model.5790_t;GeneMark}
463465	463700	internal+	2	3	{Augustus_model.g4481.t1;Augustus},{GlimmerHMM_glimmerT_5402-T1;GlimmerHMM},{GeneMark_model.5790_t;GeneMark}
463701	463759	INTRON			{Augustus_model.g4481.t1;Augustus},{GlimmerHMM_glimmerT_5402-T1;GlimmerHMM},{GeneMark_model.5790_t;GeneMark}
463760	464065	internal+	1	3	{Augustus_model.g4481.t1;Augustus},{GeneMark_model.5790_t;GeneMark}
464066	464143	INTRON			{Augustus_model.g4481.t1;Augustus},{GeneMark_model.5790_t;GeneMark}
464144	464359	terminal+	1	3	{Augustus_model.g4481.t1;Augustus},{GeneMark_model.5790_t;GeneMark}

# EVM prediction: Mode:STANDARD S-ratio: 2.54 464695-466944 orient(+) score(7095.00) noncoding_equivalent(2796.18) raw_noncoding(3621.00) offset(824.82)
464695	464809	initial+	1	1	{Augustus_model.g4482.t1;Augustus},{GeneMark_model.5791_t;GeneMark},{GlimmerHMM_glimmerT_5403-T1;GlimmerHMM}
464810	464937	INTRON			{Augustus_model.g4482.t1;Augustus},{GeneMark_model.5791_t;GeneMark}
464938	464990	internal+	2	3	{Augustus_model.g4482.t1;Augustus},{GeneMark_model.5791_t;GeneMark}
464991	465050	INTRON			{Augustus_model.g4482.t1;Augustus},{GeneMark_model.5791_t;GeneMark}
465051	465108	internal+	1	1	{Augustus_model.g4482.t1;Augustus},{GeneMark_model.5791_t;GeneMark}
465109	465174	INTRON			{Augustus_model.g4482.t1;Augustus},{GeneMark_model.5791_t;GeneMark}
465175	465245	internal+	2	3	{Augustus_model.g4482.t1;Augustus},{GeneMark_model.5791_t;GeneMark},{GlimmerHMM_glimmerT_5403-T1;GlimmerHMM}
465246	465317	INTRON			{Augustus_model.g4482.t1;Augustus},{GeneMark_model.5791_t;GeneMark},{GlimmerHMM_glimmerT_5403-T1;GlimmerHMM}
465318	465861	internal+	1	1	{Augustus_model.g4482.t1;Augustus},{GeneMark_model.5791_t;GeneMark},{GlimmerHMM_glimmerT_5403-T1;GlimmerHMM}
465862	465920	INTRON			{Augustus_model.g4482.t1;Augustus},{GeneMark_model.5791_t;GeneMark},{GlimmerHMM_glimmerT_5403-T1;GlimmerHMM}
465921	465960	internal+	2	2	{Augustus_model.g4482.t1;Augustus},{GeneMark_model.5791_t;GeneMark},{GlimmerHMM_glimmerT_5403-T1;GlimmerHMM}
465961	466024	INTRON			{Augustus_model.g4482.t1;Augustus},{GeneMark_model.5791_t;GeneMark},{GlimmerHMM_glimmerT_5403-T1;GlimmerHMM}
466025	466145	internal+	3	3	{Augustus_model.g4482.t1;Augustus},{GeneMark_model.5791_t;GeneMark},{GlimmerHMM_glimmerT_5403-T1;GlimmerHMM}
466146	466205	INTRON			{Augustus_model.g4482.t1;Augustus},{GeneMark_model.5791_t;GeneMark},{GlimmerHMM_glimmerT_5403-T1;GlimmerHMM}
466206	466328	internal+	1	3	{Augustus_model.g4482.t1;Augustus},{GeneMark_model.5791_t;GeneMark},{GlimmerHMM_glimmerT_5403-T1;GlimmerHMM}
466329	466398	INTRON			{Augustus_model.g4482.t1;Augustus},{GeneMark_model.5791_t;GeneMark},{GlimmerHMM_glimmerT_5403-T1;GlimmerHMM}
466399	466445	internal+	1	2	{Augustus_model.g4482.t1;Augustus},{GeneMark_model.5791_t;GeneMark},{GlimmerHMM_glimmerT_5403-T1;GlimmerHMM}
466446	466508	INTRON			{Augustus_model.g4482.t1;Augustus},{GeneMark_model.5791_t;GeneMark},{GlimmerHMM_glimmerT_5403-T1;GlimmerHMM}
466509	466687	internal+	3	1	{Augustus_model.g4482.t1;Augustus},{GeneMark_model.5791_t;GeneMark},{GlimmerHMM_glimmerT_5403-T1;GlimmerHMM}
466688	466762	INTRON			{Augustus_model.g4482.t1;Augustus},{GeneMark_model.5791_t;GeneMark},{GlimmerHMM_glimmerT_5403-T1;GlimmerHMM}
466763	466944	terminal+	2	3	{Augustus_model.g4482.t1;Augustus},{GeneMark_model.5791_t;GeneMark},{GlimmerHMM_glimmerT_5403-T1;GlimmerHMM}

# EVM prediction: Mode:STANDARD S-ratio: 2.51 467776-470116 orient(+) score(7277.00) noncoding_equivalent(2896.63) raw_noncoding(4094.08) offset(1197.45)
467776	467961	initial+	1	3	{GeneMark_model.5792_t;GeneMark},{GlimmerHMM_glimmerT_5404-T1;GlimmerHMM}
467962	468109	INTRON			{GeneMark_model.5792_t;GeneMark},{GlimmerHMM_glimmerT_5404-T1;GlimmerHMM}
468110	468184	internal+	1	3	{Augustus_model.g4483.t1;Augustus},{GeneMark_model.5792_t;GeneMark},{GlimmerHMM_glimmerT_5404-T1;GlimmerHMM}
468185	468273	INTRON			{Augustus_model.g4483.t1;Augustus},{GeneMark_model.5792_t;GeneMark},{GlimmerHMM_glimmerT_5404-T1;GlimmerHMM}
468274	468462	internal+	1	3	{Augustus_model.g4483.t1;Augustus},{GeneMark_model.5792_t;GeneMark},{GlimmerHMM_glimmerT_5404-T1;GlimmerHMM}
468463	468535	INTRON			{Augustus_model.g4483.t1;Augustus},{GeneMark_model.5792_t;GeneMark},{GlimmerHMM_glimmerT_5404-T1;GlimmerHMM}
468536	468599	internal+	1	1	{Augustus_model.g4483.t1;Augustus},{GeneMark_model.5792_t;GeneMark},{GlimmerHMM_glimmerT_5404-T1;GlimmerHMM}
468600	468665	INTRON			{Augustus_model.g4483.t1;Augustus},{GeneMark_model.5792_t;GeneMark}
468666	468689	internal+	2	1	{Augustus_model.g4483.t1;Augustus},{GeneMark_model.5792_t;GeneMark}
468690	468755	INTRON			{Augustus_model.g4483.t1;Augustus},{GeneMark_model.5792_t;GeneMark}
468756	468850	internal+	2	3	{Augustus_model.g4483.t1;Augustus},{GeneMark_model.5792_t;GeneMark},{GlimmerHMM_glimmerT_5404-T1;GlimmerHMM}
468851	468914	INTRON			{Augustus_model.g4483.t1;Augustus},{GeneMark_model.5792_t;GeneMark}
468915	468980	internal+	1	3	{Augustus_model.g4483.t1;Augustus},{GeneMark_model.5792_t;GeneMark}
468981	469049	INTRON			{Augustus_model.g4483.t1;Augustus},{GeneMark_model.5792_t;GeneMark},{GlimmerHMM_glimmerT_5404-T1;GlimmerHMM}
469050	469078	internal+	1	2	{Augustus_model.g4483.t1;Augustus},{GeneMark_model.5792_t;GeneMark},{GlimmerHMM_glimmerT_5404-T1;GlimmerHMM}
469079	469144	INTRON			{Augustus_model.g4483.t1;Augustus},{GeneMark_model.5792_t;GeneMark},{GlimmerHMM_glimmerT_5404-T1;GlimmerHMM}
469145	469332	internal+	3	1	{Augustus_model.g4483.t1;Augustus},{GeneMark_model.5792_t;GeneMark},{GlimmerHMM_glimmerT_5404-T1;GlimmerHMM}
469333	469394	INTRON			{Augustus_model.g4483.t1;Augustus},{GeneMark_model.5792_t;GeneMark},{GlimmerHMM_glimmerT_5404-T1;GlimmerHMM}
469395	469450	internal+	2	3	{Augustus_model.g4483.t1;Augustus},{GeneMark_model.5792_t;GeneMark},{GlimmerHMM_glimmerT_5404-T1;GlimmerHMM}
469451	469513	INTRON			{Augustus_model.g4483.t1;Augustus},{GeneMark_model.5792_t;GeneMark},{GlimmerHMM_glimmerT_5404-T1;GlimmerHMM}
469514	469527	internal+	1	2	{Augustus_model.g4483.t1;Augustus},{GeneMark_model.5792_t;GeneMark}
469528	469593	INTRON			{Augustus_model.g4483.t1;Augustus},{GeneMark_model.5792_t;GeneMark}
469594	470116	terminal+	3	3	{snap_scaffold_14-snap.170-T1;snap},{Augustus_model.g4483.t1;Augustus},{GeneMark_model.5792_t;GeneMark},{GlimmerHMM_glimmerT_5404-T1;GlimmerHMM}

# EVM prediction: Mode:STANDARD S-ratio: 3.59 472607-474659 orient(+) score(6750.00) noncoding_equivalent(1880.29) raw_noncoding(2401.00) offset(520.71)
472607	472924	initial+	1	3	{GlimmerHMM_glimmerT_5406-T1;GlimmerHMM},{Augustus_model.g4484.t1;Augustus},{GeneMark_model.5793_t;GeneMark}
472925	473000	INTRON			{Augustus_model.g4484.t1;Augustus},{GeneMark_model.5793_t;GeneMark}
473001	473114	internal+	1	3	{Augustus_model.g4484.t1;Augustus},{GeneMark_model.5793_t;GeneMark}
473115	473188	INTRON			{Augustus_model.g4484.t1;Augustus},{GeneMark_model.5793_t;GeneMark}
473189	473322	internal+	1	2	{GlimmerHMM_glimmerT_5406-T1;GlimmerHMM},{Augustus_model.g4484.t1;Augustus},{GeneMark_model.5793_t;GeneMark}
473323	473388	INTRON			{GlimmerHMM_glimmerT_5406-T1;GlimmerHMM},{Augustus_model.g4484.t1;Augustus},{GeneMark_model.5793_t;GeneMark}
473389	473533	internal+	3	3	{GlimmerHMM_glimmerT_5406-T1;GlimmerHMM},{Augustus_model.g4484.t1;Augustus},{GeneMark_model.5793_t;GeneMark}
473534	473598	INTRON			{GlimmerHMM_glimmerT_5406-T1;GlimmerHMM},{Augustus_model.g4484.t1;Augustus},{GeneMark_model.5793_t;GeneMark}
473599	473936	internal+	1	2	{GlimmerHMM_glimmerT_5406-T1;GlimmerHMM},{Augustus_model.g4484.t1;Augustus},{GeneMark_model.5793_t;GeneMark}
473937	474022	INTRON			{GlimmerHMM_glimmerT_5406-T1;GlimmerHMM},{Augustus_model.g4484.t1;Augustus},{GeneMark_model.5793_t;GeneMark}
474023	474659	terminal+	3	3	{GlimmerHMM_glimmerT_5406-T1;GlimmerHMM},{Augustus_model.g4484.t1;Augustus},{GeneMark_model.5793_t;GeneMark},{snap_scaffold_14-snap.172-T1;snap}

# EVM prediction: Mode:STANDARD S-ratio: 2.65 474916-475514 orient(-) score(3323.00) noncoding_equivalent(1255.16) raw_noncoding(1322.16) offset(67.00)
475103	474916	terminal-	5	6	{HiQ_model.g4485.t1;HiQ},{GlimmerHMM_glimmerT_5407-T1;GlimmerHMM},{GeneMark_model.5794_t;GeneMark}
475168	475104	INTRON			{HiQ_model.g4485.t1;HiQ},{GlimmerHMM_glimmerT_5407-T1;GlimmerHMM},{GeneMark_model.5794_t;GeneMark},{ev_type:exonerate/ID=match.2566964.4295/Target=lcl|PJQD01000045_1_prot_POY72910_1_4146;exonerate}
475514	475169	initial-	4	4	{HiQ_model.g4485.t1;HiQ},{GlimmerHMM_glimmerT_5407-T1;GlimmerHMM},{GeneMark_model.5794_t;GeneMark}

# EVM prediction: Mode:STANDARD S-ratio: 7.62 475839-476522 orient(+) score(5413.00) noncoding_equivalent(710.05) raw_noncoding(710.05) offset(0.00)
475839	476522	single+	1	3	{GeneMark_model.5795_t;GeneMark}

# EVM prediction: Mode:STANDARD S-ratio: 2.78 477377-478806 orient(+) score(3773.00) noncoding_equivalent(1356.21) raw_noncoding(2525.77) offset(1169.55)
477377	477548	initial+	1	1	{GeneMark_model.5796_t;GeneMark}
477549	477675	INTRON			{GeneMark_model.5796_t;GeneMark}
477676	477688	internal+	2	2	{GeneMark_model.5796_t;GeneMark}
477689	477917	INTRON			{GeneMark_model.5796_t;GeneMark}
477918	477948	internal+	3	3	{Augustus_model.g4486.t1;Augustus},{GeneMark_model.5796_t;GeneMark}
477949	478016	INTRON			{Augustus_model.g4486.t1;Augustus},{GeneMark_model.5796_t;GeneMark}
478017	478263	internal+	1	1	{Augustus_model.g4486.t1;Augustus},{GlimmerHMM_glimmerT_5408-T1;GlimmerHMM},{GeneMark_model.5796_t;GeneMark}
478264	478324	INTRON			{Augustus_model.g4486.t1;Augustus},{GlimmerHMM_glimmerT_5408-T1;GlimmerHMM},{GeneMark_model.5796_t;GeneMark}
478325	478806	terminal+	2	3	{snap_scaffold_14-snap.175-T1;snap},{Augustus_model.g4486.t1;Augustus},{GlimmerHMM_glimmerT_5408-T1;GlimmerHMM},{GeneMark_model.5796_t;GeneMark}

# EVM prediction: Mode:STANDARD S-ratio: 2.40 480035-483096 orient(-) score(9900.00) noncoding_equivalent(4127.92) raw_noncoding(4802.00) offset(674.08)
480183	480035	terminal-	5	6	{Augustus_model.g4487.t1;Augustus},{GlimmerHMM_glimmerT_5409-T1;GlimmerHMM},{GeneMark_model.5797_t;GeneMark}
480260	480184	INTRON			{Augustus_model.g4487.t1;Augustus},{GlimmerHMM_glimmerT_5409-T1;GlimmerHMM},{GeneMark_model.5797_t;GeneMark}
480347	480261	internal-	5	4	{Augustus_model.g4487.t1;Augustus},{GlimmerHMM_glimmerT_5409-T1;GlimmerHMM},{GeneMark_model.5797_t;GeneMark}
480417	480348	INTRON			{Augustus_model.g4487.t1;Augustus},{GlimmerHMM_glimmerT_5409-T1;GlimmerHMM},{GeneMark_model.5797_t;GeneMark}
480925	480418	internal-	4	4	{Augustus_model.g4487.t1;Augustus},{GlimmerHMM_glimmerT_5409-T1;GlimmerHMM},{GeneMark_model.5797_t;GeneMark}
481002	480926	INTRON			{Augustus_model.g4487.t1;Augustus},{GlimmerHMM_glimmerT_5409-T1;GlimmerHMM},{GeneMark_model.5797_t;GeneMark}
481343	481003	internal-	5	6	{Augustus_model.g4487.t1;Augustus},{GlimmerHMM_glimmerT_5409-T1;GlimmerHMM},{GeneMark_model.5797_t;GeneMark}
481412	481344	INTRON			{Augustus_model.g4487.t1;Augustus},{GlimmerHMM_glimmerT_5409-T1;GlimmerHMM},{GeneMark_model.5797_t;GeneMark}
481843	481413	internal-	6	4	{Augustus_model.g4487.t1;Augustus},{GlimmerHMM_glimmerT_5409-T1;GlimmerHMM},{GeneMark_model.5797_t;GeneMark}
481927	481844	INTRON			{Augustus_model.g4487.t1;Augustus},{GlimmerHMM_glimmerT_5409-T1;GlimmerHMM},{GeneMark_model.5797_t;GeneMark}
482019	481928	internal-	4	5	{Augustus_model.g4487.t1;Augustus},{GlimmerHMM_glimmerT_5409-T1;GlimmerHMM},{GeneMark_model.5797_t;GeneMark}
482090	482020	INTRON			{Augustus_model.g4487.t1;Augustus},{GlimmerHMM_glimmerT_5409-T1;GlimmerHMM},{GeneMark_model.5797_t;GeneMark}
482151	482091	internal-	6	6	{Augustus_model.g4487.t1;Augustus},{GlimmerHMM_glimmerT_5409-T1;GlimmerHMM},{GeneMark_model.5797_t;GeneMark}
482247	482152	INTRON			{Augustus_model.g4487.t1;Augustus},{GlimmerHMM_glimmerT_5409-T1;GlimmerHMM},{GeneMark_model.5797_t;GeneMark}
482367	482248	internal-	6	5	{Augustus_model.g4487.t1;Augustus},{GlimmerHMM_glimmerT_5409-T1;GlimmerHMM},{GeneMark_model.5797_t;GeneMark}
482477	482368	INTRON			{Augustus_model.g4487.t1;Augustus},{GlimmerHMM_glimmerT_5409-T1;GlimmerHMM},{GeneMark_model.5797_t;GeneMark}
482554	482478	internal-	4	5	{Augustus_model.g4487.t1;Augustus},{GlimmerHMM_glimmerT_5409-T1;GlimmerHMM},{GeneMark_model.5797_t;GeneMark}
482677	482555	INTRON			{Augustus_model.g4487.t1;Augustus},{GlimmerHMM_glimmerT_5409-T1;GlimmerHMM},{GeneMark_model.5797_t;GeneMark}
482910	482678	internal-	5	6	{Augustus_model.g4487.t1;Augustus},{GlimmerHMM_glimmerT_5409-T1;GlimmerHMM},{GeneMark_model.5797_t;GeneMark}
482978	482911	INTRON			{Augustus_model.g4487.t1;Augustus},{GlimmerHMM_glimmerT_5409-T1;GlimmerHMM},{GeneMark_model.5797_t;GeneMark},{snap_scaffold_14-snap.177-T1;snap}
483096	482979	initial-	4	4	{Augustus_model.g4487.t1;Augustus},{GlimmerHMM_glimmerT_5409-T1;GlimmerHMM},{GeneMark_model.5797_t;GeneMark}

# EVM prediction: Mode:STANDARD S-ratio: 8.26 483522-488137 orient(+) score(32959.00) noncoding_equivalent(3989.43) raw_noncoding(4524.13) offset(534.71)
483522	484106	initial+	1	3	{GeneMark_model.5798_t;GeneMark},{GlimmerHMM_glimmerT_5410-T1;GlimmerHMM},{Augustus_model.g4488.t1;Augustus}
484107	484178	INTRON			{GeneMark_model.5798_t;GeneMark},{GlimmerHMM_glimmerT_5410-T1;GlimmerHMM},{Augustus_model.g4488.t1;Augustus},{ev_type:exonerate/ID=match.2566964.359/Target=lcl|BJWK01000015_1_prot_GEM11532_1_5549;exonerate},{ev_type:exonerate/ID=match.2566964.355/Target=lcl|PJQD01000045_1_prot_POY72918_1_4154;exonerate},{ev_type:exonerate/ID=match.2566964.356/Target=lcl|LCTV02000013_1_prot_PRQ71169_1_2341;exonerate},{ev_type:exonerate/ID=match.2566964.353/Target=lcl|KQ954480_1_prot_KWU44305_1_3286;exonerate}
484179	484723	internal+	1	2	{GeneMark_model.5798_t;GeneMark},{GlimmerHMM_glimmerT_5410-T1;GlimmerHMM},{Augustus_model.g4488.t1;Augustus},{ev_type:exonerate/ID=match.2566964.359/Target=lcl|BJWK01000015_1_prot_GEM11532_1_5549;exonerate},{ev_type:exonerate/ID=match.2566964.355/Target=lcl|PJQD01000045_1_prot_POY72918_1_4154;exonerate},{ev_type:exonerate/ID=match.2566964.356/Target=lcl|LCTV02000013_1_prot_PRQ71169_1_2341;exonerate},{ev_type:exonerate/ID=match.2566964.353/Target=lcl|KQ954480_1_prot_KWU44305_1_3286;exonerate}
484724	484787	INTRON			{GeneMark_model.5798_t;GeneMark},{GlimmerHMM_glimmerT_5410-T1;GlimmerHMM},{Augustus_model.g4488.t1;Augustus},{ev_type:exonerate/ID=match.2566964.359/Target=lcl|BJWK01000015_1_prot_GEM11532_1_5549;exonerate},{ev_type:exonerate/ID=match.2566964.355/Target=lcl|PJQD01000045_1_prot_POY72918_1_4154;exonerate},{ev_type:exonerate/ID=match.2566964.356/Target=lcl|LCTV02000013_1_prot_PRQ71169_1_2341;exonerate},{ev_type:exonerate/ID=match.2566964.353/Target=lcl|KQ954480_1_prot_KWU44305_1_3286;exonerate}
484788	485327	internal+	3	2	{GeneMark_model.5798_t;GeneMark},{GlimmerHMM_glimmerT_5410-T1;GlimmerHMM},{Augustus_model.g4488.t1;Augustus},{ev_type:exonerate/ID=match.2566964.359/Target=lcl|BJWK01000015_1_prot_GEM11532_1_5549;exonerate},{ev_type:exonerate/ID=match.2566964.355/Target=lcl|PJQD01000045_1_prot_POY72918_1_4154;exonerate},{ev_type:exonerate/ID=match.2566964.356/Target=lcl|LCTV02000013_1_prot_PRQ71169_1_2341;exonerate},{ev_type:exonerate/ID=match.2566964.353/Target=lcl|KQ954480_1_prot_KWU44305_1_3286;exonerate}
485328	485410	INTRON			{GeneMark_model.5798_t;GeneMark},{GlimmerHMM_glimmerT_5410-T1;GlimmerHMM},{Augustus_model.g4488.t1;Augustus},{ev_type:exonerate/ID=match.2566964.359/Target=lcl|BJWK01000015_1_prot_GEM11532_1_5549;exonerate},{ev_type:exonerate/ID=match.2566964.355/Target=lcl|PJQD01000045_1_prot_POY72918_1_4154;exonerate},{ev_type:exonerate/ID=match.2566964.356/Target=lcl|LCTV02000013_1_prot_PRQ71169_1_2341;exonerate},{ev_type:exonerate/ID=match.2566964.353/Target=lcl|KQ954480_1_prot_KWU44305_1_3286;exonerate}
485411	485892	internal+	3	1	{GeneMark_model.5798_t;GeneMark},{GlimmerHMM_glimmerT_5410-T1;GlimmerHMM},{Augustus_model.g4488.t1;Augustus},{ev_type:exonerate/ID=match.2566964.359/Target=lcl|BJWK01000015_1_prot_GEM11532_1_5549;exonerate},{ev_type:exonerate/ID=match.2566964.355/Target=lcl|PJQD01000045_1_prot_POY72918_1_4154;exonerate},{ev_type:exonerate/ID=match.2566964.356/Target=lcl|LCTV02000013_1_prot_PRQ71169_1_2341;exonerate},{ev_type:exonerate/ID=match.2566964.353/Target=lcl|KQ954480_1_prot_KWU44305_1_3286;exonerate}
485893	485958	INTRON			{GeneMark_model.5798_t;GeneMark},{GlimmerHMM_glimmerT_5410-T1;GlimmerHMM},{Augustus_model.g4488.t1;Augustus},{ev_type:exonerate/ID=match.2566964.359/Target=lcl|BJWK01000015_1_prot_GEM11532_1_5549;exonerate},{ev_type:exonerate/ID=match.2566964.355/Target=lcl|PJQD01000045_1_prot_POY72918_1_4154;exonerate},{ev_type:exonerate/ID=match.2566964.356/Target=lcl|LCTV02000013_1_prot_PRQ71169_1_2341;exonerate},{ev_type:exonerate/ID=match.2566964.353/Target=lcl|KQ954480_1_prot_KWU44305_1_3286;exonerate}
485959	486230	internal+	2	3	{GeneMark_model.5798_t;GeneMark},{GlimmerHMM_glimmerT_5410-T1;GlimmerHMM},{Augustus_model.g4488.t1;Augustus},{ev_type:exonerate/ID=match.2566964.359/Target=lcl|BJWK01000015_1_prot_GEM11532_1_5549;exonerate},{ev_type:exonerate/ID=match.2566964.355/Target=lcl|PJQD01000045_1_prot_POY72918_1_4154;exonerate},{ev_type:exonerate/ID=match.2566964.356/Target=lcl|LCTV02000013_1_prot_PRQ71169_1_2341;exonerate},{ev_type:exonerate/ID=match.2566964.353/Target=lcl|KQ954480_1_prot_KWU44305_1_3286;exonerate}
486231	486295	INTRON			{GeneMark_model.5798_t;GeneMark},{GlimmerHMM_glimmerT_5410-T1;GlimmerHMM},{Augustus_model.g4488.t1;Augustus},{ev_type:exonerate/ID=match.2566964.359/Target=lcl|BJWK01000015_1_prot_GEM11532_1_5549;exonerate},{ev_type:exonerate/ID=match.2566964.355/Target=lcl|PJQD01000045_1_prot_POY72918_1_4154;exonerate},{ev_type:exonerate/ID=match.2566964.356/Target=lcl|LCTV02000013_1_prot_PRQ71169_1_2341;exonerate},{ev_type:exonerate/ID=match.2566964.353/Target=lcl|KQ954480_1_prot_KWU44305_1_3286;exonerate}
486296	486816	internal+	1	2	{GeneMark_model.5798_t;GeneMark},{GlimmerHMM_glimmerT_5410-T1;GlimmerHMM},{Augustus_model.g4488.t1;Augustus},{ev_type:exonerate/ID=match.2566964.359/Target=lcl|BJWK01000015_1_prot_GEM11532_1_5549;exonerate},{ev_type:exonerate/ID=match.2566964.355/Target=lcl|PJQD01000045_1_prot_POY72918_1_4154;exonerate},{ev_type:exonerate/ID=match.2566964.356/Target=lcl|LCTV02000013_1_prot_PRQ71169_1_2341;exonerate},{ev_type:exonerate/ID=match.2566964.353/Target=lcl|KQ954480_1_prot_KWU44305_1_3286;exonerate}
486817	486885	INTRON			{GeneMark_model.5798_t;GeneMark},{GlimmerHMM_glimmerT_5410-T1;GlimmerHMM},{Augustus_model.g4488.t1;Augustus},{ev_type:exonerate/ID=match.2566964.359/Target=lcl|BJWK01000015_1_prot_GEM11532_1_5549;exonerate},{ev_type:exonerate/ID=match.2566964.355/Target=lcl|PJQD01000045_1_prot_POY72918_1_4154;exonerate},{ev_type:exonerate/ID=match.2566964.356/Target=lcl|LCTV02000013_1_prot_PRQ71169_1_2341;exonerate},{ev_type:exonerate/ID=match.2566964.353/Target=lcl|KQ954480_1_prot_KWU44305_1_3286;exonerate}
486886	487588	internal+	3	3	{GeneMark_model.5798_t;GeneMark},{GlimmerHMM_glimmerT_5410-T1;GlimmerHMM},{Augustus_model.g4488.t1;Augustus},{ev_type:exonerate/ID=match.2566964.359/Target=lcl|BJWK01000015_1_prot_GEM11532_1_5549;exonerate},{ev_type:exonerate/ID=match.2566964.355/Target=lcl|PJQD01000045_1_prot_POY72918_1_4154;exonerate},{ev_type:exonerate/ID=match.2566964.356/Target=lcl|LCTV02000013_1_prot_PRQ71169_1_2341;exonerate},{ev_type:exonerate/ID=match.2566964.353/Target=lcl|KQ954480_1_prot_KWU44305_1_3286;exonerate}
487589	487651	INTRON			{GeneMark_model.5798_t;GeneMark},{GlimmerHMM_glimmerT_5410-T1;GlimmerHMM},{Augustus_model.g4488.t1;Augustus},{ev_type:exonerate/ID=match.2566964.359/Target=lcl|BJWK01000015_1_prot_GEM11532_1_5549;exonerate},{ev_type:exonerate/ID=match.2566964.355/Target=lcl|PJQD01000045_1_prot_POY72918_1_4154;exonerate},{ev_type:exonerate/ID=match.2566964.356/Target=lcl|LCTV02000013_1_prot_PRQ71169_1_2341;exonerate},{ev_type:exonerate/ID=match.2566964.353/Target=lcl|KQ954480_1_prot_KWU44305_1_3286;exonerate}
487652	487886	internal+	1	1	{GeneMark_model.5798_t;GeneMark},{GlimmerHMM_glimmerT_5410-T1;GlimmerHMM},{Augustus_model.g4488.t1;Augustus},{ev_type:exonerate/ID=match.2566964.359/Target=lcl|BJWK01000015_1_prot_GEM11532_1_5549;exonerate},{ev_type:exonerate/ID=match.2566964.355/Target=lcl|PJQD01000045_1_prot_POY72918_1_4154;exonerate},{ev_type:exonerate/ID=match.2566964.356/Target=lcl|LCTV02000013_1_prot_PRQ71169_1_2341;exonerate},{ev_type:exonerate/ID=match.2566964.353/Target=lcl|KQ954480_1_prot_KWU44305_1_3286;exonerate}
487887	487954	INTRON			{GeneMark_model.5798_t;GeneMark},{GlimmerHMM_glimmerT_5410-T1;GlimmerHMM},{Augustus_model.g4488.t1;Augustus},{ev_type:exonerate/ID=match.2566964.359/Target=lcl|BJWK01000015_1_prot_GEM11532_1_5549;exonerate},{ev_type:exonerate/ID=match.2566964.355/Target=lcl|PJQD01000045_1_prot_POY72918_1_4154;exonerate},{ev_type:exonerate/ID=match.2566964.356/Target=lcl|LCTV02000013_1_prot_PRQ71169_1_2341;exonerate},{ev_type:exonerate/ID=match.2566964.353/Target=lcl|KQ954480_1_prot_KWU44305_1_3286;exonerate}
487955	487998	internal+	2	3	{GeneMark_model.5798_t;GeneMark},{GlimmerHMM_glimmerT_5410-T1;GlimmerHMM},{Augustus_model.g4488.t1;Augustus},{ev_type:exonerate/ID=match.2566964.359/Target=lcl|BJWK01000015_1_prot_GEM11532_1_5549;exonerate},{ev_type:exonerate/ID=match.2566964.355/Target=lcl|PJQD01000045_1_prot_POY72918_1_4154;exonerate},{ev_type:exonerate/ID=match.2566964.356/Target=lcl|LCTV02000013_1_prot_PRQ71169_1_2341;exonerate},{ev_type:exonerate/ID=match.2566964.353/Target=lcl|KQ954480_1_prot_KWU44305_1_3286;exonerate}
487999	488062	INTRON			{GeneMark_model.5798_t;GeneMark},{GlimmerHMM_glimmerT_5410-T1;GlimmerHMM},{Augustus_model.g4488.t1;Augustus},{ev_type:exonerate/ID=match.2566964.359/Target=lcl|BJWK01000015_1_prot_GEM11532_1_5549;exonerate},{ev_type:exonerate/ID=match.2566964.355/Target=lcl|PJQD01000045_1_prot_POY72918_1_4154;exonerate},{ev_type:exonerate/ID=match.2566964.356/Target=lcl|LCTV02000013_1_prot_PRQ71169_1_2341;exonerate},{ev_type:exonerate/ID=match.2566964.353/Target=lcl|KQ954480_1_prot_KWU44305_1_3286;exonerate}
488063	488137	terminal+	1	3	{GeneMark_model.5798_t;GeneMark},{GlimmerHMM_glimmerT_5410-T1;GlimmerHMM},{Augustus_model.g4488.t1;Augustus}

# EVM prediction: Mode:STANDARD S-ratio: 2.12 488394-489921 orient(-) score(4496.00) noncoding_equivalent(2125.58) raw_noncoding(2674.00) offset(548.42)
488585	488394	terminal-	4	6	{Augustus_model.g4489.t1;Augustus},{snap_scaffold_14-snap.180-T1;snap},{GlimmerHMM_glimmerT_5411-T1;GlimmerHMM},{GeneMark_model.5799_t;GeneMark}
488648	488586	INTRON			{Augustus_model.g4489.t1;Augustus},{snap_scaffold_14-snap.180-T1;snap},{GeneMark_model.5799_t;GeneMark}
488693	488649	internal-	4	6	{Augustus_model.g4489.t1;Augustus},{GeneMark_model.5799_t;GeneMark}
488755	488694	INTRON			{Augustus_model.g4489.t1;Augustus},{GeneMark_model.5799_t;GeneMark}
489011	488756	internal-	6	6	{Augustus_model.g4489.t1;Augustus},{GlimmerHMM_glimmerT_5411-T1;GlimmerHMM},{GeneMark_model.5799_t;GeneMark}
489077	489012	INTRON			{Augustus_model.g4489.t1;Augustus},{GlimmerHMM_glimmerT_5411-T1;GlimmerHMM},{GeneMark_model.5799_t;GeneMark}
489228	489078	internal-	5	5	{Augustus_model.g4489.t1;Augustus},{GlimmerHMM_glimmerT_5411-T1;GlimmerHMM},{GeneMark_model.5799_t;GeneMark}
489298	489229	INTRON			{Augustus_model.g4489.t1;Augustus},{GlimmerHMM_glimmerT_5411-T1;GlimmerHMM},{GeneMark_model.5799_t;GeneMark}
489591	489299	internal-	6	4	{Augustus_model.g4489.t1;Augustus},{GlimmerHMM_glimmerT_5411-T1;GlimmerHMM},{GeneMark_model.5799_t;GeneMark}
489656	489592	INTRON			{Augustus_model.g4489.t1;Augustus},{GlimmerHMM_glimmerT_5411-T1;GlimmerHMM},{GeneMark_model.5799_t;GeneMark}
489741	489657	internal-	5	5	{Augustus_model.g4489.t1;Augustus},{GeneMark_model.5799_t;GeneMark}
489812	489742	INTRON			{Augustus_model.g4489.t1;Augustus},{GeneMark_model.5799_t;GeneMark}
489921	489813	initial-	4	4	{Augustus_model.g4489.t1;Augustus},{GeneMark_model.5799_t;GeneMark}

# EVM prediction: Mode:STANDARD S-ratio: 4.33 491436-493756 orient(+) score(10798.00) noncoding_equivalent(2493.65) raw_noncoding(3548.00) offset(1054.35)
491436	491557	initial+	1	2	{GeneMark_model.5800_t;GeneMark},{Augustus_model.g4490.t1;Augustus},{GlimmerHMM_glimmerT_5412-T1;GlimmerHMM}
491558	491731	INTRON			{Augustus_model.g4490.t1;Augustus}
491732	491758	internal+	3	2	{Augustus_model.g4490.t1;Augustus}
491759	491824	INTRON			{GeneMark_model.5800_t;GeneMark},{Augustus_model.g4490.t1;Augustus}
491825	491872	internal+	3	2	{GeneMark_model.5800_t;GeneMark},{Augustus_model.g4490.t1;Augustus}
491873	491936	INTRON			{GeneMark_model.5800_t;GeneMark},{Augustus_model.g4490.t1;Augustus},{ev_type:exonerate/ID=match.2566964.1973/Target=lcl|PJQD01000045_1_prot_POY72920_1_4156;exonerate}
491937	492031	internal+	3	1	{GeneMark_model.5800_t;GeneMark},{Augustus_model.g4490.t1;Augustus},{GlimmerHMM_glimmerT_5412-T1;GlimmerHMM},{ev_type:exonerate/ID=match.2566964.1973/Target=lcl|PJQD01000045_1_prot_POY72920_1_4156;exonerate}
492032	492106	INTRON			{GeneMark_model.5800_t;GeneMark},{Augustus_model.g4490.t1;Augustus},{GlimmerHMM_glimmerT_5412-T1;GlimmerHMM},{ev_type:exonerate/ID=match.2566964.1973/Target=lcl|PJQD01000045_1_prot_POY72920_1_4156;exonerate},{ev_type:exonerate/ID=match.2566964.1972/Target=lcl|KQ954480_1_prot_KWU44307_1_3288;exonerate}
492107	492408	internal+	2	3	{GeneMark_model.5800_t;GeneMark},{Augustus_model.g4490.t1;Augustus},{GlimmerHMM_glimmerT_5412-T1;GlimmerHMM},{ev_type:exonerate/ID=match.2566964.1973/Target=lcl|PJQD01000045_1_prot_POY72920_1_4156;exonerate},{ev_type:exonerate/ID=match.2566964.1972/Target=lcl|KQ954480_1_prot_KWU44307_1_3288;exonerate}
492409	492466	INTRON			{GeneMark_model.5800_t;GeneMark},{Augustus_model.g4490.t1;Augustus},{GlimmerHMM_glimmerT_5412-T1;GlimmerHMM},{ev_type:exonerate/ID=match.2566964.1973/Target=lcl|PJQD01000045_1_prot_POY72920_1_4156;exonerate},{ev_type:exonerate/ID=match.2566964.1972/Target=lcl|KQ954480_1_prot_KWU44307_1_3288;exonerate}
492467	492869	internal+	1	1	{GeneMark_model.5800_t;GeneMark},{Augustus_model.g4490.t1;Augustus},{GlimmerHMM_glimmerT_5412-T1;GlimmerHMM},{ev_type:exonerate/ID=match.2566964.1973/Target=lcl|PJQD01000045_1_prot_POY72920_1_4156;exonerate},{ev_type:exonerate/ID=match.2566964.1972/Target=lcl|KQ954480_1_prot_KWU44307_1_3288;exonerate}
492870	492933	INTRON			{GeneMark_model.5800_t;GeneMark},{Augustus_model.g4490.t1;Augustus},{GlimmerHMM_glimmerT_5412-T1;GlimmerHMM},{ev_type:exonerate/ID=match.2566964.1973/Target=lcl|PJQD01000045_1_prot_POY72920_1_4156;exonerate},{ev_type:exonerate/ID=match.2566964.1972/Target=lcl|KQ954480_1_prot_KWU44307_1_3288;exonerate}
492934	493310	internal+	2	3	{GeneMark_model.5800_t;GeneMark},{Augustus_model.g4490.t1;Augustus},{GlimmerHMM_glimmerT_5412-T1;GlimmerHMM},{ev_type:exonerate/ID=match.2566964.1973/Target=lcl|PJQD01000045_1_prot_POY72920_1_4156;exonerate},{ev_type:exonerate/ID=match.2566964.1972/Target=lcl|KQ954480_1_prot_KWU44307_1_3288;exonerate}
493311	493371	INTRON			{GeneMark_model.5800_t;GeneMark},{Augustus_model.g4490.t1;Augustus},{GlimmerHMM_glimmerT_5412-T1;GlimmerHMM},{ev_type:exonerate/ID=match.2566964.1973/Target=lcl|PJQD01000045_1_prot_POY72920_1_4156;exonerate},{ev_type:exonerate/ID=match.2566964.1972/Target=lcl|KQ954480_1_prot_KWU44307_1_3288;exonerate}
493372	493448	internal+	1	2	{GeneMark_model.5800_t;GeneMark},{Augustus_model.g4490.t1;Augustus},{GlimmerHMM_glimmerT_5412-T1;GlimmerHMM},{ev_type:exonerate/ID=match.2566964.1973/Target=lcl|PJQD01000045_1_prot_POY72920_1_4156;exonerate},{ev_type:exonerate/ID=match.2566964.1972/Target=lcl|KQ954480_1_prot_KWU44307_1_3288;exonerate}
493449	493515	INTRON			{GeneMark_model.5800_t;GeneMark},{Augustus_model.g4490.t1;Augustus},{GlimmerHMM_glimmerT_5412-T1;GlimmerHMM},{ev_type:exonerate/ID=match.2566964.1973/Target=lcl|PJQD01000045_1_prot_POY72920_1_4156;exonerate},{ev_type:exonerate/ID=match.2566964.1972/Target=lcl|KQ954480_1_prot_KWU44307_1_3288;exonerate}
493516	493756	terminal+	3	3	{GeneMark_model.5800_t;GeneMark},{snap_scaffold_14-snap.182-T1;snap},{Augustus_model.g4490.t1;Augustus},{GlimmerHMM_glimmerT_5412-T1;GlimmerHMM}

# EVM prediction: Mode:STANDARD S-ratio: 1.94 494289-496966 orient(-) score(7024.00) noncoding_equivalent(3614.30) raw_noncoding(4271.00) offset(656.70)
494430	494289	terminal-	6	6	{GeneMark_model.5801_t;GeneMark},{Augustus_model.g4491.t1;Augustus}
494495	494431	INTRON			{GeneMark_model.5801_t;GeneMark},{Augustus_model.g4491.t1;Augustus}
495629	494496	internal-	6	5	{GeneMark_model.5801_t;GeneMark}
495695	495630	INTRON			{GlimmerHMM_glimmerT_5413-T1;GlimmerHMM},{GeneMark_model.5801_t;GeneMark}
496138	495696	internal-	4	5	{GlimmerHMM_glimmerT_5413-T1;GlimmerHMM},{GeneMark_model.5801_t;GeneMark}
496200	496139	INTRON			{GlimmerHMM_glimmerT_5413-T1;GlimmerHMM},{GeneMark_model.5801_t;GeneMark},{Augustus_model.g4491.t1;Augustus}
496488	496201	internal-	4	6	{GlimmerHMM_glimmerT_5413-T1;GlimmerHMM},{GeneMark_model.5801_t;GeneMark},{Augustus_model.g4491.t1;Augustus}
496585	496489	INTRON			{Augustus_model.g4491.t1;Augustus}
496625	496586	internal-	6	6	{Augustus_model.g4491.t1;Augustus}
496685	496626	INTRON			{GeneMark_model.5801_t;GeneMark},{Augustus_model.g4491.t1;Augustus}
496966	496686	initial-	4	5	{GeneMark_model.5801_t;GeneMark},{Augustus_model.g4491.t1;Augustus}

# EVM prediction: Mode:STANDARD S-ratio: 2.15 497105-499734 orient(-) score(7998.00) noncoding_equivalent(3713.29) raw_noncoding(4436.00) offset(722.71)
497252	497105	terminal-	6	6	{GlimmerHMM_glimmerT_5414-T1;GlimmerHMM},{Augustus_model.g4492.t1;Augustus},{GeneMark_model.5802_t;GeneMark}
497327	497253	INTRON			{GlimmerHMM_glimmerT_5414-T1;GlimmerHMM},{Augustus_model.g4492.t1;Augustus},{GeneMark_model.5802_t;GeneMark}
497419	497328	internal-	4	5	{GlimmerHMM_glimmerT_5414-T1;GlimmerHMM},{Augustus_model.g4492.t1;Augustus},{GeneMark_model.5802_t;GeneMark}
497480	497420	INTRON			{GlimmerHMM_glimmerT_5414-T1;GlimmerHMM},{Augustus_model.g4492.t1;Augustus},{GeneMark_model.5802_t;GeneMark}
497599	497481	internal-	5	6	{GlimmerHMM_glimmerT_5414-T1;GlimmerHMM},{Augustus_model.g4492.t1;Augustus},{GeneMark_model.5802_t;GeneMark}
497678	497600	INTRON			{GlimmerHMM_glimmerT_5414-T1;GlimmerHMM},{Augustus_model.g4492.t1;Augustus},{GeneMark_model.5802_t;GeneMark}
497822	497679	internal-	5	4	{Augustus_model.g4492.t1;Augustus},{GeneMark_model.5802_t;GeneMark}
497897	497823	INTRON			{Augustus_model.g4492.t1;Augustus},{GeneMark_model.5802_t;GeneMark}
498006	497898	internal-	4	4	{Augustus_model.g4492.t1;Augustus},{GeneMark_model.5802_t;GeneMark}
498080	498007	INTRON			{GlimmerHMM_glimmerT_5414-T1;GlimmerHMM},{Augustus_model.g4492.t1;Augustus},{GeneMark_model.5802_t;GeneMark}
498230	498081	internal-	4	6	{GlimmerHMM_glimmerT_5414-T1;GlimmerHMM},{Augustus_model.g4492.t1;Augustus},{GeneMark_model.5802_t;GeneMark}
498293	498231	INTRON			{GlimmerHMM_glimmerT_5414-T1;GlimmerHMM},{Augustus_model.g4492.t1;Augustus},{GeneMark_model.5802_t;GeneMark}
498469	498294	internal-	5	6	{GlimmerHMM_glimmerT_5414-T1;GlimmerHMM},{Augustus_model.g4492.t1;Augustus},{GeneMark_model.5802_t;GeneMark}
498534	498470	INTRON			{GlimmerHMM_glimmerT_5414-T1;GlimmerHMM},{Augustus_model.g4492.t1;Augustus},{GeneMark_model.5802_t;GeneMark}
498662	498535	internal-	6	4	{GlimmerHMM_glimmerT_5414-T1;GlimmerHMM},{Augustus_model.g4492.t1;Augustus},{GeneMark_model.5802_t;GeneMark}
498721	498663	INTRON			{GlimmerHMM_glimmerT_5414-T1;GlimmerHMM},{Augustus_model.g4492.t1;Augustus},{GeneMark_model.5802_t;GeneMark}
499054	498722	internal-	6	5	{GlimmerHMM_glimmerT_5414-T1;GlimmerHMM},{Augustus_model.g4492.t1;Augustus},{GeneMark_model.5802_t;GeneMark}
499117	499055	INTRON			{GlimmerHMM_glimmerT_5414-T1;GlimmerHMM},{Augustus_model.g4492.t1;Augustus},{GeneMark_model.5802_t;GeneMark}
499255	499118	internal-	6	5	{GlimmerHMM_glimmerT_5414-T1;GlimmerHMM},{Augustus_model.g4492.t1;Augustus},{GeneMark_model.5802_t;GeneMark}
499333	499256	INTRON			{GlimmerHMM_glimmerT_5414-T1;GlimmerHMM},{Augustus_model.g4492.t1;Augustus},{GeneMark_model.5802_t;GeneMark}
499470	499334	internal-	4	5	{Augustus_model.g4492.t1;Augustus},{GeneMark_model.5802_t;GeneMark}
499533	499471	INTRON			{Augustus_model.g4492.t1;Augustus},{GeneMark_model.5802_t;GeneMark}
499734	499534	initial-	4	6	{Augustus_model.g4492.t1;Augustus},{GeneMark_model.5802_t;GeneMark}

# EVM prediction: Mode:STANDARD S-ratio: 2.13 500231-502618 orient(+) score(7166.00) noncoding_equivalent(3359.99) raw_noncoding(4125.00) offset(765.01)
500231	500427	initial+	1	2	{Augustus_model.g4493.t1;Augustus},{GlimmerHMM_glimmerT_5415-T1;GlimmerHMM},{GeneMark_model.5803_t;GeneMark}
500428	500492	INTRON			{Augustus_model.g4493.t1;Augustus},{GlimmerHMM_glimmerT_5415-T1;GlimmerHMM},{GeneMark_model.5803_t;GeneMark}
500493	500703	internal+	3	3	{Augustus_model.g4493.t1;Augustus},{GlimmerHMM_glimmerT_5415-T1;GlimmerHMM},{GeneMark_model.5803_t;GeneMark}
500704	500762	INTRON			{Augustus_model.g4493.t1;Augustus},{GlimmerHMM_glimmerT_5415-T1;GlimmerHMM},{GeneMark_model.5803_t;GeneMark}
500763	500964	internal+	1	1	{Augustus_model.g4493.t1;Augustus},{GlimmerHMM_glimmerT_5415-T1;GlimmerHMM},{GeneMark_model.5803_t;GeneMark}
500965	501032	INTRON			{Augustus_model.g4493.t1;Augustus},{GlimmerHMM_glimmerT_5415-T1;GlimmerHMM},{GeneMark_model.5803_t;GeneMark}
501033	501291	internal+	2	2	{Augustus_model.g4493.t1;Augustus},{GeneMark_model.5803_t;GeneMark}
501292	501372	INTRON			{Augustus_model.g4493.t1;Augustus},{GeneMark_model.5803_t;GeneMark}
501373	501440	internal+	3	1	{Augustus_model.g4493.t1;Augustus},{GeneMark_model.5803_t;GeneMark}
501441	501502	INTRON			{Augustus_model.g4493.t1;Augustus},{GeneMark_model.5803_t;GeneMark}
501503	501567	internal+	2	3	{Augustus_model.g4493.t1;Augustus},{GeneMark_model.5803_t;GeneMark}
501568	501631	INTRON			{Augustus_model.g4493.t1;Augustus},{GlimmerHMM_glimmerT_5415-T1;GlimmerHMM},{GeneMark_model.5803_t;GeneMark}
501632	501820	internal+	1	3	{Augustus_model.g4493.t1;Augustus},{GlimmerHMM_glimmerT_5415-T1;GlimmerHMM},{GeneMark_model.5803_t;GeneMark}
501821	501883	INTRON			{Augustus_model.g4493.t1;Augustus},{GlimmerHMM_glimmerT_5415-T1;GlimmerHMM},{GeneMark_model.5803_t;GeneMark}
501884	501947	internal+	1	1	{Augustus_model.g4493.t1;Augustus},{GlimmerHMM_glimmerT_5415-T1;GlimmerHMM},{GeneMark_model.5803_t;GeneMark}
501948	502011	INTRON			{Augustus_model.g4493.t1;Augustus},{GlimmerHMM_glimmerT_5415-T1;GlimmerHMM},{GeneMark_model.5803_t;GeneMark}
502012	502093	internal+	2	2	{Augustus_model.g4493.t1;Augustus},{GlimmerHMM_glimmerT_5415-T1;GlimmerHMM},{GeneMark_model.5803_t;GeneMark}
502094	502152	INTRON			{Augustus_model.g4493.t1;Augustus},{GlimmerHMM_glimmerT_5415-T1;GlimmerHMM},{GeneMark_model.5803_t;GeneMark}
502153	502278	internal+	3	2	{Augustus_model.g4493.t1;Augustus},{GlimmerHMM_glimmerT_5415-T1;GlimmerHMM},{GeneMark_model.5803_t;GeneMark}
502279	502341	INTRON			{Augustus_model.g4493.t1;Augustus},{GlimmerHMM_glimmerT_5415-T1;GlimmerHMM},{GeneMark_model.5803_t;GeneMark}
502342	502618	terminal+	3	3	{Augustus_model.g4493.t1;Augustus},{GlimmerHMM_glimmerT_5415-T1;GlimmerHMM},{GeneMark_model.5803_t;GeneMark}

# EVM prediction: Mode:STANDARD S-ratio: 10.65 505043-507629 orient(+) score(10620.00) noncoding_equivalent(997.57) raw_noncoding(1099.00) offset(101.43)
505043	506180	initial+	1	1	{Augustus_model.g4494.t1;Augustus},{GlimmerHMM_glimmerT_5416-T1;GlimmerHMM}
506181	506245	INTRON			{Augustus_model.g4494.t1;Augustus},{GlimmerHMM_glimmerT_5416-T1;GlimmerHMM},{GeneMark_model.5804_t;GeneMark},{ev_type:exonerate/ID=match.2566964.2500/Target=lcl|NW_017264945_1_prot_XP_018267920_1_6771;exonerate}
506246	506776	internal+	2	1	{Augustus_model.g4494.t1;Augustus},{GlimmerHMM_glimmerT_5416-T1;GlimmerHMM},{GeneMark_model.5804_t;GeneMark}
506777	506850	INTRON			{Augustus_model.g4494.t1;Augustus},{GlimmerHMM_glimmerT_5416-T1;GlimmerHMM},{GeneMark_model.5804_t;GeneMark}
506851	507629	terminal+	2	3	{Augustus_model.g4494.t1;Augustus},{GlimmerHMM_glimmerT_5416-T1;GlimmerHMM},{GeneMark_model.5804_t;GeneMark}

# EVM prediction: Mode:STANDARD S-ratio: 10.87 508380-512569 orient(-) score(23299.00) noncoding_equivalent(2143.10) raw_noncoding(2291.00) offset(147.90)
508961	508380	terminal-	4	6	{GlimmerHMM_glimmerT_5417-T1;GlimmerHMM},{snap_scaffold_14-snap.187-T1;snap}
509031	508962	INTRON			{GeneMark_model.5805_t;GeneMark},{GlimmerHMM_glimmerT_5417-T1;GlimmerHMM},{Augustus_model.g4495.t1;Augustus},{ev_type:exonerate/ID=match.2566964.4227/Target=lcl|PJQD01000045_1_prot_POY72881_1_4117;exonerate},{ev_type:exonerate/ID=match.2566964.4228/Target=lcl|KQ954480_1_prot_KWU44313_1_3294;exonerate}
509568	509032	internal-	4	6	{GeneMark_model.5805_t;GeneMark},{GlimmerHMM_glimmerT_5417-T1;GlimmerHMM},{Augustus_model.g4495.t1;Augustus},{ev_type:exonerate/ID=match.2566964.4227/Target=lcl|PJQD01000045_1_prot_POY72881_1_4117;exonerate},{ev_type:exonerate/ID=match.2566964.4228/Target=lcl|KQ954480_1_prot_KWU44313_1_3294;exonerate}
509631	509569	INTRON			{GeneMark_model.5805_t;GeneMark},{GlimmerHMM_glimmerT_5417-T1;GlimmerHMM},{Augustus_model.g4495.t1;Augustus},{ev_type:exonerate/ID=match.2566964.4227/Target=lcl|PJQD01000045_1_prot_POY72881_1_4117;exonerate},{ev_type:exonerate/ID=match.2566964.4228/Target=lcl|KQ954480_1_prot_KWU44313_1_3294;exonerate}
511572	509632	internal-	4	6	{GeneMark_model.5805_t;GeneMark},{GlimmerHMM_glimmerT_5417-T1;GlimmerHMM},{Augustus_model.g4495.t1;Augustus},{ev_type:exonerate/ID=match.2566964.4227/Target=lcl|PJQD01000045_1_prot_POY72881_1_4117;exonerate},{ev_type:exonerate/ID=match.2566964.4228/Target=lcl|KQ954480_1_prot_KWU44313_1_3294;exonerate}
511642	511573	INTRON			{GeneMark_model.5805_t;GeneMark},{GlimmerHMM_glimmerT_5417-T1;GlimmerHMM},{Augustus_model.g4495.t1;Augustus},{ev_type:exonerate/ID=match.2566964.4227/Target=lcl|PJQD01000045_1_prot_POY72881_1_4117;exonerate},{ev_type:exonerate/ID=match.2566964.4228/Target=lcl|KQ954480_1_prot_KWU44313_1_3294;exonerate}
512569	511643	initial-	4	6	{GeneMark_model.5805_t;GeneMark},{GlimmerHMM_glimmerT_5417-T1;GlimmerHMM}

# EVM prediction: Mode:STANDARD S-ratio: 3.29 515209-517786 orient(+) score(8214.00) noncoding_equivalent(2498.79) raw_noncoding(3148.00) offset(649.21)
515209	515306	initial+	1	2	{GeneMark_model.5806_t;GeneMark},{Augustus_model.g4496.t1;Augustus},{GlimmerHMM_glimmerT_5418-T1;GlimmerHMM}
515307	515379	INTRON			{GeneMark_model.5806_t;GeneMark},{Augustus_model.g4496.t1;Augustus},{GlimmerHMM_glimmerT_5418-T1;GlimmerHMM}
515380	515446	internal+	3	3	{GeneMark_model.5806_t;GeneMark},{Augustus_model.g4496.t1;Augustus},{GlimmerHMM_glimmerT_5418-T1;GlimmerHMM}
515447	515505	INTRON			{GeneMark_model.5806_t;GeneMark},{Augustus_model.g4496.t1;Augustus},{GlimmerHMM_glimmerT_5418-T1;GlimmerHMM}
515506	515545	internal+	1	1	{GeneMark_model.5806_t;GeneMark},{Augustus_model.g4496.t1;Augustus},{GlimmerHMM_glimmerT_5418-T1;GlimmerHMM}
515546	515622	INTRON			{GeneMark_model.5806_t;GeneMark},{Augustus_model.g4496.t1;Augustus},{GlimmerHMM_glimmerT_5418-T1;GlimmerHMM}
515623	515704	internal+	2	2	{GeneMark_model.5806_t;GeneMark},{Augustus_model.g4496.t1;Augustus}
515705	515763	INTRON			{GeneMark_model.5806_t;GeneMark},{Augustus_model.g4496.t1;Augustus}
515764	516140	internal+	3	1	{GeneMark_model.5806_t;GeneMark},{GlimmerHMM_glimmerT_5418-T1;GlimmerHMM}
516141	516201	INTRON			{GeneMark_model.5806_t;GeneMark},{GlimmerHMM_glimmerT_5418-T1;GlimmerHMM}
516202	517255	internal+	2	2	{GeneMark_model.5806_t;GeneMark}
517256	517326	INTRON			{GeneMark_model.5806_t;GeneMark},{Augustus_model.g4496.t1;Augustus}
517327	517494	internal+	3	2	{GeneMark_model.5806_t;GeneMark},{Augustus_model.g4496.t1;Augustus}
517495	517560	INTRON			{GeneMark_model.5806_t;GeneMark},{Augustus_model.g4496.t1;Augustus}
517561	517786	terminal+	3	3	{GeneMark_model.5806_t;GeneMark},{Augustus_model.g4496.t1;Augustus}

# EVM prediction: Mode:STANDARD S-ratio: 1.00 518010-519059 orient(-) score(2100.00) noncoding_equivalent(2100.00) raw_noncoding(2748.00) offset(648.00)
518116	518010	terminal-	5	6	{Augustus_model.g4497.t1;Augustus},{GeneMark_model.5807_t;GeneMark}
518173	518117	INTRON			{Augustus_model.g4497.t1;Augustus},{GeneMark_model.5807_t;GeneMark}
518646	518174	internal-	6	4	{Augustus_model.g4497.t1;Augustus},{GeneMark_model.5807_t;GeneMark}
518717	518647	INTRON			{Augustus_model.g4497.t1;Augustus},{GeneMark_model.5807_t;GeneMark}
518807	518718	internal-	6	5	{Augustus_model.g4497.t1;Augustus},{GeneMark_model.5807_t;GeneMark}
518867	518808	INTRON			{Augustus_model.g4497.t1;Augustus},{GeneMark_model.5807_t;GeneMark}
518897	518868	internal-	6	5	{Augustus_model.g4497.t1;Augustus},{GeneMark_model.5807_t;GeneMark}
518959	518898	INTRON			{Augustus_model.g4497.t1;Augustus},{GeneMark_model.5807_t;GeneMark}
518973	518960	internal-	4	5	{Augustus_model.g4497.t1;Augustus},{GeneMark_model.5807_t;GeneMark}
519047	518974	INTRON			{Augustus_model.g4497.t1;Augustus},{GeneMark_model.5807_t;GeneMark}
519059	519048	initial-	4	6	{Augustus_model.g4497.t1;Augustus}

# EVM prediction: Mode:STANDARD S-ratio: 3.40 520132-521556 orient(+) score(5880.00) noncoding_equivalent(1730.00) raw_noncoding(2085.00) offset(355.00)
520132	520227	initial+	1	3	{GeneMark_model.5808_t;GeneMark},{Augustus_model.g4498.t1;Augustus}
520228	520299	INTRON			{GeneMark_model.5808_t;GeneMark},{Augustus_model.g4498.t1;Augustus},{ev_type:exonerate/ID=match.2566964.4255/Target=lcl|PJQD01000045_1_prot_POY72878_1_4114;exonerate}
520300	520358	internal+	1	2	{GeneMark_model.5808_t;GeneMark},{Augustus_model.g4498.t1;Augustus},{ev_type:exonerate/ID=match.2566964.4255/Target=lcl|PJQD01000045_1_prot_POY72878_1_4114;exonerate}
520359	520424	INTRON			{GeneMark_model.5808_t;GeneMark},{Augustus_model.g4498.t1;Augustus},{ev_type:exonerate/ID=match.2566964.4255/Target=lcl|PJQD01000045_1_prot_POY72878_1_4114;exonerate}
520425	520609	internal+	3	1	{GeneMark_model.5808_t;GeneMark},{Augustus_model.g4498.t1;Augustus},{ev_type:exonerate/ID=match.2566964.4255/Target=lcl|PJQD01000045_1_prot_POY72878_1_4114;exonerate}
520610	520670	INTRON			{GlimmerHMM_glimmerT_5419-T1;GlimmerHMM},{GeneMark_model.5808_t;GeneMark},{Augustus_model.g4498.t1;Augustus},{snap_scaffold_14-snap.190-T1;snap},{ev_type:exonerate/ID=match.2566964.4255/Target=lcl|PJQD01000045_1_prot_POY72878_1_4114;exonerate}
520671	521026	internal+	2	3	{GlimmerHMM_glimmerT_5419-T1;GlimmerHMM},{GeneMark_model.5808_t;GeneMark},{Augustus_model.g4498.t1;Augustus},{ev_type:exonerate/ID=match.2566964.4255/Target=lcl|PJQD01000045_1_prot_POY72878_1_4114;exonerate}
521027	521092	INTRON			{GlimmerHMM_glimmerT_5419-T1;GlimmerHMM},{GeneMark_model.5808_t;GeneMark},{Augustus_model.g4498.t1;Augustus},{ev_type:exonerate/ID=match.2566964.4255/Target=lcl|PJQD01000045_1_prot_POY72878_1_4114;exonerate}
521093	521163	internal+	1	2	{GlimmerHMM_glimmerT_5419-T1;GlimmerHMM},{GeneMark_model.5808_t;GeneMark},{Augustus_model.g4498.t1;Augustus},{ev_type:exonerate/ID=match.2566964.4255/Target=lcl|PJQD01000045_1_prot_POY72878_1_4114;exonerate}
521164	521228	INTRON			{GlimmerHMM_glimmerT_5419-T1;GlimmerHMM},{GeneMark_model.5808_t;GeneMark},{Augustus_model.g4498.t1;Augustus},{ev_type:exonerate/ID=match.2566964.4255/Target=lcl|PJQD01000045_1_prot_POY72878_1_4114;exonerate}
521229	521556	terminal+	3	3	{GlimmerHMM_glimmerT_5419-T1;GlimmerHMM},{GeneMark_model.5808_t;GeneMark},{Augustus_model.g4498.t1;Augustus}

# EVM prediction: Mode:STANDARD S-ratio: 5.16 521737-525355 orient(-) score(12435.00) noncoding_equivalent(2408.22) raw_noncoding(3034.00) offset(625.78)
521898	521737	terminal-	4	6	{Augustus_model.g4499.t1;Augustus},{GeneMark_model.5809_t;GeneMark},{GlimmerHMM_glimmerT_5420-T1;GlimmerHMM}
521960	521899	INTRON			{Augustus_model.g4499.t1;Augustus},{GeneMark_model.5809_t;GeneMark},{GlimmerHMM_glimmerT_5420-T1;GlimmerHMM}
522126	521961	internal-	6	6	{Augustus_model.g4499.t1;Augustus},{GeneMark_model.5809_t;GeneMark},{GlimmerHMM_glimmerT_5420-T1;GlimmerHMM}
522193	522127	INTRON			{Augustus_model.g4499.t1;Augustus},{GeneMark_model.5809_t;GeneMark},{GlimmerHMM_glimmerT_5420-T1;GlimmerHMM}
522627	522194	internal-	4	5	{Augustus_model.g4499.t1;Augustus},{GeneMark_model.5809_t;GeneMark},{GlimmerHMM_glimmerT_5420-T1;GlimmerHMM}
522694	522628	INTRON			{Augustus_model.g4499.t1;Augustus},{GeneMark_model.5809_t;GeneMark},{GlimmerHMM_glimmerT_5420-T1;GlimmerHMM}
522961	522695	internal-	4	6	{Augustus_model.g4499.t1;Augustus},{GeneMark_model.5809_t;GeneMark},{GlimmerHMM_glimmerT_5420-T1;GlimmerHMM}
523022	522962	INTRON			{Augustus_model.g4499.t1;Augustus},{GeneMark_model.5809_t;GeneMark},{GlimmerHMM_glimmerT_5420-T1;GlimmerHMM}
523134	523023	internal-	6	6	{Augustus_model.g4499.t1;Augustus},{GeneMark_model.5809_t;GeneMark},{GlimmerHMM_glimmerT_5420-T1;GlimmerHMM}
523202	523135	INTRON			{Augustus_model.g4499.t1;Augustus},{GeneMark_model.5809_t;GeneMark}
523270	523203	internal-	4	5	{Augustus_model.g4499.t1;Augustus},{GeneMark_model.5809_t;GeneMark}
523331	523271	INTRON			{Augustus_model.g4499.t1;Augustus},{GeneMark_model.5809_t;GeneMark}
523448	523332	internal-	4	6	{Augustus_model.g4499.t1;Augustus},{GeneMark_model.5809_t;GeneMark}
523532	523449	INTRON			{Augustus_model.g4499.t1;Augustus},{GeneMark_model.5809_t;GeneMark}
523678	523533	internal-	5	6	{GeneMark_model.5809_t;GeneMark}
523740	523679	INTRON			{GeneMark_model.5809_t;GeneMark}
525355	523741	initial-	4	4	{GeneMark_model.5809_t;GeneMark}

# EVM prediction: Mode:STANDARD S-ratio: 1.69 526535-528715 orient(-) score(5339.00) noncoding_equivalent(3167.47) raw_noncoding(3983.23) offset(815.77)
527506	526535	terminal-	4	6	{GlimmerHMM_glimmerT_5421-T1;GlimmerHMM}
527628	527507	INTRON			{Augustus_model.g4499.t1;Augustus},{GlimmerHMM_glimmerT_5421-T1;GlimmerHMM},{GeneMark_model.5810_t;GeneMark}
528281	527629	internal-	5	6	{Augustus_model.g4499.t1;Augustus},{GeneMark_model.5810_t;GeneMark}
528382	528282	INTRON			{GeneMark_model.5810_t;GeneMark}
528440	528383	internal-	4	4	{GeneMark_model.5810_t;GeneMark}
528571	528441	INTRON			{GeneMark_model.5810_t;GeneMark}
528715	528572	initial-	4	6	{GeneMark_model.5810_t;GeneMark}

# EVM prediction: Mode:STANDARD S-ratio: 3.48 529029-530280 orient(-) score(4234.00) noncoding_equivalent(1215.55) raw_noncoding(1452.15) offset(236.61)
529555	529029	terminal-	5	6	{GeneMark_model.5811_t;GeneMark},{GlimmerHMM_glimmerT_5422-T1;GlimmerHMM},{snap_scaffold_14-snap.193-T1;snap}
529702	529556	INTRON			{Augustus_model.g4499.t1;Augustus},{GeneMark_model.5811_t;GeneMark},{GlimmerHMM_glimmerT_5422-T1;GlimmerHMM}
529818	529703	internal-	6	4	{Augustus_model.g4499.t1;Augustus},{GeneMark_model.5811_t;GeneMark},{GlimmerHMM_glimmerT_5422-T1;GlimmerHMM}
529897	529819	INTRON			{Augustus_model.g4499.t1;Augustus},{GeneMark_model.5811_t;GeneMark},{GlimmerHMM_glimmerT_5422-T1;GlimmerHMM}
530280	529898	initial-	4	5	{Augustus_model.g4499.t1;Augustus},{GeneMark_model.5811_t;GeneMark},{GlimmerHMM_glimmerT_5422-T1;GlimmerHMM}

# EVM prediction: Mode:STANDARD S-ratio: 4.01 530590-533760 orient(+) score(11251.00) noncoding_equivalent(2805.00) raw_noncoding(3144.00) offset(339.00)
530590	531336	initial+	1	3	{GeneMark_model.5812_t;GeneMark},{Augustus_model.g4500.t1;Augustus},{GlimmerHMM_glimmerT_5423-T1;GlimmerHMM}
531337	531405	INTRON			{GeneMark_model.5812_t;GeneMark},{Augustus_model.g4500.t1;Augustus},{GlimmerHMM_glimmerT_5423-T1;GlimmerHMM}
531406	531492	internal+	1	3	{GeneMark_model.5812_t;GeneMark},{Augustus_model.g4500.t1;Augustus},{GlimmerHMM_glimmerT_5423-T1;GlimmerHMM}
531493	531569	INTRON			{GeneMark_model.5812_t;GeneMark},{Augustus_model.g4500.t1;Augustus},{GlimmerHMM_glimmerT_5423-T1;GlimmerHMM}
531570	531728	internal+	1	3	{GeneMark_model.5812_t;GeneMark},{Augustus_model.g4500.t1;Augustus},{GlimmerHMM_glimmerT_5423-T1;GlimmerHMM}
531729	531798	INTRON			{GeneMark_model.5812_t;GeneMark},{Augustus_model.g4500.t1;Augustus},{snap_scaffold_14-snap.195-T1;snap},{GlimmerHMM_glimmerT_5423-T1;GlimmerHMM}
531799	532282	internal+	1	1	{GeneMark_model.5812_t;GeneMark},{Augustus_model.g4500.t1;Augustus},{GlimmerHMM_glimmerT_5423-T1;GlimmerHMM}
532283	532349	INTRON			{GeneMark_model.5812_t;GeneMark},{Augustus_model.g4500.t1;Augustus},{GlimmerHMM_glimmerT_5423-T1;GlimmerHMM}
532350	532515	internal+	2	2	{GeneMark_model.5812_t;GeneMark},{Augustus_model.g4500.t1;Augustus},{GlimmerHMM_glimmerT_5423-T1;GlimmerHMM}
532516	532614	INTRON			{snap_scaffold_14-snap.196-T1;snap},{GeneMark_model.5812_t;GeneMark},{Augustus_model.g4500.t1;Augustus},{GlimmerHMM_glimmerT_5423-T1;GlimmerHMM}
532615	532786	internal+	3	3	{GeneMark_model.5812_t;GeneMark},{Augustus_model.g4500.t1;Augustus},{GlimmerHMM_glimmerT_5423-T1;GlimmerHMM}
532787	532873	INTRON			{GeneMark_model.5812_t;GeneMark},{GlimmerHMM_glimmerT_5423-T1;GlimmerHMM}
532874	533136	internal+	1	2	{GeneMark_model.5812_t;GeneMark},{GlimmerHMM_glimmerT_5423-T1;GlimmerHMM}
533137	533201	INTRON			{GeneMark_model.5812_t;GeneMark},{Augustus_model.g4500.t1;Augustus},{GlimmerHMM_glimmerT_5423-T1;GlimmerHMM}
533202	533574	internal+	3	3	{GeneMark_model.5812_t;GeneMark},{Augustus_model.g4500.t1;Augustus},{GlimmerHMM_glimmerT_5423-T1;GlimmerHMM}
533575	533664	INTRON			{GeneMark_model.5812_t;GeneMark},{Augustus_model.g4500.t1;Augustus},{GlimmerHMM_glimmerT_5423-T1;GlimmerHMM}
533665	533760	terminal+	1	3	{GeneMark_model.5812_t;GeneMark},{Augustus_model.g4500.t1;Augustus},{GlimmerHMM_glimmerT_5423-T1;GlimmerHMM}

# EVM prediction: Mode:STANDARD S-ratio: 1.46 534023-534736 orient(-) score(2073.00) noncoding_equivalent(1419.00) raw_noncoding(1833.00) offset(414.00)
534109	534023	terminal-	4	6	{GeneMark_model.5813_t;GeneMark},{Augustus_model.g4501.t1;Augustus},{GlimmerHMM_glimmerT_5424-T1;GlimmerHMM}
534208	534110	INTRON			{GeneMark_model.5813_t;GeneMark},{Augustus_model.g4501.t1;Augustus},{GlimmerHMM_glimmerT_5424-T1;GlimmerHMM}
534296	534209	internal-	6	6	{GeneMark_model.5813_t;GeneMark},{Augustus_model.g4501.t1;Augustus},{GlimmerHMM_glimmerT_5424-T1;GlimmerHMM}
534371	534297	INTRON			{GeneMark_model.5813_t;GeneMark},{Augustus_model.g4501.t1;Augustus},{GlimmerHMM_glimmerT_5424-T1;GlimmerHMM}
534388	534372	internal-	4	5	{GeneMark_model.5813_t;GeneMark},{Augustus_model.g4501.t1;Augustus},{GlimmerHMM_glimmerT_5424-T1;GlimmerHMM}
534467	534389	INTRON			{GeneMark_model.5813_t;GeneMark},{Augustus_model.g4501.t1;Augustus},{GlimmerHMM_glimmerT_5424-T1;GlimmerHMM}
534496	534468	internal-	5	6	{GeneMark_model.5813_t;GeneMark},{Augustus_model.g4501.t1;Augustus},{GlimmerHMM_glimmerT_5424-T1;GlimmerHMM}
534570	534497	INTRON			{GeneMark_model.5813_t;GeneMark},{Augustus_model.g4501.t1;Augustus},{GlimmerHMM_glimmerT_5424-T1;GlimmerHMM}
534601	534571	internal-	4	4	{GeneMark_model.5813_t;GeneMark},{Augustus_model.g4501.t1;Augustus}
534670	534602	INTRON			{GeneMark_model.5813_t;GeneMark},{Augustus_model.g4501.t1;Augustus}
534736	534671	initial-	4	6	{GeneMark_model.5813_t;GeneMark},{Augustus_model.g4501.t1;Augustus}

# EVM prediction: Mode:STANDARD S-ratio: 4.20 535237-537790 orient(+) score(8847.00) noncoding_equivalent(2105.93) raw_noncoding(2381.00) offset(275.07)
535237	535870	initial+	1	1	{GlimmerHMM_glimmerT_5425-T1;GlimmerHMM},{Augustus_model.g4502.t1;Augustus},{GeneMark_model.5814_t;GeneMark}
535871	535934	INTRON			{GlimmerHMM_glimmerT_5425-T1;GlimmerHMM},{Augustus_model.g4502.t1;Augustus},{GeneMark_model.5814_t;GeneMark}
535935	536410	internal+	2	3	{GlimmerHMM_glimmerT_5425-T1;GlimmerHMM},{Augustus_model.g4502.t1;Augustus},{GeneMark_model.5814_t;GeneMark}
536411	536474	INTRON			{GlimmerHMM_glimmerT_5425-T1;GlimmerHMM},{Augustus_model.g4502.t1;Augustus},{GeneMark_model.5814_t;GeneMark}
536475	536704	internal+	1	2	{GlimmerHMM_glimmerT_5425-T1;GlimmerHMM},{Augustus_model.g4502.t1;Augustus},{GeneMark_model.5814_t;GeneMark}
536705	536775	INTRON			{GlimmerHMM_glimmerT_5425-T1;GlimmerHMM},{Augustus_model.g4502.t1;Augustus},{GeneMark_model.5814_t;GeneMark}
536776	537199	internal+	3	3	{GlimmerHMM_glimmerT_5425-T1;GlimmerHMM},{Augustus_model.g4502.t1;Augustus},{GeneMark_model.5814_t;GeneMark}
537200	537291	INTRON			{GlimmerHMM_glimmerT_5425-T1;GlimmerHMM},{Augustus_model.g4502.t1;Augustus},{GeneMark_model.5814_t;GeneMark}
537292	537519	internal+	1	3	{GlimmerHMM_glimmerT_5425-T1;GlimmerHMM},{Augustus_model.g4502.t1;Augustus},{GeneMark_model.5814_t;GeneMark}
537520	537613	INTRON			{GlimmerHMM_glimmerT_5425-T1;GlimmerHMM},{Augustus_model.g4502.t1;Augustus},{GeneMark_model.5814_t;GeneMark}
537614	537790	terminal+	1	3	{GlimmerHMM_glimmerT_5425-T1;GlimmerHMM},{Augustus_model.g4502.t1;Augustus},{GeneMark_model.5814_t;GeneMark}

# EVM prediction: Mode:STANDARD S-ratio: 2.03 537924-539058 orient(-) score(3405.00) noncoding_equivalent(1679.00) raw_noncoding(1975.00) offset(296.00)
538106	537924	terminal-	4	6	{GeneMark_model.5815_t;GeneMark},{GlimmerHMM_glimmerT_5426-T1;GlimmerHMM},{Augustus_model.g4503.t1;Augustus}
538171	538107	INTRON			{GeneMark_model.5815_t;GeneMark},{GlimmerHMM_glimmerT_5426-T1;GlimmerHMM},{Augustus_model.g4503.t1;Augustus}
538290	538172	internal-	5	6	{GeneMark_model.5815_t;GeneMark},{GlimmerHMM_glimmerT_5426-T1;GlimmerHMM},{Augustus_model.g4503.t1;Augustus}
538353	538291	INTRON			{GeneMark_model.5815_t;GeneMark},{GlimmerHMM_glimmerT_5426-T1;GlimmerHMM},{Augustus_model.g4503.t1;Augustus}
538518	538354	internal-	5	4	{GeneMark_model.5815_t;GeneMark},{GlimmerHMM_glimmerT_5426-T1;GlimmerHMM},{Augustus_model.g4503.t1;Augustus}
538591	538519	INTRON			{GeneMark_model.5815_t;GeneMark},{GlimmerHMM_glimmerT_5426-T1;GlimmerHMM},{Augustus_model.g4503.t1;Augustus}
538754	538592	internal-	4	4	{GeneMark_model.5815_t;GeneMark},{GlimmerHMM_glimmerT_5426-T1;GlimmerHMM},{Augustus_model.g4503.t1;Augustus}
538833	538755	INTRON			{GeneMark_model.5815_t;GeneMark},{GlimmerHMM_glimmerT_5426-T1;GlimmerHMM},{Augustus_model.g4503.t1;Augustus}
539058	538834	initial-	4	6	{GeneMark_model.5815_t;GeneMark},{GlimmerHMM_glimmerT_5426-T1;GlimmerHMM},{Augustus_model.g4503.t1;Augustus}

# EVM prediction: Mode:STANDARD S-ratio: 1.19 539542-541548 orient(-) score(4295.00) noncoding_equivalent(3617.19) raw_noncoding(4273.03) offset(655.84)
540674	539542	terminal-	5	6	{GeneMark_model.5816_t;GeneMark}
540759	540675	INTRON			{GeneMark_model.5816_t;GeneMark}
541281	540760	internal-	5	4	{GeneMark_model.5816_t;GeneMark}
541529	541282	INTRON			{Augustus_model.g4504.t1;Augustus},{GlimmerHMM_glimmerT_5427-T1;GlimmerHMM}
541548	541530	initial-	4	4	{Augustus_model.g4504.t1;Augustus},{GlimmerHMM_glimmerT_5427-T1;GlimmerHMM}

# EVM prediction: Mode:STANDARD S-ratio: 1.89 541817-543505 orient(+) score(4821.00) noncoding_equivalent(2550.82) raw_noncoding(3610.45) offset(1059.63)
541817	541872	initial+	1	2	{GeneMark_model.5817_t;GeneMark},{Augustus_model.g4505.t1;Augustus}
541873	541971	INTRON			{GeneMark_model.5817_t;GeneMark},{Augustus_model.g4505.t1;Augustus}
541972	542315	internal+	3	1	{GeneMark_model.5817_t;GeneMark},{Augustus_model.g4505.t1;Augustus}
542316	542476	INTRON			{GeneMark_model.5817_t;GeneMark},{GlimmerHMM_glimmerT_5428-T1;GlimmerHMM},{Augustus_model.g4505.t1;Augustus}
542477	542729	internal+	2	2	{GeneMark_model.5817_t;GeneMark},{GlimmerHMM_glimmerT_5428-T1;GlimmerHMM}
542730	542799	INTRON			{GeneMark_model.5817_t;GeneMark},{GlimmerHMM_glimmerT_5428-T1;GlimmerHMM}
542800	542877	internal+	3	2	{GeneMark_model.5817_t;GeneMark},{GlimmerHMM_glimmerT_5428-T1;GlimmerHMM},{Augustus_model.g4505.t1;Augustus}
542878	542953	INTRON			{GeneMark_model.5817_t;GeneMark},{GlimmerHMM_glimmerT_5428-T1;GlimmerHMM},{Augustus_model.g4505.t1;Augustus}
542954	543051	internal+	3	1	{GeneMark_model.5817_t;GeneMark},{GlimmerHMM_glimmerT_5428-T1;GlimmerHMM},{Augustus_model.g4505.t1;Augustus}
543052	543130	INTRON			{GeneMark_model.5817_t;GeneMark},{GlimmerHMM_glimmerT_5428-T1;GlimmerHMM},{Augustus_model.g4505.t1;Augustus}
543131	543189	internal+	2	3	{GeneMark_model.5817_t;GeneMark},{GlimmerHMM_glimmerT_5428-T1;GlimmerHMM},{Augustus_model.g4505.t1;Augustus}
543190	543263	INTRON			{GeneMark_model.5817_t;GeneMark},{Augustus_model.g4505.t1;Augustus}
543264	543344	internal+	1	3	{GeneMark_model.5817_t;GeneMark},{Augustus_model.g4505.t1;Augustus}
543345	543469	INTRON			{GeneMark_model.5817_t;GeneMark},{Augustus_model.g4505.t1;Augustus}
543470	543505	terminal+	1	3	{GeneMark_model.5817_t;GeneMark},{Augustus_model.g4505.t1;Augustus}

# EVM prediction: Mode:STANDARD S-ratio: 2.26 544114-544937 orient(+) score(2162.00) noncoding_equivalent(958.45) raw_noncoding(1184.78) offset(226.33)
544114	544668	initial+	1	3	{Augustus_model.g4506.t1;Augustus}
544669	544757	INTRON			{Augustus_model.g4506.t1;Augustus}
544758	544937	terminal+	1	3	{GlimmerHMM_glimmerT_5428-T1;GlimmerHMM},{Augustus_model.g4506.t1;Augustus}

# EVM prediction: Mode:STANDARD S-ratio: 2.31 545942-546952 orient(-) score(3237.00) noncoding_equivalent(1401.71) raw_noncoding(1659.00) offset(257.29)
546072	545942	terminal-	5	6	{GlimmerHMM_glimmerT_5429-T1;GlimmerHMM},{GeneMark_model.5819_t;GeneMark},{Augustus_model.g4507.t1;Augustus}
546155	546073	INTRON			{GlimmerHMM_glimmerT_5429-T1;GlimmerHMM},{GeneMark_model.5819_t;GeneMark},{Augustus_model.g4507.t1;Augustus}
546375	546156	internal-	4	4	{GlimmerHMM_glimmerT_5429-T1;GlimmerHMM},{GeneMark_model.5819_t;GeneMark},{Augustus_model.g4507.t1;Augustus}
546459	546376	INTRON			{GlimmerHMM_glimmerT_5429-T1;GlimmerHMM},{GeneMark_model.5819_t;GeneMark},{Augustus_model.g4507.t1;Augustus}
546558	546460	internal-	4	6	{GlimmerHMM_glimmerT_5429-T1;GlimmerHMM},{GeneMark_model.5819_t;GeneMark},{Augustus_model.g4507.t1;Augustus}
546621	546559	INTRON			{GlimmerHMM_glimmerT_5429-T1;GlimmerHMM},{GeneMark_model.5819_t;GeneMark},{Augustus_model.g4507.t1;Augustus}
546680	546622	internal-	5	6	{GlimmerHMM_glimmerT_5429-T1;GlimmerHMM},{GeneMark_model.5819_t;GeneMark},{Augustus_model.g4507.t1;Augustus}
546756	546681	INTRON			{GlimmerHMM_glimmerT_5429-T1;GlimmerHMM},{GeneMark_model.5819_t;GeneMark},{Augustus_model.g4507.t1;Augustus}
546952	546757	initial-	4	4	{GlimmerHMM_glimmerT_5429-T1;GlimmerHMM},{GeneMark_model.5819_t;GeneMark},{Augustus_model.g4507.t1;Augustus}

# EVM prediction: Mode:STANDARD S-ratio: 1.63 547320-550696 orient(+) score(8183.00) noncoding_equivalent(5032.35) raw_noncoding(7532.93) offset(2500.58)
547320	548073	initial+	1	1	{GeneMark_model.5820_t;GeneMark},{GlimmerHMM_glimmerT_5430-T1;GlimmerHMM}
548074	548707	INTRON			{GeneMark_model.5820_t;GeneMark}
548708	548802	internal+	2	3	{Augustus_model.g4508.t1;Augustus},{GeneMark_model.5820_t;GeneMark}
548803	548970	INTRON			{Augustus_model.g4508.t1;Augustus},{GeneMark_model.5820_t;GeneMark},{GlimmerHMM_glimmerT_5430-T1;GlimmerHMM}
548971	549075	internal+	1	3	{Augustus_model.g4508.t1;Augustus},{GeneMark_model.5820_t;GeneMark},{GlimmerHMM_glimmerT_5430-T1;GlimmerHMM}
549076	549144	INTRON			{Augustus_model.g4508.t1;Augustus},{GeneMark_model.5820_t;GeneMark},{GlimmerHMM_glimmerT_5430-T1;GlimmerHMM}
549145	549210	internal+	1	3	{Augustus_model.g4508.t1;Augustus},{GeneMark_model.5820_t;GeneMark},{GlimmerHMM_glimmerT_5430-T1;GlimmerHMM}
549211	549271	INTRON			{Augustus_model.g4508.t1;Augustus},{GeneMark_model.5820_t;GeneMark},{GlimmerHMM_glimmerT_5430-T1;GlimmerHMM}
549272	549340	internal+	1	3	{Augustus_model.g4508.t1;Augustus},{GeneMark_model.5820_t;GeneMark},{GlimmerHMM_glimmerT_5430-T1;GlimmerHMM}
549341	549408	INTRON			{Augustus_model.g4508.t1;Augustus},{GeneMark_model.5820_t;GeneMark},{GlimmerHMM_glimmerT_5430-T1;GlimmerHMM}
549409	549570	internal+	1	3	{Augustus_model.g4508.t1;Augustus},{GeneMark_model.5820_t;GeneMark},{GlimmerHMM_glimmerT_5430-T1;GlimmerHMM}
549571	549637	INTRON			{Augustus_model.g4508.t1;Augustus},{GeneMark_model.5820_t;GeneMark},{GlimmerHMM_glimmerT_5430-T1;GlimmerHMM}
549638	549726	internal+	1	2	{Augustus_model.g4508.t1;Augustus},{GeneMark_model.5820_t;GeneMark},{GlimmerHMM_glimmerT_5430-T1;GlimmerHMM}
549727	549793	INTRON			{Augustus_model.g4508.t1;Augustus},{GeneMark_model.5820_t;GeneMark},{GlimmerHMM_glimmerT_5430-T1;GlimmerHMM}
549794	550589	internal+	3	3	{Augustus_model.g4508.t1;Augustus},{GeneMark_model.5820_t;GeneMark},{GlimmerHMM_glimmerT_5430-T1;GlimmerHMM}
550590	550663	INTRON			{Augustus_model.g4508.t1;Augustus},{GeneMark_model.5820_t;GeneMark}
550664	550696	terminal+	1	3	{Augustus_model.g4508.t1;Augustus},{GeneMark_model.5820_t;GeneMark}

# EVM prediction: Mode:STANDARD S-ratio: 2.83 551053-552102 orient(-) score(3410.00) noncoding_equivalent(1206.78) raw_noncoding(1641.00) offset(434.22)
551174	551053	terminal-	5	6	{GlimmerHMM_glimmerT_5431-T1;GlimmerHMM},{Augustus_model.g4509.t1;Augustus}
551323	551175	INTRON			{GlimmerHMM_glimmerT_5431-T1;GlimmerHMM},{Augustus_model.g4509.t1;Augustus}
551729	551324	internal-	4	4	{GlimmerHMM_glimmerT_5431-T1;GlimmerHMM},{Augustus_model.g4509.t1;Augustus},{GeneMark_model.5821_t;GeneMark}
551809	551730	INTRON			{GlimmerHMM_glimmerT_5431-T1;GlimmerHMM},{Augustus_model.g4509.t1;Augustus},{GeneMark_model.5821_t;GeneMark}
551909	551810	internal-	6	6	{GlimmerHMM_glimmerT_5431-T1;GlimmerHMM},{Augustus_model.g4509.t1;Augustus},{GeneMark_model.5821_t;GeneMark}
552043	551910	INTRON			{GlimmerHMM_glimmerT_5431-T1;GlimmerHMM},{Augustus_model.g4509.t1;Augustus},{GeneMark_model.5821_t;GeneMark}
552102	552044	initial-	4	5	{GlimmerHMM_glimmerT_5431-T1;GlimmerHMM}

# EVM prediction: Mode:STANDARD S-ratio: 4.24 554796-562742 orient(+) score(26947.00) noncoding_equivalent(6362.62) raw_noncoding(9243.00) offset(2880.38)
554796	555896	initial+	1	3	{GeneMark_model.5822_t;GeneMark},{GlimmerHMM_glimmerT_5432-T1;GlimmerHMM},{Augustus_model.g4510.t1;Augustus}
555897	555967	INTRON			{GeneMark_model.5822_t;GeneMark},{GlimmerHMM_glimmerT_5432-T1;GlimmerHMM},{Augustus_model.g4510.t1;Augustus},{ev_type:exonerate/ID=match.2566964.976/Target=lcl|NW_017264945_1_prot_XP_018267959_1_6810;exonerate}
555968	556052	internal+	1	1	{GeneMark_model.5822_t;GeneMark},{GlimmerHMM_glimmerT_5432-T1;GlimmerHMM},{Augustus_model.g4510.t1;Augustus},{ev_type:exonerate/ID=match.2566964.976/Target=lcl|NW_017264945_1_prot_XP_018267959_1_6810;exonerate}
556053	556124	INTRON			{GeneMark_model.5822_t;GeneMark},{GlimmerHMM_glimmerT_5432-T1;GlimmerHMM},{Augustus_model.g4510.t1;Augustus},{ev_type:exonerate/ID=match.2566964.976/Target=lcl|NW_017264945_1_prot_XP_018267959_1_6810;exonerate}
556125	559181	internal+	2	1	{GeneMark_model.5822_t;GeneMark},{GlimmerHMM_glimmerT_5432-T1;GlimmerHMM},{Augustus_model.g4510.t1;Augustus}
559182	559249	INTRON			{GeneMark_model.5822_t;GeneMark},{GlimmerHMM_glimmerT_5432-T1;GlimmerHMM},{Augustus_model.g4510.t1;Augustus}
559250	559734	internal+	2	3	{GeneMark_model.5822_t;GeneMark},{Augustus_model.g4510.t1;Augustus}
559735	559782	INTRON			{GeneMark_model.5822_t;GeneMark}
559783	559889	internal+	1	2	{GeneMark_model.5822_t;GeneMark}
559890	560889	INTRON			{GeneMark_model.5822_t;GeneMark},{GlimmerHMM_glimmerT_5432-T1;GlimmerHMM}
560890	561057	internal+	3	2	{GeneMark_model.5822_t;GeneMark},{GlimmerHMM_glimmerT_5432-T1;GlimmerHMM},{Augustus_model.g4510.t1;Augustus}
561058	561115	INTRON			{GeneMark_model.5822_t;GeneMark},{Augustus_model.g4510.t1;Augustus}
561116	561207	internal+	3	1	{GeneMark_model.5822_t;GeneMark},{Augustus_model.g4510.t1;Augustus}
561208	561272	INTRON			{GeneMark_model.5822_t;GeneMark},{Augustus_model.g4510.t1;Augustus}
561273	561493	internal+	2	3	{GeneMark_model.5822_t;GeneMark},{Augustus_model.g4510.t1;Augustus}
561494	561555	INTRON			{GeneMark_model.5822_t;GeneMark},{GlimmerHMM_glimmerT_5432-T1;GlimmerHMM},{Augustus_model.g4510.t1;Augustus}
561556	561711	internal+	1	3	{GeneMark_model.5822_t;GeneMark},{GlimmerHMM_glimmerT_5432-T1;GlimmerHMM},{Augustus_model.g4510.t1;Augustus}
561712	561769	INTRON			{GeneMark_model.5822_t;GeneMark},{GlimmerHMM_glimmerT_5432-T1;GlimmerHMM},{Augustus_model.g4510.t1;Augustus}
561770	562065	internal+	1	2	{GeneMark_model.5822_t;GeneMark},{GlimmerHMM_glimmerT_5432-T1;GlimmerHMM},{Augustus_model.g4510.t1;Augustus}
562066	562123	INTRON			{GeneMark_model.5822_t;GeneMark},{GlimmerHMM_glimmerT_5432-T1;GlimmerHMM},{Augustus_model.g4510.t1;Augustus}
562124	562320	internal+	3	1	{GeneMark_model.5822_t;GeneMark},{GlimmerHMM_glimmerT_5432-T1;GlimmerHMM},{Augustus_model.g4510.t1;Augustus}
562321	562389	INTRON			{GeneMark_model.5822_t;GeneMark},{Augustus_model.g4510.t1;Augustus}
562390	562398	internal+	2	1	{GeneMark_model.5822_t;GeneMark},{Augustus_model.g4510.t1;Augustus}
562399	562458	INTRON			{GeneMark_model.5822_t;GeneMark},{Augustus_model.g4510.t1;Augustus}
562459	562742	terminal+	2	3	{GeneMark_model.5822_t;GeneMark},{GlimmerHMM_glimmerT_5432-T1;GlimmerHMM},{Augustus_model.g4510.t1;Augustus}

# EVM prediction: Mode:STANDARD S-ratio: 6.46 562924-564043 orient(-) score(3878.00) noncoding_equivalent(600.23) raw_noncoding(730.00) offset(129.77)
563663	562924	terminal-	5	6	{GeneMark_model.5823_t;GeneMark}
563727	563664	INTRON			{Augustus_model.g4511.t1;Augustus},{GeneMark_model.5823_t;GeneMark}
564043	563728	initial-	4	4	{GlimmerHMM_glimmerT_5433-T1;GlimmerHMM},{Augustus_model.g4511.t1;Augustus},{GeneMark_model.5823_t;GeneMark}

# EVM prediction: Mode:STANDARD S-ratio: 3.55 564556-567512 orient(-) score(16593.00) noncoding_equivalent(4679.11) raw_noncoding(8006.00) offset(3326.89)
564614	564556	terminal-	5	6	{GlimmerHMM_glimmerT_5434-T1;GlimmerHMM},{HiQ_model.g4512.t1;HiQ},{GeneMark_model.5824_t;GeneMark}
564690	564615	INTRON			{GlimmerHMM_glimmerT_5434-T1;GlimmerHMM},{HiQ_model.g4512.t1;HiQ},{GeneMark_model.5824_t;GeneMark},{ev_type:exonerate/ID=match.2566964.4246/Target=lcl|PJQD01000042_1_prot_POY73060_1_3974;exonerate},{ev_type:exonerate/ID=match.2566964.4248/Target=lcl|KQ954480_1_prot_KWU44337_1_3318;exonerate}
564874	564691	internal-	4	4	{GlimmerHMM_glimmerT_5434-T1;GlimmerHMM},{HiQ_model.g4512.t1;HiQ},{GeneMark_model.5824_t;GeneMark}
564937	564875	INTRON			{GlimmerHMM_glimmerT_5434-T1;GlimmerHMM},{HiQ_model.g4512.t1;HiQ},{GeneMark_model.5824_t;GeneMark}
564952	564938	internal-	4	6	{GlimmerHMM_glimmerT_5434-T1;GlimmerHMM},{HiQ_model.g4512.t1;HiQ},{GeneMark_model.5824_t;GeneMark}
565023	564953	INTRON			{GlimmerHMM_glimmerT_5434-T1;GlimmerHMM},{HiQ_model.g4512.t1;HiQ},{GeneMark_model.5824_t;GeneMark}
565079	565024	internal-	5	6	{GlimmerHMM_glimmerT_5434-T1;GlimmerHMM},{HiQ_model.g4512.t1;HiQ},{GeneMark_model.5824_t;GeneMark},{ev_type:exonerate/ID=match.2566964.4246/Target=lcl|PJQD01000042_1_prot_POY73060_1_3974;exonerate},{ev_type:exonerate/ID=match.2566964.4248/Target=lcl|KQ954480_1_prot_KWU44337_1_3318;exonerate}
565150	565080	INTRON			{GlimmerHMM_glimmerT_5434-T1;GlimmerHMM},{HiQ_model.g4512.t1;HiQ},{GeneMark_model.5824_t;GeneMark},{ev_type:exonerate/ID=match.2566964.4246/Target=lcl|PJQD01000042_1_prot_POY73060_1_3974;exonerate},{ev_type:exonerate/ID=match.2566964.4248/Target=lcl|KQ954480_1_prot_KWU44337_1_3318;exonerate}
565297	565151	internal-	5	4	{GlimmerHMM_glimmerT_5434-T1;GlimmerHMM},{HiQ_model.g4512.t1;HiQ},{GeneMark_model.5824_t;GeneMark},{ev_type:exonerate/ID=match.2566964.4246/Target=lcl|PJQD01000042_1_prot_POY73060_1_3974;exonerate},{ev_type:exonerate/ID=match.2566964.4248/Target=lcl|KQ954480_1_prot_KWU44337_1_3318;exonerate}
565364	565298	INTRON			{GlimmerHMM_glimmerT_5434-T1;GlimmerHMM},{HiQ_model.g4512.t1;HiQ},{GeneMark_model.5824_t;GeneMark},{ev_type:exonerate/ID=match.2566964.4246/Target=lcl|PJQD01000042_1_prot_POY73060_1_3974;exonerate},{ev_type:exonerate/ID=match.2566964.4248/Target=lcl|KQ954480_1_prot_KWU44337_1_3318;exonerate}
565440	565365	internal-	4	4	{GlimmerHMM_glimmerT_5434-T1;GlimmerHMM},{HiQ_model.g4512.t1;HiQ},{GeneMark_model.5824_t;GeneMark},{ev_type:exonerate/ID=match.2566964.4246/Target=lcl|PJQD01000042_1_prot_POY73060_1_3974;exonerate},{ev_type:exonerate/ID=match.2566964.4248/Target=lcl|KQ954480_1_prot_KWU44337_1_3318;exonerate}
565510	565441	INTRON			{GlimmerHMM_glimmerT_5434-T1;GlimmerHMM},{HiQ_model.g4512.t1;HiQ},{GeneMark_model.5824_t;GeneMark},{ev_type:exonerate/ID=match.2566964.4246/Target=lcl|PJQD01000042_1_prot_POY73060_1_3974;exonerate},{ev_type:exonerate/ID=match.2566964.4248/Target=lcl|KQ954480_1_prot_KWU44337_1_3318;exonerate}
565765	565511	internal-	4	6	{GlimmerHMM_glimmerT_5434-T1;GlimmerHMM},{HiQ_model.g4512.t1;HiQ},{GeneMark_model.5824_t;GeneMark},{ev_type:exonerate/ID=match.2566964.4246/Target=lcl|PJQD01000042_1_prot_POY73060_1_3974;exonerate},{ev_type:exonerate/ID=match.2566964.4248/Target=lcl|KQ954480_1_prot_KWU44337_1_3318;exonerate}
565831	565766	INTRON			{GlimmerHMM_glimmerT_5434-T1;GlimmerHMM},{HiQ_model.g4512.t1;HiQ},{GeneMark_model.5824_t;GeneMark},{ev_type:exonerate/ID=match.2566964.4246/Target=lcl|PJQD01000042_1_prot_POY73060_1_3974;exonerate},{ev_type:exonerate/ID=match.2566964.4248/Target=lcl|KQ954480_1_prot_KWU44337_1_3318;exonerate}
566016	565832	internal-	5	6	{GlimmerHMM_glimmerT_5434-T1;GlimmerHMM},{HiQ_model.g4512.t1;HiQ},{GeneMark_model.5824_t;GeneMark},{ev_type:exonerate/ID=match.2566964.4246/Target=lcl|PJQD01000042_1_prot_POY73060_1_3974;exonerate},{ev_type:exonerate/ID=match.2566964.4248/Target=lcl|KQ954480_1_prot_KWU44337_1_3318;exonerate}
566085	566017	INTRON			{GlimmerHMM_glimmerT_5434-T1;GlimmerHMM},{HiQ_model.g4512.t1;HiQ},{GeneMark_model.5824_t;GeneMark},{ev_type:exonerate/ID=match.2566964.4246/Target=lcl|PJQD01000042_1_prot_POY73060_1_3974;exonerate},{ev_type:exonerate/ID=match.2566964.4248/Target=lcl|KQ954480_1_prot_KWU44337_1_3318;exonerate}
566207	566086	internal-	6	4	{GlimmerHMM_glimmerT_5434-T1;GlimmerHMM},{HiQ_model.g4512.t1;HiQ},{GeneMark_model.5824_t;GeneMark},{ev_type:exonerate/ID=match.2566964.4246/Target=lcl|PJQD01000042_1_prot_POY73060_1_3974;exonerate},{ev_type:exonerate/ID=match.2566964.4248/Target=lcl|KQ954480_1_prot_KWU44337_1_3318;exonerate}
566274	566208	INTRON			{GlimmerHMM_glimmerT_5434-T1;GlimmerHMM},{HiQ_model.g4512.t1;HiQ},{GeneMark_model.5824_t;GeneMark},{ev_type:exonerate/ID=match.2566964.4246/Target=lcl|PJQD01000042_1_prot_POY73060_1_3974;exonerate},{ev_type:exonerate/ID=match.2566964.4248/Target=lcl|KQ954480_1_prot_KWU44337_1_3318;exonerate}
566393	566275	internal-	4	5	{GlimmerHMM_glimmerT_5434-T1;GlimmerHMM},{HiQ_model.g4512.t1;HiQ},{GeneMark_model.5824_t;GeneMark},{ev_type:exonerate/ID=match.2566964.4246/Target=lcl|PJQD01000042_1_prot_POY73060_1_3974;exonerate},{ev_type:exonerate/ID=match.2566964.4248/Target=lcl|KQ954480_1_prot_KWU44337_1_3318;exonerate}
566477	566394	INTRON			{GlimmerHMM_glimmerT_5434-T1;GlimmerHMM},{HiQ_model.g4512.t1;HiQ},{GeneMark_model.5824_t;GeneMark},{ev_type:exonerate/ID=match.2566964.4246/Target=lcl|PJQD01000042_1_prot_POY73060_1_3974;exonerate},{ev_type:exonerate/ID=match.2566964.4248/Target=lcl|KQ954480_1_prot_KWU44337_1_3318;exonerate}
566510	566478	internal-	4	6	{GlimmerHMM_glimmerT_5434-T1;GlimmerHMM},{HiQ_model.g4512.t1;HiQ},{GeneMark_model.5824_t;GeneMark},{ev_type:exonerate/ID=match.2566964.4246/Target=lcl|PJQD01000042_1_prot_POY73060_1_3974;exonerate},{ev_type:exonerate/ID=match.2566964.4248/Target=lcl|KQ954480_1_prot_KWU44337_1_3318;exonerate}
566570	566511	INTRON			{GlimmerHMM_glimmerT_5434-T1;GlimmerHMM},{HiQ_model.g4512.t1;HiQ},{GeneMark_model.5824_t;GeneMark},{ev_type:exonerate/ID=match.2566964.4246/Target=lcl|PJQD01000042_1_prot_POY73060_1_3974;exonerate},{ev_type:exonerate/ID=match.2566964.4248/Target=lcl|KQ954480_1_prot_KWU44337_1_3318;exonerate}
566645	566571	internal-	4	6	{HiQ_model.g4512.t1;HiQ},{GeneMark_model.5824_t;GeneMark},{ev_type:exonerate/ID=match.2566964.4246/Target=lcl|PJQD01000042_1_prot_POY73060_1_3974;exonerate},{ev_type:exonerate/ID=match.2566964.4248/Target=lcl|KQ954480_1_prot_KWU44337_1_3318;exonerate}
566710	566646	INTRON			{HiQ_model.g4512.t1;HiQ},{GeneMark_model.5824_t;GeneMark},{ev_type:exonerate/ID=match.2566964.4246/Target=lcl|PJQD01000042_1_prot_POY73060_1_3974;exonerate},{ev_type:exonerate/ID=match.2566964.4248/Target=lcl|KQ954480_1_prot_KWU44337_1_3318;exonerate}
566794	566711	internal-	4	6	{HiQ_model.g4512.t1;HiQ},{GeneMark_model.5824_t;GeneMark},{ev_type:exonerate/ID=match.2566964.4246/Target=lcl|PJQD01000042_1_prot_POY73060_1_3974;exonerate},{ev_type:exonerate/ID=match.2566964.4248/Target=lcl|KQ954480_1_prot_KWU44337_1_3318;exonerate}
567266	566795	INTRON			{HiQ_model.g4512.t1;HiQ},{GeneMark_model.5824_t;GeneMark},{ev_type:exonerate/ID=match.2566964.4248/Target=lcl|KQ954480_1_prot_KWU44337_1_3318;exonerate}
567323	567267	internal-	4	6	{HiQ_model.g4512.t1;HiQ},{GeneMark_model.5824_t;GeneMark},{ev_type:exonerate/ID=match.2566964.4248/Target=lcl|KQ954480_1_prot_KWU44337_1_3318;exonerate}
567470	567324	INTRON			{HiQ_model.g4512.t1;HiQ},{GeneMark_model.5824_t;GeneMark},{ev_type:exonerate/ID=match.2566964.4248/Target=lcl|KQ954480_1_prot_KWU44337_1_3318;exonerate}
567512	567471	initial-	4	6	{HiQ_model.g4512.t1;HiQ},{GeneMark_model.5824_t;GeneMark}

# EVM prediction: Mode:STANDARD S-ratio: 9.35 569789-571387 orient(+) score(6580.00) noncoding_equivalent(703.57) raw_noncoding(879.00) offset(175.43)
569789	569885	initial+	1	1	{Augustus_model.g4513.t1;Augustus},{GlimmerHMM_glimmerT_5435-T1;GlimmerHMM},{GeneMark_model.5825_t;GeneMark}
569886	569944	INTRON			{Augustus_model.g4513.t1;Augustus},{GlimmerHMM_glimmerT_5435-T1;GlimmerHMM},{GeneMark_model.5825_t;GeneMark}
569945	570250	internal+	2	1	{GlimmerHMM_glimmerT_5435-T1;GlimmerHMM},{GeneMark_model.5825_t;GeneMark}
570251	570314	INTRON			{GlimmerHMM_glimmerT_5435-T1;GlimmerHMM},{GeneMark_model.5825_t;GeneMark},{ev_type:exonerate/ID=match.2566964.1684/Target=lcl|LCTV02000013_1_prot_PRQ71111_1_2283;exonerate},{ev_type:exonerate/ID=match.2566964.1687/Target=lcl|KQ954480_1_prot_KWU44338_1_3319;exonerate}
570315	571387	terminal+	2	3	{Augustus_model.g4513.t1;Augustus},{GlimmerHMM_glimmerT_5435-T1;GlimmerHMM},{GeneMark_model.5825_t;GeneMark}

# EVM prediction: Mode:STANDARD S-ratio: 2.04 572059-572852 orient(+) score(2382.00) noncoding_equivalent(1168.00) raw_noncoding(1367.00) offset(199.00)
572059	572307	initial+	1	3	{GeneMark_model.5826_t;GeneMark},{GlimmerHMM_glimmerT_5436-T1;GlimmerHMM},{Augustus_model.g4514.t1;Augustus}
572308	572396	INTRON			{GeneMark_model.5826_t;GeneMark},{GlimmerHMM_glimmerT_5436-T1;GlimmerHMM},{Augustus_model.g4514.t1;Augustus}
572397	572641	internal+	1	2	{GeneMark_model.5826_t;GeneMark},{GlimmerHMM_glimmerT_5436-T1;GlimmerHMM},{Augustus_model.g4514.t1;Augustus}
572642	572743	INTRON			{GeneMark_model.5826_t;GeneMark},{GlimmerHMM_glimmerT_5436-T1;GlimmerHMM},{Augustus_model.g4514.t1;Augustus}
572744	572852	terminal+	3	3	{GeneMark_model.5826_t;GeneMark},{GlimmerHMM_glimmerT_5436-T1;GlimmerHMM},{Augustus_model.g4514.t1;Augustus}

# EVM prediction: Mode:STANDARD S-ratio: 4.59 573619-575883 orient(-) score(11074.00) noncoding_equivalent(2413.87) raw_noncoding(3217.52) offset(803.66)
573711	573619	terminal-	4	6	{GeneMark_model.5827_t;GeneMark},{Augustus_model.g4515.t1;Augustus},{GlimmerHMM_glimmerT_5437-T1;GlimmerHMM}
573793	573712	INTRON			{GeneMark_model.5827_t;GeneMark},{Augustus_model.g4515.t1;Augustus},{GlimmerHMM_glimmerT_5437-T1;GlimmerHMM},{ev_type:exonerate/ID=match.2566964.4241/Target=lcl|PJQD01000042_1_prot_POY73069_1_3983;exonerate}
574119	573794	internal-	5	6	{GeneMark_model.5827_t;GeneMark},{Augustus_model.g4515.t1;Augustus},{ev_type:exonerate/ID=match.2566964.4241/Target=lcl|PJQD01000042_1_prot_POY73069_1_3983;exonerate}
574189	574120	INTRON			{GeneMark_model.5827_t;GeneMark},{Augustus_model.g4515.t1;Augustus},{ev_type:exonerate/ID=match.2566964.4242/Target=lcl|KQ954480_1_prot_KWU44342_1_3323;exonerate},{ev_type:exonerate/ID=match.2566964.4241/Target=lcl|PJQD01000042_1_prot_POY73069_1_3983;exonerate}
574521	574190	internal-	6	4	{GeneMark_model.5827_t;GeneMark},{Augustus_model.g4515.t1;Augustus},{GlimmerHMM_glimmerT_5437-T1;GlimmerHMM},{ev_type:exonerate/ID=match.2566964.4242/Target=lcl|KQ954480_1_prot_KWU44342_1_3323;exonerate}
574585	574522	INTRON			{GeneMark_model.5827_t;GeneMark},{Augustus_model.g4515.t1;Augustus},{GlimmerHMM_glimmerT_5437-T1;GlimmerHMM},{ev_type:exonerate/ID=match.2566964.4242/Target=lcl|KQ954480_1_prot_KWU44342_1_3323;exonerate}
575040	574586	internal-	4	5	{GeneMark_model.5827_t;GeneMark},{Augustus_model.g4515.t1;Augustus},{GlimmerHMM_glimmerT_5437-T1;GlimmerHMM},{ev_type:exonerate/ID=match.2566964.4242/Target=lcl|KQ954480_1_prot_KWU44342_1_3323;exonerate}
575111	575041	INTRON			{GeneMark_model.5827_t;GeneMark},{Augustus_model.g4515.t1;Augustus},{GlimmerHMM_glimmerT_5437-T1;GlimmerHMM},{ev_type:exonerate/ID=match.2566964.4242/Target=lcl|KQ954480_1_prot_KWU44342_1_3323;exonerate},{ev_type:exonerate/ID=match.2566964.4241/Target=lcl|PJQD01000042_1_prot_POY73069_1_3983;exonerate}
575530	575112	internal-	5	6	{GeneMark_model.5827_t;GeneMark},{Augustus_model.g4515.t1;Augustus},{GlimmerHMM_glimmerT_5437-T1;GlimmerHMM},{ev_type:exonerate/ID=match.2566964.4242/Target=lcl|KQ954480_1_prot_KWU44342_1_3323;exonerate},{ev_type:exonerate/ID=match.2566964.4241/Target=lcl|PJQD01000042_1_prot_POY73069_1_3983;exonerate}
575621	575531	INTRON			{GeneMark_model.5827_t;GeneMark},{Augustus_model.g4515.t1;Augustus},{GlimmerHMM_glimmerT_5437-T1;GlimmerHMM},{ev_type:exonerate/ID=match.2566964.4242/Target=lcl|KQ954480_1_prot_KWU44342_1_3323;exonerate},{ev_type:exonerate/ID=match.2566964.4241/Target=lcl|PJQD01000042_1_prot_POY73069_1_3983;exonerate}
575661	575622	internal-	4	4	{GeneMark_model.5827_t;GeneMark},{Augustus_model.g4515.t1;Augustus},{GlimmerHMM_glimmerT_5437-T1;GlimmerHMM}
575880	575662	INTRON			{GeneMark_model.5827_t;GeneMark},{Augustus_model.g4515.t1;Augustus}
575883	575881	initial-	4	6	{GeneMark_model.5827_t;GeneMark},{Augustus_model.g4515.t1;Augustus}

# EVM prediction: Mode:STANDARD S-ratio: 2.87 576371-581279 orient(-) score(15212.00) noncoding_equivalent(5300.48) raw_noncoding(6418.32) offset(1117.84)
576446	576371	terminal-	6	6	{Augustus_model.g4516.t1;Augustus},{GeneMark_model.5828_t;GeneMark}
576511	576447	INTRON			{Augustus_model.g4516.t1;Augustus},{GeneMark_model.5828_t;GeneMark}
576671	576512	internal-	5	5	{Augustus_model.g4516.t1;Augustus},{GeneMark_model.5828_t;GeneMark}
576753	576672	INTRON			{Augustus_model.g4516.t1;Augustus},{GeneMark_model.5828_t;GeneMark}
576822	576754	internal-	5	4	{Augustus_model.g4516.t1;Augustus},{GeneMark_model.5828_t;GeneMark},{GlimmerHMM_glimmerT_5437-T1;GlimmerHMM}
576886	576823	INTRON			{Augustus_model.g4516.t1;Augustus},{GeneMark_model.5828_t;GeneMark},{GlimmerHMM_glimmerT_5437-T1;GlimmerHMM}
576959	576887	internal-	4	4	{Augustus_model.g4516.t1;Augustus},{GeneMark_model.5828_t;GeneMark},{GlimmerHMM_glimmerT_5437-T1;GlimmerHMM}
577033	576960	INTRON			{Augustus_model.g4516.t1;Augustus},{GeneMark_model.5828_t;GeneMark},{GlimmerHMM_glimmerT_5437-T1;GlimmerHMM}
577176	577034	internal-	5	6	{Augustus_model.g4516.t1;Augustus},{GeneMark_model.5828_t;GeneMark},{GlimmerHMM_glimmerT_5437-T1;GlimmerHMM}
577236	577177	INTRON			{Augustus_model.g4516.t1;Augustus},{GeneMark_model.5828_t;GeneMark},{GlimmerHMM_glimmerT_5437-T1;GlimmerHMM}
577597	577237	internal-	4	4	{Augustus_model.g4516.t1;Augustus},{GeneMark_model.5828_t;GeneMark},{GlimmerHMM_glimmerT_5437-T1;GlimmerHMM}
577659	577598	INTRON			{Augustus_model.g4516.t1;Augustus},{GeneMark_model.5828_t;GeneMark},{GlimmerHMM_glimmerT_5437-T1;GlimmerHMM}
578274	577660	internal-	4	6	{Augustus_model.g4516.t1;Augustus},{GeneMark_model.5828_t;GeneMark},{GlimmerHMM_glimmerT_5437-T1;GlimmerHMM}
578329	578275	INTRON			{Augustus_model.g4516.t1;Augustus},{GeneMark_model.5828_t;GeneMark},{GlimmerHMM_glimmerT_5437-T1;GlimmerHMM}
578515	578330	internal-	4	6	{Augustus_model.g4516.t1;Augustus},{GeneMark_model.5828_t;GeneMark},{GlimmerHMM_glimmerT_5437-T1;GlimmerHMM}
578575	578516	INTRON			{Augustus_model.g4516.t1;Augustus},{GeneMark_model.5828_t;GeneMark}
578716	578576	internal-	4	6	{Augustus_model.g4516.t1;Augustus},{GeneMark_model.5828_t;GeneMark}
578780	578717	INTRON			{Augustus_model.g4516.t1;Augustus},{GeneMark_model.5828_t;GeneMark},{GlimmerHMM_glimmerT_5437-T1;GlimmerHMM}
578895	578781	internal-	6	6	{Augustus_model.g4516.t1;Augustus},{GeneMark_model.5828_t;GeneMark},{GlimmerHMM_glimmerT_5437-T1;GlimmerHMM}
578971	578896	INTRON			{Augustus_model.g4516.t1;Augustus},{GeneMark_model.5828_t;GeneMark},{GlimmerHMM_glimmerT_5437-T1;GlimmerHMM}
579160	578972	internal-	6	5	{Augustus_model.g4516.t1;Augustus},{GeneMark_model.5828_t;GeneMark},{GlimmerHMM_glimmerT_5437-T1;GlimmerHMM}
579221	579161	INTRON			{Augustus_model.g4516.t1;Augustus},{GeneMark_model.5828_t;GeneMark}
580273	579222	internal-	4	5	{GeneMark_model.5828_t;GeneMark}
580334	580274	INTRON			{GeneMark_model.5828_t;GeneMark},{GlimmerHMM_glimmerT_5437-T1;GlimmerHMM}
581279	580335	initial-	4	6	{GeneMark_model.5828_t;GeneMark},{GlimmerHMM_glimmerT_5437-T1;GlimmerHMM}

# EVM prediction: Mode:STANDARD S-ratio: 1.61 581690-584835 orient(-) score(7919.00) noncoding_equivalent(4928.77) raw_noncoding(5201.00) offset(272.23)
582378	581690	terminal-	5	6	{Augustus_model.g4517.t1;Augustus},{GeneMark_model.5829_t;GeneMark},{GlimmerHMM_glimmerT_5438-T1;GlimmerHMM}
582450	582379	INTRON			{Augustus_model.g4517.t1;Augustus},{GeneMark_model.5829_t;GeneMark},{GlimmerHMM_glimmerT_5438-T1;GlimmerHMM}
583570	582451	internal-	4	4	{GeneMark_model.5829_t;GeneMark},{GlimmerHMM_glimmerT_5438-T1;GlimmerHMM}
583634	583571	INTRON			{Augustus_model.g4517.t1;Augustus},{GeneMark_model.5829_t;GeneMark},{GlimmerHMM_glimmerT_5438-T1;GlimmerHMM}
584387	583635	internal-	4	6	{GeneMark_model.5829_t;GeneMark}
584451	584388	INTRON			{Augustus_model.g4517.t1;Augustus},{GeneMark_model.5829_t;GeneMark}
584835	584452	initial-	4	6	{Augustus_model.g4517.t1;Augustus},{GeneMark_model.5829_t;GeneMark},{GlimmerHMM_glimmerT_5438-T1;GlimmerHMM}

# EVM prediction: Mode:STANDARD S-ratio: 3.77 585585-590830 orient(-) score(16777.00) noncoding_equivalent(4452.91) raw_noncoding(4788.29) offset(335.38)
587352	585585	terminal-	6	6	{Augustus_model.g4518.t1;Augustus},{GlimmerHMM_glimmerT_5439-T1;GlimmerHMM},{GeneMark_model.5830_t;GeneMark},{snap_scaffold_14-snap.213-T1;snap}
587413	587353	INTRON			{Augustus_model.g4518.t1;Augustus},{GlimmerHMM_glimmerT_5439-T1;GlimmerHMM},{GeneMark_model.5830_t;GeneMark}
587529	587414	internal-	4	5	{Augustus_model.g4518.t1;Augustus},{GlimmerHMM_glimmerT_5439-T1;GlimmerHMM},{GeneMark_model.5830_t;GeneMark}
587597	587530	INTRON			{Augustus_model.g4518.t1;Augustus},{GlimmerHMM_glimmerT_5439-T1;GlimmerHMM},{GeneMark_model.5830_t;GeneMark}
588062	587598	internal-	4	6	{GlimmerHMM_glimmerT_5439-T1;GlimmerHMM},{GeneMark_model.5830_t;GeneMark}
588126	588063	INTRON			{GlimmerHMM_glimmerT_5439-T1;GlimmerHMM},{GeneMark_model.5830_t;GeneMark}
588766	588127	internal-	6	6	{GlimmerHMM_glimmerT_5439-T1;GlimmerHMM},{GeneMark_model.5830_t;GeneMark}
588842	588767	INTRON			{GlimmerHMM_glimmerT_5439-T1;GlimmerHMM},{GeneMark_model.5830_t;GeneMark}
590830	588843	initial-	4	5	{GlimmerHMM_glimmerT_5439-T1;GlimmerHMM},{GeneMark_model.5830_t;GeneMark}

# EVM prediction: Mode:STANDARD S-ratio: 1.80 591839-593207 orient(+) score(3632.00) noncoding_equivalent(2012.56) raw_noncoding(3749.00) offset(1736.44)
591839	591855	initial+	1	2	{GeneMark_model.5831_t;GeneMark}
591856	591932	INTRON			{GeneMark_model.5831_t;GeneMark}
591933	592113	internal+	3	3	{GeneMark_model.5831_t;GeneMark}
592114	592579	INTRON			{GeneMark_model.5831_t;GeneMark}
592580	592776	internal+	1	2	{GeneMark_model.5831_t;GeneMark},{GlimmerHMM_glimmerT_5440-T1;GlimmerHMM},{ev_type:exonerate/ID=match.2566964.4288/Target=lcl|KQ954480_1_prot_KWU44345_1_3326;exonerate}
592777	592846	INTRON			{GeneMark_model.5831_t;GeneMark},{GlimmerHMM_glimmerT_5440-T1;GlimmerHMM},{ev_type:exonerate/ID=match.2566964.4288/Target=lcl|KQ954480_1_prot_KWU44345_1_3326;exonerate},{ev_type:exonerate/ID=match.2566964.4291/Target=lcl|LCTV02000013_1_prot_PRQ71197_1_2369;exonerate}
592847	593207	terminal+	3	3	{GeneMark_model.5831_t;GeneMark},{snap_scaffold_14-snap.215-T1;snap},{GlimmerHMM_glimmerT_5440-T1;GlimmerHMM}

# EVM prediction: Mode:STANDARD S-ratio: 3.92 593517-596085 orient(+) score(12221.00) noncoding_equivalent(3113.66) raw_noncoding(3209.66) offset(96.00)
593517	595398	initial+	1	1	{GeneMark_model.5832_t;GeneMark},{GlimmerHMM_glimmerT_5441-T1;GlimmerHMM}
595399	595462	INTRON			{GeneMark_model.5832_t;GeneMark},{GlimmerHMM_glimmerT_5441-T1;GlimmerHMM},{ev_type:exonerate/ID=match.2566964.4234/Target=lcl|KQ954480_1_prot_KWU44347_1_3328;exonerate},{ev_type:exonerate/ID=match.2566964.4235/Target=lcl|PJQD01000042_1_prot_POY73064_1_3978;exonerate}
595463	596085	terminal+	2	3	{GeneMark_model.5832_t;GeneMark},{GlimmerHMM_glimmerT_5441-T1;GlimmerHMM}

# EVM prediction: Mode:STANDARD S-ratio: 1.28 603963-607162 orient(+) score(6803.00) noncoding_equivalent(5325.95) raw_noncoding(7158.80) offset(1832.85)
603963	604071	initial+	1	1	{GlimmerHMM_glimmerT_5443-T1;GlimmerHMM}
604072	604158	INTRON			{GeneMark_model.5834_t;GeneMark},{GlimmerHMM_glimmerT_5443-T1;GlimmerHMM}
604159	604271	internal+	2	3	{GeneMark_model.5834_t;GeneMark},{GlimmerHMM_glimmerT_5443-T1;GlimmerHMM}
604272	604329	INTRON			{GeneMark_model.5834_t;GeneMark},{GlimmerHMM_glimmerT_5443-T1;GlimmerHMM}
604330	604383	internal+	1	3	{GeneMark_model.5834_t;GeneMark},{GlimmerHMM_glimmerT_5443-T1;GlimmerHMM}
604384	604465	INTRON			{GeneMark_model.5834_t;GeneMark},{GlimmerHMM_glimmerT_5443-T1;GlimmerHMM}
604466	604603	internal+	1	3	{GeneMark_model.5834_t;GeneMark},{GlimmerHMM_glimmerT_5443-T1;GlimmerHMM}
604604	604678	INTRON			{GeneMark_model.5834_t;GeneMark},{GlimmerHMM_glimmerT_5443-T1;GlimmerHMM}
604679	604884	internal+	1	2	{GeneMark_model.5834_t;GeneMark},{GlimmerHMM_glimmerT_5443-T1;GlimmerHMM}
604885	604945	INTRON			{GeneMark_model.5834_t;GeneMark},{GlimmerHMM_glimmerT_5443-T1;GlimmerHMM}
604946	605253	internal+	3	1	{GeneMark_model.5834_t;GeneMark}
605254	605324	INTRON			{GeneMark_model.5834_t;GeneMark}
605325	605440	internal+	2	3	{GeneMark_model.5834_t;GeneMark}
605441	605516	INTRON			{GeneMark_model.5834_t;GeneMark}
605517	605600	internal+	1	3	{GeneMark_model.5834_t;GeneMark}
605601	605667	INTRON			{GeneMark_model.5834_t;GeneMark}
605668	605781	internal+	1	3	{GeneMark_model.5834_t;GeneMark},{GlimmerHMM_glimmerT_5443-T1;GlimmerHMM}
605782	605910	INTRON			{GlimmerHMM_glimmerT_5443-T1;GlimmerHMM}
605911	606039	internal+	1	3	{GlimmerHMM_glimmerT_5443-T1;GlimmerHMM}
606040	606127	INTRON			{GeneMark_model.5834_t;GeneMark},{GlimmerHMM_glimmerT_5443-T1;GlimmerHMM}
606128	607162	terminal+	1	3	{snap_scaffold_14-snap.218-T1;snap}

# EVM prediction: Mode:STANDARD S-ratio: 7.03 609749-610673 orient(-) score(12401.00) noncoding_equivalent(1765.08) raw_noncoding(2636.79) offset(871.71)
609965	609749	terminal-	6	6	{GlimmerHMM_glimmerT_5444-T1;GlimmerHMM}
610210	609966	INTRON			{GlimmerHMM_glimmerT_5444-T1;GlimmerHMM},{GeneMark_model.5835_t;GeneMark},{ev_type:exonerate/ID=match.2566964.3447/Target=lcl|LCTV02000013_1_prot_PRQ71187_1_2359;exonerate},{ev_type:exonerate/ID=match.2566964.3394/Target=RL401_SCHPO;exonerate},{ev_type:exonerate/ID=match.2566964.3397/Target=RL40_CRYNJ;exonerate},{ev_type:exonerate/ID=match.2566964.3395/Target=RL402_SCHPO;exonerate},{ev_type:exonerate/ID=match.2566964.3399/Target=RL40B_YEAST;exonerate},{ev_type:exonerate/ID=match.2566964.3396/Target=lcl|PJQD01000042_1_prot_POY73071_1_3985;exonerate},{ev_type:exonerate/ID=match.2566964.3410/Target=RL40_NEUCR;exonerate},{ev_type:exonerate/ID=match.2566964.3398/Target=RL40A_YEAST;exonerate}
610389	610211	internal-	4	5	{GlimmerHMM_glimmerT_5444-T1;GlimmerHMM},{GeneMark_model.5835_t;GeneMark},{ev_type:exonerate/ID=match.2566964.3394/Target=RL401_SCHPO;exonerate},{ev_type:exonerate/ID=match.2566964.3397/Target=RL40_CRYNJ;exonerate},{ev_type:exonerate/ID=match.2566964.3395/Target=RL402_SCHPO;exonerate},{ev_type:exonerate/ID=match.2566964.3399/Target=RL40B_YEAST;exonerate},{ev_type:exonerate/ID=match.2566964.3396/Target=lcl|PJQD01000042_1_prot_POY73071_1_3985;exonerate},{ev_type:exonerate/ID=match.2566964.3410/Target=RL40_NEUCR;exonerate},{ev_type:exonerate/ID=match.2566964.3398/Target=RL40A_YEAST;exonerate}
610521	610390	INTRON			{GlimmerHMM_glimmerT_5444-T1;GlimmerHMM},{GeneMark_model.5835_t;GeneMark},{ev_type:exonerate/ID=match.2566964.3367/Target=UBIQ_COPCO;exonerate},{ev_type:exonerate/ID=match.2566964.3421/Target=UBIQ_CERCA;exonerate},{ev_type:exonerate/ID=match.2566964.3386/Target=UBIQ_LUPPO;exonerate},{ev_type:exonerate/ID=match.2566964.3391/Target=UBIQ_WHEAT;exonerate},{ev_type:exonerate/ID=match.2566964.3426/Target=UBIQ_RABIT;exonerate},{ev_type:exonerate/ID=match.2566964.3416/Target=UBIQ_CAMDR;exonerate},{ev_type:exonerate/ID=match.2566964.3394/Target=RL401_SCHPO;exonerate},{ev_type:exonerate/ID=match.2566964.3397/Target=RL40_CRYNJ;exonerate},{ev_type:exonerate/ID=match.2566964.3376/Target=UBIQ_AVESA;exonerate},{ev_type:exonerate/ID=match.2566964.3395/Target=RL402_SCHPO;exonerate},{ev_type:exonerate/ID=match.2566964.3399/Target=RL40B_YEAST;exonerate},{ev_type:exonerate/ID=match.2566964.3396/Target=lcl|PJQD01000042_1_prot_POY73071_1_3985;exonerate},{ev_type:exonerate/ID=match.2566964.3381/Target=UBIQ_HELAN;exonerate},{ev_type:exonerate/ID=match.2566964.3410/Target=RL40_NEUCR;exonerate},{ev_type:exonerate/ID=match.2566964.3398/Target=RL40A_YEAST;exonerate}
610538	610522	internal-	5	6	{GlimmerHMM_glimmerT_5444-T1;GlimmerHMM},{GeneMark_model.5835_t;GeneMark},{ev_type:exonerate/ID=match.2566964.3367/Target=UBIQ_COPCO;exonerate},{ev_type:exonerate/ID=match.2566964.3421/Target=UBIQ_CERCA;exonerate},{ev_type:exonerate/ID=match.2566964.3386/Target=UBIQ_LUPPO;exonerate},{ev_type:exonerate/ID=match.2566964.3391/Target=UBIQ_WHEAT;exonerate},{ev_type:exonerate/ID=match.2566964.3426/Target=UBIQ_RABIT;exonerate},{ev_type:exonerate/ID=match.2566964.3416/Target=UBIQ_CAMDR;exonerate},{ev_type:exonerate/ID=match.2566964.3394/Target=RL401_SCHPO;exonerate},{ev_type:exonerate/ID=match.2566964.3397/Target=RL40_CRYNJ;exonerate},{ev_type:exonerate/ID=match.2566964.3376/Target=UBIQ_AVESA;exonerate},{ev_type:exonerate/ID=match.2566964.3395/Target=RL402_SCHPO;exonerate},{ev_type:exonerate/ID=match.2566964.3399/Target=RL40B_YEAST;exonerate},{ev_type:exonerate/ID=match.2566964.3396/Target=lcl|PJQD01000042_1_prot_POY73071_1_3985;exonerate},{ev_type:exonerate/ID=match.2566964.3381/Target=UBIQ_HELAN;exonerate},{ev_type:exonerate/ID=match.2566964.3410/Target=RL40_NEUCR;exonerate},{ev_type:exonerate/ID=match.2566964.3398/Target=RL40A_YEAST;exonerate}
610654	610539	INTRON			{GlimmerHMM_glimmerT_5444-T1;GlimmerHMM},{GeneMark_model.5835_t;GeneMark},{ev_type:exonerate/ID=match.2566964.3367/Target=UBIQ_COPCO;exonerate},{ev_type:exonerate/ID=match.2566964.3421/Target=UBIQ_CERCA;exonerate},{ev_type:exonerate/ID=match.2566964.3386/Target=UBIQ_LUPPO;exonerate},{ev_type:exonerate/ID=match.2566964.3391/Target=UBIQ_WHEAT;exonerate},{ev_type:exonerate/ID=match.2566964.3426/Target=UBIQ_RABIT;exonerate},{ev_type:exonerate/ID=match.2566964.3416/Target=UBIQ_CAMDR;exonerate},{ev_type:exonerate/ID=match.2566964.3394/Target=RL401_SCHPO;exonerate},{ev_type:exonerate/ID=match.2566964.3397/Target=RL40_CRYNJ;exonerate},{ev_type:exonerate/ID=match.2566964.3376/Target=UBIQ_AVESA;exonerate},{ev_type:exonerate/ID=match.2566964.3395/Target=RL402_SCHPO;exonerate},{ev_type:exonerate/ID=match.2566964.3399/Target=RL40B_YEAST;exonerate},{ev_type:exonerate/ID=match.2566964.3396/Target=lcl|PJQD01000042_1_prot_POY73071_1_3985;exonerate},{ev_type:exonerate/ID=match.2566964.3381/Target=UBIQ_HELAN;exonerate},{ev_type:exonerate/ID=match.2566964.3410/Target=RL40_NEUCR;exonerate},{ev_type:exonerate/ID=match.2566964.3398/Target=RL40A_YEAST;exonerate}
610673	610655	initial-	4	4	{GlimmerHMM_glimmerT_5444-T1;GlimmerHMM},{GeneMark_model.5835_t;GeneMark}

# EVM prediction: Mode:STANDARD S-ratio: 2.47 611593-612530 orient(+) score(2584.00) noncoding_equivalent(1046.90) raw_noncoding(1108.90) offset(62.00)
611593	611597	initial+	1	2	{snap_scaffold_14-snap.220-T1;snap}
611598	611659	INTRON			{snap_scaffold_14-snap.220-T1;snap}
611660	612530	terminal+	3	3	{snap_scaffold_14-snap.220-T1;snap}

# EVM prediction: Mode:STANDARD S-ratio: 2.83 615658-618369 orient(+) score(7830.00) noncoding_equivalent(2764.35) raw_noncoding(3145.66) offset(381.30)
615658	615681	initial+	1	3	{GlimmerHMM_glimmerT_5447-T1;GlimmerHMM},{GeneMark_model.5838_t;GeneMark}
615682	615745	INTRON			{GeneMark_model.5838_t;GeneMark}
615746	615757	internal+	1	3	{GeneMark_model.5838_t;GeneMark}
615758	615822	INTRON			{GeneMark_model.5838_t;GeneMark}
615823	618369	terminal+	1	3	{snap_scaffold_14-snap.221-T1;snap},{GlimmerHMM_glimmerT_5447-T1;GlimmerHMM},{GeneMark_model.5838_t;GeneMark}

# EVM prediction: Mode:STANDARD S-ratio: 1.59 619039-621500 orient(+) score(7038.00) noncoding_equivalent(4417.23) raw_noncoding(5636.00) offset(1218.77)
619039	619379	initial+	1	2	{GlimmerHMM_glimmerT_5448-T1;GlimmerHMM},{GeneMark_model.5839_t;GeneMark}
619380	619444	INTRON			{GlimmerHMM_glimmerT_5448-T1;GlimmerHMM},{GeneMark_model.5839_t;GeneMark},{ev_type:exonerate/ID=match.2566964.4243/Target=lcl|KQ954480_1_prot_KWU44354_1_3335;exonerate}
619445	619892	internal+	3	3	{GlimmerHMM_glimmerT_5448-T1;GlimmerHMM},{GeneMark_model.5839_t;GeneMark},{ev_type:exonerate/ID=match.2566964.4243/Target=lcl|KQ954480_1_prot_KWU44354_1_3335;exonerate}
619893	619950	INTRON			{GlimmerHMM_glimmerT_5448-T1;GlimmerHMM},{GeneMark_model.5839_t;GeneMark},{ev_type:exonerate/ID=match.2566964.4243/Target=lcl|KQ954480_1_prot_KWU44354_1_3335;exonerate}
619951	620375	internal+	1	2	{GlimmerHMM_glimmerT_5448-T1;GlimmerHMM},{GeneMark_model.5839_t;GeneMark}
620376	620440	INTRON			{GlimmerHMM_glimmerT_5448-T1;GlimmerHMM},{GeneMark_model.5839_t;GeneMark},{ev_type:exonerate/ID=match.2566964.4243/Target=lcl|KQ954480_1_prot_KWU44354_1_3335;exonerate}
620441	620760	internal+	3	1	{GlimmerHMM_glimmerT_5448-T1;GlimmerHMM},{GeneMark_model.5839_t;GeneMark},{ev_type:exonerate/ID=match.2566964.4243/Target=lcl|KQ954480_1_prot_KWU44354_1_3335;exonerate}
620761	620830	INTRON			{GlimmerHMM_glimmerT_5448-T1;GlimmerHMM},{GeneMark_model.5839_t;GeneMark},{ev_type:exonerate/ID=match.2566964.4243/Target=lcl|KQ954480_1_prot_KWU44354_1_3335;exonerate}
620831	620922	internal+	2	3	{GlimmerHMM_glimmerT_5448-T1;GlimmerHMM},{GeneMark_model.5839_t;GeneMark},{ev_type:exonerate/ID=match.2566964.4243/Target=lcl|KQ954480_1_prot_KWU44354_1_3335;exonerate}
620923	620987	INTRON			{GeneMark_model.5839_t;GeneMark},{ev_type:exonerate/ID=match.2566964.4243/Target=lcl|KQ954480_1_prot_KWU44354_1_3335;exonerate}
620988	621005	internal+	1	3	{GeneMark_model.5839_t;GeneMark},{ev_type:exonerate/ID=match.2566964.4243/Target=lcl|KQ954480_1_prot_KWU44354_1_3335;exonerate}
621006	621068	INTRON			{GeneMark_model.5839_t;GeneMark},{ev_type:exonerate/ID=match.2566964.4243/Target=lcl|KQ954480_1_prot_KWU44354_1_3335;exonerate}
621069	621134	internal+	1	3	{GeneMark_model.5839_t;GeneMark},{ev_type:exonerate/ID=match.2566964.4243/Target=lcl|KQ954480_1_prot_KWU44354_1_3335;exonerate}
621135	621203	INTRON			{GeneMark_model.5839_t;GeneMark},{ev_type:exonerate/ID=match.2566964.4243/Target=lcl|KQ954480_1_prot_KWU44354_1_3335;exonerate}
621204	621300	internal+	1	1	{GlimmerHMM_glimmerT_5448-T1;GlimmerHMM},{GeneMark_model.5839_t;GeneMark},{ev_type:exonerate/ID=match.2566964.4243/Target=lcl|KQ954480_1_prot_KWU44354_1_3335;exonerate}
621301	621366	INTRON			{GlimmerHMM_glimmerT_5448-T1;GlimmerHMM},{GeneMark_model.5839_t;GeneMark},{ev_type:exonerate/ID=match.2566964.4243/Target=lcl|KQ954480_1_prot_KWU44354_1_3335;exonerate}
621367	621500	terminal+	2	3	{GlimmerHMM_glimmerT_5448-T1;GlimmerHMM},{GeneMark_model.5839_t;GeneMark}

# EVM prediction: Mode:STANDARD S-ratio: 2.02 621585-622714 orient(-) score(3021.00) noncoding_equivalent(1498.84) raw_noncoding(1595.00) offset(96.16)
622340	621585	terminal-	4	6	{GlimmerHMM_glimmerT_5449-T1;GlimmerHMM},{GeneMark_model.5840_t;GeneMark}
622408	622341	INTRON			{GlimmerHMM_glimmerT_5449-T1;GlimmerHMM},{GeneMark_model.5840_t;GeneMark}
622714	622409	initial-	4	6	{GlimmerHMM_glimmerT_5449-T1;GlimmerHMM},{GeneMark_model.5840_t;GeneMark}

# EVM prediction: Mode:STANDARD S-ratio: 1.86 622955-623890 orient(+) score(2388.00) noncoding_equivalent(1286.05) raw_noncoding(1322.05) offset(36.00)
622955	622959	initial+	1	2	{snap_scaffold_14-snap.224-T1;snap}
622960	622995	INTRON			{snap_scaffold_14-snap.224-T1;snap}
622996	623890	terminal+	3	3	{snap_scaffold_14-snap.224-T1;snap}

# EVM prediction: Mode:STANDARD S-ratio: 1.27 624383-625928 orient(-) score(3132.00) noncoding_equivalent(2462.00) raw_noncoding(3249.00) offset(787.00)
624865	624383	terminal-	4	6	{GlimmerHMM_glimmerT_5451-T1;GlimmerHMM},{GeneMark_model.5842_t;GeneMark}
624924	624866	INTRON			{GlimmerHMM_glimmerT_5451-T1;GlimmerHMM},{GeneMark_model.5842_t;GeneMark}
625225	624925	internal-	6	6	{GlimmerHMM_glimmerT_5451-T1;GlimmerHMM},{GeneMark_model.5842_t;GeneMark}
625298	625226	INTRON			{GlimmerHMM_glimmerT_5451-T1;GlimmerHMM},{GeneMark_model.5842_t;GeneMark}
625629	625299	internal-	5	5	{GlimmerHMM_glimmerT_5451-T1;GlimmerHMM},{GeneMark_model.5842_t;GeneMark}
625924	625630	INTRON			{snap_scaffold_14-snap.225-T1;snap}
625928	625925	initial-	4	4	{snap_scaffold_14-snap.225-T1;snap}

# EVM prediction: Mode:STANDARD S-ratio: 2.15 628956-630866 orient(+) score(5126.00) noncoding_equivalent(2386.00) raw_noncoding(2829.00) offset(443.00)
628956	630055	initial+	1	2	{GlimmerHMM_glimmerT_5452-T1;GlimmerHMM},{GeneMark_model.5843_t;GeneMark}
630056	630121	INTRON			{GlimmerHMM_glimmerT_5452-T1;GlimmerHMM},{GeneMark_model.5843_t;GeneMark}
630122	630470	internal+	3	3	{GlimmerHMM_glimmerT_5452-T1;GlimmerHMM},{GeneMark_model.5843_t;GeneMark}
630471	630527	INTRON			{GlimmerHMM_glimmerT_5452-T1;GlimmerHMM},{GeneMark_model.5843_t;GeneMark}
630528	630603	internal+	1	1	{GeneMark_model.5843_t;GeneMark}
630604	630669	INTRON			{GeneMark_model.5843_t;GeneMark}
630670	630731	internal+	2	3	{GeneMark_model.5843_t;GeneMark}
630732	630794	INTRON			{GlimmerHMM_glimmerT_5452-T1;GlimmerHMM},{GeneMark_model.5843_t;GeneMark}
630795	630866	terminal+	1	3	{GlimmerHMM_glimmerT_5452-T1;GlimmerHMM},{GeneMark_model.5843_t;GeneMark}

# EVM prediction: Mode:STANDARD S-ratio: 1.34 632986-636581 orient(+) score(8244.00) noncoding_equivalent(6139.62) raw_noncoding(6671.00) offset(531.38)
632986	633781	initial+	1	1	{GeneMark_model.5845_t;GeneMark},{GlimmerHMM_glimmerT_5454-T1;GlimmerHMM}
633782	633859	INTRON			{GeneMark_model.5845_t;GeneMark},{GlimmerHMM_glimmerT_5454-T1;GlimmerHMM}
633860	634162	internal+	2	1	{GeneMark_model.5845_t;GeneMark},{GlimmerHMM_glimmerT_5454-T1;GlimmerHMM}
634163	634228	INTRON			{GeneMark_model.5845_t;GeneMark},{GlimmerHMM_glimmerT_5454-T1;GlimmerHMM}
634229	634833	internal+	2	3	{GeneMark_model.5845_t;GeneMark},{GlimmerHMM_glimmerT_5454-T1;GlimmerHMM}
634834	634905	INTRON			{GeneMark_model.5845_t;GeneMark},{GlimmerHMM_glimmerT_5454-T1;GlimmerHMM}
634906	635469	internal+	1	3	{GeneMark_model.5845_t;GeneMark},{GlimmerHMM_glimmerT_5454-T1;GlimmerHMM}
635470	635534	INTRON			{GeneMark_model.5845_t;GeneMark},{GlimmerHMM_glimmerT_5454-T1;GlimmerHMM}
635535	636581	terminal+	1	3	{GeneMark_model.5845_t;GeneMark},{GlimmerHMM_glimmerT_5454-T1;GlimmerHMM}

# EVM prediction: Mode:STANDARD S-ratio: 1.75 636870-638138 orient(+) score(3230.00) noncoding_equivalent(1842.74) raw_noncoding(2061.00) offset(218.26)
636870	637226	initial+	1	3	{GeneMark_model.5846_t;GeneMark},{GlimmerHMM_glimmerT_5455-T1;GlimmerHMM}
637227	637300	INTRON			{GeneMark_model.5846_t;GeneMark},{GlimmerHMM_glimmerT_5455-T1;GlimmerHMM}
637301	637585	internal+	1	3	{GeneMark_model.5846_t;GeneMark},{GlimmerHMM_glimmerT_5455-T1;GlimmerHMM}
637586	637652	INTRON			{GeneMark_model.5846_t;GeneMark},{GlimmerHMM_glimmerT_5455-T1;GlimmerHMM}
637653	638138	terminal+	1	3	{GeneMark_model.5846_t;GeneMark},{GlimmerHMM_glimmerT_5455-T1;GlimmerHMM}

# EVM prediction: Mode:STANDARD S-ratio: 1.51 638214-639787 orient(-) score(3653.00) noncoding_equivalent(2423.95) raw_noncoding(2799.15) offset(375.20)
638723	638214	terminal-	4	6	{GeneMark_model.5847_t;GeneMark},{GlimmerHMM_glimmerT_5456-T1;GlimmerHMM}
638798	638724	INTRON			{GeneMark_model.5847_t;GeneMark},{GlimmerHMM_glimmerT_5456-T1;GlimmerHMM}
639417	638799	internal-	6	6	{GlimmerHMM_glimmerT_5456-T1;GlimmerHMM}
639527	639418	INTRON			{GlimmerHMM_glimmerT_5456-T1;GlimmerHMM}
639787	639528	initial-	4	5	{GlimmerHMM_glimmerT_5456-T1;GlimmerHMM}

# EVM prediction: Mode:STANDARD S-ratio: 1.00 640063-640927 orient(+) score(1730.00) noncoding_equivalent(1728.00) raw_noncoding(1910.00) offset(182.00)
640063	640285	initial+	1	1	{GeneMark_model.5848_t;GeneMark},{GlimmerHMM_glimmerT_5457-T1;GlimmerHMM}
640286	640376	INTRON			{GeneMark_model.5848_t;GeneMark},{GlimmerHMM_glimmerT_5457-T1;GlimmerHMM}
640377	640927	terminal+	2	3	{GeneMark_model.5848_t;GeneMark},{GlimmerHMM_glimmerT_5457-T1;GlimmerHMM}

# EVM prediction: Mode:STANDARD S-ratio: 1.36 641625-646024 orient(+) score(10059.00) noncoding_equivalent(7414.42) raw_noncoding(9245.00) offset(1830.58)
641625	641873	initial+	1	3	{GlimmerHMM_glimmerT_5458-T1;GlimmerHMM},{GeneMark_model.5849_t;GeneMark}
641874	641951	INTRON			{GlimmerHMM_glimmerT_5458-T1;GlimmerHMM},{GeneMark_model.5849_t;GeneMark}
641952	642133	internal+	1	2	{GlimmerHMM_glimmerT_5458-T1;GlimmerHMM},{GeneMark_model.5849_t;GeneMark}
642134	642240	INTRON			{GlimmerHMM_glimmerT_5458-T1;GlimmerHMM},{GeneMark_model.5849_t;GeneMark}
642241	642546	internal+	3	2	{GlimmerHMM_glimmerT_5458-T1;GlimmerHMM},{GeneMark_model.5849_t;GeneMark}
642547	642613	INTRON			{GlimmerHMM_glimmerT_5458-T1;GlimmerHMM},{GeneMark_model.5849_t;GeneMark}
642614	642745	internal+	3	2	{GlimmerHMM_glimmerT_5458-T1;GlimmerHMM},{GeneMark_model.5849_t;GeneMark}
642746	642819	INTRON			{GlimmerHMM_glimmerT_5458-T1;GlimmerHMM},{GeneMark_model.5849_t;GeneMark}
642820	643057	internal+	3	3	{GeneMark_model.5849_t;GeneMark}
643058	643120	INTRON			{GeneMark_model.5849_t;GeneMark}
643121	643601	internal+	1	1	{GeneMark_model.5849_t;GeneMark}
643602	643671	INTRON			{GlimmerHMM_glimmerT_5458-T1;GlimmerHMM},{GeneMark_model.5849_t;GeneMark}
643672	643786	internal+	2	2	{GlimmerHMM_glimmerT_5458-T1;GlimmerHMM},{GeneMark_model.5849_t;GeneMark}
643787	643868	INTRON			{GlimmerHMM_glimmerT_5458-T1;GlimmerHMM},{GeneMark_model.5849_t;GeneMark}
643869	644051	internal+	3	2	{GlimmerHMM_glimmerT_5458-T1;GlimmerHMM},{GeneMark_model.5849_t;GeneMark}
644052	644125	INTRON			{GlimmerHMM_glimmerT_5458-T1;GlimmerHMM},{GeneMark_model.5849_t;GeneMark}
644126	644280	internal+	3	1	{GlimmerHMM_glimmerT_5458-T1;GlimmerHMM},{GeneMark_model.5849_t;GeneMark}
644281	644362	INTRON			{GlimmerHMM_glimmerT_5458-T1;GlimmerHMM},{GeneMark_model.5849_t;GeneMark}
644363	644525	internal+	2	2	{GlimmerHMM_glimmerT_5458-T1;GlimmerHMM},{GeneMark_model.5849_t;GeneMark}
644526	644598	INTRON			{GlimmerHMM_glimmerT_5458-T1;GlimmerHMM},{GeneMark_model.5849_t;GeneMark}
644599	644801	internal+	3	1	{GlimmerHMM_glimmerT_5458-T1;GlimmerHMM},{GeneMark_model.5849_t;GeneMark}
644802	644875	INTRON			{GlimmerHMM_glimmerT_5458-T1;GlimmerHMM},{GeneMark_model.5849_t;GeneMark}
644876	644943	internal+	2	3	{GlimmerHMM_glimmerT_5458-T1;GlimmerHMM},{GeneMark_model.5849_t;GeneMark}
644944	645016	INTRON			{GlimmerHMM_glimmerT_5458-T1;GlimmerHMM},{GeneMark_model.5849_t;GeneMark}
645017	646024	terminal+	1	3	{GlimmerHMM_glimmerT_5458-T1;GlimmerHMM},{snap_scaffold_14-snap.232-T1;snap},{GeneMark_model.5849_t;GeneMark}

# EVM prediction: Mode:STANDARD S-ratio: 2.89 646171-647037 orient(-) score(2574.00) noncoding_equivalent(892.09) raw_noncoding(892.09) offset(0.00)
647037	646171	single-	4	6	{GeneMark_model.5850_t;GeneMark},{GlimmerHMM_glimmerT_5459-T1;GlimmerHMM}

# EVM prediction: Mode:STANDARD S-ratio: 3.09 648052-648691 orient(+) score(3930.00) noncoding_equivalent(1271.13) raw_noncoding(1585.13) offset(314.00)
648052	648361	initial+	1	1	{GlimmerHMM_glimmerT_5460-T1;GlimmerHMM},{GeneMark_model.5851_t;GeneMark}
648362	648423	INTRON			{GlimmerHMM_glimmerT_5460-T1;GlimmerHMM},{GeneMark_model.5851_t;GeneMark},{ev_type:exonerate/ID=match.2566964.4293/Target=lcl|LCTV02000013_1_prot_PRQ71144_1_2316;exonerate},{ev_type:exonerate/ID=match.2566964.4289/Target=lcl|KQ954480_1_prot_KWU44373_1_3354;exonerate},{ev_type:exonerate/ID=match.2566964.4290/Target=lcl|PJQD01000042_1_prot_POY73096_1_4010;exonerate},{ev_type:exonerate/ID=match.2566964.4296/Target=lcl|NW_017264945_1_prot_XP_018267995_1_6846;exonerate},{ev_type:exonerate/ID=match.2566964.4294/Target=lcl|BJWK01000015_1_prot_GEM11507_1_5524;exonerate}
648424	648582	internal+	2	1	{GlimmerHMM_glimmerT_5460-T1;GlimmerHMM},{GeneMark_model.5851_t;GeneMark}
648583	648677	INTRON			{GlimmerHMM_glimmerT_5460-T1;GlimmerHMM},{GeneMark_model.5851_t;GeneMark}
648678	648691	terminal+	2	3	{GlimmerHMM_glimmerT_5460-T1;GlimmerHMM},{GeneMark_model.5851_t;GeneMark}

# EVM prediction: Mode:STANDARD S-ratio: 2.32 650267-652294 orient(+) score(5657.00) noncoding_equivalent(2441.96) raw_noncoding(2870.00) offset(428.04)
650267	650271	initial+	1	2	{snap_scaffold_14-snap.234-T1;snap}
650272	650349	INTRON			{GeneMark_model.5852_t;GeneMark},{GlimmerHMM_glimmerT_5461-T1;GlimmerHMM}
650350	650478	internal+	3	2	{GeneMark_model.5852_t;GeneMark},{GlimmerHMM_glimmerT_5461-T1;GlimmerHMM}
650479	650546	INTRON			{GeneMark_model.5852_t;GeneMark},{GlimmerHMM_glimmerT_5461-T1;GlimmerHMM}
650547	651195	internal+	3	3	{GlimmerHMM_glimmerT_5461-T1;GlimmerHMM}
651196	651271	INTRON			{GeneMark_model.5852_t;GeneMark},{GlimmerHMM_glimmerT_5461-T1;GlimmerHMM}
651272	652294	terminal+	1	3	{GeneMark_model.5852_t;GeneMark},{GlimmerHMM_glimmerT_5461-T1;GlimmerHMM}

# EVM prediction: Mode:STANDARD S-ratio: 1.25 652545-653795 orient(-) score(2780.00) noncoding_equivalent(2220.80) raw_noncoding(2571.00) offset(350.20)
652746	652545	terminal-	6	6	{GlimmerHMM_glimmerT_5462-T1;GlimmerHMM},{GeneMark_model.5853_t;GeneMark}
652807	652747	INTRON			{GlimmerHMM_glimmerT_5462-T1;GlimmerHMM},{GeneMark_model.5853_t;GeneMark}
652881	652808	internal-	4	5	{GlimmerHMM_glimmerT_5462-T1;GlimmerHMM},{GeneMark_model.5853_t;GeneMark}
652962	652882	INTRON			{GlimmerHMM_glimmerT_5462-T1;GlimmerHMM},{GeneMark_model.5853_t;GeneMark}
653180	652963	internal-	5	6	{GlimmerHMM_glimmerT_5462-T1;GlimmerHMM},{GeneMark_model.5853_t;GeneMark}
653254	653181	INTRON			{GlimmerHMM_glimmerT_5462-T1;GlimmerHMM},{GeneMark_model.5853_t;GeneMark}
653795	653255	initial-	4	4	{GlimmerHMM_glimmerT_5462-T1;GlimmerHMM},{GeneMark_model.5853_t;GeneMark}

# EVM prediction: Mode:STANDARD S-ratio: 1.35 658329-659788 orient(+) score(3358.00) noncoding_equivalent(2481.69) raw_noncoding(3156.16) offset(674.47)
658329	658532	initial+	1	3	{GeneMark_model.5855_t;GeneMark},{GlimmerHMM_glimmerT_5464-T1;GlimmerHMM}
658533	658597	INTRON			{GeneMark_model.5855_t;GeneMark},{GlimmerHMM_glimmerT_5464-T1;GlimmerHMM}
658598	658692	internal+	1	2	{GeneMark_model.5855_t;GeneMark},{GlimmerHMM_glimmerT_5464-T1;GlimmerHMM}
658693	658757	INTRON			{GeneMark_model.5855_t;GeneMark},{GlimmerHMM_glimmerT_5464-T1;GlimmerHMM}
658758	658823	internal+	3	2	{GeneMark_model.5855_t;GeneMark},{GlimmerHMM_glimmerT_5464-T1;GlimmerHMM}
658824	658918	INTRON			{GeneMark_model.5855_t;GeneMark},{GlimmerHMM_glimmerT_5464-T1;GlimmerHMM}
658919	659091	internal+	3	1	{GeneMark_model.5855_t;GeneMark},{GlimmerHMM_glimmerT_5464-T1;GlimmerHMM}
659092	659149	INTRON			{GeneMark_model.5855_t;GeneMark},{GlimmerHMM_glimmerT_5464-T1;GlimmerHMM}
659150	659373	internal+	2	3	{GeneMark_model.5855_t;GeneMark},{GlimmerHMM_glimmerT_5464-T1;GlimmerHMM}
659374	659458	INTRON			{GeneMark_model.5855_t;GeneMark},{GlimmerHMM_glimmerT_5464-T1;GlimmerHMM}
659459	659788	terminal+	1	3	{snap_scaffold_14-snap.238-T1;snap}

# EVM prediction: Mode:STANDARD S-ratio: 1.83 660925-663892 orient(-) score(7683.00) noncoding_equivalent(4188.10) raw_noncoding(4747.00) offset(558.90)
661008	660925	terminal-	4	6	{GeneMark_model.5856_t;GeneMark},{GlimmerHMM_glimmerT_5465-T1;GlimmerHMM}
661101	661009	INTRON			{GeneMark_model.5856_t;GeneMark},{GlimmerHMM_glimmerT_5465-T1;GlimmerHMM}
662848	661102	internal-	6	6	{GeneMark_model.5856_t;GeneMark},{GlimmerHMM_glimmerT_5465-T1;GlimmerHMM}
662921	662849	INTRON			{GeneMark_model.5856_t;GeneMark},{GlimmerHMM_glimmerT_5465-T1;GlimmerHMM}
663031	662922	internal-	4	5	{GeneMark_model.5856_t;GeneMark},{GlimmerHMM_glimmerT_5465-T1;GlimmerHMM}
663096	663032	INTRON			{GeneMark_model.5856_t;GeneMark},{GlimmerHMM_glimmerT_5465-T1;GlimmerHMM}
663207	663097	internal-	4	6	{GeneMark_model.5856_t;GeneMark},{GlimmerHMM_glimmerT_5465-T1;GlimmerHMM}
663283	663208	INTRON			{GeneMark_model.5856_t;GeneMark},{GlimmerHMM_glimmerT_5465-T1;GlimmerHMM}
663892	663284	initial-	4	6	{GeneMark_model.5856_t;GeneMark},{GlimmerHMM_glimmerT_5465-T1;GlimmerHMM}

# EVM prediction: Mode:STANDARD S-ratio: 2.94 664780-667338 orient(+) score(7636.00) noncoding_equivalent(2598.27) raw_noncoding(2598.27) offset(0.00)
664780	667338	single+	1	3	{GeneMark_model.5857_t;GeneMark},{GlimmerHMM_glimmerT_5466-T1;GlimmerHMM}

# EVM prediction: Mode:STANDARD S-ratio: 3.00 667624-668433 orient(-) score(2430.00) noncoding_equivalent(810.00) raw_noncoding(810.00) offset(0.00)
668433	667624	single-	4	6	{GeneMark_model.5858_t;GeneMark},{GlimmerHMM_glimmerT_5467-T1;GlimmerHMM}

# EVM prediction: Mode:STANDARD S-ratio: 1.75 672229-673603 orient(+) score(4807.00) noncoding_equivalent(2750.00) raw_noncoding(4600.00) offset(1850.00)
672229	672349	initial+	1	1	{GeneMark_model.5860_t;GeneMark},{GlimmerHMM_glimmerT_5469-T1;GlimmerHMM}
672350	672604	INTRON			{GeneMark_model.5860_t;GeneMark},{GlimmerHMM_glimmerT_5469-T1;GlimmerHMM}
672605	672748	internal+	2	1	{GeneMark_model.5860_t;GeneMark},{GlimmerHMM_glimmerT_5469-T1;GlimmerHMM},{ev_type:exonerate/ID=match.2566964.4321/Target=lcl|PJQD01000042_1_prot_POY73087_1_4001;exonerate}
672749	673273	INTRON			{GeneMark_model.5860_t;GeneMark},{GlimmerHMM_glimmerT_5469-T1;GlimmerHMM},{ev_type:exonerate/ID=match.2566964.4321/Target=lcl|PJQD01000042_1_prot_POY73087_1_4001;exonerate},{ev_type:exonerate/ID=match.2566964.4322/Target=lcl|KQ954480_1_prot_KWU44364_1_3345;exonerate}
673274	673348	internal+	2	1	{GeneMark_model.5860_t;GeneMark},{GlimmerHMM_glimmerT_5469-T1;GlimmerHMM},{ev_type:exonerate/ID=match.2566964.4321/Target=lcl|PJQD01000042_1_prot_POY73087_1_4001;exonerate},{ev_type:exonerate/ID=match.2566964.4322/Target=lcl|KQ954480_1_prot_KWU44364_1_3345;exonerate}
673349	673493	INTRON			{GeneMark_model.5860_t;GeneMark},{GlimmerHMM_glimmerT_5469-T1;GlimmerHMM},{ev_type:exonerate/ID=match.2566964.4321/Target=lcl|PJQD01000042_1_prot_POY73087_1_4001;exonerate},{ev_type:exonerate/ID=match.2566964.4322/Target=lcl|KQ954480_1_prot_KWU44364_1_3345;exonerate}
673494	673603	terminal+	2	3	{GeneMark_model.5860_t;GeneMark},{GlimmerHMM_glimmerT_5469-T1;GlimmerHMM}

# EVM prediction: Mode:STANDARD S-ratio: 1.30 675719-676639 orient(-) score(2276.00) noncoding_equivalent(1746.00) raw_noncoding(1921.00) offset(175.00)
676463	675719	terminal-	6	6	{snap_scaffold_14-snap.242-T1;snap}
676634	676464	INTRON			{GlimmerHMM_glimmerT_5470-T1;GlimmerHMM},{snap_scaffold_14-snap.242-T1;snap},{GeneMark_model.5861_t;GeneMark}
676639	676635	initial-	4	5	{GlimmerHMM_glimmerT_5470-T1;GlimmerHMM},{snap_scaffold_14-snap.242-T1;snap},{GeneMark_model.5861_t;GeneMark}

# EVM prediction: Mode:STANDARD S-ratio: 1.00 677022-677837 orient(-) score(1632.00) noncoding_equivalent(1632.00) raw_noncoding(2628.00) offset(996.00)
677153	677022	terminal-	4	6	{GlimmerHMM_glimmerT_5471-T1;GlimmerHMM},{GeneMark_model.5862_t;GeneMark}
677475	677154	INTRON			{GlimmerHMM_glimmerT_5471-T1;GlimmerHMM},{GeneMark_model.5862_t;GeneMark}
677560	677476	internal-	6	6	{GlimmerHMM_glimmerT_5471-T1;GlimmerHMM},{GeneMark_model.5862_t;GeneMark}
677736	677561	INTRON			{GlimmerHMM_glimmerT_5471-T1;GlimmerHMM},{GeneMark_model.5862_t;GeneMark}
677837	677737	initial-	4	5	{GlimmerHMM_glimmerT_5471-T1;GlimmerHMM},{GeneMark_model.5862_t;GeneMark}

# EVM prediction: Mode:STANDARD S-ratio: 0.94 678047-679302 orient(+) score(2118.00) noncoding_equivalent(2256.54) raw_noncoding(4354.73) offset(2098.19)
678047	678073	initial+	1	3	{GeneMark_model.5863_t;GeneMark}
678074	678221	INTRON			{GeneMark_model.5863_t;GeneMark}
678222	678270	internal+	1	1	{GeneMark_model.5863_t;GeneMark}
678271	678450	INTRON			{GeneMark_model.5863_t;GeneMark}
678451	678506	internal+	2	3	{GeneMark_model.5863_t;GeneMark},{GlimmerHMM_glimmerT_5472-T1;GlimmerHMM}
678507	678591	INTRON			{GeneMark_model.5863_t;GeneMark},{GlimmerHMM_glimmerT_5472-T1;GlimmerHMM}
678592	678698	internal+	1	2	{GeneMark_model.5863_t;GeneMark},{GlimmerHMM_glimmerT_5472-T1;GlimmerHMM}
678699	679175	INTRON			{GeneMark_model.5863_t;GeneMark},{GlimmerHMM_glimmerT_5472-T1;GlimmerHMM}
679176	679302	terminal+	3	3	{GeneMark_model.5863_t;GeneMark},{GlimmerHMM_glimmerT_5472-T1;GlimmerHMM}

# EVM prediction: Mode:STANDARD S-ratio: 2.74 679757-681138 orient(+) score(6057.00) noncoding_equivalent(2210.31) raw_noncoding(2749.57) offset(539.26)
679757	679898	initial+	1	1	{GeneMark_model.5864_t;GeneMark},{GlimmerHMM_glimmerT_5473-T1;GlimmerHMM}
679899	680071	INTRON			{GeneMark_model.5864_t;GeneMark},{GlimmerHMM_glimmerT_5473-T1;GlimmerHMM},{ev_type:exonerate/ID=match.2566964.4256/Target=lcl|KQ954480_1_prot_KWU44379_1_3360;exonerate},{ev_type:exonerate/ID=match.2566964.4261/Target=lcl|NW_017264945_1_prot_XP_018268003_1_6854;exonerate}
680072	680550	internal+	2	3	{GeneMark_model.5864_t;GeneMark},{GlimmerHMM_glimmerT_5473-T1;GlimmerHMM},{ev_type:exonerate/ID=match.2566964.4256/Target=lcl|KQ954480_1_prot_KWU44379_1_3360;exonerate},{ev_type:exonerate/ID=match.2566964.4261/Target=lcl|NW_017264945_1_prot_XP_018268003_1_6854;exonerate}
680551	680616	INTRON			{GeneMark_model.5864_t;GeneMark},{GlimmerHMM_glimmerT_5473-T1;GlimmerHMM},{ev_type:exonerate/ID=match.2566964.4256/Target=lcl|KQ954480_1_prot_KWU44379_1_3360;exonerate},{ev_type:exonerate/ID=match.2566964.4261/Target=lcl|NW_017264945_1_prot_XP_018268003_1_6854;exonerate}
680617	680870	internal+	1	2	{GeneMark_model.5864_t;GeneMark},{GlimmerHMM_glimmerT_5473-T1;GlimmerHMM},{ev_type:exonerate/ID=match.2566964.4256/Target=lcl|KQ954480_1_prot_KWU44379_1_3360;exonerate},{ev_type:exonerate/ID=match.2566964.4261/Target=lcl|NW_017264945_1_prot_XP_018268003_1_6854;exonerate}
680871	680951	INTRON			{GeneMark_model.5864_t;GeneMark},{GlimmerHMM_glimmerT_5473-T1;GlimmerHMM},{ev_type:exonerate/ID=match.2566964.4256/Target=lcl|KQ954480_1_prot_KWU44379_1_3360;exonerate},{ev_type:exonerate/ID=match.2566964.4261/Target=lcl|NW_017264945_1_prot_XP_018268003_1_6854;exonerate}
680952	681138	terminal+	3	3	{GeneMark_model.5864_t;GeneMark},{GlimmerHMM_glimmerT_5473-T1;GlimmerHMM}

# EVM prediction: Mode:STANDARD S-ratio: 1.00 681401-681804 orient(+) score(808.00) noncoding_equivalent(808.00) raw_noncoding(1112.00) offset(304.00)
681401	681437	initial+	1	1	{GeneMark_model.5865_t;GeneMark},{GlimmerHMM_glimmerT_5474-T1;GlimmerHMM}
681438	681509	INTRON			{GeneMark_model.5865_t;GeneMark},{GlimmerHMM_glimmerT_5474-T1;GlimmerHMM}
681510	681619	internal+	2	3	{GeneMark_model.5865_t;GeneMark},{GlimmerHMM_glimmerT_5474-T1;GlimmerHMM}
681620	681699	INTRON			{GeneMark_model.5865_t;GeneMark},{GlimmerHMM_glimmerT_5474-T1;GlimmerHMM}
681700	681804	internal+	1	3	{GeneMark_model.5865_t;GeneMark},{GlimmerHMM_glimmerT_5474-T1;GlimmerHMM}

