# EVM prediction: Mode:STANDARD S-ratio: 5.45 882-2733 orient(-) score(9754.00) noncoding_equivalent(1791.02) raw_noncoding(2134.00) offset(342.98)
1544	882	terminal-	4	6	{GlimmerHMM_glimmerT_3699-T1;GlimmerHMM},{GeneMark_model.3947_t;GeneMark},{Augustus_model.g3058.t1;Augustus},{snap_scaffold_9-snap.1-T1;snap}
1611	1545	INTRON			{GlimmerHMM_glimmerT_3699-T1;GlimmerHMM},{GeneMark_model.3947_t;GeneMark},{Augustus_model.g3058.t1;Augustus},{ev_type:exonerate/ID=match.2566964.3521/Target=lcl|KQ954464_1_prot_KWU47565_1_291;exonerate},{ev_type:exonerate/ID=match.2566964.3527/Target=lcl|PJQD01000035_1_prot_POY73677_1_3248;exonerate}
1826	1612	internal-	5	6	{GlimmerHMM_glimmerT_3699-T1;GlimmerHMM},{GeneMark_model.3947_t;GeneMark},{Augustus_model.g3058.t1;Augustus},{ev_type:exonerate/ID=match.2566964.3521/Target=lcl|KQ954464_1_prot_KWU47565_1_291;exonerate},{ev_type:exonerate/ID=match.2566964.3527/Target=lcl|PJQD01000035_1_prot_POY73677_1_3248;exonerate}
1894	1827	INTRON			{GlimmerHMM_glimmerT_3699-T1;GlimmerHMM},{GeneMark_model.3947_t;GeneMark},{Augustus_model.g3058.t1;Augustus},{ev_type:exonerate/ID=match.2566964.3521/Target=lcl|KQ954464_1_prot_KWU47565_1_291;exonerate},{ev_type:exonerate/ID=match.2566964.3527/Target=lcl|PJQD01000035_1_prot_POY73677_1_3248;exonerate}
2141	1895	internal-	4	4	{GlimmerHMM_glimmerT_3699-T1;GlimmerHMM},{GeneMark_model.3947_t;GeneMark},{Augustus_model.g3058.t1;Augustus},{ev_type:exonerate/ID=match.2566964.3521/Target=lcl|KQ954464_1_prot_KWU47565_1_291;exonerate},{ev_type:exonerate/ID=match.2566964.3527/Target=lcl|PJQD01000035_1_prot_POY73677_1_3248;exonerate}
2204	2142	INTRON			{GlimmerHMM_glimmerT_3699-T1;GlimmerHMM},{GeneMark_model.3947_t;GeneMark},{Augustus_model.g3058.t1;Augustus},{ev_type:exonerate/ID=match.2566964.3521/Target=lcl|KQ954464_1_prot_KWU47565_1_291;exonerate},{ev_type:exonerate/ID=match.2566964.3527/Target=lcl|PJQD01000035_1_prot_POY73677_1_3248;exonerate}
2436	2205	internal-	6	6	{GlimmerHMM_glimmerT_3699-T1;GlimmerHMM},{GeneMark_model.3947_t;GeneMark},{Augustus_model.g3058.t1;Augustus},{ev_type:exonerate/ID=match.2566964.3521/Target=lcl|KQ954464_1_prot_KWU47565_1_291;exonerate},{ev_type:exonerate/ID=match.2566964.3527/Target=lcl|PJQD01000035_1_prot_POY73677_1_3248;exonerate}
2498	2437	INTRON			{GlimmerHMM_glimmerT_3699-T1;GlimmerHMM},{GeneMark_model.3947_t;GeneMark},{Augustus_model.g3058.t1;Augustus},{ev_type:exonerate/ID=match.2566964.3521/Target=lcl|KQ954464_1_prot_KWU47565_1_291;exonerate},{ev_type:exonerate/ID=match.2566964.3527/Target=lcl|PJQD01000035_1_prot_POY73677_1_3248;exonerate}
2644	2499	internal-	4	5	{GlimmerHMM_glimmerT_3699-T1;GlimmerHMM},{GeneMark_model.3947_t;GeneMark},{Augustus_model.g3058.t1;Augustus}
2706	2645	INTRON			{GlimmerHMM_glimmerT_3699-T1;GlimmerHMM},{GeneMark_model.3947_t;GeneMark},{Augustus_model.g3058.t1;Augustus}
2733	2707	initial-	4	6	{GlimmerHMM_glimmerT_3699-T1;GlimmerHMM},{GeneMark_model.3947_t;GeneMark},{Augustus_model.g3058.t1;Augustus}

# EVM prediction: Mode:STANDARD S-ratio: 2.33 3863-4417 orient(+) score(1655.00) noncoding_equivalent(709.01) raw_noncoding(766.01) offset(57.00)
3863	4007	initial+	1	1	{GeneMark_model.3948_t;GeneMark},{Augustus_model.g3059.t1;Augustus}
4008	4076	INTRON			{GeneMark_model.3948_t;GeneMark},{Augustus_model.g3059.t1;Augustus}
4077	4271	internal+	2	1	{GeneMark_model.3948_t;GeneMark},{Augustus_model.g3059.t1;Augustus}
4272	4346	INTRON			{GeneMark_model.3948_t;GeneMark},{GlimmerHMM_glimmerT_3700-T1;GlimmerHMM},{Augustus_model.g3059.t1;Augustus}
4347	4417	terminal+	2	3	{GeneMark_model.3948_t;GeneMark},{GlimmerHMM_glimmerT_3700-T1;GlimmerHMM}

# EVM prediction: Mode:STANDARD S-ratio: 1.99 5264-6965 orient(+) score(4951.00) noncoding_equivalent(2485.41) raw_noncoding(3111.52) offset(626.11)
5264	5337	initial+	1	2	{GlimmerHMM_glimmerT_3701-T1;GlimmerHMM},{GeneMark_model.3949_t;GeneMark}
5338	5560	INTRON			{GlimmerHMM_glimmerT_3701-T1;GlimmerHMM},{GeneMark_model.3949_t;GeneMark}
5561	5682	internal+	3	1	{GlimmerHMM_glimmerT_3701-T1;GlimmerHMM},{GeneMark_model.3949_t;GeneMark},{Augustus_model.g3059.t1;Augustus}
5683	5740	INTRON			{GlimmerHMM_glimmerT_3701-T1;GlimmerHMM},{GeneMark_model.3949_t;GeneMark},{Augustus_model.g3059.t1;Augustus}
5741	5849	internal+	2	2	{GlimmerHMM_glimmerT_3701-T1;GlimmerHMM},{GeneMark_model.3949_t;GeneMark},{Augustus_model.g3059.t1;Augustus}
5850	5919	INTRON			{GlimmerHMM_glimmerT_3701-T1;GlimmerHMM},{GeneMark_model.3949_t;GeneMark},{Augustus_model.g3059.t1;Augustus}
5920	6253	internal+	3	3	{GlimmerHMM_glimmerT_3701-T1;GlimmerHMM},{GeneMark_model.3949_t;GeneMark},{Augustus_model.g3059.t1;Augustus}
6254	6313	INTRON			{GlimmerHMM_glimmerT_3701-T1;GlimmerHMM},{GeneMark_model.3949_t;GeneMark},{Augustus_model.g3059.t1;Augustus}
6314	6376	internal+	1	3	{GlimmerHMM_glimmerT_3701-T1;GlimmerHMM},{GeneMark_model.3949_t;GeneMark},{Augustus_model.g3059.t1;Augustus}
6377	6447	INTRON			{GlimmerHMM_glimmerT_3701-T1;GlimmerHMM},{GeneMark_model.3949_t;GeneMark},{Augustus_model.g3059.t1;Augustus}
6448	6655	internal+	1	1	{GlimmerHMM_glimmerT_3701-T1;GlimmerHMM},{GeneMark_model.3949_t;GeneMark},{Augustus_model.g3059.t1;Augustus}
6656	6723	INTRON			{GlimmerHMM_glimmerT_3701-T1;GlimmerHMM},{GeneMark_model.3949_t;GeneMark},{Augustus_model.g3059.t1;Augustus}
6724	6965	terminal+	2	3	{GeneMark_model.3949_t;GeneMark}

# EVM prediction: Mode:STANDARD S-ratio: 27.59 7310-9087 orient(+) score(6860.00) noncoding_equivalent(248.62) raw_noncoding(379.24) offset(130.61)
7310	7348	initial+	1	3	{GeneMark_model.3950_t;GeneMark}
7349	7413	INTRON			{GeneMark_model.3950_t;GeneMark},{Augustus_model.g3059.t1;Augustus}
7414	9087	terminal+	1	3	{GlimmerHMM_glimmerT_3701-T1;GlimmerHMM},{GeneMark_model.3950_t;GeneMark}

# EVM prediction: Mode:STANDARD S-ratio: 3.00 9703-10197 orient(+) score(1485.00) noncoding_equivalent(495.00) raw_noncoding(495.00) offset(0.00)
9703	10197	single+	1	3	{GeneMark_model.3951_t;GeneMark}

# EVM prediction: Mode:STANDARD S-ratio: 4.90 10724-13675 orient(+) score(10523.00) noncoding_equivalent(2149.00) raw_noncoding(2667.00) offset(518.00)
10724	11005	initial+	1	3	{GeneMark_model.3952_t;GeneMark},{GlimmerHMM_glimmerT_3703-T1;GlimmerHMM},{Augustus_model.g3060.t1;Augustus}
11006	11068	INTRON			{GeneMark_model.3952_t;GeneMark},{GlimmerHMM_glimmerT_3703-T1;GlimmerHMM},{Augustus_model.g3060.t1;Augustus}
11069	11977	internal+	1	3	{GeneMark_model.3952_t;GeneMark},{GlimmerHMM_glimmerT_3703-T1;GlimmerHMM},{Augustus_model.g3060.t1;Augustus}
11978	12044	INTRON			{GeneMark_model.3952_t;GeneMark},{GlimmerHMM_glimmerT_3703-T1;GlimmerHMM},{Augustus_model.g3060.t1;Augustus}
12045	12291	internal+	1	1	{GeneMark_model.3952_t;GeneMark},{GlimmerHMM_glimmerT_3703-T1;GlimmerHMM},{Augustus_model.g3060.t1;Augustus}
12292	12350	INTRON			{GeneMark_model.3952_t;GeneMark},{GlimmerHMM_glimmerT_3703-T1;GlimmerHMM},{Augustus_model.g3060.t1;Augustus}
12351	12517	internal+	2	3	{GeneMark_model.3952_t;GeneMark},{GlimmerHMM_glimmerT_3703-T1;GlimmerHMM},{Augustus_model.g3060.t1;Augustus}
12518	12573	INTRON			{GeneMark_model.3952_t;GeneMark},{GlimmerHMM_glimmerT_3703-T1;GlimmerHMM},{Augustus_model.g3060.t1;Augustus}
12574	12676	internal+	1	1	{GeneMark_model.3952_t;GeneMark},{GlimmerHMM_glimmerT_3703-T1;GlimmerHMM},{Augustus_model.g3060.t1;Augustus}
12677	12739	INTRON			{GeneMark_model.3952_t;GeneMark},{GlimmerHMM_glimmerT_3703-T1;GlimmerHMM},{Augustus_model.g3060.t1;Augustus}
12740	13011	internal+	2	3	{GeneMark_model.3952_t;GeneMark},{GlimmerHMM_glimmerT_3703-T1;GlimmerHMM},{Augustus_model.g3060.t1;Augustus}
13012	13076	INTRON			{GeneMark_model.3952_t;GeneMark},{Augustus_model.g3060.t1;Augustus}
13077	13118	internal+	1	3	{GeneMark_model.3952_t;GeneMark},{Augustus_model.g3060.t1;Augustus}
13119	13177	INTRON			{GeneMark_model.3952_t;GeneMark},{Augustus_model.g3060.t1;Augustus}
13178	13282	internal+	1	3	{GeneMark_model.3952_t;GeneMark},{GlimmerHMM_glimmerT_3703-T1;GlimmerHMM},{Augustus_model.g3060.t1;Augustus}
13283	13349	INTRON			{GeneMark_model.3952_t;GeneMark},{GlimmerHMM_glimmerT_3703-T1;GlimmerHMM},{Augustus_model.g3060.t1;Augustus}
13350	13457	internal+	1	3	{GeneMark_model.3952_t;GeneMark},{GlimmerHMM_glimmerT_3703-T1;GlimmerHMM},{Augustus_model.g3060.t1;Augustus}
13458	13531	INTRON			{GeneMark_model.3952_t;GeneMark},{GlimmerHMM_glimmerT_3703-T1;GlimmerHMM},{Augustus_model.g3060.t1;Augustus}
13532	13675	terminal+	1	3	{GeneMark_model.3952_t;GeneMark},{GlimmerHMM_glimmerT_3703-T1;GlimmerHMM},{Augustus_model.g3060.t1;Augustus}

# EVM prediction: Mode:STANDARD S-ratio: 2.55 13784-16236 orient(-) score(7394.00) noncoding_equivalent(2895.55) raw_noncoding(3587.00) offset(691.45)
13881	13784	terminal-	5	6	{Augustus_model.g3061.t1;Augustus},{GeneMark_model.3953_t;GeneMark},{GlimmerHMM_glimmerT_3704-T1;GlimmerHMM}
13950	13882	INTRON			{Augustus_model.g3061.t1;Augustus},{GeneMark_model.3953_t;GeneMark}
14642	13951	internal-	6	4	{Augustus_model.g3061.t1;Augustus},{GeneMark_model.3953_t;GeneMark}
14701	14643	INTRON			{Augustus_model.g3061.t1;Augustus},{GeneMark_model.3953_t;GeneMark},{GlimmerHMM_glimmerT_3704-T1;GlimmerHMM}
15186	14702	internal-	4	5	{Augustus_model.g3061.t1;Augustus},{GeneMark_model.3953_t;GeneMark},{GlimmerHMM_glimmerT_3704-T1;GlimmerHMM}
15247	15187	INTRON			{Augustus_model.g3061.t1;Augustus},{GeneMark_model.3953_t;GeneMark}
15349	15248	internal-	4	6	{Augustus_model.g3061.t1;Augustus},{GeneMark_model.3953_t;GeneMark}
15404	15350	INTRON			{Augustus_model.g3061.t1;Augustus},{GeneMark_model.3953_t;GeneMark}
15459	15405	internal-	6	6	{Augustus_model.g3061.t1;Augustus},{GeneMark_model.3953_t;GeneMark},{GlimmerHMM_glimmerT_3704-T1;GlimmerHMM}
15517	15460	INTRON			{Augustus_model.g3061.t1;Augustus},{GeneMark_model.3953_t;GeneMark},{GlimmerHMM_glimmerT_3704-T1;GlimmerHMM}
15589	15518	internal-	6	5	{Augustus_model.g3061.t1;Augustus},{GeneMark_model.3953_t;GeneMark},{GlimmerHMM_glimmerT_3704-T1;GlimmerHMM}
15659	15590	INTRON			{Augustus_model.g3061.t1;Augustus},{GeneMark_model.3953_t;GeneMark},{GlimmerHMM_glimmerT_3704-T1;GlimmerHMM}
15714	15660	internal-	5	5	{Augustus_model.g3061.t1;Augustus},{GeneMark_model.3953_t;GeneMark},{GlimmerHMM_glimmerT_3704-T1;GlimmerHMM}
15776	15715	INTRON			{Augustus_model.g3061.t1;Augustus},{GeneMark_model.3953_t;GeneMark},{GlimmerHMM_glimmerT_3704-T1;GlimmerHMM}
15885	15777	internal-	4	4	{Augustus_model.g3061.t1;Augustus},{GeneMark_model.3953_t;GeneMark}
15948	15886	INTRON			{Augustus_model.g3061.t1;Augustus},{GeneMark_model.3953_t;GeneMark}
16236	15949	initial-	4	6	{Augustus_model.g3061.t1;Augustus},{GeneMark_model.3953_t;GeneMark}

# EVM prediction: Mode:STANDARD S-ratio: 9.61 16957-19233 orient(-) score(8491.00) noncoding_equivalent(883.60) raw_noncoding(987.00) offset(103.40)
17940	16957	terminal-	4	6	{GlimmerHMM_glimmerT_3705-T1;GlimmerHMM},{GeneMark_model.3954_t;GeneMark},{Augustus_model.g3062.t1;Augustus}
18010	17941	INTRON			{GlimmerHMM_glimmerT_3705-T1;GlimmerHMM},{GeneMark_model.3954_t;GeneMark},{Augustus_model.g3062.t1;Augustus}
18393	18011	internal-	5	6	{GlimmerHMM_glimmerT_3705-T1;GlimmerHMM},{GeneMark_model.3954_t;GeneMark},{Augustus_model.g3062.t1;Augustus}
18461	18394	INTRON			{GlimmerHMM_glimmerT_3705-T1;GlimmerHMM},{GeneMark_model.3954_t;GeneMark},{Augustus_model.g3062.t1;Augustus}
19233	18462	initial-	4	4	{GlimmerHMM_glimmerT_3705-T1;GlimmerHMM},{Augustus_model.g3062.t1;Augustus}

# EVM prediction: Mode:STANDARD S-ratio: 1.87 19704-21662 orient(+) score(5523.00) noncoding_equivalent(2959.20) raw_noncoding(3312.20) offset(353.00)
19704	19880	initial+	1	3	{Augustus_model.g3063.t1;Augustus},{GlimmerHMM_glimmerT_3706-T1;GlimmerHMM},{GeneMark_model.3955_t;GeneMark}
19881	19939	INTRON			{Augustus_model.g3063.t1;Augustus},{GlimmerHMM_glimmerT_3706-T1;GlimmerHMM},{GeneMark_model.3955_t;GeneMark}
19940	20091	internal+	1	2	{Augustus_model.g3063.t1;Augustus},{GlimmerHMM_glimmerT_3706-T1;GlimmerHMM},{GeneMark_model.3955_t;GeneMark}
20092	20161	INTRON			{Augustus_model.g3063.t1;Augustus},{GlimmerHMM_glimmerT_3706-T1;GlimmerHMM},{GeneMark_model.3955_t;GeneMark}
20162	20846	internal+	3	3	{GlimmerHMM_glimmerT_3706-T1;GlimmerHMM},{GeneMark_model.3955_t;GeneMark}
20847	20914	INTRON			{Augustus_model.g3063.t1;Augustus},{GlimmerHMM_glimmerT_3706-T1;GlimmerHMM},{GeneMark_model.3955_t;GeneMark}
20915	21005	internal+	1	1	{Augustus_model.g3063.t1;Augustus},{GlimmerHMM_glimmerT_3706-T1;GlimmerHMM},{GeneMark_model.3955_t;GeneMark}
21006	21079	INTRON			{Augustus_model.g3063.t1;Augustus},{GlimmerHMM_glimmerT_3706-T1;GlimmerHMM},{GeneMark_model.3955_t;GeneMark}
21080	21337	internal+	2	1	{Augustus_model.g3063.t1;Augustus},{GlimmerHMM_glimmerT_3706-T1;GlimmerHMM},{GeneMark_model.3955_t;GeneMark}
21338	21399	INTRON			{Augustus_model.g3063.t1;Augustus},{GlimmerHMM_glimmerT_3706-T1;GlimmerHMM},{GeneMark_model.3955_t;GeneMark}
21400	21662	terminal+	2	3	{GlimmerHMM_glimmerT_3706-T1;GlimmerHMM},{GeneMark_model.3955_t;GeneMark}

# EVM prediction: Mode:STANDARD S-ratio: 1.47 23192-25434 orient(-) score(5738.00) noncoding_equivalent(3896.09) raw_noncoding(5548.00) offset(1651.91)
23256	23192	terminal-	5	6	{GlimmerHMM_glimmerT_3707-T1;GlimmerHMM},{Augustus_model.g3064.t1;Augustus},{GeneMark_model.3957_t;GeneMark}
23350	23257	INTRON			{GlimmerHMM_glimmerT_3707-T1;GlimmerHMM},{Augustus_model.g3064.t1;Augustus},{GeneMark_model.3957_t;GeneMark}
23524	23351	internal-	5	4	{GlimmerHMM_glimmerT_3707-T1;GlimmerHMM},{Augustus_model.g3064.t1;Augustus},{GeneMark_model.3957_t;GeneMark}
23594	23525	INTRON			{GeneMark_model.3957_t;GeneMark}
23676	23595	internal-	4	4	{GeneMark_model.3957_t;GeneMark}
23741	23677	INTRON			{GlimmerHMM_glimmerT_3707-T1;GlimmerHMM},{Augustus_model.g3064.t1;Augustus},{GeneMark_model.3957_t;GeneMark}
23846	23742	internal-	4	6	{GlimmerHMM_glimmerT_3707-T1;GlimmerHMM},{Augustus_model.g3064.t1;Augustus},{GeneMark_model.3957_t;GeneMark}
23906	23847	INTRON			{Augustus_model.g3064.t1;Augustus},{GeneMark_model.3957_t;GeneMark}
23938	23907	internal-	5	6	{Augustus_model.g3064.t1;Augustus},{GeneMark_model.3957_t;GeneMark}
24012	23939	INTRON			{Augustus_model.g3064.t1;Augustus},{GeneMark_model.3957_t;GeneMark}
24060	24013	internal-	5	4	{Augustus_model.g3064.t1;Augustus},{GeneMark_model.3957_t;GeneMark}
24139	24061	INTRON			{Augustus_model.g3064.t1;Augustus},{GeneMark_model.3957_t;GeneMark}
24224	24140	internal-	4	4	{Augustus_model.g3064.t1;Augustus},{GeneMark_model.3957_t;GeneMark}
24291	24225	INTRON			{Augustus_model.g3064.t1;Augustus},{GeneMark_model.3957_t;GeneMark}
24486	24292	internal-	4	6	{GlimmerHMM_glimmerT_3707-T1;GlimmerHMM},{Augustus_model.g3064.t1;Augustus},{GeneMark_model.3957_t;GeneMark}
24559	24487	INTRON			{GlimmerHMM_glimmerT_3707-T1;GlimmerHMM},{Augustus_model.g3064.t1;Augustus},{GeneMark_model.3957_t;GeneMark}
24635	24560	internal-	6	6	{GlimmerHMM_glimmerT_3707-T1;GlimmerHMM},{Augustus_model.g3064.t1;Augustus},{GeneMark_model.3957_t;GeneMark}
24719	24636	INTRON			{GlimmerHMM_glimmerT_3707-T1;GlimmerHMM},{Augustus_model.g3064.t1;Augustus},{GeneMark_model.3957_t;GeneMark}
24814	24720	internal-	4	5	{Augustus_model.g3064.t1;Augustus},{GeneMark_model.3957_t;GeneMark}
24894	24815	INTRON			{Augustus_model.g3064.t1;Augustus},{GeneMark_model.3957_t;GeneMark}
24942	24895	internal-	4	6	{GlimmerHMM_glimmerT_3707-T1;GlimmerHMM},{Augustus_model.g3064.t1;Augustus},{GeneMark_model.3957_t;GeneMark}
25039	24943	INTRON			{GlimmerHMM_glimmerT_3707-T1;GlimmerHMM},{Augustus_model.g3064.t1;Augustus},{GeneMark_model.3957_t;GeneMark}
25183	25040	internal-	4	6	{GlimmerHMM_glimmerT_3707-T1;GlimmerHMM},{Augustus_model.g3064.t1;Augustus}
25389	25184	INTRON			{GlimmerHMM_glimmerT_3707-T1;GlimmerHMM},{Augustus_model.g3064.t1;Augustus}
25434	25390	initial-	4	6	{GlimmerHMM_glimmerT_3707-T1;GlimmerHMM},{Augustus_model.g3064.t1;Augustus},{GeneMark_model.3957_t;GeneMark}

# EVM prediction: Mode:STANDARD S-ratio: 2.87 27656-28586 orient(+) score(3488.00) noncoding_equivalent(1215.01) raw_noncoding(1470.35) offset(255.34)
27656	27980	initial+	1	1	{GeneMark_model.3959_t;GeneMark},{Augustus_model.g3065.t1;Augustus}
27981	28044	INTRON			{GeneMark_model.3959_t;GeneMark},{Augustus_model.g3065.t1;Augustus},{GlimmerHMM_glimmerT_3708-T1;GlimmerHMM}
28045	28154	internal+	2	3	{GeneMark_model.3959_t;GeneMark},{Augustus_model.g3065.t1;Augustus},{GlimmerHMM_glimmerT_3708-T1;GlimmerHMM}
28155	28237	INTRON			{GeneMark_model.3959_t;GeneMark},{Augustus_model.g3065.t1;Augustus},{GlimmerHMM_glimmerT_3708-T1;GlimmerHMM},{ev_type:exonerate/ID=match.2566964.3656/Target=lcl|KQ954530_1_prot_KWU41645_1_5986;exonerate}
28238	28279	internal+	1	3	{GeneMark_model.3959_t;GeneMark},{Augustus_model.g3065.t1;Augustus},{GlimmerHMM_glimmerT_3708-T1;GlimmerHMM},{ev_type:exonerate/ID=match.2566964.3656/Target=lcl|KQ954530_1_prot_KWU41645_1_5986;exonerate}
28280	28373	INTRON			{GeneMark_model.3959_t;GeneMark},{Augustus_model.g3065.t1;Augustus},{GlimmerHMM_glimmerT_3708-T1;GlimmerHMM},{ev_type:exonerate/ID=match.2566964.3656/Target=lcl|KQ954530_1_prot_KWU41645_1_5986;exonerate}
28374	28586	terminal+	1	3	{GeneMark_model.3959_t;GeneMark},{Augustus_model.g3065.t1;Augustus},{GlimmerHMM_glimmerT_3708-T1;GlimmerHMM},{snap_scaffold_9-snap.11-T1;snap}

# EVM prediction: Mode:STANDARD S-ratio: 4.81 28833-32337 orient(-) score(12191.00) noncoding_equivalent(2537.00) raw_noncoding(2827.00) offset(290.00)
28880	28833	terminal-	4	6	{GeneMark_model.3960_t;GeneMark},{GlimmerHMM_glimmerT_3709-T1;GlimmerHMM},{Augustus_model.g3066.t1;Augustus}
28943	28881	INTRON			{GeneMark_model.3960_t;GeneMark},{GlimmerHMM_glimmerT_3709-T1;GlimmerHMM},{Augustus_model.g3066.t1;Augustus}
29504	28944	internal-	4	6	{GeneMark_model.3960_t;GeneMark},{GlimmerHMM_glimmerT_3709-T1;GlimmerHMM},{Augustus_model.g3066.t1;Augustus}
29563	29505	INTRON			{GeneMark_model.3960_t;GeneMark},{GlimmerHMM_glimmerT_3709-T1;GlimmerHMM},{Augustus_model.g3066.t1;Augustus}
29757	29564	internal-	5	6	{GeneMark_model.3960_t;GeneMark},{GlimmerHMM_glimmerT_3709-T1;GlimmerHMM},{Augustus_model.g3066.t1;Augustus}
29822	29758	INTRON			{GeneMark_model.3960_t;GeneMark},{GlimmerHMM_glimmerT_3709-T1;GlimmerHMM},{Augustus_model.g3066.t1;Augustus}
30396	29823	internal-	4	4	{GeneMark_model.3960_t;GeneMark},{GlimmerHMM_glimmerT_3709-T1;GlimmerHMM},{Augustus_model.g3066.t1;Augustus}
30454	30397	INTRON			{GeneMark_model.3960_t;GeneMark},{GlimmerHMM_glimmerT_3709-T1;GlimmerHMM},{Augustus_model.g3066.t1;Augustus}
30693	30455	internal-	5	6	{GeneMark_model.3960_t;GeneMark},{GlimmerHMM_glimmerT_3709-T1;GlimmerHMM},{Augustus_model.g3066.t1;Augustus}
30757	30694	INTRON			{GeneMark_model.3960_t;GeneMark},{GlimmerHMM_glimmerT_3709-T1;GlimmerHMM},{Augustus_model.g3066.t1;Augustus}
31024	30758	internal-	5	4	{GeneMark_model.3960_t;GeneMark},{GlimmerHMM_glimmerT_3709-T1;GlimmerHMM},{Augustus_model.g3066.t1;Augustus}
31082	31025	INTRON			{GeneMark_model.3960_t;GeneMark},{GlimmerHMM_glimmerT_3709-T1;GlimmerHMM},{Augustus_model.g3066.t1;Augustus}
32337	31083	initial-	4	4	{GeneMark_model.3960_t;GeneMark},{GlimmerHMM_glimmerT_3709-T1;GlimmerHMM},{Augustus_model.g3066.t1;Augustus}

# EVM prediction: Mode:STANDARD S-ratio: 12.28 32712-36291 orient(-) score(14204.00) noncoding_equivalent(1156.77) raw_noncoding(1353.00) offset(196.23)
33457	32712	terminal-	5	6	{GeneMark_model.3961_t;GeneMark},{Augustus_model.g3067.t1;Augustus},{GlimmerHMM_glimmerT_3710-T1;GlimmerHMM}
33530	33458	INTRON			{GeneMark_model.3961_t;GeneMark},{Augustus_model.g3067.t1;Augustus},{GlimmerHMM_glimmerT_3710-T1;GlimmerHMM}
35705	33531	internal-	5	4	{GeneMark_model.3961_t;GeneMark},{Augustus_model.g3067.t1;Augustus},{GlimmerHMM_glimmerT_3710-T1;GlimmerHMM}
35778	35706	INTRON			{GeneMark_model.3961_t;GeneMark},{Augustus_model.g3067.t1;Augustus},{GlimmerHMM_glimmerT_3710-T1;GlimmerHMM},{ev_type:exonerate/ID=match.2566964.3665/Target=lcl|KQ954530_1_prot_KWU41641_1_5982;exonerate}
35985	35779	internal-	5	4	{GeneMark_model.3961_t;GeneMark},{Augustus_model.g3067.t1;Augustus},{GlimmerHMM_glimmerT_3710-T1;GlimmerHMM},{ev_type:exonerate/ID=match.2566964.3665/Target=lcl|KQ954530_1_prot_KWU41641_1_5982;exonerate}
36101	35986	INTRON			{GeneMark_model.3961_t;GeneMark},{Augustus_model.g3067.t1;Augustus},{GlimmerHMM_glimmerT_3710-T1;GlimmerHMM},{ev_type:exonerate/ID=match.2566964.3665/Target=lcl|KQ954530_1_prot_KWU41641_1_5982;exonerate}
36291	36102	initial-	4	4	{GeneMark_model.3961_t;GeneMark},{Augustus_model.g3067.t1;Augustus},{GlimmerHMM_glimmerT_3710-T1;GlimmerHMM}

# EVM prediction: Mode:STANDARD S-ratio: 2.14 36989-37938 orient(+) score(3311.00) noncoding_equivalent(1548.00) raw_noncoding(1958.00) offset(410.00)
36989	37282	initial+	1	3	{GlimmerHMM_glimmerT_3711-T1;GlimmerHMM},{GeneMark_model.3962_t;GeneMark}
37283	37364	INTRON			{GlimmerHMM_glimmerT_3711-T1;GlimmerHMM},{GeneMark_model.3962_t;GeneMark}
37365	37380	internal+	1	1	{Augustus_model.g3068.t1;Augustus},{GlimmerHMM_glimmerT_3711-T1;GlimmerHMM},{GeneMark_model.3962_t;GeneMark}
37381	37458	INTRON			{Augustus_model.g3068.t1;Augustus},{GlimmerHMM_glimmerT_3711-T1;GlimmerHMM},{GeneMark_model.3962_t;GeneMark}
37459	37554	internal+	2	1	{Augustus_model.g3068.t1;Augustus},{GlimmerHMM_glimmerT_3711-T1;GlimmerHMM},{GeneMark_model.3962_t;GeneMark}
37555	37622	INTRON			{Augustus_model.g3068.t1;Augustus},{GlimmerHMM_glimmerT_3711-T1;GlimmerHMM},{GeneMark_model.3962_t;GeneMark},{ev_type:exonerate/ID=match.2566964.3653/Target=lcl|KQ954530_1_prot_KWU41640_1_5981;exonerate}
37623	37746	internal+	2	2	{Augustus_model.g3068.t1;Augustus},{GlimmerHMM_glimmerT_3711-T1;GlimmerHMM},{GeneMark_model.3962_t;GeneMark},{ev_type:exonerate/ID=match.2566964.3653/Target=lcl|KQ954530_1_prot_KWU41640_1_5981;exonerate}
37747	37865	INTRON			{Augustus_model.g3068.t1;Augustus},{GlimmerHMM_glimmerT_3711-T1;GlimmerHMM},{GeneMark_model.3962_t;GeneMark},{ev_type:exonerate/ID=match.2566964.3653/Target=lcl|KQ954530_1_prot_KWU41640_1_5981;exonerate}
37866	37938	terminal+	3	3	{Augustus_model.g3068.t1;Augustus},{GlimmerHMM_glimmerT_3711-T1;GlimmerHMM},{GeneMark_model.3962_t;GeneMark}

# EVM prediction: Mode:STANDARD S-ratio: 1.56 38604-41121 orient(+) score(6567.00) noncoding_equivalent(4201.46) raw_noncoding(6232.00) offset(2030.54)
38604	38739	initial+	1	1	{GeneMark_model.3963_t;GeneMark},{Augustus_model.g3069.t1;Augustus},{GlimmerHMM_glimmerT_3712-T1;GlimmerHMM}
38740	38846	INTRON			{GeneMark_model.3963_t;GeneMark},{Augustus_model.g3069.t1;Augustus},{GlimmerHMM_glimmerT_3712-T1;GlimmerHMM}
38847	38975	internal+	2	1	{GeneMark_model.3963_t;GeneMark},{Augustus_model.g3069.t1;Augustus},{GlimmerHMM_glimmerT_3712-T1;GlimmerHMM}
38976	39101	INTRON			{GeneMark_model.3963_t;GeneMark},{Augustus_model.g3069.t1;Augustus},{GlimmerHMM_glimmerT_3712-T1;GlimmerHMM}
39102	39254	internal+	2	1	{GeneMark_model.3963_t;GeneMark},{Augustus_model.g3069.t1;Augustus},{GlimmerHMM_glimmerT_3712-T1;GlimmerHMM}
39255	39339	INTRON			{GeneMark_model.3963_t;GeneMark},{Augustus_model.g3069.t1;Augustus}
39340	39404	internal+	2	3	{GeneMark_model.3963_t;GeneMark},{Augustus_model.g3069.t1;Augustus}
39405	39476	INTRON			{GeneMark_model.3963_t;GeneMark},{Augustus_model.g3069.t1;Augustus}
39477	39498	internal+	1	1	{GeneMark_model.3963_t;GeneMark},{Augustus_model.g3069.t1;Augustus}
39499	39601	INTRON			{GeneMark_model.3963_t;GeneMark},{Augustus_model.g3069.t1;Augustus}
39602	39696	internal+	2	3	{GeneMark_model.3963_t;GeneMark},{Augustus_model.g3069.t1;Augustus},{GlimmerHMM_glimmerT_3712-T1;GlimmerHMM}
39697	39760	INTRON			{GeneMark_model.3963_t;GeneMark},{Augustus_model.g3069.t1;Augustus},{GlimmerHMM_glimmerT_3712-T1;GlimmerHMM}
39761	39808	internal+	1	3	{GeneMark_model.3963_t;GeneMark},{Augustus_model.g3069.t1;Augustus}
39809	39884	INTRON			{GeneMark_model.3963_t;GeneMark},{Augustus_model.g3069.t1;Augustus}
39885	39902	internal+	1	3	{GeneMark_model.3963_t;GeneMark},{Augustus_model.g3069.t1;Augustus}
39903	39984	INTRON			{GeneMark_model.3963_t;GeneMark},{Augustus_model.g3069.t1;Augustus}
39985	40000	internal+	1	1	{GeneMark_model.3963_t;GeneMark},{Augustus_model.g3069.t1;Augustus}
40001	40066	INTRON			{GeneMark_model.3963_t;GeneMark},{Augustus_model.g3069.t1;Augustus}
40067	40078	internal+	2	1	{GeneMark_model.3963_t;GeneMark},{Augustus_model.g3069.t1;Augustus}
40079	40155	INTRON			{GeneMark_model.3963_t;GeneMark},{Augustus_model.g3069.t1;Augustus}
40156	40191	internal+	2	1	{GeneMark_model.3963_t;GeneMark},{Augustus_model.g3069.t1;Augustus}
40192	40285	INTRON			{GeneMark_model.3963_t;GeneMark},{Augustus_model.g3069.t1;Augustus}
40286	40443	internal+	2	3	{GeneMark_model.3963_t;GeneMark},{Augustus_model.g3069.t1;Augustus}
40444	40516	INTRON			{GeneMark_model.3963_t;GeneMark},{Augustus_model.g3069.t1;Augustus}
40517	40524	internal+	1	2	{GeneMark_model.3963_t;GeneMark},{Augustus_model.g3069.t1;Augustus}
40525	40600	INTRON			{GeneMark_model.3963_t;GeneMark},{Augustus_model.g3069.t1;Augustus}
40601	40640	internal+	3	3	{GeneMark_model.3963_t;GeneMark},{Augustus_model.g3069.t1;Augustus}
40641	40714	INTRON			{GeneMark_model.3963_t;GeneMark},{Augustus_model.g3069.t1;Augustus}
40715	40753	internal+	1	3	{GeneMark_model.3963_t;GeneMark},{Augustus_model.g3069.t1;Augustus}
40754	40816	INTRON			{GeneMark_model.3963_t;GeneMark},{Augustus_model.g3069.t1;Augustus}
40817	40955	internal+	1	1	{GeneMark_model.3963_t;GeneMark},{Augustus_model.g3069.t1;Augustus},{GlimmerHMM_glimmerT_3712-T1;GlimmerHMM}
40956	41020	INTRON			{GeneMark_model.3963_t;GeneMark},{Augustus_model.g3069.t1;Augustus},{GlimmerHMM_glimmerT_3712-T1;GlimmerHMM}
41021	41121	terminal+	2	3	{GeneMark_model.3963_t;GeneMark},{Augustus_model.g3069.t1;Augustus},{GlimmerHMM_glimmerT_3712-T1;GlimmerHMM}

# EVM prediction: Mode:STANDARD S-ratio: 2.36 41554-45154 orient(+) score(11228.00) noncoding_equivalent(4749.66) raw_noncoding(5635.00) offset(885.34)
41554	41741	initial+	1	2	{GeneMark_model.3964_t;GeneMark},{GlimmerHMM_glimmerT_3713-T1;GlimmerHMM},{Augustus_model.g3070.t1;Augustus}
41742	41955	INTRON			{GeneMark_model.3964_t;GeneMark},{GlimmerHMM_glimmerT_3713-T1;GlimmerHMM},{Augustus_model.g3070.t1;Augustus}
41956	42073	internal+	3	3	{GeneMark_model.3964_t;GeneMark},{GlimmerHMM_glimmerT_3713-T1;GlimmerHMM},{Augustus_model.g3070.t1;Augustus}
42074	42142	INTRON			{GeneMark_model.3964_t;GeneMark},{GlimmerHMM_glimmerT_3713-T1;GlimmerHMM},{Augustus_model.g3070.t1;Augustus}
42143	42364	internal+	1	3	{GeneMark_model.3964_t;GeneMark},{Augustus_model.g3070.t1;Augustus}
42365	42432	INTRON			{GeneMark_model.3964_t;GeneMark},{Augustus_model.g3070.t1;Augustus}
42433	42606	internal+	1	3	{GeneMark_model.3964_t;GeneMark},{Augustus_model.g3070.t1;Augustus}
42607	42665	INTRON			{GeneMark_model.3964_t;GeneMark},{GlimmerHMM_glimmerT_3713-T1;GlimmerHMM},{Augustus_model.g3070.t1;Augustus}
42666	42868	internal+	1	2	{GeneMark_model.3964_t;GeneMark},{GlimmerHMM_glimmerT_3713-T1;GlimmerHMM},{Augustus_model.g3070.t1;Augustus}
42869	42929	INTRON			{GeneMark_model.3964_t;GeneMark},{GlimmerHMM_glimmerT_3713-T1;GlimmerHMM},{Augustus_model.g3070.t1;Augustus}
42930	43074	internal+	3	3	{GeneMark_model.3964_t;GeneMark},{GlimmerHMM_glimmerT_3713-T1;GlimmerHMM},{Augustus_model.g3070.t1;Augustus}
43075	43133	INTRON			{GeneMark_model.3964_t;GeneMark},{GlimmerHMM_glimmerT_3713-T1;GlimmerHMM},{Augustus_model.g3070.t1;Augustus}
43134	43646	internal+	1	3	{GeneMark_model.3964_t;GeneMark},{GlimmerHMM_glimmerT_3713-T1;GlimmerHMM},{Augustus_model.g3070.t1;Augustus}
43647	43717	INTRON			{GeneMark_model.3964_t;GeneMark},{GlimmerHMM_glimmerT_3713-T1;GlimmerHMM},{Augustus_model.g3070.t1;Augustus}
43718	43841	internal+	1	1	{GeneMark_model.3964_t;GeneMark},{GlimmerHMM_glimmerT_3713-T1;GlimmerHMM},{Augustus_model.g3070.t1;Augustus}
43842	43912	INTRON			{GeneMark_model.3964_t;GeneMark},{GlimmerHMM_glimmerT_3713-T1;GlimmerHMM},{Augustus_model.g3070.t1;Augustus}
43913	44166	internal+	2	3	{GeneMark_model.3964_t;GeneMark},{GlimmerHMM_glimmerT_3713-T1;GlimmerHMM},{Augustus_model.g3070.t1;Augustus}
44167	44236	INTRON			{GeneMark_model.3964_t;GeneMark},{GlimmerHMM_glimmerT_3713-T1;GlimmerHMM},{Augustus_model.g3070.t1;Augustus}
44237	44701	internal+	1	3	{GeneMark_model.3964_t;GeneMark},{GlimmerHMM_glimmerT_3713-T1;GlimmerHMM},{Augustus_model.g3070.t1;Augustus}
44702	44766	INTRON			{GeneMark_model.3964_t;GeneMark},{GlimmerHMM_glimmerT_3713-T1;GlimmerHMM},{Augustus_model.g3070.t1;Augustus}
44767	45018	internal+	1	3	{GeneMark_model.3964_t;GeneMark},{GlimmerHMM_glimmerT_3713-T1;GlimmerHMM},{Augustus_model.g3070.t1;Augustus}
45019	45088	INTRON			{GeneMark_model.3964_t;GeneMark},{GlimmerHMM_glimmerT_3713-T1;GlimmerHMM},{Augustus_model.g3070.t1;Augustus}
45089	45154	terminal+	1	3	{GeneMark_model.3964_t;GeneMark},{GlimmerHMM_glimmerT_3713-T1;GlimmerHMM},{Augustus_model.g3070.t1;Augustus}

# EVM prediction: Mode:STANDARD S-ratio: 2.85 45574-46723 orient(+) score(5473.00) noncoding_equivalent(1917.00) raw_noncoding(2530.00) offset(613.00)
45574	45735	initial+	1	3	{Augustus_model.g3071.t1;Augustus},{GeneMark_model.3965_t;GeneMark},{GlimmerHMM_glimmerT_3714-T1;GlimmerHMM}
45736	45854	INTRON			{Augustus_model.g3071.t1;Augustus},{GeneMark_model.3965_t;GeneMark},{ev_type:exonerate/ID=match.2566964.3626/Target=lcl|PJQD01000058_1_prot_POY72141_1_5236;exonerate},{ev_type:exonerate/ID=match.2566964.3627/Target=lcl|KQ954530_1_prot_KWU41637_1_5978;exonerate}
45855	45948	internal+	1	1	{Augustus_model.g3071.t1;Augustus},{ev_type:exonerate/ID=match.2566964.3626/Target=lcl|PJQD01000058_1_prot_POY72141_1_5236;exonerate},{ev_type:exonerate/ID=match.2566964.3627/Target=lcl|KQ954530_1_prot_KWU41637_1_5978;exonerate}
45949	46019	INTRON			{Augustus_model.g3071.t1;Augustus},{ev_type:exonerate/ID=match.2566964.3626/Target=lcl|PJQD01000058_1_prot_POY72141_1_5236;exonerate},{ev_type:exonerate/ID=match.2566964.3627/Target=lcl|KQ954530_1_prot_KWU41637_1_5978;exonerate}
46020	46102	internal+	2	3	{Augustus_model.g3071.t1;Augustus},{ev_type:exonerate/ID=match.2566964.3626/Target=lcl|PJQD01000058_1_prot_POY72141_1_5236;exonerate},{ev_type:exonerate/ID=match.2566964.3627/Target=lcl|KQ954530_1_prot_KWU41637_1_5978;exonerate}
46103	46187	INTRON			{GeneMark_model.3966_t;GeneMark},{Augustus_model.g3071.t1;Augustus},{GlimmerHMM_glimmerT_3715-T1;GlimmerHMM},{ev_type:exonerate/ID=match.2566964.3626/Target=lcl|PJQD01000058_1_prot_POY72141_1_5236;exonerate},{ev_type:exonerate/ID=match.2566964.3627/Target=lcl|KQ954530_1_prot_KWU41637_1_5978;exonerate}
46188	46286	internal+	1	3	{GeneMark_model.3966_t;GeneMark},{Augustus_model.g3071.t1;Augustus},{GlimmerHMM_glimmerT_3715-T1;GlimmerHMM},{ev_type:exonerate/ID=match.2566964.3626/Target=lcl|PJQD01000058_1_prot_POY72141_1_5236;exonerate},{ev_type:exonerate/ID=match.2566964.3627/Target=lcl|KQ954530_1_prot_KWU41637_1_5978;exonerate}
46287	46400	INTRON			{GeneMark_model.3966_t;GeneMark},{Augustus_model.g3071.t1;Augustus},{GlimmerHMM_glimmerT_3715-T1;GlimmerHMM},{ev_type:exonerate/ID=match.2566964.3626/Target=lcl|PJQD01000058_1_prot_POY72141_1_5236;exonerate},{ev_type:exonerate/ID=match.2566964.3627/Target=lcl|KQ954530_1_prot_KWU41637_1_5978;exonerate}
46401	46526	internal+	1	3	{GeneMark_model.3966_t;GeneMark},{Augustus_model.g3071.t1;Augustus},{GlimmerHMM_glimmerT_3715-T1;GlimmerHMM},{ev_type:exonerate/ID=match.2566964.3626/Target=lcl|PJQD01000058_1_prot_POY72141_1_5236;exonerate},{ev_type:exonerate/ID=match.2566964.3627/Target=lcl|KQ954530_1_prot_KWU41637_1_5978;exonerate}
46527	46654	INTRON			{GeneMark_model.3966_t;GeneMark},{Augustus_model.g3071.t1;Augustus},{GlimmerHMM_glimmerT_3715-T1;GlimmerHMM},{ev_type:exonerate/ID=match.2566964.3626/Target=lcl|PJQD01000058_1_prot_POY72141_1_5236;exonerate},{ev_type:exonerate/ID=match.2566964.3627/Target=lcl|KQ954530_1_prot_KWU41637_1_5978;exonerate}
46655	46723	terminal+	1	3	{GeneMark_model.3966_t;GeneMark},{Augustus_model.g3071.t1;Augustus},{GlimmerHMM_glimmerT_3715-T1;GlimmerHMM}

# EVM prediction: Mode:STANDARD S-ratio: 3.97 46957-48141 orient(-) score(4266.00) noncoding_equivalent(1074.67) raw_noncoding(1330.00) offset(255.33)
47173	46957	terminal-	6	6	{GlimmerHMM_glimmerT_3716-T1;GlimmerHMM},{GeneMark_model.3967_t;GeneMark},{Augustus_model.g3072.t1;Augustus}
47258	47174	INTRON			{GlimmerHMM_glimmerT_3716-T1;GlimmerHMM},{GeneMark_model.3967_t;GeneMark},{Augustus_model.g3072.t1;Augustus}
47334	47259	internal-	5	5	{GlimmerHMM_glimmerT_3716-T1;GlimmerHMM},{GeneMark_model.3967_t;GeneMark},{Augustus_model.g3072.t1;Augustus}
47427	47335	INTRON			{GlimmerHMM_glimmerT_3716-T1;GlimmerHMM},{GeneMark_model.3967_t;GeneMark},{Augustus_model.g3072.t1;Augustus}
47525	47428	internal-	6	4	{GlimmerHMM_glimmerT_3716-T1;GlimmerHMM},{GeneMark_model.3967_t;GeneMark},{Augustus_model.g3072.t1;Augustus}
47598	47526	INTRON			{GlimmerHMM_glimmerT_3716-T1;GlimmerHMM},{GeneMark_model.3967_t;GeneMark},{Augustus_model.g3072.t1;Augustus}
48069	47599	internal-	6	5	{GlimmerHMM_glimmerT_3716-T1;GlimmerHMM},{GeneMark_model.3967_t;GeneMark},{Augustus_model.g3072.t1;Augustus}
48130	48070	INTRON			{GlimmerHMM_glimmerT_3716-T1;GlimmerHMM},{GeneMark_model.3967_t;GeneMark},{Augustus_model.g3072.t1;Augustus}
48141	48131	initial-	4	5	{GlimmerHMM_glimmerT_3716-T1;GlimmerHMM},{GeneMark_model.3967_t;GeneMark},{Augustus_model.g3072.t1;Augustus}

# EVM prediction: Mode:STANDARD S-ratio: 10.99 48284-50216 orient(+) score(6802.00) noncoding_equivalent(619.04) raw_noncoding(976.00) offset(356.96)
48284	49619	initial+	1	1	{Augustus_model.g3073.t1;Augustus},{GlimmerHMM_glimmerT_3717-T1;GlimmerHMM},{GeneMark_model.3968_t;GeneMark}
49620	49707	INTRON			{Augustus_model.g3073.t1;Augustus},{GeneMark_model.3968_t;GeneMark}
49708	49799	internal+	2	3	{GeneMark_model.3968_t;GeneMark}
49800	49952	INTRON			{GeneMark_model.3968_t;GeneMark}
49953	50216	terminal+	1	3	{Augustus_model.g3073.t1;Augustus},{GlimmerHMM_glimmerT_3717-T1;GlimmerHMM},{GeneMark_model.3968_t;GeneMark}

# EVM prediction: Mode:STANDARD S-ratio: 5.18 50646-54366 orient(-) score(13102.00) noncoding_equivalent(2529.09) raw_noncoding(2917.97) offset(388.89)
51072	50646	terminal-	6	6	{GlimmerHMM_glimmerT_3718-T1;GlimmerHMM},{GeneMark_model.3969_t;GeneMark}
51141	51073	INTRON			{GlimmerHMM_glimmerT_3718-T1;GlimmerHMM},{GeneMark_model.3969_t;GeneMark},{Augustus_model.g3074.t1;Augustus}
51176	51142	internal-	4	5	{GlimmerHMM_glimmerT_3718-T1;GlimmerHMM},{GeneMark_model.3969_t;GeneMark},{Augustus_model.g3074.t1;Augustus}
51245	51177	INTRON			{GlimmerHMM_glimmerT_3718-T1;GlimmerHMM},{GeneMark_model.3969_t;GeneMark},{Augustus_model.g3074.t1;Augustus}
53697	51246	internal-	6	6	{GlimmerHMM_glimmerT_3718-T1;GlimmerHMM},{GeneMark_model.3969_t;GeneMark}
53758	53698	INTRON			{Augustus_model.g3075.t1;Augustus},{GlimmerHMM_glimmerT_3718-T1;GlimmerHMM},{GeneMark_model.3969_t;GeneMark}
53897	53759	internal-	5	5	{Augustus_model.g3075.t1;Augustus},{GlimmerHMM_glimmerT_3718-T1;GlimmerHMM},{GeneMark_model.3969_t;GeneMark}
53961	53898	INTRON			{Augustus_model.g3075.t1;Augustus},{GlimmerHMM_glimmerT_3718-T1;GlimmerHMM},{GeneMark_model.3969_t;GeneMark}
54130	53962	internal-	4	4	{Augustus_model.g3075.t1;Augustus},{GlimmerHMM_glimmerT_3718-T1;GlimmerHMM},{GeneMark_model.3969_t;GeneMark}
54193	54131	INTRON			{Augustus_model.g3075.t1;Augustus},{GlimmerHMM_glimmerT_3718-T1;GlimmerHMM},{GeneMark_model.3969_t;GeneMark}
54233	54194	internal-	6	6	{Augustus_model.g3075.t1;Augustus},{GlimmerHMM_glimmerT_3718-T1;GlimmerHMM},{GeneMark_model.3969_t;GeneMark}
54292	54234	INTRON			{Augustus_model.g3075.t1;Augustus},{GlimmerHMM_glimmerT_3718-T1;GlimmerHMM},{GeneMark_model.3969_t;GeneMark}
54366	54293	initial-	4	5	{Augustus_model.g3075.t1;Augustus},{GlimmerHMM_glimmerT_3718-T1;GlimmerHMM},{GeneMark_model.3969_t;GeneMark}

# EVM prediction: Mode:STANDARD S-ratio: 3.48 54822-56093 orient(+) score(4053.00) noncoding_equivalent(1163.72) raw_noncoding(1383.00) offset(219.28)
54822	55447	initial+	1	2	{Augustus_model.g3076.t1;Augustus},{GeneMark_model.3970_t;GeneMark}
55448	55505	INTRON			{Augustus_model.g3076.t1;Augustus},{GeneMark_model.3970_t;GeneMark}
55506	55548	internal+	3	3	{Augustus_model.g3076.t1;Augustus},{GeneMark_model.3970_t;GeneMark}
55549	55610	INTRON			{Augustus_model.g3076.t1;Augustus},{GeneMark_model.3970_t;GeneMark}
55611	55947	internal+	1	1	{GlimmerHMM_glimmerT_3719-T1;GlimmerHMM},{Augustus_model.g3076.t1;Augustus},{GeneMark_model.3970_t;GeneMark}
55948	56016	INTRON			{GlimmerHMM_glimmerT_3719-T1;GlimmerHMM},{Augustus_model.g3076.t1;Augustus},{GeneMark_model.3970_t;GeneMark}
56017	56093	terminal+	2	3	{GlimmerHMM_glimmerT_3719-T1;GlimmerHMM},{Augustus_model.g3076.t1;Augustus},{GeneMark_model.3970_t;GeneMark}

# EVM prediction: Mode:STANDARD S-ratio: 2.80 56232-57969 orient(-) score(5224.00) noncoding_equivalent(1868.73) raw_noncoding(2035.00) offset(166.27)
56701	56232	terminal-	5	6	{GlimmerHMM_glimmerT_3720-T1;GlimmerHMM},{GeneMark_model.3971_t;GeneMark}
56764	56702	INTRON			{GlimmerHMM_glimmerT_3720-T1;GlimmerHMM},{GeneMark_model.3971_t;GeneMark}
57457	56765	internal-	5	4	{GlimmerHMM_glimmerT_3720-T1;GlimmerHMM},{GeneMark_model.3971_t;GeneMark}
57530	57458	INTRON			{Augustus_model.g3077.t1;Augustus},{GlimmerHMM_glimmerT_3720-T1;GlimmerHMM},{GeneMark_model.3971_t;GeneMark}
57969	57531	initial-	4	4	{Augustus_model.g3077.t1;Augustus},{GlimmerHMM_glimmerT_3720-T1;GlimmerHMM},{GeneMark_model.3971_t;GeneMark}

# EVM prediction: Mode:STANDARD S-ratio: 2.44 58386-59702 orient(-) score(4172.00) noncoding_equivalent(1708.57) raw_noncoding(2037.00) offset(328.43)
58550	58386	terminal-	4	6	{Augustus_model.g3078.t1;Augustus},{GlimmerHMM_glimmerT_3721-T1;GlimmerHMM},{GeneMark_model.3972_t;GeneMark}
58626	58551	INTRON			{Augustus_model.g3078.t1;Augustus},{GlimmerHMM_glimmerT_3721-T1;GlimmerHMM},{GeneMark_model.3972_t;GeneMark}
58904	58627	internal-	5	6	{Augustus_model.g3078.t1;Augustus},{GlimmerHMM_glimmerT_3721-T1;GlimmerHMM},{GeneMark_model.3972_t;GeneMark}
58990	58905	INTRON			{Augustus_model.g3078.t1;Augustus},{GlimmerHMM_glimmerT_3721-T1;GlimmerHMM},{GeneMark_model.3972_t;GeneMark}
59187	58991	internal-	6	4	{Augustus_model.g3078.t1;Augustus},{GlimmerHMM_glimmerT_3721-T1;GlimmerHMM},{GeneMark_model.3972_t;GeneMark}
59261	59188	INTRON			{Augustus_model.g3078.t1;Augustus},{GlimmerHMM_glimmerT_3721-T1;GlimmerHMM},{GeneMark_model.3972_t;GeneMark}
59475	59262	internal-	5	5	{Augustus_model.g3078.t1;Augustus},{GlimmerHMM_glimmerT_3721-T1;GlimmerHMM},{GeneMark_model.3972_t;GeneMark}
59554	59476	INTRON			{Augustus_model.g3078.t1;Augustus},{GlimmerHMM_glimmerT_3721-T1;GlimmerHMM},{GeneMark_model.3972_t;GeneMark}
59702	59555	initial-	4	4	{Augustus_model.g3078.t1;Augustus},{GlimmerHMM_glimmerT_3721-T1;GlimmerHMM},{GeneMark_model.3972_t;GeneMark}

# EVM prediction: Mode:STANDARD S-ratio: 12.03 61210-63588 orient(-) score(8898.00) noncoding_equivalent(739.57) raw_noncoding(807.00) offset(67.43)
62962	61210	terminal-	6	6	{GlimmerHMM_glimmerT_3722-T1;GlimmerHMM},{snap_scaffold_9-snap.24-T1;snap},{GeneMark_model.3973_t;GeneMark},{Augustus_model.g3079.t1;Augustus}
63025	62963	INTRON			{GlimmerHMM_glimmerT_3722-T1;GlimmerHMM},{GeneMark_model.3973_t;GeneMark},{Augustus_model.g3079.t1;Augustus}
63588	63026	initial-	4	5	{GlimmerHMM_glimmerT_3722-T1;GlimmerHMM},{GeneMark_model.3973_t;GeneMark},{Augustus_model.g3079.t1;Augustus}

# EVM prediction: Mode:STANDARD S-ratio: 2.79 65050-69267 orient(+) score(12500.00) noncoding_equivalent(4483.45) raw_noncoding(5232.00) offset(748.55)
65050	66064	initial+	1	1	{Augustus_model.g3080.t1;Augustus},{GlimmerHMM_glimmerT_3723-T1;GlimmerHMM}
66065	66139	INTRON			{Augustus_model.g3080.t1;Augustus},{GeneMark_model.3974_t;GeneMark}
66140	66515	internal+	2	2	{GeneMark_model.3974_t;GeneMark}
66516	66578	INTRON			{GeneMark_model.3974_t;GeneMark}
66579	66709	internal+	3	1	{GeneMark_model.3974_t;GeneMark}
66710	66767	INTRON			{Augustus_model.g3080.t1;Augustus},{GeneMark_model.3974_t;GeneMark},{GlimmerHMM_glimmerT_3723-T1;GlimmerHMM}
66768	67444	internal+	2	3	{Augustus_model.g3080.t1;Augustus},{GeneMark_model.3974_t;GeneMark}
67445	67500	INTRON			{Augustus_model.g3080.t1;Augustus},{GeneMark_model.3974_t;GeneMark}
67501	68023	internal+	1	1	{Augustus_model.g3080.t1;Augustus},{GeneMark_model.3974_t;GeneMark}
68024	68080	INTRON			{Augustus_model.g3080.t1;Augustus},{GeneMark_model.3974_t;GeneMark}
68081	68485	internal+	2	1	{Augustus_model.g3080.t1;Augustus},{GeneMark_model.3974_t;GeneMark},{GlimmerHMM_glimmerT_3723-T1;GlimmerHMM}
68486	68551	INTRON			{Augustus_model.g3080.t1;Augustus},{GeneMark_model.3974_t;GeneMark},{GlimmerHMM_glimmerT_3723-T1;GlimmerHMM}
68552	69128	internal+	2	2	{Augustus_model.g3080.t1;Augustus},{GeneMark_model.3974_t;GeneMark}
69129	69197	INTRON			{Augustus_model.g3080.t1;Augustus},{GeneMark_model.3974_t;GeneMark}
69198	69267	terminal+	3	3	{Augustus_model.g3080.t1;Augustus},{GeneMark_model.3974_t;GeneMark}

# EVM prediction: Mode:STANDARD S-ratio: 4.00 69583-70927 orient(+) score(5815.00) noncoding_equivalent(1455.36) raw_noncoding(1681.00) offset(225.64)
69583	69739	initial+	1	1	{GeneMark_model.3975_t;GeneMark},{Augustus_model.g3081.t1;Augustus},{GlimmerHMM_glimmerT_3724-T1;GlimmerHMM}
69740	69812	INTRON			{GeneMark_model.3975_t;GeneMark},{Augustus_model.g3081.t1;Augustus},{GlimmerHMM_glimmerT_3724-T1;GlimmerHMM}
69813	69915	internal+	2	2	{GeneMark_model.3975_t;GeneMark},{Augustus_model.g3081.t1;Augustus},{GlimmerHMM_glimmerT_3724-T1;GlimmerHMM}
69916	70040	INTRON			{GeneMark_model.3975_t;GeneMark},{Augustus_model.g3081.t1;Augustus},{GlimmerHMM_glimmerT_3724-T1;GlimmerHMM},{ev_type:exonerate/ID=match.2566964.3553/Target=lcl|PJQD01000047_1_prot_POY72800_1_4282;exonerate}
70041	70420	internal+	3	1	{GeneMark_model.3975_t;GeneMark},{Augustus_model.g3081.t1;Augustus},{GlimmerHMM_glimmerT_3724-T1;GlimmerHMM},{ev_type:exonerate/ID=match.2566964.3553/Target=lcl|PJQD01000047_1_prot_POY72800_1_4282;exonerate}
70421	70485	INTRON			{GeneMark_model.3975_t;GeneMark},{Augustus_model.g3081.t1;Augustus},{GlimmerHMM_glimmerT_3724-T1;GlimmerHMM},{ev_type:exonerate/ID=match.2566964.3553/Target=lcl|PJQD01000047_1_prot_POY72800_1_4282;exonerate}
70486	70562	internal+	2	3	{GeneMark_model.3975_t;GeneMark},{Augustus_model.g3081.t1;Augustus},{GlimmerHMM_glimmerT_3724-T1;GlimmerHMM},{ev_type:exonerate/ID=match.2566964.3553/Target=lcl|PJQD01000047_1_prot_POY72800_1_4282;exonerate}
70563	70633	INTRON			{GeneMark_model.3975_t;GeneMark},{Augustus_model.g3081.t1;Augustus},{GlimmerHMM_glimmerT_3724-T1;GlimmerHMM},{ev_type:exonerate/ID=match.2566964.3553/Target=lcl|PJQD01000047_1_prot_POY72800_1_4282;exonerate}
70634	70927	terminal+	1	3	{GeneMark_model.3975_t;GeneMark},{Augustus_model.g3081.t1;Augustus},{GlimmerHMM_glimmerT_3724-T1;GlimmerHMM}

# EVM prediction: Mode:STANDARD S-ratio: 8.72 72677-74287 orient(-) score(5780.00) noncoding_equivalent(662.90) raw_noncoding(791.31) offset(128.41)
74088	72677	terminal-	5	6	{GeneMark_model.3976_t;GeneMark},{Augustus_model.g3082.t1;Augustus},{snap_scaffold_9-snap.29-T1;snap}
74152	74089	INTRON			{GeneMark_model.3976_t;GeneMark},{Augustus_model.g3082.t1;Augustus}
74287	74153	internal-	5	4	{GeneMark_model.3976_t;GeneMark},{Augustus_model.g3082.t1;Augustus}

# EVM prediction: Mode:STANDARD S-ratio: 7.74 77041-77381 orient(+) score(1208.00) noncoding_equivalent(156.07) raw_noncoding(294.58) offset(138.51)
77041	77303	initial+	1	2	{GlimmerHMM_glimmerT_3726-T1;GlimmerHMM},{GeneMark_model.3977_t;GeneMark},{Augustus_model.g3083.t1;Augustus}
77304	77374	INTRON			{GeneMark_model.3977_t;GeneMark},{Augustus_model.g3083.t1;Augustus}
77375	77381	terminal+	3	3	{GeneMark_model.3977_t;GeneMark},{Augustus_model.g3083.t1;Augustus}

# EVM prediction: Mode:STANDARD S-ratio: 2.45 77916-78604 orient(-) score(2067.00) noncoding_equivalent(845.00) raw_noncoding(929.00) offset(84.00)
78398	77916	terminal-	4	6	{Augustus_model.g3084.t1;Augustus},{GeneMark_model.3978_t;GeneMark},{GlimmerHMM_glimmerT_3727-T1;GlimmerHMM}
78478	78399	INTRON			{Augustus_model.g3084.t1;Augustus},{GeneMark_model.3978_t;GeneMark},{GlimmerHMM_glimmerT_3727-T1;GlimmerHMM}
78604	78479	initial-	4	6	{GlimmerHMM_glimmerT_3727-T1;GlimmerHMM}

# EVM prediction: Mode:STANDARD S-ratio: 2.44 78789-79073 orient(-) score(724.00) noncoding_equivalent(296.25) raw_noncoding(356.25) offset(60.00)
78952	78789	terminal-	5	6	{GlimmerHMM_glimmerT_3728-T1;GlimmerHMM}
79012	78953	INTRON			{GlimmerHMM_glimmerT_3728-T1;GlimmerHMM}
79073	79013	initial-	4	4	{GlimmerHMM_glimmerT_3728-T1;GlimmerHMM}

# EVM prediction: Mode:STANDARD S-ratio: 5.98 79597-81987 orient(+) score(13049.00) noncoding_equivalent(2180.42) raw_noncoding(2464.94) offset(284.52)
79597	79704	initial+	1	3	{Augustus_model.g3085.t1;Augustus},{GlimmerHMM_glimmerT_3729-T1;GlimmerHMM},{GeneMark_model.3979_t;GeneMark}
79705	79813	INTRON			{Augustus_model.g3085.t1;Augustus},{GlimmerHMM_glimmerT_3729-T1;GlimmerHMM},{GeneMark_model.3979_t;GeneMark},{ev_type:exonerate/ID=match.2566964.3509/Target=lcl|PJQD01000001_1_prot_POY76804_1_53;exonerate},{ev_type:exonerate/ID=match.2566964.3514/Target=lcl|KQ954491_1_prot_KWU43384_1_4315;exonerate}
79814	80087	internal+	1	1	{Augustus_model.g3085.t1;Augustus},{GlimmerHMM_glimmerT_3729-T1;GlimmerHMM},{GeneMark_model.3979_t;GeneMark},{ev_type:exonerate/ID=match.2566964.3509/Target=lcl|PJQD01000001_1_prot_POY76804_1_53;exonerate},{ev_type:exonerate/ID=match.2566964.3514/Target=lcl|KQ954491_1_prot_KWU43384_1_4315;exonerate}
80088	80170	INTRON			{Augustus_model.g3085.t1;Augustus},{GlimmerHMM_glimmerT_3729-T1;GlimmerHMM},{GeneMark_model.3979_t;GeneMark},{ev_type:exonerate/ID=match.2566964.3509/Target=lcl|PJQD01000001_1_prot_POY76804_1_53;exonerate},{ev_type:exonerate/ID=match.2566964.3514/Target=lcl|KQ954491_1_prot_KWU43384_1_4315;exonerate}
80171	80814	internal+	2	3	{Augustus_model.g3085.t1;Augustus},{GlimmerHMM_glimmerT_3729-T1;GlimmerHMM},{GeneMark_model.3979_t;GeneMark},{ev_type:exonerate/ID=match.2566964.3509/Target=lcl|PJQD01000001_1_prot_POY76804_1_53;exonerate},{ev_type:exonerate/ID=match.2566964.3514/Target=lcl|KQ954491_1_prot_KWU43384_1_4315;exonerate}
80815	80882	INTRON			{Augustus_model.g3085.t1;Augustus},{GlimmerHMM_glimmerT_3729-T1;GlimmerHMM},{GeneMark_model.3979_t;GeneMark},{ev_type:exonerate/ID=match.2566964.3509/Target=lcl|PJQD01000001_1_prot_POY76804_1_53;exonerate},{ev_type:exonerate/ID=match.2566964.3514/Target=lcl|KQ954491_1_prot_KWU43384_1_4315;exonerate}
80883	80956	internal+	1	2	{Augustus_model.g3085.t1;Augustus},{GlimmerHMM_glimmerT_3729-T1;GlimmerHMM},{GeneMark_model.3979_t;GeneMark},{ev_type:exonerate/ID=match.2566964.3509/Target=lcl|PJQD01000001_1_prot_POY76804_1_53;exonerate},{ev_type:exonerate/ID=match.2566964.3514/Target=lcl|KQ954491_1_prot_KWU43384_1_4315;exonerate}
80957	81023	INTRON			{Augustus_model.g3085.t1;Augustus},{GlimmerHMM_glimmerT_3729-T1;GlimmerHMM},{GeneMark_model.3979_t;GeneMark},{ev_type:exonerate/ID=match.2566964.3509/Target=lcl|PJQD01000001_1_prot_POY76804_1_53;exonerate},{ev_type:exonerate/ID=match.2566964.3514/Target=lcl|KQ954491_1_prot_KWU43384_1_4315;exonerate}
81024	81519	internal+	3	3	{Augustus_model.g3085.t1;Augustus},{GlimmerHMM_glimmerT_3729-T1;GlimmerHMM},{GeneMark_model.3979_t;GeneMark},{ev_type:exonerate/ID=match.2566964.3509/Target=lcl|PJQD01000001_1_prot_POY76804_1_53;exonerate},{ev_type:exonerate/ID=match.2566964.3514/Target=lcl|KQ954491_1_prot_KWU43384_1_4315;exonerate}
81520	81615	INTRON			{Augustus_model.g3085.t1;Augustus},{GlimmerHMM_glimmerT_3729-T1;GlimmerHMM},{GeneMark_model.3979_t;GeneMark},{ev_type:exonerate/ID=match.2566964.3509/Target=lcl|PJQD01000001_1_prot_POY76804_1_53;exonerate},{ev_type:exonerate/ID=match.2566964.3514/Target=lcl|KQ954491_1_prot_KWU43384_1_4315;exonerate}
81616	81870	internal+	1	3	{Augustus_model.g3085.t1;Augustus},{GlimmerHMM_glimmerT_3729-T1;GlimmerHMM},{GeneMark_model.3979_t;GeneMark},{ev_type:exonerate/ID=match.2566964.3514/Target=lcl|KQ954491_1_prot_KWU43384_1_4315;exonerate}
81871	81963	INTRON			{Augustus_model.g3085.t1;Augustus},{GlimmerHMM_glimmerT_3729-T1;GlimmerHMM},{GeneMark_model.3979_t;GeneMark},{ev_type:exonerate/ID=match.2566964.3514/Target=lcl|KQ954491_1_prot_KWU43384_1_4315;exonerate}
81964	81987	terminal+	1	3	{Augustus_model.g3085.t1;Augustus},{GlimmerHMM_glimmerT_3729-T1;GlimmerHMM},{GeneMark_model.3979_t;GeneMark}

# EVM prediction: Mode:STANDARD S-ratio: 2.21 82433-84278 orient(-) score(5428.00) noncoding_equivalent(2459.02) raw_noncoding(3001.49) offset(542.48)
82475	82433	terminal-	6	6	{GeneMark_model.3980_t;GeneMark},{GlimmerHMM_glimmerT_3730-T1;GlimmerHMM},{Augustus_model.g3086.t1;Augustus}
82553	82476	INTRON			{GeneMark_model.3980_t;GeneMark},{Augustus_model.g3086.t1;Augustus}
82601	82554	internal-	6	5	{GeneMark_model.3980_t;GeneMark},{Augustus_model.g3086.t1;Augustus}
82677	82602	INTRON			{GeneMark_model.3980_t;GeneMark},{Augustus_model.g3086.t1;Augustus}
83240	82678	internal-	4	5	{GeneMark_model.3980_t;GeneMark},{GlimmerHMM_glimmerT_3730-T1;GlimmerHMM},{Augustus_model.g3086.t1;Augustus}
83303	83241	INTRON			{GeneMark_model.3980_t;GeneMark},{GlimmerHMM_glimmerT_3730-T1;GlimmerHMM},{Augustus_model.g3086.t1;Augustus}
83489	83304	internal-	4	6	{GeneMark_model.3980_t;GeneMark},{GlimmerHMM_glimmerT_3730-T1;GlimmerHMM},{Augustus_model.g3086.t1;Augustus}
83551	83490	INTRON			{GeneMark_model.3980_t;GeneMark},{GlimmerHMM_glimmerT_3730-T1;GlimmerHMM},{Augustus_model.g3086.t1;Augustus}
83640	83552	internal-	5	6	{GeneMark_model.3980_t;GeneMark},{GlimmerHMM_glimmerT_3730-T1;GlimmerHMM},{Augustus_model.g3086.t1;Augustus}
83710	83641	INTRON			{GeneMark_model.3980_t;GeneMark},{GlimmerHMM_glimmerT_3730-T1;GlimmerHMM},{Augustus_model.g3086.t1;Augustus}
83925	83711	internal-	6	4	{GeneMark_model.3980_t;GeneMark},{GlimmerHMM_glimmerT_3730-T1;GlimmerHMM},{Augustus_model.g3086.t1;Augustus}
83991	83926	INTRON			{GeneMark_model.3980_t;GeneMark},{GlimmerHMM_glimmerT_3730-T1;GlimmerHMM},{Augustus_model.g3086.t1;Augustus}
84278	83992	initial-	4	5	{GlimmerHMM_glimmerT_3730-T1;GlimmerHMM}

# EVM prediction: Mode:STANDARD S-ratio: 2.05 85173-87045 orient(+) score(5708.00) noncoding_equivalent(2787.76) raw_noncoding(3433.00) offset(645.24)
85173	85271	initial+	1	3	{Augustus_model.g3087.t1;Augustus},{GeneMark_model.3981_t;GeneMark},{GlimmerHMM_glimmerT_3731-T1;GlimmerHMM}
85272	85493	INTRON			{Augustus_model.g3087.t1;Augustus},{GeneMark_model.3981_t;GeneMark},{GlimmerHMM_glimmerT_3731-T1;GlimmerHMM}
85494	85628	internal+	1	3	{Augustus_model.g3087.t1;Augustus},{GeneMark_model.3981_t;GeneMark},{GlimmerHMM_glimmerT_3731-T1;GlimmerHMM}
85629	85697	INTRON			{Augustus_model.g3087.t1;Augustus},{GeneMark_model.3981_t;GeneMark},{GlimmerHMM_glimmerT_3731-T1;GlimmerHMM}
85698	85864	internal+	1	2	{Augustus_model.g3087.t1;Augustus},{GeneMark_model.3981_t;GeneMark},{GlimmerHMM_glimmerT_3731-T1;GlimmerHMM}
85865	85932	INTRON			{Augustus_model.g3087.t1;Augustus},{GeneMark_model.3981_t;GeneMark},{GlimmerHMM_glimmerT_3731-T1;GlimmerHMM}
85933	86496	internal+	3	2	{GeneMark_model.3981_t;GeneMark},{GlimmerHMM_glimmerT_3731-T1;GlimmerHMM}
86497	86569	INTRON			{GeneMark_model.3981_t;GeneMark},{GlimmerHMM_glimmerT_3731-T1;GlimmerHMM}
86570	86768	internal+	3	3	{Augustus_model.g3087.t1;Augustus},{GeneMark_model.3981_t;GeneMark},{GlimmerHMM_glimmerT_3731-T1;GlimmerHMM}
86769	86840	INTRON			{Augustus_model.g3087.t1;Augustus},{GeneMark_model.3981_t;GeneMark},{GlimmerHMM_glimmerT_3731-T1;GlimmerHMM}
86841	86924	internal+	1	3	{Augustus_model.g3087.t1;Augustus},{GeneMark_model.3981_t;GeneMark},{GlimmerHMM_glimmerT_3731-T1;GlimmerHMM}
86925	87006	INTRON			{Augustus_model.g3087.t1;Augustus},{GeneMark_model.3981_t;GeneMark},{GlimmerHMM_glimmerT_3731-T1;GlimmerHMM}
87007	87045	terminal+	1	3	{Augustus_model.g3087.t1;Augustus},{GeneMark_model.3981_t;GeneMark},{GlimmerHMM_glimmerT_3731-T1;GlimmerHMM}

# EVM prediction: Mode:STANDARD S-ratio: 3.04 87636-88894 orient(-) score(3990.00) noncoding_equivalent(1312.00) raw_noncoding(1430.00) offset(118.00)
88118	87636	terminal-	4	6	{GlimmerHMM_glimmerT_3732-T1;GlimmerHMM},{Augustus_model.g3088.t1;Augustus},{GeneMark_model.3982_t;GeneMark}
88191	88119	INTRON			{GlimmerHMM_glimmerT_3732-T1;GlimmerHMM},{Augustus_model.g3088.t1;Augustus},{GeneMark_model.3982_t;GeneMark}
88392	88192	internal-	4	6	{GlimmerHMM_glimmerT_3732-T1;GlimmerHMM},{Augustus_model.g3088.t1;Augustus},{GeneMark_model.3982_t;GeneMark}
88456	88393	INTRON			{GlimmerHMM_glimmerT_3732-T1;GlimmerHMM},{Augustus_model.g3088.t1;Augustus},{GeneMark_model.3982_t;GeneMark}
88894	88457	initial-	4	6	{GlimmerHMM_glimmerT_3732-T1;GlimmerHMM},{GeneMark_model.3982_t;GeneMark}

# EVM prediction: Mode:STANDARD S-ratio: 3.55 89245-92055 orient(+) score(8868.00) noncoding_equivalent(2499.28) raw_noncoding(2566.28) offset(67.00)
89245	90531	initial+	1	3	{GeneMark_model.3983_t;GeneMark},{Augustus_model.g3089.t1;Augustus}
90532	90594	INTRON			{GeneMark_model.3983_t;GeneMark},{GlimmerHMM_glimmerT_3733-T1;GlimmerHMM},{Augustus_model.g3089.t1;Augustus}
90595	92055	terminal+	1	3	{GeneMark_model.3983_t;GeneMark},{GlimmerHMM_glimmerT_3733-T1;GlimmerHMM}

# EVM prediction: Mode:STANDARD S-ratio: 1.89 92390-95047 orient(-) score(7588.00) noncoding_equivalent(4007.05) raw_noncoding(5424.00) offset(1416.95)
92648	92390	terminal-	6	6	{GeneMark_model.3984_t;GeneMark},{snap_scaffold_9-snap.36-T1;snap},{GlimmerHMM_glimmerT_3734-T1;GlimmerHMM},{Augustus_model.g3090.t1;Augustus}
92720	92649	INTRON			{GeneMark_model.3984_t;GeneMark},{GlimmerHMM_glimmerT_3734-T1;GlimmerHMM},{Augustus_model.g3090.t1;Augustus}
92806	92721	internal-	4	5	{GeneMark_model.3984_t;GeneMark},{GlimmerHMM_glimmerT_3734-T1;GlimmerHMM},{Augustus_model.g3090.t1;Augustus}
92866	92807	INTRON			{GeneMark_model.3984_t;GeneMark},{GlimmerHMM_glimmerT_3734-T1;GlimmerHMM},{Augustus_model.g3090.t1;Augustus}
93040	92867	internal-	4	6	{GeneMark_model.3984_t;GeneMark},{GlimmerHMM_glimmerT_3734-T1;GlimmerHMM},{Augustus_model.g3090.t1;Augustus}
93105	93041	INTRON			{GeneMark_model.3984_t;GeneMark},{GlimmerHMM_glimmerT_3734-T1;GlimmerHMM},{Augustus_model.g3090.t1;Augustus}
93113	93106	internal-	5	6	{GeneMark_model.3984_t;GeneMark},{snap_scaffold_9-snap.36-T1;snap},{GlimmerHMM_glimmerT_3734-T1;GlimmerHMM},{Augustus_model.g3090.t1;Augustus}
93193	93114	INTRON			{GeneMark_model.3984_t;GeneMark},{snap_scaffold_9-snap.36-T1;snap},{GlimmerHMM_glimmerT_3734-T1;GlimmerHMM},{Augustus_model.g3090.t1;Augustus}
93388	93194	internal-	5	4	{GeneMark_model.3984_t;GeneMark},{GlimmerHMM_glimmerT_3734-T1;GlimmerHMM},{Augustus_model.g3090.t1;Augustus}
93464	93389	INTRON			{GeneMark_model.3984_t;GeneMark},{GlimmerHMM_glimmerT_3734-T1;GlimmerHMM},{Augustus_model.g3090.t1;Augustus}
93811	93465	internal-	6	4	{GeneMark_model.3984_t;GeneMark},{Augustus_model.g3090.t1;Augustus}
93875	93812	INTRON			{GeneMark_model.3984_t;GeneMark},{Augustus_model.g3090.t1;Augustus}
93931	93876	internal-	4	5	{GeneMark_model.3984_t;GeneMark},{Augustus_model.g3090.t1;Augustus}
93989	93932	INTRON			{GeneMark_model.3984_t;GeneMark},{Augustus_model.g3090.t1;Augustus}
94087	93990	internal-	5	6	{GeneMark_model.3984_t;GeneMark},{GlimmerHMM_glimmerT_3734-T1;GlimmerHMM},{Augustus_model.g3090.t1;Augustus}
94152	94088	INTRON			{GeneMark_model.3984_t;GeneMark},{GlimmerHMM_glimmerT_3734-T1;GlimmerHMM},{Augustus_model.g3090.t1;Augustus}
94329	94153	internal-	5	4	{GeneMark_model.3984_t;GeneMark},{GlimmerHMM_glimmerT_3734-T1;GlimmerHMM},{Augustus_model.g3090.t1;Augustus}
94394	94330	INTRON			{GeneMark_model.3984_t;GeneMark},{Augustus_model.g3090.t1;Augustus}
94421	94395	internal-	5	4	{GeneMark_model.3984_t;GeneMark},{Augustus_model.g3090.t1;Augustus}
94494	94422	INTRON			{GeneMark_model.3984_t;GeneMark},{Augustus_model.g3090.t1;Augustus}
94589	94495	internal-	6	4	{GeneMark_model.3984_t;GeneMark},{GlimmerHMM_glimmerT_3734-T1;GlimmerHMM},{Augustus_model.g3090.t1;Augustus}
94672	94590	INTRON			{GeneMark_model.3984_t;GeneMark},{Augustus_model.g3090.t1;Augustus}
94720	94673	internal-	6	5	{GeneMark_model.3984_t;GeneMark},{Augustus_model.g3090.t1;Augustus}
94783	94721	INTRON			{GeneMark_model.3984_t;GeneMark},{Augustus_model.g3090.t1;Augustus}
94819	94784	internal-	6	5	{GeneMark_model.3984_t;GeneMark},{Augustus_model.g3090.t1;Augustus}
94940	94820	INTRON			{GeneMark_model.3984_t;GeneMark},{Augustus_model.g3090.t1;Augustus}
95047	94941	initial-	4	5	{GeneMark_model.3984_t;GeneMark},{GlimmerHMM_glimmerT_3734-T1;GlimmerHMM},{Augustus_model.g3090.t1;Augustus}

# EVM prediction: Mode:STANDARD S-ratio: 3.21 95814-101119 orient(-) score(27747.00) noncoding_equivalent(8653.66) raw_noncoding(10343.00) offset(1689.34)
96054	95814	terminal-	6	6	{GlimmerHMM_glimmerT_3735-T1;GlimmerHMM},{snap_scaffold_9-snap.37-T1;snap},{HiQ_model.g3091.t1;HiQ},{GeneMark_model.3985_t;GeneMark}
96111	96055	INTRON			{GlimmerHMM_glimmerT_3735-T1;GlimmerHMM},{HiQ_model.g3091.t1;HiQ},{GeneMark_model.3985_t;GeneMark},{ev_type:exonerate/ID=match.2566964.840/Target=lcl|KQ954495_1_prot_KWU43090_1_4537;exonerate}
96169	96112	internal-	5	5	{GlimmerHMM_glimmerT_3735-T1;GlimmerHMM},{HiQ_model.g3091.t1;HiQ},{GeneMark_model.3985_t;GeneMark},{ev_type:exonerate/ID=match.2566964.840/Target=lcl|KQ954495_1_prot_KWU43090_1_4537;exonerate}
96230	96170	INTRON			{GlimmerHMM_glimmerT_3735-T1;GlimmerHMM},{HiQ_model.g3091.t1;HiQ},{GeneMark_model.3985_t;GeneMark},{ev_type:exonerate/ID=match.2566964.840/Target=lcl|KQ954495_1_prot_KWU43090_1_4537;exonerate}
96520	96231	internal-	6	4	{GlimmerHMM_glimmerT_3735-T1;GlimmerHMM},{HiQ_model.g3091.t1;HiQ},{GeneMark_model.3985_t;GeneMark},{ev_type:exonerate/ID=match.2566964.840/Target=lcl|KQ954495_1_prot_KWU43090_1_4537;exonerate}
96583	96521	INTRON			{HiQ_model.g3091.t1;HiQ},{ev_type:exonerate/ID=match.2566964.840/Target=lcl|KQ954495_1_prot_KWU43090_1_4537;exonerate}
96666	96584	internal-	4	5	{HiQ_model.g3091.t1;HiQ},{ev_type:exonerate/ID=match.2566964.840/Target=lcl|KQ954495_1_prot_KWU43090_1_4537;exonerate}
96731	96667	INTRON			{GlimmerHMM_glimmerT_3735-T1;GlimmerHMM},{HiQ_model.g3091.t1;HiQ},{GeneMark_model.3985_t;GeneMark},{ev_type:exonerate/ID=match.2566964.840/Target=lcl|KQ954495_1_prot_KWU43090_1_4537;exonerate}
96964	96732	internal-	5	6	{GlimmerHMM_glimmerT_3735-T1;GlimmerHMM},{HiQ_model.g3091.t1;HiQ},{GeneMark_model.3985_t;GeneMark},{ev_type:exonerate/ID=match.2566964.840/Target=lcl|KQ954495_1_prot_KWU43090_1_4537;exonerate}
97042	96965	INTRON			{GlimmerHMM_glimmerT_3735-T1;GlimmerHMM},{HiQ_model.g3091.t1;HiQ},{GeneMark_model.3985_t;GeneMark},{ev_type:exonerate/ID=match.2566964.840/Target=lcl|KQ954495_1_prot_KWU43090_1_4537;exonerate}
97709	97043	internal-	4	4	{GlimmerHMM_glimmerT_3735-T1;GlimmerHMM},{HiQ_model.g3091.t1;HiQ},{GeneMark_model.3985_t;GeneMark},{ev_type:exonerate/ID=match.2566964.840/Target=lcl|KQ954495_1_prot_KWU43090_1_4537;exonerate}
97769	97710	INTRON			{GlimmerHMM_glimmerT_3735-T1;GlimmerHMM},{HiQ_model.g3091.t1;HiQ},{GeneMark_model.3985_t;GeneMark},{ev_type:exonerate/ID=match.2566964.840/Target=lcl|KQ954495_1_prot_KWU43090_1_4537;exonerate}
97849	97770	internal-	5	6	{GlimmerHMM_glimmerT_3735-T1;GlimmerHMM},{HiQ_model.g3091.t1;HiQ},{GeneMark_model.3985_t;GeneMark}
97908	97850	INTRON			{GlimmerHMM_glimmerT_3735-T1;GlimmerHMM},{HiQ_model.g3091.t1;HiQ},{GeneMark_model.3985_t;GeneMark}
98574	97909	internal-	5	4	{GlimmerHMM_glimmerT_3735-T1;GlimmerHMM},{HiQ_model.g3091.t1;HiQ},{GeneMark_model.3985_t;GeneMark}
98656	98575	INTRON			{GlimmerHMM_glimmerT_3735-T1;GlimmerHMM},{HiQ_model.g3091.t1;HiQ},{GeneMark_model.3985_t;GeneMark},{ev_type:exonerate/ID=match.2566964.840/Target=lcl|KQ954495_1_prot_KWU43090_1_4537;exonerate}
99081	98657	internal-	6	4	{GlimmerHMM_glimmerT_3735-T1;GlimmerHMM},{HiQ_model.g3091.t1;HiQ},{GeneMark_model.3985_t;GeneMark},{ev_type:exonerate/ID=match.2566964.840/Target=lcl|KQ954495_1_prot_KWU43090_1_4537;exonerate}
99144	99082	INTRON			{GlimmerHMM_glimmerT_3735-T1;GlimmerHMM},{HiQ_model.g3091.t1;HiQ},{GeneMark_model.3985_t;GeneMark},{ev_type:exonerate/ID=match.2566964.840/Target=lcl|KQ954495_1_prot_KWU43090_1_4537;exonerate}
99504	99145	internal-	6	5	{GlimmerHMM_glimmerT_3735-T1;GlimmerHMM},{HiQ_model.g3091.t1;HiQ},{GeneMark_model.3985_t;GeneMark},{ev_type:exonerate/ID=match.2566964.840/Target=lcl|KQ954495_1_prot_KWU43090_1_4537;exonerate}
99563	99505	INTRON			{GlimmerHMM_glimmerT_3735-T1;GlimmerHMM},{HiQ_model.g3091.t1;HiQ},{GeneMark_model.3985_t;GeneMark},{ev_type:exonerate/ID=match.2566964.840/Target=lcl|KQ954495_1_prot_KWU43090_1_4537;exonerate}
99793	99564	internal-	4	5	{GlimmerHMM_glimmerT_3735-T1;GlimmerHMM},{HiQ_model.g3091.t1;HiQ},{GeneMark_model.3985_t;GeneMark},{ev_type:exonerate/ID=match.2566964.840/Target=lcl|KQ954495_1_prot_KWU43090_1_4537;exonerate}
99857	99794	INTRON			{GlimmerHMM_glimmerT_3735-T1;GlimmerHMM},{HiQ_model.g3091.t1;HiQ},{GeneMark_model.3985_t;GeneMark},{ev_type:exonerate/ID=match.2566964.840/Target=lcl|KQ954495_1_prot_KWU43090_1_4537;exonerate}
100102	99858	internal-	5	6	{GlimmerHMM_glimmerT_3735-T1;GlimmerHMM},{HiQ_model.g3091.t1;HiQ},{GeneMark_model.3985_t;GeneMark},{ev_type:exonerate/ID=match.2566964.840/Target=lcl|KQ954495_1_prot_KWU43090_1_4537;exonerate}
100199	100103	INTRON			{GlimmerHMM_glimmerT_3735-T1;GlimmerHMM},{HiQ_model.g3091.t1;HiQ},{GeneMark_model.3985_t;GeneMark},{ev_type:exonerate/ID=match.2566964.840/Target=lcl|KQ954495_1_prot_KWU43090_1_4537;exonerate}
100345	100200	internal-	6	4	{GlimmerHMM_glimmerT_3735-T1;GlimmerHMM},{HiQ_model.g3091.t1;HiQ},{GeneMark_model.3985_t;GeneMark},{ev_type:exonerate/ID=match.2566964.840/Target=lcl|KQ954495_1_prot_KWU43090_1_4537;exonerate}
100412	100346	INTRON			{GlimmerHMM_glimmerT_3735-T1;GlimmerHMM},{HiQ_model.g3091.t1;HiQ},{GeneMark_model.3985_t;GeneMark},{ev_type:exonerate/ID=match.2566964.840/Target=lcl|KQ954495_1_prot_KWU43090_1_4537;exonerate}
101119	100413	initial-	4	5	{GlimmerHMM_glimmerT_3735-T1;GlimmerHMM},{HiQ_model.g3091.t1;HiQ},{GeneMark_model.3985_t;GeneMark}

# EVM prediction: Mode:STANDARD S-ratio: 4.33 101763-102929 orient(-) score(3884.00) noncoding_equivalent(896.24) raw_noncoding(1215.00) offset(318.76)
102407	101763	terminal-	4	6	{GlimmerHMM_glimmerT_3736-T1;GlimmerHMM},{GeneMark_model.3986_t;GeneMark},{Augustus_model.g3092.t1;Augustus}
102466	102408	INTRON			{GlimmerHMM_glimmerT_3736-T1;GlimmerHMM},{GeneMark_model.3986_t;GeneMark},{Augustus_model.g3092.t1;Augustus}
102609	102467	internal-	5	6	{GlimmerHMM_glimmerT_3736-T1;GlimmerHMM},{GeneMark_model.3986_t;GeneMark},{Augustus_model.g3092.t1;Augustus}
102676	102610	INTRON			{GeneMark_model.3986_t;GeneMark},{Augustus_model.g3092.t1;Augustus}
102683	102677	internal-	4	4	{GeneMark_model.3986_t;GeneMark},{Augustus_model.g3092.t1;Augustus}
102743	102684	INTRON			{GeneMark_model.3986_t;GeneMark},{Augustus_model.g3092.t1;Augustus}
102929	102744	initial-	4	6	{GeneMark_model.3986_t;GeneMark},{Augustus_model.g3092.t1;Augustus}

# EVM prediction: Mode:STANDARD S-ratio: 21.87 103733-104877 orient(+) score(6694.00) noncoding_equivalent(306.14) raw_noncoding(377.14) offset(71.00)
103733	104562	initial+	1	2	{GeneMark_model.3987_t;GeneMark},{GlimmerHMM_glimmerT_3737-T1;GlimmerHMM},{Augustus_model.g3093.t1;Augustus}
104563	104633	INTRON			{GeneMark_model.3987_t;GeneMark},{GlimmerHMM_glimmerT_3737-T1;GlimmerHMM},{Augustus_model.g3093.t1;Augustus},{ev_type:exonerate/ID=match.2566964.3546/Target=lcl|PJQD01000085_1_prot_POY71369_1_6236;exonerate},{ev_type:exonerate/ID=match.2566964.3548/Target=lcl|KQ954466_1_prot_KWU46636_1_725;exonerate}
104634	104877	terminal+	3	3	{GeneMark_model.3987_t;GeneMark},{GlimmerHMM_glimmerT_3737-T1;GlimmerHMM},{Augustus_model.g3093.t1;Augustus}

# EVM prediction: Mode:STANDARD S-ratio: 31.05 105302-106717 orient(-) score(5484.00) noncoding_equivalent(176.61) raw_noncoding(176.61) offset(0.00)
106717	105302	single-	4	6	{GeneMark_model.3988_t;GeneMark},{Augustus_model.g3094.t1;Augustus}

# EVM prediction: Mode:STANDARD S-ratio: 2.25 107111-109287 orient(-) score(6643.00) noncoding_equivalent(2955.40) raw_noncoding(3598.33) offset(642.92)
107155	107111	terminal-	4	6	{Augustus_model.g3095.t1;Augustus},{GeneMark_model.3989_t;GeneMark}
107218	107156	INTRON			{Augustus_model.g3095.t1;Augustus},{GeneMark_model.3989_t;GeneMark}
107540	107219	internal-	6	6	{Augustus_model.g3095.t1;Augustus},{GeneMark_model.3989_t;GeneMark}
107602	107541	INTRON			{Augustus_model.g3095.t1;Augustus},{GeneMark_model.3989_t;GeneMark},{GlimmerHMM_glimmerT_3738-T1;GlimmerHMM}
107680	107603	internal-	6	5	{Augustus_model.g3095.t1;Augustus},{GeneMark_model.3989_t;GeneMark},{GlimmerHMM_glimmerT_3738-T1;GlimmerHMM}
107757	107681	INTRON			{Augustus_model.g3095.t1;Augustus},{GeneMark_model.3989_t;GeneMark},{GlimmerHMM_glimmerT_3738-T1;GlimmerHMM}
107943	107758	internal-	6	5	{Augustus_model.g3095.t1;Augustus},{GeneMark_model.3989_t;GeneMark},{GlimmerHMM_glimmerT_3738-T1;GlimmerHMM}
108043	107944	INTRON			{Augustus_model.g3095.t1;Augustus},{GeneMark_model.3989_t;GeneMark},{GlimmerHMM_glimmerT_3738-T1;GlimmerHMM}
108132	108044	internal-	4	5	{Augustus_model.g3095.t1;Augustus},{GeneMark_model.3989_t;GeneMark},{GlimmerHMM_glimmerT_3738-T1;GlimmerHMM}
108197	108133	INTRON			{Augustus_model.g3095.t1;Augustus},{GeneMark_model.3989_t;GeneMark},{GlimmerHMM_glimmerT_3738-T1;GlimmerHMM}
108345	108198	internal-	6	6	{Augustus_model.g3095.t1;Augustus},{GeneMark_model.3989_t;GeneMark},{GlimmerHMM_glimmerT_3738-T1;GlimmerHMM}
108427	108346	INTRON			{Augustus_model.g3095.t1;Augustus},{GeneMark_model.3989_t;GeneMark},{GlimmerHMM_glimmerT_3738-T1;GlimmerHMM}
108712	108428	internal-	6	5	{Augustus_model.g3095.t1;Augustus},{GeneMark_model.3989_t;GeneMark}
108780	108713	INTRON			{Augustus_model.g3095.t1;Augustus},{GeneMark_model.3989_t;GeneMark}
108899	108781	internal-	4	5	{Augustus_model.g3095.t1;Augustus},{GeneMark_model.3989_t;GeneMark}
108972	108900	INTRON			{Augustus_model.g3095.t1;Augustus},{GeneMark_model.3989_t;GeneMark},{GlimmerHMM_glimmerT_3738-T1;GlimmerHMM}
109287	108973	initial-	4	6	{Augustus_model.g3095.t1;Augustus},{GlimmerHMM_glimmerT_3738-T1;GlimmerHMM}

# EVM prediction: Mode:STANDARD S-ratio: 4.01 110060-113839 orient(+) score(12527.00) noncoding_equivalent(3121.87) raw_noncoding(4056.89) offset(935.02)
110060	110132	initial+	1	1	{GeneMark_model.3990_t;GeneMark},{GlimmerHMM_glimmerT_3739-T1;GlimmerHMM},{Augustus_model.g3096.t1;Augustus}
110133	110203	INTRON			{GeneMark_model.3990_t;GeneMark},{GlimmerHMM_glimmerT_3739-T1;GlimmerHMM},{Augustus_model.g3096.t1;Augustus}
110204	110280	internal+	2	3	{GeneMark_model.3990_t;GeneMark},{Augustus_model.g3096.t1;Augustus}
110281	110326	INTRON			{GeneMark_model.3990_t;GeneMark},{Augustus_model.g3096.t1;Augustus}
110327	111141	internal+	1	2	{GeneMark_model.3990_t;GeneMark},{Augustus_model.g3096.t1;Augustus}
111142	111207	INTRON			{GeneMark_model.3990_t;GeneMark},{Augustus_model.g3096.t1;Augustus}
111208	111819	internal+	3	2	{GeneMark_model.3990_t;GeneMark},{Augustus_model.g3096.t1;Augustus}
111820	111914	INTRON			{GeneMark_model.3990_t;GeneMark},{GlimmerHMM_glimmerT_3739-T1;GlimmerHMM}
111915	112066	internal+	3	1	{GeneMark_model.3990_t;GeneMark},{GlimmerHMM_glimmerT_3739-T1;GlimmerHMM}
112067	112145	INTRON			{GeneMark_model.3990_t;GeneMark},{GlimmerHMM_glimmerT_3739-T1;GlimmerHMM},{Augustus_model.g3096.t1;Augustus}
112146	112255	internal+	2	3	{GeneMark_model.3990_t;GeneMark},{GlimmerHMM_glimmerT_3739-T1;GlimmerHMM},{Augustus_model.g3096.t1;Augustus}
112256	112337	INTRON			{GeneMark_model.3990_t;GeneMark},{Augustus_model.g3096.t1;Augustus}
112338	112526	internal+	1	3	{GeneMark_model.3990_t;GeneMark},{Augustus_model.g3096.t1;Augustus}
112527	112596	INTRON			{GeneMark_model.3990_t;GeneMark},{GlimmerHMM_glimmerT_3739-T1;GlimmerHMM},{Augustus_model.g3096.t1;Augustus}
112597	112694	internal+	1	2	{GeneMark_model.3990_t;GeneMark},{GlimmerHMM_glimmerT_3739-T1;GlimmerHMM},{Augustus_model.g3096.t1;Augustus}
112695	112756	INTRON			{GeneMark_model.3990_t;GeneMark},{GlimmerHMM_glimmerT_3739-T1;GlimmerHMM},{Augustus_model.g3096.t1;Augustus}
112757	113226	internal+	3	1	{GeneMark_model.3990_t;GeneMark},{GlimmerHMM_glimmerT_3739-T1;GlimmerHMM},{Augustus_model.g3096.t1;Augustus}
113227	113302	INTRON			{GeneMark_model.3990_t;GeneMark},{Augustus_model.g3096.t1;Augustus}
113303	113318	internal+	2	2	{GeneMark_model.3990_t;GeneMark},{Augustus_model.g3096.t1;Augustus}
113319	113380	INTRON			{GeneMark_model.3990_t;GeneMark},{Augustus_model.g3096.t1;Augustus}
113381	113467	internal+	3	2	{GeneMark_model.3990_t;GeneMark},{Augustus_model.g3096.t1;Augustus}
113468	113534	INTRON			{GeneMark_model.3990_t;GeneMark},{Augustus_model.g3096.t1;Augustus}
113535	113596	internal+	3	1	{GeneMark_model.3990_t;GeneMark},{Augustus_model.g3096.t1;Augustus}
113597	113672	INTRON			{GeneMark_model.3990_t;GeneMark},{Augustus_model.g3096.t1;Augustus}
113673	113839	terminal+	2	3	{GeneMark_model.3990_t;GeneMark},{GlimmerHMM_glimmerT_3739-T1;GlimmerHMM},{Augustus_model.g3096.t1;Augustus}

# EVM prediction: Mode:STANDARD S-ratio: 4.36 114278-116860 orient(+) score(8497.00) noncoding_equivalent(1947.34) raw_noncoding(2334.00) offset(386.66)
114278	114401	initial+	1	1	{GlimmerHMM_glimmerT_3740-T1;GlimmerHMM},{Augustus_model.g3097.t1;Augustus},{GeneMark_model.3991_t;GeneMark}
114402	114503	INTRON			{Augustus_model.g3097.t1;Augustus},{GeneMark_model.3991_t;GeneMark}
114504	115144	internal+	2	3	{GeneMark_model.3991_t;GeneMark}
115145	115205	INTRON			{GlimmerHMM_glimmerT_3740-T1;GlimmerHMM},{GeneMark_model.3991_t;GeneMark}
115206	116236	internal+	1	2	{GlimmerHMM_glimmerT_3740-T1;GlimmerHMM},{Augustus_model.g3097.t1;Augustus},{GeneMark_model.3991_t;GeneMark}
116237	116295	INTRON			{GlimmerHMM_glimmerT_3740-T1;GlimmerHMM},{Augustus_model.g3097.t1;Augustus},{GeneMark_model.3991_t;GeneMark}
116296	116860	terminal+	3	3	{GlimmerHMM_glimmerT_3740-T1;GlimmerHMM},{Augustus_model.g3097.t1;Augustus},{GeneMark_model.3991_t;GeneMark}

# EVM prediction: Mode:STANDARD S-ratio: 3.83 117007-121395 orient(-) score(14839.00) noncoding_equivalent(3874.46) raw_noncoding(4650.00) offset(775.54)
117023	117007	terminal-	5	6	{GlimmerHMM_glimmerT_3741-T1;GlimmerHMM},{GeneMark_model.3992_t;GeneMark},{Augustus_model.g3098.t1;Augustus}
117092	117024	INTRON			{GlimmerHMM_glimmerT_3741-T1;GlimmerHMM},{GeneMark_model.3992_t;GeneMark},{Augustus_model.g3098.t1;Augustus}
117457	117093	internal-	6	4	{GlimmerHMM_glimmerT_3741-T1;GlimmerHMM},{GeneMark_model.3992_t;GeneMark},{Augustus_model.g3098.t1;Augustus}
117516	117458	INTRON			{GlimmerHMM_glimmerT_3741-T1;GlimmerHMM},{GeneMark_model.3992_t;GeneMark},{Augustus_model.g3098.t1;Augustus}
117872	117517	internal-	4	5	{GlimmerHMM_glimmerT_3741-T1;GlimmerHMM},{GeneMark_model.3992_t;GeneMark},{Augustus_model.g3098.t1;Augustus}
117934	117873	INTRON			{GlimmerHMM_glimmerT_3741-T1;GlimmerHMM},{GeneMark_model.3992_t;GeneMark},{Augustus_model.g3098.t1;Augustus}
118263	117935	internal-	5	6	{GlimmerHMM_glimmerT_3741-T1;GlimmerHMM},{GeneMark_model.3992_t;GeneMark},{Augustus_model.g3098.t1;Augustus}
118322	118264	INTRON			{GlimmerHMM_glimmerT_3741-T1;GlimmerHMM},{GeneMark_model.3992_t;GeneMark},{Augustus_model.g3098.t1;Augustus}
118394	118323	internal-	5	4	{GeneMark_model.3992_t;GeneMark},{Augustus_model.g3098.t1;Augustus}
118455	118395	INTRON			{GeneMark_model.3992_t;GeneMark},{Augustus_model.g3098.t1;Augustus}
119712	118456	internal-	5	4	{GlimmerHMM_glimmerT_3741-T1;GlimmerHMM},{GeneMark_model.3992_t;GeneMark},{Augustus_model.g3098.t1;Augustus}
119780	119713	INTRON			{GlimmerHMM_glimmerT_3741-T1;GlimmerHMM},{GeneMark_model.3992_t;GeneMark},{snap_scaffold_9-snap.51-T1;snap},{Augustus_model.g3098.t1;Augustus}
119942	119781	internal-	5	4	{GeneMark_model.3992_t;GeneMark},{Augustus_model.g3098.t1;Augustus}
119998	119943	INTRON			{GeneMark_model.3992_t;GeneMark}
120730	119999	internal-	5	4	{GeneMark_model.3992_t;GeneMark}
120804	120731	INTRON			{GlimmerHMM_glimmerT_3741-T1;GlimmerHMM},{GeneMark_model.3992_t;GeneMark},{Augustus_model.g3098.t1;Augustus}
121023	120805	internal-	5	4	{GlimmerHMM_glimmerT_3741-T1;GlimmerHMM},{GeneMark_model.3992_t;GeneMark},{Augustus_model.g3098.t1;Augustus}
121099	121024	INTRON			{GlimmerHMM_glimmerT_3741-T1;GlimmerHMM},{GeneMark_model.3992_t;GeneMark},{Augustus_model.g3098.t1;Augustus}
121216	121100	internal-	5	4	{GlimmerHMM_glimmerT_3741-T1;GlimmerHMM},{GeneMark_model.3992_t;GeneMark},{Augustus_model.g3098.t1;Augustus}
121334	121217	INTRON			{GlimmerHMM_glimmerT_3741-T1;GlimmerHMM},{GeneMark_model.3992_t;GeneMark},{Augustus_model.g3098.t1;Augustus}
121395	121335	initial-	4	4	{GlimmerHMM_glimmerT_3741-T1;GlimmerHMM},{GeneMark_model.3992_t;GeneMark}

# EVM prediction: Mode:STANDARD S-ratio: 2.39 126452-128883 orient(+) score(7607.00) noncoding_equivalent(3177.43) raw_noncoding(4184.00) offset(1006.57)
126452	126545	initial+	1	1	{GeneMark_model.3994_t;GeneMark},{GlimmerHMM_glimmerT_3742-T1;GlimmerHMM},{Augustus_model.g3099.t1;Augustus}
126546	126615	INTRON			{GeneMark_model.3994_t;GeneMark},{Augustus_model.g3099.t1;Augustus}
126616	126633	internal+	2	1	{GeneMark_model.3994_t;GeneMark},{Augustus_model.g3099.t1;Augustus}
126634	126703	INTRON			{GeneMark_model.3994_t;GeneMark},{Augustus_model.g3099.t1;Augustus}
126704	126845	internal+	2	2	{GeneMark_model.3994_t;GeneMark},{GlimmerHMM_glimmerT_3742-T1;GlimmerHMM},{Augustus_model.g3099.t1;Augustus}
126846	126915	INTRON			{GeneMark_model.3994_t;GeneMark},{GlimmerHMM_glimmerT_3742-T1;GlimmerHMM},{Augustus_model.g3099.t1;Augustus}
126916	127041	internal+	3	2	{GeneMark_model.3994_t;GeneMark},{GlimmerHMM_glimmerT_3742-T1;GlimmerHMM},{Augustus_model.g3099.t1;Augustus}
127042	127108	INTRON			{GeneMark_model.3994_t;GeneMark},{GlimmerHMM_glimmerT_3742-T1;GlimmerHMM},{Augustus_model.g3099.t1;Augustus}
127109	127148	internal+	3	3	{GeneMark_model.3994_t;GeneMark},{Augustus_model.g3099.t1;Augustus}
127149	127210	INTRON			{GeneMark_model.3994_t;GeneMark},{Augustus_model.g3099.t1;Augustus}
127211	127289	internal+	1	1	{GeneMark_model.3994_t;GeneMark},{Augustus_model.g3099.t1;Augustus}
127290	127357	INTRON			{GeneMark_model.3994_t;GeneMark},{Augustus_model.g3099.t1;Augustus}
127358	127750	internal+	2	1	{GeneMark_model.3994_t;GeneMark},{GlimmerHMM_glimmerT_3742-T1;GlimmerHMM},{Augustus_model.g3099.t1;Augustus}
127751	127827	INTRON			{GeneMark_model.3994_t;GeneMark},{GlimmerHMM_glimmerT_3742-T1;GlimmerHMM},{Augustus_model.g3099.t1;Augustus}
127828	127924	internal+	2	2	{GeneMark_model.3994_t;GeneMark},{GlimmerHMM_glimmerT_3742-T1;GlimmerHMM},{Augustus_model.g3099.t1;Augustus}
127925	127986	INTRON			{GeneMark_model.3994_t;GeneMark},{GlimmerHMM_glimmerT_3742-T1;GlimmerHMM},{Augustus_model.g3099.t1;Augustus}
127987	128135	internal+	3	1	{GeneMark_model.3994_t;GeneMark},{GlimmerHMM_glimmerT_3742-T1;GlimmerHMM},{Augustus_model.g3099.t1;Augustus}
128136	128201	INTRON			{GeneMark_model.3994_t;GeneMark},{GlimmerHMM_glimmerT_3742-T1;GlimmerHMM},{Augustus_model.g3099.t1;Augustus}
128202	128260	internal+	2	3	{GeneMark_model.3994_t;GeneMark},{GlimmerHMM_glimmerT_3742-T1;GlimmerHMM},{Augustus_model.g3099.t1;Augustus}
128261	128326	INTRON			{GeneMark_model.3994_t;GeneMark},{GlimmerHMM_glimmerT_3742-T1;GlimmerHMM},{Augustus_model.g3099.t1;Augustus}
128327	128479	internal+	1	3	{GeneMark_model.3994_t;GeneMark},{GlimmerHMM_glimmerT_3742-T1;GlimmerHMM},{Augustus_model.g3099.t1;Augustus}
128480	128550	INTRON			{GeneMark_model.3994_t;GeneMark},{GlimmerHMM_glimmerT_3742-T1;GlimmerHMM},{Augustus_model.g3099.t1;Augustus}
128551	128629	internal+	1	1	{GeneMark_model.3994_t;GeneMark},{GlimmerHMM_glimmerT_3742-T1;GlimmerHMM},{Augustus_model.g3099.t1;Augustus}
128630	128698	INTRON			{GeneMark_model.3994_t;GeneMark},{GlimmerHMM_glimmerT_3742-T1;GlimmerHMM},{Augustus_model.g3099.t1;Augustus}
128699	128883	terminal+	2	3	{GeneMark_model.3994_t;GeneMark},{GlimmerHMM_glimmerT_3742-T1;GlimmerHMM},{snap_scaffold_9-snap.54-T1;snap},{Augustus_model.g3099.t1;Augustus}

# EVM prediction: Mode:STANDARD S-ratio: 3.07 129313-130622 orient(+) score(4270.00) noncoding_equivalent(1393.06) raw_noncoding(1759.84) offset(366.77)
129313	129442	initial+	1	1	{Augustus_model.g3100.t1;Augustus},{GlimmerHMM_glimmerT_3743-T1;GlimmerHMM}
129443	129546	INTRON			{Augustus_model.g3100.t1;Augustus},{GlimmerHMM_glimmerT_3743-T1;GlimmerHMM}
129547	129611	internal+	2	3	{Augustus_model.g3100.t1;Augustus},{GeneMark_model.3995_t;GeneMark},{GlimmerHMM_glimmerT_3743-T1;GlimmerHMM}
129612	129685	INTRON			{Augustus_model.g3100.t1;Augustus},{GeneMark_model.3995_t;GeneMark},{GlimmerHMM_glimmerT_3743-T1;GlimmerHMM}
129686	129841	internal+	1	3	{Augustus_model.g3100.t1;Augustus},{GeneMark_model.3995_t;GeneMark},{GlimmerHMM_glimmerT_3743-T1;GlimmerHMM}
129842	129927	INTRON			{Augustus_model.g3100.t1;Augustus},{GeneMark_model.3995_t;GeneMark},{GlimmerHMM_glimmerT_3743-T1;GlimmerHMM}
129928	130371	internal+	1	3	{Augustus_model.g3100.t1;Augustus},{GeneMark_model.3995_t;GeneMark},{GlimmerHMM_glimmerT_3743-T1;GlimmerHMM}
130372	130430	INTRON			{Augustus_model.g3100.t1;Augustus},{GeneMark_model.3995_t;GeneMark},{GlimmerHMM_glimmerT_3743-T1;GlimmerHMM}
130431	130622	terminal+	1	3	{Augustus_model.g3100.t1;Augustus},{GeneMark_model.3995_t;GeneMark},{GlimmerHMM_glimmerT_3743-T1;GlimmerHMM}

# EVM prediction: Mode:STANDARD S-ratio: 2.54 130745-134007 orient(-) score(9382.00) noncoding_equivalent(3697.30) raw_noncoding(4616.00) offset(918.70)
131101	130745	terminal-	4	6	{GeneMark_model.3996_t;GeneMark},{GlimmerHMM_glimmerT_3744-T1;GlimmerHMM}
131180	131102	INTRON			{GeneMark_model.3996_t;GeneMark},{Augustus_model.g3101.t1;Augustus}
131243	131181	internal-	4	6	{GeneMark_model.3996_t;GeneMark},{Augustus_model.g3101.t1;Augustus}
131312	131244	INTRON			{GeneMark_model.3996_t;GeneMark},{Augustus_model.g3101.t1;Augustus}
131449	131313	internal-	5	6	{GeneMark_model.3996_t;GeneMark},{GlimmerHMM_glimmerT_3744-T1;GlimmerHMM},{Augustus_model.g3101.t1;Augustus}
131523	131450	INTRON			{GeneMark_model.3996_t;GeneMark},{GlimmerHMM_glimmerT_3744-T1;GlimmerHMM},{Augustus_model.g3101.t1;Augustus}
131697	131524	internal-	5	4	{GeneMark_model.3996_t;GeneMark},{GlimmerHMM_glimmerT_3744-T1;GlimmerHMM},{Augustus_model.g3101.t1;Augustus}
131764	131698	INTRON			{GeneMark_model.3996_t;GeneMark},{Augustus_model.g3101.t1;Augustus}
132697	131765	internal-	5	4	{GeneMark_model.3996_t;GeneMark},{Augustus_model.g3101.t1;Augustus}
132759	132698	INTRON			{GeneMark_model.3996_t;GeneMark},{Augustus_model.g3101.t1;Augustus}
133515	132760	internal-	5	4	{GeneMark_model.3996_t;GeneMark},{Augustus_model.g3101.t1;Augustus}
133571	133516	INTRON			{GeneMark_model.3996_t;GeneMark},{Augustus_model.g3101.t1;Augustus}
133737	133572	internal-	4	4	{Augustus_model.g3101.t1;Augustus}
133794	133738	INTRON			{Augustus_model.g3101.t1;Augustus}
133815	133795	internal-	4	6	{Augustus_model.g3101.t1;Augustus}
133878	133816	INTRON			{GeneMark_model.3996_t;GeneMark},{Augustus_model.g3101.t1;Augustus}
134007	133879	initial-	4	6	{GeneMark_model.3996_t;GeneMark},{GlimmerHMM_glimmerT_3744-T1;GlimmerHMM},{Augustus_model.g3101.t1;Augustus}

# EVM prediction: Mode:STANDARD S-ratio: 2.93 134795-136794 orient(+) score(6451.00) noncoding_equivalent(2200.39) raw_noncoding(2821.81) offset(621.42)
134795	134978	initial+	1	1	{Augustus_model.g3102.t1;Augustus}
134979	135046	INTRON			{GeneMark_model.3997_t;GeneMark},{GlimmerHMM_glimmerT_3745-T1;GlimmerHMM},{Augustus_model.g3102.t1;Augustus}
135047	135105	internal+	2	3	{GeneMark_model.3997_t;GeneMark},{GlimmerHMM_glimmerT_3745-T1;GlimmerHMM},{Augustus_model.g3102.t1;Augustus}
135106	135170	INTRON			{GeneMark_model.3997_t;GeneMark},{GlimmerHMM_glimmerT_3745-T1;GlimmerHMM},{Augustus_model.g3102.t1;Augustus}
135171	135187	internal+	1	2	{GeneMark_model.3997_t;GeneMark},{GlimmerHMM_glimmerT_3745-T1;GlimmerHMM},{Augustus_model.g3102.t1;Augustus}
135188	135253	INTRON			{GeneMark_model.3997_t;GeneMark},{GlimmerHMM_glimmerT_3745-T1;GlimmerHMM},{Augustus_model.g3102.t1;Augustus}
135254	135475	internal+	3	2	{GeneMark_model.3997_t;GeneMark},{GlimmerHMM_glimmerT_3745-T1;GlimmerHMM},{Augustus_model.g3102.t1;Augustus}
135476	135529	INTRON			{GeneMark_model.3997_t;GeneMark},{GlimmerHMM_glimmerT_3745-T1;GlimmerHMM},{Augustus_model.g3102.t1;Augustus}
135530	136228	internal+	3	2	{GeneMark_model.3997_t;GeneMark},{GlimmerHMM_glimmerT_3745-T1;GlimmerHMM},{Augustus_model.g3102.t1;Augustus}
136229	136288	INTRON			{GeneMark_model.3997_t;GeneMark},{GlimmerHMM_glimmerT_3745-T1;GlimmerHMM},{Augustus_model.g3102.t1;Augustus}
136289	136362	internal+	3	1	{GeneMark_model.3997_t;GeneMark},{GlimmerHMM_glimmerT_3745-T1;GlimmerHMM},{Augustus_model.g3102.t1;Augustus}
136363	136452	INTRON			{GeneMark_model.3997_t;GeneMark},{GlimmerHMM_glimmerT_3745-T1;GlimmerHMM},{Augustus_model.g3102.t1;Augustus}
136453	136696	internal+	2	2	{GeneMark_model.3997_t;GeneMark},{GlimmerHMM_glimmerT_3745-T1;GlimmerHMM},{Augustus_model.g3102.t1;Augustus}
136697	136763	INTRON			{GeneMark_model.3997_t;GeneMark}
136764	136794	terminal+	3	3	{GeneMark_model.3997_t;GeneMark}

# EVM prediction: Mode:STANDARD S-ratio: 2.57 137076-139191 orient(+) score(6319.00) noncoding_equivalent(2458.82) raw_noncoding(2950.85) offset(492.03)
137076	137150	initial+	1	3	{GeneMark_model.3998_t;GeneMark}
137151	137255	INTRON			{GeneMark_model.3998_t;GeneMark}
137256	137385	internal+	1	1	{GeneMark_model.3998_t;GeneMark}
137386	137471	INTRON			{GlimmerHMM_glimmerT_3745-T1;GlimmerHMM},{GeneMark_model.3998_t;GeneMark},{Augustus_model.g3102.t1;Augustus}
137472	138001	internal+	2	3	{GlimmerHMM_glimmerT_3745-T1;GlimmerHMM},{GeneMark_model.3998_t;GeneMark},{Augustus_model.g3102.t1;Augustus}
138002	138060	INTRON			{GlimmerHMM_glimmerT_3745-T1;GlimmerHMM},{GeneMark_model.3998_t;GeneMark},{Augustus_model.g3102.t1;Augustus}
138061	138410	internal+	1	2	{GlimmerHMM_glimmerT_3745-T1;GlimmerHMM},{GeneMark_model.3998_t;GeneMark},{Augustus_model.g3102.t1;Augustus}
138411	138473	INTRON			{GlimmerHMM_glimmerT_3745-T1;GlimmerHMM},{GeneMark_model.3998_t;GeneMark},{Augustus_model.g3102.t1;Augustus}
138474	138817	internal+	3	1	{GlimmerHMM_glimmerT_3745-T1;GlimmerHMM},{GeneMark_model.3998_t;GeneMark},{Augustus_model.g3102.t1;Augustus}
138818	138880	INTRON			{GlimmerHMM_glimmerT_3745-T1;GlimmerHMM},{GeneMark_model.3998_t;GeneMark},{Augustus_model.g3102.t1;Augustus}
138881	139191	terminal+	2	3	{GlimmerHMM_glimmerT_3745-T1;GlimmerHMM},{GeneMark_model.3998_t;GeneMark},{Augustus_model.g3102.t1;Augustus}

# EVM prediction: Mode:STANDARD S-ratio: 9.36 139264-140814 orient(-) score(5927.00) noncoding_equivalent(633.21) raw_noncoding(700.00) offset(66.79)
139529	139264	terminal-	5	6	{GeneMark_model.3999_t;GeneMark},{GlimmerHMM_glimmerT_3746-T1;GlimmerHMM},{Augustus_model.g3103.t1;Augustus}
139594	139530	INTRON			{GeneMark_model.3999_t;GeneMark},{GlimmerHMM_glimmerT_3746-T1;GlimmerHMM},{Augustus_model.g3103.t1;Augustus}
139954	139595	internal-	5	4	{GeneMark_model.3999_t;GeneMark},{GlimmerHMM_glimmerT_3746-T1;GlimmerHMM},{Augustus_model.g3103.t1;Augustus}
140017	139955	INTRON			{GeneMark_model.3999_t;GeneMark},{GlimmerHMM_glimmerT_3746-T1;GlimmerHMM},{Augustus_model.g3103.t1;Augustus}
140668	140018	internal-	5	4	{GeneMark_model.3999_t;GeneMark},{GlimmerHMM_glimmerT_3746-T1;GlimmerHMM},{Augustus_model.g3103.t1;Augustus}
140726	140669	INTRON			{GeneMark_model.3999_t;GeneMark},{GlimmerHMM_glimmerT_3746-T1;GlimmerHMM},{Augustus_model.g3103.t1;Augustus}
140814	140727	initial-	4	4	{GeneMark_model.3999_t;GeneMark},{GlimmerHMM_glimmerT_3746-T1;GlimmerHMM},{Augustus_model.g3103.t1;Augustus}

# EVM prediction: Mode:STANDARD S-ratio: 16.92 141485-145195 orient(+) score(28556.00) noncoding_equivalent(1688.10) raw_noncoding(1920.00) offset(231.90)
141485	141721	initial+	1	3	{GlimmerHMM_glimmerT_3747-T1;GlimmerHMM},{GeneMark_model.4000_t;GeneMark},{Augustus_model.g3104.t1;Augustus}
141722	141785	INTRON			{GlimmerHMM_glimmerT_3747-T1;GlimmerHMM},{GeneMark_model.4000_t;GeneMark},{Augustus_model.g3104.t1;Augustus},{ev_type:exonerate/ID=match.2566964.3491/Target=lcl|KQ954530_1_prot_KWU41650_1_5991;exonerate},{ev_type:exonerate/ID=match.2566964.3489/Target=lcl|PJQD01000058_1_prot_POY72129_1_5224;exonerate},{ev_type:exonerate/ID=match.2566964.3492/Target=lcl|LCTV02000012_1_prot_PRQ71286_1_1776;exonerate},{ev_type:exonerate/ID=match.2566964.3493/Target=lcl|BJWK01000011_1_prot_GEM10380_1_4397;exonerate}
141786	141902	internal+	1	3	{GlimmerHMM_glimmerT_3747-T1;GlimmerHMM},{GeneMark_model.4000_t;GeneMark},{Augustus_model.g3104.t1;Augustus},{ev_type:exonerate/ID=match.2566964.3491/Target=lcl|KQ954530_1_prot_KWU41650_1_5991;exonerate},{ev_type:exonerate/ID=match.2566964.3489/Target=lcl|PJQD01000058_1_prot_POY72129_1_5224;exonerate},{ev_type:exonerate/ID=match.2566964.3492/Target=lcl|LCTV02000012_1_prot_PRQ71286_1_1776;exonerate},{ev_type:exonerate/ID=match.2566964.3493/Target=lcl|BJWK01000011_1_prot_GEM10380_1_4397;exonerate}
141903	141972	INTRON			{GlimmerHMM_glimmerT_3747-T1;GlimmerHMM},{GeneMark_model.4000_t;GeneMark},{Augustus_model.g3104.t1;Augustus},{ev_type:exonerate/ID=match.2566964.3491/Target=lcl|KQ954530_1_prot_KWU41650_1_5991;exonerate},{ev_type:exonerate/ID=match.2566964.3489/Target=lcl|PJQD01000058_1_prot_POY72129_1_5224;exonerate},{ev_type:exonerate/ID=match.2566964.3492/Target=lcl|LCTV02000012_1_prot_PRQ71286_1_1776;exonerate},{ev_type:exonerate/ID=match.2566964.3493/Target=lcl|BJWK01000011_1_prot_GEM10380_1_4397;exonerate}
141973	142071	internal+	1	3	{GlimmerHMM_glimmerT_3747-T1;GlimmerHMM},{GeneMark_model.4000_t;GeneMark},{Augustus_model.g3104.t1;Augustus},{ev_type:exonerate/ID=match.2566964.3491/Target=lcl|KQ954530_1_prot_KWU41650_1_5991;exonerate},{ev_type:exonerate/ID=match.2566964.3489/Target=lcl|PJQD01000058_1_prot_POY72129_1_5224;exonerate},{ev_type:exonerate/ID=match.2566964.3492/Target=lcl|LCTV02000012_1_prot_PRQ71286_1_1776;exonerate},{ev_type:exonerate/ID=match.2566964.3493/Target=lcl|BJWK01000011_1_prot_GEM10380_1_4397;exonerate}
142072	142128	INTRON			{GlimmerHMM_glimmerT_3747-T1;GlimmerHMM},{GeneMark_model.4000_t;GeneMark},{Augustus_model.g3104.t1;Augustus},{ev_type:exonerate/ID=match.2566964.3491/Target=lcl|KQ954530_1_prot_KWU41650_1_5991;exonerate},{ev_type:exonerate/ID=match.2566964.3489/Target=lcl|PJQD01000058_1_prot_POY72129_1_5224;exonerate},{ev_type:exonerate/ID=match.2566964.3492/Target=lcl|LCTV02000012_1_prot_PRQ71286_1_1776;exonerate},{ev_type:exonerate/ID=match.2566964.3493/Target=lcl|BJWK01000011_1_prot_GEM10380_1_4397;exonerate}
142129	142989	internal+	1	3	{GlimmerHMM_glimmerT_3747-T1;GlimmerHMM},{GeneMark_model.4000_t;GeneMark},{Augustus_model.g3104.t1;Augustus},{ev_type:exonerate/ID=match.2566964.3491/Target=lcl|KQ954530_1_prot_KWU41650_1_5991;exonerate},{ev_type:exonerate/ID=match.2566964.3489/Target=lcl|PJQD01000058_1_prot_POY72129_1_5224;exonerate},{ev_type:exonerate/ID=match.2566964.3492/Target=lcl|LCTV02000012_1_prot_PRQ71286_1_1776;exonerate},{ev_type:exonerate/ID=match.2566964.3493/Target=lcl|BJWK01000011_1_prot_GEM10380_1_4397;exonerate}
142990	143054	INTRON			{GlimmerHMM_glimmerT_3747-T1;GlimmerHMM},{GeneMark_model.4000_t;GeneMark},{Augustus_model.g3104.t1;Augustus},{ev_type:exonerate/ID=match.2566964.3491/Target=lcl|KQ954530_1_prot_KWU41650_1_5991;exonerate},{ev_type:exonerate/ID=match.2566964.3489/Target=lcl|PJQD01000058_1_prot_POY72129_1_5224;exonerate},{ev_type:exonerate/ID=match.2566964.3492/Target=lcl|LCTV02000012_1_prot_PRQ71286_1_1776;exonerate},{ev_type:exonerate/ID=match.2566964.3493/Target=lcl|BJWK01000011_1_prot_GEM10380_1_4397;exonerate}
143055	143524	internal+	1	2	{GlimmerHMM_glimmerT_3747-T1;GlimmerHMM},{GeneMark_model.4000_t;GeneMark},{Augustus_model.g3104.t1;Augustus},{ev_type:exonerate/ID=match.2566964.3491/Target=lcl|KQ954530_1_prot_KWU41650_1_5991;exonerate},{ev_type:exonerate/ID=match.2566964.3489/Target=lcl|PJQD01000058_1_prot_POY72129_1_5224;exonerate},{ev_type:exonerate/ID=match.2566964.3492/Target=lcl|LCTV02000012_1_prot_PRQ71286_1_1776;exonerate},{ev_type:exonerate/ID=match.2566964.3493/Target=lcl|BJWK01000011_1_prot_GEM10380_1_4397;exonerate}
143525	143592	INTRON			{GlimmerHMM_glimmerT_3747-T1;GlimmerHMM},{GeneMark_model.4000_t;GeneMark},{Augustus_model.g3104.t1;Augustus},{ev_type:exonerate/ID=match.2566964.3491/Target=lcl|KQ954530_1_prot_KWU41650_1_5991;exonerate},{ev_type:exonerate/ID=match.2566964.3489/Target=lcl|PJQD01000058_1_prot_POY72129_1_5224;exonerate},{ev_type:exonerate/ID=match.2566964.3492/Target=lcl|LCTV02000012_1_prot_PRQ71286_1_1776;exonerate},{ev_type:exonerate/ID=match.2566964.3493/Target=lcl|BJWK01000011_1_prot_GEM10380_1_4397;exonerate}
143593	145195	terminal+	3	3	{GlimmerHMM_glimmerT_3747-T1;GlimmerHMM},{GeneMark_model.4000_t;GeneMark},{Augustus_model.g3104.t1;Augustus}

# EVM prediction: Mode:STANDARD S-ratio: 1.70 145772-148446 orient(+) score(7493.00) noncoding_equivalent(4396.04) raw_noncoding(5882.00) offset(1485.96)
145772	145951	initial+	1	3	{Augustus_model.g3105.t1;Augustus},{GeneMark_model.4001_t;GeneMark},{GlimmerHMM_glimmerT_3748-T1;GlimmerHMM}
145952	146192	INTRON			{Augustus_model.g3105.t1;Augustus},{GeneMark_model.4001_t;GeneMark},{GlimmerHMM_glimmerT_3748-T1;GlimmerHMM}
146193	146205	internal+	1	1	{Augustus_model.g3105.t1;Augustus},{GeneMark_model.4001_t;GeneMark},{GlimmerHMM_glimmerT_3748-T1;GlimmerHMM}
146206	146349	INTRON			{Augustus_model.g3105.t1;Augustus},{GeneMark_model.4001_t;GeneMark}
146350	146382	internal+	2	1	{Augustus_model.g3105.t1;Augustus},{GeneMark_model.4001_t;GeneMark}
146383	146449	INTRON			{Augustus_model.g3105.t1;Augustus},{GeneMark_model.4001_t;GeneMark}
146450	146493	internal+	2	3	{Augustus_model.g3105.t1;Augustus},{GeneMark_model.4001_t;GeneMark},{GlimmerHMM_glimmerT_3748-T1;GlimmerHMM}
146494	146568	INTRON			{Augustus_model.g3105.t1;Augustus},{GeneMark_model.4001_t;GeneMark}
146569	146727	internal+	1	3	{Augustus_model.g3105.t1;Augustus},{GeneMark_model.4001_t;GeneMark}
146728	146793	INTRON			{Augustus_model.g3105.t1;Augustus},{GeneMark_model.4001_t;GeneMark}
146794	146803	internal+	1	1	{Augustus_model.g3105.t1;Augustus},{GeneMark_model.4001_t;GeneMark}
146804	146860	INTRON			{Augustus_model.g3105.t1;Augustus},{GeneMark_model.4001_t;GeneMark}
146861	147000	internal+	2	3	{Augustus_model.g3105.t1;Augustus},{GeneMark_model.4001_t;GeneMark}
147001	147065	INTRON			{Augustus_model.g3105.t1;Augustus},{GeneMark_model.4001_t;GeneMark}
147066	147284	internal+	1	3	{Augustus_model.g3105.t1;Augustus},{GeneMark_model.4001_t;GeneMark},{GlimmerHMM_glimmerT_3748-T1;GlimmerHMM}
147285	147338	INTRON			{Augustus_model.g3105.t1;Augustus},{GeneMark_model.4001_t;GeneMark},{GlimmerHMM_glimmerT_3748-T1;GlimmerHMM}
147339	147524	internal+	1	3	{Augustus_model.g3105.t1;Augustus},{GeneMark_model.4001_t;GeneMark},{GlimmerHMM_glimmerT_3748-T1;GlimmerHMM}
147525	147583	INTRON			{Augustus_model.g3105.t1;Augustus},{GeneMark_model.4001_t;GeneMark},{snap_scaffold_9-snap.63-T1;snap},{GlimmerHMM_glimmerT_3748-T1;GlimmerHMM}
147584	147726	internal+	1	2	{Augustus_model.g3105.t1;Augustus},{GeneMark_model.4001_t;GeneMark}
147727	147789	INTRON			{Augustus_model.g3105.t1;Augustus},{GeneMark_model.4001_t;GeneMark}
147790	147913	internal+	3	3	{Augustus_model.g3105.t1;Augustus},{GeneMark_model.4001_t;GeneMark},{GlimmerHMM_glimmerT_3748-T1;GlimmerHMM}
147914	147974	INTRON			{Augustus_model.g3105.t1;Augustus},{GeneMark_model.4001_t;GeneMark},{GlimmerHMM_glimmerT_3748-T1;GlimmerHMM}
147975	148088	internal+	1	3	{Augustus_model.g3105.t1;Augustus},{GeneMark_model.4001_t;GeneMark},{GlimmerHMM_glimmerT_3748-T1;GlimmerHMM}
148089	148148	INTRON			{Augustus_model.g3105.t1;Augustus},{GeneMark_model.4001_t;GeneMark},{GlimmerHMM_glimmerT_3748-T1;GlimmerHMM}
148149	148228	internal+	1	2	{Augustus_model.g3105.t1;Augustus},{GeneMark_model.4001_t;GeneMark},{GlimmerHMM_glimmerT_3748-T1;GlimmerHMM}
148229	148307	INTRON			{Augustus_model.g3105.t1;Augustus},{GeneMark_model.4001_t;GeneMark},{GlimmerHMM_glimmerT_3748-T1;GlimmerHMM}
148308	148446	terminal+	3	3	{Augustus_model.g3105.t1;Augustus},{GeneMark_model.4001_t;GeneMark},{GlimmerHMM_glimmerT_3748-T1;GlimmerHMM}

# EVM prediction: Mode:STANDARD S-ratio: 2.22 148893-150646 orient(+) score(5523.00) noncoding_equivalent(2484.18) raw_noncoding(3029.00) offset(544.82)
148893	148992	initial+	1	1	{GeneMark_model.4002_t;GeneMark},{GlimmerHMM_glimmerT_3749-T1;GlimmerHMM},{Augustus_model.g3106.t1;Augustus}
148993	149065	INTRON			{GeneMark_model.4002_t;GeneMark},{GlimmerHMM_glimmerT_3749-T1;GlimmerHMM},{Augustus_model.g3106.t1;Augustus}
149066	149196	internal+	2	3	{GeneMark_model.4002_t;GeneMark},{GlimmerHMM_glimmerT_3749-T1;GlimmerHMM},{Augustus_model.g3106.t1;Augustus}
149197	149254	INTRON			{GeneMark_model.4002_t;GeneMark},{GlimmerHMM_glimmerT_3749-T1;GlimmerHMM},{Augustus_model.g3106.t1;Augustus}
149255	149352	internal+	1	2	{GeneMark_model.4002_t;GeneMark},{GlimmerHMM_glimmerT_3749-T1;GlimmerHMM},{Augustus_model.g3106.t1;Augustus}
149353	149412	INTRON			{GeneMark_model.4002_t;GeneMark},{GlimmerHMM_glimmerT_3749-T1;GlimmerHMM},{Augustus_model.g3106.t1;Augustus}
149413	149561	internal+	3	1	{GeneMark_model.4002_t;GeneMark},{GlimmerHMM_glimmerT_3749-T1;GlimmerHMM},{Augustus_model.g3106.t1;Augustus}
149562	149634	INTRON			{GeneMark_model.4002_t;GeneMark},{GlimmerHMM_glimmerT_3749-T1;GlimmerHMM},{Augustus_model.g3106.t1;Augustus}
149635	149710	internal+	2	2	{GeneMark_model.4002_t;GeneMark},{GlimmerHMM_glimmerT_3749-T1;GlimmerHMM},{Augustus_model.g3106.t1;Augustus}
149711	149767	INTRON			{GeneMark_model.4002_t;GeneMark},{GlimmerHMM_glimmerT_3749-T1;GlimmerHMM},{Augustus_model.g3106.t1;Augustus}
149768	149844	internal+	3	1	{GeneMark_model.4002_t;GeneMark},{GlimmerHMM_glimmerT_3749-T1;GlimmerHMM},{Augustus_model.g3106.t1;Augustus}
149845	149909	INTRON			{GeneMark_model.4002_t;GeneMark},{GlimmerHMM_glimmerT_3749-T1;GlimmerHMM},{Augustus_model.g3106.t1;Augustus}
149910	149962	internal+	2	3	{GeneMark_model.4002_t;GeneMark},{GlimmerHMM_glimmerT_3749-T1;GlimmerHMM},{Augustus_model.g3106.t1;Augustus}
149963	150024	INTRON			{GeneMark_model.4002_t;GeneMark},{GlimmerHMM_glimmerT_3749-T1;GlimmerHMM},{Augustus_model.g3106.t1;Augustus}
150025	150241	internal+	1	1	{GeneMark_model.4002_t;GeneMark},{GlimmerHMM_glimmerT_3749-T1;GlimmerHMM},{Augustus_model.g3106.t1;Augustus}
150242	150305	INTRON			{GeneMark_model.4002_t;GeneMark},{GlimmerHMM_glimmerT_3749-T1;GlimmerHMM},{Augustus_model.g3106.t1;Augustus}
150306	150646	terminal+	2	3	{GeneMark_model.4002_t;GeneMark},{GlimmerHMM_glimmerT_3749-T1;GlimmerHMM},{Augustus_model.g3106.t1;Augustus}

# EVM prediction: Mode:STANDARD S-ratio: 6.87 151097-156147 orient(+) score(27690.00) noncoding_equivalent(4031.48) raw_noncoding(4742.00) offset(710.52)
151097	151376	initial+	1	1	{Augustus_model.g3107.t1;Augustus},{GeneMark_model.4003_t;GeneMark},{GlimmerHMM_glimmerT_3750-T1;GlimmerHMM}
151377	151453	INTRON			{Augustus_model.g3107.t1;Augustus},{GeneMark_model.4003_t;GeneMark},{GlimmerHMM_glimmerT_3750-T1;GlimmerHMM},{ev_type:exonerate/ID=match.2566964.3488/Target=lcl|PJQD01000058_1_prot_POY72126_1_5221;exonerate},{ev_type:exonerate/ID=match.2566964.3487/Target=lcl|KQ954530_1_prot_KWU41654_1_5995;exonerate}
151454	151558	internal+	2	1	{Augustus_model.g3107.t1;Augustus},{GeneMark_model.4003_t;GeneMark},{GlimmerHMM_glimmerT_3750-T1;GlimmerHMM},{ev_type:exonerate/ID=match.2566964.3488/Target=lcl|PJQD01000058_1_prot_POY72126_1_5221;exonerate},{ev_type:exonerate/ID=match.2566964.3487/Target=lcl|KQ954530_1_prot_KWU41654_1_5995;exonerate}
151559	151623	INTRON			{Augustus_model.g3107.t1;Augustus},{GeneMark_model.4003_t;GeneMark},{GlimmerHMM_glimmerT_3750-T1;GlimmerHMM},{ev_type:exonerate/ID=match.2566964.3488/Target=lcl|PJQD01000058_1_prot_POY72126_1_5221;exonerate},{ev_type:exonerate/ID=match.2566964.3487/Target=lcl|KQ954530_1_prot_KWU41654_1_5995;exonerate}
151624	151720	internal+	2	2	{Augustus_model.g3107.t1;Augustus},{GeneMark_model.4003_t;GeneMark},{GlimmerHMM_glimmerT_3750-T1;GlimmerHMM},{ev_type:exonerate/ID=match.2566964.3488/Target=lcl|PJQD01000058_1_prot_POY72126_1_5221;exonerate},{ev_type:exonerate/ID=match.2566964.3487/Target=lcl|KQ954530_1_prot_KWU41654_1_5995;exonerate}
151721	151779	INTRON			{Augustus_model.g3107.t1;Augustus},{GeneMark_model.4003_t;GeneMark},{GlimmerHMM_glimmerT_3750-T1;GlimmerHMM},{ev_type:exonerate/ID=match.2566964.3488/Target=lcl|PJQD01000058_1_prot_POY72126_1_5221;exonerate},{ev_type:exonerate/ID=match.2566964.3487/Target=lcl|KQ954530_1_prot_KWU41654_1_5995;exonerate}
151780	153186	internal+	3	2	{Augustus_model.g3107.t1;Augustus},{GeneMark_model.4003_t;GeneMark},{GlimmerHMM_glimmerT_3750-T1;GlimmerHMM},{ev_type:exonerate/ID=match.2566964.3488/Target=lcl|PJQD01000058_1_prot_POY72126_1_5221;exonerate},{ev_type:exonerate/ID=match.2566964.3487/Target=lcl|KQ954530_1_prot_KWU41654_1_5995;exonerate}
153187	153248	INTRON			{Augustus_model.g3107.t1;Augustus},{GeneMark_model.4003_t;GeneMark},{GlimmerHMM_glimmerT_3750-T1;GlimmerHMM},{ev_type:exonerate/ID=match.2566964.3488/Target=lcl|PJQD01000058_1_prot_POY72126_1_5221;exonerate},{ev_type:exonerate/ID=match.2566964.3487/Target=lcl|KQ954530_1_prot_KWU41654_1_5995;exonerate}
153249	153442	internal+	3	1	{Augustus_model.g3107.t1;Augustus},{GeneMark_model.4003_t;GeneMark},{GlimmerHMM_glimmerT_3750-T1;GlimmerHMM},{ev_type:exonerate/ID=match.2566964.3488/Target=lcl|PJQD01000058_1_prot_POY72126_1_5221;exonerate},{ev_type:exonerate/ID=match.2566964.3487/Target=lcl|KQ954530_1_prot_KWU41654_1_5995;exonerate}
153443	153502	INTRON			{Augustus_model.g3107.t1;Augustus},{GeneMark_model.4003_t;GeneMark},{GlimmerHMM_glimmerT_3750-T1;GlimmerHMM},{ev_type:exonerate/ID=match.2566964.3488/Target=lcl|PJQD01000058_1_prot_POY72126_1_5221;exonerate},{ev_type:exonerate/ID=match.2566964.3487/Target=lcl|KQ954530_1_prot_KWU41654_1_5995;exonerate}
153503	153719	internal+	2	2	{Augustus_model.g3107.t1;Augustus},{GeneMark_model.4003_t;GeneMark},{GlimmerHMM_glimmerT_3750-T1;GlimmerHMM},{ev_type:exonerate/ID=match.2566964.3488/Target=lcl|PJQD01000058_1_prot_POY72126_1_5221;exonerate},{ev_type:exonerate/ID=match.2566964.3487/Target=lcl|KQ954530_1_prot_KWU41654_1_5995;exonerate}
153720	153774	INTRON			{Augustus_model.g3107.t1;Augustus},{GeneMark_model.4003_t;GeneMark},{GlimmerHMM_glimmerT_3750-T1;GlimmerHMM},{ev_type:exonerate/ID=match.2566964.3488/Target=lcl|PJQD01000058_1_prot_POY72126_1_5221;exonerate},{ev_type:exonerate/ID=match.2566964.3487/Target=lcl|KQ954530_1_prot_KWU41654_1_5995;exonerate}
153775	154236	internal+	3	2	{Augustus_model.g3107.t1;Augustus},{GeneMark_model.4003_t;GeneMark},{GlimmerHMM_glimmerT_3750-T1;GlimmerHMM},{ev_type:exonerate/ID=match.2566964.3488/Target=lcl|PJQD01000058_1_prot_POY72126_1_5221;exonerate},{ev_type:exonerate/ID=match.2566964.3487/Target=lcl|KQ954530_1_prot_KWU41654_1_5995;exonerate}
154237	154299	INTRON			{Augustus_model.g3107.t1;Augustus},{GeneMark_model.4003_t;GeneMark},{GlimmerHMM_glimmerT_3750-T1;GlimmerHMM},{ev_type:exonerate/ID=match.2566964.3488/Target=lcl|PJQD01000058_1_prot_POY72126_1_5221;exonerate},{ev_type:exonerate/ID=match.2566964.3487/Target=lcl|KQ954530_1_prot_KWU41654_1_5995;exonerate}
154300	154385	internal+	3	1	{Augustus_model.g3107.t1;Augustus},{GeneMark_model.4003_t;GeneMark},{GlimmerHMM_glimmerT_3750-T1;GlimmerHMM},{ev_type:exonerate/ID=match.2566964.3488/Target=lcl|PJQD01000058_1_prot_POY72126_1_5221;exonerate},{ev_type:exonerate/ID=match.2566964.3487/Target=lcl|KQ954530_1_prot_KWU41654_1_5995;exonerate}
154386	154451	INTRON			{Augustus_model.g3107.t1;Augustus},{GeneMark_model.4003_t;GeneMark},{GlimmerHMM_glimmerT_3750-T1;GlimmerHMM},{ev_type:exonerate/ID=match.2566964.3488/Target=lcl|PJQD01000058_1_prot_POY72126_1_5221;exonerate},{ev_type:exonerate/ID=match.2566964.3487/Target=lcl|KQ954530_1_prot_KWU41654_1_5995;exonerate}
154452	154667	internal+	2	1	{Augustus_model.g3107.t1;Augustus},{GeneMark_model.4003_t;GeneMark},{GlimmerHMM_glimmerT_3750-T1;GlimmerHMM},{ev_type:exonerate/ID=match.2566964.3488/Target=lcl|PJQD01000058_1_prot_POY72126_1_5221;exonerate},{ev_type:exonerate/ID=match.2566964.3487/Target=lcl|KQ954530_1_prot_KWU41654_1_5995;exonerate}
154668	154729	INTRON			{Augustus_model.g3107.t1;Augustus},{GeneMark_model.4003_t;GeneMark},{GlimmerHMM_glimmerT_3750-T1;GlimmerHMM},{ev_type:exonerate/ID=match.2566964.3488/Target=lcl|PJQD01000058_1_prot_POY72126_1_5221;exonerate},{ev_type:exonerate/ID=match.2566964.3487/Target=lcl|KQ954530_1_prot_KWU41654_1_5995;exonerate}
154730	154854	internal+	2	3	{Augustus_model.g3107.t1;Augustus},{GeneMark_model.4003_t;GeneMark},{GlimmerHMM_glimmerT_3750-T1;GlimmerHMM},{ev_type:exonerate/ID=match.2566964.3488/Target=lcl|PJQD01000058_1_prot_POY72126_1_5221;exonerate},{ev_type:exonerate/ID=match.2566964.3487/Target=lcl|KQ954530_1_prot_KWU41654_1_5995;exonerate}
154855	154914	INTRON			{Augustus_model.g3107.t1;Augustus},{GeneMark_model.4003_t;GeneMark},{GlimmerHMM_glimmerT_3750-T1;GlimmerHMM},{ev_type:exonerate/ID=match.2566964.3488/Target=lcl|PJQD01000058_1_prot_POY72126_1_5221;exonerate},{ev_type:exonerate/ID=match.2566964.3487/Target=lcl|KQ954530_1_prot_KWU41654_1_5995;exonerate}
154915	155301	internal+	1	3	{Augustus_model.g3107.t1;Augustus},{GeneMark_model.4003_t;GeneMark},{GlimmerHMM_glimmerT_3750-T1;GlimmerHMM},{ev_type:exonerate/ID=match.2566964.3488/Target=lcl|PJQD01000058_1_prot_POY72126_1_5221;exonerate},{ev_type:exonerate/ID=match.2566964.3487/Target=lcl|KQ954530_1_prot_KWU41654_1_5995;exonerate}
155302	155362	INTRON			{Augustus_model.g3107.t1;Augustus},{GeneMark_model.4003_t;GeneMark},{GlimmerHMM_glimmerT_3750-T1;GlimmerHMM},{ev_type:exonerate/ID=match.2566964.3488/Target=lcl|PJQD01000058_1_prot_POY72126_1_5221;exonerate},{ev_type:exonerate/ID=match.2566964.3487/Target=lcl|KQ954530_1_prot_KWU41654_1_5995;exonerate}
155363	155483	internal+	1	1	{Augustus_model.g3107.t1;Augustus},{GeneMark_model.4003_t;GeneMark},{GlimmerHMM_glimmerT_3750-T1;GlimmerHMM},{ev_type:exonerate/ID=match.2566964.3488/Target=lcl|PJQD01000058_1_prot_POY72126_1_5221;exonerate},{ev_type:exonerate/ID=match.2566964.3487/Target=lcl|KQ954530_1_prot_KWU41654_1_5995;exonerate}
155484	155541	INTRON			{Augustus_model.g3107.t1;Augustus},{GeneMark_model.4003_t;GeneMark},{ev_type:exonerate/ID=match.2566964.3488/Target=lcl|PJQD01000058_1_prot_POY72126_1_5221;exonerate},{ev_type:exonerate/ID=match.2566964.3487/Target=lcl|KQ954530_1_prot_KWU41654_1_5995;exonerate}
155542	155640	internal+	2	1	{Augustus_model.g3107.t1;Augustus},{GeneMark_model.4003_t;GeneMark},{ev_type:exonerate/ID=match.2566964.3488/Target=lcl|PJQD01000058_1_prot_POY72126_1_5221;exonerate},{ev_type:exonerate/ID=match.2566964.3487/Target=lcl|KQ954530_1_prot_KWU41654_1_5995;exonerate}
155641	155703	INTRON			{Augustus_model.g3107.t1;Augustus},{GeneMark_model.4003_t;GeneMark},{ev_type:exonerate/ID=match.2566964.3488/Target=lcl|PJQD01000058_1_prot_POY72126_1_5221;exonerate},{ev_type:exonerate/ID=match.2566964.3487/Target=lcl|KQ954530_1_prot_KWU41654_1_5995;exonerate}
155704	155846	internal+	2	3	{Augustus_model.g3107.t1;Augustus},{GeneMark_model.4003_t;GeneMark},{GlimmerHMM_glimmerT_3750-T1;GlimmerHMM},{ev_type:exonerate/ID=match.2566964.3488/Target=lcl|PJQD01000058_1_prot_POY72126_1_5221;exonerate},{ev_type:exonerate/ID=match.2566964.3487/Target=lcl|KQ954530_1_prot_KWU41654_1_5995;exonerate}
155847	155907	INTRON			{Augustus_model.g3107.t1;Augustus},{GeneMark_model.4003_t;GeneMark},{GlimmerHMM_glimmerT_3750-T1;GlimmerHMM},{ev_type:exonerate/ID=match.2566964.3488/Target=lcl|PJQD01000058_1_prot_POY72126_1_5221;exonerate},{ev_type:exonerate/ID=match.2566964.3487/Target=lcl|KQ954530_1_prot_KWU41654_1_5995;exonerate}
155908	156147	terminal+	1	3	{Augustus_model.g3107.t1;Augustus},{GeneMark_model.4003_t;GeneMark},{GlimmerHMM_glimmerT_3750-T1;GlimmerHMM}

# EVM prediction: Mode:STANDARD S-ratio: 2.16 156491-158142 orient(-) score(4956.00) noncoding_equivalent(2294.00) raw_noncoding(2639.00) offset(345.00)
156663	156491	terminal-	5	6	{GeneMark_model.4004_t;GeneMark},{GlimmerHMM_glimmerT_3751-T1;GlimmerHMM},{Augustus_model.g3108.t1;Augustus}
156761	156664	INTRON			{GeneMark_model.4004_t;GeneMark},{GlimmerHMM_glimmerT_3751-T1;GlimmerHMM},{Augustus_model.g3108.t1;Augustus}
156810	156762	internal-	4	4	{GeneMark_model.4004_t;GeneMark},{GlimmerHMM_glimmerT_3751-T1;GlimmerHMM},{Augustus_model.g3108.t1;Augustus}
156897	156811	INTRON			{GeneMark_model.4004_t;GeneMark},{GlimmerHMM_glimmerT_3751-T1;GlimmerHMM},{Augustus_model.g3108.t1;Augustus}
157222	156898	internal-	6	6	{GeneMark_model.4004_t;GeneMark},{GlimmerHMM_glimmerT_3751-T1;GlimmerHMM},{Augustus_model.g3108.t1;Augustus}
157295	157223	INTRON			{GeneMark_model.4004_t;GeneMark},{GlimmerHMM_glimmerT_3751-T1;GlimmerHMM},{Augustus_model.g3108.t1;Augustus}
157586	157296	internal-	6	5	{GeneMark_model.4004_t;GeneMark},{GlimmerHMM_glimmerT_3751-T1;GlimmerHMM},{Augustus_model.g3108.t1;Augustus}
157657	157587	INTRON			{GeneMark_model.4004_t;GeneMark},{GlimmerHMM_glimmerT_3751-T1;GlimmerHMM},{Augustus_model.g3108.t1;Augustus}
158142	157658	initial-	4	5	{GeneMark_model.4004_t;GeneMark},{GlimmerHMM_glimmerT_3751-T1;GlimmerHMM},{Augustus_model.g3108.t1;Augustus}

# EVM prediction: Mode:STANDARD S-ratio: 1.50 158610-159409 orient(-) score(2128.00) noncoding_equivalent(1414.26) raw_noncoding(2078.00) offset(663.74)
158657	158610	terminal-	4	6	{GeneMark_model.4005_t;GeneMark},{GlimmerHMM_glimmerT_3752-T1;GlimmerHMM},{Augustus_model.g3109.t1;Augustus}
158730	158658	INTRON			{GeneMark_model.4005_t;GeneMark},{GlimmerHMM_glimmerT_3752-T1;GlimmerHMM},{Augustus_model.g3109.t1;Augustus}
158825	158731	internal-	5	6	{GeneMark_model.4005_t;GeneMark},{GlimmerHMM_glimmerT_3752-T1;GlimmerHMM},{Augustus_model.g3109.t1;Augustus}
158903	158826	INTRON			{GeneMark_model.4005_t;GeneMark},{GlimmerHMM_glimmerT_3752-T1;GlimmerHMM},{Augustus_model.g3109.t1;Augustus}
158979	158904	internal-	4	4	{GeneMark_model.4005_t;GeneMark},{GlimmerHMM_glimmerT_3752-T1;GlimmerHMM},{Augustus_model.g3109.t1;Augustus}
159072	158980	INTRON			{Augustus_model.g3109.t1;Augustus}
159093	159073	internal-	4	6	{Augustus_model.g3109.t1;Augustus}
159158	159094	INTRON			{GeneMark_model.4005_t;GeneMark},{Augustus_model.g3109.t1;Augustus}
159250	159159	internal-	5	6	{GeneMark_model.4005_t;GeneMark},{GlimmerHMM_glimmerT_3752-T1;GlimmerHMM},{Augustus_model.g3109.t1;Augustus}
159369	159251	INTRON			{GeneMark_model.4005_t;GeneMark},{GlimmerHMM_glimmerT_3752-T1;GlimmerHMM},{Augustus_model.g3109.t1;Augustus}
159409	159370	initial-	4	4	{GeneMark_model.4005_t;GeneMark},{GlimmerHMM_glimmerT_3752-T1;GlimmerHMM},{Augustus_model.g3109.t1;Augustus}

# EVM prediction: Mode:STANDARD S-ratio: 1.48 160263-160940 orient(-) score(1782.00) noncoding_equivalent(1207.04) raw_noncoding(1608.00) offset(400.96)
160286	160263	terminal-	4	6	{Augustus_model.g3110.t1;Augustus},{GlimmerHMM_glimmerT_3753-T1;GlimmerHMM},{GeneMark_model.4006_t;GeneMark}
160345	160287	INTRON			{Augustus_model.g3110.t1;Augustus},{GlimmerHMM_glimmerT_3753-T1;GlimmerHMM},{GeneMark_model.4006_t;GeneMark}
160465	160346	internal-	4	6	{Augustus_model.g3110.t1;Augustus},{GlimmerHMM_glimmerT_3753-T1;GlimmerHMM},{GeneMark_model.4006_t;GeneMark}
160549	160466	INTRON			{Augustus_model.g3110.t1;Augustus},{GlimmerHMM_glimmerT_3753-T1;GlimmerHMM},{GeneMark_model.4006_t;GeneMark}
160616	160550	internal-	6	6	{Augustus_model.g3110.t1;Augustus},{GlimmerHMM_glimmerT_3753-T1;GlimmerHMM},{GeneMark_model.4006_t;GeneMark}
160677	160617	INTRON			{Augustus_model.g3110.t1;Augustus},{GeneMark_model.4006_t;GeneMark}
160796	160678	internal-	4	5	{Augustus_model.g3110.t1;Augustus},{GeneMark_model.4006_t;GeneMark}
160868	160797	INTRON			{Augustus_model.g3110.t1;Augustus},{GeneMark_model.4006_t;GeneMark}
160940	160869	initial-	4	6	{Augustus_model.g3110.t1;Augustus},{GeneMark_model.4006_t;GeneMark}

# EVM prediction: Mode:STANDARD S-ratio: 2.37 161169-162556 orient(-) score(6780.00) noncoding_equivalent(2864.93) raw_noncoding(3645.67) offset(780.74)
161311	161169	terminal-	5	6	{HiQ_model.g3111.t1;HiQ},{GlimmerHMM_glimmerT_3754-T1;GlimmerHMM},{GeneMark_model.4007_t;GeneMark}
161383	161312	INTRON			{HiQ_model.g3111.t1;HiQ},{GlimmerHMM_glimmerT_3754-T1;GlimmerHMM},{GeneMark_model.4007_t;GeneMark},{ev_type:exonerate/ID=match.2566964.3575/Target=lcl|KQ954470_1_prot_KWU45718_1_1878;exonerate}
161463	161384	internal-	6	4	{HiQ_model.g3111.t1;HiQ},{GlimmerHMM_glimmerT_3754-T1;GlimmerHMM},{GeneMark_model.4007_t;GeneMark},{ev_type:exonerate/ID=match.2566964.3575/Target=lcl|KQ954470_1_prot_KWU45718_1_1878;exonerate}
161550	161464	INTRON			{HiQ_model.g3111.t1;HiQ},{GlimmerHMM_glimmerT_3754-T1;GlimmerHMM},{GeneMark_model.4007_t;GeneMark},{ev_type:exonerate/ID=match.2566964.3575/Target=lcl|KQ954470_1_prot_KWU45718_1_1878;exonerate}
161700	161551	internal-	6	5	{HiQ_model.g3111.t1;HiQ},{GlimmerHMM_glimmerT_3754-T1;GlimmerHMM},{GeneMark_model.4007_t;GeneMark},{ev_type:exonerate/ID=match.2566964.3575/Target=lcl|KQ954470_1_prot_KWU45718_1_1878;exonerate}
161762	161701	INTRON			{HiQ_model.g3111.t1;HiQ},{GlimmerHMM_glimmerT_3754-T1;GlimmerHMM},{GeneMark_model.4007_t;GeneMark},{ev_type:exonerate/ID=match.2566964.3575/Target=lcl|KQ954470_1_prot_KWU45718_1_1878;exonerate}
161948	161763	internal-	6	5	{HiQ_model.g3111.t1;HiQ},{GlimmerHMM_glimmerT_3754-T1;GlimmerHMM},{GeneMark_model.4007_t;GeneMark},{ev_type:exonerate/ID=match.2566964.3575/Target=lcl|KQ954470_1_prot_KWU45718_1_1878;exonerate}
162034	161949	INTRON			{HiQ_model.g3111.t1;HiQ},{GlimmerHMM_glimmerT_3754-T1;GlimmerHMM},{GeneMark_model.4007_t;GeneMark},{ev_type:exonerate/ID=match.2566964.3575/Target=lcl|KQ954470_1_prot_KWU45718_1_1878;exonerate}
162221	162035	internal-	5	5	{HiQ_model.g3111.t1;HiQ},{GlimmerHMM_glimmerT_3754-T1;GlimmerHMM},{GeneMark_model.4007_t;GeneMark},{ev_type:exonerate/ID=match.2566964.3575/Target=lcl|KQ954470_1_prot_KWU45718_1_1878;exonerate}
162306	162222	INTRON			{HiQ_model.g3111.t1;HiQ},{GlimmerHMM_glimmerT_3754-T1;GlimmerHMM},{GeneMark_model.4007_t;GeneMark},{ev_type:exonerate/ID=match.2566964.3575/Target=lcl|KQ954470_1_prot_KWU45718_1_1878;exonerate}
162556	162307	initial-	4	4	{HiQ_model.g3111.t1;HiQ}

# EVM prediction: Mode:STANDARD S-ratio: 2.39 162765-165383 orient(-) score(8473.00) noncoding_equivalent(3552.33) raw_noncoding(4629.40) offset(1077.07)
162791	162765	terminal-	4	6	{Augustus_model.g3112.t1;Augustus},{GeneMark_model.4008_t;GeneMark}
162853	162792	INTRON			{Augustus_model.g3112.t1;Augustus},{GeneMark_model.4008_t;GeneMark}
162969	162854	internal-	5	6	{Augustus_model.g3112.t1;Augustus},{GeneMark_model.4008_t;GeneMark},{GlimmerHMM_glimmerT_3754-T1;GlimmerHMM}
163034	162970	INTRON			{Augustus_model.g3112.t1;Augustus},{GeneMark_model.4008_t;GeneMark},{GlimmerHMM_glimmerT_3754-T1;GlimmerHMM}
163151	163035	internal-	5	4	{Augustus_model.g3112.t1;Augustus},{GeneMark_model.4008_t;GeneMark},{GlimmerHMM_glimmerT_3754-T1;GlimmerHMM}
163221	163152	INTRON			{Augustus_model.g3112.t1;Augustus},{GeneMark_model.4008_t;GeneMark},{GlimmerHMM_glimmerT_3754-T1;GlimmerHMM}
163291	163222	internal-	4	4	{Augustus_model.g3112.t1;Augustus},{GeneMark_model.4008_t;GeneMark},{GlimmerHMM_glimmerT_3754-T1;GlimmerHMM}
163355	163292	INTRON			{Augustus_model.g3112.t1;Augustus},{GeneMark_model.4008_t;GeneMark},{GlimmerHMM_glimmerT_3754-T1;GlimmerHMM}
163373	163356	internal-	4	6	{Augustus_model.g3112.t1;Augustus},{GeneMark_model.4008_t;GeneMark},{GlimmerHMM_glimmerT_3754-T1;GlimmerHMM}
163441	163374	INTRON			{Augustus_model.g3112.t1;Augustus},{GeneMark_model.4008_t;GeneMark},{GlimmerHMM_glimmerT_3754-T1;GlimmerHMM}
163765	163442	internal-	4	6	{Augustus_model.g3112.t1;Augustus},{GeneMark_model.4008_t;GeneMark},{GlimmerHMM_glimmerT_3754-T1;GlimmerHMM}
163827	163766	INTRON			{Augustus_model.g3112.t1;Augustus},{GeneMark_model.4008_t;GeneMark},{GlimmerHMM_glimmerT_3754-T1;GlimmerHMM}
163968	163828	internal-	4	6	{Augustus_model.g3112.t1;Augustus},{GeneMark_model.4008_t;GeneMark},{GlimmerHMM_glimmerT_3754-T1;GlimmerHMM}
164033	163969	INTRON			{Augustus_model.g3112.t1;Augustus},{GeneMark_model.4008_t;GeneMark},{GlimmerHMM_glimmerT_3754-T1;GlimmerHMM}
164252	164034	internal-	4	6	{Augustus_model.g3112.t1;Augustus},{GeneMark_model.4008_t;GeneMark},{GlimmerHMM_glimmerT_3754-T1;GlimmerHMM}
164334	164253	INTRON			{Augustus_model.g3112.t1;Augustus},{GeneMark_model.4008_t;GeneMark},{GlimmerHMM_glimmerT_3754-T1;GlimmerHMM}
164664	164335	internal-	4	6	{Augustus_model.g3112.t1;Augustus},{GeneMark_model.4008_t;GeneMark},{GlimmerHMM_glimmerT_3754-T1;GlimmerHMM}
164776	164665	INTRON			{Augustus_model.g3112.t1;Augustus},{snap_scaffold_9-snap.70-T1;snap},{GeneMark_model.4008_t;GeneMark},{GlimmerHMM_glimmerT_3754-T1;GlimmerHMM}
164838	164777	internal-	5	6	{Augustus_model.g3112.t1;Augustus},{GeneMark_model.4008_t;GeneMark}
164906	164839	INTRON			{Augustus_model.g3112.t1;Augustus},{GeneMark_model.4008_t;GeneMark}
164929	164907	internal-	6	4	{Augustus_model.g3112.t1;Augustus},{GeneMark_model.4008_t;GeneMark}
165083	164930	INTRON			{Augustus_model.g3112.t1;Augustus},{GeneMark_model.4008_t;GeneMark}
165233	165084	internal-	6	5	{Augustus_model.g3112.t1;Augustus},{GeneMark_model.4008_t;GeneMark},{GlimmerHMM_glimmerT_3754-T1;GlimmerHMM}
165330	165234	INTRON			{Augustus_model.g3112.t1;Augustus},{GeneMark_model.4008_t;GeneMark},{GlimmerHMM_glimmerT_3754-T1;GlimmerHMM}
165383	165331	initial-	4	5	{Augustus_model.g3112.t1;Augustus},{GeneMark_model.4008_t;GeneMark},{GlimmerHMM_glimmerT_3754-T1;GlimmerHMM}

# EVM prediction: Mode:STANDARD S-ratio: 4.28 165804-167441 orient(-) score(11877.00) noncoding_equivalent(2778.10) raw_noncoding(3873.00) offset(1094.90)
165977	165804	terminal-	4	6	{HiQ_model.g3113.t1;HiQ},{snap_scaffold_9-snap.71-T1;snap},{GeneMark_model.4009_t;GeneMark},{GlimmerHMM_glimmerT_3755-T1;GlimmerHMM}
166048	165978	INTRON			{HiQ_model.g3113.t1;HiQ},{GeneMark_model.4009_t;GeneMark},{GlimmerHMM_glimmerT_3755-T1;GlimmerHMM},{ev_type:exonerate/ID=match.2566964.1977/Target=lcl|NW_017264937_1_prot_XP_018269532_1_4935;exonerate},{ev_type:exonerate/ID=match.2566964.1975/Target=lcl|PJQD01000058_1_prot_POY72122_1_5217;exonerate},{ev_type:exonerate/ID=match.2566964.1976/Target=lcl|KQ954530_1_prot_KWU41657_1_5998;exonerate}
166103	166049	internal-	6	6	{HiQ_model.g3113.t1;HiQ},{GeneMark_model.4009_t;GeneMark},{GlimmerHMM_glimmerT_3755-T1;GlimmerHMM},{ev_type:exonerate/ID=match.2566964.1977/Target=lcl|NW_017264937_1_prot_XP_018269532_1_4935;exonerate},{ev_type:exonerate/ID=match.2566964.1975/Target=lcl|PJQD01000058_1_prot_POY72122_1_5217;exonerate},{ev_type:exonerate/ID=match.2566964.1976/Target=lcl|KQ954530_1_prot_KWU41657_1_5998;exonerate}
166173	166104	INTRON			{HiQ_model.g3113.t1;HiQ},{GeneMark_model.4009_t;GeneMark},{GlimmerHMM_glimmerT_3755-T1;GlimmerHMM},{ev_type:exonerate/ID=match.2566964.1977/Target=lcl|NW_017264937_1_prot_XP_018269532_1_4935;exonerate},{ev_type:exonerate/ID=match.2566964.1975/Target=lcl|PJQD01000058_1_prot_POY72122_1_5217;exonerate},{ev_type:exonerate/ID=match.2566964.1976/Target=lcl|KQ954530_1_prot_KWU41657_1_5998;exonerate}
166282	166174	internal-	5	5	{HiQ_model.g3113.t1;HiQ},{GeneMark_model.4009_t;GeneMark},{GlimmerHMM_glimmerT_3755-T1;GlimmerHMM},{ev_type:exonerate/ID=match.2566964.1977/Target=lcl|NW_017264937_1_prot_XP_018269532_1_4935;exonerate},{ev_type:exonerate/ID=match.2566964.1975/Target=lcl|PJQD01000058_1_prot_POY72122_1_5217;exonerate},{ev_type:exonerate/ID=match.2566964.1976/Target=lcl|KQ954530_1_prot_KWU41657_1_5998;exonerate}
166351	166283	INTRON			{HiQ_model.g3113.t1;HiQ},{GeneMark_model.4009_t;GeneMark},{GlimmerHMM_glimmerT_3755-T1;GlimmerHMM},{ev_type:exonerate/ID=match.2566964.1977/Target=lcl|NW_017264937_1_prot_XP_018269532_1_4935;exonerate},{ev_type:exonerate/ID=match.2566964.1975/Target=lcl|PJQD01000058_1_prot_POY72122_1_5217;exonerate},{ev_type:exonerate/ID=match.2566964.1976/Target=lcl|KQ954530_1_prot_KWU41657_1_5998;exonerate}
166444	166352	internal-	5	4	{HiQ_model.g3113.t1;HiQ},{GeneMark_model.4009_t;GeneMark},{GlimmerHMM_glimmerT_3755-T1;GlimmerHMM},{ev_type:exonerate/ID=match.2566964.1977/Target=lcl|NW_017264937_1_prot_XP_018269532_1_4935;exonerate},{ev_type:exonerate/ID=match.2566964.1975/Target=lcl|PJQD01000058_1_prot_POY72122_1_5217;exonerate},{ev_type:exonerate/ID=match.2566964.1976/Target=lcl|KQ954530_1_prot_KWU41657_1_5998;exonerate}
166517	166445	INTRON			{HiQ_model.g3113.t1;HiQ},{GeneMark_model.4009_t;GeneMark},{GlimmerHMM_glimmerT_3755-T1;GlimmerHMM},{ev_type:exonerate/ID=match.2566964.1977/Target=lcl|NW_017264937_1_prot_XP_018269532_1_4935;exonerate},{ev_type:exonerate/ID=match.2566964.1975/Target=lcl|PJQD01000058_1_prot_POY72122_1_5217;exonerate},{ev_type:exonerate/ID=match.2566964.1976/Target=lcl|KQ954530_1_prot_KWU41657_1_5998;exonerate}
166824	166518	internal-	4	4	{HiQ_model.g3113.t1;HiQ},{GeneMark_model.4009_t;GeneMark},{GlimmerHMM_glimmerT_3755-T1;GlimmerHMM},{ev_type:exonerate/ID=match.2566964.1977/Target=lcl|NW_017264937_1_prot_XP_018269532_1_4935;exonerate},{ev_type:exonerate/ID=match.2566964.1975/Target=lcl|PJQD01000058_1_prot_POY72122_1_5217;exonerate},{ev_type:exonerate/ID=match.2566964.1976/Target=lcl|KQ954530_1_prot_KWU41657_1_5998;exonerate}
166907	166825	INTRON			{HiQ_model.g3113.t1;HiQ},{GeneMark_model.4009_t;GeneMark},{GlimmerHMM_glimmerT_3755-T1;GlimmerHMM},{ev_type:exonerate/ID=match.2566964.1977/Target=lcl|NW_017264937_1_prot_XP_018269532_1_4935;exonerate},{ev_type:exonerate/ID=match.2566964.1975/Target=lcl|PJQD01000058_1_prot_POY72122_1_5217;exonerate},{ev_type:exonerate/ID=match.2566964.1976/Target=lcl|KQ954530_1_prot_KWU41657_1_5998;exonerate}
167075	166908	internal-	4	6	{HiQ_model.g3113.t1;HiQ},{GeneMark_model.4009_t;GeneMark},{GlimmerHMM_glimmerT_3755-T1;GlimmerHMM},{ev_type:exonerate/ID=match.2566964.1977/Target=lcl|NW_017264937_1_prot_XP_018269532_1_4935;exonerate},{ev_type:exonerate/ID=match.2566964.1975/Target=lcl|PJQD01000058_1_prot_POY72122_1_5217;exonerate},{ev_type:exonerate/ID=match.2566964.1976/Target=lcl|KQ954530_1_prot_KWU41657_1_5998;exonerate}
167291	167076	INTRON			{HiQ_model.g3113.t1;HiQ},{GeneMark_model.4009_t;GeneMark},{GlimmerHMM_glimmerT_3755-T1;GlimmerHMM},{ev_type:exonerate/ID=match.2566964.1977/Target=lcl|NW_017264937_1_prot_XP_018269532_1_4935;exonerate},{ev_type:exonerate/ID=match.2566964.1975/Target=lcl|PJQD01000058_1_prot_POY72122_1_5217;exonerate},{ev_type:exonerate/ID=match.2566964.1976/Target=lcl|KQ954530_1_prot_KWU41657_1_5998;exonerate}
167441	167292	initial-	4	6	{HiQ_model.g3113.t1;HiQ},{GeneMark_model.4009_t;GeneMark},{GlimmerHMM_glimmerT_3755-T1;GlimmerHMM}

# EVM prediction: Mode:STANDARD S-ratio: 21.59 169379-170431 orient(+) score(4146.00) noncoding_equivalent(192.00) raw_noncoding(198.00) offset(6.00)
169379	169666	initial+	1	3	{GlimmerHMM_glimmerT_3756-T1;GlimmerHMM},{Augustus_model.g3114.t1;Augustus},{GeneMark_model.4010_t;GeneMark}
169667	169732	INTRON			{GlimmerHMM_glimmerT_3756-T1;GlimmerHMM},{Augustus_model.g3114.t1;Augustus},{GeneMark_model.4010_t;GeneMark}
169733	170431	terminal+	1	3	{GlimmerHMM_glimmerT_3756-T1;GlimmerHMM},{Augustus_model.g3114.t1;Augustus},{GeneMark_model.4010_t;GeneMark}

# EVM prediction: Mode:STANDARD S-ratio: 2.60 171154-172916 orient(+) score(6296.00) noncoding_equivalent(2417.89) raw_noncoding(3392.00) offset(974.11)
171154	171424	initial+	1	1	{Augustus_model.g3115.t1;Augustus},{GeneMark_model.4011_t;GeneMark}
171425	171520	INTRON			{Augustus_model.g3115.t1;Augustus},{GeneMark_model.4011_t;GeneMark},{ev_type:exonerate/ID=match.2566964.3576/Target=lcl|KQ954530_1_prot_KWU41658_1_5999;exonerate}
171521	171640	internal+	2	1	{Augustus_model.g3115.t1;Augustus},{GeneMark_model.4011_t;GeneMark},{ev_type:exonerate/ID=match.2566964.3576/Target=lcl|KQ954530_1_prot_KWU41658_1_5999;exonerate}
171641	171717	INTRON			{Augustus_model.g3115.t1;Augustus},{GeneMark_model.4011_t;GeneMark},{ev_type:exonerate/ID=match.2566964.3576/Target=lcl|KQ954530_1_prot_KWU41658_1_5999;exonerate}
171718	171767	internal+	2	3	{Augustus_model.g3115.t1;Augustus},{GeneMark_model.4011_t;GeneMark}
171768	171826	INTRON			{Augustus_model.g3115.t1;Augustus},{GeneMark_model.4011_t;GeneMark}
171827	171841	internal+	1	3	{Augustus_model.g3115.t1;Augustus},{GeneMark_model.4011_t;GeneMark}
171842	171909	INTRON			{Augustus_model.g3115.t1;Augustus},{GeneMark_model.4011_t;GeneMark}
171910	172029	internal+	1	3	{Augustus_model.g3115.t1;Augustus},{GeneMark_model.4011_t;GeneMark}
172030	172086	INTRON			{Augustus_model.g3115.t1;Augustus},{GeneMark_model.4011_t;GeneMark},{ev_type:exonerate/ID=match.2566964.3576/Target=lcl|KQ954530_1_prot_KWU41658_1_5999;exonerate}
172087	172295	internal+	1	2	{Augustus_model.g3115.t1;Augustus},{GeneMark_model.4011_t;GeneMark},{ev_type:exonerate/ID=match.2566964.3576/Target=lcl|KQ954530_1_prot_KWU41658_1_5999;exonerate}
172296	172360	INTRON			{Augustus_model.g3115.t1;Augustus},{GlimmerHMM_glimmerT_3757-T1;GlimmerHMM},{GeneMark_model.4011_t;GeneMark},{ev_type:exonerate/ID=match.2566964.3576/Target=lcl|KQ954530_1_prot_KWU41658_1_5999;exonerate}
172361	172501	internal+	3	2	{Augustus_model.g3115.t1;Augustus},{GlimmerHMM_glimmerT_3757-T1;GlimmerHMM},{GeneMark_model.4011_t;GeneMark},{ev_type:exonerate/ID=match.2566964.3576/Target=lcl|KQ954530_1_prot_KWU41658_1_5999;exonerate}
172502	172574	INTRON			{Augustus_model.g3115.t1;Augustus},{GlimmerHMM_glimmerT_3757-T1;GlimmerHMM},{GeneMark_model.4011_t;GeneMark},{ev_type:exonerate/ID=match.2566964.3576/Target=lcl|KQ954530_1_prot_KWU41658_1_5999;exonerate}
172575	172662	internal+	3	3	{Augustus_model.g3115.t1;Augustus},{GlimmerHMM_glimmerT_3757-T1;GlimmerHMM},{GeneMark_model.4011_t;GeneMark},{ev_type:exonerate/ID=match.2566964.3576/Target=lcl|KQ954530_1_prot_KWU41658_1_5999;exonerate}
172663	172725	INTRON			{Augustus_model.g3115.t1;Augustus},{GeneMark_model.4011_t;GeneMark},{ev_type:exonerate/ID=match.2566964.3576/Target=lcl|KQ954530_1_prot_KWU41658_1_5999;exonerate}
172726	172773	internal+	1	3	{Augustus_model.g3115.t1;Augustus},{GeneMark_model.4011_t;GeneMark},{ev_type:exonerate/ID=match.2566964.3576/Target=lcl|KQ954530_1_prot_KWU41658_1_5999;exonerate}
172774	172853	INTRON			{Augustus_model.g3115.t1;Augustus},{GeneMark_model.4011_t;GeneMark},{ev_type:exonerate/ID=match.2566964.3576/Target=lcl|KQ954530_1_prot_KWU41658_1_5999;exonerate}
172854	172916	terminal+	1	3	{Augustus_model.g3115.t1;Augustus},{GlimmerHMM_glimmerT_3757-T1;GlimmerHMM},{GeneMark_model.4011_t;GeneMark}

# EVM prediction: Mode:STANDARD S-ratio: 11.27 173353-176432 orient(-) score(12102.00) noncoding_equivalent(1073.61) raw_noncoding(1238.00) offset(164.39)
175981	173353	terminal-	6	6	{GlimmerHMM_glimmerT_3758-T1;GlimmerHMM},{snap_scaffold_9-snap.75-T1;snap},{GeneMark_model.4012_t;GeneMark}
176043	175982	INTRON			{GlimmerHMM_glimmerT_3758-T1;GlimmerHMM},{GeneMark_model.4012_t;GeneMark},{Augustus_model.g3116.t1;Augustus}
176108	176044	internal-	4	5	{GlimmerHMM_glimmerT_3758-T1;GlimmerHMM},{GeneMark_model.4012_t;GeneMark},{Augustus_model.g3116.t1;Augustus}
176201	176109	INTRON			{GlimmerHMM_glimmerT_3758-T1;GlimmerHMM},{GeneMark_model.4012_t;GeneMark},{Augustus_model.g3116.t1;Augustus},{ev_type:exonerate/ID=match.2566964.1047/Target=lcl|NW_017264937_1_prot_XP_018269539_1_4942;exonerate}
176432	176202	initial-	4	6	{GlimmerHMM_glimmerT_3758-T1;GlimmerHMM},{Augustus_model.g3116.t1;Augustus}

# EVM prediction: Mode:STANDARD S-ratio: 2.01 176913-178807 orient(+) score(6397.00) noncoding_equivalent(3179.85) raw_noncoding(4014.00) offset(834.15)
176913	176960	initial+	1	3	{GeneMark_model.4013_t;GeneMark},{GlimmerHMM_glimmerT_3759-T1;GlimmerHMM},{Augustus_model.g3117.t1;Augustus}
176961	177087	INTRON			{GeneMark_model.4013_t;GeneMark},{GlimmerHMM_glimmerT_3759-T1;GlimmerHMM},{Augustus_model.g3117.t1;Augustus}
177088	177573	internal+	1	3	{GeneMark_model.4013_t;GeneMark},{GlimmerHMM_glimmerT_3759-T1;GlimmerHMM},{Augustus_model.g3117.t1;Augustus}
177574	177646	INTRON			{GeneMark_model.4013_t;GeneMark},{GlimmerHMM_glimmerT_3759-T1;GlimmerHMM},{Augustus_model.g3117.t1;Augustus}
177647	177731	internal+	1	1	{GeneMark_model.4013_t;GeneMark},{GlimmerHMM_glimmerT_3759-T1;GlimmerHMM},{Augustus_model.g3117.t1;Augustus}
177732	177812	INTRON			{GeneMark_model.4013_t;GeneMark},{GlimmerHMM_glimmerT_3759-T1;GlimmerHMM},{Augustus_model.g3117.t1;Augustus}
177813	177831	internal+	2	2	{GeneMark_model.4013_t;GeneMark},{GlimmerHMM_glimmerT_3759-T1;GlimmerHMM},{Augustus_model.g3117.t1;Augustus}
177832	177910	INTRON			{GeneMark_model.4013_t;GeneMark},{GlimmerHMM_glimmerT_3759-T1;GlimmerHMM},{Augustus_model.g3117.t1;Augustus}
177911	177973	internal+	3	2	{GeneMark_model.4013_t;GeneMark},{GlimmerHMM_glimmerT_3759-T1;GlimmerHMM},{Augustus_model.g3117.t1;Augustus}
177974	178053	INTRON			{GeneMark_model.4013_t;GeneMark},{Augustus_model.g3117.t1;Augustus}
178054	178077	internal+	3	2	{GeneMark_model.4013_t;GeneMark},{Augustus_model.g3117.t1;Augustus}
178078	178164	INTRON			{GeneMark_model.4013_t;GeneMark},{Augustus_model.g3117.t1;Augustus}
178165	178250	internal+	3	1	{GeneMark_model.4013_t;GeneMark},{GlimmerHMM_glimmerT_3759-T1;GlimmerHMM},{Augustus_model.g3117.t1;Augustus}
178251	178362	INTRON			{GeneMark_model.4013_t;GeneMark},{snap_scaffold_9-snap.76-T1;snap},{GlimmerHMM_glimmerT_3759-T1;GlimmerHMM},{Augustus_model.g3117.t1;Augustus},{ev_type:exonerate/ID=match.2566964.3651/Target=lcl|PJQD01000058_1_prot_POY72114_1_5209;exonerate}
178363	178574	internal+	2	3	{GeneMark_model.4013_t;GeneMark},{GlimmerHMM_glimmerT_3759-T1;GlimmerHMM},{Augustus_model.g3117.t1;Augustus},{ev_type:exonerate/ID=match.2566964.3651/Target=lcl|PJQD01000058_1_prot_POY72114_1_5209;exonerate}
178575	178651	INTRON			{GeneMark_model.4013_t;GeneMark},{GlimmerHMM_glimmerT_3759-T1;GlimmerHMM},{Augustus_model.g3117.t1;Augustus},{ev_type:exonerate/ID=match.2566964.3651/Target=lcl|PJQD01000058_1_prot_POY72114_1_5209;exonerate}
178652	178722	internal+	1	2	{GeneMark_model.4013_t;GeneMark},{GlimmerHMM_glimmerT_3759-T1;GlimmerHMM},{Augustus_model.g3117.t1;Augustus}
178723	178800	INTRON			{GeneMark_model.4013_t;GeneMark},{GlimmerHMM_glimmerT_3759-T1;GlimmerHMM},{Augustus_model.g3117.t1;Augustus}
178801	178807	terminal+	3	3	{GeneMark_model.4013_t;GeneMark},{GlimmerHMM_glimmerT_3759-T1;GlimmerHMM},{Augustus_model.g3117.t1;Augustus}

# EVM prediction: Mode:STANDARD S-ratio: 2.59 179101-180561 orient(-) score(4659.00) noncoding_equivalent(1801.60) raw_noncoding(2130.00) offset(328.40)
179372	179101	terminal-	5	6	{Augustus_model.g3118.t1;Augustus},{snap_scaffold_9-snap.77-T1;snap},{GlimmerHMM_glimmerT_3760-T1;GlimmerHMM},{GeneMark_model.4014_t;GeneMark}
179517	179373	INTRON			{Augustus_model.g3118.t1;Augustus},{GlimmerHMM_glimmerT_3760-T1;GlimmerHMM},{GeneMark_model.4014_t;GeneMark}
179599	179518	internal-	4	4	{Augustus_model.g3118.t1;Augustus},{GlimmerHMM_glimmerT_3760-T1;GlimmerHMM},{GeneMark_model.4014_t;GeneMark}
179680	179600	INTRON			{Augustus_model.g3118.t1;Augustus},{GlimmerHMM_glimmerT_3760-T1;GlimmerHMM},{GeneMark_model.4014_t;GeneMark}
179808	179681	internal-	5	6	{Augustus_model.g3118.t1;Augustus},{GlimmerHMM_glimmerT_3760-T1;GlimmerHMM},{GeneMark_model.4014_t;GeneMark}
179897	179809	INTRON			{Augustus_model.g3118.t1;Augustus},{GlimmerHMM_glimmerT_3760-T1;GlimmerHMM},{GeneMark_model.4014_t;GeneMark}
180561	179898	initial-	4	4	{Augustus_model.g3118.t1;Augustus},{GlimmerHMM_glimmerT_3760-T1;GlimmerHMM},{GeneMark_model.4014_t;GeneMark}

# EVM prediction: Mode:STANDARD S-ratio: 3.28 180731-183059 orient(+) score(7271.00) noncoding_equivalent(2214.99) raw_noncoding(3055.00) offset(840.01)
180731	180859	initial+	1	3	{GlimmerHMM_glimmerT_3761-T1;GlimmerHMM},{GeneMark_model.4015_t;GeneMark},{Augustus_model.g3119.t1;Augustus}
180860	180983	INTRON			{GeneMark_model.4015_t;GeneMark},{Augustus_model.g3119.t1;Augustus}
180984	181108	internal+	1	2	{GeneMark_model.4015_t;GeneMark},{Augustus_model.g3119.t1;Augustus}
181109	181184	INTRON			{GeneMark_model.4015_t;GeneMark},{Augustus_model.g3119.t1;Augustus}
181185	181313	internal+	3	2	{GeneMark_model.4015_t;GeneMark},{Augustus_model.g3119.t1;Augustus}
181314	181375	INTRON			{GeneMark_model.4015_t;GeneMark},{Augustus_model.g3119.t1;Augustus}
181376	181564	internal+	3	2	{Augustus_model.g3119.t1;Augustus}
181565	181619	INTRON			{Augustus_model.g3119.t1;Augustus}
181620	181716	internal+	3	3	{Augustus_model.g3119.t1;Augustus}
181717	181759	INTRON			{Augustus_model.g3119.t1;Augustus}
181760	182696	internal+	1	1	{GeneMark_model.4015_t;GeneMark},{Augustus_model.g3119.t1;Augustus}
182697	182785	INTRON			{GlimmerHMM_glimmerT_3762-T1;GlimmerHMM},{GeneMark_model.4015_t;GeneMark},{Augustus_model.g3119.t1;Augustus}
182786	182946	internal+	2	3	{GlimmerHMM_glimmerT_3762-T1;GlimmerHMM},{GeneMark_model.4015_t;GeneMark},{Augustus_model.g3119.t1;Augustus}
182947	183044	INTRON			{GlimmerHMM_glimmerT_3762-T1;GlimmerHMM},{GeneMark_model.4015_t;GeneMark},{Augustus_model.g3119.t1;Augustus}
183045	183059	terminal+	1	3	{GlimmerHMM_glimmerT_3762-T1;GlimmerHMM},{GeneMark_model.4015_t;GeneMark},{Augustus_model.g3119.t1;Augustus}

# EVM prediction: Mode:STANDARD S-ratio: 5.14 183395-185449 orient(-) score(15264.00) noncoding_equivalent(2968.55) raw_noncoding(3673.16) offset(704.62)
183698	183395	terminal-	6	6	{GlimmerHMM_glimmerT_3763-T1;GlimmerHMM},{HiQ_model.g3120.t1;HiQ},{GeneMark_model.4016_t;GeneMark}
183765	183699	INTRON			{GlimmerHMM_glimmerT_3763-T1;GlimmerHMM},{HiQ_model.g3120.t1;HiQ},{GeneMark_model.4016_t;GeneMark},{ev_type:exonerate/ID=match.2566964.3512/Target=lcl|PJQD01000058_1_prot_POY72111_1_5206;exonerate},{ev_type:exonerate/ID=match.2566964.3524/Target=lcl|NW_017264937_1_prot_XP_018269537_1_4940;exonerate},{ev_type:exonerate/ID=match.2566964.3513/Target=lcl|KQ954530_1_prot_KWU41662_1_6003;exonerate}
183901	183766	internal-	5	5	{GlimmerHMM_glimmerT_3763-T1;GlimmerHMM},{HiQ_model.g3120.t1;HiQ},{GeneMark_model.4016_t;GeneMark},{ev_type:exonerate/ID=match.2566964.3512/Target=lcl|PJQD01000058_1_prot_POY72111_1_5206;exonerate},{ev_type:exonerate/ID=match.2566964.3524/Target=lcl|NW_017264937_1_prot_XP_018269537_1_4940;exonerate},{ev_type:exonerate/ID=match.2566964.3513/Target=lcl|KQ954530_1_prot_KWU41662_1_6003;exonerate}
183969	183902	INTRON			{GlimmerHMM_glimmerT_3763-T1;GlimmerHMM},{HiQ_model.g3120.t1;HiQ},{GeneMark_model.4016_t;GeneMark},{ev_type:exonerate/ID=match.2566964.3512/Target=lcl|PJQD01000058_1_prot_POY72111_1_5206;exonerate},{ev_type:exonerate/ID=match.2566964.3524/Target=lcl|NW_017264937_1_prot_XP_018269537_1_4940;exonerate},{ev_type:exonerate/ID=match.2566964.3513/Target=lcl|KQ954530_1_prot_KWU41662_1_6003;exonerate}
184096	183970	internal-	4	4	{GlimmerHMM_glimmerT_3763-T1;GlimmerHMM},{HiQ_model.g3120.t1;HiQ},{GeneMark_model.4016_t;GeneMark},{ev_type:exonerate/ID=match.2566964.3512/Target=lcl|PJQD01000058_1_prot_POY72111_1_5206;exonerate},{ev_type:exonerate/ID=match.2566964.3524/Target=lcl|NW_017264937_1_prot_XP_018269537_1_4940;exonerate},{ev_type:exonerate/ID=match.2566964.3513/Target=lcl|KQ954530_1_prot_KWU41662_1_6003;exonerate}
184155	184097	INTRON			{HiQ_model.g3120.t1;HiQ},{GeneMark_model.4016_t;GeneMark},{ev_type:exonerate/ID=match.2566964.3512/Target=lcl|PJQD01000058_1_prot_POY72111_1_5206;exonerate},{ev_type:exonerate/ID=match.2566964.3524/Target=lcl|NW_017264937_1_prot_XP_018269537_1_4940;exonerate},{ev_type:exonerate/ID=match.2566964.3513/Target=lcl|KQ954530_1_prot_KWU41662_1_6003;exonerate}
184203	184156	internal-	4	6	{HiQ_model.g3120.t1;HiQ},{GeneMark_model.4016_t;GeneMark},{ev_type:exonerate/ID=match.2566964.3512/Target=lcl|PJQD01000058_1_prot_POY72111_1_5206;exonerate},{ev_type:exonerate/ID=match.2566964.3524/Target=lcl|NW_017264937_1_prot_XP_018269537_1_4940;exonerate},{ev_type:exonerate/ID=match.2566964.3513/Target=lcl|KQ954530_1_prot_KWU41662_1_6003;exonerate}
184271	184204	INTRON			{HiQ_model.g3120.t1;HiQ},{GeneMark_model.4016_t;GeneMark},{ev_type:exonerate/ID=match.2566964.3512/Target=lcl|PJQD01000058_1_prot_POY72111_1_5206;exonerate},{ev_type:exonerate/ID=match.2566964.3524/Target=lcl|NW_017264937_1_prot_XP_018269537_1_4940;exonerate},{ev_type:exonerate/ID=match.2566964.3513/Target=lcl|KQ954530_1_prot_KWU41662_1_6003;exonerate}
185073	184272	internal-	6	6	{GlimmerHMM_glimmerT_3763-T1;GlimmerHMM},{HiQ_model.g3120.t1;HiQ},{GeneMark_model.4016_t;GeneMark},{ev_type:exonerate/ID=match.2566964.3512/Target=lcl|PJQD01000058_1_prot_POY72111_1_5206;exonerate},{ev_type:exonerate/ID=match.2566964.3524/Target=lcl|NW_017264937_1_prot_XP_018269537_1_4940;exonerate},{ev_type:exonerate/ID=match.2566964.3513/Target=lcl|KQ954530_1_prot_KWU41662_1_6003;exonerate}
185138	185074	INTRON			{GlimmerHMM_glimmerT_3763-T1;GlimmerHMM},{HiQ_model.g3120.t1;HiQ},{GeneMark_model.4016_t;GeneMark},{ev_type:exonerate/ID=match.2566964.3512/Target=lcl|PJQD01000058_1_prot_POY72111_1_5206;exonerate},{ev_type:exonerate/ID=match.2566964.3524/Target=lcl|NW_017264937_1_prot_XP_018269537_1_4940;exonerate},{ev_type:exonerate/ID=match.2566964.3513/Target=lcl|KQ954530_1_prot_KWU41662_1_6003;exonerate}
185449	185139	initial-	4	5	{GlimmerHMM_glimmerT_3763-T1;GlimmerHMM},{HiQ_model.g3120.t1;HiQ},{GeneMark_model.4016_t;GeneMark}

# EVM prediction: Mode:STANDARD S-ratio: 2.21 186399-187503 orient(-) score(3028.00) noncoding_equivalent(1367.52) raw_noncoding(1807.00) offset(439.48)
186639	186399	terminal-	6	6	{GeneMark_model.4017_t;GeneMark},{Augustus_model.g3121.t1;Augustus}
186718	186640	INTRON			{GeneMark_model.4017_t;GeneMark},{Augustus_model.g3121.t1;Augustus}
186829	186719	internal-	6	5	{GeneMark_model.4017_t;GeneMark},{Augustus_model.g3121.t1;Augustus}
186887	186830	INTRON			{GeneMark_model.4017_t;GeneMark},{Augustus_model.g3121.t1;Augustus}
186946	186888	internal-	4	5	{GeneMark_model.4017_t;GeneMark},{Augustus_model.g3121.t1;Augustus}
187021	186947	INTRON			{GeneMark_model.4017_t;GeneMark}
187212	187022	internal-	5	6	{GeneMark_model.4017_t;GeneMark}
187277	187213	INTRON			{GlimmerHMM_glimmerT_3764-T1;GlimmerHMM},{GeneMark_model.4017_t;GeneMark},{Augustus_model.g3121.t1;Augustus}
187503	187278	initial-	4	4	{GlimmerHMM_glimmerT_3764-T1;GlimmerHMM},{GeneMark_model.4017_t;GeneMark},{Augustus_model.g3121.t1;Augustus}

# EVM prediction: Mode:STANDARD S-ratio: 16.87 188043-190060 orient(-) score(7722.00) noncoding_equivalent(457.69) raw_noncoding(518.00) offset(60.31)
189763	188043	terminal-	5	6	{GeneMark_model.4018_t;GeneMark},{Augustus_model.g3122.t1;Augustus},{GlimmerHMM_glimmerT_3765-T1;GlimmerHMM}
189819	189764	INTRON			{GeneMark_model.4018_t;GeneMark},{Augustus_model.g3122.t1;Augustus},{GlimmerHMM_glimmerT_3765-T1;GlimmerHMM}
190060	189820	initial-	4	4	{GeneMark_model.4018_t;GeneMark},{Augustus_model.g3122.t1;Augustus},{GlimmerHMM_glimmerT_3765-T1;GlimmerHMM}

# EVM prediction: Mode:STANDARD S-ratio: 16.55 190714-191676 orient(+) score(3774.00) noncoding_equivalent(228.00) raw_noncoding(234.00) offset(6.00)
190714	191404	initial+	1	1	{Augustus_model.g3123.t1;Augustus},{GeneMark_model.4019_t;GeneMark},{GlimmerHMM_glimmerT_3766-T1;GlimmerHMM}
191405	191482	INTRON			{Augustus_model.g3123.t1;Augustus},{GeneMark_model.4019_t;GeneMark},{GlimmerHMM_glimmerT_3766-T1;GlimmerHMM}
191483	191676	terminal+	2	3	{Augustus_model.g3123.t1;Augustus},{GeneMark_model.4019_t;GeneMark},{GlimmerHMM_glimmerT_3766-T1;GlimmerHMM}

# EVM prediction: Mode:STANDARD S-ratio: 2.58 192162-192850 orient(+) score(2202.00) noncoding_equivalent(852.23) raw_noncoding(1124.64) offset(272.41)
192162	192170	initial+	1	3	{Augustus_model.g3124.t1;Augustus}
192171	192241	INTRON			{Augustus_model.g3124.t1;Augustus}
192242	192308	internal+	1	1	{Augustus_model.g3124.t1;Augustus},{GlimmerHMM_glimmerT_3767-T1;GlimmerHMM}
192309	192382	INTRON			{GeneMark_model.4020_t;GeneMark},{Augustus_model.g3124.t1;Augustus},{GlimmerHMM_glimmerT_3767-T1;GlimmerHMM}
192383	192564	internal+	2	3	{GeneMark_model.4020_t;GeneMark},{Augustus_model.g3124.t1;Augustus},{GlimmerHMM_glimmerT_3767-T1;GlimmerHMM}
192565	192640	INTRON			{GeneMark_model.4020_t;GeneMark},{Augustus_model.g3124.t1;Augustus},{GlimmerHMM_glimmerT_3767-T1;GlimmerHMM},{snap_scaffold_9-snap.84-T1;snap}
192641	192850	terminal+	1	3	{GeneMark_model.4020_t;GeneMark},{Augustus_model.g3124.t1;Augustus},{GlimmerHMM_glimmerT_3767-T1;GlimmerHMM},{snap_scaffold_9-snap.84-T1;snap}

# EVM prediction: Mode:STANDARD S-ratio: 4.10 193146-194484 orient(-) score(4300.00) noncoding_equivalent(1049.97) raw_noncoding(1330.00) offset(280.03)
193388	193146	terminal-	4	6	{GeneMark_model.4021_t;GeneMark},{Augustus_model.g3125.t1;Augustus}
193460	193389	INTRON			{GeneMark_model.4021_t;GeneMark},{Augustus_model.g3125.t1;Augustus}
193860	193461	internal-	6	6	{GeneMark_model.4021_t;GeneMark},{Augustus_model.g3125.t1;Augustus}
193921	193861	INTRON			{GeneMark_model.4021_t;GeneMark},{Augustus_model.g3125.t1;Augustus}
194012	193922	internal-	5	5	{GeneMark_model.4021_t;GeneMark},{Augustus_model.g3125.t1;Augustus}
194090	194013	INTRON			{GeneMark_model.4021_t;GeneMark},{Augustus_model.g3125.t1;Augustus}
194484	194091	initial-	4	4	{GeneMark_model.4021_t;GeneMark},{Augustus_model.g3125.t1;Augustus}

# EVM prediction: Mode:STANDARD S-ratio: 4.19 194824-201068 orient(-) score(21352.00) noncoding_equivalent(5096.47) raw_noncoding(5993.00) offset(896.53)
195014	194824	terminal-	5	6	{Augustus_model.g3126.t1;Augustus},{GeneMark_model.4022_t;GeneMark},{GlimmerHMM_glimmerT_3769-T1;GlimmerHMM}
195081	195015	INTRON			{Augustus_model.g3126.t1;Augustus},{GeneMark_model.4022_t;GeneMark},{GlimmerHMM_glimmerT_3769-T1;GlimmerHMM}
195246	195082	internal-	5	4	{Augustus_model.g3126.t1;Augustus},{GeneMark_model.4022_t;GeneMark},{GlimmerHMM_glimmerT_3769-T1;GlimmerHMM}
195309	195247	INTRON			{Augustus_model.g3126.t1;Augustus},{GeneMark_model.4022_t;GeneMark},{GlimmerHMM_glimmerT_3769-T1;GlimmerHMM}
195549	195310	internal-	5	4	{Augustus_model.g3126.t1;Augustus},{GeneMark_model.4022_t;GeneMark},{GlimmerHMM_glimmerT_3769-T1;GlimmerHMM}
195610	195550	INTRON			{Augustus_model.g3126.t1;Augustus},{GeneMark_model.4022_t;GeneMark},{GlimmerHMM_glimmerT_3769-T1;GlimmerHMM}
195970	195611	internal-	5	4	{Augustus_model.g3126.t1;Augustus},{GeneMark_model.4022_t;GeneMark},{GlimmerHMM_glimmerT_3769-T1;GlimmerHMM}
196033	195971	INTRON			{Augustus_model.g3126.t1;Augustus},{GeneMark_model.4022_t;GeneMark},{GlimmerHMM_glimmerT_3769-T1;GlimmerHMM}
196252	196034	internal-	5	4	{Augustus_model.g3126.t1;Augustus},{GeneMark_model.4022_t;GeneMark},{GlimmerHMM_glimmerT_3769-T1;GlimmerHMM}
196315	196253	INTRON			{Augustus_model.g3126.t1;Augustus},{GeneMark_model.4022_t;GeneMark},{GlimmerHMM_glimmerT_3769-T1;GlimmerHMM}
196462	196316	internal-	5	4	{Augustus_model.g3126.t1;Augustus},{GeneMark_model.4022_t;GeneMark},{GlimmerHMM_glimmerT_3769-T1;GlimmerHMM}
196520	196463	INTRON			{Augustus_model.g3126.t1;Augustus},{GeneMark_model.4022_t;GeneMark},{GlimmerHMM_glimmerT_3769-T1;GlimmerHMM}
196769	196521	internal-	5	4	{Augustus_model.g3126.t1;Augustus},{GeneMark_model.4022_t;GeneMark}
196823	196770	INTRON			{Augustus_model.g3126.t1;Augustus},{GeneMark_model.4022_t;GeneMark}
196895	196824	internal-	5	4	{Augustus_model.g3126.t1;Augustus},{GeneMark_model.4022_t;GeneMark}
196952	196896	INTRON			{Augustus_model.g3126.t1;Augustus},{GeneMark_model.4022_t;GeneMark},{GlimmerHMM_glimmerT_3769-T1;GlimmerHMM}
197201	196953	internal-	5	4	{Augustus_model.g3126.t1;Augustus},{GeneMark_model.4022_t;GeneMark},{GlimmerHMM_glimmerT_3769-T1;GlimmerHMM}
197262	197202	INTRON			{Augustus_model.g3126.t1;Augustus},{GeneMark_model.4022_t;GeneMark},{GlimmerHMM_glimmerT_3769-T1;GlimmerHMM}
198117	197263	internal-	5	4	{Augustus_model.g3126.t1;Augustus},{GeneMark_model.4022_t;GeneMark},{GlimmerHMM_glimmerT_3769-T1;GlimmerHMM}
198178	198118	INTRON			{Augustus_model.g3126.t1;Augustus},{GeneMark_model.4022_t;GeneMark},{GlimmerHMM_glimmerT_3769-T1;GlimmerHMM}
198517	198179	internal-	5	4	{Augustus_model.g3126.t1;Augustus},{GeneMark_model.4022_t;GeneMark},{GlimmerHMM_glimmerT_3769-T1;GlimmerHMM}
198594	198518	INTRON			{Augustus_model.g3126.t1;Augustus},{GeneMark_model.4022_t;GeneMark},{GlimmerHMM_glimmerT_3769-T1;GlimmerHMM}
198997	198595	internal-	4	4	{Augustus_model.g3126.t1;Augustus},{GeneMark_model.4022_t;GeneMark},{GlimmerHMM_glimmerT_3769-T1;GlimmerHMM}
199083	198998	INTRON			{Augustus_model.g3126.t1;Augustus},{GeneMark_model.4022_t;GeneMark}
199094	199084	internal-	5	6	{Augustus_model.g3126.t1;Augustus},{GeneMark_model.4022_t;GeneMark}
199164	199095	INTRON			{Augustus_model.g3126.t1;Augustus},{GeneMark_model.4022_t;GeneMark}
200320	199165	internal-	4	4	{Augustus_model.g3126.t1;Augustus},{GeneMark_model.4022_t;GeneMark}
200395	200321	INTRON			{Augustus_model.g3126.t1;Augustus},{GeneMark_model.4022_t;GeneMark},{GlimmerHMM_glimmerT_3769-T1;GlimmerHMM}
200879	200396	internal-	6	6	{Augustus_model.g3126.t1;Augustus},{GeneMark_model.4022_t;GeneMark},{GlimmerHMM_glimmerT_3769-T1;GlimmerHMM}
200937	200880	INTRON			{Augustus_model.g3126.t1;Augustus},{GeneMark_model.4022_t;GeneMark},{GlimmerHMM_glimmerT_3769-T1;GlimmerHMM}
201068	200938	initial-	4	5	{Augustus_model.g3126.t1;Augustus},{GeneMark_model.4022_t;GeneMark},{GlimmerHMM_glimmerT_3769-T1;GlimmerHMM}

# EVM prediction: Mode:STANDARD S-ratio: 1.74 201979-203366 orient(+) score(3684.00) noncoding_equivalent(2120.93) raw_noncoding(2783.00) offset(662.07)
201979	202115	initial+	1	2	{GlimmerHMM_glimmerT_3770-T1;GlimmerHMM},{Augustus_model.g3127.t1;Augustus},{GeneMark_model.4023_t;GeneMark}
202116	202183	INTRON			{GlimmerHMM_glimmerT_3770-T1;GlimmerHMM},{Augustus_model.g3127.t1;Augustus},{GeneMark_model.4023_t;GeneMark}
202184	202427	internal+	3	3	{GlimmerHMM_glimmerT_3770-T1;GlimmerHMM},{Augustus_model.g3127.t1;Augustus},{GeneMark_model.4023_t;GeneMark}
202428	202540	INTRON			{Augustus_model.g3127.t1;Augustus},{GeneMark_model.4023_t;GeneMark}
202541	202694	internal+	1	1	{Augustus_model.g3127.t1;Augustus},{GeneMark_model.4023_t;GeneMark}
202695	202762	INTRON			{Augustus_model.g3127.t1;Augustus},{GeneMark_model.4023_t;GeneMark}
202763	202827	internal+	2	3	{Augustus_model.g3127.t1;Augustus},{GeneMark_model.4023_t;GeneMark}
202828	202907	INTRON			{Augustus_model.g3127.t1;Augustus},{GeneMark_model.4023_t;GeneMark}
202908	203114	internal+	1	3	{GlimmerHMM_glimmerT_3770-T1;GlimmerHMM},{Augustus_model.g3127.t1;Augustus},{GeneMark_model.4023_t;GeneMark}
203115	203177	INTRON			{GlimmerHMM_glimmerT_3770-T1;GlimmerHMM},{Augustus_model.g3127.t1;Augustus},{GeneMark_model.4023_t;GeneMark}
203178	203366	terminal+	1	3	{GlimmerHMM_glimmerT_3770-T1;GlimmerHMM},{Augustus_model.g3127.t1;Augustus},{GeneMark_model.4023_t;GeneMark}

# EVM prediction: Mode:STANDARD S-ratio: 6.52 203495-205988 orient(-) score(9177.00) noncoding_equivalent(1407.37) raw_noncoding(1758.46) offset(351.09)
203965	203495	terminal-	4	6	{GeneMark_model.4024_t;GeneMark},{GlimmerHMM_glimmerT_3771-T1;GlimmerHMM},{Augustus_model.g3128.t1;Augustus}
204031	203966	INTRON			{GeneMark_model.4024_t;GeneMark},{Augustus_model.g3128.t1;Augustus}
204612	204032	internal-	5	6	{GeneMark_model.4024_t;GeneMark},{Augustus_model.g3128.t1;Augustus}
204671	204613	INTRON			{GeneMark_model.4024_t;GeneMark},{GlimmerHMM_glimmerT_3771-T1;GlimmerHMM},{Augustus_model.g3128.t1;Augustus}
205121	204672	internal-	5	4	{GeneMark_model.4024_t;GeneMark},{GlimmerHMM_glimmerT_3771-T1;GlimmerHMM},{Augustus_model.g3128.t1;Augustus}
205193	205122	INTRON			{GeneMark_model.4024_t;GeneMark},{GlimmerHMM_glimmerT_3771-T1;GlimmerHMM},{Augustus_model.g3128.t1;Augustus},{ev_type:exonerate/ID=match.2566964.3643/Target=lcl|KQ954469_1_prot_KWU45978_1_1695;exonerate}
205848	205194	internal-	4	4	{GeneMark_model.4024_t;GeneMark},{GlimmerHMM_glimmerT_3771-T1;GlimmerHMM},{Augustus_model.g3128.t1;Augustus}
205952	205849	INTRON			{GeneMark_model.4024_t;GeneMark},{Augustus_model.g3128.t1;Augustus}
205988	205953	initial-	4	6	{GeneMark_model.4024_t;GeneMark},{Augustus_model.g3128.t1;Augustus}

# EVM prediction: Mode:STANDARD S-ratio: 4.91 206352-208818 orient(-) score(9801.00) noncoding_equivalent(1995.13) raw_noncoding(2425.13) offset(430.00)
206596	206352	terminal-	5	6	{Augustus_model.g3129.t1;Augustus},{GeneMark_model.4025_t;GeneMark}
206670	206597	INTRON			{Augustus_model.g3129.t1;Augustus},{GeneMark_model.4025_t;GeneMark},{GlimmerHMM_glimmerT_3771-T1;GlimmerHMM}
206977	206671	internal-	4	4	{Augustus_model.g3129.t1;Augustus},{GeneMark_model.4025_t;GeneMark}
207043	206978	INTRON			{Augustus_model.g3129.t1;Augustus},{GeneMark_model.4025_t;GeneMark},{ev_type:exonerate/ID=match.2566964.3617/Target=lcl|KQ954469_1_prot_KWU45977_1_1694;exonerate}
207766	207044	internal-	4	6	{Augustus_model.g3129.t1;Augustus},{GeneMark_model.4025_t;GeneMark}
207831	207767	INTRON			{Augustus_model.g3129.t1;Augustus},{GeneMark_model.4025_t;GeneMark},{GlimmerHMM_glimmerT_3771-T1;GlimmerHMM}
208031	207832	internal-	5	6	{Augustus_model.g3129.t1;Augustus},{GeneMark_model.4025_t;GeneMark},{GlimmerHMM_glimmerT_3771-T1;GlimmerHMM},{ev_type:exonerate/ID=match.2566964.3617/Target=lcl|KQ954469_1_prot_KWU45977_1_1694;exonerate}
208106	208032	INTRON			{Augustus_model.g3129.t1;Augustus},{GeneMark_model.4025_t;GeneMark},{GlimmerHMM_glimmerT_3771-T1;GlimmerHMM},{ev_type:exonerate/ID=match.2566964.3617/Target=lcl|KQ954469_1_prot_KWU45977_1_1694;exonerate}
208268	208107	internal-	5	4	{Augustus_model.g3129.t1;Augustus},{GeneMark_model.4025_t;GeneMark},{GlimmerHMM_glimmerT_3771-T1;GlimmerHMM},{ev_type:exonerate/ID=match.2566964.3617/Target=lcl|KQ954469_1_prot_KWU45977_1_1694;exonerate}
208360	208269	INTRON			{Augustus_model.g3129.t1;Augustus},{GeneMark_model.4025_t;GeneMark},{GlimmerHMM_glimmerT_3771-T1;GlimmerHMM},{ev_type:exonerate/ID=match.2566964.3617/Target=lcl|KQ954469_1_prot_KWU45977_1_1694;exonerate}
208422	208361	internal-	6	4	{Augustus_model.g3129.t1;Augustus},{GeneMark_model.4025_t;GeneMark},{GlimmerHMM_glimmerT_3771-T1;GlimmerHMM},{ev_type:exonerate/ID=match.2566964.3617/Target=lcl|KQ954469_1_prot_KWU45977_1_1694;exonerate}
208519	208423	INTRON			{Augustus_model.g3129.t1;Augustus},{GeneMark_model.4025_t;GeneMark},{ev_type:exonerate/ID=match.2566964.3617/Target=lcl|KQ954469_1_prot_KWU45977_1_1694;exonerate}
208818	208520	initial-	4	5	{Augustus_model.g3129.t1;Augustus},{GeneMark_model.4025_t;GeneMark}

# EVM prediction: Mode:STANDARD S-ratio: 27.61 209271-210844 orient(-) score(6296.00) noncoding_equivalent(228.00) raw_noncoding(236.00) offset(8.00)
210778	209271	terminal-	5	6	{Augustus_model.g3130.t1;Augustus},{GlimmerHMM_glimmerT_3772-T1;GlimmerHMM},{GeneMark_model.4026_t;GeneMark},{snap_scaffold_9-snap.94-T1;snap}
210837	210779	INTRON			{Augustus_model.g3130.t1;Augustus},{GlimmerHMM_glimmerT_3772-T1;GlimmerHMM},{GeneMark_model.4026_t;GeneMark},{snap_scaffold_9-snap.94-T1;snap}
210844	210838	initial-	4	4	{Augustus_model.g3130.t1;Augustus},{GlimmerHMM_glimmerT_3772-T1;GlimmerHMM},{GeneMark_model.4026_t;GeneMark},{snap_scaffold_9-snap.94-T1;snap}

# EVM prediction: Mode:STANDARD S-ratio: 2.39 211495-215842 orient(-) score(12751.00) noncoding_equivalent(5342.56) raw_noncoding(5815.00) offset(472.44)
212274	211495	terminal-	4	6	{GeneMark_model.4027_t;GeneMark},{GlimmerHMM_glimmerT_3773-T1;GlimmerHMM},{Augustus_model.g3131.t1;Augustus}
212338	212275	INTRON			{GeneMark_model.4027_t;GeneMark},{GlimmerHMM_glimmerT_3773-T1;GlimmerHMM},{Augustus_model.g3131.t1;Augustus}
212750	212339	internal-	6	6	{GeneMark_model.4027_t;GeneMark},{Augustus_model.g3131.t1;Augustus}
212818	212751	INTRON			{GeneMark_model.4027_t;GeneMark},{Augustus_model.g3131.t1;Augustus}
212948	212819	internal-	5	5	{GeneMark_model.4027_t;GeneMark},{GlimmerHMM_glimmerT_3773-T1;GlimmerHMM},{Augustus_model.g3131.t1;Augustus}
213029	212949	INTRON			{GeneMark_model.4027_t;GeneMark},{GlimmerHMM_glimmerT_3773-T1;GlimmerHMM},{Augustus_model.g3131.t1;Augustus}
213111	213030	internal-	4	4	{GeneMark_model.4027_t;GeneMark},{GlimmerHMM_glimmerT_3773-T1;GlimmerHMM},{Augustus_model.g3131.t1;Augustus}
213190	213112	INTRON			{GeneMark_model.4027_t;GeneMark},{GlimmerHMM_glimmerT_3773-T1;GlimmerHMM},{Augustus_model.g3131.t1;Augustus}
214015	213191	internal-	4	6	{GeneMark_model.4027_t;GeneMark},{GlimmerHMM_glimmerT_3773-T1;GlimmerHMM}
214083	214016	INTRON			{GeneMark_model.4027_t;GeneMark},{GlimmerHMM_glimmerT_3773-T1;GlimmerHMM},{Augustus_model.g3131.t1;Augustus}
215628	214084	internal-	4	6	{GeneMark_model.4027_t;GeneMark},{GlimmerHMM_glimmerT_3773-T1;GlimmerHMM}
215698	215629	INTRON			{GeneMark_model.4027_t;GeneMark},{GlimmerHMM_glimmerT_3773-T1;GlimmerHMM},{Augustus_model.g3131.t1;Augustus}
215842	215699	initial-	4	6	{GeneMark_model.4027_t;GeneMark},{GlimmerHMM_glimmerT_3773-T1;GlimmerHMM},{Augustus_model.g3131.t1;Augustus}

# EVM prediction: Mode:STANDARD S-ratio: 5.48 215958-217546 orient(+) score(5580.00) noncoding_equivalent(1018.00) raw_noncoding(1151.00) offset(133.00)
215958	216008	initial+	1	3	{GlimmerHMM_glimmerT_3774-T1;GlimmerHMM},{GeneMark_model.4028_t;GeneMark},{Augustus_model.g3132.t1;Augustus}
216009	216065	INTRON			{GlimmerHMM_glimmerT_3774-T1;GlimmerHMM},{GeneMark_model.4028_t;GeneMark},{Augustus_model.g3132.t1;Augustus}
216066	216227	internal+	1	3	{GlimmerHMM_glimmerT_3774-T1;GlimmerHMM},{GeneMark_model.4028_t;GeneMark},{Augustus_model.g3132.t1;Augustus}
216228	216295	INTRON			{GlimmerHMM_glimmerT_3774-T1;GlimmerHMM},{GeneMark_model.4028_t;GeneMark},{Augustus_model.g3132.t1;Augustus}
216296	217546	terminal+	1	3	{GlimmerHMM_glimmerT_3774-T1;GlimmerHMM},{GeneMark_model.4028_t;GeneMark},{Augustus_model.g3132.t1;Augustus}

# EVM prediction: Mode:STANDARD S-ratio: 2.60 218031-219623 orient(+) score(4745.00) noncoding_equivalent(1822.45) raw_noncoding(2259.00) offset(436.55)
218031	218096	initial+	1	3	{Augustus_model.g3133.t1;Augustus},{GeneMark_model.4029_t;GeneMark},{GlimmerHMM_glimmerT_3775-T1;GlimmerHMM}
218097	218165	INTRON			{Augustus_model.g3133.t1;Augustus},{GeneMark_model.4029_t;GeneMark},{GlimmerHMM_glimmerT_3775-T1;GlimmerHMM}
218166	218334	internal+	1	1	{Augustus_model.g3133.t1;Augustus},{GlimmerHMM_glimmerT_3775-T1;GlimmerHMM}
218335	218423	INTRON			{GlimmerHMM_glimmerT_3775-T1;GlimmerHMM}
218424	218906	internal+	2	1	{GlimmerHMM_glimmerT_3775-T1;GlimmerHMM}
218907	218968	INTRON			{Augustus_model.g3133.t1;Augustus},{GeneMark_model.4029_t;GeneMark},{GlimmerHMM_glimmerT_3775-T1;GlimmerHMM}
218969	219186	internal+	2	3	{Augustus_model.g3133.t1;Augustus},{GeneMark_model.4029_t;GeneMark},{GlimmerHMM_glimmerT_3775-T1;GlimmerHMM}
219187	219248	INTRON			{Augustus_model.g3133.t1;Augustus},{GeneMark_model.4029_t;GeneMark},{GlimmerHMM_glimmerT_3775-T1;GlimmerHMM}
219249	219623	terminal+	1	3	{Augustus_model.g3133.t1;Augustus},{GeneMark_model.4029_t;GeneMark},{snap_scaffold_9-snap.97-T1;snap},{GlimmerHMM_glimmerT_3775-T1;GlimmerHMM}

# EVM prediction: Mode:STANDARD S-ratio: 4.37 219815-222673 orient(-) score(9514.00) noncoding_equivalent(2177.22) raw_noncoding(2314.48) offset(137.27)
221788	219815	terminal-	4	6	{snap_scaffold_9-snap.98-T1;snap}
221857	221789	INTRON			{GeneMark_model.4030_t;GeneMark},{Augustus_model.g3134.t1;Augustus},{GlimmerHMM_glimmerT_3776-T1;GlimmerHMM}
222558	221858	internal-	5	6	{GeneMark_model.4030_t;GeneMark},{Augustus_model.g3134.t1;Augustus},{GlimmerHMM_glimmerT_3776-T1;GlimmerHMM}
222618	222559	INTRON			{GeneMark_model.4030_t;GeneMark},{Augustus_model.g3134.t1;Augustus},{GlimmerHMM_glimmerT_3776-T1;GlimmerHMM}
222673	222619	initial-	4	4	{GeneMark_model.4030_t;GeneMark},{Augustus_model.g3134.t1;Augustus},{GlimmerHMM_glimmerT_3776-T1;GlimmerHMM}

# EVM prediction: Mode:STANDARD S-ratio: 11.52 222935-223710 orient(+) score(3077.00) noncoding_equivalent(267.00) raw_noncoding(275.00) offset(8.00)
222935	222965	initial+	1	1	{Augustus_model.g3135.t1;Augustus}
222966	223027	INTRON			{GlimmerHMM_glimmerT_3777-T1;GlimmerHMM},{snap_scaffold_9-snap.99-T1;snap},{GeneMark_model.4031_t;GeneMark},{Augustus_model.g3135.t1;Augustus}
223028	223710	terminal+	2	3	{GlimmerHMM_glimmerT_3777-T1;GlimmerHMM},{snap_scaffold_9-snap.99-T1;snap},{GeneMark_model.4031_t;GeneMark},{Augustus_model.g3135.t1;Augustus}

# EVM prediction: Mode:STANDARD S-ratio: 2.08 224042-224954 orient(-) score(2657.00) noncoding_equivalent(1279.79) raw_noncoding(1516.00) offset(236.21)
224336	224042	terminal-	6	6	{Augustus_model.g3136.t1;Augustus},{GlimmerHMM_glimmerT_3778-T1;GlimmerHMM},{GeneMark_model.4032_t;GeneMark}
224400	224337	INTRON			{Augustus_model.g3136.t1;Augustus},{GlimmerHMM_glimmerT_3778-T1;GlimmerHMM},{GeneMark_model.4032_t;GeneMark}
224471	224401	internal-	4	5	{Augustus_model.g3136.t1;Augustus},{GlimmerHMM_glimmerT_3778-T1;GlimmerHMM},{GeneMark_model.4032_t;GeneMark}
224554	224472	INTRON			{Augustus_model.g3136.t1;Augustus},{GlimmerHMM_glimmerT_3778-T1;GlimmerHMM},{GeneMark_model.4032_t;GeneMark}
224775	224555	internal-	5	6	{Augustus_model.g3136.t1;Augustus},{GeneMark_model.4032_t;GeneMark}
224842	224776	INTRON			{Augustus_model.g3136.t1;Augustus},{GeneMark_model.4032_t;GeneMark}
224954	224843	initial-	4	4	{Augustus_model.g3136.t1;Augustus},{GeneMark_model.4032_t;GeneMark}

# EVM prediction: Mode:STANDARD S-ratio: 8.86 225673-226651 orient(+) score(5944.00) noncoding_equivalent(671.00) raw_noncoding(679.00) offset(8.00)
225673	226110	initial+	1	3	{Augustus_model.g3137.t1;Augustus},{GlimmerHMM_glimmerT_3779-T1;GlimmerHMM},{GeneMark_model.4033_t;GeneMark}
226111	226174	INTRON			{Augustus_model.g3137.t1;Augustus},{snap_scaffold_9-snap.101-T1;snap},{GlimmerHMM_glimmerT_3779-T1;GlimmerHMM},{GeneMark_model.4033_t;GeneMark},{ev_type:exonerate/ID=match.2566964.3629/Target=lcl|NW_017264937_1_prot_XP_018269572_1_4975;exonerate},{ev_type:exonerate/ID=match.2566964.3556/Target=lcl|PJQD01000050_1_prot_POY72389_1_5059;exonerate},{ev_type:exonerate/ID=match.2566964.3559/Target=lcl|KQ954469_1_prot_KWU45915_1_1632;exonerate}
226175	226651	terminal+	1	3	{Augustus_model.g3137.t1;Augustus},{snap_scaffold_9-snap.101-T1;snap},{GlimmerHMM_glimmerT_3779-T1;GlimmerHMM},{GeneMark_model.4033_t;GeneMark}

# EVM prediction: Mode:STANDARD S-ratio: 1.90 227452-230070 orient(+) score(7107.00) noncoding_equivalent(3743.99) raw_noncoding(4698.00) offset(954.01)
227452	227948	initial+	1	2	{GlimmerHMM_glimmerT_3780-T1;GlimmerHMM},{GeneMark_model.4034_t;GeneMark},{Augustus_model.g3138.t1;Augustus}
227949	228012	INTRON			{GlimmerHMM_glimmerT_3780-T1;GlimmerHMM},{GeneMark_model.4034_t;GeneMark},{Augustus_model.g3138.t1;Augustus}
228013	228085	internal+	3	3	{GlimmerHMM_glimmerT_3780-T1;GlimmerHMM},{GeneMark_model.4034_t;GeneMark},{Augustus_model.g3138.t1;Augustus}
228086	228140	INTRON			{GeneMark_model.4034_t;GeneMark},{Augustus_model.g3138.t1;Augustus}
228141	228303	internal+	1	1	{GeneMark_model.4034_t;GeneMark},{Augustus_model.g3138.t1;Augustus}
228304	228362	INTRON			{GeneMark_model.4034_t;GeneMark},{Augustus_model.g3138.t1;Augustus}
228363	228510	internal+	2	2	{GeneMark_model.4034_t;GeneMark},{Augustus_model.g3138.t1;Augustus}
228511	228572	INTRON			{GlimmerHMM_glimmerT_3780-T1;GlimmerHMM},{GeneMark_model.4034_t;GeneMark},{Augustus_model.g3138.t1;Augustus}
228573	228773	internal+	3	2	{GlimmerHMM_glimmerT_3780-T1;GlimmerHMM},{GeneMark_model.4034_t;GeneMark},{Augustus_model.g3138.t1;Augustus}
228774	228830	INTRON			{GeneMark_model.4034_t;GeneMark},{Augustus_model.g3138.t1;Augustus}
228831	228894	internal+	3	3	{GeneMark_model.4034_t;GeneMark},{Augustus_model.g3138.t1;Augustus}
228895	228953	INTRON			{GeneMark_model.4034_t;GeneMark},{Augustus_model.g3138.t1;Augustus}
228954	229268	internal+	1	3	{GeneMark_model.4034_t;GeneMark},{Augustus_model.g3138.t1;Augustus}
229269	229337	INTRON			{GlimmerHMM_glimmerT_3780-T1;GlimmerHMM},{GeneMark_model.4034_t;GeneMark},{Augustus_model.g3138.t1;Augustus}
229338	229699	internal+	1	2	{GlimmerHMM_glimmerT_3780-T1;GlimmerHMM},{GeneMark_model.4034_t;GeneMark},{Augustus_model.g3138.t1;Augustus}
229700	229784	INTRON			{GeneMark_model.4034_t;GeneMark},{Augustus_model.g3138.t1;Augustus}
229785	229871	internal+	3	2	{GeneMark_model.4034_t;GeneMark},{Augustus_model.g3138.t1;Augustus}
229872	229928	INTRON			{GeneMark_model.4034_t;GeneMark},{Augustus_model.g3138.t1;Augustus}
229929	230070	terminal+	3	3	{GlimmerHMM_glimmerT_3780-T1;GlimmerHMM},{GeneMark_model.4034_t;GeneMark},{Augustus_model.g3138.t1;Augustus}

# EVM prediction: Mode:STANDARD S-ratio: 2.26 230117-233444 orient(-) score(10090.00) noncoding_equivalent(4467.81) raw_noncoding(5619.09) offset(1151.27)
230432	230117	terminal-	6	6	{GlimmerHMM_glimmerT_3781-T1;GlimmerHMM},{GeneMark_model.4035_t;GeneMark},{snap_scaffold_9-snap.102-T1;snap},{Augustus_model.g3139.t1;Augustus}
230502	230433	INTRON			{GlimmerHMM_glimmerT_3781-T1;GlimmerHMM},{GeneMark_model.4035_t;GeneMark},{snap_scaffold_9-snap.102-T1;snap},{Augustus_model.g3139.t1;Augustus}
230567	230503	internal-	4	5	{GlimmerHMM_glimmerT_3781-T1;GlimmerHMM},{GeneMark_model.4035_t;GeneMark},{Augustus_model.g3139.t1;Augustus}
230628	230568	INTRON			{GlimmerHMM_glimmerT_3781-T1;GlimmerHMM},{GeneMark_model.4035_t;GeneMark},{Augustus_model.g3139.t1;Augustus}
230810	230629	internal-	5	6	{GlimmerHMM_glimmerT_3781-T1;GlimmerHMM},{GeneMark_model.4035_t;GeneMark},{Augustus_model.g3139.t1;Augustus}
230866	230811	INTRON			{GlimmerHMM_glimmerT_3781-T1;GlimmerHMM},{GeneMark_model.4035_t;GeneMark},{Augustus_model.g3139.t1;Augustus}
230974	230867	internal-	5	4	{GlimmerHMM_glimmerT_3781-T1;GlimmerHMM},{GeneMark_model.4035_t;GeneMark},{Augustus_model.g3139.t1;Augustus}
231034	230975	INTRON			{GeneMark_model.4035_t;GeneMark},{Augustus_model.g3139.t1;Augustus}
231100	231035	internal-	5	4	{GeneMark_model.4035_t;GeneMark},{Augustus_model.g3139.t1;Augustus}
231160	231101	INTRON			{GeneMark_model.4035_t;GeneMark},{Augustus_model.g3139.t1;Augustus}
231284	231161	internal-	4	4	{GlimmerHMM_glimmerT_3781-T1;GlimmerHMM},{GeneMark_model.4035_t;GeneMark},{Augustus_model.g3139.t1;Augustus}
231354	231285	INTRON			{GlimmerHMM_glimmerT_3781-T1;GlimmerHMM},{GeneMark_model.4035_t;GeneMark},{Augustus_model.g3139.t1;Augustus}
231436	231355	internal-	6	6	{GlimmerHMM_glimmerT_3781-T1;GlimmerHMM},{GeneMark_model.4035_t;GeneMark},{Augustus_model.g3139.t1;Augustus}
231495	231437	INTRON			{GeneMark_model.4035_t;GeneMark},{Augustus_model.g3139.t1;Augustus}
231594	231496	internal-	6	5	{GeneMark_model.4035_t;GeneMark}
231653	231595	INTRON			{GeneMark_model.4035_t;GeneMark}
231827	231654	internal-	6	5	{GlimmerHMM_glimmerT_3781-T1;GlimmerHMM},{GeneMark_model.4035_t;GeneMark},{Augustus_model.g3139.t1;Augustus}
231888	231828	INTRON			{GlimmerHMM_glimmerT_3781-T1;GlimmerHMM},{GeneMark_model.4035_t;GeneMark},{Augustus_model.g3139.t1;Augustus}
232214	231889	internal-	4	5	{GlimmerHMM_glimmerT_3781-T1;GlimmerHMM},{GeneMark_model.4035_t;GeneMark},{Augustus_model.g3139.t1;Augustus}
232273	232215	INTRON			{GlimmerHMM_glimmerT_3781-T1;GlimmerHMM},{GeneMark_model.4035_t;GeneMark},{Augustus_model.g3139.t1;Augustus}
232351	232274	internal-	4	6	{GeneMark_model.4035_t;GeneMark},{Augustus_model.g3139.t1;Augustus}
232417	232352	INTRON			{GeneMark_model.4035_t;GeneMark},{Augustus_model.g3139.t1;Augustus}
232509	232418	internal-	5	6	{GeneMark_model.4035_t;GeneMark},{Augustus_model.g3139.t1;Augustus}
232568	232510	INTRON			{GlimmerHMM_glimmerT_3781-T1;GlimmerHMM},{GeneMark_model.4035_t;GeneMark},{Augustus_model.g3139.t1;Augustus}
232683	232569	internal-	4	4	{GlimmerHMM_glimmerT_3781-T1;GlimmerHMM},{GeneMark_model.4035_t;GeneMark},{Augustus_model.g3139.t1;Augustus}
232747	232684	INTRON			{GlimmerHMM_glimmerT_3781-T1;GlimmerHMM},{GeneMark_model.4035_t;GeneMark},{Augustus_model.g3139.t1;Augustus}
232900	232748	internal-	4	6	{GlimmerHMM_glimmerT_3781-T1;GlimmerHMM},{GeneMark_model.4035_t;GeneMark},{Augustus_model.g3139.t1;Augustus}
232962	232901	INTRON			{GlimmerHMM_glimmerT_3781-T1;GlimmerHMM},{GeneMark_model.4035_t;GeneMark},{Augustus_model.g3139.t1;Augustus}
233162	232963	internal-	5	6	{GlimmerHMM_glimmerT_3781-T1;GlimmerHMM},{GeneMark_model.4035_t;GeneMark},{Augustus_model.g3139.t1;Augustus}
233236	233163	INTRON			{GlimmerHMM_glimmerT_3781-T1;GlimmerHMM},{GeneMark_model.4035_t;GeneMark},{Augustus_model.g3139.t1;Augustus}
233444	233237	initial-	4	4	{GlimmerHMM_glimmerT_3781-T1;GlimmerHMM},{GeneMark_model.4035_t;GeneMark}

# EVM prediction: Mode:STANDARD S-ratio: 4.70 234360-237640 orient(-) score(11639.00) noncoding_equivalent(2475.73) raw_noncoding(2884.02) offset(408.29)
234610	234360	terminal-	5	6	{GeneMark_model.4036_t;GeneMark},{GlimmerHMM_glimmerT_3782-T1;GlimmerHMM}
234672	234611	INTRON			{GeneMark_model.4036_t;GeneMark},{GlimmerHMM_glimmerT_3782-T1;GlimmerHMM},{Augustus_model.g3139.t1;Augustus}
234889	234673	internal-	4	4	{GeneMark_model.4036_t;GeneMark},{GlimmerHMM_glimmerT_3782-T1;GlimmerHMM},{Augustus_model.g3139.t1;Augustus}
234965	234890	INTRON			{GeneMark_model.4036_t;GeneMark},{GlimmerHMM_glimmerT_3782-T1;GlimmerHMM},{Augustus_model.g3139.t1;Augustus},{snap_scaffold_9-snap.104-T1;snap}
235064	234966	internal-	4	6	{GeneMark_model.4036_t;GeneMark},{GlimmerHMM_glimmerT_3782-T1;GlimmerHMM},{Augustus_model.g3139.t1;Augustus}
235140	235065	INTRON			{GeneMark_model.4036_t;GeneMark},{GlimmerHMM_glimmerT_3782-T1;GlimmerHMM},{Augustus_model.g3139.t1;Augustus}
235318	235141	internal-	6	6	{GeneMark_model.4036_t;GeneMark},{GlimmerHMM_glimmerT_3782-T1;GlimmerHMM},{Augustus_model.g3139.t1;Augustus}
235404	235319	INTRON			{GeneMark_model.4036_t;GeneMark},{GlimmerHMM_glimmerT_3782-T1;GlimmerHMM},{Augustus_model.g3139.t1;Augustus}
235619	235405	internal-	4	5	{GeneMark_model.4036_t;GeneMark},{GlimmerHMM_glimmerT_3782-T1;GlimmerHMM},{Augustus_model.g3139.t1;Augustus}
235694	235620	INTRON			{GeneMark_model.4036_t;GeneMark},{GlimmerHMM_glimmerT_3782-T1;GlimmerHMM},{Augustus_model.g3139.t1;Augustus}
235785	235695	internal-	6	6	{GeneMark_model.4036_t;GeneMark},{GlimmerHMM_glimmerT_3782-T1;GlimmerHMM},{Augustus_model.g3139.t1;Augustus}
235844	235786	INTRON			{GeneMark_model.4036_t;GeneMark},{GlimmerHMM_glimmerT_3782-T1;GlimmerHMM},{Augustus_model.g3139.t1;Augustus}
235994	235845	internal-	6	5	{GeneMark_model.4036_t;GeneMark},{GlimmerHMM_glimmerT_3782-T1;GlimmerHMM},{Augustus_model.g3139.t1;Augustus}
236057	235995	INTRON			{GeneMark_model.4036_t;GeneMark},{Augustus_model.g3139.t1;Augustus}
237640	236058	initial-	4	5	{Augustus_model.g3139.t1;Augustus}

# EVM prediction: Mode:STANDARD S-ratio: 10000.00 238260-239780 orient(+) score(6084.00) noncoding_equivalent(0.61) raw_noncoding(0.00) offset(0.00)
238260	239780	single+	1	3	{GeneMark_model.4037_t;GeneMark},{GlimmerHMM_glimmerT_3783-T1;GlimmerHMM},{Augustus_model.g3140.t1;Augustus}

# EVM prediction: Mode:STANDARD S-ratio: 12.85 240033-246312 orient(-) score(23791.00) noncoding_equivalent(1851.00) raw_noncoding(2011.00) offset(160.00)
240177	240033	terminal-	6	6	{Augustus_model.g3141.t1;Augustus},{GeneMark_model.4038_t;GeneMark},{GlimmerHMM_glimmerT_3784-T1;GlimmerHMM}
240253	240178	INTRON			{Augustus_model.g3141.t1;Augustus},{GeneMark_model.4038_t;GeneMark},{GlimmerHMM_glimmerT_3784-T1;GlimmerHMM}
240382	240254	internal-	6	5	{Augustus_model.g3141.t1;Augustus},{GeneMark_model.4038_t;GeneMark},{GlimmerHMM_glimmerT_3784-T1;GlimmerHMM}
240450	240383	INTRON			{Augustus_model.g3141.t1;Augustus},{GeneMark_model.4038_t;GeneMark},{GlimmerHMM_glimmerT_3784-T1;GlimmerHMM}
243688	240451	internal-	5	5	{Augustus_model.g3141.t1;Augustus},{GeneMark_model.4038_t;GeneMark},{GlimmerHMM_glimmerT_3784-T1;GlimmerHMM}
243753	243689	INTRON			{Augustus_model.g3141.t1;Augustus},{GeneMark_model.4038_t;GeneMark},{GlimmerHMM_glimmerT_3784-T1;GlimmerHMM}
244638	243754	internal-	5	4	{Augustus_model.g3141.t1;Augustus},{GeneMark_model.4038_t;GeneMark},{GlimmerHMM_glimmerT_3784-T1;GlimmerHMM}
244700	244639	INTRON			{Augustus_model.g3141.t1;Augustus},{GeneMark_model.4038_t;GeneMark},{GlimmerHMM_glimmerT_3784-T1;GlimmerHMM}
246312	244701	initial-	4	4	{Augustus_model.g3141.t1;Augustus},{GeneMark_model.4038_t;GeneMark},{GlimmerHMM_glimmerT_3784-T1;GlimmerHMM}

# EVM prediction: Mode:STANDARD S-ratio: 3.10 246626-250333 orient(+) score(12268.00) noncoding_equivalent(3960.78) raw_noncoding(4530.00) offset(569.22)
246626	247102	initial+	1	3	{Augustus_model.g3142.t1;Augustus},{GeneMark_model.4039_t;GeneMark},{GlimmerHMM_glimmerT_3785-T1;GlimmerHMM}
247103	247189	INTRON			{Augustus_model.g3142.t1;Augustus},{GeneMark_model.4039_t;GeneMark},{snap_scaffold_9-snap.111-T1;snap},{GlimmerHMM_glimmerT_3785-T1;GlimmerHMM}
247190	247522	internal+	1	3	{Augustus_model.g3142.t1;Augustus},{GeneMark_model.4039_t;GeneMark},{GlimmerHMM_glimmerT_3785-T1;GlimmerHMM}
247523	247603	INTRON			{Augustus_model.g3142.t1;Augustus},{GeneMark_model.4039_t;GeneMark},{GlimmerHMM_glimmerT_3785-T1;GlimmerHMM}
247604	248035	internal+	1	3	{Augustus_model.g3142.t1;Augustus},{GeneMark_model.4039_t;GeneMark},{GlimmerHMM_glimmerT_3785-T1;GlimmerHMM}
248036	248096	INTRON			{Augustus_model.g3142.t1;Augustus},{GeneMark_model.4039_t;GeneMark},{GlimmerHMM_glimmerT_3785-T1;GlimmerHMM}
248097	248252	internal+	1	3	{Augustus_model.g3142.t1;Augustus},{GeneMark_model.4039_t;GeneMark},{GlimmerHMM_glimmerT_3785-T1;GlimmerHMM}
248253	248323	INTRON			{Augustus_model.g3142.t1;Augustus},{GeneMark_model.4039_t;GeneMark},{GlimmerHMM_glimmerT_3785-T1;GlimmerHMM}
248324	248415	internal+	1	2	{Augustus_model.g3142.t1;Augustus},{GeneMark_model.4039_t;GeneMark},{GlimmerHMM_glimmerT_3785-T1;GlimmerHMM}
248416	248491	INTRON			{Augustus_model.g3142.t1;Augustus},{GeneMark_model.4039_t;GeneMark},{GlimmerHMM_glimmerT_3785-T1;GlimmerHMM}
248492	248771	internal+	3	3	{Augustus_model.g3142.t1;Augustus},{GeneMark_model.4039_t;GeneMark},{GlimmerHMM_glimmerT_3785-T1;GlimmerHMM}
248772	248839	INTRON			{Augustus_model.g3142.t1;Augustus},{GeneMark_model.4039_t;GeneMark},{GlimmerHMM_glimmerT_3785-T1;GlimmerHMM}
248840	248998	internal+	1	3	{Augustus_model.g3142.t1;Augustus},{GeneMark_model.4039_t;GeneMark}
248999	249072	INTRON			{Augustus_model.g3142.t1;Augustus},{GeneMark_model.4039_t;GeneMark}
249073	249297	internal+	1	3	{Augustus_model.g3142.t1;Augustus},{GeneMark_model.4039_t;GeneMark}
249298	249365	INTRON			{Augustus_model.g3142.t1;Augustus},{GeneMark_model.4039_t;GeneMark}
249366	249502	internal+	1	2	{Augustus_model.g3142.t1;Augustus},{GeneMark_model.4039_t;GeneMark}
249503	249563	INTRON			{Augustus_model.g3142.t1;Augustus},{GeneMark_model.4039_t;GeneMark},{GlimmerHMM_glimmerT_3785-T1;GlimmerHMM}
249564	249753	internal+	3	3	{Augustus_model.g3142.t1;Augustus},{GeneMark_model.4039_t;GeneMark},{GlimmerHMM_glimmerT_3785-T1;GlimmerHMM}
249754	249813	INTRON			{Augustus_model.g3142.t1;Augustus},{GeneMark_model.4039_t;GeneMark},{GlimmerHMM_glimmerT_3785-T1;GlimmerHMM}
249814	249999	internal+	1	3	{Augustus_model.g3142.t1;Augustus},{GeneMark_model.4039_t;GeneMark},{GlimmerHMM_glimmerT_3785-T1;GlimmerHMM}
250000	250069	INTRON			{Augustus_model.g3142.t1;Augustus},{GeneMark_model.4039_t;GeneMark},{GlimmerHMM_glimmerT_3785-T1;GlimmerHMM}
250070	250333	terminal+	1	3	{Augustus_model.g3142.t1;Augustus},{GeneMark_model.4039_t;GeneMark},{GlimmerHMM_glimmerT_3785-T1;GlimmerHMM}

# EVM prediction: Mode:STANDARD S-ratio: 4.18 250544-253540 orient(-) score(10263.00) noncoding_equivalent(2455.92) raw_noncoding(3099.00) offset(643.08)
250616	250544	terminal-	6	6	{Augustus_model.g3143.t1;Augustus},{GeneMark_model.4040_t;GeneMark}
250684	250617	INTRON			{Augustus_model.g3143.t1;Augustus},{GeneMark_model.4040_t;GeneMark}
250749	250685	internal-	4	5	{Augustus_model.g3143.t1;Augustus},{GeneMark_model.4040_t;GeneMark}
250819	250750	INTRON			{GlimmerHMM_glimmerT_3786-T1;GlimmerHMM},{Augustus_model.g3143.t1;Augustus},{GeneMark_model.4040_t;GeneMark}
251104	250820	internal-	4	6	{GlimmerHMM_glimmerT_3786-T1;GlimmerHMM},{Augustus_model.g3143.t1;Augustus},{GeneMark_model.4040_t;GeneMark}
251173	251105	INTRON			{GlimmerHMM_glimmerT_3786-T1;GlimmerHMM},{Augustus_model.g3143.t1;Augustus},{GeneMark_model.4040_t;GeneMark}
251555	251174	internal-	6	6	{GlimmerHMM_glimmerT_3786-T1;GlimmerHMM},{Augustus_model.g3143.t1;Augustus},{GeneMark_model.4040_t;GeneMark}
251615	251556	INTRON			{snap_scaffold_9-snap.114-T1;snap},{Augustus_model.g3143.t1;Augustus},{GeneMark_model.4040_t;GeneMark}
251676	251616	internal-	5	5	{Augustus_model.g3143.t1;Augustus},{GeneMark_model.4040_t;GeneMark}
251745	251677	INTRON			{GlimmerHMM_glimmerT_3786-T1;GlimmerHMM},{Augustus_model.g3143.t1;Augustus},{GeneMark_model.4040_t;GeneMark}
251831	251746	internal-	6	4	{GlimmerHMM_glimmerT_3786-T1;GlimmerHMM},{Augustus_model.g3143.t1;Augustus},{GeneMark_model.4040_t;GeneMark}
251892	251832	INTRON			{GlimmerHMM_glimmerT_3786-T1;GlimmerHMM},{Augustus_model.g3143.t1;Augustus},{GeneMark_model.4040_t;GeneMark}
253169	251893	internal-	4	5	{GlimmerHMM_glimmerT_3786-T1;GlimmerHMM},{Augustus_model.g3143.t1;Augustus},{GeneMark_model.4040_t;GeneMark}
253265	253170	INTRON			{GlimmerHMM_glimmerT_3786-T1;GlimmerHMM},{Augustus_model.g3143.t1;Augustus},{GeneMark_model.4040_t;GeneMark}
253353	253266	internal-	6	6	{Augustus_model.g3143.t1;Augustus}
253400	253354	INTRON			{Augustus_model.g3143.t1;Augustus}
253540	253401	initial-	4	5	{Augustus_model.g3143.t1;Augustus},{GeneMark_model.4040_t;GeneMark}

# EVM prediction: Mode:STANDARD S-ratio: 4.17 253970-255373 orient(+) score(4721.00) noncoding_equivalent(1133.45) raw_noncoding(1418.00) offset(284.55)
253970	254164	initial+	1	3	{Augustus_model.g3144.t1;Augustus},{GeneMark_model.4041_t;GeneMark},{GlimmerHMM_glimmerT_3787-T1;GlimmerHMM}
254165	254226	INTRON			{Augustus_model.g3144.t1;Augustus},{GeneMark_model.4041_t;GeneMark},{GlimmerHMM_glimmerT_3787-T1;GlimmerHMM}
254227	254653	internal+	1	1	{Augustus_model.g3144.t1;Augustus},{GeneMark_model.4041_t;GeneMark},{GlimmerHMM_glimmerT_3787-T1;GlimmerHMM}
254654	254719	INTRON			{Augustus_model.g3144.t1;Augustus},{GeneMark_model.4041_t;GeneMark},{GlimmerHMM_glimmerT_3787-T1;GlimmerHMM}
254720	254910	internal+	2	3	{Augustus_model.g3144.t1;Augustus},{GeneMark_model.4041_t;GeneMark},{GlimmerHMM_glimmerT_3787-T1;GlimmerHMM}
254911	254972	INTRON			{Augustus_model.g3144.t1;Augustus},{GeneMark_model.4041_t;GeneMark}
254973	255089	internal+	1	3	{Augustus_model.g3144.t1;Augustus},{GeneMark_model.4041_t;GeneMark}
255090	255165	INTRON			{Augustus_model.g3144.t1;Augustus},{GeneMark_model.4041_t;GeneMark}
255166	255219	internal+	1	3	{Augustus_model.g3144.t1;Augustus},{GeneMark_model.4041_t;GeneMark}
255220	255286	INTRON			{Augustus_model.g3144.t1;Augustus},{GeneMark_model.4041_t;GeneMark}
255287	255373	terminal+	1	3	{Augustus_model.g3144.t1;Augustus},{GeneMark_model.4041_t;GeneMark},{GlimmerHMM_glimmerT_3787-T1;GlimmerHMM}

# EVM prediction: Mode:STANDARD S-ratio: 5.13 255530-258091 orient(-) score(8968.00) noncoding_equivalent(1749.67) raw_noncoding(2213.65) offset(463.98)
255692	255530	terminal-	6	6	{GeneMark_model.4042_t;GeneMark},{Augustus_model.g3145.t1;Augustus},{GlimmerHMM_glimmerT_3788-T1;GlimmerHMM}
255792	255693	INTRON			{GeneMark_model.4042_t;GeneMark},{Augustus_model.g3145.t1;Augustus},{GlimmerHMM_glimmerT_3788-T1;GlimmerHMM}
257351	255793	internal-	4	5	{GeneMark_model.4042_t;GeneMark},{GlimmerHMM_glimmerT_3788-T1;GlimmerHMM}
257431	257352	INTRON			{GeneMark_model.4042_t;GeneMark},{Augustus_model.g3145.t1;Augustus},{GlimmerHMM_glimmerT_3788-T1;GlimmerHMM}
257585	257432	internal-	6	6	{GeneMark_model.4042_t;GeneMark},{Augustus_model.g3145.t1;Augustus},{GlimmerHMM_glimmerT_3788-T1;GlimmerHMM}
257647	257586	INTRON			{GeneMark_model.4042_t;GeneMark},{Augustus_model.g3145.t1;Augustus},{GlimmerHMM_glimmerT_3788-T1;GlimmerHMM}
257726	257648	internal-	5	5	{GeneMark_model.4042_t;GeneMark},{Augustus_model.g3145.t1;Augustus},{GlimmerHMM_glimmerT_3788-T1;GlimmerHMM}
257788	257727	INTRON			{GeneMark_model.4042_t;GeneMark},{Augustus_model.g3145.t1;Augustus}
257848	257789	internal-	5	4	{GeneMark_model.4042_t;GeneMark},{Augustus_model.g3145.t1;Augustus}
257925	257849	INTRON			{GeneMark_model.4042_t;GeneMark},{Augustus_model.g3145.t1;Augustus}
258091	257926	initial-	4	4	{GeneMark_model.4042_t;GeneMark},{GlimmerHMM_glimmerT_3788-T1;GlimmerHMM}

# EVM prediction: Mode:STANDARD S-ratio: 3.56 258401-259673 orient(-) score(5195.00) noncoding_equivalent(1458.88) raw_noncoding(1883.03) offset(424.15)
258712	258401	terminal-	4	6	{GeneMark_model.4043_t;GeneMark},{GlimmerHMM_glimmerT_3789-T1;GlimmerHMM}
258797	258713	INTRON			{GeneMark_model.4043_t;GeneMark},{Augustus_model.g3145.t1;Augustus},{GlimmerHMM_glimmerT_3789-T1;GlimmerHMM},{ev_type:exonerate/ID=match.2566964.3581/Target=lcl|PJQD01000050_1_prot_POY72381_1_5051;exonerate}
259008	258798	internal-	6	6	{GeneMark_model.4043_t;GeneMark},{Augustus_model.g3145.t1;Augustus},{GlimmerHMM_glimmerT_3789-T1;GlimmerHMM},{ev_type:exonerate/ID=match.2566964.3581/Target=lcl|PJQD01000050_1_prot_POY72381_1_5051;exonerate}
259075	259009	INTRON			{GeneMark_model.4043_t;GeneMark},{Augustus_model.g3145.t1;Augustus},{GlimmerHMM_glimmerT_3789-T1;GlimmerHMM},{ev_type:exonerate/ID=match.2566964.3581/Target=lcl|PJQD01000050_1_prot_POY72381_1_5051;exonerate}
259155	259076	internal-	4	5	{GeneMark_model.4043_t;GeneMark},{Augustus_model.g3145.t1;Augustus},{ev_type:exonerate/ID=match.2566964.3581/Target=lcl|PJQD01000050_1_prot_POY72381_1_5051;exonerate}
259228	259156	INTRON			{GeneMark_model.4043_t;GeneMark},{Augustus_model.g3145.t1;Augustus},{ev_type:exonerate/ID=match.2566964.3581/Target=lcl|PJQD01000050_1_prot_POY72381_1_5051;exonerate}
259389	259229	internal-	5	6	{GeneMark_model.4043_t;GeneMark},{Augustus_model.g3145.t1;Augustus},{ev_type:exonerate/ID=match.2566964.3581/Target=lcl|PJQD01000050_1_prot_POY72381_1_5051;exonerate}
259495	259390	INTRON			{GeneMark_model.4043_t;GeneMark},{Augustus_model.g3145.t1;Augustus},{ev_type:exonerate/ID=match.2566964.3581/Target=lcl|PJQD01000050_1_prot_POY72381_1_5051;exonerate}
259673	259496	initial-	4	4	{GeneMark_model.4043_t;GeneMark},{Augustus_model.g3145.t1;Augustus}

# EVM prediction: Mode:STANDARD S-ratio: 4.03 260820-262140 orient(+) score(7770.00) noncoding_equivalent(1927.51) raw_noncoding(2305.00) offset(377.49)
260820	261006	initial+	1	1	{Augustus_model.g3146.t1;Augustus},{GlimmerHMM_glimmerT_3790-T1;GlimmerHMM},{GeneMark_model.4044_t;GeneMark}
261007	261094	INTRON			{Augustus_model.g3146.t1;Augustus},{GlimmerHMM_glimmerT_3790-T1;GlimmerHMM},{GeneMark_model.4044_t;GeneMark},{ev_type:exonerate/ID=match.2566964.1982/Target=lcl|KQ954469_1_prot_KWU46054_1_1771;exonerate},{ev_type:exonerate/ID=match.2566964.3582/Target=lcl|PJQD01000050_1_prot_POY72380_1_5050;exonerate}
261095	261330	internal+	2	3	{Augustus_model.g3146.t1;Augustus},{GeneMark_model.4044_t;GeneMark},{ev_type:exonerate/ID=match.2566964.1982/Target=lcl|KQ954469_1_prot_KWU46054_1_1771;exonerate},{ev_type:exonerate/ID=match.2566964.3582/Target=lcl|PJQD01000050_1_prot_POY72380_1_5050;exonerate}
261331	261407	INTRON			{Augustus_model.g3146.t1;Augustus},{snap_scaffold_9-snap.119-T1;snap},{GeneMark_model.4044_t;GeneMark},{ev_type:exonerate/ID=match.2566964.1982/Target=lcl|KQ954469_1_prot_KWU46054_1_1771;exonerate},{ev_type:exonerate/ID=match.2566964.3613/Target=lcl|BJWK01000011_1_prot_GEM10418_1_4435;exonerate},{ev_type:exonerate/ID=match.2566964.3582/Target=lcl|PJQD01000050_1_prot_POY72380_1_5050;exonerate}
261408	261436	internal+	1	2	{Augustus_model.g3146.t1;Augustus},{GeneMark_model.4044_t;GeneMark},{ev_type:exonerate/ID=match.2566964.1982/Target=lcl|KQ954469_1_prot_KWU46054_1_1771;exonerate},{ev_type:exonerate/ID=match.2566964.3613/Target=lcl|BJWK01000011_1_prot_GEM10418_1_4435;exonerate},{ev_type:exonerate/ID=match.2566964.3582/Target=lcl|PJQD01000050_1_prot_POY72380_1_5050;exonerate}
261437	261500	INTRON			{Augustus_model.g3146.t1;Augustus},{GeneMark_model.4044_t;GeneMark},{ev_type:exonerate/ID=match.2566964.1982/Target=lcl|KQ954469_1_prot_KWU46054_1_1771;exonerate},{ev_type:exonerate/ID=match.2566964.3613/Target=lcl|BJWK01000011_1_prot_GEM10418_1_4435;exonerate},{ev_type:exonerate/ID=match.2566964.3582/Target=lcl|PJQD01000050_1_prot_POY72380_1_5050;exonerate}
261501	261555	internal+	3	3	{Augustus_model.g3146.t1;Augustus},{GlimmerHMM_glimmerT_3790-T1;GlimmerHMM},{GeneMark_model.4044_t;GeneMark},{ev_type:exonerate/ID=match.2566964.3613/Target=lcl|BJWK01000011_1_prot_GEM10418_1_4435;exonerate},{ev_type:exonerate/ID=match.2566964.3582/Target=lcl|PJQD01000050_1_prot_POY72380_1_5050;exonerate}
261556	261618	INTRON			{Augustus_model.g3146.t1;Augustus},{snap_scaffold_9-snap.119-T1;snap},{GlimmerHMM_glimmerT_3790-T1;GlimmerHMM},{GeneMark_model.4044_t;GeneMark},{ev_type:exonerate/ID=match.2566964.3613/Target=lcl|BJWK01000011_1_prot_GEM10418_1_4435;exonerate},{ev_type:exonerate/ID=match.2566964.3582/Target=lcl|PJQD01000050_1_prot_POY72380_1_5050;exonerate}
261619	261859	internal+	1	1	{Augustus_model.g3146.t1;Augustus},{GlimmerHMM_glimmerT_3790-T1;GlimmerHMM},{GeneMark_model.4044_t;GeneMark},{ev_type:exonerate/ID=match.2566964.1982/Target=lcl|KQ954469_1_prot_KWU46054_1_1771;exonerate},{ev_type:exonerate/ID=match.2566964.3613/Target=lcl|BJWK01000011_1_prot_GEM10418_1_4435;exonerate},{ev_type:exonerate/ID=match.2566964.3582/Target=lcl|PJQD01000050_1_prot_POY72380_1_5050;exonerate}
261860	261921	INTRON			{Augustus_model.g3146.t1;Augustus},{GlimmerHMM_glimmerT_3790-T1;GlimmerHMM},{GeneMark_model.4044_t;GeneMark},{ev_type:exonerate/ID=match.2566964.1982/Target=lcl|KQ954469_1_prot_KWU46054_1_1771;exonerate},{ev_type:exonerate/ID=match.2566964.3613/Target=lcl|BJWK01000011_1_prot_GEM10418_1_4435;exonerate},{ev_type:exonerate/ID=match.2566964.3582/Target=lcl|PJQD01000050_1_prot_POY72380_1_5050;exonerate}
261922	261989	internal+	2	3	{Augustus_model.g3146.t1;Augustus},{GlimmerHMM_glimmerT_3790-T1;GlimmerHMM},{GeneMark_model.4044_t;GeneMark},{ev_type:exonerate/ID=match.2566964.1982/Target=lcl|KQ954469_1_prot_KWU46054_1_1771;exonerate},{ev_type:exonerate/ID=match.2566964.3613/Target=lcl|BJWK01000011_1_prot_GEM10418_1_4435;exonerate},{ev_type:exonerate/ID=match.2566964.3582/Target=lcl|PJQD01000050_1_prot_POY72380_1_5050;exonerate}
261990	262074	INTRON			{Augustus_model.g3146.t1;Augustus},{GlimmerHMM_glimmerT_3790-T1;GlimmerHMM},{GeneMark_model.4044_t;GeneMark},{ev_type:exonerate/ID=match.2566964.1982/Target=lcl|KQ954469_1_prot_KWU46054_1_1771;exonerate},{ev_type:exonerate/ID=match.2566964.3613/Target=lcl|BJWK01000011_1_prot_GEM10418_1_4435;exonerate},{ev_type:exonerate/ID=match.2566964.3582/Target=lcl|PJQD01000050_1_prot_POY72380_1_5050;exonerate}
262075	262140	terminal+	1	3	{Augustus_model.g3146.t1;Augustus},{GlimmerHMM_glimmerT_3790-T1;GlimmerHMM},{GeneMark_model.4044_t;GeneMark}

# EVM prediction: Mode:STANDARD S-ratio: 1.86 262374-263615 orient(-) score(3597.00) noncoding_equivalent(1929.30) raw_noncoding(2421.00) offset(491.70)
262400	262374	terminal-	4	6	{Augustus_model.g3147.t1;Augustus},{GeneMark_model.4045_t;GeneMark},{GlimmerHMM_glimmerT_3791-T1;GlimmerHMM}
262475	262401	INTRON			{Augustus_model.g3147.t1;Augustus},{GeneMark_model.4045_t;GeneMark},{GlimmerHMM_glimmerT_3791-T1;GlimmerHMM}
262727	262476	internal-	4	6	{Augustus_model.g3147.t1;Augustus},{GeneMark_model.4045_t;GeneMark},{GlimmerHMM_glimmerT_3791-T1;GlimmerHMM}
262803	262728	INTRON			{Augustus_model.g3147.t1;Augustus},{GeneMark_model.4045_t;GeneMark},{GlimmerHMM_glimmerT_3791-T1;GlimmerHMM}
263025	262804	internal-	4	6	{Augustus_model.g3147.t1;Augustus},{GeneMark_model.4045_t;GeneMark},{GlimmerHMM_glimmerT_3791-T1;GlimmerHMM}
263160	263026	INTRON			{Augustus_model.g3147.t1;Augustus},{GeneMark_model.4045_t;GeneMark},{GlimmerHMM_glimmerT_3791-T1;GlimmerHMM}
263235	263161	internal-	4	6	{Augustus_model.g3147.t1;Augustus},{GeneMark_model.4045_t;GeneMark}
263296	263236	INTRON			{Augustus_model.g3147.t1;Augustus},{GeneMark_model.4045_t;GeneMark}
263306	263297	internal-	6	6	{Augustus_model.g3147.t1;Augustus},{GeneMark_model.4045_t;GeneMark}
263364	263307	INTRON			{Augustus_model.g3147.t1;Augustus},{GeneMark_model.4045_t;GeneMark}
263615	263365	initial-	4	5	{Augustus_model.g3147.t1;Augustus},{GeneMark_model.4045_t;GeneMark},{GlimmerHMM_glimmerT_3791-T1;GlimmerHMM}

# EVM prediction: Mode:STANDARD S-ratio: 3.49 264170-265795 orient(+) score(6878.00) noncoding_equivalent(1970.99) raw_noncoding(2384.88) offset(413.89)
264170	264403	initial+	1	3	{Augustus_model.g3148.t1;Augustus},{GlimmerHMM_glimmerT_3792-T1;GlimmerHMM},{GeneMark_model.4046_t;GeneMark}
264404	264468	INTRON			{Augustus_model.g3148.t1;Augustus},{GlimmerHMM_glimmerT_3792-T1;GlimmerHMM},{GeneMark_model.4046_t;GeneMark},{ev_type:exonerate/ID=match.2566964.3561/Target=lcl|KQ954500_1_prot_KWU42828_1_4852;exonerate}
264469	264781	internal+	1	1	{Augustus_model.g3148.t1;Augustus},{GlimmerHMM_glimmerT_3792-T1;GlimmerHMM},{GeneMark_model.4046_t;GeneMark},{ev_type:exonerate/ID=match.2566964.3561/Target=lcl|KQ954500_1_prot_KWU42828_1_4852;exonerate}
264782	264858	INTRON			{Augustus_model.g3148.t1;Augustus},{GlimmerHMM_glimmerT_3792-T1;GlimmerHMM},{GeneMark_model.4046_t;GeneMark},{ev_type:exonerate/ID=match.2566964.3561/Target=lcl|KQ954500_1_prot_KWU42828_1_4852;exonerate}
264859	264936	internal+	2	1	{Augustus_model.g3148.t1;Augustus},{GlimmerHMM_glimmerT_3792-T1;GlimmerHMM},{GeneMark_model.4046_t;GeneMark},{ev_type:exonerate/ID=match.2566964.3561/Target=lcl|KQ954500_1_prot_KWU42828_1_4852;exonerate}
264937	264999	INTRON			{Augustus_model.g3148.t1;Augustus},{GlimmerHMM_glimmerT_3792-T1;GlimmerHMM},{GeneMark_model.4046_t;GeneMark},{ev_type:exonerate/ID=match.2566964.3561/Target=lcl|KQ954500_1_prot_KWU42828_1_4852;exonerate}
265000	265039	internal+	2	2	{Augustus_model.g3148.t1;Augustus},{GlimmerHMM_glimmerT_3792-T1;GlimmerHMM},{GeneMark_model.4046_t;GeneMark},{ev_type:exonerate/ID=match.2566964.3561/Target=lcl|KQ954500_1_prot_KWU42828_1_4852;exonerate}
265040	265099	INTRON			{Augustus_model.g3148.t1;Augustus},{GlimmerHMM_glimmerT_3792-T1;GlimmerHMM},{GeneMark_model.4046_t;GeneMark},{ev_type:exonerate/ID=match.2566964.3561/Target=lcl|KQ954500_1_prot_KWU42828_1_4852;exonerate}
265100	265326	internal+	3	1	{Augustus_model.g3148.t1;Augustus},{GlimmerHMM_glimmerT_3792-T1;GlimmerHMM},{GeneMark_model.4046_t;GeneMark}
265327	265388	INTRON			{Augustus_model.g3148.t1;Augustus},{GlimmerHMM_glimmerT_3792-T1;GlimmerHMM},{GeneMark_model.4046_t;GeneMark}
265389	265402	internal+	2	3	{Augustus_model.g3148.t1;Augustus},{GlimmerHMM_glimmerT_3792-T1;GlimmerHMM},{GeneMark_model.4046_t;GeneMark}
265403	265476	INTRON			{Augustus_model.g3148.t1;Augustus},{GlimmerHMM_glimmerT_3792-T1;GlimmerHMM},{GeneMark_model.4046_t;GeneMark}
265477	265518	internal+	1	3	{Augustus_model.g3148.t1;Augustus},{GlimmerHMM_glimmerT_3792-T1;GlimmerHMM},{GeneMark_model.4046_t;GeneMark},{ev_type:exonerate/ID=match.2566964.3561/Target=lcl|KQ954500_1_prot_KWU42828_1_4852;exonerate}
265519	265576	INTRON			{Augustus_model.g3148.t1;Augustus},{GlimmerHMM_glimmerT_3792-T1;GlimmerHMM},{GeneMark_model.4046_t;GeneMark},{ev_type:exonerate/ID=match.2566964.3561/Target=lcl|KQ954500_1_prot_KWU42828_1_4852;exonerate}
265577	265795	terminal+	1	3	{Augustus_model.g3148.t1;Augustus},{snap_scaffold_9-snap.121-T1;snap},{GlimmerHMM_glimmerT_3792-T1;GlimmerHMM},{GeneMark_model.4046_t;GeneMark}

# EVM prediction: Mode:STANDARD S-ratio: 1.85 267157-268247 orient(+) score(2979.00) noncoding_equivalent(1607.53) raw_noncoding(2003.00) offset(395.47)
267157	267255	initial+	1	3	{GeneMark_model.4047_t;GeneMark},{Augustus_model.g3149.t1;Augustus},{GlimmerHMM_glimmerT_3793-T1;GlimmerHMM}
267256	267324	INTRON			{GeneMark_model.4047_t;GeneMark},{Augustus_model.g3149.t1;Augustus}
267325	267369	internal+	1	3	{GeneMark_model.4047_t;GeneMark},{Augustus_model.g3149.t1;Augustus}
267370	267435	INTRON			{GeneMark_model.4047_t;GeneMark},{Augustus_model.g3149.t1;Augustus}
267436	267885	internal+	1	3	{GeneMark_model.4047_t;GeneMark},{GlimmerHMM_glimmerT_3793-T1;GlimmerHMM}
267886	267940	INTRON			{GeneMark_model.4047_t;GeneMark},{Augustus_model.g3149.t1;Augustus},{GlimmerHMM_glimmerT_3793-T1;GlimmerHMM}
267941	268039	internal+	1	3	{GeneMark_model.4047_t;GeneMark},{Augustus_model.g3149.t1;Augustus},{GlimmerHMM_glimmerT_3793-T1;GlimmerHMM}
268040	268100	INTRON			{GeneMark_model.4047_t;GeneMark},{Augustus_model.g3149.t1;Augustus},{GlimmerHMM_glimmerT_3793-T1;GlimmerHMM}
268101	268247	terminal+	1	3	{GeneMark_model.4047_t;GeneMark},{Augustus_model.g3149.t1;Augustus},{GlimmerHMM_glimmerT_3793-T1;GlimmerHMM}

# EVM prediction: Mode:STANDARD S-ratio: 1.16 269295-269821 orient(-) score(999.00) noncoding_equivalent(862.94) raw_noncoding(1478.27) offset(615.32)
269320	269295	terminal-	5	6	{Augustus_model.g3150.t1;Augustus}
269382	269321	INTRON			{Augustus_model.g3150.t1;Augustus}
269410	269383	internal-	4	4	{Augustus_model.g3150.t1;Augustus}
269476	269411	INTRON			{GeneMark_model.4048_t;GeneMark},{Augustus_model.g3150.t1;Augustus}
269575	269477	internal-	4	6	{Augustus_model.g3150.t1;Augustus}
269637	269576	INTRON			{Augustus_model.g3150.t1;Augustus}
269729	269638	internal-	5	6	{GeneMark_model.4048_t;GeneMark},{Augustus_model.g3150.t1;Augustus}
269796	269730	INTRON			{GeneMark_model.4048_t;GeneMark},{Augustus_model.g3150.t1;Augustus}
269821	269797	initial-	4	4	{GeneMark_model.4048_t;GeneMark}

# EVM prediction: Mode:STANDARD S-ratio: 1.48 270249-271490 orient(-) score(3172.00) noncoding_equivalent(2149.64) raw_noncoding(2725.26) offset(575.62)
270643	270249	terminal-	5	6	{GeneMark_model.4049_t;GeneMark}
270701	270644	INTRON			{GlimmerHMM_glimmerT_3794-T1;GlimmerHMM},{GeneMark_model.4049_t;GeneMark},{Augustus_model.g3150.t1;Augustus}
270816	270702	internal-	4	4	{GlimmerHMM_glimmerT_3794-T1;GlimmerHMM},{GeneMark_model.4049_t;GeneMark},{Augustus_model.g3150.t1;Augustus}
270880	270817	INTRON			{GlimmerHMM_glimmerT_3794-T1;GlimmerHMM},{GeneMark_model.4049_t;GeneMark},{Augustus_model.g3150.t1;Augustus}
271031	270881	internal-	6	6	{GlimmerHMM_glimmerT_3794-T1;GlimmerHMM},{GeneMark_model.4049_t;GeneMark},{Augustus_model.g3150.t1;Augustus}
271093	271032	INTRON			{GlimmerHMM_glimmerT_3794-T1;GlimmerHMM},{GeneMark_model.4049_t;GeneMark},{Augustus_model.g3150.t1;Augustus}
271129	271094	internal-	6	5	{GlimmerHMM_glimmerT_3794-T1;GlimmerHMM},{GeneMark_model.4049_t;GeneMark}
271193	271130	INTRON			{GlimmerHMM_glimmerT_3794-T1;GlimmerHMM},{GeneMark_model.4049_t;GeneMark}
271279	271194	internal-	4	5	{GlimmerHMM_glimmerT_3794-T1;GlimmerHMM},{GeneMark_model.4049_t;GeneMark},{Augustus_model.g3150.t1;Augustus}
271337	271280	INTRON			{GeneMark_model.4049_t;GeneMark},{Augustus_model.g3150.t1;Augustus}
271364	271338	internal-	4	6	{GeneMark_model.4049_t;GeneMark},{Augustus_model.g3150.t1;Augustus}
271433	271365	INTRON			{GeneMark_model.4049_t;GeneMark},{Augustus_model.g3150.t1;Augustus}
271490	271434	initial-	4	6	{GlimmerHMM_glimmerT_3794-T1;GlimmerHMM},{GeneMark_model.4049_t;GeneMark},{Augustus_model.g3150.t1;Augustus}

# EVM prediction: Mode:STANDARD S-ratio: 4.30 272103-273692 orient(-) score(7452.00) noncoding_equivalent(1732.85) raw_noncoding(2307.00) offset(574.15)
272585	272103	terminal-	4	6	{Augustus_model.g3151.t1;Augustus},{GeneMark_model.4050_t;GeneMark},{GlimmerHMM_glimmerT_3795-T1;GlimmerHMM}
272653	272586	INTRON			{Augustus_model.g3151.t1;Augustus},{GeneMark_model.4050_t;GeneMark},{GlimmerHMM_glimmerT_3795-T1;GlimmerHMM},{ev_type:exonerate/ID=match.2566964.3545/Target=lcl|PJQD01000085_1_prot_POY71499_1_6366;exonerate},{ev_type:exonerate/ID=match.2566964.3547/Target=lcl|KQ954472_1_prot_KWU45369_1_2211;exonerate}
272745	272654	internal-	5	6	{Augustus_model.g3151.t1;Augustus},{GeneMark_model.4050_t;GeneMark},{GlimmerHMM_glimmerT_3795-T1;GlimmerHMM},{ev_type:exonerate/ID=match.2566964.3545/Target=lcl|PJQD01000085_1_prot_POY71499_1_6366;exonerate},{ev_type:exonerate/ID=match.2566964.3547/Target=lcl|KQ954472_1_prot_KWU45369_1_2211;exonerate}
272814	272746	INTRON			{Augustus_model.g3151.t1;Augustus},{GeneMark_model.4050_t;GeneMark},{GlimmerHMM_glimmerT_3795-T1;GlimmerHMM},{ev_type:exonerate/ID=match.2566964.3545/Target=lcl|PJQD01000085_1_prot_POY71499_1_6366;exonerate},{ev_type:exonerate/ID=match.2566964.3547/Target=lcl|KQ954472_1_prot_KWU45369_1_2211;exonerate}
273223	272815	internal-	4	4	{Augustus_model.g3151.t1;Augustus},{GeneMark_model.4050_t;GeneMark},{GlimmerHMM_glimmerT_3795-T1;GlimmerHMM},{ev_type:exonerate/ID=match.2566964.3545/Target=lcl|PJQD01000085_1_prot_POY71499_1_6366;exonerate},{ev_type:exonerate/ID=match.2566964.3547/Target=lcl|KQ954472_1_prot_KWU45369_1_2211;exonerate}
273294	273224	INTRON			{Augustus_model.g3151.t1;Augustus},{GeneMark_model.4050_t;GeneMark},{GlimmerHMM_glimmerT_3795-T1;GlimmerHMM},{ev_type:exonerate/ID=match.2566964.3545/Target=lcl|PJQD01000085_1_prot_POY71499_1_6366;exonerate}
273425	273295	internal-	5	6	{Augustus_model.g3151.t1;Augustus},{GeneMark_model.4050_t;GeneMark},{GlimmerHMM_glimmerT_3795-T1;GlimmerHMM}
273530	273426	INTRON			{Augustus_model.g3151.t1;Augustus},{GeneMark_model.4050_t;GeneMark}
273585	273531	internal-	4	4	{GeneMark_model.4050_t;GeneMark}
273644	273586	INTRON			{GeneMark_model.4050_t;GeneMark}
273692	273645	initial-	4	6	{GeneMark_model.4050_t;GeneMark}

# EVM prediction: Mode:STANDARD S-ratio: 2.93 273736-278710 orient(+) score(15448.00) noncoding_equivalent(5267.68) raw_noncoding(6910.00) offset(1642.32)
273736	273752	initial+	1	2	{GeneMark_model.4051_t;GeneMark}
273753	274089	INTRON			{GeneMark_model.4051_t;GeneMark},{GlimmerHMM_glimmerT_3796-T1;GlimmerHMM}
274090	274327	internal+	3	3	{GeneMark_model.4051_t;GeneMark},{Augustus_model.g3152.t1;Augustus},{GlimmerHMM_glimmerT_3796-T1;GlimmerHMM}
274328	274398	INTRON			{GeneMark_model.4051_t;GeneMark},{Augustus_model.g3152.t1;Augustus}
274399	275123	internal+	1	2	{GeneMark_model.4051_t;GeneMark},{Augustus_model.g3152.t1;Augustus}
275124	275189	INTRON			{GeneMark_model.4051_t;GeneMark},{Augustus_model.g3152.t1;Augustus},{GlimmerHMM_glimmerT_3796-T1;GlimmerHMM}
275190	275307	internal+	3	3	{GeneMark_model.4051_t;GeneMark},{Augustus_model.g3152.t1;Augustus}
275308	275373	INTRON			{GeneMark_model.4051_t;GeneMark},{Augustus_model.g3152.t1;Augustus}
275374	275868	internal+	1	3	{GeneMark_model.4051_t;GeneMark},{Augustus_model.g3152.t1;Augustus},{GlimmerHMM_glimmerT_3796-T1;GlimmerHMM}
275869	275911	INTRON			{GeneMark_model.4051_t;GeneMark},{Augustus_model.g3152.t1;Augustus},{GlimmerHMM_glimmerT_3796-T1;GlimmerHMM}
275912	276030	internal+	1	2	{GeneMark_model.4051_t;GeneMark},{Augustus_model.g3152.t1;Augustus},{GlimmerHMM_glimmerT_3796-T1;GlimmerHMM}
276031	276091	INTRON			{GeneMark_model.4051_t;GeneMark},{Augustus_model.g3152.t1;Augustus},{GlimmerHMM_glimmerT_3796-T1;GlimmerHMM}
276092	276237	internal+	3	1	{GeneMark_model.4051_t;GeneMark},{Augustus_model.g3152.t1;Augustus},{GlimmerHMM_glimmerT_3796-T1;GlimmerHMM}
276238	276297	INTRON			{GeneMark_model.4051_t;GeneMark},{Augustus_model.g3152.t1;Augustus}
276298	276359	internal+	2	3	{GeneMark_model.4051_t;GeneMark},{Augustus_model.g3152.t1;Augustus}
276360	276418	INTRON			{GeneMark_model.4051_t;GeneMark},{Augustus_model.g3152.t1;Augustus}
276419	276482	internal+	1	1	{GeneMark_model.4051_t;GeneMark},{Augustus_model.g3152.t1;Augustus}
276483	276540	INTRON			{GeneMark_model.4051_t;GeneMark},{Augustus_model.g3152.t1;Augustus}
276541	276860	internal+	2	3	{GeneMark_model.4051_t;GeneMark},{Augustus_model.g3152.t1;Augustus}
276861	276920	INTRON			{GeneMark_model.4051_t;GeneMark},{Augustus_model.g3152.t1;Augustus}
276921	277069	internal+	1	2	{GeneMark_model.4051_t;GeneMark},{Augustus_model.g3152.t1;Augustus}
277070	277134	INTRON			{GeneMark_model.4051_t;GeneMark},{Augustus_model.g3152.t1;Augustus},{GlimmerHMM_glimmerT_3796-T1;GlimmerHMM}
277135	277295	internal+	3	1	{GeneMark_model.4051_t;GeneMark},{Augustus_model.g3152.t1;Augustus},{GlimmerHMM_glimmerT_3796-T1;GlimmerHMM}
277296	277355	INTRON			{GeneMark_model.4051_t;GeneMark},{Augustus_model.g3152.t1;Augustus},{GlimmerHMM_glimmerT_3796-T1;GlimmerHMM}
277356	277762	internal+	2	3	{GeneMark_model.4051_t;GeneMark},{Augustus_model.g3152.t1;Augustus},{GlimmerHMM_glimmerT_3796-T1;GlimmerHMM}
277763	277827	INTRON			{GeneMark_model.4051_t;GeneMark},{Augustus_model.g3152.t1;Augustus},{GlimmerHMM_glimmerT_3796-T1;GlimmerHMM}
277828	277903	internal+	1	1	{GeneMark_model.4051_t;GeneMark},{Augustus_model.g3152.t1;Augustus}
277904	277963	INTRON			{GeneMark_model.4051_t;GeneMark},{Augustus_model.g3152.t1;Augustus}
277964	278072	internal+	2	2	{GeneMark_model.4051_t;GeneMark},{Augustus_model.g3152.t1;Augustus}
278073	278142	INTRON			{GeneMark_model.4051_t;GeneMark},{Augustus_model.g3152.t1;Augustus},{GlimmerHMM_glimmerT_3796-T1;GlimmerHMM}
278143	278710	terminal+	3	3	{GeneMark_model.4051_t;GeneMark},{Augustus_model.g3152.t1;Augustus},{GlimmerHMM_glimmerT_3796-T1;GlimmerHMM}

# EVM prediction: Mode:STANDARD S-ratio: 2.95 280537-283111 orient(+) score(8552.00) noncoding_equivalent(2897.52) raw_noncoding(3691.00) offset(793.48)
280537	280787	initial+	1	2	{GlimmerHMM_glimmerT_3797-T1;GlimmerHMM},{GeneMark_model.4052_t;GeneMark},{Augustus_model.g3153.t1;Augustus}
280788	280865	INTRON			{GlimmerHMM_glimmerT_3797-T1;GlimmerHMM},{GeneMark_model.4052_t;GeneMark},{Augustus_model.g3153.t1;Augustus}
280866	280909	internal+	3	1	{GlimmerHMM_glimmerT_3797-T1;GlimmerHMM},{GeneMark_model.4052_t;GeneMark},{Augustus_model.g3153.t1;Augustus}
280910	280982	INTRON			{GlimmerHMM_glimmerT_3797-T1;GlimmerHMM},{GeneMark_model.4052_t;GeneMark},{Augustus_model.g3153.t1;Augustus}
280983	281321	internal+	2	1	{GlimmerHMM_glimmerT_3797-T1;GlimmerHMM},{GeneMark_model.4052_t;GeneMark},{Augustus_model.g3153.t1;Augustus}
281322	281453	INTRON			{GlimmerHMM_glimmerT_3797-T1;GlimmerHMM},{GeneMark_model.4052_t;GeneMark},{Augustus_model.g3153.t1;Augustus}
281454	281853	internal+	2	2	{GlimmerHMM_glimmerT_3797-T1;GlimmerHMM},{GeneMark_model.4052_t;GeneMark},{Augustus_model.g3153.t1;Augustus}
281854	281915	INTRON			{GeneMark_model.4052_t;GeneMark},{Augustus_model.g3153.t1;Augustus}
281916	281933	internal+	3	2	{GeneMark_model.4052_t;GeneMark},{Augustus_model.g3153.t1;Augustus}
281934	282020	INTRON			{GeneMark_model.4052_t;GeneMark},{Augustus_model.g3153.t1;Augustus}
282021	282033	internal+	3	3	{GlimmerHMM_glimmerT_3797-T1;GlimmerHMM},{GeneMark_model.4052_t;GeneMark},{Augustus_model.g3153.t1;Augustus}
282034	282097	INTRON			{GlimmerHMM_glimmerT_3797-T1;GlimmerHMM},{GeneMark_model.4052_t;GeneMark},{Augustus_model.g3153.t1;Augustus}
282098	282281	internal+	1	1	{GlimmerHMM_glimmerT_3797-T1;GlimmerHMM},{GeneMark_model.4052_t;GeneMark},{Augustus_model.g3153.t1;Augustus}
282282	282343	INTRON			{GlimmerHMM_glimmerT_3797-T1;GlimmerHMM},{GeneMark_model.4052_t;GeneMark},{Augustus_model.g3153.t1;Augustus}
282344	282413	internal+	2	2	{GlimmerHMM_glimmerT_3797-T1;GlimmerHMM},{GeneMark_model.4052_t;GeneMark},{Augustus_model.g3153.t1;Augustus}
282414	282475	INTRON			{GlimmerHMM_glimmerT_3797-T1;GlimmerHMM},{GeneMark_model.4052_t;GeneMark},{Augustus_model.g3153.t1;Augustus}
282476	282569	internal+	3	3	{GlimmerHMM_glimmerT_3797-T1;GlimmerHMM},{GeneMark_model.4052_t;GeneMark},{Augustus_model.g3153.t1;Augustus}
282570	282634	INTRON			{GlimmerHMM_glimmerT_3797-T1;GlimmerHMM},{GeneMark_model.4052_t;GeneMark},{Augustus_model.g3153.t1;Augustus}
282635	282653	internal+	1	1	{GlimmerHMM_glimmerT_3797-T1;GlimmerHMM},{GeneMark_model.4052_t;GeneMark},{Augustus_model.g3153.t1;Augustus}
282654	282713	INTRON			{GlimmerHMM_glimmerT_3797-T1;GlimmerHMM},{GeneMark_model.4052_t;GeneMark},{Augustus_model.g3153.t1;Augustus}
282714	282876	internal+	2	2	{GeneMark_model.4052_t;GeneMark},{Augustus_model.g3153.t1;Augustus}
282877	282948	INTRON			{GeneMark_model.4052_t;GeneMark},{Augustus_model.g3153.t1;Augustus}
282949	283111	terminal+	3	3	{GeneMark_model.4052_t;GeneMark},{Augustus_model.g3153.t1;Augustus}

# EVM prediction: Mode:STANDARD S-ratio: 1.88 283690-286591 orient(+) score(8415.00) noncoding_equivalent(4475.57) raw_noncoding(5995.00) offset(1519.43)
283690	283864	initial+	1	1	{Augustus_model.g3154.t1;Augustus},{GlimmerHMM_glimmerT_3798-T1;GlimmerHMM},{GeneMark_model.4053_t;GeneMark}
283865	283926	INTRON			{Augustus_model.g3154.t1;Augustus},{GlimmerHMM_glimmerT_3798-T1;GlimmerHMM},{GeneMark_model.4053_t;GeneMark}
283927	283997	internal+	2	3	{Augustus_model.g3154.t1;Augustus},{GlimmerHMM_glimmerT_3798-T1;GlimmerHMM},{GeneMark_model.4053_t;GeneMark}
283998	284057	INTRON			{Augustus_model.g3154.t1;Augustus},{GlimmerHMM_glimmerT_3798-T1;GlimmerHMM},{GeneMark_model.4053_t;GeneMark}
284058	284108	internal+	1	3	{Augustus_model.g3154.t1;Augustus},{GlimmerHMM_glimmerT_3798-T1;GlimmerHMM},{GeneMark_model.4053_t;GeneMark}
284109	284173	INTRON			{Augustus_model.g3154.t1;Augustus},{GlimmerHMM_glimmerT_3798-T1;GlimmerHMM},{GeneMark_model.4053_t;GeneMark}
284174	284190	internal+	1	2	{Augustus_model.g3154.t1;Augustus},{GlimmerHMM_glimmerT_3798-T1;GlimmerHMM},{GeneMark_model.4053_t;GeneMark}
284191	284270	INTRON			{Augustus_model.g3154.t1;Augustus},{GlimmerHMM_glimmerT_3798-T1;GlimmerHMM},{GeneMark_model.4053_t;GeneMark}
284271	284399	internal+	3	2	{Augustus_model.g3154.t1;Augustus},{GlimmerHMM_glimmerT_3798-T1;GlimmerHMM},{GeneMark_model.4053_t;GeneMark}
284400	284465	INTRON			{Augustus_model.g3154.t1;Augustus},{GlimmerHMM_glimmerT_3798-T1;GlimmerHMM},{GeneMark_model.4053_t;GeneMark}
284466	284545	internal+	3	1	{Augustus_model.g3154.t1;Augustus},{GlimmerHMM_glimmerT_3798-T1;GlimmerHMM},{GeneMark_model.4053_t;GeneMark}
284546	284620	INTRON			{Augustus_model.g3154.t1;Augustus},{GlimmerHMM_glimmerT_3798-T1;GlimmerHMM},{GeneMark_model.4053_t;GeneMark}
284621	284697	internal+	2	3	{Augustus_model.g3154.t1;Augustus},{GlimmerHMM_glimmerT_3798-T1;GlimmerHMM},{GeneMark_model.4053_t;GeneMark}
284698	284763	INTRON			{Augustus_model.g3154.t1;Augustus},{GeneMark_model.4053_t;GeneMark}
284764	284831	internal+	1	2	{Augustus_model.g3154.t1;Augustus},{GeneMark_model.4053_t;GeneMark}
284832	284889	INTRON			{Augustus_model.g3154.t1;Augustus},{GeneMark_model.4053_t;GeneMark}
284890	284929	internal+	3	3	{Augustus_model.g3154.t1;Augustus},{GeneMark_model.4053_t;GeneMark}
284930	284984	INTRON			{Augustus_model.g3154.t1;Augustus},{GeneMark_model.4053_t;GeneMark}
284985	285326	internal+	1	3	{Augustus_model.g3154.t1;Augustus},{GlimmerHMM_glimmerT_3798-T1;GlimmerHMM},{GeneMark_model.4053_t;GeneMark}
285327	285384	INTRON			{Augustus_model.g3154.t1;Augustus},{GeneMark_model.4053_t;GeneMark}
285385	285458	internal+	1	2	{Augustus_model.g3154.t1;Augustus},{GeneMark_model.4053_t;GeneMark}
285459	285520	INTRON			{Augustus_model.g3154.t1;Augustus},{GeneMark_model.4053_t;GeneMark}
285521	285547	internal+	3	2	{Augustus_model.g3154.t1;Augustus},{GeneMark_model.4053_t;GeneMark}
285548	285612	INTRON			{Augustus_model.g3154.t1;Augustus},{GeneMark_model.4053_t;GeneMark}
285613	285634	internal+	3	3	{Augustus_model.g3154.t1;Augustus},{GeneMark_model.4053_t;GeneMark}
285635	285691	INTRON			{Augustus_model.g3154.t1;Augustus},{GeneMark_model.4053_t;GeneMark}
285692	285865	internal+	1	3	{Augustus_model.g3154.t1;Augustus},{GlimmerHMM_glimmerT_3798-T1;GlimmerHMM},{GeneMark_model.4053_t;GeneMark}
285866	285921	INTRON			{Augustus_model.g3154.t1;Augustus},{GlimmerHMM_glimmerT_3798-T1;GlimmerHMM},{GeneMark_model.4053_t;GeneMark}
285922	286020	internal+	1	3	{Augustus_model.g3154.t1;Augustus},{GeneMark_model.4053_t;GeneMark}
286021	286080	INTRON			{Augustus_model.g3154.t1;Augustus},{GeneMark_model.4053_t;GeneMark}
286081	286099	internal+	1	1	{Augustus_model.g3154.t1;Augustus},{GeneMark_model.4053_t;GeneMark}
286100	286160	INTRON			{Augustus_model.g3154.t1;Augustus},{GlimmerHMM_glimmerT_3798-T1;GlimmerHMM},{GeneMark_model.4053_t;GeneMark}
286161	286276	internal+	2	3	{Augustus_model.g3154.t1;Augustus},{GlimmerHMM_glimmerT_3798-T1;GlimmerHMM},{GeneMark_model.4053_t;GeneMark}
286277	286349	INTRON			{Augustus_model.g3154.t1;Augustus},{GlimmerHMM_glimmerT_3798-T1;GlimmerHMM},{GeneMark_model.4053_t;GeneMark}
286350	286443	internal+	1	1	{Augustus_model.g3154.t1;Augustus},{GlimmerHMM_glimmerT_3798-T1;GlimmerHMM},{GeneMark_model.4053_t;GeneMark}
286444	286511	INTRON			{Augustus_model.g3154.t1;Augustus},{GlimmerHMM_glimmerT_3798-T1;GlimmerHMM},{GeneMark_model.4053_t;GeneMark}
286512	286591	terminal+	2	3	{Augustus_model.g3154.t1;Augustus},{GlimmerHMM_glimmerT_3798-T1;GlimmerHMM},{GeneMark_model.4053_t;GeneMark}

# EVM prediction: Mode:STANDARD S-ratio: 2.97 286844-288825 orient(+) score(8956.00) noncoding_equivalent(3017.38) raw_noncoding(3936.41) offset(919.04)
286844	286881	initial+	1	2	{GeneMark_model.4054_t;GeneMark},{Augustus_model.g3155.t1;Augustus},{GlimmerHMM_glimmerT_3799-T1;GlimmerHMM}
286882	286984	INTRON			{GeneMark_model.4054_t;GeneMark},{Augustus_model.g3155.t1;Augustus},{GlimmerHMM_glimmerT_3799-T1;GlimmerHMM},{ev_type:exonerate/ID=match.2566964.3543/Target=lcl|PJQD01000050_1_prot_POY72297_1_4967;exonerate}
286985	287083	internal+	3	2	{GeneMark_model.4054_t;GeneMark},{Augustus_model.g3155.t1;Augustus},{GlimmerHMM_glimmerT_3799-T1;GlimmerHMM},{ev_type:exonerate/ID=match.2566964.3543/Target=lcl|PJQD01000050_1_prot_POY72297_1_4967;exonerate}
287084	287158	INTRON			{GeneMark_model.4054_t;GeneMark},{Augustus_model.g3155.t1;Augustus},{GlimmerHMM_glimmerT_3799-T1;GlimmerHMM},{ev_type:exonerate/ID=match.2566964.3572/Target=lcl|KQ954469_1_prot_KWU46002_1_1719;exonerate},{ev_type:exonerate/ID=match.2566964.3543/Target=lcl|PJQD01000050_1_prot_POY72297_1_4967;exonerate}
287159	287443	internal+	3	2	{GeneMark_model.4054_t;GeneMark},{Augustus_model.g3155.t1;Augustus},{GlimmerHMM_glimmerT_3799-T1;GlimmerHMM},{ev_type:exonerate/ID=match.2566964.3572/Target=lcl|KQ954469_1_prot_KWU46002_1_1719;exonerate},{ev_type:exonerate/ID=match.2566964.3543/Target=lcl|PJQD01000050_1_prot_POY72297_1_4967;exonerate}
287444	287514	INTRON			{GeneMark_model.4054_t;GeneMark},{Augustus_model.g3155.t1;Augustus},{GlimmerHMM_glimmerT_3799-T1;GlimmerHMM},{ev_type:exonerate/ID=match.2566964.3572/Target=lcl|KQ954469_1_prot_KWU46002_1_1719;exonerate},{ev_type:exonerate/ID=match.2566964.3543/Target=lcl|PJQD01000050_1_prot_POY72297_1_4967;exonerate}
287515	287622	internal+	3	2	{GeneMark_model.4054_t;GeneMark},{Augustus_model.g3155.t1;Augustus},{ev_type:exonerate/ID=match.2566964.3572/Target=lcl|KQ954469_1_prot_KWU46002_1_1719;exonerate},{ev_type:exonerate/ID=match.2566964.3543/Target=lcl|PJQD01000050_1_prot_POY72297_1_4967;exonerate}
287623	287691	INTRON			{GeneMark_model.4054_t;GeneMark},{Augustus_model.g3155.t1;Augustus},{ev_type:exonerate/ID=match.2566964.3572/Target=lcl|KQ954469_1_prot_KWU46002_1_1719;exonerate},{ev_type:exonerate/ID=match.2566964.3543/Target=lcl|PJQD01000050_1_prot_POY72297_1_4967;exonerate}
287692	287905	internal+	3	3	{GeneMark_model.4054_t;GeneMark},{Augustus_model.g3155.t1;Augustus},{ev_type:exonerate/ID=match.2566964.3543/Target=lcl|PJQD01000050_1_prot_POY72297_1_4967;exonerate}
287906	287961	INTRON			{GeneMark_model.4054_t;GeneMark},{Augustus_model.g3155.t1;Augustus},{GlimmerHMM_glimmerT_3799-T1;GlimmerHMM}
287962	288143	internal+	1	2	{GeneMark_model.4054_t;GeneMark},{Augustus_model.g3155.t1;Augustus},{GlimmerHMM_glimmerT_3799-T1;GlimmerHMM}
288144	288312	INTRON			{GeneMark_model.4054_t;GeneMark},{Augustus_model.g3155.t1;Augustus},{ev_type:exonerate/ID=match.2566964.3543/Target=lcl|PJQD01000050_1_prot_POY72297_1_4967;exonerate}
288313	288499	internal+	3	3	{GeneMark_model.4054_t;GeneMark},{Augustus_model.g3155.t1;Augustus},{ev_type:exonerate/ID=match.2566964.3543/Target=lcl|PJQD01000050_1_prot_POY72297_1_4967;exonerate}
288500	288666	INTRON			{GeneMark_model.4054_t;GeneMark},{Augustus_model.g3155.t1;Augustus},{GlimmerHMM_glimmerT_3799-T1;GlimmerHMM},{ev_type:exonerate/ID=match.2566964.3572/Target=lcl|KQ954469_1_prot_KWU46002_1_1719;exonerate},{ev_type:exonerate/ID=match.2566964.3543/Target=lcl|PJQD01000050_1_prot_POY72297_1_4967;exonerate}
288667	288825	terminal+	1	3	{GeneMark_model.4054_t;GeneMark},{Augustus_model.g3155.t1;Augustus},{GlimmerHMM_glimmerT_3799-T1;GlimmerHMM}

# EVM prediction: Mode:STANDARD S-ratio: 1091.83 288982-290091 orient(-) score(4434.00) noncoding_equivalent(4.06) raw_noncoding(4.06) offset(0.00)
290091	288982	single-	4	6	{GeneMark_model.4055_t;GeneMark},{GlimmerHMM_glimmerT_3800-T1;GlimmerHMM},{Augustus_model.g3156.t1;Augustus}

# EVM prediction: Mode:STANDARD S-ratio: 2.13 291089-293617 orient(+) score(7707.00) noncoding_equivalent(3612.07) raw_noncoding(4548.00) offset(935.93)
291089	291176	initial+	1	1	{Augustus_model.g3157.t1;Augustus}
291177	291227	INTRON			{Augustus_model.g3157.t1;Augustus}
291228	291379	internal+	2	3	{Augustus_model.g3157.t1;Augustus},{GlimmerHMM_glimmerT_3801-T1;GlimmerHMM}
291380	291455	INTRON			{GeneMark_model.4056_t;GeneMark},{Augustus_model.g3157.t1;Augustus},{GlimmerHMM_glimmerT_3801-T1;GlimmerHMM}
291456	291528	internal+	1	1	{GeneMark_model.4056_t;GeneMark},{Augustus_model.g3157.t1;Augustus},{GlimmerHMM_glimmerT_3801-T1;GlimmerHMM}
291529	291595	INTRON			{GeneMark_model.4056_t;GeneMark},{Augustus_model.g3157.t1;Augustus},{GlimmerHMM_glimmerT_3801-T1;GlimmerHMM}
291596	291681	internal+	2	3	{GeneMark_model.4056_t;GeneMark},{Augustus_model.g3157.t1;Augustus},{GlimmerHMM_glimmerT_3801-T1;GlimmerHMM}
291682	291783	INTRON			{GeneMark_model.4056_t;GeneMark},{Augustus_model.g3157.t1;Augustus},{GlimmerHMM_glimmerT_3801-T1;GlimmerHMM}
291784	291954	internal+	1	3	{GeneMark_model.4056_t;GeneMark},{Augustus_model.g3157.t1;Augustus},{GlimmerHMM_glimmerT_3801-T1;GlimmerHMM}
291955	292021	INTRON			{GeneMark_model.4056_t;GeneMark},{Augustus_model.g3157.t1;Augustus},{GlimmerHMM_glimmerT_3801-T1;GlimmerHMM}
292022	292192	internal+	1	3	{GeneMark_model.4056_t;GeneMark},{Augustus_model.g3157.t1;Augustus},{GlimmerHMM_glimmerT_3801-T1;GlimmerHMM}
292193	292275	INTRON			{GeneMark_model.4056_t;GeneMark},{Augustus_model.g3157.t1;Augustus},{GlimmerHMM_glimmerT_3801-T1;GlimmerHMM}
292276	292425	internal+	1	3	{GeneMark_model.4056_t;GeneMark},{Augustus_model.g3157.t1;Augustus},{GlimmerHMM_glimmerT_3801-T1;GlimmerHMM}
292426	292546	INTRON			{GeneMark_model.4056_t;GeneMark},{Augustus_model.g3157.t1;Augustus},{GlimmerHMM_glimmerT_3801-T1;GlimmerHMM}
292547	292963	internal+	1	3	{GeneMark_model.4056_t;GeneMark},{Augustus_model.g3157.t1;Augustus},{GlimmerHMM_glimmerT_3801-T1;GlimmerHMM}
292964	293027	INTRON			{GeneMark_model.4056_t;GeneMark},{Augustus_model.g3157.t1;Augustus},{GlimmerHMM_glimmerT_3801-T1;GlimmerHMM}
293028	293145	internal+	1	1	{GeneMark_model.4056_t;GeneMark},{Augustus_model.g3157.t1;Augustus},{GlimmerHMM_glimmerT_3801-T1;GlimmerHMM}
293146	293223	INTRON			{GeneMark_model.4056_t;GeneMark},{Augustus_model.g3157.t1;Augustus}
293224	293426	internal+	2	3	{GeneMark_model.4056_t;GeneMark},{Augustus_model.g3157.t1;Augustus}
293427	293515	INTRON			{GeneMark_model.4056_t;GeneMark},{Augustus_model.g3157.t1;Augustus},{GlimmerHMM_glimmerT_3801-T1;GlimmerHMM}
293516	293617	terminal+	1	3	{GeneMark_model.4056_t;GeneMark},{Augustus_model.g3157.t1;Augustus},{GlimmerHMM_glimmerT_3801-T1;GlimmerHMM}

# EVM prediction: Mode:STANDARD S-ratio: 5.13 293765-296714 orient(-) score(10095.00) noncoding_equivalent(1967.00) raw_noncoding(2821.00) offset(854.00)
294922	293765	terminal-	4	6	{GeneMark_model.4057_t;GeneMark},{Augustus_model.g3158.t1;Augustus},{GlimmerHMM_glimmerT_3802-T1;GlimmerHMM}
294988	294923	INTRON			{GeneMark_model.4057_t;GeneMark},{Augustus_model.g3158.t1;Augustus},{GlimmerHMM_glimmerT_3802-T1;GlimmerHMM}
295372	294989	internal-	4	6	{Augustus_model.g3158.t1;Augustus},{GlimmerHMM_glimmerT_3802-T1;GlimmerHMM}
295797	295373	INTRON			{Augustus_model.g3158.t1;Augustus},{GlimmerHMM_glimmerT_3802-T1;GlimmerHMM}
296032	295798	internal-	6	6	{Augustus_model.g3158.t1;Augustus},{GlimmerHMM_glimmerT_3802-T1;GlimmerHMM}
296103	296033	INTRON			{Augustus_model.g3158.t1;Augustus},{GeneMark_model.4058_t;GeneMark},{GlimmerHMM_glimmerT_3802-T1;GlimmerHMM}
296714	296104	initial-	4	5	{Augustus_model.g3158.t1;Augustus}

# EVM prediction: Mode:STANDARD S-ratio: 3.58 296953-297873 orient(-) score(5617.00) noncoding_equivalent(1567.66) raw_noncoding(2802.00) offset(1234.34)
297056	296953	terminal-	5	6	{GeneMark_model.4059_t;GeneMark},{HiQ_model.g3159.t1;HiQ},{GlimmerHMM_glimmerT_3803-T1;GlimmerHMM}
297142	297057	INTRON			{GeneMark_model.4059_t;GeneMark},{HiQ_model.g3159.t1;HiQ},{GlimmerHMM_glimmerT_3803-T1;GlimmerHMM},{ev_type:exonerate/ID=match.2566964.3639/Target=lcl|BJWK01000011_1_prot_GEM10620_1_4637;exonerate},{ev_type:exonerate/ID=match.2566964.3636/Target=lcl|PJQD01000050_1_prot_POY72302_1_4972;exonerate},{ev_type:exonerate/ID=match.2566964.3637/Target=lcl|LCTV02000006_1_prot_PRQ74206_1_6191;exonerate}
297169	297143	internal-	5	4	{GeneMark_model.4059_t;GeneMark},{HiQ_model.g3159.t1;HiQ},{GlimmerHMM_glimmerT_3803-T1;GlimmerHMM},{ev_type:exonerate/ID=match.2566964.3639/Target=lcl|BJWK01000011_1_prot_GEM10620_1_4637;exonerate},{ev_type:exonerate/ID=match.2566964.3636/Target=lcl|PJQD01000050_1_prot_POY72302_1_4972;exonerate},{ev_type:exonerate/ID=match.2566964.3637/Target=lcl|LCTV02000006_1_prot_PRQ74206_1_6191;exonerate}
297276	297170	INTRON			{GeneMark_model.4059_t;GeneMark},{HiQ_model.g3159.t1;HiQ},{GlimmerHMM_glimmerT_3803-T1;GlimmerHMM},{ev_type:exonerate/ID=match.2566964.3639/Target=lcl|BJWK01000011_1_prot_GEM10620_1_4637;exonerate},{ev_type:exonerate/ID=match.2566964.3636/Target=lcl|PJQD01000050_1_prot_POY72302_1_4972;exonerate},{ev_type:exonerate/ID=match.2566964.3637/Target=lcl|LCTV02000006_1_prot_PRQ74206_1_6191;exonerate}
297365	297277	internal-	6	4	{GeneMark_model.4059_t;GeneMark},{HiQ_model.g3159.t1;HiQ},{ev_type:exonerate/ID=match.2566964.3637/Target=lcl|LCTV02000006_1_prot_PRQ74206_1_6191;exonerate}
297523	297366	INTRON			{HiQ_model.g3159.t1;HiQ},{ev_type:exonerate/ID=match.2566964.3637/Target=lcl|LCTV02000006_1_prot_PRQ74206_1_6191;exonerate}
297579	297524	internal-	4	5	{GeneMark_model.4059_t;GeneMark},{HiQ_model.g3159.t1;HiQ},{ev_type:exonerate/ID=match.2566964.3639/Target=lcl|BJWK01000011_1_prot_GEM10620_1_4637;exonerate},{ev_type:exonerate/ID=match.2566964.3636/Target=lcl|PJQD01000050_1_prot_POY72302_1_4972;exonerate},{ev_type:exonerate/ID=match.2566964.3637/Target=lcl|LCTV02000006_1_prot_PRQ74206_1_6191;exonerate}
297657	297580	INTRON			{GeneMark_model.4059_t;GeneMark},{HiQ_model.g3159.t1;HiQ},{ev_type:exonerate/ID=match.2566964.3639/Target=lcl|BJWK01000011_1_prot_GEM10620_1_4637;exonerate},{ev_type:exonerate/ID=match.2566964.3636/Target=lcl|PJQD01000050_1_prot_POY72302_1_4972;exonerate},{ev_type:exonerate/ID=match.2566964.3637/Target=lcl|LCTV02000006_1_prot_PRQ74206_1_6191;exonerate}
297873	297658	initial-	4	6	{GeneMark_model.4059_t;GeneMark},{HiQ_model.g3159.t1;HiQ},{GlimmerHMM_glimmerT_3803-T1;GlimmerHMM}

# EVM prediction: Mode:STANDARD S-ratio: 3.59 298723-300893 orient(+) score(9332.00) noncoding_equivalent(2600.22) raw_noncoding(2981.00) offset(380.78)
298723	298949	initial+	1	2	{GlimmerHMM_glimmerT_3804-T1;GlimmerHMM},{GeneMark_model.4060_t;GeneMark},{Augustus_model.g3160.t1;Augustus}
298950	299011	INTRON			{GlimmerHMM_glimmerT_3804-T1;GlimmerHMM},{GeneMark_model.4060_t;GeneMark},{Augustus_model.g3160.t1;Augustus},{ev_type:exonerate/ID=match.2566964.2701/Target=lcl|PJQD01000050_1_prot_POY72303_1_4973;exonerate}
299012	299142	internal+	3	1	{GlimmerHMM_glimmerT_3804-T1;GlimmerHMM},{GeneMark_model.4060_t;GeneMark},{Augustus_model.g3160.t1;Augustus},{ev_type:exonerate/ID=match.2566964.2701/Target=lcl|PJQD01000050_1_prot_POY72303_1_4973;exonerate}
299143	299222	INTRON			{GlimmerHMM_glimmerT_3804-T1;GlimmerHMM},{GeneMark_model.4060_t;GeneMark},{Augustus_model.g3160.t1;Augustus},{ev_type:exonerate/ID=match.2566964.2701/Target=lcl|PJQD01000050_1_prot_POY72303_1_4973;exonerate}
299223	299368	internal+	2	3	{GlimmerHMM_glimmerT_3804-T1;GlimmerHMM},{GeneMark_model.4060_t;GeneMark},{Augustus_model.g3160.t1;Augustus},{ev_type:exonerate/ID=match.2566964.2701/Target=lcl|PJQD01000050_1_prot_POY72303_1_4973;exonerate}
299369	299483	INTRON			{GlimmerHMM_glimmerT_3804-T1;GlimmerHMM},{GeneMark_model.4060_t;GeneMark},{Augustus_model.g3160.t1;Augustus},{ev_type:exonerate/ID=match.2566964.2701/Target=lcl|PJQD01000050_1_prot_POY72303_1_4973;exonerate}
299484	300053	internal+	1	3	{GlimmerHMM_glimmerT_3804-T1;GlimmerHMM},{GeneMark_model.4060_t;GeneMark},{Augustus_model.g3160.t1;Augustus},{ev_type:exonerate/ID=match.2566964.2701/Target=lcl|PJQD01000050_1_prot_POY72303_1_4973;exonerate}
300054	300181	INTRON			{GlimmerHMM_glimmerT_3804-T1;GlimmerHMM},{GeneMark_model.4060_t;GeneMark},{Augustus_model.g3160.t1;Augustus},{ev_type:exonerate/ID=match.2566964.2701/Target=lcl|PJQD01000050_1_prot_POY72303_1_4973;exonerate}
300182	300284	internal+	1	1	{GlimmerHMM_glimmerT_3804-T1;GlimmerHMM},{GeneMark_model.4060_t;GeneMark},{Augustus_model.g3160.t1;Augustus},{ev_type:exonerate/ID=match.2566964.2701/Target=lcl|PJQD01000050_1_prot_POY72303_1_4973;exonerate}
300285	300363	INTRON			{GlimmerHMM_glimmerT_3804-T1;GlimmerHMM},{GeneMark_model.4060_t;GeneMark},{Augustus_model.g3160.t1;Augustus},{ev_type:exonerate/ID=match.2566964.2701/Target=lcl|PJQD01000050_1_prot_POY72303_1_4973;exonerate}
300364	300435	internal+	2	1	{GlimmerHMM_glimmerT_3804-T1;GlimmerHMM},{GeneMark_model.4060_t;GeneMark},{Augustus_model.g3160.t1;Augustus},{ev_type:exonerate/ID=match.2566964.2701/Target=lcl|PJQD01000050_1_prot_POY72303_1_4973;exonerate}
300436	300507	INTRON			{GlimmerHMM_glimmerT_3804-T1;GlimmerHMM},{GeneMark_model.4060_t;GeneMark},{Augustus_model.g3160.t1;Augustus},{ev_type:exonerate/ID=match.2566964.2701/Target=lcl|PJQD01000050_1_prot_POY72303_1_4973;exonerate}
300508	300688	internal+	2	2	{GlimmerHMM_glimmerT_3804-T1;GlimmerHMM},{GeneMark_model.4060_t;GeneMark},{Augustus_model.g3160.t1;Augustus}
300689	300760	INTRON			{GlimmerHMM_glimmerT_3804-T1;GlimmerHMM},{GeneMark_model.4060_t;GeneMark},{Augustus_model.g3160.t1;Augustus}
300761	300893	terminal+	3	3	{GlimmerHMM_glimmerT_3804-T1;GlimmerHMM},{GeneMark_model.4060_t;GeneMark},{Augustus_model.g3160.t1;Augustus}

# EVM prediction: Mode:STANDARD S-ratio: 5.13 305043-306762 orient(+) score(5760.00) noncoding_equivalent(1122.17) raw_noncoding(1432.58) offset(310.40)
305043	305051	initial+	1	3	{snap_scaffold_9-snap.135-T1;snap},{GeneMark_model.4061_t;GeneMark}
305052	305098	INTRON			{snap_scaffold_9-snap.135-T1;snap},{GeneMark_model.4061_t;GeneMark}
305099	306059	internal+	1	1	{Augustus_model.g3161.t1;Augustus},{GeneMark_model.4061_t;GeneMark}
306060	306127	INTRON			{Augustus_model.g3161.t1;Augustus},{GeneMark_model.4061_t;GeneMark},{GlimmerHMM_glimmerT_3805-T1;GlimmerHMM}
306128	306688	internal+	2	1	{Augustus_model.g3161.t1;Augustus},{GeneMark_model.4061_t;GeneMark}
306689	306754	INTRON			{GeneMark_model.4061_t;GeneMark}
306755	306762	terminal+	2	3	{GeneMark_model.4061_t;GeneMark}

# EVM prediction: Mode:STANDARD S-ratio: 2.69 307187-309225 orient(+) score(6283.00) noncoding_equivalent(2331.64) raw_noncoding(2715.30) offset(383.66)
307187	307604	initial+	1	1	{GeneMark_model.4062_t;GeneMark}
307605	307687	INTRON			{GeneMark_model.4062_t;GeneMark},{GlimmerHMM_glimmerT_3805-T1;GlimmerHMM}
307688	307851	internal+	2	3	{Augustus_model.g3161.t1;Augustus},{GeneMark_model.4062_t;GeneMark},{GlimmerHMM_glimmerT_3805-T1;GlimmerHMM}
307852	307915	INTRON			{Augustus_model.g3161.t1;Augustus},{GeneMark_model.4062_t;GeneMark},{GlimmerHMM_glimmerT_3805-T1;GlimmerHMM}
307916	308149	internal+	1	3	{Augustus_model.g3161.t1;Augustus},{GeneMark_model.4062_t;GeneMark},{GlimmerHMM_glimmerT_3805-T1;GlimmerHMM}
308150	308205	INTRON			{Augustus_model.g3161.t1;Augustus},{GeneMark_model.4062_t;GeneMark},{GlimmerHMM_glimmerT_3805-T1;GlimmerHMM}
308206	308710	internal+	1	1	{Augustus_model.g3161.t1;Augustus},{GeneMark_model.4062_t;GeneMark},{GlimmerHMM_glimmerT_3805-T1;GlimmerHMM}
308711	308769	INTRON			{Augustus_model.g3161.t1;Augustus},{GeneMark_model.4062_t;GeneMark},{GlimmerHMM_glimmerT_3805-T1;GlimmerHMM}
308770	308930	internal+	2	3	{Augustus_model.g3161.t1;Augustus},{GeneMark_model.4062_t;GeneMark},{GlimmerHMM_glimmerT_3805-T1;GlimmerHMM}
308931	308991	INTRON			{Augustus_model.g3161.t1;Augustus},{GeneMark_model.4062_t;GeneMark},{GlimmerHMM_glimmerT_3805-T1;GlimmerHMM}
308992	309225	terminal+	1	3	{Augustus_model.g3161.t1;Augustus},{GeneMark_model.4062_t;GeneMark},{snap_scaffold_9-snap.137-T1;snap},{GlimmerHMM_glimmerT_3805-T1;GlimmerHMM}

# EVM prediction: Mode:STANDARD S-ratio: 3.23 309394-310516 orient(-) score(3807.00) noncoding_equivalent(1180.27) raw_noncoding(1453.00) offset(272.73)
309847	309394	terminal-	6	6	{GeneMark_model.4063_t;GeneMark},{Augustus_model.g3162.t1;Augustus},{GlimmerHMM_glimmerT_3806-T1;GlimmerHMM}
309909	309848	INTRON			{GeneMark_model.4063_t;GeneMark},{Augustus_model.g3162.t1;Augustus},{GlimmerHMM_glimmerT_3806-T1;GlimmerHMM}
309986	309910	internal-	4	5	{GeneMark_model.4063_t;GeneMark},{Augustus_model.g3162.t1;Augustus},{GlimmerHMM_glimmerT_3806-T1;GlimmerHMM}
310053	309987	INTRON			{GeneMark_model.4063_t;GeneMark},{Augustus_model.g3162.t1;Augustus},{GlimmerHMM_glimmerT_3806-T1;GlimmerHMM}
310104	310054	internal-	4	6	{GeneMark_model.4063_t;GeneMark},{Augustus_model.g3162.t1;Augustus},{GlimmerHMM_glimmerT_3806-T1;GlimmerHMM}
310175	310105	INTRON			{GeneMark_model.4063_t;GeneMark},{Augustus_model.g3162.t1;Augustus},{GlimmerHMM_glimmerT_3806-T1;GlimmerHMM}
310289	310176	internal-	4	6	{GeneMark_model.4063_t;GeneMark},{Augustus_model.g3162.t1;Augustus},{GlimmerHMM_glimmerT_3806-T1;GlimmerHMM}
310345	310290	INTRON			{GeneMark_model.4063_t;GeneMark},{Augustus_model.g3162.t1;Augustus},{GlimmerHMM_glimmerT_3806-T1;GlimmerHMM}
310516	310346	initial-	4	6	{GeneMark_model.4063_t;GeneMark},{Augustus_model.g3162.t1;Augustus},{GlimmerHMM_glimmerT_3806-T1;GlimmerHMM}

# EVM prediction: Mode:STANDARD S-ratio: 6.71 311840-315668 orient(+) score(13889.00) noncoding_equivalent(2069.58) raw_noncoding(2596.00) offset(526.42)
311840	312074	initial+	1	1	{GeneMark_model.4064_t;GeneMark},{Augustus_model.g3163.t1;Augustus},{GlimmerHMM_glimmerT_3807-T1;GlimmerHMM}
312075	312160	INTRON			{GeneMark_model.4064_t;GeneMark},{Augustus_model.g3163.t1;Augustus},{GlimmerHMM_glimmerT_3807-T1;GlimmerHMM}
312161	312364	internal+	2	1	{GeneMark_model.4064_t;GeneMark},{Augustus_model.g3163.t1;Augustus}
312365	312429	INTRON			{GeneMark_model.4064_t;GeneMark},{Augustus_model.g3163.t1;Augustus}
312430	312512	internal+	2	3	{GeneMark_model.4064_t;GeneMark},{Augustus_model.g3163.t1;Augustus}
312513	312580	INTRON			{GeneMark_model.4064_t;GeneMark},{Augustus_model.g3163.t1;Augustus}
312581	312680	internal+	1	1	{GeneMark_model.4064_t;GeneMark},{Augustus_model.g3163.t1;Augustus},{GlimmerHMM_glimmerT_3807-T1;GlimmerHMM}
312681	312742	INTRON			{GeneMark_model.4064_t;GeneMark},{Augustus_model.g3163.t1;Augustus},{GlimmerHMM_glimmerT_3807-T1;GlimmerHMM}
312743	312822	internal+	2	3	{GeneMark_model.4064_t;GeneMark},{Augustus_model.g3163.t1;Augustus},{GlimmerHMM_glimmerT_3807-T1;GlimmerHMM}
312823	312884	INTRON			{GeneMark_model.4064_t;GeneMark},{Augustus_model.g3163.t1;Augustus},{GlimmerHMM_glimmerT_3807-T1;GlimmerHMM}
312885	312977	internal+	1	3	{GeneMark_model.4064_t;GeneMark},{Augustus_model.g3163.t1;Augustus},{GlimmerHMM_glimmerT_3807-T1;GlimmerHMM}
312978	313039	INTRON			{GeneMark_model.4064_t;GeneMark},{Augustus_model.g3163.t1;Augustus},{GlimmerHMM_glimmerT_3807-T1;GlimmerHMM}
313040	313196	internal+	1	1	{GeneMark_model.4064_t;GeneMark},{Augustus_model.g3163.t1;Augustus},{GlimmerHMM_glimmerT_3807-T1;GlimmerHMM}
313197	313257	INTRON			{GeneMark_model.4064_t;GeneMark},{Augustus_model.g3163.t1;Augustus},{GlimmerHMM_glimmerT_3807-T1;GlimmerHMM}
313258	315668	terminal+	2	3	{GeneMark_model.4064_t;GeneMark},{Augustus_model.g3163.t1;Augustus},{GlimmerHMM_glimmerT_3807-T1;GlimmerHMM}

# EVM prediction: Mode:STANDARD S-ratio: 24.98 316392-318600 orient(+) score(14418.00) noncoding_equivalent(577.30) raw_noncoding(652.00) offset(74.70)
316392	316644	initial+	1	1	{GlimmerHMM_glimmerT_3808-T1;GlimmerHMM},{Augustus_model.g3164.t1;Augustus},{GeneMark_model.4065_t;GeneMark}
316645	316714	INTRON			{GlimmerHMM_glimmerT_3808-T1;GlimmerHMM},{Augustus_model.g3164.t1;Augustus},{GeneMark_model.4065_t;GeneMark},{ev_type:exonerate/ID=match.2566964.3507/Target=lcl|KQ954469_1_prot_KWU45989_1_1706;exonerate},{ev_type:exonerate/ID=match.2566964.3529/Target=lcl|NW_017264937_1_prot_XP_018269602_1_5005;exonerate},{ev_type:exonerate/ID=match.2566964.3503/Target=lcl|PJQD01000050_1_prot_POY72309_1_4979;exonerate}
316715	318600	terminal+	2	3	{GlimmerHMM_glimmerT_3808-T1;GlimmerHMM},{Augustus_model.g3164.t1;Augustus},{GeneMark_model.4065_t;GeneMark}

# EVM prediction: Mode:STANDARD S-ratio: 3.55 318959-322546 orient(+) score(11935.00) noncoding_equivalent(3358.44) raw_noncoding(3932.97) offset(574.53)
318959	319211	initial+	1	1	{GlimmerHMM_glimmerT_3809-T1;GlimmerHMM},{GeneMark_model.4066_t;GeneMark},{Augustus_model.g3165.t1;Augustus}
319212	319272	INTRON			{GlimmerHMM_glimmerT_3809-T1;GlimmerHMM},{GeneMark_model.4066_t;GeneMark},{Augustus_model.g3165.t1;Augustus}
319273	319571	internal+	2	3	{GlimmerHMM_glimmerT_3809-T1;GlimmerHMM},{GeneMark_model.4066_t;GeneMark},{Augustus_model.g3165.t1;Augustus}
319572	319636	INTRON			{GlimmerHMM_glimmerT_3809-T1;GlimmerHMM},{GeneMark_model.4066_t;GeneMark},{Augustus_model.g3165.t1;Augustus}
319637	320450	internal+	1	1	{GlimmerHMM_glimmerT_3809-T1;GlimmerHMM},{GeneMark_model.4066_t;GeneMark},{Augustus_model.g3165.t1;Augustus}
320451	320510	INTRON			{GlimmerHMM_glimmerT_3809-T1;GlimmerHMM},{GeneMark_model.4066_t;GeneMark},{Augustus_model.g3165.t1;Augustus}
320511	321036	internal+	2	2	{GlimmerHMM_glimmerT_3809-T1;GlimmerHMM},{GeneMark_model.4066_t;GeneMark},{Augustus_model.g3165.t1;Augustus}
321037	321091	INTRON			{GlimmerHMM_glimmerT_3809-T1;GlimmerHMM},{GeneMark_model.4066_t;GeneMark},{Augustus_model.g3165.t1;Augustus}
321092	321329	internal+	3	3	{GlimmerHMM_glimmerT_3809-T1;GlimmerHMM},{GeneMark_model.4066_t;GeneMark},{Augustus_model.g3165.t1;Augustus}
321330	321391	INTRON			{GlimmerHMM_glimmerT_3809-T1;GlimmerHMM},{GeneMark_model.4066_t;GeneMark},{Augustus_model.g3165.t1;Augustus}
321392	321481	internal+	1	3	{GlimmerHMM_glimmerT_3809-T1;GlimmerHMM},{GeneMark_model.4066_t;GeneMark},{Augustus_model.g3165.t1;Augustus}
321482	321545	INTRON			{GlimmerHMM_glimmerT_3809-T1;GlimmerHMM},{GeneMark_model.4066_t;GeneMark},{Augustus_model.g3165.t1;Augustus}
321546	321667	internal+	1	2	{GlimmerHMM_glimmerT_3809-T1;GlimmerHMM},{GeneMark_model.4066_t;GeneMark},{Augustus_model.g3165.t1;Augustus}
321668	321725	INTRON			{GlimmerHMM_glimmerT_3809-T1;GlimmerHMM},{GeneMark_model.4066_t;GeneMark},{Augustus_model.g3165.t1;Augustus}
321726	321876	internal+	3	3	{GlimmerHMM_glimmerT_3809-T1;GlimmerHMM},{GeneMark_model.4066_t;GeneMark},{Augustus_model.g3165.t1;Augustus}
321877	321933	INTRON			{GlimmerHMM_glimmerT_3809-T1;GlimmerHMM},{GeneMark_model.4066_t;GeneMark}
321934	322155	internal+	1	3	{GlimmerHMM_glimmerT_3809-T1;GlimmerHMM},{GeneMark_model.4066_t;GeneMark}
322156	322219	INTRON			{GlimmerHMM_glimmerT_3809-T1;GlimmerHMM},{GeneMark_model.4066_t;GeneMark},{Augustus_model.g3165.t1;Augustus}
322220	322546	terminal+	1	3	{GlimmerHMM_glimmerT_3809-T1;GlimmerHMM},{Augustus_model.g3165.t1;Augustus}

# EVM prediction: Mode:STANDARD S-ratio: 1.87 323031-325515 orient(-) score(6546.00) noncoding_equivalent(3508.43) raw_noncoding(3803.95) offset(295.52)
323034	323031	terminal-	6	6	{GlimmerHMM_glimmerT_3810-T1;GlimmerHMM},{GeneMark_model.4067_t;GeneMark}
323119	323035	INTRON			{GlimmerHMM_glimmerT_3810-T1;GlimmerHMM},{GeneMark_model.4067_t;GeneMark}
323538	323120	internal-	4	5	{GeneMark_model.4067_t;GeneMark}
323596	323539	INTRON			{Augustus_model.g3166.t1;Augustus},{GeneMark_model.4067_t;GeneMark}
324874	323597	internal-	4	6	{Augustus_model.g3166.t1;Augustus},{GeneMark_model.4067_t;GeneMark}
324933	324875	INTRON			{GlimmerHMM_glimmerT_3810-T1;GlimmerHMM},{Augustus_model.g3166.t1;Augustus},{GeneMark_model.4067_t;GeneMark}
325515	324934	initial-	4	6	{GlimmerHMM_glimmerT_3810-T1;GlimmerHMM}

# EVM prediction: Mode:STANDARD S-ratio: 6.99 326643-330524 orient(-) score(17625.00) noncoding_equivalent(2523.08) raw_noncoding(2884.01) offset(360.93)
327584	326643	terminal-	4	6	{GeneMark_model.4068_t;GeneMark},{GlimmerHMM_glimmerT_3811-T1;GlimmerHMM}
327651	327585	INTRON			{GeneMark_model.4068_t;GeneMark},{Augustus_model.g3166.t1;Augustus},{GlimmerHMM_glimmerT_3811-T1;GlimmerHMM},{ev_type:exonerate/ID=match.2566964.3494/Target=lcl|PJQD01000050_1_prot_POY72312_1_4982;exonerate}
327880	327652	internal-	6	6	{GeneMark_model.4068_t;GeneMark},{Augustus_model.g3166.t1;Augustus},{GlimmerHMM_glimmerT_3811-T1;GlimmerHMM},{ev_type:exonerate/ID=match.2566964.3494/Target=lcl|PJQD01000050_1_prot_POY72312_1_4982;exonerate}
327948	327881	INTRON			{GeneMark_model.4068_t;GeneMark},{Augustus_model.g3166.t1;Augustus},{GlimmerHMM_glimmerT_3811-T1;GlimmerHMM},{ev_type:exonerate/ID=match.2566964.3494/Target=lcl|PJQD01000050_1_prot_POY72312_1_4982;exonerate}
328628	327949	internal-	4	5	{GeneMark_model.4068_t;GeneMark},{Augustus_model.g3166.t1;Augustus},{GlimmerHMM_glimmerT_3811-T1;GlimmerHMM},{ev_type:exonerate/ID=match.2566964.3494/Target=lcl|PJQD01000050_1_prot_POY72312_1_4982;exonerate}
328696	328629	INTRON			{GeneMark_model.4068_t;GeneMark},{Augustus_model.g3166.t1;Augustus},{GlimmerHMM_glimmerT_3811-T1;GlimmerHMM},{ev_type:exonerate/ID=match.2566964.3494/Target=lcl|PJQD01000050_1_prot_POY72312_1_4982;exonerate}
328921	328697	internal-	4	6	{GeneMark_model.4068_t;GeneMark},{Augustus_model.g3166.t1;Augustus},{GlimmerHMM_glimmerT_3811-T1;GlimmerHMM},{ev_type:exonerate/ID=match.2566964.3494/Target=lcl|PJQD01000050_1_prot_POY72312_1_4982;exonerate}
328983	328922	INTRON			{GeneMark_model.4068_t;GeneMark},{Augustus_model.g3166.t1;Augustus},{GlimmerHMM_glimmerT_3811-T1;GlimmerHMM},{ev_type:exonerate/ID=match.2566964.3494/Target=lcl|PJQD01000050_1_prot_POY72312_1_4982;exonerate}
329193	328984	internal-	4	6	{GeneMark_model.4068_t;GeneMark},{Augustus_model.g3166.t1;Augustus},{GlimmerHMM_glimmerT_3811-T1;GlimmerHMM},{ev_type:exonerate/ID=match.2566964.3494/Target=lcl|PJQD01000050_1_prot_POY72312_1_4982;exonerate}
329254	329194	INTRON			{GeneMark_model.4068_t;GeneMark},{Augustus_model.g3166.t1;Augustus},{GlimmerHMM_glimmerT_3811-T1;GlimmerHMM},{ev_type:exonerate/ID=match.2566964.3494/Target=lcl|PJQD01000050_1_prot_POY72312_1_4982;exonerate}
329755	329255	internal-	4	6	{GeneMark_model.4068_t;GeneMark},{Augustus_model.g3166.t1;Augustus},{GlimmerHMM_glimmerT_3811-T1;GlimmerHMM},{ev_type:exonerate/ID=match.2566964.3494/Target=lcl|PJQD01000050_1_prot_POY72312_1_4982;exonerate}
329813	329756	INTRON			{GeneMark_model.4068_t;GeneMark},{Augustus_model.g3166.t1;Augustus},{GlimmerHMM_glimmerT_3811-T1;GlimmerHMM},{ev_type:exonerate/ID=match.2566964.3494/Target=lcl|PJQD01000050_1_prot_POY72312_1_4982;exonerate}
330524	329814	initial-	4	6	{GeneMark_model.4068_t;GeneMark},{Augustus_model.g3166.t1;Augustus},{GlimmerHMM_glimmerT_3811-T1;GlimmerHMM}

# EVM prediction: Mode:STANDARD S-ratio: 1.59 331488-332123 orient(+) score(1908.00) noncoding_equivalent(1200.22) raw_noncoding(1493.47) offset(293.25)
331488	331694	initial+	1	3	{GlimmerHMM_glimmerT_3812-T1;GlimmerHMM},{GeneMark_model.4069_t;GeneMark},{Augustus_model.g3167.t1;Augustus}
331695	331827	INTRON			{GlimmerHMM_glimmerT_3812-T1;GlimmerHMM},{GeneMark_model.4069_t;GeneMark},{Augustus_model.g3167.t1;Augustus}
331828	331905	internal+	1	3	{GlimmerHMM_glimmerT_3812-T1;GlimmerHMM},{GeneMark_model.4069_t;GeneMark},{Augustus_model.g3167.t1;Augustus}
331906	331986	INTRON			{GlimmerHMM_glimmerT_3812-T1;GlimmerHMM},{GeneMark_model.4069_t;GeneMark},{Augustus_model.g3167.t1;Augustus}
331987	332017	internal+	1	1	{GlimmerHMM_glimmerT_3812-T1;GlimmerHMM},{GeneMark_model.4069_t;GeneMark},{Augustus_model.g3167.t1;Augustus}
332018	332091	INTRON			{GlimmerHMM_glimmerT_3812-T1;GlimmerHMM},{GeneMark_model.4069_t;GeneMark},{Augustus_model.g3167.t1;Augustus}
332092	332123	terminal+	2	3	{GlimmerHMM_glimmerT_3812-T1;GlimmerHMM},{GeneMark_model.4069_t;GeneMark},{Augustus_model.g3167.t1;Augustus}

# EVM prediction: Mode:STANDARD S-ratio: 3.76 332412-333665 orient(+) score(4061.00) noncoding_equivalent(1080.71) raw_noncoding(1397.59) offset(316.88)
332412	332477	initial+	1	3	{Augustus_model.g3168.t1;Augustus},{GeneMark_model.4070_t;GeneMark}
332478	332562	INTRON			{Augustus_model.g3168.t1;Augustus},{GeneMark_model.4070_t;GeneMark}
332563	332734	internal+	1	1	{Augustus_model.g3168.t1;Augustus},{GeneMark_model.4070_t;GeneMark}
332735	332807	INTRON			{Augustus_model.g3168.t1;Augustus},{GeneMark_model.4070_t;GeneMark}
332808	332985	internal+	2	2	{Augustus_model.g3168.t1;Augustus},{GeneMark_model.4070_t;GeneMark}
332986	333052	INTRON			{Augustus_model.g3168.t1;Augustus},{GeneMark_model.4070_t;GeneMark},{GlimmerHMM_glimmerT_3813-T1;GlimmerHMM}
333053	333665	terminal+	3	3	{Augustus_model.g3168.t1;Augustus},{snap_scaffold_9-snap.146-T1;snap},{GeneMark_model.4070_t;GeneMark},{GlimmerHMM_glimmerT_3813-T1;GlimmerHMM}

# EVM prediction: Mode:STANDARD S-ratio: 2.20 333795-335229 orient(-) score(4305.00) noncoding_equivalent(1959.00) raw_noncoding(2239.00) offset(280.00)
333969	333795	terminal-	6	6	{Augustus_model.g3169.t1;Augustus},{GeneMark_model.4071_t;GeneMark},{GlimmerHMM_glimmerT_3814-T1;GlimmerHMM}
334056	333970	INTRON			{Augustus_model.g3169.t1;Augustus},{GeneMark_model.4071_t;GeneMark},{GlimmerHMM_glimmerT_3814-T1;GlimmerHMM}
334208	334057	internal-	4	5	{Augustus_model.g3169.t1;Augustus},{GeneMark_model.4071_t;GeneMark},{GlimmerHMM_glimmerT_3814-T1;GlimmerHMM}
334324	334209	INTRON			{Augustus_model.g3169.t1;Augustus},{GeneMark_model.4071_t;GeneMark},{GlimmerHMM_glimmerT_3814-T1;GlimmerHMM}
334665	334325	internal-	5	6	{Augustus_model.g3169.t1;Augustus},{GeneMark_model.4071_t;GeneMark},{GlimmerHMM_glimmerT_3814-T1;GlimmerHMM}
334730	334666	INTRON			{Augustus_model.g3169.t1;Augustus},{GeneMark_model.4071_t;GeneMark},{GlimmerHMM_glimmerT_3814-T1;GlimmerHMM}
335229	334731	initial-	4	4	{Augustus_model.g3169.t1;Augustus},{GeneMark_model.4071_t;GeneMark},{GlimmerHMM_glimmerT_3814-T1;GlimmerHMM}

# EVM prediction: Mode:STANDARD S-ratio: 6.91 335349-338337 orient(+) score(10440.00) noncoding_equivalent(1509.92) raw_noncoding(1997.00) offset(487.08)
335349	335386	initial+	1	2	{GeneMark_model.4072_t;GeneMark},{Augustus_model.g3170.t1;Augustus}
335387	335501	INTRON			{GeneMark_model.4072_t;GeneMark},{Augustus_model.g3170.t1;Augustus}
335502	335780	internal+	3	2	{GeneMark_model.4072_t;GeneMark},{Augustus_model.g3170.t1;Augustus}
335781	335844	INTRON			{GeneMark_model.4072_t;GeneMark},{Augustus_model.g3170.t1;Augustus}
335845	335932	internal+	3	3	{GeneMark_model.4072_t;GeneMark},{Augustus_model.g3170.t1;Augustus}
335933	335992	INTRON			{GeneMark_model.4072_t;GeneMark},{Augustus_model.g3170.t1;Augustus}
335993	336253	internal+	1	3	{GeneMark_model.4072_t;GeneMark},{Augustus_model.g3170.t1;Augustus}
336254	336333	INTRON			{GeneMark_model.4072_t;GeneMark},{Augustus_model.g3170.t1;Augustus}
336334	338337	terminal+	1	3	{GeneMark_model.4072_t;GeneMark},{Augustus_model.g3170.t1;Augustus}

# EVM prediction: Mode:STANDARD S-ratio: 2.50 338817-341736 orient(+) score(9018.00) noncoding_equivalent(3601.20) raw_noncoding(4042.00) offset(440.80)
338817	339313	initial+	1	2	{GlimmerHMM_glimmerT_3816-T1;GlimmerHMM},{GeneMark_model.4073_t;GeneMark},{Augustus_model.g3171.t1;Augustus}
339314	339381	INTRON			{GlimmerHMM_glimmerT_3816-T1;GlimmerHMM},{GeneMark_model.4073_t;GeneMark},{Augustus_model.g3171.t1;Augustus}
339382	339787	internal+	3	3	{GlimmerHMM_glimmerT_3816-T1;GlimmerHMM},{GeneMark_model.4073_t;GeneMark},{Augustus_model.g3171.t1;Augustus}
339788	339847	INTRON			{GlimmerHMM_glimmerT_3816-T1;GlimmerHMM},{GeneMark_model.4073_t;GeneMark},{Augustus_model.g3171.t1;Augustus}
339848	340679	internal+	1	1	{GlimmerHMM_glimmerT_3816-T1;GlimmerHMM},{GeneMark_model.4073_t;GeneMark},{Augustus_model.g3171.t1;Augustus}
340680	340738	INTRON			{GlimmerHMM_glimmerT_3816-T1;GlimmerHMM},{GeneMark_model.4073_t;GeneMark},{Augustus_model.g3171.t1;Augustus}
340739	340863	internal+	2	3	{GlimmerHMM_glimmerT_3816-T1;GlimmerHMM},{GeneMark_model.4073_t;GeneMark},{Augustus_model.g3171.t1;Augustus}
340864	340931	INTRON			{GlimmerHMM_glimmerT_3816-T1;GlimmerHMM},{GeneMark_model.4073_t;GeneMark},{Augustus_model.g3171.t1;Augustus}
340932	340994	internal+	1	3	{GlimmerHMM_glimmerT_3816-T1;GlimmerHMM},{GeneMark_model.4073_t;GeneMark},{Augustus_model.g3171.t1;Augustus}
340995	341059	INTRON			{GlimmerHMM_glimmerT_3816-T1;GlimmerHMM},{GeneMark_model.4073_t;GeneMark},{Augustus_model.g3171.t1;Augustus}
341060	341309	internal+	1	1	{GlimmerHMM_glimmerT_3816-T1;GlimmerHMM},{GeneMark_model.4073_t;GeneMark},{Augustus_model.g3171.t1;Augustus}
341310	341393	INTRON			{GlimmerHMM_glimmerT_3816-T1;GlimmerHMM},{GeneMark_model.4073_t;GeneMark},{Augustus_model.g3171.t1;Augustus}
341394	341503	internal+	2	3	{GlimmerHMM_glimmerT_3816-T1;GlimmerHMM},{GeneMark_model.4073_t;GeneMark},{Augustus_model.g3171.t1;Augustus}
341504	341583	INTRON			{GlimmerHMM_glimmerT_3816-T1;GlimmerHMM},{GeneMark_model.4073_t;GeneMark},{Augustus_model.g3171.t1;Augustus}
341584	341736	terminal+	1	3	{GlimmerHMM_glimmerT_3816-T1;GlimmerHMM},{GeneMark_model.4073_t;GeneMark},{Augustus_model.g3171.t1;Augustus}

# EVM prediction: Mode:STANDARD S-ratio: 1.92 341948-342929 orient(-) score(2762.00) noncoding_equivalent(1436.48) raw_noncoding(1871.00) offset(434.52)
342162	341948	terminal-	5	6	{GeneMark_model.4074_t;GeneMark},{GlimmerHMM_glimmerT_3817-T1;GlimmerHMM},{Augustus_model.g3172.t1;Augustus}
342240	342163	INTRON			{GeneMark_model.4074_t;GeneMark},{GlimmerHMM_glimmerT_3817-T1;GlimmerHMM},{Augustus_model.g3172.t1;Augustus}
342451	342241	internal-	4	4	{GeneMark_model.4074_t;GeneMark},{GlimmerHMM_glimmerT_3817-T1;GlimmerHMM},{Augustus_model.g3172.t1;Augustus}
342514	342452	INTRON			{GeneMark_model.4074_t;GeneMark},{GlimmerHMM_glimmerT_3817-T1;GlimmerHMM},{Augustus_model.g3172.t1;Augustus}
342580	342515	internal-	4	6	{GeneMark_model.4074_t;GeneMark},{GlimmerHMM_glimmerT_3817-T1;GlimmerHMM},{Augustus_model.g3172.t1;Augustus}
342638	342581	INTRON			{GeneMark_model.4074_t;GeneMark},{Augustus_model.g3172.t1;Augustus}
342680	342639	internal-	4	6	{GeneMark_model.4074_t;GeneMark},{Augustus_model.g3172.t1;Augustus}
342764	342681	INTRON			{GeneMark_model.4074_t;GeneMark},{Augustus_model.g3172.t1;Augustus}
342929	342765	initial-	4	6	{GeneMark_model.4074_t;GeneMark},{GlimmerHMM_glimmerT_3817-T1;GlimmerHMM},{Augustus_model.g3172.t1;Augustus}

# EVM prediction: Mode:STANDARD S-ratio: 11.03 343229-344265 orient(+) score(3804.00) noncoding_equivalent(344.94) raw_noncoding(428.19) offset(83.25)
343229	344102	initial+	1	1	{GeneMark_model.4075_t;GeneMark},{GlimmerHMM_glimmerT_3818-T1;GlimmerHMM},{Augustus_model.g3173.t1;Augustus}
344103	344167	INTRON			{GeneMark_model.4075_t;GeneMark},{Augustus_model.g3173.t1;Augustus}
344168	344265	terminal+	2	3	{GeneMark_model.4075_t;GeneMark}

# EVM prediction: Mode:STANDARD S-ratio: 1.23 344516-345444 orient(+) score(2195.00) noncoding_equivalent(1788.43) raw_noncoding(2781.28) offset(992.85)
344516	344546	initial+	1	1	{GeneMark_model.4076_t;GeneMark}
344547	344624	INTRON			{GeneMark_model.4076_t;GeneMark}
344625	344677	internal+	2	3	{GeneMark_model.4076_t;GeneMark}
344678	344967	INTRON			{GeneMark_model.4076_t;GeneMark},{GlimmerHMM_glimmerT_3818-T1;GlimmerHMM},{Augustus_model.g3173.t1;Augustus}
344968	345098	internal+	1	2	{GeneMark_model.4076_t;GeneMark},{Augustus_model.g3173.t1;Augustus}
345099	345161	INTRON			{GeneMark_model.4076_t;GeneMark},{Augustus_model.g3173.t1;Augustus}
345162	345258	internal+	3	3	{GeneMark_model.4076_t;GeneMark}
345259	345335	INTRON			{GeneMark_model.4076_t;GeneMark}
345336	345352	internal+	1	2	{GeneMark_model.4076_t;GeneMark},{Augustus_model.g3173.t1;Augustus}
345353	345416	INTRON			{GeneMark_model.4076_t;GeneMark},{Augustus_model.g3173.t1;Augustus}
345417	345444	terminal+	3	3	{GeneMark_model.4076_t;GeneMark},{Augustus_model.g3173.t1;Augustus}

# EVM prediction: Mode:STANDARD S-ratio: 1.48 346567-348051 orient(+) score(3548.00) noncoding_equivalent(2390.26) raw_noncoding(2906.54) offset(516.28)
346567	346594	initial+	1	1	{GeneMark_model.4077_t;GeneMark}
346595	346662	INTRON			{Augustus_model.g3174.t1;Augustus},{GeneMark_model.4077_t;GeneMark}
346663	346730	internal+	2	3	{Augustus_model.g3174.t1;Augustus},{GeneMark_model.4077_t;GeneMark}
346731	346794	INTRON			{Augustus_model.g3174.t1;Augustus},{GeneMark_model.4077_t;GeneMark}
346795	346832	internal+	1	2	{Augustus_model.g3174.t1;Augustus},{GeneMark_model.4077_t;GeneMark}
346833	346892	INTRON			{Augustus_model.g3174.t1;Augustus},{GeneMark_model.4077_t;GeneMark}
346893	346984	internal+	3	1	{Augustus_model.g3174.t1;Augustus},{GeneMark_model.4077_t;GeneMark}
346985	347050	INTRON			{Augustus_model.g3174.t1;Augustus},{GeneMark_model.4077_t;GeneMark}
347051	348051	terminal+	2	3	{GlimmerHMM_glimmerT_3818-T1;GlimmerHMM},{GeneMark_model.4077_t;GeneMark}

# EVM prediction: Mode:STANDARD S-ratio: 4.46 348246-350465 orient(-) score(10642.00) noncoding_equivalent(2383.87) raw_noncoding(3483.00) offset(1099.13)
348347	348246	terminal-	4	6	{GeneMark_model.4078_t;GeneMark},{Augustus_model.g3175.t1;Augustus},{GlimmerHMM_glimmerT_3819-T1;GlimmerHMM}
348421	348348	INTRON			{GeneMark_model.4078_t;GeneMark},{Augustus_model.g3175.t1;Augustus},{ev_type:exonerate/ID=match.2566964.2709/Target=lcl|KQ954465_1_prot_KWU47165_1_587;exonerate}
348443	348422	internal-	6	6	{GeneMark_model.4078_t;GeneMark},{Augustus_model.g3175.t1;Augustus}
348531	348444	INTRON			{GeneMark_model.4078_t;GeneMark},{Augustus_model.g3175.t1;Augustus}
348538	348532	internal-	5	5	{GeneMark_model.4078_t;GeneMark},{Augustus_model.g3175.t1;Augustus}
348608	348539	INTRON			{GeneMark_model.4078_t;GeneMark},{Augustus_model.g3175.t1;Augustus}
348659	348609	internal-	5	4	{GeneMark_model.4078_t;GeneMark},{Augustus_model.g3175.t1;Augustus},{GlimmerHMM_glimmerT_3819-T1;GlimmerHMM},{ev_type:exonerate/ID=match.2566964.2709/Target=lcl|KQ954465_1_prot_KWU47165_1_587;exonerate}
348726	348660	INTRON			{GeneMark_model.4078_t;GeneMark},{Augustus_model.g3175.t1;Augustus},{ev_type:exonerate/ID=match.2566964.2709/Target=lcl|KQ954465_1_prot_KWU47165_1_587;exonerate},{ev_type:exonerate/ID=match.2566964.2711/Target=lcl|PJQD01000023_1_prot_POY74532_1_2335;exonerate}
348819	348727	internal-	5	4	{GeneMark_model.4078_t;GeneMark},{Augustus_model.g3175.t1;Augustus},{ev_type:exonerate/ID=match.2566964.2709/Target=lcl|KQ954465_1_prot_KWU47165_1_587;exonerate},{ev_type:exonerate/ID=match.2566964.2711/Target=lcl|PJQD01000023_1_prot_POY74532_1_2335;exonerate}
348894	348820	INTRON			{GeneMark_model.4078_t;GeneMark},{Augustus_model.g3175.t1;Augustus},{ev_type:exonerate/ID=match.2566964.2709/Target=lcl|KQ954465_1_prot_KWU47165_1_587;exonerate},{ev_type:exonerate/ID=match.2566964.2711/Target=lcl|PJQD01000023_1_prot_POY74532_1_2335;exonerate}
349462	348895	internal-	4	4	{GeneMark_model.4078_t;GeneMark},{Augustus_model.g3175.t1;Augustus},{GlimmerHMM_glimmerT_3819-T1;GlimmerHMM},{ev_type:exonerate/ID=match.2566964.2709/Target=lcl|KQ954465_1_prot_KWU47165_1_587;exonerate},{ev_type:exonerate/ID=match.2566964.2711/Target=lcl|PJQD01000023_1_prot_POY74532_1_2335;exonerate}
349537	349463	INTRON			{GeneMark_model.4078_t;GeneMark},{Augustus_model.g3175.t1;Augustus},{GlimmerHMM_glimmerT_3819-T1;GlimmerHMM},{ev_type:exonerate/ID=match.2566964.2709/Target=lcl|KQ954465_1_prot_KWU47165_1_587;exonerate},{ev_type:exonerate/ID=match.2566964.2711/Target=lcl|PJQD01000023_1_prot_POY74532_1_2335;exonerate}
349853	349538	internal-	6	6	{GeneMark_model.4078_t;GeneMark},{Augustus_model.g3175.t1;Augustus},{GlimmerHMM_glimmerT_3819-T1;GlimmerHMM},{ev_type:exonerate/ID=match.2566964.2709/Target=lcl|KQ954465_1_prot_KWU47165_1_587;exonerate},{ev_type:exonerate/ID=match.2566964.2711/Target=lcl|PJQD01000023_1_prot_POY74532_1_2335;exonerate}
349914	349854	INTRON			{GeneMark_model.4078_t;GeneMark},{Augustus_model.g3175.t1;Augustus},{GlimmerHMM_glimmerT_3819-T1;GlimmerHMM},{ev_type:exonerate/ID=match.2566964.2709/Target=lcl|KQ954465_1_prot_KWU47165_1_587;exonerate},{ev_type:exonerate/ID=match.2566964.2711/Target=lcl|PJQD01000023_1_prot_POY74532_1_2335;exonerate}
350025	349915	internal-	6	5	{GeneMark_model.4078_t;GeneMark},{Augustus_model.g3175.t1;Augustus},{GlimmerHMM_glimmerT_3819-T1;GlimmerHMM},{ev_type:exonerate/ID=match.2566964.2709/Target=lcl|KQ954465_1_prot_KWU47165_1_587;exonerate},{ev_type:exonerate/ID=match.2566964.2711/Target=lcl|PJQD01000023_1_prot_POY74532_1_2335;exonerate}
350104	350026	INTRON			{GeneMark_model.4078_t;GeneMark},{Augustus_model.g3175.t1;Augustus},{GlimmerHMM_glimmerT_3819-T1;GlimmerHMM},{ev_type:exonerate/ID=match.2566964.2709/Target=lcl|KQ954465_1_prot_KWU47165_1_587;exonerate},{ev_type:exonerate/ID=match.2566964.2711/Target=lcl|PJQD01000023_1_prot_POY74532_1_2335;exonerate}
350164	350105	internal-	6	5	{GeneMark_model.4078_t;GeneMark},{Augustus_model.g3175.t1;Augustus},{ev_type:exonerate/ID=match.2566964.2709/Target=lcl|KQ954465_1_prot_KWU47165_1_587;exonerate},{ev_type:exonerate/ID=match.2566964.2711/Target=lcl|PJQD01000023_1_prot_POY74532_1_2335;exonerate}
350244	350165	INTRON			{GeneMark_model.4078_t;GeneMark},{Augustus_model.g3175.t1;Augustus},{ev_type:exonerate/ID=match.2566964.2709/Target=lcl|KQ954465_1_prot_KWU47165_1_587;exonerate},{ev_type:exonerate/ID=match.2566964.2711/Target=lcl|PJQD01000023_1_prot_POY74532_1_2335;exonerate}
350346	350245	internal-	6	5	{GeneMark_model.4078_t;GeneMark},{Augustus_model.g3175.t1;Augustus}
350454	350347	INTRON			{GeneMark_model.4078_t;GeneMark},{Augustus_model.g3175.t1;Augustus}
350465	350455	initial-	4	5	{GeneMark_model.4078_t;GeneMark},{Augustus_model.g3175.t1;Augustus}

# EVM prediction: Mode:STANDARD S-ratio: 2.84 350683-357005 orient(-) score(20334.00) noncoding_equivalent(7164.27) raw_noncoding(9389.00) offset(2224.73)
350794	350683	terminal-	6	6	{Augustus_model.g3176.t1;Augustus},{GeneMark_model.4079_t;GeneMark},{GlimmerHMM_glimmerT_3820-T1;GlimmerHMM}
350864	350795	INTRON			{Augustus_model.g3176.t1;Augustus},{GeneMark_model.4079_t;GeneMark},{GlimmerHMM_glimmerT_3820-T1;GlimmerHMM}
350973	350865	internal-	5	5	{Augustus_model.g3176.t1;Augustus},{GeneMark_model.4079_t;GeneMark},{GlimmerHMM_glimmerT_3820-T1;GlimmerHMM}
351040	350974	INTRON			{Augustus_model.g3176.t1;Augustus},{GeneMark_model.4079_t;GeneMark},{GlimmerHMM_glimmerT_3820-T1;GlimmerHMM}
351256	351041	internal-	5	4	{Augustus_model.g3176.t1;Augustus},{GeneMark_model.4079_t;GeneMark},{GlimmerHMM_glimmerT_3820-T1;GlimmerHMM}
351321	351257	INTRON			{Augustus_model.g3176.t1;Augustus},{GeneMark_model.4079_t;GeneMark},{GlimmerHMM_glimmerT_3820-T1;GlimmerHMM}
351344	351322	internal-	6	4	{Augustus_model.g3176.t1;Augustus},{GeneMark_model.4079_t;GeneMark},{GlimmerHMM_glimmerT_3820-T1;GlimmerHMM}
351413	351345	INTRON			{Augustus_model.g3176.t1;Augustus},{GeneMark_model.4079_t;GeneMark},{GlimmerHMM_glimmerT_3820-T1;GlimmerHMM}
351440	351414	internal-	6	5	{Augustus_model.g3176.t1;Augustus},{GeneMark_model.4079_t;GeneMark},{GlimmerHMM_glimmerT_3820-T1;GlimmerHMM}
351517	351441	INTRON			{Augustus_model.g3176.t1;Augustus},{GeneMark_model.4079_t;GeneMark}
351534	351518	internal-	4	5	{Augustus_model.g3176.t1;Augustus},{GeneMark_model.4079_t;GeneMark}
351601	351535	INTRON			{Augustus_model.g3176.t1;Augustus},{GeneMark_model.4079_t;GeneMark},{GlimmerHMM_glimmerT_3820-T1;GlimmerHMM}
351693	351602	internal-	5	6	{Augustus_model.g3176.t1;Augustus},{GeneMark_model.4079_t;GeneMark},{GlimmerHMM_glimmerT_3820-T1;GlimmerHMM}
351753	351694	INTRON			{Augustus_model.g3176.t1;Augustus},{GeneMark_model.4079_t;GeneMark},{GlimmerHMM_glimmerT_3820-T1;GlimmerHMM}
351806	351754	internal-	6	4	{Augustus_model.g3176.t1;Augustus},{GeneMark_model.4079_t;GeneMark},{GlimmerHMM_glimmerT_3820-T1;GlimmerHMM}
351975	351807	INTRON			{GeneMark_model.4079_t;GeneMark}
351999	351976	internal-	6	5	{GeneMark_model.4079_t;GeneMark}
352062	352000	INTRON			{Augustus_model.g3176.t1;Augustus},{GeneMark_model.4079_t;GeneMark}
352205	352063	internal-	4	5	{Augustus_model.g3176.t1;Augustus},{GeneMark_model.4079_t;GeneMark},{GlimmerHMM_glimmerT_3820-T1;GlimmerHMM}
352267	352206	INTRON			{Augustus_model.g3176.t1;Augustus},{GeneMark_model.4079_t;GeneMark},{GlimmerHMM_glimmerT_3820-T1;GlimmerHMM}
352350	352268	internal-	5	6	{Augustus_model.g3176.t1;Augustus},{GeneMark_model.4079_t;GeneMark},{GlimmerHMM_glimmerT_3820-T1;GlimmerHMM}
352415	352351	INTRON			{Augustus_model.g3176.t1;Augustus},{GeneMark_model.4079_t;GeneMark},{GlimmerHMM_glimmerT_3820-T1;GlimmerHMM}
352463	352416	internal-	5	4	{Augustus_model.g3176.t1;Augustus},{GeneMark_model.4079_t;GeneMark},{GlimmerHMM_glimmerT_3820-T1;GlimmerHMM}
352520	352464	INTRON			{Augustus_model.g3176.t1;Augustus},{GeneMark_model.4079_t;GeneMark},{GlimmerHMM_glimmerT_3820-T1;GlimmerHMM}
352769	352521	internal-	5	4	{Augustus_model.g3176.t1;Augustus},{GeneMark_model.4079_t;GeneMark},{GlimmerHMM_glimmerT_3820-T1;GlimmerHMM}
352832	352770	INTRON			{Augustus_model.g3176.t1;Augustus},{GeneMark_model.4079_t;GeneMark},{GlimmerHMM_glimmerT_3820-T1;GlimmerHMM}
353456	352833	internal-	5	4	{Augustus_model.g3176.t1;Augustus},{GeneMark_model.4079_t;GeneMark},{GlimmerHMM_glimmerT_3820-T1;GlimmerHMM}
353522	353457	INTRON			{Augustus_model.g3176.t1;Augustus},{GeneMark_model.4079_t;GeneMark},{GlimmerHMM_glimmerT_3820-T1;GlimmerHMM}
353561	353523	internal-	5	4	{Augustus_model.g3176.t1;Augustus},{GeneMark_model.4079_t;GeneMark},{GlimmerHMM_glimmerT_3820-T1;GlimmerHMM}
353626	353562	INTRON			{Augustus_model.g3176.t1;Augustus},{GeneMark_model.4079_t;GeneMark},{GlimmerHMM_glimmerT_3820-T1;GlimmerHMM}
353987	353627	internal-	4	4	{Augustus_model.g3176.t1;Augustus},{GeneMark_model.4079_t;GeneMark},{GlimmerHMM_glimmerT_3820-T1;GlimmerHMM}
354046	353988	INTRON			{Augustus_model.g3176.t1;Augustus},{GeneMark_model.4079_t;GeneMark},{GlimmerHMM_glimmerT_3820-T1;GlimmerHMM}
354318	354047	internal-	5	6	{Augustus_model.g3176.t1;Augustus},{GeneMark_model.4079_t;GeneMark},{GlimmerHMM_glimmerT_3820-T1;GlimmerHMM}
354377	354319	INTRON			{Augustus_model.g3176.t1;Augustus},{GeneMark_model.4079_t;GeneMark}
354387	354378	internal-	4	4	{Augustus_model.g3176.t1;Augustus},{GeneMark_model.4079_t;GeneMark}
354466	354388	INTRON			{Augustus_model.g3176.t1;Augustus},{GeneMark_model.4079_t;GeneMark}
354477	354467	internal-	5	6	{Augustus_model.g3176.t1;Augustus},{GeneMark_model.4079_t;GeneMark}
354543	354478	INTRON			{Augustus_model.g3176.t1;Augustus},{GeneMark_model.4079_t;GeneMark}
354886	354544	internal-	4	4	{Augustus_model.g3176.t1;Augustus},{GeneMark_model.4079_t;GeneMark},{GlimmerHMM_glimmerT_3820-T1;GlimmerHMM}
354962	354887	INTRON			{Augustus_model.g3176.t1;Augustus},{GeneMark_model.4079_t;GeneMark},{GlimmerHMM_glimmerT_3820-T1;GlimmerHMM}
354972	354963	internal-	6	6	{Augustus_model.g3176.t1;Augustus},{GeneMark_model.4079_t;GeneMark},{GlimmerHMM_glimmerT_3820-T1;GlimmerHMM}
355043	354973	INTRON			{Augustus_model.g3176.t1;Augustus},{GeneMark_model.4079_t;GeneMark},{GlimmerHMM_glimmerT_3820-T1;GlimmerHMM}
355217	355044	internal-	6	5	{Augustus_model.g3176.t1;Augustus},{GeneMark_model.4079_t;GeneMark},{GlimmerHMM_glimmerT_3820-T1;GlimmerHMM}
355286	355218	INTRON			{Augustus_model.g3176.t1;Augustus},{GeneMark_model.4079_t;GeneMark},{GlimmerHMM_glimmerT_3820-T1;GlimmerHMM}
355676	355287	internal-	6	5	{Augustus_model.g3176.t1;Augustus},{GeneMark_model.4079_t;GeneMark},{GlimmerHMM_glimmerT_3820-T1;GlimmerHMM}
355739	355677	INTRON			{Augustus_model.g3176.t1;Augustus},{GeneMark_model.4079_t;GeneMark},{GlimmerHMM_glimmerT_3820-T1;GlimmerHMM}
356257	355740	internal-	4	5	{Augustus_model.g3176.t1;Augustus},{GeneMark_model.4079_t;GeneMark},{GlimmerHMM_glimmerT_3820-T1;GlimmerHMM}
356325	356258	INTRON			{Augustus_model.g3176.t1;Augustus},{GeneMark_model.4079_t;GeneMark},{GlimmerHMM_glimmerT_3820-T1;GlimmerHMM}
356371	356326	internal-	6	6	{Augustus_model.g3176.t1;Augustus},{GeneMark_model.4079_t;GeneMark},{GlimmerHMM_glimmerT_3820-T1;GlimmerHMM}
356434	356372	INTRON			{Augustus_model.g3176.t1;Augustus},{GeneMark_model.4079_t;GeneMark},{GlimmerHMM_glimmerT_3820-T1;GlimmerHMM}
356597	356435	internal-	5	5	{Augustus_model.g3176.t1;Augustus},{GeneMark_model.4079_t;GeneMark},{GlimmerHMM_glimmerT_3820-T1;GlimmerHMM}
356671	356598	INTRON			{Augustus_model.g3176.t1;Augustus},{GeneMark_model.4079_t;GeneMark},{GlimmerHMM_glimmerT_3820-T1;GlimmerHMM}
357005	356672	initial-	4	4	{Augustus_model.g3176.t1;Augustus},{GeneMark_model.4079_t;GeneMark},{GlimmerHMM_glimmerT_3820-T1;GlimmerHMM}

# EVM prediction: Mode:STANDARD S-ratio: 2.12 357628-359172 orient(+) score(4295.00) noncoding_equivalent(2024.57) raw_noncoding(2233.89) offset(209.32)
357628	358375	initial+	1	1	{Augustus_model.g3177.t1;Augustus},{GlimmerHMM_glimmerT_3821-T1;GlimmerHMM}
358376	358446	INTRON			{GeneMark_model.4080_t;GeneMark},{Augustus_model.g3177.t1;Augustus},{GlimmerHMM_glimmerT_3821-T1;GlimmerHMM}
358447	358877	internal+	2	3	{GeneMark_model.4080_t;GeneMark},{Augustus_model.g3177.t1;Augustus},{GlimmerHMM_glimmerT_3821-T1;GlimmerHMM}
358878	358944	INTRON			{GeneMark_model.4080_t;GeneMark},{Augustus_model.g3177.t1;Augustus}
358945	359172	terminal+	1	3	{GeneMark_model.4080_t;GeneMark}

# EVM prediction: Mode:STANDARD S-ratio: 4.78 359375-361029 orient(+) score(5593.00) noncoding_equivalent(1169.50) raw_noncoding(1505.00) offset(335.50)
359375	359634	initial+	1	2	{GeneMark_model.4081_t;GeneMark}
359635	359708	INTRON			{Augustus_model.g3177.t1;Augustus},{GlimmerHMM_glimmerT_3821-T1;GlimmerHMM},{GeneMark_model.4081_t;GeneMark}
359709	359799	internal+	3	3	{Augustus_model.g3177.t1;Augustus},{GlimmerHMM_glimmerT_3821-T1;GlimmerHMM},{GeneMark_model.4081_t;GeneMark}
359800	359865	INTRON			{Augustus_model.g3177.t1;Augustus},{GeneMark_model.4081_t;GeneMark}
359866	359924	internal+	1	2	{Augustus_model.g3177.t1;Augustus},{GeneMark_model.4081_t;GeneMark}
359925	359990	INTRON			{Augustus_model.g3177.t1;Augustus},{GeneMark_model.4081_t;GeneMark}
359991	361029	terminal+	3	3	{Augustus_model.g3177.t1;Augustus},{GeneMark_model.4081_t;GeneMark}

# EVM prediction: Mode:STANDARD S-ratio: 2.88 361083-363324 orient(-) score(8250.00) noncoding_equivalent(2864.53) raw_noncoding(3729.00) offset(864.47)
361131	361083	terminal-	6	6	{Augustus_model.g3178.t1;Augustus},{GeneMark_model.4082_t;GeneMark},{GlimmerHMM_glimmerT_3822-T1;GlimmerHMM}
361204	361132	INTRON			{Augustus_model.g3178.t1;Augustus},{GeneMark_model.4082_t;GeneMark},{GlimmerHMM_glimmerT_3822-T1;GlimmerHMM},{ev_type:exonerate/ID=match.2566964.3570/Target=lcl|NW_017264933_1_prot_XP_018271415_1_3373;exonerate}
361411	361205	internal-	6	5	{Augustus_model.g3178.t1;Augustus},{GeneMark_model.4082_t;GeneMark},{ev_type:exonerate/ID=match.2566964.3570/Target=lcl|NW_017264933_1_prot_XP_018271415_1_3373;exonerate}
361475	361412	INTRON			{Augustus_model.g3178.t1;Augustus},{GeneMark_model.4082_t;GeneMark},{ev_type:exonerate/ID=match.2566964.3570/Target=lcl|NW_017264933_1_prot_XP_018271415_1_3373;exonerate}
361522	361476	internal-	4	5	{Augustus_model.g3178.t1;Augustus},{GeneMark_model.4082_t;GeneMark},{ev_type:exonerate/ID=match.2566964.3570/Target=lcl|NW_017264933_1_prot_XP_018271415_1_3373;exonerate}
361581	361523	INTRON			{Augustus_model.g3178.t1;Augustus},{GeneMark_model.4082_t;GeneMark},{ev_type:exonerate/ID=match.2566964.3570/Target=lcl|NW_017264933_1_prot_XP_018271415_1_3373;exonerate}
361661	361582	internal-	5	6	{Augustus_model.g3178.t1;Augustus},{GeneMark_model.4082_t;GeneMark},{GlimmerHMM_glimmerT_3822-T1;GlimmerHMM},{ev_type:exonerate/ID=match.2566964.3570/Target=lcl|NW_017264933_1_prot_XP_018271415_1_3373;exonerate}
361740	361662	INTRON			{Augustus_model.g3178.t1;Augustus},{GeneMark_model.4082_t;GeneMark},{ev_type:exonerate/ID=match.2566964.3570/Target=lcl|NW_017264933_1_prot_XP_018271415_1_3373;exonerate}
361770	361741	internal-	5	4	{Augustus_model.g3178.t1;Augustus},{GeneMark_model.4082_t;GeneMark},{ev_type:exonerate/ID=match.2566964.3570/Target=lcl|NW_017264933_1_prot_XP_018271415_1_3373;exonerate}
361839	361771	INTRON			{Augustus_model.g3178.t1;Augustus},{GeneMark_model.4082_t;GeneMark},{ev_type:exonerate/ID=match.2566964.3570/Target=lcl|NW_017264933_1_prot_XP_018271415_1_3373;exonerate}
361945	361840	internal-	4	4	{Augustus_model.g3178.t1;Augustus},{GeneMark_model.4082_t;GeneMark},{GlimmerHMM_glimmerT_3822-T1;GlimmerHMM},{ev_type:exonerate/ID=match.2566964.3570/Target=lcl|NW_017264933_1_prot_XP_018271415_1_3373;exonerate}
362004	361946	INTRON			{Augustus_model.g3178.t1;Augustus},{GeneMark_model.4082_t;GeneMark},{ev_type:exonerate/ID=match.2566964.3570/Target=lcl|NW_017264933_1_prot_XP_018271415_1_3373;exonerate}
362208	362005	internal-	4	6	{Augustus_model.g3178.t1;Augustus},{GeneMark_model.4082_t;GeneMark},{ev_type:exonerate/ID=match.2566964.3570/Target=lcl|NW_017264933_1_prot_XP_018271415_1_3373;exonerate}
362270	362209	INTRON			{Augustus_model.g3178.t1;Augustus},{GeneMark_model.4082_t;GeneMark},{ev_type:exonerate/ID=match.2566964.3570/Target=lcl|NW_017264933_1_prot_XP_018271415_1_3373;exonerate}
362320	362271	internal-	5	6	{Augustus_model.g3178.t1;Augustus},{GeneMark_model.4082_t;GeneMark},{ev_type:exonerate/ID=match.2566964.3570/Target=lcl|NW_017264933_1_prot_XP_018271415_1_3373;exonerate}
362390	362321	INTRON			{GlimmerHMM_glimmerT_3823-T1;GlimmerHMM},{Augustus_model.g3178.t1;Augustus},{GeneMark_model.4082_t;GeneMark},{ev_type:exonerate/ID=match.2566964.3570/Target=lcl|NW_017264933_1_prot_XP_018271415_1_3373;exonerate}
362622	362391	internal-	4	4	{GlimmerHMM_glimmerT_3823-T1;GlimmerHMM},{Augustus_model.g3178.t1;Augustus},{GeneMark_model.4082_t;GeneMark}
362714	362623	INTRON			{GlimmerHMM_glimmerT_3823-T1;GlimmerHMM},{Augustus_model.g3178.t1;Augustus},{GeneMark_model.4082_t;GeneMark}
362984	362715	internal-	4	6	{GlimmerHMM_glimmerT_3823-T1;GlimmerHMM},{Augustus_model.g3178.t1;Augustus},{GeneMark_model.4082_t;GeneMark}
363078	362985	INTRON			{GlimmerHMM_glimmerT_3823-T1;GlimmerHMM},{Augustus_model.g3178.t1;Augustus},{GeneMark_model.4082_t;GeneMark}
363324	363079	initial-	4	6	{GlimmerHMM_glimmerT_3823-T1;GlimmerHMM},{Augustus_model.g3178.t1;Augustus},{GeneMark_model.4082_t;GeneMark}

# EVM prediction: Mode:STANDARD S-ratio: 3.36 364879-367307 orient(+) score(7482.00) noncoding_equivalent(2229.33) raw_noncoding(3095.00) offset(865.67)
364879	365158	initial+	1	1	{GlimmerHMM_glimmerT_3824-T1;GlimmerHMM},{Augustus_model.g3179.t1;Augustus},{GeneMark_model.4083_t;GeneMark}
365159	365220	INTRON			{GlimmerHMM_glimmerT_3824-T1;GlimmerHMM},{Augustus_model.g3179.t1;Augustus},{GeneMark_model.4083_t;GeneMark}
365221	365592	internal+	2	1	{GlimmerHMM_glimmerT_3824-T1;GlimmerHMM},{Augustus_model.g3179.t1;Augustus},{GeneMark_model.4083_t;GeneMark}
365593	365659	INTRON			{Augustus_model.g3179.t1;Augustus},{GeneMark_model.4083_t;GeneMark}
365660	365692	internal+	2	1	{Augustus_model.g3179.t1;Augustus}
365693	365815	INTRON			{Augustus_model.g3179.t1;Augustus}
365816	365840	internal+	2	2	{Augustus_model.g3179.t1;Augustus}
365841	365905	INTRON			{Augustus_model.g3179.t1;Augustus},{GeneMark_model.4083_t;GeneMark}
365906	366030	internal+	3	1	{Augustus_model.g3179.t1;Augustus},{GeneMark_model.4083_t;GeneMark}
366031	366087	INTRON			{Augustus_model.g3179.t1;Augustus},{GeneMark_model.4083_t;GeneMark}
366088	366141	internal+	2	1	{Augustus_model.g3179.t1;Augustus},{GeneMark_model.4083_t;GeneMark}
366142	366201	INTRON			{Augustus_model.g3179.t1;Augustus},{GeneMark_model.4083_t;GeneMark}
366202	366772	internal+	2	2	{GlimmerHMM_glimmerT_3824-T1;GlimmerHMM},{Augustus_model.g3179.t1;Augustus},{GeneMark_model.4083_t;GeneMark}
366773	366835	INTRON			{GlimmerHMM_glimmerT_3824-T1;GlimmerHMM},{Augustus_model.g3179.t1;Augustus},{GeneMark_model.4083_t;GeneMark}
366836	367307	terminal+	3	3	{GlimmerHMM_glimmerT_3824-T1;GlimmerHMM},{Augustus_model.g3179.t1;Augustus},{GeneMark_model.4083_t;GeneMark}

# EVM prediction: Mode:STANDARD S-ratio: 13.36 368460-371851 orient(+) score(12761.00) noncoding_equivalent(955.00) raw_noncoding(1034.00) offset(79.00)
368460	369193	initial+	1	2	{Augustus_model.g3180.t1;Augustus},{GeneMark_model.4084_t;GeneMark},{GlimmerHMM_glimmerT_3825-T1;GlimmerHMM}
369194	369270	INTRON			{Augustus_model.g3180.t1;Augustus},{GeneMark_model.4084_t;GeneMark},{GlimmerHMM_glimmerT_3825-T1;GlimmerHMM}
369271	371851	terminal+	3	3	{snap_scaffold_9-snap.160-T1;snap},{Augustus_model.g3180.t1;Augustus},{GeneMark_model.4084_t;GeneMark},{GlimmerHMM_glimmerT_3825-T1;GlimmerHMM}

# EVM prediction: Mode:STANDARD S-ratio: 10.96 372098-374853 orient(-) score(10318.00) noncoding_equivalent(941.45) raw_noncoding(1074.75) offset(133.30)
374153	372098	terminal-	6	6	{GlimmerHMM_glimmerT_3826-T1;GlimmerHMM},{GeneMark_model.4085_t;GeneMark},{Augustus_model.g3181.t1;Augustus}
374210	374154	INTRON			{GlimmerHMM_glimmerT_3826-T1;GlimmerHMM},{GeneMark_model.4085_t;GeneMark},{Augustus_model.g3181.t1;Augustus}
374261	374211	internal-	6	5	{GlimmerHMM_glimmerT_3826-T1;GlimmerHMM},{GeneMark_model.4085_t;GeneMark},{Augustus_model.g3181.t1;Augustus}
374329	374262	INTRON			{GlimmerHMM_glimmerT_3826-T1;GlimmerHMM},{GeneMark_model.4085_t;GeneMark},{Augustus_model.g3181.t1;Augustus}
374853	374330	initial-	4	5	{GlimmerHMM_glimmerT_3826-T1;GlimmerHMM},{GeneMark_model.4085_t;GeneMark},{Augustus_model.g3181.t1;Augustus}

# EVM prediction: Mode:STANDARD S-ratio: 2.48 375040-376730 orient(+) score(5486.00) noncoding_equivalent(2216.18) raw_noncoding(2726.00) offset(509.82)
375040	375115	initial+	1	1	{GlimmerHMM_glimmerT_3827-T1;GlimmerHMM},{Augustus_model.g3182.t1;Augustus},{GeneMark_model.4086_t;GeneMark}
375116	375179	INTRON			{GlimmerHMM_glimmerT_3827-T1;GlimmerHMM},{Augustus_model.g3182.t1;Augustus}
375180	375214	internal+	2	3	{GlimmerHMM_glimmerT_3827-T1;GlimmerHMM},{Augustus_model.g3182.t1;Augustus}
375215	375276	INTRON			{GlimmerHMM_glimmerT_3827-T1;GlimmerHMM},{Augustus_model.g3182.t1;Augustus},{GeneMark_model.4086_t;GeneMark}
375277	375394	internal+	1	1	{GlimmerHMM_glimmerT_3827-T1;GlimmerHMM},{Augustus_model.g3182.t1;Augustus},{GeneMark_model.4086_t;GeneMark}
375395	375474	INTRON			{GlimmerHMM_glimmerT_3827-T1;GlimmerHMM},{Augustus_model.g3182.t1;Augustus},{GeneMark_model.4086_t;GeneMark}
375475	375530	internal+	2	3	{GlimmerHMM_glimmerT_3827-T1;GlimmerHMM},{Augustus_model.g3182.t1;Augustus},{GeneMark_model.4086_t;GeneMark}
375531	375596	INTRON			{GlimmerHMM_glimmerT_3827-T1;GlimmerHMM},{Augustus_model.g3182.t1;Augustus},{GeneMark_model.4086_t;GeneMark}
375597	375718	internal+	1	2	{GlimmerHMM_glimmerT_3827-T1;GlimmerHMM},{Augustus_model.g3182.t1;Augustus},{GeneMark_model.4086_t;GeneMark}
375719	375787	INTRON			{GlimmerHMM_glimmerT_3827-T1;GlimmerHMM},{Augustus_model.g3182.t1;Augustus},{GeneMark_model.4086_t;GeneMark}
375788	375946	internal+	3	2	{GlimmerHMM_glimmerT_3827-T1;GlimmerHMM},{Augustus_model.g3182.t1;Augustus},{GeneMark_model.4086_t;GeneMark}
375947	376021	INTRON			{GlimmerHMM_glimmerT_3827-T1;GlimmerHMM},{Augustus_model.g3182.t1;Augustus},{GeneMark_model.4086_t;GeneMark}
376022	376264	internal+	3	2	{GlimmerHMM_glimmerT_3827-T1;GlimmerHMM},{Augustus_model.g3182.t1;Augustus},{GeneMark_model.4086_t;GeneMark}
376265	376330	INTRON			{snap_scaffold_9-snap.162-T1;snap},{GlimmerHMM_glimmerT_3827-T1;GlimmerHMM},{Augustus_model.g3182.t1;Augustus},{GeneMark_model.4086_t;GeneMark}
376331	376730	terminal+	3	3	{snap_scaffold_9-snap.162-T1;snap},{GlimmerHMM_glimmerT_3827-T1;GlimmerHMM},{Augustus_model.g3182.t1;Augustus},{GeneMark_model.4086_t;GeneMark}

# EVM prediction: Mode:STANDARD S-ratio: 2.27 376844-378117 orient(-) score(3809.00) noncoding_equivalent(1678.83) raw_noncoding(1850.88) offset(172.05)
377052	376844	terminal-	5	6	{Augustus_model.g3183.t1;Augustus},{GeneMark_model.4087_t;GeneMark},{GlimmerHMM_glimmerT_3828-T1;GlimmerHMM}
377113	377053	INTRON			{Augustus_model.g3183.t1;Augustus},{GeneMark_model.4087_t;GeneMark},{GlimmerHMM_glimmerT_3828-T1;GlimmerHMM}
377429	377114	internal-	4	4	{GlimmerHMM_glimmerT_3828-T1;GlimmerHMM}
377497	377430	INTRON			{Augustus_model.g3183.t1;Augustus},{GeneMark_model.4087_t;GeneMark},{GlimmerHMM_glimmerT_3828-T1;GlimmerHMM}
377656	377498	internal-	4	6	{Augustus_model.g3183.t1;Augustus},{GeneMark_model.4087_t;GeneMark},{GlimmerHMM_glimmerT_3828-T1;GlimmerHMM}
377730	377657	INTRON			{Augustus_model.g3183.t1;Augustus},{GeneMark_model.4087_t;GeneMark},{GlimmerHMM_glimmerT_3828-T1;GlimmerHMM}
378117	377731	initial-	4	6	{GeneMark_model.4087_t;GeneMark}

# EVM prediction: Mode:STANDARD S-ratio: 2.11 378358-379519 orient(-) score(3059.00) noncoding_equivalent(1452.26) raw_noncoding(2321.45) offset(869.19)
378555	378358	terminal-	4	6	{snap_scaffold_9-snap.164-T1;snap},{GeneMark_model.4088_t;GeneMark}
378632	378556	INTRON			{GeneMark_model.4088_t;GeneMark},{Augustus_model.g3183.t1;Augustus}
378650	378633	internal-	4	6	{GeneMark_model.4088_t;GeneMark}
378716	378651	INTRON			{GeneMark_model.4088_t;GeneMark}
378733	378717	internal-	5	6	{GeneMark_model.4088_t;GeneMark}
378835	378734	INTRON			{GeneMark_model.4088_t;GeneMark}
378845	378836	internal-	4	4	{GeneMark_model.4088_t;GeneMark},{Augustus_model.g3183.t1;Augustus}
378912	378846	INTRON			{GeneMark_model.4088_t;GeneMark},{Augustus_model.g3183.t1;Augustus}
379042	378913	internal-	6	6	{GeneMark_model.4088_t;GeneMark},{Augustus_model.g3183.t1;Augustus},{GlimmerHMM_glimmerT_3828-T1;GlimmerHMM}
379142	379043	INTRON			{GeneMark_model.4088_t;GeneMark},{Augustus_model.g3183.t1;Augustus},{GlimmerHMM_glimmerT_3828-T1;GlimmerHMM}
379519	379143	initial-	4	5	{GeneMark_model.4088_t;GeneMark},{Augustus_model.g3183.t1;Augustus}

# EVM prediction: Mode:STANDARD S-ratio: 4.66 380146-381940 orient(-) score(7581.00) noncoding_equivalent(1625.76) raw_noncoding(1854.00) offset(228.24)
380219	380146	terminal-	5	6	{GeneMark_model.4089_t;GeneMark},{Augustus_model.g3184.t1;Augustus},{GlimmerHMM_glimmerT_3829-T1;GlimmerHMM}
380331	380220	INTRON			{GeneMark_model.4089_t;GeneMark},{Augustus_model.g3184.t1;Augustus},{GlimmerHMM_glimmerT_3829-T1;GlimmerHMM},{ev_type:exonerate/ID=match.2566964.2163/Target=lcl|KQ954469_1_prot_KWU46009_1_1726;exonerate}
381049	380332	internal-	4	4	{GeneMark_model.4089_t;GeneMark},{Augustus_model.g3184.t1;Augustus},{GlimmerHMM_glimmerT_3829-T1;GlimmerHMM}
381125	381050	INTRON			{GeneMark_model.4089_t;GeneMark},{Augustus_model.g3184.t1;Augustus},{GlimmerHMM_glimmerT_3829-T1;GlimmerHMM},{ev_type:exonerate/ID=match.2566964.2163/Target=lcl|KQ954469_1_prot_KWU46009_1_1726;exonerate}
381248	381126	internal-	4	6	{GeneMark_model.4089_t;GeneMark},{Augustus_model.g3184.t1;Augustus},{GlimmerHMM_glimmerT_3829-T1;GlimmerHMM},{ev_type:exonerate/ID=match.2566964.2163/Target=lcl|KQ954469_1_prot_KWU46009_1_1726;exonerate}
381320	381249	INTRON			{GeneMark_model.4089_t;GeneMark},{Augustus_model.g3184.t1;Augustus},{GlimmerHMM_glimmerT_3829-T1;GlimmerHMM},{ev_type:exonerate/ID=match.2566964.2163/Target=lcl|KQ954469_1_prot_KWU46009_1_1726;exonerate}
381360	381321	internal-	6	6	{GeneMark_model.4089_t;GeneMark},{Augustus_model.g3184.t1;Augustus},{GlimmerHMM_glimmerT_3829-T1;GlimmerHMM},{ev_type:exonerate/ID=match.2566964.2163/Target=lcl|KQ954469_1_prot_KWU46009_1_1726;exonerate}
381428	381361	INTRON			{GeneMark_model.4089_t;GeneMark},{Augustus_model.g3184.t1;Augustus},{GlimmerHMM_glimmerT_3829-T1;GlimmerHMM},{ev_type:exonerate/ID=match.2566964.2163/Target=lcl|KQ954469_1_prot_KWU46009_1_1726;exonerate}
381940	381429	initial-	4	5	{GeneMark_model.4089_t;GeneMark},{Augustus_model.g3184.t1;Augustus},{GlimmerHMM_glimmerT_3829-T1;GlimmerHMM}

# EVM prediction: Mode:STANDARD S-ratio: 4.35 383346-384270 orient(+) score(3240.00) noncoding_equivalent(744.88) raw_noncoding(985.00) offset(240.12)
383346	383348	initial+	1	3	{GlimmerHMM_glimmerT_3830-T1;GlimmerHMM},{Augustus_model.g3185.t1;Augustus},{GeneMark_model.4090_t;GeneMark}
383349	383436	INTRON			{GlimmerHMM_glimmerT_3830-T1;GlimmerHMM},{Augustus_model.g3185.t1;Augustus},{GeneMark_model.4090_t;GeneMark}
383437	383523	internal+	1	3	{Augustus_model.g3185.t1;Augustus},{GeneMark_model.4090_t;GeneMark}
383524	383604	INTRON			{Augustus_model.g3185.t1;Augustus},{GeneMark_model.4090_t;GeneMark}
383605	383668	internal+	1	1	{Augustus_model.g3185.t1;Augustus},{GeneMark_model.4090_t;GeneMark}
383669	383728	INTRON			{GlimmerHMM_glimmerT_3830-T1;GlimmerHMM},{Augustus_model.g3185.t1;Augustus},{GeneMark_model.4090_t;GeneMark}
383729	384270	terminal+	2	3	{GlimmerHMM_glimmerT_3830-T1;GlimmerHMM},{snap_scaffold_9-snap.166-T1;snap},{Augustus_model.g3185.t1;Augustus},{GeneMark_model.4090_t;GeneMark}

# EVM prediction: Mode:STANDARD S-ratio: 31.11 384385-386843 orient(-) score(9663.00) noncoding_equivalent(310.57) raw_noncoding(377.00) offset(66.43)
386663	384385	terminal-	5	6	{GeneMark_model.4091_t;GeneMark},{GlimmerHMM_glimmerT_3831-T1;GlimmerHMM},{snap_scaffold_9-snap.167-T1;snap},{Augustus_model.g3186.t1;Augustus}
386734	386664	INTRON			{GeneMark_model.4091_t;GeneMark},{GlimmerHMM_glimmerT_3831-T1;GlimmerHMM},{Augustus_model.g3186.t1;Augustus}
386843	386735	initial-	4	4	{GeneMark_model.4091_t;GeneMark},{GlimmerHMM_glimmerT_3831-T1;GlimmerHMM},{Augustus_model.g3186.t1;Augustus}

# EVM prediction: Mode:STANDARD S-ratio: 15.02 387375-393540 orient(+) score(51820.00) noncoding_equivalent(3449.09) raw_noncoding(4321.00) offset(871.91)
387375	387406	initial+	1	2	{GeneMark_model.4092_t;GeneMark},{GlimmerHMM_glimmerT_3832-T1;GlimmerHMM},{Augustus_model.g3187.t1;Augustus}
387407	387494	INTRON			{GeneMark_model.4092_t;GeneMark},{GlimmerHMM_glimmerT_3832-T1;GlimmerHMM},{Augustus_model.g3187.t1;Augustus},{ev_type:exonerate/ID=match.2566964.1278/Target=lcl|LCTV02000006_1_prot_PRQ74224_1_6209;exonerate},{ev_type:exonerate/ID=match.2566964.1273/Target=lcl|BJWK01000011_1_prot_GEM10606_1_4623;exonerate},{ev_type:exonerate/ID=match.2566964.1275/Target=lcl|NW_017264937_1_prot_XP_018269669_1_5072;exonerate},{ev_type:exonerate/ID=match.2566964.1276/Target=lcl|KQ954469_1_prot_KWU46012_1_1729;exonerate},{ev_type:exonerate/ID=match.2566964.1277/Target=lcl|PJQD01000050_1_prot_POY72283_1_4953;exonerate}
387495	387612	internal+	3	3	{GeneMark_model.4092_t;GeneMark},{GlimmerHMM_glimmerT_3832-T1;GlimmerHMM},{Augustus_model.g3187.t1;Augustus},{ev_type:exonerate/ID=match.2566964.1278/Target=lcl|LCTV02000006_1_prot_PRQ74224_1_6209;exonerate},{ev_type:exonerate/ID=match.2566964.1273/Target=lcl|BJWK01000011_1_prot_GEM10606_1_4623;exonerate},{ev_type:exonerate/ID=match.2566964.1275/Target=lcl|NW_017264937_1_prot_XP_018269669_1_5072;exonerate},{ev_type:exonerate/ID=match.2566964.1276/Target=lcl|KQ954469_1_prot_KWU46012_1_1729;exonerate},{ev_type:exonerate/ID=match.2566964.1277/Target=lcl|PJQD01000050_1_prot_POY72283_1_4953;exonerate}
387613	387711	INTRON			{GeneMark_model.4092_t;GeneMark},{GlimmerHMM_glimmerT_3832-T1;GlimmerHMM},{Augustus_model.g3187.t1;Augustus},{ev_type:exonerate/ID=match.2566964.1278/Target=lcl|LCTV02000006_1_prot_PRQ74224_1_6209;exonerate},{ev_type:exonerate/ID=match.2566964.1273/Target=lcl|BJWK01000011_1_prot_GEM10606_1_4623;exonerate},{ev_type:exonerate/ID=match.2566964.1275/Target=lcl|NW_017264937_1_prot_XP_018269669_1_5072;exonerate},{ev_type:exonerate/ID=match.2566964.1276/Target=lcl|KQ954469_1_prot_KWU46012_1_1729;exonerate},{ev_type:exonerate/ID=match.2566964.1277/Target=lcl|PJQD01000050_1_prot_POY72283_1_4953;exonerate}
387712	387847	internal+	1	1	{GeneMark_model.4092_t;GeneMark},{GlimmerHMM_glimmerT_3832-T1;GlimmerHMM},{Augustus_model.g3187.t1;Augustus},{ev_type:exonerate/ID=match.2566964.1278/Target=lcl|LCTV02000006_1_prot_PRQ74224_1_6209;exonerate},{ev_type:exonerate/ID=match.2566964.1273/Target=lcl|BJWK01000011_1_prot_GEM10606_1_4623;exonerate},{ev_type:exonerate/ID=match.2566964.1275/Target=lcl|NW_017264937_1_prot_XP_018269669_1_5072;exonerate},{ev_type:exonerate/ID=match.2566964.1276/Target=lcl|KQ954469_1_prot_KWU46012_1_1729;exonerate},{ev_type:exonerate/ID=match.2566964.1277/Target=lcl|PJQD01000050_1_prot_POY72283_1_4953;exonerate}
387848	387929	INTRON			{GeneMark_model.4092_t;GeneMark},{GlimmerHMM_glimmerT_3832-T1;GlimmerHMM},{Augustus_model.g3187.t1;Augustus},{ev_type:exonerate/ID=match.2566964.1278/Target=lcl|LCTV02000006_1_prot_PRQ74224_1_6209;exonerate},{ev_type:exonerate/ID=match.2566964.1273/Target=lcl|BJWK01000011_1_prot_GEM10606_1_4623;exonerate},{ev_type:exonerate/ID=match.2566964.1275/Target=lcl|NW_017264937_1_prot_XP_018269669_1_5072;exonerate},{ev_type:exonerate/ID=match.2566964.1276/Target=lcl|KQ954469_1_prot_KWU46012_1_1729;exonerate},{ev_type:exonerate/ID=match.2566964.1277/Target=lcl|PJQD01000050_1_prot_POY72283_1_4953;exonerate}
387930	388249	internal+	2	3	{GeneMark_model.4092_t;GeneMark},{GlimmerHMM_glimmerT_3832-T1;GlimmerHMM},{Augustus_model.g3187.t1;Augustus},{ev_type:exonerate/ID=match.2566964.1278/Target=lcl|LCTV02000006_1_prot_PRQ74224_1_6209;exonerate},{ev_type:exonerate/ID=match.2566964.1273/Target=lcl|BJWK01000011_1_prot_GEM10606_1_4623;exonerate},{ev_type:exonerate/ID=match.2566964.1275/Target=lcl|NW_017264937_1_prot_XP_018269669_1_5072;exonerate},{ev_type:exonerate/ID=match.2566964.1276/Target=lcl|KQ954469_1_prot_KWU46012_1_1729;exonerate},{ev_type:exonerate/ID=match.2566964.1277/Target=lcl|PJQD01000050_1_prot_POY72283_1_4953;exonerate}
388250	388338	INTRON			{GeneMark_model.4092_t;GeneMark},{GlimmerHMM_glimmerT_3832-T1;GlimmerHMM},{Augustus_model.g3187.t1;Augustus},{ev_type:exonerate/ID=match.2566964.1278/Target=lcl|LCTV02000006_1_prot_PRQ74224_1_6209;exonerate},{ev_type:exonerate/ID=match.2566964.1273/Target=lcl|BJWK01000011_1_prot_GEM10606_1_4623;exonerate},{ev_type:exonerate/ID=match.2566964.1275/Target=lcl|NW_017264937_1_prot_XP_018269669_1_5072;exonerate},{ev_type:exonerate/ID=match.2566964.1276/Target=lcl|KQ954469_1_prot_KWU46012_1_1729;exonerate},{ev_type:exonerate/ID=match.2566964.1277/Target=lcl|PJQD01000050_1_prot_POY72283_1_4953;exonerate}
388339	390187	internal+	1	1	{GeneMark_model.4092_t;GeneMark},{GlimmerHMM_glimmerT_3832-T1;GlimmerHMM},{Augustus_model.g3187.t1;Augustus},{ev_type:exonerate/ID=match.2566964.1278/Target=lcl|LCTV02000006_1_prot_PRQ74224_1_6209;exonerate},{ev_type:exonerate/ID=match.2566964.1273/Target=lcl|BJWK01000011_1_prot_GEM10606_1_4623;exonerate},{ev_type:exonerate/ID=match.2566964.1275/Target=lcl|NW_017264937_1_prot_XP_018269669_1_5072;exonerate},{ev_type:exonerate/ID=match.2566964.1276/Target=lcl|KQ954469_1_prot_KWU46012_1_1729;exonerate},{ev_type:exonerate/ID=match.2566964.1277/Target=lcl|PJQD01000050_1_prot_POY72283_1_4953;exonerate}
390188	390255	INTRON			{GeneMark_model.4092_t;GeneMark},{GlimmerHMM_glimmerT_3832-T1;GlimmerHMM},{Augustus_model.g3187.t1;Augustus},{ev_type:exonerate/ID=match.2566964.1278/Target=lcl|LCTV02000006_1_prot_PRQ74224_1_6209;exonerate},{ev_type:exonerate/ID=match.2566964.1273/Target=lcl|BJWK01000011_1_prot_GEM10606_1_4623;exonerate},{ev_type:exonerate/ID=match.2566964.1275/Target=lcl|NW_017264937_1_prot_XP_018269669_1_5072;exonerate},{ev_type:exonerate/ID=match.2566964.1276/Target=lcl|KQ954469_1_prot_KWU46012_1_1729;exonerate},{ev_type:exonerate/ID=match.2566964.1277/Target=lcl|PJQD01000050_1_prot_POY72283_1_4953;exonerate}
390256	392548	internal+	2	2	{GeneMark_model.4092_t;GeneMark},{GlimmerHMM_glimmerT_3832-T1;GlimmerHMM},{Augustus_model.g3187.t1;Augustus},{ev_type:exonerate/ID=match.2566964.1275/Target=lcl|NW_017264937_1_prot_XP_018269669_1_5072;exonerate},{ev_type:exonerate/ID=match.2566964.1276/Target=lcl|KQ954469_1_prot_KWU46012_1_1729;exonerate},{ev_type:exonerate/ID=match.2566964.1277/Target=lcl|PJQD01000050_1_prot_POY72283_1_4953;exonerate}
392549	392606	INTRON			{GeneMark_model.4092_t;GeneMark},{GlimmerHMM_glimmerT_3832-T1;GlimmerHMM},{Augustus_model.g3187.t1;Augustus},{ev_type:exonerate/ID=match.2566964.1275/Target=lcl|NW_017264937_1_prot_XP_018269669_1_5072;exonerate},{ev_type:exonerate/ID=match.2566964.1276/Target=lcl|KQ954469_1_prot_KWU46012_1_1729;exonerate},{ev_type:exonerate/ID=match.2566964.1277/Target=lcl|PJQD01000050_1_prot_POY72283_1_4953;exonerate}
392607	392825	internal+	3	2	{GeneMark_model.4092_t;GeneMark},{GlimmerHMM_glimmerT_3832-T1;GlimmerHMM},{Augustus_model.g3187.t1;Augustus},{ev_type:exonerate/ID=match.2566964.1276/Target=lcl|KQ954469_1_prot_KWU46012_1_1729;exonerate},{ev_type:exonerate/ID=match.2566964.1277/Target=lcl|PJQD01000050_1_prot_POY72283_1_4953;exonerate}
392826	392891	INTRON			{GeneMark_model.4092_t;GeneMark},{Augustus_model.g3187.t1;Augustus},{ev_type:exonerate/ID=match.2566964.1276/Target=lcl|KQ954469_1_prot_KWU46012_1_1729;exonerate},{ev_type:exonerate/ID=match.2566964.1277/Target=lcl|PJQD01000050_1_prot_POY72283_1_4953;exonerate}
392892	393038	internal+	3	2	{GeneMark_model.4092_t;GeneMark},{Augustus_model.g3187.t1;Augustus},{ev_type:exonerate/ID=match.2566964.1275/Target=lcl|NW_017264937_1_prot_XP_018269669_1_5072;exonerate},{ev_type:exonerate/ID=match.2566964.1277/Target=lcl|PJQD01000050_1_prot_POY72283_1_4953;exonerate}
393039	393113	INTRON			{GeneMark_model.4092_t;GeneMark},{Augustus_model.g3187.t1;Augustus},{ev_type:exonerate/ID=match.2566964.1278/Target=lcl|LCTV02000006_1_prot_PRQ74224_1_6209;exonerate},{ev_type:exonerate/ID=match.2566964.1273/Target=lcl|BJWK01000011_1_prot_GEM10606_1_4623;exonerate},{ev_type:exonerate/ID=match.2566964.1275/Target=lcl|NW_017264937_1_prot_XP_018269669_1_5072;exonerate},{ev_type:exonerate/ID=match.2566964.1277/Target=lcl|PJQD01000050_1_prot_POY72283_1_4953;exonerate}
393114	393134	internal+	3	2	{GeneMark_model.4092_t;GeneMark},{Augustus_model.g3187.t1;Augustus},{ev_type:exonerate/ID=match.2566964.1278/Target=lcl|LCTV02000006_1_prot_PRQ74224_1_6209;exonerate},{ev_type:exonerate/ID=match.2566964.1273/Target=lcl|BJWK01000011_1_prot_GEM10606_1_4623;exonerate},{ev_type:exonerate/ID=match.2566964.1275/Target=lcl|NW_017264937_1_prot_XP_018269669_1_5072;exonerate},{ev_type:exonerate/ID=match.2566964.1277/Target=lcl|PJQD01000050_1_prot_POY72283_1_4953;exonerate}
393135	393195	INTRON			{GeneMark_model.4092_t;GeneMark},{Augustus_model.g3187.t1;Augustus},{ev_type:exonerate/ID=match.2566964.1278/Target=lcl|LCTV02000006_1_prot_PRQ74224_1_6209;exonerate},{ev_type:exonerate/ID=match.2566964.1273/Target=lcl|BJWK01000011_1_prot_GEM10606_1_4623;exonerate},{ev_type:exonerate/ID=match.2566964.1275/Target=lcl|NW_017264937_1_prot_XP_018269669_1_5072;exonerate},{ev_type:exonerate/ID=match.2566964.1277/Target=lcl|PJQD01000050_1_prot_POY72283_1_4953;exonerate}
393196	393237	internal+	3	2	{GeneMark_model.4092_t;GeneMark},{Augustus_model.g3187.t1;Augustus},{ev_type:exonerate/ID=match.2566964.1278/Target=lcl|LCTV02000006_1_prot_PRQ74224_1_6209;exonerate},{ev_type:exonerate/ID=match.2566964.1273/Target=lcl|BJWK01000011_1_prot_GEM10606_1_4623;exonerate},{ev_type:exonerate/ID=match.2566964.1275/Target=lcl|NW_017264937_1_prot_XP_018269669_1_5072;exonerate},{ev_type:exonerate/ID=match.2566964.1276/Target=lcl|KQ954469_1_prot_KWU46012_1_1729;exonerate},{ev_type:exonerate/ID=match.2566964.1277/Target=lcl|PJQD01000050_1_prot_POY72283_1_4953;exonerate}
393238	393305	INTRON			{GeneMark_model.4092_t;GeneMark},{Augustus_model.g3187.t1;Augustus},{ev_type:exonerate/ID=match.2566964.1278/Target=lcl|LCTV02000006_1_prot_PRQ74224_1_6209;exonerate},{ev_type:exonerate/ID=match.2566964.1273/Target=lcl|BJWK01000011_1_prot_GEM10606_1_4623;exonerate},{ev_type:exonerate/ID=match.2566964.1277/Target=lcl|PJQD01000050_1_prot_POY72283_1_4953;exonerate}
393306	393326	internal+	3	2	{GeneMark_model.4092_t;GeneMark},{Augustus_model.g3187.t1;Augustus},{ev_type:exonerate/ID=match.2566964.1278/Target=lcl|LCTV02000006_1_prot_PRQ74224_1_6209;exonerate},{ev_type:exonerate/ID=match.2566964.1273/Target=lcl|BJWK01000011_1_prot_GEM10606_1_4623;exonerate},{ev_type:exonerate/ID=match.2566964.1277/Target=lcl|PJQD01000050_1_prot_POY72283_1_4953;exonerate}
393327	393389	INTRON			{GeneMark_model.4092_t;GeneMark},{Augustus_model.g3187.t1;Augustus},{ev_type:exonerate/ID=match.2566964.1278/Target=lcl|LCTV02000006_1_prot_PRQ74224_1_6209;exonerate},{ev_type:exonerate/ID=match.2566964.1273/Target=lcl|BJWK01000011_1_prot_GEM10606_1_4623;exonerate},{ev_type:exonerate/ID=match.2566964.1277/Target=lcl|PJQD01000050_1_prot_POY72283_1_4953;exonerate}
393390	393540	terminal+	3	3	{GeneMark_model.4092_t;GeneMark},{GlimmerHMM_glimmerT_3832-T1;GlimmerHMM},{Augustus_model.g3187.t1;Augustus}

# EVM prediction: Mode:STANDARD S-ratio: 4.55 393941-394845 orient(+) score(3336.00) noncoding_equivalent(732.40) raw_noncoding(965.00) offset(232.60)
393941	394003	initial+	1	3	{Augustus_model.g3188.t1;Augustus},{GeneMark_model.4093_t;GeneMark},{GlimmerHMM_glimmerT_3833-T1;GlimmerHMM}
394004	394230	INTRON			{Augustus_model.g3188.t1;Augustus},{GeneMark_model.4093_t;GeneMark},{GlimmerHMM_glimmerT_3833-T1;GlimmerHMM}
394231	394845	terminal+	1	3	{snap_scaffold_9-snap.170-T1;snap},{Augustus_model.g3188.t1;Augustus},{GeneMark_model.4093_t;GeneMark},{GlimmerHMM_glimmerT_3833-T1;GlimmerHMM}

# EVM prediction: Mode:STANDARD S-ratio: 10.66 395426-398386 orient(-) score(11281.00) noncoding_equivalent(1057.78) raw_noncoding(1254.17) offset(196.40)
395648	395426	terminal-	6	6	{GeneMark_model.4094_t;GeneMark},{Augustus_model.g3189.t1;Augustus},{GlimmerHMM_glimmerT_3834-T1;GlimmerHMM}
395721	395649	INTRON			{GeneMark_model.4094_t;GeneMark},{Augustus_model.g3189.t1;Augustus},{GlimmerHMM_glimmerT_3834-T1;GlimmerHMM}
396948	395722	internal-	6	5	{GeneMark_model.4094_t;GeneMark},{Augustus_model.g3189.t1;Augustus},{GlimmerHMM_glimmerT_3834-T1;GlimmerHMM}
397009	396949	INTRON			{GeneMark_model.4094_t;GeneMark},{Augustus_model.g3189.t1;Augustus},{GlimmerHMM_glimmerT_3834-T1;GlimmerHMM}
397117	397010	internal-	6	5	{GeneMark_model.4094_t;GeneMark},{Augustus_model.g3189.t1;Augustus},{GlimmerHMM_glimmerT_3834-T1;GlimmerHMM}
397179	397118	INTRON			{GeneMark_model.4094_t;GeneMark},{Augustus_model.g3189.t1;Augustus},{GlimmerHMM_glimmerT_3834-T1;GlimmerHMM}
398206	397180	internal-	5	5	{GeneMark_model.4094_t;GeneMark},{Augustus_model.g3189.t1;Augustus},{GlimmerHMM_glimmerT_3834-T1;GlimmerHMM}
398268	398207	INTRON			{GeneMark_model.4094_t;GeneMark},{Augustus_model.g3189.t1;Augustus},{GlimmerHMM_glimmerT_3834-T1;GlimmerHMM}
398386	398269	initial-	4	4	{GeneMark_model.4094_t;GeneMark},{Augustus_model.g3189.t1;Augustus},{GlimmerHMM_glimmerT_3834-T1;GlimmerHMM}

# EVM prediction: Mode:STANDARD S-ratio: 6.05 398967-402669 orient(-) score(13062.00) noncoding_equivalent(2158.00) raw_noncoding(2272.00) offset(114.00)
400210	398967	terminal-	5	6	{GlimmerHMM_glimmerT_3835-T1;GlimmerHMM},{GeneMark_model.4095_t;GeneMark},{Augustus_model.g3190.t1;Augustus}
400282	400211	INTRON			{GlimmerHMM_glimmerT_3835-T1;GlimmerHMM},{GeneMark_model.4095_t;GeneMark},{Augustus_model.g3190.t1;Augustus}
400664	400283	internal-	4	4	{GlimmerHMM_glimmerT_3835-T1;GlimmerHMM},{GeneMark_model.4095_t;GeneMark},{Augustus_model.g3190.t1;Augustus}
400732	400665	INTRON			{GlimmerHMM_glimmerT_3835-T1;GlimmerHMM},{GeneMark_model.4095_t;GeneMark},{Augustus_model.g3190.t1;Augustus}
401761	400733	internal-	4	6	{GlimmerHMM_glimmerT_3835-T1;GlimmerHMM},{GeneMark_model.4095_t;GeneMark},{Augustus_model.g3190.t1;Augustus}
401832	401762	INTRON			{GlimmerHMM_glimmerT_3835-T1;GlimmerHMM},{GeneMark_model.4095_t;GeneMark},{Augustus_model.g3190.t1;Augustus}
402669	401833	initial-	4	6	{GeneMark_model.4095_t;GeneMark},{Augustus_model.g3190.t1;Augustus}

# EVM prediction: Mode:STANDARD S-ratio: 2.08 404223-405569 orient(-) score(4823.00) noncoding_equivalent(2324.27) raw_noncoding(2853.00) offset(528.73)
404291	404223	terminal-	4	6	{Augustus_model.g3191.t1;Augustus},{GeneMark_model.4096_t;GeneMark},{GlimmerHMM_glimmerT_3836-T1;GlimmerHMM}
404357	404292	INTRON			{Augustus_model.g3191.t1;Augustus},{GeneMark_model.4096_t;GeneMark},{GlimmerHMM_glimmerT_3836-T1;GlimmerHMM},{ev_type:exonerate/ID=match.2566964.3631/Target=lcl|PJQD01000093_1_prot_POY70967_1_6752;exonerate}
404447	404358	internal-	4	6	{Augustus_model.g3191.t1;Augustus},{GeneMark_model.4096_t;GeneMark},{GlimmerHMM_glimmerT_3836-T1;GlimmerHMM},{ev_type:exonerate/ID=match.2566964.3631/Target=lcl|PJQD01000093_1_prot_POY70967_1_6752;exonerate}
404515	404448	INTRON			{Augustus_model.g3191.t1;Augustus},{GeneMark_model.4096_t;GeneMark},{GlimmerHMM_glimmerT_3836-T1;GlimmerHMM},{ev_type:exonerate/ID=match.2566964.3631/Target=lcl|PJQD01000093_1_prot_POY70967_1_6752;exonerate}
404590	404516	internal-	4	6	{Augustus_model.g3191.t1;Augustus},{GeneMark_model.4096_t;GeneMark},{GlimmerHMM_glimmerT_3836-T1;GlimmerHMM},{ev_type:exonerate/ID=match.2566964.3631/Target=lcl|PJQD01000093_1_prot_POY70967_1_6752;exonerate}
404662	404591	INTRON			{Augustus_model.g3191.t1;Augustus},{GeneMark_model.4096_t;GeneMark},{GlimmerHMM_glimmerT_3836-T1;GlimmerHMM},{ev_type:exonerate/ID=match.2566964.3631/Target=lcl|PJQD01000093_1_prot_POY70967_1_6752;exonerate}
404860	404663	internal-	4	6	{Augustus_model.g3191.t1;Augustus},{GeneMark_model.4096_t;GeneMark},{GlimmerHMM_glimmerT_3836-T1;GlimmerHMM}
404989	404861	INTRON			{Augustus_model.g3191.t1;Augustus},{GeneMark_model.4096_t;GeneMark},{GlimmerHMM_glimmerT_3836-T1;GlimmerHMM}
405077	404990	internal-	6	6	{Augustus_model.g3191.t1;Augustus},{GeneMark_model.4096_t;GeneMark},{GlimmerHMM_glimmerT_3836-T1;GlimmerHMM}
405324	405078	INTRON			{Augustus_model.g3191.t1;Augustus},{GeneMark_model.4096_t;GeneMark},{GlimmerHMM_glimmerT_3836-T1;GlimmerHMM}
405569	405325	initial-	4	5	{Augustus_model.g3191.t1;Augustus},{GeneMark_model.4096_t;GeneMark},{GlimmerHMM_glimmerT_3836-T1;GlimmerHMM}

# EVM prediction: Mode:STANDARD S-ratio: 1.40 406026-406684 orient(-) score(1947.00) noncoding_equivalent(1395.00) raw_noncoding(1766.00) offset(371.00)
406129	406026	terminal-	5	6	{Augustus_model.g3192.t1;Augustus},{GeneMark_model.4097_t;GeneMark},{GlimmerHMM_glimmerT_3837-T1;GlimmerHMM}
406247	406130	INTRON			{Augustus_model.g3192.t1;Augustus},{GeneMark_model.4097_t;GeneMark},{GlimmerHMM_glimmerT_3837-T1;GlimmerHMM}
406313	406248	internal-	5	4	{Augustus_model.g3192.t1;Augustus},{GeneMark_model.4097_t;GeneMark},{GlimmerHMM_glimmerT_3837-T1;GlimmerHMM}
406427	406314	INTRON			{Augustus_model.g3192.t1;Augustus},{GeneMark_model.4097_t;GeneMark},{GlimmerHMM_glimmerT_3837-T1;GlimmerHMM}
406489	406428	internal-	6	4	{Augustus_model.g3192.t1;Augustus},{GeneMark_model.4097_t;GeneMark},{GlimmerHMM_glimmerT_3837-T1;GlimmerHMM}
406616	406490	INTRON			{Augustus_model.g3192.t1;Augustus},{GeneMark_model.4097_t;GeneMark},{GlimmerHMM_glimmerT_3837-T1;GlimmerHMM}
406684	406617	initial-	4	5	{GlimmerHMM_glimmerT_3837-T1;GlimmerHMM}

# EVM prediction: Mode:STANDARD S-ratio: 3.36 407721-408706 orient(-) score(5089.00) noncoding_equivalent(1515.81) raw_noncoding(1834.82) offset(319.02)
407782	407721	terminal-	5	6	{HiQ_model.g3193.t1;HiQ},{GeneMark_model.4098_t;GeneMark},{GlimmerHMM_glimmerT_3838-T1;GlimmerHMM}
407858	407783	INTRON			{HiQ_model.g3193.t1;HiQ},{GeneMark_model.4098_t;GeneMark},{GlimmerHMM_glimmerT_3838-T1;GlimmerHMM},{ev_type:exonerate/ID=match.2566964.3630/Target=lcl|KQ954469_1_prot_KWU46020_1_1737;exonerate}
408249	407859	internal-	4	4	{HiQ_model.g3193.t1;HiQ},{GeneMark_model.4098_t;GeneMark},{GlimmerHMM_glimmerT_3838-T1;GlimmerHMM},{ev_type:exonerate/ID=match.2566964.3630/Target=lcl|KQ954469_1_prot_KWU46020_1_1737;exonerate}
408373	408250	INTRON			{HiQ_model.g3193.t1;HiQ},{GeneMark_model.4098_t;GeneMark},{GlimmerHMM_glimmerT_3838-T1;GlimmerHMM},{ev_type:exonerate/ID=match.2566964.3630/Target=lcl|KQ954469_1_prot_KWU46020_1_1737;exonerate}
408706	408374	initial-	4	6	{HiQ_model.g3193.t1;HiQ},{GeneMark_model.4098_t;GeneMark},{GlimmerHMM_glimmerT_3838-T1;GlimmerHMM}

# EVM prediction: Mode:STANDARD S-ratio: 8.17 409548-413571 orient(+) score(14453.00) noncoding_equivalent(1768.33) raw_noncoding(2437.00) offset(668.67)
409548	409594	initial+	1	2	{GeneMark_model.4099_t;GeneMark},{Augustus_model.g3194.t1;Augustus},{GlimmerHMM_glimmerT_3839-T1;GlimmerHMM}
409595	409721	INTRON			{GeneMark_model.4099_t;GeneMark},{Augustus_model.g3194.t1;Augustus}
409722	409950	internal+	3	3	{GeneMark_model.4099_t;GeneMark},{Augustus_model.g3194.t1;Augustus}
409951	410016	INTRON			{GeneMark_model.4099_t;GeneMark},{Augustus_model.g3194.t1;Augustus}
410017	410108	internal+	1	2	{GeneMark_model.4099_t;GeneMark},{Augustus_model.g3194.t1;Augustus}
410109	410175	INTRON			{GeneMark_model.4099_t;GeneMark},{Augustus_model.g3194.t1;Augustus}
410176	410337	internal+	3	2	{GeneMark_model.4099_t;GeneMark},{Augustus_model.g3194.t1;Augustus}
410338	410410	INTRON			{GeneMark_model.4099_t;GeneMark},{Augustus_model.g3194.t1;Augustus}
410411	410523	internal+	3	1	{GeneMark_model.4099_t;GeneMark},{Augustus_model.g3194.t1;Augustus},{GlimmerHMM_glimmerT_3839-T1;GlimmerHMM}
410524	410590	INTRON			{GeneMark_model.4099_t;GeneMark},{Augustus_model.g3194.t1;Augustus},{GlimmerHMM_glimmerT_3839-T1;GlimmerHMM}
410591	413571	terminal+	2	3	{GeneMark_model.4099_t;GeneMark},{Augustus_model.g3194.t1;Augustus},{snap_scaffold_9-snap.177-T1;snap},{GlimmerHMM_glimmerT_3839-T1;GlimmerHMM}

# EVM prediction: Mode:STANDARD S-ratio: 1.97 413847-414492 orient(+) score(1713.00) noncoding_equivalent(871.55) raw_noncoding(1039.84) offset(168.28)
413847	414276	initial+	1	1	{GeneMark_model.4100_t;GeneMark},{Augustus_model.g3195.t1;Augustus}
414277	414364	INTRON			{GeneMark_model.4100_t;GeneMark},{Augustus_model.g3195.t1;Augustus}
414365	414492	terminal+	2	3	{GeneMark_model.4100_t;GeneMark}

# EVM prediction: Mode:STANDARD S-ratio: 5.15 416552-419460 orient(-) score(26105.00) noncoding_equivalent(5067.46) raw_noncoding(7004.00) offset(1936.54)
416671	416552	terminal-	4	6	{GlimmerHMM_glimmerT_3841-T1;GlimmerHMM},{HiQ_model.g3196.t1;HiQ},{GeneMark_model.4102_t;GeneMark}
416767	416672	INTRON			{HiQ_model.g3196.t1;HiQ},{GeneMark_model.4102_t;GeneMark},{ev_type:exonerate/ID=match.2566964.1723/Target=lcl|LCTV02000006_1_prot_PRQ74244_1_6229;exonerate},{ev_type:exonerate/ID=match.2566964.1721/Target=lcl|KQ954469_1_prot_KWU46025_1_1742;exonerate},{ev_type:exonerate/ID=match.2566964.3501/Target=lcl|PJQD01000093_1_prot_POY70959_1_6744;exonerate},{ev_type:exonerate/ID=match.2566964.3505/Target=lcl|NW_017264937_1_prot_XP_018269680_1_5083;exonerate}
416800	416768	internal-	4	6	{HiQ_model.g3196.t1;HiQ},{GeneMark_model.4102_t;GeneMark},{ev_type:exonerate/ID=match.2566964.1723/Target=lcl|LCTV02000006_1_prot_PRQ74244_1_6229;exonerate},{ev_type:exonerate/ID=match.2566964.1721/Target=lcl|KQ954469_1_prot_KWU46025_1_1742;exonerate},{ev_type:exonerate/ID=match.2566964.3501/Target=lcl|PJQD01000093_1_prot_POY70959_1_6744;exonerate},{ev_type:exonerate/ID=match.2566964.3505/Target=lcl|NW_017264937_1_prot_XP_018269680_1_5083;exonerate}
416879	416801	INTRON			{HiQ_model.g3196.t1;HiQ},{GeneMark_model.4102_t;GeneMark},{ev_type:exonerate/ID=match.2566964.1723/Target=lcl|LCTV02000006_1_prot_PRQ74244_1_6229;exonerate},{ev_type:exonerate/ID=match.2566964.1721/Target=lcl|KQ954469_1_prot_KWU46025_1_1742;exonerate},{ev_type:exonerate/ID=match.2566964.3501/Target=lcl|PJQD01000093_1_prot_POY70959_1_6744;exonerate},{ev_type:exonerate/ID=match.2566964.3505/Target=lcl|NW_017264937_1_prot_XP_018269680_1_5083;exonerate}
417438	416880	internal-	6	6	{HiQ_model.g3196.t1;HiQ},{GeneMark_model.4102_t;GeneMark},{ev_type:exonerate/ID=match.2566964.1723/Target=lcl|LCTV02000006_1_prot_PRQ74244_1_6229;exonerate},{ev_type:exonerate/ID=match.2566964.1721/Target=lcl|KQ954469_1_prot_KWU46025_1_1742;exonerate},{ev_type:exonerate/ID=match.2566964.3501/Target=lcl|PJQD01000093_1_prot_POY70959_1_6744;exonerate},{ev_type:exonerate/ID=match.2566964.3505/Target=lcl|NW_017264937_1_prot_XP_018269680_1_5083;exonerate}
417496	417439	INTRON			{HiQ_model.g3196.t1;HiQ},{GeneMark_model.4102_t;GeneMark},{ev_type:exonerate/ID=match.2566964.1723/Target=lcl|LCTV02000006_1_prot_PRQ74244_1_6229;exonerate},{ev_type:exonerate/ID=match.2566964.1721/Target=lcl|KQ954469_1_prot_KWU46025_1_1742;exonerate},{ev_type:exonerate/ID=match.2566964.3501/Target=lcl|PJQD01000093_1_prot_POY70959_1_6744;exonerate},{ev_type:exonerate/ID=match.2566964.3505/Target=lcl|NW_017264937_1_prot_XP_018269680_1_5083;exonerate},{ev_type:exonerate/ID=match.2566964.1722/Target=lcl|BJWK01000011_1_prot_GEM10594_1_4611;exonerate}
417800	417497	internal-	5	5	{HiQ_model.g3196.t1;HiQ},{GeneMark_model.4102_t;GeneMark},{ev_type:exonerate/ID=match.2566964.1723/Target=lcl|LCTV02000006_1_prot_PRQ74244_1_6229;exonerate},{ev_type:exonerate/ID=match.2566964.1721/Target=lcl|KQ954469_1_prot_KWU46025_1_1742;exonerate},{ev_type:exonerate/ID=match.2566964.3501/Target=lcl|PJQD01000093_1_prot_POY70959_1_6744;exonerate},{ev_type:exonerate/ID=match.2566964.3505/Target=lcl|NW_017264937_1_prot_XP_018269680_1_5083;exonerate},{ev_type:exonerate/ID=match.2566964.1722/Target=lcl|BJWK01000011_1_prot_GEM10594_1_4611;exonerate}
417864	417801	INTRON			{GlimmerHMM_glimmerT_3841-T1;GlimmerHMM},{HiQ_model.g3196.t1;HiQ},{GeneMark_model.4102_t;GeneMark},{ev_type:exonerate/ID=match.2566964.1723/Target=lcl|LCTV02000006_1_prot_PRQ74244_1_6229;exonerate},{ev_type:exonerate/ID=match.2566964.1721/Target=lcl|KQ954469_1_prot_KWU46025_1_1742;exonerate},{ev_type:exonerate/ID=match.2566964.3501/Target=lcl|PJQD01000093_1_prot_POY70959_1_6744;exonerate},{ev_type:exonerate/ID=match.2566964.3505/Target=lcl|NW_017264937_1_prot_XP_018269680_1_5083;exonerate},{ev_type:exonerate/ID=match.2566964.1722/Target=lcl|BJWK01000011_1_prot_GEM10594_1_4611;exonerate}
418021	417865	internal-	4	4	{GlimmerHMM_glimmerT_3841-T1;GlimmerHMM},{HiQ_model.g3196.t1;HiQ},{GeneMark_model.4102_t;GeneMark},{ev_type:exonerate/ID=match.2566964.1723/Target=lcl|LCTV02000006_1_prot_PRQ74244_1_6229;exonerate},{ev_type:exonerate/ID=match.2566964.1721/Target=lcl|KQ954469_1_prot_KWU46025_1_1742;exonerate},{ev_type:exonerate/ID=match.2566964.3505/Target=lcl|NW_017264937_1_prot_XP_018269680_1_5083;exonerate},{ev_type:exonerate/ID=match.2566964.1722/Target=lcl|BJWK01000011_1_prot_GEM10594_1_4611;exonerate}
418075	418022	INTRON			{GlimmerHMM_glimmerT_3841-T1;GlimmerHMM},{HiQ_model.g3196.t1;HiQ},{GeneMark_model.4102_t;GeneMark},{ev_type:exonerate/ID=match.2566964.1723/Target=lcl|LCTV02000006_1_prot_PRQ74244_1_6229;exonerate},{ev_type:exonerate/ID=match.2566964.1721/Target=lcl|KQ954469_1_prot_KWU46025_1_1742;exonerate},{ev_type:exonerate/ID=match.2566964.3505/Target=lcl|NW_017264937_1_prot_XP_018269680_1_5083;exonerate},{ev_type:exonerate/ID=match.2566964.1722/Target=lcl|BJWK01000011_1_prot_GEM10594_1_4611;exonerate}
418480	418076	internal-	4	6	{GlimmerHMM_glimmerT_3841-T1;GlimmerHMM},{HiQ_model.g3196.t1;HiQ},{GeneMark_model.4102_t;GeneMark},{ev_type:exonerate/ID=match.2566964.1723/Target=lcl|LCTV02000006_1_prot_PRQ74244_1_6229;exonerate},{ev_type:exonerate/ID=match.2566964.1721/Target=lcl|KQ954469_1_prot_KWU46025_1_1742;exonerate},{ev_type:exonerate/ID=match.2566964.3501/Target=lcl|PJQD01000093_1_prot_POY70959_1_6744;exonerate},{ev_type:exonerate/ID=match.2566964.3505/Target=lcl|NW_017264937_1_prot_XP_018269680_1_5083;exonerate},{ev_type:exonerate/ID=match.2566964.1722/Target=lcl|BJWK01000011_1_prot_GEM10594_1_4611;exonerate}
418541	418481	INTRON			{GlimmerHMM_glimmerT_3841-T1;GlimmerHMM},{HiQ_model.g3196.t1;HiQ},{GeneMark_model.4102_t;GeneMark},{ev_type:exonerate/ID=match.2566964.1723/Target=lcl|LCTV02000006_1_prot_PRQ74244_1_6229;exonerate},{ev_type:exonerate/ID=match.2566964.1721/Target=lcl|KQ954469_1_prot_KWU46025_1_1742;exonerate},{ev_type:exonerate/ID=match.2566964.3501/Target=lcl|PJQD01000093_1_prot_POY70959_1_6744;exonerate},{ev_type:exonerate/ID=match.2566964.3505/Target=lcl|NW_017264937_1_prot_XP_018269680_1_5083;exonerate},{ev_type:exonerate/ID=match.2566964.1722/Target=lcl|BJWK01000011_1_prot_GEM10594_1_4611;exonerate}
418664	418542	internal-	4	6	{GlimmerHMM_glimmerT_3841-T1;GlimmerHMM},{HiQ_model.g3196.t1;HiQ},{GeneMark_model.4102_t;GeneMark},{ev_type:exonerate/ID=match.2566964.1723/Target=lcl|LCTV02000006_1_prot_PRQ74244_1_6229;exonerate},{ev_type:exonerate/ID=match.2566964.1721/Target=lcl|KQ954469_1_prot_KWU46025_1_1742;exonerate},{ev_type:exonerate/ID=match.2566964.3501/Target=lcl|PJQD01000093_1_prot_POY70959_1_6744;exonerate},{ev_type:exonerate/ID=match.2566964.3505/Target=lcl|NW_017264937_1_prot_XP_018269680_1_5083;exonerate},{ev_type:exonerate/ID=match.2566964.1722/Target=lcl|BJWK01000011_1_prot_GEM10594_1_4611;exonerate}
418730	418665	INTRON			{GlimmerHMM_glimmerT_3841-T1;GlimmerHMM},{HiQ_model.g3196.t1;HiQ},{GeneMark_model.4102_t;GeneMark},{ev_type:exonerate/ID=match.2566964.1723/Target=lcl|LCTV02000006_1_prot_PRQ74244_1_6229;exonerate},{ev_type:exonerate/ID=match.2566964.1721/Target=lcl|KQ954469_1_prot_KWU46025_1_1742;exonerate},{ev_type:exonerate/ID=match.2566964.3501/Target=lcl|PJQD01000093_1_prot_POY70959_1_6744;exonerate},{ev_type:exonerate/ID=match.2566964.3505/Target=lcl|NW_017264937_1_prot_XP_018269680_1_5083;exonerate},{ev_type:exonerate/ID=match.2566964.1722/Target=lcl|BJWK01000011_1_prot_GEM10594_1_4611;exonerate}
418857	418731	internal-	6	6	{GlimmerHMM_glimmerT_3841-T1;GlimmerHMM},{HiQ_model.g3196.t1;HiQ},{GeneMark_model.4102_t;GeneMark},{ev_type:exonerate/ID=match.2566964.1723/Target=lcl|LCTV02000006_1_prot_PRQ74244_1_6229;exonerate},{ev_type:exonerate/ID=match.2566964.1721/Target=lcl|KQ954469_1_prot_KWU46025_1_1742;exonerate},{ev_type:exonerate/ID=match.2566964.3501/Target=lcl|PJQD01000093_1_prot_POY70959_1_6744;exonerate},{ev_type:exonerate/ID=match.2566964.3505/Target=lcl|NW_017264937_1_prot_XP_018269680_1_5083;exonerate},{ev_type:exonerate/ID=match.2566964.1722/Target=lcl|BJWK01000011_1_prot_GEM10594_1_4611;exonerate}
418942	418858	INTRON			{GlimmerHMM_glimmerT_3841-T1;GlimmerHMM},{HiQ_model.g3196.t1;HiQ},{GeneMark_model.4102_t;GeneMark},{ev_type:exonerate/ID=match.2566964.1723/Target=lcl|LCTV02000006_1_prot_PRQ74244_1_6229;exonerate},{ev_type:exonerate/ID=match.2566964.1721/Target=lcl|KQ954469_1_prot_KWU46025_1_1742;exonerate},{ev_type:exonerate/ID=match.2566964.3501/Target=lcl|PJQD01000093_1_prot_POY70959_1_6744;exonerate},{ev_type:exonerate/ID=match.2566964.3505/Target=lcl|NW_017264937_1_prot_XP_018269680_1_5083;exonerate},{ev_type:exonerate/ID=match.2566964.1722/Target=lcl|BJWK01000011_1_prot_GEM10594_1_4611;exonerate}
418965	418943	internal-	4	5	{GlimmerHMM_glimmerT_3841-T1;GlimmerHMM},{HiQ_model.g3196.t1;HiQ},{GeneMark_model.4102_t;GeneMark},{ev_type:exonerate/ID=match.2566964.1723/Target=lcl|LCTV02000006_1_prot_PRQ74244_1_6229;exonerate},{ev_type:exonerate/ID=match.2566964.1721/Target=lcl|KQ954469_1_prot_KWU46025_1_1742;exonerate},{ev_type:exonerate/ID=match.2566964.3501/Target=lcl|PJQD01000093_1_prot_POY70959_1_6744;exonerate},{ev_type:exonerate/ID=match.2566964.3505/Target=lcl|NW_017264937_1_prot_XP_018269680_1_5083;exonerate},{ev_type:exonerate/ID=match.2566964.1722/Target=lcl|BJWK01000011_1_prot_GEM10594_1_4611;exonerate}
419313	418966	INTRON			{GlimmerHMM_glimmerT_3841-T1;GlimmerHMM},{HiQ_model.g3196.t1;HiQ},{GeneMark_model.4102_t;GeneMark},{ev_type:exonerate/ID=match.2566964.1723/Target=lcl|LCTV02000006_1_prot_PRQ74244_1_6229;exonerate},{ev_type:exonerate/ID=match.2566964.1721/Target=lcl|KQ954469_1_prot_KWU46025_1_1742;exonerate},{ev_type:exonerate/ID=match.2566964.3501/Target=lcl|PJQD01000093_1_prot_POY70959_1_6744;exonerate},{ev_type:exonerate/ID=match.2566964.3505/Target=lcl|NW_017264937_1_prot_XP_018269680_1_5083;exonerate},{ev_type:exonerate/ID=match.2566964.1722/Target=lcl|BJWK01000011_1_prot_GEM10594_1_4611;exonerate}
419460	419314	initial-	4	6	{GlimmerHMM_glimmerT_3841-T1;GlimmerHMM},{HiQ_model.g3196.t1;HiQ},{GeneMark_model.4102_t;GeneMark}

# EVM prediction: Mode:STANDARD S-ratio: 7.83 422586-423623 orient(+) score(6092.00) noncoding_equivalent(777.64) raw_noncoding(899.89) offset(122.25)
422586	422787	initial+	1	1	{GeneMark_model.4104_t;GeneMark},{Augustus_model.g3198.t1;Augustus},{GlimmerHMM_glimmerT_3842-T1;GlimmerHMM}
422788	422868	INTRON			{GeneMark_model.4104_t;GeneMark},{Augustus_model.g3198.t1;Augustus},{GlimmerHMM_glimmerT_3842-T1;GlimmerHMM}
422869	423449	internal+	2	3	{GeneMark_model.4104_t;GeneMark},{Augustus_model.g3198.t1;Augustus},{GlimmerHMM_glimmerT_3842-T1;GlimmerHMM}
423450	423533	INTRON			{GeneMark_model.4104_t;GeneMark},{Augustus_model.g3198.t1;Augustus},{GlimmerHMM_glimmerT_3842-T1;GlimmerHMM},{ev_type:exonerate/ID=match.2566964.3566/Target=lcl|PJQD01000093_1_prot_POY70957_1_6742;exonerate},{ev_type:exonerate/ID=match.2566964.3588/Target=lcl|NW_017264937_1_prot_XP_018269682_1_5085;exonerate},{ev_type:exonerate/ID=match.2566964.3584/Target=lcl|KQ954469_1_prot_KWU46027_1_1744;exonerate}
423534	423623	terminal+	1	3	{GeneMark_model.4104_t;GeneMark},{Augustus_model.g3198.t1;Augustus},{GlimmerHMM_glimmerT_3842-T1;GlimmerHMM}

# EVM prediction: Mode:STANDARD S-ratio: 6.22 423853-427006 orient(+) score(19552.00) noncoding_equivalent(3141.66) raw_noncoding(3925.57) offset(783.90)
423853	424192	initial+	1	1	{GlimmerHMM_glimmerT_3843-T1;GlimmerHMM},{Augustus_model.g3199.t1;Augustus}
424193	424265	INTRON			{GlimmerHMM_glimmerT_3843-T1;GlimmerHMM},{GeneMark_model.4105_t;GeneMark},{Augustus_model.g3199.t1;Augustus},{ev_type:exonerate/ID=match.2566964.1161/Target=lcl|PJQD01000093_1_prot_POY70956_1_6741;exonerate},{ev_type:exonerate/ID=match.2566964.1158/Target=lcl|KQ954469_1_prot_KWU46028_1_1745;exonerate},{ev_type:exonerate/ID=match.2566964.1165/Target=lcl|NW_017264937_1_prot_XP_018269683_1_5086;exonerate}
424266	424390	internal+	2	3	{GeneMark_model.4105_t;GeneMark},{Augustus_model.g3199.t1;Augustus},{ev_type:exonerate/ID=match.2566964.1161/Target=lcl|PJQD01000093_1_prot_POY70956_1_6741;exonerate},{ev_type:exonerate/ID=match.2566964.1158/Target=lcl|KQ954469_1_prot_KWU46028_1_1745;exonerate},{ev_type:exonerate/ID=match.2566964.1165/Target=lcl|NW_017264937_1_prot_XP_018269683_1_5086;exonerate}
424391	424511	INTRON			{GeneMark_model.4105_t;GeneMark},{Augustus_model.g3199.t1;Augustus},{ev_type:exonerate/ID=match.2566964.1161/Target=lcl|PJQD01000093_1_prot_POY70956_1_6741;exonerate},{ev_type:exonerate/ID=match.2566964.1158/Target=lcl|KQ954469_1_prot_KWU46028_1_1745;exonerate},{ev_type:exonerate/ID=match.2566964.1165/Target=lcl|NW_017264937_1_prot_XP_018269683_1_5086;exonerate}
424512	424626	internal+	1	1	{GeneMark_model.4105_t;GeneMark},{Augustus_model.g3199.t1;Augustus},{ev_type:exonerate/ID=match.2566964.1161/Target=lcl|PJQD01000093_1_prot_POY70956_1_6741;exonerate},{ev_type:exonerate/ID=match.2566964.1158/Target=lcl|KQ954469_1_prot_KWU46028_1_1745;exonerate},{ev_type:exonerate/ID=match.2566964.1165/Target=lcl|NW_017264937_1_prot_XP_018269683_1_5086;exonerate}
424627	424691	INTRON			{GlimmerHMM_glimmerT_3843-T1;GlimmerHMM},{GeneMark_model.4105_t;GeneMark},{Augustus_model.g3199.t1;Augustus},{ev_type:exonerate/ID=match.2566964.1161/Target=lcl|PJQD01000093_1_prot_POY70956_1_6741;exonerate},{ev_type:exonerate/ID=match.2566964.1158/Target=lcl|KQ954469_1_prot_KWU46028_1_1745;exonerate},{ev_type:exonerate/ID=match.2566964.1165/Target=lcl|NW_017264937_1_prot_XP_018269683_1_5086;exonerate}
424692	425415	internal+	2	2	{GlimmerHMM_glimmerT_3843-T1;GlimmerHMM},{GeneMark_model.4105_t;GeneMark},{Augustus_model.g3199.t1;Augustus},{ev_type:exonerate/ID=match.2566964.1161/Target=lcl|PJQD01000093_1_prot_POY70956_1_6741;exonerate},{ev_type:exonerate/ID=match.2566964.1158/Target=lcl|KQ954469_1_prot_KWU46028_1_1745;exonerate},{ev_type:exonerate/ID=match.2566964.1165/Target=lcl|NW_017264937_1_prot_XP_018269683_1_5086;exonerate}
425416	425496	INTRON			{GlimmerHMM_glimmerT_3843-T1;GlimmerHMM},{Augustus_model.g3199.t1;Augustus},{ev_type:exonerate/ID=match.2566964.1161/Target=lcl|PJQD01000093_1_prot_POY70956_1_6741;exonerate},{ev_type:exonerate/ID=match.2566964.1158/Target=lcl|KQ954469_1_prot_KWU46028_1_1745;exonerate},{ev_type:exonerate/ID=match.2566964.1165/Target=lcl|NW_017264937_1_prot_XP_018269683_1_5086;exonerate}
425497	425636	internal+	3	1	{Augustus_model.g3199.t1;Augustus},{ev_type:exonerate/ID=match.2566964.1161/Target=lcl|PJQD01000093_1_prot_POY70956_1_6741;exonerate},{ev_type:exonerate/ID=match.2566964.1158/Target=lcl|KQ954469_1_prot_KWU46028_1_1745;exonerate},{ev_type:exonerate/ID=match.2566964.1165/Target=lcl|NW_017264937_1_prot_XP_018269683_1_5086;exonerate}
425637	425715	INTRON			{GeneMark_model.4105_t;GeneMark},{Augustus_model.g3199.t1;Augustus},{ev_type:exonerate/ID=match.2566964.1161/Target=lcl|PJQD01000093_1_prot_POY70956_1_6741;exonerate},{ev_type:exonerate/ID=match.2566964.1158/Target=lcl|KQ954469_1_prot_KWU46028_1_1745;exonerate},{ev_type:exonerate/ID=match.2566964.1165/Target=lcl|NW_017264937_1_prot_XP_018269683_1_5086;exonerate}
425716	425813	internal+	2	3	{GlimmerHMM_glimmerT_3843-T1;GlimmerHMM},{GeneMark_model.4105_t;GeneMark},{Augustus_model.g3199.t1;Augustus},{ev_type:exonerate/ID=match.2566964.1161/Target=lcl|PJQD01000093_1_prot_POY70956_1_6741;exonerate},{ev_type:exonerate/ID=match.2566964.1158/Target=lcl|KQ954469_1_prot_KWU46028_1_1745;exonerate},{ev_type:exonerate/ID=match.2566964.1165/Target=lcl|NW_017264937_1_prot_XP_018269683_1_5086;exonerate}
425814	425884	INTRON			{GlimmerHMM_glimmerT_3843-T1;GlimmerHMM},{GeneMark_model.4105_t;GeneMark},{Augustus_model.g3199.t1;Augustus},{ev_type:exonerate/ID=match.2566964.1161/Target=lcl|PJQD01000093_1_prot_POY70956_1_6741;exonerate},{ev_type:exonerate/ID=match.2566964.1158/Target=lcl|KQ954469_1_prot_KWU46028_1_1745;exonerate},{ev_type:exonerate/ID=match.2566964.1165/Target=lcl|NW_017264937_1_prot_XP_018269683_1_5086;exonerate}
425885	426264	internal+	1	2	{GlimmerHMM_glimmerT_3843-T1;GlimmerHMM},{GeneMark_model.4105_t;GeneMark},{Augustus_model.g3199.t1;Augustus},{ev_type:exonerate/ID=match.2566964.1161/Target=lcl|PJQD01000093_1_prot_POY70956_1_6741;exonerate},{ev_type:exonerate/ID=match.2566964.1158/Target=lcl|KQ954469_1_prot_KWU46028_1_1745;exonerate},{ev_type:exonerate/ID=match.2566964.1165/Target=lcl|NW_017264937_1_prot_XP_018269683_1_5086;exonerate}
426265	426332	INTRON			{GlimmerHMM_glimmerT_3843-T1;GlimmerHMM},{GeneMark_model.4105_t;GeneMark},{Augustus_model.g3199.t1;Augustus},{ev_type:exonerate/ID=match.2566964.1161/Target=lcl|PJQD01000093_1_prot_POY70956_1_6741;exonerate},{ev_type:exonerate/ID=match.2566964.1158/Target=lcl|KQ954469_1_prot_KWU46028_1_1745;exonerate},{ev_type:exonerate/ID=match.2566964.1165/Target=lcl|NW_017264937_1_prot_XP_018269683_1_5086;exonerate}
426333	426477	internal+	3	3	{GlimmerHMM_glimmerT_3843-T1;GlimmerHMM},{GeneMark_model.4105_t;GeneMark},{Augustus_model.g3199.t1;Augustus},{ev_type:exonerate/ID=match.2566964.1161/Target=lcl|PJQD01000093_1_prot_POY70956_1_6741;exonerate},{ev_type:exonerate/ID=match.2566964.1158/Target=lcl|KQ954469_1_prot_KWU46028_1_1745;exonerate},{ev_type:exonerate/ID=match.2566964.1165/Target=lcl|NW_017264937_1_prot_XP_018269683_1_5086;exonerate}
426478	426540	INTRON			{GlimmerHMM_glimmerT_3843-T1;GlimmerHMM},{GeneMark_model.4105_t;GeneMark},{Augustus_model.g3199.t1;Augustus},{ev_type:exonerate/ID=match.2566964.1161/Target=lcl|PJQD01000093_1_prot_POY70956_1_6741;exonerate},{ev_type:exonerate/ID=match.2566964.1158/Target=lcl|KQ954469_1_prot_KWU46028_1_1745;exonerate},{ev_type:exonerate/ID=match.2566964.1165/Target=lcl|NW_017264937_1_prot_XP_018269683_1_5086;exonerate}
426541	426617	internal+	1	2	{GlimmerHMM_glimmerT_3843-T1;GlimmerHMM},{GeneMark_model.4105_t;GeneMark},{Augustus_model.g3199.t1;Augustus},{ev_type:exonerate/ID=match.2566964.1161/Target=lcl|PJQD01000093_1_prot_POY70956_1_6741;exonerate},{ev_type:exonerate/ID=match.2566964.1158/Target=lcl|KQ954469_1_prot_KWU46028_1_1745;exonerate},{ev_type:exonerate/ID=match.2566964.1165/Target=lcl|NW_017264937_1_prot_XP_018269683_1_5086;exonerate}
426618	426684	INTRON			{GlimmerHMM_glimmerT_3843-T1;GlimmerHMM},{GeneMark_model.4105_t;GeneMark},{Augustus_model.g3199.t1;Augustus},{ev_type:exonerate/ID=match.2566964.1161/Target=lcl|PJQD01000093_1_prot_POY70956_1_6741;exonerate},{ev_type:exonerate/ID=match.2566964.1158/Target=lcl|KQ954469_1_prot_KWU46028_1_1745;exonerate},{ev_type:exonerate/ID=match.2566964.1165/Target=lcl|NW_017264937_1_prot_XP_018269683_1_5086;exonerate}
426685	427006	terminal+	3	3	{GlimmerHMM_glimmerT_3843-T1;GlimmerHMM}

# EVM prediction: Mode:STANDARD S-ratio: 2.17 427568-429431 orient(+) score(6064.00) noncoding_equivalent(2795.41) raw_noncoding(3478.00) offset(682.59)
427568	427577	initial+	1	1	{GlimmerHMM_glimmerT_3844-T1;GlimmerHMM}
427578	427684	INTRON			{GeneMark_model.4105_t;GeneMark},{Augustus_model.g3199.t1;Augustus},{GlimmerHMM_glimmerT_3844-T1;GlimmerHMM}
427685	427816	internal+	2	1	{GeneMark_model.4105_t;GeneMark},{Augustus_model.g3199.t1;Augustus},{GlimmerHMM_glimmerT_3844-T1;GlimmerHMM}
427817	427878	INTRON			{GeneMark_model.4105_t;GeneMark},{Augustus_model.g3199.t1;Augustus},{GlimmerHMM_glimmerT_3844-T1;GlimmerHMM}
427879	427960	internal+	2	2	{GeneMark_model.4105_t;GeneMark},{Augustus_model.g3199.t1;Augustus},{GlimmerHMM_glimmerT_3844-T1;GlimmerHMM}
427961	428020	INTRON			{GeneMark_model.4105_t;GeneMark},{Augustus_model.g3199.t1;Augustus},{GlimmerHMM_glimmerT_3844-T1;GlimmerHMM}
428021	428158	internal+	3	2	{GeneMark_model.4105_t;GeneMark},{Augustus_model.g3199.t1;Augustus},{GlimmerHMM_glimmerT_3844-T1;GlimmerHMM}
428159	428217	INTRON			{GeneMark_model.4105_t;GeneMark},{Augustus_model.g3199.t1;Augustus},{GlimmerHMM_glimmerT_3844-T1;GlimmerHMM}
428218	428437	internal+	3	3	{GeneMark_model.4105_t;GeneMark},{Augustus_model.g3199.t1;Augustus},{GlimmerHMM_glimmerT_3844-T1;GlimmerHMM}
428438	428502	INTRON			{GeneMark_model.4105_t;GeneMark},{Augustus_model.g3199.t1;Augustus},{GlimmerHMM_glimmerT_3844-T1;GlimmerHMM}
428503	428682	internal+	1	3	{GeneMark_model.4105_t;GeneMark},{Augustus_model.g3199.t1;Augustus},{GlimmerHMM_glimmerT_3844-T1;GlimmerHMM}
428683	428976	INTRON			{GeneMark_model.4105_t;GeneMark},{Augustus_model.g3199.t1;Augustus},{GlimmerHMM_glimmerT_3844-T1;GlimmerHMM}
428977	429118	internal+	1	1	{GeneMark_model.4105_t;GeneMark},{Augustus_model.g3199.t1;Augustus},{GlimmerHMM_glimmerT_3844-T1;GlimmerHMM}
429119	429189	INTRON			{GeneMark_model.4105_t;GeneMark},{Augustus_model.g3199.t1;Augustus},{GlimmerHMM_glimmerT_3844-T1;GlimmerHMM}
429190	429431	terminal+	2	3	{snap_scaffold_9-snap.183-T1;snap},{GeneMark_model.4105_t;GeneMark},{Augustus_model.g3199.t1;Augustus},{GlimmerHMM_glimmerT_3844-T1;GlimmerHMM}

# EVM prediction: Mode:STANDARD S-ratio: 7.30 429846-431864 orient(+) score(11125.00) noncoding_equivalent(1524.27) raw_noncoding(1605.40) offset(81.13)
429846	430355	initial+	1	3	{Augustus_model.g3200.t1;Augustus},{GeneMark_model.4106_t;GeneMark},{GlimmerHMM_glimmerT_3845-T1;GlimmerHMM}
430356	430418	INTRON			{Augustus_model.g3200.t1;Augustus},{GeneMark_model.4106_t;GeneMark},{GlimmerHMM_glimmerT_3845-T1;GlimmerHMM},{ev_type:exonerate/ID=match.2566964.3516/Target=lcl|KQ954469_1_prot_KWU46030_1_1747;exonerate},{ev_type:exonerate/ID=match.2566964.3515/Target=lcl|PJQD01000049_1_prot_POY72396_1_4619;exonerate}
430419	430508	internal+	1	3	{Augustus_model.g3200.t1;Augustus},{GeneMark_model.4106_t;GeneMark},{GlimmerHMM_glimmerT_3845-T1;GlimmerHMM},{ev_type:exonerate/ID=match.2566964.3516/Target=lcl|KQ954469_1_prot_KWU46030_1_1747;exonerate},{ev_type:exonerate/ID=match.2566964.3515/Target=lcl|PJQD01000049_1_prot_POY72396_1_4619;exonerate}
430509	430590	INTRON			{Augustus_model.g3200.t1;Augustus},{GeneMark_model.4106_t;GeneMark},{snap_scaffold_9-snap.184-T1;snap},{GlimmerHMM_glimmerT_3845-T1;GlimmerHMM},{ev_type:exonerate/ID=match.2566964.3516/Target=lcl|KQ954469_1_prot_KWU46030_1_1747;exonerate},{ev_type:exonerate/ID=match.2566964.3515/Target=lcl|PJQD01000049_1_prot_POY72396_1_4619;exonerate}
430591	431542	internal+	1	1	{Augustus_model.g3200.t1;Augustus},{GeneMark_model.4106_t;GeneMark},{GlimmerHMM_glimmerT_3845-T1;GlimmerHMM},{ev_type:exonerate/ID=match.2566964.3516/Target=lcl|KQ954469_1_prot_KWU46030_1_1747;exonerate},{ev_type:exonerate/ID=match.2566964.3515/Target=lcl|PJQD01000049_1_prot_POY72396_1_4619;exonerate}
431543	431607	INTRON			{Augustus_model.g3200.t1;Augustus},{GeneMark_model.4106_t;GeneMark},{GlimmerHMM_glimmerT_3845-T1;GlimmerHMM},{ev_type:exonerate/ID=match.2566964.3516/Target=lcl|KQ954469_1_prot_KWU46030_1_1747;exonerate},{ev_type:exonerate/ID=match.2566964.3515/Target=lcl|PJQD01000049_1_prot_POY72396_1_4619;exonerate}
431608	431864	terminal+	2	3	{Augustus_model.g3200.t1;Augustus},{GeneMark_model.4106_t;GeneMark},{GlimmerHMM_glimmerT_3845-T1;GlimmerHMM}

# EVM prediction: Mode:STANDARD S-ratio: 4.48 432177-433723 orient(+) score(5256.00) noncoding_equivalent(1173.31) raw_noncoding(1307.00) offset(133.69)
432177	432299	initial+	1	3	{GeneMark_model.4107_t;GeneMark},{GlimmerHMM_glimmerT_3846-T1;GlimmerHMM},{Augustus_model.g3201.t1;Augustus}
432300	432363	INTRON			{GeneMark_model.4107_t;GeneMark},{GlimmerHMM_glimmerT_3846-T1;GlimmerHMM},{Augustus_model.g3201.t1;Augustus}
432364	433063	internal+	1	1	{GeneMark_model.4107_t;GeneMark},{GlimmerHMM_glimmerT_3846-T1;GlimmerHMM},{Augustus_model.g3201.t1;Augustus}
433064	433124	INTRON			{GeneMark_model.4107_t;GeneMark},{GlimmerHMM_glimmerT_3846-T1;GlimmerHMM},{Augustus_model.g3201.t1;Augustus}
433125	433723	terminal+	2	3	{snap_scaffold_9-snap.185-T1;snap},{GeneMark_model.4107_t;GeneMark},{GlimmerHMM_glimmerT_3846-T1;GlimmerHMM},{Augustus_model.g3201.t1;Augustus}

# EVM prediction: Mode:STANDARD S-ratio: 1.81 434409-437959 orient(+) score(9447.00) noncoding_equivalent(5205.68) raw_noncoding(5887.04) offset(681.36)
434409	435036	initial+	1	1	{GlimmerHMM_glimmerT_3847-T1;GlimmerHMM},{GeneMark_model.4108_t;GeneMark},{Augustus_model.g3202.t1;Augustus}
435037	435096	INTRON			{GlimmerHMM_glimmerT_3847-T1;GlimmerHMM},{GeneMark_model.4108_t;GeneMark},{Augustus_model.g3202.t1;Augustus}
435097	435879	internal+	2	1	{GeneMark_model.4108_t;GeneMark}
435880	435965	INTRON			{GeneMark_model.4108_t;GeneMark}
435966	436290	internal+	2	2	{GeneMark_model.4108_t;GeneMark},{Augustus_model.g3202.t1;Augustus}
436291	436354	INTRON			{GeneMark_model.4108_t;GeneMark},{Augustus_model.g3202.t1;Augustus}
436355	436757	internal+	3	3	{GlimmerHMM_glimmerT_3847-T1;GlimmerHMM},{GeneMark_model.4108_t;GeneMark},{Augustus_model.g3202.t1;Augustus}
436758	436820	INTRON			{GlimmerHMM_glimmerT_3847-T1;GlimmerHMM},{GeneMark_model.4108_t;GeneMark},{Augustus_model.g3202.t1;Augustus}
436821	436935	internal+	1	1	{GlimmerHMM_glimmerT_3847-T1;GlimmerHMM},{GeneMark_model.4108_t;GeneMark},{Augustus_model.g3202.t1;Augustus}
436936	437003	INTRON			{GlimmerHMM_glimmerT_3847-T1;GlimmerHMM},{GeneMark_model.4108_t;GeneMark},{Augustus_model.g3202.t1;Augustus}
437004	437174	internal+	2	1	{GlimmerHMM_glimmerT_3847-T1;GlimmerHMM},{GeneMark_model.4108_t;GeneMark},{Augustus_model.g3202.t1;Augustus}
437175	437233	INTRON			{GlimmerHMM_glimmerT_3847-T1;GlimmerHMM},{GeneMark_model.4108_t;GeneMark},{Augustus_model.g3202.t1;Augustus}
437234	437430	internal+	2	3	{GlimmerHMM_glimmerT_3847-T1;GlimmerHMM},{GeneMark_model.4108_t;GeneMark},{Augustus_model.g3202.t1;Augustus}
437431	437503	INTRON			{GlimmerHMM_glimmerT_3847-T1;GlimmerHMM},{GeneMark_model.4108_t;GeneMark},{Augustus_model.g3202.t1;Augustus}
437504	437959	terminal+	1	3	{GlimmerHMM_glimmerT_3847-T1;GlimmerHMM},{GeneMark_model.4108_t;GeneMark}

# EVM prediction: Mode:STANDARD S-ratio: 14.11 438257-440047 orient(+) score(6686.00) noncoding_equivalent(474.00) raw_noncoding(631.00) offset(157.00)
438257	438482	initial+	1	1	{GlimmerHMM_glimmerT_3848-T1;GlimmerHMM},{GeneMark_model.4109_t;GeneMark}
438483	438581	INTRON			{GlimmerHMM_glimmerT_3848-T1;GlimmerHMM},{Augustus_model.g3202.t1;Augustus}
438582	440047	terminal+	2	3	{GlimmerHMM_glimmerT_3848-T1;GlimmerHMM},{snap_scaffold_9-snap.187-T1;snap}

# EVM prediction: Mode:STANDARD S-ratio: 3.24 440788-441490 orient(+) score(2238.00) noncoding_equivalent(690.69) raw_noncoding(997.39) offset(306.70)
440788	440841	initial+	1	3	{GeneMark_model.4110_t;GeneMark},{Augustus_model.g3203.t1;Augustus},{GlimmerHMM_glimmerT_3849-T1;GlimmerHMM}
440842	440906	INTRON			{GeneMark_model.4110_t;GeneMark},{Augustus_model.g3203.t1;Augustus}
440907	440921	internal+	1	3	{GeneMark_model.4110_t;GeneMark},{Augustus_model.g3203.t1;Augustus}
440922	440983	INTRON			{GeneMark_model.4110_t;GeneMark},{Augustus_model.g3203.t1;Augustus}
440984	441246	internal+	1	2	{GeneMark_model.4110_t;GeneMark},{Augustus_model.g3203.t1;Augustus},{GlimmerHMM_glimmerT_3849-T1;GlimmerHMM}
441247	441309	INTRON			{GeneMark_model.4110_t;GeneMark},{Augustus_model.g3203.t1;Augustus},{GlimmerHMM_glimmerT_3849-T1;GlimmerHMM}
441310	441490	terminal+	3	3	{GeneMark_model.4110_t;GeneMark},{Augustus_model.g3203.t1;Augustus},{GlimmerHMM_glimmerT_3849-T1;GlimmerHMM}

# EVM prediction: Mode:STANDARD S-ratio: 198.90 442023-442433 orient(+) score(1636.00) noncoding_equivalent(8.23) raw_noncoding(8.23) offset(0.00)
442023	442433	single+	1	3	{GlimmerHMM_glimmerT_3850-T1;GlimmerHMM}

# EVM prediction: Mode:STANDARD S-ratio: 2.93 442516-443998 orient(+) score(4716.00) noncoding_equivalent(1612.01) raw_noncoding(2108.01) offset(496.00)
442516	443203	initial+	1	1	{GlimmerHMM_glimmerT_3851-T1;GlimmerHMM}
443204	443266	INTRON			{GlimmerHMM_glimmerT_3851-T1;GlimmerHMM},{Augustus_model.g3204.t1;Augustus},{GeneMark_model.4111_t;GeneMark}
443267	443337	internal+	2	3	{GlimmerHMM_glimmerT_3851-T1;GlimmerHMM},{Augustus_model.g3204.t1;Augustus},{GeneMark_model.4111_t;GeneMark}
443338	443532	INTRON			{GlimmerHMM_glimmerT_3851-T1;GlimmerHMM},{Augustus_model.g3204.t1;Augustus}
443533	443705	internal+	1	2	{GlimmerHMM_glimmerT_3851-T1;GlimmerHMM},{Augustus_model.g3204.t1;Augustus},{GeneMark_model.4111_t;GeneMark}
443706	443783	INTRON			{GlimmerHMM_glimmerT_3851-T1;GlimmerHMM},{Augustus_model.g3204.t1;Augustus},{GeneMark_model.4111_t;GeneMark}
443784	443910	internal+	3	3	{GlimmerHMM_glimmerT_3851-T1;GlimmerHMM},{Augustus_model.g3204.t1;Augustus},{GeneMark_model.4111_t;GeneMark}
443911	443974	INTRON			{GlimmerHMM_glimmerT_3851-T1;GlimmerHMM},{Augustus_model.g3204.t1;Augustus},{GeneMark_model.4111_t;GeneMark}
443975	443998	terminal+	1	3	{GlimmerHMM_glimmerT_3851-T1;GlimmerHMM},{GeneMark_model.4111_t;GeneMark}

# EVM prediction: Mode:STANDARD S-ratio: 4.45 444990-446500 orient(+) score(5567.00) noncoding_equivalent(1250.28) raw_noncoding(1403.00) offset(152.72)
444990	445377	initial+	1	1	{GeneMark_model.4112_t;GeneMark},{GlimmerHMM_glimmerT_3852-T1;GlimmerHMM}
445378	445449	INTRON			{Augustus_model.g3204.t1;Augustus},{GeneMark_model.4112_t;GeneMark},{GlimmerHMM_glimmerT_3852-T1;GlimmerHMM}
445450	445670	internal+	2	3	{Augustus_model.g3204.t1;Augustus},{GeneMark_model.4112_t;GeneMark},{GlimmerHMM_glimmerT_3852-T1;GlimmerHMM}
445671	445739	INTRON			{Augustus_model.g3204.t1;Augustus},{GeneMark_model.4112_t;GeneMark},{GlimmerHMM_glimmerT_3852-T1;GlimmerHMM}
445740	445819	internal+	1	2	{Augustus_model.g3204.t1;Augustus},{GeneMark_model.4112_t;GeneMark},{GlimmerHMM_glimmerT_3852-T1;GlimmerHMM}
445820	445886	INTRON			{Augustus_model.g3204.t1;Augustus},{GeneMark_model.4112_t;GeneMark},{GlimmerHMM_glimmerT_3852-T1;GlimmerHMM}
445887	446026	internal+	3	1	{Augustus_model.g3204.t1;Augustus},{GeneMark_model.4112_t;GeneMark},{GlimmerHMM_glimmerT_3852-T1;GlimmerHMM}
446027	446087	INTRON			{Augustus_model.g3204.t1;Augustus},{GeneMark_model.4112_t;GeneMark},{GlimmerHMM_glimmerT_3852-T1;GlimmerHMM}
446088	446168	internal+	2	1	{Augustus_model.g3204.t1;Augustus},{GeneMark_model.4112_t;GeneMark},{GlimmerHMM_glimmerT_3852-T1;GlimmerHMM}
446169	446234	INTRON			{Augustus_model.g3204.t1;Augustus},{GeneMark_model.4112_t;GeneMark},{GlimmerHMM_glimmerT_3852-T1;GlimmerHMM},{snap_scaffold_9-snap.192-T1;snap}
446235	446500	terminal+	2	3	{Augustus_model.g3204.t1;Augustus},{GeneMark_model.4112_t;GeneMark},{GlimmerHMM_glimmerT_3852-T1;GlimmerHMM},{snap_scaffold_9-snap.192-T1;snap}

# EVM prediction: Mode:STANDARD S-ratio: 1.94 447371-449700 orient(-) score(7677.00) noncoding_equivalent(3965.50) raw_noncoding(5223.29) offset(1257.79)
447462	447371	terminal-	5	6	{GlimmerHMM_glimmerT_3853-T1;GlimmerHMM},{Augustus_model.g3205.t1;Augustus},{GeneMark_model.4113_t;GeneMark}
447551	447463	INTRON			{GlimmerHMM_glimmerT_3853-T1;GlimmerHMM},{Augustus_model.g3205.t1;Augustus},{GeneMark_model.4113_t;GeneMark},{ev_type:exonerate/ID=match.2566964.2699/Target=lcl|PJQD01000049_1_prot_POY72403_1_4626;exonerate}
447627	447552	internal-	4	4	{GlimmerHMM_glimmerT_3853-T1;GlimmerHMM},{Augustus_model.g3205.t1;Augustus},{GeneMark_model.4113_t;GeneMark},{ev_type:exonerate/ID=match.2566964.2699/Target=lcl|PJQD01000049_1_prot_POY72403_1_4626;exonerate}
447700	447628	INTRON			{GlimmerHMM_glimmerT_3853-T1;GlimmerHMM},{Augustus_model.g3205.t1;Augustus},{GeneMark_model.4113_t;GeneMark},{ev_type:exonerate/ID=match.2566964.2699/Target=lcl|PJQD01000049_1_prot_POY72403_1_4626;exonerate}
447762	447701	internal-	5	6	{GlimmerHMM_glimmerT_3853-T1;GlimmerHMM},{Augustus_model.g3205.t1;Augustus},{GeneMark_model.4113_t;GeneMark},{ev_type:exonerate/ID=match.2566964.2699/Target=lcl|PJQD01000049_1_prot_POY72403_1_4626;exonerate}
447826	447763	INTRON			{GlimmerHMM_glimmerT_3853-T1;GlimmerHMM},{Augustus_model.g3205.t1;Augustus},{GeneMark_model.4113_t;GeneMark},{ev_type:exonerate/ID=match.2566964.2699/Target=lcl|PJQD01000049_1_prot_POY72403_1_4626;exonerate}
447979	447827	internal-	5	4	{GlimmerHMM_glimmerT_3853-T1;GlimmerHMM},{Augustus_model.g3205.t1;Augustus},{GeneMark_model.4113_t;GeneMark},{ev_type:exonerate/ID=match.2566964.2699/Target=lcl|PJQD01000049_1_prot_POY72403_1_4626;exonerate}
448073	447980	INTRON			{GlimmerHMM_glimmerT_3853-T1;GlimmerHMM},{Augustus_model.g3205.t1;Augustus},{GeneMark_model.4113_t;GeneMark},{ev_type:exonerate/ID=match.2566964.2699/Target=lcl|PJQD01000049_1_prot_POY72403_1_4626;exonerate}
448330	448074	internal-	6	4	{GlimmerHMM_glimmerT_3853-T1;GlimmerHMM},{Augustus_model.g3205.t1;Augustus},{GeneMark_model.4113_t;GeneMark}
448395	448331	INTRON			{Augustus_model.g3205.t1;Augustus},{GeneMark_model.4113_t;GeneMark}
448471	448396	internal-	5	5	{Augustus_model.g3205.t1;Augustus},{GeneMark_model.4113_t;GeneMark}
448542	448472	INTRON			{Augustus_model.g3205.t1;Augustus},{GeneMark_model.4113_t;GeneMark}
448633	448543	internal-	4	4	{Augustus_model.g3205.t1;Augustus},{GeneMark_model.4113_t;GeneMark}
448695	448634	INTRON			{Augustus_model.g3205.t1;Augustus},{GeneMark_model.4113_t;GeneMark}
448740	448696	internal-	4	6	{Augustus_model.g3205.t1;Augustus},{GeneMark_model.4113_t;GeneMark}
448814	448741	INTRON			{Augustus_model.g3205.t1;Augustus},{GeneMark_model.4113_t;GeneMark}
448990	448815	internal-	5	6	{GlimmerHMM_glimmerT_3853-T1;GlimmerHMM},{Augustus_model.g3205.t1;Augustus},{GeneMark_model.4113_t;GeneMark}
449055	448991	INTRON			{GlimmerHMM_glimmerT_3853-T1;GlimmerHMM},{Augustus_model.g3205.t1;Augustus},{GeneMark_model.4113_t;GeneMark}
449146	449056	internal-	4	4	{GlimmerHMM_glimmerT_3853-T1;GlimmerHMM},{Augustus_model.g3205.t1;Augustus},{GeneMark_model.4113_t;GeneMark}
449460	449147	INTRON			{GlimmerHMM_glimmerT_3853-T1;GlimmerHMM},{Augustus_model.g3205.t1;Augustus},{GeneMark_model.4113_t;GeneMark}
449700	449461	initial-	4	6	{Augustus_model.g3205.t1;Augustus},{GeneMark_model.4113_t;GeneMark}

# EVM prediction: Mode:STANDARD S-ratio: 1.74 450328-451473 orient(-) score(3659.00) noncoding_equivalent(2099.08) raw_noncoding(2790.20) offset(691.12)
450339	450328	terminal-	4	6	{GeneMark_model.4114_t;GeneMark},{Augustus_model.g3206.t1;Augustus}
450411	450340	INTRON			{GeneMark_model.4114_t;GeneMark},{Augustus_model.g3206.t1;Augustus}
450524	450412	internal-	5	6	{GlimmerHMM_glimmerT_3853-T1;GlimmerHMM},{GeneMark_model.4114_t;GeneMark},{Augustus_model.g3206.t1;Augustus}
450624	450525	INTRON			{GlimmerHMM_glimmerT_3853-T1;GlimmerHMM},{GeneMark_model.4114_t;GeneMark},{Augustus_model.g3206.t1;Augustus}
450662	450625	internal-	6	4	{GlimmerHMM_glimmerT_3853-T1;GlimmerHMM},{GeneMark_model.4114_t;GeneMark},{Augustus_model.g3206.t1;Augustus}
450730	450663	INTRON			{GlimmerHMM_glimmerT_3853-T1;GlimmerHMM},{GeneMark_model.4114_t;GeneMark},{Augustus_model.g3206.t1;Augustus}
450876	450731	internal-	4	5	{GlimmerHMM_glimmerT_3853-T1;GlimmerHMM},{GeneMark_model.4114_t;GeneMark},{Augustus_model.g3206.t1;Augustus}
450942	450877	INTRON			{GlimmerHMM_glimmerT_3853-T1;GlimmerHMM},{GeneMark_model.4114_t;GeneMark},{Augustus_model.g3206.t1;Augustus}
451095	450943	internal-	4	6	{GlimmerHMM_glimmerT_3853-T1;GlimmerHMM},{GeneMark_model.4114_t;GeneMark},{Augustus_model.g3206.t1;Augustus}
451458	451096	INTRON			{GlimmerHMM_glimmerT_3853-T1;GlimmerHMM},{GeneMark_model.4114_t;GeneMark},{Augustus_model.g3206.t1;Augustus}
451473	451459	initial-	4	6	{GlimmerHMM_glimmerT_3853-T1;GlimmerHMM},{GeneMark_model.4114_t;GeneMark},{Augustus_model.g3206.t1;Augustus}

# EVM prediction: Mode:STANDARD S-ratio: 8.73 453635-455395 orient(-) score(6319.00) noncoding_equivalent(724.00) raw_noncoding(724.00) offset(0.00)
455395	453635	single-	4	6	{GlimmerHMM_glimmerT_3855-T1;GlimmerHMM}

# EVM prediction: Mode:STANDARD S-ratio: 3.23 456611-457816 orient(+) score(7116.00) noncoding_equivalent(2205.00) raw_noncoding(2853.00) offset(648.00)
456611	456649	initial+	1	3	{GeneMark_model.4116_t;GeneMark},{Augustus_model.g3208.t1;Augustus},{GlimmerHMM_glimmerT_3856-T1;GlimmerHMM}
456650	456868	INTRON			{GeneMark_model.4116_t;GeneMark},{Augustus_model.g3208.t1;Augustus},{GlimmerHMM_glimmerT_3856-T1;GlimmerHMM},{ev_type:exonerate/ID=match.2566964.1743/Target=lcl|LCTV02000006_1_prot_PRQ74259_1_6244;exonerate},{ev_type:exonerate/ID=match.2566964.1744/Target=lcl|BJWK01000011_1_prot_GEM10581_1_4598;exonerate},{ev_type:exonerate/ID=match.2566964.1979/Target=lcl|PJQD01000049_1_prot_POY72407_1_4630;exonerate}
456869	457021	internal+	1	3	{GeneMark_model.4116_t;GeneMark},{Augustus_model.g3208.t1;Augustus},{GlimmerHMM_glimmerT_3856-T1;GlimmerHMM},{ev_type:exonerate/ID=match.2566964.1743/Target=lcl|LCTV02000006_1_prot_PRQ74259_1_6244;exonerate},{ev_type:exonerate/ID=match.2566964.1744/Target=lcl|BJWK01000011_1_prot_GEM10581_1_4598;exonerate},{ev_type:exonerate/ID=match.2566964.1979/Target=lcl|PJQD01000049_1_prot_POY72407_1_4630;exonerate}
457022	457094	INTRON			{GeneMark_model.4116_t;GeneMark},{Augustus_model.g3208.t1;Augustus},{GlimmerHMM_glimmerT_3856-T1;GlimmerHMM},{ev_type:exonerate/ID=match.2566964.1743/Target=lcl|LCTV02000006_1_prot_PRQ74259_1_6244;exonerate},{ev_type:exonerate/ID=match.2566964.1744/Target=lcl|BJWK01000011_1_prot_GEM10581_1_4598;exonerate},{ev_type:exonerate/ID=match.2566964.1979/Target=lcl|PJQD01000049_1_prot_POY72407_1_4630;exonerate}
457095	457203	internal+	1	1	{GeneMark_model.4116_t;GeneMark},{Augustus_model.g3208.t1;Augustus},{GlimmerHMM_glimmerT_3856-T1;GlimmerHMM},{ev_type:exonerate/ID=match.2566964.1743/Target=lcl|LCTV02000006_1_prot_PRQ74259_1_6244;exonerate},{ev_type:exonerate/ID=match.2566964.1744/Target=lcl|BJWK01000011_1_prot_GEM10581_1_4598;exonerate},{ev_type:exonerate/ID=match.2566964.1979/Target=lcl|PJQD01000049_1_prot_POY72407_1_4630;exonerate}
457204	457291	INTRON			{GeneMark_model.4116_t;GeneMark},{Augustus_model.g3208.t1;Augustus},{GlimmerHMM_glimmerT_3856-T1;GlimmerHMM},{ev_type:exonerate/ID=match.2566964.1743/Target=lcl|LCTV02000006_1_prot_PRQ74259_1_6244;exonerate},{ev_type:exonerate/ID=match.2566964.1744/Target=lcl|BJWK01000011_1_prot_GEM10581_1_4598;exonerate},{ev_type:exonerate/ID=match.2566964.1979/Target=lcl|PJQD01000049_1_prot_POY72407_1_4630;exonerate}
457292	457386	internal+	2	3	{GeneMark_model.4116_t;GeneMark},{Augustus_model.g3208.t1;Augustus},{GlimmerHMM_glimmerT_3856-T1;GlimmerHMM},{ev_type:exonerate/ID=match.2566964.1743/Target=lcl|LCTV02000006_1_prot_PRQ74259_1_6244;exonerate},{ev_type:exonerate/ID=match.2566964.1744/Target=lcl|BJWK01000011_1_prot_GEM10581_1_4598;exonerate},{ev_type:exonerate/ID=match.2566964.1979/Target=lcl|PJQD01000049_1_prot_POY72407_1_4630;exonerate}
457387	457497	INTRON			{GeneMark_model.4116_t;GeneMark},{Augustus_model.g3208.t1;Augustus},{ev_type:exonerate/ID=match.2566964.1743/Target=lcl|LCTV02000006_1_prot_PRQ74259_1_6244;exonerate},{ev_type:exonerate/ID=match.2566964.1744/Target=lcl|BJWK01000011_1_prot_GEM10581_1_4598;exonerate},{ev_type:exonerate/ID=match.2566964.1979/Target=lcl|PJQD01000049_1_prot_POY72407_1_4630;exonerate}
457498	457610	internal+	1	2	{GeneMark_model.4116_t;GeneMark},{Augustus_model.g3208.t1;Augustus},{ev_type:exonerate/ID=match.2566964.1743/Target=lcl|LCTV02000006_1_prot_PRQ74259_1_6244;exonerate},{ev_type:exonerate/ID=match.2566964.1744/Target=lcl|BJWK01000011_1_prot_GEM10581_1_4598;exonerate},{ev_type:exonerate/ID=match.2566964.1979/Target=lcl|PJQD01000049_1_prot_POY72407_1_4630;exonerate}
457611	457683	INTRON			{GeneMark_model.4116_t;GeneMark},{Augustus_model.g3208.t1;Augustus},{GlimmerHMM_glimmerT_3856-T1;GlimmerHMM},{ev_type:exonerate/ID=match.2566964.1743/Target=lcl|LCTV02000006_1_prot_PRQ74259_1_6244;exonerate},{ev_type:exonerate/ID=match.2566964.1744/Target=lcl|BJWK01000011_1_prot_GEM10581_1_4598;exonerate},{ev_type:exonerate/ID=match.2566964.1979/Target=lcl|PJQD01000049_1_prot_POY72407_1_4630;exonerate}
457684	457816	terminal+	3	3	{GeneMark_model.4116_t;GeneMark},{Augustus_model.g3208.t1;Augustus},{GlimmerHMM_glimmerT_3856-T1;GlimmerHMM}

# EVM prediction: Mode:STANDARD S-ratio: 2.52 458435-460943 orient(+) score(7541.00) noncoding_equivalent(2993.13) raw_noncoding(3771.02) offset(777.89)
458435	459286	initial+	1	3	{GeneMark_model.4117_t;GeneMark},{Augustus_model.g3209.t1;Augustus},{GlimmerHMM_glimmerT_3857-T1;GlimmerHMM}
459287	459363	INTRON			{GeneMark_model.4117_t;GeneMark},{Augustus_model.g3209.t1;Augustus},{GlimmerHMM_glimmerT_3857-T1;GlimmerHMM}
459364	459432	internal+	1	3	{GeneMark_model.4117_t;GeneMark},{Augustus_model.g3209.t1;Augustus},{GlimmerHMM_glimmerT_3857-T1;GlimmerHMM}
459433	459490	INTRON			{GeneMark_model.4117_t;GeneMark},{Augustus_model.g3209.t1;Augustus}
459491	459532	internal+	1	3	{Augustus_model.g3209.t1;Augustus}
459533	459617	INTRON			{Augustus_model.g3209.t1;Augustus}
459618	459753	internal+	1	1	{GeneMark_model.4117_t;GeneMark},{Augustus_model.g3209.t1;Augustus},{GlimmerHMM_glimmerT_3857-T1;GlimmerHMM}
459754	459819	INTRON			{GeneMark_model.4117_t;GeneMark},{Augustus_model.g3209.t1;Augustus},{GlimmerHMM_glimmerT_3857-T1;GlimmerHMM}
459820	460024	internal+	2	2	{GeneMark_model.4117_t;GeneMark},{Augustus_model.g3209.t1;Augustus},{GlimmerHMM_glimmerT_3857-T1;GlimmerHMM}
460025	460088	INTRON			{GeneMark_model.4117_t;GeneMark},{Augustus_model.g3209.t1;Augustus},{GlimmerHMM_glimmerT_3857-T1;GlimmerHMM}
460089	460326	internal+	3	3	{GeneMark_model.4117_t;GeneMark},{Augustus_model.g3209.t1;Augustus},{GlimmerHMM_glimmerT_3857-T1;GlimmerHMM}
460327	460384	INTRON			{GeneMark_model.4117_t;GeneMark},{Augustus_model.g3209.t1;Augustus}
460385	460472	internal+	1	1	{GeneMark_model.4117_t;GeneMark},{Augustus_model.g3209.t1;Augustus}
460473	460536	INTRON			{GeneMark_model.4117_t;GeneMark},{Augustus_model.g3209.t1;Augustus}
460537	460681	internal+	2	2	{GeneMark_model.4117_t;GeneMark},{Augustus_model.g3209.t1;Augustus}
460682	460750	INTRON			{GeneMark_model.4117_t;GeneMark},{snap_scaffold_9-snap.197-T1;snap},{Augustus_model.g3209.t1;Augustus},{GlimmerHMM_glimmerT_3857-T1;GlimmerHMM}
460751	460943	terminal+	3	3	{GeneMark_model.4117_t;GeneMark},{snap_scaffold_9-snap.197-T1;snap}

# EVM prediction: Mode:STANDARD S-ratio: 2.96 461720-464070 orient(+) score(7582.00) noncoding_equivalent(2559.56) raw_noncoding(3194.77) offset(635.21)
461720	461754	initial+	1	2	{GeneMark_model.4118_t;GeneMark}
461755	461855	INTRON			{GeneMark_model.4118_t;GeneMark}
461856	462133	internal+	3	1	{GeneMark_model.4118_t;GeneMark},{GlimmerHMM_glimmerT_3857-T1;GlimmerHMM}
462134	462190	INTRON			{GeneMark_model.4118_t;GeneMark},{Augustus_model.g3209.t1;Augustus},{GlimmerHMM_glimmerT_3857-T1;GlimmerHMM}
462191	462261	internal+	2	3	{GeneMark_model.4118_t;GeneMark},{Augustus_model.g3209.t1;Augustus},{GlimmerHMM_glimmerT_3857-T1;GlimmerHMM}
462262	462319	INTRON			{GeneMark_model.4118_t;GeneMark},{Augustus_model.g3209.t1;Augustus},{GlimmerHMM_glimmerT_3857-T1;GlimmerHMM}
462320	462401	internal+	1	1	{GeneMark_model.4118_t;GeneMark},{Augustus_model.g3209.t1;Augustus},{GlimmerHMM_glimmerT_3857-T1;GlimmerHMM}
462402	462484	INTRON			{GeneMark_model.4118_t;GeneMark},{Augustus_model.g3209.t1;Augustus},{GlimmerHMM_glimmerT_3857-T1;GlimmerHMM}
462485	463125	internal+	2	3	{GeneMark_model.4118_t;GeneMark},{Augustus_model.g3209.t1;Augustus},{GlimmerHMM_glimmerT_3857-T1;GlimmerHMM}
463126	463196	INTRON			{GeneMark_model.4118_t;GeneMark},{Augustus_model.g3209.t1;Augustus},{GlimmerHMM_glimmerT_3857-T1;GlimmerHMM}
463197	463267	internal+	1	2	{GeneMark_model.4118_t;GeneMark},{Augustus_model.g3209.t1;Augustus},{GlimmerHMM_glimmerT_3857-T1;GlimmerHMM}
463268	463328	INTRON			{GeneMark_model.4118_t;GeneMark},{Augustus_model.g3209.t1;Augustus},{GlimmerHMM_glimmerT_3857-T1;GlimmerHMM}
463329	463404	internal+	3	3	{GeneMark_model.4118_t;GeneMark},{Augustus_model.g3209.t1;Augustus},{GlimmerHMM_glimmerT_3857-T1;GlimmerHMM}
463405	463463	INTRON			{GeneMark_model.4118_t;GeneMark},{Augustus_model.g3209.t1;Augustus},{GlimmerHMM_glimmerT_3857-T1;GlimmerHMM}
463464	463656	internal+	1	1	{GeneMark_model.4118_t;GeneMark},{Augustus_model.g3209.t1;Augustus},{GlimmerHMM_glimmerT_3857-T1;GlimmerHMM}
463657	463753	INTRON			{GeneMark_model.4118_t;GeneMark},{Augustus_model.g3209.t1;Augustus},{GlimmerHMM_glimmerT_3857-T1;GlimmerHMM}
463754	464070	terminal+	2	3	{GeneMark_model.4118_t;GeneMark},{Augustus_model.g3209.t1;Augustus},{GlimmerHMM_glimmerT_3857-T1;GlimmerHMM}

# EVM prediction: Mode:STANDARD S-ratio: 4.82 464535-466161 orient(+) score(13097.00) noncoding_equivalent(2716.80) raw_noncoding(3266.30) offset(549.51)
464535	464725	initial+	1	2	{GlimmerHMM_glimmerT_3858-T1;GlimmerHMM},{Augustus_model.g3210.t1;Augustus},{GeneMark_model.4119_t;GeneMark}
464726	464819	INTRON			{GlimmerHMM_glimmerT_3858-T1;GlimmerHMM},{Augustus_model.g3210.t1;Augustus},{GeneMark_model.4119_t;GeneMark},{ev_type:exonerate/ID=match.2566964.3579/Target=lcl|BJWK01000011_1_prot_GEM10578_1_4595;exonerate},{ev_type:exonerate/ID=match.2566964.3580/Target=lcl|LCTV02000006_1_prot_PRQ74262_1_6247;exonerate},{ev_type:exonerate/ID=match.2566964.3568/Target=lcl|KQ954469_1_prot_KWU45972_1_1689;exonerate},{ev_type:exonerate/ID=match.2566964.3562/Target=lcl|PJQD01000049_1_prot_POY72411_1_4634;exonerate},{ev_type:exonerate/ID=match.2566964.3578/Target=lcl|NW_017264937_1_prot_XP_018269696_1_5099;exonerate}
464820	464959	internal+	3	1	{GlimmerHMM_glimmerT_3858-T1;GlimmerHMM},{Augustus_model.g3210.t1;Augustus},{GeneMark_model.4119_t;GeneMark},{ev_type:exonerate/ID=match.2566964.3579/Target=lcl|BJWK01000011_1_prot_GEM10578_1_4595;exonerate},{ev_type:exonerate/ID=match.2566964.3580/Target=lcl|LCTV02000006_1_prot_PRQ74262_1_6247;exonerate},{ev_type:exonerate/ID=match.2566964.3568/Target=lcl|KQ954469_1_prot_KWU45972_1_1689;exonerate},{ev_type:exonerate/ID=match.2566964.3562/Target=lcl|PJQD01000049_1_prot_POY72411_1_4634;exonerate},{ev_type:exonerate/ID=match.2566964.3578/Target=lcl|NW_017264937_1_prot_XP_018269696_1_5099;exonerate}
464960	465031	INTRON			{GlimmerHMM_glimmerT_3858-T1;GlimmerHMM},{Augustus_model.g3210.t1;Augustus},{GeneMark_model.4119_t;GeneMark},{ev_type:exonerate/ID=match.2566964.3579/Target=lcl|BJWK01000011_1_prot_GEM10578_1_4595;exonerate},{ev_type:exonerate/ID=match.2566964.3580/Target=lcl|LCTV02000006_1_prot_PRQ74262_1_6247;exonerate},{ev_type:exonerate/ID=match.2566964.3568/Target=lcl|KQ954469_1_prot_KWU45972_1_1689;exonerate},{ev_type:exonerate/ID=match.2566964.3562/Target=lcl|PJQD01000049_1_prot_POY72411_1_4634;exonerate},{ev_type:exonerate/ID=match.2566964.3578/Target=lcl|NW_017264937_1_prot_XP_018269696_1_5099;exonerate}
465032	465122	internal+	2	2	{GlimmerHMM_glimmerT_3858-T1;GlimmerHMM},{Augustus_model.g3210.t1;Augustus},{GeneMark_model.4119_t;GeneMark},{ev_type:exonerate/ID=match.2566964.3579/Target=lcl|BJWK01000011_1_prot_GEM10578_1_4595;exonerate},{ev_type:exonerate/ID=match.2566964.3580/Target=lcl|LCTV02000006_1_prot_PRQ74262_1_6247;exonerate},{ev_type:exonerate/ID=match.2566964.3568/Target=lcl|KQ954469_1_prot_KWU45972_1_1689;exonerate},{ev_type:exonerate/ID=match.2566964.3562/Target=lcl|PJQD01000049_1_prot_POY72411_1_4634;exonerate},{ev_type:exonerate/ID=match.2566964.3578/Target=lcl|NW_017264937_1_prot_XP_018269696_1_5099;exonerate}
465123	465181	INTRON			{snap_scaffold_9-snap.200-T1;snap},{GlimmerHMM_glimmerT_3858-T1;GlimmerHMM},{Augustus_model.g3210.t1;Augustus},{GeneMark_model.4119_t;GeneMark},{ev_type:exonerate/ID=match.2566964.3579/Target=lcl|BJWK01000011_1_prot_GEM10578_1_4595;exonerate},{ev_type:exonerate/ID=match.2566964.3580/Target=lcl|LCTV02000006_1_prot_PRQ74262_1_6247;exonerate},{ev_type:exonerate/ID=match.2566964.3568/Target=lcl|KQ954469_1_prot_KWU45972_1_1689;exonerate},{ev_type:exonerate/ID=match.2566964.3562/Target=lcl|PJQD01000049_1_prot_POY72411_1_4634;exonerate},{ev_type:exonerate/ID=match.2566964.3578/Target=lcl|NW_017264937_1_prot_XP_018269696_1_5099;exonerate}
465182	465332	internal+	3	3	{GlimmerHMM_glimmerT_3858-T1;GlimmerHMM},{Augustus_model.g3210.t1;Augustus},{GeneMark_model.4119_t;GeneMark},{ev_type:exonerate/ID=match.2566964.3579/Target=lcl|BJWK01000011_1_prot_GEM10578_1_4595;exonerate},{ev_type:exonerate/ID=match.2566964.3580/Target=lcl|LCTV02000006_1_prot_PRQ74262_1_6247;exonerate},{ev_type:exonerate/ID=match.2566964.3568/Target=lcl|KQ954469_1_prot_KWU45972_1_1689;exonerate},{ev_type:exonerate/ID=match.2566964.3562/Target=lcl|PJQD01000049_1_prot_POY72411_1_4634;exonerate},{ev_type:exonerate/ID=match.2566964.3578/Target=lcl|NW_017264937_1_prot_XP_018269696_1_5099;exonerate}
465333	465397	INTRON			{GlimmerHMM_glimmerT_3858-T1;GlimmerHMM},{Augustus_model.g3210.t1;Augustus},{GeneMark_model.4119_t;GeneMark},{ev_type:exonerate/ID=match.2566964.3579/Target=lcl|BJWK01000011_1_prot_GEM10578_1_4595;exonerate},{ev_type:exonerate/ID=match.2566964.3580/Target=lcl|LCTV02000006_1_prot_PRQ74262_1_6247;exonerate},{ev_type:exonerate/ID=match.2566964.3568/Target=lcl|KQ954469_1_prot_KWU45972_1_1689;exonerate},{ev_type:exonerate/ID=match.2566964.3562/Target=lcl|PJQD01000049_1_prot_POY72411_1_4634;exonerate},{ev_type:exonerate/ID=match.2566964.3578/Target=lcl|NW_017264937_1_prot_XP_018269696_1_5099;exonerate}
465398	465502	internal+	1	3	{GlimmerHMM_glimmerT_3858-T1;GlimmerHMM},{Augustus_model.g3210.t1;Augustus},{GeneMark_model.4119_t;GeneMark},{ev_type:exonerate/ID=match.2566964.3579/Target=lcl|BJWK01000011_1_prot_GEM10578_1_4595;exonerate},{ev_type:exonerate/ID=match.2566964.3580/Target=lcl|LCTV02000006_1_prot_PRQ74262_1_6247;exonerate},{ev_type:exonerate/ID=match.2566964.3568/Target=lcl|KQ954469_1_prot_KWU45972_1_1689;exonerate},{ev_type:exonerate/ID=match.2566964.3562/Target=lcl|PJQD01000049_1_prot_POY72411_1_4634;exonerate},{ev_type:exonerate/ID=match.2566964.3578/Target=lcl|NW_017264937_1_prot_XP_018269696_1_5099;exonerate}
465503	465569	INTRON			{GlimmerHMM_glimmerT_3858-T1;GlimmerHMM},{Augustus_model.g3210.t1;Augustus},{GeneMark_model.4119_t;GeneMark},{ev_type:exonerate/ID=match.2566964.3579/Target=lcl|BJWK01000011_1_prot_GEM10578_1_4595;exonerate},{ev_type:exonerate/ID=match.2566964.3580/Target=lcl|LCTV02000006_1_prot_PRQ74262_1_6247;exonerate},{ev_type:exonerate/ID=match.2566964.3568/Target=lcl|KQ954469_1_prot_KWU45972_1_1689;exonerate},{ev_type:exonerate/ID=match.2566964.3562/Target=lcl|PJQD01000049_1_prot_POY72411_1_4634;exonerate},{ev_type:exonerate/ID=match.2566964.3578/Target=lcl|NW_017264937_1_prot_XP_018269696_1_5099;exonerate}
465570	465597	internal+	1	1	{GlimmerHMM_glimmerT_3858-T1;GlimmerHMM},{Augustus_model.g3210.t1;Augustus},{GeneMark_model.4119_t;GeneMark},{ev_type:exonerate/ID=match.2566964.3579/Target=lcl|BJWK01000011_1_prot_GEM10578_1_4595;exonerate},{ev_type:exonerate/ID=match.2566964.3580/Target=lcl|LCTV02000006_1_prot_PRQ74262_1_6247;exonerate},{ev_type:exonerate/ID=match.2566964.3568/Target=lcl|KQ954469_1_prot_KWU45972_1_1689;exonerate},{ev_type:exonerate/ID=match.2566964.3562/Target=lcl|PJQD01000049_1_prot_POY72411_1_4634;exonerate},{ev_type:exonerate/ID=match.2566964.3578/Target=lcl|NW_017264937_1_prot_XP_018269696_1_5099;exonerate}
465598	465656	INTRON			{GlimmerHMM_glimmerT_3858-T1;GlimmerHMM},{Augustus_model.g3210.t1;Augustus},{GeneMark_model.4119_t;GeneMark},{ev_type:exonerate/ID=match.2566964.3579/Target=lcl|BJWK01000011_1_prot_GEM10578_1_4595;exonerate},{ev_type:exonerate/ID=match.2566964.3580/Target=lcl|LCTV02000006_1_prot_PRQ74262_1_6247;exonerate},{ev_type:exonerate/ID=match.2566964.3568/Target=lcl|KQ954469_1_prot_KWU45972_1_1689;exonerate},{ev_type:exonerate/ID=match.2566964.3562/Target=lcl|PJQD01000049_1_prot_POY72411_1_4634;exonerate},{ev_type:exonerate/ID=match.2566964.3578/Target=lcl|NW_017264937_1_prot_XP_018269696_1_5099;exonerate}
465657	465767	internal+	2	1	{GlimmerHMM_glimmerT_3858-T1;GlimmerHMM},{Augustus_model.g3210.t1;Augustus},{GeneMark_model.4119_t;GeneMark},{ev_type:exonerate/ID=match.2566964.3579/Target=lcl|BJWK01000011_1_prot_GEM10578_1_4595;exonerate},{ev_type:exonerate/ID=match.2566964.3580/Target=lcl|LCTV02000006_1_prot_PRQ74262_1_6247;exonerate},{ev_type:exonerate/ID=match.2566964.3568/Target=lcl|KQ954469_1_prot_KWU45972_1_1689;exonerate},{ev_type:exonerate/ID=match.2566964.3562/Target=lcl|PJQD01000049_1_prot_POY72411_1_4634;exonerate},{ev_type:exonerate/ID=match.2566964.3578/Target=lcl|NW_017264937_1_prot_XP_018269696_1_5099;exonerate}
465768	465831	INTRON			{GlimmerHMM_glimmerT_3858-T1;GlimmerHMM},{Augustus_model.g3210.t1;Augustus},{GeneMark_model.4119_t;GeneMark},{ev_type:exonerate/ID=match.2566964.3579/Target=lcl|BJWK01000011_1_prot_GEM10578_1_4595;exonerate},{ev_type:exonerate/ID=match.2566964.3580/Target=lcl|LCTV02000006_1_prot_PRQ74262_1_6247;exonerate},{ev_type:exonerate/ID=match.2566964.3568/Target=lcl|KQ954469_1_prot_KWU45972_1_1689;exonerate},{ev_type:exonerate/ID=match.2566964.3562/Target=lcl|PJQD01000049_1_prot_POY72411_1_4634;exonerate},{ev_type:exonerate/ID=match.2566964.3578/Target=lcl|NW_017264937_1_prot_XP_018269696_1_5099;exonerate}
465832	465911	internal+	2	3	{GlimmerHMM_glimmerT_3858-T1;GlimmerHMM},{Augustus_model.g3210.t1;Augustus},{GeneMark_model.4119_t;GeneMark},{ev_type:exonerate/ID=match.2566964.3579/Target=lcl|BJWK01000011_1_prot_GEM10578_1_4595;exonerate},{ev_type:exonerate/ID=match.2566964.3580/Target=lcl|LCTV02000006_1_prot_PRQ74262_1_6247;exonerate},{ev_type:exonerate/ID=match.2566964.3568/Target=lcl|KQ954469_1_prot_KWU45972_1_1689;exonerate},{ev_type:exonerate/ID=match.2566964.3562/Target=lcl|PJQD01000049_1_prot_POY72411_1_4634;exonerate},{ev_type:exonerate/ID=match.2566964.3578/Target=lcl|NW_017264937_1_prot_XP_018269696_1_5099;exonerate}
465912	465970	INTRON			{GlimmerHMM_glimmerT_3858-T1;GlimmerHMM},{Augustus_model.g3210.t1;Augustus},{GeneMark_model.4119_t;GeneMark},{ev_type:exonerate/ID=match.2566964.3579/Target=lcl|BJWK01000011_1_prot_GEM10578_1_4595;exonerate},{ev_type:exonerate/ID=match.2566964.3580/Target=lcl|LCTV02000006_1_prot_PRQ74262_1_6247;exonerate},{ev_type:exonerate/ID=match.2566964.3568/Target=lcl|KQ954469_1_prot_KWU45972_1_1689;exonerate},{ev_type:exonerate/ID=match.2566964.3562/Target=lcl|PJQD01000049_1_prot_POY72411_1_4634;exonerate},{ev_type:exonerate/ID=match.2566964.3578/Target=lcl|NW_017264937_1_prot_XP_018269696_1_5099;exonerate}
465971	466035	internal+	1	2	{GlimmerHMM_glimmerT_3858-T1;GlimmerHMM},{Augustus_model.g3210.t1;Augustus},{GeneMark_model.4119_t;GeneMark},{ev_type:exonerate/ID=match.2566964.3579/Target=lcl|BJWK01000011_1_prot_GEM10578_1_4595;exonerate},{ev_type:exonerate/ID=match.2566964.3580/Target=lcl|LCTV02000006_1_prot_PRQ74262_1_6247;exonerate},{ev_type:exonerate/ID=match.2566964.3568/Target=lcl|KQ954469_1_prot_KWU45972_1_1689;exonerate},{ev_type:exonerate/ID=match.2566964.3562/Target=lcl|PJQD01000049_1_prot_POY72411_1_4634;exonerate},{ev_type:exonerate/ID=match.2566964.3578/Target=lcl|NW_017264937_1_prot_XP_018269696_1_5099;exonerate}
466036	466109	INTRON			{GlimmerHMM_glimmerT_3858-T1;GlimmerHMM},{Augustus_model.g3210.t1;Augustus},{GeneMark_model.4119_t;GeneMark},{ev_type:exonerate/ID=match.2566964.3579/Target=lcl|BJWK01000011_1_prot_GEM10578_1_4595;exonerate},{ev_type:exonerate/ID=match.2566964.3580/Target=lcl|LCTV02000006_1_prot_PRQ74262_1_6247;exonerate},{ev_type:exonerate/ID=match.2566964.3562/Target=lcl|PJQD01000049_1_prot_POY72411_1_4634;exonerate},{ev_type:exonerate/ID=match.2566964.3578/Target=lcl|NW_017264937_1_prot_XP_018269696_1_5099;exonerate}
466110	466161	terminal+	3	3	{GlimmerHMM_glimmerT_3858-T1;GlimmerHMM},{GeneMark_model.4119_t;GeneMark}

# EVM prediction: Mode:STANDARD S-ratio: 6.91 466390-467618 orient(+) score(4388.00) noncoding_equivalent(634.95) raw_noncoding(838.39) offset(203.43)
466390	466522	initial+	1	1	{GeneMark_model.4120_t;GeneMark},{Augustus_model.g3211.t1;Augustus},{GlimmerHMM_glimmerT_3859-T1;GlimmerHMM}
466523	466581	INTRON			{GeneMark_model.4120_t;GeneMark},{Augustus_model.g3211.t1;Augustus},{GlimmerHMM_glimmerT_3859-T1;GlimmerHMM}
466582	467153	internal+	2	3	{GeneMark_model.4120_t;GeneMark},{Augustus_model.g3211.t1;Augustus},{GlimmerHMM_glimmerT_3859-T1;GlimmerHMM}
467154	467223	INTRON			{GeneMark_model.4120_t;GeneMark},{Augustus_model.g3211.t1;Augustus}
467224	467289	internal+	1	3	{GeneMark_model.4120_t;GeneMark},{Augustus_model.g3211.t1;Augustus}
467290	467354	INTRON			{GeneMark_model.4120_t;GeneMark},{Augustus_model.g3211.t1;Augustus}
467355	467618	terminal+	1	3	{GeneMark_model.4120_t;GeneMark},{Augustus_model.g3211.t1;Augustus},{GlimmerHMM_glimmerT_3859-T1;GlimmerHMM}

# EVM prediction: Mode:STANDARD S-ratio: 3.98 467864-468531 orient(-) score(4696.00) noncoding_equivalent(1179.00) raw_noncoding(1919.00) offset(740.00)
467919	467864	terminal-	5	6	{HiQ_model.g3212.t1;HiQ},{GlimmerHMM_glimmerT_3860-T1;GlimmerHMM},{GeneMark_model.4121_t;GeneMark}
468078	467920	INTRON			{HiQ_model.g3212.t1;HiQ},{GlimmerHMM_glimmerT_3860-T1;GlimmerHMM},{ev_type:exonerate/ID=match.2566964.3640/Target=lcl|PJQD01000049_1_prot_POY72413_1_4636;exonerate}
468148	468079	internal-	4	4	{HiQ_model.g3212.t1;HiQ},{GlimmerHMM_glimmerT_3860-T1;GlimmerHMM},{GeneMark_model.4121_t;GeneMark},{ev_type:exonerate/ID=match.2566964.3640/Target=lcl|PJQD01000049_1_prot_POY72413_1_4636;exonerate},{ev_type:exonerate/ID=match.2566964.3648/Target=lcl|BJWK01000011_1_prot_GEM10633_1_4650;exonerate},{ev_type:exonerate/ID=match.2566964.3649/Target=lcl|LCTV02000006_1_prot_PRQ74191_1_6176;exonerate},{ev_type:exonerate/ID=match.2566964.3641/Target=lcl|KQ954469_1_prot_KWU45970_1_1687;exonerate}
468220	468149	INTRON			{HiQ_model.g3212.t1;HiQ},{GlimmerHMM_glimmerT_3860-T1;GlimmerHMM},{GeneMark_model.4121_t;GeneMark},{ev_type:exonerate/ID=match.2566964.3640/Target=lcl|PJQD01000049_1_prot_POY72413_1_4636;exonerate},{ev_type:exonerate/ID=match.2566964.3648/Target=lcl|BJWK01000011_1_prot_GEM10633_1_4650;exonerate},{ev_type:exonerate/ID=match.2566964.3649/Target=lcl|LCTV02000006_1_prot_PRQ74191_1_6176;exonerate},{ev_type:exonerate/ID=match.2566964.3641/Target=lcl|KQ954469_1_prot_KWU45970_1_1687;exonerate}
468339	468221	internal-	5	6	{HiQ_model.g3212.t1;HiQ},{GlimmerHMM_glimmerT_3860-T1;GlimmerHMM},{GeneMark_model.4121_t;GeneMark},{ev_type:exonerate/ID=match.2566964.3640/Target=lcl|PJQD01000049_1_prot_POY72413_1_4636;exonerate},{ev_type:exonerate/ID=match.2566964.3648/Target=lcl|BJWK01000011_1_prot_GEM10633_1_4650;exonerate},{ev_type:exonerate/ID=match.2566964.3649/Target=lcl|LCTV02000006_1_prot_PRQ74191_1_6176;exonerate},{ev_type:exonerate/ID=match.2566964.3641/Target=lcl|KQ954469_1_prot_KWU45970_1_1687;exonerate}
468404	468340	INTRON			{HiQ_model.g3212.t1;HiQ},{GlimmerHMM_glimmerT_3860-T1;GlimmerHMM},{GeneMark_model.4121_t;GeneMark},{ev_type:exonerate/ID=match.2566964.3640/Target=lcl|PJQD01000049_1_prot_POY72413_1_4636;exonerate},{ev_type:exonerate/ID=match.2566964.3648/Target=lcl|BJWK01000011_1_prot_GEM10633_1_4650;exonerate},{ev_type:exonerate/ID=match.2566964.3649/Target=lcl|LCTV02000006_1_prot_PRQ74191_1_6176;exonerate},{ev_type:exonerate/ID=match.2566964.3641/Target=lcl|KQ954469_1_prot_KWU45970_1_1687;exonerate}
468531	468405	initial-	4	4	{HiQ_model.g3212.t1;HiQ},{GlimmerHMM_glimmerT_3860-T1;GlimmerHMM},{GeneMark_model.4121_t;GeneMark}

# EVM prediction: Mode:STANDARD S-ratio: 2.53 470102-472582 orient(+) score(7775.00) noncoding_equivalent(3077.26) raw_noncoding(3930.00) offset(852.74)
470102	470350	initial+	1	3	{GlimmerHMM_glimmerT_3861-T1;GlimmerHMM},{Augustus_model.g3213.t1;Augustus},{GeneMark_model.4122_t;GeneMark}
470351	470406	INTRON			{GlimmerHMM_glimmerT_3861-T1;GlimmerHMM},{Augustus_model.g3213.t1;Augustus},{GeneMark_model.4122_t;GeneMark}
470407	470553	internal+	1	3	{GlimmerHMM_glimmerT_3861-T1;GlimmerHMM},{Augustus_model.g3213.t1;Augustus},{GeneMark_model.4122_t;GeneMark}
470554	470627	INTRON			{GlimmerHMM_glimmerT_3861-T1;GlimmerHMM},{Augustus_model.g3213.t1;Augustus},{GeneMark_model.4122_t;GeneMark}
470628	470952	internal+	1	1	{GlimmerHMM_glimmerT_3861-T1;GlimmerHMM},{Augustus_model.g3213.t1;Augustus},{GeneMark_model.4122_t;GeneMark}
470953	471015	INTRON			{Augustus_model.g3213.t1;Augustus},{GeneMark_model.4122_t;GeneMark}
471016	471036	internal+	2	1	{Augustus_model.g3213.t1;Augustus},{GeneMark_model.4122_t;GeneMark}
471037	471159	INTRON			{Augustus_model.g3213.t1;Augustus},{GeneMark_model.4122_t;GeneMark}
471160	471531	internal+	2	1	{GlimmerHMM_glimmerT_3861-T1;GlimmerHMM},{Augustus_model.g3213.t1;Augustus},{GeneMark_model.4122_t;GeneMark}
471532	471596	INTRON			{GlimmerHMM_glimmerT_3861-T1;GlimmerHMM},{Augustus_model.g3213.t1;Augustus},{GeneMark_model.4122_t;GeneMark}
471597	471919	internal+	2	3	{GlimmerHMM_glimmerT_3861-T1;GlimmerHMM},{Augustus_model.g3213.t1;Augustus},{GeneMark_model.4122_t;GeneMark}
471920	471980	INTRON			{GlimmerHMM_glimmerT_3861-T1;GlimmerHMM},{Augustus_model.g3213.t1;Augustus},{GeneMark_model.4122_t;GeneMark}
471981	471988	internal+	1	2	{GlimmerHMM_glimmerT_3861-T1;GlimmerHMM},{Augustus_model.g3213.t1;Augustus},{GeneMark_model.4122_t;GeneMark}
471989	472051	INTRON			{GlimmerHMM_glimmerT_3861-T1;GlimmerHMM},{Augustus_model.g3213.t1;Augustus},{GeneMark_model.4122_t;GeneMark}
472052	472137	internal+	3	1	{GlimmerHMM_glimmerT_3861-T1;GlimmerHMM},{Augustus_model.g3213.t1;Augustus},{GeneMark_model.4122_t;GeneMark}
472138	472228	INTRON			{GlimmerHMM_glimmerT_3861-T1;GlimmerHMM},{Augustus_model.g3213.t1;Augustus},{GeneMark_model.4122_t;GeneMark}
472229	472254	internal+	2	3	{GlimmerHMM_glimmerT_3861-T1;GlimmerHMM},{Augustus_model.g3213.t1;Augustus},{GeneMark_model.4122_t;GeneMark}
472255	472324	INTRON			{GlimmerHMM_glimmerT_3861-T1;GlimmerHMM},{Augustus_model.g3213.t1;Augustus},{GeneMark_model.4122_t;GeneMark}
472325	472582	terminal+	1	3	{GlimmerHMM_glimmerT_3861-T1;GlimmerHMM},{snap_scaffold_9-snap.203-T1;snap},{Augustus_model.g3213.t1;Augustus},{GeneMark_model.4122_t;GeneMark}

# EVM prediction: Mode:STANDARD S-ratio: 2.98 472855-473873 orient(-) score(6000.00) noncoding_equivalent(2010.09) raw_noncoding(2697.24) offset(687.15)
472985	472855	terminal-	5	6	{GeneMark_model.4123_t;GeneMark},{HiQ_model.g3214.t1;HiQ},{GlimmerHMM_glimmerT_3862-T1;GlimmerHMM}
473053	472986	INTRON			{GeneMark_model.4123_t;GeneMark},{HiQ_model.g3214.t1;HiQ},{GlimmerHMM_glimmerT_3862-T1;GlimmerHMM},{ev_type:exonerate/ID=match.2566964.3606/Target=lcl|KQ954469_1_prot_KWU45968_1_1685;exonerate},{ev_type:exonerate/ID=match.2566964.3607/Target=lcl|PJQD01000049_1_prot_POY72415_1_4638;exonerate}
473136	473054	internal-	6	4	{GeneMark_model.4123_t;GeneMark},{HiQ_model.g3214.t1;HiQ},{GlimmerHMM_glimmerT_3862-T1;GlimmerHMM},{ev_type:exonerate/ID=match.2566964.3606/Target=lcl|KQ954469_1_prot_KWU45968_1_1685;exonerate},{ev_type:exonerate/ID=match.2566964.3607/Target=lcl|PJQD01000049_1_prot_POY72415_1_4638;exonerate}
473211	473137	INTRON			{GeneMark_model.4123_t;GeneMark},{HiQ_model.g3214.t1;HiQ},{GlimmerHMM_glimmerT_3862-T1;GlimmerHMM},{ev_type:exonerate/ID=match.2566964.3606/Target=lcl|KQ954469_1_prot_KWU45968_1_1685;exonerate},{ev_type:exonerate/ID=match.2566964.3607/Target=lcl|PJQD01000049_1_prot_POY72415_1_4638;exonerate}
473579	473212	internal-	4	5	{GeneMark_model.4123_t;GeneMark},{HiQ_model.g3214.t1;HiQ},{GlimmerHMM_glimmerT_3862-T1;GlimmerHMM},{ev_type:exonerate/ID=match.2566964.3606/Target=lcl|KQ954469_1_prot_KWU45968_1_1685;exonerate},{ev_type:exonerate/ID=match.2566964.3607/Target=lcl|PJQD01000049_1_prot_POY72415_1_4638;exonerate}
473678	473580	INTRON			{GeneMark_model.4123_t;GeneMark},{HiQ_model.g3214.t1;HiQ},{GlimmerHMM_glimmerT_3862-T1;GlimmerHMM},{ev_type:exonerate/ID=match.2566964.3606/Target=lcl|KQ954469_1_prot_KWU45968_1_1685;exonerate},{ev_type:exonerate/ID=match.2566964.3607/Target=lcl|PJQD01000049_1_prot_POY72415_1_4638;exonerate}
473765	473679	internal-	4	6	{GeneMark_model.4123_t;GeneMark},{HiQ_model.g3214.t1;HiQ},{GlimmerHMM_glimmerT_3862-T1;GlimmerHMM},{ev_type:exonerate/ID=match.2566964.3606/Target=lcl|KQ954469_1_prot_KWU45968_1_1685;exonerate},{ev_type:exonerate/ID=match.2566964.3607/Target=lcl|PJQD01000049_1_prot_POY72415_1_4638;exonerate}
473834	473766	INTRON			{GeneMark_model.4123_t;GeneMark},{HiQ_model.g3214.t1;HiQ},{ev_type:exonerate/ID=match.2566964.3606/Target=lcl|KQ954469_1_prot_KWU45968_1_1685;exonerate},{ev_type:exonerate/ID=match.2566964.3607/Target=lcl|PJQD01000049_1_prot_POY72415_1_4638;exonerate}
473873	473835	initial-	4	6	{GeneMark_model.4123_t;GeneMark},{HiQ_model.g3214.t1;HiQ}

# EVM prediction: Mode:STANDARD S-ratio: 2.08 474570-474818 orient(-) score(897.00) noncoding_equivalent(431.02) raw_noncoding(661.20) offset(230.17)
474578	474570	terminal-	4	6	{GeneMark_model.4124_t;GeneMark}
474656	474579	INTRON			{GeneMark_model.4124_t;GeneMark}
474818	474657	initial-	4	6	{GeneMark_model.4124_t;GeneMark},{GlimmerHMM_glimmerT_3862-T1;GlimmerHMM}

# EVM prediction: Mode:STANDARD S-ratio: 10.80 475375-476162 orient(+) score(5313.00) noncoding_equivalent(492.11) raw_noncoding(648.52) offset(156.40)
475375	475416	initial+	1	3	{GeneMark_model.4125_t;GeneMark},{Augustus_model.g3215.t1;Augustus},{GlimmerHMM_glimmerT_3863-T1;GlimmerHMM}
475417	475568	INTRON			{GeneMark_model.4125_t;GeneMark},{Augustus_model.g3215.t1;Augustus},{GlimmerHMM_glimmerT_3863-T1;GlimmerHMM},{ev_type:exonerate/ID=match.2566964.3591/Target=lcl|KQ954469_1_prot_KWU45965_1_1682;exonerate},{ev_type:exonerate/ID=match.2566964.3598/Target=lcl|NW_017264937_1_prot_XP_018269803_1_5206;exonerate},{ev_type:exonerate/ID=match.2566964.3592/Target=lcl|PJQD01000075_1_prot_POY71675_1_5743;exonerate}
475569	476162	terminal+	1	3	{snap_scaffold_9-snap.204-T1;snap},{GeneMark_model.4125_t;GeneMark},{Augustus_model.g3215.t1;Augustus},{GlimmerHMM_glimmerT_3863-T1;GlimmerHMM}

# EVM prediction: Mode:STANDARD S-ratio: 7.72 477231-479484 orient(-) score(9169.00) noncoding_equivalent(1187.59) raw_noncoding(1438.00) offset(250.41)
477517	477231	terminal-	5	6	{GlimmerHMM_glimmerT_3864-T1;GlimmerHMM},{Augustus_model.g3216.t1;Augustus},{GeneMark_model.4126_t;GeneMark}
477604	477518	INTRON			{GlimmerHMM_glimmerT_3864-T1;GlimmerHMM},{Augustus_model.g3216.t1;Augustus},{GeneMark_model.4126_t;GeneMark}
478882	477605	internal-	5	4	{GlimmerHMM_glimmerT_3864-T1;GlimmerHMM},{Augustus_model.g3216.t1;Augustus},{GeneMark_model.4126_t;GeneMark}
478950	478883	INTRON			{GlimmerHMM_glimmerT_3864-T1;GlimmerHMM},{Augustus_model.g3216.t1;Augustus},{GeneMark_model.4126_t;GeneMark},{ev_type:exonerate/ID=match.2566964.3571/Target=lcl|KQ954469_1_prot_KWU45964_1_1681;exonerate}
479005	478951	internal-	4	4	{Augustus_model.g3216.t1;Augustus},{GeneMark_model.4126_t;GeneMark},{ev_type:exonerate/ID=match.2566964.3571/Target=lcl|KQ954469_1_prot_KWU45964_1_1681;exonerate}
479082	479006	INTRON			{Augustus_model.g3216.t1;Augustus},{GeneMark_model.4126_t;GeneMark},{ev_type:exonerate/ID=match.2566964.3571/Target=lcl|KQ954469_1_prot_KWU45964_1_1681;exonerate}
479154	479083	internal-	4	6	{GlimmerHMM_glimmerT_3864-T1;GlimmerHMM},{Augustus_model.g3216.t1;Augustus},{GeneMark_model.4126_t;GeneMark}
479220	479155	INTRON			{GlimmerHMM_glimmerT_3864-T1;GlimmerHMM},{Augustus_model.g3216.t1;Augustus},{GeneMark_model.4126_t;GeneMark}
479484	479221	initial-	4	6	{Augustus_model.g3216.t1;Augustus},{GeneMark_model.4126_t;GeneMark}

# EVM prediction: Mode:STANDARD S-ratio: 1.47 480121-480491 orient(-) score(972.00) noncoding_equivalent(662.08) raw_noncoding(1181.37) offset(519.29)
480147	480121	terminal-	4	6	{GeneMark_model.4127_t;GeneMark}
480258	480148	INTRON			{GeneMark_model.4127_t;GeneMark},{ev_type:exonerate/ID=match.2566964.3672/Target=lcl|PJQD01000075_1_prot_POY71673_1_5741;exonerate}
480350	480259	internal-	5	6	{GeneMark_model.4127_t;GeneMark},{GlimmerHMM_glimmerT_3864-T1;GlimmerHMM},{ev_type:exonerate/ID=match.2566964.3672/Target=lcl|PJQD01000075_1_prot_POY71673_1_5741;exonerate}
480445	480351	INTRON			{GeneMark_model.4127_t;GeneMark},{GlimmerHMM_glimmerT_3864-T1;GlimmerHMM},{ev_type:exonerate/ID=match.2566964.3672/Target=lcl|PJQD01000075_1_prot_POY71673_1_5741;exonerate}
480491	480446	initial-	4	4	{GeneMark_model.4127_t;GeneMark},{GlimmerHMM_glimmerT_3864-T1;GlimmerHMM}

# EVM prediction: Mode:STANDARD S-ratio: 2.84 480671-486168 orient(+) score(17717.00) noncoding_equivalent(6243.63) raw_noncoding(7406.12) offset(1162.49)
480671	480877	initial+	1	3	{GlimmerHMM_glimmerT_3865-T1;GlimmerHMM},{Augustus_model.g3217.t1;Augustus}
480878	480972	INTRON			{GlimmerHMM_glimmerT_3865-T1;GlimmerHMM},{Augustus_model.g3217.t1;Augustus}
480973	481140	internal+	1	3	{GlimmerHMM_glimmerT_3865-T1;GlimmerHMM},{Augustus_model.g3217.t1;Augustus},{GeneMark_model.4128_t;GeneMark}
481141	481244	INTRON			{GlimmerHMM_glimmerT_3865-T1;GlimmerHMM},{Augustus_model.g3217.t1;Augustus},{GeneMark_model.4128_t;GeneMark}
481245	482085	internal+	1	1	{GlimmerHMM_glimmerT_3865-T1;GlimmerHMM}
482086	482159	INTRON			{GlimmerHMM_glimmerT_3865-T1;GlimmerHMM},{Augustus_model.g3217.t1;Augustus},{GeneMark_model.4128_t;GeneMark}
482160	482294	internal+	2	1	{GlimmerHMM_glimmerT_3865-T1;GlimmerHMM},{Augustus_model.g3217.t1;Augustus},{GeneMark_model.4128_t;GeneMark}
482295	482364	INTRON			{GlimmerHMM_glimmerT_3865-T1;GlimmerHMM},{Augustus_model.g3217.t1;Augustus},{GeneMark_model.4128_t;GeneMark}
482365	482457	internal+	2	1	{GlimmerHMM_glimmerT_3865-T1;GlimmerHMM},{Augustus_model.g3217.t1;Augustus},{GeneMark_model.4128_t;GeneMark}
482458	482524	INTRON			{GlimmerHMM_glimmerT_3865-T1;GlimmerHMM},{Augustus_model.g3217.t1;Augustus},{GeneMark_model.4128_t;GeneMark}
482525	483076	internal+	2	1	{GlimmerHMM_glimmerT_3865-T1;GlimmerHMM},{Augustus_model.g3217.t1;Augustus},{GeneMark_model.4128_t;GeneMark}
483077	483140	INTRON			{GlimmerHMM_glimmerT_3865-T1;GlimmerHMM},{Augustus_model.g3217.t1;Augustus},{GeneMark_model.4128_t;GeneMark}
483141	483645	internal+	2	2	{GlimmerHMM_glimmerT_3865-T1;GlimmerHMM},{Augustus_model.g3217.t1;Augustus},{GeneMark_model.4128_t;GeneMark}
483646	483708	INTRON			{GlimmerHMM_glimmerT_3865-T1;GlimmerHMM},{Augustus_model.g3217.t1;Augustus},{GeneMark_model.4128_t;GeneMark}
483709	483924	internal+	3	2	{GlimmerHMM_glimmerT_3865-T1;GlimmerHMM},{Augustus_model.g3217.t1;Augustus},{GeneMark_model.4128_t;GeneMark}
483925	483982	INTRON			{GlimmerHMM_glimmerT_3865-T1;GlimmerHMM},{Augustus_model.g3217.t1;Augustus},{GeneMark_model.4128_t;GeneMark}
483983	484140	internal+	3	1	{GlimmerHMM_glimmerT_3865-T1;GlimmerHMM},{Augustus_model.g3217.t1;Augustus},{GeneMark_model.4128_t;GeneMark}
484141	484211	INTRON			{GlimmerHMM_glimmerT_3865-T1;GlimmerHMM},{Augustus_model.g3217.t1;Augustus},{GeneMark_model.4128_t;GeneMark}
484212	484345	internal+	2	3	{GlimmerHMM_glimmerT_3865-T1;GlimmerHMM},{Augustus_model.g3217.t1;Augustus},{GeneMark_model.4128_t;GeneMark}
484346	484407	INTRON			{GlimmerHMM_glimmerT_3865-T1;GlimmerHMM},{Augustus_model.g3217.t1;Augustus},{GeneMark_model.4128_t;GeneMark}
484408	484629	internal+	1	3	{Augustus_model.g3217.t1;Augustus},{GeneMark_model.4128_t;GeneMark}
484630	484689	INTRON			{Augustus_model.g3217.t1;Augustus},{GeneMark_model.4128_t;GeneMark}
484690	484753	internal+	1	1	{Augustus_model.g3217.t1;Augustus},{GeneMark_model.4128_t;GeneMark}
484754	484816	INTRON			{GlimmerHMM_glimmerT_3865-T1;GlimmerHMM},{Augustus_model.g3217.t1;Augustus},{GeneMark_model.4128_t;GeneMark}
484817	484957	internal+	2	1	{GlimmerHMM_glimmerT_3865-T1;GlimmerHMM},{Augustus_model.g3217.t1;Augustus},{GeneMark_model.4128_t;GeneMark}
484958	485017	INTRON			{GlimmerHMM_glimmerT_3865-T1;GlimmerHMM},{Augustus_model.g3217.t1;Augustus},{GeneMark_model.4128_t;GeneMark}
485018	485142	internal+	2	3	{GlimmerHMM_glimmerT_3865-T1;GlimmerHMM},{Augustus_model.g3217.t1;Augustus},{GeneMark_model.4128_t;GeneMark}
485143	485204	INTRON			{GlimmerHMM_glimmerT_3865-T1;GlimmerHMM},{Augustus_model.g3217.t1;Augustus},{GeneMark_model.4128_t;GeneMark}
485205	485367	internal+	1	1	{GlimmerHMM_glimmerT_3865-T1;GlimmerHMM},{Augustus_model.g3217.t1;Augustus},{GeneMark_model.4128_t;GeneMark}
485368	485435	INTRON			{GlimmerHMM_glimmerT_3865-T1;GlimmerHMM},{Augustus_model.g3217.t1;Augustus},{GeneMark_model.4128_t;GeneMark}
485436	485577	internal+	2	2	{GlimmerHMM_glimmerT_3865-T1;GlimmerHMM},{Augustus_model.g3217.t1;Augustus},{GeneMark_model.4128_t;GeneMark}
485578	485644	INTRON			{GlimmerHMM_glimmerT_3865-T1;GlimmerHMM},{Augustus_model.g3217.t1;Augustus},{GeneMark_model.4128_t;GeneMark}
485645	485775	internal+	3	1	{GlimmerHMM_glimmerT_3865-T1;GlimmerHMM},{Augustus_model.g3217.t1;Augustus},{GeneMark_model.4128_t;GeneMark}
485776	485839	INTRON			{GlimmerHMM_glimmerT_3865-T1;GlimmerHMM},{Augustus_model.g3217.t1;Augustus},{GeneMark_model.4128_t;GeneMark}
485840	486168	terminal+	2	3	{GlimmerHMM_glimmerT_3865-T1;GlimmerHMM},{GeneMark_model.4128_t;GeneMark}

# EVM prediction: Mode:STANDARD S-ratio: 14.63 486306-486692 orient(+) score(1446.00) noncoding_equivalent(98.84) raw_noncoding(98.84) offset(0.00)
486306	486692	single+	1	3	{GeneMark_model.4129_t;GeneMark}

# EVM prediction: Mode:STANDARD S-ratio: 1.96 487438-490439 orient(-) score(8471.00) noncoding_equivalent(4327.19) raw_noncoding(5240.00) offset(912.81)
487556	487438	terminal-	5	6	{Augustus_model.g3218.t1;Augustus},{GlimmerHMM_glimmerT_3867-T1;GlimmerHMM},{GeneMark_model.4130_t;GeneMark}
487623	487557	INTRON			{Augustus_model.g3218.t1;Augustus},{GeneMark_model.4130_t;GeneMark}
487744	487624	internal-	4	4	{Augustus_model.g3218.t1;Augustus},{GeneMark_model.4130_t;GeneMark}
487818	487745	INTRON			{Augustus_model.g3218.t1;Augustus},{GlimmerHMM_glimmerT_3867-T1;GlimmerHMM},{GeneMark_model.4130_t;GeneMark}
487940	487819	internal-	5	6	{Augustus_model.g3218.t1;Augustus},{GlimmerHMM_glimmerT_3867-T1;GlimmerHMM},{GeneMark_model.4130_t;GeneMark}
488012	487941	INTRON			{Augustus_model.g3218.t1;Augustus},{GlimmerHMM_glimmerT_3867-T1;GlimmerHMM},{GeneMark_model.4130_t;GeneMark}
488079	488013	internal-	4	4	{Augustus_model.g3218.t1;Augustus},{GlimmerHMM_glimmerT_3867-T1;GlimmerHMM},{GeneMark_model.4130_t;GeneMark}
488141	488080	INTRON			{Augustus_model.g3218.t1;Augustus},{GlimmerHMM_glimmerT_3867-T1;GlimmerHMM},{GeneMark_model.4130_t;GeneMark}
488192	488142	internal-	4	6	{Augustus_model.g3218.t1;Augustus},{GlimmerHMM_glimmerT_3867-T1;GlimmerHMM},{GeneMark_model.4130_t;GeneMark}
488255	488193	INTRON			{Augustus_model.g3218.t1;Augustus},{GlimmerHMM_glimmerT_3867-T1;GlimmerHMM},{GeneMark_model.4130_t;GeneMark}
488287	488256	internal-	5	6	{Augustus_model.g3218.t1;Augustus},{GlimmerHMM_glimmerT_3867-T1;GlimmerHMM},{GeneMark_model.4130_t;GeneMark}
488339	488288	INTRON			{Augustus_model.g3218.t1;Augustus},{GlimmerHMM_glimmerT_3867-T1;GlimmerHMM},{GeneMark_model.4130_t;GeneMark}
488760	488340	internal-	4	4	{Augustus_model.g3218.t1;Augustus},{GlimmerHMM_glimmerT_3867-T1;GlimmerHMM},{GeneMark_model.4130_t;GeneMark}
488846	488761	INTRON			{Augustus_model.g3218.t1;Augustus},{GlimmerHMM_glimmerT_3867-T1;GlimmerHMM},{GeneMark_model.4130_t;GeneMark}
489116	488847	internal-	4	6	{Augustus_model.g3218.t1;Augustus},{GlimmerHMM_glimmerT_3867-T1;GlimmerHMM},{GeneMark_model.4130_t;GeneMark}
489186	489117	INTRON			{Augustus_model.g3218.t1;Augustus},{GeneMark_model.4130_t;GeneMark}
489387	489187	internal-	4	6	{Augustus_model.g3218.t1;Augustus},{GeneMark_model.4130_t;GeneMark}
489455	489388	INTRON			{Augustus_model.g3218.t1;Augustus},{GeneMark_model.4130_t;GeneMark}
490120	489456	internal-	5	6	{Augustus_model.g3218.t1;Augustus},{GeneMark_model.4130_t;GeneMark}
490186	490121	INTRON			{Augustus_model.g3218.t1;Augustus},{GeneMark_model.4130_t;GeneMark}
490439	490187	initial-	4	4	{Augustus_model.g3218.t1;Augustus},{GeneMark_model.4130_t;GeneMark}

# EVM prediction: Mode:STANDARD S-ratio: 4.14 490794-493660 orient(-) score(9588.00) noncoding_equivalent(2317.25) raw_noncoding(2638.25) offset(321.00)
492335	490794	terminal-	4	6	{Augustus_model.g3219.t1;Augustus},{GeneMark_model.4131_t;GeneMark}
492400	492336	INTRON			{GlimmerHMM_glimmerT_3867-T1;GlimmerHMM},{Augustus_model.g3219.t1;Augustus},{GeneMark_model.4131_t;GeneMark},{ev_type:exonerate/ID=match.2566964.3650/Target=lcl|KQ954469_1_prot_KWU45960_1_1677;exonerate}
493360	492401	internal-	4	6	{Augustus_model.g3219.t1;Augustus},{GeneMark_model.4131_t;GeneMark}
493429	493361	INTRON			{Augustus_model.g3219.t1;Augustus},{GeneMark_model.4131_t;GeneMark}
493595	493430	internal-	6	6	{Augustus_model.g3219.t1;Augustus},{GeneMark_model.4131_t;GeneMark}
493652	493596	INTRON			{Augustus_model.g3219.t1;Augustus},{GeneMark_model.4131_t;GeneMark}
493660	493653	initial-	4	5	{GeneMark_model.4131_t;GeneMark}

# EVM prediction: Mode:STANDARD S-ratio: 7.41 494180-496225 orient(+) score(14228.00) noncoding_equivalent(1919.59) raw_noncoding(3234.00) offset(1314.41)
494180	494223	initial+	1	2	{Augustus_model.g3220.t1;Augustus},{GlimmerHMM_glimmerT_3868-T1;GlimmerHMM}
494224	494374	INTRON			{Augustus_model.g3220.t1;Augustus}
494375	494388	internal+	3	1	{Augustus_model.g3220.t1;Augustus}
494389	494487	INTRON			{Augustus_model.g3220.t1;Augustus},{GeneMark_model.4132_t;GeneMark}
494488	494517	internal+	2	1	{Augustus_model.g3220.t1;Augustus},{GeneMark_model.4132_t;GeneMark}
494518	494583	INTRON			{Augustus_model.g3220.t1;Augustus},{GeneMark_model.4132_t;GeneMark},{ev_type:exonerate/ID=match.2566964.3534/Target=lcl|BJWK01000011_1_prot_GEM10525_1_4542;exonerate},{ev_type:exonerate/ID=match.2566964.3533/Target=lcl|LCTV02000006_1_prot_PRQ74354_1_6339;exonerate},{ev_type:exonerate/ID=match.2566964.3531/Target=lcl|KQ954469_1_prot_KWU45959_1_1676;exonerate},{ev_type:exonerate/ID=match.2566964.3535/Target=lcl|NW_017264937_1_prot_XP_018269800_1_5203;exonerate}
494584	494617	internal+	2	2	{Augustus_model.g3220.t1;Augustus},{ev_type:exonerate/ID=match.2566964.3534/Target=lcl|BJWK01000011_1_prot_GEM10525_1_4542;exonerate},{ev_type:exonerate/ID=match.2566964.3533/Target=lcl|LCTV02000006_1_prot_PRQ74354_1_6339;exonerate},{ev_type:exonerate/ID=match.2566964.3531/Target=lcl|KQ954469_1_prot_KWU45959_1_1676;exonerate},{ev_type:exonerate/ID=match.2566964.3535/Target=lcl|NW_017264937_1_prot_XP_018269800_1_5203;exonerate}
494618	494696	INTRON			{Augustus_model.g3220.t1;Augustus},{ev_type:exonerate/ID=match.2566964.3534/Target=lcl|BJWK01000011_1_prot_GEM10525_1_4542;exonerate},{ev_type:exonerate/ID=match.2566964.3533/Target=lcl|LCTV02000006_1_prot_PRQ74354_1_6339;exonerate},{ev_type:exonerate/ID=match.2566964.3531/Target=lcl|KQ954469_1_prot_KWU45959_1_1676;exonerate},{ev_type:exonerate/ID=match.2566964.3535/Target=lcl|NW_017264937_1_prot_XP_018269800_1_5203;exonerate}
494697	494898	internal+	3	3	{Augustus_model.g3220.t1;Augustus},{GlimmerHMM_glimmerT_3868-T1;GlimmerHMM},{ev_type:exonerate/ID=match.2566964.3534/Target=lcl|BJWK01000011_1_prot_GEM10525_1_4542;exonerate},{ev_type:exonerate/ID=match.2566964.3533/Target=lcl|LCTV02000006_1_prot_PRQ74354_1_6339;exonerate},{ev_type:exonerate/ID=match.2566964.3532/Target=lcl|PJQD01000075_1_prot_POY71668_1_5736;exonerate},{ev_type:exonerate/ID=match.2566964.3531/Target=lcl|KQ954469_1_prot_KWU45959_1_1676;exonerate},{ev_type:exonerate/ID=match.2566964.3535/Target=lcl|NW_017264937_1_prot_XP_018269800_1_5203;exonerate}
494899	494960	INTRON			{Augustus_model.g3220.t1;Augustus},{GlimmerHMM_glimmerT_3868-T1;GlimmerHMM},{GeneMark_model.4132_t;GeneMark},{ev_type:exonerate/ID=match.2566964.3534/Target=lcl|BJWK01000011_1_prot_GEM10525_1_4542;exonerate},{ev_type:exonerate/ID=match.2566964.3533/Target=lcl|LCTV02000006_1_prot_PRQ74354_1_6339;exonerate},{ev_type:exonerate/ID=match.2566964.3532/Target=lcl|PJQD01000075_1_prot_POY71668_1_5736;exonerate},{ev_type:exonerate/ID=match.2566964.3531/Target=lcl|KQ954469_1_prot_KWU45959_1_1676;exonerate},{ev_type:exonerate/ID=match.2566964.3535/Target=lcl|NW_017264937_1_prot_XP_018269800_1_5203;exonerate}
494961	494987	internal+	1	3	{Augustus_model.g3220.t1;Augustus},{GlimmerHMM_glimmerT_3868-T1;GlimmerHMM},{GeneMark_model.4132_t;GeneMark},{ev_type:exonerate/ID=match.2566964.3534/Target=lcl|BJWK01000011_1_prot_GEM10525_1_4542;exonerate},{ev_type:exonerate/ID=match.2566964.3533/Target=lcl|LCTV02000006_1_prot_PRQ74354_1_6339;exonerate},{ev_type:exonerate/ID=match.2566964.3532/Target=lcl|PJQD01000075_1_prot_POY71668_1_5736;exonerate},{ev_type:exonerate/ID=match.2566964.3531/Target=lcl|KQ954469_1_prot_KWU45959_1_1676;exonerate},{ev_type:exonerate/ID=match.2566964.3535/Target=lcl|NW_017264937_1_prot_XP_018269800_1_5203;exonerate}
494988	495045	INTRON			{Augustus_model.g3220.t1;Augustus},{GlimmerHMM_glimmerT_3868-T1;GlimmerHMM},{GeneMark_model.4132_t;GeneMark},{ev_type:exonerate/ID=match.2566964.3534/Target=lcl|BJWK01000011_1_prot_GEM10525_1_4542;exonerate},{ev_type:exonerate/ID=match.2566964.3533/Target=lcl|LCTV02000006_1_prot_PRQ74354_1_6339;exonerate},{ev_type:exonerate/ID=match.2566964.3532/Target=lcl|PJQD01000075_1_prot_POY71668_1_5736;exonerate},{ev_type:exonerate/ID=match.2566964.3531/Target=lcl|KQ954469_1_prot_KWU45959_1_1676;exonerate},{ev_type:exonerate/ID=match.2566964.3535/Target=lcl|NW_017264937_1_prot_XP_018269800_1_5203;exonerate}
495046	495929	internal+	1	2	{Augustus_model.g3220.t1;Augustus},{GlimmerHMM_glimmerT_3868-T1;GlimmerHMM},{GeneMark_model.4132_t;GeneMark},{ev_type:exonerate/ID=match.2566964.3534/Target=lcl|BJWK01000011_1_prot_GEM10525_1_4542;exonerate},{ev_type:exonerate/ID=match.2566964.3533/Target=lcl|LCTV02000006_1_prot_PRQ74354_1_6339;exonerate},{ev_type:exonerate/ID=match.2566964.3532/Target=lcl|PJQD01000075_1_prot_POY71668_1_5736;exonerate},{ev_type:exonerate/ID=match.2566964.3531/Target=lcl|KQ954469_1_prot_KWU45959_1_1676;exonerate},{ev_type:exonerate/ID=match.2566964.3535/Target=lcl|NW_017264937_1_prot_XP_018269800_1_5203;exonerate}
495930	495997	INTRON			{Augustus_model.g3220.t1;Augustus},{GlimmerHMM_glimmerT_3868-T1;GlimmerHMM},{GeneMark_model.4132_t;GeneMark},{ev_type:exonerate/ID=match.2566964.3534/Target=lcl|BJWK01000011_1_prot_GEM10525_1_4542;exonerate},{ev_type:exonerate/ID=match.2566964.3533/Target=lcl|LCTV02000006_1_prot_PRQ74354_1_6339;exonerate},{ev_type:exonerate/ID=match.2566964.3532/Target=lcl|PJQD01000075_1_prot_POY71668_1_5736;exonerate},{ev_type:exonerate/ID=match.2566964.3531/Target=lcl|KQ954469_1_prot_KWU45959_1_1676;exonerate},{ev_type:exonerate/ID=match.2566964.3535/Target=lcl|NW_017264937_1_prot_XP_018269800_1_5203;exonerate}
495998	496111	internal+	3	2	{Augustus_model.g3220.t1;Augustus},{GeneMark_model.4132_t;GeneMark}
496112	496197	INTRON			{Augustus_model.g3220.t1;Augustus},{GeneMark_model.4132_t;GeneMark}
496198	496225	terminal+	3	3	{Augustus_model.g3220.t1;Augustus},{GeneMark_model.4132_t;GeneMark}

# EVM prediction: Mode:STANDARD S-ratio: 2.66 496849-498334 orient(+) score(4317.00) noncoding_equivalent(1624.70) raw_noncoding(2083.00) offset(458.30)
496849	497317	initial+	1	1	{GlimmerHMM_glimmerT_3869-T1;GlimmerHMM},{Augustus_model.g3221.t1;Augustus},{GeneMark_model.4133_t;GeneMark}
497318	497378	INTRON			{Augustus_model.g3221.t1;Augustus},{GeneMark_model.4133_t;GeneMark}
497379	497446	internal+	2	3	{Augustus_model.g3221.t1;Augustus},{GeneMark_model.4133_t;GeneMark}
497447	497507	INTRON			{Augustus_model.g3221.t1;Augustus},{GeneMark_model.4133_t;GeneMark}
497508	497532	internal+	1	1	{Augustus_model.g3221.t1;Augustus},{GeneMark_model.4133_t;GeneMark}
497533	497599	INTRON			{Augustus_model.g3221.t1;Augustus},{GeneMark_model.4133_t;GeneMark}
497600	497869	internal+	2	1	{Augustus_model.g3221.t1;Augustus},{GeneMark_model.4133_t;GeneMark}
497870	497930	INTRON			{Augustus_model.g3221.t1;Augustus},{GeneMark_model.4133_t;GeneMark}
497931	498334	terminal+	2	3	{GlimmerHMM_glimmerT_3869-T1;GlimmerHMM},{Augustus_model.g3221.t1;Augustus}

# EVM prediction: Mode:STANDARD S-ratio: 2.36 498337-498731 orient(-) score(1185.00) noncoding_equivalent(503.00) raw_noncoding(563.00) offset(60.00)
498477	498337	terminal-	4	6	{GeneMark_model.4134_t;GeneMark},{GlimmerHMM_glimmerT_3870-T1;GlimmerHMM},{Augustus_model.g3222.t1;Augustus}
498533	498478	INTRON			{GeneMark_model.4134_t;GeneMark},{GlimmerHMM_glimmerT_3870-T1;GlimmerHMM},{Augustus_model.g3222.t1;Augustus}
498731	498534	initial-	4	6	{GlimmerHMM_glimmerT_3870-T1;GlimmerHMM}

# EVM prediction: Mode:STANDARD S-ratio: 2.93 500067-501945 orient(-) score(9563.00) noncoding_equivalent(3264.64) raw_noncoding(4082.07) offset(817.43)
500369	500067	terminal-	4	6	{HiQ_model.g3223.t1;HiQ},{GlimmerHMM_glimmerT_3871-T1;GlimmerHMM}
500449	500370	INTRON			{GeneMark_model.4134_t;GeneMark},{HiQ_model.g3223.t1;HiQ},{GlimmerHMM_glimmerT_3871-T1;GlimmerHMM},{ev_type:exonerate/ID=match.2566964.3528/Target=lcl|PJQD01000048_1_prot_POY72477_1_4375;exonerate}
500623	500450	internal-	4	6	{GeneMark_model.4134_t;GeneMark},{HiQ_model.g3223.t1;HiQ},{GlimmerHMM_glimmerT_3871-T1;GlimmerHMM},{ev_type:exonerate/ID=match.2566964.3528/Target=lcl|PJQD01000048_1_prot_POY72477_1_4375;exonerate}
500707	500624	INTRON			{GeneMark_model.4134_t;GeneMark},{HiQ_model.g3223.t1;HiQ},{ev_type:exonerate/ID=match.2566964.3528/Target=lcl|PJQD01000048_1_prot_POY72477_1_4375;exonerate}
501051	500708	internal-	5	6	{GeneMark_model.4134_t;GeneMark},{HiQ_model.g3223.t1;HiQ},{ev_type:exonerate/ID=match.2566964.3528/Target=lcl|PJQD01000048_1_prot_POY72477_1_4375;exonerate}
501116	501052	INTRON			{GeneMark_model.4134_t;GeneMark},{HiQ_model.g3223.t1;HiQ},{GlimmerHMM_glimmerT_3871-T1;GlimmerHMM},{ev_type:exonerate/ID=match.2566964.3528/Target=lcl|PJQD01000048_1_prot_POY72477_1_4375;exonerate}
501291	501117	internal-	4	4	{GeneMark_model.4134_t;GeneMark},{HiQ_model.g3223.t1;HiQ},{GlimmerHMM_glimmerT_3871-T1;GlimmerHMM},{ev_type:exonerate/ID=match.2566964.3528/Target=lcl|PJQD01000048_1_prot_POY72477_1_4375;exonerate}
501358	501292	INTRON			{GeneMark_model.4134_t;GeneMark},{HiQ_model.g3223.t1;HiQ},{GlimmerHMM_glimmerT_3871-T1;GlimmerHMM},{ev_type:exonerate/ID=match.2566964.3528/Target=lcl|PJQD01000048_1_prot_POY72477_1_4375;exonerate}
501642	501359	internal-	5	6	{GeneMark_model.4134_t;GeneMark},{HiQ_model.g3223.t1;HiQ},{GlimmerHMM_glimmerT_3871-T1;GlimmerHMM},{ev_type:exonerate/ID=match.2566964.3528/Target=lcl|PJQD01000048_1_prot_POY72477_1_4375;exonerate}
501713	501643	INTRON			{GeneMark_model.4134_t;GeneMark},{HiQ_model.g3223.t1;HiQ},{GlimmerHMM_glimmerT_3871-T1;GlimmerHMM},{ev_type:exonerate/ID=match.2566964.3528/Target=lcl|PJQD01000048_1_prot_POY72477_1_4375;exonerate}
501785	501714	internal-	5	4	{GeneMark_model.4134_t;GeneMark},{HiQ_model.g3223.t1;HiQ},{ev_type:exonerate/ID=match.2566964.3528/Target=lcl|PJQD01000048_1_prot_POY72477_1_4375;exonerate}
501863	501786	INTRON			{GeneMark_model.4134_t;GeneMark},{HiQ_model.g3223.t1;HiQ},{ev_type:exonerate/ID=match.2566964.3528/Target=lcl|PJQD01000048_1_prot_POY72477_1_4375;exonerate}
501945	501864	initial-	4	4	{GeneMark_model.4134_t;GeneMark},{HiQ_model.g3223.t1;HiQ}

# EVM prediction: Mode:STANDARD S-ratio: 1.62 503446-506028 orient(+) score(6718.00) noncoding_equivalent(4151.28) raw_noncoding(6033.00) offset(1881.72)
503446	503636	initial+	1	2	{Augustus_model.g3224.t1;Augustus},{GeneMark_model.4135_t;GeneMark},{GlimmerHMM_glimmerT_3872-T1;GlimmerHMM}
503637	503713	INTRON			{Augustus_model.g3224.t1;Augustus},{GeneMark_model.4135_t;GeneMark}
503714	503731	internal+	3	2	{Augustus_model.g3224.t1;Augustus},{GeneMark_model.4135_t;GeneMark}
503732	503794	INTRON			{Augustus_model.g3224.t1;Augustus},{GeneMark_model.4135_t;GeneMark}
503795	503822	internal+	3	3	{Augustus_model.g3224.t1;Augustus},{GeneMark_model.4135_t;GeneMark}
503823	503917	INTRON			{Augustus_model.g3224.t1;Augustus},{GeneMark_model.4135_t;GeneMark}
503918	503959	internal+	1	3	{Augustus_model.g3224.t1;Augustus},{GeneMark_model.4135_t;GeneMark}
503960	504109	INTRON			{Augustus_model.g3224.t1;Augustus},{GeneMark_model.4135_t;GeneMark}
504110	504137	internal+	1	1	{Augustus_model.g3224.t1;Augustus},{GeneMark_model.4135_t;GeneMark}
504138	504209	INTRON			{Augustus_model.g3224.t1;Augustus},{GeneMark_model.4135_t;GeneMark}
504210	504378	internal+	2	2	{Augustus_model.g3224.t1;Augustus},{GeneMark_model.4135_t;GeneMark},{GlimmerHMM_glimmerT_3872-T1;GlimmerHMM}
504379	504459	INTRON			{Augustus_model.g3224.t1;Augustus},{GeneMark_model.4135_t;GeneMark}
504460	504476	internal+	3	1	{Augustus_model.g3224.t1;Augustus},{GeneMark_model.4135_t;GeneMark}
504477	504548	INTRON			{Augustus_model.g3224.t1;Augustus},{GeneMark_model.4135_t;GeneMark}
504549	504558	internal+	2	2	{Augustus_model.g3224.t1;Augustus},{GeneMark_model.4135_t;GeneMark}
504559	504624	INTRON			{Augustus_model.g3224.t1;Augustus},{GeneMark_model.4135_t;GeneMark}
504625	504714	internal+	3	2	{Augustus_model.g3224.t1;Augustus},{GeneMark_model.4135_t;GeneMark}
504715	504771	INTRON			{Augustus_model.g3224.t1;Augustus},{GeneMark_model.4135_t;GeneMark}
504772	505148	internal+	3	1	{Augustus_model.g3224.t1;Augustus},{GeneMark_model.4135_t;GeneMark},{GlimmerHMM_glimmerT_3872-T1;GlimmerHMM}
505149	505215	INTRON			{Augustus_model.g3224.t1;Augustus},{GeneMark_model.4135_t;GeneMark},{GlimmerHMM_glimmerT_3872-T1;GlimmerHMM}
505216	505353	internal+	2	1	{Augustus_model.g3224.t1;Augustus},{GeneMark_model.4135_t;GeneMark},{GlimmerHMM_glimmerT_3872-T1;GlimmerHMM}
505354	505425	INTRON			{Augustus_model.g3224.t1;Augustus},{GeneMark_model.4135_t;GeneMark},{GlimmerHMM_glimmerT_3872-T1;GlimmerHMM}
505426	505557	internal+	2	1	{Augustus_model.g3224.t1;Augustus},{GeneMark_model.4135_t;GeneMark},{GlimmerHMM_glimmerT_3872-T1;GlimmerHMM}
505558	505626	INTRON			{Augustus_model.g3224.t1;Augustus},{GeneMark_model.4135_t;GeneMark},{GlimmerHMM_glimmerT_3872-T1;GlimmerHMM}
505627	505716	internal+	2	1	{Augustus_model.g3224.t1;Augustus},{GeneMark_model.4135_t;GeneMark},{GlimmerHMM_glimmerT_3872-T1;GlimmerHMM}
505717	505787	INTRON			{Augustus_model.g3224.t1;Augustus},{GeneMark_model.4135_t;GeneMark},{GlimmerHMM_glimmerT_3872-T1;GlimmerHMM}
505788	505935	internal+	2	2	{Augustus_model.g3224.t1;Augustus},{GeneMark_model.4135_t;GeneMark}
505936	506000	INTRON			{Augustus_model.g3224.t1;Augustus},{GeneMark_model.4135_t;GeneMark}
506001	506028	terminal+	3	3	{Augustus_model.g3224.t1;Augustus},{GeneMark_model.4135_t;GeneMark}

# EVM prediction: Mode:STANDARD S-ratio: 2.79 506523-509151 orient(-) score(10109.00) noncoding_equivalent(3624.77) raw_noncoding(4599.48) offset(974.71)
506536	506523	terminal-	5	6	{Augustus_model.g3225.t1;Augustus},{GeneMark_model.4136_t;GeneMark}
506591	506537	INTRON			{Augustus_model.g3225.t1;Augustus},{GeneMark_model.4136_t;GeneMark}
506875	506592	internal-	6	4	{GlimmerHMM_glimmerT_3873-T1;GlimmerHMM},{Augustus_model.g3225.t1;Augustus},{GeneMark_model.4136_t;GeneMark}
506932	506876	INTRON			{GlimmerHMM_glimmerT_3873-T1;GlimmerHMM},{Augustus_model.g3225.t1;Augustus},{GeneMark_model.4136_t;GeneMark}
507340	506933	internal-	6	5	{GlimmerHMM_glimmerT_3873-T1;GlimmerHMM},{GeneMark_model.4136_t;GeneMark}
507400	507341	INTRON			{GlimmerHMM_glimmerT_3873-T1;GlimmerHMM},{Augustus_model.g3225.t1;Augustus},{GeneMark_model.4136_t;GeneMark}
507549	507401	internal-	4	5	{GlimmerHMM_glimmerT_3873-T1;GlimmerHMM},{Augustus_model.g3225.t1;Augustus},{GeneMark_model.4136_t;GeneMark}
507615	507550	INTRON			{GlimmerHMM_glimmerT_3873-T1;GlimmerHMM},{Augustus_model.g3225.t1;Augustus},{GeneMark_model.4136_t;GeneMark}
507882	507616	internal-	4	6	{GlimmerHMM_glimmerT_3873-T1;GlimmerHMM},{Augustus_model.g3225.t1;Augustus},{GeneMark_model.4136_t;GeneMark}
507939	507883	INTRON			{GlimmerHMM_glimmerT_3873-T1;GlimmerHMM},{Augustus_model.g3225.t1;Augustus},{GeneMark_model.4136_t;GeneMark},{ev_type:exonerate/ID=match.2566964.970/Target=lcl|KQ954501_1_prot_KWU42772_1_4902;exonerate},{ev_type:exonerate/ID=match.2566964.975/Target=lcl|NW_017264940_1_prot_XP_018268838_1_5849;exonerate}
508241	507940	internal-	5	6	{GlimmerHMM_glimmerT_3873-T1;GlimmerHMM},{Augustus_model.g3225.t1;Augustus},{GeneMark_model.4136_t;GeneMark},{ev_type:exonerate/ID=match.2566964.970/Target=lcl|KQ954501_1_prot_KWU42772_1_4902;exonerate},{ev_type:exonerate/ID=match.2566964.975/Target=lcl|NW_017264940_1_prot_XP_018268838_1_5849;exonerate}
508310	508242	INTRON			{Augustus_model.g3225.t1;Augustus},{GeneMark_model.4136_t;GeneMark},{ev_type:exonerate/ID=match.2566964.970/Target=lcl|KQ954501_1_prot_KWU42772_1_4902;exonerate},{ev_type:exonerate/ID=match.2566964.975/Target=lcl|NW_017264940_1_prot_XP_018268838_1_5849;exonerate}
508352	508311	internal-	5	4	{Augustus_model.g3225.t1;Augustus},{GeneMark_model.4136_t;GeneMark},{ev_type:exonerate/ID=match.2566964.970/Target=lcl|KQ954501_1_prot_KWU42772_1_4902;exonerate},{ev_type:exonerate/ID=match.2566964.975/Target=lcl|NW_017264940_1_prot_XP_018268838_1_5849;exonerate}
508414	508353	INTRON			{Augustus_model.g3225.t1;Augustus},{GeneMark_model.4136_t;GeneMark},{ev_type:exonerate/ID=match.2566964.970/Target=lcl|KQ954501_1_prot_KWU42772_1_4902;exonerate},{ev_type:exonerate/ID=match.2566964.975/Target=lcl|NW_017264940_1_prot_XP_018268838_1_5849;exonerate}
508523	508415	internal-	4	4	{Augustus_model.g3225.t1;Augustus},{GeneMark_model.4136_t;GeneMark},{ev_type:exonerate/ID=match.2566964.970/Target=lcl|KQ954501_1_prot_KWU42772_1_4902;exonerate},{ev_type:exonerate/ID=match.2566964.975/Target=lcl|NW_017264940_1_prot_XP_018268838_1_5849;exonerate}
508585	508524	INTRON			{Augustus_model.g3225.t1;Augustus},{GeneMark_model.4136_t;GeneMark},{ev_type:exonerate/ID=match.2566964.970/Target=lcl|KQ954501_1_prot_KWU42772_1_4902;exonerate},{ev_type:exonerate/ID=match.2566964.975/Target=lcl|NW_017264940_1_prot_XP_018268838_1_5849;exonerate}
508623	508586	internal-	5	6	{Augustus_model.g3225.t1;Augustus},{GeneMark_model.4136_t;GeneMark},{ev_type:exonerate/ID=match.2566964.970/Target=lcl|KQ954501_1_prot_KWU42772_1_4902;exonerate},{ev_type:exonerate/ID=match.2566964.975/Target=lcl|NW_017264940_1_prot_XP_018268838_1_5849;exonerate}
508682	508624	INTRON			{Augustus_model.g3225.t1;Augustus},{GeneMark_model.4136_t;GeneMark},{ev_type:exonerate/ID=match.2566964.970/Target=lcl|KQ954501_1_prot_KWU42772_1_4902;exonerate},{ev_type:exonerate/ID=match.2566964.975/Target=lcl|NW_017264940_1_prot_XP_018268838_1_5849;exonerate}
508852	508683	internal-	6	4	{GlimmerHMM_glimmerT_3873-T1;GlimmerHMM},{Augustus_model.g3225.t1;Augustus},{GeneMark_model.4136_t;GeneMark},{ev_type:exonerate/ID=match.2566964.970/Target=lcl|KQ954501_1_prot_KWU42772_1_4902;exonerate},{ev_type:exonerate/ID=match.2566964.975/Target=lcl|NW_017264940_1_prot_XP_018268838_1_5849;exonerate}
508920	508853	INTRON			{GlimmerHMM_glimmerT_3873-T1;GlimmerHMM},{Augustus_model.g3225.t1;Augustus},{GeneMark_model.4136_t;GeneMark},{ev_type:exonerate/ID=match.2566964.970/Target=lcl|KQ954501_1_prot_KWU42772_1_4902;exonerate},{ev_type:exonerate/ID=match.2566964.975/Target=lcl|NW_017264940_1_prot_XP_018268838_1_5849;exonerate}
508974	508921	internal-	6	5	{GlimmerHMM_glimmerT_3873-T1;GlimmerHMM},{Augustus_model.g3225.t1;Augustus},{GeneMark_model.4136_t;GeneMark}
509041	508975	INTRON			{GlimmerHMM_glimmerT_3873-T1;GlimmerHMM},{Augustus_model.g3225.t1;Augustus},{GeneMark_model.4136_t;GeneMark}
509151	509042	initial-	4	5	{GlimmerHMM_glimmerT_3873-T1;GlimmerHMM},{Augustus_model.g3225.t1;Augustus},{GeneMark_model.4136_t;GeneMark}

# EVM prediction: Mode:STANDARD S-ratio: 2.64 510956-514345 orient(+) score(10178.00) noncoding_equivalent(3859.18) raw_noncoding(5034.36) offset(1175.18)
510956	511030	initial+	1	3	{Augustus_model.g3226.t1;Augustus},{GlimmerHMM_glimmerT_3874-T1;GlimmerHMM}
511031	511094	INTRON			{Augustus_model.g3226.t1;Augustus},{GeneMark_model.4137_t;GeneMark}
511095	511130	internal+	1	3	{Augustus_model.g3226.t1;Augustus},{GeneMark_model.4137_t;GeneMark}
511131	511207	INTRON			{Augustus_model.g3226.t1;Augustus},{GeneMark_model.4137_t;GeneMark}
511208	511765	internal+	1	3	{Augustus_model.g3226.t1;Augustus},{GeneMark_model.4137_t;GeneMark}
511766	511825	INTRON			{Augustus_model.g3226.t1;Augustus},{GeneMark_model.4137_t;GeneMark}
511826	511963	internal+	1	3	{Augustus_model.g3226.t1;Augustus},{GeneMark_model.4137_t;GeneMark}
511964	512024	INTRON			{Augustus_model.g3226.t1;Augustus},{GlimmerHMM_glimmerT_3874-T1;GlimmerHMM},{GeneMark_model.4137_t;GeneMark}
512025	512185	internal+	1	2	{Augustus_model.g3226.t1;Augustus},{GeneMark_model.4137_t;GeneMark}
512186	512253	INTRON			{Augustus_model.g3226.t1;Augustus},{GeneMark_model.4137_t;GeneMark}
512254	512275	internal+	3	3	{Augustus_model.g3226.t1;Augustus},{GeneMark_model.4137_t;GeneMark}
512276	512341	INTRON			{Augustus_model.g3226.t1;Augustus},{GeneMark_model.4137_t;GeneMark}
512342	512578	internal+	1	3	{GeneMark_model.4137_t;GeneMark}
512579	512645	INTRON			{Augustus_model.g3226.t1;Augustus},{GeneMark_model.4137_t;GeneMark}
512646	512753	internal+	1	3	{Augustus_model.g3226.t1;Augustus},{GeneMark_model.4137_t;GeneMark}
512754	512820	INTRON			{Augustus_model.g3226.t1;Augustus},{GeneMark_model.4137_t;GeneMark}
512821	513057	internal+	1	3	{Augustus_model.g3226.t1;Augustus},{GlimmerHMM_glimmerT_3874-T1;GlimmerHMM},{GeneMark_model.4137_t;GeneMark}
513058	513117	INTRON			{Augustus_model.g3226.t1;Augustus},{GlimmerHMM_glimmerT_3874-T1;GlimmerHMM},{GeneMark_model.4137_t;GeneMark}
513118	513188	internal+	1	2	{Augustus_model.g3226.t1;Augustus},{GeneMark_model.4137_t;GeneMark}
513189	513259	INTRON			{Augustus_model.g3226.t1;Augustus},{GeneMark_model.4137_t;GeneMark}
513260	513362	internal+	3	3	{Augustus_model.g3226.t1;Augustus},{GlimmerHMM_glimmerT_3874-T1;GlimmerHMM},{GeneMark_model.4137_t;GeneMark}
513363	513430	INTRON			{Augustus_model.g3226.t1;Augustus},{GlimmerHMM_glimmerT_3874-T1;GlimmerHMM},{GeneMark_model.4137_t;GeneMark}
513431	513474	internal+	1	2	{Augustus_model.g3226.t1;Augustus},{GlimmerHMM_glimmerT_3874-T1;GlimmerHMM},{GeneMark_model.4137_t;GeneMark}
513475	513543	INTRON			{Augustus_model.g3226.t1;Augustus},{GlimmerHMM_glimmerT_3874-T1;GlimmerHMM},{GeneMark_model.4137_t;GeneMark}
513544	513693	internal+	3	2	{Augustus_model.g3226.t1;Augustus},{GeneMark_model.4137_t;GeneMark}
513694	513754	INTRON			{Augustus_model.g3226.t1;Augustus},{GeneMark_model.4137_t;GeneMark}
513755	513851	internal+	3	3	{Augustus_model.g3226.t1;Augustus},{GeneMark_model.4137_t;GeneMark}
513852	513913	INTRON			{Augustus_model.g3226.t1;Augustus},{GeneMark_model.4137_t;GeneMark}
513914	514345	terminal+	1	3	{Augustus_model.g3226.t1;Augustus},{GlimmerHMM_glimmerT_3874-T1;GlimmerHMM},{GeneMark_model.4137_t;GeneMark}

# EVM prediction: Mode:STANDARD S-ratio: 5.94 514562-516348 orient(+) score(6433.00) noncoding_equivalent(1082.94) raw_noncoding(1274.44) offset(191.50)
514562	514792	initial+	1	3	{GeneMark_model.4138_t;GeneMark},{Augustus_model.g3227.t1;Augustus},{GlimmerHMM_glimmerT_3875-T1;GlimmerHMM}
514793	514852	INTRON			{GeneMark_model.4138_t;GeneMark},{Augustus_model.g3227.t1;Augustus},{GlimmerHMM_glimmerT_3875-T1;GlimmerHMM}
514853	515609	internal+	1	1	{GeneMark_model.4138_t;GeneMark},{Augustus_model.g3227.t1;Augustus},{GlimmerHMM_glimmerT_3875-T1;GlimmerHMM}
515610	515673	INTRON			{GeneMark_model.4138_t;GeneMark},{Augustus_model.g3227.t1;Augustus},{GlimmerHMM_glimmerT_3875-T1;GlimmerHMM}
515674	515944	internal+	2	2	{GeneMark_model.4138_t;GeneMark},{Augustus_model.g3227.t1;Augustus},{GlimmerHMM_glimmerT_3875-T1;GlimmerHMM}
515945	516014	INTRON			{GeneMark_model.4138_t;GeneMark},{Augustus_model.g3227.t1;Augustus},{GlimmerHMM_glimmerT_3875-T1;GlimmerHMM}
516015	516348	terminal+	3	3	{GeneMark_model.4138_t;GeneMark},{Augustus_model.g3227.t1;Augustus},{snap_scaffold_9-snap.218-T1;snap},{GlimmerHMM_glimmerT_3875-T1;GlimmerHMM}

# EVM prediction: Mode:STANDARD S-ratio: 1.78 516434-521702 orient(-) score(13518.00) noncoding_equivalent(7586.65) raw_noncoding(8416.00) offset(829.35)
518369	516434	terminal-	6	6	{GeneMark_model.4139_t;GeneMark}
518432	518370	INTRON			{Augustus_model.g3228.t1;Augustus},{GeneMark_model.4139_t;GeneMark}
518875	518433	internal-	4	5	{GlimmerHMM_glimmerT_3876-T1;GlimmerHMM},{Augustus_model.g3228.t1;Augustus},{GeneMark_model.4139_t;GeneMark}
518939	518876	INTRON			{GlimmerHMM_glimmerT_3876-T1;GlimmerHMM},{Augustus_model.g3228.t1;Augustus},{GeneMark_model.4139_t;GeneMark},{snap_scaffold_9-snap.219-T1;snap}
519938	518940	internal-	4	6	{Augustus_model.g3228.t1;Augustus},{GeneMark_model.4139_t;GeneMark}
519996	519939	INTRON			{Augustus_model.g3228.t1;Augustus},{GeneMark_model.4139_t;GeneMark}
520284	519997	internal-	4	6	{GlimmerHMM_glimmerT_3876-T1;GlimmerHMM},{Augustus_model.g3228.t1;Augustus},{GeneMark_model.4139_t;GeneMark}
520348	520285	INTRON			{GlimmerHMM_glimmerT_3876-T1;GlimmerHMM},{Augustus_model.g3228.t1;Augustus},{GeneMark_model.4139_t;GeneMark}
521505	520349	internal-	5	6	{GeneMark_model.4139_t;GeneMark}
521677	521506	INTRON			{GeneMark_model.4139_t;GeneMark}
521702	521678	initial-	4	4	{GlimmerHMM_glimmerT_3876-T1;GlimmerHMM},{GeneMark_model.4139_t;GeneMark}

# EVM prediction: Mode:STANDARD S-ratio: 11.51 522468-523508 orient(+) score(4893.00) noncoding_equivalent(425.00) raw_noncoding(435.00) offset(10.00)
522468	522755	initial+	1	3	{Augustus_model.g3229.t1;Augustus},{GeneMark_model.4140_t;GeneMark}
522756	522878	INTRON			{Augustus_model.g3229.t1;Augustus},{GeneMark_model.4140_t;GeneMark},{ev_type:exonerate/ID=match.2566964.3567/Target=lcl|KQ954466_1_prot_KWU46788_1_877;exonerate}
522879	523152	internal+	1	1	{Augustus_model.g3229.t1;Augustus},{GeneMark_model.4140_t;GeneMark},{ev_type:exonerate/ID=match.2566964.3567/Target=lcl|KQ954466_1_prot_KWU46788_1_877;exonerate}
523153	523215	INTRON			{GlimmerHMM_glimmerT_3877-T1;GlimmerHMM},{Augustus_model.g3229.t1;Augustus},{GeneMark_model.4140_t;GeneMark},{ev_type:exonerate/ID=match.2566964.3567/Target=lcl|KQ954466_1_prot_KWU46788_1_877;exonerate}
523216	523508	terminal+	2	3	{GlimmerHMM_glimmerT_3877-T1;GlimmerHMM},{Augustus_model.g3229.t1;Augustus},{GeneMark_model.4140_t;GeneMark}

# EVM prediction: Mode:STANDARD S-ratio: 5.21 523607-524833 orient(-) score(4326.00) noncoding_equivalent(829.71) raw_noncoding(978.00) offset(148.29)
523715	523607	terminal-	6	6	{GeneMark_model.4141_t;GeneMark},{Augustus_model.g3230.t1;Augustus}
523781	523716	INTRON			{GeneMark_model.4141_t;GeneMark},{Augustus_model.g3230.t1;Augustus}
524109	523782	internal-	5	5	{GeneMark_model.4141_t;GeneMark},{Augustus_model.g3230.t1;Augustus}
524173	524110	INTRON			{GlimmerHMM_glimmerT_3878-T1;GlimmerHMM},{GeneMark_model.4141_t;GeneMark},{Augustus_model.g3230.t1;Augustus}
524314	524174	internal-	5	4	{GlimmerHMM_glimmerT_3878-T1;GlimmerHMM},{GeneMark_model.4141_t;GeneMark},{Augustus_model.g3230.t1;Augustus}
524379	524315	INTRON			{GlimmerHMM_glimmerT_3878-T1;GlimmerHMM},{GeneMark_model.4141_t;GeneMark},{Augustus_model.g3230.t1;Augustus}
524833	524380	initial-	4	4	{GlimmerHMM_glimmerT_3878-T1;GlimmerHMM},{GeneMark_model.4141_t;GeneMark},{Augustus_model.g3230.t1;Augustus}

# EVM prediction: Mode:STANDARD S-ratio: 3.18 525127-526681 orient(+) score(5380.00) noncoding_equivalent(1690.76) raw_noncoding(2023.76) offset(333.00)
525127	525258	initial+	1	3	{GeneMark_model.4142_t;GeneMark},{Augustus_model.g3231.t1;Augustus},{GlimmerHMM_glimmerT_3879-T1;GlimmerHMM}
525259	525438	INTRON			{GeneMark_model.4142_t;GeneMark},{Augustus_model.g3231.t1;Augustus},{GlimmerHMM_glimmerT_3879-T1;GlimmerHMM}
525439	525561	internal+	1	3	{GeneMark_model.4142_t;GeneMark},{Augustus_model.g3231.t1;Augustus},{GlimmerHMM_glimmerT_3879-T1;GlimmerHMM}
525562	525631	INTRON			{GeneMark_model.4142_t;GeneMark},{Augustus_model.g3231.t1;Augustus},{GlimmerHMM_glimmerT_3879-T1;GlimmerHMM}
525632	525710	internal+	1	1	{GeneMark_model.4142_t;GeneMark},{Augustus_model.g3231.t1;Augustus},{GlimmerHMM_glimmerT_3879-T1;GlimmerHMM}
525711	525773	INTRON			{GeneMark_model.4142_t;GeneMark},{Augustus_model.g3231.t1;Augustus},{GlimmerHMM_glimmerT_3879-T1;GlimmerHMM}
525774	525862	internal+	2	3	{GeneMark_model.4142_t;GeneMark},{Augustus_model.g3231.t1;Augustus},{GlimmerHMM_glimmerT_3879-T1;GlimmerHMM}
525863	525925	INTRON			{GeneMark_model.4142_t;GeneMark},{snap_scaffold_9-snap.223-T1;snap},{Augustus_model.g3231.t1;Augustus},{GlimmerHMM_glimmerT_3879-T1;GlimmerHMM}
525926	526681	terminal+	1	3	{GeneMark_model.4142_t;GeneMark},{snap_scaffold_9-snap.223-T1;snap},{GlimmerHMM_glimmerT_3879-T1;GlimmerHMM}

# EVM prediction: Mode:STANDARD S-ratio: 4.46 526997-529093 orient(+) score(9278.00) noncoding_equivalent(2079.84) raw_noncoding(2515.82) offset(435.98)
526997	527131	initial+	1	3	{GeneMark_model.4143_t;GeneMark},{GlimmerHMM_glimmerT_3880-T1;GlimmerHMM}
527132	527190	INTRON			{GeneMark_model.4143_t;GeneMark},{Augustus_model.g3231.t1;Augustus},{GlimmerHMM_glimmerT_3880-T1;GlimmerHMM},{ev_type:exonerate/ID=match.2566964.1014/Target=lcl|PJQD01000050_1_prot_POY72317_1_4987;exonerate}
527191	527895	internal+	1	3	{GeneMark_model.4143_t;GeneMark},{Augustus_model.g3231.t1;Augustus},{GlimmerHMM_glimmerT_3880-T1;GlimmerHMM},{ev_type:exonerate/ID=match.2566964.1014/Target=lcl|PJQD01000050_1_prot_POY72317_1_4987;exonerate}
527896	527959	INTRON			{GeneMark_model.4143_t;GeneMark},{Augustus_model.g3231.t1;Augustus},{GlimmerHMM_glimmerT_3880-T1;GlimmerHMM},{ev_type:exonerate/ID=match.2566964.1014/Target=lcl|PJQD01000050_1_prot_POY72317_1_4987;exonerate}
527960	528038	internal+	1	1	{GeneMark_model.4143_t;GeneMark},{Augustus_model.g3231.t1;Augustus},{GlimmerHMM_glimmerT_3880-T1;GlimmerHMM},{ev_type:exonerate/ID=match.2566964.1014/Target=lcl|PJQD01000050_1_prot_POY72317_1_4987;exonerate}
528039	528098	INTRON			{GeneMark_model.4143_t;GeneMark},{Augustus_model.g3231.t1;Augustus},{GlimmerHMM_glimmerT_3880-T1;GlimmerHMM},{ev_type:exonerate/ID=match.2566964.1014/Target=lcl|PJQD01000050_1_prot_POY72317_1_4987;exonerate}
528099	528189	internal+	2	2	{GeneMark_model.4143_t;GeneMark},{Augustus_model.g3231.t1;Augustus},{GlimmerHMM_glimmerT_3880-T1;GlimmerHMM},{ev_type:exonerate/ID=match.2566964.1014/Target=lcl|PJQD01000050_1_prot_POY72317_1_4987;exonerate}
528190	528255	INTRON			{GeneMark_model.4143_t;GeneMark},{Augustus_model.g3231.t1;Augustus},{GlimmerHMM_glimmerT_3880-T1;GlimmerHMM},{ev_type:exonerate/ID=match.2566964.1014/Target=lcl|PJQD01000050_1_prot_POY72317_1_4987;exonerate}
528256	528406	internal+	3	3	{GeneMark_model.4143_t;GeneMark},{Augustus_model.g3231.t1;Augustus},{GlimmerHMM_glimmerT_3880-T1;GlimmerHMM},{ev_type:exonerate/ID=match.2566964.1014/Target=lcl|PJQD01000050_1_prot_POY72317_1_4987;exonerate}
528407	528473	INTRON			{GeneMark_model.4143_t;GeneMark},{Augustus_model.g3231.t1;Augustus},{GlimmerHMM_glimmerT_3880-T1;GlimmerHMM},{ev_type:exonerate/ID=match.2566964.1014/Target=lcl|PJQD01000050_1_prot_POY72317_1_4987;exonerate}
528474	528652	internal+	1	2	{GeneMark_model.4143_t;GeneMark},{Augustus_model.g3231.t1;Augustus},{GlimmerHMM_glimmerT_3880-T1;GlimmerHMM},{ev_type:exonerate/ID=match.2566964.1014/Target=lcl|PJQD01000050_1_prot_POY72317_1_4987;exonerate}
528653	528720	INTRON			{GeneMark_model.4143_t;GeneMark},{Augustus_model.g3231.t1;Augustus},{GlimmerHMM_glimmerT_3880-T1;GlimmerHMM},{ev_type:exonerate/ID=match.2566964.1014/Target=lcl|PJQD01000050_1_prot_POY72317_1_4987;exonerate}
528721	528818	internal+	3	1	{GeneMark_model.4143_t;GeneMark},{Augustus_model.g3231.t1;Augustus},{GlimmerHMM_glimmerT_3880-T1;GlimmerHMM},{ev_type:exonerate/ID=match.2566964.1014/Target=lcl|PJQD01000050_1_prot_POY72317_1_4987;exonerate}
528819	528887	INTRON			{GeneMark_model.4143_t;GeneMark},{Augustus_model.g3231.t1;Augustus},{GlimmerHMM_glimmerT_3880-T1;GlimmerHMM},{ev_type:exonerate/ID=match.2566964.1014/Target=lcl|PJQD01000050_1_prot_POY72317_1_4987;exonerate}
528888	529093	terminal+	2	3	{GeneMark_model.4143_t;GeneMark},{Augustus_model.g3231.t1;Augustus},{GlimmerHMM_glimmerT_3880-T1;GlimmerHMM}

# EVM prediction: Mode:STANDARD S-ratio: 1.88 529159-532161 orient(-) score(8561.00) noncoding_equivalent(4551.32) raw_noncoding(6159.00) offset(1607.68)
529427	529159	terminal-	5	6	{Augustus_model.g3232.t1;Augustus},{GlimmerHMM_glimmerT_3881-T1;GlimmerHMM},{snap_scaffold_9-snap.226-T1;snap},{GeneMark_model.4144_t;GeneMark}
529552	529428	INTRON			{Augustus_model.g3232.t1;Augustus},{GlimmerHMM_glimmerT_3881-T1;GlimmerHMM},{GeneMark_model.4144_t;GeneMark}
529734	529553	internal-	6	4	{Augustus_model.g3232.t1;Augustus},{GlimmerHMM_glimmerT_3881-T1;GlimmerHMM},{GeneMark_model.4144_t;GeneMark}
529817	529735	INTRON			{Augustus_model.g3232.t1;Augustus},{GlimmerHMM_glimmerT_3881-T1;GlimmerHMM},{GeneMark_model.4144_t;GeneMark}
530175	529818	internal-	5	5	{Augustus_model.g3232.t1;Augustus},{GlimmerHMM_glimmerT_3881-T1;GlimmerHMM}
530238	530176	INTRON			{Augustus_model.g3232.t1;Augustus},{GlimmerHMM_glimmerT_3881-T1;GlimmerHMM},{GeneMark_model.4144_t;GeneMark}
530368	530239	internal-	4	4	{Augustus_model.g3232.t1;Augustus},{GlimmerHMM_glimmerT_3881-T1;GlimmerHMM},{GeneMark_model.4144_t;GeneMark}
530433	530369	INTRON			{Augustus_model.g3232.t1;Augustus},{GlimmerHMM_glimmerT_3881-T1;GlimmerHMM},{GeneMark_model.4144_t;GeneMark}
530598	530434	internal-	4	6	{Augustus_model.g3232.t1;Augustus},{GlimmerHMM_glimmerT_3881-T1;GlimmerHMM},{GeneMark_model.4144_t;GeneMark}
530663	530599	INTRON			{Augustus_model.g3232.t1;Augustus},{GlimmerHMM_glimmerT_3881-T1;GlimmerHMM},{GeneMark_model.4144_t;GeneMark}
530747	530664	internal-	4	6	{Augustus_model.g3232.t1;Augustus},{GlimmerHMM_glimmerT_3881-T1;GlimmerHMM},{GeneMark_model.4144_t;GeneMark}
530814	530748	INTRON			{Augustus_model.g3232.t1;Augustus},{GlimmerHMM_glimmerT_3881-T1;GlimmerHMM},{GeneMark_model.4144_t;GeneMark}
531057	530815	internal-	4	6	{Augustus_model.g3232.t1;Augustus},{GlimmerHMM_glimmerT_3881-T1;GlimmerHMM},{GeneMark_model.4144_t;GeneMark}
531154	531058	INTRON			{Augustus_model.g3232.t1;Augustus},{GlimmerHMM_glimmerT_3881-T1;GlimmerHMM},{GeneMark_model.4144_t;GeneMark}
531328	531155	internal-	4	6	{GlimmerHMM_glimmerT_3881-T1;GlimmerHMM},{GeneMark_model.4144_t;GeneMark}
531846	531329	INTRON			{GlimmerHMM_glimmerT_3881-T1;GlimmerHMM},{GeneMark_model.4144_t;GeneMark}
532161	531847	initial-	4	6	{GlimmerHMM_glimmerT_3881-T1;GlimmerHMM},{GeneMark_model.4144_t;GeneMark}

# EVM prediction: Mode:STANDARD S-ratio: 7.11 532613-533686 orient(+) score(3763.00) noncoding_equivalent(529.20) raw_noncoding(879.00) offset(349.80)
532613	532736	initial+	1	1	{GeneMark_model.4145_t;GeneMark},{Augustus_model.g3233.t1;Augustus},{GlimmerHMM_glimmerT_3882-T1;GlimmerHMM}
532737	532794	INTRON			{GeneMark_model.4145_t;GeneMark},{Augustus_model.g3233.t1;Augustus}
532795	532812	internal+	2	1	{GeneMark_model.4145_t;GeneMark},{Augustus_model.g3233.t1;Augustus}
532813	532943	INTRON			{GeneMark_model.4145_t;GeneMark},{Augustus_model.g3233.t1;Augustus}
532944	533686	terminal+	2	3	{GeneMark_model.4145_t;GeneMark},{Augustus_model.g3233.t1;Augustus},{GlimmerHMM_glimmerT_3882-T1;GlimmerHMM}

# EVM prediction: Mode:STANDARD S-ratio: 2.02 533748-536110 orient(-) score(6902.00) noncoding_equivalent(3415.79) raw_noncoding(4265.00) offset(849.21)
533918	533748	terminal-	4	6	{GlimmerHMM_glimmerT_3883-T1;GlimmerHMM},{Augustus_model.g3234.t1;Augustus},{GeneMark_model.4146_t;GeneMark}
533981	533919	INTRON			{GlimmerHMM_glimmerT_3883-T1;GlimmerHMM},{Augustus_model.g3234.t1;Augustus},{GeneMark_model.4146_t;GeneMark}
534104	533982	internal-	4	6	{GlimmerHMM_glimmerT_3883-T1;GlimmerHMM},{Augustus_model.g3234.t1;Augustus},{GeneMark_model.4146_t;GeneMark}
534167	534105	INTRON			{GlimmerHMM_glimmerT_3883-T1;GlimmerHMM},{Augustus_model.g3234.t1;Augustus},{GeneMark_model.4146_t;GeneMark}
534246	534168	internal-	6	6	{GlimmerHMM_glimmerT_3883-T1;GlimmerHMM},{Augustus_model.g3234.t1;Augustus},{GeneMark_model.4146_t;GeneMark}
534309	534247	INTRON			{GlimmerHMM_glimmerT_3883-T1;GlimmerHMM},{Augustus_model.g3234.t1;Augustus},{GeneMark_model.4146_t;GeneMark}
534355	534310	internal-	5	5	{GlimmerHMM_glimmerT_3883-T1;GlimmerHMM},{Augustus_model.g3234.t1;Augustus},{GeneMark_model.4146_t;GeneMark}
534424	534356	INTRON			{GlimmerHMM_glimmerT_3883-T1;GlimmerHMM},{Augustus_model.g3234.t1;Augustus},{GeneMark_model.4146_t;GeneMark}
534515	534425	internal-	4	4	{GlimmerHMM_glimmerT_3883-T1;GlimmerHMM},{Augustus_model.g3234.t1;Augustus},{GeneMark_model.4146_t;GeneMark}
534578	534516	INTRON			{GlimmerHMM_glimmerT_3883-T1;GlimmerHMM},{Augustus_model.g3234.t1;Augustus},{GeneMark_model.4146_t;GeneMark}
534649	534579	internal-	5	6	{GlimmerHMM_glimmerT_3883-T1;GlimmerHMM},{Augustus_model.g3234.t1;Augustus},{GeneMark_model.4146_t;GeneMark}
534711	534650	INTRON			{GlimmerHMM_glimmerT_3883-T1;GlimmerHMM},{Augustus_model.g3234.t1;Augustus},{GeneMark_model.4146_t;GeneMark}
534857	534712	internal-	6	4	{GlimmerHMM_glimmerT_3883-T1;GlimmerHMM},{Augustus_model.g3234.t1;Augustus},{GeneMark_model.4146_t;GeneMark}
534924	534858	INTRON			{Augustus_model.g3234.t1;Augustus},{GeneMark_model.4146_t;GeneMark}
535014	534925	internal-	6	5	{Augustus_model.g3234.t1;Augustus},{GeneMark_model.4146_t;GeneMark}
535080	535015	INTRON			{Augustus_model.g3234.t1;Augustus},{GeneMark_model.4146_t;GeneMark}
535369	535081	internal-	5	5	{GlimmerHMM_glimmerT_3883-T1;GlimmerHMM},{Augustus_model.g3234.t1;Augustus},{GeneMark_model.4146_t;GeneMark}
535435	535370	INTRON			{GlimmerHMM_glimmerT_3883-T1;GlimmerHMM},{Augustus_model.g3234.t1;Augustus},{GeneMark_model.4146_t;GeneMark}
535609	535436	internal-	5	4	{GlimmerHMM_glimmerT_3883-T1;GlimmerHMM},{Augustus_model.g3234.t1;Augustus},{GeneMark_model.4146_t;GeneMark}
535662	535610	INTRON			{GlimmerHMM_glimmerT_3883-T1;GlimmerHMM},{Augustus_model.g3234.t1;Augustus}
536110	535663	initial-	4	4	{GlimmerHMM_glimmerT_3883-T1;GlimmerHMM}

# EVM prediction: Mode:STANDARD S-ratio: 5.27 536571-537607 orient(-) score(7775.00) noncoding_equivalent(1474.98) raw_noncoding(2016.00) offset(541.02)
536819	536571	terminal-	4	6	{HiQ_model.g3235.t1;HiQ},{GlimmerHMM_glimmerT_3884-T1;GlimmerHMM},{snap_scaffold_9-snap.230-T1;snap},{GeneMark_model.4147_t;GeneMark}
536888	536820	INTRON			{HiQ_model.g3235.t1;HiQ},{GlimmerHMM_glimmerT_3884-T1;GlimmerHMM},{GeneMark_model.4147_t;GeneMark},{ev_type:exonerate/ID=match.2566964.3621/Target=lcl|BJWK01000011_1_prot_GEM10436_1_4453;exonerate},{ev_type:exonerate/ID=match.2566964.3609/Target=lcl|PJQD01000050_1_prot_POY72324_1_4994;exonerate}
537014	536889	internal-	4	6	{HiQ_model.g3235.t1;HiQ},{GlimmerHMM_glimmerT_3884-T1;GlimmerHMM},{GeneMark_model.4147_t;GeneMark},{ev_type:exonerate/ID=match.2566964.3621/Target=lcl|BJWK01000011_1_prot_GEM10436_1_4453;exonerate},{ev_type:exonerate/ID=match.2566964.3609/Target=lcl|PJQD01000050_1_prot_POY72324_1_4994;exonerate}
537159	537015	INTRON			{HiQ_model.g3235.t1;HiQ},{GlimmerHMM_glimmerT_3884-T1;GlimmerHMM},{GeneMark_model.4147_t;GeneMark},{ev_type:exonerate/ID=match.2566964.3621/Target=lcl|BJWK01000011_1_prot_GEM10436_1_4453;exonerate},{ev_type:exonerate/ID=match.2566964.3610/Target=lcl|KQ954469_1_prot_KWU45855_1_1572;exonerate},{ev_type:exonerate/ID=match.2566964.3609/Target=lcl|PJQD01000050_1_prot_POY72324_1_4994;exonerate}
537418	537160	internal-	6	6	{HiQ_model.g3235.t1;HiQ},{GlimmerHMM_glimmerT_3884-T1;GlimmerHMM},{GeneMark_model.4147_t;GeneMark},{ev_type:exonerate/ID=match.2566964.3621/Target=lcl|BJWK01000011_1_prot_GEM10436_1_4453;exonerate},{ev_type:exonerate/ID=match.2566964.3610/Target=lcl|KQ954469_1_prot_KWU45855_1_1572;exonerate},{ev_type:exonerate/ID=match.2566964.3609/Target=lcl|PJQD01000050_1_prot_POY72324_1_4994;exonerate}
537545	537419	INTRON			{HiQ_model.g3235.t1;HiQ},{GlimmerHMM_glimmerT_3884-T1;GlimmerHMM},{GeneMark_model.4147_t;GeneMark},{ev_type:exonerate/ID=match.2566964.3621/Target=lcl|BJWK01000011_1_prot_GEM10436_1_4453;exonerate},{ev_type:exonerate/ID=match.2566964.3610/Target=lcl|KQ954469_1_prot_KWU45855_1_1572;exonerate},{ev_type:exonerate/ID=match.2566964.3609/Target=lcl|PJQD01000050_1_prot_POY72324_1_4994;exonerate}
537607	537546	initial-	4	5	{HiQ_model.g3235.t1;HiQ},{GlimmerHMM_glimmerT_3884-T1;GlimmerHMM},{GeneMark_model.4147_t;GeneMark}

# EVM prediction: Mode:STANDARD S-ratio: 6.93 538780-541347 orient(+) score(10233.00) noncoding_equivalent(1477.36) raw_noncoding(2044.55) offset(567.19)
538780	538860	initial+	1	3	{Augustus_model.g3236.t1;Augustus},{GeneMark_model.4148_t;GeneMark}
538861	539039	INTRON			{Augustus_model.g3236.t1;Augustus},{GeneMark_model.4148_t;GeneMark}
539040	540551	internal+	1	3	{Augustus_model.g3236.t1;Augustus},{GeneMark_model.4148_t;GeneMark},{GlimmerHMM_glimmerT_3885-T1;GlimmerHMM}
540552	540613	INTRON			{Augustus_model.g3236.t1;Augustus},{GeneMark_model.4148_t;GeneMark},{GlimmerHMM_glimmerT_3885-T1;GlimmerHMM},{ev_type:exonerate/ID=match.2566964.1980/Target=lcl|KQ954469_1_prot_KWU45856_1_1573;exonerate}
540614	540701	internal+	1	1	{Augustus_model.g3236.t1;Augustus},{GeneMark_model.4148_t;GeneMark},{GlimmerHMM_glimmerT_3885-T1;GlimmerHMM},{ev_type:exonerate/ID=match.2566964.1980/Target=lcl|KQ954469_1_prot_KWU45856_1_1573;exonerate}
540702	540760	INTRON			{Augustus_model.g3236.t1;Augustus},{GeneMark_model.4148_t;GeneMark},{GlimmerHMM_glimmerT_3885-T1;GlimmerHMM},{ev_type:exonerate/ID=match.2566964.1980/Target=lcl|KQ954469_1_prot_KWU45856_1_1573;exonerate}
540761	540921	internal+	2	3	{Augustus_model.g3236.t1;Augustus},{GeneMark_model.4148_t;GeneMark},{GlimmerHMM_glimmerT_3885-T1;GlimmerHMM},{ev_type:exonerate/ID=match.2566964.1980/Target=lcl|KQ954469_1_prot_KWU45856_1_1573;exonerate}
540922	540986	INTRON			{Augustus_model.g3236.t1;Augustus},{GeneMark_model.4148_t;GeneMark},{GlimmerHMM_glimmerT_3885-T1;GlimmerHMM},{ev_type:exonerate/ID=match.2566964.1980/Target=lcl|KQ954469_1_prot_KWU45856_1_1573;exonerate}
540987	541102	internal+	1	2	{Augustus_model.g3236.t1;Augustus},{GeneMark_model.4148_t;GeneMark},{GlimmerHMM_glimmerT_3885-T1;GlimmerHMM},{ev_type:exonerate/ID=match.2566964.1980/Target=lcl|KQ954469_1_prot_KWU45856_1_1573;exonerate}
541103	541166	INTRON			{Augustus_model.g3236.t1;Augustus},{GeneMark_model.4148_t;GeneMark},{GlimmerHMM_glimmerT_3885-T1;GlimmerHMM},{ev_type:exonerate/ID=match.2566964.1980/Target=lcl|KQ954469_1_prot_KWU45856_1_1573;exonerate}
541167	541347	terminal+	3	3	{Augustus_model.g3236.t1;Augustus},{snap_scaffold_9-snap.233-T1;snap},{GeneMark_model.4148_t;GeneMark},{GlimmerHMM_glimmerT_3885-T1;GlimmerHMM}

# EVM prediction: Mode:STANDARD S-ratio: 2.23 542159-543916 orient(+) score(5441.00) noncoding_equivalent(2435.94) raw_noncoding(3138.00) offset(702.06)
542159	542399	initial+	1	1	{Augustus_model.g3237.t1;Augustus},{GlimmerHMM_glimmerT_3886-T1;GlimmerHMM},{GeneMark_model.4149_t;GeneMark}
542400	542471	INTRON			{Augustus_model.g3237.t1;Augustus},{GlimmerHMM_glimmerT_3886-T1;GlimmerHMM},{GeneMark_model.4149_t;GeneMark}
542472	542518	internal+	2	3	{Augustus_model.g3237.t1;Augustus},{GlimmerHMM_glimmerT_3886-T1;GlimmerHMM},{GeneMark_model.4149_t;GeneMark}
542519	542637	INTRON			{Augustus_model.g3237.t1;Augustus},{GlimmerHMM_glimmerT_3886-T1;GlimmerHMM},{GeneMark_model.4149_t;GeneMark}
542638	542841	internal+	1	3	{Augustus_model.g3237.t1;Augustus},{GlimmerHMM_glimmerT_3886-T1;GlimmerHMM},{GeneMark_model.4149_t;GeneMark}
542842	542927	INTRON			{Augustus_model.g3237.t1;Augustus},{GlimmerHMM_glimmerT_3886-T1;GlimmerHMM},{GeneMark_model.4149_t;GeneMark}
542928	543006	internal+	1	1	{Augustus_model.g3237.t1;Augustus},{GlimmerHMM_glimmerT_3886-T1;GlimmerHMM},{GeneMark_model.4149_t;GeneMark}
543007	543129	INTRON			{GlimmerHMM_glimmerT_3886-T1;GlimmerHMM},{GeneMark_model.4149_t;GeneMark}
543130	543649	internal+	2	2	{GlimmerHMM_glimmerT_3886-T1;GlimmerHMM},{GeneMark_model.4149_t;GeneMark}
543650	543711	INTRON			{Augustus_model.g3237.t1;Augustus},{GlimmerHMM_glimmerT_3886-T1;GlimmerHMM},{GeneMark_model.4149_t;GeneMark}
543712	543766	internal+	3	3	{Augustus_model.g3237.t1;Augustus},{GlimmerHMM_glimmerT_3886-T1;GlimmerHMM},{GeneMark_model.4149_t;GeneMark}
543767	543865	INTRON			{Augustus_model.g3237.t1;Augustus},{GlimmerHMM_glimmerT_3886-T1;GlimmerHMM},{GeneMark_model.4149_t;GeneMark}
543866	543916	terminal+	1	3	{Augustus_model.g3237.t1;Augustus},{GlimmerHMM_glimmerT_3886-T1;GlimmerHMM},{GeneMark_model.4149_t;GeneMark}

# EVM prediction: Mode:STANDARD S-ratio: 5.38 544246-545544 orient(-) score(4633.00) noncoding_equivalent(861.00) raw_noncoding(981.00) offset(120.00)
544559	544246	terminal-	5	6	{Augustus_model.g3238.t1;Augustus},{GeneMark_model.4150_t;GeneMark},{GlimmerHMM_glimmerT_3887-T1;GlimmerHMM}
544650	544560	INTRON			{Augustus_model.g3238.t1;Augustus},{GeneMark_model.4150_t;GeneMark},{GlimmerHMM_glimmerT_3887-T1;GlimmerHMM}
544746	544651	internal-	5	4	{Augustus_model.g3238.t1;Augustus},{GeneMark_model.4150_t;GeneMark},{GlimmerHMM_glimmerT_3887-T1;GlimmerHMM}
544808	544747	INTRON			{Augustus_model.g3238.t1;Augustus},{GeneMark_model.4150_t;GeneMark},{GlimmerHMM_glimmerT_3887-T1;GlimmerHMM}
545544	544809	initial-	4	4	{Augustus_model.g3238.t1;Augustus},{GeneMark_model.4150_t;GeneMark},{GlimmerHMM_glimmerT_3887-T1;GlimmerHMM}

# EVM prediction: Mode:STANDARD S-ratio: 2.42 545929-548496 orient(+) score(7999.00) noncoding_equivalent(3305.83) raw_noncoding(3930.00) offset(624.17)
545929	546475	initial+	1	1	{GeneMark_model.4151_t;GeneMark},{GlimmerHMM_glimmerT_3888-T1;GlimmerHMM},{Augustus_model.g3239.t1;Augustus}
546476	546542	INTRON			{GeneMark_model.4151_t;GeneMark},{GlimmerHMM_glimmerT_3888-T1;GlimmerHMM},{Augustus_model.g3239.t1;Augustus}
546543	546868	internal+	2	3	{GeneMark_model.4151_t;GeneMark},{GlimmerHMM_glimmerT_3888-T1;GlimmerHMM},{Augustus_model.g3239.t1;Augustus}
546869	546935	INTRON			{GeneMark_model.4151_t;GeneMark},{GlimmerHMM_glimmerT_3888-T1;GlimmerHMM},{Augustus_model.g3239.t1;Augustus}
546936	547043	internal+	1	3	{GeneMark_model.4151_t;GeneMark},{GlimmerHMM_glimmerT_3888-T1;GlimmerHMM},{Augustus_model.g3239.t1;Augustus}
547044	547135	INTRON			{GeneMark_model.4151_t;GeneMark},{GlimmerHMM_glimmerT_3888-T1;GlimmerHMM},{Augustus_model.g3239.t1;Augustus}
547136	547285	internal+	1	3	{GeneMark_model.4151_t;GeneMark},{GlimmerHMM_glimmerT_3888-T1;GlimmerHMM},{Augustus_model.g3239.t1;Augustus}
547286	547352	INTRON			{GeneMark_model.4151_t;GeneMark},{GlimmerHMM_glimmerT_3888-T1;GlimmerHMM},{Augustus_model.g3239.t1;Augustus}
547353	547451	internal+	1	3	{GeneMark_model.4151_t;GeneMark},{GlimmerHMM_glimmerT_3888-T1;GlimmerHMM},{Augustus_model.g3239.t1;Augustus}
547452	547521	INTRON			{GeneMark_model.4151_t;GeneMark},{GlimmerHMM_glimmerT_3888-T1;GlimmerHMM},{Augustus_model.g3239.t1;Augustus}
547522	547721	internal+	1	2	{GeneMark_model.4151_t;GeneMark},{GlimmerHMM_glimmerT_3888-T1;GlimmerHMM},{Augustus_model.g3239.t1;Augustus}
547722	547789	INTRON			{GeneMark_model.4151_t;GeneMark},{GlimmerHMM_glimmerT_3888-T1;GlimmerHMM},{Augustus_model.g3239.t1;Augustus}
547790	547945	internal+	3	2	{GeneMark_model.4151_t;GeneMark},{GlimmerHMM_glimmerT_3888-T1;GlimmerHMM},{Augustus_model.g3239.t1;Augustus}
547946	548047	INTRON			{GeneMark_model.4151_t;GeneMark},{GlimmerHMM_glimmerT_3888-T1;GlimmerHMM},{Augustus_model.g3239.t1;Augustus}
548048	548201	internal+	3	3	{GeneMark_model.4151_t;GeneMark},{GlimmerHMM_glimmerT_3888-T1;GlimmerHMM},{Augustus_model.g3239.t1;Augustus}
548202	548283	INTRON			{GeneMark_model.4151_t;GeneMark},{Augustus_model.g3239.t1;Augustus}
548284	548496	terminal+	1	3	{GeneMark_model.4151_t;GeneMark},{Augustus_model.g3239.t1;Augustus},{snap_scaffold_9-snap.237-T1;snap}

# EVM prediction: Mode:STANDARD S-ratio: 4.38 548961-552894 orient(-) score(13215.00) noncoding_equivalent(3019.16) raw_noncoding(3721.00) offset(701.84)
550959	548961	terminal-	6	6	{GeneMark_model.4152_t;GeneMark},{Augustus_model.g3240.t1;Augustus}
551016	550960	INTRON			{GeneMark_model.4152_t;GeneMark},{Augustus_model.g3240.t1;Augustus}
551375	551017	internal-	4	5	{GlimmerHMM_glimmerT_3889-T1;GlimmerHMM},{GeneMark_model.4152_t;GeneMark},{Augustus_model.g3240.t1;Augustus}
551434	551376	INTRON			{GlimmerHMM_glimmerT_3889-T1;GlimmerHMM},{GeneMark_model.4152_t;GeneMark},{Augustus_model.g3240.t1;Augustus}
551650	551435	internal-	4	6	{GlimmerHMM_glimmerT_3889-T1;GlimmerHMM},{GeneMark_model.4152_t;GeneMark},{Augustus_model.g3240.t1;Augustus}
551719	551651	INTRON			{GlimmerHMM_glimmerT_3889-T1;GlimmerHMM},{snap_scaffold_9-snap.239-T1;snap},{GeneMark_model.4152_t;GeneMark},{Augustus_model.g3240.t1;Augustus}
551911	551720	internal-	4	6	{GlimmerHMM_glimmerT_3889-T1;GlimmerHMM},{GeneMark_model.4152_t;GeneMark},{Augustus_model.g3240.t1;Augustus}
551973	551912	INTRON			{GlimmerHMM_glimmerT_3889-T1;GlimmerHMM},{GeneMark_model.4152_t;GeneMark},{Augustus_model.g3240.t1;Augustus}
552082	551974	internal-	6	6	{GlimmerHMM_glimmerT_3889-T1;GlimmerHMM},{GeneMark_model.4152_t;GeneMark},{Augustus_model.g3240.t1;Augustus}
552161	552083	INTRON			{GlimmerHMM_glimmerT_3889-T1;GlimmerHMM},{GeneMark_model.4152_t;GeneMark}
552259	552162	internal-	4	5	{GeneMark_model.4152_t;GeneMark}
552336	552260	INTRON			{GeneMark_model.4152_t;GeneMark},{Augustus_model.g3240.t1;Augustus}
552419	552337	internal-	5	6	{GeneMark_model.4152_t;GeneMark},{Augustus_model.g3240.t1;Augustus}
552509	552420	INTRON			{GeneMark_model.4152_t;GeneMark},{Augustus_model.g3240.t1;Augustus}
552894	552510	initial-	4	4	{GlimmerHMM_glimmerT_3889-T1;GlimmerHMM},{GeneMark_model.4152_t;GeneMark}

# EVM prediction: Mode:STANDARD S-ratio: 1.64 553277-554974 orient(-) score(4379.00) noncoding_equivalent(2668.76) raw_noncoding(3033.52) offset(364.75)
554020	553277	terminal-	4	6	{GeneMark_model.4153_t;GeneMark}
554077	554021	INTRON			{GeneMark_model.4153_t;GeneMark}
554267	554078	internal-	6	6	{Augustus_model.g3240.t1;Augustus},{GeneMark_model.4153_t;GeneMark}
554326	554268	INTRON			{GlimmerHMM_glimmerT_3890-T1;GlimmerHMM},{Augustus_model.g3240.t1;Augustus},{GeneMark_model.4153_t;GeneMark}
554387	554327	internal-	5	5	{GlimmerHMM_glimmerT_3890-T1;GlimmerHMM},{Augustus_model.g3240.t1;Augustus},{GeneMark_model.4153_t;GeneMark}
554443	554388	INTRON			{GlimmerHMM_glimmerT_3890-T1;GlimmerHMM},{Augustus_model.g3240.t1;Augustus},{GeneMark_model.4153_t;GeneMark}
554582	554444	internal-	4	4	{GlimmerHMM_glimmerT_3890-T1;GlimmerHMM},{Augustus_model.g3240.t1;Augustus},{GeneMark_model.4153_t;GeneMark}
554656	554583	INTRON			{GlimmerHMM_glimmerT_3890-T1;GlimmerHMM},{Augustus_model.g3240.t1;Augustus},{GeneMark_model.4153_t;GeneMark}
554974	554657	initial-	4	6	{GlimmerHMM_glimmerT_3890-T1;GlimmerHMM},{Augustus_model.g3240.t1;Augustus},{GeneMark_model.4153_t;GeneMark}

# EVM prediction: Mode:STANDARD S-ratio: 1.91 555598-556917 orient(+) score(3804.00) noncoding_equivalent(1992.17) raw_noncoding(2883.00) offset(890.83)
555598	555674	initial+	1	2	{GlimmerHMM_glimmerT_3891-T1;GlimmerHMM},{GeneMark_model.4154_t;GeneMark},{Augustus_model.g3241.t1;Augustus}
555675	555786	INTRON			{GeneMark_model.4154_t;GeneMark},{Augustus_model.g3241.t1;Augustus}
555787	555816	internal+	3	2	{GeneMark_model.4154_t;GeneMark},{Augustus_model.g3241.t1;Augustus}
555817	555894	INTRON			{GeneMark_model.4154_t;GeneMark},{Augustus_model.g3241.t1;Augustus}
555895	555976	internal+	3	3	{GlimmerHMM_glimmerT_3891-T1;GlimmerHMM},{GeneMark_model.4154_t;GeneMark},{Augustus_model.g3241.t1;Augustus}
555977	556044	INTRON			{GeneMark_model.4154_t;GeneMark},{Augustus_model.g3241.t1;Augustus}
556045	556077	internal+	1	3	{GeneMark_model.4154_t;GeneMark},{Augustus_model.g3241.t1;Augustus}
556078	556144	INTRON			{GeneMark_model.4154_t;GeneMark},{Augustus_model.g3241.t1;Augustus}
556145	556210	internal+	1	3	{GlimmerHMM_glimmerT_3891-T1;GlimmerHMM},{GeneMark_model.4154_t;GeneMark},{Augustus_model.g3241.t1;Augustus}
556211	556274	INTRON			{GlimmerHMM_glimmerT_3891-T1;GlimmerHMM},{GeneMark_model.4154_t;GeneMark},{Augustus_model.g3241.t1;Augustus}
556275	556383	internal+	1	1	{GlimmerHMM_glimmerT_3891-T1;GlimmerHMM},{GeneMark_model.4154_t;GeneMark},{Augustus_model.g3241.t1;Augustus}
556384	556447	INTRON			{GlimmerHMM_glimmerT_3891-T1;GlimmerHMM},{GeneMark_model.4154_t;GeneMark},{Augustus_model.g3241.t1;Augustus}
556448	556671	internal+	2	3	{GlimmerHMM_glimmerT_3891-T1;GlimmerHMM},{GeneMark_model.4154_t;GeneMark},{Augustus_model.g3241.t1;Augustus}
556672	556742	INTRON			{GlimmerHMM_glimmerT_3891-T1;GlimmerHMM},{GeneMark_model.4154_t;GeneMark},{Augustus_model.g3241.t1;Augustus}
556743	556805	internal+	1	3	{GlimmerHMM_glimmerT_3891-T1;GlimmerHMM},{GeneMark_model.4154_t;GeneMark},{Augustus_model.g3241.t1;Augustus}
556806	556875	INTRON			{GlimmerHMM_glimmerT_3891-T1;GlimmerHMM},{GeneMark_model.4154_t;GeneMark},{Augustus_model.g3241.t1;Augustus}
556876	556917	terminal+	1	3	{GlimmerHMM_glimmerT_3891-T1;GlimmerHMM},{GeneMark_model.4154_t;GeneMark},{Augustus_model.g3241.t1;Augustus}

# EVM prediction: Mode:STANDARD S-ratio: 4.57 557293-558359 orient(-) score(3779.00) noncoding_equivalent(826.09) raw_noncoding(962.00) offset(135.91)
557492	557293	terminal-	5	6	{Augustus_model.g3242.t1;Augustus},{GlimmerHMM_glimmerT_3892-T1;GlimmerHMM},{GeneMark_model.4155_t;GeneMark}
557567	557493	INTRON			{Augustus_model.g3242.t1;Augustus},{GlimmerHMM_glimmerT_3892-T1;GlimmerHMM},{GeneMark_model.4155_t;GeneMark}
557763	557568	internal-	4	4	{Augustus_model.g3242.t1;Augustus},{GlimmerHMM_glimmerT_3892-T1;GlimmerHMM},{GeneMark_model.4155_t;GeneMark}
557859	557764	INTRON			{Augustus_model.g3242.t1;Augustus},{GlimmerHMM_glimmerT_3892-T1;GlimmerHMM},{GeneMark_model.4155_t;GeneMark}
558044	557860	internal-	5	6	{Augustus_model.g3242.t1;Augustus},{GlimmerHMM_glimmerT_3892-T1;GlimmerHMM},{GeneMark_model.4155_t;GeneMark}
558101	558045	INTRON			{Augustus_model.g3242.t1;Augustus},{GlimmerHMM_glimmerT_3892-T1;GlimmerHMM},{GeneMark_model.4155_t;GeneMark}
558231	558102	internal-	4	4	{GlimmerHMM_glimmerT_3892-T1;GlimmerHMM}
558281	558232	INTRON			{GlimmerHMM_glimmerT_3892-T1;GlimmerHMM}
558359	558282	initial-	4	6	{GlimmerHMM_glimmerT_3892-T1;GlimmerHMM}

# EVM prediction: Mode:STANDARD S-ratio: 7.47 558922-559911 orient(+) score(5521.00) noncoding_equivalent(739.00) raw_noncoding(822.00) offset(83.00)
558922	559351	initial+	1	1	{GeneMark_model.4156_t;GeneMark},{Augustus_model.g3243.t1;Augustus},{GlimmerHMM_glimmerT_3893-T1;GlimmerHMM}
559352	559446	INTRON			{GeneMark_model.4156_t;GeneMark},{Augustus_model.g3243.t1;Augustus},{GlimmerHMM_glimmerT_3893-T1;GlimmerHMM},{ev_type:exonerate/ID=match.2566964.3583/Target=lcl|KQ954469_1_prot_KWU45864_1_1581;exonerate},{ev_type:exonerate/ID=match.2566964.3577/Target=lcl|PJQD01000050_1_prot_POY72333_1_5003;exonerate}
559447	559739	internal+	2	3	{GeneMark_model.4156_t;GeneMark},{Augustus_model.g3243.t1;Augustus},{GlimmerHMM_glimmerT_3893-T1;GlimmerHMM},{ev_type:exonerate/ID=match.2566964.3583/Target=lcl|KQ954469_1_prot_KWU45864_1_1581;exonerate},{ev_type:exonerate/ID=match.2566964.3577/Target=lcl|PJQD01000050_1_prot_POY72333_1_5003;exonerate}
559740	559812	INTRON			{GeneMark_model.4156_t;GeneMark},{Augustus_model.g3243.t1;Augustus},{GlimmerHMM_glimmerT_3893-T1;GlimmerHMM},{ev_type:exonerate/ID=match.2566964.3583/Target=lcl|KQ954469_1_prot_KWU45864_1_1581;exonerate},{ev_type:exonerate/ID=match.2566964.3577/Target=lcl|PJQD01000050_1_prot_POY72333_1_5003;exonerate}
559813	559911	terminal+	1	3	{GeneMark_model.4156_t;GeneMark},{Augustus_model.g3243.t1;Augustus},{GlimmerHMM_glimmerT_3893-T1;GlimmerHMM}

# EVM prediction: Mode:STANDARD S-ratio: 2.92 560224-562229 orient(-) score(6358.00) noncoding_equivalent(2180.34) raw_noncoding(2780.00) offset(599.66)
560556	560224	terminal-	4	6	{GlimmerHMM_glimmerT_3894-T1;GlimmerHMM},{GeneMark_model.4157_t;GeneMark},{snap_scaffold_9-snap.243-T1;snap},{Augustus_model.g3244.t1;Augustus}
560635	560557	INTRON			{GlimmerHMM_glimmerT_3894-T1;GlimmerHMM},{GeneMark_model.4157_t;GeneMark},{Augustus_model.g3244.t1;Augustus}
560971	560636	internal-	4	6	{GlimmerHMM_glimmerT_3894-T1;GlimmerHMM},{GeneMark_model.4157_t;GeneMark},{Augustus_model.g3244.t1;Augustus}
561033	560972	INTRON			{GlimmerHMM_glimmerT_3894-T1;GlimmerHMM},{GeneMark_model.4157_t;GeneMark},{Augustus_model.g3244.t1;Augustus}
561234	561034	internal-	4	6	{GlimmerHMM_glimmerT_3894-T1;GlimmerHMM},{GeneMark_model.4157_t;GeneMark},{Augustus_model.g3244.t1;Augustus}
561295	561235	INTRON			{GlimmerHMM_glimmerT_3894-T1;GlimmerHMM},{GeneMark_model.4157_t;GeneMark},{Augustus_model.g3244.t1;Augustus}
561585	561296	internal-	5	6	{GlimmerHMM_glimmerT_3894-T1;GlimmerHMM},{GeneMark_model.4157_t;GeneMark},{Augustus_model.g3244.t1;Augustus}
561651	561586	INTRON			{GlimmerHMM_glimmerT_3894-T1;GlimmerHMM},{GeneMark_model.4157_t;GeneMark},{Augustus_model.g3244.t1;Augustus}
561968	561652	internal-	6	4	{GlimmerHMM_glimmerT_3894-T1;GlimmerHMM},{GeneMark_model.4157_t;GeneMark},{Augustus_model.g3244.t1;Augustus}
562033	561969	INTRON			{GeneMark_model.4157_t;GeneMark},{Augustus_model.g3244.t1;Augustus}
562051	562034	internal-	6	5	{GeneMark_model.4157_t;GeneMark},{Augustus_model.g3244.t1;Augustus}
562173	562052	INTRON			{GeneMark_model.4157_t;GeneMark},{Augustus_model.g3244.t1;Augustus}
562229	562174	initial-	4	5	{GlimmerHMM_glimmerT_3894-T1;GlimmerHMM},{GeneMark_model.4157_t;GeneMark},{Augustus_model.g3244.t1;Augustus}

# EVM prediction: Mode:STANDARD S-ratio: 1.63 564815-565584 orient(-) score(2283.00) noncoding_equivalent(1402.51) raw_noncoding(1725.51) offset(323.00)
564948	564815	terminal-	5	6	{Augustus_model.g3245.t1;Augustus},{GeneMark_model.4159_t;GeneMark},{GlimmerHMM_glimmerT_3896-T1;GlimmerHMM}
565054	564949	INTRON			{Augustus_model.g3245.t1;Augustus},{GeneMark_model.4159_t;GeneMark},{GlimmerHMM_glimmerT_3896-T1;GlimmerHMM}
565211	565055	internal-	4	4	{Augustus_model.g3245.t1;Augustus},{GeneMark_model.4159_t;GeneMark},{GlimmerHMM_glimmerT_3896-T1;GlimmerHMM}
565288	565212	INTRON			{Augustus_model.g3245.t1;Augustus},{GeneMark_model.4159_t;GeneMark},{GlimmerHMM_glimmerT_3896-T1;GlimmerHMM}
565352	565289	internal-	6	6	{Augustus_model.g3245.t1;Augustus},{GeneMark_model.4159_t;GeneMark},{GlimmerHMM_glimmerT_3896-T1;GlimmerHMM}
565480	565353	INTRON			{Augustus_model.g3245.t1;Augustus},{GeneMark_model.4159_t;GeneMark},{GlimmerHMM_glimmerT_3896-T1;GlimmerHMM}
565584	565481	initial-	4	5	{GeneMark_model.4159_t;GeneMark},{GlimmerHMM_glimmerT_3896-T1;GlimmerHMM}

# EVM prediction: Mode:STANDARD S-ratio: 24.41 565692-567122 orient(+) score(5620.00) noncoding_equivalent(230.27) raw_noncoding(300.73) offset(70.46)
565692	565729	initial+	1	2	{Augustus_model.g3246.t1;Augustus},{GlimmerHMM_glimmerT_3897-T1;GlimmerHMM},{GeneMark_model.4160_t;GeneMark}
565730	565795	INTRON			{Augustus_model.g3246.t1;Augustus},{GlimmerHMM_glimmerT_3897-T1;GlimmerHMM},{GeneMark_model.4160_t;GeneMark}
565796	567122	terminal+	3	3	{Augustus_model.g3246.t1;Augustus},{snap_scaffold_9-snap.245-T1;snap},{GlimmerHMM_glimmerT_3897-T1;GlimmerHMM},{GeneMark_model.4160_t;GeneMark}

# EVM prediction: Mode:STANDARD S-ratio: 2.50 567374-567902 orient(-) score(2642.00) noncoding_equivalent(1058.00) raw_noncoding(1660.00) offset(602.00)
567402	567374	terminal-	5	6	{GlimmerHMM_glimmerT_3898-T1;GlimmerHMM},{HiQ_model.g3247.t1;HiQ},{GeneMark_model.4161_t;GeneMark}
567494	567403	INTRON			{GlimmerHMM_glimmerT_3898-T1;GlimmerHMM},{HiQ_model.g3247.t1;HiQ},{GeneMark_model.4161_t;GeneMark},{ev_type:exonerate/ID=match.2566964.3668/Target=lcl|KQ954469_1_prot_KWU45868_1_1585;exonerate}
567516	567495	internal-	4	4	{GlimmerHMM_glimmerT_3898-T1;GlimmerHMM},{HiQ_model.g3247.t1;HiQ},{GeneMark_model.4161_t;GeneMark},{ev_type:exonerate/ID=match.2566964.3668/Target=lcl|KQ954469_1_prot_KWU45868_1_1585;exonerate}
567605	567517	INTRON			{GlimmerHMM_glimmerT_3898-T1;GlimmerHMM},{HiQ_model.g3247.t1;HiQ},{GeneMark_model.4161_t;GeneMark},{ev_type:exonerate/ID=match.2566964.3668/Target=lcl|KQ954469_1_prot_KWU45868_1_1585;exonerate}
567687	567606	internal-	6	6	{GlimmerHMM_glimmerT_3898-T1;GlimmerHMM},{HiQ_model.g3247.t1;HiQ},{GeneMark_model.4161_t;GeneMark},{ev_type:exonerate/ID=match.2566964.3668/Target=lcl|KQ954469_1_prot_KWU45868_1_1585;exonerate}
567807	567688	INTRON			{GlimmerHMM_glimmerT_3898-T1;GlimmerHMM},{HiQ_model.g3247.t1;HiQ},{GeneMark_model.4161_t;GeneMark},{ev_type:exonerate/ID=match.2566964.3668/Target=lcl|KQ954469_1_prot_KWU45868_1_1585;exonerate}
567902	567808	initial-	4	5	{GlimmerHMM_glimmerT_3898-T1;GlimmerHMM},{HiQ_model.g3247.t1;HiQ},{GeneMark_model.4161_t;GeneMark}

# EVM prediction: Mode:STANDARD S-ratio: 4.91 568120-568674 orient(-) score(1843.00) noncoding_equivalent(375.40) raw_noncoding(520.19) offset(144.80)
568567	568120	terminal-	6	6	{Augustus_model.g3248.t1;Augustus},{GeneMark_model.4162_t;GeneMark},{snap_scaffold_9-snap.246-T1;snap}
568639	568568	INTRON			{Augustus_model.g3248.t1;Augustus},{GeneMark_model.4162_t;GeneMark}
568674	568640	initial-	4	5	{Augustus_model.g3248.t1;Augustus},{GeneMark_model.4162_t;GeneMark}

# EVM prediction: Mode:STANDARD S-ratio: 2.50 569303-571165 orient(+) score(5664.00) noncoding_equivalent(2265.63) raw_noncoding(2630.33) offset(364.70)
569303	569604	initial+	1	2	{GlimmerHMM_glimmerT_3900-T1;GlimmerHMM},{GeneMark_model.4163_t;GeneMark},{Augustus_model.g3249.t1;Augustus}
569605	569669	INTRON			{GlimmerHMM_glimmerT_3900-T1;GlimmerHMM},{GeneMark_model.4163_t;GeneMark},{Augustus_model.g3249.t1;Augustus}
569670	569776	internal+	3	1	{GlimmerHMM_glimmerT_3900-T1;GlimmerHMM},{GeneMark_model.4163_t;GeneMark},{Augustus_model.g3249.t1;Augustus}
569777	569837	INTRON			{GlimmerHMM_glimmerT_3900-T1;GlimmerHMM},{GeneMark_model.4163_t;GeneMark},{Augustus_model.g3249.t1;Augustus}
569838	570036	internal+	2	2	{GlimmerHMM_glimmerT_3900-T1;GlimmerHMM},{GeneMark_model.4163_t;GeneMark}
570037	570106	INTRON			{GlimmerHMM_glimmerT_3900-T1;GlimmerHMM},{GeneMark_model.4163_t;GeneMark}
570107	570422	internal+	3	3	{GlimmerHMM_glimmerT_3900-T1;GlimmerHMM},{GeneMark_model.4163_t;GeneMark},{Augustus_model.g3249.t1;Augustus}
570423	570484	INTRON			{GlimmerHMM_glimmerT_3900-T1;GlimmerHMM},{GeneMark_model.4163_t;GeneMark},{Augustus_model.g3249.t1;Augustus}
570485	570836	internal+	1	1	{GlimmerHMM_glimmerT_3900-T1;GlimmerHMM},{GeneMark_model.4163_t;GeneMark},{Augustus_model.g3249.t1;Augustus}
570837	570896	INTRON			{GlimmerHMM_glimmerT_3900-T1;GlimmerHMM},{GeneMark_model.4163_t;GeneMark},{Augustus_model.g3249.t1;Augustus}
570897	571165	terminal+	2	3	{GeneMark_model.4163_t;GeneMark}

# EVM prediction: Mode:STANDARD S-ratio: 2.67 572144-575051 orient(+) score(8797.00) noncoding_equivalent(3292.32) raw_noncoding(3819.14) offset(526.82)
572144	572521	initial+	1	3	{GeneMark_model.4164_t;GeneMark}
572522	572585	INTRON			{GlimmerHMM_glimmerT_3900-T1;GlimmerHMM},{GeneMark_model.4164_t;GeneMark},{Augustus_model.g3249.t1;Augustus}
572586	574197	internal+	1	1	{GlimmerHMM_glimmerT_3900-T1;GlimmerHMM},{GeneMark_model.4164_t;GeneMark},{Augustus_model.g3249.t1;Augustus}
574198	574249	INTRON			{GlimmerHMM_glimmerT_3900-T1;GlimmerHMM},{GeneMark_model.4164_t;GeneMark},{Augustus_model.g3249.t1;Augustus}
574250	574276	internal+	2	1	{GeneMark_model.4164_t;GeneMark},{Augustus_model.g3249.t1;Augustus}
574277	574342	INTRON			{GeneMark_model.4164_t;GeneMark},{Augustus_model.g3249.t1;Augustus}
574343	574358	internal+	2	2	{GeneMark_model.4164_t;GeneMark},{Augustus_model.g3249.t1;Augustus}
574359	574423	INTRON			{GeneMark_model.4164_t;GeneMark},{Augustus_model.g3249.t1;Augustus}
574424	574445	internal+	3	3	{GeneMark_model.4164_t;GeneMark},{Augustus_model.g3249.t1;Augustus}
574446	574510	INTRON			{GeneMark_model.4164_t;GeneMark},{Augustus_model.g3249.t1;Augustus}
574511	574645	internal+	1	3	{GlimmerHMM_glimmerT_3900-T1;GlimmerHMM},{GeneMark_model.4164_t;GeneMark},{Augustus_model.g3249.t1;Augustus}
574646	574706	INTRON			{GlimmerHMM_glimmerT_3900-T1;GlimmerHMM},{GeneMark_model.4164_t;GeneMark},{Augustus_model.g3249.t1;Augustus}
574707	574784	internal+	1	3	{GlimmerHMM_glimmerT_3900-T1;GlimmerHMM},{GeneMark_model.4164_t;GeneMark},{Augustus_model.g3249.t1;Augustus}
574785	574847	INTRON			{GlimmerHMM_glimmerT_3900-T1;GlimmerHMM},{GeneMark_model.4164_t;GeneMark},{Augustus_model.g3249.t1;Augustus}
574848	575051	terminal+	1	3	{GlimmerHMM_glimmerT_3900-T1;GlimmerHMM},{GeneMark_model.4164_t;GeneMark},{Augustus_model.g3249.t1;Augustus}

# EVM prediction: Mode:STANDARD S-ratio: 4.84 578098-579377 orient(+) score(6582.00) noncoding_equivalent(1361.24) raw_noncoding(1799.00) offset(437.76)
578098	578126	initial+	1	2	{GeneMark_model.4165_t;GeneMark},{Augustus_model.g3250.t1;Augustus}
578127	578198	INTRON			{GeneMark_model.4165_t;GeneMark},{Augustus_model.g3250.t1;Augustus},{ev_type:exonerate/ID=match.2566964.3550/Target=lcl|KQ954469_1_prot_KWU45873_1_1590;exonerate},{ev_type:exonerate/ID=match.2566964.3551/Target=lcl|PJQD01000050_1_prot_POY72344_1_5014;exonerate}
578199	578329	internal+	3	1	{GeneMark_model.4165_t;GeneMark},{Augustus_model.g3250.t1;Augustus},{ev_type:exonerate/ID=match.2566964.3550/Target=lcl|KQ954469_1_prot_KWU45873_1_1590;exonerate},{ev_type:exonerate/ID=match.2566964.3551/Target=lcl|PJQD01000050_1_prot_POY72344_1_5014;exonerate}
578330	578399	INTRON			{GeneMark_model.4165_t;GeneMark},{Augustus_model.g3250.t1;Augustus},{ev_type:exonerate/ID=match.2566964.3550/Target=lcl|KQ954469_1_prot_KWU45873_1_1590;exonerate},{ev_type:exonerate/ID=match.2566964.3551/Target=lcl|PJQD01000050_1_prot_POY72344_1_5014;exonerate}
578400	578584	internal+	2	3	{GeneMark_model.4165_t;GeneMark},{Augustus_model.g3250.t1;Augustus},{ev_type:exonerate/ID=match.2566964.3550/Target=lcl|KQ954469_1_prot_KWU45873_1_1590;exonerate},{ev_type:exonerate/ID=match.2566964.3551/Target=lcl|PJQD01000050_1_prot_POY72344_1_5014;exonerate}
578585	578658	INTRON			{GeneMark_model.4165_t;GeneMark},{GlimmerHMM_glimmerT_3901-T1;GlimmerHMM},{Augustus_model.g3250.t1;Augustus},{ev_type:exonerate/ID=match.2566964.3550/Target=lcl|KQ954469_1_prot_KWU45873_1_1590;exonerate},{ev_type:exonerate/ID=match.2566964.3551/Target=lcl|PJQD01000050_1_prot_POY72344_1_5014;exonerate}
578659	578769	internal+	1	3	{GeneMark_model.4165_t;GeneMark},{GlimmerHMM_glimmerT_3901-T1;GlimmerHMM},{Augustus_model.g3250.t1;Augustus},{ev_type:exonerate/ID=match.2566964.3550/Target=lcl|KQ954469_1_prot_KWU45873_1_1590;exonerate},{ev_type:exonerate/ID=match.2566964.3551/Target=lcl|PJQD01000050_1_prot_POY72344_1_5014;exonerate}
578770	578840	INTRON			{GeneMark_model.4165_t;GeneMark},{GlimmerHMM_glimmerT_3901-T1;GlimmerHMM},{Augustus_model.g3250.t1;Augustus},{ev_type:exonerate/ID=match.2566964.3550/Target=lcl|KQ954469_1_prot_KWU45873_1_1590;exonerate},{ev_type:exonerate/ID=match.2566964.3551/Target=lcl|PJQD01000050_1_prot_POY72344_1_5014;exonerate}
578841	579377	terminal+	1	3	{GeneMark_model.4165_t;GeneMark},{GlimmerHMM_glimmerT_3901-T1;GlimmerHMM},{Augustus_model.g3250.t1;Augustus}

# EVM prediction: Mode:STANDARD S-ratio: 6.85 579901-583703 orient(-) score(13847.00) noncoding_equivalent(2021.35) raw_noncoding(2984.00) offset(962.65)
579943	579901	terminal-	6	6	{GlimmerHMM_glimmerT_3902-T1;GlimmerHMM},{GeneMark_model.4166_t;GeneMark},{Augustus_model.g3251.t1;Augustus}
580008	579944	INTRON			{GlimmerHMM_glimmerT_3902-T1;GlimmerHMM},{GeneMark_model.4166_t;GeneMark},{Augustus_model.g3251.t1;Augustus}
580147	580009	internal-	5	5	{GlimmerHMM_glimmerT_3902-T1;GlimmerHMM},{GeneMark_model.4166_t;GeneMark},{Augustus_model.g3251.t1;Augustus}
580208	580148	INTRON			{GlimmerHMM_glimmerT_3902-T1;GlimmerHMM},{GeneMark_model.4166_t;GeneMark},{Augustus_model.g3251.t1;Augustus},{ev_type:exonerate/ID=match.2566964.3624/Target=lcl|KQ954469_1_prot_KWU45874_1_1591;exonerate}
582734	580209	internal-	5	4	{GeneMark_model.4166_t;GeneMark},{Augustus_model.g3251.t1;Augustus}
582804	582735	INTRON			{GeneMark_model.4166_t;GeneMark},{Augustus_model.g3251.t1;Augustus}
583312	582805	internal-	4	4	{GlimmerHMM_glimmerT_3902-T1;GlimmerHMM},{GeneMark_model.4166_t;GeneMark},{Augustus_model.g3251.t1;Augustus}
583694	583313	INTRON			{GlimmerHMM_glimmerT_3902-T1;GlimmerHMM},{Augustus_model.g3251.t1;Augustus}
583703	583695	initial-	4	6	{snap_scaffold_9-snap.251-T1;snap},{GlimmerHMM_glimmerT_3902-T1;GlimmerHMM},{GeneMark_model.4166_t;GeneMark},{Augustus_model.g3251.t1;Augustus}

# EVM prediction: Mode:STANDARD S-ratio: 3.01 584792-587188 orient(-) score(7791.00) noncoding_equivalent(2585.68) raw_noncoding(3105.00) offset(519.32)
585074	584792	terminal-	6	6	{Augustus_model.g3252.t1;Augustus},{GeneMark_model.4167_t;GeneMark},{GlimmerHMM_glimmerT_3903-T1;GlimmerHMM}
585142	585075	INTRON			{Augustus_model.g3252.t1;Augustus},{GeneMark_model.4167_t;GeneMark},{GlimmerHMM_glimmerT_3903-T1;GlimmerHMM}
585392	585143	internal-	5	5	{Augustus_model.g3252.t1;Augustus},{GeneMark_model.4167_t;GeneMark},{GlimmerHMM_glimmerT_3903-T1;GlimmerHMM}
585470	585393	INTRON			{Augustus_model.g3252.t1;Augustus},{GeneMark_model.4167_t;GeneMark},{GlimmerHMM_glimmerT_3903-T1;GlimmerHMM}
585548	585471	internal-	5	4	{Augustus_model.g3252.t1;Augustus},{GeneMark_model.4167_t;GeneMark},{GlimmerHMM_glimmerT_3903-T1;GlimmerHMM}
585628	585549	INTRON			{Augustus_model.g3252.t1;Augustus},{GeneMark_model.4167_t;GeneMark},{GlimmerHMM_glimmerT_3903-T1;GlimmerHMM}
585838	585629	internal-	5	4	{Augustus_model.g3252.t1;Augustus},{GeneMark_model.4167_t;GeneMark},{GlimmerHMM_glimmerT_3903-T1;GlimmerHMM}
585903	585839	INTRON			{Augustus_model.g3252.t1;Augustus},{GeneMark_model.4167_t;GeneMark},{GlimmerHMM_glimmerT_3903-T1;GlimmerHMM}
586249	585904	internal-	4	4	{Augustus_model.g3252.t1;Augustus},{GeneMark_model.4167_t;GeneMark}
586314	586250	INTRON			{Augustus_model.g3252.t1;Augustus},{GeneMark_model.4167_t;GeneMark}
586375	586315	internal-	6	6	{Augustus_model.g3252.t1;Augustus},{GeneMark_model.4167_t;GeneMark},{GlimmerHMM_glimmerT_3903-T1;GlimmerHMM}
586431	586376	INTRON			{Augustus_model.g3252.t1;Augustus},{GeneMark_model.4167_t;GeneMark},{GlimmerHMM_glimmerT_3903-T1;GlimmerHMM}
586835	586432	internal-	4	5	{Augustus_model.g3252.t1;Augustus},{GeneMark_model.4167_t;GeneMark},{GlimmerHMM_glimmerT_3903-T1;GlimmerHMM}
586897	586836	INTRON			{Augustus_model.g3252.t1;Augustus},{GeneMark_model.4167_t;GeneMark},{GlimmerHMM_glimmerT_3903-T1;GlimmerHMM}
587188	586898	initial-	4	6	{Augustus_model.g3252.t1;Augustus},{GeneMark_model.4167_t;GeneMark},{GlimmerHMM_glimmerT_3903-T1;GlimmerHMM}

# EVM prediction: Mode:STANDARD S-ratio: 2.95 588123-589530 orient(+) score(4384.00) noncoding_equivalent(1485.13) raw_noncoding(1815.79) offset(330.66)
588123	588290	initial+	1	3	{GeneMark_model.4168_t;GeneMark},{Augustus_model.g3253.t1;Augustus}
588291	588342	INTRON			{GeneMark_model.4168_t;GeneMark},{Augustus_model.g3253.t1;Augustus}
588343	588513	internal+	1	3	{GlimmerHMM_glimmerT_3904-T1;GlimmerHMM},{GeneMark_model.4168_t;GeneMark},{Augustus_model.g3253.t1;Augustus}
588514	588578	INTRON			{GeneMark_model.4168_t;GeneMark},{Augustus_model.g3253.t1;Augustus}
588579	588978	internal+	1	1	{GeneMark_model.4168_t;GeneMark},{Augustus_model.g3253.t1;Augustus}
588979	589040	INTRON			{GlimmerHMM_glimmerT_3904-T1;GlimmerHMM},{GeneMark_model.4168_t;GeneMark},{Augustus_model.g3253.t1;Augustus}
589041	589234	internal+	2	3	{GlimmerHMM_glimmerT_3904-T1;GlimmerHMM},{GeneMark_model.4168_t;GeneMark},{Augustus_model.g3253.t1;Augustus}
589235	589296	INTRON			{GlimmerHMM_glimmerT_3904-T1;GlimmerHMM},{GeneMark_model.4168_t;GeneMark},{Augustus_model.g3253.t1;Augustus}
589297	589530	terminal+	1	3	{GlimmerHMM_glimmerT_3904-T1;GlimmerHMM},{GeneMark_model.4168_t;GeneMark},{Augustus_model.g3253.t1;Augustus}

# EVM prediction: Mode:STANDARD S-ratio: 1.99 589600-590891 orient(-) score(3522.00) noncoding_equivalent(1768.96) raw_noncoding(2066.00) offset(297.04)
589691	589600	terminal-	5	6	{Augustus_model.g3254.t1;Augustus},{GlimmerHMM_glimmerT_3905-T1;GlimmerHMM},{GeneMark_model.4169_t;GeneMark}
589755	589692	INTRON			{Augustus_model.g3254.t1;Augustus},{GlimmerHMM_glimmerT_3905-T1;GlimmerHMM},{GeneMark_model.4169_t;GeneMark}
590426	589756	internal-	6	4	{GeneMark_model.4169_t;GeneMark}
590497	590427	INTRON			{Augustus_model.g3254.t1;Augustus},{GeneMark_model.4169_t;GeneMark}
590574	590498	internal-	4	5	{Augustus_model.g3254.t1;Augustus},{GeneMark_model.4169_t;GeneMark}
590642	590575	INTRON			{Augustus_model.g3254.t1;Augustus},{GeneMark_model.4169_t;GeneMark}
590891	590643	initial-	4	6	{Augustus_model.g3254.t1;Augustus},{GlimmerHMM_glimmerT_3905-T1;GlimmerHMM},{GeneMark_model.4169_t;GeneMark}

# EVM prediction: Mode:STANDARD S-ratio: 8.14 591748-595665 orient(+) score(14173.00) noncoding_equivalent(1740.50) raw_noncoding(2204.40) offset(463.90)
591748	591754	initial+	1	1	{Augustus_model.g3255.t1;Augustus},{GeneMark_model.4170_t;GeneMark}
591755	591810	INTRON			{Augustus_model.g3255.t1;Augustus},{GeneMark_model.4170_t;GeneMark}
591811	592102	internal+	2	2	{Augustus_model.g3255.t1;Augustus},{GeneMark_model.4170_t;GeneMark},{GlimmerHMM_glimmerT_3906-T1;GlimmerHMM}
592103	592174	INTRON			{Augustus_model.g3255.t1;Augustus},{GeneMark_model.4170_t;GeneMark}
592175	593780	internal+	3	3	{Augustus_model.g3255.t1;Augustus},{GeneMark_model.4170_t;GeneMark}
593781	593846	INTRON			{Augustus_model.g3255.t1;Augustus},{GeneMark_model.4170_t;GeneMark},{GlimmerHMM_glimmerT_3906-T1;GlimmerHMM}
593847	593958	internal+	1	1	{Augustus_model.g3255.t1;Augustus},{GeneMark_model.4170_t;GeneMark},{GlimmerHMM_glimmerT_3906-T1;GlimmerHMM}
593959	594021	INTRON			{Augustus_model.g3255.t1;Augustus},{GeneMark_model.4170_t;GeneMark},{GlimmerHMM_glimmerT_3906-T1;GlimmerHMM}
594022	594176	internal+	2	3	{Augustus_model.g3255.t1;Augustus},{GeneMark_model.4170_t;GeneMark},{GlimmerHMM_glimmerT_3906-T1;GlimmerHMM}
594177	594237	INTRON			{Augustus_model.g3255.t1;Augustus},{GeneMark_model.4170_t;GeneMark}
594238	594336	internal+	1	3	{Augustus_model.g3255.t1;Augustus},{GeneMark_model.4170_t;GeneMark}
594337	594396	INTRON			{Augustus_model.g3255.t1;Augustus},{GeneMark_model.4170_t;GeneMark}
594397	595665	terminal+	1	3	{GeneMark_model.4170_t;GeneMark},{GlimmerHMM_glimmerT_3906-T1;GlimmerHMM}

# EVM prediction: Mode:STANDARD S-ratio: 5.58 596005-599883 orient(+) score(13152.00) noncoding_equivalent(2359.00) raw_noncoding(3077.50) offset(718.50)
596005	596337	initial+	1	3	{GeneMark_model.4171_t;GeneMark}
596338	596415	INTRON			{GeneMark_model.4171_t;GeneMark},{Augustus_model.g3255.t1;Augustus}
596416	596568	internal+	1	3	{GeneMark_model.4171_t;GeneMark},{Augustus_model.g3255.t1;Augustus}
596569	596685	INTRON			{GeneMark_model.4171_t;GeneMark},{Augustus_model.g3255.t1;Augustus}
596686	596772	internal+	1	3	{GeneMark_model.4171_t;GeneMark},{Augustus_model.g3255.t1;Augustus}
596773	596869	INTRON			{GeneMark_model.4171_t;GeneMark},{Augustus_model.g3255.t1;Augustus}
596870	597207	internal+	1	2	{GlimmerHMM_glimmerT_3907-T1;GlimmerHMM}
597208	597329	INTRON			{snap_scaffold_9-snap.257-T1;snap},{GlimmerHMM_glimmerT_3907-T1;GlimmerHMM}
597330	599883	terminal+	3	3	{GeneMark_model.4171_t;GeneMark},{Augustus_model.g3255.t1;Augustus},{snap_scaffold_9-snap.257-T1;snap},{GlimmerHMM_glimmerT_3907-T1;GlimmerHMM}

# EVM prediction: Mode:STANDARD S-ratio: 5.67 600278-602630 orient(+) score(8393.00) noncoding_equivalent(1479.10) raw_noncoding(1751.45) offset(272.35)
600278	600311	initial+	1	1	{Augustus_model.g3256.t1;Augustus},{GeneMark_model.4172_t;GeneMark}
600312	600383	INTRON			{Augustus_model.g3256.t1;Augustus},{GeneMark_model.4172_t;GeneMark}
600384	600450	internal+	2	2	{Augustus_model.g3256.t1;Augustus},{GeneMark_model.4172_t;GeneMark}
600451	600505	INTRON			{Augustus_model.g3256.t1;Augustus},{GeneMark_model.4172_t;GeneMark},{GlimmerHMM_glimmerT_3908-T1;GlimmerHMM}
600506	600625	internal+	3	2	{Augustus_model.g3256.t1;Augustus},{GeneMark_model.4172_t;GeneMark},{GlimmerHMM_glimmerT_3908-T1;GlimmerHMM}
600626	600689	INTRON			{Augustus_model.g3256.t1;Augustus},{GeneMark_model.4172_t;GeneMark},{GlimmerHMM_glimmerT_3908-T1;GlimmerHMM}
600690	601497	internal+	3	3	{Augustus_model.g3256.t1;Augustus},{GeneMark_model.4172_t;GeneMark},{GlimmerHMM_glimmerT_3908-T1;GlimmerHMM}
601498	601559	INTRON			{Augustus_model.g3256.t1;Augustus},{GeneMark_model.4172_t;GeneMark},{GlimmerHMM_glimmerT_3908-T1;GlimmerHMM}
601560	601948	internal+	1	2	{Augustus_model.g3256.t1;Augustus},{GeneMark_model.4172_t;GeneMark},{GlimmerHMM_glimmerT_3908-T1;GlimmerHMM}
601949	602008	INTRON			{Augustus_model.g3256.t1;Augustus},{GeneMark_model.4172_t;GeneMark},{GlimmerHMM_glimmerT_3908-T1;GlimmerHMM}
602009	602630	terminal+	3	3	{Augustus_model.g3256.t1;Augustus},{GeneMark_model.4172_t;GeneMark},{GlimmerHMM_glimmerT_3908-T1;GlimmerHMM}

# EVM prediction: Mode:STANDARD S-ratio: 15.09 603688-604230 orient(+) score(2037.00) noncoding_equivalent(135.00) raw_noncoding(135.00) offset(0.00)
603688	604230	single+	1	3	{Augustus_model.g3257.t1;Augustus}

# EVM prediction: Mode:STANDARD S-ratio: 8.63 604352-606455 orient(-) score(7635.00) noncoding_equivalent(884.42) raw_noncoding(1222.71) offset(338.29)
605587	604352	terminal-	4	6	{Augustus_model.g3258.t1;Augustus},{GlimmerHMM_glimmerT_3910-T1;GlimmerHMM},{GeneMark_model.4174_t;GeneMark}
605646	605588	INTRON			{Augustus_model.g3258.t1;Augustus},{GeneMark_model.4174_t;GeneMark}
605703	605647	internal-	4	6	{Augustus_model.g3258.t1;Augustus},{GeneMark_model.4174_t;GeneMark}
605759	605704	INTRON			{Augustus_model.g3258.t1;Augustus},{GeneMark_model.4174_t;GeneMark}
606071	605760	internal-	4	6	{Augustus_model.g3258.t1;Augustus},{GlimmerHMM_glimmerT_3910-T1;GlimmerHMM},{GeneMark_model.4174_t;GeneMark}
606128	606072	INTRON			{Augustus_model.g3258.t1;Augustus},{GlimmerHMM_glimmerT_3910-T1;GlimmerHMM},{GeneMark_model.4174_t;GeneMark}
606307	606129	internal-	5	6	{Augustus_model.g3258.t1;Augustus},{GeneMark_model.4174_t;GeneMark}
606367	606308	INTRON			{Augustus_model.g3258.t1;Augustus},{GeneMark_model.4174_t;GeneMark}
606455	606368	initial-	4	4	{Augustus_model.g3258.t1;Augustus},{GeneMark_model.4174_t;GeneMark}

# EVM prediction: Mode:STANDARD S-ratio: 3.29 606695-610450 orient(-) score(12435.00) noncoding_equivalent(3785.09) raw_noncoding(4415.79) offset(630.69)
607877	606695	terminal-	6	6	{Augustus_model.g3259.t1;Augustus},{snap_scaffold_9-snap.263-T1;snap},{GeneMark_model.4175_t;GeneMark}
607939	607878	INTRON			{GlimmerHMM_glimmerT_3910-T1;GlimmerHMM},{Augustus_model.g3259.t1;Augustus},{GeneMark_model.4175_t;GeneMark}
608063	607940	internal-	5	5	{GlimmerHMM_glimmerT_3910-T1;GlimmerHMM},{Augustus_model.g3259.t1;Augustus},{GeneMark_model.4175_t;GeneMark}
608128	608064	INTRON			{GlimmerHMM_glimmerT_3910-T1;GlimmerHMM},{Augustus_model.g3259.t1;Augustus},{GeneMark_model.4175_t;GeneMark}
608411	608129	internal-	4	4	{GlimmerHMM_glimmerT_3910-T1;GlimmerHMM},{Augustus_model.g3259.t1;Augustus},{GeneMark_model.4175_t;GeneMark}
608478	608412	INTRON			{GlimmerHMM_glimmerT_3910-T1;GlimmerHMM},{Augustus_model.g3259.t1;Augustus},{GeneMark_model.4175_t;GeneMark}
608607	608479	internal-	4	6	{GlimmerHMM_glimmerT_3910-T1;GlimmerHMM},{Augustus_model.g3259.t1;Augustus},{GeneMark_model.4175_t;GeneMark}
608669	608608	INTRON			{GlimmerHMM_glimmerT_3910-T1;GlimmerHMM},{Augustus_model.g3259.t1;Augustus},{GeneMark_model.4175_t;GeneMark}
608812	608670	internal-	5	6	{GlimmerHMM_glimmerT_3910-T1;GlimmerHMM},{Augustus_model.g3259.t1;Augustus},{GeneMark_model.4175_t;GeneMark}
608876	608813	INTRON			{GlimmerHMM_glimmerT_3910-T1;GlimmerHMM},{Augustus_model.g3259.t1;Augustus},{GeneMark_model.4175_t;GeneMark}
608952	608877	internal-	4	4	{GlimmerHMM_glimmerT_3910-T1;GlimmerHMM},{Augustus_model.g3259.t1;Augustus},{GeneMark_model.4175_t;GeneMark}
609030	608953	INTRON			{GlimmerHMM_glimmerT_3910-T1;GlimmerHMM},{Augustus_model.g3259.t1;Augustus},{GeneMark_model.4175_t;GeneMark}
609110	609031	internal-	5	6	{GlimmerHMM_glimmerT_3910-T1;GlimmerHMM},{Augustus_model.g3259.t1;Augustus},{GeneMark_model.4175_t;GeneMark}
609181	609111	INTRON			{GlimmerHMM_glimmerT_3910-T1;GlimmerHMM},{Augustus_model.g3259.t1;Augustus},{GeneMark_model.4175_t;GeneMark}
609638	609182	internal-	4	4	{GlimmerHMM_glimmerT_3910-T1;GlimmerHMM},{Augustus_model.g3259.t1;Augustus},{GeneMark_model.4175_t;GeneMark}
609709	609639	INTRON			{GlimmerHMM_glimmerT_3910-T1;GlimmerHMM},{Augustus_model.g3259.t1;Augustus},{GeneMark_model.4175_t;GeneMark}
609880	609710	internal-	4	6	{GlimmerHMM_glimmerT_3910-T1;GlimmerHMM},{Augustus_model.g3259.t1;Augustus},{GeneMark_model.4175_t;GeneMark}
609958	609881	INTRON			{GlimmerHMM_glimmerT_3910-T1;GlimmerHMM},{Augustus_model.g3259.t1;Augustus},{GeneMark_model.4175_t;GeneMark}
610450	609959	initial-	4	6	{GlimmerHMM_glimmerT_3910-T1;GlimmerHMM},{GeneMark_model.4175_t;GeneMark}

# EVM prediction: Mode:STANDARD S-ratio: 2.05 610846-612627 orient(+) score(5194.00) noncoding_equivalent(2537.05) raw_noncoding(3330.00) offset(792.95)
610846	611220	initial+	1	3	{GeneMark_model.4176_t;GeneMark},{Augustus_model.g3260.t1;Augustus},{GlimmerHMM_glimmerT_3911-T1;GlimmerHMM}
611221	611324	INTRON			{GeneMark_model.4176_t;GeneMark},{Augustus_model.g3260.t1;Augustus},{GlimmerHMM_glimmerT_3911-T1;GlimmerHMM}
611325	611420	internal+	1	3	{GeneMark_model.4176_t;GeneMark},{Augustus_model.g3260.t1;Augustus},{GlimmerHMM_glimmerT_3911-T1;GlimmerHMM}
611421	611485	INTRON			{GeneMark_model.4176_t;GeneMark},{Augustus_model.g3260.t1;Augustus},{GlimmerHMM_glimmerT_3911-T1;GlimmerHMM}
611486	611610	internal+	1	2	{GeneMark_model.4176_t;GeneMark},{Augustus_model.g3260.t1;Augustus},{GlimmerHMM_glimmerT_3911-T1;GlimmerHMM}
611611	611690	INTRON			{GeneMark_model.4176_t;GeneMark},{Augustus_model.g3260.t1;Augustus}
611691	611738	internal+	3	2	{GeneMark_model.4176_t;GeneMark},{Augustus_model.g3260.t1;Augustus}
611739	611827	INTRON			{GeneMark_model.4176_t;GeneMark},{Augustus_model.g3260.t1;Augustus}
611828	611981	internal+	3	3	{GeneMark_model.4176_t;GeneMark},{Augustus_model.g3260.t1;Augustus},{GlimmerHMM_glimmerT_3911-T1;GlimmerHMM}
611982	612057	INTRON			{GeneMark_model.4176_t;GeneMark},{Augustus_model.g3260.t1;Augustus},{GlimmerHMM_glimmerT_3911-T1;GlimmerHMM}
612058	612113	internal+	1	2	{GeneMark_model.4176_t;GeneMark},{Augustus_model.g3260.t1;Augustus},{GlimmerHMM_glimmerT_3911-T1;GlimmerHMM}
612114	612180	INTRON			{GeneMark_model.4176_t;GeneMark},{Augustus_model.g3260.t1;Augustus},{GlimmerHMM_glimmerT_3911-T1;GlimmerHMM}
612181	612458	internal+	3	1	{GeneMark_model.4176_t;GeneMark},{Augustus_model.g3260.t1;Augustus},{GlimmerHMM_glimmerT_3911-T1;GlimmerHMM}
612459	612547	INTRON			{GeneMark_model.4176_t;GeneMark},{Augustus_model.g3260.t1;Augustus}
612548	612627	terminal+	2	3	{GeneMark_model.4176_t;GeneMark},{Augustus_model.g3260.t1;Augustus}

# EVM prediction: Mode:STANDARD S-ratio: 1.67 612988-614127 orient(-) score(3038.00) noncoding_equivalent(1822.00) raw_noncoding(2224.00) offset(402.00)
613239	612988	terminal-	4	6	{GeneMark_model.4177_t;GeneMark},{GlimmerHMM_glimmerT_3912-T1;GlimmerHMM}
613369	613240	INTRON			{GeneMark_model.4177_t;GeneMark},{GlimmerHMM_glimmerT_3912-T1;GlimmerHMM}
613646	613370	internal-	6	6	{GeneMark_model.4177_t;GeneMark},{Augustus_model.g3261.t1;Augustus},{GlimmerHMM_glimmerT_3912-T1;GlimmerHMM}
613734	613647	INTRON			{GeneMark_model.4177_t;GeneMark},{Augustus_model.g3261.t1;Augustus},{GlimmerHMM_glimmerT_3912-T1;GlimmerHMM}
613805	613735	internal-	4	5	{GeneMark_model.4177_t;GeneMark},{Augustus_model.g3261.t1;Augustus},{GlimmerHMM_glimmerT_3912-T1;GlimmerHMM}
613872	613806	INTRON			{GeneMark_model.4177_t;GeneMark},{Augustus_model.g3261.t1;Augustus},{GlimmerHMM_glimmerT_3912-T1;GlimmerHMM}
614127	613873	initial-	4	6	{GeneMark_model.4177_t;GeneMark},{Augustus_model.g3261.t1;Augustus},{GlimmerHMM_glimmerT_3912-T1;GlimmerHMM}

# EVM prediction: Mode:STANDARD S-ratio: 2.97 614562-616163 orient(+) score(5213.00) noncoding_equivalent(1757.16) raw_noncoding(2242.42) offset(485.25)
614562	614605	initial+	1	2	{Augustus_model.g3262.t1;Augustus},{GeneMark_model.4178_t;GeneMark}
614606	614717	INTRON			{Augustus_model.g3262.t1;Augustus},{GeneMark_model.4178_t;GeneMark}
614718	615284	internal+	3	2	{Augustus_model.g3262.t1;Augustus},{GeneMark_model.4178_t;GeneMark}
615285	615354	INTRON			{GlimmerHMM_glimmerT_3913-T1;GlimmerHMM},{Augustus_model.g3262.t1;Augustus},{GeneMark_model.4178_t;GeneMark}
615355	615409	internal+	3	3	{GlimmerHMM_glimmerT_3913-T1;GlimmerHMM},{Augustus_model.g3262.t1;Augustus},{GeneMark_model.4178_t;GeneMark}
615410	615472	INTRON			{GlimmerHMM_glimmerT_3913-T1;GlimmerHMM},{Augustus_model.g3262.t1;Augustus},{GeneMark_model.4178_t;GeneMark}
615473	615637	internal+	1	3	{GlimmerHMM_glimmerT_3913-T1;GlimmerHMM},{Augustus_model.g3262.t1;Augustus},{GeneMark_model.4178_t;GeneMark}
615638	615698	INTRON			{GlimmerHMM_glimmerT_3913-T1;GlimmerHMM},{Augustus_model.g3262.t1;Augustus},{GeneMark_model.4178_t;GeneMark}
615699	615999	internal+	1	1	{GlimmerHMM_glimmerT_3913-T1;GlimmerHMM},{Augustus_model.g3262.t1;Augustus},{GeneMark_model.4178_t;GeneMark}
616000	616095	INTRON			{GlimmerHMM_glimmerT_3913-T1;GlimmerHMM},{Augustus_model.g3262.t1;Augustus},{GeneMark_model.4178_t;GeneMark}
616096	616163	terminal+	2	3	{GlimmerHMM_glimmerT_3913-T1;GlimmerHMM},{Augustus_model.g3262.t1;Augustus},{GeneMark_model.4178_t;GeneMark}

# EVM prediction: Mode:STANDARD S-ratio: 4.58 618672-619094 orient(+) score(2975.00) noncoding_equivalent(649.37) raw_noncoding(921.00) offset(271.63)
618672	618683	initial+	1	3	{GeneMark_model.4179_t;GeneMark},{Augustus_model.g3263.t1;Augustus}
618684	618754	INTRON			{GeneMark_model.4179_t;GeneMark},{Augustus_model.g3263.t1;Augustus},{ev_type:exonerate/ID=match.2566964.3634/Target=lcl|KQ954469_1_prot_KWU45888_1_1605;exonerate},{ev_type:exonerate/ID=match.2566964.3638/Target=lcl|LCTV02000006_1_prot_PRQ74412_1_6397;exonerate},{ev_type:exonerate/ID=match.2566964.3645/Target=lcl|NW_017264937_1_prot_XP_018269629_1_5032;exonerate}
618755	618839	internal+	1	1	{GeneMark_model.4179_t;GeneMark},{Augustus_model.g3263.t1;Augustus},{ev_type:exonerate/ID=match.2566964.3634/Target=lcl|KQ954469_1_prot_KWU45888_1_1605;exonerate},{ev_type:exonerate/ID=match.2566964.3638/Target=lcl|LCTV02000006_1_prot_PRQ74412_1_6397;exonerate},{ev_type:exonerate/ID=match.2566964.3645/Target=lcl|NW_017264937_1_prot_XP_018269629_1_5032;exonerate}
618840	618903	INTRON			{GeneMark_model.4179_t;GeneMark},{Augustus_model.g3263.t1;Augustus},{ev_type:exonerate/ID=match.2566964.3634/Target=lcl|KQ954469_1_prot_KWU45888_1_1605;exonerate},{ev_type:exonerate/ID=match.2566964.3655/Target=lcl|BJWK01000011_1_prot_GEM10449_1_4466;exonerate},{ev_type:exonerate/ID=match.2566964.3654/Target=lcl|PJQD01000050_1_prot_POY72359_1_5029;exonerate},{ev_type:exonerate/ID=match.2566964.3638/Target=lcl|LCTV02000006_1_prot_PRQ74412_1_6397;exonerate},{ev_type:exonerate/ID=match.2566964.3645/Target=lcl|NW_017264937_1_prot_XP_018269629_1_5032;exonerate}
618904	619094	terminal+	2	3	{GeneMark_model.4179_t;GeneMark},{Augustus_model.g3263.t1;Augustus},{snap_scaffold_9-snap.267-T1;snap}

# EVM prediction: Mode:STANDARD S-ratio: 5.25 619524-623068 orient(+) score(12748.00) noncoding_equivalent(2428.63) raw_noncoding(2747.00) offset(318.37)
619524	619664	initial+	1	3	{GeneMark_model.4180_t;GeneMark},{Augustus_model.g3264.t1;Augustus},{GlimmerHMM_glimmerT_3914-T1;GlimmerHMM}
619665	619726	INTRON			{GeneMark_model.4180_t;GeneMark},{Augustus_model.g3264.t1;Augustus},{GlimmerHMM_glimmerT_3914-T1;GlimmerHMM}
619727	620809	internal+	1	3	{GeneMark_model.4180_t;GeneMark},{Augustus_model.g3264.t1;Augustus},{GlimmerHMM_glimmerT_3914-T1;GlimmerHMM}
620810	620875	INTRON			{GeneMark_model.4180_t;GeneMark},{Augustus_model.g3264.t1;Augustus},{GlimmerHMM_glimmerT_3914-T1;GlimmerHMM}
620876	621154	internal+	1	3	{GeneMark_model.4180_t;GeneMark},{Augustus_model.g3264.t1;Augustus},{GlimmerHMM_glimmerT_3914-T1;GlimmerHMM}
621155	621218	INTRON			{GeneMark_model.4180_t;GeneMark},{Augustus_model.g3264.t1;Augustus},{GlimmerHMM_glimmerT_3914-T1;GlimmerHMM}
621219	621602	internal+	1	3	{GeneMark_model.4180_t;GeneMark},{Augustus_model.g3264.t1;Augustus},{GlimmerHMM_glimmerT_3914-T1;GlimmerHMM}
621603	621665	INTRON			{GeneMark_model.4180_t;GeneMark},{Augustus_model.g3264.t1;Augustus},{GlimmerHMM_glimmerT_3914-T1;GlimmerHMM}
621666	621884	internal+	1	3	{GeneMark_model.4180_t;GeneMark},{Augustus_model.g3264.t1;Augustus},{GlimmerHMM_glimmerT_3914-T1;GlimmerHMM}
621885	621952	INTRON			{GeneMark_model.4180_t;GeneMark},{Augustus_model.g3264.t1;Augustus},{GlimmerHMM_glimmerT_3914-T1;GlimmerHMM}
621953	622084	internal+	1	3	{GeneMark_model.4180_t;GeneMark},{Augustus_model.g3264.t1;Augustus},{GlimmerHMM_glimmerT_3914-T1;GlimmerHMM}
622085	622151	INTRON			{GeneMark_model.4180_t;GeneMark},{Augustus_model.g3264.t1;Augustus},{GlimmerHMM_glimmerT_3914-T1;GlimmerHMM}
622152	622601	internal+	1	3	{GeneMark_model.4180_t;GeneMark},{Augustus_model.g3264.t1;Augustus},{GlimmerHMM_glimmerT_3914-T1;GlimmerHMM}
622602	622664	INTRON			{GeneMark_model.4180_t;GeneMark},{Augustus_model.g3264.t1;Augustus},{GlimmerHMM_glimmerT_3914-T1;GlimmerHMM}
622665	622805	internal+	1	3	{GeneMark_model.4180_t;GeneMark},{Augustus_model.g3264.t1;Augustus},{GlimmerHMM_glimmerT_3914-T1;GlimmerHMM}
622806	622870	INTRON			{GeneMark_model.4180_t;GeneMark},{Augustus_model.g3264.t1;Augustus},{GlimmerHMM_glimmerT_3914-T1;GlimmerHMM}
622871	623068	terminal+	1	3	{GeneMark_model.4180_t;GeneMark},{Augustus_model.g3264.t1;Augustus},{GlimmerHMM_glimmerT_3914-T1;GlimmerHMM}

# EVM prediction: Mode:STANDARD S-ratio: 1.73 624871-627702 orient(+) score(8224.00) noncoding_equivalent(4761.33) raw_noncoding(6174.00) offset(1412.67)
624871	624889	initial+	1	1	{GlimmerHMM_glimmerT_3915-T1;GlimmerHMM}
624890	625015	INTRON			{GlimmerHMM_glimmerT_3915-T1;GlimmerHMM},{GeneMark_model.4181_t;GeneMark},{Augustus_model.g3265.t1;Augustus}
625016	625173	internal+	2	3	{GlimmerHMM_glimmerT_3915-T1;GlimmerHMM},{GeneMark_model.4181_t;GeneMark},{Augustus_model.g3265.t1;Augustus}
625174	625238	INTRON			{GlimmerHMM_glimmerT_3915-T1;GlimmerHMM},{GeneMark_model.4181_t;GeneMark},{Augustus_model.g3265.t1;Augustus}
625239	625364	internal+	1	3	{GlimmerHMM_glimmerT_3915-T1;GlimmerHMM},{GeneMark_model.4181_t;GeneMark},{Augustus_model.g3265.t1;Augustus}
625365	625443	INTRON			{GlimmerHMM_glimmerT_3915-T1;GlimmerHMM},{GeneMark_model.4181_t;GeneMark},{Augustus_model.g3265.t1;Augustus}
625444	625538	internal+	1	2	{GlimmerHMM_glimmerT_3915-T1;GlimmerHMM},{GeneMark_model.4181_t;GeneMark},{Augustus_model.g3265.t1;Augustus}
625539	625615	INTRON			{GlimmerHMM_glimmerT_3915-T1;GlimmerHMM},{GeneMark_model.4181_t;GeneMark},{Augustus_model.g3265.t1;Augustus}
625616	625793	internal+	3	3	{GlimmerHMM_glimmerT_3915-T1;GlimmerHMM},{GeneMark_model.4181_t;GeneMark},{Augustus_model.g3265.t1;Augustus}
625794	625880	INTRON			{GlimmerHMM_glimmerT_3915-T1;GlimmerHMM},{GeneMark_model.4181_t;GeneMark},{Augustus_model.g3265.t1;Augustus}
625881	626022	internal+	1	1	{GlimmerHMM_glimmerT_3915-T1;GlimmerHMM},{GeneMark_model.4181_t;GeneMark},{Augustus_model.g3265.t1;Augustus}
626023	626089	INTRON			{snap_scaffold_9-snap.270-T1;snap},{GlimmerHMM_glimmerT_3915-T1;GlimmerHMM},{GeneMark_model.4181_t;GeneMark},{Augustus_model.g3265.t1;Augustus}
626090	626382	internal+	2	3	{GlimmerHMM_glimmerT_3915-T1;GlimmerHMM},{GeneMark_model.4181_t;GeneMark},{Augustus_model.g3265.t1;Augustus}
626383	626456	INTRON			{GlimmerHMM_glimmerT_3915-T1;GlimmerHMM},{GeneMark_model.4181_t;GeneMark},{Augustus_model.g3265.t1;Augustus}
626457	626606	internal+	1	3	{GlimmerHMM_glimmerT_3915-T1;GlimmerHMM},{GeneMark_model.4181_t;GeneMark},{Augustus_model.g3265.t1;Augustus}
626607	626679	INTRON			{GlimmerHMM_glimmerT_3915-T1;GlimmerHMM},{GeneMark_model.4181_t;GeneMark},{Augustus_model.g3265.t1;Augustus}
626680	626752	internal+	1	1	{GlimmerHMM_glimmerT_3915-T1;GlimmerHMM},{GeneMark_model.4181_t;GeneMark},{Augustus_model.g3265.t1;Augustus}
626753	626821	INTRON			{GlimmerHMM_glimmerT_3915-T1;GlimmerHMM},{GeneMark_model.4181_t;GeneMark},{Augustus_model.g3265.t1;Augustus}
626822	626888	internal+	2	2	{GlimmerHMM_glimmerT_3915-T1;GlimmerHMM},{GeneMark_model.4181_t;GeneMark},{Augustus_model.g3265.t1;Augustus}
626889	626955	INTRON			{GlimmerHMM_glimmerT_3915-T1;GlimmerHMM},{GeneMark_model.4181_t;GeneMark},{Augustus_model.g3265.t1;Augustus}
626956	627054	internal+	3	2	{GeneMark_model.4181_t;GeneMark},{Augustus_model.g3265.t1;Augustus}
627055	627123	INTRON			{GeneMark_model.4181_t;GeneMark},{Augustus_model.g3265.t1;Augustus}
627124	627212	internal+	3	1	{GeneMark_model.4181_t;GeneMark},{Augustus_model.g3265.t1;Augustus}
627213	627288	INTRON			{GeneMark_model.4181_t;GeneMark},{Augustus_model.g3265.t1;Augustus}
627289	627329	internal+	2	3	{GeneMark_model.4181_t;GeneMark},{Augustus_model.g3265.t1;Augustus}
627330	627386	INTRON			{GeneMark_model.4181_t;GeneMark},{Augustus_model.g3265.t1;Augustus}
627387	627513	internal+	1	1	{GeneMark_model.4181_t;GeneMark},{Augustus_model.g3265.t1;Augustus}
627514	627661	INTRON			{GeneMark_model.4181_t;GeneMark},{Augustus_model.g3265.t1;Augustus}
627662	627702	terminal+	2	3	{GeneMark_model.4181_t;GeneMark},{Augustus_model.g3265.t1;Augustus}

# EVM prediction: Mode:STANDARD S-ratio: 1.00 628059-628541 orient(-) score(966.00) noncoding_equivalent(966.00) raw_noncoding(966.00) offset(0.00)
628541	628059	single-	4	6	{GlimmerHMM_glimmerT_3916-T1;GlimmerHMM}

# EVM prediction: Mode:STANDARD S-ratio: 3.53 630797-631613 orient(+) score(3521.00) noncoding_equivalent(998.19) raw_noncoding(1235.02) offset(236.83)
630797	630910	initial+	1	3	{Augustus_model.g3266.t1;Augustus}
630911	630975	INTRON			{GeneMark_model.4183_t;GeneMark},{GlimmerHMM_glimmerT_3917-T1;GlimmerHMM},{Augustus_model.g3266.t1;Augustus},{ev_type:exonerate/ID=match.2566964.3615/Target=lcl|PJQD01000050_1_prot_POY72362_1_5032;exonerate}
630976	631114	internal+	1	1	{GeneMark_model.4183_t;GeneMark},{GlimmerHMM_glimmerT_3917-T1;GlimmerHMM},{Augustus_model.g3266.t1;Augustus},{ev_type:exonerate/ID=match.2566964.3615/Target=lcl|PJQD01000050_1_prot_POY72362_1_5032;exonerate}
631115	631187	INTRON			{GeneMark_model.4183_t;GeneMark},{GlimmerHMM_glimmerT_3917-T1;GlimmerHMM},{Augustus_model.g3266.t1;Augustus},{ev_type:exonerate/ID=match.2566964.3615/Target=lcl|PJQD01000050_1_prot_POY72362_1_5032;exonerate}
631188	631276	internal+	2	3	{GeneMark_model.4183_t;GeneMark},{GlimmerHMM_glimmerT_3917-T1;GlimmerHMM},{Augustus_model.g3266.t1;Augustus},{ev_type:exonerate/ID=match.2566964.3615/Target=lcl|PJQD01000050_1_prot_POY72362_1_5032;exonerate}
631277	631364	INTRON			{GeneMark_model.4183_t;GeneMark},{GlimmerHMM_glimmerT_3917-T1;GlimmerHMM},{Augustus_model.g3266.t1;Augustus},{ev_type:exonerate/ID=match.2566964.3615/Target=lcl|PJQD01000050_1_prot_POY72362_1_5032;exonerate}
631365	631613	terminal+	1	3	{GeneMark_model.4183_t;GeneMark},{snap_scaffold_9-snap.271-T1;snap},{Augustus_model.g3266.t1;Augustus}

# EVM prediction: Mode:STANDARD S-ratio: 8.64 631864-633965 orient(+) score(7535.00) noncoding_equivalent(871.63) raw_noncoding(995.90) offset(124.26)
631864	632004	initial+	1	3	{GeneMark_model.4184_t;GeneMark},{Augustus_model.g3267.t1;Augustus}
632005	632066	INTRON			{GeneMark_model.4184_t;GeneMark},{Augustus_model.g3267.t1;Augustus}
632067	633965	terminal+	1	3	{GeneMark_model.4184_t;GeneMark},{Augustus_model.g3267.t1;Augustus}

# EVM prediction: Mode:STANDARD S-ratio: 4.20 634162-635060 orient(-) score(5448.00) noncoding_equivalent(1297.00) raw_noncoding(1442.00) offset(145.00)
634281	634162	terminal-	4	6	{HiQ_model.g3268.t1;HiQ},{GeneMark_model.4185_t;GeneMark},{GlimmerHMM_glimmerT_3918-T1;GlimmerHMM}
634382	634282	INTRON			{HiQ_model.g3268.t1;HiQ},{GeneMark_model.4185_t;GeneMark},{GlimmerHMM_glimmerT_3918-T1;GlimmerHMM},{ev_type:exonerate/ID=match.2566964.3611/Target=lcl|KQ954469_1_prot_KWU45890_1_1607;exonerate},{ev_type:exonerate/ID=match.2566964.3612/Target=lcl|NW_017264937_1_prot_XP_018269624_1_5027;exonerate}
635060	634383	initial-	4	6	{HiQ_model.g3268.t1;HiQ},{GeneMark_model.4185_t;GeneMark},{GlimmerHMM_glimmerT_3918-T1;GlimmerHMM}

# EVM prediction: Mode:STANDARD S-ratio: 2.78 635900-638205 orient(+) score(7134.00) noncoding_equivalent(2567.70) raw_noncoding(3476.00) offset(908.30)
635900	636234	initial+	1	2	{GlimmerHMM_glimmerT_3919-T1;GlimmerHMM},{Augustus_model.g3269.t1;Augustus},{GeneMark_model.4186_t;GeneMark}
636235	636294	INTRON			{GlimmerHMM_glimmerT_3919-T1;GlimmerHMM},{Augustus_model.g3269.t1;Augustus},{GeneMark_model.4186_t;GeneMark}
636295	636421	internal+	3	3	{GlimmerHMM_glimmerT_3919-T1;GlimmerHMM},{Augustus_model.g3269.t1;Augustus},{GeneMark_model.4186_t;GeneMark}
636422	636485	INTRON			{GlimmerHMM_glimmerT_3919-T1;GlimmerHMM},{Augustus_model.g3269.t1;Augustus},{GeneMark_model.4186_t;GeneMark}
636486	636646	internal+	1	2	{GlimmerHMM_glimmerT_3919-T1;GlimmerHMM},{Augustus_model.g3269.t1;Augustus},{GeneMark_model.4186_t;GeneMark}
636647	636706	INTRON			{Augustus_model.g3269.t1;Augustus},{GeneMark_model.4186_t;GeneMark}
636707	636751	internal+	3	2	{Augustus_model.g3269.t1;Augustus},{GeneMark_model.4186_t;GeneMark}
636752	636833	INTRON			{Augustus_model.g3269.t1;Augustus},{GeneMark_model.4186_t;GeneMark}
636834	637241	internal+	3	2	{GlimmerHMM_glimmerT_3919-T1;GlimmerHMM},{Augustus_model.g3269.t1;Augustus},{GeneMark_model.4186_t;GeneMark}
637242	637352	INTRON			{Augustus_model.g3269.t1;Augustus},{GeneMark_model.4186_t;GeneMark}
637353	637377	internal+	3	3	{Augustus_model.g3269.t1;Augustus},{GeneMark_model.4186_t;GeneMark}
637378	637463	INTRON			{Augustus_model.g3269.t1;Augustus},{GeneMark_model.4186_t;GeneMark}
637464	637758	internal+	1	1	{Augustus_model.g3269.t1;Augustus},{GeneMark_model.4186_t;GeneMark}
637759	637823	INTRON			{GlimmerHMM_glimmerT_3919-T1;GlimmerHMM},{Augustus_model.g3269.t1;Augustus},{GeneMark_model.4186_t;GeneMark}
637824	637886	internal+	2	1	{GlimmerHMM_glimmerT_3919-T1;GlimmerHMM},{Augustus_model.g3269.t1;Augustus},{GeneMark_model.4186_t;GeneMark}
637887	637946	INTRON			{GlimmerHMM_glimmerT_3919-T1;GlimmerHMM},{Augustus_model.g3269.t1;Augustus},{GeneMark_model.4186_t;GeneMark}
637947	638081	internal+	2	1	{Augustus_model.g3269.t1;Augustus},{GeneMark_model.4186_t;GeneMark}
638082	638143	INTRON			{Augustus_model.g3269.t1;Augustus},{GeneMark_model.4186_t;GeneMark}
638144	638205	terminal+	2	3	{Augustus_model.g3269.t1;Augustus},{GeneMark_model.4186_t;GeneMark}

# EVM prediction: Mode:STANDARD S-ratio: 4.07 638270-644256 orient(-) score(20241.00) noncoding_equivalent(4977.37) raw_noncoding(6443.00) offset(1465.63)
638645	638270	terminal-	6	6	{Augustus_model.g3270.t1;Augustus},{GlimmerHMM_glimmerT_3920-T1;GlimmerHMM},{snap_scaffold_9-snap.276-T1;snap},{GeneMark_model.4187_t;GeneMark}
638704	638646	INTRON			{Augustus_model.g3270.t1;Augustus},{GlimmerHMM_glimmerT_3920-T1;GlimmerHMM},{GeneMark_model.4187_t;GeneMark}
638858	638705	internal-	5	5	{Augustus_model.g3270.t1;Augustus},{GlimmerHMM_glimmerT_3920-T1;GlimmerHMM},{GeneMark_model.4187_t;GeneMark}
638919	638859	INTRON			{Augustus_model.g3270.t1;Augustus},{GlimmerHMM_glimmerT_3920-T1;GlimmerHMM},{GeneMark_model.4187_t;GeneMark}
638990	638920	internal-	6	4	{Augustus_model.g3270.t1;Augustus},{GlimmerHMM_glimmerT_3920-T1;GlimmerHMM},{GeneMark_model.4187_t;GeneMark}
639050	638991	INTRON			{Augustus_model.g3270.t1;Augustus},{GlimmerHMM_glimmerT_3920-T1;GlimmerHMM},{GeneMark_model.4187_t;GeneMark}
639664	639051	internal-	4	5	{Augustus_model.g3270.t1;Augustus},{GlimmerHMM_glimmerT_3920-T1;GlimmerHMM},{GeneMark_model.4187_t;GeneMark}
639773	639665	INTRON			{Augustus_model.g3270.t1;Augustus},{GlimmerHMM_glimmerT_3920-T1;GlimmerHMM},{GeneMark_model.4187_t;GeneMark}
640095	639774	internal-	6	6	{Augustus_model.g3270.t1;Augustus},{GeneMark_model.4187_t;GeneMark}
640500	640096	INTRON			{Augustus_model.g3270.t1;Augustus},{GeneMark_model.4187_t;GeneMark}
643180	640501	internal-	5	5	{Augustus_model.g3270.t1;Augustus},{GeneMark_model.4187_t;GeneMark}
643244	643181	INTRON			{GlimmerHMM_glimmerT_3921-T1;GlimmerHMM},{Augustus_model.g3270.t1;Augustus},{GeneMark_model.4187_t;GeneMark}
643874	643245	internal-	5	4	{GlimmerHMM_glimmerT_3921-T1;GlimmerHMM},{Augustus_model.g3270.t1;Augustus},{GeneMark_model.4187_t;GeneMark}
644168	643875	INTRON			{GlimmerHMM_glimmerT_3921-T1;GlimmerHMM},{Augustus_model.g3270.t1;Augustus},{GeneMark_model.4187_t;GeneMark}
644256	644169	initial-	4	4	{GlimmerHMM_glimmerT_3921-T1;GlimmerHMM},{Augustus_model.g3270.t1;Augustus},{GeneMark_model.4187_t;GeneMark}

# EVM prediction: Mode:STANDARD S-ratio: 2.36 645885-648103 orient(+) score(6737.00) noncoding_equivalent(2860.42) raw_noncoding(4046.00) offset(1185.58)
645885	646124	initial+	1	3	{Augustus_model.g3271.t1;Augustus},{GlimmerHMM_glimmerT_3922-T1;GlimmerHMM},{GeneMark_model.4188_t;GeneMark}
646125	646222	INTRON			{Augustus_model.g3271.t1;Augustus},{GlimmerHMM_glimmerT_3922-T1;GlimmerHMM},{GeneMark_model.4188_t;GeneMark}
646223	646269	internal+	1	2	{Augustus_model.g3271.t1;Augustus},{GlimmerHMM_glimmerT_3922-T1;GlimmerHMM},{GeneMark_model.4188_t;GeneMark}
646270	646467	INTRON			{Augustus_model.g3271.t1;Augustus},{GeneMark_model.4188_t;GeneMark}
646468	646543	internal+	3	3	{Augustus_model.g3271.t1;Augustus},{GeneMark_model.4188_t;GeneMark}
646544	646612	INTRON			{Augustus_model.g3271.t1;Augustus},{GeneMark_model.4188_t;GeneMark}
646613	646640	internal+	1	1	{Augustus_model.g3271.t1;Augustus},{GeneMark_model.4188_t;GeneMark}
646641	646737	INTRON			{Augustus_model.g3271.t1;Augustus},{GeneMark_model.4188_t;GeneMark}
646738	646765	internal+	2	2	{Augustus_model.g3271.t1;Augustus},{GeneMark_model.4188_t;GeneMark}
646766	646834	INTRON			{Augustus_model.g3271.t1;Augustus},{GeneMark_model.4188_t;GeneMark}
646835	646918	internal+	3	2	{Augustus_model.g3271.t1;Augustus},{GlimmerHMM_glimmerT_3922-T1;GlimmerHMM},{GeneMark_model.4188_t;GeneMark}
646919	646989	INTRON			{Augustus_model.g3271.t1;Augustus},{GlimmerHMM_glimmerT_3922-T1;GlimmerHMM},{GeneMark_model.4188_t;GeneMark}
646990	647063	internal+	3	1	{Augustus_model.g3271.t1;Augustus},{GlimmerHMM_glimmerT_3922-T1;GlimmerHMM},{GeneMark_model.4188_t;GeneMark}
647064	647127	INTRON			{Augustus_model.g3271.t1;Augustus},{GlimmerHMM_glimmerT_3922-T1;GlimmerHMM},{GeneMark_model.4188_t;GeneMark}
647128	647206	internal+	2	2	{Augustus_model.g3271.t1;Augustus},{GlimmerHMM_glimmerT_3922-T1;GlimmerHMM},{GeneMark_model.4188_t;GeneMark}
647207	647272	INTRON			{Augustus_model.g3271.t1;Augustus},{GlimmerHMM_glimmerT_3922-T1;GlimmerHMM},{GeneMark_model.4188_t;GeneMark}
647273	647732	internal+	3	3	{Augustus_model.g3271.t1;Augustus},{GlimmerHMM_glimmerT_3922-T1;GlimmerHMM},{GeneMark_model.4188_t;GeneMark}
647733	647806	INTRON			{Augustus_model.g3271.t1;Augustus},{GlimmerHMM_glimmerT_3922-T1;GlimmerHMM},{GeneMark_model.4188_t;GeneMark}
647807	648103	terminal+	1	3	{Augustus_model.g3271.t1;Augustus},{GlimmerHMM_glimmerT_3922-T1;GlimmerHMM},{GeneMark_model.4188_t;GeneMark}

# EVM prediction: Mode:STANDARD S-ratio: 1.41 648639-651392 orient(-) score(6212.00) noncoding_equivalent(4411.67) raw_noncoding(6488.00) offset(2076.33)
648710	648639	terminal-	4	6	{Augustus_model.g3272.t1;Augustus},{GeneMark_model.4189_t;GeneMark}
648777	648711	INTRON			{Augustus_model.g3272.t1;Augustus},{GeneMark_model.4189_t;GeneMark}
648904	648778	internal-	6	6	{Augustus_model.g3272.t1;Augustus},{GeneMark_model.4189_t;GeneMark}
648971	648905	INTRON			{Augustus_model.g3272.t1;Augustus},{GeneMark_model.4189_t;GeneMark}
649012	648972	internal-	4	5	{Augustus_model.g3272.t1;Augustus},{GeneMark_model.4189_t;GeneMark}
649091	649013	INTRON			{Augustus_model.g3272.t1;Augustus},{GlimmerHMM_glimmerT_3924-T1;GlimmerHMM},{GeneMark_model.4189_t;GeneMark}
649206	649092	internal-	6	6	{Augustus_model.g3272.t1;Augustus},{GlimmerHMM_glimmerT_3924-T1;GlimmerHMM},{GeneMark_model.4189_t;GeneMark}
649273	649207	INTRON			{Augustus_model.g3272.t1;Augustus},{GlimmerHMM_glimmerT_3924-T1;GlimmerHMM},{GeneMark_model.4189_t;GeneMark}
649425	649274	internal-	4	5	{Augustus_model.g3272.t1;Augustus},{GlimmerHMM_glimmerT_3924-T1;GlimmerHMM},{GeneMark_model.4189_t;GeneMark}
649481	649426	INTRON			{Augustus_model.g3272.t1;Augustus},{GlimmerHMM_glimmerT_3924-T1;GlimmerHMM},{GeneMark_model.4189_t;GeneMark}
649655	649482	internal-	4	6	{Augustus_model.g3272.t1;Augustus},{GeneMark_model.4189_t;GeneMark}
649721	649656	INTRON			{Augustus_model.g3272.t1;Augustus},{GeneMark_model.4189_t;GeneMark}
649930	649722	internal-	5	6	{Augustus_model.g3272.t1;Augustus},{GeneMark_model.4189_t;GeneMark}
649987	649931	INTRON			{Augustus_model.g3272.t1;Augustus},{GeneMark_model.4189_t;GeneMark}
650071	649988	internal-	5	4	{Augustus_model.g3272.t1;Augustus}
650126	650072	INTRON			{Augustus_model.g3272.t1;Augustus}
650167	650127	internal-	6	4	{Augustus_model.g3272.t1;Augustus},{GeneMark_model.4189_t;GeneMark}
650225	650168	INTRON			{Augustus_model.g3272.t1;Augustus},{GeneMark_model.4189_t;GeneMark}
650282	650226	internal-	6	5	{Augustus_model.g3272.t1;Augustus},{GeneMark_model.4189_t;GeneMark}
650344	650283	INTRON			{Augustus_model.g3272.t1;Augustus},{GeneMark_model.4189_t;GeneMark}
650543	650345	internal-	5	5	{Augustus_model.g3272.t1;Augustus},{GeneMark_model.4189_t;GeneMark}
650602	650544	INTRON			{Augustus_model.g3272.t1;Augustus},{GeneMark_model.4189_t;GeneMark}
650739	650603	internal-	6	4	{Augustus_model.g3272.t1;Augustus},{GlimmerHMM_glimmerT_3924-T1;GlimmerHMM},{GeneMark_model.4189_t;GeneMark}
650799	650740	INTRON			{Augustus_model.g3272.t1;Augustus},{GlimmerHMM_glimmerT_3924-T1;GlimmerHMM},{GeneMark_model.4189_t;GeneMark}
650977	650800	internal-	5	5	{Augustus_model.g3272.t1;Augustus},{GlimmerHMM_glimmerT_3924-T1;GlimmerHMM},{GeneMark_model.4189_t;GeneMark}
651373	650978	INTRON			{GlimmerHMM_glimmerT_3924-T1;GlimmerHMM}
651392	651374	initial-	4	4	{GlimmerHMM_glimmerT_3924-T1;GlimmerHMM}

# EVM prediction: Mode:STANDARD S-ratio: 1.93 653609-654520 orient(+) score(2481.00) noncoding_equivalent(1288.14) raw_noncoding(1551.00) offset(262.86)
653609	653664	initial+	1	2	{Augustus_model.g3273.t1;Augustus},{GeneMark_model.4190_t;GeneMark}
653665	653734	INTRON			{Augustus_model.g3273.t1;Augustus},{GeneMark_model.4190_t;GeneMark}
653735	653933	internal+	3	3	{Augustus_model.g3273.t1;Augustus},{GeneMark_model.4190_t;GeneMark}
653934	653997	INTRON			{Augustus_model.g3273.t1;Augustus},{GeneMark_model.4190_t;GeneMark},{GlimmerHMM_glimmerT_3925-T1;GlimmerHMM}
653998	654358	internal+	1	1	{GeneMark_model.4190_t;GeneMark},{GlimmerHMM_glimmerT_3925-T1;GlimmerHMM}
654359	654419	INTRON			{GeneMark_model.4190_t;GeneMark},{GlimmerHMM_glimmerT_3925-T1;GlimmerHMM}
654420	654520	terminal+	2	3	{Augustus_model.g3273.t1;Augustus},{GeneMark_model.4190_t;GeneMark},{GlimmerHMM_glimmerT_3925-T1;GlimmerHMM}

# EVM prediction: Mode:STANDARD S-ratio: 2.46 654609-658473 orient(-) score(11872.00) noncoding_equivalent(4818.61) raw_noncoding(5211.72) offset(393.11)
654651	654609	terminal-	6	6	{Augustus_model.g3274.t1;Augustus},{GlimmerHMM_glimmerT_3926-T1;GlimmerHMM},{GeneMark_model.4191_t;GeneMark}
654718	654652	INTRON			{Augustus_model.g3274.t1;Augustus},{GlimmerHMM_glimmerT_3926-T1;GlimmerHMM},{GeneMark_model.4191_t;GeneMark}
655449	654719	internal-	4	5	{Augustus_model.g3274.t1;Augustus},{GlimmerHMM_glimmerT_3926-T1;GlimmerHMM},{GeneMark_model.4191_t;GeneMark}
655505	655450	INTRON			{Augustus_model.g3274.t1;Augustus},{GlimmerHMM_glimmerT_3926-T1;GlimmerHMM},{GeneMark_model.4191_t;GeneMark},{ev_type:exonerate/ID=match.2566964.3646/Target=lcl|KQ954469_1_prot_KWU45900_1_1617;exonerate}
655633	655506	internal-	5	6	{Augustus_model.g3274.t1;Augustus},{GlimmerHMM_glimmerT_3926-T1;GlimmerHMM},{GeneMark_model.4191_t;GeneMark}
655697	655634	INTRON			{Augustus_model.g3274.t1;Augustus},{GlimmerHMM_glimmerT_3926-T1;GlimmerHMM},{GeneMark_model.4191_t;GeneMark}
655955	655698	internal-	5	4	{Augustus_model.g3274.t1;Augustus},{GlimmerHMM_glimmerT_3926-T1;GlimmerHMM},{GeneMark_model.4191_t;GeneMark}
656013	655956	INTRON			{Augustus_model.g3274.t1;Augustus},{GlimmerHMM_glimmerT_3926-T1;GlimmerHMM},{GeneMark_model.4191_t;GeneMark}
656139	656014	internal-	5	4	{Augustus_model.g3274.t1;Augustus},{GlimmerHMM_glimmerT_3926-T1;GlimmerHMM},{GeneMark_model.4191_t;GeneMark}
656199	656140	INTRON			{Augustus_model.g3274.t1;Augustus},{GlimmerHMM_glimmerT_3926-T1;GlimmerHMM},{GeneMark_model.4191_t;GeneMark}
656415	656200	internal-	5	4	{Augustus_model.g3274.t1;Augustus},{GlimmerHMM_glimmerT_3926-T1;GlimmerHMM},{GeneMark_model.4191_t;GeneMark}
656483	656416	INTRON			{Augustus_model.g3274.t1;Augustus},{GlimmerHMM_glimmerT_3926-T1;GlimmerHMM},{GeneMark_model.4191_t;GeneMark}
657413	656484	internal-	5	4	{GlimmerHMM_glimmerT_3926-T1;GlimmerHMM},{GeneMark_model.4191_t;GeneMark}
657485	657414	INTRON			{Augustus_model.g3274.t1;Augustus},{GlimmerHMM_glimmerT_3926-T1;GlimmerHMM},{GeneMark_model.4191_t;GeneMark}
658473	657486	initial-	4	4	{GlimmerHMM_glimmerT_3926-T1;GlimmerHMM},{GeneMark_model.4191_t;GeneMark}

# EVM prediction: Mode:STANDARD S-ratio: 3.05 658881-660076 orient(-) score(3840.00) noncoding_equivalent(1258.09) raw_noncoding(1423.26) offset(165.16)
659369	658881	terminal-	4	6	{GlimmerHMM_glimmerT_3927-T1;GlimmerHMM},{GeneMark_model.4192_t;GeneMark}
659444	659370	INTRON			{Augustus_model.g3274.t1;Augustus},{GlimmerHMM_glimmerT_3927-T1;GlimmerHMM},{GeneMark_model.4192_t;GeneMark}
659647	659445	internal-	5	6	{Augustus_model.g3274.t1;Augustus},{GlimmerHMM_glimmerT_3927-T1;GlimmerHMM},{GeneMark_model.4192_t;GeneMark}
659733	659648	INTRON			{Augustus_model.g3274.t1;Augustus},{GlimmerHMM_glimmerT_3927-T1;GlimmerHMM},{GeneMark_model.4192_t;GeneMark}
660076	659734	initial-	4	4	{Augustus_model.g3274.t1;Augustus},{GlimmerHMM_glimmerT_3927-T1;GlimmerHMM},{GeneMark_model.4192_t;GeneMark}

# EVM prediction: Mode:STANDARD S-ratio: 1.92 660304-661946 orient(+) score(4839.00) noncoding_equivalent(2525.95) raw_noncoding(2956.95) offset(431.00)
660304	660655	initial+	1	1	{Augustus_model.g3275.t1;Augustus},{GlimmerHMM_glimmerT_3928-T1;GlimmerHMM},{GeneMark_model.4193_t;GeneMark}
660656	660724	INTRON			{Augustus_model.g3275.t1;Augustus},{GlimmerHMM_glimmerT_3928-T1;GlimmerHMM},{GeneMark_model.4193_t;GeneMark}
660725	660801	internal+	2	3	{Augustus_model.g3275.t1;Augustus},{GlimmerHMM_glimmerT_3928-T1;GlimmerHMM},{GeneMark_model.4193_t;GeneMark}
660802	660869	INTRON			{Augustus_model.g3275.t1;Augustus},{GlimmerHMM_glimmerT_3928-T1;GlimmerHMM},{GeneMark_model.4193_t;GeneMark}
660870	660961	internal+	1	2	{Augustus_model.g3275.t1;Augustus},{GlimmerHMM_glimmerT_3928-T1;GlimmerHMM},{GeneMark_model.4193_t;GeneMark}
660962	661026	INTRON			{Augustus_model.g3275.t1;Augustus},{GlimmerHMM_glimmerT_3928-T1;GlimmerHMM},{GeneMark_model.4193_t;GeneMark}
661027	661169	internal+	3	1	{Augustus_model.g3275.t1;Augustus},{GlimmerHMM_glimmerT_3928-T1;GlimmerHMM},{GeneMark_model.4193_t;GeneMark}
661170	661235	INTRON			{Augustus_model.g3275.t1;Augustus},{GlimmerHMM_glimmerT_3928-T1;GlimmerHMM},{GeneMark_model.4193_t;GeneMark}
661236	661359	internal+	2	2	{Augustus_model.g3275.t1;Augustus},{GlimmerHMM_glimmerT_3928-T1;GlimmerHMM},{GeneMark_model.4193_t;GeneMark}
661360	661431	INTRON			{Augustus_model.g3275.t1;Augustus},{GlimmerHMM_glimmerT_3928-T1;GlimmerHMM},{GeneMark_model.4193_t;GeneMark}
661432	661591	internal+	3	3	{Augustus_model.g3275.t1;Augustus},{GlimmerHMM_glimmerT_3928-T1;GlimmerHMM},{GeneMark_model.4193_t;GeneMark}
661592	661658	INTRON			{Augustus_model.g3275.t1;Augustus},{GlimmerHMM_glimmerT_3928-T1;GlimmerHMM},{GeneMark_model.4193_t;GeneMark}
661659	661946	terminal+	1	3	{Augustus_model.g3275.t1;Augustus}

# EVM prediction: Mode:STANDARD S-ratio: 4.54 662812-663992 orient(-) score(7770.00) noncoding_equivalent(1711.02) raw_noncoding(2370.00) offset(658.98)
663030	662812	terminal-	4	6	{GlimmerHMM_glimmerT_3929-T1;GlimmerHMM},{GeneMark_model.4194_t;GeneMark},{Augustus_model.g3276.t1;Augustus}
663102	663031	INTRON			{GlimmerHMM_glimmerT_3929-T1;GlimmerHMM},{GeneMark_model.4194_t;GeneMark},{Augustus_model.g3276.t1;Augustus},{ev_type:exonerate/ID=match.2566964.3589/Target=lcl|PJQD01000050_1_prot_POY72376_1_5046;exonerate},{ev_type:exonerate/ID=match.2566964.3601/Target=lcl|LCTV02000006_1_prot_PRQ74293_1_6278;exonerate},{ev_type:exonerate/ID=match.2566964.3599/Target=lcl|NW_017264937_1_prot_XP_018269637_1_5040;exonerate},{ev_type:exonerate/ID=match.2566964.3603/Target=lcl|BJWK01000011_1_prot_GEM10476_1_4493;exonerate}
663134	663103	internal-	5	6	{GlimmerHMM_glimmerT_3929-T1;GlimmerHMM},{GeneMark_model.4194_t;GeneMark},{Augustus_model.g3276.t1;Augustus},{ev_type:exonerate/ID=match.2566964.3589/Target=lcl|PJQD01000050_1_prot_POY72376_1_5046;exonerate},{ev_type:exonerate/ID=match.2566964.3601/Target=lcl|LCTV02000006_1_prot_PRQ74293_1_6278;exonerate},{ev_type:exonerate/ID=match.2566964.3599/Target=lcl|NW_017264937_1_prot_XP_018269637_1_5040;exonerate},{ev_type:exonerate/ID=match.2566964.3603/Target=lcl|BJWK01000011_1_prot_GEM10476_1_4493;exonerate}
663195	663135	INTRON			{GlimmerHMM_glimmerT_3929-T1;GlimmerHMM},{GeneMark_model.4194_t;GeneMark},{Augustus_model.g3276.t1;Augustus},{ev_type:exonerate/ID=match.2566964.3589/Target=lcl|PJQD01000050_1_prot_POY72376_1_5046;exonerate},{ev_type:exonerate/ID=match.2566964.3601/Target=lcl|LCTV02000006_1_prot_PRQ74293_1_6278;exonerate},{ev_type:exonerate/ID=match.2566964.3599/Target=lcl|NW_017264937_1_prot_XP_018269637_1_5040;exonerate},{ev_type:exonerate/ID=match.2566964.3603/Target=lcl|BJWK01000011_1_prot_GEM10476_1_4493;exonerate}
663259	663196	internal-	4	4	{GlimmerHMM_glimmerT_3929-T1;GlimmerHMM},{GeneMark_model.4194_t;GeneMark},{Augustus_model.g3276.t1;Augustus},{ev_type:exonerate/ID=match.2566964.3589/Target=lcl|PJQD01000050_1_prot_POY72376_1_5046;exonerate},{ev_type:exonerate/ID=match.2566964.3601/Target=lcl|LCTV02000006_1_prot_PRQ74293_1_6278;exonerate},{ev_type:exonerate/ID=match.2566964.3599/Target=lcl|NW_017264937_1_prot_XP_018269637_1_5040;exonerate},{ev_type:exonerate/ID=match.2566964.3603/Target=lcl|BJWK01000011_1_prot_GEM10476_1_4493;exonerate}
663329	663260	INTRON			{GlimmerHMM_glimmerT_3929-T1;GlimmerHMM},{GeneMark_model.4194_t;GeneMark},{Augustus_model.g3276.t1;Augustus},{ev_type:exonerate/ID=match.2566964.3589/Target=lcl|PJQD01000050_1_prot_POY72376_1_5046;exonerate},{ev_type:exonerate/ID=match.2566964.3601/Target=lcl|LCTV02000006_1_prot_PRQ74293_1_6278;exonerate},{ev_type:exonerate/ID=match.2566964.3599/Target=lcl|NW_017264937_1_prot_XP_018269637_1_5040;exonerate},{ev_type:exonerate/ID=match.2566964.3603/Target=lcl|BJWK01000011_1_prot_GEM10476_1_4493;exonerate}
663617	663330	internal-	4	6	{GlimmerHMM_glimmerT_3929-T1;GlimmerHMM},{GeneMark_model.4194_t;GeneMark},{Augustus_model.g3276.t1;Augustus},{ev_type:exonerate/ID=match.2566964.3589/Target=lcl|PJQD01000050_1_prot_POY72376_1_5046;exonerate},{ev_type:exonerate/ID=match.2566964.3601/Target=lcl|LCTV02000006_1_prot_PRQ74293_1_6278;exonerate},{ev_type:exonerate/ID=match.2566964.3599/Target=lcl|NW_017264937_1_prot_XP_018269637_1_5040;exonerate},{ev_type:exonerate/ID=match.2566964.3603/Target=lcl|BJWK01000011_1_prot_GEM10476_1_4493;exonerate}
663683	663618	INTRON			{GlimmerHMM_glimmerT_3929-T1;GlimmerHMM},{GeneMark_model.4194_t;GeneMark},{Augustus_model.g3276.t1;Augustus},{ev_type:exonerate/ID=match.2566964.3589/Target=lcl|PJQD01000050_1_prot_POY72376_1_5046;exonerate},{ev_type:exonerate/ID=match.2566964.3601/Target=lcl|LCTV02000006_1_prot_PRQ74293_1_6278;exonerate},{ev_type:exonerate/ID=match.2566964.3599/Target=lcl|NW_017264937_1_prot_XP_018269637_1_5040;exonerate},{ev_type:exonerate/ID=match.2566964.3603/Target=lcl|BJWK01000011_1_prot_GEM10476_1_4493;exonerate}
663761	663684	internal-	4	6	{GeneMark_model.4194_t;GeneMark},{Augustus_model.g3276.t1;Augustus},{ev_type:exonerate/ID=match.2566964.3601/Target=lcl|LCTV02000006_1_prot_PRQ74293_1_6278;exonerate},{ev_type:exonerate/ID=match.2566964.3599/Target=lcl|NW_017264937_1_prot_XP_018269637_1_5040;exonerate},{ev_type:exonerate/ID=match.2566964.3603/Target=lcl|BJWK01000011_1_prot_GEM10476_1_4493;exonerate}
663871	663762	INTRON			{GeneMark_model.4194_t;GeneMark},{Augustus_model.g3276.t1;Augustus},{ev_type:exonerate/ID=match.2566964.3601/Target=lcl|LCTV02000006_1_prot_PRQ74293_1_6278;exonerate},{ev_type:exonerate/ID=match.2566964.3599/Target=lcl|NW_017264937_1_prot_XP_018269637_1_5040;exonerate},{ev_type:exonerate/ID=match.2566964.3603/Target=lcl|BJWK01000011_1_prot_GEM10476_1_4493;exonerate}
663927	663872	internal-	5	6	{GeneMark_model.4194_t;GeneMark},{Augustus_model.g3276.t1;Augustus},{ev_type:exonerate/ID=match.2566964.3589/Target=lcl|PJQD01000050_1_prot_POY72376_1_5046;exonerate},{ev_type:exonerate/ID=match.2566964.3601/Target=lcl|LCTV02000006_1_prot_PRQ74293_1_6278;exonerate},{ev_type:exonerate/ID=match.2566964.3599/Target=lcl|NW_017264937_1_prot_XP_018269637_1_5040;exonerate},{ev_type:exonerate/ID=match.2566964.3603/Target=lcl|BJWK01000011_1_prot_GEM10476_1_4493;exonerate}
663985	663928	INTRON			{GeneMark_model.4194_t;GeneMark}
663992	663986	initial-	4	4	{GeneMark_model.4194_t;GeneMark}

# EVM prediction: Mode:STANDARD S-ratio: 2.59 664291-665852 orient(+) score(4561.00) noncoding_equivalent(1763.85) raw_noncoding(2191.63) offset(427.78)
664291	664625	initial+	1	2	{GlimmerHMM_glimmerT_3930-T1;GlimmerHMM},{GeneMark_model.4195_t;GeneMark}
664626	664694	INTRON			{GeneMark_model.4195_t;GeneMark}
664695	664760	internal+	3	2	{GeneMark_model.4195_t;GeneMark}
664761	664821	INTRON			{GeneMark_model.4195_t;GeneMark}
664822	665569	internal+	3	3	{GlimmerHMM_glimmerT_3930-T1;GlimmerHMM},{GeneMark_model.4195_t;GeneMark}
665570	665653	INTRON			{GlimmerHMM_glimmerT_3930-T1;GlimmerHMM},{Augustus_model.g3277.t1;Augustus},{GeneMark_model.4195_t;GeneMark}
665654	665725	internal+	1	3	{GlimmerHMM_glimmerT_3930-T1;GlimmerHMM},{Augustus_model.g3277.t1;Augustus},{GeneMark_model.4195_t;GeneMark}
665726	665795	INTRON			{GlimmerHMM_glimmerT_3930-T1;GlimmerHMM},{Augustus_model.g3277.t1;Augustus},{GeneMark_model.4195_t;GeneMark}
665796	665852	terminal+	1	3	{GlimmerHMM_glimmerT_3930-T1;GlimmerHMM},{Augustus_model.g3277.t1;Augustus},{GeneMark_model.4195_t;GeneMark}

# EVM prediction: Mode:STANDARD S-ratio: 4.57 666274-667903 orient(-) score(9356.00) noncoding_equivalent(2049.00) raw_noncoding(2242.00) offset(193.00)
666558	666274	terminal-	4	6	{GeneMark_model.4196_t;GeneMark},{HiQ_model.g3278.t1;HiQ},{GlimmerHMM_glimmerT_3931-T1;GlimmerHMM}
666630	666559	INTRON			{GeneMark_model.4196_t;GeneMark},{HiQ_model.g3278.t1;HiQ},{GlimmerHMM_glimmerT_3931-T1;GlimmerHMM},{ev_type:exonerate/ID=match.2566964.3517/Target=lcl|PJQD01000097_1_prot_POY70842_1_6974;exonerate}
666773	666631	internal-	5	6	{GeneMark_model.4196_t;GeneMark},{HiQ_model.g3278.t1;HiQ},{GlimmerHMM_glimmerT_3931-T1;GlimmerHMM},{ev_type:exonerate/ID=match.2566964.3517/Target=lcl|PJQD01000097_1_prot_POY70842_1_6974;exonerate}
666837	666774	INTRON			{GeneMark_model.4196_t;GeneMark},{HiQ_model.g3278.t1;HiQ},{GlimmerHMM_glimmerT_3931-T1;GlimmerHMM},{ev_type:exonerate/ID=match.2566964.3517/Target=lcl|PJQD01000097_1_prot_POY70842_1_6974;exonerate}
667903	666838	initial-	4	4	{GeneMark_model.4196_t;GeneMark},{HiQ_model.g3278.t1;HiQ},{GlimmerHMM_glimmerT_3931-T1;GlimmerHMM}

# EVM prediction: Mode:STANDARD S-ratio: 3.05 668345-676249 orient(+) score(25142.00) noncoding_equivalent(8236.72) raw_noncoding(10072.90) offset(1836.18)
668345	669489	initial+	1	2	{GeneMark_model.4197_t;GeneMark},{GlimmerHMM_glimmerT_3932-T1;GlimmerHMM}
669490	669554	INTRON			{Augustus_model.g3279.t1;Augustus},{GeneMark_model.4197_t;GeneMark},{GlimmerHMM_glimmerT_3932-T1;GlimmerHMM}
669555	670658	internal+	3	2	{Augustus_model.g3279.t1;Augustus},{GeneMark_model.4197_t;GeneMark},{GlimmerHMM_glimmerT_3932-T1;GlimmerHMM}
670659	670717	INTRON			{Augustus_model.g3279.t1;Augustus},{GeneMark_model.4197_t;GeneMark},{GlimmerHMM_glimmerT_3932-T1;GlimmerHMM}
670718	670773	internal+	3	1	{Augustus_model.g3279.t1;Augustus},{GeneMark_model.4197_t;GeneMark},{GlimmerHMM_glimmerT_3932-T1;GlimmerHMM}
670774	670835	INTRON			{Augustus_model.g3279.t1;Augustus},{GeneMark_model.4197_t;GeneMark},{GlimmerHMM_glimmerT_3932-T1;GlimmerHMM}
670836	670993	internal+	2	3	{Augustus_model.g3279.t1;Augustus},{GeneMark_model.4197_t;GeneMark},{GlimmerHMM_glimmerT_3932-T1;GlimmerHMM}
670994	671050	INTRON			{Augustus_model.g3279.t1;Augustus},{GeneMark_model.4197_t;GeneMark},{GlimmerHMM_glimmerT_3932-T1;GlimmerHMM}
671051	671150	internal+	1	1	{Augustus_model.g3279.t1;Augustus},{GeneMark_model.4197_t;GeneMark},{GlimmerHMM_glimmerT_3932-T1;GlimmerHMM}
671151	671210	INTRON			{Augustus_model.g3279.t1;Augustus},{GeneMark_model.4197_t;GeneMark},{GlimmerHMM_glimmerT_3932-T1;GlimmerHMM}
671211	671289	internal+	2	2	{Augustus_model.g3279.t1;Augustus},{GeneMark_model.4197_t;GeneMark},{GlimmerHMM_glimmerT_3932-T1;GlimmerHMM}
671290	671348	INTRON			{Augustus_model.g3279.t1;Augustus},{GeneMark_model.4197_t;GeneMark}
671349	671381	internal+	3	2	{Augustus_model.g3279.t1;Augustus},{GeneMark_model.4197_t;GeneMark}
671382	671442	INTRON			{Augustus_model.g3279.t1;Augustus},{GeneMark_model.4197_t;GeneMark}
671443	671496	internal+	3	2	{Augustus_model.g3279.t1;Augustus},{GeneMark_model.4197_t;GeneMark}
671497	671558	INTRON			{Augustus_model.g3279.t1;Augustus},{GeneMark_model.4197_t;GeneMark}
671559	671997	internal+	3	3	{Augustus_model.g3279.t1;Augustus},{GeneMark_model.4197_t;GeneMark}
671998	672052	INTRON			{Augustus_model.g3279.t1;Augustus},{GeneMark_model.4197_t;GeneMark}
672053	672232	internal+	1	3	{Augustus_model.g3279.t1;Augustus},{GeneMark_model.4197_t;GeneMark},{GlimmerHMM_glimmerT_3932-T1;GlimmerHMM}
672233	672292	INTRON			{Augustus_model.g3279.t1;Augustus},{GeneMark_model.4197_t;GeneMark},{GlimmerHMM_glimmerT_3932-T1;GlimmerHMM}
672293	672411	internal+	1	2	{Augustus_model.g3279.t1;Augustus},{GeneMark_model.4197_t;GeneMark},{GlimmerHMM_glimmerT_3932-T1;GlimmerHMM}
672412	672473	INTRON			{Augustus_model.g3279.t1;Augustus},{GeneMark_model.4197_t;GeneMark},{GlimmerHMM_glimmerT_3932-T1;GlimmerHMM}
672474	672510	internal+	3	3	{Augustus_model.g3279.t1;Augustus},{GeneMark_model.4197_t;GeneMark},{GlimmerHMM_glimmerT_3932-T1;GlimmerHMM}
672511	672571	INTRON			{Augustus_model.g3279.t1;Augustus},{GeneMark_model.4197_t;GeneMark},{GlimmerHMM_glimmerT_3932-T1;GlimmerHMM}
672572	673068	internal+	1	2	{GeneMark_model.4197_t;GeneMark},{GlimmerHMM_glimmerT_3932-T1;GlimmerHMM}
673069	673131	INTRON			{GeneMark_model.4197_t;GeneMark},{GlimmerHMM_glimmerT_3932-T1;GlimmerHMM}
673132	673426	internal+	3	3	{GeneMark_model.4197_t;GeneMark},{GlimmerHMM_glimmerT_3932-T1;GlimmerHMM}
673427	673483	INTRON			{Augustus_model.g3279.t1;Augustus},{GeneMark_model.4197_t;GeneMark},{GlimmerHMM_glimmerT_3932-T1;GlimmerHMM}
673484	673624	internal+	1	3	{Augustus_model.g3279.t1;Augustus},{GeneMark_model.4197_t;GeneMark},{GlimmerHMM_glimmerT_3932-T1;GlimmerHMM}
673625	673684	INTRON			{Augustus_model.g3279.t1;Augustus},{GeneMark_model.4197_t;GeneMark}
673685	673717	internal+	1	3	{Augustus_model.g3279.t1;Augustus},{GeneMark_model.4197_t;GeneMark}
673718	673781	INTRON			{Augustus_model.g3279.t1;Augustus},{GeneMark_model.4197_t;GeneMark}
673782	674031	internal+	1	1	{Augustus_model.g3279.t1;Augustus},{GeneMark_model.4197_t;GeneMark},{GlimmerHMM_glimmerT_3932-T1;GlimmerHMM}
674032	674089	INTRON			{Augustus_model.g3279.t1;Augustus},{GeneMark_model.4197_t;GeneMark},{GlimmerHMM_glimmerT_3932-T1;GlimmerHMM}
674090	674213	internal+	2	2	{Augustus_model.g3279.t1;Augustus},{GeneMark_model.4197_t;GeneMark},{GlimmerHMM_glimmerT_3932-T1;GlimmerHMM}
674214	674284	INTRON			{Augustus_model.g3279.t1;Augustus},{GeneMark_model.4197_t;GeneMark},{GlimmerHMM_glimmerT_3932-T1;GlimmerHMM}
674285	674436	internal+	3	1	{GeneMark_model.4197_t;GeneMark},{GlimmerHMM_glimmerT_3932-T1;GlimmerHMM}
674437	674500	INTRON			{GeneMark_model.4197_t;GeneMark},{GlimmerHMM_glimmerT_3932-T1;GlimmerHMM}
674501	674638	internal+	2	1	{Augustus_model.g3279.t1;Augustus},{GeneMark_model.4197_t;GeneMark},{GlimmerHMM_glimmerT_3932-T1;GlimmerHMM}
674639	674695	INTRON			{Augustus_model.g3279.t1;Augustus},{GeneMark_model.4197_t;GeneMark},{GlimmerHMM_glimmerT_3932-T1;GlimmerHMM}
674696	674960	internal+	2	2	{Augustus_model.g3279.t1;Augustus},{GeneMark_model.4197_t;GeneMark},{GlimmerHMM_glimmerT_3932-T1;GlimmerHMM}
674961	675021	INTRON			{Augustus_model.g3279.t1;Augustus},{GeneMark_model.4197_t;GeneMark},{GlimmerHMM_glimmerT_3932-T1;GlimmerHMM}
675022	675198	internal+	3	2	{Augustus_model.g3279.t1;Augustus},{GeneMark_model.4197_t;GeneMark}
675199	675255	INTRON			{Augustus_model.g3279.t1;Augustus},{GeneMark_model.4197_t;GeneMark}
675256	675395	internal+	3	1	{Augustus_model.g3279.t1;Augustus},{GeneMark_model.4197_t;GeneMark}
675396	675469	INTRON			{Augustus_model.g3279.t1;Augustus},{GeneMark_model.4197_t;GeneMark},{GlimmerHMM_glimmerT_3932-T1;GlimmerHMM}
675470	675651	internal+	2	3	{Augustus_model.g3279.t1;Augustus},{GeneMark_model.4197_t;GeneMark},{GlimmerHMM_glimmerT_3932-T1;GlimmerHMM}
675652	675706	INTRON			{Augustus_model.g3279.t1;Augustus},{GeneMark_model.4197_t;GeneMark},{GlimmerHMM_glimmerT_3932-T1;GlimmerHMM}
675707	676249	terminal+	1	3	{Augustus_model.g3279.t1;Augustus},{GeneMark_model.4197_t;GeneMark},{GlimmerHMM_glimmerT_3932-T1;GlimmerHMM}

# EVM prediction: Mode:STANDARD S-ratio: 3.15 676325-681301 orient(-) score(16116.00) noncoding_equivalent(5119.06) raw_noncoding(6366.00) offset(1246.94)
676505	676325	terminal-	6	6	{Augustus_model.g3280.t1;Augustus},{GeneMark_model.4198_t;GeneMark}
676565	676506	INTRON			{Augustus_model.g3280.t1;Augustus},{GeneMark_model.4198_t;GeneMark}
676796	676566	internal-	6	5	{Augustus_model.g3280.t1;Augustus},{GeneMark_model.4198_t;GeneMark}
676852	676797	INTRON			{Augustus_model.g3280.t1;Augustus},{GeneMark_model.4198_t;GeneMark}
677448	676853	internal-	4	5	{Augustus_model.g3280.t1;Augustus},{GeneMark_model.4198_t;GeneMark}
677509	677449	INTRON			{snap_scaffold_9-snap.288-T1;snap},{Augustus_model.g3280.t1;Augustus},{GlimmerHMM_glimmerT_3933-T1;GlimmerHMM},{GeneMark_model.4198_t;GeneMark}
677596	677510	internal-	4	6	{Augustus_model.g3280.t1;Augustus},{GlimmerHMM_glimmerT_3933-T1;GlimmerHMM},{GeneMark_model.4198_t;GeneMark}
677661	677597	INTRON			{Augustus_model.g3280.t1;Augustus},{GlimmerHMM_glimmerT_3933-T1;GlimmerHMM},{GeneMark_model.4198_t;GeneMark}
677749	677662	internal-	6	6	{Augustus_model.g3280.t1;Augustus},{GlimmerHMM_glimmerT_3933-T1;GlimmerHMM},{GeneMark_model.4198_t;GeneMark}
677815	677750	INTRON			{Augustus_model.g3280.t1;Augustus},{GeneMark_model.4198_t;GeneMark}
677899	677816	internal-	6	5	{Augustus_model.g3280.t1;Augustus},{GeneMark_model.4198_t;GeneMark}
677960	677900	INTRON			{Augustus_model.g3280.t1;Augustus},{GeneMark_model.4198_t;GeneMark}
678016	677961	internal-	4	5	{Augustus_model.g3280.t1;Augustus},{GeneMark_model.4198_t;GeneMark}
678079	678017	INTRON			{Augustus_model.g3280.t1;Augustus},{GeneMark_model.4198_t;GeneMark}
678235	678080	internal-	4	6	{Augustus_model.g3280.t1;Augustus},{GeneMark_model.4198_t;GeneMark}
678302	678236	INTRON			{Augustus_model.g3280.t1;Augustus},{GlimmerHMM_glimmerT_3933-T1;GlimmerHMM},{GeneMark_model.4198_t;GeneMark}
678571	678303	internal-	5	6	{Augustus_model.g3280.t1;Augustus},{GlimmerHMM_glimmerT_3933-T1;GlimmerHMM},{GeneMark_model.4198_t;GeneMark}
678642	678572	INTRON			{Augustus_model.g3280.t1;Augustus},{GlimmerHMM_glimmerT_3933-T1;GlimmerHMM},{GeneMark_model.4198_t;GeneMark}
678895	678643	internal-	4	4	{Augustus_model.g3280.t1;Augustus},{GlimmerHMM_glimmerT_3933-T1;GlimmerHMM},{GeneMark_model.4198_t;GeneMark}
678957	678896	INTRON			{Augustus_model.g3280.t1;Augustus},{GlimmerHMM_glimmerT_3933-T1;GlimmerHMM},{GeneMark_model.4198_t;GeneMark}
680354	678958	internal-	5	6	{Augustus_model.g3280.t1;Augustus},{GlimmerHMM_glimmerT_3933-T1;GlimmerHMM},{GeneMark_model.4198_t;GeneMark}
680414	680355	INTRON			{Augustus_model.g3280.t1;Augustus},{GlimmerHMM_glimmerT_3933-T1;GlimmerHMM},{GeneMark_model.4198_t;GeneMark},{snap_scaffold_9-snap.289-T1;snap}
680521	680415	internal-	6	4	{Augustus_model.g3280.t1;Augustus},{GlimmerHMM_glimmerT_3933-T1;GlimmerHMM},{GeneMark_model.4198_t;GeneMark}
680583	680522	INTRON			{Augustus_model.g3280.t1;Augustus},{GeneMark_model.4198_t;GeneMark}
680598	680584	internal-	6	5	{Augustus_model.g3280.t1;Augustus},{GeneMark_model.4198_t;GeneMark}
680667	680599	INTRON			{Augustus_model.g3280.t1;Augustus},{GeneMark_model.4198_t;GeneMark}
680793	680668	internal-	6	5	{Augustus_model.g3280.t1;Augustus},{GlimmerHMM_glimmerT_3933-T1;GlimmerHMM},{GeneMark_model.4198_t;GeneMark}
680867	680794	INTRON			{Augustus_model.g3280.t1;Augustus},{GlimmerHMM_glimmerT_3933-T1;GlimmerHMM},{GeneMark_model.4198_t;GeneMark}
681003	680868	internal-	5	5	{Augustus_model.g3280.t1;Augustus},{GlimmerHMM_glimmerT_3933-T1;GlimmerHMM},{GeneMark_model.4198_t;GeneMark}
681108	681004	INTRON			{Augustus_model.g3280.t1;Augustus},{GlimmerHMM_glimmerT_3933-T1;GlimmerHMM},{GeneMark_model.4198_t;GeneMark}
681301	681109	initial-	4	4	{Augustus_model.g3280.t1;Augustus},{GlimmerHMM_glimmerT_3933-T1;GlimmerHMM},{GeneMark_model.4198_t;GeneMark}

# EVM prediction: Mode:STANDARD S-ratio: 3.28 681997-684863 orient(+) score(9730.00) noncoding_equivalent(2967.47) raw_noncoding(3374.00) offset(406.53)
681997	682009	initial+	1	1	{GlimmerHMM_glimmerT_3934-T1;GlimmerHMM}
682010	682080	INTRON			{GlimmerHMM_glimmerT_3934-T1;GlimmerHMM},{GeneMark_model.4199_t;GeneMark},{Augustus_model.g3281.t1;Augustus}
682081	682371	internal+	2	1	{GlimmerHMM_glimmerT_3934-T1;GlimmerHMM},{GeneMark_model.4199_t;GeneMark},{Augustus_model.g3281.t1;Augustus}
682372	682438	INTRON			{GlimmerHMM_glimmerT_3934-T1;GlimmerHMM},{GeneMark_model.4199_t;GeneMark},{Augustus_model.g3281.t1;Augustus}
682439	682852	internal+	2	1	{GlimmerHMM_glimmerT_3934-T1;GlimmerHMM},{GeneMark_model.4199_t;GeneMark},{Augustus_model.g3281.t1;Augustus}
682853	682917	INTRON			{GlimmerHMM_glimmerT_3934-T1;GlimmerHMM},{GeneMark_model.4199_t;GeneMark},{Augustus_model.g3281.t1;Augustus}
682918	683415	internal+	2	1	{GlimmerHMM_glimmerT_3934-T1;GlimmerHMM},{GeneMark_model.4199_t;GeneMark},{Augustus_model.g3281.t1;Augustus}
683416	683486	INTRON			{GlimmerHMM_glimmerT_3934-T1;GlimmerHMM},{GeneMark_model.4199_t;GeneMark},{Augustus_model.g3281.t1;Augustus}
683487	683553	internal+	2	2	{GlimmerHMM_glimmerT_3934-T1;GlimmerHMM},{GeneMark_model.4199_t;GeneMark},{Augustus_model.g3281.t1;Augustus}
683554	683621	INTRON			{GlimmerHMM_glimmerT_3934-T1;GlimmerHMM},{GeneMark_model.4199_t;GeneMark},{Augustus_model.g3281.t1;Augustus}
683622	683746	internal+	3	1	{GlimmerHMM_glimmerT_3934-T1;GlimmerHMM},{GeneMark_model.4199_t;GeneMark},{Augustus_model.g3281.t1;Augustus}
683747	683830	INTRON			{GlimmerHMM_glimmerT_3934-T1;GlimmerHMM},{GeneMark_model.4199_t;GeneMark},{Augustus_model.g3281.t1;Augustus}
683831	684040	internal+	2	1	{GlimmerHMM_glimmerT_3934-T1;GlimmerHMM},{GeneMark_model.4199_t;GeneMark},{Augustus_model.g3281.t1;Augustus}
684041	684106	INTRON			{GlimmerHMM_glimmerT_3934-T1;GlimmerHMM},{GeneMark_model.4199_t;GeneMark},{Augustus_model.g3281.t1;Augustus}
684107	684313	internal+	2	1	{GlimmerHMM_glimmerT_3934-T1;GlimmerHMM},{GeneMark_model.4199_t;GeneMark},{Augustus_model.g3281.t1;Augustus}
684314	684384	INTRON			{snap_scaffold_9-snap.291-T1;snap},{GlimmerHMM_glimmerT_3934-T1;GlimmerHMM},{GeneMark_model.4199_t;GeneMark},{Augustus_model.g3281.t1;Augustus}
684385	684863	terminal+	2	3	{snap_scaffold_9-snap.291-T1;snap},{GlimmerHMM_glimmerT_3934-T1;GlimmerHMM},{GeneMark_model.4199_t;GeneMark},{Augustus_model.g3281.t1;Augustus}

# EVM prediction: Mode:STANDARD S-ratio: 2.18 685265-687580 orient(-) score(8010.00) noncoding_equivalent(3670.30) raw_noncoding(6192.00) offset(2521.70)
685286	685265	terminal-	6	6	{GeneMark_model.4200_t;GeneMark},{Augustus_model.g3282.t1;Augustus}
685349	685287	INTRON			{GeneMark_model.4200_t;GeneMark},{Augustus_model.g3282.t1;Augustus},{ev_type:exonerate/ID=match.2566964.1320/Target=lcl|PJQD01000047_1_prot_POY72720_1_4202;exonerate},{ev_type:exonerate/ID=match.2566964.1316/Target=lcl|KQ954503_1_prot_KWU42646_1_4979;exonerate}
685402	685350	internal-	4	5	{GeneMark_model.4200_t;GeneMark},{Augustus_model.g3282.t1;Augustus},{ev_type:exonerate/ID=match.2566964.1320/Target=lcl|PJQD01000047_1_prot_POY72720_1_4202;exonerate},{ev_type:exonerate/ID=match.2566964.1316/Target=lcl|KQ954503_1_prot_KWU42646_1_4979;exonerate}
685481	685403	INTRON			{GeneMark_model.4200_t;GeneMark},{GlimmerHMM_glimmerT_3935-T1;GlimmerHMM},{Augustus_model.g3282.t1;Augustus},{ev_type:exonerate/ID=match.2566964.1320/Target=lcl|PJQD01000047_1_prot_POY72720_1_4202;exonerate},{ev_type:exonerate/ID=match.2566964.1316/Target=lcl|KQ954503_1_prot_KWU42646_1_4979;exonerate}
685593	685482	internal-	6	6	{GeneMark_model.4200_t;GeneMark},{GlimmerHMM_glimmerT_3935-T1;GlimmerHMM},{Augustus_model.g3282.t1;Augustus},{ev_type:exonerate/ID=match.2566964.1320/Target=lcl|PJQD01000047_1_prot_POY72720_1_4202;exonerate},{ev_type:exonerate/ID=match.2566964.1316/Target=lcl|KQ954503_1_prot_KWU42646_1_4979;exonerate}
685655	685594	INTRON			{GeneMark_model.4200_t;GeneMark},{GlimmerHMM_glimmerT_3935-T1;GlimmerHMM},{Augustus_model.g3282.t1;Augustus},{ev_type:exonerate/ID=match.2566964.1320/Target=lcl|PJQD01000047_1_prot_POY72720_1_4202;exonerate},{ev_type:exonerate/ID=match.2566964.1316/Target=lcl|KQ954503_1_prot_KWU42646_1_4979;exonerate}
685939	685656	internal-	4	5	{GeneMark_model.4200_t;GeneMark},{GlimmerHMM_glimmerT_3935-T1;GlimmerHMM},{Augustus_model.g3282.t1;Augustus},{ev_type:exonerate/ID=match.2566964.1320/Target=lcl|PJQD01000047_1_prot_POY72720_1_4202;exonerate}
686081	685940	INTRON			{GlimmerHMM_glimmerT_3935-T1;GlimmerHMM},{ev_type:exonerate/ID=match.2566964.1320/Target=lcl|PJQD01000047_1_prot_POY72720_1_4202;exonerate}
686355	686082	internal-	6	6	{GeneMark_model.4200_t;GeneMark},{GlimmerHMM_glimmerT_3935-T1;GlimmerHMM},{Augustus_model.g3282.t1;Augustus},{ev_type:exonerate/ID=match.2566964.1320/Target=lcl|PJQD01000047_1_prot_POY72720_1_4202;exonerate},{ev_type:exonerate/ID=match.2566964.1316/Target=lcl|KQ954503_1_prot_KWU42646_1_4979;exonerate}
686439	686356	INTRON			{GeneMark_model.4200_t;GeneMark},{GlimmerHMM_glimmerT_3935-T1;GlimmerHMM},{Augustus_model.g3282.t1;Augustus},{ev_type:exonerate/ID=match.2566964.1320/Target=lcl|PJQD01000047_1_prot_POY72720_1_4202;exonerate},{ev_type:exonerate/ID=match.2566964.1316/Target=lcl|KQ954503_1_prot_KWU42646_1_4979;exonerate}
686471	686440	internal-	4	5	{GeneMark_model.4200_t;GeneMark},{GlimmerHMM_glimmerT_3935-T1;GlimmerHMM}
687385	686472	INTRON			{GeneMark_model.4200_t;GeneMark},{GlimmerHMM_glimmerT_3935-T1;GlimmerHMM}
687580	687386	initial-	4	6	{GeneMark_model.4200_t;GeneMark},{GlimmerHMM_glimmerT_3935-T1;GlimmerHMM}

# EVM prediction: Mode:STANDARD S-ratio: 2.79 688743-690663 orient(+) score(6082.00) noncoding_equivalent(2181.26) raw_noncoding(2617.00) offset(435.74)
688743	688791	initial+	1	1	{GlimmerHMM_glimmerT_3936-T1;GlimmerHMM}
688792	688867	INTRON			{GlimmerHMM_glimmerT_3936-T1;GlimmerHMM},{GeneMark_model.4201_t;GeneMark},{Augustus_model.g3283.t1;Augustus}
688868	689079	internal+	2	3	{GlimmerHMM_glimmerT_3936-T1;GlimmerHMM},{GeneMark_model.4201_t;GeneMark},{Augustus_model.g3283.t1;Augustus}
689080	689138	INTRON			{GlimmerHMM_glimmerT_3936-T1;GlimmerHMM},{GeneMark_model.4201_t;GeneMark},{Augustus_model.g3283.t1;Augustus}
689139	689330	internal+	1	3	{GlimmerHMM_glimmerT_3936-T1;GlimmerHMM},{GeneMark_model.4201_t;GeneMark},{Augustus_model.g3283.t1;Augustus}
689331	689398	INTRON			{GlimmerHMM_glimmerT_3936-T1;GlimmerHMM},{GeneMark_model.4201_t;GeneMark},{Augustus_model.g3283.t1;Augustus}
689399	689550	internal+	1	2	{GlimmerHMM_glimmerT_3936-T1;GlimmerHMM},{GeneMark_model.4201_t;GeneMark},{Augustus_model.g3283.t1;Augustus}
689551	689609	INTRON			{GeneMark_model.4201_t;GeneMark},{Augustus_model.g3283.t1;Augustus}
689610	690176	internal+	3	2	{GeneMark_model.4201_t;GeneMark},{Augustus_model.g3283.t1;Augustus}
690177	690272	INTRON			{GlimmerHMM_glimmerT_3936-T1;GlimmerHMM},{GeneMark_model.4201_t;GeneMark},{Augustus_model.g3283.t1;Augustus}
690273	690663	terminal+	3	3	{GlimmerHMM_glimmerT_3936-T1;GlimmerHMM},{snap_scaffold_9-snap.293-T1;snap},{GeneMark_model.4201_t;GeneMark},{Augustus_model.g3283.t1;Augustus}

# EVM prediction: Mode:STANDARD S-ratio: 2.21 690935-692495 orient(-) score(4646.00) noncoding_equivalent(2098.01) raw_noncoding(2653.00) offset(554.99)
691101	690935	terminal-	5	6	{snap_scaffold_9-snap.294-T1;snap},{Augustus_model.g3284.t1;Augustus},{GeneMark_model.4202_t;GeneMark},{GlimmerHMM_glimmerT_3937-T1;GlimmerHMM}
691174	691102	INTRON			{Augustus_model.g3284.t1;Augustus},{GeneMark_model.4202_t;GeneMark},{GlimmerHMM_glimmerT_3937-T1;GlimmerHMM}
691534	691175	internal-	5	4	{Augustus_model.g3284.t1;Augustus},{GeneMark_model.4202_t;GeneMark},{GlimmerHMM_glimmerT_3937-T1;GlimmerHMM}
691628	691535	INTRON			{Augustus_model.g3284.t1;Augustus},{GeneMark_model.4202_t;GeneMark},{GlimmerHMM_glimmerT_3937-T1;GlimmerHMM}
691692	691629	internal-	4	4	{Augustus_model.g3284.t1;Augustus},{GeneMark_model.4202_t;GeneMark},{GlimmerHMM_glimmerT_3937-T1;GlimmerHMM}
691782	691693	INTRON			{Augustus_model.g3284.t1;Augustus},{GeneMark_model.4202_t;GeneMark},{GlimmerHMM_glimmerT_3937-T1;GlimmerHMM}
692242	691783	internal-	6	6	{Augustus_model.g3284.t1;Augustus},{GeneMark_model.4202_t;GeneMark}
692312	692243	INTRON			{Augustus_model.g3284.t1;Augustus},{GeneMark_model.4202_t;GeneMark}
692365	692313	internal-	4	5	{Augustus_model.g3284.t1;Augustus},{GeneMark_model.4202_t;GeneMark}
692450	692366	INTRON			{Augustus_model.g3284.t1;Augustus},{GeneMark_model.4202_t;GeneMark}
692495	692451	initial-	4	6	{Augustus_model.g3284.t1;Augustus},{GeneMark_model.4202_t;GeneMark},{GlimmerHMM_glimmerT_3937-T1;GlimmerHMM}

# EVM prediction: Mode:STANDARD S-ratio: 2.05 693073-695585 orient(+) score(7498.00) noncoding_equivalent(3664.23) raw_noncoding(4844.00) offset(1179.77)
693073	693092	initial+	1	2	{GlimmerHMM_glimmerT_3938-T1;GlimmerHMM}
693093	693201	INTRON			{GlimmerHMM_glimmerT_3938-T1;GlimmerHMM},{GeneMark_model.4203_t;GeneMark},{Augustus_model.g3285.t1;Augustus}
693202	693369	internal+	3	2	{GlimmerHMM_glimmerT_3938-T1;GlimmerHMM},{GeneMark_model.4203_t;GeneMark},{Augustus_model.g3285.t1;Augustus}
693370	693436	INTRON			{GlimmerHMM_glimmerT_3938-T1;GlimmerHMM},{GeneMark_model.4203_t;GeneMark},{Augustus_model.g3285.t1;Augustus}
693437	693632	internal+	3	3	{GeneMark_model.4203_t;GeneMark},{Augustus_model.g3285.t1;Augustus}
693633	693692	INTRON			{GeneMark_model.4203_t;GeneMark},{Augustus_model.g3285.t1;Augustus}
693693	693743	internal+	1	3	{GeneMark_model.4203_t;GeneMark},{Augustus_model.g3285.t1;Augustus}
693744	693823	INTRON			{GeneMark_model.4203_t;GeneMark},{Augustus_model.g3285.t1;Augustus}
693824	693832	internal+	1	3	{snap_scaffold_9-snap.295-T1;snap},{GeneMark_model.4203_t;GeneMark},{Augustus_model.g3285.t1;Augustus}
693833	693918	INTRON			{GeneMark_model.4203_t;GeneMark},{Augustus_model.g3285.t1;Augustus}
693919	694008	internal+	1	3	{GeneMark_model.4203_t;GeneMark},{Augustus_model.g3285.t1;Augustus}
694009	694074	INTRON			{GlimmerHMM_glimmerT_3938-T1;GlimmerHMM},{GeneMark_model.4203_t;GeneMark},{Augustus_model.g3285.t1;Augustus}
694075	694331	internal+	1	2	{GlimmerHMM_glimmerT_3938-T1;GlimmerHMM},{GeneMark_model.4203_t;GeneMark},{Augustus_model.g3285.t1;Augustus}
694332	694396	INTRON			{GlimmerHMM_glimmerT_3938-T1;GlimmerHMM},{GeneMark_model.4203_t;GeneMark},{Augustus_model.g3285.t1;Augustus}
694397	694431	internal+	3	1	{GlimmerHMM_glimmerT_3938-T1;GlimmerHMM},{GeneMark_model.4203_t;GeneMark},{Augustus_model.g3285.t1;Augustus}
694432	694490	INTRON			{GlimmerHMM_glimmerT_3938-T1;GlimmerHMM},{GeneMark_model.4203_t;GeneMark},{Augustus_model.g3285.t1;Augustus}
694491	694606	internal+	2	3	{GlimmerHMM_glimmerT_3938-T1;GlimmerHMM},{GeneMark_model.4203_t;GeneMark},{Augustus_model.g3285.t1;Augustus}
694607	694677	INTRON			{GlimmerHMM_glimmerT_3938-T1;GlimmerHMM},{GeneMark_model.4203_t;GeneMark},{Augustus_model.g3285.t1;Augustus}
694678	694840	internal+	1	1	{GeneMark_model.4203_t;GeneMark},{Augustus_model.g3285.t1;Augustus}
694841	694913	INTRON			{GeneMark_model.4203_t;GeneMark},{Augustus_model.g3285.t1;Augustus}
694914	694945	internal+	2	3	{GeneMark_model.4203_t;GeneMark},{Augustus_model.g3285.t1;Augustus}
694946	695004	INTRON			{GeneMark_model.4203_t;GeneMark},{Augustus_model.g3285.t1;Augustus}
695005	695164	internal+	1	1	{GlimmerHMM_glimmerT_3938-T1;GlimmerHMM},{GeneMark_model.4203_t;GeneMark},{Augustus_model.g3285.t1;Augustus}
695165	695230	INTRON			{GlimmerHMM_glimmerT_3938-T1;GlimmerHMM},{GeneMark_model.4203_t;GeneMark},{Augustus_model.g3285.t1;Augustus}
695231	695372	internal+	2	2	{GlimmerHMM_glimmerT_3938-T1;GlimmerHMM},{GeneMark_model.4203_t;GeneMark},{Augustus_model.g3285.t1;Augustus}
695373	695443	INTRON			{GlimmerHMM_glimmerT_3938-T1;GlimmerHMM},{GeneMark_model.4203_t;GeneMark},{Augustus_model.g3285.t1;Augustus}
695444	695585	terminal+	3	3	{GlimmerHMM_glimmerT_3938-T1;GlimmerHMM},{GeneMark_model.4203_t;GeneMark},{Augustus_model.g3285.t1;Augustus}

# EVM prediction: Mode:STANDARD S-ratio: 2.05 695860-699953 orient(-) score(11255.00) noncoding_equivalent(5481.55) raw_noncoding(6326.00) offset(844.45)
696042	695860	terminal-	4	6	{GeneMark_model.4204_t;GeneMark},{GlimmerHMM_glimmerT_3939-T1;GlimmerHMM},{Augustus_model.g3286.t1;Augustus}
696108	696043	INTRON			{GeneMark_model.4204_t;GeneMark},{GlimmerHMM_glimmerT_3939-T1;GlimmerHMM},{Augustus_model.g3286.t1;Augustus}
696480	696109	internal-	4	6	{GeneMark_model.4204_t;GeneMark},{GlimmerHMM_glimmerT_3939-T1;GlimmerHMM},{Augustus_model.g3286.t1;Augustus}
696541	696481	INTRON			{GeneMark_model.4204_t;GeneMark},{GlimmerHMM_glimmerT_3939-T1;GlimmerHMM},{Augustus_model.g3286.t1;Augustus}
696847	696542	internal-	4	6	{GeneMark_model.4204_t;GeneMark},{GlimmerHMM_glimmerT_3939-T1;GlimmerHMM},{Augustus_model.g3286.t1;Augustus}
696907	696848	INTRON			{GeneMark_model.4204_t;GeneMark},{GlimmerHMM_glimmerT_3939-T1;GlimmerHMM},{Augustus_model.g3286.t1;Augustus}
697284	696908	internal-	5	6	{GeneMark_model.4204_t;GeneMark},{Augustus_model.g3286.t1;Augustus}
697345	697285	INTRON			{GeneMark_model.4204_t;GeneMark},{Augustus_model.g3286.t1;Augustus}
697467	697346	internal-	6	4	{GeneMark_model.4204_t;GeneMark},{GlimmerHMM_glimmerT_3939-T1;GlimmerHMM},{Augustus_model.g3286.t1;Augustus}
697538	697468	INTRON			{GeneMark_model.4204_t;GeneMark},{Augustus_model.g3286.t1;Augustus}
697698	697539	internal-	5	5	{GeneMark_model.4204_t;GeneMark},{Augustus_model.g3286.t1;Augustus}
697759	697699	INTRON			{GeneMark_model.4204_t;GeneMark},{Augustus_model.g3286.t1;Augustus}
697854	697760	internal-	6	4	{GeneMark_model.4204_t;GeneMark},{Augustus_model.g3286.t1;Augustus}
697916	697855	INTRON			{GeneMark_model.4204_t;GeneMark},{Augustus_model.g3286.t1;Augustus}
697989	697917	internal-	5	5	{GeneMark_model.4204_t;GeneMark},{Augustus_model.g3286.t1;Augustus}
698056	697990	INTRON			{GeneMark_model.4204_t;GeneMark},{Augustus_model.g3286.t1;Augustus}
699953	698057	initial-	4	4	{GeneMark_model.4204_t;GeneMark}

# EVM prediction: Mode:STANDARD S-ratio: 2.87 700505-705421 orient(-) score(24899.00) noncoding_equivalent(8683.19) raw_noncoding(11662.00) offset(2978.81)
700636	700505	terminal-	4	6	{GeneMark_model.4205_t;GeneMark},{GlimmerHMM_glimmerT_3940-T1;GlimmerHMM},{HiQ_model.g3287.t1;HiQ}
700703	700637	INTRON			{GeneMark_model.4205_t;GeneMark},{GlimmerHMM_glimmerT_3940-T1;GlimmerHMM},{HiQ_model.g3287.t1;HiQ},{ev_type:exonerate/ID=match.2566964.3495/Target=lcl|PJQD01000048_1_prot_POY72711_1_4609;exonerate}
701310	700704	internal-	6	6	{GeneMark_model.4205_t;GeneMark},{GlimmerHMM_glimmerT_3940-T1;GlimmerHMM},{HiQ_model.g3287.t1;HiQ},{ev_type:exonerate/ID=match.2566964.3495/Target=lcl|PJQD01000048_1_prot_POY72711_1_4609;exonerate}
701371	701311	INTRON			{GeneMark_model.4205_t;GeneMark},{HiQ_model.g3287.t1;HiQ},{ev_type:exonerate/ID=match.2566964.3495/Target=lcl|PJQD01000048_1_prot_POY72711_1_4609;exonerate}
701422	701372	internal-	6	5	{GeneMark_model.4205_t;GeneMark},{HiQ_model.g3287.t1;HiQ},{ev_type:exonerate/ID=match.2566964.3495/Target=lcl|PJQD01000048_1_prot_POY72711_1_4609;exonerate}
701502	701423	INTRON			{GeneMark_model.4205_t;GeneMark},{HiQ_model.g3287.t1;HiQ},{ev_type:exonerate/ID=match.2566964.3495/Target=lcl|PJQD01000048_1_prot_POY72711_1_4609;exonerate}
701600	701503	internal-	4	5	{GeneMark_model.4205_t;GeneMark},{GlimmerHMM_glimmerT_3940-T1;GlimmerHMM},{HiQ_model.g3287.t1;HiQ},{ev_type:exonerate/ID=match.2566964.3495/Target=lcl|PJQD01000048_1_prot_POY72711_1_4609;exonerate}
701664	701601	INTRON			{GeneMark_model.4205_t;GeneMark},{GlimmerHMM_glimmerT_3940-T1;GlimmerHMM},{HiQ_model.g3287.t1;HiQ},{ev_type:exonerate/ID=match.2566964.3495/Target=lcl|PJQD01000048_1_prot_POY72711_1_4609;exonerate}
701812	701665	internal-	6	6	{GeneMark_model.4205_t;GeneMark},{GlimmerHMM_glimmerT_3940-T1;GlimmerHMM},{HiQ_model.g3287.t1;HiQ},{ev_type:exonerate/ID=match.2566964.3495/Target=lcl|PJQD01000048_1_prot_POY72711_1_4609;exonerate}
701878	701813	INTRON			{GeneMark_model.4205_t;GeneMark},{GlimmerHMM_glimmerT_3940-T1;GlimmerHMM},{HiQ_model.g3287.t1;HiQ},{ev_type:exonerate/ID=match.2566964.3495/Target=lcl|PJQD01000048_1_prot_POY72711_1_4609;exonerate}
702032	701879	internal-	5	5	{GeneMark_model.4205_t;GeneMark},{GlimmerHMM_glimmerT_3940-T1;GlimmerHMM},{HiQ_model.g3287.t1;HiQ},{ev_type:exonerate/ID=match.2566964.3495/Target=lcl|PJQD01000048_1_prot_POY72711_1_4609;exonerate}
702101	702033	INTRON			{GeneMark_model.4205_t;GeneMark},{GlimmerHMM_glimmerT_3940-T1;GlimmerHMM},{HiQ_model.g3287.t1;HiQ},{ev_type:exonerate/ID=match.2566964.3495/Target=lcl|PJQD01000048_1_prot_POY72711_1_4609;exonerate}
702417	702102	internal-	4	4	{GeneMark_model.4205_t;GeneMark},{GlimmerHMM_glimmerT_3940-T1;GlimmerHMM},{HiQ_model.g3287.t1;HiQ},{ev_type:exonerate/ID=match.2566964.3495/Target=lcl|PJQD01000048_1_prot_POY72711_1_4609;exonerate}
702486	702418	INTRON			{GeneMark_model.4205_t;GeneMark},{GlimmerHMM_glimmerT_3940-T1;GlimmerHMM},{HiQ_model.g3287.t1;HiQ},{ev_type:exonerate/ID=match.2566964.3495/Target=lcl|PJQD01000048_1_prot_POY72711_1_4609;exonerate}
702760	702487	internal-	6	6	{GeneMark_model.4205_t;GeneMark},{HiQ_model.g3287.t1;HiQ},{ev_type:exonerate/ID=match.2566964.3495/Target=lcl|PJQD01000048_1_prot_POY72711_1_4609;exonerate}
702820	702761	INTRON			{GeneMark_model.4205_t;GeneMark},{HiQ_model.g3287.t1;HiQ},{ev_type:exonerate/ID=match.2566964.3495/Target=lcl|PJQD01000048_1_prot_POY72711_1_4609;exonerate}
703098	702821	internal-	4	5	{GeneMark_model.4205_t;GeneMark},{HiQ_model.g3287.t1;HiQ},{ev_type:exonerate/ID=match.2566964.3495/Target=lcl|PJQD01000048_1_prot_POY72711_1_4609;exonerate}
703163	703099	INTRON			{GeneMark_model.4205_t;GeneMark},{GlimmerHMM_glimmerT_3940-T1;GlimmerHMM},{HiQ_model.g3287.t1;HiQ},{ev_type:exonerate/ID=match.2566964.3495/Target=lcl|PJQD01000048_1_prot_POY72711_1_4609;exonerate}
703263	703164	internal-	6	6	{GeneMark_model.4205_t;GeneMark},{GlimmerHMM_glimmerT_3940-T1;GlimmerHMM},{HiQ_model.g3287.t1;HiQ},{ev_type:exonerate/ID=match.2566964.3495/Target=lcl|PJQD01000048_1_prot_POY72711_1_4609;exonerate}
703343	703264	INTRON			{GeneMark_model.4205_t;GeneMark},{GlimmerHMM_glimmerT_3940-T1;GlimmerHMM},{HiQ_model.g3287.t1;HiQ},{ev_type:exonerate/ID=match.2566964.3495/Target=lcl|PJQD01000048_1_prot_POY72711_1_4609;exonerate}
703697	703344	internal-	6	5	{GeneMark_model.4205_t;GeneMark},{HiQ_model.g3287.t1;HiQ},{ev_type:exonerate/ID=match.2566964.3495/Target=lcl|PJQD01000048_1_prot_POY72711_1_4609;exonerate}
703760	703698	INTRON			{GeneMark_model.4205_t;GeneMark},{HiQ_model.g3287.t1;HiQ},{ev_type:exonerate/ID=match.2566964.3495/Target=lcl|PJQD01000048_1_prot_POY72711_1_4609;exonerate}
703795	703761	internal-	4	5	{GeneMark_model.4205_t;GeneMark},{HiQ_model.g3287.t1;HiQ},{ev_type:exonerate/ID=match.2566964.3495/Target=lcl|PJQD01000048_1_prot_POY72711_1_4609;exonerate}
703857	703796	INTRON			{GeneMark_model.4205_t;GeneMark},{HiQ_model.g3287.t1;HiQ},{ev_type:exonerate/ID=match.2566964.3495/Target=lcl|PJQD01000048_1_prot_POY72711_1_4609;exonerate}
703875	703858	internal-	4	6	{GeneMark_model.4205_t;GeneMark},{HiQ_model.g3287.t1;HiQ},{ev_type:exonerate/ID=match.2566964.3495/Target=lcl|PJQD01000048_1_prot_POY72711_1_4609;exonerate}
703937	703876	INTRON			{GeneMark_model.4205_t;GeneMark},{HiQ_model.g3287.t1;HiQ},{ev_type:exonerate/ID=match.2566964.3495/Target=lcl|PJQD01000048_1_prot_POY72711_1_4609;exonerate}
704104	703938	internal-	5	6	{GeneMark_model.4205_t;GeneMark},{GlimmerHMM_glimmerT_3940-T1;GlimmerHMM},{HiQ_model.g3287.t1;HiQ},{ev_type:exonerate/ID=match.2566964.3495/Target=lcl|PJQD01000048_1_prot_POY72711_1_4609;exonerate}
704177	704105	INTRON			{GeneMark_model.4205_t;GeneMark},{GlimmerHMM_glimmerT_3940-T1;GlimmerHMM},{HiQ_model.g3287.t1;HiQ},{ev_type:exonerate/ID=match.2566964.3495/Target=lcl|PJQD01000048_1_prot_POY72711_1_4609;exonerate}
704251	704178	internal-	6	4	{GeneMark_model.4205_t;GeneMark},{GlimmerHMM_glimmerT_3940-T1;GlimmerHMM},{HiQ_model.g3287.t1;HiQ},{ev_type:exonerate/ID=match.2566964.3495/Target=lcl|PJQD01000048_1_prot_POY72711_1_4609;exonerate}
704322	704252	INTRON			{GeneMark_model.4205_t;GeneMark},{GlimmerHMM_glimmerT_3940-T1;GlimmerHMM},{HiQ_model.g3287.t1;HiQ},{ev_type:exonerate/ID=match.2566964.3495/Target=lcl|PJQD01000048_1_prot_POY72711_1_4609;exonerate}
704384	704323	internal-	4	5	{GeneMark_model.4205_t;GeneMark},{GlimmerHMM_glimmerT_3940-T1;GlimmerHMM},{HiQ_model.g3287.t1;HiQ},{ev_type:exonerate/ID=match.2566964.3495/Target=lcl|PJQD01000048_1_prot_POY72711_1_4609;exonerate}
704444	704385	INTRON			{GeneMark_model.4205_t;GeneMark},{GlimmerHMM_glimmerT_3940-T1;GlimmerHMM},{HiQ_model.g3287.t1;HiQ},{ev_type:exonerate/ID=match.2566964.3495/Target=lcl|PJQD01000048_1_prot_POY72711_1_4609;exonerate}
704530	704445	internal-	5	6	{GeneMark_model.4205_t;GeneMark},{GlimmerHMM_glimmerT_3940-T1;GlimmerHMM},{HiQ_model.g3287.t1;HiQ},{ev_type:exonerate/ID=match.2566964.3495/Target=lcl|PJQD01000048_1_prot_POY72711_1_4609;exonerate}
704591	704531	INTRON			{GeneMark_model.4205_t;GeneMark},{GlimmerHMM_glimmerT_3940-T1;GlimmerHMM},{HiQ_model.g3287.t1;HiQ},{ev_type:exonerate/ID=match.2566964.3495/Target=lcl|PJQD01000048_1_prot_POY72711_1_4609;exonerate}
704791	704592	internal-	6	4	{GeneMark_model.4205_t;GeneMark},{GlimmerHMM_glimmerT_3940-T1;GlimmerHMM},{HiQ_model.g3287.t1;HiQ},{ev_type:exonerate/ID=match.2566964.3495/Target=lcl|PJQD01000048_1_prot_POY72711_1_4609;exonerate}
704854	704792	INTRON			{GeneMark_model.4205_t;GeneMark},{GlimmerHMM_glimmerT_3940-T1;GlimmerHMM},{HiQ_model.g3287.t1;HiQ},{ev_type:exonerate/ID=match.2566964.3495/Target=lcl|PJQD01000048_1_prot_POY72711_1_4609;exonerate}
704931	704855	internal-	4	5	{GeneMark_model.4205_t;GeneMark},{GlimmerHMM_glimmerT_3940-T1;GlimmerHMM},{HiQ_model.g3287.t1;HiQ},{ev_type:exonerate/ID=match.2566964.3495/Target=lcl|PJQD01000048_1_prot_POY72711_1_4609;exonerate}
705000	704932	INTRON			{GeneMark_model.4205_t;GeneMark},{GlimmerHMM_glimmerT_3940-T1;GlimmerHMM},{HiQ_model.g3287.t1;HiQ},{ev_type:exonerate/ID=match.2566964.3495/Target=lcl|PJQD01000048_1_prot_POY72711_1_4609;exonerate}
705122	705001	internal-	5	6	{GeneMark_model.4205_t;GeneMark},{GlimmerHMM_glimmerT_3940-T1;GlimmerHMM},{HiQ_model.g3287.t1;HiQ},{ev_type:exonerate/ID=match.2566964.3495/Target=lcl|PJQD01000048_1_prot_POY72711_1_4609;exonerate}
705282	705123	INTRON			{GeneMark_model.4205_t;GeneMark},{GlimmerHMM_glimmerT_3940-T1;GlimmerHMM},{HiQ_model.g3287.t1;HiQ},{ev_type:exonerate/ID=match.2566964.3495/Target=lcl|PJQD01000048_1_prot_POY72711_1_4609;exonerate}
705421	705283	initial-	4	4	{GeneMark_model.4205_t;GeneMark},{GlimmerHMM_glimmerT_3940-T1;GlimmerHMM},{HiQ_model.g3287.t1;HiQ}

# EVM prediction: Mode:STANDARD S-ratio: 4.00 705783-710029 orient(+) score(13806.00) noncoding_equivalent(3451.52) raw_noncoding(5214.00) offset(1762.48)
705783	705788	initial+	1	3	{GlimmerHMM_glimmerT_3941-T1;GlimmerHMM},{snap_scaffold_9-snap.299-T1;snap}
705789	706004	INTRON			{GlimmerHMM_glimmerT_3941-T1;GlimmerHMM}
706005	706103	internal+	1	3	{GlimmerHMM_glimmerT_3941-T1;GlimmerHMM},{GeneMark_model.4206_t;GeneMark}
706104	706165	INTRON			{Augustus_model.g3288.t1;Augustus},{GeneMark_model.4206_t;GeneMark}
706166	706188	internal+	1	2	{Augustus_model.g3288.t1;Augustus},{GeneMark_model.4206_t;GeneMark}
706189	706257	INTRON			{Augustus_model.g3288.t1;Augustus},{GeneMark_model.4206_t;GeneMark}
706258	706282	internal+	3	3	{Augustus_model.g3288.t1;Augustus},{GeneMark_model.4206_t;GeneMark}
706283	706342	INTRON			{Augustus_model.g3288.t1;Augustus},{GeneMark_model.4206_t;GeneMark}
706343	706435	internal+	1	3	{Augustus_model.g3288.t1;Augustus}
706436	706521	INTRON			{Augustus_model.g3288.t1;Augustus}
706522	706527	internal+	1	3	{Augustus_model.g3288.t1;Augustus},{snap_scaffold_9-snap.299-T1;snap}
706528	706609	INTRON			{Augustus_model.g3288.t1;Augustus},{snap_scaffold_9-snap.299-T1;snap}
706610	708086	internal+	1	1	{GlimmerHMM_glimmerT_3941-T1;GlimmerHMM},{GeneMark_model.4206_t;GeneMark}
708087	708150	INTRON			{Augustus_model.g3288.t1;Augustus},{GlimmerHMM_glimmerT_3941-T1;GlimmerHMM},{GeneMark_model.4206_t;GeneMark}
708151	708389	internal+	2	3	{Augustus_model.g3288.t1;Augustus},{GlimmerHMM_glimmerT_3941-T1;GlimmerHMM},{GeneMark_model.4206_t;GeneMark}
708390	708460	INTRON			{Augustus_model.g3288.t1;Augustus},{GlimmerHMM_glimmerT_3941-T1;GlimmerHMM},{GeneMark_model.4206_t;GeneMark}
708461	708510	internal+	1	2	{Augustus_model.g3288.t1;Augustus},{GlimmerHMM_glimmerT_3941-T1;GlimmerHMM},{GeneMark_model.4206_t;GeneMark}
708511	708572	INTRON			{Augustus_model.g3288.t1;Augustus},{GlimmerHMM_glimmerT_3941-T1;GlimmerHMM},{GeneMark_model.4206_t;GeneMark}
708573	708742	internal+	3	1	{Augustus_model.g3288.t1;Augustus},{GlimmerHMM_glimmerT_3941-T1;GlimmerHMM},{GeneMark_model.4206_t;GeneMark}
708743	708799	INTRON			{Augustus_model.g3288.t1;Augustus},{GlimmerHMM_glimmerT_3941-T1;GlimmerHMM},{GeneMark_model.4206_t;GeneMark}
708800	708892	internal+	2	1	{Augustus_model.g3288.t1;Augustus},{GlimmerHMM_glimmerT_3941-T1;GlimmerHMM},{GeneMark_model.4206_t;GeneMark}
708893	708954	INTRON			{Augustus_model.g3288.t1;Augustus},{GlimmerHMM_glimmerT_3941-T1;GlimmerHMM},{GeneMark_model.4206_t;GeneMark}
708955	709099	internal+	2	2	{Augustus_model.g3288.t1;Augustus},{GlimmerHMM_glimmerT_3941-T1;GlimmerHMM},{GeneMark_model.4206_t;GeneMark}
709100	709174	INTRON			{Augustus_model.g3288.t1;Augustus},{GlimmerHMM_glimmerT_3941-T1;GlimmerHMM},{GeneMark_model.4206_t;GeneMark}
709175	709578	internal+	3	1	{Augustus_model.g3288.t1;Augustus},{GlimmerHMM_glimmerT_3941-T1;GlimmerHMM},{GeneMark_model.4206_t;GeneMark}
709579	709643	INTRON			{Augustus_model.g3288.t1;Augustus},{GlimmerHMM_glimmerT_3941-T1;GlimmerHMM},{GeneMark_model.4206_t;GeneMark}
709644	710029	terminal+	2	3	{snap_scaffold_9-snap.300-T1;snap},{Augustus_model.g3288.t1;Augustus},{GlimmerHMM_glimmerT_3941-T1;GlimmerHMM},{GeneMark_model.4206_t;GeneMark}

# EVM prediction: Mode:STANDARD S-ratio: 5.21 710283-711530 orient(+) score(8389.00) noncoding_equivalent(1608.79) raw_noncoding(2040.00) offset(431.21)
710283	710303	initial+	1	3	{Augustus_model.g3289.t1;Augustus},{GeneMark_model.4207_t;GeneMark}
710304	710406	INTRON			{Augustus_model.g3289.t1;Augustus},{GeneMark_model.4207_t;GeneMark},{ev_type:exonerate/ID=match.2566964.3569/Target=lcl|NW_017264934_1_prot_XP_018270830_1_3797;exonerate}
710407	710643	internal+	1	3	{Augustus_model.g3289.t1;Augustus},{GeneMark_model.4207_t;GeneMark},{ev_type:exonerate/ID=match.2566964.3569/Target=lcl|NW_017264934_1_prot_XP_018270830_1_3797;exonerate}
710644	710701	INTRON			{Augustus_model.g3289.t1;Augustus},{GeneMark_model.4207_t;GeneMark},{ev_type:exonerate/ID=match.2566964.3557/Target=lcl|PJQD01000028_1_prot_POY74193_1_2806;exonerate},{ev_type:exonerate/ID=match.2566964.3560/Target=lcl|KQ954490_1_prot_KWU43411_1_4196;exonerate},{ev_type:exonerate/ID=match.2566964.3569/Target=lcl|NW_017264934_1_prot_XP_018270830_1_3797;exonerate},{ev_type:exonerate/ID=match.2566964.3573/Target=lcl|LCTV02000002_1_prot_PRQ76570_1_3620;exonerate}
710702	710792	internal+	1	1	{Augustus_model.g3289.t1;Augustus},{GeneMark_model.4207_t;GeneMark},{ev_type:exonerate/ID=match.2566964.3557/Target=lcl|PJQD01000028_1_prot_POY74193_1_2806;exonerate},{ev_type:exonerate/ID=match.2566964.3560/Target=lcl|KQ954490_1_prot_KWU43411_1_4196;exonerate},{ev_type:exonerate/ID=match.2566964.3569/Target=lcl|NW_017264934_1_prot_XP_018270830_1_3797;exonerate},{ev_type:exonerate/ID=match.2566964.3573/Target=lcl|LCTV02000002_1_prot_PRQ76570_1_3620;exonerate}
710793	710860	INTRON			{Augustus_model.g3289.t1;Augustus},{GlimmerHMM_glimmerT_3942-T1;GlimmerHMM},{GeneMark_model.4207_t;GeneMark},{ev_type:exonerate/ID=match.2566964.3557/Target=lcl|PJQD01000028_1_prot_POY74193_1_2806;exonerate},{ev_type:exonerate/ID=match.2566964.3560/Target=lcl|KQ954490_1_prot_KWU43411_1_4196;exonerate},{ev_type:exonerate/ID=match.2566964.3569/Target=lcl|NW_017264934_1_prot_XP_018270830_1_3797;exonerate},{ev_type:exonerate/ID=match.2566964.3573/Target=lcl|LCTV02000002_1_prot_PRQ76570_1_3620;exonerate}
710861	711159	internal+	2	3	{Augustus_model.g3289.t1;Augustus},{GlimmerHMM_glimmerT_3942-T1;GlimmerHMM},{GeneMark_model.4207_t;GeneMark},{ev_type:exonerate/ID=match.2566964.3557/Target=lcl|PJQD01000028_1_prot_POY74193_1_2806;exonerate},{ev_type:exonerate/ID=match.2566964.3560/Target=lcl|KQ954490_1_prot_KWU43411_1_4196;exonerate},{ev_type:exonerate/ID=match.2566964.3569/Target=lcl|NW_017264934_1_prot_XP_018270830_1_3797;exonerate},{ev_type:exonerate/ID=match.2566964.3573/Target=lcl|LCTV02000002_1_prot_PRQ76570_1_3620;exonerate}
711160	711244	INTRON			{Augustus_model.g3289.t1;Augustus},{GlimmerHMM_glimmerT_3942-T1;GlimmerHMM},{GeneMark_model.4207_t;GeneMark},{ev_type:exonerate/ID=match.2566964.3557/Target=lcl|PJQD01000028_1_prot_POY74193_1_2806;exonerate},{ev_type:exonerate/ID=match.2566964.3560/Target=lcl|KQ954490_1_prot_KWU43411_1_4196;exonerate},{ev_type:exonerate/ID=match.2566964.3569/Target=lcl|NW_017264934_1_prot_XP_018270830_1_3797;exonerate},{ev_type:exonerate/ID=match.2566964.3573/Target=lcl|LCTV02000002_1_prot_PRQ76570_1_3620;exonerate}
711245	711427	internal+	1	3	{Augustus_model.g3289.t1;Augustus},{GlimmerHMM_glimmerT_3942-T1;GlimmerHMM},{GeneMark_model.4207_t;GeneMark},{ev_type:exonerate/ID=match.2566964.3557/Target=lcl|PJQD01000028_1_prot_POY74193_1_2806;exonerate},{ev_type:exonerate/ID=match.2566964.3560/Target=lcl|KQ954490_1_prot_KWU43411_1_4196;exonerate},{ev_type:exonerate/ID=match.2566964.3569/Target=lcl|NW_017264934_1_prot_XP_018270830_1_3797;exonerate},{ev_type:exonerate/ID=match.2566964.3573/Target=lcl|LCTV02000002_1_prot_PRQ76570_1_3620;exonerate}
711428	711488	INTRON			{Augustus_model.g3289.t1;Augustus},{GlimmerHMM_glimmerT_3942-T1;GlimmerHMM},{GeneMark_model.4207_t;GeneMark},{ev_type:exonerate/ID=match.2566964.3557/Target=lcl|PJQD01000028_1_prot_POY74193_1_2806;exonerate},{ev_type:exonerate/ID=match.2566964.3560/Target=lcl|KQ954490_1_prot_KWU43411_1_4196;exonerate},{ev_type:exonerate/ID=match.2566964.3569/Target=lcl|NW_017264934_1_prot_XP_018270830_1_3797;exonerate},{ev_type:exonerate/ID=match.2566964.3573/Target=lcl|LCTV02000002_1_prot_PRQ76570_1_3620;exonerate}
711489	711530	terminal+	1	3	{Augustus_model.g3289.t1;Augustus},{GlimmerHMM_glimmerT_3942-T1;GlimmerHMM},{GeneMark_model.4207_t;GeneMark}

# EVM prediction: Mode:STANDARD S-ratio: 2.50 711816-713707 orient(-) score(5763.00) noncoding_equivalent(2303.90) raw_noncoding(2816.00) offset(512.10)
712135	711816	terminal-	5	6	{GlimmerHMM_glimmerT_3943-T1;GlimmerHMM},{Augustus_model.g3290.t1;Augustus},{GeneMark_model.4208_t;GeneMark}
712197	712136	INTRON			{GlimmerHMM_glimmerT_3943-T1;GlimmerHMM},{Augustus_model.g3290.t1;Augustus},{GeneMark_model.4208_t;GeneMark}
712310	712198	internal-	6	4	{GlimmerHMM_glimmerT_3943-T1;GlimmerHMM},{Augustus_model.g3290.t1;Augustus},{GeneMark_model.4208_t;GeneMark}
712371	712311	INTRON			{Augustus_model.g3290.t1;Augustus},{GeneMark_model.4208_t;GeneMark}
712461	712372	internal-	6	5	{Augustus_model.g3290.t1;Augustus},{GeneMark_model.4208_t;GeneMark}
712527	712462	INTRON			{Augustus_model.g3290.t1;Augustus},{GeneMark_model.4208_t;GeneMark}
713105	712528	internal-	4	5	{GlimmerHMM_glimmerT_3943-T1;GlimmerHMM},{Augustus_model.g3290.t1;Augustus},{GeneMark_model.4208_t;GeneMark}
713166	713106	INTRON			{GlimmerHMM_glimmerT_3943-T1;GlimmerHMM},{Augustus_model.g3290.t1;Augustus},{GeneMark_model.4208_t;GeneMark}
713234	713167	internal-	5	6	{GlimmerHMM_glimmerT_3943-T1;GlimmerHMM},{Augustus_model.g3290.t1;Augustus},{GeneMark_model.4208_t;GeneMark}
713303	713235	INTRON			{GlimmerHMM_glimmerT_3943-T1;GlimmerHMM},{Augustus_model.g3290.t1;Augustus},{GeneMark_model.4208_t;GeneMark}
713531	713304	internal-	5	4	{GlimmerHMM_glimmerT_3943-T1;GlimmerHMM},{Augustus_model.g3290.t1;Augustus},{GeneMark_model.4208_t;GeneMark}
713598	713532	INTRON			{GlimmerHMM_glimmerT_3943-T1;GlimmerHMM},{Augustus_model.g3290.t1;Augustus},{GeneMark_model.4208_t;GeneMark}
713707	713599	initial-	4	4	{GlimmerHMM_glimmerT_3943-T1;GlimmerHMM},{GeneMark_model.4208_t;GeneMark}

# EVM prediction: Mode:STANDARD S-ratio: 2.38 713965-714480 orient(+) score(1548.00) noncoding_equivalent(650.00) raw_noncoding(723.00) offset(73.00)
713965	714193	initial+	1	1	{Augustus_model.g3291.t1;Augustus},{GeneMark_model.4209_t;GeneMark},{GlimmerHMM_glimmerT_3944-T1;GlimmerHMM}
714194	714262	INTRON			{Augustus_model.g3291.t1;Augustus},{GeneMark_model.4209_t;GeneMark},{GlimmerHMM_glimmerT_3944-T1;GlimmerHMM}
714263	714480	terminal+	2	3	{Augustus_model.g3291.t1;Augustus},{GeneMark_model.4209_t;GeneMark},{GlimmerHMM_glimmerT_3944-T1;GlimmerHMM}

# EVM prediction: Mode:STANDARD S-ratio: 2.39 714992-715807 orient(-) score(3826.00) noncoding_equivalent(1602.89) raw_noncoding(2328.00) offset(725.11)
715068	714992	terminal-	5	6	{HiQ_model.g3292.t1;HiQ},{GeneMark_model.4210_t;GeneMark},{GlimmerHMM_glimmerT_3945-T1;GlimmerHMM}
715138	715069	INTRON			{HiQ_model.g3292.t1;HiQ},{GeneMark_model.4210_t;GeneMark},{ev_type:exonerate/ID=match.2566964.3628/Target=lcl|PJQD01000028_1_prot_POY74192_1_2804;exonerate}
715244	715139	internal-	4	4	{HiQ_model.g3292.t1;HiQ},{GeneMark_model.4210_t;GeneMark},{ev_type:exonerate/ID=match.2566964.3628/Target=lcl|PJQD01000028_1_prot_POY74192_1_2804;exonerate}
715316	715245	INTRON			{HiQ_model.g3292.t1;HiQ},{GeneMark_model.4210_t;GeneMark},{ev_type:exonerate/ID=match.2566964.3628/Target=lcl|PJQD01000028_1_prot_POY74192_1_2804;exonerate}
715420	715317	internal-	5	6	{HiQ_model.g3292.t1;HiQ},{GeneMark_model.4210_t;GeneMark},{ev_type:exonerate/ID=match.2566964.3628/Target=lcl|PJQD01000028_1_prot_POY74192_1_2804;exonerate}
715504	715421	INTRON			{HiQ_model.g3292.t1;HiQ},{GeneMark_model.4210_t;GeneMark},{GlimmerHMM_glimmerT_3945-T1;GlimmerHMM},{ev_type:exonerate/ID=match.2566964.3628/Target=lcl|PJQD01000028_1_prot_POY74192_1_2804;exonerate}
715550	715505	internal-	4	4	{HiQ_model.g3292.t1;HiQ},{GeneMark_model.4210_t;GeneMark},{GlimmerHMM_glimmerT_3945-T1;GlimmerHMM},{ev_type:exonerate/ID=match.2566964.3628/Target=lcl|PJQD01000028_1_prot_POY74192_1_2804;exonerate}
715621	715551	INTRON			{HiQ_model.g3292.t1;HiQ},{GeneMark_model.4210_t;GeneMark},{GlimmerHMM_glimmerT_3945-T1;GlimmerHMM},{ev_type:exonerate/ID=match.2566964.3628/Target=lcl|PJQD01000028_1_prot_POY74192_1_2804;exonerate}
715807	715622	initial-	4	6	{HiQ_model.g3292.t1;HiQ},{GeneMark_model.4210_t;GeneMark},{GlimmerHMM_glimmerT_3945-T1;GlimmerHMM}

# EVM prediction: Mode:STANDARD S-ratio: 5.34 716174-718474 orient(+) score(12130.00) noncoding_equivalent(2270.80) raw_noncoding(2691.00) offset(420.20)
716174	716461	initial+	1	3	{Augustus_model.g3293.t1;Augustus},{GeneMark_model.4211_t;GeneMark}
716462	716521	INTRON			{Augustus_model.g3293.t1;Augustus},{GeneMark_model.4211_t;GeneMark},{GlimmerHMM_glimmerT_3946-T1;GlimmerHMM},{ev_type:exonerate/ID=match.2566964.3511/Target=lcl|KQ954490_1_prot_KWU43410_1_4195;exonerate},{ev_type:exonerate/ID=match.2566964.3506/Target=lcl|PJQD01000028_1_prot_POY74191_1_2805;exonerate}
716522	716768	internal+	1	1	{Augustus_model.g3293.t1;Augustus},{GeneMark_model.4211_t;GeneMark},{GlimmerHMM_glimmerT_3946-T1;GlimmerHMM},{ev_type:exonerate/ID=match.2566964.3511/Target=lcl|KQ954490_1_prot_KWU43410_1_4195;exonerate},{ev_type:exonerate/ID=match.2566964.3506/Target=lcl|PJQD01000028_1_prot_POY74191_1_2805;exonerate}
716769	716833	INTRON			{Augustus_model.g3293.t1;Augustus},{GeneMark_model.4211_t;GeneMark},{GlimmerHMM_glimmerT_3946-T1;GlimmerHMM},{ev_type:exonerate/ID=match.2566964.3511/Target=lcl|KQ954490_1_prot_KWU43410_1_4195;exonerate},{ev_type:exonerate/ID=match.2566964.3506/Target=lcl|PJQD01000028_1_prot_POY74191_1_2805;exonerate}
716834	716901	internal+	2	3	{Augustus_model.g3293.t1;Augustus},{GeneMark_model.4211_t;GeneMark},{ev_type:exonerate/ID=match.2566964.3511/Target=lcl|KQ954490_1_prot_KWU43410_1_4195;exonerate},{ev_type:exonerate/ID=match.2566964.3506/Target=lcl|PJQD01000028_1_prot_POY74191_1_2805;exonerate}
716902	716964	INTRON			{Augustus_model.g3293.t1;Augustus},{GeneMark_model.4211_t;GeneMark},{ev_type:exonerate/ID=match.2566964.3511/Target=lcl|KQ954490_1_prot_KWU43410_1_4195;exonerate},{ev_type:exonerate/ID=match.2566964.3506/Target=lcl|PJQD01000028_1_prot_POY74191_1_2805;exonerate}
716965	717028	internal+	1	1	{Augustus_model.g3293.t1;Augustus},{GeneMark_model.4211_t;GeneMark},{ev_type:exonerate/ID=match.2566964.3511/Target=lcl|KQ954490_1_prot_KWU43410_1_4195;exonerate},{ev_type:exonerate/ID=match.2566964.3506/Target=lcl|PJQD01000028_1_prot_POY74191_1_2805;exonerate}
717029	717093	INTRON			{Augustus_model.g3293.t1;Augustus},{GeneMark_model.4211_t;GeneMark},{GlimmerHMM_glimmerT_3946-T1;GlimmerHMM},{ev_type:exonerate/ID=match.2566964.3506/Target=lcl|PJQD01000028_1_prot_POY74191_1_2805;exonerate}
717094	717123	internal+	2	1	{Augustus_model.g3293.t1;Augustus},{GeneMark_model.4211_t;GeneMark},{GlimmerHMM_glimmerT_3946-T1;GlimmerHMM},{ev_type:exonerate/ID=match.2566964.3506/Target=lcl|PJQD01000028_1_prot_POY74191_1_2805;exonerate}
717124	717187	INTRON			{Augustus_model.g3293.t1;Augustus},{GeneMark_model.4211_t;GeneMark},{GlimmerHMM_glimmerT_3946-T1;GlimmerHMM},{ev_type:exonerate/ID=match.2566964.3506/Target=lcl|PJQD01000028_1_prot_POY74191_1_2805;exonerate}
717188	717493	internal+	2	1	{Augustus_model.g3293.t1;Augustus},{GeneMark_model.4211_t;GeneMark},{GlimmerHMM_glimmerT_3946-T1;GlimmerHMM},{ev_type:exonerate/ID=match.2566964.3511/Target=lcl|KQ954490_1_prot_KWU43410_1_4195;exonerate},{ev_type:exonerate/ID=match.2566964.3506/Target=lcl|PJQD01000028_1_prot_POY74191_1_2805;exonerate}
717494	717605	INTRON			{Augustus_model.g3293.t1;Augustus},{GeneMark_model.4211_t;GeneMark},{GlimmerHMM_glimmerT_3946-T1;GlimmerHMM},{ev_type:exonerate/ID=match.2566964.3511/Target=lcl|KQ954490_1_prot_KWU43410_1_4195;exonerate},{ev_type:exonerate/ID=match.2566964.3506/Target=lcl|PJQD01000028_1_prot_POY74191_1_2805;exonerate}
717606	718052	internal+	2	1	{Augustus_model.g3293.t1;Augustus},{GeneMark_model.4211_t;GeneMark},{GlimmerHMM_glimmerT_3946-T1;GlimmerHMM},{ev_type:exonerate/ID=match.2566964.3511/Target=lcl|KQ954490_1_prot_KWU43410_1_4195;exonerate},{ev_type:exonerate/ID=match.2566964.3506/Target=lcl|PJQD01000028_1_prot_POY74191_1_2805;exonerate}
718053	718115	INTRON			{Augustus_model.g3293.t1;Augustus},{GeneMark_model.4211_t;GeneMark},{GlimmerHMM_glimmerT_3946-T1;GlimmerHMM},{ev_type:exonerate/ID=match.2566964.3511/Target=lcl|KQ954490_1_prot_KWU43410_1_4195;exonerate},{ev_type:exonerate/ID=match.2566964.3506/Target=lcl|PJQD01000028_1_prot_POY74191_1_2805;exonerate}
718116	718474	terminal+	2	3	{snap_scaffold_9-snap.305-T1;snap},{Augustus_model.g3293.t1;Augustus},{GeneMark_model.4211_t;GeneMark},{GlimmerHMM_glimmerT_3946-T1;GlimmerHMM}

# EVM prediction: Mode:STANDARD S-ratio: 3.44 718789-721768 orient(-) score(17274.00) noncoding_equivalent(5019.59) raw_noncoding(7459.00) offset(2439.41)
718901	718789	terminal-	5	6	{GeneMark_model.4212_t;GeneMark},{HiQ_model.g3294.t1;HiQ},{GlimmerHMM_glimmerT_3947-T1;GlimmerHMM}
718966	718902	INTRON			{GeneMark_model.4212_t;GeneMark},{HiQ_model.g3294.t1;HiQ},{GlimmerHMM_glimmerT_3947-T1;GlimmerHMM},{ev_type:exonerate/ID=match.2566964.3522/Target=lcl|KQ954474_1_prot_KWU45158_1_2620;exonerate},{ev_type:exonerate/ID=match.2566964.3519/Target=lcl|PJQD01000005_1_prot_POY76485_1_4920;exonerate}
719033	718967	internal-	4	4	{GeneMark_model.4212_t;GeneMark},{HiQ_model.g3294.t1;HiQ},{GlimmerHMM_glimmerT_3947-T1;GlimmerHMM},{ev_type:exonerate/ID=match.2566964.3522/Target=lcl|KQ954474_1_prot_KWU45158_1_2620;exonerate},{ev_type:exonerate/ID=match.2566964.3519/Target=lcl|PJQD01000005_1_prot_POY76485_1_4920;exonerate}
719095	719034	INTRON			{GeneMark_model.4212_t;GeneMark},{HiQ_model.g3294.t1;HiQ},{GlimmerHMM_glimmerT_3947-T1;GlimmerHMM},{ev_type:exonerate/ID=match.2566964.3522/Target=lcl|KQ954474_1_prot_KWU45158_1_2620;exonerate},{ev_type:exonerate/ID=match.2566964.3519/Target=lcl|PJQD01000005_1_prot_POY76485_1_4920;exonerate}
719480	719096	internal-	6	6	{GeneMark_model.4212_t;GeneMark},{HiQ_model.g3294.t1;HiQ},{GlimmerHMM_glimmerT_3947-T1;GlimmerHMM},{ev_type:exonerate/ID=match.2566964.3522/Target=lcl|KQ954474_1_prot_KWU45158_1_2620;exonerate},{ev_type:exonerate/ID=match.2566964.3519/Target=lcl|PJQD01000005_1_prot_POY76485_1_4920;exonerate}
719548	719481	INTRON			{GeneMark_model.4212_t;GeneMark},{HiQ_model.g3294.t1;HiQ},{GlimmerHMM_glimmerT_3947-T1;GlimmerHMM},{ev_type:exonerate/ID=match.2566964.3522/Target=lcl|KQ954474_1_prot_KWU45158_1_2620;exonerate},{ev_type:exonerate/ID=match.2566964.3519/Target=lcl|PJQD01000005_1_prot_POY76485_1_4920;exonerate}
719910	719549	internal-	4	5	{GeneMark_model.4212_t;GeneMark},{HiQ_model.g3294.t1;HiQ},{GlimmerHMM_glimmerT_3947-T1;GlimmerHMM},{ev_type:exonerate/ID=match.2566964.3522/Target=lcl|KQ954474_1_prot_KWU45158_1_2620;exonerate},{ev_type:exonerate/ID=match.2566964.3519/Target=lcl|PJQD01000005_1_prot_POY76485_1_4920;exonerate}
719989	719911	INTRON			{GeneMark_model.4212_t;GeneMark},{HiQ_model.g3294.t1;HiQ},{GlimmerHMM_glimmerT_3947-T1;GlimmerHMM},{ev_type:exonerate/ID=match.2566964.3522/Target=lcl|KQ954474_1_prot_KWU45158_1_2620;exonerate},{ev_type:exonerate/ID=match.2566964.3519/Target=lcl|PJQD01000005_1_prot_POY76485_1_4920;exonerate}
720078	719990	internal-	5	6	{GeneMark_model.4212_t;GeneMark},{HiQ_model.g3294.t1;HiQ},{GlimmerHMM_glimmerT_3947-T1;GlimmerHMM},{ev_type:exonerate/ID=match.2566964.3522/Target=lcl|KQ954474_1_prot_KWU45158_1_2620;exonerate},{ev_type:exonerate/ID=match.2566964.3519/Target=lcl|PJQD01000005_1_prot_POY76485_1_4920;exonerate}
720153	720079	INTRON			{GeneMark_model.4212_t;GeneMark},{HiQ_model.g3294.t1;HiQ},{GlimmerHMM_glimmerT_3947-T1;GlimmerHMM},{ev_type:exonerate/ID=match.2566964.3522/Target=lcl|KQ954474_1_prot_KWU45158_1_2620;exonerate},{ev_type:exonerate/ID=match.2566964.3519/Target=lcl|PJQD01000005_1_prot_POY76485_1_4920;exonerate}
720456	720154	internal-	5	4	{GeneMark_model.4212_t;GeneMark},{HiQ_model.g3294.t1;HiQ},{GlimmerHMM_glimmerT_3947-T1;GlimmerHMM},{ev_type:exonerate/ID=match.2566964.3522/Target=lcl|KQ954474_1_prot_KWU45158_1_2620;exonerate},{ev_type:exonerate/ID=match.2566964.3519/Target=lcl|PJQD01000005_1_prot_POY76485_1_4920;exonerate}
720622	720457	INTRON			{GeneMark_model.4212_t;GeneMark},{HiQ_model.g3294.t1;HiQ},{GlimmerHMM_glimmerT_3947-T1;GlimmerHMM},{ev_type:exonerate/ID=match.2566964.3522/Target=lcl|KQ954474_1_prot_KWU45158_1_2620;exonerate},{ev_type:exonerate/ID=match.2566964.3519/Target=lcl|PJQD01000005_1_prot_POY76485_1_4920;exonerate}
720811	720623	internal-	5	4	{GeneMark_model.4212_t;GeneMark},{HiQ_model.g3294.t1;HiQ},{GlimmerHMM_glimmerT_3947-T1;GlimmerHMM},{ev_type:exonerate/ID=match.2566964.3522/Target=lcl|KQ954474_1_prot_KWU45158_1_2620;exonerate},{ev_type:exonerate/ID=match.2566964.3519/Target=lcl|PJQD01000005_1_prot_POY76485_1_4920;exonerate}
720875	720812	INTRON			{GeneMark_model.4212_t;GeneMark},{HiQ_model.g3294.t1;HiQ},{ev_type:exonerate/ID=match.2566964.3522/Target=lcl|KQ954474_1_prot_KWU45158_1_2620;exonerate},{ev_type:exonerate/ID=match.2566964.3519/Target=lcl|PJQD01000005_1_prot_POY76485_1_4920;exonerate}
720952	720876	internal-	6	4	{GeneMark_model.4212_t;GeneMark},{HiQ_model.g3294.t1;HiQ},{ev_type:exonerate/ID=match.2566964.3522/Target=lcl|KQ954474_1_prot_KWU45158_1_2620;exonerate},{ev_type:exonerate/ID=match.2566964.3519/Target=lcl|PJQD01000005_1_prot_POY76485_1_4920;exonerate}
721008	720953	INTRON			{GeneMark_model.4212_t;GeneMark},{HiQ_model.g3294.t1;HiQ},{ev_type:exonerate/ID=match.2566964.3522/Target=lcl|KQ954474_1_prot_KWU45158_1_2620;exonerate},{ev_type:exonerate/ID=match.2566964.3519/Target=lcl|PJQD01000005_1_prot_POY76485_1_4920;exonerate}
721051	721009	internal-	5	5	{GeneMark_model.4212_t;GeneMark},{HiQ_model.g3294.t1;HiQ},{ev_type:exonerate/ID=match.2566964.3522/Target=lcl|KQ954474_1_prot_KWU45158_1_2620;exonerate},{ev_type:exonerate/ID=match.2566964.3519/Target=lcl|PJQD01000005_1_prot_POY76485_1_4920;exonerate}
721119	721052	INTRON			{GeneMark_model.4212_t;GeneMark},{HiQ_model.g3294.t1;HiQ},{ev_type:exonerate/ID=match.2566964.3522/Target=lcl|KQ954474_1_prot_KWU45158_1_2620;exonerate},{ev_type:exonerate/ID=match.2566964.3519/Target=lcl|PJQD01000005_1_prot_POY76485_1_4920;exonerate}
721162	721120	internal-	4	4	{GeneMark_model.4212_t;GeneMark},{HiQ_model.g3294.t1;HiQ},{GlimmerHMM_glimmerT_3947-T1;GlimmerHMM},{ev_type:exonerate/ID=match.2566964.3522/Target=lcl|KQ954474_1_prot_KWU45158_1_2620;exonerate},{ev_type:exonerate/ID=match.2566964.3519/Target=lcl|PJQD01000005_1_prot_POY76485_1_4920;exonerate}
721225	721163	INTRON			{GeneMark_model.4212_t;GeneMark},{HiQ_model.g3294.t1;HiQ},{GlimmerHMM_glimmerT_3947-T1;GlimmerHMM},{ev_type:exonerate/ID=match.2566964.3522/Target=lcl|KQ954474_1_prot_KWU45158_1_2620;exonerate},{ev_type:exonerate/ID=match.2566964.3519/Target=lcl|PJQD01000005_1_prot_POY76485_1_4920;exonerate}
721288	721226	internal-	4	6	{GeneMark_model.4212_t;GeneMark},{HiQ_model.g3294.t1;HiQ},{ev_type:exonerate/ID=match.2566964.3522/Target=lcl|KQ954474_1_prot_KWU45158_1_2620;exonerate},{ev_type:exonerate/ID=match.2566964.3519/Target=lcl|PJQD01000005_1_prot_POY76485_1_4920;exonerate}
721355	721289	INTRON			{GeneMark_model.4212_t;GeneMark},{HiQ_model.g3294.t1;HiQ},{ev_type:exonerate/ID=match.2566964.3522/Target=lcl|KQ954474_1_prot_KWU45158_1_2620;exonerate},{ev_type:exonerate/ID=match.2566964.3519/Target=lcl|PJQD01000005_1_prot_POY76485_1_4920;exonerate}
721453	721356	internal-	5	6	{HiQ_model.g3294.t1;HiQ}
721571	721454	INTRON			{HiQ_model.g3294.t1;HiQ}
721587	721572	internal-	4	4	{GeneMark_model.4212_t;GeneMark},{HiQ_model.g3294.t1;HiQ}
721663	721588	INTRON			{GeneMark_model.4212_t;GeneMark},{HiQ_model.g3294.t1;HiQ},{ev_type:exonerate/ID=match.2566964.3519/Target=lcl|PJQD01000005_1_prot_POY76485_1_4920;exonerate}
721768	721664	initial-	4	6	{GeneMark_model.4212_t;GeneMark},{HiQ_model.g3294.t1;HiQ},{GlimmerHMM_glimmerT_3947-T1;GlimmerHMM}

# EVM prediction: Mode:STANDARD S-ratio: 2.70 723660-727231 orient(+) score(10242.00) noncoding_equivalent(3796.92) raw_noncoding(4412.41) offset(615.49)
723660	723745	initial+	1	2	{GeneMark_model.4213_t;GeneMark}
723746	723813	INTRON			{GeneMark_model.4213_t;GeneMark}
723814	723833	internal+	3	1	{GeneMark_model.4213_t;GeneMark}
723834	723895	INTRON			{GeneMark_model.4213_t;GeneMark},{Augustus_model.g3295.t1;Augustus}
723896	724191	internal+	2	3	{GeneMark_model.4213_t;GeneMark},{Augustus_model.g3295.t1;Augustus}
724192	724249	INTRON			{GeneMark_model.4213_t;GeneMark},{Augustus_model.g3295.t1;Augustus}
724250	725269	internal+	1	3	{GeneMark_model.4213_t;GeneMark}
725270	725325	INTRON			{GeneMark_model.4213_t;GeneMark}
725326	726721	internal+	1	1	{GeneMark_model.4213_t;GeneMark},{Augustus_model.g3295.t1;Augustus}
726722	726779	INTRON			{GeneMark_model.4213_t;GeneMark},{Augustus_model.g3295.t1;Augustus}
726780	727231	terminal+	2	3	{GeneMark_model.4213_t;GeneMark},{Augustus_model.g3295.t1;Augustus}

# EVM prediction: Mode:STANDARD S-ratio: 11.02 728512-730616 orient(-) score(9930.00) noncoding_equivalent(901.37) raw_noncoding(1064.00) offset(162.63)
729015	728512	terminal-	4	6	{Augustus_model.g3296.t1;Augustus},{GlimmerHMM_glimmerT_3949-T1;GlimmerHMM},{snap_scaffold_9-snap.309-T1;snap},{GeneMark_model.4214_t;GeneMark}
729083	729016	INTRON			{Augustus_model.g3296.t1;Augustus},{GlimmerHMM_glimmerT_3949-T1;GlimmerHMM},{GeneMark_model.4214_t;GeneMark},{ev_type:exonerate/ID=match.2566964.3504/Target=lcl|KQ954508_1_prot_KWU42417_1_5197;exonerate}
729243	729084	internal-	6	6	{Augustus_model.g3296.t1;Augustus},{GlimmerHMM_glimmerT_3949-T1;GlimmerHMM},{GeneMark_model.4214_t;GeneMark},{ev_type:exonerate/ID=match.2566964.3504/Target=lcl|KQ954508_1_prot_KWU42417_1_5197;exonerate}
729307	729244	INTRON			{Augustus_model.g3296.t1;Augustus},{GlimmerHMM_glimmerT_3949-T1;GlimmerHMM},{GeneMark_model.4214_t;GeneMark},{ev_type:exonerate/ID=match.2566964.3504/Target=lcl|KQ954508_1_prot_KWU42417_1_5197;exonerate}
729485	729308	internal-	5	5	{Augustus_model.g3296.t1;Augustus},{GlimmerHMM_glimmerT_3949-T1;GlimmerHMM},{GeneMark_model.4214_t;GeneMark},{ev_type:exonerate/ID=match.2566964.3504/Target=lcl|KQ954508_1_prot_KWU42417_1_5197;exonerate}
729547	729486	INTRON			{Augustus_model.g3296.t1;Augustus},{GlimmerHMM_glimmerT_3949-T1;GlimmerHMM},{GeneMark_model.4214_t;GeneMark},{ev_type:exonerate/ID=match.2566964.3504/Target=lcl|KQ954508_1_prot_KWU42417_1_5197;exonerate}
730616	729548	initial-	4	4	{Augustus_model.g3296.t1;Augustus},{GlimmerHMM_glimmerT_3949-T1;GlimmerHMM},{GeneMark_model.4214_t;GeneMark}

# EVM prediction: Mode:STANDARD S-ratio: 4.13 732575-736612 orient(+) score(16798.00) noncoding_equivalent(4064.76) raw_noncoding(4986.00) offset(921.24)
732575	732911	initial+	1	1	{Augustus_model.g3297.t1;Augustus},{GeneMark_model.4215_t;GeneMark},{GlimmerHMM_glimmerT_3950-T1;GlimmerHMM}
732912	732992	INTRON			{Augustus_model.g3297.t1;Augustus},{GeneMark_model.4215_t;GeneMark},{GlimmerHMM_glimmerT_3950-T1;GlimmerHMM},{ev_type:exonerate/ID=match.2566964.3499/Target=lcl|KQ954480_1_prot_KWU44311_1_3292;exonerate}
732993	733125	internal+	2	2	{Augustus_model.g3297.t1;Augustus},{GeneMark_model.4215_t;GeneMark},{GlimmerHMM_glimmerT_3950-T1;GlimmerHMM},{ev_type:exonerate/ID=match.2566964.3499/Target=lcl|KQ954480_1_prot_KWU44311_1_3292;exonerate}
733126	733179	INTRON			{Augustus_model.g3297.t1;Augustus},{GeneMark_model.4215_t;GeneMark},{GlimmerHMM_glimmerT_3950-T1;GlimmerHMM},{ev_type:exonerate/ID=match.2566964.3499/Target=lcl|KQ954480_1_prot_KWU44311_1_3292;exonerate}
733180	733246	internal+	3	3	{Augustus_model.g3297.t1;Augustus},{GeneMark_model.4215_t;GeneMark},{GlimmerHMM_glimmerT_3950-T1;GlimmerHMM},{ev_type:exonerate/ID=match.2566964.3499/Target=lcl|KQ954480_1_prot_KWU44311_1_3292;exonerate}
733247	733310	INTRON			{Augustus_model.g3297.t1;Augustus},{GeneMark_model.4215_t;GeneMark},{GlimmerHMM_glimmerT_3950-T1;GlimmerHMM},{ev_type:exonerate/ID=match.2566964.3499/Target=lcl|KQ954480_1_prot_KWU44311_1_3292;exonerate}
733311	733385	internal+	1	3	{Augustus_model.g3297.t1;Augustus},{GeneMark_model.4215_t;GeneMark},{GlimmerHMM_glimmerT_3950-T1;GlimmerHMM},{ev_type:exonerate/ID=match.2566964.3499/Target=lcl|KQ954480_1_prot_KWU44311_1_3292;exonerate}
733386	733453	INTRON			{Augustus_model.g3297.t1;Augustus},{GeneMark_model.4215_t;GeneMark},{GlimmerHMM_glimmerT_3950-T1;GlimmerHMM},{ev_type:exonerate/ID=match.2566964.3499/Target=lcl|KQ954480_1_prot_KWU44311_1_3292;exonerate}
733454	733721	internal+	1	1	{Augustus_model.g3297.t1;Augustus},{GeneMark_model.4215_t;GeneMark},{GlimmerHMM_glimmerT_3950-T1;GlimmerHMM},{ev_type:exonerate/ID=match.2566964.3499/Target=lcl|KQ954480_1_prot_KWU44311_1_3292;exonerate}
733722	733782	INTRON			{Augustus_model.g3297.t1;Augustus},{GeneMark_model.4215_t;GeneMark},{GlimmerHMM_glimmerT_3950-T1;GlimmerHMM},{ev_type:exonerate/ID=match.2566964.3499/Target=lcl|KQ954480_1_prot_KWU44311_1_3292;exonerate}
733783	733829	internal+	2	3	{Augustus_model.g3297.t1;Augustus},{GeneMark_model.4215_t;GeneMark},{ev_type:exonerate/ID=match.2566964.3499/Target=lcl|KQ954480_1_prot_KWU44311_1_3292;exonerate}
733830	733890	INTRON			{Augustus_model.g3297.t1;Augustus},{GeneMark_model.4215_t;GeneMark},{ev_type:exonerate/ID=match.2566964.3499/Target=lcl|KQ954480_1_prot_KWU44311_1_3292;exonerate}
733891	734030	internal+	1	2	{Augustus_model.g3297.t1;Augustus},{GeneMark_model.4215_t;GeneMark},{GlimmerHMM_glimmerT_3950-T1;GlimmerHMM},{ev_type:exonerate/ID=match.2566964.3499/Target=lcl|KQ954480_1_prot_KWU44311_1_3292;exonerate}
734031	734091	INTRON			{Augustus_model.g3297.t1;Augustus},{GeneMark_model.4215_t;GeneMark},{GlimmerHMM_glimmerT_3950-T1;GlimmerHMM},{ev_type:exonerate/ID=match.2566964.3499/Target=lcl|KQ954480_1_prot_KWU44311_1_3292;exonerate}
734092	734241	internal+	3	2	{Augustus_model.g3297.t1;Augustus},{GeneMark_model.4215_t;GeneMark},{GlimmerHMM_glimmerT_3950-T1;GlimmerHMM}
734242	734299	INTRON			{Augustus_model.g3297.t1;Augustus},{GeneMark_model.4215_t;GeneMark},{GlimmerHMM_glimmerT_3950-T1;GlimmerHMM}
734300	734367	internal+	3	1	{Augustus_model.g3297.t1;Augustus},{GeneMark_model.4215_t;GeneMark},{GlimmerHMM_glimmerT_3950-T1;GlimmerHMM}
734368	734436	INTRON			{Augustus_model.g3297.t1;Augustus},{GeneMark_model.4215_t;GeneMark},{GlimmerHMM_glimmerT_3950-T1;GlimmerHMM}
734437	734494	internal+	2	2	{Augustus_model.g3297.t1;Augustus},{GeneMark_model.4215_t;GeneMark},{GlimmerHMM_glimmerT_3950-T1;GlimmerHMM}
734495	734558	INTRON			{Augustus_model.g3297.t1;Augustus},{GeneMark_model.4215_t;GeneMark},{GlimmerHMM_glimmerT_3950-T1;GlimmerHMM},{ev_type:exonerate/ID=match.2566964.3499/Target=lcl|KQ954480_1_prot_KWU44311_1_3292;exonerate}
734559	734689	internal+	3	1	{Augustus_model.g3297.t1;Augustus},{GeneMark_model.4215_t;GeneMark},{GlimmerHMM_glimmerT_3950-T1;GlimmerHMM},{ev_type:exonerate/ID=match.2566964.3499/Target=lcl|KQ954480_1_prot_KWU44311_1_3292;exonerate}
734690	734763	INTRON			{Augustus_model.g3297.t1;Augustus},{GeneMark_model.4215_t;GeneMark},{GlimmerHMM_glimmerT_3950-T1;GlimmerHMM},{ev_type:exonerate/ID=match.2566964.3499/Target=lcl|KQ954480_1_prot_KWU44311_1_3292;exonerate}
734764	735233	internal+	2	3	{Augustus_model.g3297.t1;Augustus},{GeneMark_model.4215_t;GeneMark},{GlimmerHMM_glimmerT_3950-T1;GlimmerHMM},{ev_type:exonerate/ID=match.2566964.3499/Target=lcl|KQ954480_1_prot_KWU44311_1_3292;exonerate}
735234	735297	INTRON			{Augustus_model.g3297.t1;Augustus},{GeneMark_model.4215_t;GeneMark},{GlimmerHMM_glimmerT_3950-T1;GlimmerHMM},{ev_type:exonerate/ID=match.2566964.3499/Target=lcl|KQ954480_1_prot_KWU44311_1_3292;exonerate}
735298	735365	internal+	1	2	{Augustus_model.g3297.t1;Augustus},{GeneMark_model.4215_t;GeneMark},{GlimmerHMM_glimmerT_3950-T1;GlimmerHMM},{ev_type:exonerate/ID=match.2566964.3499/Target=lcl|KQ954480_1_prot_KWU44311_1_3292;exonerate}
735366	735433	INTRON			{Augustus_model.g3297.t1;Augustus},{GeneMark_model.4215_t;GeneMark},{GlimmerHMM_glimmerT_3950-T1;GlimmerHMM},{ev_type:exonerate/ID=match.2566964.3499/Target=lcl|KQ954480_1_prot_KWU44311_1_3292;exonerate}
735434	735661	internal+	3	2	{Augustus_model.g3297.t1;Augustus},{GeneMark_model.4215_t;GeneMark},{GlimmerHMM_glimmerT_3950-T1;GlimmerHMM},{ev_type:exonerate/ID=match.2566964.3499/Target=lcl|KQ954480_1_prot_KWU44311_1_3292;exonerate}
735662	735726	INTRON			{Augustus_model.g3297.t1;Augustus},{GeneMark_model.4215_t;GeneMark},{GlimmerHMM_glimmerT_3950-T1;GlimmerHMM},{ev_type:exonerate/ID=match.2566964.3499/Target=lcl|KQ954480_1_prot_KWU44311_1_3292;exonerate}
735727	736612	terminal+	3	3	{Augustus_model.g3297.t1;Augustus},{GeneMark_model.4215_t;GeneMark},{GlimmerHMM_glimmerT_3950-T1;GlimmerHMM}

# EVM prediction: Mode:STANDARD S-ratio: 1.58 736960-740614 orient(-) score(9087.00) noncoding_equivalent(5739.46) raw_noncoding(8137.04) offset(2397.58)
737100	736960	terminal-	4	6	{Augustus_model.g3298.t1;Augustus},{GeneMark_model.4216_t;GeneMark},{GlimmerHMM_glimmerT_3951-T1;GlimmerHMM}
737160	737101	INTRON			{Augustus_model.g3298.t1;Augustus},{GeneMark_model.4216_t;GeneMark},{GlimmerHMM_glimmerT_3951-T1;GlimmerHMM}
737274	737161	internal-	4	6	{GeneMark_model.4216_t;GeneMark},{GlimmerHMM_glimmerT_3951-T1;GlimmerHMM}
737415	737275	INTRON			{GeneMark_model.4216_t;GeneMark},{GlimmerHMM_glimmerT_3951-T1;GlimmerHMM}
737524	737416	internal-	6	6	{Augustus_model.g3298.t1;Augustus},{GeneMark_model.4216_t;GeneMark},{GlimmerHMM_glimmerT_3951-T1;GlimmerHMM}
737583	737525	INTRON			{Augustus_model.g3298.t1;Augustus},{GeneMark_model.4216_t;GeneMark},{GlimmerHMM_glimmerT_3951-T1;GlimmerHMM}
737769	737584	internal-	6	5	{Augustus_model.g3298.t1;Augustus},{GeneMark_model.4216_t;GeneMark},{GlimmerHMM_glimmerT_3951-T1;GlimmerHMM}
737827	737770	INTRON			{Augustus_model.g3298.t1;Augustus},{GeneMark_model.4216_t;GeneMark}
737845	737828	internal-	6	5	{Augustus_model.g3298.t1;Augustus},{GeneMark_model.4216_t;GeneMark}
737909	737846	INTRON			{Augustus_model.g3298.t1;Augustus},{GeneMark_model.4216_t;GeneMark}
738066	737910	internal-	5	5	{Augustus_model.g3298.t1;Augustus},{GeneMark_model.4216_t;GeneMark},{GlimmerHMM_glimmerT_3951-T1;GlimmerHMM}
738127	738067	INTRON			{Augustus_model.g3298.t1;Augustus},{GeneMark_model.4216_t;GeneMark}
738268	738128	internal-	5	4	{Augustus_model.g3298.t1;Augustus},{GeneMark_model.4216_t;GeneMark}
738327	738269	INTRON			{Augustus_model.g3298.t1;Augustus},{GeneMark_model.4216_t;GeneMark}
738424	738328	internal-	4	4	{Augustus_model.g3298.t1;Augustus},{GeneMark_model.4216_t;GeneMark}
738490	738425	INTRON			{Augustus_model.g3298.t1;Augustus},{GeneMark_model.4216_t;GeneMark}
738540	738491	internal-	5	6	{Augustus_model.g3298.t1;Augustus},{GeneMark_model.4216_t;GeneMark}
738604	738541	INTRON			{Augustus_model.g3298.t1;Augustus},{GeneMark_model.4216_t;GeneMark}
738649	738605	internal-	5	4	{Augustus_model.g3298.t1;Augustus},{GeneMark_model.4216_t;GeneMark}
738734	738650	INTRON			{Augustus_model.g3298.t1;Augustus},{GeneMark_model.4216_t;GeneMark}
738909	738735	internal-	4	4	{Augustus_model.g3298.t1;Augustus},{GeneMark_model.4216_t;GeneMark}
738972	738910	INTRON			{Augustus_model.g3298.t1;Augustus},{GeneMark_model.4216_t;GeneMark}
739053	738973	internal-	4	6	{GeneMark_model.4216_t;GeneMark}
739120	739054	INTRON			{GeneMark_model.4216_t;GeneMark}
739231	739121	internal-	4	6	{GeneMark_model.4216_t;GeneMark}
739305	739232	INTRON			{Augustus_model.g3298.t1;Augustus},{GeneMark_model.4216_t;GeneMark}
739493	739306	internal-	5	6	{Augustus_model.g3298.t1;Augustus},{GeneMark_model.4216_t;GeneMark},{GlimmerHMM_glimmerT_3951-T1;GlimmerHMM}
739555	739494	INTRON			{Augustus_model.g3298.t1;Augustus},{GeneMark_model.4216_t;GeneMark},{GlimmerHMM_glimmerT_3951-T1;GlimmerHMM}
739605	739556	internal-	6	4	{Augustus_model.g3298.t1;Augustus},{GeneMark_model.4216_t;GeneMark},{GlimmerHMM_glimmerT_3951-T1;GlimmerHMM}
739670	739606	INTRON			{Augustus_model.g3298.t1;Augustus},{GeneMark_model.4216_t;GeneMark}
739683	739671	internal-	5	5	{Augustus_model.g3298.t1;Augustus},{GeneMark_model.4216_t;GeneMark}
739748	739684	INTRON			{Augustus_model.g3298.t1;Augustus},{GeneMark_model.4216_t;GeneMark}
740153	739749	internal-	5	4	{Augustus_model.g3298.t1;Augustus},{GeneMark_model.4216_t;GeneMark}
740235	740154	INTRON			{Augustus_model.g3298.t1;Augustus},{GeneMark_model.4216_t;GeneMark}
740340	740236	internal-	5	4	{Augustus_model.g3298.t1;Augustus},{GeneMark_model.4216_t;GeneMark}
740448	740341	INTRON			{Augustus_model.g3298.t1;Augustus},{GeneMark_model.4216_t;GeneMark}
740614	740449	initial-	4	4	{Augustus_model.g3298.t1;Augustus}

# EVM prediction: Mode:STANDARD S-ratio: 2.02 740917-742099 orient(-) score(3137.00) noncoding_equivalent(1554.27) raw_noncoding(2132.90) offset(578.64)
740957	740917	terminal-	5	6	{Augustus_model.g3299.t1;Augustus}
741041	740958	INTRON			{Augustus_model.g3299.t1;Augustus}
741402	741042	internal-	4	4	{Augustus_model.g3299.t1;Augustus},{GeneMark_model.4216_t;GeneMark},{GlimmerHMM_glimmerT_3951-T1;GlimmerHMM}
741466	741403	INTRON			{Augustus_model.g3299.t1;Augustus},{GeneMark_model.4216_t;GeneMark},{GlimmerHMM_glimmerT_3951-T1;GlimmerHMM}
741763	741467	internal-	4	6	{Augustus_model.g3299.t1;Augustus},{GeneMark_model.4216_t;GeneMark}
741849	741764	INTRON			{Augustus_model.g3299.t1;Augustus},{GeneMark_model.4216_t;GeneMark}
741906	741850	internal-	4	6	{Augustus_model.g3299.t1;Augustus},{GeneMark_model.4216_t;GeneMark}
741973	741907	INTRON			{Augustus_model.g3299.t1;Augustus},{GeneMark_model.4216_t;GeneMark}
742099	741974	initial-	4	6	{Augustus_model.g3299.t1;Augustus},{GeneMark_model.4216_t;GeneMark}

# EVM prediction: Mode:STANDARD S-ratio: 2.03 743972-746495 orient(+) score(7441.00) noncoding_equivalent(3663.23) raw_noncoding(4888.00) offset(1224.77)
743972	744169	initial+	1	3	{GeneMark_model.4217_t;GeneMark},{GlimmerHMM_glimmerT_3952-T1;GlimmerHMM},{Augustus_model.g3300.t1;Augustus}
744170	744262	INTRON			{GeneMark_model.4217_t;GeneMark},{GlimmerHMM_glimmerT_3952-T1;GlimmerHMM},{Augustus_model.g3300.t1;Augustus}
744263	744356	internal+	1	1	{GeneMark_model.4217_t;GeneMark},{GlimmerHMM_glimmerT_3952-T1;GlimmerHMM},{Augustus_model.g3300.t1;Augustus}
744357	744439	INTRON			{GeneMark_model.4217_t;GeneMark},{GlimmerHMM_glimmerT_3952-T1;GlimmerHMM},{Augustus_model.g3300.t1;Augustus}
744440	744508	internal+	2	1	{GeneMark_model.4217_t;GeneMark},{GlimmerHMM_glimmerT_3952-T1;GlimmerHMM},{Augustus_model.g3300.t1;Augustus}
744509	744763	INTRON			{GeneMark_model.4217_t;GeneMark},{GlimmerHMM_glimmerT_3952-T1;GlimmerHMM}
744764	745039	internal+	2	1	{GeneMark_model.4217_t;GeneMark},{GlimmerHMM_glimmerT_3952-T1;GlimmerHMM},{Augustus_model.g3300.t1;Augustus}
745040	745121	INTRON			{GeneMark_model.4217_t;GeneMark},{GlimmerHMM_glimmerT_3952-T1;GlimmerHMM},{Augustus_model.g3300.t1;Augustus}
745122	745502	internal+	2	1	{GeneMark_model.4217_t;GeneMark},{GlimmerHMM_glimmerT_3952-T1;GlimmerHMM},{Augustus_model.g3300.t1;Augustus}
745503	745565	INTRON			{GeneMark_model.4217_t;GeneMark},{GlimmerHMM_glimmerT_3952-T1;GlimmerHMM},{Augustus_model.g3300.t1;Augustus}
745566	745591	internal+	2	3	{GeneMark_model.4217_t;GeneMark},{GlimmerHMM_glimmerT_3952-T1;GlimmerHMM},{Augustus_model.g3300.t1;Augustus}
745592	745659	INTRON			{GeneMark_model.4217_t;GeneMark},{GlimmerHMM_glimmerT_3952-T1;GlimmerHMM},{Augustus_model.g3300.t1;Augustus}
745660	745785	internal+	1	3	{GeneMark_model.4217_t;GeneMark},{GlimmerHMM_glimmerT_3952-T1;GlimmerHMM},{Augustus_model.g3300.t1;Augustus}
745786	745841	INTRON			{GeneMark_model.4217_t;GeneMark},{GlimmerHMM_glimmerT_3952-T1;GlimmerHMM},{Augustus_model.g3300.t1;Augustus}
745842	745908	internal+	1	1	{GeneMark_model.4217_t;GeneMark},{GlimmerHMM_glimmerT_3952-T1;GlimmerHMM},{Augustus_model.g3300.t1;Augustus}
745909	745984	INTRON			{GeneMark_model.4217_t;GeneMark},{GlimmerHMM_glimmerT_3952-T1;GlimmerHMM},{Augustus_model.g3300.t1;Augustus}
745985	746203	internal+	2	1	{GeneMark_model.4217_t;GeneMark},{GlimmerHMM_glimmerT_3952-T1;GlimmerHMM},{Augustus_model.g3300.t1;Augustus}
746204	746275	INTRON			{GeneMark_model.4217_t;GeneMark},{Augustus_model.g3300.t1;Augustus}
746276	746290	internal+	2	1	{GeneMark_model.4217_t;GeneMark},{Augustus_model.g3300.t1;Augustus}
746291	746355	INTRON			{GeneMark_model.4217_t;GeneMark},{Augustus_model.g3300.t1;Augustus}
746356	746495	terminal+	2	3	{GeneMark_model.4217_t;GeneMark},{GlimmerHMM_glimmerT_3952-T1;GlimmerHMM},{Augustus_model.g3300.t1;Augustus}

# EVM prediction: Mode:STANDARD S-ratio: 6.29 746778-749903 orient(-) score(15657.00) noncoding_equivalent(2487.88) raw_noncoding(3249.00) offset(761.12)
746811	746778	terminal-	6	6	{GlimmerHMM_glimmerT_3953-T1;GlimmerHMM},{Augustus_model.g3301.t1;Augustus},{GeneMark_model.4218_t;GeneMark}
746884	746812	INTRON			{GlimmerHMM_glimmerT_3953-T1;GlimmerHMM},{Augustus_model.g3301.t1;Augustus},{GeneMark_model.4218_t;GeneMark},{ev_type:exonerate/ID=match.2566964.3496/Target=lcl|PJQD01000098_1_prot_POY70705_1_7006;exonerate}
747219	746885	internal-	4	5	{GlimmerHMM_glimmerT_3953-T1;GlimmerHMM},{Augustus_model.g3301.t1;Augustus},{GeneMark_model.4218_t;GeneMark},{ev_type:exonerate/ID=match.2566964.3496/Target=lcl|PJQD01000098_1_prot_POY70705_1_7006;exonerate}
747277	747220	INTRON			{GlimmerHMM_glimmerT_3953-T1;GlimmerHMM},{Augustus_model.g3301.t1;Augustus},{GeneMark_model.4218_t;GeneMark},{ev_type:exonerate/ID=match.2566964.3496/Target=lcl|PJQD01000098_1_prot_POY70705_1_7006;exonerate},{ev_type:exonerate/ID=match.2566964.3498/Target=lcl|KQ954485_1_prot_KWU43798_1_3785;exonerate}
747369	747278	internal-	5	6	{Augustus_model.g3301.t1;Augustus},{GeneMark_model.4218_t;GeneMark},{ev_type:exonerate/ID=match.2566964.3496/Target=lcl|PJQD01000098_1_prot_POY70705_1_7006;exonerate},{ev_type:exonerate/ID=match.2566964.3498/Target=lcl|KQ954485_1_prot_KWU43798_1_3785;exonerate}
747430	747370	INTRON			{Augustus_model.g3301.t1;Augustus},{GeneMark_model.4218_t;GeneMark},{ev_type:exonerate/ID=match.2566964.3496/Target=lcl|PJQD01000098_1_prot_POY70705_1_7006;exonerate},{ev_type:exonerate/ID=match.2566964.3498/Target=lcl|KQ954485_1_prot_KWU43798_1_3785;exonerate}
747744	747431	internal-	6	4	{GlimmerHMM_glimmerT_3953-T1;GlimmerHMM},{Augustus_model.g3301.t1;Augustus},{GeneMark_model.4218_t;GeneMark},{ev_type:exonerate/ID=match.2566964.3496/Target=lcl|PJQD01000098_1_prot_POY70705_1_7006;exonerate},{ev_type:exonerate/ID=match.2566964.3498/Target=lcl|KQ954485_1_prot_KWU43798_1_3785;exonerate}
747810	747745	INTRON			{Augustus_model.g3301.t1;Augustus},{ev_type:exonerate/ID=match.2566964.3496/Target=lcl|PJQD01000098_1_prot_POY70705_1_7006;exonerate},{ev_type:exonerate/ID=match.2566964.3498/Target=lcl|KQ954485_1_prot_KWU43798_1_3785;exonerate}
747947	747811	internal-	4	5	{Augustus_model.g3301.t1;Augustus},{ev_type:exonerate/ID=match.2566964.3496/Target=lcl|PJQD01000098_1_prot_POY70705_1_7006;exonerate},{ev_type:exonerate/ID=match.2566964.3498/Target=lcl|KQ954485_1_prot_KWU43798_1_3785;exonerate}
748009	747948	INTRON			{Augustus_model.g3301.t1;Augustus},{GeneMark_model.4218_t;GeneMark},{ev_type:exonerate/ID=match.2566964.3496/Target=lcl|PJQD01000098_1_prot_POY70705_1_7006;exonerate},{ev_type:exonerate/ID=match.2566964.3498/Target=lcl|KQ954485_1_prot_KWU43798_1_3785;exonerate}
748052	748010	internal-	6	6	{Augustus_model.g3301.t1;Augustus},{GeneMark_model.4218_t;GeneMark},{ev_type:exonerate/ID=match.2566964.3496/Target=lcl|PJQD01000098_1_prot_POY70705_1_7006;exonerate},{ev_type:exonerate/ID=match.2566964.3498/Target=lcl|KQ954485_1_prot_KWU43798_1_3785;exonerate}
748111	748053	INTRON			{Augustus_model.g3301.t1;Augustus},{GeneMark_model.4218_t;GeneMark},{ev_type:exonerate/ID=match.2566964.3496/Target=lcl|PJQD01000098_1_prot_POY70705_1_7006;exonerate},{ev_type:exonerate/ID=match.2566964.3498/Target=lcl|KQ954485_1_prot_KWU43798_1_3785;exonerate}
748187	748112	internal-	5	5	{Augustus_model.g3301.t1;Augustus},{GeneMark_model.4218_t;GeneMark},{ev_type:exonerate/ID=match.2566964.3496/Target=lcl|PJQD01000098_1_prot_POY70705_1_7006;exonerate}
748248	748188	INTRON			{GlimmerHMM_glimmerT_3954-T1;GlimmerHMM},{Augustus_model.g3301.t1;Augustus},{GeneMark_model.4218_t;GeneMark}
748256	748249	internal-	6	4	{GlimmerHMM_glimmerT_3954-T1;GlimmerHMM},{Augustus_model.g3301.t1;Augustus},{GeneMark_model.4218_t;GeneMark}
748320	748257	INTRON			{GlimmerHMM_glimmerT_3954-T1;GlimmerHMM},{Augustus_model.g3301.t1;Augustus},{GeneMark_model.4218_t;GeneMark}
749309	748321	internal-	4	5	{GeneMark_model.4218_t;GeneMark}
749405	749310	INTRON			{GeneMark_model.4218_t;GeneMark},{ev_type:exonerate/ID=match.2566964.3496/Target=lcl|PJQD01000098_1_prot_POY70705_1_7006;exonerate}
749567	749406	internal-	4	6	{GeneMark_model.4218_t;GeneMark},{ev_type:exonerate/ID=match.2566964.3496/Target=lcl|PJQD01000098_1_prot_POY70705_1_7006;exonerate}
749636	749568	INTRON			{Augustus_model.g3301.t1;Augustus},{GeneMark_model.4218_t;GeneMark},{ev_type:exonerate/ID=match.2566964.3496/Target=lcl|PJQD01000098_1_prot_POY70705_1_7006;exonerate},{ev_type:exonerate/ID=match.2566964.3498/Target=lcl|KQ954485_1_prot_KWU43798_1_3785;exonerate}
749903	749637	initial-	4	6	{Augustus_model.g3301.t1;Augustus},{GeneMark_model.4218_t;GeneMark}

# EVM prediction: Mode:STANDARD S-ratio: 2.43 750596-752100 orient(-) score(4962.00) noncoding_equivalent(2043.08) raw_noncoding(2567.00) offset(523.92)
751120	750596	terminal-	4	6	{GlimmerHMM_glimmerT_3955-T1;GlimmerHMM},{Augustus_model.g3302.t1;Augustus},{GeneMark_model.4219_t;GeneMark}
751233	751121	INTRON			{GlimmerHMM_glimmerT_3955-T1;GlimmerHMM},{Augustus_model.g3302.t1;Augustus},{GeneMark_model.4219_t;GeneMark}
751388	751234	internal-	5	6	{GlimmerHMM_glimmerT_3955-T1;GlimmerHMM},{Augustus_model.g3302.t1;Augustus},{GeneMark_model.4219_t;GeneMark}
751487	751389	INTRON			{GlimmerHMM_glimmerT_3955-T1;GlimmerHMM},{Augustus_model.g3302.t1;Augustus},{GeneMark_model.4219_t;GeneMark}
751631	751488	internal-	5	4	{GlimmerHMM_glimmerT_3955-T1;GlimmerHMM},{Augustus_model.g3302.t1;Augustus},{GeneMark_model.4219_t;GeneMark}
751706	751632	INTRON			{GlimmerHMM_glimmerT_3955-T1;GlimmerHMM},{Augustus_model.g3302.t1;Augustus},{GeneMark_model.4219_t;GeneMark}
751796	751707	internal-	5	4	{GlimmerHMM_glimmerT_3955-T1;GlimmerHMM},{Augustus_model.g3302.t1;Augustus},{GeneMark_model.4219_t;GeneMark}
751893	751797	INTRON			{GlimmerHMM_glimmerT_3955-T1;GlimmerHMM},{Augustus_model.g3302.t1;Augustus},{GeneMark_model.4219_t;GeneMark}
751913	751894	internal-	6	4	{GlimmerHMM_glimmerT_3955-T1;GlimmerHMM},{Augustus_model.g3302.t1;Augustus},{GeneMark_model.4219_t;GeneMark}
752032	751914	INTRON			{GlimmerHMM_glimmerT_3955-T1;GlimmerHMM},{Augustus_model.g3302.t1;Augustus},{GeneMark_model.4219_t;GeneMark}
752100	752033	initial-	4	5	{GlimmerHMM_glimmerT_3955-T1;GlimmerHMM},{GeneMark_model.4219_t;GeneMark}

# EVM prediction: Mode:STANDARD S-ratio: 2.29 752318-754036 orient(-) score(4825.00) noncoding_equivalent(2110.02) raw_noncoding(2473.79) offset(363.77)
753038	752318	terminal-	6	6	{GeneMark_model.4220_t;GeneMark},{GlimmerHMM_glimmerT_3956-T1;GlimmerHMM}
753102	753039	INTRON			{GeneMark_model.4220_t;GeneMark},{GlimmerHMM_glimmerT_3956-T1;GlimmerHMM},{Augustus_model.g3302.t1;Augustus}
753366	753103	internal-	6	5	{GeneMark_model.4220_t;GeneMark},{GlimmerHMM_glimmerT_3956-T1;GlimmerHMM},{Augustus_model.g3302.t1;Augustus}
753431	753367	INTRON			{GeneMark_model.4220_t;GeneMark},{Augustus_model.g3302.t1;Augustus}
753662	753432	internal-	6	5	{GeneMark_model.4220_t;GeneMark},{Augustus_model.g3302.t1;Augustus}
753729	753663	INTRON			{GeneMark_model.4220_t;GeneMark},{Augustus_model.g3302.t1;Augustus}
753971	753730	internal-	4	5	{GlimmerHMM_glimmerT_3956-T1;GlimmerHMM}
754003	753972	INTRON			{GlimmerHMM_glimmerT_3956-T1;GlimmerHMM}
754036	754004	initial-	4	6	{GeneMark_model.4220_t;GeneMark},{GlimmerHMM_glimmerT_3956-T1;GlimmerHMM}

# EVM prediction: Mode:STANDARD S-ratio: 2.98 754414-755817 orient(-) score(6967.00) noncoding_equivalent(2337.06) raw_noncoding(2825.06) offset(488.00)
754551	754414	terminal-	4	6	{GlimmerHMM_glimmerT_3957-T1;GlimmerHMM},{GeneMark_model.4221_t;GeneMark}
754692	754552	INTRON			{GlimmerHMM_glimmerT_3957-T1;GlimmerHMM},{Augustus_model.g3302.t1;Augustus},{GeneMark_model.4221_t;GeneMark},{ev_type:exonerate/ID=match.2566964.3642/Target=lcl|KQ954469_1_prot_KWU45955_1_1672;exonerate},{ev_type:exonerate/ID=match.2566964.3644/Target=lcl|PJQD01000075_1_prot_POY71664_1_5732;exonerate}
754916	754693	internal-	5	6	{GlimmerHMM_glimmerT_3957-T1;GlimmerHMM},{Augustus_model.g3302.t1;Augustus},{GeneMark_model.4221_t;GeneMark},{ev_type:exonerate/ID=match.2566964.3642/Target=lcl|KQ954469_1_prot_KWU45955_1_1672;exonerate},{ev_type:exonerate/ID=match.2566964.3644/Target=lcl|PJQD01000075_1_prot_POY71664_1_5732;exonerate}
755004	754917	INTRON			{GlimmerHMM_glimmerT_3957-T1;GlimmerHMM},{Augustus_model.g3302.t1;Augustus},{GeneMark_model.4221_t;GeneMark},{ev_type:exonerate/ID=match.2566964.3642/Target=lcl|KQ954469_1_prot_KWU45955_1_1672;exonerate},{ev_type:exonerate/ID=match.2566964.3644/Target=lcl|PJQD01000075_1_prot_POY71664_1_5732;exonerate}
755162	755005	internal-	6	4	{GlimmerHMM_glimmerT_3957-T1;GlimmerHMM},{Augustus_model.g3302.t1;Augustus},{GeneMark_model.4221_t;GeneMark},{ev_type:exonerate/ID=match.2566964.3642/Target=lcl|KQ954469_1_prot_KWU45955_1_1672;exonerate},{ev_type:exonerate/ID=match.2566964.3644/Target=lcl|PJQD01000075_1_prot_POY71664_1_5732;exonerate}
755236	755163	INTRON			{GlimmerHMM_glimmerT_3957-T1;GlimmerHMM},{Augustus_model.g3302.t1;Augustus},{GeneMark_model.4221_t;GeneMark},{ev_type:exonerate/ID=match.2566964.3642/Target=lcl|KQ954469_1_prot_KWU45955_1_1672;exonerate},{ev_type:exonerate/ID=match.2566964.3644/Target=lcl|PJQD01000075_1_prot_POY71664_1_5732;exonerate}
755273	755237	internal-	5	5	{GlimmerHMM_glimmerT_3957-T1;GlimmerHMM},{Augustus_model.g3302.t1;Augustus},{GeneMark_model.4221_t;GeneMark},{ev_type:exonerate/ID=match.2566964.3642/Target=lcl|KQ954469_1_prot_KWU45955_1_1672;exonerate},{ev_type:exonerate/ID=match.2566964.3644/Target=lcl|PJQD01000075_1_prot_POY71664_1_5732;exonerate}
755375	755274	INTRON			{GlimmerHMM_glimmerT_3957-T1;GlimmerHMM},{Augustus_model.g3302.t1;Augustus},{GeneMark_model.4221_t;GeneMark},{ev_type:exonerate/ID=match.2566964.3642/Target=lcl|KQ954469_1_prot_KWU45955_1_1672;exonerate},{ev_type:exonerate/ID=match.2566964.3644/Target=lcl|PJQD01000075_1_prot_POY71664_1_5732;exonerate}
755530	755376	internal-	6	4	{GlimmerHMM_glimmerT_3957-T1;GlimmerHMM},{Augustus_model.g3302.t1;Augustus},{GeneMark_model.4221_t;GeneMark},{ev_type:exonerate/ID=match.2566964.3642/Target=lcl|KQ954469_1_prot_KWU45955_1_1672;exonerate},{ev_type:exonerate/ID=match.2566964.3644/Target=lcl|PJQD01000075_1_prot_POY71664_1_5732;exonerate}
755593	755531	INTRON			{GlimmerHMM_glimmerT_3957-T1;GlimmerHMM},{Augustus_model.g3302.t1;Augustus},{GeneMark_model.4221_t;GeneMark},{ev_type:exonerate/ID=match.2566964.3642/Target=lcl|KQ954469_1_prot_KWU45955_1_1672;exonerate},{ev_type:exonerate/ID=match.2566964.3644/Target=lcl|PJQD01000075_1_prot_POY71664_1_5732;exonerate}
755817	755594	initial-	4	5	{GlimmerHMM_glimmerT_3957-T1;GlimmerHMM},{Augustus_model.g3302.t1;Augustus},{GeneMark_model.4221_t;GeneMark}

# EVM prediction: Mode:STANDARD S-ratio: 1.53 756402-757216 orient(+) score(2151.00) noncoding_equivalent(1404.36) raw_noncoding(1936.23) offset(531.87)
756402	756570	initial+	1	1	{GlimmerHMM_glimmerT_3958-T1;GlimmerHMM}
756571	756634	INTRON			{Augustus_model.g3303.t1;Augustus},{GlimmerHMM_glimmerT_3958-T1;GlimmerHMM},{GeneMark_model.4222_t;GeneMark}
756635	756717	internal+	2	3	{Augustus_model.g3303.t1;Augustus},{GlimmerHMM_glimmerT_3958-T1;GlimmerHMM},{GeneMark_model.4222_t;GeneMark}
756718	756806	INTRON			{Augustus_model.g3303.t1;Augustus},{GlimmerHMM_glimmerT_3958-T1;GlimmerHMM},{GeneMark_model.4222_t;GeneMark}
756807	756960	internal+	1	1	{Augustus_model.g3303.t1;Augustus},{GlimmerHMM_glimmerT_3958-T1;GlimmerHMM},{GeneMark_model.4222_t;GeneMark}
756961	757063	INTRON			{Augustus_model.g3303.t1;Augustus},{GeneMark_model.4222_t;GeneMark}
757064	757127	internal+	2	2	{Augustus_model.g3303.t1;Augustus},{GeneMark_model.4222_t;GeneMark}
757128	757209	INTRON			{Augustus_model.g3303.t1;Augustus},{GeneMark_model.4222_t;GeneMark}
757210	757216	terminal+	3	3	{Augustus_model.g3303.t1;Augustus},{GeneMark_model.4222_t;GeneMark}

# EVM prediction: Mode:STANDARD S-ratio: 2.42 757575-759743 orient(-) score(10482.00) noncoding_equivalent(4336.00) raw_noncoding(4906.00) offset(570.00)
757817	757575	terminal-	4	6	{HiQ_model.g3304.t1;HiQ},{GlimmerHMM_glimmerT_3959-T1;GlimmerHMM},{GeneMark_model.4223_t;GeneMark}
757886	757818	INTRON			{HiQ_model.g3304.t1;HiQ},{GlimmerHMM_glimmerT_3959-T1;GlimmerHMM},{GeneMark_model.4223_t;GeneMark},{ev_type:exonerate/ID=match.2566964.506/Target=lcl|KQ954469_1_prot_KWU45953_1_1670;exonerate}
757963	757887	internal-	5	6	{HiQ_model.g3304.t1;HiQ},{GlimmerHMM_glimmerT_3959-T1;GlimmerHMM},{GeneMark_model.4223_t;GeneMark},{ev_type:exonerate/ID=match.2566964.506/Target=lcl|KQ954469_1_prot_KWU45953_1_1670;exonerate}
758040	757964	INTRON			{HiQ_model.g3304.t1;HiQ},{GlimmerHMM_glimmerT_3959-T1;GlimmerHMM},{GeneMark_model.4223_t;GeneMark},{ev_type:exonerate/ID=match.2566964.506/Target=lcl|KQ954469_1_prot_KWU45953_1_1670;exonerate}
758452	758041	internal-	4	4	{HiQ_model.g3304.t1;HiQ},{GlimmerHMM_glimmerT_3959-T1;GlimmerHMM},{GeneMark_model.4223_t;GeneMark},{ev_type:exonerate/ID=match.2566964.506/Target=lcl|KQ954469_1_prot_KWU45953_1_1670;exonerate}
758520	758453	INTRON			{HiQ_model.g3304.t1;HiQ},{GlimmerHMM_glimmerT_3959-T1;GlimmerHMM},{GeneMark_model.4223_t;GeneMark},{ev_type:exonerate/ID=match.2566964.506/Target=lcl|KQ954469_1_prot_KWU45953_1_1670;exonerate}
759016	758521	internal-	6	6	{HiQ_model.g3304.t1;HiQ},{GlimmerHMM_glimmerT_3959-T1;GlimmerHMM},{GeneMark_model.4223_t;GeneMark},{ev_type:exonerate/ID=match.2566964.506/Target=lcl|KQ954469_1_prot_KWU45953_1_1670;exonerate}
759087	759017	INTRON			{HiQ_model.g3304.t1;HiQ},{GlimmerHMM_glimmerT_3959-T1;GlimmerHMM},{GeneMark_model.4223_t;GeneMark},{ev_type:exonerate/ID=match.2566964.506/Target=lcl|KQ954469_1_prot_KWU45953_1_1670;exonerate}
759743	759088	initial-	4	5	{HiQ_model.g3304.t1;HiQ},{GlimmerHMM_glimmerT_3959-T1;GlimmerHMM},{GeneMark_model.4223_t;GeneMark}

# EVM prediction: Mode:STANDARD S-ratio: 8.77 760027-762099 orient(+) score(7558.00) noncoding_equivalent(862.00) raw_noncoding(879.00) offset(17.00)
760027	761365	initial+	1	1	{GeneMark_model.4224_t;GeneMark},{Augustus_model.g3305.t1;Augustus},{GlimmerHMM_glimmerT_3960-T1;GlimmerHMM}
761366	761431	INTRON			{GeneMark_model.4224_t;GeneMark},{Augustus_model.g3305.t1;Augustus},{GlimmerHMM_glimmerT_3960-T1;GlimmerHMM}
761432	762099	terminal+	2	3	{GeneMark_model.4224_t;GeneMark},{Augustus_model.g3305.t1;Augustus},{GlimmerHMM_glimmerT_3960-T1;GlimmerHMM}

# EVM prediction: Mode:STANDARD S-ratio: 2.59 762421-765045 orient(+) score(10380.00) noncoding_equivalent(4003.88) raw_noncoding(4884.00) offset(880.12)
762421	762682	initial+	1	1	{GlimmerHMM_glimmerT_3961-T1;GlimmerHMM},{GeneMark_model.4225_t;GeneMark},{Augustus_model.g3306.t1;Augustus}
762683	763127	INTRON			{GlimmerHMM_glimmerT_3961-T1;GlimmerHMM},{GeneMark_model.4225_t;GeneMark},{Augustus_model.g3306.t1;Augustus},{ev_type:exonerate/ID=match.2566964.3552/Target=lcl|KQ954469_1_prot_KWU45951_1_1668;exonerate}
763128	763191	internal+	2	2	{GlimmerHMM_glimmerT_3961-T1;GlimmerHMM},{GeneMark_model.4225_t;GeneMark},{Augustus_model.g3306.t1;Augustus},{ev_type:exonerate/ID=match.2566964.3552/Target=lcl|KQ954469_1_prot_KWU45951_1_1668;exonerate}
763192	763303	INTRON			{GlimmerHMM_glimmerT_3961-T1;GlimmerHMM},{GeneMark_model.4225_t;GeneMark},{Augustus_model.g3306.t1;Augustus},{ev_type:exonerate/ID=match.2566964.3552/Target=lcl|KQ954469_1_prot_KWU45951_1_1668;exonerate}
763304	763375	internal+	3	2	{GlimmerHMM_glimmerT_3961-T1;GlimmerHMM},{GeneMark_model.4225_t;GeneMark},{Augustus_model.g3306.t1;Augustus},{ev_type:exonerate/ID=match.2566964.3552/Target=lcl|KQ954469_1_prot_KWU45951_1_1668;exonerate}
763376	763443	INTRON			{GlimmerHMM_glimmerT_3961-T1;GlimmerHMM},{GeneMark_model.4225_t;GeneMark},{Augustus_model.g3306.t1;Augustus},{ev_type:exonerate/ID=match.2566964.3552/Target=lcl|KQ954469_1_prot_KWU45951_1_1668;exonerate}
763444	763650	internal+	3	2	{GlimmerHMM_glimmerT_3961-T1;GlimmerHMM},{GeneMark_model.4225_t;GeneMark},{Augustus_model.g3306.t1;Augustus},{ev_type:exonerate/ID=match.2566964.3552/Target=lcl|KQ954469_1_prot_KWU45951_1_1668;exonerate}
763651	763724	INTRON			{GlimmerHMM_glimmerT_3961-T1;GlimmerHMM},{GeneMark_model.4225_t;GeneMark},{Augustus_model.g3306.t1;Augustus},{ev_type:exonerate/ID=match.2566964.3552/Target=lcl|KQ954469_1_prot_KWU45951_1_1668;exonerate}
763725	763892	internal+	3	2	{GlimmerHMM_glimmerT_3961-T1;GlimmerHMM},{GeneMark_model.4225_t;GeneMark},{Augustus_model.g3306.t1;Augustus},{ev_type:exonerate/ID=match.2566964.3552/Target=lcl|KQ954469_1_prot_KWU45951_1_1668;exonerate}
763893	763972	INTRON			{GlimmerHMM_glimmerT_3961-T1;GlimmerHMM},{GeneMark_model.4225_t;GeneMark},{Augustus_model.g3306.t1;Augustus},{ev_type:exonerate/ID=match.2566964.3552/Target=lcl|KQ954469_1_prot_KWU45951_1_1668;exonerate}
763973	764081	internal+	3	3	{GlimmerHMM_glimmerT_3961-T1;GlimmerHMM},{GeneMark_model.4225_t;GeneMark},{Augustus_model.g3306.t1;Augustus},{ev_type:exonerate/ID=match.2566964.3552/Target=lcl|KQ954469_1_prot_KWU45951_1_1668;exonerate}
764082	764149	INTRON			{GlimmerHMM_glimmerT_3961-T1;GlimmerHMM},{GeneMark_model.4225_t;GeneMark},{Augustus_model.g3306.t1;Augustus},{ev_type:exonerate/ID=match.2566964.3552/Target=lcl|KQ954469_1_prot_KWU45951_1_1668;exonerate}
764150	764263	internal+	1	3	{GlimmerHMM_glimmerT_3961-T1;GlimmerHMM},{GeneMark_model.4225_t;GeneMark},{Augustus_model.g3306.t1;Augustus},{ev_type:exonerate/ID=match.2566964.3552/Target=lcl|KQ954469_1_prot_KWU45951_1_1668;exonerate}
764264	764323	INTRON			{GlimmerHMM_glimmerT_3961-T1;GlimmerHMM},{GeneMark_model.4225_t;GeneMark},{Augustus_model.g3306.t1;Augustus},{ev_type:exonerate/ID=match.2566964.3552/Target=lcl|KQ954469_1_prot_KWU45951_1_1668;exonerate}
764324	764604	internal+	1	2	{GlimmerHMM_glimmerT_3961-T1;GlimmerHMM},{GeneMark_model.4225_t;GeneMark},{Augustus_model.g3306.t1;Augustus}
764605	764669	INTRON			{GlimmerHMM_glimmerT_3961-T1;GlimmerHMM},{GeneMark_model.4225_t;GeneMark},{Augustus_model.g3306.t1;Augustus}
764670	765045	terminal+	3	3	{GlimmerHMM_glimmerT_3961-T1;GlimmerHMM},{GeneMark_model.4225_t;GeneMark},{Augustus_model.g3306.t1;Augustus}

# EVM prediction: Mode:STANDARD S-ratio: 3.15 765529-766654 orient(-) score(6566.00) noncoding_equivalent(2084.13) raw_noncoding(3250.00) offset(1165.87)
765547	765529	terminal-	6	6	{HiQ_model.g3307.t1;HiQ},{GeneMark_model.4226_t;GeneMark},{GlimmerHMM_glimmerT_3962-T1;GlimmerHMM}
765619	765548	INTRON			{HiQ_model.g3307.t1;HiQ},{GeneMark_model.4226_t;GeneMark},{GlimmerHMM_glimmerT_3962-T1;GlimmerHMM},{ev_type:exonerate/ID=match.2566964.3623/Target=lcl|KQ954469_1_prot_KWU45950_1_1667;exonerate},{ev_type:exonerate/ID=match.2566964.3620/Target=lcl|PJQD01000075_1_prot_POY71659_1_5727;exonerate}
765745	765620	internal-	6	5	{HiQ_model.g3307.t1;HiQ},{GeneMark_model.4226_t;GeneMark},{GlimmerHMM_glimmerT_3962-T1;GlimmerHMM},{ev_type:exonerate/ID=match.2566964.3623/Target=lcl|KQ954469_1_prot_KWU45950_1_1667;exonerate},{ev_type:exonerate/ID=match.2566964.3620/Target=lcl|PJQD01000075_1_prot_POY71659_1_5727;exonerate}
765834	765746	INTRON			{HiQ_model.g3307.t1;HiQ},{ev_type:exonerate/ID=match.2566964.3623/Target=lcl|KQ954469_1_prot_KWU45950_1_1667;exonerate},{ev_type:exonerate/ID=match.2566964.3620/Target=lcl|PJQD01000075_1_prot_POY71659_1_5727;exonerate}
765974	765835	internal-	4	5	{HiQ_model.g3307.t1;HiQ},{ev_type:exonerate/ID=match.2566964.3623/Target=lcl|KQ954469_1_prot_KWU45950_1_1667;exonerate},{ev_type:exonerate/ID=match.2566964.3620/Target=lcl|PJQD01000075_1_prot_POY71659_1_5727;exonerate}
766042	765975	INTRON			{HiQ_model.g3307.t1;HiQ},{GeneMark_model.4226_t;GeneMark},{GlimmerHMM_glimmerT_3962-T1;GlimmerHMM},{ev_type:exonerate/ID=match.2566964.3623/Target=lcl|KQ954469_1_prot_KWU45950_1_1667;exonerate},{ev_type:exonerate/ID=match.2566964.3620/Target=lcl|PJQD01000075_1_prot_POY71659_1_5727;exonerate}
766124	766043	internal-	6	6	{HiQ_model.g3307.t1;HiQ},{GeneMark_model.4226_t;GeneMark},{GlimmerHMM_glimmerT_3962-T1;GlimmerHMM},{ev_type:exonerate/ID=match.2566964.3623/Target=lcl|KQ954469_1_prot_KWU45950_1_1667;exonerate},{ev_type:exonerate/ID=match.2566964.3620/Target=lcl|PJQD01000075_1_prot_POY71659_1_5727;exonerate}
766197	766125	INTRON			{HiQ_model.g3307.t1;HiQ},{GeneMark_model.4226_t;GeneMark},{GlimmerHMM_glimmerT_3962-T1;GlimmerHMM},{ev_type:exonerate/ID=match.2566964.3623/Target=lcl|KQ954469_1_prot_KWU45950_1_1667;exonerate},{ev_type:exonerate/ID=match.2566964.3620/Target=lcl|PJQD01000075_1_prot_POY71659_1_5727;exonerate}
766299	766198	internal-	6	5	{HiQ_model.g3307.t1;HiQ},{GeneMark_model.4226_t;GeneMark},{GlimmerHMM_glimmerT_3962-T1;GlimmerHMM},{ev_type:exonerate/ID=match.2566964.3623/Target=lcl|KQ954469_1_prot_KWU45950_1_1667;exonerate},{ev_type:exonerate/ID=match.2566964.3620/Target=lcl|PJQD01000075_1_prot_POY71659_1_5727;exonerate}
766374	766300	INTRON			{HiQ_model.g3307.t1;HiQ},{GeneMark_model.4226_t;GeneMark},{GlimmerHMM_glimmerT_3962-T1;GlimmerHMM},{ev_type:exonerate/ID=match.2566964.3623/Target=lcl|KQ954469_1_prot_KWU45950_1_1667;exonerate},{ev_type:exonerate/ID=match.2566964.3620/Target=lcl|PJQD01000075_1_prot_POY71659_1_5727;exonerate}
766457	766375	internal-	4	5	{HiQ_model.g3307.t1;HiQ},{GeneMark_model.4226_t;GeneMark},{GlimmerHMM_glimmerT_3962-T1;GlimmerHMM},{ev_type:exonerate/ID=match.2566964.3623/Target=lcl|KQ954469_1_prot_KWU45950_1_1667;exonerate},{ev_type:exonerate/ID=match.2566964.3620/Target=lcl|PJQD01000075_1_prot_POY71659_1_5727;exonerate}
766576	766458	INTRON			{HiQ_model.g3307.t1;HiQ},{GeneMark_model.4226_t;GeneMark},{GlimmerHMM_glimmerT_3962-T1;GlimmerHMM},{ev_type:exonerate/ID=match.2566964.3623/Target=lcl|KQ954469_1_prot_KWU45950_1_1667;exonerate},{ev_type:exonerate/ID=match.2566964.3620/Target=lcl|PJQD01000075_1_prot_POY71659_1_5727;exonerate}
766654	766577	initial-	4	6	{HiQ_model.g3307.t1;HiQ},{GeneMark_model.4226_t;GeneMark},{GlimmerHMM_glimmerT_3962-T1;GlimmerHMM}

# EVM prediction: Mode:STANDARD S-ratio: 2.82 767911-772127 orient(+) score(12864.00) noncoding_equivalent(4557.67) raw_noncoding(6287.96) offset(1730.28)
767911	768745	initial+	1	1	{GlimmerHMM_glimmerT_3963-T1;GlimmerHMM}
768746	769527	INTRON			{Augustus_model.g3308.t1;Augustus},{GlimmerHMM_glimmerT_3963-T1;GlimmerHMM}
769528	769711	internal+	2	2	{Augustus_model.g3308.t1;Augustus},{GlimmerHMM_glimmerT_3963-T1;GlimmerHMM}
769712	769856	INTRON			{GeneMark_model.4228_t;GeneMark},{Augustus_model.g3308.t1;Augustus},{GlimmerHMM_glimmerT_3963-T1;GlimmerHMM}
769857	769953	internal+	3	3	{GeneMark_model.4228_t;GeneMark},{Augustus_model.g3308.t1;Augustus},{GlimmerHMM_glimmerT_3963-T1;GlimmerHMM}
769954	770024	INTRON			{GeneMark_model.4228_t;GeneMark},{Augustus_model.g3308.t1;Augustus},{GlimmerHMM_glimmerT_3963-T1;GlimmerHMM}
770025	770201	internal+	1	3	{GeneMark_model.4228_t;GeneMark},{Augustus_model.g3308.t1;Augustus},{GlimmerHMM_glimmerT_3963-T1;GlimmerHMM}
770202	770269	INTRON			{GeneMark_model.4228_t;GeneMark},{Augustus_model.g3308.t1;Augustus},{GlimmerHMM_glimmerT_3963-T1;GlimmerHMM}
770270	770373	internal+	1	2	{GeneMark_model.4228_t;GeneMark},{Augustus_model.g3308.t1;Augustus}
770374	770434	INTRON			{GeneMark_model.4228_t;GeneMark},{Augustus_model.g3308.t1;Augustus}
770435	772127	terminal+	3	3	{snap_scaffold_9-snap.322-T1;snap},{GeneMark_model.4228_t;GeneMark}

# EVM prediction: Mode:STANDARD S-ratio: 4.42 772744-776339 orient(+) score(15456.00) noncoding_equivalent(3498.17) raw_noncoding(5045.00) offset(1546.83)
772744	772992	initial+	1	3	{GeneMark_model.4229_t;GeneMark},{GlimmerHMM_glimmerT_3965-T1;GlimmerHMM}
772993	773406	INTRON			{GeneMark_model.4229_t;GeneMark},{GlimmerHMM_glimmerT_3965-T1;GlimmerHMM}
773407	773478	internal+	1	3	{GeneMark_model.4229_t;GeneMark},{GlimmerHMM_glimmerT_3965-T1;GlimmerHMM},{Augustus_model.g3308.t1;Augustus}
773479	773689	INTRON			{GeneMark_model.4229_t;GeneMark},{GlimmerHMM_glimmerT_3965-T1;GlimmerHMM},{Augustus_model.g3308.t1;Augustus}
773690	774074	internal+	1	1	{GeneMark_model.4229_t;GeneMark},{GlimmerHMM_glimmerT_3965-T1;GlimmerHMM},{Augustus_model.g3308.t1;Augustus}
774075	774166	INTRON			{GeneMark_model.4229_t;GeneMark},{GlimmerHMM_glimmerT_3965-T1;GlimmerHMM},{Augustus_model.g3308.t1;Augustus},{ev_type:exonerate/ID=match.2566964.3497/Target=lcl|PJQD01000075_1_prot_POY71655_1_5723;exonerate}
774167	774255	internal+	2	3	{GeneMark_model.4229_t;GeneMark},{GlimmerHMM_glimmerT_3965-T1;GlimmerHMM},{Augustus_model.g3308.t1;Augustus},{ev_type:exonerate/ID=match.2566964.3497/Target=lcl|PJQD01000075_1_prot_POY71655_1_5723;exonerate}
774256	774414	INTRON			{Augustus_model.g3308.t1;Augustus},{ev_type:exonerate/ID=match.2566964.3497/Target=lcl|PJQD01000075_1_prot_POY71655_1_5723;exonerate}
774415	775746	internal+	1	3	{Augustus_model.g3308.t1;Augustus},{ev_type:exonerate/ID=match.2566964.3497/Target=lcl|PJQD01000075_1_prot_POY71655_1_5723;exonerate}
775747	775820	INTRON			{GeneMark_model.4229_t;GeneMark},{GlimmerHMM_glimmerT_3965-T1;GlimmerHMM},{Augustus_model.g3308.t1;Augustus},{ev_type:exonerate/ID=match.2566964.3526/Target=lcl|KQ954469_1_prot_KWU45947_1_1664;exonerate},{ev_type:exonerate/ID=match.2566964.3497/Target=lcl|PJQD01000075_1_prot_POY71655_1_5723;exonerate}
775821	776339	terminal+	1	3	{GeneMark_model.4229_t;GeneMark},{GlimmerHMM_glimmerT_3965-T1;GlimmerHMM},{Augustus_model.g3308.t1;Augustus}

# EVM prediction: Mode:STANDARD S-ratio: 5.74 776891-779467 orient(-) score(9150.00) noncoding_equivalent(1594.27) raw_noncoding(1833.00) offset(238.73)
778315	776891	terminal-	4	6	{GeneMark_model.4230_t;GeneMark},{Augustus_model.g3309.t1;Augustus},{GlimmerHMM_glimmerT_3966-T1;GlimmerHMM}
778393	778316	INTRON			{GeneMark_model.4230_t;GeneMark},{Augustus_model.g3309.t1;Augustus},{GlimmerHMM_glimmerT_3966-T1;GlimmerHMM}
778563	778394	internal-	5	6	{GeneMark_model.4230_t;GeneMark},{Augustus_model.g3309.t1;Augustus},{GlimmerHMM_glimmerT_3966-T1;GlimmerHMM}
778623	778564	INTRON			{GeneMark_model.4230_t;GeneMark},{Augustus_model.g3309.t1;Augustus},{GlimmerHMM_glimmerT_3966-T1;GlimmerHMM}
779136	778624	internal-	5	4	{GeneMark_model.4230_t;GeneMark},{Augustus_model.g3309.t1;Augustus},{GlimmerHMM_glimmerT_3966-T1;GlimmerHMM}
779223	779137	INTRON			{GeneMark_model.4230_t;GeneMark},{Augustus_model.g3309.t1;Augustus},{GlimmerHMM_glimmerT_3966-T1;GlimmerHMM}
779467	779224	initial-	4	4	{Augustus_model.g3309.t1;Augustus},{GlimmerHMM_glimmerT_3966-T1;GlimmerHMM}

# EVM prediction: Mode:STANDARD S-ratio: 1.73 779874-781574 orient(-) score(4319.00) noncoding_equivalent(2492.67) raw_noncoding(4011.00) offset(1518.33)
780253	779874	terminal-	5	6	{Augustus_model.g3310.t1;Augustus},{GlimmerHMM_glimmerT_3967-T1;GlimmerHMM},{GeneMark_model.4231_t;GeneMark}
780322	780254	INTRON			{Augustus_model.g3310.t1;Augustus},{GlimmerHMM_glimmerT_3967-T1;GlimmerHMM},{GeneMark_model.4231_t;GeneMark}
780378	780323	internal-	6	4	{Augustus_model.g3310.t1;Augustus},{GlimmerHMM_glimmerT_3967-T1;GlimmerHMM},{GeneMark_model.4231_t;GeneMark}
780442	780379	INTRON			{Augustus_model.g3310.t1;Augustus},{GlimmerHMM_glimmerT_3967-T1;GlimmerHMM},{GeneMark_model.4231_t;GeneMark}
780501	780443	internal-	4	5	{Augustus_model.g3310.t1;Augustus},{GlimmerHMM_glimmerT_3967-T1;GlimmerHMM},{GeneMark_model.4231_t;GeneMark}
780576	780502	INTRON			{Augustus_model.g3310.t1;Augustus},{GlimmerHMM_glimmerT_3967-T1;GlimmerHMM},{GeneMark_model.4231_t;GeneMark}
780694	780577	internal-	6	6	{Augustus_model.g3310.t1;Augustus},{GlimmerHMM_glimmerT_3967-T1;GlimmerHMM},{GeneMark_model.4231_t;GeneMark}
780757	780695	INTRON			{Augustus_model.g3310.t1;Augustus}
780778	780758	internal-	6	5	{Augustus_model.g3310.t1;Augustus}
780915	780779	INTRON			{Augustus_model.g3310.t1;Augustus}
780993	780916	internal-	6	5	{Augustus_model.g3310.t1;Augustus},{GeneMark_model.4231_t;GeneMark}
781076	780994	INTRON			{Augustus_model.g3310.t1;Augustus},{GeneMark_model.4231_t;GeneMark}
781126	781077	internal-	4	5	{Augustus_model.g3310.t1;Augustus},{GeneMark_model.4231_t;GeneMark}
781225	781127	INTRON			{Augustus_model.g3310.t1;Augustus},{GeneMark_model.4231_t;GeneMark}
781247	781226	internal-	6	6	{Augustus_model.g3310.t1;Augustus},{GeneMark_model.4231_t;GeneMark}
781419	781248	INTRON			{Augustus_model.g3310.t1;Augustus},{GeneMark_model.4231_t;GeneMark}
781574	781420	initial-	4	5	{GlimmerHMM_glimmerT_3967-T1;GlimmerHMM},{GeneMark_model.4231_t;GeneMark}

# EVM prediction: Mode:STANDARD S-ratio: 3.87 782579-784233 orient(-) score(5459.00) noncoding_equivalent(1411.00) raw_noncoding(1486.74) offset(75.74)
782787	782579	terminal-	5	6	{GeneMark_model.4232_t;GeneMark},{Augustus_model.g3311.t1;Augustus},{GlimmerHMM_glimmerT_3968-T1;GlimmerHMM}
782853	782788	INTRON			{GeneMark_model.4232_t;GeneMark},{Augustus_model.g3311.t1;Augustus},{GlimmerHMM_glimmerT_3968-T1;GlimmerHMM}
783319	782854	internal-	4	4	{GeneMark_model.4232_t;GeneMark},{Augustus_model.g3311.t1;Augustus},{GlimmerHMM_glimmerT_3968-T1;GlimmerHMM}
783384	783320	INTRON			{GeneMark_model.4232_t;GeneMark},{Augustus_model.g3311.t1;Augustus},{GlimmerHMM_glimmerT_3968-T1;GlimmerHMM}
784233	783385	initial-	4	6	{GeneMark_model.4232_t;GeneMark}

# EVM prediction: Mode:STANDARD S-ratio: 2.84 784522-788187 orient(-) score(11850.00) noncoding_equivalent(4174.94) raw_noncoding(5094.51) offset(919.57)
784757	784522	terminal-	5	6	{GeneMark_model.4233_t;GeneMark}
784831	784758	INTRON			{GeneMark_model.4233_t;GeneMark},{GlimmerHMM_glimmerT_3968-T1;GlimmerHMM}
785639	784832	internal-	4	4	{GeneMark_model.4233_t;GeneMark},{GlimmerHMM_glimmerT_3968-T1;GlimmerHMM}
785703	785640	INTRON			{Augustus_model.g3311.t1;Augustus},{GeneMark_model.4233_t;GeneMark},{GlimmerHMM_glimmerT_3968-T1;GlimmerHMM}
785902	785704	internal-	6	6	{Augustus_model.g3311.t1;Augustus},{GeneMark_model.4233_t;GeneMark},{GlimmerHMM_glimmerT_3968-T1;GlimmerHMM}
785967	785903	INTRON			{Augustus_model.g3311.t1;Augustus},{GeneMark_model.4233_t;GeneMark},{GlimmerHMM_glimmerT_3968-T1;GlimmerHMM}
786793	785968	internal-	5	5	{Augustus_model.g3311.t1;Augustus},{GeneMark_model.4233_t;GeneMark}
786852	786794	INTRON			{Augustus_model.g3311.t1;Augustus},{GeneMark_model.4233_t;GeneMark}
787481	786853	internal-	6	4	{Augustus_model.g3311.t1;Augustus},{GlimmerHMM_glimmerT_3968-T1;GlimmerHMM}
787547	787482	INTRON			{Augustus_model.g3311.t1;Augustus},{GeneMark_model.4233_t;GeneMark},{GlimmerHMM_glimmerT_3968-T1;GlimmerHMM}
787617	787548	internal-	5	5	{Augustus_model.g3311.t1;Augustus},{GeneMark_model.4233_t;GeneMark},{GlimmerHMM_glimmerT_3968-T1;GlimmerHMM}
788111	787618	INTRON			{Augustus_model.g3311.t1;Augustus},{GeneMark_model.4233_t;GeneMark},{GlimmerHMM_glimmerT_3968-T1;GlimmerHMM}
788187	788112	initial-	4	4	{Augustus_model.g3311.t1;Augustus},{GeneMark_model.4233_t;GeneMark},{GlimmerHMM_glimmerT_3968-T1;GlimmerHMM}

# EVM prediction: Mode:STANDARD S-ratio: 3.54 788832-790029 orient(-) score(7477.00) noncoding_equivalent(2110.02) raw_noncoding(2359.00) offset(248.98)
789110	788832	terminal-	4	6	{snap_scaffold_9-snap.329-T1;snap},{GlimmerHMM_glimmerT_3969-T1;GlimmerHMM},{GeneMark_model.4234_t;GeneMark},{HiQ_model.g3312.t1;HiQ}
789170	789111	INTRON			{GlimmerHMM_glimmerT_3969-T1;GlimmerHMM},{GeneMark_model.4234_t;GeneMark},{HiQ_model.g3312.t1;HiQ},{ev_type:exonerate/ID=match.2566964.3608/Target=lcl|NW_017264937_1_prot_XP_018269774_1_5177;exonerate},{ev_type:exonerate/ID=match.2566964.3585/Target=lcl|KQ954469_1_prot_KWU45927_1_1644;exonerate},{ev_type:exonerate/ID=match.2566964.3605/Target=lcl|LCTV02000006_1_prot_PRQ74393_1_6378;exonerate}
789293	789171	internal-	4	6	{GlimmerHMM_glimmerT_3969-T1;GlimmerHMM},{GeneMark_model.4234_t;GeneMark},{HiQ_model.g3312.t1;HiQ},{ev_type:exonerate/ID=match.2566964.3608/Target=lcl|NW_017264937_1_prot_XP_018269774_1_5177;exonerate},{ev_type:exonerate/ID=match.2566964.3585/Target=lcl|KQ954469_1_prot_KWU45927_1_1644;exonerate},{ev_type:exonerate/ID=match.2566964.3605/Target=lcl|LCTV02000006_1_prot_PRQ74393_1_6378;exonerate}
789357	789294	INTRON			{GlimmerHMM_glimmerT_3969-T1;GlimmerHMM},{GeneMark_model.4234_t;GeneMark},{HiQ_model.g3312.t1;HiQ},{ev_type:exonerate/ID=match.2566964.3608/Target=lcl|NW_017264937_1_prot_XP_018269774_1_5177;exonerate},{ev_type:exonerate/ID=match.2566964.3585/Target=lcl|KQ954469_1_prot_KWU45927_1_1644;exonerate},{ev_type:exonerate/ID=match.2566964.3605/Target=lcl|LCTV02000006_1_prot_PRQ74393_1_6378;exonerate}
790029	789358	initial-	4	6	{GlimmerHMM_glimmerT_3969-T1;GlimmerHMM},{GeneMark_model.4234_t;GeneMark},{HiQ_model.g3312.t1;HiQ}

# EVM prediction: Mode:STANDARD S-ratio: 4.17 790429-792540 orient(-) score(6811.00) noncoding_equivalent(1633.78) raw_noncoding(2172.00) offset(538.22)
791791	790429	terminal-	6	6	{GeneMark_model.4235_t;GeneMark},{Augustus_model.g3313.t1;Augustus}
791856	791792	INTRON			{GeneMark_model.4235_t;GeneMark},{Augustus_model.g3313.t1;Augustus}
791936	791857	internal-	4	5	{GeneMark_model.4235_t;GeneMark},{Augustus_model.g3313.t1;Augustus}
792008	791937	INTRON			{GeneMark_model.4235_t;GeneMark},{Augustus_model.g3313.t1;Augustus}
792226	792009	internal-	5	6	{GeneMark_model.4235_t;GeneMark},{Augustus_model.g3313.t1;Augustus}
792291	792227	INTRON			{GeneMark_model.4235_t;GeneMark},{Augustus_model.g3313.t1;Augustus}
792318	792292	internal-	5	4	{GeneMark_model.4235_t;GeneMark},{Augustus_model.g3313.t1;Augustus}
792416	792319	INTRON			{GeneMark_model.4235_t;GeneMark},{Augustus_model.g3313.t1;Augustus}
792540	792417	initial-	4	4	{GeneMark_model.4235_t;GeneMark},{Augustus_model.g3313.t1;Augustus}

# EVM prediction: Mode:STANDARD S-ratio: 5.12 793565-796568 orient(-) score(10966.00) noncoding_equivalent(2142.88) raw_noncoding(2503.00) offset(360.12)
795704	793565	terminal-	6	6	{GlimmerHMM_glimmerT_3971-T1;GlimmerHMM},{snap_scaffold_9-snap.331-T1;snap},{GeneMark_model.4236_t;GeneMark}
795767	795705	INTRON			{GlimmerHMM_glimmerT_3971-T1;GlimmerHMM},{GeneMark_model.4236_t;GeneMark},{Augustus_model.g3314.t1;Augustus}
795903	795768	internal-	5	5	{GlimmerHMM_glimmerT_3971-T1;GlimmerHMM},{GeneMark_model.4236_t;GeneMark},{Augustus_model.g3314.t1;Augustus}
795965	795904	INTRON			{GlimmerHMM_glimmerT_3971-T1;GlimmerHMM},{GeneMark_model.4236_t;GeneMark},{Augustus_model.g3314.t1;Augustus},{ev_type:exonerate/ID=match.2566964.3647/Target=lcl|KQ954469_1_prot_KWU46051_1_1768;exonerate}
796044	795966	internal-	4	4	{GlimmerHMM_glimmerT_3971-T1;GlimmerHMM},{GeneMark_model.4236_t;GeneMark},{Augustus_model.g3314.t1;Augustus},{ev_type:exonerate/ID=match.2566964.3647/Target=lcl|KQ954469_1_prot_KWU46051_1_1768;exonerate}
796110	796045	INTRON			{GlimmerHMM_glimmerT_3971-T1;GlimmerHMM},{GeneMark_model.4236_t;GeneMark},{Augustus_model.g3314.t1;Augustus},{ev_type:exonerate/ID=match.2566964.3647/Target=lcl|KQ954469_1_prot_KWU46051_1_1768;exonerate}
796215	796111	internal-	4	6	{GlimmerHMM_glimmerT_3971-T1;GlimmerHMM},{GeneMark_model.4236_t;GeneMark},{Augustus_model.g3314.t1;Augustus}
796367	796216	INTRON			{GlimmerHMM_glimmerT_3971-T1;GlimmerHMM},{GeneMark_model.4236_t;GeneMark},{Augustus_model.g3314.t1;Augustus}
796568	796368	initial-	4	6	{GlimmerHMM_glimmerT_3971-T1;GlimmerHMM},{GeneMark_model.4236_t;GeneMark},{Augustus_model.g3314.t1;Augustus}

# EVM prediction: Mode:STANDARD S-ratio: 2.11 797593-798971 orient(+) score(4344.00) noncoding_equivalent(2056.00) raw_noncoding(2528.00) offset(472.00)
797593	797633	initial+	1	2	{Augustus_model.g3315.t1;Augustus}
797634	797731	INTRON			{Augustus_model.g3315.t1;Augustus},{GeneMark_model.4237_t;GeneMark},{GlimmerHMM_glimmerT_3972-T1;GlimmerHMM}
797732	797867	internal+	3	3	{Augustus_model.g3315.t1;Augustus},{GeneMark_model.4237_t;GeneMark},{GlimmerHMM_glimmerT_3972-T1;GlimmerHMM}
797868	798026	INTRON			{Augustus_model.g3315.t1;Augustus},{GeneMark_model.4237_t;GeneMark},{GlimmerHMM_glimmerT_3972-T1;GlimmerHMM}
798027	798178	internal+	1	2	{Augustus_model.g3315.t1;Augustus},{GeneMark_model.4237_t;GeneMark},{GlimmerHMM_glimmerT_3972-T1;GlimmerHMM}
798179	798242	INTRON			{Augustus_model.g3315.t1;Augustus},{GeneMark_model.4237_t;GeneMark},{GlimmerHMM_glimmerT_3972-T1;GlimmerHMM}
798243	798405	internal+	3	3	{Augustus_model.g3315.t1;Augustus},{GeneMark_model.4237_t;GeneMark},{GlimmerHMM_glimmerT_3972-T1;GlimmerHMM}
798406	798477	INTRON			{Augustus_model.g3315.t1;Augustus},{GeneMark_model.4237_t;GeneMark},{GlimmerHMM_glimmerT_3972-T1;GlimmerHMM}
798478	798601	internal+	1	1	{Augustus_model.g3315.t1;Augustus},{GeneMark_model.4237_t;GeneMark},{GlimmerHMM_glimmerT_3972-T1;GlimmerHMM}
798602	798660	INTRON			{Augustus_model.g3315.t1;Augustus},{GeneMark_model.4237_t;GeneMark},{GlimmerHMM_glimmerT_3972-T1;GlimmerHMM}
798661	798971	terminal+	2	3	{Augustus_model.g3315.t1;Augustus},{GeneMark_model.4237_t;GeneMark},{GlimmerHMM_glimmerT_3972-T1;GlimmerHMM}

# EVM prediction: Mode:STANDARD S-ratio: 5.34 799132-801472 orient(-) score(7992.00) noncoding_equivalent(1496.76) raw_noncoding(1648.00) offset(151.24)
800658	799132	terminal-	4	6	{GeneMark_model.4238_t;GeneMark}
800717	800659	INTRON			{Augustus_model.g3316.t1;Augustus},{GeneMark_model.4238_t;GeneMark}
801164	800718	internal-	4	6	{Augustus_model.g3316.t1;Augustus},{GeneMark_model.4238_t;GeneMark}
801229	801165	INTRON			{GlimmerHMM_glimmerT_3973-T1;GlimmerHMM},{Augustus_model.g3316.t1;Augustus},{GeneMark_model.4238_t;GeneMark}
801472	801230	initial-	4	6	{GlimmerHMM_glimmerT_3973-T1;GlimmerHMM},{Augustus_model.g3316.t1;Augustus},{GeneMark_model.4238_t;GeneMark}

# EVM prediction: Mode:STANDARD S-ratio: 2.17 801697-806046 orient(+) score(13091.00) noncoding_equivalent(6036.37) raw_noncoding(7746.00) offset(1709.63)
801697	801851	initial+	1	2	{GeneMark_model.4239_t;GeneMark},{Augustus_model.g3317.t1;Augustus},{GlimmerHMM_glimmerT_3974-T1;GlimmerHMM}
801852	801914	INTRON			{GeneMark_model.4239_t;GeneMark},{Augustus_model.g3317.t1;Augustus}
801915	801959	internal+	3	2	{GeneMark_model.4239_t;GeneMark},{Augustus_model.g3317.t1;Augustus}
801960	802021	INTRON			{GeneMark_model.4239_t;GeneMark},{Augustus_model.g3317.t1;Augustus}
802022	802129	internal+	3	2	{GeneMark_model.4239_t;GeneMark},{Augustus_model.g3317.t1;Augustus}
802130	802187	INTRON			{GeneMark_model.4239_t;GeneMark},{Augustus_model.g3317.t1;Augustus}
802188	802236	internal+	3	3	{GeneMark_model.4239_t;GeneMark},{Augustus_model.g3317.t1;Augustus}
802237	802297	INTRON			{GeneMark_model.4239_t;GeneMark},{Augustus_model.g3317.t1;Augustus}
802298	802485	internal+	1	2	{GeneMark_model.4239_t;GeneMark},{Augustus_model.g3317.t1;Augustus},{GlimmerHMM_glimmerT_3974-T1;GlimmerHMM}
802486	802575	INTRON			{GeneMark_model.4239_t;GeneMark},{Augustus_model.g3317.t1;Augustus}
802576	802681	internal+	3	3	{GeneMark_model.4239_t;GeneMark},{Augustus_model.g3317.t1;Augustus}
802682	802742	INTRON			{GeneMark_model.4239_t;GeneMark},{Augustus_model.g3317.t1;Augustus}
802743	803007	internal+	1	1	{GeneMark_model.4239_t;GeneMark},{Augustus_model.g3317.t1;Augustus}
803008	803070	INTRON			{GeneMark_model.4239_t;GeneMark},{Augustus_model.g3317.t1;Augustus},{GlimmerHMM_glimmerT_3974-T1;GlimmerHMM}
803071	803233	internal+	2	2	{GeneMark_model.4239_t;GeneMark},{Augustus_model.g3317.t1;Augustus},{GlimmerHMM_glimmerT_3974-T1;GlimmerHMM}
803234	803315	INTRON			{GeneMark_model.4239_t;GeneMark},{Augustus_model.g3317.t1;Augustus},{GlimmerHMM_glimmerT_3974-T1;GlimmerHMM}
803316	803433	internal+	3	3	{GeneMark_model.4239_t;GeneMark},{Augustus_model.g3317.t1;Augustus},{GlimmerHMM_glimmerT_3974-T1;GlimmerHMM}
803434	803525	INTRON			{GeneMark_model.4239_t;GeneMark},{Augustus_model.g3317.t1;Augustus},{GlimmerHMM_glimmerT_3974-T1;GlimmerHMM}
803526	803620	internal+	1	2	{GeneMark_model.4239_t;GeneMark},{Augustus_model.g3317.t1;Augustus},{GlimmerHMM_glimmerT_3974-T1;GlimmerHMM}
803621	803685	INTRON			{GeneMark_model.4239_t;GeneMark},{Augustus_model.g3317.t1;Augustus},{GlimmerHMM_glimmerT_3974-T1;GlimmerHMM}
803686	803790	internal+	3	2	{GeneMark_model.4239_t;GeneMark},{Augustus_model.g3317.t1;Augustus},{GlimmerHMM_glimmerT_3974-T1;GlimmerHMM}
803791	803866	INTRON			{GeneMark_model.4239_t;GeneMark},{Augustus_model.g3317.t1;Augustus},{GlimmerHMM_glimmerT_3974-T1;GlimmerHMM}
803867	804015	internal+	3	1	{GeneMark_model.4239_t;GeneMark},{Augustus_model.g3317.t1;Augustus},{GlimmerHMM_glimmerT_3974-T1;GlimmerHMM}
804016	804083	INTRON			{GeneMark_model.4239_t;GeneMark},{Augustus_model.g3317.t1;Augustus},{GlimmerHMM_glimmerT_3974-T1;GlimmerHMM}
804084	804208	internal+	2	3	{GeneMark_model.4239_t;GeneMark},{Augustus_model.g3317.t1;Augustus},{GlimmerHMM_glimmerT_3974-T1;GlimmerHMM}
804209	804271	INTRON			{GeneMark_model.4239_t;GeneMark},{Augustus_model.g3317.t1;Augustus},{GlimmerHMM_glimmerT_3974-T1;GlimmerHMM}
804272	804346	internal+	1	3	{GeneMark_model.4239_t;GeneMark},{Augustus_model.g3317.t1;Augustus}
804347	804413	INTRON			{GeneMark_model.4239_t;GeneMark},{Augustus_model.g3317.t1;Augustus}
804414	804735	internal+	1	1	{GeneMark_model.4239_t;GeneMark},{Augustus_model.g3317.t1;Augustus}
804736	804796	INTRON			{GeneMark_model.4239_t;GeneMark},{Augustus_model.g3317.t1;Augustus},{GlimmerHMM_glimmerT_3974-T1;GlimmerHMM}
804797	805104	internal+	2	3	{GeneMark_model.4239_t;GeneMark},{Augustus_model.g3317.t1;Augustus},{GlimmerHMM_glimmerT_3974-T1;GlimmerHMM}
805105	805175	INTRON			{GeneMark_model.4239_t;GeneMark},{Augustus_model.g3317.t1;Augustus},{GlimmerHMM_glimmerT_3974-T1;GlimmerHMM}
805176	805340	internal+	1	3	{GeneMark_model.4239_t;GeneMark},{Augustus_model.g3317.t1;Augustus},{GlimmerHMM_glimmerT_3974-T1;GlimmerHMM}
805341	805399	INTRON			{GeneMark_model.4239_t;GeneMark},{Augustus_model.g3317.t1;Augustus},{GlimmerHMM_glimmerT_3974-T1;GlimmerHMM}
805400	805467	internal+	1	2	{GeneMark_model.4239_t;GeneMark},{Augustus_model.g3317.t1;Augustus},{GlimmerHMM_glimmerT_3974-T1;GlimmerHMM}
805468	805529	INTRON			{GeneMark_model.4239_t;GeneMark},{Augustus_model.g3317.t1;Augustus},{GlimmerHMM_glimmerT_3974-T1;GlimmerHMM}
805530	805712	internal+	3	2	{GeneMark_model.4239_t;GeneMark},{Augustus_model.g3317.t1;Augustus},{GlimmerHMM_glimmerT_3974-T1;GlimmerHMM}
805713	805779	INTRON			{GeneMark_model.4239_t;GeneMark},{Augustus_model.g3317.t1;Augustus},{GlimmerHMM_glimmerT_3974-T1;GlimmerHMM}
805780	805926	internal+	3	2	{GeneMark_model.4239_t;GeneMark},{Augustus_model.g3317.t1;Augustus},{GlimmerHMM_glimmerT_3974-T1;GlimmerHMM}
805927	805991	INTRON			{GeneMark_model.4239_t;GeneMark},{Augustus_model.g3317.t1;Augustus},{GlimmerHMM_glimmerT_3974-T1;GlimmerHMM}
805992	806046	terminal+	3	3	{GeneMark_model.4239_t;GeneMark},{Augustus_model.g3317.t1;Augustus},{GlimmerHMM_glimmerT_3974-T1;GlimmerHMM}

# EVM prediction: Mode:STANDARD S-ratio: 2.40 807399-808494 orient(+) score(3288.00) noncoding_equivalent(1372.00) raw_noncoding(1522.00) offset(150.00)
807399	807625	initial+	1	2	{GlimmerHMM_glimmerT_3975-T1;GlimmerHMM},{GeneMark_model.4240_t;GeneMark},{Augustus_model.g3318.t1;Augustus}
807626	807705	INTRON			{GlimmerHMM_glimmerT_3975-T1;GlimmerHMM},{GeneMark_model.4240_t;GeneMark},{Augustus_model.g3318.t1;Augustus}
807706	808283	internal+	3	1	{GlimmerHMM_glimmerT_3975-T1;GlimmerHMM},{GeneMark_model.4240_t;GeneMark},{Augustus_model.g3318.t1;Augustus}
808284	808345	INTRON			{GlimmerHMM_glimmerT_3975-T1;GlimmerHMM},{GeneMark_model.4240_t;GeneMark},{Augustus_model.g3318.t1;Augustus}
808346	808494	terminal+	2	3	{GlimmerHMM_glimmerT_3975-T1;GlimmerHMM},{GeneMark_model.4240_t;GeneMark},{Augustus_model.g3318.t1;Augustus}

# EVM prediction: Mode:STANDARD S-ratio: 2.88 809009-812513 orient(-) score(10680.00) noncoding_equivalent(3703.88) raw_noncoding(4366.00) offset(662.12)
809438	809009	terminal-	6	6	{Augustus_model.g3319.t1;Augustus},{GeneMark_model.4241_t;GeneMark},{GlimmerHMM_glimmerT_3976-T1;GlimmerHMM}
809502	809439	INTRON			{Augustus_model.g3319.t1;Augustus},{GeneMark_model.4241_t;GeneMark},{GlimmerHMM_glimmerT_3976-T1;GlimmerHMM}
809899	809503	internal-	5	5	{Augustus_model.g3319.t1;Augustus},{GeneMark_model.4241_t;GeneMark},{GlimmerHMM_glimmerT_3976-T1;GlimmerHMM}
809962	809900	INTRON			{Augustus_model.g3319.t1;Augustus},{GeneMark_model.4241_t;GeneMark},{GlimmerHMM_glimmerT_3976-T1;GlimmerHMM}
810666	809963	internal-	6	4	{Augustus_model.g3319.t1;Augustus},{GeneMark_model.4241_t;GeneMark}
810739	810667	INTRON			{Augustus_model.g3319.t1;Augustus},{GeneMark_model.4241_t;GeneMark}
811664	810740	internal-	5	5	{GeneMark_model.4241_t;GeneMark}
811728	811665	INTRON			{Augustus_model.g3319.t1;Augustus},{GeneMark_model.4241_t;GeneMark},{GlimmerHMM_glimmerT_3976-T1;GlimmerHMM}
811820	811729	internal-	6	4	{Augustus_model.g3319.t1;Augustus},{GeneMark_model.4241_t;GeneMark}
811891	811821	INTRON			{Augustus_model.g3319.t1;Augustus},{GeneMark_model.4241_t;GeneMark}
811983	811892	internal-	4	5	{Augustus_model.g3319.t1;Augustus},{GeneMark_model.4241_t;GeneMark},{GlimmerHMM_glimmerT_3976-T1;GlimmerHMM}
812063	811984	INTRON			{Augustus_model.g3319.t1;Augustus},{GeneMark_model.4241_t;GeneMark}
812093	812064	internal-	4	6	{Augustus_model.g3319.t1;Augustus},{GeneMark_model.4241_t;GeneMark}
812171	812094	INTRON			{Augustus_model.g3319.t1;Augustus},{GeneMark_model.4241_t;GeneMark}
812513	812172	initial-	4	6	{Augustus_model.g3319.t1;Augustus},{GeneMark_model.4241_t;GeneMark},{GlimmerHMM_glimmerT_3976-T1;GlimmerHMM}

# EVM prediction: Mode:STANDARD S-ratio: 3.96 812964-815356 orient(-) score(16782.00) noncoding_equivalent(4239.12) raw_noncoding(5747.00) offset(1507.88)
813107	812964	terminal-	4	6	{HiQ_model.g3320.t1;HiQ},{GlimmerHMM_glimmerT_3977-T1;GlimmerHMM},{GeneMark_model.4242_t;GeneMark}
813195	813108	INTRON			{HiQ_model.g3320.t1;HiQ},{GlimmerHMM_glimmerT_3977-T1;GlimmerHMM},{GeneMark_model.4242_t;GeneMark},{ev_type:exonerate/ID=match.2566964.3525/Target=lcl|PJQD01000075_1_prot_POY71643_1_5711;exonerate},{ev_type:exonerate/ID=match.2566964.3538/Target=lcl|KQ954469_1_prot_KWU45937_1_1654;exonerate},{ev_type:exonerate/ID=match.2566964.3542/Target=lcl|LCTV02000006_1_prot_PRQ74356_1_6341;exonerate},{ev_type:exonerate/ID=match.2566964.3544/Target=lcl|NW_017264937_1_prot_XP_018269775_1_5178;exonerate}
813721	813196	internal-	6	6	{HiQ_model.g3320.t1;HiQ},{GlimmerHMM_glimmerT_3977-T1;GlimmerHMM},{GeneMark_model.4242_t;GeneMark},{ev_type:exonerate/ID=match.2566964.3525/Target=lcl|PJQD01000075_1_prot_POY71643_1_5711;exonerate},{ev_type:exonerate/ID=match.2566964.3538/Target=lcl|KQ954469_1_prot_KWU45937_1_1654;exonerate},{ev_type:exonerate/ID=match.2566964.3542/Target=lcl|LCTV02000006_1_prot_PRQ74356_1_6341;exonerate},{ev_type:exonerate/ID=match.2566964.3544/Target=lcl|NW_017264937_1_prot_XP_018269775_1_5178;exonerate}
813788	813722	INTRON			{HiQ_model.g3320.t1;HiQ},{GlimmerHMM_glimmerT_3977-T1;GlimmerHMM},{GeneMark_model.4242_t;GeneMark},{ev_type:exonerate/ID=match.2566964.3525/Target=lcl|PJQD01000075_1_prot_POY71643_1_5711;exonerate},{ev_type:exonerate/ID=match.2566964.3538/Target=lcl|KQ954469_1_prot_KWU45937_1_1654;exonerate},{ev_type:exonerate/ID=match.2566964.3542/Target=lcl|LCTV02000006_1_prot_PRQ74356_1_6341;exonerate},{ev_type:exonerate/ID=match.2566964.3544/Target=lcl|NW_017264937_1_prot_XP_018269775_1_5178;exonerate}
813872	813789	internal-	6	5	{HiQ_model.g3320.t1;HiQ},{GlimmerHMM_glimmerT_3977-T1;GlimmerHMM},{GeneMark_model.4242_t;GeneMark},{ev_type:exonerate/ID=match.2566964.3525/Target=lcl|PJQD01000075_1_prot_POY71643_1_5711;exonerate},{ev_type:exonerate/ID=match.2566964.3538/Target=lcl|KQ954469_1_prot_KWU45937_1_1654;exonerate},{ev_type:exonerate/ID=match.2566964.3542/Target=lcl|LCTV02000006_1_prot_PRQ74356_1_6341;exonerate},{ev_type:exonerate/ID=match.2566964.3544/Target=lcl|NW_017264937_1_prot_XP_018269775_1_5178;exonerate}
813942	813873	INTRON			{HiQ_model.g3320.t1;HiQ},{GlimmerHMM_glimmerT_3977-T1;GlimmerHMM},{GeneMark_model.4242_t;GeneMark},{ev_type:exonerate/ID=match.2566964.3525/Target=lcl|PJQD01000075_1_prot_POY71643_1_5711;exonerate},{ev_type:exonerate/ID=match.2566964.3538/Target=lcl|KQ954469_1_prot_KWU45937_1_1654;exonerate},{ev_type:exonerate/ID=match.2566964.3542/Target=lcl|LCTV02000006_1_prot_PRQ74356_1_6341;exonerate},{ev_type:exonerate/ID=match.2566964.3544/Target=lcl|NW_017264937_1_prot_XP_018269775_1_5178;exonerate}
814081	813943	internal-	5	5	{HiQ_model.g3320.t1;HiQ},{GlimmerHMM_glimmerT_3977-T1;GlimmerHMM},{GeneMark_model.4242_t;GeneMark},{ev_type:exonerate/ID=match.2566964.3525/Target=lcl|PJQD01000075_1_prot_POY71643_1_5711;exonerate},{ev_type:exonerate/ID=match.2566964.3538/Target=lcl|KQ954469_1_prot_KWU45937_1_1654;exonerate},{ev_type:exonerate/ID=match.2566964.3542/Target=lcl|LCTV02000006_1_prot_PRQ74356_1_6341;exonerate},{ev_type:exonerate/ID=match.2566964.3544/Target=lcl|NW_017264937_1_prot_XP_018269775_1_5178;exonerate}
814161	814082	INTRON			{HiQ_model.g3320.t1;HiQ},{GlimmerHMM_glimmerT_3977-T1;GlimmerHMM},{GeneMark_model.4242_t;GeneMark},{ev_type:exonerate/ID=match.2566964.3525/Target=lcl|PJQD01000075_1_prot_POY71643_1_5711;exonerate},{ev_type:exonerate/ID=match.2566964.3538/Target=lcl|KQ954469_1_prot_KWU45937_1_1654;exonerate},{ev_type:exonerate/ID=match.2566964.3542/Target=lcl|LCTV02000006_1_prot_PRQ74356_1_6341;exonerate},{ev_type:exonerate/ID=match.2566964.3544/Target=lcl|NW_017264937_1_prot_XP_018269775_1_5178;exonerate}
814328	814162	internal-	6	4	{HiQ_model.g3320.t1;HiQ},{GlimmerHMM_glimmerT_3977-T1;GlimmerHMM},{GeneMark_model.4242_t;GeneMark},{ev_type:exonerate/ID=match.2566964.3525/Target=lcl|PJQD01000075_1_prot_POY71643_1_5711;exonerate},{ev_type:exonerate/ID=match.2566964.3538/Target=lcl|KQ954469_1_prot_KWU45937_1_1654;exonerate},{ev_type:exonerate/ID=match.2566964.3542/Target=lcl|LCTV02000006_1_prot_PRQ74356_1_6341;exonerate},{ev_type:exonerate/ID=match.2566964.3544/Target=lcl|NW_017264937_1_prot_XP_018269775_1_5178;exonerate}
814396	814329	INTRON			{HiQ_model.g3320.t1;HiQ},{GlimmerHMM_glimmerT_3977-T1;GlimmerHMM},{GeneMark_model.4242_t;GeneMark},{ev_type:exonerate/ID=match.2566964.3525/Target=lcl|PJQD01000075_1_prot_POY71643_1_5711;exonerate},{ev_type:exonerate/ID=match.2566964.3538/Target=lcl|KQ954469_1_prot_KWU45937_1_1654;exonerate},{ev_type:exonerate/ID=match.2566964.3542/Target=lcl|LCTV02000006_1_prot_PRQ74356_1_6341;exonerate},{ev_type:exonerate/ID=match.2566964.3544/Target=lcl|NW_017264937_1_prot_XP_018269775_1_5178;exonerate}
814533	814397	internal-	4	5	{HiQ_model.g3320.t1;HiQ},{GlimmerHMM_glimmerT_3977-T1;GlimmerHMM},{GeneMark_model.4242_t;GeneMark},{ev_type:exonerate/ID=match.2566964.3525/Target=lcl|PJQD01000075_1_prot_POY71643_1_5711;exonerate}
814668	814534	INTRON			{HiQ_model.g3320.t1;HiQ},{GlimmerHMM_glimmerT_3977-T1;GlimmerHMM},{GeneMark_model.4242_t;GeneMark},{ev_type:exonerate/ID=match.2566964.3525/Target=lcl|PJQD01000075_1_prot_POY71643_1_5711;exonerate}
814822	814669	internal-	6	6	{HiQ_model.g3320.t1;HiQ},{GeneMark_model.4242_t;GeneMark},{ev_type:exonerate/ID=match.2566964.3525/Target=lcl|PJQD01000075_1_prot_POY71643_1_5711;exonerate}
814914	814823	INTRON			{HiQ_model.g3320.t1;HiQ},{GeneMark_model.4242_t;GeneMark},{ev_type:exonerate/ID=match.2566964.3525/Target=lcl|PJQD01000075_1_prot_POY71643_1_5711;exonerate}
815059	814915	internal-	5	5	{HiQ_model.g3320.t1;HiQ},{GeneMark_model.4242_t;GeneMark},{ev_type:exonerate/ID=match.2566964.3525/Target=lcl|PJQD01000075_1_prot_POY71643_1_5711;exonerate}
815142	815060	INTRON			{HiQ_model.g3320.t1;HiQ},{GeneMark_model.4242_t;GeneMark},{ev_type:exonerate/ID=match.2566964.3525/Target=lcl|PJQD01000075_1_prot_POY71643_1_5711;exonerate}
815356	815143	initial-	4	4	{HiQ_model.g3320.t1;HiQ},{GlimmerHMM_glimmerT_3977-T1;GlimmerHMM},{GeneMark_model.4242_t;GeneMark}

# EVM prediction: Mode:STANDARD S-ratio: 2.38 815693-817874 orient(-) score(6918.00) noncoding_equivalent(2905.08) raw_noncoding(3454.00) offset(548.92)
815907	815693	terminal-	5	6	{GeneMark_model.4243_t;GeneMark},{Augustus_model.g3321.t1;Augustus},{GlimmerHMM_glimmerT_3978-T1;GlimmerHMM}
815992	815908	INTRON			{GeneMark_model.4243_t;GeneMark},{Augustus_model.g3321.t1;Augustus},{GlimmerHMM_glimmerT_3978-T1;GlimmerHMM}
816574	815993	internal-	5	4	{GeneMark_model.4243_t;GeneMark},{Augustus_model.g3321.t1;Augustus},{GlimmerHMM_glimmerT_3978-T1;GlimmerHMM}
816638	816575	INTRON			{GeneMark_model.4243_t;GeneMark},{Augustus_model.g3321.t1;Augustus},{GlimmerHMM_glimmerT_3978-T1;GlimmerHMM}
816774	816639	internal-	4	4	{GeneMark_model.4243_t;GeneMark},{Augustus_model.g3321.t1;Augustus},{GlimmerHMM_glimmerT_3978-T1;GlimmerHMM}
816842	816775	INTRON			{GeneMark_model.4243_t;GeneMark},{Augustus_model.g3321.t1;Augustus},{GlimmerHMM_glimmerT_3978-T1;GlimmerHMM}
816942	816843	internal-	6	6	{GeneMark_model.4243_t;GeneMark},{Augustus_model.g3321.t1;Augustus},{GlimmerHMM_glimmerT_3978-T1;GlimmerHMM}
817056	816943	INTRON			{GeneMark_model.4243_t;GeneMark},{Augustus_model.g3321.t1;Augustus},{GlimmerHMM_glimmerT_3978-T1;GlimmerHMM}
817421	817057	internal-	4	5	{GeneMark_model.4243_t;GeneMark},{Augustus_model.g3321.t1;Augustus},{GlimmerHMM_glimmerT_3978-T1;GlimmerHMM}
817501	817422	INTRON			{GeneMark_model.4243_t;GeneMark},{Augustus_model.g3321.t1;Augustus},{GlimmerHMM_glimmerT_3978-T1;GlimmerHMM}
817571	817502	internal-	6	6	{GeneMark_model.4243_t;GeneMark},{Augustus_model.g3321.t1;Augustus},{GlimmerHMM_glimmerT_3978-T1;GlimmerHMM}
817644	817572	INTRON			{GeneMark_model.4243_t;GeneMark},{Augustus_model.g3321.t1;Augustus},{GlimmerHMM_glimmerT_3978-T1;GlimmerHMM}
817719	817645	internal-	6	5	{GeneMark_model.4243_t;GeneMark},{Augustus_model.g3321.t1;Augustus},{GlimmerHMM_glimmerT_3978-T1;GlimmerHMM}
817797	817720	INTRON			{GeneMark_model.4243_t;GeneMark},{Augustus_model.g3321.t1;Augustus},{GlimmerHMM_glimmerT_3978-T1;GlimmerHMM}
817874	817798	initial-	4	5	{GlimmerHMM_glimmerT_3978-T1;GlimmerHMM}

# EVM prediction: Mode:STANDARD S-ratio: 3.46 818724-820027 orient(-) score(4461.00) noncoding_equivalent(1289.00) raw_noncoding(1322.00) offset(33.00)
818888	818724	terminal-	4	6	{GlimmerHMM_glimmerT_3979-T1;GlimmerHMM},{Augustus_model.g3322.t1;Augustus},{GeneMark_model.4244_t;GeneMark}
819073	818889	INTRON			{GlimmerHMM_glimmerT_3979-T1;GlimmerHMM},{Augustus_model.g3322.t1;Augustus},{GeneMark_model.4244_t;GeneMark}
819357	819074	internal-	5	6	{GlimmerHMM_glimmerT_3979-T1;GlimmerHMM},{Augustus_model.g3322.t1;Augustus},{GeneMark_model.4244_t;GeneMark}
819444	819358	INTRON			{GlimmerHMM_glimmerT_3979-T1;GlimmerHMM},{Augustus_model.g3322.t1;Augustus},{GeneMark_model.4244_t;GeneMark}
820027	819445	initial-	4	4	{GlimmerHMM_glimmerT_3979-T1;GlimmerHMM},{GeneMark_model.4244_t;GeneMark}

# EVM prediction: Mode:STANDARD S-ratio: 3.40 820541-823946 orient(-) score(11038.00) noncoding_equivalent(3246.00) raw_noncoding(3403.00) offset(157.00)
821812	820541	terminal-	4	6	{GeneMark_model.4245_t;GeneMark},{GlimmerHMM_glimmerT_3980-T1;GlimmerHMM}
821875	821813	INTRON			{Augustus_model.g3323.t1;Augustus},{GeneMark_model.4245_t;GeneMark},{GlimmerHMM_glimmerT_3980-T1;GlimmerHMM}
822377	821876	internal-	6	6	{Augustus_model.g3323.t1;Augustus},{GlimmerHMM_glimmerT_3980-T1;GlimmerHMM}
822445	822378	INTRON			{Augustus_model.g3323.t1;Augustus},{GeneMark_model.4245_t;GeneMark},{GlimmerHMM_glimmerT_3980-T1;GlimmerHMM}
822680	822446	internal-	5	5	{Augustus_model.g3323.t1;Augustus},{GeneMark_model.4245_t;GeneMark},{GlimmerHMM_glimmerT_3980-T1;GlimmerHMM}
822747	822681	INTRON			{Augustus_model.g3323.t1;Augustus},{snap_scaffold_9-snap.341-T1;snap},{GeneMark_model.4245_t;GeneMark},{GlimmerHMM_glimmerT_3980-T1;GlimmerHMM}
823097	822748	internal-	6	4	{Augustus_model.g3323.t1;Augustus},{GeneMark_model.4245_t;GeneMark},{GlimmerHMM_glimmerT_3980-T1;GlimmerHMM}
823173	823098	INTRON			{Augustus_model.g3323.t1;Augustus},{GeneMark_model.4245_t;GeneMark},{GlimmerHMM_glimmerT_3980-T1;GlimmerHMM}
823946	823174	initial-	4	5	{GlimmerHMM_glimmerT_3980-T1;GlimmerHMM}

# EVM prediction: Mode:STANDARD S-ratio: 5.28 824269-825086 orient(-) score(7103.00) noncoding_equivalent(1344.33) raw_noncoding(1767.48) offset(423.15)
824439	824269	terminal-	4	6	{GlimmerHMM_glimmerT_3981-T1;GlimmerHMM},{HiQ_model.g3324.t1;HiQ}
824536	824440	INTRON			{GlimmerHMM_glimmerT_3981-T1;GlimmerHMM},{HiQ_model.g3324.t1;HiQ},{ev_type:exonerate/ID=match.2566964.3622/Target=lcl|BJWK01000011_1_prot_GEM10542_1_4559;exonerate},{ev_type:exonerate/ID=match.2566964.3616/Target=lcl|LCTV02000006_1_prot_PRQ74375_1_6360;exonerate},{ev_type:exonerate/ID=match.2566964.3614/Target=lcl|PJQD01000075_1_prot_POY71648_1_5716;exonerate},{ev_type:exonerate/ID=match.2566964.3618/Target=lcl|NW_017264937_1_prot_XP_018269778_1_5181;exonerate}
824742	824537	internal-	5	6	{GlimmerHMM_glimmerT_3981-T1;GlimmerHMM},{HiQ_model.g3324.t1;HiQ},{ev_type:exonerate/ID=match.2566964.3622/Target=lcl|BJWK01000011_1_prot_GEM10542_1_4559;exonerate},{ev_type:exonerate/ID=match.2566964.3616/Target=lcl|LCTV02000006_1_prot_PRQ74375_1_6360;exonerate},{ev_type:exonerate/ID=match.2566964.3614/Target=lcl|PJQD01000075_1_prot_POY71648_1_5716;exonerate},{ev_type:exonerate/ID=match.2566964.3618/Target=lcl|NW_017264937_1_prot_XP_018269778_1_5181;exonerate}
824893	824743	INTRON			{snap_scaffold_9-snap.343-T1;snap},{GeneMark_model.4246_t;GeneMark},{HiQ_model.g3324.t1;HiQ},{ev_type:exonerate/ID=match.2566964.3616/Target=lcl|LCTV02000006_1_prot_PRQ74375_1_6360;exonerate},{ev_type:exonerate/ID=match.2566964.3619/Target=lcl|KQ954469_1_prot_KWU45932_1_1649;exonerate},{ev_type:exonerate/ID=match.2566964.3614/Target=lcl|PJQD01000075_1_prot_POY71648_1_5716;exonerate},{ev_type:exonerate/ID=match.2566964.3618/Target=lcl|NW_017264937_1_prot_XP_018269778_1_5181;exonerate}
825086	824894	initial-	4	4	{GeneMark_model.4246_t;GeneMark},{HiQ_model.g3324.t1;HiQ}

# EVM prediction: Mode:STANDARD S-ratio: 7.34 825997-828575 orient(-) score(13419.00) noncoding_equivalent(1828.29) raw_noncoding(2525.00) offset(696.71)
826121	825997	terminal-	5	6	{Augustus_model.g3325.t1;Augustus},{GeneMark_model.4247_t;GeneMark},{GlimmerHMM_glimmerT_3982-T1;GlimmerHMM}
826189	826122	INTRON			{Augustus_model.g3325.t1;Augustus},{GeneMark_model.4247_t;GeneMark},{GlimmerHMM_glimmerT_3982-T1;GlimmerHMM},{ev_type:exonerate/ID=match.2566964.3508/Target=lcl|PJQD01000075_1_prot_POY71649_1_5717;exonerate},{ev_type:exonerate/ID=match.2566964.3510/Target=lcl|KQ954469_1_prot_KWU45931_1_1648;exonerate}
826513	826190	internal-	5	4	{Augustus_model.g3325.t1;Augustus},{GeneMark_model.4247_t;GeneMark},{GlimmerHMM_glimmerT_3982-T1;GlimmerHMM},{ev_type:exonerate/ID=match.2566964.3508/Target=lcl|PJQD01000075_1_prot_POY71649_1_5717;exonerate},{ev_type:exonerate/ID=match.2566964.3510/Target=lcl|KQ954469_1_prot_KWU45931_1_1648;exonerate}
826582	826514	INTRON			{Augustus_model.g3325.t1;Augustus},{GeneMark_model.4247_t;GeneMark},{GlimmerHMM_glimmerT_3982-T1;GlimmerHMM},{ev_type:exonerate/ID=match.2566964.3508/Target=lcl|PJQD01000075_1_prot_POY71649_1_5717;exonerate},{ev_type:exonerate/ID=match.2566964.3510/Target=lcl|KQ954469_1_prot_KWU45931_1_1648;exonerate}
826745	826583	internal-	4	4	{Augustus_model.g3325.t1;Augustus},{GeneMark_model.4247_t;GeneMark},{GlimmerHMM_glimmerT_3982-T1;GlimmerHMM},{ev_type:exonerate/ID=match.2566964.3508/Target=lcl|PJQD01000075_1_prot_POY71649_1_5717;exonerate},{ev_type:exonerate/ID=match.2566964.3510/Target=lcl|KQ954469_1_prot_KWU45931_1_1648;exonerate}
826819	826746	INTRON			{Augustus_model.g3325.t1;Augustus},{GeneMark_model.4247_t;GeneMark},{GlimmerHMM_glimmerT_3982-T1;GlimmerHMM},{ev_type:exonerate/ID=match.2566964.3508/Target=lcl|PJQD01000075_1_prot_POY71649_1_5717;exonerate},{ev_type:exonerate/ID=match.2566964.3510/Target=lcl|KQ954469_1_prot_KWU45931_1_1648;exonerate}
827975	826820	internal-	6	6	{Augustus_model.g3325.t1;Augustus},{GeneMark_model.4247_t;GeneMark},{GlimmerHMM_glimmerT_3982-T1;GlimmerHMM}
828169	827976	INTRON			{Augustus_model.g3325.t1;Augustus},{GeneMark_model.4247_t;GeneMark}
828187	828170	internal-	6	5	{Augustus_model.g3325.t1;Augustus},{GeneMark_model.4247_t;GeneMark}
828288	828188	INTRON			{Augustus_model.g3325.t1;Augustus},{GeneMark_model.4247_t;GeneMark}
828575	828289	initial-	4	5	{GeneMark_model.4247_t;GeneMark},{GlimmerHMM_glimmerT_3982-T1;GlimmerHMM}

# EVM prediction: Mode:STANDARD S-ratio: 1.90 829850-832147 orient(+) score(5886.00) noncoding_equivalent(3097.69) raw_noncoding(3777.00) offset(679.31)
829850	829994	initial+	1	1	{GeneMark_model.4248_t;GeneMark}
829995	830059	INTRON			{GeneMark_model.4248_t;GeneMark},{Augustus_model.g3326.t1;Augustus}
830060	830172	internal+	2	3	{GeneMark_model.4248_t;GeneMark}
830173	830261	INTRON			{GeneMark_model.4248_t;GeneMark}
830262	830339	internal+	1	3	{GeneMark_model.4248_t;GeneMark}
830340	830420	INTRON			{GeneMark_model.4248_t;GeneMark}
830421	830692	internal+	1	2	{GeneMark_model.4248_t;GeneMark},{Augustus_model.g3326.t1;Augustus}
830693	830757	INTRON			{GlimmerHMM_glimmerT_3983-T1;GlimmerHMM},{GeneMark_model.4248_t;GeneMark},{Augustus_model.g3326.t1;Augustus}
830758	832147	terminal+	3	3	{GlimmerHMM_glimmerT_3983-T1;GlimmerHMM},{GeneMark_model.4248_t;GeneMark}

# EVM prediction: Mode:STANDARD S-ratio: 1.89 832191-836010 orient(-) score(9557.00) noncoding_equivalent(5061.17) raw_noncoding(7540.00) offset(2478.83)
832376	832191	terminal-	4	6	{GeneMark_model.4249_t;GeneMark},{Augustus_model.g3327.t1;Augustus},{GlimmerHMM_glimmerT_3984-T1;GlimmerHMM}
832441	832377	INTRON			{GeneMark_model.4249_t;GeneMark},{Augustus_model.g3327.t1;Augustus},{GlimmerHMM_glimmerT_3984-T1;GlimmerHMM}
832625	832442	internal-	6	6	{GeneMark_model.4249_t;GeneMark},{Augustus_model.g3327.t1;Augustus},{GlimmerHMM_glimmerT_3984-T1;GlimmerHMM}
832684	832626	INTRON			{GeneMark_model.4249_t;GeneMark},{Augustus_model.g3327.t1;Augustus},{GlimmerHMM_glimmerT_3984-T1;GlimmerHMM}
833313	832685	internal-	4	5	{GeneMark_model.4249_t;GeneMark},{Augustus_model.g3327.t1;Augustus}
833376	833314	INTRON			{GeneMark_model.4249_t;GeneMark},{Augustus_model.g3327.t1;Augustus}
833680	833377	internal-	6	6	{GeneMark_model.4249_t;GeneMark},{Augustus_model.g3327.t1;Augustus},{GlimmerHMM_glimmerT_3984-T1;GlimmerHMM}
833756	833681	INTRON			{GeneMark_model.4249_t;GeneMark},{Augustus_model.g3327.t1;Augustus},{GlimmerHMM_glimmerT_3984-T1;GlimmerHMM}
834073	833757	internal-	4	5	{GeneMark_model.4249_t;GeneMark},{Augustus_model.g3327.t1;Augustus},{GlimmerHMM_glimmerT_3984-T1;GlimmerHMM}
834142	834074	INTRON			{GeneMark_model.4249_t;GeneMark},{Augustus_model.g3327.t1;Augustus},{GlimmerHMM_glimmerT_3984-T1;GlimmerHMM}
834511	834143	internal-	4	6	{GeneMark_model.4249_t;GeneMark},{Augustus_model.g3327.t1;Augustus}
834800	834512	INTRON			{GeneMark_model.4249_t;GeneMark}
834827	834801	internal-	4	6	{GeneMark_model.4249_t;GeneMark}
834882	834828	INTRON			{GeneMark_model.4249_t;GeneMark}
834923	834883	internal-	5	6	{GeneMark_model.4249_t;GeneMark},{Augustus_model.g3327.t1;Augustus}
834983	834924	INTRON			{GeneMark_model.4249_t;GeneMark},{Augustus_model.g3327.t1;Augustus}
835067	834984	internal-	5	4	{GeneMark_model.4249_t;GeneMark},{Augustus_model.g3327.t1;Augustus}
835131	835068	INTRON			{GeneMark_model.4249_t;GeneMark},{Augustus_model.g3327.t1;Augustus}
835410	835132	internal-	5	4	{GeneMark_model.4249_t;GeneMark},{Augustus_model.g3327.t1;Augustus}
835490	835411	INTRON			{GeneMark_model.4249_t;GeneMark},{Augustus_model.g3327.t1;Augustus}
835524	835491	internal-	4	4	{Augustus_model.g3327.t1;Augustus}
835584	835525	INTRON			{Augustus_model.g3327.t1;Augustus}
835674	835585	internal-	4	6	{GeneMark_model.4249_t;GeneMark},{Augustus_model.g3327.t1;Augustus}
835734	835675	INTRON			{GeneMark_model.4249_t;GeneMark},{Augustus_model.g3327.t1;Augustus}
835791	835735	internal-	4	6	{Augustus_model.g3327.t1;Augustus}
835983	835792	INTRON			{Augustus_model.g3327.t1;Augustus}
836010	835984	initial-	4	6	{Augustus_model.g3327.t1;Augustus}

# EVM prediction: Mode:STANDARD S-ratio: 5.28 836513-840821 orient(-) score(16098.00) noncoding_equivalent(3046.57) raw_noncoding(3293.84) offset(247.27)
836698	836513	terminal-	4	6	{GlimmerHMM_glimmerT_3985-T1;GlimmerHMM},{GeneMark_model.4250_t;GeneMark},{Augustus_model.g3328.t1;Augustus}
836766	836699	INTRON			{GlimmerHMM_glimmerT_3985-T1;GlimmerHMM},{GeneMark_model.4250_t;GeneMark},{Augustus_model.g3328.t1;Augustus},{ev_type:exonerate/ID=match.2566964.3530/Target=lcl|NW_017264937_1_prot_XP_018269760_1_5163;exonerate}
837034	836767	internal-	6	6	{GlimmerHMM_glimmerT_3985-T1;GlimmerHMM},{GeneMark_model.4250_t;GeneMark},{Augustus_model.g3328.t1;Augustus},{ev_type:exonerate/ID=match.2566964.3530/Target=lcl|NW_017264937_1_prot_XP_018269760_1_5163;exonerate}
837091	837035	INTRON			{GlimmerHMM_glimmerT_3985-T1;GlimmerHMM},{GeneMark_model.4250_t;GeneMark},{Augustus_model.g3328.t1;Augustus},{ev_type:exonerate/ID=match.2566964.3530/Target=lcl|NW_017264937_1_prot_XP_018269760_1_5163;exonerate}
837941	837092	internal-	5	5	{GlimmerHMM_glimmerT_3985-T1;GlimmerHMM},{GeneMark_model.4250_t;GeneMark},{Augustus_model.g3328.t1;Augustus}
837999	837942	INTRON			{GlimmerHMM_glimmerT_3985-T1;GlimmerHMM},{GeneMark_model.4250_t;GeneMark},{Augustus_model.g3328.t1;Augustus}
839700	838000	internal-	5	4	{GlimmerHMM_glimmerT_3985-T1;GlimmerHMM},{GeneMark_model.4250_t;GeneMark},{Augustus_model.g3328.t1;Augustus}
839767	839701	INTRON			{GlimmerHMM_glimmerT_3985-T1;GlimmerHMM},{GeneMark_model.4250_t;GeneMark},{Augustus_model.g3328.t1;Augustus}
840821	839768	initial-	4	4	{GlimmerHMM_glimmerT_3985-T1;GlimmerHMM},{GeneMark_model.4250_t;GeneMark},{Augustus_model.g3328.t1;Augustus}

# EVM prediction: Mode:STANDARD S-ratio: 1.85 841360-842857 orient(+) score(4626.00) noncoding_equivalent(2500.00) raw_noncoding(3064.00) offset(564.00)
841360	841413	initial+	1	3	{Augustus_model.g3329.t1;Augustus},{GeneMark_model.4251_t;GeneMark},{GlimmerHMM_glimmerT_3986-T1;GlimmerHMM}
841414	841477	INTRON			{Augustus_model.g3329.t1;Augustus},{GeneMark_model.4251_t;GeneMark},{GlimmerHMM_glimmerT_3986-T1;GlimmerHMM}
841478	841537	internal+	1	3	{Augustus_model.g3329.t1;Augustus},{GeneMark_model.4251_t;GeneMark},{GlimmerHMM_glimmerT_3986-T1;GlimmerHMM}
841538	841604	INTRON			{Augustus_model.g3329.t1;Augustus},{GeneMark_model.4251_t;GeneMark},{GlimmerHMM_glimmerT_3986-T1;GlimmerHMM}
841605	841783	internal+	1	2	{Augustus_model.g3329.t1;Augustus},{GeneMark_model.4251_t;GeneMark},{GlimmerHMM_glimmerT_3986-T1;GlimmerHMM}
841784	841871	INTRON			{Augustus_model.g3329.t1;Augustus},{GeneMark_model.4251_t;GeneMark},{GlimmerHMM_glimmerT_3986-T1;GlimmerHMM}
841872	842015	internal+	3	2	{Augustus_model.g3329.t1;Augustus},{GeneMark_model.4251_t;GeneMark},{GlimmerHMM_glimmerT_3986-T1;GlimmerHMM}
842016	842082	INTRON			{Augustus_model.g3329.t1;Augustus},{GeneMark_model.4251_t;GeneMark},{GlimmerHMM_glimmerT_3986-T1;GlimmerHMM}
842083	842125	internal+	3	3	{Augustus_model.g3329.t1;Augustus},{GeneMark_model.4251_t;GeneMark},{GlimmerHMM_glimmerT_3986-T1;GlimmerHMM}
842126	842199	INTRON			{Augustus_model.g3329.t1;Augustus},{GeneMark_model.4251_t;GeneMark},{GlimmerHMM_glimmerT_3986-T1;GlimmerHMM}
842200	842349	internal+	1	3	{Augustus_model.g3329.t1;Augustus},{GeneMark_model.4251_t;GeneMark},{GlimmerHMM_glimmerT_3986-T1;GlimmerHMM}
842350	842425	INTRON			{Augustus_model.g3329.t1;Augustus},{GeneMark_model.4251_t;GeneMark},{GlimmerHMM_glimmerT_3986-T1;GlimmerHMM}
842426	842588	internal+	1	1	{Augustus_model.g3329.t1;Augustus},{GeneMark_model.4251_t;GeneMark},{GlimmerHMM_glimmerT_3986-T1;GlimmerHMM}
842589	842660	INTRON			{Augustus_model.g3329.t1;Augustus},{GeneMark_model.4251_t;GeneMark},{GlimmerHMM_glimmerT_3986-T1;GlimmerHMM}
842661	842766	internal+	2	2	{Augustus_model.g3329.t1;Augustus},{GeneMark_model.4251_t;GeneMark},{GlimmerHMM_glimmerT_3986-T1;GlimmerHMM}
842767	842841	INTRON			{Augustus_model.g3329.t1;Augustus},{GeneMark_model.4251_t;GeneMark},{GlimmerHMM_glimmerT_3986-T1;GlimmerHMM}
842842	842857	terminal+	3	3	{Augustus_model.g3329.t1;Augustus},{GeneMark_model.4251_t;GeneMark},{GlimmerHMM_glimmerT_3986-T1;GlimmerHMM}

# EVM prediction: Mode:STANDARD S-ratio: 2.75 843742-845892 orient(+) score(6890.00) noncoding_equivalent(2501.58) raw_noncoding(3124.36) offset(622.77)
843742	843909	initial+	1	3	{Augustus_model.g3330.t1;Augustus},{GlimmerHMM_glimmerT_3987-T1;GlimmerHMM}
843910	843953	INTRON			{Augustus_model.g3330.t1;Augustus},{GlimmerHMM_glimmerT_3987-T1;GlimmerHMM}
843954	844010	internal+	1	3	{GeneMark_model.4252_t;GeneMark},{Augustus_model.g3330.t1;Augustus},{GlimmerHMM_glimmerT_3987-T1;GlimmerHMM}
844011	844081	INTRON			{GeneMark_model.4252_t;GeneMark},{Augustus_model.g3330.t1;Augustus},{GlimmerHMM_glimmerT_3987-T1;GlimmerHMM}
844082	844195	internal+	1	3	{GeneMark_model.4252_t;GeneMark},{Augustus_model.g3330.t1;Augustus},{GlimmerHMM_glimmerT_3987-T1;GlimmerHMM}
844196	844268	INTRON			{GeneMark_model.4252_t;GeneMark},{Augustus_model.g3330.t1;Augustus},{GlimmerHMM_glimmerT_3987-T1;GlimmerHMM}
844269	844337	internal+	1	3	{GeneMark_model.4252_t;GeneMark},{Augustus_model.g3330.t1;Augustus},{GlimmerHMM_glimmerT_3987-T1;GlimmerHMM}
844338	844405	INTRON			{GeneMark_model.4252_t;GeneMark},{Augustus_model.g3330.t1;Augustus},{GlimmerHMM_glimmerT_3987-T1;GlimmerHMM}
844406	844495	internal+	1	3	{GeneMark_model.4252_t;GeneMark},{Augustus_model.g3330.t1;Augustus},{GlimmerHMM_glimmerT_3987-T1;GlimmerHMM}
844496	844563	INTRON			{GeneMark_model.4252_t;GeneMark},{Augustus_model.g3330.t1;Augustus},{GlimmerHMM_glimmerT_3987-T1;GlimmerHMM}
844564	844927	internal+	1	1	{GeneMark_model.4252_t;GeneMark},{Augustus_model.g3330.t1;Augustus},{GlimmerHMM_glimmerT_3987-T1;GlimmerHMM}
844928	844988	INTRON			{GeneMark_model.4252_t;GeneMark},{Augustus_model.g3330.t1;Augustus},{GlimmerHMM_glimmerT_3987-T1;GlimmerHMM}
844989	845573	internal+	2	1	{GeneMark_model.4252_t;GeneMark},{Augustus_model.g3330.t1;Augustus},{GlimmerHMM_glimmerT_3987-T1;GlimmerHMM}
845574	845639	INTRON			{GeneMark_model.4252_t;GeneMark},{Augustus_model.g3330.t1;Augustus},{GlimmerHMM_glimmerT_3987-T1;GlimmerHMM}
845640	845796	internal+	2	2	{GeneMark_model.4252_t;GeneMark},{Augustus_model.g3330.t1;Augustus},{GlimmerHMM_glimmerT_3987-T1;GlimmerHMM}
845797	845870	INTRON			{GeneMark_model.4252_t;GeneMark},{Augustus_model.g3330.t1;Augustus}
845871	845892	terminal+	3	3	{GeneMark_model.4252_t;GeneMark},{Augustus_model.g3330.t1;Augustus}

# EVM prediction: Mode:STANDARD S-ratio: 2.64 846178-846817 orient(-) score(3460.00) noncoding_equivalent(1308.58) raw_noncoding(1906.58) offset(598.00)
846197	846178	terminal-	5	6	{Augustus_model.g3331.t1;Augustus},{GeneMark_model.4253_t;GeneMark}
846309	846198	INTRON			{Augustus_model.g3331.t1;Augustus},{GeneMark_model.4253_t;GeneMark},{ev_type:exonerate/ID=match.2566964.3660/Target=lcl|KQ954469_1_prot_KWU45940_1_1657;exonerate},{ev_type:exonerate/ID=match.2566964.3659/Target=lcl|PJQD01000075_1_prot_POY71640_1_5709;exonerate},{ev_type:exonerate/ID=match.2566964.3662/Target=lcl|BJWK01000011_1_prot_GEM10528_1_4545;exonerate},{ev_type:exonerate/ID=match.2566964.3661/Target=lcl|LCTV02000006_1_prot_PRQ74358_1_6343;exonerate}
846412	846310	internal-	4	4	{Augustus_model.g3331.t1;Augustus},{GeneMark_model.4253_t;GeneMark},{ev_type:exonerate/ID=match.2566964.3660/Target=lcl|KQ954469_1_prot_KWU45940_1_1657;exonerate},{ev_type:exonerate/ID=match.2566964.3659/Target=lcl|PJQD01000075_1_prot_POY71640_1_5709;exonerate},{ev_type:exonerate/ID=match.2566964.3662/Target=lcl|BJWK01000011_1_prot_GEM10528_1_4545;exonerate},{ev_type:exonerate/ID=match.2566964.3661/Target=lcl|LCTV02000006_1_prot_PRQ74358_1_6343;exonerate}
846498	846413	INTRON			{Augustus_model.g3331.t1;Augustus},{GeneMark_model.4253_t;GeneMark},{ev_type:exonerate/ID=match.2566964.3660/Target=lcl|KQ954469_1_prot_KWU45940_1_1657;exonerate},{ev_type:exonerate/ID=match.2566964.3659/Target=lcl|PJQD01000075_1_prot_POY71640_1_5709;exonerate},{ev_type:exonerate/ID=match.2566964.3662/Target=lcl|BJWK01000011_1_prot_GEM10528_1_4545;exonerate},{ev_type:exonerate/ID=match.2566964.3661/Target=lcl|LCTV02000006_1_prot_PRQ74358_1_6343;exonerate}
846559	846499	internal-	6	6	{Augustus_model.g3331.t1;Augustus},{GeneMark_model.4253_t;GeneMark},{ev_type:exonerate/ID=match.2566964.3660/Target=lcl|KQ954469_1_prot_KWU45940_1_1657;exonerate},{ev_type:exonerate/ID=match.2566964.3659/Target=lcl|PJQD01000075_1_prot_POY71640_1_5709;exonerate},{ev_type:exonerate/ID=match.2566964.3662/Target=lcl|BJWK01000011_1_prot_GEM10528_1_4545;exonerate},{ev_type:exonerate/ID=match.2566964.3661/Target=lcl|LCTV02000006_1_prot_PRQ74358_1_6343;exonerate}
846627	846560	INTRON			{Augustus_model.g3331.t1;Augustus},{GeneMark_model.4253_t;GeneMark},{ev_type:exonerate/ID=match.2566964.3660/Target=lcl|KQ954469_1_prot_KWU45940_1_1657;exonerate},{ev_type:exonerate/ID=match.2566964.3659/Target=lcl|PJQD01000075_1_prot_POY71640_1_5709;exonerate},{ev_type:exonerate/ID=match.2566964.3662/Target=lcl|BJWK01000011_1_prot_GEM10528_1_4545;exonerate},{ev_type:exonerate/ID=match.2566964.3661/Target=lcl|LCTV02000006_1_prot_PRQ74358_1_6343;exonerate}
846725	846628	internal-	4	5	{Augustus_model.g3331.t1;Augustus},{GeneMark_model.4253_t;GeneMark}
846814	846726	INTRON			{Augustus_model.g3331.t1;Augustus},{GeneMark_model.4253_t;GeneMark}
846817	846815	initial-	4	6	{Augustus_model.g3331.t1;Augustus},{GeneMark_model.4253_t;GeneMark}

# EVM prediction: Mode:STANDARD S-ratio: 2.06 847312-848410 orient(+) score(3213.00) noncoding_equivalent(1561.00) raw_noncoding(1762.00) offset(201.00)
847312	847796	initial+	1	2	{Augustus_model.g3332.t1;Augustus},{GlimmerHMM_glimmerT_3988-T1;GlimmerHMM},{GeneMark_model.4254_t;GeneMark}
847797	847873	INTRON			{Augustus_model.g3332.t1;Augustus},{GlimmerHMM_glimmerT_3988-T1;GlimmerHMM},{GeneMark_model.4254_t;GeneMark}
847874	848003	internal+	3	3	{Augustus_model.g3332.t1;Augustus},{GlimmerHMM_glimmerT_3988-T1;GlimmerHMM},{GeneMark_model.4254_t;GeneMark}
848004	848119	INTRON			{Augustus_model.g3332.t1;Augustus},{GlimmerHMM_glimmerT_3988-T1;GlimmerHMM},{GeneMark_model.4254_t;GeneMark}
848120	848410	terminal+	1	3	{GlimmerHMM_glimmerT_3988-T1;GlimmerHMM},{GeneMark_model.4254_t;GeneMark}

# EVM prediction: Mode:STANDARD S-ratio: 5.25 848742-849744 orient(-) score(9248.00) noncoding_equivalent(1763.03) raw_noncoding(2518.00) offset(754.97)
848814	848742	terminal-	6	6	{GeneMark_model.4255_t;GeneMark},{GlimmerHMM_glimmerT_3989-T1;GlimmerHMM},{HiQ_model.g3333.t1;HiQ}
848890	848815	INTRON			{GeneMark_model.4255_t;GeneMark},{GlimmerHMM_glimmerT_3989-T1;GlimmerHMM},{HiQ_model.g3333.t1;HiQ},{ev_type:exonerate/ID=match.2566964.3029/Target=lcl|BJWK01000011_1_prot_GEM10561_1_4578;exonerate},{ev_type:exonerate/ID=match.2566964.3028/Target=lcl|LCTV02000006_1_prot_PRQ74280_1_6265;exonerate},{ev_type:exonerate/ID=match.2566964.3034/Target=lcl|PJQD01000075_1_prot_POY71639_1_5707;exonerate},{ev_type:exonerate/ID=match.2566964.3033/Target=lcl|KQ954469_1_prot_KWU45928_1_1645;exonerate},{ev_type:exonerate/ID=match.2566964.3032/Target=lcl|NW_017264937_1_prot_XP_018269767_1_5170;exonerate}
849114	848891	internal-	4	5	{GeneMark_model.4255_t;GeneMark},{GlimmerHMM_glimmerT_3989-T1;GlimmerHMM},{HiQ_model.g3333.t1;HiQ},{ev_type:exonerate/ID=match.2566964.3029/Target=lcl|BJWK01000011_1_prot_GEM10561_1_4578;exonerate},{ev_type:exonerate/ID=match.2566964.3028/Target=lcl|LCTV02000006_1_prot_PRQ74280_1_6265;exonerate},{ev_type:exonerate/ID=match.2566964.3034/Target=lcl|PJQD01000075_1_prot_POY71639_1_5707;exonerate},{ev_type:exonerate/ID=match.2566964.3033/Target=lcl|KQ954469_1_prot_KWU45928_1_1645;exonerate},{ev_type:exonerate/ID=match.2566964.3032/Target=lcl|NW_017264937_1_prot_XP_018269767_1_5170;exonerate}
849230	849115	INTRON			{GeneMark_model.4255_t;GeneMark},{GlimmerHMM_glimmerT_3989-T1;GlimmerHMM},{HiQ_model.g3333.t1;HiQ},{ev_type:exonerate/ID=match.2566964.3029/Target=lcl|BJWK01000011_1_prot_GEM10561_1_4578;exonerate},{ev_type:exonerate/ID=match.2566964.3028/Target=lcl|LCTV02000006_1_prot_PRQ74280_1_6265;exonerate},{ev_type:exonerate/ID=match.2566964.3034/Target=lcl|PJQD01000075_1_prot_POY71639_1_5707;exonerate},{ev_type:exonerate/ID=match.2566964.3033/Target=lcl|KQ954469_1_prot_KWU45928_1_1645;exonerate},{ev_type:exonerate/ID=match.2566964.3032/Target=lcl|NW_017264937_1_prot_XP_018269767_1_5170;exonerate}
849504	849231	internal-	6	6	{GeneMark_model.4255_t;GeneMark},{GlimmerHMM_glimmerT_3989-T1;GlimmerHMM},{HiQ_model.g3333.t1;HiQ},{ev_type:exonerate/ID=match.2566964.3029/Target=lcl|BJWK01000011_1_prot_GEM10561_1_4578;exonerate},{ev_type:exonerate/ID=match.2566964.3028/Target=lcl|LCTV02000006_1_prot_PRQ74280_1_6265;exonerate},{ev_type:exonerate/ID=match.2566964.3034/Target=lcl|PJQD01000075_1_prot_POY71639_1_5707;exonerate},{ev_type:exonerate/ID=match.2566964.3033/Target=lcl|KQ954469_1_prot_KWU45928_1_1645;exonerate},{ev_type:exonerate/ID=match.2566964.3032/Target=lcl|NW_017264937_1_prot_XP_018269767_1_5170;exonerate}
849630	849505	INTRON			{GeneMark_model.4255_t;GeneMark},{GlimmerHMM_glimmerT_3989-T1;GlimmerHMM},{HiQ_model.g3333.t1;HiQ},{ev_type:exonerate/ID=match.2566964.3029/Target=lcl|BJWK01000011_1_prot_GEM10561_1_4578;exonerate},{ev_type:exonerate/ID=match.2566964.3028/Target=lcl|LCTV02000006_1_prot_PRQ74280_1_6265;exonerate},{ev_type:exonerate/ID=match.2566964.3034/Target=lcl|PJQD01000075_1_prot_POY71639_1_5707;exonerate},{ev_type:exonerate/ID=match.2566964.3033/Target=lcl|KQ954469_1_prot_KWU45928_1_1645;exonerate},{ev_type:exonerate/ID=match.2566964.3032/Target=lcl|NW_017264937_1_prot_XP_018269767_1_5170;exonerate}
849653	849631	internal-	4	5	{GeneMark_model.4255_t;GeneMark},{GlimmerHMM_glimmerT_3989-T1;GlimmerHMM},{HiQ_model.g3333.t1;HiQ},{ev_type:exonerate/ID=match.2566964.3029/Target=lcl|BJWK01000011_1_prot_GEM10561_1_4578;exonerate},{ev_type:exonerate/ID=match.2566964.3028/Target=lcl|LCTV02000006_1_prot_PRQ74280_1_6265;exonerate},{ev_type:exonerate/ID=match.2566964.3034/Target=lcl|PJQD01000075_1_prot_POY71639_1_5707;exonerate},{ev_type:exonerate/ID=match.2566964.3033/Target=lcl|KQ954469_1_prot_KWU45928_1_1645;exonerate},{ev_type:exonerate/ID=match.2566964.3032/Target=lcl|NW_017264937_1_prot_XP_018269767_1_5170;exonerate}
849714	849654	INTRON			{GeneMark_model.4255_t;GeneMark},{GlimmerHMM_glimmerT_3989-T1;GlimmerHMM},{HiQ_model.g3333.t1;HiQ},{ev_type:exonerate/ID=match.2566964.3029/Target=lcl|BJWK01000011_1_prot_GEM10561_1_4578;exonerate},{ev_type:exonerate/ID=match.2566964.3028/Target=lcl|LCTV02000006_1_prot_PRQ74280_1_6265;exonerate},{ev_type:exonerate/ID=match.2566964.3034/Target=lcl|PJQD01000075_1_prot_POY71639_1_5707;exonerate},{ev_type:exonerate/ID=match.2566964.3033/Target=lcl|KQ954469_1_prot_KWU45928_1_1645;exonerate},{ev_type:exonerate/ID=match.2566964.3032/Target=lcl|NW_017264937_1_prot_XP_018269767_1_5170;exonerate}
849744	849715	initial-	4	6	{GeneMark_model.4255_t;GeneMark},{GlimmerHMM_glimmerT_3989-T1;GlimmerHMM},{HiQ_model.g3333.t1;HiQ}

# EVM prediction: Mode:STANDARD S-ratio: 2.67 850934-852141 orient(+) score(3452.00) noncoding_equivalent(1292.17) raw_noncoding(1493.17) offset(201.00)
850934	850946	initial+	1	1	{GeneMark_model.4256_t;GeneMark},{Augustus_model.g3334.t1;Augustus}
850947	851028	INTRON			{GeneMark_model.4256_t;GeneMark},{Augustus_model.g3334.t1;Augustus}
851029	852077	internal+	2	3	{Augustus_model.g3334.t1;Augustus}
852078	852120	INTRON			{Augustus_model.g3334.t1;Augustus}
852121	852141	terminal+	1	3	{GlimmerHMM_glimmerT_3990-T1;GlimmerHMM},{Augustus_model.g3334.t1;Augustus}

# EVM prediction: Mode:STANDARD S-ratio: 3.25 852258-854750 orient(-) score(7618.00) noncoding_equivalent(2346.17) raw_noncoding(3506.84) offset(1160.67)
853336	852258	terminal-	5	6	{snap_scaffold_9-snap.352-T1;snap},{GlimmerHMM_glimmerT_3991-T1;GlimmerHMM},{Augustus_model.g3335.t1;Augustus}
853393	853337	INTRON			{GlimmerHMM_glimmerT_3991-T1;GlimmerHMM},{Augustus_model.g3335.t1;Augustus}
853655	853394	internal-	4	4	{GlimmerHMM_glimmerT_3991-T1;GlimmerHMM},{Augustus_model.g3335.t1;Augustus}
853733	853656	INTRON			{Augustus_model.g3335.t1;Augustus}
853777	853734	internal-	5	6	{Augustus_model.g3335.t1;Augustus}
853842	853778	INTRON			{GeneMark_model.4257_t;GeneMark},{Augustus_model.g3335.t1;Augustus}
853944	853843	internal-	5	4	{GeneMark_model.4257_t;GeneMark},{Augustus_model.g3335.t1;Augustus}
854016	853945	INTRON			{GeneMark_model.4257_t;GeneMark},{Augustus_model.g3335.t1;Augustus}
854050	854017	internal-	4	4	{GeneMark_model.4257_t;GeneMark},{Augustus_model.g3335.t1;Augustus}
854129	854051	INTRON			{GeneMark_model.4257_t;GeneMark},{Augustus_model.g3335.t1;Augustus}
854201	854130	internal-	4	6	{GeneMark_model.4257_t;GeneMark},{Augustus_model.g3335.t1;Augustus}
854274	854202	INTRON			{GeneMark_model.4257_t;GeneMark},{Augustus_model.g3335.t1;Augustus}
854415	854275	internal-	4	6	{GeneMark_model.4257_t;GeneMark},{GlimmerHMM_glimmerT_3991-T1;GlimmerHMM},{Augustus_model.g3335.t1;Augustus}
854493	854416	INTRON			{GeneMark_model.4257_t;GeneMark},{GlimmerHMM_glimmerT_3991-T1;GlimmerHMM},{Augustus_model.g3335.t1;Augustus}
854622	854494	internal-	4	6	{GeneMark_model.4257_t;GeneMark},{Augustus_model.g3335.t1;Augustus}
854714	854623	INTRON			{GeneMark_model.4257_t;GeneMark},{Augustus_model.g3335.t1;Augustus}
854750	854715	initial-	4	6	{GeneMark_model.4257_t;GeneMark},{Augustus_model.g3335.t1;Augustus}

# EVM prediction: Mode:STANDARD S-ratio: 9.44 855760-857948 orient(+) score(8046.00) noncoding_equivalent(852.74) raw_noncoding(932.00) offset(79.26)
855760	856401	initial+	1	3	{GlimmerHMM_glimmerT_3992-T1;GlimmerHMM},{Augustus_model.g3336.t1;Augustus},{GeneMark_model.4258_t;GeneMark}
856402	856475	INTRON			{GlimmerHMM_glimmerT_3992-T1;GlimmerHMM},{Augustus_model.g3336.t1;Augustus},{GeneMark_model.4258_t;GeneMark}
856476	857948	terminal+	1	3	{GlimmerHMM_glimmerT_3992-T1;GlimmerHMM},{snap_scaffold_9-snap.353-T1;snap},{Augustus_model.g3336.t1;Augustus},{GeneMark_model.4258_t;GeneMark}

# EVM prediction: Mode:STANDARD S-ratio: 2.58 858240-859386 orient(-) score(3138.00) noncoding_equivalent(1215.38) raw_noncoding(1492.00) offset(276.62)
858304	858240	terminal-	5	6	{Augustus_model.g3337.t1;Augustus},{GlimmerHMM_glimmerT_3993-T1;GlimmerHMM}
858422	858305	INTRON			{GlimmerHMM_glimmerT_3993-T1;GlimmerHMM}
859386	858423	initial-	4	4	{GlimmerHMM_glimmerT_3993-T1;GlimmerHMM}

# EVM prediction: Mode:STANDARD S-ratio: 4.48 859830-876380 orient(-) score(58067.00) noncoding_equivalent(12955.84) raw_noncoding(15618.00) offset(2662.16)
859907	859830	terminal-	4	6	{GeneMark_model.4260_t;GeneMark},{Augustus_model.g3338.t1;Augustus},{GlimmerHMM_glimmerT_3994-T1;GlimmerHMM}
859974	859908	INTRON			{GeneMark_model.4260_t;GeneMark},{Augustus_model.g3338.t1;Augustus},{GlimmerHMM_glimmerT_3994-T1;GlimmerHMM}
860038	859975	internal-	6	6	{GeneMark_model.4260_t;GeneMark},{Augustus_model.g3338.t1;Augustus},{GlimmerHMM_glimmerT_3994-T1;GlimmerHMM}
860112	860039	INTRON			{GeneMark_model.4260_t;GeneMark},{Augustus_model.g3338.t1;Augustus}
860151	860113	internal-	6	5	{GeneMark_model.4260_t;GeneMark},{Augustus_model.g3338.t1;Augustus}
860236	860152	INTRON			{GeneMark_model.4260_t;GeneMark},{Augustus_model.g3338.t1;Augustus}
860310	860237	internal-	4	5	{GeneMark_model.4260_t;GeneMark},{Augustus_model.g3338.t1;Augustus},{GlimmerHMM_glimmerT_3994-T1;GlimmerHMM}
860376	860311	INTRON			{GeneMark_model.4260_t;GeneMark},{Augustus_model.g3338.t1;Augustus},{GlimmerHMM_glimmerT_3994-T1;GlimmerHMM}
860433	860377	internal-	4	6	{GeneMark_model.4260_t;GeneMark},{Augustus_model.g3338.t1;Augustus},{GlimmerHMM_glimmerT_3994-T1;GlimmerHMM}
860500	860434	INTRON			{GeneMark_model.4260_t;GeneMark},{Augustus_model.g3338.t1;Augustus},{GlimmerHMM_glimmerT_3994-T1;GlimmerHMM}
860616	860501	internal-	5	6	{GeneMark_model.4260_t;GeneMark},{Augustus_model.g3338.t1;Augustus},{GlimmerHMM_glimmerT_3994-T1;GlimmerHMM}
860696	860617	INTRON			{GeneMark_model.4260_t;GeneMark},{Augustus_model.g3338.t1;Augustus},{GlimmerHMM_glimmerT_3994-T1;GlimmerHMM}
861140	860697	internal-	5	4	{GeneMark_model.4260_t;GeneMark},{Augustus_model.g3338.t1;Augustus},{GlimmerHMM_glimmerT_3994-T1;GlimmerHMM}
861230	861141	INTRON			{GeneMark_model.4260_t;GeneMark},{Augustus_model.g3338.t1;Augustus},{GlimmerHMM_glimmerT_3994-T1;GlimmerHMM}
861341	861231	internal-	5	4	{GeneMark_model.4260_t;GeneMark},{Augustus_model.g3338.t1;Augustus},{GlimmerHMM_glimmerT_3994-T1;GlimmerHMM}
861400	861342	INTRON			{GeneMark_model.4260_t;GeneMark},{Augustus_model.g3338.t1;Augustus},{GlimmerHMM_glimmerT_3994-T1;GlimmerHMM}
861508	861401	internal-	5	4	{GeneMark_model.4260_t;GeneMark}
861573	861509	INTRON			{GeneMark_model.4260_t;GeneMark}
861766	861574	internal-	4	4	{GeneMark_model.4260_t;GeneMark}
861828	861767	INTRON			{GeneMark_model.4260_t;GeneMark},{Augustus_model.g3338.t1;Augustus},{GlimmerHMM_glimmerT_3994-T1;GlimmerHMM}
861944	861829	internal-	5	6	{GeneMark_model.4260_t;GeneMark},{Augustus_model.g3338.t1;Augustus},{GlimmerHMM_glimmerT_3994-T1;GlimmerHMM}
862026	861945	INTRON			{GeneMark_model.4260_t;GeneMark},{Augustus_model.g3338.t1;Augustus},{GlimmerHMM_glimmerT_3994-T1;GlimmerHMM}
862337	862027	internal-	6	4	{GeneMark_model.4260_t;GeneMark},{Augustus_model.g3338.t1;Augustus},{GlimmerHMM_glimmerT_3994-T1;GlimmerHMM}
862412	862338	INTRON			{GeneMark_model.4260_t;GeneMark},{Augustus_model.g3338.t1;Augustus},{GlimmerHMM_glimmerT_3994-T1;GlimmerHMM}
862511	862413	internal-	6	5	{GeneMark_model.4260_t;GeneMark},{Augustus_model.g3338.t1;Augustus}
862571	862512	INTRON			{GeneMark_model.4260_t;GeneMark},{Augustus_model.g3338.t1;Augustus}
862974	862572	internal-	5	5	{GeneMark_model.4260_t;GeneMark},{Augustus_model.g3338.t1;Augustus},{GlimmerHMM_glimmerT_3994-T1;GlimmerHMM}
863039	862975	INTRON			{GeneMark_model.4260_t;GeneMark},{Augustus_model.g3338.t1;Augustus},{GlimmerHMM_glimmerT_3994-T1;GlimmerHMM}
863232	863040	internal-	4	4	{Augustus_model.g3338.t1;Augustus},{GlimmerHMM_glimmerT_3994-T1;GlimmerHMM}
863574	863233	INTRON			{Augustus_model.g3338.t1;Augustus},{GlimmerHMM_glimmerT_3994-T1;GlimmerHMM}
863648	863575	internal-	5	6	{Augustus_model.g3338.t1;Augustus},{GeneMark_model.4261_t;GeneMark},{GlimmerHMM_glimmerT_3994-T1;GlimmerHMM}
863714	863649	INTRON			{Augustus_model.g3338.t1;Augustus},{GeneMark_model.4261_t;GeneMark},{GlimmerHMM_glimmerT_3994-T1;GlimmerHMM}
863782	863715	internal-	6	4	{Augustus_model.g3338.t1;Augustus},{GeneMark_model.4261_t;GeneMark},{GlimmerHMM_glimmerT_3994-T1;GlimmerHMM}
863857	863783	INTRON			{Augustus_model.g3338.t1;Augustus},{GeneMark_model.4261_t;GeneMark},{GlimmerHMM_glimmerT_3994-T1;GlimmerHMM}
864011	863858	internal-	5	5	{Augustus_model.g3338.t1;Augustus},{GeneMark_model.4261_t;GeneMark},{GlimmerHMM_glimmerT_3994-T1;GlimmerHMM}
864083	864012	INTRON			{Augustus_model.g3338.t1;Augustus},{GeneMark_model.4261_t;GeneMark},{GlimmerHMM_glimmerT_3994-T1;GlimmerHMM},{ev_type:exonerate/ID=match.2566964.989/Target=lcl|PJQD01000075_1_prot_POY71626_1_5694;exonerate}
864210	864084	internal-	4	4	{Augustus_model.g3338.t1;Augustus},{GeneMark_model.4261_t;GeneMark},{GlimmerHMM_glimmerT_3994-T1;GlimmerHMM},{ev_type:exonerate/ID=match.2566964.989/Target=lcl|PJQD01000075_1_prot_POY71626_1_5694;exonerate}
864279	864211	INTRON			{snap_scaffold_9-snap.356-T1;snap},{Augustus_model.g3338.t1;Augustus},{GeneMark_model.4261_t;GeneMark},{GlimmerHMM_glimmerT_3994-T1;GlimmerHMM},{ev_type:exonerate/ID=match.2566964.989/Target=lcl|PJQD01000075_1_prot_POY71626_1_5694;exonerate}
864557	864280	internal-	5	6	{Augustus_model.g3338.t1;Augustus},{GeneMark_model.4261_t;GeneMark},{GlimmerHMM_glimmerT_3994-T1;GlimmerHMM},{ev_type:exonerate/ID=match.2566964.989/Target=lcl|PJQD01000075_1_prot_POY71626_1_5694;exonerate}
864624	864558	INTRON			{Augustus_model.g3338.t1;Augustus},{GeneMark_model.4261_t;GeneMark},{GlimmerHMM_glimmerT_3994-T1;GlimmerHMM},{ev_type:exonerate/ID=match.2566964.989/Target=lcl|PJQD01000075_1_prot_POY71626_1_5694;exonerate}
864730	864625	internal-	4	4	{Augustus_model.g3338.t1;Augustus},{GeneMark_model.4261_t;GeneMark},{GlimmerHMM_glimmerT_3994-T1;GlimmerHMM},{ev_type:exonerate/ID=match.2566964.989/Target=lcl|PJQD01000075_1_prot_POY71626_1_5694;exonerate}
864802	864731	INTRON			{Augustus_model.g3338.t1;Augustus},{GeneMark_model.4261_t;GeneMark},{GlimmerHMM_glimmerT_3994-T1;GlimmerHMM},{ev_type:exonerate/ID=match.2566964.989/Target=lcl|PJQD01000075_1_prot_POY71626_1_5694;exonerate}
864899	864803	internal-	6	6	{Augustus_model.g3338.t1;Augustus},{GeneMark_model.4261_t;GeneMark},{GlimmerHMM_glimmerT_3994-T1;GlimmerHMM},{ev_type:exonerate/ID=match.2566964.989/Target=lcl|PJQD01000075_1_prot_POY71626_1_5694;exonerate}
864979	864900	INTRON			{Augustus_model.g3338.t1;Augustus},{GeneMark_model.4261_t;GeneMark},{GlimmerHMM_glimmerT_3994-T1;GlimmerHMM},{ev_type:exonerate/ID=match.2566964.989/Target=lcl|PJQD01000075_1_prot_POY71626_1_5694;exonerate}
865167	864980	internal-	4	5	{Augustus_model.g3338.t1;Augustus},{GeneMark_model.4261_t;GeneMark},{GlimmerHMM_glimmerT_3994-T1;GlimmerHMM}
865235	865168	INTRON			{Augustus_model.g3338.t1;Augustus},{GeneMark_model.4261_t;GeneMark},{GlimmerHMM_glimmerT_3994-T1;GlimmerHMM}
866303	865236	internal-	4	6	{Augustus_model.g3338.t1;Augustus},{GeneMark_model.4261_t;GeneMark},{GlimmerHMM_glimmerT_3994-T1;GlimmerHMM}
866370	866304	INTRON			{Augustus_model.g3338.t1;Augustus},{GeneMark_model.4261_t;GeneMark},{GlimmerHMM_glimmerT_3994-T1;GlimmerHMM}
867971	866371	internal-	5	6	{Augustus_model.g3338.t1;Augustus},{GeneMark_model.4261_t;GeneMark},{GlimmerHMM_glimmerT_3994-T1;GlimmerHMM}
868045	867972	INTRON			{Augustus_model.g3338.t1;Augustus},{GeneMark_model.4261_t;GeneMark},{GlimmerHMM_glimmerT_3994-T1;GlimmerHMM}
869081	868046	internal-	4	4	{Augustus_model.g3338.t1;Augustus},{GeneMark_model.4261_t;GeneMark},{GlimmerHMM_glimmerT_3994-T1;GlimmerHMM}
869148	869082	INTRON			{Augustus_model.g3338.t1;Augustus},{GeneMark_model.4261_t;GeneMark},{GlimmerHMM_glimmerT_3994-T1;GlimmerHMM}
870636	869149	internal-	4	6	{Augustus_model.g3338.t1;Augustus},{GeneMark_model.4261_t;GeneMark},{GlimmerHMM_glimmerT_3994-T1;GlimmerHMM}
870700	870637	INTRON			{Augustus_model.g3338.t1;Augustus},{GeneMark_model.4261_t;GeneMark},{GlimmerHMM_glimmerT_3994-T1;GlimmerHMM}
872619	870701	internal-	5	6	{Augustus_model.g3338.t1;Augustus},{GeneMark_model.4261_t;GeneMark},{GlimmerHMM_glimmerT_3994-T1;GlimmerHMM}
872683	872620	INTRON			{Augustus_model.g3338.t1;Augustus},{GeneMark_model.4261_t;GeneMark},{GlimmerHMM_glimmerT_3994-T1;GlimmerHMM}
873647	872684	internal-	4	4	{Augustus_model.g3338.t1;Augustus},{GeneMark_model.4261_t;GeneMark},{GlimmerHMM_glimmerT_3994-T1;GlimmerHMM}
873712	873648	INTRON			{Augustus_model.g3338.t1;Augustus},{GeneMark_model.4261_t;GeneMark},{GlimmerHMM_glimmerT_3994-T1;GlimmerHMM}
874869	873713	internal-	5	6	{Augustus_model.g3338.t1;Augustus},{GeneMark_model.4261_t;GeneMark},{GlimmerHMM_glimmerT_3994-T1;GlimmerHMM}
874939	874870	INTRON			{Augustus_model.g3338.t1;Augustus},{GeneMark_model.4261_t;GeneMark},{GlimmerHMM_glimmerT_3994-T1;GlimmerHMM}
875948	874940	internal-	4	4	{Augustus_model.g3338.t1;Augustus},{GeneMark_model.4261_t;GeneMark},{GlimmerHMM_glimmerT_3994-T1;GlimmerHMM}
876026	875949	INTRON			{Augustus_model.g3338.t1;Augustus},{GeneMark_model.4261_t;GeneMark},{GlimmerHMM_glimmerT_3994-T1;GlimmerHMM}
876380	876027	initial-	4	6	{Augustus_model.g3338.t1;Augustus},{GeneMark_model.4261_t;GeneMark},{GlimmerHMM_glimmerT_3994-T1;GlimmerHMM}

# EVM prediction: Mode:STANDARD S-ratio: 3.65 876901-880396 orient(-) score(11772.00) noncoding_equivalent(3222.55) raw_noncoding(4051.00) offset(828.45)
877101	876901	terminal-	4	6	{GeneMark_model.4262_t;GeneMark},{snap_scaffold_9-snap.362-T1;snap},{Augustus_model.g3339.t1;Augustus},{GlimmerHMM_glimmerT_3995-T1;GlimmerHMM}
877174	877102	INTRON			{GeneMark_model.4262_t;GeneMark},{Augustus_model.g3339.t1;Augustus},{GlimmerHMM_glimmerT_3995-T1;GlimmerHMM}
877283	877175	internal-	6	6	{GeneMark_model.4262_t;GeneMark},{Augustus_model.g3339.t1;Augustus},{GlimmerHMM_glimmerT_3995-T1;GlimmerHMM}
877378	877284	INTRON			{GeneMark_model.4262_t;GeneMark},{Augustus_model.g3339.t1;Augustus},{GlimmerHMM_glimmerT_3995-T1;GlimmerHMM}
877696	877379	internal-	6	5	{GeneMark_model.4262_t;GeneMark},{Augustus_model.g3339.t1;Augustus},{GlimmerHMM_glimmerT_3995-T1;GlimmerHMM}
877796	877697	INTRON			{GeneMark_model.4262_t;GeneMark},{Augustus_model.g3339.t1;Augustus}
877901	877797	internal-	6	5	{GeneMark_model.4262_t;GeneMark},{Augustus_model.g3339.t1;Augustus}
877980	877902	INTRON			{GeneMark_model.4262_t;GeneMark},{Augustus_model.g3339.t1;Augustus}
878274	877981	internal-	6	5	{GeneMark_model.4262_t;GeneMark},{Augustus_model.g3339.t1;Augustus},{GlimmerHMM_glimmerT_3995-T1;GlimmerHMM}
878359	878275	INTRON			{GeneMark_model.4262_t;GeneMark},{Augustus_model.g3339.t1;Augustus},{GlimmerHMM_glimmerT_3995-T1;GlimmerHMM}
879031	878360	internal-	6	5	{GeneMark_model.4262_t;GeneMark},{Augustus_model.g3339.t1;Augustus},{GlimmerHMM_glimmerT_3995-T1;GlimmerHMM}
879103	879032	INTRON			{GeneMark_model.4262_t;GeneMark},{Augustus_model.g3339.t1;Augustus},{GlimmerHMM_glimmerT_3995-T1;GlimmerHMM}
879211	879104	internal-	6	5	{GeneMark_model.4262_t;GeneMark},{Augustus_model.g3339.t1;Augustus},{GlimmerHMM_glimmerT_3995-T1;GlimmerHMM}
879279	879212	INTRON			{GeneMark_model.4262_t;GeneMark},{Augustus_model.g3339.t1;Augustus},{GlimmerHMM_glimmerT_3995-T1;GlimmerHMM}
879522	879280	internal-	6	5	{GeneMark_model.4262_t;GeneMark},{Augustus_model.g3339.t1;Augustus},{GlimmerHMM_glimmerT_3995-T1;GlimmerHMM}
879591	879523	INTRON			{GeneMark_model.4262_t;GeneMark},{Augustus_model.g3339.t1;Augustus},{GlimmerHMM_glimmerT_3995-T1;GlimmerHMM}
879712	879592	internal-	5	5	{GeneMark_model.4262_t;GeneMark},{Augustus_model.g3339.t1;Augustus},{GlimmerHMM_glimmerT_3995-T1;GlimmerHMM}
879774	879713	INTRON			{GeneMark_model.4262_t;GeneMark},{Augustus_model.g3339.t1;Augustus},{GlimmerHMM_glimmerT_3995-T1;GlimmerHMM}
880396	879775	initial-	4	4	{GeneMark_model.4262_t;GeneMark},{Augustus_model.g3339.t1;Augustus},{GlimmerHMM_glimmerT_3995-T1;GlimmerHMM}

# EVM prediction: Mode:STANDARD S-ratio: 7.09 881037-883660 orient(+) score(10537.00) noncoding_equivalent(1485.25) raw_noncoding(1709.00) offset(223.75)
881037	881518	initial+	1	2	{GeneMark_model.4263_t;GeneMark},{GlimmerHMM_glimmerT_3996-T1;GlimmerHMM},{Augustus_model.g3340.t1;Augustus}
881519	881588	INTRON			{GeneMark_model.4263_t;GeneMark},{GlimmerHMM_glimmerT_3996-T1;GlimmerHMM},{Augustus_model.g3340.t1;Augustus},{ev_type:exonerate/ID=match.2566964.3563/Target=lcl|KQ954469_1_prot_KWU46045_1_1762;exonerate}
881589	882141	internal+	3	3	{GeneMark_model.4263_t;GeneMark},{GlimmerHMM_glimmerT_3996-T1;GlimmerHMM},{Augustus_model.g3340.t1;Augustus}
882142	882213	INTRON			{GeneMark_model.4263_t;GeneMark},{GlimmerHMM_glimmerT_3996-T1;GlimmerHMM},{Augustus_model.g3340.t1;Augustus},{ev_type:exonerate/ID=match.2566964.3563/Target=lcl|KQ954469_1_prot_KWU46045_1_1762;exonerate}
882214	882427	internal+	1	1	{GeneMark_model.4263_t;GeneMark},{GlimmerHMM_glimmerT_3996-T1;GlimmerHMM},{Augustus_model.g3340.t1;Augustus},{ev_type:exonerate/ID=match.2566964.3563/Target=lcl|KQ954469_1_prot_KWU46045_1_1762;exonerate}
882428	882500	INTRON			{GeneMark_model.4263_t;GeneMark},{GlimmerHMM_glimmerT_3996-T1;GlimmerHMM},{Augustus_model.g3340.t1;Augustus},{ev_type:exonerate/ID=match.2566964.3563/Target=lcl|KQ954469_1_prot_KWU46045_1_1762;exonerate}
882501	883660	terminal+	2	3	{GeneMark_model.4263_t;GeneMark},{GlimmerHMM_glimmerT_3996-T1;GlimmerHMM},{Augustus_model.g3340.t1;Augustus}

# EVM prediction: Mode:STANDARD S-ratio: 2.54 883810-884483 orient(-) score(1956.00) noncoding_equivalent(769.85) raw_noncoding(1015.91) offset(246.06)
883989	883810	terminal-	4	6	{GlimmerHMM_glimmerT_3997-T1;GlimmerHMM},{snap_scaffold_9-snap.368-T1;snap},{GeneMark_model.4264_t;GeneMark},{Augustus_model.g3341.t1;Augustus}
884063	883990	INTRON			{GlimmerHMM_glimmerT_3997-T1;GlimmerHMM},{GeneMark_model.4264_t;GeneMark},{Augustus_model.g3341.t1;Augustus}
884391	884064	internal-	6	6	{GeneMark_model.4264_t;GeneMark},{Augustus_model.g3341.t1;Augustus}
884448	884392	INTRON			{GeneMark_model.4264_t;GeneMark}
884483	884449	initial-	4	5	{GeneMark_model.4264_t;GeneMark}

# EVM prediction: Mode:STANDARD S-ratio: 14.32 884826-887594 orient(-) score(10350.00) noncoding_equivalent(722.55) raw_noncoding(726.55) offset(4.00)
886613	884826	terminal-	4	6	{GeneMark_model.4265_t;GeneMark}
886670	886614	INTRON			{GeneMark_model.4265_t;GeneMark},{Augustus_model.g3341.t1;Augustus}
887594	886671	initial-	4	6	{GeneMark_model.4265_t;GeneMark}

# EVM prediction: Mode:STANDARD S-ratio: 2.00 889526-891022 orient(-) score(4398.00) noncoding_equivalent(2202.33) raw_noncoding(2533.33) offset(331.00)
889898	889526	terminal-	6	6	{GlimmerHMM_glimmerT_3998-T1;GlimmerHMM},{GeneMark_model.4266_t;GeneMark},{Augustus_model.g3342.t1;Augustus}
889979	889899	INTRON			{GlimmerHMM_glimmerT_3998-T1;GlimmerHMM},{GeneMark_model.4266_t;GeneMark},{Augustus_model.g3342.t1;Augustus}
890107	889980	internal-	4	5	{GlimmerHMM_glimmerT_3998-T1;GlimmerHMM},{GeneMark_model.4266_t;GeneMark},{Augustus_model.g3342.t1;Augustus}
890177	890108	INTRON			{GlimmerHMM_glimmerT_3998-T1;GlimmerHMM},{GeneMark_model.4266_t;GeneMark},{Augustus_model.g3342.t1;Augustus}
890426	890178	internal-	4	6	{GlimmerHMM_glimmerT_3998-T1;GlimmerHMM},{GeneMark_model.4266_t;GeneMark},{Augustus_model.g3342.t1;Augustus}
890497	890427	INTRON			{GlimmerHMM_glimmerT_3998-T1;GlimmerHMM},{GeneMark_model.4266_t;GeneMark},{Augustus_model.g3342.t1;Augustus}
890543	890498	internal-	6	6	{GlimmerHMM_glimmerT_3998-T1;GlimmerHMM},{GeneMark_model.4266_t;GeneMark},{Augustus_model.g3342.t1;Augustus}
890636	890544	INTRON			{GlimmerHMM_glimmerT_3998-T1;GlimmerHMM},{GeneMark_model.4266_t;GeneMark},{Augustus_model.g3342.t1;Augustus}
891022	890637	initial-	4	5	{GlimmerHMM_glimmerT_3998-T1;GlimmerHMM},{GeneMark_model.4266_t;GeneMark}

# EVM prediction: Mode:STANDARD S-ratio: 4.27 891247-893255 orient(-) score(6852.00) noncoding_equivalent(1605.77) raw_noncoding(1934.85) offset(329.08)
891381	891247	terminal-	4	6	{GlimmerHMM_glimmerT_3999-T1;GlimmerHMM},{GeneMark_model.4267_t;GeneMark}
891477	891382	INTRON			{GlimmerHMM_glimmerT_3999-T1;GlimmerHMM},{GeneMark_model.4267_t;GeneMark}
892383	891478	internal-	4	6	{GlimmerHMM_glimmerT_3999-T1;GlimmerHMM},{GeneMark_model.4267_t;GeneMark},{Augustus_model.g3342.t1;Augustus}
892456	892384	INTRON			{GlimmerHMM_glimmerT_3999-T1;GlimmerHMM},{GeneMark_model.4267_t;GeneMark},{Augustus_model.g3342.t1;Augustus}
892606	892457	internal-	4	6	{GlimmerHMM_glimmerT_3999-T1;GlimmerHMM},{GeneMark_model.4267_t;GeneMark},{Augustus_model.g3342.t1;Augustus}
892671	892607	INTRON			{GlimmerHMM_glimmerT_3999-T1;GlimmerHMM},{GeneMark_model.4267_t;GeneMark},{Augustus_model.g3342.t1;Augustus}
892859	892672	internal-	5	6	{GlimmerHMM_glimmerT_3999-T1;GlimmerHMM},{GeneMark_model.4267_t;GeneMark},{Augustus_model.g3342.t1;Augustus}
892939	892860	INTRON			{GlimmerHMM_glimmerT_3999-T1;GlimmerHMM},{GeneMark_model.4267_t;GeneMark},{Augustus_model.g3342.t1;Augustus}
893255	892940	initial-	4	4	{GlimmerHMM_glimmerT_3999-T1;GlimmerHMM},{GeneMark_model.4267_t;GeneMark},{Augustus_model.g3342.t1;Augustus}

# EVM prediction: Mode:STANDARD S-ratio: 2.90 893702-895529 orient(-) score(9513.00) noncoding_equivalent(3279.73) raw_noncoding(3646.00) offset(366.27)
894071	893702	terminal-	6	6	{GlimmerHMM_glimmerT_4000-T1;GlimmerHMM},{GeneMark_model.4268_t;GeneMark},{HiQ_model.g3343.t1;HiQ}
894133	894072	INTRON			{GlimmerHMM_glimmerT_4000-T1;GlimmerHMM},{GeneMark_model.4268_t;GeneMark},{HiQ_model.g3343.t1;HiQ},{ev_type:exonerate/ID=match.2566964.3045/Target=lcl|PJQD01000088_1_prot_POY71020_1_6499;exonerate}
894404	894134	internal-	5	5	{GlimmerHMM_glimmerT_4000-T1;GlimmerHMM},{GeneMark_model.4268_t;GeneMark},{HiQ_model.g3343.t1;HiQ},{ev_type:exonerate/ID=match.2566964.3045/Target=lcl|PJQD01000088_1_prot_POY71020_1_6499;exonerate}
894478	894405	INTRON			{GlimmerHMM_glimmerT_4000-T1;GlimmerHMM},{GeneMark_model.4268_t;GeneMark},{HiQ_model.g3343.t1;HiQ},{ev_type:exonerate/ID=match.2566964.3045/Target=lcl|PJQD01000088_1_prot_POY71020_1_6499;exonerate}
895255	894479	internal-	5	4	{GlimmerHMM_glimmerT_4000-T1;GlimmerHMM},{GeneMark_model.4268_t;GeneMark},{HiQ_model.g3343.t1;HiQ},{ev_type:exonerate/ID=match.2566964.3045/Target=lcl|PJQD01000088_1_prot_POY71020_1_6499;exonerate}
895318	895256	INTRON			{GlimmerHMM_glimmerT_4000-T1;GlimmerHMM},{GeneMark_model.4268_t;GeneMark},{HiQ_model.g3343.t1;HiQ},{ev_type:exonerate/ID=match.2566964.3045/Target=lcl|PJQD01000088_1_prot_POY71020_1_6499;exonerate}
895529	895319	initial-	4	4	{GlimmerHMM_glimmerT_4000-T1;GlimmerHMM},{GeneMark_model.4268_t;GeneMark},{HiQ_model.g3343.t1;HiQ}

# EVM prediction: Mode:STANDARD S-ratio: 1.97 896388-898741 orient(+) score(6859.00) noncoding_equivalent(3485.38) raw_noncoding(4478.00) offset(992.62)
896388	896544	initial+	1	1	{Augustus_model.g3344.t1;Augustus},{GeneMark_model.4269_t;GeneMark}
896545	896621	INTRON			{GlimmerHMM_glimmerT_4001-T1;GlimmerHMM},{Augustus_model.g3344.t1;Augustus},{GeneMark_model.4269_t;GeneMark}
896622	896915	internal+	2	1	{GlimmerHMM_glimmerT_4001-T1;GlimmerHMM},{Augustus_model.g3344.t1;Augustus},{GeneMark_model.4269_t;GeneMark}
896916	896977	INTRON			{GlimmerHMM_glimmerT_4001-T1;GlimmerHMM},{Augustus_model.g3344.t1;Augustus},{GeneMark_model.4269_t;GeneMark}
896978	897070	internal+	2	1	{Augustus_model.g3344.t1;Augustus},{GeneMark_model.4269_t;GeneMark}
897071	897142	INTRON			{Augustus_model.g3344.t1;Augustus},{GeneMark_model.4269_t;GeneMark}
897143	897223	internal+	2	1	{Augustus_model.g3344.t1;Augustus},{GeneMark_model.4269_t;GeneMark}
897224	897294	INTRON			{Augustus_model.g3344.t1;Augustus},{GeneMark_model.4269_t;GeneMark}
897295	897608	internal+	2	3	{Augustus_model.g3344.t1;Augustus},{GeneMark_model.4269_t;GeneMark}
897609	897682	INTRON			{Augustus_model.g3344.t1;Augustus},{GeneMark_model.4269_t;GeneMark}
897683	897689	internal+	1	1	{Augustus_model.g3344.t1;Augustus},{GeneMark_model.4269_t;GeneMark}
897690	897765	INTRON			{Augustus_model.g3344.t1;Augustus},{GeneMark_model.4269_t;GeneMark}
897766	897844	internal+	2	2	{Augustus_model.g3344.t1;Augustus},{GlimmerHMM_glimmerT_4002-T1;GlimmerHMM},{GeneMark_model.4269_t;GeneMark}
897845	897904	INTRON			{Augustus_model.g3344.t1;Augustus},{GlimmerHMM_glimmerT_4002-T1;GlimmerHMM},{GeneMark_model.4269_t;GeneMark}
897905	898069	internal+	3	2	{Augustus_model.g3344.t1;Augustus},{GlimmerHMM_glimmerT_4002-T1;GlimmerHMM},{GeneMark_model.4269_t;GeneMark}
898070	898130	INTRON			{Augustus_model.g3344.t1;Augustus},{GlimmerHMM_glimmerT_4002-T1;GlimmerHMM},{GeneMark_model.4269_t;GeneMark}
898131	898191	internal+	3	3	{Augustus_model.g3344.t1;Augustus},{GlimmerHMM_glimmerT_4002-T1;GlimmerHMM},{GeneMark_model.4269_t;GeneMark}
898192	898253	INTRON			{Augustus_model.g3344.t1;Augustus},{GlimmerHMM_glimmerT_4002-T1;GlimmerHMM},{GeneMark_model.4269_t;GeneMark}
898254	898370	internal+	1	3	{Augustus_model.g3344.t1;Augustus},{GlimmerHMM_glimmerT_4002-T1;GlimmerHMM},{GeneMark_model.4269_t;GeneMark}
898371	898456	INTRON			{Augustus_model.g3344.t1;Augustus},{GlimmerHMM_glimmerT_4002-T1;GlimmerHMM},{GeneMark_model.4269_t;GeneMark}
898457	898536	internal+	1	2	{Augustus_model.g3344.t1;Augustus},{GlimmerHMM_glimmerT_4002-T1;GlimmerHMM},{GeneMark_model.4269_t;GeneMark}
898537	898608	INTRON			{Augustus_model.g3344.t1;Augustus},{GlimmerHMM_glimmerT_4002-T1;GlimmerHMM},{GeneMark_model.4269_t;GeneMark}
898609	898741	terminal+	3	3	{Augustus_model.g3344.t1;Augustus},{GlimmerHMM_glimmerT_4002-T1;GlimmerHMM},{GeneMark_model.4269_t;GeneMark}

# EVM prediction: Mode:STANDARD S-ratio: 5.11 898959-900154 orient(-) score(3309.00) noncoding_equivalent(647.00) raw_noncoding(1373.00) offset(726.00)
899505	898959	terminal-	6	6	{GlimmerHMM_glimmerT_4003-T1;GlimmerHMM},{GeneMark_model.4270_t;GeneMark}
899918	899506	INTRON			{GlimmerHMM_glimmerT_4003-T1;GlimmerHMM}
900154	899919	initial-	4	5	{GlimmerHMM_glimmerT_4003-T1;GlimmerHMM}

# EVM prediction: Mode:STANDARD S-ratio: 2.36 900927-901346 orient(-) score(1182.00) noncoding_equivalent(500.00) raw_noncoding(500.00) offset(0.00)
901346	900927	single-	4	6	{GlimmerHMM_glimmerT_4004-T1;GlimmerHMM}

# EVM prediction: Mode:STANDARD S-ratio: 2.20 902880-904675 orient(+) score(5673.00) noncoding_equivalent(2580.00) raw_noncoding(3021.00) offset(441.00)
902880	902964	initial+	1	1	{GeneMark_model.4271_t;GeneMark}
902965	903022	INTRON			{GlimmerHMM_glimmerT_4005-T1;GlimmerHMM},{GeneMark_model.4271_t;GeneMark},{Augustus_model.g3346.t1;Augustus}
903023	903076	internal+	2	1	{GlimmerHMM_glimmerT_4005-T1;GlimmerHMM},{GeneMark_model.4271_t;GeneMark},{Augustus_model.g3346.t1;Augustus}
903077	903157	INTRON			{GlimmerHMM_glimmerT_4005-T1;GlimmerHMM},{GeneMark_model.4271_t;GeneMark},{Augustus_model.g3346.t1;Augustus}
903158	903423	internal+	2	3	{GlimmerHMM_glimmerT_4005-T1;GlimmerHMM},{GeneMark_model.4271_t;GeneMark},{Augustus_model.g3346.t1;Augustus}
903424	903487	INTRON			{GlimmerHMM_glimmerT_4005-T1;GlimmerHMM},{GeneMark_model.4271_t;GeneMark},{Augustus_model.g3346.t1;Augustus}
903488	903627	internal+	1	2	{GlimmerHMM_glimmerT_4005-T1;GlimmerHMM},{GeneMark_model.4271_t;GeneMark},{Augustus_model.g3346.t1;Augustus}
903628	903702	INTRON			{GlimmerHMM_glimmerT_4005-T1;GlimmerHMM},{GeneMark_model.4271_t;GeneMark},{Augustus_model.g3346.t1;Augustus}
903703	903800	internal+	3	1	{GlimmerHMM_glimmerT_4005-T1;GlimmerHMM},{GeneMark_model.4271_t;GeneMark},{Augustus_model.g3346.t1;Augustus}
903801	903867	INTRON			{GlimmerHMM_glimmerT_4005-T1;GlimmerHMM},{GeneMark_model.4271_t;GeneMark},{Augustus_model.g3346.t1;Augustus}
903868	904023	internal+	2	1	{GlimmerHMM_glimmerT_4005-T1;GlimmerHMM},{GeneMark_model.4271_t;GeneMark},{Augustus_model.g3346.t1;Augustus}
904024	904087	INTRON			{GlimmerHMM_glimmerT_4005-T1;GlimmerHMM},{GeneMark_model.4271_t;GeneMark},{Augustus_model.g3346.t1;Augustus}
904088	904392	internal+	2	3	{GlimmerHMM_glimmerT_4005-T1;GlimmerHMM},{GeneMark_model.4271_t;GeneMark},{Augustus_model.g3346.t1;Augustus}
904393	904537	INTRON			{GlimmerHMM_glimmerT_4005-T1;GlimmerHMM},{GeneMark_model.4271_t;GeneMark},{Augustus_model.g3346.t1;Augustus}
904538	904675	terminal+	1	3	{GlimmerHMM_glimmerT_4005-T1;GlimmerHMM},{GeneMark_model.4271_t;GeneMark},{Augustus_model.g3346.t1;Augustus}

# EVM prediction: Mode:STANDARD S-ratio: 4.28 905078-906117 orient(-) score(8757.00) noncoding_equivalent(2045.63) raw_noncoding(2672.00) offset(626.37)
905203	905078	terminal-	4	6	{GeneMark_model.4272_t;GeneMark},{GlimmerHMM_glimmerT_4006-T1;GlimmerHMM},{HiQ_model.g3347.t1;HiQ}
905341	905204	INTRON			{GeneMark_model.4272_t;GeneMark},{GlimmerHMM_glimmerT_4006-T1;GlimmerHMM},{HiQ_model.g3347.t1;HiQ},{ev_type:exonerate/ID=match.2566964.3586/Target=lcl|KQ954469_1_prot_KWU46061_1_1778;exonerate},{ev_type:exonerate/ID=match.2566964.3587/Target=lcl|PJQD01000075_1_prot_POY71616_1_5684;exonerate},{ev_type:exonerate/ID=match.2566964.3596/Target=lcl|LCTV02000006_1_prot_PRQ74314_1_6299;exonerate},{ev_type:exonerate/ID=match.2566964.3594/Target=lcl|NW_017264937_1_prot_XP_018269748_1_5151;exonerate}
905512	905342	internal-	4	6	{GeneMark_model.4272_t;GeneMark},{GlimmerHMM_glimmerT_4006-T1;GlimmerHMM},{HiQ_model.g3347.t1;HiQ},{ev_type:exonerate/ID=match.2566964.3586/Target=lcl|KQ954469_1_prot_KWU46061_1_1778;exonerate},{ev_type:exonerate/ID=match.2566964.3587/Target=lcl|PJQD01000075_1_prot_POY71616_1_5684;exonerate},{ev_type:exonerate/ID=match.2566964.3596/Target=lcl|LCTV02000006_1_prot_PRQ74314_1_6299;exonerate},{ev_type:exonerate/ID=match.2566964.3594/Target=lcl|NW_017264937_1_prot_XP_018269748_1_5151;exonerate}
905579	905513	INTRON			{GeneMark_model.4272_t;GeneMark},{HiQ_model.g3347.t1;HiQ},{ev_type:exonerate/ID=match.2566964.3625/Target=lcl|BJWK01000011_1_prot_GEM10495_1_4512;exonerate},{ev_type:exonerate/ID=match.2566964.3587/Target=lcl|PJQD01000075_1_prot_POY71616_1_5684;exonerate},{ev_type:exonerate/ID=match.2566964.3596/Target=lcl|LCTV02000006_1_prot_PRQ74314_1_6299;exonerate},{ev_type:exonerate/ID=match.2566964.3594/Target=lcl|NW_017264937_1_prot_XP_018269748_1_5151;exonerate}
905954	905580	internal-	4	6	{GeneMark_model.4272_t;GeneMark},{HiQ_model.g3347.t1;HiQ},{ev_type:exonerate/ID=match.2566964.3587/Target=lcl|PJQD01000075_1_prot_POY71616_1_5684;exonerate},{ev_type:exonerate/ID=match.2566964.3596/Target=lcl|LCTV02000006_1_prot_PRQ74314_1_6299;exonerate},{ev_type:exonerate/ID=match.2566964.3594/Target=lcl|NW_017264937_1_prot_XP_018269748_1_5151;exonerate}
906030	905955	INTRON			{GeneMark_model.4272_t;GeneMark},{GlimmerHMM_glimmerT_4006-T1;GlimmerHMM},{HiQ_model.g3347.t1;HiQ},{ev_type:exonerate/ID=match.2566964.3586/Target=lcl|KQ954469_1_prot_KWU46061_1_1778;exonerate},{ev_type:exonerate/ID=match.2566964.3587/Target=lcl|PJQD01000075_1_prot_POY71616_1_5684;exonerate},{ev_type:exonerate/ID=match.2566964.3596/Target=lcl|LCTV02000006_1_prot_PRQ74314_1_6299;exonerate},{ev_type:exonerate/ID=match.2566964.3594/Target=lcl|NW_017264937_1_prot_XP_018269748_1_5151;exonerate}
906117	906031	initial-	4	6	{GeneMark_model.4272_t;GeneMark},{GlimmerHMM_glimmerT_4006-T1;GlimmerHMM},{HiQ_model.g3347.t1;HiQ}

# EVM prediction: Mode:STANDARD S-ratio: 2.39 906394-908662 orient(+) score(7217.00) noncoding_equivalent(3016.02) raw_noncoding(3742.00) offset(725.98)
906394	906667	initial+	1	1	{GlimmerHMM_glimmerT_4007-T1;GlimmerHMM},{GeneMark_model.4273_t;GeneMark},{Augustus_model.g3348.t1;Augustus}
906668	906758	INTRON			{GlimmerHMM_glimmerT_4007-T1;GlimmerHMM},{GeneMark_model.4273_t;GeneMark},{Augustus_model.g3348.t1;Augustus}
906759	906955	internal+	2	3	{GlimmerHMM_glimmerT_4007-T1;GlimmerHMM},{GeneMark_model.4273_t;GeneMark},{Augustus_model.g3348.t1;Augustus}
906956	907034	INTRON			{GlimmerHMM_glimmerT_4007-T1;GlimmerHMM},{GeneMark_model.4273_t;GeneMark},{Augustus_model.g3348.t1;Augustus}
907035	907183	internal+	1	2	{GlimmerHMM_glimmerT_4007-T1;GlimmerHMM},{GeneMark_model.4273_t;GeneMark},{Augustus_model.g3348.t1;Augustus}
907184	907251	INTRON			{GlimmerHMM_glimmerT_4007-T1;GlimmerHMM},{GeneMark_model.4273_t;GeneMark},{Augustus_model.g3348.t1;Augustus}
907252	907341	internal+	3	2	{GlimmerHMM_glimmerT_4007-T1;GlimmerHMM},{GeneMark_model.4273_t;GeneMark},{Augustus_model.g3348.t1;Augustus}
907342	907418	INTRON			{GlimmerHMM_glimmerT_4007-T1;GlimmerHMM},{GeneMark_model.4273_t;GeneMark},{Augustus_model.g3348.t1;Augustus}
907419	907491	internal+	3	3	{GlimmerHMM_glimmerT_4007-T1;GlimmerHMM},{GeneMark_model.4273_t;GeneMark},{Augustus_model.g3348.t1;Augustus}
907492	907586	INTRON			{GlimmerHMM_glimmerT_4007-T1;GlimmerHMM},{GeneMark_model.4273_t;GeneMark},{Augustus_model.g3348.t1;Augustus}
907587	907983	internal+	1	1	{GlimmerHMM_glimmerT_4007-T1;GlimmerHMM},{GeneMark_model.4273_t;GeneMark},{Augustus_model.g3348.t1;Augustus}
907984	908073	INTRON			{GlimmerHMM_glimmerT_4007-T1;GlimmerHMM},{GeneMark_model.4273_t;GeneMark},{Augustus_model.g3348.t1;Augustus}
908074	908188	internal+	2	2	{GlimmerHMM_glimmerT_4007-T1;GlimmerHMM},{GeneMark_model.4273_t;GeneMark},{Augustus_model.g3348.t1;Augustus}
908189	908283	INTRON			{GlimmerHMM_glimmerT_4007-T1;GlimmerHMM},{GeneMark_model.4273_t;GeneMark},{Augustus_model.g3348.t1;Augustus}
908284	908359	internal+	3	3	{GeneMark_model.4273_t;GeneMark},{Augustus_model.g3348.t1;Augustus}
908360	908458	INTRON			{GeneMark_model.4273_t;GeneMark},{Augustus_model.g3348.t1;Augustus}
908459	908662	terminal+	1	3	{GlimmerHMM_glimmerT_4007-T1;GlimmerHMM},{GeneMark_model.4273_t;GeneMark},{Augustus_model.g3348.t1;Augustus}

# EVM prediction: Mode:STANDARD S-ratio: 4.83 908802-911842 orient(-) score(10587.00) noncoding_equivalent(2192.14) raw_noncoding(2384.00) offset(191.86)
909059	908802	terminal-	4	6	{Augustus_model.g3349.t1;Augustus},{snap_scaffold_9-snap.376-T1;snap},{GlimmerHMM_glimmerT_4008-T1;GlimmerHMM},{GeneMark_model.4274_t;GeneMark}
909140	909060	INTRON			{Augustus_model.g3349.t1;Augustus},{GlimmerHMM_glimmerT_4008-T1;GlimmerHMM},{GeneMark_model.4274_t;GeneMark}
909250	909141	internal-	5	6	{Augustus_model.g3349.t1;Augustus},{GlimmerHMM_glimmerT_4008-T1;GlimmerHMM},{GeneMark_model.4274_t;GeneMark}
909331	909251	INTRON			{Augustus_model.g3349.t1;Augustus},{GlimmerHMM_glimmerT_4008-T1;GlimmerHMM},{GeneMark_model.4274_t;GeneMark}
910361	909332	internal-	4	4	{Augustus_model.g3349.t1;Augustus},{GlimmerHMM_glimmerT_4008-T1;GlimmerHMM},{GeneMark_model.4274_t;GeneMark}
910435	910362	INTRON			{Augustus_model.g3349.t1;Augustus},{GlimmerHMM_glimmerT_4008-T1;GlimmerHMM},{GeneMark_model.4274_t;GeneMark}
910668	910436	internal-	5	6	{Augustus_model.g3349.t1;Augustus},{GlimmerHMM_glimmerT_4008-T1;GlimmerHMM},{GeneMark_model.4274_t;GeneMark}
910749	910669	INTRON			{Augustus_model.g3349.t1;Augustus},{GlimmerHMM_glimmerT_4008-T1;GlimmerHMM},{GeneMark_model.4274_t;GeneMark}
911842	910750	initial-	4	4	{Augustus_model.g3349.t1;Augustus},{GlimmerHMM_glimmerT_4008-T1;GlimmerHMM},{GeneMark_model.4274_t;GeneMark}

# EVM prediction: Mode:STANDARD S-ratio: 2.35 912369-913731 orient(+) score(5050.00) noncoding_equivalent(2144.84) raw_noncoding(2599.00) offset(454.16)
912369	912563	initial+	1	3	{GeneMark_model.4275_t;GeneMark},{Augustus_model.g3350.t1;Augustus},{GlimmerHMM_glimmerT_4009-T1;GlimmerHMM}
912564	912824	INTRON			{GeneMark_model.4275_t;GeneMark},{Augustus_model.g3350.t1;Augustus},{GlimmerHMM_glimmerT_4009-T1;GlimmerHMM},{ev_type:exonerate/ID=match.2566964.3663/Target=lcl|KQ954469_1_prot_KWU46065_1_1782;exonerate}
912825	912985	internal+	1	2	{GeneMark_model.4275_t;GeneMark},{Augustus_model.g3350.t1;Augustus},{GlimmerHMM_glimmerT_4009-T1;GlimmerHMM},{ev_type:exonerate/ID=match.2566964.3663/Target=lcl|KQ954469_1_prot_KWU46065_1_1782;exonerate}
912986	913095	INTRON			{GeneMark_model.4275_t;GeneMark},{Augustus_model.g3350.t1;Augustus},{GlimmerHMM_glimmerT_4009-T1;GlimmerHMM},{ev_type:exonerate/ID=match.2566964.3663/Target=lcl|KQ954469_1_prot_KWU46065_1_1782;exonerate}
913096	913512	internal+	3	2	{GeneMark_model.4275_t;GeneMark},{Augustus_model.g3350.t1;Augustus},{GlimmerHMM_glimmerT_4009-T1;GlimmerHMM}
913513	913622	INTRON			{GeneMark_model.4275_t;GeneMark},{Augustus_model.g3350.t1;Augustus},{GlimmerHMM_glimmerT_4009-T1;GlimmerHMM}
913623	913731	terminal+	3	3	{GeneMark_model.4275_t;GeneMark},{Augustus_model.g3350.t1;Augustus},{GlimmerHMM_glimmerT_4009-T1;GlimmerHMM}

# EVM prediction: Mode:STANDARD S-ratio: 4.41 914143-916574 orient(+) score(12751.00) noncoding_equivalent(2893.00) raw_noncoding(3413.00) offset(520.00)
914143	914252	initial+	1	2	{GeneMark_model.4276_t;GeneMark},{Augustus_model.g3351.t1;Augustus},{GlimmerHMM_glimmerT_4010-T1;GlimmerHMM}
914253	914369	INTRON			{GeneMark_model.4276_t;GeneMark},{Augustus_model.g3351.t1;Augustus},{GlimmerHMM_glimmerT_4010-T1;GlimmerHMM},{ev_type:exonerate/ID=match.2566964.3523/Target=lcl|KQ954469_1_prot_KWU46064_1_1781;exonerate},{ev_type:exonerate/ID=match.2566964.3520/Target=lcl|PJQD01000075_1_prot_POY71610_1_5678;exonerate}
914370	914892	internal+	3	3	{GeneMark_model.4276_t;GeneMark},{Augustus_model.g3351.t1;Augustus},{GlimmerHMM_glimmerT_4010-T1;GlimmerHMM},{ev_type:exonerate/ID=match.2566964.3523/Target=lcl|KQ954469_1_prot_KWU46064_1_1781;exonerate}
914893	914968	INTRON			{GeneMark_model.4276_t;GeneMark},{Augustus_model.g3351.t1;Augustus},{GlimmerHMM_glimmerT_4010-T1;GlimmerHMM},{ev_type:exonerate/ID=match.2566964.3523/Target=lcl|KQ954469_1_prot_KWU46064_1_1781;exonerate},{ev_type:exonerate/ID=match.2566964.3520/Target=lcl|PJQD01000075_1_prot_POY71610_1_5678;exonerate}
914969	915064	internal+	1	3	{GeneMark_model.4276_t;GeneMark},{Augustus_model.g3351.t1;Augustus},{GlimmerHMM_glimmerT_4010-T1;GlimmerHMM},{ev_type:exonerate/ID=match.2566964.3523/Target=lcl|KQ954469_1_prot_KWU46064_1_1781;exonerate},{ev_type:exonerate/ID=match.2566964.3520/Target=lcl|PJQD01000075_1_prot_POY71610_1_5678;exonerate}
915065	915163	INTRON			{GeneMark_model.4276_t;GeneMark},{Augustus_model.g3351.t1;Augustus},{GlimmerHMM_glimmerT_4010-T1;GlimmerHMM},{ev_type:exonerate/ID=match.2566964.3523/Target=lcl|KQ954469_1_prot_KWU46064_1_1781;exonerate},{ev_type:exonerate/ID=match.2566964.3520/Target=lcl|PJQD01000075_1_prot_POY71610_1_5678;exonerate}
915164	915350	internal+	1	1	{GeneMark_model.4276_t;GeneMark},{Augustus_model.g3351.t1;Augustus},{GlimmerHMM_glimmerT_4010-T1;GlimmerHMM},{ev_type:exonerate/ID=match.2566964.3523/Target=lcl|KQ954469_1_prot_KWU46064_1_1781;exonerate},{ev_type:exonerate/ID=match.2566964.3520/Target=lcl|PJQD01000075_1_prot_POY71610_1_5678;exonerate}
915351	915415	INTRON			{GeneMark_model.4276_t;GeneMark},{Augustus_model.g3351.t1;Augustus},{GlimmerHMM_glimmerT_4010-T1;GlimmerHMM},{ev_type:exonerate/ID=match.2566964.3523/Target=lcl|KQ954469_1_prot_KWU46064_1_1781;exonerate},{ev_type:exonerate/ID=match.2566964.3520/Target=lcl|PJQD01000075_1_prot_POY71610_1_5678;exonerate}
915416	916101	internal+	2	3	{GeneMark_model.4276_t;GeneMark},{GlimmerHMM_glimmerT_4010-T1;GlimmerHMM},{ev_type:exonerate/ID=match.2566964.3523/Target=lcl|KQ954469_1_prot_KWU46064_1_1781;exonerate},{ev_type:exonerate/ID=match.2566964.3520/Target=lcl|PJQD01000075_1_prot_POY71610_1_5678;exonerate}
916102	916193	INTRON			{GeneMark_model.4276_t;GeneMark},{Augustus_model.g3351.t1;Augustus},{GlimmerHMM_glimmerT_4010-T1;GlimmerHMM},{ev_type:exonerate/ID=match.2566964.3523/Target=lcl|KQ954469_1_prot_KWU46064_1_1781;exonerate},{ev_type:exonerate/ID=match.2566964.3520/Target=lcl|PJQD01000075_1_prot_POY71610_1_5678;exonerate}
916194	916279	internal+	1	2	{GeneMark_model.4276_t;GeneMark},{Augustus_model.g3351.t1;Augustus},{GlimmerHMM_glimmerT_4010-T1;GlimmerHMM},{ev_type:exonerate/ID=match.2566964.3523/Target=lcl|KQ954469_1_prot_KWU46064_1_1781;exonerate},{ev_type:exonerate/ID=match.2566964.3520/Target=lcl|PJQD01000075_1_prot_POY71610_1_5678;exonerate}
916280	916345	INTRON			{GeneMark_model.4276_t;GeneMark},{Augustus_model.g3351.t1;Augustus},{GlimmerHMM_glimmerT_4010-T1;GlimmerHMM},{ev_type:exonerate/ID=match.2566964.3523/Target=lcl|KQ954469_1_prot_KWU46064_1_1781;exonerate},{ev_type:exonerate/ID=match.2566964.3520/Target=lcl|PJQD01000075_1_prot_POY71610_1_5678;exonerate}
916346	916405	internal+	3	2	{GeneMark_model.4276_t;GeneMark},{Augustus_model.g3351.t1;Augustus},{GlimmerHMM_glimmerT_4010-T1;GlimmerHMM},{ev_type:exonerate/ID=match.2566964.3523/Target=lcl|KQ954469_1_prot_KWU46064_1_1781;exonerate},{ev_type:exonerate/ID=match.2566964.3520/Target=lcl|PJQD01000075_1_prot_POY71610_1_5678;exonerate}
916406	916474	INTRON			{GeneMark_model.4276_t;GeneMark},{Augustus_model.g3351.t1;Augustus},{GlimmerHMM_glimmerT_4010-T1;GlimmerHMM},{ev_type:exonerate/ID=match.2566964.3523/Target=lcl|KQ954469_1_prot_KWU46064_1_1781;exonerate},{ev_type:exonerate/ID=match.2566964.3520/Target=lcl|PJQD01000075_1_prot_POY71610_1_5678;exonerate}
916475	916574	terminal+	3	3	{GeneMark_model.4276_t;GeneMark},{Augustus_model.g3351.t1;Augustus},{GlimmerHMM_glimmerT_4010-T1;GlimmerHMM}

# EVM prediction: Mode:STANDARD S-ratio: 5.00 917324-919187 orient(+) score(6816.00) noncoding_equivalent(1364.00) raw_noncoding(1666.00) offset(302.00)
917324	917418	initial+	1	2	{GeneMark_model.4277_t;GeneMark},{GlimmerHMM_glimmerT_4011-T1;GlimmerHMM},{Augustus_model.g3352.t1;Augustus}
917419	917710	INTRON			{GeneMark_model.4277_t;GeneMark},{GlimmerHMM_glimmerT_4011-T1;GlimmerHMM},{Augustus_model.g3352.t1;Augustus}
917711	918621	internal+	3	1	{GeneMark_model.4277_t;GeneMark},{GlimmerHMM_glimmerT_4011-T1;GlimmerHMM},{Augustus_model.g3352.t1;Augustus}
918622	918696	INTRON			{GeneMark_model.4277_t;GeneMark},{GlimmerHMM_glimmerT_4011-T1;GlimmerHMM},{Augustus_model.g3352.t1;Augustus}
918697	919187	terminal+	2	3	{GeneMark_model.4277_t;GeneMark},{GlimmerHMM_glimmerT_4011-T1;GlimmerHMM},{Augustus_model.g3352.t1;Augustus}

# EVM prediction: Mode:STANDARD S-ratio: 6.98 920065-921647 orient(-) score(10768.00) noncoding_equivalent(1541.75) raw_noncoding(3269.00) offset(1727.25)
920910	920065	terminal-	4	6	{HiQ_model.g3353.t1;HiQ},{GeneMark_model.4278_t;GeneMark},{GlimmerHMM_glimmerT_4012-T1;GlimmerHMM}
920982	920911	INTRON			{HiQ_model.g3353.t1;HiQ},{GeneMark_model.4278_t;GeneMark},{GlimmerHMM_glimmerT_4012-T1;GlimmerHMM},{ev_type:exonerate/ID=match.2566964.3555/Target=lcl|KQ954469_1_prot_KWU46069_1_1786;exonerate},{ev_type:exonerate/ID=match.2566964.3558/Target=lcl|LCTV02000006_1_prot_PRQ74192_1_6177;exonerate},{ev_type:exonerate/ID=match.2566964.3554/Target=lcl|PJQD01000050_1_prot_POY72272_1_4942;exonerate}
921050	920983	internal-	5	6	{HiQ_model.g3353.t1;HiQ},{GeneMark_model.4278_t;GeneMark},{GlimmerHMM_glimmerT_4012-T1;GlimmerHMM},{ev_type:exonerate/ID=match.2566964.3555/Target=lcl|KQ954469_1_prot_KWU46069_1_1786;exonerate},{ev_type:exonerate/ID=match.2566964.3558/Target=lcl|LCTV02000006_1_prot_PRQ74192_1_6177;exonerate}
921395	921051	INTRON			{HiQ_model.g3353.t1;HiQ},{ev_type:exonerate/ID=match.2566964.3555/Target=lcl|KQ954469_1_prot_KWU46069_1_1786;exonerate},{ev_type:exonerate/ID=match.2566964.3558/Target=lcl|LCTV02000006_1_prot_PRQ74192_1_6177;exonerate}
921482	921396	internal-	5	4	{HiQ_model.g3353.t1;HiQ},{ev_type:exonerate/ID=match.2566964.3555/Target=lcl|KQ954469_1_prot_KWU46069_1_1786;exonerate},{ev_type:exonerate/ID=match.2566964.3558/Target=lcl|LCTV02000006_1_prot_PRQ74192_1_6177;exonerate}
921580	921483	INTRON			{HiQ_model.g3353.t1;HiQ},{GeneMark_model.4278_t;GeneMark},{ev_type:exonerate/ID=match.2566964.3555/Target=lcl|KQ954469_1_prot_KWU46069_1_1786;exonerate},{ev_type:exonerate/ID=match.2566964.3558/Target=lcl|LCTV02000006_1_prot_PRQ74192_1_6177;exonerate},{ev_type:exonerate/ID=match.2566964.3554/Target=lcl|PJQD01000050_1_prot_POY72272_1_4942;exonerate}
921647	921581	initial-	4	4	{HiQ_model.g3353.t1;HiQ},{GeneMark_model.4278_t;GeneMark},{GlimmerHMM_glimmerT_4012-T1;GlimmerHMM}

# EVM prediction: Mode:STANDARD S-ratio: 1.41 921844-923036 orient(-) score(2943.00) noncoding_equivalent(2081.23) raw_noncoding(2220.23) offset(139.00)
922059	921844	terminal-	4	6	{GlimmerHMM_glimmerT_4013-T1;GlimmerHMM},{GeneMark_model.4279_t;GeneMark},{Augustus_model.g3354.t1;Augustus}
922121	922060	INTRON			{GlimmerHMM_glimmerT_4013-T1;GlimmerHMM},{GeneMark_model.4279_t;GeneMark},{Augustus_model.g3354.t1;Augustus}
922375	922122	internal-	5	6	{GlimmerHMM_glimmerT_4013-T1;GlimmerHMM},{GeneMark_model.4279_t;GeneMark},{Augustus_model.g3354.t1;Augustus}
922444	922376	INTRON			{GlimmerHMM_glimmerT_4013-T1;GlimmerHMM},{GeneMark_model.4279_t;GeneMark},{Augustus_model.g3354.t1;Augustus}
923036	922445	initial-	4	4	{GeneMark_model.4279_t;GeneMark}

# EVM prediction: Mode:STANDARD S-ratio: 1.19 923095-923508 orient(-) score(826.00) noncoding_equivalent(694.74) raw_noncoding(1144.89) offset(450.14)
923154	923095	terminal-	4	6	{GeneMark_model.4280_t;GeneMark}
923223	923155	INTRON			{GeneMark_model.4280_t;GeneMark}
923350	923224	internal-	6	6	{GeneMark_model.4280_t;GeneMark},{GlimmerHMM_glimmerT_4013-T1;GlimmerHMM},{Augustus_model.g3354.t1;Augustus}
923411	923351	INTRON			{GeneMark_model.4280_t;GeneMark},{Augustus_model.g3354.t1;Augustus}
923427	923412	internal-	5	5	{GeneMark_model.4280_t;GeneMark},{Augustus_model.g3354.t1;Augustus}
923489	923428	INTRON			{GeneMark_model.4280_t;GeneMark},{Augustus_model.g3354.t1;Augustus}
923508	923490	initial-	4	4	{GeneMark_model.4280_t;GeneMark},{Augustus_model.g3354.t1;Augustus}

# EVM prediction: Mode:STANDARD S-ratio: 2.25 923817-926413 orient(-) score(7274.00) noncoding_equivalent(3236.95) raw_noncoding(5026.77) offset(1789.82)
924400	923817	terminal-	5	6	{snap_scaffold_9-snap.382-T1;snap},{GeneMark_model.4281_t;GeneMark},{Augustus_model.g3355.t1;Augustus}
924900	924401	INTRON			{GlimmerHMM_glimmerT_4013-T1;GlimmerHMM},{GeneMark_model.4281_t;GeneMark}
925053	924901	internal-	5	4	{GlimmerHMM_glimmerT_4013-T1;GlimmerHMM},{GeneMark_model.4281_t;GeneMark}
925112	925054	INTRON			{GeneMark_model.4281_t;GeneMark},{Augustus_model.g3355.t1;Augustus}
925184	925113	internal-	5	4	{GeneMark_model.4281_t;GeneMark},{Augustus_model.g3355.t1;Augustus}
925244	925185	INTRON			{Augustus_model.g3355.t1;Augustus}
925328	925245	internal-	5	4	{GlimmerHMM_glimmerT_4013-T1;GlimmerHMM},{Augustus_model.g3355.t1;Augustus}
925418	925329	INTRON			{GlimmerHMM_glimmerT_4013-T1;GlimmerHMM},{GeneMark_model.4281_t;GeneMark},{Augustus_model.g3355.t1;Augustus}
925664	925419	internal-	5	4	{GlimmerHMM_glimmerT_4013-T1;GlimmerHMM},{GeneMark_model.4281_t;GeneMark},{Augustus_model.g3355.t1;Augustus}
925742	925665	INTRON			{GlimmerHMM_glimmerT_4013-T1;GlimmerHMM},{GeneMark_model.4281_t;GeneMark},{Augustus_model.g3355.t1;Augustus}
925930	925743	internal-	6	4	{GlimmerHMM_glimmerT_4013-T1;GlimmerHMM},{GeneMark_model.4281_t;GeneMark},{Augustus_model.g3355.t1;Augustus}
925991	925931	INTRON			{GlimmerHMM_glimmerT_4013-T1;GlimmerHMM},{GeneMark_model.4281_t;GeneMark},{Augustus_model.g3355.t1;Augustus}
926119	925992	internal-	4	5	{GeneMark_model.4281_t;GeneMark}
926219	926120	INTRON			{GeneMark_model.4281_t;GeneMark}
926345	926220	internal-	4	6	{GeneMark_model.4281_t;GeneMark}
926410	926346	INTRON			{GlimmerHMM_glimmerT_4013-T1;GlimmerHMM},{GeneMark_model.4281_t;GeneMark}
926413	926411	initial-	4	6	{GlimmerHMM_glimmerT_4013-T1;GlimmerHMM},{GeneMark_model.4281_t;GeneMark}

# EVM prediction: Mode:STANDARD S-ratio: 7.73 926613-931341 orient(-) score(20597.00) noncoding_equivalent(2664.12) raw_noncoding(3503.59) offset(839.47)
926723	926613	terminal-	4	6	{GeneMark_model.4282_t;GeneMark},{GlimmerHMM_glimmerT_4014-T1;GlimmerHMM}
926788	926724	INTRON			{GeneMark_model.4282_t;GeneMark},{Augustus_model.g3355.t1;Augustus}
926803	926789	internal-	4	6	{GeneMark_model.4282_t;GeneMark},{Augustus_model.g3355.t1;Augustus}
926873	926804	INTRON			{GeneMark_model.4282_t;GeneMark},{Augustus_model.g3355.t1;Augustus}
926975	926874	internal-	4	6	{GeneMark_model.4282_t;GeneMark},{Augustus_model.g3355.t1;Augustus},{GlimmerHMM_glimmerT_4014-T1;GlimmerHMM}
927040	926976	INTRON			{GeneMark_model.4282_t;GeneMark},{Augustus_model.g3355.t1;Augustus},{ev_type:exonerate/ID=match.2566964.1033/Target=lcl|KQ954469_1_prot_KWU46071_1_1788;exonerate}
927106	927041	internal-	4	6	{GeneMark_model.4282_t;GeneMark},{Augustus_model.g3355.t1;Augustus},{ev_type:exonerate/ID=match.2566964.1033/Target=lcl|KQ954469_1_prot_KWU46071_1_1788;exonerate}
927260	927107	INTRON			{Augustus_model.g3355.t1;Augustus},{ev_type:exonerate/ID=match.2566964.1033/Target=lcl|KQ954469_1_prot_KWU46071_1_1788;exonerate}
928316	927261	internal-	4	6	{GeneMark_model.4282_t;GeneMark},{Augustus_model.g3355.t1;Augustus},{GlimmerHMM_glimmerT_4014-T1;GlimmerHMM},{ev_type:exonerate/ID=match.2566964.1033/Target=lcl|KQ954469_1_prot_KWU46071_1_1788;exonerate}
928380	928317	INTRON			{GeneMark_model.4282_t;GeneMark},{Augustus_model.g3355.t1;Augustus},{GlimmerHMM_glimmerT_4014-T1;GlimmerHMM},{ev_type:exonerate/ID=match.2566964.1033/Target=lcl|KQ954469_1_prot_KWU46071_1_1788;exonerate}
928548	928381	internal-	4	6	{GeneMark_model.4282_t;GeneMark},{Augustus_model.g3355.t1;Augustus},{ev_type:exonerate/ID=match.2566964.1033/Target=lcl|KQ954469_1_prot_KWU46071_1_1788;exonerate}
928619	928549	INTRON			{GeneMark_model.4282_t;GeneMark},{Augustus_model.g3355.t1;Augustus},{ev_type:exonerate/ID=match.2566964.1033/Target=lcl|KQ954469_1_prot_KWU46071_1_1788;exonerate}
929009	928620	internal-	4	6	{GeneMark_model.4282_t;GeneMark},{Augustus_model.g3355.t1;Augustus},{ev_type:exonerate/ID=match.2566964.1033/Target=lcl|KQ954469_1_prot_KWU46071_1_1788;exonerate}
929082	929010	INTRON			{GeneMark_model.4282_t;GeneMark},{Augustus_model.g3355.t1;Augustus},{GlimmerHMM_glimmerT_4014-T1;GlimmerHMM},{ev_type:exonerate/ID=match.2566964.1033/Target=lcl|KQ954469_1_prot_KWU46071_1_1788;exonerate}
930983	929083	internal-	5	6	{GeneMark_model.4282_t;GeneMark},{Augustus_model.g3355.t1;Augustus},{GlimmerHMM_glimmerT_4014-T1;GlimmerHMM}
931056	930984	INTRON			{GeneMark_model.4282_t;GeneMark},{Augustus_model.g3355.t1;Augustus},{GlimmerHMM_glimmerT_4014-T1;GlimmerHMM}
931167	931057	internal-	5	4	{GeneMark_model.4282_t;GeneMark},{Augustus_model.g3355.t1;Augustus},{GlimmerHMM_glimmerT_4014-T1;GlimmerHMM}
931265	931168	INTRON			{GeneMark_model.4282_t;GeneMark},{Augustus_model.g3355.t1;Augustus},{GlimmerHMM_glimmerT_4014-T1;GlimmerHMM}
931341	931266	initial-	4	4	{GeneMark_model.4282_t;GeneMark},{Augustus_model.g3355.t1;Augustus},{GlimmerHMM_glimmerT_4014-T1;GlimmerHMM}

# EVM prediction: Mode:STANDARD S-ratio: 1.70 931519-933359 orient(+) score(4633.00) noncoding_equivalent(2723.05) raw_noncoding(3304.19) offset(581.14)
931519	932718	initial+	1	3	{GlimmerHMM_glimmerT_4015-T1;GlimmerHMM},{GeneMark_model.4283_t;GeneMark}
932719	932800	INTRON			{GeneMark_model.4283_t;GeneMark},{Augustus_model.g3356.t1;Augustus}
932801	932856	internal+	1	2	{GeneMark_model.4283_t;GeneMark},{Augustus_model.g3356.t1;Augustus}
932857	932923	INTRON			{GeneMark_model.4283_t;GeneMark},{Augustus_model.g3356.t1;Augustus}
932924	933023	internal+	3	3	{GeneMark_model.4283_t;GeneMark},{Augustus_model.g3356.t1;Augustus}
933024	933097	INTRON			{GeneMark_model.4283_t;GeneMark},{Augustus_model.g3356.t1;Augustus}
933098	933148	internal+	1	3	{GeneMark_model.4283_t;GeneMark},{Augustus_model.g3356.t1;Augustus}
933149	933215	INTRON			{GeneMark_model.4283_t;GeneMark},{Augustus_model.g3356.t1;Augustus}
933216	933359	terminal+	1	3	{GlimmerHMM_glimmerT_4015-T1;GlimmerHMM},{GeneMark_model.4283_t;GeneMark},{Augustus_model.g3356.t1;Augustus}

# EVM prediction: Mode:STANDARD S-ratio: 2.23 933413-934081 orient(-) score(2040.00) noncoding_equivalent(915.08) raw_noncoding(1323.00) offset(407.92)
933605	933413	terminal-	6	6	{GeneMark_model.4284_t;GeneMark},{Augustus_model.g3357.t1;Augustus},{GlimmerHMM_glimmerT_4016-T1;GlimmerHMM}
933667	933606	INTRON			{GeneMark_model.4284_t;GeneMark},{Augustus_model.g3357.t1;Augustus}
933703	933668	internal-	6	5	{GeneMark_model.4284_t;GeneMark},{Augustus_model.g3357.t1;Augustus}
933777	933704	INTRON			{GeneMark_model.4284_t;GeneMark},{Augustus_model.g3357.t1;Augustus}
933856	933778	internal-	5	5	{GeneMark_model.4284_t;GeneMark},{Augustus_model.g3357.t1;Augustus},{GlimmerHMM_glimmerT_4016-T1;GlimmerHMM}
933999	933857	INTRON			{GeneMark_model.4284_t;GeneMark},{Augustus_model.g3357.t1;Augustus},{GlimmerHMM_glimmerT_4016-T1;GlimmerHMM}
934081	934000	initial-	4	4	{GeneMark_model.4284_t;GeneMark},{Augustus_model.g3357.t1;Augustus},{GlimmerHMM_glimmerT_4016-T1;GlimmerHMM}

# EVM prediction: Mode:STANDARD S-ratio: 1.76 934311-936857 orient(+) score(6955.00) noncoding_equivalent(3956.37) raw_noncoding(5295.00) offset(1338.63)
934311	934436	initial+	1	3	{GlimmerHMM_glimmerT_4017-T1;GlimmerHMM},{GeneMark_model.4285_t;GeneMark}
934437	934505	INTRON			{GlimmerHMM_glimmerT_4017-T1;GlimmerHMM},{GeneMark_model.4285_t;GeneMark},{Augustus_model.g3358.t1;Augustus}
934506	934664	internal+	1	3	{GlimmerHMM_glimmerT_4017-T1;GlimmerHMM},{GeneMark_model.4285_t;GeneMark},{Augustus_model.g3358.t1;Augustus}
934665	934723	INTRON			{GlimmerHMM_glimmerT_4017-T1;GlimmerHMM},{GeneMark_model.4285_t;GeneMark},{Augustus_model.g3358.t1;Augustus}
934724	934867	internal+	1	3	{GeneMark_model.4285_t;GeneMark},{Augustus_model.g3358.t1;Augustus}
934868	934926	INTRON			{GeneMark_model.4285_t;GeneMark},{Augustus_model.g3358.t1;Augustus}
934927	935021	internal+	1	2	{GeneMark_model.4285_t;GeneMark},{Augustus_model.g3358.t1;Augustus}
935022	935091	INTRON			{GeneMark_model.4285_t;GeneMark},{Augustus_model.g3358.t1;Augustus}
935092	935142	internal+	3	2	{GlimmerHMM_glimmerT_4017-T1;GlimmerHMM},{GeneMark_model.4285_t;GeneMark},{Augustus_model.g3358.t1;Augustus}
935143	935210	INTRON			{GlimmerHMM_glimmerT_4017-T1;GlimmerHMM},{GeneMark_model.4285_t;GeneMark},{Augustus_model.g3358.t1;Augustus}
935211	935422	internal+	3	1	{GlimmerHMM_glimmerT_4017-T1;GlimmerHMM},{GeneMark_model.4285_t;GeneMark},{Augustus_model.g3358.t1;Augustus}
935423	935501	INTRON			{GeneMark_model.4285_t;GeneMark},{Augustus_model.g3358.t1;Augustus}
935502	935563	internal+	2	3	{GeneMark_model.4285_t;GeneMark}
935564	935629	INTRON			{GeneMark_model.4285_t;GeneMark}
935630	935639	internal+	1	1	{GeneMark_model.4285_t;GeneMark}
935640	935799	INTRON			{GeneMark_model.4285_t;GeneMark},{Augustus_model.g3358.t1;Augustus}
935800	936051	internal+	2	1	{GlimmerHMM_glimmerT_4017-T1;GlimmerHMM},{GeneMark_model.4285_t;GeneMark},{Augustus_model.g3358.t1;Augustus}
936052	936112	INTRON			{GlimmerHMM_glimmerT_4017-T1;GlimmerHMM},{GeneMark_model.4285_t;GeneMark},{Augustus_model.g3358.t1;Augustus}
936113	936165	internal+	2	3	{GlimmerHMM_glimmerT_4017-T1;GlimmerHMM},{GeneMark_model.4285_t;GeneMark},{Augustus_model.g3358.t1;Augustus}
936166	936227	INTRON			{GlimmerHMM_glimmerT_4017-T1;GlimmerHMM},{GeneMark_model.4285_t;GeneMark},{Augustus_model.g3358.t1;Augustus}
936228	936498	internal+	1	1	{GlimmerHMM_glimmerT_4017-T1;GlimmerHMM},{GeneMark_model.4285_t;GeneMark},{Augustus_model.g3358.t1;Augustus}
936499	936559	INTRON			{GlimmerHMM_glimmerT_4017-T1;GlimmerHMM},{GeneMark_model.4285_t;GeneMark},{Augustus_model.g3358.t1;Augustus}
936560	936660	internal+	2	3	{GlimmerHMM_glimmerT_4017-T1;GlimmerHMM},{GeneMark_model.4285_t;GeneMark},{Augustus_model.g3358.t1;Augustus}
936661	936722	INTRON			{GlimmerHMM_glimmerT_4017-T1;GlimmerHMM},{GeneMark_model.4285_t;GeneMark},{Augustus_model.g3358.t1;Augustus}
936723	936857	terminal+	1	3	{GlimmerHMM_glimmerT_4017-T1;GlimmerHMM},{GeneMark_model.4285_t;GeneMark},{Augustus_model.g3358.t1;Augustus}

# EVM prediction: Mode:STANDARD S-ratio: 1.00 944187-945716 orient(-) score(3060.00) noncoding_equivalent(3060.00) raw_noncoding(3060.00) offset(0.00)
945716	944187	terminal-	4	6	{snap_scaffold_9-snap.386-T1;snap}

# EVM prediction: Mode:STANDARD S-ratio: 1.83 949747-951452 orient(+) score(4522.00) noncoding_equivalent(2476.64) raw_noncoding(2996.00) offset(519.36)
949747	950177	initial+	1	2	{Augustus_model.g3359.t1;Augustus},{GeneMark_model.4286_t;GeneMark}
950178	950253	INTRON			{Augustus_model.g3359.t1;Augustus},{GeneMark_model.4286_t;GeneMark}
950254	950337	internal+	3	2	{Augustus_model.g3359.t1;Augustus},{GeneMark_model.4286_t;GeneMark}
950338	950399	INTRON			{Augustus_model.g3359.t1;Augustus},{GeneMark_model.4286_t;GeneMark}
950400	950863	internal+	3	1	{Augustus_model.g3359.t1;Augustus},{GeneMark_model.4286_t;GeneMark}
950864	950953	INTRON			{Augustus_model.g3359.t1;Augustus},{GeneMark_model.4286_t;GeneMark},{GlimmerHMM_glimmerT_4020-T1;GlimmerHMM}
950954	951291	internal+	2	3	{Augustus_model.g3359.t1;Augustus},{GeneMark_model.4286_t;GeneMark}
951292	951365	INTRON			{Augustus_model.g3359.t1;Augustus},{GeneMark_model.4286_t;GeneMark}
951366	951452	terminal+	1	3	{Augustus_model.g3359.t1;Augustus},{GeneMark_model.4286_t;GeneMark},{GlimmerHMM_glimmerT_4020-T1;GlimmerHMM}

# EVM prediction: Mode:STANDARD S-ratio: 3.41 951986-953040 orient(+) score(5269.00) noncoding_equivalent(1545.00) raw_noncoding(1808.00) offset(263.00)
951986	952203	initial+	1	2	{GeneMark_model.4287_t;GeneMark},{Augustus_model.g3360.t1;Augustus},{GlimmerHMM_glimmerT_4021-T1;GlimmerHMM}
952204	952330	INTRON			{GeneMark_model.4287_t;GeneMark},{Augustus_model.g3360.t1;Augustus},{GlimmerHMM_glimmerT_4021-T1;GlimmerHMM},{ev_type:exonerate/ID=match.2566964.3564/Target=lcl|KQ954497_1_prot_KWU42999_1_4689;exonerate},{ev_type:exonerate/ID=match.2566964.3565/Target=lcl|PJQD01000069_1_prot_POY71924_1_5422;exonerate}
952331	952576	internal+	3	2	{GeneMark_model.4287_t;GeneMark},{Augustus_model.g3360.t1;Augustus},{GlimmerHMM_glimmerT_4021-T1;GlimmerHMM},{ev_type:exonerate/ID=match.2566964.3564/Target=lcl|KQ954497_1_prot_KWU42999_1_4689;exonerate},{ev_type:exonerate/ID=match.2566964.3565/Target=lcl|PJQD01000069_1_prot_POY71924_1_5422;exonerate}
952577	952635	INTRON			{GeneMark_model.4287_t;GeneMark},{Augustus_model.g3360.t1;Augustus},{GlimmerHMM_glimmerT_4021-T1;GlimmerHMM},{ev_type:exonerate/ID=match.2566964.3564/Target=lcl|KQ954497_1_prot_KWU42999_1_4689;exonerate},{ev_type:exonerate/ID=match.2566964.3565/Target=lcl|PJQD01000069_1_prot_POY71924_1_5422;exonerate}
952636	952929	internal+	3	2	{GeneMark_model.4287_t;GeneMark},{Augustus_model.g3360.t1;Augustus},{GlimmerHMM_glimmerT_4021-T1;GlimmerHMM},{ev_type:exonerate/ID=match.2566964.3564/Target=lcl|KQ954497_1_prot_KWU42999_1_4689;exonerate},{ev_type:exonerate/ID=match.2566964.3565/Target=lcl|PJQD01000069_1_prot_POY71924_1_5422;exonerate}
952930	952994	INTRON			{GeneMark_model.4287_t;GeneMark},{Augustus_model.g3360.t1;Augustus},{GlimmerHMM_glimmerT_4021-T1;GlimmerHMM},{ev_type:exonerate/ID=match.2566964.3564/Target=lcl|KQ954497_1_prot_KWU42999_1_4689;exonerate},{ev_type:exonerate/ID=match.2566964.3565/Target=lcl|PJQD01000069_1_prot_POY71924_1_5422;exonerate}
952995	953040	terminal+	3	3	{GeneMark_model.4287_t;GeneMark},{Augustus_model.g3360.t1;Augustus},{GlimmerHMM_glimmerT_4021-T1;GlimmerHMM}

# EVM prediction: Mode:STANDARD S-ratio: 3.14 953308-957305 orient(-) score(12589.00) noncoding_equivalent(4003.71) raw_noncoding(5213.43) offset(1209.72)
953432	953308	terminal-	5	6	{GlimmerHMM_glimmerT_4022-T1;GlimmerHMM},{Augustus_model.g3361.t1;Augustus},{GeneMark_model.4288_t;GeneMark}
953494	953433	INTRON			{GlimmerHMM_glimmerT_4022-T1;GlimmerHMM},{Augustus_model.g3361.t1;Augustus},{GeneMark_model.4288_t;GeneMark}
953556	953495	internal-	6	4	{GlimmerHMM_glimmerT_4022-T1;GlimmerHMM},{Augustus_model.g3361.t1;Augustus},{GeneMark_model.4288_t;GeneMark}
953622	953557	INTRON			{GlimmerHMM_glimmerT_4022-T1;GlimmerHMM},{Augustus_model.g3361.t1;Augustus},{GeneMark_model.4288_t;GeneMark}
953728	953623	internal-	5	5	{GlimmerHMM_glimmerT_4022-T1;GlimmerHMM},{Augustus_model.g3361.t1;Augustus},{GeneMark_model.4288_t;GeneMark}
953791	953729	INTRON			{GlimmerHMM_glimmerT_4022-T1;GlimmerHMM},{Augustus_model.g3361.t1;Augustus},{GeneMark_model.4288_t;GeneMark}
954007	953792	internal-	5	4	{GlimmerHMM_glimmerT_4022-T1;GlimmerHMM},{Augustus_model.g3361.t1;Augustus},{GeneMark_model.4288_t;GeneMark}
954067	954008	INTRON			{GlimmerHMM_glimmerT_4022-T1;GlimmerHMM},{Augustus_model.g3361.t1;Augustus},{GeneMark_model.4288_t;GeneMark}
954226	954068	internal-	5	4	{GlimmerHMM_glimmerT_4022-T1;GlimmerHMM},{GeneMark_model.4288_t;GeneMark}
954345	954227	INTRON			{GlimmerHMM_glimmerT_4022-T1;GlimmerHMM},{GeneMark_model.4288_t;GeneMark}
955357	954346	internal-	4	4	{GlimmerHMM_glimmerT_4022-T1;GlimmerHMM},{Augustus_model.g3361.t1;Augustus},{GeneMark_model.4288_t;GeneMark}
955420	955358	INTRON			{GlimmerHMM_glimmerT_4022-T1;GlimmerHMM},{Augustus_model.g3361.t1;Augustus},{GeneMark_model.4288_t;GeneMark}
956688	955421	internal-	5	6	{GlimmerHMM_glimmerT_4022-T1;GlimmerHMM},{Augustus_model.g3361.t1;Augustus},{GeneMark_model.4288_t;GeneMark}
956751	956689	INTRON			{GlimmerHMM_glimmerT_4022-T1;GlimmerHMM},{Augustus_model.g3361.t1;Augustus},{GeneMark_model.4288_t;GeneMark}
956891	956752	internal-	6	4	{GlimmerHMM_glimmerT_4022-T1;GlimmerHMM},{Augustus_model.g3361.t1;Augustus}
957032	956892	INTRON			{Augustus_model.g3361.t1;Augustus},{GeneMark_model.4288_t;GeneMark}
957041	957033	internal-	6	5	{Augustus_model.g3361.t1;Augustus},{GeneMark_model.4288_t;GeneMark}
957111	957042	INTRON			{Augustus_model.g3361.t1;Augustus},{GeneMark_model.4288_t;GeneMark}
957178	957112	internal-	5	5	{Augustus_model.g3361.t1;Augustus},{GeneMark_model.4288_t;GeneMark}
957241	957179	INTRON			{GeneMark_model.4288_t;GeneMark}
957305	957242	initial-	4	4	{GeneMark_model.4288_t;GeneMark}

# EVM prediction: Mode:STANDARD S-ratio: 3.28 958208-960298 orient(-) score(6958.00) noncoding_equivalent(2124.28) raw_noncoding(2461.28) offset(337.00)
958316	958208	terminal-	6	6	{GeneMark_model.4289_t;GeneMark}
958391	958317	INTRON			{GlimmerHMM_glimmerT_4022-T1;GlimmerHMM},{Augustus_model.g3361.t1;Augustus},{GeneMark_model.4289_t;GeneMark}
959288	958392	internal-	6	5	{GlimmerHMM_glimmerT_4022-T1;GlimmerHMM},{Augustus_model.g3361.t1;Augustus},{GeneMark_model.4289_t;GeneMark}
959357	959289	INTRON			{GlimmerHMM_glimmerT_4022-T1;GlimmerHMM},{Augustus_model.g3361.t1;Augustus},{GeneMark_model.4289_t;GeneMark}
959452	959358	internal-	4	5	{GlimmerHMM_glimmerT_4022-T1;GlimmerHMM},{Augustus_model.g3361.t1;Augustus},{GeneMark_model.4289_t;GeneMark}
959514	959453	INTRON			{GlimmerHMM_glimmerT_4022-T1;GlimmerHMM},{Augustus_model.g3361.t1;Augustus},{GeneMark_model.4289_t;GeneMark}
959627	959515	internal-	5	6	{GlimmerHMM_glimmerT_4022-T1;GlimmerHMM},{Augustus_model.g3361.t1;Augustus},{GeneMark_model.4289_t;GeneMark}
959698	959628	INTRON			{GlimmerHMM_glimmerT_4022-T1;GlimmerHMM},{Augustus_model.g3361.t1;Augustus},{GeneMark_model.4289_t;GeneMark}
960154	959699	internal-	5	4	{GlimmerHMM_glimmerT_4022-T1;GlimmerHMM},{Augustus_model.g3361.t1;Augustus},{GeneMark_model.4289_t;GeneMark}
960246	960155	INTRON			{GlimmerHMM_glimmerT_4022-T1;GlimmerHMM},{Augustus_model.g3361.t1;Augustus},{GeneMark_model.4289_t;GeneMark}
960298	960247	initial-	4	4	{GlimmerHMM_glimmerT_4022-T1;GlimmerHMM},{Augustus_model.g3361.t1;Augustus},{GeneMark_model.4289_t;GeneMark}

# EVM prediction: Mode:STANDARD S-ratio: 4.85 960807-963329 orient(+) score(9930.00) noncoding_equivalent(2046.08) raw_noncoding(2283.00) offset(236.92)
960807	960980	initial+	1	3	{Augustus_model.g3362.t1;Augustus}
960981	961125	INTRON			{GlimmerHMM_glimmerT_4023-T1;GlimmerHMM},{Augustus_model.g3362.t1;Augustus},{GeneMark_model.4290_t;GeneMark}
961126	961366	internal+	1	1	{GlimmerHMM_glimmerT_4023-T1;GlimmerHMM},{Augustus_model.g3362.t1;Augustus},{GeneMark_model.4290_t;GeneMark}
961367	961435	INTRON			{GlimmerHMM_glimmerT_4023-T1;GlimmerHMM},{Augustus_model.g3362.t1;Augustus},{GeneMark_model.4290_t;GeneMark},{ev_type:exonerate/ID=match.2566964.3549/Target=lcl|KQ954497_1_prot_KWU42996_1_4686;exonerate}
961436	961774	internal+	2	1	{GlimmerHMM_glimmerT_4023-T1;GlimmerHMM},{Augustus_model.g3362.t1;Augustus},{GeneMark_model.4290_t;GeneMark},{ev_type:exonerate/ID=match.2566964.3549/Target=lcl|KQ954497_1_prot_KWU42996_1_4686;exonerate}
961775	961838	INTRON			{GlimmerHMM_glimmerT_4023-T1;GlimmerHMM},{snap_scaffold_9-snap.391-T1;snap},{Augustus_model.g3362.t1;Augustus},{GeneMark_model.4290_t;GeneMark},{ev_type:exonerate/ID=match.2566964.3549/Target=lcl|KQ954497_1_prot_KWU42996_1_4686;exonerate}
961839	962794	internal+	2	3	{GlimmerHMM_glimmerT_4023-T1;GlimmerHMM},{Augustus_model.g3362.t1;Augustus},{GeneMark_model.4290_t;GeneMark}
962795	962861	INTRON			{GlimmerHMM_glimmerT_4023-T1;GlimmerHMM},{Augustus_model.g3362.t1;Augustus},{GeneMark_model.4290_t;GeneMark}
962862	963329	terminal+	1	3	{GlimmerHMM_glimmerT_4023-T1;GlimmerHMM},{Augustus_model.g3362.t1;Augustus},{GeneMark_model.4290_t;GeneMark}

# EVM prediction: Mode:STANDARD S-ratio: 2.79 963736-966801 orient(+) score(9114.00) noncoding_equivalent(3260.95) raw_noncoding(3789.00) offset(528.05)
963736	964950	initial+	1	3	{Augustus_model.g3363.t1;Augustus},{GeneMark_model.4291_t;GeneMark}
964951	965017	INTRON			{Augustus_model.g3363.t1;Augustus},{GeneMark_model.4291_t;GeneMark}
965018	965117	internal+	1	1	{Augustus_model.g3363.t1;Augustus},{GeneMark_model.4291_t;GeneMark}
965118	965180	INTRON			{Augustus_model.g3363.t1;Augustus},{GeneMark_model.4291_t;GeneMark}
965181	965673	internal+	2	2	{Augustus_model.g3363.t1;Augustus},{GeneMark_model.4291_t;GeneMark},{GlimmerHMM_glimmerT_4024-T1;GlimmerHMM}
965674	965733	INTRON			{Augustus_model.g3363.t1;Augustus},{GeneMark_model.4291_t;GeneMark},{GlimmerHMM_glimmerT_4024-T1;GlimmerHMM}
965734	965868	internal+	3	2	{Augustus_model.g3363.t1;Augustus},{GeneMark_model.4291_t;GeneMark}
965869	965933	INTRON			{Augustus_model.g3363.t1;Augustus},{GeneMark_model.4291_t;GeneMark}
965934	966318	internal+	3	3	{Augustus_model.g3363.t1;Augustus},{GeneMark_model.4291_t;GeneMark}
966319	966381	INTRON			{Augustus_model.g3363.t1;Augustus},{GeneMark_model.4291_t;GeneMark}
966382	966801	terminal+	1	3	{Augustus_model.g3363.t1;Augustus},{GeneMark_model.4291_t;GeneMark}

# EVM prediction: Mode:STANDARD S-ratio: 6.40 969963-972226 orient(+) score(7941.00) noncoding_equivalent(1239.84) raw_noncoding(1424.00) offset(184.16)
969963	970224	initial+	1	1	{GlimmerHMM_glimmerT_4026-T1;GlimmerHMM},{GeneMark_model.4293_t;GeneMark}
970225	970289	INTRON			{GlimmerHMM_glimmerT_4026-T1;GlimmerHMM},{Augustus_model.g3364.t1;Augustus},{GeneMark_model.4293_t;GeneMark}
970290	970827	internal+	2	2	{Augustus_model.g3364.t1;Augustus},{GeneMark_model.4293_t;GeneMark}
970828	970884	INTRON			{Augustus_model.g3364.t1;Augustus},{GeneMark_model.4293_t;GeneMark}
970885	972226	terminal+	3	3	{GlimmerHMM_glimmerT_4026-T1;GlimmerHMM},{Augustus_model.g3364.t1;Augustus},{GeneMark_model.4293_t;GeneMark}

# EVM prediction: Mode:STANDARD S-ratio: 1.75 972921-973657 orient(-) score(1877.00) noncoding_equivalent(1071.53) raw_noncoding(1387.99) offset(316.46)
973015	972921	terminal-	5	6	{GeneMark_model.4294_t;GeneMark},{Augustus_model.g3365.t1;Augustus}
973111	973016	INTRON			{GeneMark_model.4294_t;GeneMark},{Augustus_model.g3365.t1;Augustus}
973192	973112	internal-	5	4	{GeneMark_model.4294_t;GeneMark},{Augustus_model.g3365.t1;Augustus}
973254	973193	INTRON			{GeneMark_model.4294_t;GeneMark},{Augustus_model.g3365.t1;Augustus}
973657	973255	initial-	4	4	{GeneMark_model.4294_t;GeneMark},{Augustus_model.g3365.t1;Augustus},{GlimmerHMM_glimmerT_4027-T1;GlimmerHMM}

# EVM prediction: Mode:STANDARD S-ratio: 1.97 974006-975121 orient(-) score(3489.00) noncoding_equivalent(1775.13) raw_noncoding(2152.57) offset(377.44)
974102	974006	terminal-	6	6	{Augustus_model.g3366.t1;Augustus},{GeneMark_model.4295_t;GeneMark},{GlimmerHMM_glimmerT_4028-T1;GlimmerHMM}
974163	974103	INTRON			{Augustus_model.g3366.t1;Augustus},{GeneMark_model.4295_t;GeneMark},{GlimmerHMM_glimmerT_4028-T1;GlimmerHMM}
974284	974164	internal-	5	5	{Augustus_model.g3366.t1;Augustus},{GeneMark_model.4295_t;GeneMark},{GlimmerHMM_glimmerT_4028-T1;GlimmerHMM}
974352	974285	INTRON			{Augustus_model.g3366.t1;Augustus},{GeneMark_model.4295_t;GeneMark},{GlimmerHMM_glimmerT_4028-T1;GlimmerHMM}
974519	974353	internal-	6	4	{Augustus_model.g3366.t1;Augustus},{GeneMark_model.4295_t;GeneMark},{GlimmerHMM_glimmerT_4028-T1;GlimmerHMM}
974582	974520	INTRON			{Augustus_model.g3366.t1;Augustus},{GeneMark_model.4295_t;GeneMark},{GlimmerHMM_glimmerT_4028-T1;GlimmerHMM}
974683	974583	internal-	4	5	{Augustus_model.g3366.t1;Augustus},{GeneMark_model.4295_t;GeneMark},{GlimmerHMM_glimmerT_4028-T1;GlimmerHMM}
974754	974684	INTRON			{Augustus_model.g3366.t1;Augustus},{GeneMark_model.4295_t;GeneMark},{GlimmerHMM_glimmerT_4028-T1;GlimmerHMM}
974928	974755	internal-	4	6	{Augustus_model.g3366.t1;Augustus},{GeneMark_model.4295_t;GeneMark},{GlimmerHMM_glimmerT_4028-T1;GlimmerHMM}
975076	974929	INTRON			{Augustus_model.g3366.t1;Augustus},{snap_scaffold_9-snap.394-T1;snap},{GeneMark_model.4295_t;GeneMark}
975121	975077	initial-	4	6	{Augustus_model.g3366.t1;Augustus},{GeneMark_model.4295_t;GeneMark}

# EVM prediction: Mode:STANDARD S-ratio: 4.28 975676-976113 orient(+) score(1524.00) noncoding_equivalent(356.28) raw_noncoding(433.97) offset(77.69)
975676	975702	initial+	1	3	{Augustus_model.g3367.t1;Augustus},{GeneMark_model.4296_t;GeneMark},{GlimmerHMM_glimmerT_4029-T1;GlimmerHMM}
975703	975771	INTRON			{Augustus_model.g3367.t1;Augustus},{GeneMark_model.4296_t;GeneMark},{GlimmerHMM_glimmerT_4029-T1;GlimmerHMM}
975772	975884	internal+	1	2	{Augustus_model.g3367.t1;Augustus},{GeneMark_model.4296_t;GeneMark}
975885	975950	INTRON			{Augustus_model.g3367.t1;Augustus},{GeneMark_model.4296_t;GeneMark}
975951	976113	terminal+	3	3	{Augustus_model.g3367.t1;Augustus},{GeneMark_model.4296_t;GeneMark}

# EVM prediction: Mode:STANDARD S-ratio: 2.42 976497-979191 orient(+) score(7844.00) noncoding_equivalent(3242.97) raw_noncoding(4072.00) offset(829.03)
976497	977088	initial+	1	1	{Augustus_model.g3368.t1;Augustus},{GeneMark_model.4297_t;GeneMark}
977089	977180	INTRON			{Augustus_model.g3368.t1;Augustus},{GeneMark_model.4297_t;GeneMark}
977181	977231	internal+	2	1	{Augustus_model.g3368.t1;Augustus},{GeneMark_model.4297_t;GeneMark}
977232	977304	INTRON			{Augustus_model.g3368.t1;Augustus},{GeneMark_model.4297_t;GeneMark}
977305	977314	internal+	2	2	{Augustus_model.g3368.t1;Augustus},{GeneMark_model.4297_t;GeneMark}
977315	977423	INTRON			{Augustus_model.g3368.t1;Augustus},{GeneMark_model.4297_t;GeneMark}
977424	977689	internal+	3	1	{Augustus_model.g3368.t1;Augustus},{GeneMark_model.4297_t;GeneMark}
977690	977850	INTRON			{Augustus_model.g3368.t1;Augustus},{GeneMark_model.4297_t;GeneMark}
977851	977975	internal+	2	3	{Augustus_model.g3368.t1;Augustus},{GeneMark_model.4297_t;GeneMark}
977976	978051	INTRON			{Augustus_model.g3368.t1;Augustus},{GeneMark_model.4297_t;GeneMark},{GlimmerHMM_glimmerT_4030-T1;GlimmerHMM}
978052	978970	internal+	1	1	{Augustus_model.g3368.t1;Augustus},{GeneMark_model.4297_t;GeneMark},{GlimmerHMM_glimmerT_4030-T1;GlimmerHMM}
978971	979054	INTRON			{Augustus_model.g3368.t1;Augustus},{GeneMark_model.4297_t;GeneMark},{GlimmerHMM_glimmerT_4030-T1;GlimmerHMM}
979055	979191	terminal+	2	3	{Augustus_model.g3368.t1;Augustus},{GeneMark_model.4297_t;GeneMark},{GlimmerHMM_glimmerT_4030-T1;GlimmerHMM}

# EVM prediction: Mode:STANDARD S-ratio: 5.53 979645-984387 orient(-) score(16653.00) noncoding_equivalent(3009.32) raw_noncoding(3768.00) offset(758.68)
979695	979645	terminal-	4	6	{GeneMark_model.4298_t;GeneMark},{Augustus_model.g3369.t1;Augustus}
979770	979696	INTRON			{GeneMark_model.4298_t;GeneMark},{Augustus_model.g3369.t1;Augustus}
979835	979771	internal-	5	6	{GeneMark_model.4298_t;GeneMark},{Augustus_model.g3369.t1;Augustus}
979907	979836	INTRON			{GeneMark_model.4298_t;GeneMark},{GlimmerHMM_glimmerT_4031-T1;GlimmerHMM},{Augustus_model.g3369.t1;Augustus}
980929	979908	internal-	6	4	{GeneMark_model.4298_t;GeneMark},{GlimmerHMM_glimmerT_4031-T1;GlimmerHMM},{Augustus_model.g3369.t1;Augustus}
981001	980930	INTRON			{GeneMark_model.4298_t;GeneMark},{snap_scaffold_9-snap.397-T1;snap},{GlimmerHMM_glimmerT_4031-T1;GlimmerHMM},{Augustus_model.g3369.t1;Augustus}
981069	981002	internal-	4	5	{GeneMark_model.4298_t;GeneMark},{GlimmerHMM_glimmerT_4031-T1;GlimmerHMM},{Augustus_model.g3369.t1;Augustus}
981146	981070	INTRON			{GeneMark_model.4298_t;GeneMark},{GlimmerHMM_glimmerT_4031-T1;GlimmerHMM}
983009	981147	internal-	4	6	{GeneMark_model.4298_t;GeneMark},{GlimmerHMM_glimmerT_4031-T1;GlimmerHMM}
983086	983010	INTRON			{GeneMark_model.4298_t;GeneMark},{GlimmerHMM_glimmerT_4031-T1;GlimmerHMM},{Augustus_model.g3369.t1;Augustus}
983716	983087	internal-	4	6	{GeneMark_model.4298_t;GeneMark},{GlimmerHMM_glimmerT_4031-T1;GlimmerHMM},{Augustus_model.g3369.t1;Augustus}
983790	983717	INTRON			{GeneMark_model.4298_t;GeneMark},{GlimmerHMM_glimmerT_4031-T1;GlimmerHMM},{Augustus_model.g3369.t1;Augustus}
983958	983791	internal-	4	6	{GlimmerHMM_glimmerT_4031-T1;GlimmerHMM},{Augustus_model.g3369.t1;Augustus}
984067	983959	INTRON			{GlimmerHMM_glimmerT_4031-T1;GlimmerHMM}
984241	984068	internal-	4	6	{GlimmerHMM_glimmerT_4031-T1;GlimmerHMM}
984342	984242	INTRON			{GeneMark_model.4298_t;GeneMark},{GlimmerHMM_glimmerT_4031-T1;GlimmerHMM},{Augustus_model.g3369.t1;Augustus}
984387	984343	initial-	4	6	{GeneMark_model.4298_t;GeneMark},{GlimmerHMM_glimmerT_4031-T1;GlimmerHMM},{Augustus_model.g3369.t1;Augustus}

# EVM prediction: Mode:STANDARD S-ratio: 1.92 984536-986201 orient(+) score(4799.00) noncoding_equivalent(2504.20) raw_noncoding(3539.41) offset(1035.21)
984536	984572	initial+	1	1	{GeneMark_model.4299_t;GeneMark},{GlimmerHMM_glimmerT_4032-T1;GlimmerHMM},{Augustus_model.g3370.t1;Augustus}
984573	984632	INTRON			{GeneMark_model.4299_t;GeneMark},{GlimmerHMM_glimmerT_4032-T1;GlimmerHMM},{Augustus_model.g3370.t1;Augustus}
984633	984732	internal+	2	2	{GeneMark_model.4299_t;GeneMark},{GlimmerHMM_glimmerT_4032-T1;GlimmerHMM},{Augustus_model.g3370.t1;Augustus}
984733	984791	INTRON			{GeneMark_model.4299_t;GeneMark},{GlimmerHMM_glimmerT_4032-T1;GlimmerHMM},{Augustus_model.g3370.t1;Augustus}
984792	984893	internal+	3	2	{GeneMark_model.4299_t;GeneMark},{GlimmerHMM_glimmerT_4032-T1;GlimmerHMM},{Augustus_model.g3370.t1;Augustus}
984894	984955	INTRON			{GeneMark_model.4299_t;GeneMark},{GlimmerHMM_glimmerT_4032-T1;GlimmerHMM},{Augustus_model.g3370.t1;Augustus}
984956	985074	internal+	3	1	{GeneMark_model.4299_t;GeneMark},{GlimmerHMM_glimmerT_4032-T1;GlimmerHMM},{Augustus_model.g3370.t1;Augustus}
985075	985152	INTRON			{GeneMark_model.4299_t;GeneMark},{Augustus_model.g3370.t1;Augustus}
985153	985209	internal+	2	1	{GeneMark_model.4299_t;GeneMark},{Augustus_model.g3370.t1;Augustus}
985210	985273	INTRON			{GeneMark_model.4299_t;GeneMark},{Augustus_model.g3370.t1;Augustus}
985274	985478	internal+	2	2	{GeneMark_model.4299_t;GeneMark},{GlimmerHMM_glimmerT_4032-T1;GlimmerHMM},{Augustus_model.g3370.t1;Augustus}
985479	985628	INTRON			{GeneMark_model.4299_t;GeneMark},{GlimmerHMM_glimmerT_4032-T1;GlimmerHMM},{Augustus_model.g3370.t1;Augustus}
985629	985842	internal+	3	3	{GeneMark_model.4299_t;GeneMark},{GlimmerHMM_glimmerT_4032-T1;GlimmerHMM},{Augustus_model.g3370.t1;Augustus}
985843	986060	INTRON			{GeneMark_model.4299_t;GeneMark},{GlimmerHMM_glimmerT_4032-T1;GlimmerHMM}
986061	986201	terminal+	1	3	{GeneMark_model.4299_t;GeneMark},{GlimmerHMM_glimmerT_4032-T1;GlimmerHMM},{Augustus_model.g3370.t1;Augustus}

# EVM prediction: Mode:STANDARD S-ratio: 45.16 986445-988199 orient(+) score(6864.00) noncoding_equivalent(152.00) raw_noncoding(156.00) offset(4.00)
986445	987247	initial+	1	2	{GeneMark_model.4300_t;GeneMark},{Augustus_model.g3371.t1;Augustus}
987248	987307	INTRON			{GeneMark_model.4300_t;GeneMark},{Augustus_model.g3371.t1;Augustus}
987308	988199	terminal+	3	3	{GeneMark_model.4300_t;GeneMark},{Augustus_model.g3371.t1;Augustus}

# EVM prediction: Mode:STANDARD S-ratio: 3.48 988264-988693 orient(-) score(1479.00) noncoding_equivalent(425.00) raw_noncoding(439.00) offset(14.00)
988410	988264	terminal-	4	6	{GeneMark_model.4301_t;GeneMark},{GlimmerHMM_glimmerT_4034-T1;GlimmerHMM},{Augustus_model.g3372.t1;Augustus}
988504	988411	INTRON			{GeneMark_model.4301_t;GeneMark},{GlimmerHMM_glimmerT_4034-T1;GlimmerHMM},{Augustus_model.g3372.t1;Augustus}
988693	988505	initial-	4	6	{GeneMark_model.4301_t;GeneMark},{Augustus_model.g3372.t1;Augustus}

# EVM prediction: Mode:STANDARD S-ratio: 1.21 989095-989560 orient(-) score(1022.00) noncoding_equivalent(842.82) raw_noncoding(983.01) offset(140.18)
989400	989095	terminal-	4	6	{GeneMark_model.4302_t;GeneMark},{Augustus_model.g3373.t1;Augustus}
989470	989401	INTRON			{GeneMark_model.4302_t;GeneMark},{Augustus_model.g3373.t1;Augustus}
989560	989471	initial-	4	6	{GlimmerHMM_glimmerT_4034-T1;GlimmerHMM}

# EVM prediction: Mode:STANDARD S-ratio: 2.08 991017-992464 orient(-) score(3849.00) noncoding_equivalent(1846.97) raw_noncoding(2251.30) offset(404.33)
991340	991017	terminal-	4	6	{GlimmerHMM_glimmerT_4035-T1;GlimmerHMM},{GeneMark_model.4303_t;GeneMark}
991388	991341	INTRON			{GeneMark_model.4303_t;GeneMark}
991619	991389	internal-	4	6	{GeneMark_model.4303_t;GeneMark},{Augustus_model.g3374.t1;Augustus}
991692	991620	INTRON			{GeneMark_model.4303_t;GeneMark},{Augustus_model.g3374.t1;Augustus}
992387	991693	internal-	5	6	{GlimmerHMM_glimmerT_4035-T1;GlimmerHMM},{GeneMark_model.4303_t;GeneMark},{Augustus_model.g3374.t1;Augustus}
992445	992388	INTRON			{GeneMark_model.4303_t;GeneMark},{Augustus_model.g3374.t1;Augustus}
992464	992446	initial-	4	4	{GeneMark_model.4303_t;GeneMark},{Augustus_model.g3374.t1;Augustus}

# EVM prediction: Mode:STANDARD S-ratio: 3.41 992864-995280 orient(-) score(9318.00) noncoding_equivalent(2730.69) raw_noncoding(3418.34) offset(687.65)
993199	992864	terminal-	4	6	{snap_scaffold_9-snap.402-T1;snap},{Augustus_model.g3375.t1;Augustus}
993259	993200	INTRON			{GlimmerHMM_glimmerT_4035-T1;GlimmerHMM},{Augustus_model.g3375.t1;Augustus},{GeneMark_model.4304_t;GeneMark}
993423	993260	internal-	5	6	{GlimmerHMM_glimmerT_4035-T1;GlimmerHMM},{Augustus_model.g3375.t1;Augustus},{GeneMark_model.4304_t;GeneMark}
993548	993424	INTRON			{GlimmerHMM_glimmerT_4035-T1;GlimmerHMM},{Augustus_model.g3375.t1;Augustus},{GeneMark_model.4304_t;GeneMark},{ev_type:exonerate/ID=match.2566964.3574/Target=lcl|KQ954497_1_prot_KWU42982_1_4672;exonerate}
993658	993549	internal-	6	4	{GlimmerHMM_glimmerT_4035-T1;GlimmerHMM},{Augustus_model.g3375.t1;Augustus},{GeneMark_model.4304_t;GeneMark},{ev_type:exonerate/ID=match.2566964.3574/Target=lcl|KQ954497_1_prot_KWU42982_1_4672;exonerate}
993717	993659	INTRON			{Augustus_model.g3375.t1;Augustus},{GeneMark_model.4304_t;GeneMark},{ev_type:exonerate/ID=match.2566964.3574/Target=lcl|KQ954497_1_prot_KWU42982_1_4672;exonerate}
993747	993718	internal-	6	5	{Augustus_model.g3375.t1;Augustus},{GeneMark_model.4304_t;GeneMark},{ev_type:exonerate/ID=match.2566964.3574/Target=lcl|KQ954497_1_prot_KWU42982_1_4672;exonerate}
993836	993748	INTRON			{Augustus_model.g3375.t1;Augustus},{GeneMark_model.4304_t;GeneMark},{ev_type:exonerate/ID=match.2566964.3574/Target=lcl|KQ954497_1_prot_KWU42982_1_4672;exonerate}
994278	993837	internal-	5	5	{GlimmerHMM_glimmerT_4035-T1;GlimmerHMM},{Augustus_model.g3375.t1;Augustus},{GeneMark_model.4304_t;GeneMark},{ev_type:exonerate/ID=match.2566964.3574/Target=lcl|KQ954497_1_prot_KWU42982_1_4672;exonerate}
994339	994279	INTRON			{GlimmerHMM_glimmerT_4035-T1;GlimmerHMM},{Augustus_model.g3375.t1;Augustus},{GeneMark_model.4304_t;GeneMark},{ev_type:exonerate/ID=match.2566964.3574/Target=lcl|KQ954497_1_prot_KWU42982_1_4672;exonerate}
994428	994340	internal-	6	4	{GlimmerHMM_glimmerT_4035-T1;GlimmerHMM},{Augustus_model.g3375.t1;Augustus},{GeneMark_model.4304_t;GeneMark},{ev_type:exonerate/ID=match.2566964.3574/Target=lcl|KQ954497_1_prot_KWU42982_1_4672;exonerate}
994498	994429	INTRON			{GlimmerHMM_glimmerT_4035-T1;GlimmerHMM},{Augustus_model.g3375.t1;Augustus},{GeneMark_model.4304_t;GeneMark},{ev_type:exonerate/ID=match.2566964.3574/Target=lcl|KQ954497_1_prot_KWU42982_1_4672;exonerate}
994652	994499	internal-	5	5	{GlimmerHMM_glimmerT_4035-T1;GlimmerHMM},{Augustus_model.g3375.t1;Augustus},{GeneMark_model.4304_t;GeneMark},{ev_type:exonerate/ID=match.2566964.3574/Target=lcl|KQ954497_1_prot_KWU42982_1_4672;exonerate}
994729	994653	INTRON			{GlimmerHMM_glimmerT_4035-T1;GlimmerHMM},{Augustus_model.g3375.t1;Augustus},{GeneMark_model.4304_t;GeneMark},{ev_type:exonerate/ID=match.2566964.3574/Target=lcl|KQ954497_1_prot_KWU42982_1_4672;exonerate}
994761	994730	internal-	6	4	{GlimmerHMM_glimmerT_4035-T1;GlimmerHMM},{Augustus_model.g3375.t1;Augustus},{GeneMark_model.4304_t;GeneMark},{ev_type:exonerate/ID=match.2566964.3574/Target=lcl|KQ954497_1_prot_KWU42982_1_4672;exonerate}
994828	994762	INTRON			{GlimmerHMM_glimmerT_4035-T1;GlimmerHMM},{Augustus_model.g3375.t1;Augustus},{GeneMark_model.4304_t;GeneMark},{ev_type:exonerate/ID=match.2566964.3574/Target=lcl|KQ954497_1_prot_KWU42982_1_4672;exonerate}
995280	994829	initial-	4	5	{GlimmerHMM_glimmerT_4035-T1;GlimmerHMM},{Augustus_model.g3375.t1;Augustus},{GeneMark_model.4304_t;GeneMark}

# EVM prediction: Mode:STANDARD S-ratio: 3.83 995688-1001602 orient(-) score(24210.00) noncoding_equivalent(6314.27) raw_noncoding(7479.99) offset(1165.72)
995897	995688	terminal-	4	6	{GeneMark_model.4305_t;GeneMark},{GlimmerHMM_glimmerT_4036-T1;GlimmerHMM},{Augustus_model.g3376.t1;Augustus}
995965	995898	INTRON			{GeneMark_model.4305_t;GeneMark},{GlimmerHMM_glimmerT_4036-T1;GlimmerHMM},{Augustus_model.g3376.t1;Augustus}
996058	995966	internal-	4	6	{GeneMark_model.4305_t;GeneMark},{GlimmerHMM_glimmerT_4036-T1;GlimmerHMM},{Augustus_model.g3376.t1;Augustus}
996132	996059	INTRON			{GeneMark_model.4305_t;GeneMark},{GlimmerHMM_glimmerT_4036-T1;GlimmerHMM},{Augustus_model.g3376.t1;Augustus}
996234	996133	internal-	4	6	{GeneMark_model.4305_t;GeneMark},{GlimmerHMM_glimmerT_4036-T1;GlimmerHMM},{Augustus_model.g3376.t1;Augustus}
996313	996235	INTRON			{GeneMark_model.4305_t;GeneMark},{GlimmerHMM_glimmerT_4036-T1;GlimmerHMM},{Augustus_model.g3376.t1;Augustus}
996481	996314	internal-	4	6	{GeneMark_model.4305_t;GeneMark},{GlimmerHMM_glimmerT_4036-T1;GlimmerHMM},{Augustus_model.g3376.t1;Augustus}
996558	996482	INTRON			{GeneMark_model.4305_t;GeneMark},{GlimmerHMM_glimmerT_4036-T1;GlimmerHMM},{Augustus_model.g3376.t1;Augustus}
996696	996559	internal-	4	6	{GeneMark_model.4305_t;GeneMark},{GlimmerHMM_glimmerT_4036-T1;GlimmerHMM},{Augustus_model.g3376.t1;Augustus}
996769	996697	INTRON			{GeneMark_model.4305_t;GeneMark},{GlimmerHMM_glimmerT_4036-T1;GlimmerHMM},{Augustus_model.g3376.t1;Augustus},{ev_type:exonerate/ID=match.2566964.3490/Target=lcl|KQ954497_1_prot_KWU42981_1_4671;exonerate}
996844	996770	internal-	4	6	{GeneMark_model.4305_t;GeneMark},{GlimmerHMM_glimmerT_4036-T1;GlimmerHMM},{Augustus_model.g3376.t1;Augustus},{ev_type:exonerate/ID=match.2566964.3490/Target=lcl|KQ954497_1_prot_KWU42981_1_4671;exonerate}
996912	996845	INTRON			{GeneMark_model.4305_t;GeneMark},{GlimmerHMM_glimmerT_4036-T1;GlimmerHMM},{Augustus_model.g3376.t1;Augustus},{ev_type:exonerate/ID=match.2566964.3490/Target=lcl|KQ954497_1_prot_KWU42981_1_4671;exonerate}
997572	996913	internal-	4	6	{GeneMark_model.4305_t;GeneMark},{GlimmerHMM_glimmerT_4036-T1;GlimmerHMM},{Augustus_model.g3376.t1;Augustus},{ev_type:exonerate/ID=match.2566964.3490/Target=lcl|KQ954497_1_prot_KWU42981_1_4671;exonerate}
997635	997573	INTRON			{GeneMark_model.4305_t;GeneMark},{GlimmerHMM_glimmerT_4036-T1;GlimmerHMM},{Augustus_model.g3376.t1;Augustus},{ev_type:exonerate/ID=match.2566964.3490/Target=lcl|KQ954497_1_prot_KWU42981_1_4671;exonerate}
997809	997636	internal-	4	6	{GeneMark_model.4305_t;GeneMark},{GlimmerHMM_glimmerT_4036-T1;GlimmerHMM},{Augustus_model.g3376.t1;Augustus},{ev_type:exonerate/ID=match.2566964.3490/Target=lcl|KQ954497_1_prot_KWU42981_1_4671;exonerate}
997877	997810	INTRON			{GeneMark_model.4305_t;GeneMark},{GlimmerHMM_glimmerT_4036-T1;GlimmerHMM},{Augustus_model.g3376.t1;Augustus},{ev_type:exonerate/ID=match.2566964.3490/Target=lcl|KQ954497_1_prot_KWU42981_1_4671;exonerate}
998046	997878	internal-	6	6	{GeneMark_model.4305_t;GeneMark},{GlimmerHMM_glimmerT_4036-T1;GlimmerHMM},{Augustus_model.g3376.t1;Augustus},{ev_type:exonerate/ID=match.2566964.3490/Target=lcl|KQ954497_1_prot_KWU42981_1_4671;exonerate}
998102	998047	INTRON			{GeneMark_model.4305_t;GeneMark},{GlimmerHMM_glimmerT_4036-T1;GlimmerHMM},{Augustus_model.g3376.t1;Augustus},{ev_type:exonerate/ID=match.2566964.3490/Target=lcl|KQ954497_1_prot_KWU42981_1_4671;exonerate}
998392	998103	internal-	4	5	{GeneMark_model.4305_t;GeneMark},{GlimmerHMM_glimmerT_4036-T1;GlimmerHMM},{Augustus_model.g3376.t1;Augustus},{ev_type:exonerate/ID=match.2566964.3490/Target=lcl|KQ954497_1_prot_KWU42981_1_4671;exonerate}
998462	998393	INTRON			{GeneMark_model.4305_t;GeneMark},{GlimmerHMM_glimmerT_4036-T1;GlimmerHMM},{Augustus_model.g3376.t1;Augustus},{ev_type:exonerate/ID=match.2566964.3490/Target=lcl|KQ954497_1_prot_KWU42981_1_4671;exonerate}
998648	998463	internal-	4	6	{GeneMark_model.4305_t;GeneMark},{GlimmerHMM_glimmerT_4036-T1;GlimmerHMM},{Augustus_model.g3376.t1;Augustus},{ev_type:exonerate/ID=match.2566964.3490/Target=lcl|KQ954497_1_prot_KWU42981_1_4671;exonerate}
998718	998649	INTRON			{GeneMark_model.4305_t;GeneMark},{GlimmerHMM_glimmerT_4036-T1;GlimmerHMM},{Augustus_model.g3376.t1;Augustus},{ev_type:exonerate/ID=match.2566964.3490/Target=lcl|KQ954497_1_prot_KWU42981_1_4671;exonerate}
999102	998719	internal-	4	6	{GeneMark_model.4305_t;GeneMark},{GlimmerHMM_glimmerT_4036-T1;GlimmerHMM},{Augustus_model.g3376.t1;Augustus},{ev_type:exonerate/ID=match.2566964.3490/Target=lcl|KQ954497_1_prot_KWU42981_1_4671;exonerate}
999174	999103	INTRON			{GeneMark_model.4305_t;GeneMark},{GlimmerHMM_glimmerT_4036-T1;GlimmerHMM},{Augustus_model.g3376.t1;Augustus},{ev_type:exonerate/ID=match.2566964.3490/Target=lcl|KQ954497_1_prot_KWU42981_1_4671;exonerate}
999490	999175	internal-	6	6	{GeneMark_model.4305_t;GeneMark},{GlimmerHMM_glimmerT_4036-T1;GlimmerHMM},{Augustus_model.g3376.t1;Augustus},{ev_type:exonerate/ID=match.2566964.3490/Target=lcl|KQ954497_1_prot_KWU42981_1_4671;exonerate}
999560	999491	INTRON			{GeneMark_model.4305_t;GeneMark},{GlimmerHMM_glimmerT_4036-T1;GlimmerHMM},{Augustus_model.g3376.t1;Augustus},{ev_type:exonerate/ID=match.2566964.3490/Target=lcl|KQ954497_1_prot_KWU42981_1_4671;exonerate}
999654	999561	internal-	5	5	{GeneMark_model.4305_t;GeneMark},{GlimmerHMM_glimmerT_4036-T1;GlimmerHMM},{Augustus_model.g3376.t1;Augustus},{ev_type:exonerate/ID=match.2566964.3490/Target=lcl|KQ954497_1_prot_KWU42981_1_4671;exonerate}
999744	999655	INTRON			{GeneMark_model.4305_t;GeneMark},{GlimmerHMM_glimmerT_4036-T1;GlimmerHMM},{Augustus_model.g3376.t1;Augustus},{ev_type:exonerate/ID=match.2566964.3490/Target=lcl|KQ954497_1_prot_KWU42981_1_4671;exonerate}
1000801	999745	internal-	4	4	{GeneMark_model.4305_t;GeneMark},{GlimmerHMM_glimmerT_4036-T1;GlimmerHMM},{Augustus_model.g3376.t1;Augustus}
1000864	1000802	INTRON			{GeneMark_model.4305_t;GeneMark},{GlimmerHMM_glimmerT_4036-T1;GlimmerHMM},{Augustus_model.g3376.t1;Augustus},{ev_type:exonerate/ID=match.2566964.3490/Target=lcl|KQ954497_1_prot_KWU42981_1_4671;exonerate}
1000934	1000865	internal-	6	6	{GeneMark_model.4305_t;GeneMark},{GlimmerHMM_glimmerT_4036-T1;GlimmerHMM},{Augustus_model.g3376.t1;Augustus},{ev_type:exonerate/ID=match.2566964.3490/Target=lcl|KQ954497_1_prot_KWU42981_1_4671;exonerate}
1001001	1000935	INTRON			{GeneMark_model.4305_t;GeneMark},{GlimmerHMM_glimmerT_4036-T1;GlimmerHMM},{Augustus_model.g3376.t1;Augustus},{ev_type:exonerate/ID=match.2566964.3490/Target=lcl|KQ954497_1_prot_KWU42981_1_4671;exonerate}
1001114	1001002	internal-	4	5	{GeneMark_model.4305_t;GeneMark},{GlimmerHMM_glimmerT_4036-T1;GlimmerHMM},{Augustus_model.g3376.t1;Augustus}
1001185	1001115	INTRON			{GeneMark_model.4305_t;GeneMark},{GlimmerHMM_glimmerT_4036-T1;GlimmerHMM},{Augustus_model.g3376.t1;Augustus}
1001275	1001186	internal-	4	6	{GeneMark_model.4305_t;GeneMark},{GlimmerHMM_glimmerT_4036-T1;GlimmerHMM},{Augustus_model.g3376.t1;Augustus}
1001356	1001276	INTRON			{GeneMark_model.4305_t;GeneMark},{GlimmerHMM_glimmerT_4036-T1;GlimmerHMM},{Augustus_model.g3376.t1;Augustus}
1001602	1001357	initial-	4	6	{GlimmerHMM_glimmerT_4036-T1;GlimmerHMM},{Augustus_model.g3376.t1;Augustus}

# EVM prediction: Mode:STANDARD S-ratio: 2.75 1002040-1003702 orient(+) score(5268.00) noncoding_equivalent(1914.28) raw_noncoding(2488.00) offset(573.72)
1002040	1002677	initial+	1	2	{GeneMark_model.4306_t;GeneMark},{Augustus_model.g3377.t1;Augustus}
1002678	1002744	INTRON			{GeneMark_model.4306_t;GeneMark},{Augustus_model.g3377.t1;Augustus}
1002745	1002751	internal+	3	3	{GeneMark_model.4306_t;GeneMark},{Augustus_model.g3377.t1;Augustus}
1002752	1002830	INTRON			{GeneMark_model.4306_t;GeneMark},{Augustus_model.g3377.t1;Augustus}
1002831	1002942	internal+	1	1	{GeneMark_model.4306_t;GeneMark},{Augustus_model.g3377.t1;Augustus}
1002943	1003021	INTRON			{GlimmerHMM_glimmerT_4037-T1;GlimmerHMM},{GeneMark_model.4306_t;GeneMark},{Augustus_model.g3377.t1;Augustus}
1003022	1003094	internal+	2	2	{GlimmerHMM_glimmerT_4037-T1;GlimmerHMM},{GeneMark_model.4306_t;GeneMark},{Augustus_model.g3377.t1;Augustus}
1003095	1003202	INTRON			{GlimmerHMM_glimmerT_4037-T1;GlimmerHMM},{GeneMark_model.4306_t;GeneMark},{Augustus_model.g3377.t1;Augustus}
1003203	1003252	internal+	3	1	{GlimmerHMM_glimmerT_4037-T1;GlimmerHMM},{GeneMark_model.4306_t;GeneMark},{Augustus_model.g3377.t1;Augustus}
1003253	1003337	INTRON			{GlimmerHMM_glimmerT_4037-T1;GlimmerHMM},{GeneMark_model.4306_t;GeneMark},{Augustus_model.g3377.t1;Augustus}
1003338	1003702	terminal+	2	3	{GlimmerHMM_glimmerT_4037-T1;GlimmerHMM},{GeneMark_model.4306_t;GeneMark},{Augustus_model.g3377.t1;Augustus}

# EVM prediction: Mode:STANDARD S-ratio: 2.80 1004101-1006037 orient(-) score(6455.00) noncoding_equivalent(2308.28) raw_noncoding(2852.00) offset(543.72)
1004274	1004101	terminal-	4	6	{GeneMark_model.4307_t;GeneMark},{snap_scaffold_9-snap.408-T1;snap},{Augustus_model.g3378.t1;Augustus},{GlimmerHMM_glimmerT_4038-T1;GlimmerHMM}
1004340	1004275	INTRON			{GeneMark_model.4307_t;GeneMark},{Augustus_model.g3378.t1;Augustus},{GlimmerHMM_glimmerT_4038-T1;GlimmerHMM}
1004427	1004341	internal-	4	6	{GeneMark_model.4307_t;GeneMark},{Augustus_model.g3378.t1;Augustus},{GlimmerHMM_glimmerT_4038-T1;GlimmerHMM}
1004492	1004428	INTRON			{GeneMark_model.4307_t;GeneMark},{Augustus_model.g3378.t1;Augustus},{GlimmerHMM_glimmerT_4038-T1;GlimmerHMM}
1004637	1004493	internal-	6	6	{GeneMark_model.4307_t;GeneMark},{Augustus_model.g3378.t1;Augustus},{GlimmerHMM_glimmerT_4038-T1;GlimmerHMM}
1004700	1004638	INTRON			{GeneMark_model.4307_t;GeneMark},{Augustus_model.g3378.t1;Augustus},{GlimmerHMM_glimmerT_4038-T1;GlimmerHMM}
1004937	1004701	internal-	6	5	{GeneMark_model.4307_t;GeneMark},{Augustus_model.g3378.t1;Augustus},{GlimmerHMM_glimmerT_4038-T1;GlimmerHMM}
1005013	1004938	INTRON			{GeneMark_model.4307_t;GeneMark},{Augustus_model.g3378.t1;Augustus},{GlimmerHMM_glimmerT_4038-T1;GlimmerHMM}
1005473	1005014	internal-	5	5	{GeneMark_model.4307_t;GeneMark},{Augustus_model.g3378.t1;Augustus},{GlimmerHMM_glimmerT_4038-T1;GlimmerHMM}
1005553	1005474	INTRON			{GeneMark_model.4307_t;GeneMark},{Augustus_model.g3378.t1;Augustus},{GlimmerHMM_glimmerT_4038-T1;GlimmerHMM}
1005798	1005554	internal-	6	4	{GeneMark_model.4307_t;GeneMark},{Augustus_model.g3378.t1;Augustus},{GlimmerHMM_glimmerT_4038-T1;GlimmerHMM}
1005969	1005799	INTRON			{GeneMark_model.4307_t;GeneMark},{Augustus_model.g3378.t1;Augustus},{GlimmerHMM_glimmerT_4038-T1;GlimmerHMM}
1006037	1005970	initial-	4	5	{GeneMark_model.4307_t;GeneMark},{Augustus_model.g3378.t1;Augustus},{GlimmerHMM_glimmerT_4038-T1;GlimmerHMM}

# EVM prediction: Mode:STANDARD S-ratio: 3.80 1006957-1009122 orient(+) score(7331.00) noncoding_equivalent(1927.83) raw_noncoding(2604.00) offset(676.17)
1006957	1007056	initial+	1	1	{Augustus_model.g3379.t1;Augustus}
1007057	1007118	INTRON			{GlimmerHMM_glimmerT_4039-T1;GlimmerHMM},{Augustus_model.g3379.t1;Augustus},{GeneMark_model.4308_t;GeneMark}
1007119	1007204	internal+	2	3	{GlimmerHMM_glimmerT_4039-T1;GlimmerHMM},{Augustus_model.g3379.t1;Augustus},{GeneMark_model.4308_t;GeneMark}
1007205	1007270	INTRON			{GlimmerHMM_glimmerT_4039-T1;GlimmerHMM},{Augustus_model.g3379.t1;Augustus},{GeneMark_model.4308_t;GeneMark}
1007271	1007336	internal+	1	3	{GlimmerHMM_glimmerT_4039-T1;GlimmerHMM},{Augustus_model.g3379.t1;Augustus},{GeneMark_model.4308_t;GeneMark}
1007337	1007394	INTRON			{GlimmerHMM_glimmerT_4039-T1;GlimmerHMM},{Augustus_model.g3379.t1;Augustus},{GeneMark_model.4308_t;GeneMark}
1007395	1008158	internal+	1	2	{GlimmerHMM_glimmerT_4039-T1;GlimmerHMM},{Augustus_model.g3379.t1;Augustus},{GeneMark_model.4308_t;GeneMark}
1008159	1008225	INTRON			{GlimmerHMM_glimmerT_4039-T1;GlimmerHMM},{Augustus_model.g3379.t1;Augustus},{GeneMark_model.4308_t;GeneMark}
1008226	1008271	internal+	3	3	{GlimmerHMM_glimmerT_4039-T1;GlimmerHMM},{Augustus_model.g3379.t1;Augustus},{GeneMark_model.4308_t;GeneMark}
1008272	1008330	INTRON			{GlimmerHMM_glimmerT_4039-T1;GlimmerHMM},{Augustus_model.g3379.t1;Augustus},{GeneMark_model.4308_t;GeneMark}
1008331	1008497	internal+	1	2	{GlimmerHMM_glimmerT_4039-T1;GlimmerHMM},{Augustus_model.g3379.t1;Augustus},{GeneMark_model.4308_t;GeneMark}
1008498	1008561	INTRON			{Augustus_model.g3379.t1;Augustus},{GeneMark_model.4308_t;GeneMark}
1008562	1008585	internal+	3	2	{Augustus_model.g3379.t1;Augustus},{GeneMark_model.4308_t;GeneMark}
1008586	1008650	INTRON			{Augustus_model.g3379.t1;Augustus},{GeneMark_model.4308_t;GeneMark}
1008651	1008737	internal+	3	2	{GlimmerHMM_glimmerT_4039-T1;GlimmerHMM},{Augustus_model.g3379.t1;Augustus},{GeneMark_model.4308_t;GeneMark}
1008738	1008799	INTRON			{Augustus_model.g3379.t1;Augustus},{GeneMark_model.4308_t;GeneMark}
1008800	1008871	internal+	3	2	{Augustus_model.g3379.t1;Augustus},{GeneMark_model.4308_t;GeneMark}
1008872	1008932	INTRON			{Augustus_model.g3379.t1;Augustus},{GeneMark_model.4308_t;GeneMark}
1008933	1009122	terminal+	3	3	{GlimmerHMM_glimmerT_4039-T1;GlimmerHMM},{Augustus_model.g3379.t1;Augustus},{GeneMark_model.4308_t;GeneMark},{snap_scaffold_9-snap.411-T1;snap}

# EVM prediction: Mode:STANDARD S-ratio: 2.37 1009389-1011141 orient(-) score(5070.00) noncoding_equivalent(2137.38) raw_noncoding(2362.00) offset(224.62)
1009629	1009389	terminal-	6	6	{GlimmerHMM_glimmerT_4040-T1;GlimmerHMM},{GeneMark_model.4309_t;GeneMark},{Augustus_model.g3380.t1;Augustus}
1009729	1009630	INTRON			{GlimmerHMM_glimmerT_4040-T1;GlimmerHMM},{GeneMark_model.4309_t;GeneMark},{Augustus_model.g3380.t1;Augustus}
1010774	1009730	internal-	5	5	{GlimmerHMM_glimmerT_4040-T1;GlimmerHMM},{GeneMark_model.4309_t;GeneMark},{Augustus_model.g3380.t1;Augustus}
1010834	1010775	INTRON			{GlimmerHMM_glimmerT_4040-T1;GlimmerHMM},{GeneMark_model.4309_t;GeneMark}
1011141	1010835	initial-	4	4	{GlimmerHMM_glimmerT_4040-T1;GlimmerHMM},{GeneMark_model.4309_t;GeneMark}

# EVM prediction: Mode:STANDARD S-ratio: 5.63 1011575-1013830 orient(-) score(8023.00) noncoding_equivalent(1425.97) raw_noncoding(1536.22) offset(110.24)
1013658	1011575	terminal-	5	6	{snap_scaffold_9-snap.412-T1;snap},{GlimmerHMM_glimmerT_4041-T1;GlimmerHMM}
1013772	1013659	INTRON			{GeneMark_model.4310_t;GeneMark},{Augustus_model.g3380.t1;Augustus},{GlimmerHMM_glimmerT_4041-T1;GlimmerHMM}
1013830	1013773	initial-	4	4	{GeneMark_model.4310_t;GeneMark},{Augustus_model.g3380.t1;Augustus},{GlimmerHMM_glimmerT_4041-T1;GlimmerHMM}

# EVM prediction: Mode:STANDARD S-ratio: 4.31 1013949-1016721 orient(+) score(9352.00) noncoding_equivalent(2170.58) raw_noncoding(2482.00) offset(311.42)
1013949	1014722	initial+	1	3	{Augustus_model.g3381.t1;Augustus},{GeneMark_model.4311_t;GeneMark},{GlimmerHMM_glimmerT_4042-T1;GlimmerHMM}
1014723	1014784	INTRON			{Augustus_model.g3381.t1;Augustus},{GeneMark_model.4311_t;GeneMark},{GlimmerHMM_glimmerT_4042-T1;GlimmerHMM}
1014785	1014950	internal+	1	1	{Augustus_model.g3381.t1;Augustus},{GeneMark_model.4311_t;GeneMark},{GlimmerHMM_glimmerT_4042-T1;GlimmerHMM}
1014951	1015036	INTRON			{Augustus_model.g3381.t1;Augustus},{GeneMark_model.4311_t;GeneMark},{GlimmerHMM_glimmerT_4042-T1;GlimmerHMM}
1015037	1015363	internal+	2	1	{GeneMark_model.4311_t;GeneMark},{GlimmerHMM_glimmerT_4042-T1;GlimmerHMM}
1015364	1015437	INTRON			{GeneMark_model.4311_t;GeneMark},{GlimmerHMM_glimmerT_4042-T1;GlimmerHMM}
1015438	1016570	internal+	2	3	{Augustus_model.g3381.t1;Augustus},{GeneMark_model.4311_t;GeneMark},{GlimmerHMM_glimmerT_4042-T1;GlimmerHMM}
1016571	1016646	INTRON			{Augustus_model.g3381.t1;Augustus},{GeneMark_model.4311_t;GeneMark},{GlimmerHMM_glimmerT_4042-T1;GlimmerHMM}
1016647	1016721	terminal+	1	3	{Augustus_model.g3381.t1;Augustus},{GeneMark_model.4311_t;GeneMark},{GlimmerHMM_glimmerT_4042-T1;GlimmerHMM}

# EVM prediction: Mode:STANDARD S-ratio: 2.35 1016948-1019088 orient(-) score(6687.00) noncoding_equivalent(2841.00) raw_noncoding(3338.00) offset(497.00)
1017440	1016948	terminal-	6	6	{Augustus_model.g3382.t1;Augustus},{GeneMark_model.4312_t;GeneMark},{GlimmerHMM_glimmerT_4043-T1;GlimmerHMM}
1017510	1017441	INTRON			{Augustus_model.g3382.t1;Augustus},{GeneMark_model.4312_t;GeneMark},{GlimmerHMM_glimmerT_4043-T1;GlimmerHMM}
1017659	1017511	internal-	4	5	{Augustus_model.g3382.t1;Augustus},{GeneMark_model.4312_t;GeneMark},{GlimmerHMM_glimmerT_4043-T1;GlimmerHMM}
1017738	1017660	INTRON			{Augustus_model.g3382.t1;Augustus},{GeneMark_model.4312_t;GeneMark},{GlimmerHMM_glimmerT_4043-T1;GlimmerHMM}
1018002	1017739	internal-	4	6	{Augustus_model.g3382.t1;Augustus},{GeneMark_model.4312_t;GeneMark},{GlimmerHMM_glimmerT_4043-T1;GlimmerHMM}
1018076	1018003	INTRON			{Augustus_model.g3382.t1;Augustus},{GeneMark_model.4312_t;GeneMark},{GlimmerHMM_glimmerT_4043-T1;GlimmerHMM}
1018214	1018077	internal-	4	6	{Augustus_model.g3382.t1;Augustus},{GeneMark_model.4312_t;GeneMark},{GlimmerHMM_glimmerT_4043-T1;GlimmerHMM}
1018275	1018215	INTRON			{Augustus_model.g3382.t1;Augustus},{GeneMark_model.4312_t;GeneMark},{GlimmerHMM_glimmerT_4043-T1;GlimmerHMM}
1018368	1018276	internal-	4	6	{Augustus_model.g3382.t1;Augustus},{GeneMark_model.4312_t;GeneMark},{GlimmerHMM_glimmerT_4043-T1;GlimmerHMM}
1018436	1018369	INTRON			{Augustus_model.g3382.t1;Augustus},{GeneMark_model.4312_t;GeneMark},{GlimmerHMM_glimmerT_4043-T1;GlimmerHMM}
1018557	1018437	internal-	6	6	{Augustus_model.g3382.t1;Augustus},{GeneMark_model.4312_t;GeneMark},{GlimmerHMM_glimmerT_4043-T1;GlimmerHMM}
1018621	1018558	INTRON			{Augustus_model.g3382.t1;Augustus},{GeneMark_model.4312_t;GeneMark},{GlimmerHMM_glimmerT_4043-T1;GlimmerHMM}
1018808	1018622	internal-	5	5	{Augustus_model.g3382.t1;Augustus},{GeneMark_model.4312_t;GeneMark},{GlimmerHMM_glimmerT_4043-T1;GlimmerHMM}
1018889	1018809	INTRON			{Augustus_model.g3382.t1;Augustus},{GeneMark_model.4312_t;GeneMark},{GlimmerHMM_glimmerT_4043-T1;GlimmerHMM}
1019088	1018890	initial-	4	4	{Augustus_model.g3382.t1;Augustus},{GeneMark_model.4312_t;GeneMark},{GlimmerHMM_glimmerT_4043-T1;GlimmerHMM}

# EVM prediction: Mode:STANDARD S-ratio: 5.02 1019541-1023845 orient(-) score(26753.00) noncoding_equivalent(5332.04) raw_noncoding(5601.00) offset(268.96)
1021224	1019541	terminal-	6	6	{GlimmerHMM_glimmerT_4044-T1;GlimmerHMM},{GeneMark_model.4313_t;GeneMark},{snap_scaffold_9-snap.415-T1;snap},{HiQ_model.g3383.t1;HiQ}
1021284	1021225	INTRON			{GlimmerHMM_glimmerT_4044-T1;GlimmerHMM},{GeneMark_model.4313_t;GeneMark},{HiQ_model.g3383.t1;HiQ},{ev_type:exonerate/ID=match.2566964.1221/Target=lcl|KQ954497_1_prot_KWU42975_1_4665;exonerate},{ev_type:exonerate/ID=match.2566964.1219/Target=lcl|NW_017264937_1_prot_XP_018269729_1_5132;exonerate}
1021430	1021285	internal-	4	5	{GlimmerHMM_glimmerT_4044-T1;GlimmerHMM},{GeneMark_model.4313_t;GeneMark},{HiQ_model.g3383.t1;HiQ},{ev_type:exonerate/ID=match.2566964.1221/Target=lcl|KQ954497_1_prot_KWU42975_1_4665;exonerate},{ev_type:exonerate/ID=match.2566964.1219/Target=lcl|NW_017264937_1_prot_XP_018269729_1_5132;exonerate}
1021495	1021431	INTRON			{GlimmerHMM_glimmerT_4044-T1;GlimmerHMM},{GeneMark_model.4313_t;GeneMark},{HiQ_model.g3383.t1;HiQ},{ev_type:exonerate/ID=match.2566964.1221/Target=lcl|KQ954497_1_prot_KWU42975_1_4665;exonerate},{ev_type:exonerate/ID=match.2566964.1219/Target=lcl|NW_017264937_1_prot_XP_018269729_1_5132;exonerate}
1022979	1021496	internal-	5	6	{GlimmerHMM_glimmerT_4044-T1;GlimmerHMM},{GeneMark_model.4313_t;GeneMark},{HiQ_model.g3383.t1;HiQ},{ev_type:exonerate/ID=match.2566964.1219/Target=lcl|NW_017264937_1_prot_XP_018269729_1_5132;exonerate}
1023058	1022980	INTRON			{GlimmerHMM_glimmerT_4044-T1;GlimmerHMM},{GeneMark_model.4313_t;GeneMark},{HiQ_model.g3383.t1;HiQ},{ev_type:exonerate/ID=match.2566964.1221/Target=lcl|KQ954497_1_prot_KWU42975_1_4665;exonerate},{ev_type:exonerate/ID=match.2566964.1219/Target=lcl|NW_017264937_1_prot_XP_018269729_1_5132;exonerate}
1023845	1023059	initial-	4	4	{GlimmerHMM_glimmerT_4044-T1;GlimmerHMM},{GeneMark_model.4313_t;GeneMark},{HiQ_model.g3383.t1;HiQ}

# EVM prediction: Mode:STANDARD S-ratio: 4.16 1025388-1028380 orient(+) score(15427.00) noncoding_equivalent(3704.53) raw_noncoding(4368.84) offset(664.31)
1025388	1025705	initial+	1	3	{GeneMark_model.4314_t;GeneMark},{Augustus_model.g3384.t1;Augustus},{GlimmerHMM_glimmerT_4045-T1;GlimmerHMM}
1025706	1025768	INTRON			{GeneMark_model.4314_t;GeneMark},{Augustus_model.g3384.t1;Augustus},{GlimmerHMM_glimmerT_4045-T1;GlimmerHMM},{ev_type:exonerate/ID=match.2566964.3500/Target=lcl|KQ954497_1_prot_KWU42974_1_4664;exonerate},{ev_type:exonerate/ID=match.2566964.3502/Target=lcl|PJQD01000039_1_prot_POY73163_1_3817;exonerate}
1025769	1025877	internal+	1	1	{GeneMark_model.4314_t;GeneMark},{Augustus_model.g3384.t1;Augustus},{GlimmerHMM_glimmerT_4045-T1;GlimmerHMM},{ev_type:exonerate/ID=match.2566964.3500/Target=lcl|KQ954497_1_prot_KWU42974_1_4664;exonerate},{ev_type:exonerate/ID=match.2566964.3502/Target=lcl|PJQD01000039_1_prot_POY73163_1_3817;exonerate}
1025878	1025969	INTRON			{GeneMark_model.4314_t;GeneMark},{Augustus_model.g3384.t1;Augustus},{GlimmerHMM_glimmerT_4045-T1;GlimmerHMM},{ev_type:exonerate/ID=match.2566964.3500/Target=lcl|KQ954497_1_prot_KWU42974_1_4664;exonerate},{ev_type:exonerate/ID=match.2566964.3502/Target=lcl|PJQD01000039_1_prot_POY73163_1_3817;exonerate}
1025970	1026159	internal+	2	2	{GeneMark_model.4314_t;GeneMark},{Augustus_model.g3384.t1;Augustus},{GlimmerHMM_glimmerT_4045-T1;GlimmerHMM},{ev_type:exonerate/ID=match.2566964.3500/Target=lcl|KQ954497_1_prot_KWU42974_1_4664;exonerate},{ev_type:exonerate/ID=match.2566964.3502/Target=lcl|PJQD01000039_1_prot_POY73163_1_3817;exonerate}
1026160	1026281	INTRON			{GeneMark_model.4314_t;GeneMark},{Augustus_model.g3384.t1;Augustus},{GlimmerHMM_glimmerT_4045-T1;GlimmerHMM},{ev_type:exonerate/ID=match.2566964.3500/Target=lcl|KQ954497_1_prot_KWU42974_1_4664;exonerate},{ev_type:exonerate/ID=match.2566964.3502/Target=lcl|PJQD01000039_1_prot_POY73163_1_3817;exonerate}
1026282	1026381	internal+	3	3	{GeneMark_model.4314_t;GeneMark},{Augustus_model.g3384.t1;Augustus},{GlimmerHMM_glimmerT_4045-T1;GlimmerHMM},{ev_type:exonerate/ID=match.2566964.3500/Target=lcl|KQ954497_1_prot_KWU42974_1_4664;exonerate},{ev_type:exonerate/ID=match.2566964.3502/Target=lcl|PJQD01000039_1_prot_POY73163_1_3817;exonerate}
1026382	1026465	INTRON			{GeneMark_model.4314_t;GeneMark},{Augustus_model.g3384.t1;Augustus},{GlimmerHMM_glimmerT_4045-T1;GlimmerHMM},{ev_type:exonerate/ID=match.2566964.3500/Target=lcl|KQ954497_1_prot_KWU42974_1_4664;exonerate},{ev_type:exonerate/ID=match.2566964.3502/Target=lcl|PJQD01000039_1_prot_POY73163_1_3817;exonerate}
1026466	1026699	internal+	1	3	{GeneMark_model.4314_t;GeneMark},{Augustus_model.g3384.t1;Augustus},{GlimmerHMM_glimmerT_4045-T1;GlimmerHMM},{ev_type:exonerate/ID=match.2566964.3500/Target=lcl|KQ954497_1_prot_KWU42974_1_4664;exonerate},{ev_type:exonerate/ID=match.2566964.3502/Target=lcl|PJQD01000039_1_prot_POY73163_1_3817;exonerate}
1026700	1026789	INTRON			{GeneMark_model.4314_t;GeneMark},{Augustus_model.g3384.t1;Augustus},{ev_type:exonerate/ID=match.2566964.3500/Target=lcl|KQ954497_1_prot_KWU42974_1_4664;exonerate},{ev_type:exonerate/ID=match.2566964.3502/Target=lcl|PJQD01000039_1_prot_POY73163_1_3817;exonerate}
1026790	1026993	internal+	1	3	{GeneMark_model.4314_t;GeneMark},{Augustus_model.g3384.t1;Augustus},{ev_type:exonerate/ID=match.2566964.3500/Target=lcl|KQ954497_1_prot_KWU42974_1_4664;exonerate},{ev_type:exonerate/ID=match.2566964.3502/Target=lcl|PJQD01000039_1_prot_POY73163_1_3817;exonerate}
1026994	1027098	INTRON			{GeneMark_model.4314_t;GeneMark},{Augustus_model.g3384.t1;Augustus},{GlimmerHMM_glimmerT_4045-T1;GlimmerHMM},{ev_type:exonerate/ID=match.2566964.3500/Target=lcl|KQ954497_1_prot_KWU42974_1_4664;exonerate}
1027099	1027329	internal+	1	3	{GeneMark_model.4314_t;GeneMark},{Augustus_model.g3384.t1;Augustus},{GlimmerHMM_glimmerT_4045-T1;GlimmerHMM},{ev_type:exonerate/ID=match.2566964.3500/Target=lcl|KQ954497_1_prot_KWU42974_1_4664;exonerate}
1027330	1027410	INTRON			{GeneMark_model.4314_t;GeneMark},{Augustus_model.g3384.t1;Augustus},{GlimmerHMM_glimmerT_4045-T1;GlimmerHMM},{ev_type:exonerate/ID=match.2566964.3500/Target=lcl|KQ954497_1_prot_KWU42974_1_4664;exonerate},{ev_type:exonerate/ID=match.2566964.3502/Target=lcl|PJQD01000039_1_prot_POY73163_1_3817;exonerate}
1027411	1027608	internal+	1	3	{GeneMark_model.4314_t;GeneMark},{Augustus_model.g3384.t1;Augustus},{GlimmerHMM_glimmerT_4045-T1;GlimmerHMM},{ev_type:exonerate/ID=match.2566964.3502/Target=lcl|PJQD01000039_1_prot_POY73163_1_3817;exonerate}
1027609	1027688	INTRON			{GeneMark_model.4314_t;GeneMark},{Augustus_model.g3384.t1;Augustus},{GlimmerHMM_glimmerT_4045-T1;GlimmerHMM},{ev_type:exonerate/ID=match.2566964.3502/Target=lcl|PJQD01000039_1_prot_POY73163_1_3817;exonerate}
1027689	1028051	internal+	1	3	{GeneMark_model.4314_t;GeneMark},{Augustus_model.g3384.t1;Augustus},{GlimmerHMM_glimmerT_4045-T1;GlimmerHMM},{ev_type:exonerate/ID=match.2566964.3500/Target=lcl|KQ954497_1_prot_KWU42974_1_4664;exonerate},{ev_type:exonerate/ID=match.2566964.3502/Target=lcl|PJQD01000039_1_prot_POY73163_1_3817;exonerate}
1028052	1028128	INTRON			{GeneMark_model.4314_t;GeneMark},{Augustus_model.g3384.t1;Augustus},{GlimmerHMM_glimmerT_4045-T1;GlimmerHMM},{ev_type:exonerate/ID=match.2566964.3500/Target=lcl|KQ954497_1_prot_KWU42974_1_4664;exonerate},{ev_type:exonerate/ID=match.2566964.3502/Target=lcl|PJQD01000039_1_prot_POY73163_1_3817;exonerate}
1028129	1028380	terminal+	1	3	{GeneMark_model.4314_t;GeneMark},{GlimmerHMM_glimmerT_4045-T1;GlimmerHMM}

# EVM prediction: Mode:STANDARD S-ratio: 5.38 1028664-1032173 orient(-) score(12171.00) noncoding_equivalent(2263.00) raw_noncoding(2277.00) offset(14.00)
1029791	1028664	terminal-	4	6	{Augustus_model.g3385.t1;Augustus},{GlimmerHMM_glimmerT_4046-T1;GlimmerHMM},{GeneMark_model.4315_t;GeneMark}
1029857	1029792	INTRON			{Augustus_model.g3385.t1;Augustus},{GlimmerHMM_glimmerT_4046-T1;GlimmerHMM},{GeneMark_model.4315_t;GeneMark}
1030283	1029858	internal-	4	6	{Augustus_model.g3385.t1;Augustus},{GlimmerHMM_glimmerT_4046-T1;GlimmerHMM},{GeneMark_model.4315_t;GeneMark}
1030352	1030284	INTRON			{Augustus_model.g3385.t1;Augustus},{snap_scaffold_9-snap.420-T1;snap},{GlimmerHMM_glimmerT_4046-T1;GlimmerHMM},{GeneMark_model.4315_t;GeneMark}
1032173	1030353	initial-	4	6	{Augustus_model.g3385.t1;Augustus},{GlimmerHMM_glimmerT_4046-T1;GlimmerHMM},{GeneMark_model.4315_t;GeneMark}

# EVM prediction: Mode:STANDARD S-ratio: 15.76 1034504-1036305 orient(-) score(6775.00) noncoding_equivalent(429.88) raw_noncoding(555.35) offset(125.47)
1036139	1034504	terminal-	6	6	{Augustus_model.g3386.t1;Augustus},{GlimmerHMM_glimmerT_4047-T1;GlimmerHMM},{GeneMark_model.4316_t;GeneMark}
1036201	1036140	INTRON			{GlimmerHMM_glimmerT_4047-T1;GlimmerHMM},{GeneMark_model.4316_t;GeneMark}
1036305	1036202	initial-	4	5	{GlimmerHMM_glimmerT_4047-T1;GlimmerHMM},{GeneMark_model.4316_t;GeneMark}

# EVM prediction: Mode:STANDARD S-ratio: 1.92 1036473-1037458 orient(+) score(2816.00) noncoding_equivalent(1469.00) raw_noncoding(1568.00) offset(99.00)
1036473	1036708	initial+	1	2	{Augustus_model.g3387.t1;Augustus},{GeneMark_model.4317_t;GeneMark},{GlimmerHMM_glimmerT_4048-T1;GlimmerHMM}
1036709	1036783	INTRON			{Augustus_model.g3387.t1;Augustus},{GeneMark_model.4317_t;GeneMark},{GlimmerHMM_glimmerT_4048-T1;GlimmerHMM}
1036784	1037060	internal+	3	3	{Augustus_model.g3387.t1;Augustus},{GeneMark_model.4317_t;GeneMark},{GlimmerHMM_glimmerT_4048-T1;GlimmerHMM}
1037061	1037134	INTRON			{Augustus_model.g3387.t1;Augustus},{GeneMark_model.4317_t;GeneMark},{GlimmerHMM_glimmerT_4048-T1;GlimmerHMM}
1037135	1037458	terminal+	1	3	{GeneMark_model.4317_t;GeneMark},{GlimmerHMM_glimmerT_4048-T1;GlimmerHMM}

# EVM prediction: Mode:STANDARD S-ratio: 2.03 1037599-1040439 orient(-) score(7991.00) noncoding_equivalent(3938.09) raw_noncoding(4548.09) offset(610.00)
1038049	1037599	terminal-	6	6	{GeneMark_model.4318_t;GeneMark},{GlimmerHMM_glimmerT_4049-T1;GlimmerHMM}
1038130	1038050	INTRON			{GeneMark_model.4318_t;GeneMark},{GlimmerHMM_glimmerT_4049-T1;GlimmerHMM}
1038334	1038131	internal-	6	5	{GeneMark_model.4318_t;GeneMark},{GlimmerHMM_glimmerT_4049-T1;GlimmerHMM}
1038412	1038335	INTRON			{GeneMark_model.4318_t;GeneMark},{Augustus_model.g3388.t1;Augustus},{GlimmerHMM_glimmerT_4049-T1;GlimmerHMM}
1038499	1038413	internal-	6	5	{GeneMark_model.4318_t;GeneMark},{Augustus_model.g3388.t1;Augustus},{GlimmerHMM_glimmerT_4049-T1;GlimmerHMM}
1038594	1038500	INTRON			{GeneMark_model.4318_t;GeneMark},{Augustus_model.g3388.t1;Augustus},{GlimmerHMM_glimmerT_4049-T1;GlimmerHMM}
1039238	1038595	internal-	4	5	{GeneMark_model.4318_t;GeneMark},{Augustus_model.g3388.t1;Augustus},{GlimmerHMM_glimmerT_4049-T1;GlimmerHMM}
1039331	1039239	INTRON			{GeneMark_model.4318_t;GeneMark},{Augustus_model.g3388.t1;Augustus},{GlimmerHMM_glimmerT_4049-T1;GlimmerHMM}
1039392	1039332	internal-	6	6	{GeneMark_model.4318_t;GeneMark},{Augustus_model.g3388.t1;Augustus},{GlimmerHMM_glimmerT_4049-T1;GlimmerHMM}
1039483	1039393	INTRON			{GeneMark_model.4318_t;GeneMark},{Augustus_model.g3388.t1;Augustus},{GlimmerHMM_glimmerT_4049-T1;GlimmerHMM}
1039586	1039484	internal-	5	5	{GeneMark_model.4318_t;GeneMark},{Augustus_model.g3388.t1;Augustus},{GlimmerHMM_glimmerT_4049-T1;GlimmerHMM}
1039661	1039587	INTRON			{GeneMark_model.4318_t;GeneMark},{Augustus_model.g3388.t1;Augustus},{GlimmerHMM_glimmerT_4049-T1;GlimmerHMM}
1040439	1039662	initial-	4	4	{GeneMark_model.4318_t;GeneMark},{Augustus_model.g3388.t1;Augustus},{GlimmerHMM_glimmerT_4049-T1;GlimmerHMM}

# EVM prediction: Mode:STANDARD S-ratio: 2.05 1043303-1045547 orient(+) score(6003.00) noncoding_equivalent(2926.56) raw_noncoding(3277.83) offset(351.26)
1043303	1043403	initial+	1	2	{GlimmerHMM_glimmerT_4052-T1;GlimmerHMM}
1043404	1043504	INTRON			{GlimmerHMM_glimmerT_4052-T1;GlimmerHMM}
1043505	1043796	internal+	3	3	{GlimmerHMM_glimmerT_4052-T1;GlimmerHMM}
1043797	1043873	INTRON			{GlimmerHMM_glimmerT_4052-T1;GlimmerHMM},{GeneMark_model.4321_t;GeneMark},{snap_scaffold_9-snap.422-T1;snap}
1043874	1045547	terminal+	1	3	{snap_scaffold_9-snap.422-T1;snap}

# EVM prediction: Mode:STANDARD S-ratio: 2.25 1046021-1046483 orient(+) score(1245.00) noncoding_equivalent(553.51) raw_noncoding(581.51) offset(28.00)
1046021	1046029	initial+	1	3	{snap_scaffold_9-snap.423-T1;snap}
1046030	1046057	INTRON			{snap_scaffold_9-snap.423-T1;snap}
1046058	1046483	terminal+	1	3	{snap_scaffold_9-snap.423-T1;snap}

# EVM prediction: Mode:STANDARD S-ratio: 1.16 1047043-1048507 orient(-) score(2875.00) noncoding_equivalent(2476.24) raw_noncoding(3847.00) offset(1370.76)
1047242	1047043	terminal-	5	6	{GeneMark_model.4322_t;GeneMark},{GlimmerHMM_glimmerT_4053-T1;GlimmerHMM},{snap_scaffold_9-snap.424-T1;snap}
1047318	1047243	INTRON			{GeneMark_model.4322_t;GeneMark},{GlimmerHMM_glimmerT_4053-T1;GlimmerHMM}
1047444	1047319	internal-	5	4	{GeneMark_model.4322_t;GeneMark},{GlimmerHMM_glimmerT_4053-T1;GlimmerHMM}
1047518	1047445	INTRON			{GeneMark_model.4322_t;GeneMark},{GlimmerHMM_glimmerT_4053-T1;GlimmerHMM}
1047726	1047519	internal-	4	4	{GeneMark_model.4322_t;GeneMark},{GlimmerHMM_glimmerT_4053-T1;GlimmerHMM}
1047823	1047727	INTRON			{GeneMark_model.4322_t;GeneMark},{GlimmerHMM_glimmerT_4053-T1;GlimmerHMM}
1047907	1047824	internal-	4	6	{GeneMark_model.4322_t;GeneMark},{GlimmerHMM_glimmerT_4053-T1;GlimmerHMM}
1048162	1047908	INTRON			{GlimmerHMM_glimmerT_4053-T1;GlimmerHMM}
1048240	1048163	internal-	4	6	{GlimmerHMM_glimmerT_4053-T1;GlimmerHMM}
1048348	1048241	INTRON			{GeneMark_model.4322_t;GeneMark},{GlimmerHMM_glimmerT_4053-T1;GlimmerHMM}
1048507	1048349	initial-	4	6	{GeneMark_model.4322_t;GeneMark},{GlimmerHMM_glimmerT_4053-T1;GlimmerHMM}

# EVM prediction: Mode:STANDARD S-ratio: 5.41 1049751-1051314 orient(+) score(11649.00) noncoding_equivalent(2151.47) raw_noncoding(2760.00) offset(608.53)
1049751	1049779	initial+	1	2	{GlimmerHMM_glimmerT_4054-T1;GlimmerHMM},{GeneMark_model.4323_t;GeneMark}
1049780	1049848	INTRON			{GlimmerHMM_glimmerT_4054-T1;GlimmerHMM},{GeneMark_model.4323_t;GeneMark},{ev_type:exonerate/ID=match.2566964.3540/Target=lcl|BJWK01000011_1_prot_GEM10652_1_4669;exonerate},{ev_type:exonerate/ID=match.2566964.3539/Target=lcl|LCTV02000006_1_prot_PRQ74161_1_6146;exonerate},{ev_type:exonerate/ID=match.2566964.3537/Target=lcl|PJQD01000123_1_prot_POY70309_1_628;exonerate},{ev_type:exonerate/ID=match.2566964.3536/Target=lcl|KQ954497_1_prot_KWU42965_1_4655;exonerate},{ev_type:exonerate/ID=match.2566964.3541/Target=lcl|NW_017264937_1_prot_XP_018269711_1_5114;exonerate}
1049849	1049921	internal+	3	3	{GlimmerHMM_glimmerT_4054-T1;GlimmerHMM},{GeneMark_model.4323_t;GeneMark},{ev_type:exonerate/ID=match.2566964.3540/Target=lcl|BJWK01000011_1_prot_GEM10652_1_4669;exonerate},{ev_type:exonerate/ID=match.2566964.3539/Target=lcl|LCTV02000006_1_prot_PRQ74161_1_6146;exonerate},{ev_type:exonerate/ID=match.2566964.3537/Target=lcl|PJQD01000123_1_prot_POY70309_1_628;exonerate},{ev_type:exonerate/ID=match.2566964.3536/Target=lcl|KQ954497_1_prot_KWU42965_1_4655;exonerate},{ev_type:exonerate/ID=match.2566964.3541/Target=lcl|NW_017264937_1_prot_XP_018269711_1_5114;exonerate}
1049922	1050002	INTRON			{GlimmerHMM_glimmerT_4054-T1;GlimmerHMM},{GeneMark_model.4323_t;GeneMark},{ev_type:exonerate/ID=match.2566964.3540/Target=lcl|BJWK01000011_1_prot_GEM10652_1_4669;exonerate},{ev_type:exonerate/ID=match.2566964.3539/Target=lcl|LCTV02000006_1_prot_PRQ74161_1_6146;exonerate},{ev_type:exonerate/ID=match.2566964.3537/Target=lcl|PJQD01000123_1_prot_POY70309_1_628;exonerate},{ev_type:exonerate/ID=match.2566964.3536/Target=lcl|KQ954497_1_prot_KWU42965_1_4655;exonerate},{ev_type:exonerate/ID=match.2566964.3541/Target=lcl|NW_017264937_1_prot_XP_018269711_1_5114;exonerate}
1050003	1050096	internal+	1	1	{GlimmerHMM_glimmerT_4054-T1;GlimmerHMM},{GeneMark_model.4323_t;GeneMark},{ev_type:exonerate/ID=match.2566964.3540/Target=lcl|BJWK01000011_1_prot_GEM10652_1_4669;exonerate},{ev_type:exonerate/ID=match.2566964.3539/Target=lcl|LCTV02000006_1_prot_PRQ74161_1_6146;exonerate},{ev_type:exonerate/ID=match.2566964.3537/Target=lcl|PJQD01000123_1_prot_POY70309_1_628;exonerate},{ev_type:exonerate/ID=match.2566964.3536/Target=lcl|KQ954497_1_prot_KWU42965_1_4655;exonerate},{ev_type:exonerate/ID=match.2566964.3541/Target=lcl|NW_017264937_1_prot_XP_018269711_1_5114;exonerate}
1050097	1050171	INTRON			{GlimmerHMM_glimmerT_4054-T1;GlimmerHMM},{GeneMark_model.4323_t;GeneMark},{ev_type:exonerate/ID=match.2566964.3540/Target=lcl|BJWK01000011_1_prot_GEM10652_1_4669;exonerate},{ev_type:exonerate/ID=match.2566964.3539/Target=lcl|LCTV02000006_1_prot_PRQ74161_1_6146;exonerate},{ev_type:exonerate/ID=match.2566964.3537/Target=lcl|PJQD01000123_1_prot_POY70309_1_628;exonerate},{ev_type:exonerate/ID=match.2566964.3536/Target=lcl|KQ954497_1_prot_KWU42965_1_4655;exonerate},{ev_type:exonerate/ID=match.2566964.3541/Target=lcl|NW_017264937_1_prot_XP_018269711_1_5114;exonerate}
1050172	1051056	internal+	2	1	{GlimmerHMM_glimmerT_4054-T1;GlimmerHMM},{GeneMark_model.4323_t;GeneMark},{ev_type:exonerate/ID=match.2566964.3540/Target=lcl|BJWK01000011_1_prot_GEM10652_1_4669;exonerate},{ev_type:exonerate/ID=match.2566964.3539/Target=lcl|LCTV02000006_1_prot_PRQ74161_1_6146;exonerate},{ev_type:exonerate/ID=match.2566964.3536/Target=lcl|KQ954497_1_prot_KWU42965_1_4655;exonerate},{ev_type:exonerate/ID=match.2566964.3541/Target=lcl|NW_017264937_1_prot_XP_018269711_1_5114;exonerate}
1051057	1051154	INTRON			{GlimmerHMM_glimmerT_4054-T1;GlimmerHMM},{GeneMark_model.4323_t;GeneMark},{ev_type:exonerate/ID=match.2566964.3540/Target=lcl|BJWK01000011_1_prot_GEM10652_1_4669;exonerate},{ev_type:exonerate/ID=match.2566964.3539/Target=lcl|LCTV02000006_1_prot_PRQ74161_1_6146;exonerate},{ev_type:exonerate/ID=match.2566964.3536/Target=lcl|KQ954497_1_prot_KWU42965_1_4655;exonerate},{ev_type:exonerate/ID=match.2566964.3541/Target=lcl|NW_017264937_1_prot_XP_018269711_1_5114;exonerate}
1051155	1051177	internal+	2	3	{GlimmerHMM_glimmerT_4054-T1;GlimmerHMM},{GeneMark_model.4323_t;GeneMark},{ev_type:exonerate/ID=match.2566964.3540/Target=lcl|BJWK01000011_1_prot_GEM10652_1_4669;exonerate},{ev_type:exonerate/ID=match.2566964.3539/Target=lcl|LCTV02000006_1_prot_PRQ74161_1_6146;exonerate},{ev_type:exonerate/ID=match.2566964.3536/Target=lcl|KQ954497_1_prot_KWU42965_1_4655;exonerate},{ev_type:exonerate/ID=match.2566964.3541/Target=lcl|NW_017264937_1_prot_XP_018269711_1_5114;exonerate}
1051178	1051248	INTRON			{GlimmerHMM_glimmerT_4054-T1;GlimmerHMM},{GeneMark_model.4323_t;GeneMark},{ev_type:exonerate/ID=match.2566964.3540/Target=lcl|BJWK01000011_1_prot_GEM10652_1_4669;exonerate},{ev_type:exonerate/ID=match.2566964.3539/Target=lcl|LCTV02000006_1_prot_PRQ74161_1_6146;exonerate},{ev_type:exonerate/ID=match.2566964.3536/Target=lcl|KQ954497_1_prot_KWU42965_1_4655;exonerate},{ev_type:exonerate/ID=match.2566964.3541/Target=lcl|NW_017264937_1_prot_XP_018269711_1_5114;exonerate}
1051249	1051314	terminal+	1	3	{GlimmerHMM_glimmerT_4054-T1;GlimmerHMM},{GeneMark_model.4323_t;GeneMark}

# EVM prediction: Mode:STANDARD S-ratio: 2.44 1053144-1056773 orient(+) score(10141.00) noncoding_equivalent(4157.35) raw_noncoding(4557.00) offset(399.65)
1053144	1054227	initial+	1	1	{GeneMark_model.4325_t;GeneMark},{GlimmerHMM_glimmerT_4056-T1;GlimmerHMM}
1054228	1054290	INTRON			{GeneMark_model.4325_t;GeneMark},{GlimmerHMM_glimmerT_4056-T1;GlimmerHMM}
1054291	1054751	internal+	2	3	{GeneMark_model.4325_t;GeneMark},{GlimmerHMM_glimmerT_4056-T1;GlimmerHMM}
1054752	1054862	INTRON			{GlimmerHMM_glimmerT_4056-T1;GlimmerHMM}
1054863	1056773	terminal+	1	3	{GlimmerHMM_glimmerT_4056-T1;GlimmerHMM}

# EVM prediction: Mode:STANDARD S-ratio: 1.47 1057174-1058332 orient(+) score(2761.00) noncoding_equivalent(1873.00) raw_noncoding(2197.00) offset(324.00)
1057174	1057652	initial+	1	2	{GeneMark_model.4326_t;GeneMark},{GlimmerHMM_glimmerT_4057-T1;GlimmerHMM}
1057653	1057716	INTRON			{GeneMark_model.4326_t;GeneMark},{GlimmerHMM_glimmerT_4057-T1;GlimmerHMM}
1057717	1057967	internal+	3	1	{GeneMark_model.4326_t;GeneMark},{GlimmerHMM_glimmerT_4057-T1;GlimmerHMM}
1057968	1058031	INTRON			{GeneMark_model.4326_t;GeneMark},{GlimmerHMM_glimmerT_4057-T1;GlimmerHMM}
1058032	1058201	internal+	2	3	{GeneMark_model.4326_t;GeneMark},{GlimmerHMM_glimmerT_4057-T1;GlimmerHMM}
1058202	1058266	INTRON			{GeneMark_model.4326_t;GeneMark},{GlimmerHMM_glimmerT_4057-T1;GlimmerHMM}
1058267	1058332	terminal+	1	3	{GeneMark_model.4326_t;GeneMark},{GlimmerHMM_glimmerT_4057-T1;GlimmerHMM}

# EVM prediction: Mode:STANDARD S-ratio: 1.27 1061093-1061701 orient(-) score(1455.00) noncoding_equivalent(1150.06) raw_noncoding(1956.35) offset(806.28)
1061110	1061093	terminal-	4	6	{GeneMark_model.4327_t;GeneMark}
1061200	1061111	INTRON			{GeneMark_model.4327_t;GeneMark}
1061303	1061201	internal-	6	6	{GeneMark_model.4327_t;GeneMark},{GlimmerHMM_glimmerT_4058-T1;GlimmerHMM}
1061455	1061304	INTRON			{GeneMark_model.4327_t;GeneMark},{GlimmerHMM_glimmerT_4058-T1;GlimmerHMM},{ev_type:exonerate/ID=match.2566964.3669/Target=lcl|KQ954497_1_prot_KWU42959_1_4649;exonerate}
1061548	1061456	internal-	6	5	{GeneMark_model.4327_t;GeneMark},{GlimmerHMM_glimmerT_4058-T1;GlimmerHMM}
1061666	1061549	INTRON			{GeneMark_model.4327_t;GeneMark},{GlimmerHMM_glimmerT_4058-T1;GlimmerHMM}
1061701	1061667	initial-	4	5	{GeneMark_model.4327_t;GeneMark},{GlimmerHMM_glimmerT_4058-T1;GlimmerHMM}

# EVM prediction: Mode:STANDARD S-ratio: 1.55 1062481-1066180 orient(+) score(8731.00) noncoding_equivalent(5649.30) raw_noncoding(6559.00) offset(909.70)
1062481	1063080	initial+	1	3	{GlimmerHMM_glimmerT_4059-T1;GlimmerHMM},{GeneMark_model.4328_t;GeneMark}
1063081	1063163	INTRON			{GeneMark_model.4328_t;GeneMark}
1063164	1063230	internal+	1	1	{GeneMark_model.4328_t;GeneMark}
1063231	1063295	INTRON			{GeneMark_model.4328_t;GeneMark}
1063296	1063349	internal+	2	1	{GeneMark_model.4328_t;GeneMark}
1063350	1063415	INTRON			{GeneMark_model.4328_t;GeneMark}
1063416	1065303	internal+	2	2	{GeneMark_model.4328_t;GeneMark}
1065304	1065371	INTRON			{GlimmerHMM_glimmerT_4059-T1;GlimmerHMM},{GeneMark_model.4328_t;GeneMark}
1065372	1065598	internal+	3	1	{GlimmerHMM_glimmerT_4059-T1;GlimmerHMM},{GeneMark_model.4328_t;GeneMark}
1065599	1065670	INTRON			{GlimmerHMM_glimmerT_4059-T1;GlimmerHMM},{GeneMark_model.4328_t;GeneMark}
1065671	1065900	internal+	2	3	{GlimmerHMM_glimmerT_4059-T1;GlimmerHMM},{GeneMark_model.4328_t;GeneMark}
1065901	1065973	INTRON			{GlimmerHMM_glimmerT_4059-T1;GlimmerHMM},{GeneMark_model.4328_t;GeneMark}
1065974	1066180	terminal+	1	3	{GlimmerHMM_glimmerT_4059-T1;GlimmerHMM},{GeneMark_model.4328_t;GeneMark}

# EVM prediction: Mode:STANDARD S-ratio: 2.15 1067668-1069741 orient(+) score(5662.00) noncoding_equivalent(2630.00) raw_noncoding(2773.00) offset(143.00)
1067668	1068916	initial+	1	1	{GlimmerHMM_glimmerT_4060-T1;GlimmerHMM}
1068917	1068984	INTRON			{GlimmerHMM_glimmerT_4060-T1;GlimmerHMM},{GeneMark_model.4329_t;GeneMark}
1068985	1069104	internal+	2	1	{GlimmerHMM_glimmerT_4060-T1;GlimmerHMM},{GeneMark_model.4329_t;GeneMark}
1069105	1069175	INTRON			{GlimmerHMM_glimmerT_4060-T1;GlimmerHMM},{GeneMark_model.4329_t;GeneMark}
1069176	1069741	terminal+	2	3	{GlimmerHMM_glimmerT_4060-T1;GlimmerHMM},{GeneMark_model.4329_t;GeneMark}

# EVM prediction: Mode:STANDARD S-ratio: 1.97 1070397-1073514 orient(+) score(7938.00) noncoding_equivalent(4024.00) raw_noncoding(4792.00) offset(768.00)
1070397	1072355	initial+	1	3	{GlimmerHMM_glimmerT_4061-T1;GlimmerHMM},{GeneMark_model.4330_t;GeneMark}
1072356	1072545	INTRON			{GlimmerHMM_glimmerT_4061-T1;GlimmerHMM}
1072546	1073226	internal+	1	3	{GlimmerHMM_glimmerT_4061-T1;GlimmerHMM}
1073227	1073300	INTRON			{GlimmerHMM_glimmerT_4061-T1;GlimmerHMM},{GeneMark_model.4330_t;GeneMark}
1073301	1073390	internal+	1	3	{GeneMark_model.4330_t;GeneMark}
1073391	1073457	INTRON			{GeneMark_model.4330_t;GeneMark}
1073458	1073514	terminal+	1	3	{GlimmerHMM_glimmerT_4061-T1;GlimmerHMM},{GeneMark_model.4330_t;GeneMark}

# EVM prediction: Mode:STANDARD S-ratio: 1.15 1077011-1080092 orient(-) score(6194.00) noncoding_equivalent(5374.83) raw_noncoding(7933.00) offset(2558.17)
1077169	1077011	terminal-	4	6	{GeneMark_model.4332_t;GeneMark},{GlimmerHMM_glimmerT_4063-T1;GlimmerHMM}
1077304	1077170	INTRON			{GeneMark_model.4332_t;GeneMark},{GlimmerHMM_glimmerT_4063-T1;GlimmerHMM}
1077465	1077305	internal-	5	6	{GeneMark_model.4332_t;GeneMark},{GlimmerHMM_glimmerT_4063-T1;GlimmerHMM}
1077562	1077466	INTRON			{GeneMark_model.4332_t;GeneMark},{GlimmerHMM_glimmerT_4063-T1;GlimmerHMM}
1077648	1077563	internal-	6	4	{GeneMark_model.4332_t;GeneMark},{GlimmerHMM_glimmerT_4063-T1;GlimmerHMM}
1077741	1077649	INTRON			{GeneMark_model.4332_t;GeneMark},{GlimmerHMM_glimmerT_4063-T1;GlimmerHMM}
1077994	1077742	internal-	5	5	{GeneMark_model.4332_t;GeneMark},{GlimmerHMM_glimmerT_4063-T1;GlimmerHMM}
1078067	1077995	INTRON			{GeneMark_model.4332_t;GeneMark},{GlimmerHMM_glimmerT_4063-T1;GlimmerHMM}
1078107	1078068	internal-	4	4	{GeneMark_model.4332_t;GeneMark},{GlimmerHMM_glimmerT_4063-T1;GlimmerHMM}
1078191	1078108	INTRON			{GeneMark_model.4332_t;GeneMark},{GlimmerHMM_glimmerT_4063-T1;GlimmerHMM}
1078305	1078192	internal-	4	6	{GeneMark_model.4332_t;GeneMark},{GlimmerHMM_glimmerT_4063-T1;GlimmerHMM}
1078385	1078306	INTRON			{GeneMark_model.4332_t;GeneMark},{GlimmerHMM_glimmerT_4063-T1;GlimmerHMM}
1078493	1078386	internal-	4	6	{GeneMark_model.4332_t;GeneMark},{GlimmerHMM_glimmerT_4063-T1;GlimmerHMM}
1078573	1078494	INTRON			{GeneMark_model.4332_t;GeneMark},{GlimmerHMM_glimmerT_4063-T1;GlimmerHMM}
1078980	1078574	internal-	5	6	{GeneMark_model.4332_t;GeneMark},{GlimmerHMM_glimmerT_4063-T1;GlimmerHMM}
1079063	1078981	INTRON			{GeneMark_model.4332_t;GeneMark},{GlimmerHMM_glimmerT_4063-T1;GlimmerHMM}
1079207	1079064	internal-	5	4	{GeneMark_model.4332_t;GeneMark},{GlimmerHMM_glimmerT_4063-T1;GlimmerHMM}
1079279	1079208	INTRON			{GeneMark_model.4332_t;GeneMark},{GlimmerHMM_glimmerT_4063-T1;GlimmerHMM}
1079331	1079280	internal-	4	4	{GlimmerHMM_glimmerT_4063-T1;GlimmerHMM}
1079398	1079332	INTRON			{GlimmerHMM_glimmerT_4063-T1;GlimmerHMM}
1079564	1079399	internal-	6	6	{GeneMark_model.4332_t;GeneMark},{GlimmerHMM_glimmerT_4063-T1;GlimmerHMM}
1079877	1079565	INTRON			{GlimmerHMM_glimmerT_4063-T1;GlimmerHMM}
1080092	1079878	initial-	4	5	{GlimmerHMM_glimmerT_4063-T1;GlimmerHMM}

# EVM prediction: Mode:STANDARD S-ratio: 1.28 1080515-1081188 orient(-) score(1719.00) noncoding_equivalent(1348.00) raw_noncoding(1604.00) offset(256.00)
1080644	1080515	terminal-	6	6	{GeneMark_model.4333_t;GeneMark},{GlimmerHMM_glimmerT_4064-T1;GlimmerHMM}
1080710	1080645	INTRON			{GeneMark_model.4333_t;GeneMark},{GlimmerHMM_glimmerT_4064-T1;GlimmerHMM}
1080912	1080711	internal-	5	5	{GeneMark_model.4333_t;GeneMark},{GlimmerHMM_glimmerT_4064-T1;GlimmerHMM}
1080974	1080913	INTRON			{GeneMark_model.4333_t;GeneMark},{GlimmerHMM_glimmerT_4064-T1;GlimmerHMM},{ev_type:exonerate/ID=match.2566964.3652/Target=lcl|KQ954497_1_prot_KWU42953_1_4643;exonerate}
1081188	1080975	initial-	4	4	{GeneMark_model.4333_t;GeneMark},{GlimmerHMM_glimmerT_4064-T1;GlimmerHMM}

# EVM prediction: Mode:STANDARD S-ratio: 2.94 1082070-1084108 orient(+) score(6041.00) noncoding_equivalent(2057.17) raw_noncoding(2086.17) offset(29.00)
1082070	1082075	initial+	1	3	{snap_scaffold_9-snap.435-T1;snap}
1082076	1082104	INTRON			{snap_scaffold_9-snap.435-T1;snap}
1082105	1084108	terminal+	1	3	{snap_scaffold_9-snap.435-T1;snap}

# EVM prediction: Mode:STANDARD S-ratio: 1.00 1084314-1085936 orient(+) score(3246.00) noncoding_equivalent(3246.00) raw_noncoding(3480.00) offset(234.00)
1084314	1084564	initial+	1	2	{GeneMark_model.4335_t;GeneMark}
1084565	1084681	INTRON			{GlimmerHMM_glimmerT_4065-T1;GlimmerHMM},{GeneMark_model.4335_t;GeneMark}
1084682	1085936	terminal+	3	3	{GlimmerHMM_glimmerT_4065-T1;GlimmerHMM},{GeneMark_model.4335_t;GeneMark}

# EVM prediction: Mode:STANDARD S-ratio: 2.11 1088480-1091388 orient(-) score(7889.00) noncoding_equivalent(3741.07) raw_noncoding(4180.95) offset(439.88)
1089184	1088480	terminal-	4	6	{snap_scaffold_9-snap.436-T1;snap}
1089242	1089185	INTRON			{GeneMark_model.4336_t;GeneMark},{snap_scaffold_9-snap.436-T1;snap},{GlimmerHMM_glimmerT_4066-T1;GlimmerHMM}
1089422	1089243	internal-	4	6	{GeneMark_model.4336_t;GeneMark}
1089483	1089423	INTRON			{GeneMark_model.4336_t;GeneMark}
1089546	1089484	internal-	4	6	{GeneMark_model.4336_t;GeneMark},{GlimmerHMM_glimmerT_4066-T1;GlimmerHMM}
1089613	1089547	INTRON			{GeneMark_model.4336_t;GeneMark},{GlimmerHMM_glimmerT_4066-T1;GlimmerHMM}
1089834	1089614	internal-	5	6	{GeneMark_model.4336_t;GeneMark},{GlimmerHMM_glimmerT_4066-T1;GlimmerHMM}
1089896	1089835	INTRON			{GeneMark_model.4336_t;GeneMark},{GlimmerHMM_glimmerT_4066-T1;GlimmerHMM}
1091388	1089897	initial-	4	4	{GeneMark_model.4336_t;GeneMark},{GlimmerHMM_glimmerT_4066-T1;GlimmerHMM}

# EVM prediction: Mode:STANDARD S-ratio: 2.51 1091833-1093897 orient(-) score(7307.00) noncoding_equivalent(2905.81) raw_noncoding(3506.53) offset(600.72)
1092119	1091833	terminal-	5	6	{snap_scaffold_9-snap.438-T1;snap},{GlimmerHMM_glimmerT_4067-T1;GlimmerHMM},{GeneMark_model.4337_t;GeneMark}
1092178	1092120	INTRON			{GlimmerHMM_glimmerT_4067-T1;GlimmerHMM},{GeneMark_model.4337_t;GeneMark},{ev_type:exonerate/ID=match.2566964.3590/Target=lcl|KQ954497_1_prot_KWU42948_1_4638;exonerate}
1092260	1092179	internal-	4	4	{GlimmerHMM_glimmerT_4067-T1;GlimmerHMM},{GeneMark_model.4337_t;GeneMark},{ev_type:exonerate/ID=match.2566964.3590/Target=lcl|KQ954497_1_prot_KWU42948_1_4638;exonerate}
1092322	1092261	INTRON			{GlimmerHMM_glimmerT_4067-T1;GlimmerHMM},{GeneMark_model.4337_t;GeneMark},{ev_type:exonerate/ID=match.2566964.3590/Target=lcl|KQ954497_1_prot_KWU42948_1_4638;exonerate}
1092595	1092323	internal-	4	6	{GlimmerHMM_glimmerT_4067-T1;GlimmerHMM},{GeneMark_model.4337_t;GeneMark},{ev_type:exonerate/ID=match.2566964.3590/Target=lcl|KQ954497_1_prot_KWU42948_1_4638;exonerate}
1092659	1092596	INTRON			{GlimmerHMM_glimmerT_4067-T1;GlimmerHMM},{GeneMark_model.4337_t;GeneMark},{ev_type:exonerate/ID=match.2566964.3590/Target=lcl|KQ954497_1_prot_KWU42948_1_4638;exonerate}
1092838	1092660	internal-	5	6	{GlimmerHMM_glimmerT_4067-T1;GlimmerHMM},{GeneMark_model.4337_t;GeneMark},{ev_type:exonerate/ID=match.2566964.3590/Target=lcl|KQ954497_1_prot_KWU42948_1_4638;exonerate}
1092916	1092839	INTRON			{GlimmerHMM_glimmerT_4067-T1;GlimmerHMM},{GeneMark_model.4337_t;GeneMark},{ev_type:exonerate/ID=match.2566964.3590/Target=lcl|KQ954497_1_prot_KWU42948_1_4638;exonerate}
1093291	1092917	internal-	5	4	{GlimmerHMM_glimmerT_4067-T1;GlimmerHMM},{GeneMark_model.4337_t;GeneMark},{ev_type:exonerate/ID=match.2566964.3590/Target=lcl|KQ954497_1_prot_KWU42948_1_4638;exonerate}
1093358	1093292	INTRON			{GlimmerHMM_glimmerT_4067-T1;GlimmerHMM},{GeneMark_model.4337_t;GeneMark},{ev_type:exonerate/ID=match.2566964.3590/Target=lcl|KQ954497_1_prot_KWU42948_1_4638;exonerate}
1093802	1093359	internal-	5	4	{GlimmerHMM_glimmerT_4067-T1;GlimmerHMM},{GeneMark_model.4337_t;GeneMark}
1093869	1093803	INTRON			{GlimmerHMM_glimmerT_4067-T1;GlimmerHMM},{GeneMark_model.4337_t;GeneMark}
1093897	1093870	initial-	4	4	{GlimmerHMM_glimmerT_4067-T1;GlimmerHMM},{GeneMark_model.4337_t;GeneMark}

# EVM prediction: Mode:STANDARD S-ratio: 2.59 1097783-1098840 orient(+) score(2951.00) noncoding_equivalent(1139.00) raw_noncoding(1210.00) offset(71.00)
1097783	1097787	initial+	1	2	{snap_scaffold_9-snap.441-T1;snap}
1097788	1097858	INTRON			{snap_scaffold_9-snap.441-T1;snap}
1097859	1098840	terminal+	3	3	{snap_scaffold_9-snap.441-T1;snap}

