!! Predictions spanning range 1587 - 144091 [R1]
# EVM prediction: Mode:STANDARD S-ratio: 1.48 1587-2837 orient(-) score(3524.00) noncoding_equivalent(2378.75) raw_noncoding(3231.00) offset(852.25) 
1704	1587	terminal-	6	6	{Augustus_model.g2437.t1;Augustus},{GeneMark_model.3172_t;GeneMark},{GlimmerHMM_glimmerT_2969-T1;GlimmerHMM}
1803	1705	INTRON			{Augustus_model.g2437.t1;Augustus},{GeneMark_model.3172_t;GeneMark},{GlimmerHMM_glimmerT_2969-T1;GlimmerHMM}
1882	1804	internal-	5	5	{Augustus_model.g2437.t1;Augustus},{GeneMark_model.3172_t;GeneMark},{GlimmerHMM_glimmerT_2969-T1;GlimmerHMM}
1958	1883	INTRON			{Augustus_model.g2437.t1;Augustus},{GeneMark_model.3172_t;GeneMark},{GlimmerHMM_glimmerT_2969-T1;GlimmerHMM}
2055	1959	internal-	4	4	{Augustus_model.g2437.t1;Augustus},{GeneMark_model.3172_t;GeneMark},{GlimmerHMM_glimmerT_2969-T1;GlimmerHMM}
2122	2056	INTRON			{Augustus_model.g2437.t1;Augustus},{GeneMark_model.3172_t;GeneMark},{GlimmerHMM_glimmerT_2969-T1;GlimmerHMM}
2136	2123	internal-	5	6	{Augustus_model.g2437.t1;Augustus},{GeneMark_model.3172_t;GeneMark},{GlimmerHMM_glimmerT_2969-T1;GlimmerHMM}
2204	2137	INTRON			{Augustus_model.g2437.t1;Augustus},{GeneMark_model.3172_t;GeneMark},{GlimmerHMM_glimmerT_2969-T1;GlimmerHMM}
2318	2205	internal-	5	4	{Augustus_model.g2437.t1;Augustus},{GeneMark_model.3172_t;GeneMark},{GlimmerHMM_glimmerT_2969-T1;GlimmerHMM}
2382	2319	INTRON			{Augustus_model.g2437.t1;Augustus},{GeneMark_model.3172_t;GeneMark},{GlimmerHMM_glimmerT_2969-T1;GlimmerHMM}
2455	2383	internal-	4	4	{Augustus_model.g2437.t1;Augustus},{GeneMark_model.3172_t;GeneMark},{GlimmerHMM_glimmerT_2969-T1;GlimmerHMM}
2601	2456	INTRON			{Augustus_model.g2437.t1;Augustus},{GeneMark_model.3172_t;GeneMark},{GlimmerHMM_glimmerT_2969-T1;GlimmerHMM}
2671	2602	internal-	6	6	{Augustus_model.g2437.t1;Augustus},{GeneMark_model.3172_t;GeneMark},{GlimmerHMM_glimmerT_2969-T1;GlimmerHMM}
2737	2672	INTRON			{Augustus_model.g2437.t1;Augustus},{GeneMark_model.3172_t;GeneMark}
2773	2738	internal-	6	5	{GeneMark_model.3172_t;GeneMark}
2832	2774	INTRON			{GeneMark_model.3172_t;GeneMark}
2837	2833	initial-	4	5	{Augustus_model.g2437.t1;Augustus},{GeneMark_model.3172_t;GeneMark},{GlimmerHMM_glimmerT_2969-T1;GlimmerHMM}

# EVM prediction: Mode:STANDARD S-ratio: 2.43 3064-3745 orient(+) score(2046.00) noncoding_equivalent(842.00) raw_noncoding(928.00) offset(86.00) 
3064	3133	initial+	1	1	{Augustus_model.g2438.t1;Augustus},{GeneMark_model.3173_t;GeneMark},{GlimmerHMM_glimmerT_2970-T1;GlimmerHMM}
3134	3215	INTRON			{Augustus_model.g2438.t1;Augustus},{GeneMark_model.3173_t;GeneMark},{GlimmerHMM_glimmerT_2970-T1;GlimmerHMM}
3216	3745	terminal+	2	3	{Augustus_model.g2438.t1;Augustus},{GeneMark_model.3173_t;GeneMark},{GlimmerHMM_glimmerT_2970-T1;GlimmerHMM}

# EVM prediction: Mode:STANDARD S-ratio: 1.95 4223-5404 orient(-) score(3546.00) noncoding_equivalent(1818.00) raw_noncoding(2154.00) offset(336.00) 
4324	4223	terminal-	4	6	{Augustus_model.g2439.t1;Augustus},{GeneMark_model.3174_t;GeneMark},{GlimmerHMM_glimmerT_2971-T1;GlimmerHMM}
4446	4325	INTRON			{Augustus_model.g2439.t1;Augustus},{GeneMark_model.3174_t;GeneMark},{GlimmerHMM_glimmerT_2971-T1;GlimmerHMM}
4765	4447	internal-	6	6	{Augustus_model.g2439.t1;Augustus},{GeneMark_model.3174_t;GeneMark},{GlimmerHMM_glimmerT_2971-T1;GlimmerHMM}
4882	4766	INTRON			{Augustus_model.g2439.t1;Augustus},{GeneMark_model.3174_t;GeneMark},{GlimmerHMM_glimmerT_2971-T1;GlimmerHMM}
5209	4883	internal-	6	5	{Augustus_model.g2439.t1;Augustus},{GeneMark_model.3174_t;GeneMark},{GlimmerHMM_glimmerT_2971-T1;GlimmerHMM}
5294	5210	INTRON			{Augustus_model.g2439.t1;Augustus},{GeneMark_model.3174_t;GeneMark},{GlimmerHMM_glimmerT_2971-T1;GlimmerHMM}
5404	5295	initial-	4	5	{Augustus_model.g2439.t1;Augustus},{GeneMark_model.3174_t;GeneMark},{GlimmerHMM_glimmerT_2971-T1;GlimmerHMM}

# EVM prediction: Mode:STANDARD S-ratio: 4.52 5705-11534 orient(-) score(19426.00) noncoding_equivalent(4297.95) raw_noncoding(6409.00) offset(2111.05) 
7678	5705	terminal-	4	6	{GlimmerHMM_glimmerT_2972-T1;GlimmerHMM},{GeneMark_model.3175_t;GeneMark},{snap_scaffold_7-snap.69-T1;snap}
8589	7679	INTRON			{GlimmerHMM_glimmerT_2972-T1;GlimmerHMM},{GeneMark_model.3175_t;GeneMark}
8831	8590	internal-	5	6	{GlimmerHMM_glimmerT_2972-T1;GlimmerHMM},{GeneMark_model.3175_t;GeneMark},{Augustus_model.g2441.t1;Augustus}
8902	8832	INTRON			{GlimmerHMM_glimmerT_2972-T1;GlimmerHMM},{GeneMark_model.3175_t;GeneMark},{Augustus_model.g2441.t1;Augustus}
9035	8903	internal-	4	4	{GlimmerHMM_glimmerT_2972-T1;GlimmerHMM},{GeneMark_model.3175_t;GeneMark},{Augustus_model.g2441.t1;Augustus}
9102	9036	INTRON			{GeneMark_model.3175_t;GeneMark},{Augustus_model.g2441.t1;Augustus}
9237	9103	internal-	4	6	{GeneMark_model.3175_t;GeneMark},{Augustus_model.g2441.t1;Augustus}
9309	9238	INTRON			{GlimmerHMM_glimmerT_2972-T1;GlimmerHMM},{GeneMark_model.3175_t;GeneMark},{Augustus_model.g2441.t1;Augustus}
9773	9310	internal-	5	6	{GlimmerHMM_glimmerT_2972-T1;GlimmerHMM},{GeneMark_model.3175_t;GeneMark},{Augustus_model.g2441.t1;Augustus}
9841	9774	INTRON			{GlimmerHMM_glimmerT_2972-T1;GlimmerHMM},{GeneMark_model.3175_t;GeneMark},{Augustus_model.g2441.t1;Augustus}
10973	9842	internal-	4	4	{GeneMark_model.3175_t;GeneMark}
11033	10974	INTRON			{GeneMark_model.3175_t;GeneMark},{Augustus_model.g2441.t1;Augustus}
11534	11034	initial-	4	6	{GeneMark_model.3175_t;GeneMark},{Augustus_model.g2441.t1;Augustus}

# EVM prediction: Mode:STANDARD S-ratio: 1.56 11700-14482 orient(+) score(7060.00) noncoding_equivalent(4516.11) raw_noncoding(6959.00) offset(2442.89) 
11700	11760	initial+	1	1	{GlimmerHMM_glimmerT_2973-T1;GlimmerHMM},{Augustus_model.g2442.t1;Augustus},{GeneMark_model.3176_t;GeneMark}
11761	11860	INTRON			{Augustus_model.g2442.t1;Augustus},{GeneMark_model.3176_t;GeneMark}
11861	11886	internal+	2	3	{Augustus_model.g2442.t1;Augustus},{GeneMark_model.3176_t;GeneMark}
11887	11953	INTRON			{Augustus_model.g2442.t1;Augustus},{GeneMark_model.3176_t;GeneMark}
11954	11966	internal+	1	1	{Augustus_model.g2442.t1;Augustus},{GeneMark_model.3176_t;GeneMark}
11967	12072	INTRON			{Augustus_model.g2442.t1;Augustus},{GeneMark_model.3176_t;GeneMark}
12073	12218	internal+	2	3	{GlimmerHMM_glimmerT_2973-T1;GlimmerHMM},{Augustus_model.g2442.t1;Augustus},{GeneMark_model.3176_t;GeneMark}
12219	12292	INTRON			{Augustus_model.g2442.t1;Augustus},{GeneMark_model.3176_t;GeneMark}
12293	12311	internal+	1	1	{Augustus_model.g2442.t1;Augustus},{GeneMark_model.3176_t;GeneMark}
12312	12378	INTRON			{Augustus_model.g2442.t1;Augustus},{GeneMark_model.3176_t;GeneMark}
12379	12553	internal+	2	2	{Augustus_model.g2442.t1;Augustus},{GeneMark_model.3176_t;GeneMark}
12554	12621	INTRON			{Augustus_model.g2442.t1;Augustus},{GeneMark_model.3176_t;GeneMark}
12622	12654	internal+	3	2	{GlimmerHMM_glimmerT_2973-T1;GlimmerHMM},{Augustus_model.g2442.t1;Augustus},{GeneMark_model.3176_t;GeneMark}
12655	12730	INTRON			{Augustus_model.g2442.t1;Augustus},{GeneMark_model.3176_t;GeneMark}
12731	12787	internal+	3	2	{Augustus_model.g2442.t1;Augustus},{GeneMark_model.3176_t;GeneMark}
12788	12861	INTRON			{Augustus_model.g2442.t1;Augustus},{GeneMark_model.3176_t;GeneMark}
12862	13114	internal+	3	3	{GlimmerHMM_glimmerT_2973-T1;GlimmerHMM},{Augustus_model.g2442.t1;Augustus},{GeneMark_model.3176_t;GeneMark}
13115	13235	INTRON			{GlimmerHMM_glimmerT_2973-T1;GlimmerHMM},{Augustus_model.g2442.t1;Augustus},{GeneMark_model.3176_t;GeneMark}
13236	13375	internal+	1	2	{GlimmerHMM_glimmerT_2973-T1;GlimmerHMM},{Augustus_model.g2442.t1;Augustus},{GeneMark_model.3176_t;GeneMark}
13376	13485	INTRON			{GlimmerHMM_glimmerT_2973-T1;GlimmerHMM},{Augustus_model.g2442.t1;Augustus},{GeneMark_model.3176_t;GeneMark}
13486	13806	internal+	3	2	{GlimmerHMM_glimmerT_2973-T1;GlimmerHMM},{Augustus_model.g2442.t1;Augustus},{GeneMark_model.3176_t;GeneMark}
13807	13888	INTRON			{Augustus_model.g2442.t1;Augustus},{GeneMark_model.3176_t;GeneMark}
13889	13911	internal+	3	1	{Augustus_model.g2442.t1;Augustus},{GeneMark_model.3176_t;GeneMark}
13912	13986	INTRON			{Augustus_model.g2442.t1;Augustus},{GeneMark_model.3176_t;GeneMark}
13987	13999	internal+	2	2	{Augustus_model.g2442.t1;Augustus},{GeneMark_model.3176_t;GeneMark}
14000	14110	INTRON			{Augustus_model.g2442.t1;Augustus},{GeneMark_model.3176_t;GeneMark}
14111	14187	internal+	3	1	{GlimmerHMM_glimmerT_2973-T1;GlimmerHMM},{Augustus_model.g2442.t1;Augustus},{GeneMark_model.3176_t;GeneMark}
14188	14384	INTRON			{Augustus_model.g2442.t1;Augustus},{GeneMark_model.3176_t;GeneMark}
14385	14482	terminal+	2	3	{Augustus_model.g2442.t1;Augustus},{GeneMark_model.3176_t;GeneMark}

# EVM prediction: Mode:STANDARD S-ratio: 4.19 14897-15366 orient(-) score(2080.00) noncoding_equivalent(497.00) raw_noncoding(557.00) offset(60.00) 
14947	14897	terminal-	4	6	{GeneMark_model.3177_t;GeneMark},{Augustus_model.g2443.t1;Augustus},{GlimmerHMM_glimmerT_2974-T1;GlimmerHMM}
15038	14948	INTRON			{GeneMark_model.3177_t;GeneMark},{Augustus_model.g2443.t1;Augustus},{GlimmerHMM_glimmerT_2974-T1;GlimmerHMM},{ev_type:exonerate/ID=match.2566964.2957/Target=lcl|PJQD01000019_1_prot_POY75140_1_1625;exonerate}
15302	15039	internal-	4	6	{GeneMark_model.3177_t;GeneMark},{Augustus_model.g2443.t1;Augustus},{GlimmerHMM_glimmerT_2974-T1;GlimmerHMM}
15363	15303	INTRON			{GeneMark_model.3177_t;GeneMark},{Augustus_model.g2443.t1;Augustus},{GlimmerHMM_glimmerT_2974-T1;GlimmerHMM}
15366	15364	initial-	4	6	{GeneMark_model.3177_t;GeneMark},{Augustus_model.g2443.t1;Augustus},{GlimmerHMM_glimmerT_2974-T1;GlimmerHMM}

# EVM prediction: Mode:STANDARD S-ratio: 20.08 15574-17516 orient(+) score(16480.00) noncoding_equivalent(820.73) raw_noncoding(1106.00) offset(285.27) 
15574	15657	initial+	1	3	{Augustus_model.g2444.t1;Augustus},{GeneMark_model.3178_t;GeneMark}
15658	15732	INTRON			{Augustus_model.g2444.t1;Augustus},{GeneMark_model.3178_t;GeneMark},{ev_type:exonerate/ID=match.2566964.2792/Target=lcl|LCTV02000012_1_prot_PRQ71295_1_1785;exonerate},{ev_type:exonerate/ID=match.2566964.2778/Target=lcl|KQ954465_1_prot_KWU47248_1_670;exonerate},{ev_type:exonerate/ID=match.2566964.2785/Target=lcl|NW_017264934_1_prot_XP_018270966_1_3933;exonerate}
15733	15864	internal+	1	3	{Augustus_model.g2444.t1;Augustus},{GeneMark_model.3178_t;GeneMark},{GlimmerHMM_glimmerT_2975-T1;GlimmerHMM},{ev_type:exonerate/ID=match.2566964.2792/Target=lcl|LCTV02000012_1_prot_PRQ71295_1_1785;exonerate},{ev_type:exonerate/ID=match.2566964.2778/Target=lcl|KQ954465_1_prot_KWU47248_1_670;exonerate},{ev_type:exonerate/ID=match.2566964.2785/Target=lcl|NW_017264934_1_prot_XP_018270966_1_3933;exonerate}
15865	15926	INTRON			{Augustus_model.g2444.t1;Augustus},{GeneMark_model.3178_t;GeneMark},{GlimmerHMM_glimmerT_2975-T1;GlimmerHMM},{ev_type:exonerate/ID=match.2566964.2774/Target=lcl|PJQD01000019_1_prot_POY75141_1_1626;exonerate},{ev_type:exonerate/ID=match.2566964.2792/Target=lcl|LCTV02000012_1_prot_PRQ71295_1_1785;exonerate},{ev_type:exonerate/ID=match.2566964.2782/Target=lcl|BJWK01000009_1_prot_GEM09851_1_3868;exonerate},{ev_type:exonerate/ID=match.2566964.2778/Target=lcl|KQ954465_1_prot_KWU47248_1_670;exonerate},{ev_type:exonerate/ID=match.2566964.2785/Target=lcl|NW_017264934_1_prot_XP_018270966_1_3933;exonerate}
15927	15997	internal+	1	2	{Augustus_model.g2444.t1;Augustus},{GeneMark_model.3178_t;GeneMark},{GlimmerHMM_glimmerT_2975-T1;GlimmerHMM},{ev_type:exonerate/ID=match.2566964.2774/Target=lcl|PJQD01000019_1_prot_POY75141_1_1626;exonerate},{ev_type:exonerate/ID=match.2566964.2792/Target=lcl|LCTV02000012_1_prot_PRQ71295_1_1785;exonerate},{ev_type:exonerate/ID=match.2566964.2782/Target=lcl|BJWK01000009_1_prot_GEM09851_1_3868;exonerate},{ev_type:exonerate/ID=match.2566964.2778/Target=lcl|KQ954465_1_prot_KWU47248_1_670;exonerate},{ev_type:exonerate/ID=match.2566964.2785/Target=lcl|NW_017264934_1_prot_XP_018270966_1_3933;exonerate}
15998	16060	INTRON			{Augustus_model.g2444.t1;Augustus},{GeneMark_model.3178_t;GeneMark},{GlimmerHMM_glimmerT_2975-T1;GlimmerHMM},{ev_type:exonerate/ID=match.2566964.2774/Target=lcl|PJQD01000019_1_prot_POY75141_1_1626;exonerate},{ev_type:exonerate/ID=match.2566964.2792/Target=lcl|LCTV02000012_1_prot_PRQ71295_1_1785;exonerate},{ev_type:exonerate/ID=match.2566964.2782/Target=lcl|BJWK01000009_1_prot_GEM09851_1_3868;exonerate},{ev_type:exonerate/ID=match.2566964.2778/Target=lcl|KQ954465_1_prot_KWU47248_1_670;exonerate},{ev_type:exonerate/ID=match.2566964.2785/Target=lcl|NW_017264934_1_prot_XP_018270966_1_3933;exonerate}
16061	17516	terminal+	3	3	{Augustus_model.g2444.t1;Augustus},{GeneMark_model.3178_t;GeneMark},{GlimmerHMM_glimmerT_2975-T1;GlimmerHMM},{snap_scaffold_7-snap.73-T1;snap}

# EVM prediction: Mode:STANDARD S-ratio: 1.70 17945-19447 orient(+) score(3964.00) noncoding_equivalent(2326.85) raw_noncoding(3336.00) offset(1009.15) 
17945	18069	initial+	1	2	{GeneMark_model.3179_t;GeneMark},{Augustus_model.g2445.t1;Augustus}
18070	18152	INTRON			{GeneMark_model.3179_t;GeneMark},{Augustus_model.g2445.t1;Augustus}
18153	18159	internal+	3	3	{GeneMark_model.3179_t;GeneMark},{Augustus_model.g2445.t1;Augustus}
18160	18250	INTRON			{GeneMark_model.3179_t;GeneMark},{Augustus_model.g2445.t1;Augustus}
18251	18439	internal+	1	3	{GlimmerHMM_glimmerT_2976-T1;GlimmerHMM},{GeneMark_model.3179_t;GeneMark},{Augustus_model.g2445.t1;Augustus}
18440	18508	INTRON			{GeneMark_model.3179_t;GeneMark},{Augustus_model.g2445.t1;Augustus}
18509	18524	internal+	1	1	{GeneMark_model.3179_t;GeneMark},{Augustus_model.g2445.t1;Augustus}
18525	18609	INTRON			{GeneMark_model.3179_t;GeneMark},{Augustus_model.g2445.t1;Augustus}
18610	18675	internal+	2	1	{GlimmerHMM_glimmerT_2976-T1;GlimmerHMM},{GeneMark_model.3179_t;GeneMark},{Augustus_model.g2445.t1;Augustus}
18676	18744	INTRON			{GlimmerHMM_glimmerT_2976-T1;GlimmerHMM},{GeneMark_model.3179_t;GeneMark},{Augustus_model.g2445.t1;Augustus}
18745	19063	internal+	2	2	{GeneMark_model.3179_t;GeneMark},{Augustus_model.g2445.t1;Augustus}
19064	19138	INTRON			{GeneMark_model.3179_t;GeneMark},{Augustus_model.g2445.t1;Augustus}
19139	19196	internal+	3	3	{GeneMark_model.3179_t;GeneMark},{Augustus_model.g2445.t1;Augustus}
19197	19275	INTRON			{GlimmerHMM_glimmerT_2976-T1;GlimmerHMM},{GeneMark_model.3179_t;GeneMark},{Augustus_model.g2445.t1;Augustus}
19276	19354	internal+	1	1	{GeneMark_model.3179_t;GeneMark},{Augustus_model.g2445.t1;Augustus}
19355	19436	INTRON			{GeneMark_model.3179_t;GeneMark},{Augustus_model.g2445.t1;Augustus}
19437	19447	terminal+	2	3	{GlimmerHMM_glimmerT_2976-T1;GlimmerHMM},{GeneMark_model.3179_t;GeneMark},{Augustus_model.g2445.t1;Augustus}

# EVM prediction: Mode:STANDARD S-ratio: 3.40 20129-21077 orient(-) score(4512.00) noncoding_equivalent(1327.55) raw_noncoding(1961.78) offset(634.23) 
20240	20129	terminal-	6	6	{Augustus_model.g2446.t1;Augustus},{GeneMark_model.3180_t;GeneMark},{GlimmerHMM_glimmerT_2977-T1;GlimmerHMM}
20327	20241	INTRON			{Augustus_model.g2446.t1;Augustus},{GeneMark_model.3180_t;GeneMark},{GlimmerHMM_glimmerT_2977-T1;GlimmerHMM},{ev_type:exonerate/ID=match.2566964.1417/Target=lcl|KQ954465_1_prot_KWU47246_1_668;exonerate},{ev_type:exonerate/ID=match.2566964.1416/Target=lcl|LCTV02000012_1_prot_PRQ71299_1_1789;exonerate}
20556	20328	internal-	5	5	{Augustus_model.g2446.t1;Augustus},{GeneMark_model.3180_t;GeneMark},{GlimmerHMM_glimmerT_2977-T1;GlimmerHMM},{ev_type:exonerate/ID=match.2566964.1417/Target=lcl|KQ954465_1_prot_KWU47246_1_668;exonerate},{ev_type:exonerate/ID=match.2566964.1416/Target=lcl|LCTV02000012_1_prot_PRQ71299_1_1789;exonerate}
20756	20557	INTRON			{Augustus_model.g2446.t1;Augustus},{GeneMark_model.3180_t;GeneMark},{GlimmerHMM_glimmerT_2977-T1;GlimmerHMM},{ev_type:exonerate/ID=match.2566964.1417/Target=lcl|KQ954465_1_prot_KWU47246_1_668;exonerate},{ev_type:exonerate/ID=match.2566964.1416/Target=lcl|LCTV02000012_1_prot_PRQ71299_1_1789;exonerate}
20858	20757	internal-	5	4	{Augustus_model.g2446.t1;Augustus},{GeneMark_model.3180_t;GeneMark},{ev_type:exonerate/ID=match.2566964.1416/Target=lcl|LCTV02000012_1_prot_PRQ71299_1_1789;exonerate}
20987	20859	INTRON			{Augustus_model.g2446.t1;Augustus},{GeneMark_model.3180_t;GeneMark},{ev_type:exonerate/ID=match.2566964.1416/Target=lcl|LCTV02000012_1_prot_PRQ71299_1_1789;exonerate}
21012	20988	internal-	4	4	{Augustus_model.g2446.t1;Augustus},{GeneMark_model.3180_t;GeneMark}
21074	21013	INTRON			{GeneMark_model.3180_t;GeneMark}
21077	21075	initial-	4	6	{GeneMark_model.3180_t;GeneMark}

# EVM prediction: Mode:STANDARD S-ratio: 5.71 22312-22952 orient(+) score(4316.00) noncoding_equivalent(756.14) raw_noncoding(770.14) offset(14.00) 
22312	22352	initial+	1	2	{Augustus_model.g2447.t1;Augustus},{GeneMark_model.3181_t;GeneMark}
22353	22474	INTRON			{snap_scaffold_7-snap.75-T1;snap},{GlimmerHMM_glimmerT_2978-T1;GlimmerHMM},{Augustus_model.g2447.t1;Augustus},{GeneMark_model.3181_t;GeneMark},{ev_type:exonerate/ID=match.2566964.2916/Target=lcl|KQ954465_1_prot_KWU47245_1_667;exonerate},{ev_type:exonerate/ID=match.2566964.2921/Target=lcl|NW_017264934_1_prot_XP_018270960_1_3927;exonerate},{ev_type:exonerate/ID=match.2566964.2915/Target=lcl|PJQD01000019_1_prot_POY75145_1_1630;exonerate}
22475	22575	internal+	3	1	{GlimmerHMM_glimmerT_2978-T1;GlimmerHMM},{Augustus_model.g2447.t1;Augustus},{GeneMark_model.3181_t;GeneMark},{ev_type:exonerate/ID=match.2566964.2916/Target=lcl|KQ954465_1_prot_KWU47245_1_667;exonerate},{ev_type:exonerate/ID=match.2566964.2921/Target=lcl|NW_017264934_1_prot_XP_018270960_1_3927;exonerate},{ev_type:exonerate/ID=match.2566964.2915/Target=lcl|PJQD01000019_1_prot_POY75145_1_1630;exonerate}
22576	22638	INTRON			{GlimmerHMM_glimmerT_2978-T1;GlimmerHMM},{Augustus_model.g2447.t1;Augustus},{GeneMark_model.3181_t;GeneMark},{ev_type:exonerate/ID=match.2566964.2916/Target=lcl|KQ954465_1_prot_KWU47245_1_667;exonerate},{ev_type:exonerate/ID=match.2566964.2921/Target=lcl|NW_017264934_1_prot_XP_018270960_1_3927;exonerate},{ev_type:exonerate/ID=match.2566964.2915/Target=lcl|PJQD01000019_1_prot_POY75145_1_1630;exonerate}
22639	22952	terminal+	2	3	{GeneMark_model.3181_t;GeneMark}

# EVM prediction: Mode:STANDARD S-ratio: 1.82 23117-24337 orient(+) score(3249.00) noncoding_equivalent(1784.57) raw_noncoding(2095.14) offset(310.58) 
23117	23236	initial+	1	3	{GeneMark_model.3182_t;GeneMark}
23237	23293	INTRON			{GeneMark_model.3182_t;GeneMark}
23294	23452	internal+	1	3	{GeneMark_model.3182_t;GeneMark}
23453	23522	INTRON			{GlimmerHMM_glimmerT_2978-T1;GlimmerHMM},{Augustus_model.g2447.t1;Augustus},{GeneMark_model.3182_t;GeneMark}
23523	24204	internal+	1	1	{GlimmerHMM_glimmerT_2978-T1;GlimmerHMM},{Augustus_model.g2447.t1;Augustus},{GeneMark_model.3182_t;GeneMark}
24205	24269	INTRON			{GlimmerHMM_glimmerT_2978-T1;GlimmerHMM},{Augustus_model.g2447.t1;Augustus},{GeneMark_model.3182_t;GeneMark}
24270	24337	terminal+	2	3	{GlimmerHMM_glimmerT_2978-T1;GlimmerHMM},{Augustus_model.g2447.t1;Augustus},{GeneMark_model.3182_t;GeneMark}

# EVM prediction: Mode:STANDARD S-ratio: 4.57 24508-26662 orient(+) score(11113.00) noncoding_equivalent(2429.34) raw_noncoding(2869.00) offset(439.66) 
24508	24888	initial+	1	3	{GeneMark_model.3183_t;GeneMark},{Augustus_model.g2448.t1;Augustus},{GlimmerHMM_glimmerT_2979-T1;GlimmerHMM}
24889	24952	INTRON			{GeneMark_model.3183_t;GeneMark},{Augustus_model.g2448.t1;Augustus},{GlimmerHMM_glimmerT_2979-T1;GlimmerHMM},{ev_type:exonerate/ID=match.2566964.2812/Target=lcl|PJQD01000019_1_prot_POY75147_1_1632;exonerate},{ev_type:exonerate/ID=match.2566964.2826/Target=lcl|KQ954465_1_prot_KWU47243_1_665;exonerate}
24953	25084	internal+	1	3	{GeneMark_model.3183_t;GeneMark},{Augustus_model.g2448.t1;Augustus},{GlimmerHMM_glimmerT_2979-T1;GlimmerHMM},{ev_type:exonerate/ID=match.2566964.2812/Target=lcl|PJQD01000019_1_prot_POY75147_1_1632;exonerate},{ev_type:exonerate/ID=match.2566964.2826/Target=lcl|KQ954465_1_prot_KWU47243_1_665;exonerate}
25085	25152	INTRON			{GeneMark_model.3183_t;GeneMark},{Augustus_model.g2448.t1;Augustus},{GlimmerHMM_glimmerT_2979-T1;GlimmerHMM},{ev_type:exonerate/ID=match.2566964.2812/Target=lcl|PJQD01000019_1_prot_POY75147_1_1632;exonerate},{ev_type:exonerate/ID=match.2566964.2826/Target=lcl|KQ954465_1_prot_KWU47243_1_665;exonerate}
25153	25416	internal+	1	3	{GeneMark_model.3183_t;GeneMark},{Augustus_model.g2448.t1;Augustus},{GlimmerHMM_glimmerT_2979-T1;GlimmerHMM},{ev_type:exonerate/ID=match.2566964.2812/Target=lcl|PJQD01000019_1_prot_POY75147_1_1632;exonerate},{ev_type:exonerate/ID=match.2566964.2826/Target=lcl|KQ954465_1_prot_KWU47243_1_665;exonerate}
25417	25483	INTRON			{GeneMark_model.3183_t;GeneMark},{Augustus_model.g2448.t1;Augustus},{GlimmerHMM_glimmerT_2979-T1;GlimmerHMM},{ev_type:exonerate/ID=match.2566964.2812/Target=lcl|PJQD01000019_1_prot_POY75147_1_1632;exonerate},{ev_type:exonerate/ID=match.2566964.2826/Target=lcl|KQ954465_1_prot_KWU47243_1_665;exonerate}
25484	25624	internal+	1	3	{GeneMark_model.3183_t;GeneMark},{Augustus_model.g2448.t1;Augustus},{GlimmerHMM_glimmerT_2979-T1;GlimmerHMM},{ev_type:exonerate/ID=match.2566964.2812/Target=lcl|PJQD01000019_1_prot_POY75147_1_1632;exonerate},{ev_type:exonerate/ID=match.2566964.2826/Target=lcl|KQ954465_1_prot_KWU47243_1_665;exonerate}
25625	25687	INTRON			{GeneMark_model.3183_t;GeneMark},{Augustus_model.g2448.t1;Augustus},{GlimmerHMM_glimmerT_2979-T1;GlimmerHMM},{ev_type:exonerate/ID=match.2566964.2812/Target=lcl|PJQD01000019_1_prot_POY75147_1_1632;exonerate},{ev_type:exonerate/ID=match.2566964.2826/Target=lcl|KQ954465_1_prot_KWU47243_1_665;exonerate}
25688	26019	internal+	1	2	{GeneMark_model.3183_t;GeneMark},{Augustus_model.g2448.t1;Augustus},{GlimmerHMM_glimmerT_2979-T1;GlimmerHMM},{ev_type:exonerate/ID=match.2566964.2812/Target=lcl|PJQD01000019_1_prot_POY75147_1_1632;exonerate},{ev_type:exonerate/ID=match.2566964.2826/Target=lcl|KQ954465_1_prot_KWU47243_1_665;exonerate}
26020	26093	INTRON			{GeneMark_model.3183_t;GeneMark},{Augustus_model.g2448.t1;Augustus},{GlimmerHMM_glimmerT_2979-T1;GlimmerHMM},{ev_type:exonerate/ID=match.2566964.2812/Target=lcl|PJQD01000019_1_prot_POY75147_1_1632;exonerate},{ev_type:exonerate/ID=match.2566964.2826/Target=lcl|KQ954465_1_prot_KWU47243_1_665;exonerate}
26094	26269	internal+	3	1	{GeneMark_model.3183_t;GeneMark},{Augustus_model.g2448.t1;Augustus},{GlimmerHMM_glimmerT_2979-T1;GlimmerHMM},{ev_type:exonerate/ID=match.2566964.2812/Target=lcl|PJQD01000019_1_prot_POY75147_1_1632;exonerate},{ev_type:exonerate/ID=match.2566964.2826/Target=lcl|KQ954465_1_prot_KWU47243_1_665;exonerate}
26270	26337	INTRON			{GeneMark_model.3183_t;GeneMark},{Augustus_model.g2448.t1;Augustus},{GlimmerHMM_glimmerT_2979-T1;GlimmerHMM},{ev_type:exonerate/ID=match.2566964.2812/Target=lcl|PJQD01000019_1_prot_POY75147_1_1632;exonerate},{ev_type:exonerate/ID=match.2566964.2826/Target=lcl|KQ954465_1_prot_KWU47243_1_665;exonerate}
26338	26445	internal+	2	1	{GeneMark_model.3183_t;GeneMark},{Augustus_model.g2448.t1;Augustus},{GlimmerHMM_glimmerT_2979-T1;GlimmerHMM},{ev_type:exonerate/ID=match.2566964.2812/Target=lcl|PJQD01000019_1_prot_POY75147_1_1632;exonerate},{ev_type:exonerate/ID=match.2566964.2826/Target=lcl|KQ954465_1_prot_KWU47243_1_665;exonerate}
26446	26507	INTRON			{GeneMark_model.3183_t;GeneMark},{Augustus_model.g2448.t1;Augustus},{GlimmerHMM_glimmerT_2979-T1;GlimmerHMM},{ev_type:exonerate/ID=match.2566964.2812/Target=lcl|PJQD01000019_1_prot_POY75147_1_1632;exonerate},{ev_type:exonerate/ID=match.2566964.2826/Target=lcl|KQ954465_1_prot_KWU47243_1_665;exonerate}
26508	26662	terminal+	2	3	{GeneMark_model.3183_t;GeneMark},{Augustus_model.g2448.t1;Augustus},{GlimmerHMM_glimmerT_2979-T1;GlimmerHMM}

# EVM prediction: Mode:STANDARD S-ratio: 2.73 26928-29661 orient(+) score(8428.00) noncoding_equivalent(3082.00) raw_noncoding(4261.00) offset(1179.00) 
26928	27813	initial+	1	1	{GeneMark_model.3184_t;GeneMark},{Augustus_model.g2449.t1;Augustus},{GlimmerHMM_glimmerT_2980-T1;GlimmerHMM}
27814	28473	INTRON			{Augustus_model.g2449.t1;Augustus},{GlimmerHMM_glimmerT_2980-T1;GlimmerHMM}
28474	28595	internal+	2	3	{GeneMark_model.3184_t;GeneMark},{Augustus_model.g2449.t1;Augustus},{GlimmerHMM_glimmerT_2980-T1;GlimmerHMM}
28596	28655	INTRON			{GeneMark_model.3184_t;GeneMark},{Augustus_model.g2449.t1;Augustus},{GlimmerHMM_glimmerT_2980-T1;GlimmerHMM}
28656	28790	internal+	1	3	{GeneMark_model.3184_t;GeneMark},{Augustus_model.g2449.t1;Augustus},{GlimmerHMM_glimmerT_2980-T1;GlimmerHMM}
28791	28843	INTRON			{GeneMark_model.3184_t;GeneMark},{Augustus_model.g2449.t1;Augustus},{GlimmerHMM_glimmerT_2980-T1;GlimmerHMM}
28844	28928	internal+	1	1	{GeneMark_model.3184_t;GeneMark},{Augustus_model.g2449.t1;Augustus},{GlimmerHMM_glimmerT_2980-T1;GlimmerHMM}
28929	28993	INTRON			{GeneMark_model.3184_t;GeneMark},{Augustus_model.g2449.t1;Augustus},{GlimmerHMM_glimmerT_2980-T1;GlimmerHMM}
28994	29126	internal+	2	2	{GeneMark_model.3184_t;GeneMark},{Augustus_model.g2449.t1;Augustus},{GlimmerHMM_glimmerT_2980-T1;GlimmerHMM}
29127	29183	INTRON			{GeneMark_model.3184_t;GeneMark},{Augustus_model.g2449.t1;Augustus},{GlimmerHMM_glimmerT_2980-T1;GlimmerHMM}
29184	29435	internal+	3	2	{GeneMark_model.3184_t;GeneMark},{Augustus_model.g2449.t1;Augustus},{GlimmerHMM_glimmerT_2980-T1;GlimmerHMM}
29436	29498	INTRON			{GeneMark_model.3184_t;GeneMark},{Augustus_model.g2449.t1;Augustus},{GlimmerHMM_glimmerT_2980-T1;GlimmerHMM}
29499	29661	terminal+	3	3	{GeneMark_model.3184_t;GeneMark},{Augustus_model.g2449.t1;Augustus},{GlimmerHMM_glimmerT_2980-T1;GlimmerHMM}

# EVM prediction: Mode:STANDARD S-ratio: 2.27 29689-31906 orient(-) score(6353.00) noncoding_equivalent(2804.64) raw_noncoding(3475.00) offset(670.36) 
30669	29689	terminal-	4	6	{GeneMark_model.3185_t;GeneMark},{Augustus_model.g2450.t1;Augustus}
30726	30670	INTRON			{GeneMark_model.3185_t;GeneMark},{GlimmerHMM_glimmerT_2981-T1;GlimmerHMM},{Augustus_model.g2450.t1;Augustus}
30865	30727	internal-	6	6	{GeneMark_model.3185_t;GeneMark},{Augustus_model.g2450.t1;Augustus}
30939	30866	INTRON			{Augustus_model.g2450.t1;Augustus}
31013	30940	internal-	4	5	{Augustus_model.g2450.t1;Augustus}
31077	31014	INTRON			{GeneMark_model.3185_t;GeneMark},{Augustus_model.g2450.t1;Augustus}
31091	31078	internal-	5	6	{GeneMark_model.3185_t;GeneMark},{Augustus_model.g2450.t1;Augustus}
31150	31092	INTRON			{GeneMark_model.3185_t;GeneMark},{Augustus_model.g2450.t1;Augustus}
31263	31151	internal-	6	4	{GeneMark_model.3185_t;GeneMark},{GlimmerHMM_glimmerT_2981-T1;GlimmerHMM},{Augustus_model.g2450.t1;Augustus}
31375	31264	INTRON			{GeneMark_model.3185_t;GeneMark},{GlimmerHMM_glimmerT_2981-T1;GlimmerHMM},{Augustus_model.g2450.t1;Augustus}
31604	31376	internal-	5	5	{GeneMark_model.3185_t;GeneMark},{GlimmerHMM_glimmerT_2981-T1;GlimmerHMM},{Augustus_model.g2450.t1;Augustus}
31659	31605	INTRON			{GeneMark_model.3185_t;GeneMark},{GlimmerHMM_glimmerT_2981-T1;GlimmerHMM},{Augustus_model.g2450.t1;Augustus}
31906	31660	initial-	4	4	{GeneMark_model.3185_t;GeneMark},{GlimmerHMM_glimmerT_2981-T1;GlimmerHMM}

# EVM prediction: Mode:STANDARD S-ratio: 2.67 32278-34948 orient(-) score(8830.00) noncoding_equivalent(3311.59) raw_noncoding(3929.12) offset(617.53) 
32399	32278	terminal-	5	6	{GeneMark_model.3186_t;GeneMark},{GlimmerHMM_glimmerT_2982-T1;GlimmerHMM}
32472	32400	INTRON			{GeneMark_model.3186_t;GeneMark},{Augustus_model.g2450.t1;Augustus},{GlimmerHMM_glimmerT_2982-T1;GlimmerHMM}
32523	32473	internal-	5	4	{GeneMark_model.3186_t;GeneMark},{Augustus_model.g2450.t1;Augustus},{GlimmerHMM_glimmerT_2982-T1;GlimmerHMM}
32598	32524	INTRON			{GeneMark_model.3186_t;GeneMark},{Augustus_model.g2450.t1;Augustus},{GlimmerHMM_glimmerT_2982-T1;GlimmerHMM}
32682	32599	internal-	5	4	{GeneMark_model.3186_t;GeneMark},{Augustus_model.g2450.t1;Augustus},{GlimmerHMM_glimmerT_2982-T1;GlimmerHMM}
32765	32683	INTRON			{GeneMark_model.3186_t;GeneMark},{Augustus_model.g2450.t1;Augustus},{GlimmerHMM_glimmerT_2982-T1;GlimmerHMM}
32813	32766	internal-	5	4	{GeneMark_model.3186_t;GeneMark},{Augustus_model.g2450.t1;Augustus},{GlimmerHMM_glimmerT_2982-T1;GlimmerHMM}
32882	32814	INTRON			{GeneMark_model.3186_t;GeneMark},{Augustus_model.g2450.t1;Augustus},{GlimmerHMM_glimmerT_2982-T1;GlimmerHMM}
32901	32883	internal-	4	4	{GeneMark_model.3186_t;GeneMark},{Augustus_model.g2450.t1;Augustus},{GlimmerHMM_glimmerT_2982-T1;GlimmerHMM}
32973	32902	INTRON			{GeneMark_model.3186_t;GeneMark},{Augustus_model.g2450.t1;Augustus},{GlimmerHMM_glimmerT_2982-T1;GlimmerHMM}
33100	32974	internal-	6	6	{GeneMark_model.3186_t;GeneMark},{Augustus_model.g2450.t1;Augustus},{GlimmerHMM_glimmerT_2982-T1;GlimmerHMM}
33171	33101	INTRON			{GeneMark_model.3186_t;GeneMark},{Augustus_model.g2450.t1;Augustus},{GlimmerHMM_glimmerT_2982-T1;GlimmerHMM}
33540	33172	internal-	6	5	{GeneMark_model.3186_t;GeneMark},{Augustus_model.g2450.t1;Augustus},{GlimmerHMM_glimmerT_2982-T1;GlimmerHMM}
33598	33541	INTRON			{snap_scaffold_7-snap.80-T1;snap},{GeneMark_model.3186_t;GeneMark},{Augustus_model.g2450.t1;Augustus},{GlimmerHMM_glimmerT_2982-T1;GlimmerHMM}
33923	33599	internal-	5	5	{GeneMark_model.3186_t;GeneMark},{Augustus_model.g2450.t1;Augustus},{GlimmerHMM_glimmerT_2982-T1;GlimmerHMM}
33984	33924	INTRON			{GeneMark_model.3186_t;GeneMark},{Augustus_model.g2450.t1;Augustus},{GlimmerHMM_glimmerT_2982-T1;GlimmerHMM}
34345	33985	internal-	4	4	{GeneMark_model.3186_t;GeneMark},{Augustus_model.g2450.t1;Augustus},{GlimmerHMM_glimmerT_2982-T1;GlimmerHMM}
34413	34346	INTRON			{GeneMark_model.3186_t;GeneMark},{Augustus_model.g2450.t1;Augustus},{GlimmerHMM_glimmerT_2982-T1;GlimmerHMM}
34742	34414	internal-	5	6	{GeneMark_model.3186_t;GeneMark},{Augustus_model.g2450.t1;Augustus},{GlimmerHMM_glimmerT_2982-T1;GlimmerHMM}
34806	34743	INTRON			{GeneMark_model.3186_t;GeneMark},{Augustus_model.g2450.t1;Augustus},{GlimmerHMM_glimmerT_2982-T1;GlimmerHMM}
34948	34807	initial-	4	4	{GeneMark_model.3186_t;GeneMark},{Augustus_model.g2450.t1;Augustus},{GlimmerHMM_glimmerT_2982-T1;GlimmerHMM}

# EVM prediction: Mode:STANDARD S-ratio: 2.99 35258-36636 orient(+) score(5923.00) noncoding_equivalent(1980.07) raw_noncoding(2228.07) offset(248.00) 
35258	35336	initial+	1	1	{GeneMark_model.3187_t;GeneMark},{Augustus_model.g2451.t1;Augustus},{GlimmerHMM_glimmerT_2983-T1;GlimmerHMM}
35337	35411	INTRON			{GeneMark_model.3187_t;GeneMark},{Augustus_model.g2451.t1;Augustus},{GlimmerHMM_glimmerT_2983-T1;GlimmerHMM},{ev_type:exonerate/ID=match.2566964.2863/Target=lcl|PJQD01000019_1_prot_POY75149_1_1634;exonerate}
35412	35580	internal+	2	2	{GeneMark_model.3187_t;GeneMark},{Augustus_model.g2451.t1;Augustus},{GlimmerHMM_glimmerT_2983-T1;GlimmerHMM},{ev_type:exonerate/ID=match.2566964.2863/Target=lcl|PJQD01000019_1_prot_POY75149_1_1634;exonerate}
35581	35648	INTRON			{GeneMark_model.3187_t;GeneMark},{Augustus_model.g2451.t1;Augustus},{GlimmerHMM_glimmerT_2983-T1;GlimmerHMM},{ev_type:exonerate/ID=match.2566964.2863/Target=lcl|PJQD01000019_1_prot_POY75149_1_1634;exonerate}
35649	35734	internal+	3	1	{GeneMark_model.3187_t;GeneMark},{Augustus_model.g2451.t1;Augustus},{GlimmerHMM_glimmerT_2983-T1;GlimmerHMM},{ev_type:exonerate/ID=match.2566964.2863/Target=lcl|PJQD01000019_1_prot_POY75149_1_1634;exonerate}
35735	35813	INTRON			{GeneMark_model.3187_t;GeneMark},{Augustus_model.g2451.t1;Augustus},{GlimmerHMM_glimmerT_2983-T1;GlimmerHMM},{ev_type:exonerate/ID=match.2566964.2863/Target=lcl|PJQD01000019_1_prot_POY75149_1_1634;exonerate}
35814	36097	internal+	2	3	{GeneMark_model.3187_t;GeneMark},{Augustus_model.g2451.t1;Augustus},{GlimmerHMM_glimmerT_2983-T1;GlimmerHMM},{ev_type:exonerate/ID=match.2566964.2863/Target=lcl|PJQD01000019_1_prot_POY75149_1_1634;exonerate}
36098	36189	INTRON			{GeneMark_model.3187_t;GeneMark},{Augustus_model.g2451.t1;Augustus},{snap_scaffold_7-snap.82-T1;snap},{GlimmerHMM_glimmerT_2983-T1;GlimmerHMM},{ev_type:exonerate/ID=match.2566964.2863/Target=lcl|PJQD01000019_1_prot_POY75149_1_1634;exonerate}
36190	36251	internal+	1	2	{GeneMark_model.3187_t;GeneMark},{Augustus_model.g2451.t1;Augustus},{GlimmerHMM_glimmerT_2983-T1;GlimmerHMM},{ev_type:exonerate/ID=match.2566964.2863/Target=lcl|PJQD01000019_1_prot_POY75149_1_1634;exonerate}
36252	36365	INTRON			{GeneMark_model.3187_t;GeneMark},{Augustus_model.g2451.t1;Augustus},{GlimmerHMM_glimmerT_2983-T1;GlimmerHMM},{ev_type:exonerate/ID=match.2566964.2863/Target=lcl|PJQD01000019_1_prot_POY75149_1_1634;exonerate}
36366	36636	terminal+	3	3	{GeneMark_model.3187_t;GeneMark},{GlimmerHMM_glimmerT_2983-T1;GlimmerHMM}

# EVM prediction: Mode:STANDARD S-ratio: 3.24 37273-38901 orient(+) score(8446.00) noncoding_equivalent(2605.68) raw_noncoding(3213.00) offset(607.32) 
37273	37339	initial+	1	1	{GlimmerHMM_glimmerT_2984-T1;GlimmerHMM},{GeneMark_model.3188_t;GeneMark}
37340	37601	INTRON			{GlimmerHMM_glimmerT_2984-T1;GlimmerHMM},{Augustus_model.g2451.t1;Augustus},{GeneMark_model.3188_t;GeneMark},{ev_type:exonerate/ID=match.2566964.1867/Target=lcl|KQ954465_1_prot_KWU47239_1_661;exonerate},{ev_type:exonerate/ID=match.2566964.1866/Target=lcl|PJQD01000019_1_prot_POY75150_1_1635;exonerate}
37602	37725	internal+	2	2	{GlimmerHMM_glimmerT_2984-T1;GlimmerHMM},{Augustus_model.g2451.t1;Augustus},{GeneMark_model.3188_t;GeneMark},{ev_type:exonerate/ID=match.2566964.1867/Target=lcl|KQ954465_1_prot_KWU47239_1_661;exonerate},{ev_type:exonerate/ID=match.2566964.1866/Target=lcl|PJQD01000019_1_prot_POY75150_1_1635;exonerate}
37726	37792	INTRON			{GlimmerHMM_glimmerT_2984-T1;GlimmerHMM},{Augustus_model.g2451.t1;Augustus},{GeneMark_model.3188_t;GeneMark},{ev_type:exonerate/ID=match.2566964.1867/Target=lcl|KQ954465_1_prot_KWU47239_1_661;exonerate},{ev_type:exonerate/ID=match.2566964.1866/Target=lcl|PJQD01000019_1_prot_POY75150_1_1635;exonerate}
37793	37832	internal+	3	3	{GlimmerHMM_glimmerT_2984-T1;GlimmerHMM},{Augustus_model.g2451.t1;Augustus},{GeneMark_model.3188_t;GeneMark},{ev_type:exonerate/ID=match.2566964.1867/Target=lcl|KQ954465_1_prot_KWU47239_1_661;exonerate},{ev_type:exonerate/ID=match.2566964.1866/Target=lcl|PJQD01000019_1_prot_POY75150_1_1635;exonerate}
37833	37899	INTRON			{GlimmerHMM_glimmerT_2984-T1;GlimmerHMM},{Augustus_model.g2451.t1;Augustus},{GeneMark_model.3188_t;GeneMark},{ev_type:exonerate/ID=match.2566964.1867/Target=lcl|KQ954465_1_prot_KWU47239_1_661;exonerate},{ev_type:exonerate/ID=match.2566964.1866/Target=lcl|PJQD01000019_1_prot_POY75150_1_1635;exonerate}
37900	38001	internal+	1	3	{GlimmerHMM_glimmerT_2984-T1;GlimmerHMM},{Augustus_model.g2451.t1;Augustus},{GeneMark_model.3188_t;GeneMark},{ev_type:exonerate/ID=match.2566964.1867/Target=lcl|KQ954465_1_prot_KWU47239_1_661;exonerate},{ev_type:exonerate/ID=match.2566964.1866/Target=lcl|PJQD01000019_1_prot_POY75150_1_1635;exonerate}
38002	38063	INTRON			{GlimmerHMM_glimmerT_2984-T1;GlimmerHMM},{Augustus_model.g2451.t1;Augustus},{GeneMark_model.3188_t;GeneMark},{ev_type:exonerate/ID=match.2566964.1867/Target=lcl|KQ954465_1_prot_KWU47239_1_661;exonerate},{ev_type:exonerate/ID=match.2566964.1866/Target=lcl|PJQD01000019_1_prot_POY75150_1_1635;exonerate}
38064	38364	internal+	1	1	{GlimmerHMM_glimmerT_2984-T1;GlimmerHMM},{Augustus_model.g2451.t1;Augustus},{GeneMark_model.3188_t;GeneMark},{ev_type:exonerate/ID=match.2566964.1867/Target=lcl|KQ954465_1_prot_KWU47239_1_661;exonerate},{ev_type:exonerate/ID=match.2566964.1866/Target=lcl|PJQD01000019_1_prot_POY75150_1_1635;exonerate}
38365	38428	INTRON			{GlimmerHMM_glimmerT_2984-T1;GlimmerHMM},{Augustus_model.g2451.t1;Augustus},{GeneMark_model.3188_t;GeneMark},{ev_type:exonerate/ID=match.2566964.1867/Target=lcl|KQ954465_1_prot_KWU47239_1_661;exonerate},{ev_type:exonerate/ID=match.2566964.1866/Target=lcl|PJQD01000019_1_prot_POY75150_1_1635;exonerate}
38429	38458	internal+	2	1	{GlimmerHMM_glimmerT_2984-T1;GlimmerHMM},{Augustus_model.g2451.t1;Augustus},{GeneMark_model.3188_t;GeneMark},{ev_type:exonerate/ID=match.2566964.1867/Target=lcl|KQ954465_1_prot_KWU47239_1_661;exonerate},{ev_type:exonerate/ID=match.2566964.1866/Target=lcl|PJQD01000019_1_prot_POY75150_1_1635;exonerate}
38459	38524	INTRON			{GlimmerHMM_glimmerT_2984-T1;GlimmerHMM},{Augustus_model.g2451.t1;Augustus},{GeneMark_model.3188_t;GeneMark},{ev_type:exonerate/ID=match.2566964.1867/Target=lcl|KQ954465_1_prot_KWU47239_1_661;exonerate},{ev_type:exonerate/ID=match.2566964.1866/Target=lcl|PJQD01000019_1_prot_POY75150_1_1635;exonerate}
38525	38767	internal+	2	1	{GlimmerHMM_glimmerT_2984-T1;GlimmerHMM},{Augustus_model.g2451.t1;Augustus},{GeneMark_model.3188_t;GeneMark},{ev_type:exonerate/ID=match.2566964.1867/Target=lcl|KQ954465_1_prot_KWU47239_1_661;exonerate},{ev_type:exonerate/ID=match.2566964.1866/Target=lcl|PJQD01000019_1_prot_POY75150_1_1635;exonerate}
38768	38836	INTRON			{GlimmerHMM_glimmerT_2984-T1;GlimmerHMM},{Augustus_model.g2451.t1;Augustus},{GeneMark_model.3188_t;GeneMark},{ev_type:exonerate/ID=match.2566964.1867/Target=lcl|KQ954465_1_prot_KWU47239_1_661;exonerate},{ev_type:exonerate/ID=match.2566964.1866/Target=lcl|PJQD01000019_1_prot_POY75150_1_1635;exonerate}
38837	38901	terminal+	2	3	{GlimmerHMM_glimmerT_2984-T1;GlimmerHMM},{Augustus_model.g2451.t1;Augustus},{GeneMark_model.3188_t;GeneMark}

# EVM prediction: Mode:STANDARD S-ratio: 3.29 39433-43273 orient(+) score(12825.00) noncoding_equivalent(3903.17) raw_noncoding(4554.84) offset(651.68) 
39433	39786	initial+	1	3	{GeneMark_model.3189_t;GeneMark},{Augustus_model.g2452.t1;Augustus},{GlimmerHMM_glimmerT_2985-T1;GlimmerHMM}
39787	39971	INTRON			{GeneMark_model.3189_t;GeneMark},{Augustus_model.g2452.t1;Augustus},{GlimmerHMM_glimmerT_2985-T1;GlimmerHMM}
39972	40147	internal+	1	2	{GeneMark_model.3189_t;GeneMark},{Augustus_model.g2452.t1;Augustus},{GlimmerHMM_glimmerT_2985-T1;GlimmerHMM}
40148	40212	INTRON			{GeneMark_model.3189_t;GeneMark},{Augustus_model.g2452.t1;Augustus},{GlimmerHMM_glimmerT_2985-T1;GlimmerHMM}
40213	40444	internal+	3	3	{GeneMark_model.3189_t;GeneMark},{Augustus_model.g2452.t1;Augustus},{GlimmerHMM_glimmerT_2985-T1;GlimmerHMM}
40445	40507	INTRON			{GeneMark_model.3189_t;GeneMark},{Augustus_model.g2452.t1;Augustus},{GlimmerHMM_glimmerT_2985-T1;GlimmerHMM}
40508	41002	internal+	1	3	{GeneMark_model.3189_t;GeneMark},{Augustus_model.g2452.t1;Augustus},{GlimmerHMM_glimmerT_2985-T1;GlimmerHMM}
41003	41066	INTRON			{GeneMark_model.3189_t;GeneMark},{Augustus_model.g2452.t1;Augustus},{GlimmerHMM_glimmerT_2985-T1;GlimmerHMM}
41067	41201	internal+	1	3	{GeneMark_model.3189_t;GeneMark},{Augustus_model.g2452.t1;Augustus},{GlimmerHMM_glimmerT_2985-T1;GlimmerHMM}
41202	41277	INTRON			{GeneMark_model.3189_t;GeneMark},{Augustus_model.g2452.t1;Augustus},{GlimmerHMM_glimmerT_2985-T1;GlimmerHMM}
41278	41360	internal+	1	2	{GeneMark_model.3189_t;GeneMark},{Augustus_model.g2452.t1;Augustus},{GlimmerHMM_glimmerT_2985-T1;GlimmerHMM}
41361	41424	INTRON			{GeneMark_model.3189_t;GeneMark},{Augustus_model.g2452.t1;Augustus},{GlimmerHMM_glimmerT_2985-T1;GlimmerHMM}
41425	41701	internal+	3	3	{GeneMark_model.3189_t;GeneMark},{Augustus_model.g2452.t1;Augustus},{GlimmerHMM_glimmerT_2985-T1;GlimmerHMM}
41702	41768	INTRON			{GeneMark_model.3189_t;GeneMark},{Augustus_model.g2452.t1;Augustus}
41769	42142	internal+	1	2	{GeneMark_model.3189_t;GeneMark},{Augustus_model.g2452.t1;Augustus}
42143	42201	INTRON			{GeneMark_model.3189_t;GeneMark},{Augustus_model.g2452.t1;Augustus},{GlimmerHMM_glimmerT_2985-T1;GlimmerHMM}
42202	42691	internal+	3	3	{GeneMark_model.3189_t;GeneMark},{Augustus_model.g2452.t1;Augustus},{GlimmerHMM_glimmerT_2985-T1;GlimmerHMM}
42692	42754	INTRON			{GeneMark_model.3189_t;GeneMark},{Augustus_model.g2452.t1;Augustus},{GlimmerHMM_glimmerT_2985-T1;GlimmerHMM}
42755	43003	internal+	1	3	{GeneMark_model.3189_t;GeneMark},{Augustus_model.g2452.t1;Augustus},{GlimmerHMM_glimmerT_2985-T1;GlimmerHMM}
43004	43069	INTRON			{GeneMark_model.3189_t;GeneMark},{Augustus_model.g2452.t1;Augustus},{GlimmerHMM_glimmerT_2985-T1;GlimmerHMM}
43070	43273	terminal+	1	3	{GlimmerHMM_glimmerT_2985-T1;GlimmerHMM}

# EVM prediction: Mode:STANDARD S-ratio: 4.43 43542-46700 orient(+) score(10954.00) noncoding_equivalent(2471.42) raw_noncoding(2831.29) offset(359.87) 
43542	44409	initial+	1	1	{GlimmerHMM_glimmerT_2986-T1;GlimmerHMM},{GeneMark_model.3190_t;GeneMark}
44410	44480	INTRON			{GlimmerHMM_glimmerT_2986-T1;GlimmerHMM},{Augustus_model.g2452.t1;Augustus},{GeneMark_model.3190_t;GeneMark}
44481	44673	internal+	2	2	{GlimmerHMM_glimmerT_2986-T1;GlimmerHMM},{Augustus_model.g2452.t1;Augustus},{GeneMark_model.3190_t;GeneMark}
44674	44739	INTRON			{GlimmerHMM_glimmerT_2986-T1;GlimmerHMM},{Augustus_model.g2452.t1;Augustus},{GeneMark_model.3190_t;GeneMark}
44740	45314	internal+	3	1	{GlimmerHMM_glimmerT_2986-T1;GlimmerHMM},{Augustus_model.g2452.t1;Augustus},{GeneMark_model.3190_t;GeneMark}
45315	45378	INTRON			{GlimmerHMM_glimmerT_2986-T1;GlimmerHMM},{Augustus_model.g2452.t1;Augustus},{GeneMark_model.3190_t;GeneMark}
45379	45656	internal+	2	3	{GlimmerHMM_glimmerT_2986-T1;GlimmerHMM},{Augustus_model.g2452.t1;Augustus},{GeneMark_model.3190_t;GeneMark}
45657	45732	INTRON			{GlimmerHMM_glimmerT_2986-T1;GlimmerHMM},{Augustus_model.g2452.t1;Augustus},{GeneMark_model.3190_t;GeneMark}
45733	45850	internal+	1	1	{GlimmerHMM_glimmerT_2986-T1;GlimmerHMM},{Augustus_model.g2452.t1;Augustus},{GeneMark_model.3190_t;GeneMark}
45851	45913	INTRON			{GlimmerHMM_glimmerT_2986-T1;GlimmerHMM},{Augustus_model.g2452.t1;Augustus},{GeneMark_model.3190_t;GeneMark}
45914	45999	internal+	2	3	{GlimmerHMM_glimmerT_2986-T1;GlimmerHMM},{Augustus_model.g2452.t1;Augustus},{GeneMark_model.3190_t;GeneMark}
46000	46067	INTRON			{GlimmerHMM_glimmerT_2986-T1;GlimmerHMM},{Augustus_model.g2452.t1;Augustus},{GeneMark_model.3190_t;GeneMark}
46068	46700	terminal+	1	3	{GlimmerHMM_glimmerT_2986-T1;GlimmerHMM}

# EVM prediction: Mode:STANDARD S-ratio: 2.42 48428-51484 orient(+) score(11504.00) noncoding_equivalent(4759.29) raw_noncoding(6438.00) offset(1678.71) 
48428	48619	initial+	1	3	{GeneMark_model.3191_t;GeneMark},{GlimmerHMM_glimmerT_2987-T1;GlimmerHMM},{Augustus_model.g2453.t1;Augustus}
48620	48765	INTRON			{GeneMark_model.3191_t;GeneMark},{GlimmerHMM_glimmerT_2987-T1;GlimmerHMM},{Augustus_model.g2453.t1;Augustus},{ev_type:exonerate/ID=match.2566964.2199/Target=lcl|KQ954471_1_prot_KWU45510_1_2038;exonerate}
48766	48790	internal+	1	1	{GeneMark_model.3191_t;GeneMark},{GlimmerHMM_glimmerT_2987-T1;GlimmerHMM},{Augustus_model.g2453.t1;Augustus},{ev_type:exonerate/ID=match.2566964.2199/Target=lcl|KQ954471_1_prot_KWU45510_1_2038;exonerate}
48791	48905	INTRON			{GeneMark_model.3191_t;GeneMark},{GlimmerHMM_glimmerT_2987-T1;GlimmerHMM},{Augustus_model.g2453.t1;Augustus},{ev_type:exonerate/ID=match.2566964.2199/Target=lcl|KQ954471_1_prot_KWU45510_1_2038;exonerate}
48906	49081	internal+	2	3	{GeneMark_model.3191_t;GeneMark},{Augustus_model.g2453.t1;Augustus},{ev_type:exonerate/ID=match.2566964.2199/Target=lcl|KQ954471_1_prot_KWU45510_1_2038;exonerate}
49082	49152	INTRON			{GeneMark_model.3191_t;GeneMark},{Augustus_model.g2453.t1;Augustus},{ev_type:exonerate/ID=match.2566964.2199/Target=lcl|KQ954471_1_prot_KWU45510_1_2038;exonerate}
49153	49247	internal+	1	2	{GeneMark_model.3191_t;GeneMark},{Augustus_model.g2453.t1;Augustus},{ev_type:exonerate/ID=match.2566964.2199/Target=lcl|KQ954471_1_prot_KWU45510_1_2038;exonerate}
49248	49327	INTRON			{GeneMark_model.3191_t;GeneMark},{GlimmerHMM_glimmerT_2987-T1;GlimmerHMM},{Augustus_model.g2453.t1;Augustus},{ev_type:exonerate/ID=match.2566964.2199/Target=lcl|KQ954471_1_prot_KWU45510_1_2038;exonerate}
49328	49584	internal+	3	1	{GeneMark_model.3191_t;GeneMark},{GlimmerHMM_glimmerT_2987-T1;GlimmerHMM},{Augustus_model.g2453.t1;Augustus},{ev_type:exonerate/ID=match.2566964.2199/Target=lcl|KQ954471_1_prot_KWU45510_1_2038;exonerate}
49585	49652	INTRON			{GeneMark_model.3191_t;GeneMark},{Augustus_model.g2453.t1;Augustus},{ev_type:exonerate/ID=match.2566964.2199/Target=lcl|KQ954471_1_prot_KWU45510_1_2038;exonerate}
49653	49675	internal+	2	3	{GeneMark_model.3191_t;GeneMark},{Augustus_model.g2453.t1;Augustus},{ev_type:exonerate/ID=match.2566964.2199/Target=lcl|KQ954471_1_prot_KWU45510_1_2038;exonerate}
49676	49741	INTRON			{GeneMark_model.3191_t;GeneMark},{Augustus_model.g2453.t1;Augustus},{ev_type:exonerate/ID=match.2566964.2199/Target=lcl|KQ954471_1_prot_KWU45510_1_2038;exonerate}
49742	49829	internal+	1	1	{GeneMark_model.3191_t;GeneMark},{Augustus_model.g2453.t1;Augustus},{ev_type:exonerate/ID=match.2566964.2199/Target=lcl|KQ954471_1_prot_KWU45510_1_2038;exonerate}
49830	49889	INTRON			{GeneMark_model.3191_t;GeneMark},{Augustus_model.g2453.t1;Augustus},{ev_type:exonerate/ID=match.2566964.2199/Target=lcl|KQ954471_1_prot_KWU45510_1_2038;exonerate}
49890	49971	internal+	2	2	{GeneMark_model.3191_t;GeneMark},{GlimmerHMM_glimmerT_2987-T1;GlimmerHMM},{Augustus_model.g2453.t1;Augustus},{ev_type:exonerate/ID=match.2566964.2199/Target=lcl|KQ954471_1_prot_KWU45510_1_2038;exonerate}
49972	50030	INTRON			{GeneMark_model.3191_t;GeneMark},{GlimmerHMM_glimmerT_2987-T1;GlimmerHMM},{Augustus_model.g2453.t1;Augustus},{ev_type:exonerate/ID=match.2566964.2199/Target=lcl|KQ954471_1_prot_KWU45510_1_2038;exonerate}
50031	50052	internal+	3	3	{GeneMark_model.3191_t;GeneMark},{GlimmerHMM_glimmerT_2987-T1;GlimmerHMM},{Augustus_model.g2453.t1;Augustus},{ev_type:exonerate/ID=match.2566964.2199/Target=lcl|KQ954471_1_prot_KWU45510_1_2038;exonerate}
50053	50113	INTRON			{GeneMark_model.3191_t;GeneMark},{GlimmerHMM_glimmerT_2987-T1;GlimmerHMM},{Augustus_model.g2453.t1;Augustus},{ev_type:exonerate/ID=match.2566964.2199/Target=lcl|KQ954471_1_prot_KWU45510_1_2038;exonerate}
50114	50387	internal+	1	1	{GeneMark_model.3191_t;GeneMark},{GlimmerHMM_glimmerT_2987-T1;GlimmerHMM},{Augustus_model.g2453.t1;Augustus},{ev_type:exonerate/ID=match.2566964.2199/Target=lcl|KQ954471_1_prot_KWU45510_1_2038;exonerate}
50388	50454	INTRON			{GeneMark_model.3191_t;GeneMark},{Augustus_model.g2453.t1;Augustus},{ev_type:exonerate/ID=match.2566964.2199/Target=lcl|KQ954471_1_prot_KWU45510_1_2038;exonerate}
50455	50545	internal+	2	2	{GeneMark_model.3191_t;GeneMark},{Augustus_model.g2453.t1;Augustus},{ev_type:exonerate/ID=match.2566964.2199/Target=lcl|KQ954471_1_prot_KWU45510_1_2038;exonerate}
50546	50618	INTRON			{GeneMark_model.3191_t;GeneMark},{Augustus_model.g2453.t1;Augustus},{ev_type:exonerate/ID=match.2566964.2199/Target=lcl|KQ954471_1_prot_KWU45510_1_2038;exonerate}
50619	50653	internal+	3	1	{GeneMark_model.3191_t;GeneMark},{Augustus_model.g2453.t1;Augustus},{ev_type:exonerate/ID=match.2566964.2199/Target=lcl|KQ954471_1_prot_KWU45510_1_2038;exonerate}
50654	50729	INTRON			{GeneMark_model.3191_t;GeneMark},{Augustus_model.g2453.t1;Augustus}
50730	50739	internal+	2	2	{GeneMark_model.3191_t;GeneMark},{Augustus_model.g2453.t1;Augustus}
50740	50806	INTRON			{GeneMark_model.3191_t;GeneMark},{Augustus_model.g2453.t1;Augustus}
50807	51054	internal+	3	1	{GeneMark_model.3191_t;GeneMark},{GlimmerHMM_glimmerT_2987-T1;GlimmerHMM},{Augustus_model.g2453.t1;Augustus}
51055	51119	INTRON			{GeneMark_model.3191_t;GeneMark},{GlimmerHMM_glimmerT_2987-T1;GlimmerHMM},{Augustus_model.g2453.t1;Augustus},{ev_type:exonerate/ID=match.2566964.2199/Target=lcl|KQ954471_1_prot_KWU45510_1_2038;exonerate}
51120	51327	internal+	2	2	{GeneMark_model.3191_t;GeneMark},{GlimmerHMM_glimmerT_2987-T1;GlimmerHMM},{Augustus_model.g2453.t1;Augustus},{ev_type:exonerate/ID=match.2566964.2199/Target=lcl|KQ954471_1_prot_KWU45510_1_2038;exonerate}
51328	51390	INTRON			{GeneMark_model.3191_t;GeneMark},{GlimmerHMM_glimmerT_2987-T1;GlimmerHMM},{Augustus_model.g2453.t1;Augustus},{ev_type:exonerate/ID=match.2566964.2199/Target=lcl|KQ954471_1_prot_KWU45510_1_2038;exonerate}
51391	51484	terminal+	3	3	{GeneMark_model.3191_t;GeneMark},{GlimmerHMM_glimmerT_2987-T1;GlimmerHMM},{Augustus_model.g2453.t1;Augustus}

# EVM prediction: Mode:STANDARD S-ratio: 4.44 51998-56207 orient(-) score(17281.00) noncoding_equivalent(3890.03) raw_noncoding(5487.01) offset(1596.98) 
52062	51998	terminal-	5	6	{GeneMark_model.3192_t;GeneMark},{Augustus_model.g2454.t1;Augustus},{GlimmerHMM_glimmerT_2988-T1;GlimmerHMM}
52132	52063	INTRON			{GeneMark_model.3192_t;GeneMark},{Augustus_model.g2454.t1;Augustus},{GlimmerHMM_glimmerT_2988-T1;GlimmerHMM},{ev_type:exonerate/ID=match.2566964.2752/Target=lcl|PJQD01000019_1_prot_POY75151_1_1636;exonerate}
52306	52133	internal-	5	4	{GeneMark_model.3192_t;GeneMark},{Augustus_model.g2454.t1;Augustus},{GlimmerHMM_glimmerT_2988-T1;GlimmerHMM},{ev_type:exonerate/ID=match.2566964.2752/Target=lcl|PJQD01000019_1_prot_POY75151_1_1636;exonerate}
52382	52307	INTRON			{GeneMark_model.3192_t;GeneMark},{Augustus_model.g2454.t1;Augustus},{ev_type:exonerate/ID=match.2566964.2752/Target=lcl|PJQD01000019_1_prot_POY75151_1_1636;exonerate}
52450	52383	internal-	6	4	{GeneMark_model.3192_t;GeneMark},{Augustus_model.g2454.t1;Augustus},{ev_type:exonerate/ID=match.2566964.2752/Target=lcl|PJQD01000019_1_prot_POY75151_1_1636;exonerate}
52514	52451	INTRON			{GeneMark_model.3192_t;GeneMark},{Augustus_model.g2454.t1;Augustus},{ev_type:exonerate/ID=match.2566964.2752/Target=lcl|PJQD01000019_1_prot_POY75151_1_1636;exonerate}
52838	52515	internal-	6	5	{GeneMark_model.3192_t;GeneMark},{Augustus_model.g2454.t1;Augustus},{ev_type:exonerate/ID=match.2566964.2752/Target=lcl|PJQD01000019_1_prot_POY75151_1_1636;exonerate}
52902	52839	INTRON			{GeneMark_model.3192_t;GeneMark},{Augustus_model.g2454.t1;Augustus},{ev_type:exonerate/ID=match.2566964.2752/Target=lcl|PJQD01000019_1_prot_POY75151_1_1636;exonerate}
52965	52903	internal-	6	5	{GeneMark_model.3192_t;GeneMark},{Augustus_model.g2454.t1;Augustus},{ev_type:exonerate/ID=match.2566964.2752/Target=lcl|PJQD01000019_1_prot_POY75151_1_1636;exonerate}
53023	52966	INTRON			{GeneMark_model.3192_t;GeneMark},{Augustus_model.g2454.t1;Augustus},{ev_type:exonerate/ID=match.2566964.2752/Target=lcl|PJQD01000019_1_prot_POY75151_1_1636;exonerate}
53279	53024	internal-	5	5	{GeneMark_model.3192_t;GeneMark},{Augustus_model.g2454.t1;Augustus},{GlimmerHMM_glimmerT_2988-T1;GlimmerHMM},{ev_type:exonerate/ID=match.2566964.2752/Target=lcl|PJQD01000019_1_prot_POY75151_1_1636;exonerate}
53347	53280	INTRON			{GeneMark_model.3192_t;GeneMark},{Augustus_model.g2454.t1;Augustus},{GlimmerHMM_glimmerT_2988-T1;GlimmerHMM},{ev_type:exonerate/ID=match.2566964.2752/Target=lcl|PJQD01000019_1_prot_POY75151_1_1636;exonerate}
53545	53348	internal-	5	4	{GeneMark_model.3192_t;GeneMark},{Augustus_model.g2454.t1;Augustus},{GlimmerHMM_glimmerT_2988-T1;GlimmerHMM},{ev_type:exonerate/ID=match.2566964.2752/Target=lcl|PJQD01000019_1_prot_POY75151_1_1636;exonerate}
53605	53546	INTRON			{GeneMark_model.3192_t;GeneMark},{Augustus_model.g2454.t1;Augustus},{GlimmerHMM_glimmerT_2988-T1;GlimmerHMM},{ev_type:exonerate/ID=match.2566964.2752/Target=lcl|PJQD01000019_1_prot_POY75151_1_1636;exonerate}
53687	53606	internal-	4	4	{GeneMark_model.3192_t;GeneMark},{Augustus_model.g2454.t1;Augustus},{GlimmerHMM_glimmerT_2988-T1;GlimmerHMM},{ev_type:exonerate/ID=match.2566964.2752/Target=lcl|PJQD01000019_1_prot_POY75151_1_1636;exonerate}
53758	53688	INTRON			{GeneMark_model.3192_t;GeneMark},{Augustus_model.g2454.t1;Augustus},{ev_type:exonerate/ID=match.2566964.2752/Target=lcl|PJQD01000019_1_prot_POY75151_1_1636;exonerate}
54007	53759	internal-	4	6	{GeneMark_model.3192_t;GeneMark},{Augustus_model.g2454.t1;Augustus},{ev_type:exonerate/ID=match.2566964.2752/Target=lcl|PJQD01000019_1_prot_POY75151_1_1636;exonerate}
54073	54008	INTRON			{GeneMark_model.3192_t;GeneMark},{Augustus_model.g2454.t1;Augustus},{GlimmerHMM_glimmerT_2988-T1;GlimmerHMM},{ev_type:exonerate/ID=match.2566964.2752/Target=lcl|PJQD01000019_1_prot_POY75151_1_1636;exonerate}
54178	54074	internal-	4	6	{GeneMark_model.3192_t;GeneMark},{Augustus_model.g2454.t1;Augustus},{GlimmerHMM_glimmerT_2988-T1;GlimmerHMM},{ev_type:exonerate/ID=match.2566964.2752/Target=lcl|PJQD01000019_1_prot_POY75151_1_1636;exonerate}
54258	54179	INTRON			{GeneMark_model.3192_t;GeneMark},{Augustus_model.g2454.t1;Augustus},{GlimmerHMM_glimmerT_2988-T1;GlimmerHMM},{ev_type:exonerate/ID=match.2566964.2752/Target=lcl|PJQD01000019_1_prot_POY75151_1_1636;exonerate}
55669	54259	internal-	6	6	{GeneMark_model.3192_t;GeneMark},{Augustus_model.g2454.t1;Augustus},{GlimmerHMM_glimmerT_2988-T1;GlimmerHMM}
55737	55670	INTRON			{GeneMark_model.3192_t;GeneMark},{Augustus_model.g2454.t1;Augustus},{ev_type:exonerate/ID=match.2566964.2752/Target=lcl|PJQD01000019_1_prot_POY75151_1_1636;exonerate}
55810	55738	internal-	5	5	{GeneMark_model.3192_t;GeneMark},{Augustus_model.g2454.t1;Augustus},{ev_type:exonerate/ID=match.2566964.2752/Target=lcl|PJQD01000019_1_prot_POY75151_1_1636;exonerate}
56008	55811	INTRON			{Augustus_model.g2454.t1;Augustus},{ev_type:exonerate/ID=match.2566964.2752/Target=lcl|PJQD01000019_1_prot_POY75151_1_1636;exonerate}
56207	56009	initial-	4	4	{GeneMark_model.3192_t;GeneMark}

# EVM prediction: Mode:STANDARD S-ratio: 10.57 57088-61364 orient(-) score(15734.00) noncoding_equivalent(1488.35) raw_noncoding(1661.67) offset(173.32) 
57380	57088	terminal-	5	6	{GeneMark_model.3193_t;GeneMark},{GlimmerHMM_glimmerT_2989-T1;GlimmerHMM}
57486	57381	INTRON			{GeneMark_model.3193_t;GeneMark},{GlimmerHMM_glimmerT_2989-T1;GlimmerHMM}
60574	57487	internal-	4	4	{GeneMark_model.3193_t;GeneMark},{GlimmerHMM_glimmerT_2989-T1;GlimmerHMM}
60635	60575	INTRON			{GeneMark_model.3193_t;GeneMark},{GlimmerHMM_glimmerT_2989-T1;GlimmerHMM},{Augustus_model.g2454.t1;Augustus}
61364	60636	initial-	4	6	{GeneMark_model.3193_t;GeneMark},{GlimmerHMM_glimmerT_2989-T1;GlimmerHMM}

# EVM prediction: Mode:STANDARD S-ratio: 2.33 62193-63457 orient(-) score(4529.00) noncoding_equivalent(1944.38) raw_noncoding(3094.04) offset(1149.66) 
62226	62193	terminal-	6	6	{GeneMark_model.3194_t;GeneMark}
62305	62227	INTRON			{GeneMark_model.3194_t;GeneMark},{Augustus_model.g2454.t1;Augustus},{ev_type:exonerate/ID=match.2566964.2959/Target=lcl|KQ954465_1_prot_KWU47236_1_658;exonerate}
62484	62306	internal-	4	5	{GeneMark_model.3194_t;GeneMark},{Augustus_model.g2454.t1;Augustus},{ev_type:exonerate/ID=match.2566964.2959/Target=lcl|KQ954465_1_prot_KWU47236_1_658;exonerate}
62575	62485	INTRON			{GeneMark_model.3194_t;GeneMark},{Augustus_model.g2454.t1;Augustus},{ev_type:exonerate/ID=match.2566964.2959/Target=lcl|KQ954465_1_prot_KWU47236_1_658;exonerate}
62649	62576	internal-	5	6	{GeneMark_model.3194_t;GeneMark},{Augustus_model.g2454.t1;Augustus},{ev_type:exonerate/ID=match.2566964.2959/Target=lcl|KQ954465_1_prot_KWU47236_1_658;exonerate}
62731	62650	INTRON			{GeneMark_model.3194_t;GeneMark},{Augustus_model.g2454.t1;Augustus},{ev_type:exonerate/ID=match.2566964.2959/Target=lcl|KQ954465_1_prot_KWU47236_1_658;exonerate}
62766	62732	internal-	6	4	{GeneMark_model.3194_t;GeneMark},{Augustus_model.g2454.t1;Augustus},{ev_type:exonerate/ID=match.2566964.2959/Target=lcl|KQ954465_1_prot_KWU47236_1_658;exonerate}
62931	62767	INTRON			{GeneMark_model.3194_t;GeneMark},{Augustus_model.g2454.t1;Augustus},{ev_type:exonerate/ID=match.2566964.2959/Target=lcl|KQ954465_1_prot_KWU47236_1_658;exonerate}
63103	62932	internal-	5	5	{GeneMark_model.3194_t;GeneMark},{Augustus_model.g2454.t1;Augustus},{ev_type:exonerate/ID=match.2566964.2959/Target=lcl|KQ954465_1_prot_KWU47236_1_658;exonerate}
63182	63104	INTRON			{GeneMark_model.3194_t;GeneMark},{GlimmerHMM_glimmerT_2990-T1;GlimmerHMM},{Augustus_model.g2454.t1;Augustus},{ev_type:exonerate/ID=match.2566964.2959/Target=lcl|KQ954465_1_prot_KWU47236_1_658;exonerate}
63317	63183	internal-	5	4	{GeneMark_model.3194_t;GeneMark},{Augustus_model.g2454.t1;Augustus},{ev_type:exonerate/ID=match.2566964.2959/Target=lcl|KQ954465_1_prot_KWU47236_1_658;exonerate}
63438	63318	INTRON			{GeneMark_model.3194_t;GeneMark},{Augustus_model.g2454.t1;Augustus},{ev_type:exonerate/ID=match.2566964.2959/Target=lcl|KQ954465_1_prot_KWU47236_1_658;exonerate}
63457	63439	initial-	4	4	{GeneMark_model.3194_t;GeneMark},{Augustus_model.g2454.t1;Augustus}

# EVM prediction: Mode:STANDARD S-ratio: 2.12 63673-64751 orient(-) score(3183.00) noncoding_equivalent(1501.00) raw_noncoding(1697.00) offset(196.00) 
63855	63673	terminal-	4	6	{Augustus_model.g2455.t1;Augustus},{GeneMark_model.3195_t;GeneMark},{GlimmerHMM_glimmerT_2991-T1;GlimmerHMM}
63953	63856	INTRON			{Augustus_model.g2455.t1;Augustus},{GeneMark_model.3195_t;GeneMark},{GlimmerHMM_glimmerT_2991-T1;GlimmerHMM}
64343	63954	internal-	4	6	{GeneMark_model.3195_t;GeneMark},{GlimmerHMM_glimmerT_2991-T1;GlimmerHMM}
64433	64344	INTRON			{Augustus_model.g2455.t1;Augustus},{GeneMark_model.3195_t;GeneMark},{GlimmerHMM_glimmerT_2991-T1;GlimmerHMM}
64751	64434	initial-	4	6	{Augustus_model.g2455.t1;Augustus}

# EVM prediction: Mode:STANDARD S-ratio: 2.15 66417-67432 orient(+) score(2977.00) noncoding_equivalent(1383.36) raw_noncoding(1543.36) offset(160.00) 
66417	66895	initial+	1	2	{GeneMark_model.3196_t;GeneMark},{GlimmerHMM_glimmerT_2992-T1;GlimmerHMM},{Augustus_model.g2456.t1;Augustus}
66896	66971	INTRON			{GeneMark_model.3196_t;GeneMark},{GlimmerHMM_glimmerT_2992-T1;GlimmerHMM},{Augustus_model.g2456.t1;Augustus}
66972	67051	internal+	3	1	{GeneMark_model.3196_t;GeneMark},{GlimmerHMM_glimmerT_2992-T1;GlimmerHMM},{Augustus_model.g2456.t1;Augustus}
67052	67127	INTRON			{GeneMark_model.3196_t;GeneMark},{GlimmerHMM_glimmerT_2992-T1;GlimmerHMM},{Augustus_model.g2456.t1;Augustus}
67128	67432	terminal+	2	3	{GeneMark_model.3196_t;GeneMark},{GlimmerHMM_glimmerT_2992-T1;GlimmerHMM}

# EVM prediction: Mode:STANDARD S-ratio: 1.83 67771-69259 orient(+) score(4467.00) noncoding_equivalent(2439.00) raw_noncoding(2950.00) offset(511.00) 
67771	67971	initial+	1	3	{GlimmerHMM_glimmerT_2993-T1;GlimmerHMM},{GeneMark_model.3197_t;GeneMark}
67972	68046	INTRON			{GlimmerHMM_glimmerT_2993-T1;GlimmerHMM},{Augustus_model.g2456.t1;Augustus},{GeneMark_model.3197_t;GeneMark}
68047	68102	internal+	1	2	{GlimmerHMM_glimmerT_2993-T1;GlimmerHMM},{Augustus_model.g2456.t1;Augustus},{GeneMark_model.3197_t;GeneMark}
68103	68194	INTRON			{GlimmerHMM_glimmerT_2993-T1;GlimmerHMM},{Augustus_model.g2456.t1;Augustus},{GeneMark_model.3197_t;GeneMark}
68195	68350	internal+	3	2	{GlimmerHMM_glimmerT_2993-T1;GlimmerHMM},{Augustus_model.g2456.t1;Augustus},{GeneMark_model.3197_t;GeneMark}
68351	68442	INTRON			{GlimmerHMM_glimmerT_2993-T1;GlimmerHMM},{Augustus_model.g2456.t1;Augustus},{GeneMark_model.3197_t;GeneMark}
68443	68519	internal+	3	1	{GlimmerHMM_glimmerT_2993-T1;GlimmerHMM},{Augustus_model.g2456.t1;Augustus},{GeneMark_model.3197_t;GeneMark}
68520	68584	INTRON			{GlimmerHMM_glimmerT_2993-T1;GlimmerHMM},{Augustus_model.g2456.t1;Augustus},{GeneMark_model.3197_t;GeneMark}
68585	68692	internal+	2	1	{GlimmerHMM_glimmerT_2993-T1;GlimmerHMM},{Augustus_model.g2456.t1;Augustus},{GeneMark_model.3197_t;GeneMark}
68693	68752	INTRON			{GlimmerHMM_glimmerT_2993-T1;GlimmerHMM},{Augustus_model.g2456.t1;Augustus},{GeneMark_model.3197_t;GeneMark}
68753	69052	internal+	2	1	{GlimmerHMM_glimmerT_2993-T1;GlimmerHMM},{Augustus_model.g2456.t1;Augustus},{GeneMark_model.3197_t;GeneMark}
69053	69155	INTRON			{GlimmerHMM_glimmerT_2993-T1;GlimmerHMM},{Augustus_model.g2456.t1;Augustus},{GeneMark_model.3197_t;GeneMark}
69156	69259	terminal+	2	3	{GlimmerHMM_glimmerT_2993-T1;GlimmerHMM},{Augustus_model.g2456.t1;Augustus},{GeneMark_model.3197_t;GeneMark}

# EVM prediction: Mode:STANDARD S-ratio: 16.41 69943-71180 orient(+) score(10554.00) noncoding_equivalent(643.06) raw_noncoding(757.00) offset(113.94) 
69943	70234	initial+	1	1	{GeneMark_model.3198_t;GeneMark},{GlimmerHMM_glimmerT_2994-T1;GlimmerHMM}
70235	70298	INTRON			{GeneMark_model.3198_t;GeneMark},{GlimmerHMM_glimmerT_2994-T1;GlimmerHMM},{ev_type:exonerate/ID=match.2566964.2837/Target=lcl|PJQD01000019_1_prot_POY75158_1_1643;exonerate},{ev_type:exonerate/ID=match.2566964.2854/Target=lcl|BJWK01000002_1_prot_GEM07129_1_1146;exonerate},{ev_type:exonerate/ID=match.2566964.2852/Target=lcl|NW_017264934_1_prot_XP_018270801_1_3768;exonerate},{ev_type:exonerate/ID=match.2566964.2838/Target=lcl|KQ954465_1_prot_KWU47232_1_654;exonerate},{ev_type:exonerate/ID=match.2566964.2851/Target=lcl|LCTV02000012_1_prot_PRQ71472_1_1962;exonerate}
70299	71068	internal+	2	3	{GeneMark_model.3198_t;GeneMark},{GlimmerHMM_glimmerT_2994-T1;GlimmerHMM},{Augustus_model.g2457.t1;Augustus},{ev_type:exonerate/ID=match.2566964.2837/Target=lcl|PJQD01000019_1_prot_POY75158_1_1643;exonerate},{ev_type:exonerate/ID=match.2566964.2854/Target=lcl|BJWK01000002_1_prot_GEM07129_1_1146;exonerate},{ev_type:exonerate/ID=match.2566964.2852/Target=lcl|NW_017264934_1_prot_XP_018270801_1_3768;exonerate},{ev_type:exonerate/ID=match.2566964.2838/Target=lcl|KQ954465_1_prot_KWU47232_1_654;exonerate},{ev_type:exonerate/ID=match.2566964.2851/Target=lcl|LCTV02000012_1_prot_PRQ71472_1_1962;exonerate}
71069	71147	INTRON			{GeneMark_model.3198_t;GeneMark},{GlimmerHMM_glimmerT_2994-T1;GlimmerHMM},{Augustus_model.g2457.t1;Augustus},{ev_type:exonerate/ID=match.2566964.2837/Target=lcl|PJQD01000019_1_prot_POY75158_1_1643;exonerate},{ev_type:exonerate/ID=match.2566964.2854/Target=lcl|BJWK01000002_1_prot_GEM07129_1_1146;exonerate},{ev_type:exonerate/ID=match.2566964.2852/Target=lcl|NW_017264934_1_prot_XP_018270801_1_3768;exonerate},{ev_type:exonerate/ID=match.2566964.2838/Target=lcl|KQ954465_1_prot_KWU47232_1_654;exonerate},{ev_type:exonerate/ID=match.2566964.2851/Target=lcl|LCTV02000012_1_prot_PRQ71472_1_1962;exonerate}
71148	71180	terminal+	1	3	{GeneMark_model.3198_t;GeneMark},{GlimmerHMM_glimmerT_2994-T1;GlimmerHMM},{Augustus_model.g2457.t1;Augustus}

# EVM prediction: Mode:STANDARD S-ratio: 4.95 71534-90252 orient(-) score(64117.00) noncoding_equivalent(12948.94) raw_noncoding(14255.00) offset(1306.06) 
72139	71534	terminal-	4	6	{Augustus_model.g2458.t1;Augustus}
72202	72140	INTRON			{Augustus_model.g2458.t1;Augustus}
72251	72203	internal-	6	6	{Augustus_model.g2458.t1;Augustus}
72327	72252	INTRON			{GeneMark_model.3199_t;GeneMark},{Augustus_model.g2458.t1;Augustus}
72827	72328	internal-	4	5	{GeneMark_model.3199_t;GeneMark},{GlimmerHMM_glimmerT_2995-T1;GlimmerHMM},{Augustus_model.g2458.t1;Augustus}
73125	72828	INTRON			{GeneMark_model.3199_t;GeneMark},{GlimmerHMM_glimmerT_2995-T1;GlimmerHMM},{Augustus_model.g2458.t1;Augustus}
73450	73126	internal-	6	6	{GeneMark_model.3199_t;GeneMark},{GlimmerHMM_glimmerT_2995-T1;GlimmerHMM},{Augustus_model.g2458.t1;Augustus}
73514	73451	INTRON			{GeneMark_model.3199_t;GeneMark},{GlimmerHMM_glimmerT_2995-T1;GlimmerHMM},{Augustus_model.g2458.t1;Augustus}
75168	73515	internal-	5	5	{GeneMark_model.3199_t;GeneMark},{GlimmerHMM_glimmerT_2995-T1;GlimmerHMM},{Augustus_model.g2458.t1;Augustus}
75251	75169	INTRON			{GeneMark_model.3199_t;GeneMark},{GlimmerHMM_glimmerT_2995-T1;GlimmerHMM},{Augustus_model.g2458.t1;Augustus}
77674	75252	internal-	6	4	{GlimmerHMM_glimmerT_2995-T1;GlimmerHMM}
77734	77675	INTRON			{GeneMark_model.3199_t;GeneMark},{GlimmerHMM_glimmerT_2995-T1;GlimmerHMM},{Augustus_model.g2458.t1;Augustus}
78048	77735	internal-	4	5	{GeneMark_model.3199_t;GeneMark},{GlimmerHMM_glimmerT_2995-T1;GlimmerHMM},{Augustus_model.g2458.t1;Augustus}
78112	78049	INTRON			{GeneMark_model.3199_t;GeneMark},{GlimmerHMM_glimmerT_2995-T1;GlimmerHMM},{Augustus_model.g2458.t1;Augustus}
80140	78113	internal-	4	6	{GeneMark_model.3199_t;GeneMark},{GlimmerHMM_glimmerT_2995-T1;GlimmerHMM},{Augustus_model.g2458.t1;Augustus}
80205	80141	INTRON			{GeneMark_model.3199_t;GeneMark},{GlimmerHMM_glimmerT_2995-T1;GlimmerHMM},{Augustus_model.g2458.t1;Augustus}
80353	80206	internal-	6	6	{GeneMark_model.3199_t;GeneMark},{GlimmerHMM_glimmerT_2995-T1;GlimmerHMM},{Augustus_model.g2458.t1;Augustus}
80419	80354	INTRON			{GeneMark_model.3199_t;GeneMark},{GlimmerHMM_glimmerT_2995-T1;GlimmerHMM},{Augustus_model.g2458.t1;Augustus}
80487	80420	internal-	4	5	{GeneMark_model.3199_t;GeneMark},{GlimmerHMM_glimmerT_2995-T1;GlimmerHMM},{Augustus_model.g2458.t1;Augustus}
80551	80488	INTRON			{GeneMark_model.3199_t;GeneMark},{GlimmerHMM_glimmerT_2995-T1;GlimmerHMM},{Augustus_model.g2458.t1;Augustus}
80619	80552	internal-	5	6	{GeneMark_model.3199_t;GeneMark},{GlimmerHMM_glimmerT_2995-T1;GlimmerHMM},{Augustus_model.g2458.t1;Augustus}
80685	80620	INTRON			{GeneMark_model.3199_t;GeneMark},{GlimmerHMM_glimmerT_2995-T1;GlimmerHMM},{Augustus_model.g2458.t1;Augustus}
80797	80686	internal-	4	4	{GeneMark_model.3199_t;GeneMark},{Augustus_model.g2458.t1;Augustus}
80857	80798	INTRON			{GeneMark_model.3199_t;GeneMark},{Augustus_model.g2458.t1;Augustus}
81766	80858	internal-	4	6	{GeneMark_model.3199_t;GeneMark},{Augustus_model.g2458.t1;Augustus}
81872	81767	INTRON			{GeneMark_model.3199_t;GeneMark},{GlimmerHMM_glimmerT_2995-T1;GlimmerHMM},{Augustus_model.g2458.t1;Augustus}
84216	81873	internal-	6	6	{GeneMark_model.3199_t;GeneMark},{GlimmerHMM_glimmerT_2995-T1;GlimmerHMM},{Augustus_model.g2458.t1;Augustus}
84286	84217	INTRON			{GeneMark_model.3199_t;GeneMark},{GlimmerHMM_glimmerT_2995-T1;GlimmerHMM},{Augustus_model.g2458.t1;Augustus}
85209	84287	internal-	4	5	{GeneMark_model.3199_t;GeneMark},{GlimmerHMM_glimmerT_2995-T1;GlimmerHMM},{Augustus_model.g2458.t1;Augustus}
85271	85210	INTRON			{GeneMark_model.3199_t;GeneMark},{GlimmerHMM_glimmerT_2995-T1;GlimmerHMM},{Augustus_model.g2458.t1;Augustus}
87232	85272	internal-	5	6	{GeneMark_model.3199_t;GeneMark},{GlimmerHMM_glimmerT_2995-T1;GlimmerHMM},{Augustus_model.g2458.t1;Augustus}
87294	87233	INTRON			{GeneMark_model.3199_t;GeneMark},{GlimmerHMM_glimmerT_2995-T1;GlimmerHMM},{Augustus_model.g2458.t1;Augustus}
89615	87295	internal-	6	4	{GeneMark_model.3199_t;GeneMark},{GlimmerHMM_glimmerT_2995-T1;GlimmerHMM},{Augustus_model.g2458.t1;Augustus}
89674	89616	INTRON			{GeneMark_model.3199_t;GeneMark},{GlimmerHMM_glimmerT_2995-T1;GlimmerHMM},{Augustus_model.g2458.t1;Augustus}
90252	89675	initial-	4	5	{GeneMark_model.3199_t;GeneMark},{GlimmerHMM_glimmerT_2995-T1;GlimmerHMM}

# EVM prediction: Mode:STANDARD S-ratio: 7.54 90539-91166 orient(+) score(3314.00) noncoding_equivalent(439.43) raw_noncoding(631.00) offset(191.57) 
90539	90691	initial+	1	3	{GlimmerHMM_glimmerT_2996-T1;GlimmerHMM},{GeneMark_model.3200_t;GeneMark},{Augustus_model.g2459.t1;Augustus}
90692	90788	INTRON			{GlimmerHMM_glimmerT_2996-T1;GlimmerHMM},{Augustus_model.g2459.t1;Augustus},{ev_type:exonerate/ID=match.2566964.2908/Target=lcl|KQ954465_1_prot_KWU47229_1_651;exonerate},{ev_type:exonerate/ID=match.2566964.2911/Target=lcl|PJQD01000019_1_prot_POY75160_1_1645;exonerate}
90789	91166	terminal+	1	3	{GlimmerHMM_glimmerT_2996-T1;GlimmerHMM},{Augustus_model.g2459.t1;Augustus}

# EVM prediction: Mode:STANDARD S-ratio: 1.51 91802-92732 orient(+) score(2238.00) noncoding_equivalent(1482.01) raw_noncoding(1951.01) offset(469.00) 
91802	91922	initial+	1	1	{Augustus_model.g2460.t1;Augustus},{GeneMark_model.3201_t;GeneMark}
91923	92001	INTRON			{Augustus_model.g2460.t1;Augustus},{GeneMark_model.3201_t;GeneMark}
92002	92063	internal+	2	3	{Augustus_model.g2460.t1;Augustus},{GeneMark_model.3201_t;GeneMark}
92064	92127	INTRON			{Augustus_model.g2460.t1;Augustus},{GeneMark_model.3201_t;GeneMark}
92128	92216	internal+	1	2	{Augustus_model.g2460.t1;Augustus},{GeneMark_model.3201_t;GeneMark}
92217	92281	INTRON			{Augustus_model.g2460.t1;Augustus},{GeneMark_model.3201_t;GeneMark}
92282	92408	internal+	3	3	{Augustus_model.g2460.t1;Augustus},{GeneMark_model.3201_t;GeneMark}
92409	92477	INTRON			{Augustus_model.g2460.t1;Augustus},{GeneMark_model.3201_t;GeneMark}
92478	92732	terminal+	1	3	{Augustus_model.g2460.t1;Augustus},{GeneMark_model.3201_t;GeneMark}

# EVM prediction: Mode:STANDARD S-ratio: 1.94 93490-95794 orient(+) score(6459.00) noncoding_equivalent(3325.83) raw_noncoding(4018.57) offset(692.74) 
93490	93662	initial+	1	2	{GeneMark_model.3202_t;GeneMark}
93663	93716	INTRON			{GeneMark_model.3202_t;GeneMark},{Augustus_model.g2461.t1;Augustus}
93717	93749	internal+	3	2	{GeneMark_model.3202_t;GeneMark},{Augustus_model.g2461.t1;Augustus}
93750	93818	INTRON			{GeneMark_model.3202_t;GeneMark},{Augustus_model.g2461.t1;Augustus}
93819	93864	internal+	3	3	{GeneMark_model.3202_t;GeneMark},{Augustus_model.g2461.t1;Augustus}
93865	93920	INTRON			{GeneMark_model.3202_t;GeneMark},{Augustus_model.g2461.t1;Augustus}
93921	94114	internal+	1	2	{GeneMark_model.3202_t;GeneMark},{GlimmerHMM_glimmerT_2997-T1;GlimmerHMM},{Augustus_model.g2461.t1;Augustus}
94115	94175	INTRON			{GeneMark_model.3202_t;GeneMark},{GlimmerHMM_glimmerT_2997-T1;GlimmerHMM},{Augustus_model.g2461.t1;Augustus}
94176	94335	internal+	3	3	{GeneMark_model.3202_t;GeneMark},{GlimmerHMM_glimmerT_2997-T1;GlimmerHMM},{Augustus_model.g2461.t1;Augustus}
94336	94393	INTRON			{GeneMark_model.3202_t;GeneMark},{GlimmerHMM_glimmerT_2997-T1;GlimmerHMM},{Augustus_model.g2461.t1;Augustus}
94394	94517	internal+	1	1	{GeneMark_model.3202_t;GeneMark},{GlimmerHMM_glimmerT_2997-T1;GlimmerHMM},{Augustus_model.g2461.t1;Augustus}
94518	94573	INTRON			{GeneMark_model.3202_t;GeneMark},{GlimmerHMM_glimmerT_2997-T1;GlimmerHMM},{Augustus_model.g2461.t1;Augustus}
94574	94783	internal+	2	1	{GeneMark_model.3202_t;GeneMark},{GlimmerHMM_glimmerT_2997-T1;GlimmerHMM},{Augustus_model.g2461.t1;Augustus}
94784	94844	INTRON			{GeneMark_model.3202_t;GeneMark},{GlimmerHMM_glimmerT_2997-T1;GlimmerHMM},{Augustus_model.g2461.t1;Augustus}
94845	95121	internal+	2	2	{GeneMark_model.3202_t;GeneMark}
95122	95177	INTRON			{GeneMark_model.3202_t;GeneMark}
95178	95275	internal+	3	1	{GeneMark_model.3202_t;GeneMark},{GlimmerHMM_glimmerT_2997-T1;GlimmerHMM},{Augustus_model.g2461.t1;Augustus}
95276	95333	INTRON			{GeneMark_model.3202_t;GeneMark},{snap_scaffold_7-snap.103-T1;snap},{GlimmerHMM_glimmerT_2997-T1;GlimmerHMM},{Augustus_model.g2461.t1;Augustus}
95334	95489	internal+	2	1	{GeneMark_model.3202_t;GeneMark},{GlimmerHMM_glimmerT_2997-T1;GlimmerHMM}
95490	95558	INTRON			{GeneMark_model.3202_t;GeneMark},{GlimmerHMM_glimmerT_2997-T1;GlimmerHMM}
95559	95794	terminal+	2	3	{GeneMark_model.3202_t;GeneMark},{GlimmerHMM_glimmerT_2997-T1;GlimmerHMM}

# EVM prediction: Mode:STANDARD S-ratio: 3.90 95923-98672 orient(-) score(8986.00) noncoding_equivalent(2302.93) raw_noncoding(2699.00) offset(396.07) 
96407	95923	terminal-	5	6	{GeneMark_model.3203_t;GeneMark},{Augustus_model.g2462.t1;Augustus},{GlimmerHMM_glimmerT_2998-T1;GlimmerHMM}
96473	96408	INTRON			{GeneMark_model.3203_t;GeneMark},{Augustus_model.g2462.t1;Augustus},{GlimmerHMM_glimmerT_2998-T1;GlimmerHMM}
96763	96474	internal-	6	4	{GeneMark_model.3203_t;GeneMark},{Augustus_model.g2462.t1;Augustus},{GlimmerHMM_glimmerT_2998-T1;GlimmerHMM}
96847	96764	INTRON			{GeneMark_model.3203_t;GeneMark},{Augustus_model.g2462.t1;Augustus},{GlimmerHMM_glimmerT_2998-T1;GlimmerHMM}
97846	96848	internal-	6	5	{GeneMark_model.3203_t;GeneMark},{Augustus_model.g2462.t1;Augustus}
97919	97847	INTRON			{GeneMark_model.3203_t;GeneMark},{Augustus_model.g2462.t1;Augustus}
98029	97920	internal-	4	5	{GeneMark_model.3203_t;GeneMark},{Augustus_model.g2462.t1;Augustus}
98099	98030	INTRON			{GeneMark_model.3203_t;GeneMark},{Augustus_model.g2462.t1;Augustus}
98672	98100	initial-	4	6	{GeneMark_model.3203_t;GeneMark},{Augustus_model.g2462.t1;Augustus},{GlimmerHMM_glimmerT_2998-T1;GlimmerHMM}

# EVM prediction: Mode:STANDARD S-ratio: 3.80 98875-99880 orient(+) score(4624.00) noncoding_equivalent(1216.49) raw_noncoding(1549.23) offset(332.74) 
98875	98951	initial+	1	2	{GlimmerHMM_glimmerT_2999-T1;GlimmerHMM},{GeneMark_model.3204_t;GeneMark}
98952	99071	INTRON			{GlimmerHMM_glimmerT_2999-T1;GlimmerHMM},{GeneMark_model.3204_t;GeneMark}
99072	99103	internal+	3	1	{Augustus_model.g2463.t1;Augustus},{GlimmerHMM_glimmerT_2999-T1;GlimmerHMM},{GeneMark_model.3204_t;GeneMark}
99104	99183	INTRON			{Augustus_model.g2463.t1;Augustus},{GlimmerHMM_glimmerT_2999-T1;GlimmerHMM},{GeneMark_model.3204_t;GeneMark}
99184	99462	internal+	2	1	{Augustus_model.g2463.t1;Augustus},{GlimmerHMM_glimmerT_2999-T1;GlimmerHMM},{GeneMark_model.3204_t;GeneMark}
99463	99533	INTRON			{Augustus_model.g2463.t1;Augustus},{GlimmerHMM_glimmerT_2999-T1;GlimmerHMM},{GeneMark_model.3204_t;GeneMark},{snap_scaffold_7-snap.105-T1;snap},{ev_type:exonerate/ID=match.2566964.836/Target=lcl|KQ954465_1_prot_KWU47225_1_647;exonerate},{ev_type:exonerate/ID=match.2566964.2496/Target=lcl|PJQD01000019_1_prot_POY75164_1_1649;exonerate}
99534	99880	terminal+	2	3	{GlimmerHMM_glimmerT_2999-T1;GlimmerHMM},{GeneMark_model.3204_t;GeneMark},{snap_scaffold_7-snap.105-T1;snap}

# EVM prediction: Mode:STANDARD S-ratio: 5.64 100636-101584 orient(+) score(5437.00) noncoding_equivalent(964.33) raw_noncoding(1116.19) offset(151.86) 
100636	100836	initial+	1	3	{GeneMark_model.3205_t;GeneMark}
100837	100905	INTRON			{GeneMark_model.3205_t;GeneMark},{Augustus_model.g2463.t1;Augustus},{ev_type:exonerate/ID=match.2566964.954/Target=lcl|PJQD01000019_1_prot_POY75165_1_1650;exonerate},{ev_type:exonerate/ID=match.2566964.836/Target=lcl|KQ954465_1_prot_KWU47225_1_647;exonerate},{ev_type:exonerate/ID=match.2566964.955/Target=lcl|BJWK01000009_1_prot_GEM09956_1_3973;exonerate}
100906	101037	internal+	1	3	{GeneMark_model.3205_t;GeneMark},{GlimmerHMM_glimmerT_3000-T1;GlimmerHMM},{Augustus_model.g2463.t1;Augustus},{ev_type:exonerate/ID=match.2566964.954/Target=lcl|PJQD01000019_1_prot_POY75165_1_1650;exonerate},{ev_type:exonerate/ID=match.2566964.836/Target=lcl|KQ954465_1_prot_KWU47225_1_647;exonerate},{ev_type:exonerate/ID=match.2566964.955/Target=lcl|BJWK01000009_1_prot_GEM09956_1_3973;exonerate}
101038	101101	INTRON			{GeneMark_model.3205_t;GeneMark},{GlimmerHMM_glimmerT_3000-T1;GlimmerHMM},{Augustus_model.g2463.t1;Augustus},{ev_type:exonerate/ID=match.2566964.954/Target=lcl|PJQD01000019_1_prot_POY75165_1_1650;exonerate},{ev_type:exonerate/ID=match.2566964.836/Target=lcl|KQ954465_1_prot_KWU47225_1_647;exonerate},{ev_type:exonerate/ID=match.2566964.955/Target=lcl|BJWK01000009_1_prot_GEM09956_1_3973;exonerate}
101102	101504	internal+	1	1	{GeneMark_model.3205_t;GeneMark},{GlimmerHMM_glimmerT_3000-T1;GlimmerHMM},{Augustus_model.g2463.t1;Augustus}
101505	101573	INTRON			{GeneMark_model.3205_t;GeneMark},{GlimmerHMM_glimmerT_3000-T1;GlimmerHMM},{Augustus_model.g2463.t1;Augustus}
101574	101584	terminal+	2	3	{GeneMark_model.3205_t;GeneMark},{GlimmerHMM_glimmerT_3000-T1;GlimmerHMM},{Augustus_model.g2463.t1;Augustus}

# EVM prediction: Mode:STANDARD S-ratio: 2.91 102116-105059 orient(-) score(9317.00) noncoding_equivalent(3202.49) raw_noncoding(3868.00) offset(665.51) 
102539	102116	terminal-	6	6	{GeneMark_model.3206_t;GeneMark},{GlimmerHMM_glimmerT_3001-T1;GlimmerHMM},{Augustus_model.g2464.t1;Augustus}
102602	102540	INTRON			{GeneMark_model.3206_t;GeneMark},{GlimmerHMM_glimmerT_3001-T1;GlimmerHMM},{Augustus_model.g2464.t1;Augustus}
102664	102603	internal-	4	5	{GeneMark_model.3206_t;GeneMark},{GlimmerHMM_glimmerT_3001-T1;GlimmerHMM},{Augustus_model.g2464.t1;Augustus}
102726	102665	INTRON			{GeneMark_model.3206_t;GeneMark},{GlimmerHMM_glimmerT_3001-T1;GlimmerHMM},{Augustus_model.g2464.t1;Augustus}
103186	102727	internal-	6	6	{GeneMark_model.3206_t;GeneMark},{GlimmerHMM_glimmerT_3001-T1;GlimmerHMM},{Augustus_model.g2464.t1;Augustus}
103249	103187	INTRON			{GeneMark_model.3206_t;GeneMark},{GlimmerHMM_glimmerT_3001-T1;GlimmerHMM},{Augustus_model.g2464.t1;Augustus}
103466	103250	internal-	5	5	{GeneMark_model.3206_t;GeneMark},{GlimmerHMM_glimmerT_3001-T1;GlimmerHMM},{Augustus_model.g2464.t1;Augustus}
103536	103467	INTRON			{GeneMark_model.3206_t;GeneMark},{GlimmerHMM_glimmerT_3001-T1;GlimmerHMM},{Augustus_model.g2464.t1;Augustus}
103879	103537	internal-	4	4	{GeneMark_model.3206_t;GeneMark},{GlimmerHMM_glimmerT_3001-T1;GlimmerHMM},{Augustus_model.g2464.t1;Augustus}
103964	103880	INTRON			{GlimmerHMM_glimmerT_3001-T1;GlimmerHMM},{Augustus_model.g2464.t1;Augustus}
103969	103965	internal-	5	6	{GlimmerHMM_glimmerT_3001-T1;GlimmerHMM},{Augustus_model.g2464.t1;Augustus}
104075	103970	INTRON			{GlimmerHMM_glimmerT_3001-T1;GlimmerHMM},{Augustus_model.g2464.t1;Augustus}
104318	104076	internal-	5	4	{GlimmerHMM_glimmerT_3001-T1;GlimmerHMM},{Augustus_model.g2464.t1;Augustus}
104383	104319	INTRON			{GeneMark_model.3206_t;GeneMark},{GlimmerHMM_glimmerT_3001-T1;GlimmerHMM},{Augustus_model.g2464.t1;Augustus}
104786	104384	internal-	4	4	{GeneMark_model.3206_t;GeneMark},{GlimmerHMM_glimmerT_3001-T1;GlimmerHMM},{Augustus_model.g2464.t1;Augustus}
104849	104787	INTRON			{GeneMark_model.3206_t;GeneMark},{GlimmerHMM_glimmerT_3001-T1;GlimmerHMM},{Augustus_model.g2464.t1;Augustus}
105059	104850	initial-	4	6	{GeneMark_model.3206_t;GeneMark},{GlimmerHMM_glimmerT_3001-T1;GlimmerHMM},{Augustus_model.g2464.t1;Augustus}

# EVM prediction: Mode:STANDARD S-ratio: 3.03 106105-111378 orient(-) score(17074.00) noncoding_equivalent(5636.63) raw_noncoding(7550.64) offset(1914.02) 
106721	106105	terminal-	5	6	{GeneMark_model.3207_t;GeneMark},{GlimmerHMM_glimmerT_3002-T1;GlimmerHMM}
106797	106722	INTRON			{Augustus_model.g2465.t1;Augustus},{GeneMark_model.3207_t;GeneMark},{GlimmerHMM_glimmerT_3002-T1;GlimmerHMM}
107719	106798	internal-	4	4	{Augustus_model.g2465.t1;Augustus},{GeneMark_model.3207_t;GeneMark},{GlimmerHMM_glimmerT_3002-T1;GlimmerHMM}
107795	107720	INTRON			{Augustus_model.g2465.t1;Augustus},{GeneMark_model.3207_t;GeneMark},{GlimmerHMM_glimmerT_3002-T1;GlimmerHMM}
108020	107796	internal-	4	6	{Augustus_model.g2465.t1;Augustus},{GeneMark_model.3207_t;GeneMark},{GlimmerHMM_glimmerT_3002-T1;GlimmerHMM}
108112	108021	INTRON			{Augustus_model.g2465.t1;Augustus},{GeneMark_model.3207_t;GeneMark},{GlimmerHMM_glimmerT_3002-T1;GlimmerHMM}
108307	108113	internal-	4	6	{Augustus_model.g2465.t1;Augustus},{GeneMark_model.3207_t;GeneMark},{GlimmerHMM_glimmerT_3002-T1;GlimmerHMM}
108380	108308	INTRON			{Augustus_model.g2465.t1;Augustus},{GeneMark_model.3207_t;GeneMark},{GlimmerHMM_glimmerT_3002-T1;GlimmerHMM}
108749	108381	internal-	4	6	{Augustus_model.g2465.t1;Augustus},{GeneMark_model.3207_t;GeneMark},{GlimmerHMM_glimmerT_3002-T1;GlimmerHMM}
108824	108750	INTRON			{Augustus_model.g2465.t1;Augustus},{GeneMark_model.3207_t;GeneMark},{GlimmerHMM_glimmerT_3002-T1;GlimmerHMM}
109483	108825	internal-	5	6	{Augustus_model.g2465.t1;Augustus},{GlimmerHMM_glimmerT_3002-T1;GlimmerHMM}
110081	109484	INTRON			{Augustus_model.g2465.t1;Augustus},{GlimmerHMM_glimmerT_3002-T1;GlimmerHMM}
110278	110082	internal-	6	4	{GeneMark_model.3208_t;GeneMark},{Augustus_model.g2465.t1;Augustus},{GlimmerHMM_glimmerT_3002-T1;GlimmerHMM}
110385	110279	INTRON			{GeneMark_model.3208_t;GeneMark},{Augustus_model.g2465.t1;Augustus},{GlimmerHMM_glimmerT_3002-T1;GlimmerHMM}
110498	110386	internal-	4	5	{GeneMark_model.3208_t;GeneMark},{Augustus_model.g2465.t1;Augustus},{GlimmerHMM_glimmerT_3002-T1;GlimmerHMM}
110580	110499	INTRON			{GeneMark_model.3208_t;GeneMark},{Augustus_model.g2465.t1;Augustus},{GlimmerHMM_glimmerT_3002-T1;GlimmerHMM}
110684	110581	internal-	5	6	{GeneMark_model.3208_t;GeneMark},{Augustus_model.g2465.t1;Augustus},{GlimmerHMM_glimmerT_3002-T1;GlimmerHMM}
110743	110685	INTRON			{GeneMark_model.3208_t;GeneMark},{Augustus_model.g2465.t1;Augustus},{GlimmerHMM_glimmerT_3002-T1;GlimmerHMM}
111035	110744	internal-	4	4	{GeneMark_model.3208_t;GeneMark},{Augustus_model.g2465.t1;Augustus},{GlimmerHMM_glimmerT_3002-T1;GlimmerHMM}
111227	111036	INTRON			{GeneMark_model.3208_t;GeneMark},{Augustus_model.g2465.t1;Augustus},{GlimmerHMM_glimmerT_3002-T1;GlimmerHMM}
111301	111228	internal-	5	6	{GeneMark_model.3208_t;GeneMark},{Augustus_model.g2465.t1;Augustus},{GlimmerHMM_glimmerT_3002-T1;GlimmerHMM}
111365	111302	INTRON			{GeneMark_model.3208_t;GeneMark},{Augustus_model.g2465.t1;Augustus}
111378	111366	initial-	4	4	{GeneMark_model.3208_t;GeneMark},{Augustus_model.g2465.t1;Augustus}

# EVM prediction: Mode:STANDARD S-ratio: 8.87 112089-112880 orient(+) score(6946.00) noncoding_equivalent(783.00) raw_noncoding(900.00) offset(117.00) 
112089	112093	initial+	1	2	{GeneMark_model.3209_t;GeneMark},{snap_scaffold_7-snap.111-T1;snap},{Augustus_model.g2466.t1;Augustus},{GlimmerHMM_glimmerT_3003-T1;GlimmerHMM}
112094	112163	INTRON			{GeneMark_model.3209_t;GeneMark},{snap_scaffold_7-snap.111-T1;snap},{Augustus_model.g2466.t1;Augustus},{GlimmerHMM_glimmerT_3003-T1;GlimmerHMM}
112164	112635	internal+	3	3	{GeneMark_model.3209_t;GeneMark},{Augustus_model.g2466.t1;Augustus},{GlimmerHMM_glimmerT_3003-T1;GlimmerHMM}
112636	112700	INTRON			{GeneMark_model.3209_t;GeneMark},{Augustus_model.g2466.t1;Augustus},{GlimmerHMM_glimmerT_3003-T1;GlimmerHMM},{ev_type:exonerate/ID=match.2566964.2897/Target=SAR1_CRYNB;exonerate},{ev_type:exonerate/ID=match.2566964.2895/Target=SAR1_USTMA;exonerate},{ev_type:exonerate/ID=match.2566964.2888/Target=lcl|KQ954465_1_prot_KWU47223_1_645;exonerate},{ev_type:exonerate/ID=match.2566964.2889/Target=lcl|NW_017264934_1_prot_XP_018271038_1_4005;exonerate},{ev_type:exonerate/ID=match.2566964.2886/Target=lcl|PJQD01000019_1_prot_POY75167_1_1652;exonerate},{ev_type:exonerate/ID=match.2566964.2898/Target=SAR1_CRYNJ;exonerate}
112701	112779	internal+	1	1	{GeneMark_model.3209_t;GeneMark},{Augustus_model.g2466.t1;Augustus},{GlimmerHMM_glimmerT_3003-T1;GlimmerHMM},{ev_type:exonerate/ID=match.2566964.2895/Target=SAR1_USTMA;exonerate},{ev_type:exonerate/ID=match.2566964.2888/Target=lcl|KQ954465_1_prot_KWU47223_1_645;exonerate},{ev_type:exonerate/ID=match.2566964.2889/Target=lcl|NW_017264934_1_prot_XP_018271038_1_4005;exonerate},{ev_type:exonerate/ID=match.2566964.2886/Target=lcl|PJQD01000019_1_prot_POY75167_1_1652;exonerate}
112780	112851	INTRON			{GeneMark_model.3209_t;GeneMark},{Augustus_model.g2466.t1;Augustus},{GlimmerHMM_glimmerT_3003-T1;GlimmerHMM},{ev_type:exonerate/ID=match.2566964.2895/Target=SAR1_USTMA;exonerate},{ev_type:exonerate/ID=match.2566964.2888/Target=lcl|KQ954465_1_prot_KWU47223_1_645;exonerate},{ev_type:exonerate/ID=match.2566964.2889/Target=lcl|NW_017264934_1_prot_XP_018271038_1_4005;exonerate},{ev_type:exonerate/ID=match.2566964.2886/Target=lcl|PJQD01000019_1_prot_POY75167_1_1652;exonerate}
112852	112880	terminal+	2	3	{GeneMark_model.3209_t;GeneMark},{Augustus_model.g2466.t1;Augustus},{GlimmerHMM_glimmerT_3003-T1;GlimmerHMM}

# EVM prediction: Mode:STANDARD S-ratio: 3.85 113722-120043 orient(-) score(21363.00) noncoding_equivalent(5541.91) raw_noncoding(6016.00) offset(474.09) 
114432	113722	terminal-	4	6	{GlimmerHMM_glimmerT_3004-T1;GlimmerHMM},{Augustus_model.g2467.t1;Augustus},{GeneMark_model.3210_t;GeneMark}
114515	114433	INTRON			{GlimmerHMM_glimmerT_3004-T1;GlimmerHMM},{Augustus_model.g2467.t1;Augustus},{GeneMark_model.3210_t;GeneMark}
114815	114516	internal-	4	6	{GlimmerHMM_glimmerT_3004-T1;GlimmerHMM},{Augustus_model.g2467.t1;Augustus},{GeneMark_model.3210_t;GeneMark}
114877	114816	INTRON			{GlimmerHMM_glimmerT_3004-T1;GlimmerHMM},{Augustus_model.g2467.t1;Augustus},{GeneMark_model.3210_t;GeneMark}
115239	114878	internal-	5	6	{GlimmerHMM_glimmerT_3004-T1;GlimmerHMM},{Augustus_model.g2467.t1;Augustus},{GeneMark_model.3210_t;GeneMark}
115301	115240	INTRON			{GlimmerHMM_glimmerT_3004-T1;GlimmerHMM},{Augustus_model.g2467.t1;Augustus},{GeneMark_model.3210_t;GeneMark}
115518	115302	internal-	4	4	{GlimmerHMM_glimmerT_3004-T1;GlimmerHMM},{Augustus_model.g2467.t1;Augustus},{GeneMark_model.3210_t;GeneMark}
115580	115519	INTRON			{GlimmerHMM_glimmerT_3004-T1;GlimmerHMM},{Augustus_model.g2467.t1;Augustus},{GeneMark_model.3210_t;GeneMark}
115966	115581	internal-	5	6	{GlimmerHMM_glimmerT_3004-T1;GlimmerHMM},{Augustus_model.g2467.t1;Augustus},{GeneMark_model.3210_t;GeneMark}
116034	115967	INTRON			{GlimmerHMM_glimmerT_3004-T1;GlimmerHMM},{Augustus_model.g2467.t1;Augustus},{GeneMark_model.3210_t;GeneMark}
117568	116035	internal-	4	4	{GlimmerHMM_glimmerT_3004-T1;GlimmerHMM},{GeneMark_model.3210_t;GeneMark}
117627	117569	INTRON			{GlimmerHMM_glimmerT_3004-T1;GlimmerHMM},{Augustus_model.g2467.t1;Augustus},{GeneMark_model.3210_t;GeneMark}
118617	117628	internal-	4	6	{GlimmerHMM_glimmerT_3004-T1;GlimmerHMM},{Augustus_model.g2467.t1;Augustus},{GeneMark_model.3210_t;GeneMark}
118681	118618	INTRON			{GlimmerHMM_glimmerT_3004-T1;GlimmerHMM},{Augustus_model.g2467.t1;Augustus},{GeneMark_model.3210_t;GeneMark}
119207	118682	internal-	6	6	{GlimmerHMM_glimmerT_3004-T1;GlimmerHMM},{Augustus_model.g2467.t1;Augustus},{GeneMark_model.3210_t;GeneMark}
119276	119208	INTRON			{GlimmerHMM_glimmerT_3004-T1;GlimmerHMM},{Augustus_model.g2467.t1;Augustus},{GeneMark_model.3210_t;GeneMark},{ev_type:exonerate/ID=match.2566964.2887/Target=lcl|NW_017264934_1_prot_XP_018271040_1_4007;exonerate}
120043	119277	initial-	4	5	{Augustus_model.g2467.t1;Augustus}

# EVM prediction: Mode:STANDARD S-ratio: 3.62 122043-122542 orient(+) score(1755.00) noncoding_equivalent(485.00) raw_noncoding(569.00) offset(84.00) 
122043	122054	initial+	1	3	{GlimmerHMM_glimmerT_3005-T1;GlimmerHMM},{Augustus_model.g2468.t1;Augustus},{GeneMark_model.3211_t;GeneMark}
122055	122115	INTRON			{GlimmerHMM_glimmerT_3005-T1;GlimmerHMM},{Augustus_model.g2468.t1;Augustus},{GeneMark_model.3211_t;GeneMark}
122116	122370	internal+	1	3	{GlimmerHMM_glimmerT_3005-T1;GlimmerHMM},{Augustus_model.g2468.t1;Augustus},{GeneMark_model.3211_t;GeneMark}
122371	122434	INTRON			{GlimmerHMM_glimmerT_3005-T1;GlimmerHMM},{Augustus_model.g2468.t1;Augustus},{GeneMark_model.3211_t;GeneMark}
122435	122542	terminal+	1	3	{GlimmerHMM_glimmerT_3005-T1;GlimmerHMM},{Augustus_model.g2468.t1;Augustus},{GeneMark_model.3211_t;GeneMark}

# EVM prediction: Mode:STANDARD S-ratio: 3.66 122804-126321 orient(-) score(15530.00) noncoding_equivalent(4240.74) raw_noncoding(7109.00) offset(2868.26) 
123075	122804	terminal-	5	6	{Augustus_model.g2469.t1;Augustus},{snap_scaffold_7-snap.116-T1;snap},{GlimmerHMM_glimmerT_3006-T1;GlimmerHMM},{GeneMark_model.3212_t;GeneMark}
123155	123076	INTRON			{Augustus_model.g2469.t1;Augustus},{GlimmerHMM_glimmerT_3006-T1;GlimmerHMM},{GeneMark_model.3212_t;GeneMark}
123398	123156	internal-	5	4	{Augustus_model.g2469.t1;Augustus},{GlimmerHMM_glimmerT_3006-T1;GlimmerHMM},{GeneMark_model.3212_t;GeneMark}
123471	123399	INTRON			{Augustus_model.g2469.t1;Augustus},{GlimmerHMM_glimmerT_3006-T1;GlimmerHMM},{GeneMark_model.3212_t;GeneMark}
123540	123472	internal-	5	4	{Augustus_model.g2469.t1;Augustus},{GlimmerHMM_glimmerT_3006-T1;GlimmerHMM},{GeneMark_model.3212_t;GeneMark}
123608	123541	INTRON			{Augustus_model.g2469.t1;Augustus},{GlimmerHMM_glimmerT_3006-T1;GlimmerHMM},{GeneMark_model.3212_t;GeneMark}
123632	123609	internal-	5	4	{Augustus_model.g2469.t1;Augustus},{GlimmerHMM_glimmerT_3006-T1;GlimmerHMM},{GeneMark_model.3212_t;GeneMark}
123702	123633	INTRON			{Augustus_model.g2469.t1;Augustus},{GlimmerHMM_glimmerT_3006-T1;GlimmerHMM},{GeneMark_model.3212_t;GeneMark}
123845	123703	internal-	6	4	{Augustus_model.g2469.t1;Augustus},{GlimmerHMM_glimmerT_3006-T1;GlimmerHMM},{GeneMark_model.3212_t;GeneMark}
123919	123846	INTRON			{Augustus_model.g2469.t1;Augustus},{GlimmerHMM_glimmerT_3006-T1;GlimmerHMM},{GeneMark_model.3212_t;GeneMark}
124087	123920	internal-	6	5	{GeneMark_model.3212_t;GeneMark}
124700	124088	INTRON			{GeneMark_model.3212_t;GeneMark}
124758	124701	internal-	5	5	{GeneMark_model.3212_t;GeneMark}
124867	124759	INTRON			{GeneMark_model.3212_t;GeneMark},{ev_type:exonerate/ID=match.2566964.2856/Target=lcl|LCTV02000006_1_prot_PRQ74613_1_6598;exonerate}
124907	124868	internal-	4	4	{GeneMark_model.3212_t;GeneMark},{ev_type:exonerate/ID=match.2566964.2856/Target=lcl|LCTV02000006_1_prot_PRQ74613_1_6598;exonerate}
124981	124908	INTRON			{Augustus_model.g2469.t1;Augustus},{GeneMark_model.3212_t;GeneMark},{ev_type:exonerate/ID=match.2566964.2856/Target=lcl|LCTV02000006_1_prot_PRQ74613_1_6598;exonerate}
125539	124982	internal-	4	6	{Augustus_model.g2469.t1;Augustus},{GlimmerHMM_glimmerT_3006-T1;GlimmerHMM},{GeneMark_model.3212_t;GeneMark},{ev_type:exonerate/ID=match.2566964.2855/Target=lcl|PJQD01000019_1_prot_POY75171_1_1656;exonerate},{ev_type:exonerate/ID=match.2566964.2856/Target=lcl|LCTV02000006_1_prot_PRQ74613_1_6598;exonerate},{ev_type:exonerate/ID=match.2566964.2857/Target=lcl|BJWK01000009_1_prot_GEM09949_1_3966;exonerate},{ev_type:exonerate/ID=match.2566964.2853/Target=lcl|KQ954465_1_prot_KWU47219_1_641;exonerate}
125609	125540	INTRON			{Augustus_model.g2469.t1;Augustus},{GlimmerHMM_glimmerT_3006-T1;GlimmerHMM},{GeneMark_model.3212_t;GeneMark},{ev_type:exonerate/ID=match.2566964.2855/Target=lcl|PJQD01000019_1_prot_POY75171_1_1656;exonerate},{ev_type:exonerate/ID=match.2566964.2856/Target=lcl|LCTV02000006_1_prot_PRQ74613_1_6598;exonerate},{ev_type:exonerate/ID=match.2566964.2857/Target=lcl|BJWK01000009_1_prot_GEM09949_1_3966;exonerate},{ev_type:exonerate/ID=match.2566964.2853/Target=lcl|KQ954465_1_prot_KWU47219_1_641;exonerate}
125705	125610	internal-	4	6	{Augustus_model.g2469.t1;Augustus},{GlimmerHMM_glimmerT_3006-T1;GlimmerHMM},{GeneMark_model.3212_t;GeneMark},{ev_type:exonerate/ID=match.2566964.2855/Target=lcl|PJQD01000019_1_prot_POY75171_1_1656;exonerate},{ev_type:exonerate/ID=match.2566964.2856/Target=lcl|LCTV02000006_1_prot_PRQ74613_1_6598;exonerate},{ev_type:exonerate/ID=match.2566964.2857/Target=lcl|BJWK01000009_1_prot_GEM09949_1_3966;exonerate},{ev_type:exonerate/ID=match.2566964.2853/Target=lcl|KQ954465_1_prot_KWU47219_1_641;exonerate}
125783	125706	INTRON			{Augustus_model.g2469.t1;Augustus},{GlimmerHMM_glimmerT_3006-T1;GlimmerHMM},{GeneMark_model.3212_t;GeneMark},{ev_type:exonerate/ID=match.2566964.2855/Target=lcl|PJQD01000019_1_prot_POY75171_1_1656;exonerate},{ev_type:exonerate/ID=match.2566964.2856/Target=lcl|LCTV02000006_1_prot_PRQ74613_1_6598;exonerate},{ev_type:exonerate/ID=match.2566964.2857/Target=lcl|BJWK01000009_1_prot_GEM09949_1_3966;exonerate},{ev_type:exonerate/ID=match.2566964.2853/Target=lcl|KQ954465_1_prot_KWU47219_1_641;exonerate}
125959	125784	internal-	5	6	{Augustus_model.g2469.t1;Augustus},{GlimmerHMM_glimmerT_3006-T1;GlimmerHMM},{GeneMark_model.3212_t;GeneMark},{ev_type:exonerate/ID=match.2566964.2855/Target=lcl|PJQD01000019_1_prot_POY75171_1_1656;exonerate},{ev_type:exonerate/ID=match.2566964.2856/Target=lcl|LCTV02000006_1_prot_PRQ74613_1_6598;exonerate},{ev_type:exonerate/ID=match.2566964.2857/Target=lcl|BJWK01000009_1_prot_GEM09949_1_3966;exonerate},{ev_type:exonerate/ID=match.2566964.2853/Target=lcl|KQ954465_1_prot_KWU47219_1_641;exonerate}
126128	125960	INTRON			{Augustus_model.g2469.t1;Augustus},{GlimmerHMM_glimmerT_3006-T1;GlimmerHMM},{GeneMark_model.3212_t;GeneMark},{ev_type:exonerate/ID=match.2566964.2855/Target=lcl|PJQD01000019_1_prot_POY75171_1_1656;exonerate},{ev_type:exonerate/ID=match.2566964.2856/Target=lcl|LCTV02000006_1_prot_PRQ74613_1_6598;exonerate},{ev_type:exonerate/ID=match.2566964.2857/Target=lcl|BJWK01000009_1_prot_GEM09949_1_3966;exonerate},{ev_type:exonerate/ID=match.2566964.2853/Target=lcl|KQ954465_1_prot_KWU47219_1_641;exonerate}
126321	126129	initial-	4	4	{Augustus_model.g2469.t1;Augustus},{GlimmerHMM_glimmerT_3006-T1;GlimmerHMM},{GeneMark_model.3212_t;GeneMark}

# EVM prediction: Mode:STANDARD S-ratio: 2.53 126567-130990 orient(-) score(16154.00) noncoding_equivalent(6385.28) raw_noncoding(8828.00) offset(2442.72) 
126620	126567	terminal-	4	6	{GeneMark_model.3213_t;GeneMark},{Augustus_model.g2470.t1;Augustus}
126712	126621	INTRON			{GeneMark_model.3213_t;GeneMark},{Augustus_model.g2470.t1;Augustus},{ev_type:exonerate/ID=match.2566964.2781/Target=lcl|KQ954465_1_prot_KWU47218_1_640;exonerate}
126758	126713	internal-	6	6	{GeneMark_model.3213_t;GeneMark},{Augustus_model.g2470.t1;Augustus},{ev_type:exonerate/ID=match.2566964.2781/Target=lcl|KQ954465_1_prot_KWU47218_1_640;exonerate}
126815	126759	INTRON			{GeneMark_model.3213_t;GeneMark},{Augustus_model.g2470.t1;Augustus},{ev_type:exonerate/ID=match.2566964.2781/Target=lcl|KQ954465_1_prot_KWU47218_1_640;exonerate}
126956	126816	internal-	6	5	{GeneMark_model.3213_t;GeneMark},{GlimmerHMM_glimmerT_3007-T1;GlimmerHMM},{Augustus_model.g2470.t1;Augustus},{ev_type:exonerate/ID=match.2566964.2781/Target=lcl|KQ954465_1_prot_KWU47218_1_640;exonerate}
127032	126957	INTRON			{GeneMark_model.3213_t;GeneMark},{GlimmerHMM_glimmerT_3007-T1;GlimmerHMM},{Augustus_model.g2470.t1;Augustus},{ev_type:exonerate/ID=match.2566964.2781/Target=lcl|KQ954465_1_prot_KWU47218_1_640;exonerate}
127113	127033	internal-	6	5	{GeneMark_model.3213_t;GeneMark},{GlimmerHMM_glimmerT_3007-T1;GlimmerHMM},{Augustus_model.g2470.t1;Augustus},{ev_type:exonerate/ID=match.2566964.2781/Target=lcl|KQ954465_1_prot_KWU47218_1_640;exonerate}
127183	127114	INTRON			{GeneMark_model.3213_t;GeneMark},{GlimmerHMM_glimmerT_3007-T1;GlimmerHMM},{Augustus_model.g2470.t1;Augustus},{ev_type:exonerate/ID=match.2566964.2781/Target=lcl|KQ954465_1_prot_KWU47218_1_640;exonerate}
127463	127184	internal-	5	5	{GeneMark_model.3213_t;GeneMark},{GlimmerHMM_glimmerT_3007-T1;GlimmerHMM},{Augustus_model.g2470.t1;Augustus},{ev_type:exonerate/ID=match.2566964.2781/Target=lcl|KQ954465_1_prot_KWU47218_1_640;exonerate}
127540	127464	INTRON			{GeneMark_model.3213_t;GeneMark},{GlimmerHMM_glimmerT_3007-T1;GlimmerHMM},{Augustus_model.g2470.t1;Augustus},{ev_type:exonerate/ID=match.2566964.2781/Target=lcl|KQ954465_1_prot_KWU47218_1_640;exonerate}
127770	127541	internal-	6	4	{GeneMark_model.3213_t;GeneMark},{GlimmerHMM_glimmerT_3007-T1;GlimmerHMM},{Augustus_model.g2470.t1;Augustus},{ev_type:exonerate/ID=match.2566964.2781/Target=lcl|KQ954465_1_prot_KWU47218_1_640;exonerate}
127839	127771	INTRON			{GeneMark_model.3213_t;GeneMark},{GlimmerHMM_glimmerT_3007-T1;GlimmerHMM},{Augustus_model.g2470.t1;Augustus},{ev_type:exonerate/ID=match.2566964.2781/Target=lcl|KQ954465_1_prot_KWU47218_1_640;exonerate}
128071	127840	internal-	5	5	{GeneMark_model.3213_t;GeneMark},{GlimmerHMM_glimmerT_3007-T1;GlimmerHMM},{Augustus_model.g2470.t1;Augustus},{ev_type:exonerate/ID=match.2566964.2781/Target=lcl|KQ954465_1_prot_KWU47218_1_640;exonerate}
128140	128072	INTRON			{GeneMark_model.3213_t;GeneMark},{Augustus_model.g2470.t1;Augustus},{ev_type:exonerate/ID=match.2566964.2781/Target=lcl|KQ954465_1_prot_KWU47218_1_640;exonerate}
128366	128141	internal-	4	4	{GeneMark_model.3213_t;GeneMark},{Augustus_model.g2470.t1;Augustus},{ev_type:exonerate/ID=match.2566964.2781/Target=lcl|KQ954465_1_prot_KWU47218_1_640;exonerate}
128431	128367	INTRON			{GeneMark_model.3213_t;GeneMark},{GlimmerHMM_glimmerT_3007-T1;GlimmerHMM},{Augustus_model.g2470.t1;Augustus},{ev_type:exonerate/ID=match.2566964.2781/Target=lcl|KQ954465_1_prot_KWU47218_1_640;exonerate}
129382	128432	internal-	4	6	{GeneMark_model.3213_t;GeneMark}
129974	129383	INTRON			{GeneMark_model.3213_t;GeneMark},{snap_scaffold_7-snap.118-T1;snap}
130208	129975	internal-	4	6	{GeneMark_model.3213_t;GeneMark},{GlimmerHMM_glimmerT_3007-T1;GlimmerHMM},{Augustus_model.g2470.t1;Augustus}
130278	130209	INTRON			{GeneMark_model.3213_t;GeneMark},{GlimmerHMM_glimmerT_3007-T1;GlimmerHMM},{Augustus_model.g2470.t1;Augustus},{ev_type:exonerate/ID=match.2566964.2936/Target=lcl|PJQD01000019_1_prot_POY75173_1_1658;exonerate}
130317	130279	internal-	4	6	{GeneMark_model.3213_t;GeneMark},{GlimmerHMM_glimmerT_3007-T1;GlimmerHMM},{Augustus_model.g2470.t1;Augustus},{ev_type:exonerate/ID=match.2566964.2936/Target=lcl|PJQD01000019_1_prot_POY75173_1_1658;exonerate}
130387	130318	INTRON			{GeneMark_model.3213_t;GeneMark},{GlimmerHMM_glimmerT_3007-T1;GlimmerHMM},{Augustus_model.g2470.t1;Augustus},{ev_type:exonerate/ID=match.2566964.2936/Target=lcl|PJQD01000019_1_prot_POY75173_1_1658;exonerate}
130500	130388	internal-	5	6	{GeneMark_model.3213_t;GeneMark},{GlimmerHMM_glimmerT_3007-T1;GlimmerHMM},{Augustus_model.g2470.t1;Augustus}
130977	130501	INTRON			{GeneMark_model.3213_t;GeneMark},{GlimmerHMM_glimmerT_3007-T1;GlimmerHMM},{Augustus_model.g2470.t1;Augustus}
130990	130978	initial-	4	4	{GeneMark_model.3213_t;GeneMark},{GlimmerHMM_glimmerT_3007-T1;GlimmerHMM},{Augustus_model.g2470.t1;Augustus}

# EVM prediction: Mode:STANDARD S-ratio: 2.02 132006-135553 orient(-) score(10351.00) noncoding_equivalent(5124.11) raw_noncoding(7031.00) offset(1906.89) 
132330	132006	terminal-	6	6	{snap_scaffold_7-snap.119-T1;snap},{GeneMark_model.3214_t;GeneMark},{Augustus_model.g2471.t1;Augustus},{GlimmerHMM_glimmerT_3008-T1;GlimmerHMM}
132418	132331	INTRON			{GeneMark_model.3214_t;GeneMark},{Augustus_model.g2471.t1;Augustus},{GlimmerHMM_glimmerT_3008-T1;GlimmerHMM}
132449	132419	internal-	5	5	{GeneMark_model.3214_t;GeneMark},{Augustus_model.g2471.t1;Augustus},{GlimmerHMM_glimmerT_3008-T1;GlimmerHMM}
132527	132450	INTRON			{GeneMark_model.3214_t;GeneMark},{Augustus_model.g2471.t1;Augustus}
132576	132528	internal-	4	4	{GeneMark_model.3214_t;GeneMark},{Augustus_model.g2471.t1;Augustus}
132640	132577	INTRON			{GeneMark_model.3214_t;GeneMark},{Augustus_model.g2471.t1;Augustus}
132657	132641	internal-	5	6	{GeneMark_model.3214_t;GeneMark},{Augustus_model.g2471.t1;Augustus}
132731	132658	INTRON			{GeneMark_model.3214_t;GeneMark},{Augustus_model.g2471.t1;Augustus}
132827	132732	internal-	5	4	{GeneMark_model.3214_t;GeneMark},{Augustus_model.g2471.t1;Augustus},{GlimmerHMM_glimmerT_3008-T1;GlimmerHMM}
132890	132828	INTRON			{GeneMark_model.3214_t;GeneMark},{Augustus_model.g2471.t1;Augustus},{GlimmerHMM_glimmerT_3008-T1;GlimmerHMM}
132958	132891	internal-	6	4	{GeneMark_model.3214_t;GeneMark},{Augustus_model.g2471.t1;Augustus},{GlimmerHMM_glimmerT_3008-T1;GlimmerHMM}
133030	132959	INTRON			{GeneMark_model.3214_t;GeneMark},{Augustus_model.g2471.t1;Augustus},{GlimmerHMM_glimmerT_3008-T1;GlimmerHMM}
133219	133031	internal-	6	5	{GeneMark_model.3214_t;GeneMark},{Augustus_model.g2471.t1;Augustus},{GlimmerHMM_glimmerT_3008-T1;GlimmerHMM}
133290	133220	INTRON			{GeneMark_model.3214_t;GeneMark},{Augustus_model.g2471.t1;Augustus},{GlimmerHMM_glimmerT_3008-T1;GlimmerHMM}
133307	133291	internal-	4	5	{GeneMark_model.3214_t;GeneMark},{Augustus_model.g2471.t1;Augustus},{GlimmerHMM_glimmerT_3008-T1;GlimmerHMM}
133378	133308	INTRON			{GeneMark_model.3214_t;GeneMark},{Augustus_model.g2471.t1;Augustus},{GlimmerHMM_glimmerT_3008-T1;GlimmerHMM}
133594	133379	internal-	4	6	{GeneMark_model.3214_t;GeneMark},{Augustus_model.g2471.t1;Augustus},{GlimmerHMM_glimmerT_3008-T1;GlimmerHMM}
133661	133595	INTRON			{GeneMark_model.3214_t;GeneMark},{Augustus_model.g2471.t1;Augustus},{GlimmerHMM_glimmerT_3008-T1;GlimmerHMM}
133739	133662	internal-	4	6	{GeneMark_model.3214_t;GeneMark},{Augustus_model.g2471.t1;Augustus},{GlimmerHMM_glimmerT_3008-T1;GlimmerHMM}
133804	133740	INTRON			{GeneMark_model.3214_t;GeneMark},{Augustus_model.g2471.t1;Augustus},{GlimmerHMM_glimmerT_3008-T1;GlimmerHMM}
133841	133805	internal-	6	6	{GeneMark_model.3214_t;GeneMark},{Augustus_model.g2471.t1;Augustus},{GlimmerHMM_glimmerT_3008-T1;GlimmerHMM}
133911	133842	INTRON			{GeneMark_model.3214_t;GeneMark},{Augustus_model.g2471.t1;Augustus}
133938	133912	internal-	6	5	{GeneMark_model.3214_t;GeneMark},{Augustus_model.g2471.t1;Augustus}
134008	133939	INTRON			{GeneMark_model.3214_t;GeneMark},{Augustus_model.g2471.t1;Augustus}
134199	134009	internal-	4	5	{GeneMark_model.3214_t;GeneMark},{Augustus_model.g2471.t1;Augustus},{GlimmerHMM_glimmerT_3008-T1;GlimmerHMM}
134261	134200	INTRON			{GeneMark_model.3214_t;GeneMark},{Augustus_model.g2471.t1;Augustus}
134276	134262	internal-	4	6	{GeneMark_model.3214_t;GeneMark},{Augustus_model.g2471.t1;Augustus}
134346	134277	INTRON			{GeneMark_model.3214_t;GeneMark},{Augustus_model.g2471.t1;Augustus}
134372	134347	internal-	5	6	{GeneMark_model.3214_t;GeneMark},{Augustus_model.g2471.t1;Augustus}
134436	134373	INTRON			{GeneMark_model.3214_t;GeneMark},{Augustus_model.g2471.t1;Augustus}
134503	134437	internal-	4	4	{GeneMark_model.3214_t;GeneMark},{Augustus_model.g2471.t1;Augustus}
134574	134504	INTRON			{GeneMark_model.3214_t;GeneMark},{Augustus_model.g2471.t1;Augustus}
134671	134575	internal-	6	6	{GeneMark_model.3214_t;GeneMark},{Augustus_model.g2471.t1;Augustus},{GlimmerHMM_glimmerT_3008-T1;GlimmerHMM}
134770	134672	INTRON			{GeneMark_model.3214_t;GeneMark},{Augustus_model.g2471.t1;Augustus},{GlimmerHMM_glimmerT_3008-T1;GlimmerHMM}
134936	134771	internal-	5	5	{GeneMark_model.3214_t;GeneMark},{Augustus_model.g2471.t1;Augustus},{GlimmerHMM_glimmerT_3008-T1;GlimmerHMM}
135003	134937	INTRON			{GeneMark_model.3214_t;GeneMark},{Augustus_model.g2471.t1;Augustus},{GlimmerHMM_glimmerT_3008-T1;GlimmerHMM}
135553	135004	initial-	4	4	{GeneMark_model.3214_t;GeneMark},{Augustus_model.g2471.t1;Augustus},{GlimmerHMM_glimmerT_3008-T1;GlimmerHMM}

# EVM prediction: Mode:STANDARD S-ratio: 7.76 136383-139460 orient(+) score(11135.00) noncoding_equivalent(1434.22) raw_noncoding(1987.59) offset(553.38) 
136383	136385	initial+	1	3	{Augustus_model.g2472.t1;Augustus},{GeneMark_model.3215_t;GeneMark}
136386	136564	INTRON			{Augustus_model.g2472.t1;Augustus},{GeneMark_model.3215_t;GeneMark}
136565	136624	internal+	1	3	{Augustus_model.g2472.t1;Augustus},{GeneMark_model.3215_t;GeneMark}
136625	136687	INTRON			{Augustus_model.g2472.t1;Augustus},{GeneMark_model.3215_t;GeneMark},{GlimmerHMM_glimmerT_3009-T1;GlimmerHMM}
136688	136772	internal+	1	1	{Augustus_model.g2472.t1;Augustus},{GeneMark_model.3215_t;GeneMark}
136773	136834	INTRON			{Augustus_model.g2472.t1;Augustus},{GeneMark_model.3215_t;GeneMark}
136835	137239	internal+	2	1	{Augustus_model.g2472.t1;Augustus},{GeneMark_model.3215_t;GeneMark}
137240	137310	INTRON			{GlimmerHMM_glimmerT_3010-T1;GlimmerHMM},{Augustus_model.g2472.t1;Augustus},{GeneMark_model.3215_t;GeneMark}
137311	139460	terminal+	2	3	{GlimmerHMM_glimmerT_3010-T1;GlimmerHMM},{snap_scaffold_7-snap.121-T1;snap},{Augustus_model.g2472.t1;Augustus},{GeneMark_model.3215_t;GeneMark}

# EVM prediction: Mode:STANDARD S-ratio: 3.39 140196-144091 orient(-) score(15268.00) noncoding_equivalent(4502.73) raw_noncoding(5842.67) offset(1339.95) 
140350	140196	terminal-	5	6	{GlimmerHMM_glimmerT_3011-T1;GlimmerHMM}
140413	140351	INTRON			{GlimmerHMM_glimmerT_3011-T1;GlimmerHMM},{GeneMark_model.3216_t;GeneMark},{Augustus_model.g2473.t1;Augustus},{ev_type:exonerate/ID=match.2566964.2832/Target=lcl|KQ954465_1_prot_KWU47216_1_638;exonerate}
140552	140414	internal-	4	4	{GeneMark_model.3216_t;GeneMark},{Augustus_model.g2473.t1;Augustus},{ev_type:exonerate/ID=match.2566964.2832/Target=lcl|KQ954465_1_prot_KWU47216_1_638;exonerate}
140618	140553	INTRON			{GeneMark_model.3216_t;GeneMark},{Augustus_model.g2473.t1;Augustus},{ev_type:exonerate/ID=match.2566964.2832/Target=lcl|KQ954465_1_prot_KWU47216_1_638;exonerate}
140719	140619	internal-	5	6	{GeneMark_model.3216_t;GeneMark},{Augustus_model.g2473.t1;Augustus},{ev_type:exonerate/ID=match.2566964.2832/Target=lcl|KQ954465_1_prot_KWU47216_1_638;exonerate}
140785	140720	INTRON			{GeneMark_model.3216_t;GeneMark},{Augustus_model.g2473.t1;Augustus},{ev_type:exonerate/ID=match.2566964.2832/Target=lcl|KQ954465_1_prot_KWU47216_1_638;exonerate}
141037	140786	internal-	5	4	{GeneMark_model.3216_t;GeneMark},{Augustus_model.g2473.t1;Augustus},{ev_type:exonerate/ID=match.2566964.2832/Target=lcl|KQ954465_1_prot_KWU47216_1_638;exonerate}
141107	141038	INTRON			{GeneMark_model.3216_t;GeneMark},{Augustus_model.g2473.t1;Augustus},{ev_type:exonerate/ID=match.2566964.2832/Target=lcl|KQ954465_1_prot_KWU47216_1_638;exonerate}
141127	141108	internal-	6	4	{GeneMark_model.3216_t;GeneMark},{Augustus_model.g2473.t1;Augustus},{ev_type:exonerate/ID=match.2566964.2832/Target=lcl|KQ954465_1_prot_KWU47216_1_638;exonerate}
141194	141128	INTRON			{GeneMark_model.3216_t;GeneMark},{Augustus_model.g2473.t1;Augustus},{ev_type:exonerate/ID=match.2566964.2832/Target=lcl|KQ954465_1_prot_KWU47216_1_638;exonerate}
141363	141195	internal-	5	5	{GeneMark_model.3216_t;GeneMark},{Augustus_model.g2473.t1;Augustus},{ev_type:exonerate/ID=match.2566964.2832/Target=lcl|KQ954465_1_prot_KWU47216_1_638;exonerate}
141427	141364	INTRON			{GlimmerHMM_glimmerT_3011-T1;GlimmerHMM},{GeneMark_model.3216_t;GeneMark},{Augustus_model.g2473.t1;Augustus},{ev_type:exonerate/ID=match.2566964.2832/Target=lcl|KQ954465_1_prot_KWU47216_1_638;exonerate}
141718	141428	internal-	5	4	{GlimmerHMM_glimmerT_3011-T1;GlimmerHMM},{GeneMark_model.3216_t;GeneMark},{Augustus_model.g2473.t1;Augustus},{ev_type:exonerate/ID=match.2566964.2832/Target=lcl|KQ954465_1_prot_KWU47216_1_638;exonerate}
141781	141719	INTRON			{GlimmerHMM_glimmerT_3011-T1;GlimmerHMM},{GeneMark_model.3216_t;GeneMark},{Augustus_model.g2473.t1;Augustus},{ev_type:exonerate/ID=match.2566964.2832/Target=lcl|KQ954465_1_prot_KWU47216_1_638;exonerate}
141964	141782	internal-	5	4	{GlimmerHMM_glimmerT_3011-T1;GlimmerHMM},{GeneMark_model.3216_t;GeneMark},{Augustus_model.g2473.t1;Augustus},{ev_type:exonerate/ID=match.2566964.2832/Target=lcl|KQ954465_1_prot_KWU47216_1_638;exonerate}
142026	141965	INTRON			{GeneMark_model.3216_t;GeneMark},{Augustus_model.g2473.t1;Augustus},{ev_type:exonerate/ID=match.2566964.2832/Target=lcl|KQ954465_1_prot_KWU47216_1_638;exonerate}
142067	142027	internal-	6	4	{GeneMark_model.3216_t;GeneMark},{Augustus_model.g2473.t1;Augustus},{ev_type:exonerate/ID=match.2566964.2832/Target=lcl|KQ954465_1_prot_KWU47216_1_638;exonerate}
142131	142068	INTRON			{GeneMark_model.3216_t;GeneMark},{Augustus_model.g2473.t1;Augustus},{ev_type:exonerate/ID=match.2566964.2832/Target=lcl|KQ954465_1_prot_KWU47216_1_638;exonerate}
142166	142132	internal-	4	5	{GeneMark_model.3216_t;GeneMark},{Augustus_model.g2473.t1;Augustus},{ev_type:exonerate/ID=match.2566964.2832/Target=lcl|KQ954465_1_prot_KWU47216_1_638;exonerate}
142235	142167	INTRON			{GlimmerHMM_glimmerT_3011-T1;GlimmerHMM},{GeneMark_model.3216_t;GeneMark},{Augustus_model.g2473.t1;Augustus},{ev_type:exonerate/ID=match.2566964.2832/Target=lcl|KQ954465_1_prot_KWU47216_1_638;exonerate}
142534	142236	internal-	5	6	{GlimmerHMM_glimmerT_3011-T1;GlimmerHMM},{GeneMark_model.3216_t;GeneMark},{Augustus_model.g2473.t1;Augustus},{ev_type:exonerate/ID=match.2566964.2832/Target=lcl|KQ954465_1_prot_KWU47216_1_638;exonerate}
142596	142535	INTRON			{GlimmerHMM_glimmerT_3011-T1;GlimmerHMM},{GeneMark_model.3216_t;GeneMark},{Augustus_model.g2473.t1;Augustus},{ev_type:exonerate/ID=match.2566964.2832/Target=lcl|KQ954465_1_prot_KWU47216_1_638;exonerate}
142667	142597	internal-	6	4	{GlimmerHMM_glimmerT_3011-T1;GlimmerHMM},{GeneMark_model.3216_t;GeneMark},{Augustus_model.g2473.t1;Augustus},{ev_type:exonerate/ID=match.2566964.2832/Target=lcl|KQ954465_1_prot_KWU47216_1_638;exonerate}
142726	142668	INTRON			{GlimmerHMM_glimmerT_3011-T1;GlimmerHMM},{GeneMark_model.3216_t;GeneMark},{Augustus_model.g2473.t1;Augustus},{ev_type:exonerate/ID=match.2566964.2832/Target=lcl|KQ954465_1_prot_KWU47216_1_638;exonerate}
142938	142727	internal-	4	5	{GeneMark_model.3216_t;GeneMark},{Augustus_model.g2473.t1;Augustus},{ev_type:exonerate/ID=match.2566964.2832/Target=lcl|KQ954465_1_prot_KWU47216_1_638;exonerate}
142995	142939	INTRON			{GeneMark_model.3216_t;GeneMark},{Augustus_model.g2473.t1;Augustus},{ev_type:exonerate/ID=match.2566964.2832/Target=lcl|KQ954465_1_prot_KWU47216_1_638;exonerate}
143055	142996	internal-	4	6	{GeneMark_model.3216_t;GeneMark},{Augustus_model.g2473.t1;Augustus},{ev_type:exonerate/ID=match.2566964.2832/Target=lcl|KQ954465_1_prot_KWU47216_1_638;exonerate}
143133	143056	INTRON			{GlimmerHMM_glimmerT_3011-T1;GlimmerHMM},{GeneMark_model.3216_t;GeneMark},{Augustus_model.g2473.t1;Augustus},{ev_type:exonerate/ID=match.2566964.2832/Target=lcl|KQ954465_1_prot_KWU47216_1_638;exonerate}
143273	143134	internal-	5	6	{GlimmerHMM_glimmerT_3011-T1;GlimmerHMM},{GeneMark_model.3216_t;GeneMark},{Augustus_model.g2473.t1;Augustus},{ev_type:exonerate/ID=match.2566964.2832/Target=lcl|KQ954465_1_prot_KWU47216_1_638;exonerate}
143337	143274	INTRON			{GlimmerHMM_glimmerT_3011-T1;GlimmerHMM},{GeneMark_model.3216_t;GeneMark},{Augustus_model.g2473.t1;Augustus},{ev_type:exonerate/ID=match.2566964.2832/Target=lcl|KQ954465_1_prot_KWU47216_1_638;exonerate}
143404	143338	internal-	4	4	{GeneMark_model.3216_t;GeneMark},{Augustus_model.g2473.t1;Augustus}
143465	143405	INTRON			{GeneMark_model.3216_t;GeneMark},{Augustus_model.g2473.t1;Augustus}
143577	143466	internal-	6	6	{GeneMark_model.3216_t;GeneMark},{Augustus_model.g2473.t1;Augustus}
143681	143578	INTRON			{GeneMark_model.3216_t;GeneMark},{Augustus_model.g2473.t1;Augustus}
144091	143682	initial-	4	5	{GlimmerHMM_glimmerT_3011-T1;GlimmerHMM},{GeneMark_model.3216_t;GeneMark},{Augustus_model.g2473.t1;Augustus}

