# EVM prediction: Mode:STANDARD S-ratio: 2.79 1525-6352 orient(+) score(15411.00) noncoding_equivalent(5532.28) raw_noncoding(7750.33) offset(2218.05)
1525	1535	initial+	1	2	{GeneMark_model.5351_t;GeneMark},{Augustus_model.g4145.t1;Augustus}
1536	1604	INTRON			{GeneMark_model.5351_t;GeneMark},{Augustus_model.g4145.t1;Augustus}
1605	1636	internal+	3	1	{GeneMark_model.5351_t;GeneMark},{Augustus_model.g4145.t1;Augustus}
1637	1907	INTRON			{GeneMark_model.5351_t;GeneMark},{Augustus_model.g4145.t1;Augustus},{ev_type:exonerate/ID=match.2566964.4126/Target=lcl|PJQD01000028_1_prot_POY74170_1_2783;exonerate}
1908	2073	internal+	2	2	{GeneMark_model.5351_t;GeneMark},{Augustus_model.g4145.t1;Augustus},{ev_type:exonerate/ID=match.2566964.4126/Target=lcl|PJQD01000028_1_prot_POY74170_1_2783;exonerate}
2074	2167	INTRON			{GeneMark_model.5351_t;GeneMark},{Augustus_model.g4145.t1;Augustus},{ev_type:exonerate/ID=match.2566964.4126/Target=lcl|PJQD01000028_1_prot_POY74170_1_2783;exonerate}
2168	2261	internal+	3	3	{GeneMark_model.5351_t;GeneMark},{Augustus_model.g4145.t1;Augustus},{ev_type:exonerate/ID=match.2566964.4126/Target=lcl|PJQD01000028_1_prot_POY74170_1_2783;exonerate}
2262	2366	INTRON			{GeneMark_model.5351_t;GeneMark},{Augustus_model.g4145.t1;Augustus},{ev_type:exonerate/ID=match.2566964.4126/Target=lcl|PJQD01000028_1_prot_POY74170_1_2783;exonerate}
2367	2776	internal+	1	2	{GeneMark_model.5351_t;GeneMark},{Augustus_model.g4145.t1;Augustus},{ev_type:exonerate/ID=match.2566964.4126/Target=lcl|PJQD01000028_1_prot_POY74170_1_2783;exonerate}
2777	2854	INTRON			{GeneMark_model.5351_t;GeneMark},{GlimmerHMM_glimmerT_5002-T1;GlimmerHMM},{Augustus_model.g4145.t1;Augustus},{ev_type:exonerate/ID=match.2566964.4126/Target=lcl|PJQD01000028_1_prot_POY74170_1_2783;exonerate}
2855	3028	internal+	3	2	{GeneMark_model.5351_t;GeneMark},{Augustus_model.g4145.t1;Augustus}
3029	3293	INTRON			{GeneMark_model.5351_t;GeneMark},{Augustus_model.g4145.t1;Augustus}
3294	3392	internal+	3	2	{GeneMark_model.5351_t;GeneMark}
3393	3474	INTRON			{GeneMark_model.5351_t;GeneMark}
3475	3796	internal+	3	3	{GeneMark_model.5351_t;GeneMark}
3797	3859	INTRON			{GeneMark_model.5351_t;GeneMark}
3860	3969	internal+	1	2	{GeneMark_model.5351_t;GeneMark},{GlimmerHMM_glimmerT_5002-T1;GlimmerHMM},{Augustus_model.g4145.t1;Augustus}
3970	4035	INTRON			{GeneMark_model.5351_t;GeneMark},{GlimmerHMM_glimmerT_5002-T1;GlimmerHMM},{Augustus_model.g4145.t1;Augustus}
4036	4555	internal+	3	3	{GeneMark_model.5351_t;GeneMark},{GlimmerHMM_glimmerT_5002-T1;GlimmerHMM},{Augustus_model.g4145.t1;Augustus}
4556	4612	INTRON			{GeneMark_model.5351_t;GeneMark},{GlimmerHMM_glimmerT_5002-T1;GlimmerHMM},{Augustus_model.g4145.t1;Augustus}
4613	4748	internal+	1	1	{GeneMark_model.5351_t;GeneMark},{GlimmerHMM_glimmerT_5002-T1;GlimmerHMM},{Augustus_model.g4145.t1;Augustus}
4749	4811	INTRON			{GeneMark_model.5351_t;GeneMark},{GlimmerHMM_glimmerT_5002-T1;GlimmerHMM},{Augustus_model.g4145.t1;Augustus}
4812	5192	internal+	2	1	{GeneMark_model.5351_t;GeneMark},{Augustus_model.g4145.t1;Augustus}
5193	5261	INTRON			{GeneMark_model.5351_t;GeneMark},{Augustus_model.g4145.t1;Augustus}
5262	6352	terminal+	2	3	{GeneMark_model.5351_t;GeneMark},{Augustus_model.g4145.t1;Augustus}

# EVM prediction: Mode:STANDARD S-ratio: 1.76 6927-9312 orient(-) score(6947.00) noncoding_equivalent(3943.12) raw_noncoding(4993.20) offset(1050.08)
6934	6927	terminal-	5	6	{GeneMark_model.5352_t;GeneMark},{Augustus_model.g4146.t1;Augustus}
7027	6935	INTRON			{GeneMark_model.5352_t;GeneMark},{Augustus_model.g4146.t1;Augustus}
7249	7028	internal-	5	4	{GeneMark_model.5352_t;GeneMark},{GlimmerHMM_glimmerT_5003-T1;GlimmerHMM},{Augustus_model.g4146.t1;Augustus}
7335	7250	INTRON			{GeneMark_model.5352_t;GeneMark},{GlimmerHMM_glimmerT_5003-T1;GlimmerHMM},{Augustus_model.g4146.t1;Augustus}
7543	7336	internal-	4	4	{GeneMark_model.5352_t;GeneMark},{Augustus_model.g4146.t1;Augustus}
7653	7544	INTRON			{GeneMark_model.5352_t;GeneMark},{Augustus_model.g4146.t1;Augustus}
7757	7654	internal-	5	6	{GeneMark_model.5352_t;GeneMark},{GlimmerHMM_glimmerT_5003-T1;GlimmerHMM},{Augustus_model.g4146.t1;Augustus}
7879	7758	INTRON			{GeneMark_model.5352_t;GeneMark},{GlimmerHMM_glimmerT_5003-T1;GlimmerHMM},{Augustus_model.g4146.t1;Augustus}
8223	7880	internal-	6	4	{GeneMark_model.5352_t;GeneMark},{GlimmerHMM_glimmerT_5003-T1;GlimmerHMM},{Augustus_model.g4146.t1;Augustus}
8444	8224	INTRON			{GeneMark_model.5352_t;GeneMark},{GlimmerHMM_glimmerT_5003-T1;GlimmerHMM},{Augustus_model.g4146.t1;Augustus}
8669	8445	internal-	6	5	{GeneMark_model.5352_t;GeneMark},{GlimmerHMM_glimmerT_5003-T1;GlimmerHMM},{Augustus_model.g4146.t1;Augustus}
8758	8670	INTRON			{GeneMark_model.5352_t;GeneMark},{GlimmerHMM_glimmerT_5003-T1;GlimmerHMM},{Augustus_model.g4146.t1;Augustus}
8969	8759	internal-	5	5	{GeneMark_model.5352_t;GeneMark},{GlimmerHMM_glimmerT_5003-T1;GlimmerHMM},{Augustus_model.g4146.t1;Augustus}
9050	8970	INTRON			{GeneMark_model.5352_t;GeneMark},{GlimmerHMM_glimmerT_5003-T1;GlimmerHMM},{Augustus_model.g4146.t1;Augustus}
9150	9051	internal-	4	4	{GeneMark_model.5352_t;GeneMark},{GlimmerHMM_glimmerT_5003-T1;GlimmerHMM},{Augustus_model.g4146.t1;Augustus}
9237	9151	INTRON			{GeneMark_model.5352_t;GeneMark},{GlimmerHMM_glimmerT_5003-T1;GlimmerHMM},{Augustus_model.g4146.t1;Augustus}
9312	9238	initial-	4	6	{GeneMark_model.5352_t;GeneMark},{GlimmerHMM_glimmerT_5003-T1;GlimmerHMM},{Augustus_model.g4146.t1;Augustus}

# EVM prediction: Mode:STANDARD S-ratio: 1.90 9751-12044 orient(+) score(6522.00) noncoding_equivalent(3441.24) raw_noncoding(4196.78) offset(755.55)
9751	10151	initial+	1	2	{GlimmerHMM_glimmerT_5004-T1;GlimmerHMM},{GeneMark_model.5353_t;GeneMark}
10152	10217	INTRON			{GlimmerHMM_glimmerT_5004-T1;GlimmerHMM},{GeneMark_model.5353_t;GeneMark}
10218	10395	internal+	3	3	{GlimmerHMM_glimmerT_5004-T1;GlimmerHMM},{Augustus_model.g4147.t1;Augustus},{GeneMark_model.5353_t;GeneMark}
10396	10468	INTRON			{GlimmerHMM_glimmerT_5004-T1;GlimmerHMM},{Augustus_model.g4147.t1;Augustus},{GeneMark_model.5353_t;GeneMark}
10469	10624	internal+	1	3	{GlimmerHMM_glimmerT_5004-T1;GlimmerHMM},{Augustus_model.g4147.t1;Augustus},{GeneMark_model.5353_t;GeneMark}
10625	10704	INTRON			{GlimmerHMM_glimmerT_5004-T1;GlimmerHMM},{Augustus_model.g4147.t1;Augustus},{GeneMark_model.5353_t;GeneMark}
10705	10788	internal+	1	3	{GlimmerHMM_glimmerT_5004-T1;GlimmerHMM},{Augustus_model.g4147.t1;Augustus},{GeneMark_model.5353_t;GeneMark}
10789	10865	INTRON			{GlimmerHMM_glimmerT_5004-T1;GlimmerHMM},{Augustus_model.g4147.t1;Augustus},{GeneMark_model.5353_t;GeneMark}
10866	10990	internal+	1	2	{GlimmerHMM_glimmerT_5004-T1;GlimmerHMM},{Augustus_model.g4147.t1;Augustus},{GeneMark_model.5353_t;GeneMark}
10991	11076	INTRON			{GlimmerHMM_glimmerT_5004-T1;GlimmerHMM},{Augustus_model.g4147.t1;Augustus},{GeneMark_model.5353_t;GeneMark}
11077	11353	internal+	3	3	{GlimmerHMM_glimmerT_5004-T1;GlimmerHMM},{Augustus_model.g4147.t1;Augustus},{GeneMark_model.5353_t;GeneMark}
11354	11442	INTRON			{GlimmerHMM_glimmerT_5004-T1;GlimmerHMM},{Augustus_model.g4147.t1;Augustus},{GeneMark_model.5353_t;GeneMark}
11443	11645	internal+	1	2	{GlimmerHMM_glimmerT_5004-T1;GlimmerHMM},{GeneMark_model.5353_t;GeneMark}
11646	11721	INTRON			{GlimmerHMM_glimmerT_5004-T1;GlimmerHMM},{GeneMark_model.5353_t;GeneMark}
11722	11835	internal+	3	2	{GlimmerHMM_glimmerT_5004-T1;GlimmerHMM},{GeneMark_model.5353_t;GeneMark}
11836	11920	INTRON			{GlimmerHMM_glimmerT_5004-T1;GlimmerHMM},{GeneMark_model.5353_t;GeneMark}
11921	12044	terminal+	3	3	{GlimmerHMM_glimmerT_5004-T1;GlimmerHMM},{GeneMark_model.5353_t;GeneMark}

# EVM prediction: Mode:STANDARD S-ratio: 2.51 13011-14302 orient(+) score(3626.00) noncoding_equivalent(1442.58) raw_noncoding(1752.58) offset(310.00)
13011	13050	initial+	1	1	{GlimmerHMM_glimmerT_5005-T1;GlimmerHMM}
13051	13164	INTRON			{GlimmerHMM_glimmerT_5005-T1;GlimmerHMM}
13165	13604	internal+	2	3	{GlimmerHMM_glimmerT_5005-T1;GlimmerHMM},{GeneMark_model.5354_t;GeneMark},{Augustus_model.g4147.t1;Augustus}
13605	13672	INTRON			{GlimmerHMM_glimmerT_5005-T1;GlimmerHMM},{GeneMark_model.5354_t;GeneMark},{Augustus_model.g4147.t1;Augustus}
13673	14302	terminal+	1	3	{GlimmerHMM_glimmerT_5005-T1;GlimmerHMM},{GeneMark_model.5354_t;GeneMark},{Augustus_model.g4147.t1;Augustus}

# EVM prediction: Mode:STANDARD S-ratio: 1.64 14433-16710 orient(-) score(6331.00) noncoding_equivalent(3866.21) raw_noncoding(4612.00) offset(745.79)
14880	14433	terminal-	6	6	{GlimmerHMM_glimmerT_5006-T1;GlimmerHMM},{GeneMark_model.5355_t;GeneMark}
14960	14881	INTRON			{GlimmerHMM_glimmerT_5006-T1;GlimmerHMM},{GeneMark_model.5355_t;GeneMark}
15023	14961	internal-	6	5	{Augustus_model.g4148.t1;Augustus},{GlimmerHMM_glimmerT_5006-T1;GlimmerHMM},{GeneMark_model.5355_t;GeneMark}
15096	15024	INTRON			{Augustus_model.g4148.t1;Augustus},{GlimmerHMM_glimmerT_5006-T1;GlimmerHMM},{GeneMark_model.5355_t;GeneMark}
15232	15097	internal-	5	5	{Augustus_model.g4148.t1;Augustus},{GlimmerHMM_glimmerT_5006-T1;GlimmerHMM},{GeneMark_model.5355_t;GeneMark}
15312	15233	INTRON			{Augustus_model.g4148.t1;Augustus},{GlimmerHMM_glimmerT_5006-T1;GlimmerHMM},{GeneMark_model.5355_t;GeneMark}
15584	15313	internal-	6	4	{Augustus_model.g4148.t1;Augustus},{GlimmerHMM_glimmerT_5006-T1;GlimmerHMM},{GeneMark_model.5355_t;GeneMark}
15651	15585	INTRON			{Augustus_model.g4148.t1;Augustus},{GlimmerHMM_glimmerT_5006-T1;GlimmerHMM},{GeneMark_model.5355_t;GeneMark}
15807	15652	internal-	6	5	{Augustus_model.g4148.t1;Augustus},{GlimmerHMM_glimmerT_5006-T1;GlimmerHMM},{GeneMark_model.5355_t;GeneMark}
15927	15808	INTRON			{Augustus_model.g4148.t1;Augustus},{GlimmerHMM_glimmerT_5006-T1;GlimmerHMM},{GeneMark_model.5355_t;GeneMark}
16075	15928	internal-	5	5	{Augustus_model.g4148.t1;Augustus},{GlimmerHMM_glimmerT_5006-T1;GlimmerHMM},{GeneMark_model.5355_t;GeneMark}
16144	16076	INTRON			{Augustus_model.g4148.t1;Augustus},{GlimmerHMM_glimmerT_5006-T1;GlimmerHMM},{GeneMark_model.5355_t;GeneMark}
16268	16145	internal-	4	4	{Augustus_model.g4148.t1;Augustus},{GlimmerHMM_glimmerT_5006-T1;GlimmerHMM},{GeneMark_model.5355_t;GeneMark}
16344	16269	INTRON			{Augustus_model.g4148.t1;Augustus},{GlimmerHMM_glimmerT_5006-T1;GlimmerHMM},{GeneMark_model.5355_t;GeneMark}
16546	16345	internal-	6	6	{Augustus_model.g4148.t1;Augustus},{GlimmerHMM_glimmerT_5006-T1;GlimmerHMM},{GeneMark_model.5355_t;GeneMark}
16618	16547	INTRON			{Augustus_model.g4148.t1;Augustus},{GlimmerHMM_glimmerT_5006-T1;GlimmerHMM},{GeneMark_model.5355_t;GeneMark}
16710	16619	initial-	4	5	{Augustus_model.g4148.t1;Augustus},{GlimmerHMM_glimmerT_5006-T1;GlimmerHMM},{GeneMark_model.5355_t;GeneMark}

# EVM prediction: Mode:STANDARD S-ratio: 3.48 17238-20076 orient(-) score(11954.00) noncoding_equivalent(3435.42) raw_noncoding(4291.00) offset(855.58)
17303	17238	terminal-	4	6	{Augustus_model.g4149.t1;Augustus},{GeneMark_model.5356_t;GeneMark},{GlimmerHMM_glimmerT_5007-T1;GlimmerHMM}
17398	17304	INTRON			{Augustus_model.g4149.t1;Augustus},{GeneMark_model.5356_t;GeneMark},{GlimmerHMM_glimmerT_5007-T1;GlimmerHMM},{ev_type:exonerate/ID=match.2566964.4104/Target=lcl|PJQD01000091_1_prot_POY70971_1_6721;exonerate}
17506	17399	internal-	4	6	{Augustus_model.g4149.t1;Augustus},{GeneMark_model.5356_t;GeneMark},{GlimmerHMM_glimmerT_5007-T1;GlimmerHMM},{ev_type:exonerate/ID=match.2566964.4104/Target=lcl|PJQD01000091_1_prot_POY70971_1_6721;exonerate}
17585	17507	INTRON			{Augustus_model.g4149.t1;Augustus},{GeneMark_model.5356_t;GeneMark},{GlimmerHMM_glimmerT_5007-T1;GlimmerHMM},{ev_type:exonerate/ID=match.2566964.4104/Target=lcl|PJQD01000091_1_prot_POY70971_1_6721;exonerate}
18115	17586	internal-	5	6	{Augustus_model.g4149.t1;Augustus},{GeneMark_model.5356_t;GeneMark},{GlimmerHMM_glimmerT_5007-T1;GlimmerHMM},{ev_type:exonerate/ID=match.2566964.4104/Target=lcl|PJQD01000091_1_prot_POY70971_1_6721;exonerate}
18201	18116	INTRON			{Augustus_model.g4149.t1;Augustus},{GeneMark_model.5356_t;GeneMark},{GlimmerHMM_glimmerT_5007-T1;GlimmerHMM},{ev_type:exonerate/ID=match.2566964.4104/Target=lcl|PJQD01000091_1_prot_POY70971_1_6721;exonerate}
18572	18202	internal-	6	4	{Augustus_model.g4149.t1;Augustus},{GeneMark_model.5356_t;GeneMark},{GlimmerHMM_glimmerT_5007-T1;GlimmerHMM},{ev_type:exonerate/ID=match.2566964.4104/Target=lcl|PJQD01000091_1_prot_POY70971_1_6721;exonerate}
18644	18573	INTRON			{Augustus_model.g4149.t1;Augustus},{GeneMark_model.5356_t;GeneMark},{GlimmerHMM_glimmerT_5007-T1;GlimmerHMM}
18660	18645	internal-	5	5	{Augustus_model.g4149.t1;Augustus},{GeneMark_model.5356_t;GeneMark},{GlimmerHMM_glimmerT_5007-T1;GlimmerHMM}
18751	18661	INTRON			{GeneMark_model.5356_t;GeneMark},{GlimmerHMM_glimmerT_5007-T1;GlimmerHMM}
18928	18752	internal-	5	4	{GeneMark_model.5356_t;GeneMark},{GlimmerHMM_glimmerT_5007-T1;GlimmerHMM}
19006	18929	INTRON			{snap_scaffold_13-snap.7-T1;snap},{Augustus_model.g4149.t1;Augustus},{GeneMark_model.5356_t;GeneMark},{GlimmerHMM_glimmerT_5007-T1;GlimmerHMM},{ev_type:exonerate/ID=match.2566964.4104/Target=lcl|PJQD01000091_1_prot_POY70971_1_6721;exonerate}
19056	19007	internal-	6	4	{Augustus_model.g4149.t1;Augustus},{GeneMark_model.5356_t;GeneMark},{GlimmerHMM_glimmerT_5007-T1;GlimmerHMM},{ev_type:exonerate/ID=match.2566964.4104/Target=lcl|PJQD01000091_1_prot_POY70971_1_6721;exonerate}
19137	19057	INTRON			{Augustus_model.g4149.t1;Augustus},{GeneMark_model.5356_t;GeneMark},{GlimmerHMM_glimmerT_5007-T1;GlimmerHMM},{ev_type:exonerate/ID=match.2566964.4104/Target=lcl|PJQD01000091_1_prot_POY70971_1_6721;exonerate}
19154	19138	internal-	4	5	{Augustus_model.g4149.t1;Augustus},{GeneMark_model.5356_t;GeneMark},{GlimmerHMM_glimmerT_5007-T1;GlimmerHMM},{ev_type:exonerate/ID=match.2566964.4104/Target=lcl|PJQD01000091_1_prot_POY70971_1_6721;exonerate}
19253	19155	INTRON			{Augustus_model.g4149.t1;Augustus},{GeneMark_model.5356_t;GeneMark},{GlimmerHMM_glimmerT_5007-T1;GlimmerHMM},{ev_type:exonerate/ID=match.2566964.4104/Target=lcl|PJQD01000091_1_prot_POY70971_1_6721;exonerate}
19470	19254	internal-	6	6	{Augustus_model.g4149.t1;Augustus},{GeneMark_model.5356_t;GeneMark},{GlimmerHMM_glimmerT_5007-T1;GlimmerHMM}
19555	19471	INTRON			{Augustus_model.g4149.t1;Augustus},{GeneMark_model.5356_t;GeneMark},{GlimmerHMM_glimmerT_5007-T1;GlimmerHMM}
19570	19556	internal-	6	5	{Augustus_model.g4149.t1;Augustus},{GeneMark_model.5356_t;GeneMark},{GlimmerHMM_glimmerT_5007-T1;GlimmerHMM}
19652	19571	INTRON			{Augustus_model.g4149.t1;Augustus},{GeneMark_model.5356_t;GeneMark},{GlimmerHMM_glimmerT_5007-T1;GlimmerHMM}
19739	19653	internal-	6	5	{Augustus_model.g4149.t1;Augustus},{GeneMark_model.5356_t;GeneMark},{GlimmerHMM_glimmerT_5007-T1;GlimmerHMM}
19810	19740	INTRON			{Augustus_model.g4149.t1;Augustus},{GeneMark_model.5356_t;GeneMark},{ev_type:exonerate/ID=match.2566964.4104/Target=lcl|PJQD01000091_1_prot_POY70971_1_6721;exonerate}
19840	19811	internal-	6	5	{Augustus_model.g4149.t1;Augustus},{GeneMark_model.5356_t;GeneMark},{ev_type:exonerate/ID=match.2566964.4104/Target=lcl|PJQD01000091_1_prot_POY70971_1_6721;exonerate}
19924	19841	INTRON			{Augustus_model.g4149.t1;Augustus},{GeneMark_model.5356_t;GeneMark},{ev_type:exonerate/ID=match.2566964.4104/Target=lcl|PJQD01000091_1_prot_POY70971_1_6721;exonerate}
20076	19925	initial-	4	5	{Augustus_model.g4149.t1;Augustus},{GeneMark_model.5356_t;GeneMark},{GlimmerHMM_glimmerT_5007-T1;GlimmerHMM}

# EVM prediction: Mode:STANDARD S-ratio: 11.45 20996-22320 orient(+) score(9940.00) noncoding_equivalent(868.00) raw_noncoding(1004.00) offset(136.00)
20996	21086	initial+	1	1	{Augustus_model.g4150.t1;Augustus},{GeneMark_model.5357_t;GeneMark},{GlimmerHMM_glimmerT_5008-T1;GlimmerHMM}
21087	21203	INTRON			{Augustus_model.g4150.t1;Augustus},{GeneMark_model.5357_t;GeneMark},{GlimmerHMM_glimmerT_5008-T1;GlimmerHMM},{ev_type:exonerate/ID=match.2566964.4119/Target=lcl|NW_017264948_1_prot_XP_018267634_1_7207;exonerate},{ev_type:exonerate/ID=match.2566964.4116/Target=lcl|KQ954511_1_prot_KWU42292_1_5339;exonerate},{ev_type:exonerate/ID=match.2566964.4120/Target=lcl|BJWK01000028_1_prot_GEM12830_1_6847;exonerate},{ev_type:exonerate/ID=match.2566964.4114/Target=lcl|PJQD01000091_1_prot_POY70970_1_6720;exonerate}
21204	21682	internal+	2	3	{Augustus_model.g4150.t1;Augustus},{GeneMark_model.5357_t;GeneMark},{GlimmerHMM_glimmerT_5008-T1;GlimmerHMM},{ev_type:exonerate/ID=match.2566964.4119/Target=lcl|NW_017264948_1_prot_XP_018267634_1_7207;exonerate},{ev_type:exonerate/ID=match.2566964.4116/Target=lcl|KQ954511_1_prot_KWU42292_1_5339;exonerate},{ev_type:exonerate/ID=match.2566964.4120/Target=lcl|BJWK01000028_1_prot_GEM12830_1_6847;exonerate},{ev_type:exonerate/ID=match.2566964.4114/Target=lcl|PJQD01000091_1_prot_POY70970_1_6720;exonerate}
21683	21780	INTRON			{Augustus_model.g4150.t1;Augustus},{GeneMark_model.5357_t;GeneMark},{GlimmerHMM_glimmerT_5008-T1;GlimmerHMM},{ev_type:exonerate/ID=match.2566964.4119/Target=lcl|NW_017264948_1_prot_XP_018267634_1_7207;exonerate},{ev_type:exonerate/ID=match.2566964.4116/Target=lcl|KQ954511_1_prot_KWU42292_1_5339;exonerate},{ev_type:exonerate/ID=match.2566964.4120/Target=lcl|BJWK01000028_1_prot_GEM12830_1_6847;exonerate},{ev_type:exonerate/ID=match.2566964.4114/Target=lcl|PJQD01000091_1_prot_POY70970_1_6720;exonerate}
21781	22125	internal+	1	3	{GeneMark_model.5357_t;GeneMark},{ev_type:exonerate/ID=match.2566964.4119/Target=lcl|NW_017264948_1_prot_XP_018267634_1_7207;exonerate},{ev_type:exonerate/ID=match.2566964.4116/Target=lcl|KQ954511_1_prot_KWU42292_1_5339;exonerate},{ev_type:exonerate/ID=match.2566964.4120/Target=lcl|BJWK01000028_1_prot_GEM12830_1_6847;exonerate},{ev_type:exonerate/ID=match.2566964.4114/Target=lcl|PJQD01000091_1_prot_POY70970_1_6720;exonerate}
22126	22188	INTRON			{GeneMark_model.5357_t;GeneMark},{ev_type:exonerate/ID=match.2566964.4119/Target=lcl|NW_017264948_1_prot_XP_018267634_1_7207;exonerate},{ev_type:exonerate/ID=match.2566964.4116/Target=lcl|KQ954511_1_prot_KWU42292_1_5339;exonerate},{ev_type:exonerate/ID=match.2566964.4120/Target=lcl|BJWK01000028_1_prot_GEM12830_1_6847;exonerate},{ev_type:exonerate/ID=match.2566964.4114/Target=lcl|PJQD01000091_1_prot_POY70970_1_6720;exonerate}
22189	22320	terminal+	1	3	{GeneMark_model.5357_t;GeneMark}

# EVM prediction: Mode:STANDARD S-ratio: 4.76 22710-26460 orient(-) score(12698.00) noncoding_equivalent(2670.15) raw_noncoding(2947.39) offset(277.24)
22869	22710	terminal-	6	6	{GeneMark_model.5358_t;GeneMark},{GlimmerHMM_glimmerT_5009-T1;GlimmerHMM},{Augustus_model.g4151.t1;Augustus}
22947	22870	INTRON			{GeneMark_model.5358_t;GeneMark},{GlimmerHMM_glimmerT_5009-T1;GlimmerHMM},{Augustus_model.g4151.t1;Augustus}
23785	22948	internal-	5	5	{GeneMark_model.5358_t;GeneMark},{GlimmerHMM_glimmerT_5009-T1;GlimmerHMM},{Augustus_model.g4151.t1;Augustus}
23846	23786	INTRON			{GeneMark_model.5358_t;GeneMark},{GlimmerHMM_glimmerT_5009-T1;GlimmerHMM},{Augustus_model.g4151.t1;Augustus}
24863	23847	internal-	5	4	{GeneMark_model.5358_t;GeneMark},{GlimmerHMM_glimmerT_5009-T1;GlimmerHMM},{Augustus_model.g4151.t1;Augustus}
24934	24864	INTRON			{GeneMark_model.5358_t;GeneMark},{GlimmerHMM_glimmerT_5009-T1;GlimmerHMM},{Augustus_model.g4151.t1;Augustus}
25888	24935	internal-	5	4	{GeneMark_model.5358_t;GeneMark},{GlimmerHMM_glimmerT_5009-T1;GlimmerHMM},{Augustus_model.g4151.t1;Augustus}
25960	25889	INTRON			{GeneMark_model.5358_t;GeneMark},{GlimmerHMM_glimmerT_5009-T1;GlimmerHMM},{Augustus_model.g4151.t1;Augustus}
26308	25961	internal-	5	4	{GeneMark_model.5358_t;GeneMark}
26399	26309	INTRON			{GeneMark_model.5358_t;GeneMark}
26460	26400	initial-	4	4	{GeneMark_model.5358_t;GeneMark}

# EVM prediction: Mode:STANDARD S-ratio: 1.65 28407-28978 orient(-) score(1708.00) noncoding_equivalent(1032.11) raw_noncoding(1270.11) offset(238.00)
28676	28407	terminal-	4	6	{GlimmerHMM_glimmerT_5010-T1;GlimmerHMM}
28793	28677	INTRON			{GeneMark_model.5359_t;GeneMark},{GlimmerHMM_glimmerT_5010-T1;GlimmerHMM},{Augustus_model.g4151.t1;Augustus}
28846	28794	internal-	5	6	{GeneMark_model.5359_t;GeneMark},{GlimmerHMM_glimmerT_5010-T1;GlimmerHMM},{Augustus_model.g4151.t1;Augustus}
28959	28847	INTRON			{GeneMark_model.5359_t;GeneMark},{GlimmerHMM_glimmerT_5010-T1;GlimmerHMM},{Augustus_model.g4151.t1;Augustus}
28978	28960	initial-	4	4	{GeneMark_model.5359_t;GeneMark},{GlimmerHMM_glimmerT_5010-T1;GlimmerHMM},{Augustus_model.g4151.t1;Augustus}

# EVM prediction: Mode:STANDARD S-ratio: 2.87 29338-33188 orient(+) score(11953.00) noncoding_equivalent(4163.64) raw_noncoding(5576.00) offset(1412.36)
29338	29814	initial+	1	3	{GeneMark_model.5360_t;GeneMark},{GlimmerHMM_glimmerT_5011-T1;GlimmerHMM},{Augustus_model.g4152.t1;Augustus}
29815	29947	INTRON			{GeneMark_model.5360_t;GeneMark},{GlimmerHMM_glimmerT_5011-T1;GlimmerHMM},{Augustus_model.g4152.t1;Augustus}
29948	30154	internal+	1	3	{GeneMark_model.5360_t;GeneMark},{GlimmerHMM_glimmerT_5011-T1;GlimmerHMM}
30155	30260	INTRON			{GeneMark_model.5360_t;GeneMark},{GlimmerHMM_glimmerT_5011-T1;GlimmerHMM}
30261	30695	internal+	1	3	{GeneMark_model.5360_t;GeneMark},{GlimmerHMM_glimmerT_5011-T1;GlimmerHMM},{Augustus_model.g4152.t1;Augustus}
30696	30774	INTRON			{GeneMark_model.5360_t;GeneMark},{GlimmerHMM_glimmerT_5011-T1;GlimmerHMM},{Augustus_model.g4152.t1;Augustus}
30775	31295	internal+	1	2	{GeneMark_model.5360_t;GeneMark},{GlimmerHMM_glimmerT_5011-T1;GlimmerHMM},{Augustus_model.g4152.t1;Augustus}
31296	31363	INTRON			{snap_scaffold_13-snap.16-T1;snap},{GeneMark_model.5360_t;GeneMark},{GlimmerHMM_glimmerT_5011-T1;GlimmerHMM},{Augustus_model.g4152.t1;Augustus}
31364	31705	internal+	3	2	{GeneMark_model.5360_t;GeneMark},{GlimmerHMM_glimmerT_5011-T1;GlimmerHMM},{Augustus_model.g4152.t1;Augustus}
31706	31788	INTRON			{GeneMark_model.5360_t;GeneMark},{GlimmerHMM_glimmerT_5011-T1;GlimmerHMM},{Augustus_model.g4152.t1;Augustus}
31789	31938	internal+	3	2	{GeneMark_model.5360_t;GeneMark},{GlimmerHMM_glimmerT_5011-T1;GlimmerHMM},{Augustus_model.g4152.t1;Augustus}
31939	32021	INTRON			{GeneMark_model.5360_t;GeneMark},{Augustus_model.g4152.t1;Augustus}
32022	32035	internal+	3	1	{Augustus_model.g4152.t1;Augustus}
32036	32159	INTRON			{Augustus_model.g4152.t1;Augustus}
32160	32233	internal+	2	3	{GeneMark_model.5360_t;GeneMark},{Augustus_model.g4152.t1;Augustus}
32234	32295	INTRON			{GeneMark_model.5360_t;GeneMark},{Augustus_model.g4152.t1;Augustus}
32296	32318	internal+	1	2	{GeneMark_model.5360_t;GeneMark},{Augustus_model.g4152.t1;Augustus}
32319	32387	INTRON			{GeneMark_model.5360_t;GeneMark},{Augustus_model.g4152.t1;Augustus}
32388	32418	internal+	3	3	{GeneMark_model.5360_t;GeneMark},{Augustus_model.g4152.t1;Augustus}
32419	32490	INTRON			{GeneMark_model.5360_t;GeneMark},{Augustus_model.g4152.t1;Augustus}
32491	32561	internal+	1	2	{GeneMark_model.5360_t;GeneMark},{Augustus_model.g4152.t1;Augustus}
32562	32635	INTRON			{GeneMark_model.5360_t;GeneMark},{Augustus_model.g4152.t1;Augustus}
32636	32700	internal+	3	1	{GeneMark_model.5360_t;GeneMark},{GlimmerHMM_glimmerT_5011-T1;GlimmerHMM},{Augustus_model.g4152.t1;Augustus}
32701	32763	INTRON			{GeneMark_model.5360_t;GeneMark},{GlimmerHMM_glimmerT_5011-T1;GlimmerHMM},{Augustus_model.g4152.t1;Augustus}
32764	33188	terminal+	2	3	{GeneMark_model.5360_t;GeneMark},{GlimmerHMM_glimmerT_5011-T1;GlimmerHMM},{Augustus_model.g4152.t1;Augustus}

# EVM prediction: Mode:STANDARD S-ratio: 3.05 33478-38030 orient(+) score(14415.00) noncoding_equivalent(4721.63) raw_noncoding(6062.00) offset(1340.37)
33478	33709	initial+	1	1	{Augustus_model.g4153.t1;Augustus},{GlimmerHMM_glimmerT_5012-T1;GlimmerHMM},{GeneMark_model.5361_t;GeneMark}
33710	33771	INTRON			{Augustus_model.g4153.t1;Augustus},{GlimmerHMM_glimmerT_5012-T1;GlimmerHMM},{GeneMark_model.5361_t;GeneMark}
33772	33912	internal+	2	1	{Augustus_model.g4153.t1;Augustus},{GlimmerHMM_glimmerT_5012-T1;GlimmerHMM},{GeneMark_model.5361_t;GeneMark}
33913	33977	INTRON			{Augustus_model.g4153.t1;Augustus},{GlimmerHMM_glimmerT_5012-T1;GlimmerHMM},{GeneMark_model.5361_t;GeneMark}
33978	34044	internal+	2	2	{Augustus_model.g4153.t1;Augustus},{GlimmerHMM_glimmerT_5012-T1;GlimmerHMM},{GeneMark_model.5361_t;GeneMark}
34045	34175	INTRON			{Augustus_model.g4153.t1;Augustus},{GlimmerHMM_glimmerT_5012-T1;GlimmerHMM},{GeneMark_model.5361_t;GeneMark}
34176	34530	internal+	3	3	{Augustus_model.g4153.t1;Augustus},{GlimmerHMM_glimmerT_5012-T1;GlimmerHMM},{GeneMark_model.5361_t;GeneMark}
34531	34592	INTRON			{Augustus_model.g4153.t1;Augustus},{GlimmerHMM_glimmerT_5012-T1;GlimmerHMM},{GeneMark_model.5361_t;GeneMark}
34593	34729	internal+	1	2	{Augustus_model.g4153.t1;Augustus},{GlimmerHMM_glimmerT_5012-T1;GlimmerHMM},{GeneMark_model.5361_t;GeneMark}
34730	34801	INTRON			{Augustus_model.g4153.t1;Augustus},{GlimmerHMM_glimmerT_5012-T1;GlimmerHMM},{GeneMark_model.5361_t;GeneMark}
34802	36039	internal+	3	1	{Augustus_model.g4153.t1;Augustus},{GlimmerHMM_glimmerT_5012-T1;GlimmerHMM},{GeneMark_model.5361_t;GeneMark}
36040	36109	INTRON			{Augustus_model.g4153.t1;Augustus},{GlimmerHMM_glimmerT_5012-T1;GlimmerHMM},{GeneMark_model.5361_t;GeneMark}
36110	36294	internal+	2	3	{Augustus_model.g4153.t1;Augustus},{GeneMark_model.5361_t;GeneMark}
36295	36363	INTRON			{Augustus_model.g4153.t1;Augustus},{GeneMark_model.5361_t;GeneMark}
36364	36454	internal+	1	1	{Augustus_model.g4153.t1;Augustus}
36455	36521	INTRON			{Augustus_model.g4153.t1;Augustus}
36522	36545	internal+	2	1	{Augustus_model.g4153.t1;Augustus}
36546	36625	INTRON			{Augustus_model.g4153.t1;Augustus}
36626	36630	internal+	2	3	{Augustus_model.g4153.t1;Augustus}
36631	36694	INTRON			{Augustus_model.g4153.t1;Augustus}
36695	36949	internal+	1	3	{Augustus_model.g4153.t1;Augustus},{GlimmerHMM_glimmerT_5012-T1;GlimmerHMM},{GeneMark_model.5361_t;GeneMark}
36950	37045	INTRON			{Augustus_model.g4153.t1;Augustus},{GlimmerHMM_glimmerT_5012-T1;GlimmerHMM},{GeneMark_model.5361_t;GeneMark}
37046	37510	internal+	1	3	{Augustus_model.g4153.t1;Augustus},{GlimmerHMM_glimmerT_5012-T1;GlimmerHMM},{GeneMark_model.5361_t;GeneMark}
37511	37578	INTRON			{Augustus_model.g4153.t1;Augustus},{GlimmerHMM_glimmerT_5012-T1;GlimmerHMM},{GeneMark_model.5361_t;GeneMark}
37579	37608	internal+	1	3	{Augustus_model.g4153.t1;Augustus},{GlimmerHMM_glimmerT_5012-T1;GlimmerHMM},{GeneMark_model.5361_t;GeneMark}
37609	37670	INTRON			{Augustus_model.g4153.t1;Augustus},{GlimmerHMM_glimmerT_5012-T1;GlimmerHMM},{GeneMark_model.5361_t;GeneMark}
37671	38030	terminal+	1	3	{Augustus_model.g4153.t1;Augustus},{GlimmerHMM_glimmerT_5012-T1;GlimmerHMM},{GeneMark_model.5361_t;GeneMark}

# EVM prediction: Mode:STANDARD S-ratio: 3.65 38236-42296 orient(-) score(25352.00) noncoding_equivalent(6936.88) raw_noncoding(8291.00) offset(1354.12)
38351	38236	terminal-	5	6	{GeneMark_model.5362_t;GeneMark},{GlimmerHMM_glimmerT_5013-T1;GlimmerHMM},{HiQ_model.g4154.t1;HiQ}
38420	38352	INTRON			{GeneMark_model.5362_t;GeneMark},{GlimmerHMM_glimmerT_5013-T1;GlimmerHMM},{HiQ_model.g4154.t1;HiQ},{ev_type:exonerate/ID=match.2566964.1249/Target=lcl|PJQD01000091_1_prot_POY70980_1_6730;exonerate},{ev_type:exonerate/ID=match.2566964.1246/Target=lcl|KQ954511_1_prot_KWU42287_1_5334;exonerate}
38569	38421	internal-	6	4	{GeneMark_model.5362_t;GeneMark},{GlimmerHMM_glimmerT_5013-T1;GlimmerHMM},{HiQ_model.g4154.t1;HiQ},{ev_type:exonerate/ID=match.2566964.1249/Target=lcl|PJQD01000091_1_prot_POY70980_1_6730;exonerate},{ev_type:exonerate/ID=match.2566964.1246/Target=lcl|KQ954511_1_prot_KWU42287_1_5334;exonerate}
38633	38570	INTRON			{GeneMark_model.5362_t;GeneMark},{GlimmerHMM_glimmerT_5013-T1;GlimmerHMM},{HiQ_model.g4154.t1;HiQ},{ev_type:exonerate/ID=match.2566964.1249/Target=lcl|PJQD01000091_1_prot_POY70980_1_6730;exonerate},{ev_type:exonerate/ID=match.2566964.1246/Target=lcl|KQ954511_1_prot_KWU42287_1_5334;exonerate}
38690	38634	internal-	6	5	{GeneMark_model.5362_t;GeneMark},{GlimmerHMM_glimmerT_5013-T1;GlimmerHMM},{HiQ_model.g4154.t1;HiQ},{ev_type:exonerate/ID=match.2566964.1249/Target=lcl|PJQD01000091_1_prot_POY70980_1_6730;exonerate},{ev_type:exonerate/ID=match.2566964.1246/Target=lcl|KQ954511_1_prot_KWU42287_1_5334;exonerate}
38757	38691	INTRON			{GeneMark_model.5362_t;GeneMark},{GlimmerHMM_glimmerT_5013-T1;GlimmerHMM},{HiQ_model.g4154.t1;HiQ},{ev_type:exonerate/ID=match.2566964.1249/Target=lcl|PJQD01000091_1_prot_POY70980_1_6730;exonerate},{ev_type:exonerate/ID=match.2566964.1246/Target=lcl|KQ954511_1_prot_KWU42287_1_5334;exonerate}
38882	38758	internal-	4	5	{GeneMark_model.5362_t;GeneMark},{GlimmerHMM_glimmerT_5013-T1;GlimmerHMM},{HiQ_model.g4154.t1;HiQ},{ev_type:exonerate/ID=match.2566964.1249/Target=lcl|PJQD01000091_1_prot_POY70980_1_6730;exonerate},{ev_type:exonerate/ID=match.2566964.1246/Target=lcl|KQ954511_1_prot_KWU42287_1_5334;exonerate}
38952	38883	INTRON			{GeneMark_model.5362_t;GeneMark},{GlimmerHMM_glimmerT_5013-T1;GlimmerHMM},{HiQ_model.g4154.t1;HiQ},{ev_type:exonerate/ID=match.2566964.1249/Target=lcl|PJQD01000091_1_prot_POY70980_1_6730;exonerate},{ev_type:exonerate/ID=match.2566964.1246/Target=lcl|KQ954511_1_prot_KWU42287_1_5334;exonerate}
39080	38953	internal-	5	6	{GeneMark_model.5362_t;GeneMark},{GlimmerHMM_glimmerT_5013-T1;GlimmerHMM},{HiQ_model.g4154.t1;HiQ},{ev_type:exonerate/ID=match.2566964.1249/Target=lcl|PJQD01000091_1_prot_POY70980_1_6730;exonerate},{ev_type:exonerate/ID=match.2566964.1246/Target=lcl|KQ954511_1_prot_KWU42287_1_5334;exonerate}
39154	39081	INTRON			{GeneMark_model.5362_t;GeneMark},{GlimmerHMM_glimmerT_5013-T1;GlimmerHMM},{HiQ_model.g4154.t1;HiQ},{ev_type:exonerate/ID=match.2566964.1249/Target=lcl|PJQD01000091_1_prot_POY70980_1_6730;exonerate},{ev_type:exonerate/ID=match.2566964.1246/Target=lcl|KQ954511_1_prot_KWU42287_1_5334;exonerate}
39227	39155	internal-	4	4	{GeneMark_model.5362_t;GeneMark},{GlimmerHMM_glimmerT_5013-T1;GlimmerHMM},{HiQ_model.g4154.t1;HiQ},{ev_type:exonerate/ID=match.2566964.1249/Target=lcl|PJQD01000091_1_prot_POY70980_1_6730;exonerate},{ev_type:exonerate/ID=match.2566964.1246/Target=lcl|KQ954511_1_prot_KWU42287_1_5334;exonerate}
39307	39228	INTRON			{GeneMark_model.5362_t;GeneMark},{GlimmerHMM_glimmerT_5013-T1;GlimmerHMM},{HiQ_model.g4154.t1;HiQ},{ev_type:exonerate/ID=match.2566964.1249/Target=lcl|PJQD01000091_1_prot_POY70980_1_6730;exonerate},{ev_type:exonerate/ID=match.2566964.1246/Target=lcl|KQ954511_1_prot_KWU42287_1_5334;exonerate}
39817	39308	internal-	4	6	{GeneMark_model.5362_t;GeneMark},{GlimmerHMM_glimmerT_5013-T1;GlimmerHMM},{HiQ_model.g4154.t1;HiQ},{ev_type:exonerate/ID=match.2566964.1249/Target=lcl|PJQD01000091_1_prot_POY70980_1_6730;exonerate},{ev_type:exonerate/ID=match.2566964.1246/Target=lcl|KQ954511_1_prot_KWU42287_1_5334;exonerate}
39882	39818	INTRON			{GeneMark_model.5362_t;GeneMark},{GlimmerHMM_glimmerT_5013-T1;GlimmerHMM},{HiQ_model.g4154.t1;HiQ},{ev_type:exonerate/ID=match.2566964.1249/Target=lcl|PJQD01000091_1_prot_POY70980_1_6730;exonerate},{ev_type:exonerate/ID=match.2566964.1246/Target=lcl|KQ954511_1_prot_KWU42287_1_5334;exonerate}
40175	39883	internal-	5	6	{GeneMark_model.5362_t;GeneMark},{GlimmerHMM_glimmerT_5013-T1;GlimmerHMM},{HiQ_model.g4154.t1;HiQ},{ev_type:exonerate/ID=match.2566964.1249/Target=lcl|PJQD01000091_1_prot_POY70980_1_6730;exonerate},{ev_type:exonerate/ID=match.2566964.1246/Target=lcl|KQ954511_1_prot_KWU42287_1_5334;exonerate}
40240	40176	INTRON			{GeneMark_model.5362_t;GeneMark},{GlimmerHMM_glimmerT_5013-T1;GlimmerHMM},{HiQ_model.g4154.t1;HiQ},{ev_type:exonerate/ID=match.2566964.1249/Target=lcl|PJQD01000091_1_prot_POY70980_1_6730;exonerate},{ev_type:exonerate/ID=match.2566964.1246/Target=lcl|KQ954511_1_prot_KWU42287_1_5334;exonerate}
40343	40241	internal-	4	4	{GeneMark_model.5362_t;GeneMark},{GlimmerHMM_glimmerT_5013-T1;GlimmerHMM},{HiQ_model.g4154.t1;HiQ},{ev_type:exonerate/ID=match.2566964.1249/Target=lcl|PJQD01000091_1_prot_POY70980_1_6730;exonerate},{ev_type:exonerate/ID=match.2566964.1246/Target=lcl|KQ954511_1_prot_KWU42287_1_5334;exonerate}
40408	40344	INTRON			{GeneMark_model.5362_t;GeneMark},{GlimmerHMM_glimmerT_5013-T1;GlimmerHMM},{HiQ_model.g4154.t1;HiQ},{ev_type:exonerate/ID=match.2566964.1249/Target=lcl|PJQD01000091_1_prot_POY70980_1_6730;exonerate},{ev_type:exonerate/ID=match.2566964.1246/Target=lcl|KQ954511_1_prot_KWU42287_1_5334;exonerate}
41193	40409	internal-	5	6	{GeneMark_model.5362_t;GeneMark},{GlimmerHMM_glimmerT_5013-T1;GlimmerHMM},{HiQ_model.g4154.t1;HiQ},{ev_type:exonerate/ID=match.2566964.1249/Target=lcl|PJQD01000091_1_prot_POY70980_1_6730;exonerate},{ev_type:exonerate/ID=match.2566964.1246/Target=lcl|KQ954511_1_prot_KWU42287_1_5334;exonerate}
41257	41194	INTRON			{GeneMark_model.5362_t;GeneMark},{HiQ_model.g4154.t1;HiQ},{ev_type:exonerate/ID=match.2566964.1249/Target=lcl|PJQD01000091_1_prot_POY70980_1_6730;exonerate},{ev_type:exonerate/ID=match.2566964.1246/Target=lcl|KQ954511_1_prot_KWU42287_1_5334;exonerate}
42296	41258	initial-	4	4	{GeneMark_model.5362_t;GeneMark},{HiQ_model.g4154.t1;HiQ}

# EVM prediction: Mode:STANDARD S-ratio: 5.12 42652-45622 orient(+) score(10055.00) noncoding_equivalent(1963.00) raw_noncoding(1969.00) offset(6.00)
42652	44183	initial+	1	2	{Augustus_model.g4155.t1;Augustus},{GlimmerHMM_glimmerT_5014-T1;GlimmerHMM}
44184	44253	INTRON			{Augustus_model.g4155.t1;Augustus},{GeneMark_model.5363_t;GeneMark},{GlimmerHMM_glimmerT_5014-T1;GlimmerHMM}
44254	45622	terminal+	3	3	{GeneMark_model.5363_t;GeneMark},{GlimmerHMM_glimmerT_5014-T1;GlimmerHMM}

# EVM prediction: Mode:STANDARD S-ratio: 3.36 45801-46961 orient(-) score(3816.00) noncoding_equivalent(1135.46) raw_noncoding(1303.00) offset(167.54)
46277	45801	terminal-	4	6	{snap_scaffold_13-snap.22-T1;snap},{GlimmerHMM_glimmerT_5015-T1;GlimmerHMM},{GeneMark_model.5364_t;GeneMark},{Augustus_model.g4156.t1;Augustus}
46359	46278	INTRON			{GlimmerHMM_glimmerT_5015-T1;GlimmerHMM},{GeneMark_model.5364_t;GeneMark},{Augustus_model.g4156.t1;Augustus}
46589	46360	internal-	5	6	{GlimmerHMM_glimmerT_5015-T1;GlimmerHMM},{GeneMark_model.5364_t;GeneMark},{Augustus_model.g4156.t1;Augustus}
46666	46590	INTRON			{GlimmerHMM_glimmerT_5015-T1;GlimmerHMM},{GeneMark_model.5364_t;GeneMark},{Augustus_model.g4156.t1;Augustus}
46961	46667	initial-	4	4	{GlimmerHMM_glimmerT_5015-T1;GlimmerHMM},{GeneMark_model.5364_t;GeneMark}

# EVM prediction: Mode:STANDARD S-ratio: 5.16 47097-47952 orient(+) score(2847.00) noncoding_equivalent(552.18) raw_noncoding(577.00) offset(24.82)
47097	47499	initial+	1	1	{GlimmerHMM_glimmerT_5016-T1;GlimmerHMM}
47500	47512	INTRON			{GlimmerHMM_glimmerT_5016-T1;GlimmerHMM}
47513	47952	terminal+	2	3	{GeneMark_model.5365_t;GeneMark},{GlimmerHMM_glimmerT_5016-T1;GlimmerHMM}

# EVM prediction: Mode:STANDARD S-ratio: 2.86 48618-49323 orient(-) score(3392.00) noncoding_equivalent(1188.00) raw_noncoding(1447.00) offset(259.00)
48685	48618	terminal-	5	6	{GeneMark_model.5366_t;GeneMark},{Augustus_model.g4158.t1;Augustus},{GlimmerHMM_glimmerT_5017-T1;GlimmerHMM}
48760	48686	INTRON			{GeneMark_model.5366_t;GeneMark},{Augustus_model.g4158.t1;Augustus},{GlimmerHMM_glimmerT_5017-T1;GlimmerHMM},{ev_type:exonerate/ID=match.2566964.4156/Target=lcl|KQ954511_1_prot_KWU42283_1_5330;exonerate},{ev_type:exonerate/ID=match.2566964.4157/Target=lcl|PJQD01000091_1_prot_POY70987_1_6737;exonerate}
48980	48761	internal-	4	4	{GeneMark_model.5366_t;GeneMark},{Augustus_model.g4158.t1;Augustus},{GlimmerHMM_glimmerT_5017-T1;GlimmerHMM},{ev_type:exonerate/ID=match.2566964.4156/Target=lcl|KQ954511_1_prot_KWU42283_1_5330;exonerate},{ev_type:exonerate/ID=match.2566964.4157/Target=lcl|PJQD01000091_1_prot_POY70987_1_6737;exonerate}
49089	48981	INTRON			{GeneMark_model.5366_t;GeneMark},{Augustus_model.g4158.t1;Augustus},{GlimmerHMM_glimmerT_5017-T1;GlimmerHMM},{ev_type:exonerate/ID=match.2566964.4156/Target=lcl|KQ954511_1_prot_KWU42283_1_5330;exonerate},{ev_type:exonerate/ID=match.2566964.4157/Target=lcl|PJQD01000091_1_prot_POY70987_1_6737;exonerate}
49257	49090	internal-	4	6	{GeneMark_model.5366_t;GeneMark},{Augustus_model.g4158.t1;Augustus},{GlimmerHMM_glimmerT_5017-T1;GlimmerHMM}
49320	49258	INTRON			{GeneMark_model.5366_t;GeneMark},{Augustus_model.g4158.t1;Augustus},{GlimmerHMM_glimmerT_5017-T1;GlimmerHMM}
49323	49321	initial-	4	6	{GeneMark_model.5366_t;GeneMark},{Augustus_model.g4158.t1;Augustus},{GlimmerHMM_glimmerT_5017-T1;GlimmerHMM}

# EVM prediction: Mode:STANDARD S-ratio: 4.73 49459-50912 orient(+) score(5049.00) noncoding_equivalent(1068.43) raw_noncoding(1232.00) offset(163.57)
49459	49869	initial+	1	3	{GlimmerHMM_glimmerT_5018-T1;GlimmerHMM},{Augustus_model.g4159.t1;Augustus},{GeneMark_model.5367_t;GeneMark}
49870	49941	INTRON			{GlimmerHMM_glimmerT_5018-T1;GlimmerHMM},{Augustus_model.g4159.t1;Augustus},{GeneMark_model.5367_t;GeneMark}
49942	50146	internal+	1	1	{GlimmerHMM_glimmerT_5018-T1;GlimmerHMM},{Augustus_model.g4159.t1;Augustus},{GeneMark_model.5367_t;GeneMark}
50147	50229	INTRON			{GlimmerHMM_glimmerT_5018-T1;GlimmerHMM},{Augustus_model.g4159.t1;Augustus},{GeneMark_model.5367_t;GeneMark}
50230	50912	terminal+	2	3	{GlimmerHMM_glimmerT_5018-T1;GlimmerHMM},{snap_scaffold_13-snap.24-T1;snap},{Augustus_model.g4159.t1;Augustus},{GeneMark_model.5367_t;GeneMark}

# EVM prediction: Mode:STANDARD S-ratio: 1.53 51361-52166 orient(+) score(1948.00) noncoding_equivalent(1269.37) raw_noncoding(2069.00) offset(799.63)
51361	51478	initial+	1	1	{Augustus_model.g4160.t1;Augustus},{GlimmerHMM_glimmerT_5019-T1;GlimmerHMM},{GeneMark_model.5368_t;GeneMark}
51479	51568	INTRON			{Augustus_model.g4160.t1;Augustus},{GeneMark_model.5368_t;GeneMark}
51569	51589	internal+	2	1	{Augustus_model.g4160.t1;Augustus},{GeneMark_model.5368_t;GeneMark}
51590	51666	INTRON			{Augustus_model.g4160.t1;Augustus},{GeneMark_model.5368_t;GeneMark}
51667	51745	internal+	2	2	{Augustus_model.g4160.t1;Augustus},{GeneMark_model.5368_t;GeneMark}
51746	51838	INTRON			{Augustus_model.g4160.t1;Augustus},{GeneMark_model.5368_t;GeneMark}
51839	51880	internal+	3	2	{Augustus_model.g4160.t1;Augustus},{GeneMark_model.5368_t;GeneMark}
51881	51955	INTRON			{Augustus_model.g4160.t1;Augustus},{GeneMark_model.5368_t;GeneMark}
51956	51977	internal+	3	3	{Augustus_model.g4160.t1;Augustus},{GeneMark_model.5368_t;GeneMark}
51978	52100	INTRON			{Augustus_model.g4160.t1;Augustus},{GeneMark_model.5368_t;GeneMark}
52101	52166	terminal+	1	3	{Augustus_model.g4160.t1;Augustus},{GeneMark_model.5368_t;GeneMark}

# EVM prediction: Mode:STANDARD S-ratio: 13.93 52533-54920 orient(-) score(9150.00) noncoding_equivalent(657.05) raw_noncoding(798.00) offset(140.95)
54510	52533	terminal-	6	6	{GeneMark_model.5369_t;GeneMark},{GlimmerHMM_glimmerT_5020-T1;GlimmerHMM},{snap_scaffold_13-snap.26-T1;snap},{Augustus_model.g4161.t1;Augustus}
54574	54511	INTRON			{GeneMark_model.5369_t;GeneMark},{GlimmerHMM_glimmerT_5020-T1;GlimmerHMM},{Augustus_model.g4161.t1;Augustus}
54737	54575	internal-	5	5	{GeneMark_model.5369_t;GeneMark},{GlimmerHMM_glimmerT_5020-T1;GlimmerHMM},{Augustus_model.g4161.t1;Augustus}
54805	54738	INTRON			{GeneMark_model.5369_t;GeneMark},{GlimmerHMM_glimmerT_5020-T1;GlimmerHMM},{Augustus_model.g4161.t1;Augustus}
54920	54806	initial-	4	4	{GeneMark_model.5369_t;GeneMark},{GlimmerHMM_glimmerT_5020-T1;GlimmerHMM},{Augustus_model.g4161.t1;Augustus}

# EVM prediction: Mode:STANDARD S-ratio: 1.54 70315-71069 orient(+) score(1658.00) noncoding_equivalent(1080.00) raw_noncoding(1362.00) offset(282.00)
70315	70605	initial+	1	3	{GlimmerHMM_glimmerT_5022-T1;GlimmerHMM},{GeneMark_model.5370_t;GeneMark}
70606	70674	INTRON			{GeneMark_model.5370_t;GeneMark}
70675	70913	internal+	1	2	{GeneMark_model.5370_t;GeneMark}
70914	70987	INTRON			{GeneMark_model.5370_t;GeneMark}
70988	71069	terminal+	3	3	{GeneMark_model.5370_t;GeneMark}

# EVM prediction: Mode:STANDARD S-ratio: 1.02 72195-74829 orient(+) score(5402.00) noncoding_equivalent(5280.24) raw_noncoding(5325.00) offset(44.76)
72195	72198	initial+	1	1	{snap_scaffold_13-snap.29-T1;snap}
72199	72214	INTRON			{snap_scaffold_13-snap.29-T1;snap}
72215	74829	terminal+	2	3	{snap_scaffold_13-snap.29-T1;snap}

# EVM prediction: Mode:STANDARD S-ratio: 2.87 78328-81132 orient(-) score(8611.00) noncoding_equivalent(2996.20) raw_noncoding(3454.16) offset(457.96)
79379	78328	terminal-	5	6	{GeneMark_model.5371_t;GeneMark},{GlimmerHMM_glimmerT_5023-T1;GlimmerHMM}
79446	79380	INTRON			{Augustus_model.g4162.t1;Augustus},{GeneMark_model.5371_t;GeneMark},{GlimmerHMM_glimmerT_5023-T1;GlimmerHMM}
79544	79447	internal-	6	4	{Augustus_model.g4162.t1;Augustus},{GeneMark_model.5371_t;GeneMark},{GlimmerHMM_glimmerT_5023-T1;GlimmerHMM}
79609	79545	INTRON			{Augustus_model.g4162.t1;Augustus},{GeneMark_model.5371_t;GeneMark},{GlimmerHMM_glimmerT_5023-T1;GlimmerHMM}
79815	79610	internal-	4	5	{Augustus_model.g4162.t1;Augustus},{GeneMark_model.5371_t;GeneMark},{GlimmerHMM_glimmerT_5023-T1;GlimmerHMM}
79871	79816	INTRON			{Augustus_model.g4162.t1;Augustus},{GeneMark_model.5371_t;GeneMark},{GlimmerHMM_glimmerT_5023-T1;GlimmerHMM}
80291	79872	internal-	4	6	{Augustus_model.g4162.t1;Augustus},{GeneMark_model.5371_t;GeneMark},{GlimmerHMM_glimmerT_5023-T1;GlimmerHMM}
80365	80292	INTRON			{Augustus_model.g4162.t1;Augustus},{GeneMark_model.5371_t;GeneMark},{GlimmerHMM_glimmerT_5023-T1;GlimmerHMM}
80495	80366	internal-	6	6	{Augustus_model.g4162.t1;Augustus},{GeneMark_model.5371_t;GeneMark}
80557	80496	INTRON			{GeneMark_model.5371_t;GeneMark}
81132	80558	initial-	4	5	{GeneMark_model.5371_t;GeneMark}

# EVM prediction: Mode:STANDARD S-ratio: 6.42 81496-83641 orient(+) score(17211.00) noncoding_equivalent(2682.54) raw_noncoding(3822.17) offset(1139.63)
81496	81531	initial+	1	3	{GlimmerHMM_glimmerT_5024-T1;GlimmerHMM},{Augustus_model.g4163.t1;Augustus},{GeneMark_model.5372_t;GeneMark}
81532	81630	INTRON			{Augustus_model.g4163.t1;Augustus},{GeneMark_model.5372_t;GeneMark},{ev_type:exonerate/ID=match.2566964.4110/Target=lcl|NW_017264946_1_prot_XP_018267836_1_6939;exonerate},{ev_type:exonerate/ID=match.2566964.4109/Target=lcl|KQ954548_1_prot_KWU41243_1_6388;exonerate},{ev_type:exonerate/ID=match.2566964.4112/Target=lcl|LCTV02000010_1_prot_PRQ72328_1_1299;exonerate},{ev_type:exonerate/ID=match.2566964.4107/Target=lcl|PJQD01000028_1_prot_POY74167_1_2780;exonerate},{ev_type:exonerate/ID=match.2566964.4113/Target=lcl|BJWK01000012_1_prot_GEM10659_1_4676;exonerate}
81631	81696	internal+	1	3	{Augustus_model.g4163.t1;Augustus},{GeneMark_model.5372_t;GeneMark},{ev_type:exonerate/ID=match.2566964.4110/Target=lcl|NW_017264946_1_prot_XP_018267836_1_6939;exonerate},{ev_type:exonerate/ID=match.2566964.4109/Target=lcl|KQ954548_1_prot_KWU41243_1_6388;exonerate},{ev_type:exonerate/ID=match.2566964.4112/Target=lcl|LCTV02000010_1_prot_PRQ72328_1_1299;exonerate},{ev_type:exonerate/ID=match.2566964.4107/Target=lcl|PJQD01000028_1_prot_POY74167_1_2780;exonerate},{ev_type:exonerate/ID=match.2566964.4113/Target=lcl|BJWK01000012_1_prot_GEM10659_1_4676;exonerate}
81697	81994	INTRON			{Augustus_model.g4163.t1;Augustus},{GeneMark_model.5372_t;GeneMark},{ev_type:exonerate/ID=match.2566964.4110/Target=lcl|NW_017264946_1_prot_XP_018267836_1_6939;exonerate},{ev_type:exonerate/ID=match.2566964.4109/Target=lcl|KQ954548_1_prot_KWU41243_1_6388;exonerate},{ev_type:exonerate/ID=match.2566964.4112/Target=lcl|LCTV02000010_1_prot_PRQ72328_1_1299;exonerate},{ev_type:exonerate/ID=match.2566964.4107/Target=lcl|PJQD01000028_1_prot_POY74167_1_2780;exonerate},{ev_type:exonerate/ID=match.2566964.4113/Target=lcl|BJWK01000012_1_prot_GEM10659_1_4676;exonerate}
81995	82551	internal+	1	2	{GlimmerHMM_glimmerT_5024-T1;GlimmerHMM},{Augustus_model.g4163.t1;Augustus},{GeneMark_model.5372_t;GeneMark},{ev_type:exonerate/ID=match.2566964.4110/Target=lcl|NW_017264946_1_prot_XP_018267836_1_6939;exonerate},{ev_type:exonerate/ID=match.2566964.4109/Target=lcl|KQ954548_1_prot_KWU41243_1_6388;exonerate},{ev_type:exonerate/ID=match.2566964.4112/Target=lcl|LCTV02000010_1_prot_PRQ72328_1_1299;exonerate},{ev_type:exonerate/ID=match.2566964.4107/Target=lcl|PJQD01000028_1_prot_POY74167_1_2780;exonerate},{ev_type:exonerate/ID=match.2566964.4113/Target=lcl|BJWK01000012_1_prot_GEM10659_1_4676;exonerate}
82552	82613	INTRON			{GlimmerHMM_glimmerT_5024-T1;GlimmerHMM},{Augustus_model.g4163.t1;Augustus},{GeneMark_model.5372_t;GeneMark},{ev_type:exonerate/ID=match.2566964.4110/Target=lcl|NW_017264946_1_prot_XP_018267836_1_6939;exonerate},{ev_type:exonerate/ID=match.2566964.4109/Target=lcl|KQ954548_1_prot_KWU41243_1_6388;exonerate},{ev_type:exonerate/ID=match.2566964.4112/Target=lcl|LCTV02000010_1_prot_PRQ72328_1_1299;exonerate},{ev_type:exonerate/ID=match.2566964.4107/Target=lcl|PJQD01000028_1_prot_POY74167_1_2780;exonerate},{ev_type:exonerate/ID=match.2566964.4113/Target=lcl|BJWK01000012_1_prot_GEM10659_1_4676;exonerate}
82614	82700	internal+	3	2	{GlimmerHMM_glimmerT_5024-T1;GlimmerHMM},{Augustus_model.g4163.t1;Augustus},{GeneMark_model.5372_t;GeneMark},{ev_type:exonerate/ID=match.2566964.4110/Target=lcl|NW_017264946_1_prot_XP_018267836_1_6939;exonerate},{ev_type:exonerate/ID=match.2566964.4109/Target=lcl|KQ954548_1_prot_KWU41243_1_6388;exonerate},{ev_type:exonerate/ID=match.2566964.4112/Target=lcl|LCTV02000010_1_prot_PRQ72328_1_1299;exonerate},{ev_type:exonerate/ID=match.2566964.4107/Target=lcl|PJQD01000028_1_prot_POY74167_1_2780;exonerate},{ev_type:exonerate/ID=match.2566964.4113/Target=lcl|BJWK01000012_1_prot_GEM10659_1_4676;exonerate}
82701	82758	INTRON			{GlimmerHMM_glimmerT_5024-T1;GlimmerHMM},{Augustus_model.g4163.t1;Augustus},{GeneMark_model.5372_t;GeneMark},{ev_type:exonerate/ID=match.2566964.4110/Target=lcl|NW_017264946_1_prot_XP_018267836_1_6939;exonerate},{ev_type:exonerate/ID=match.2566964.4109/Target=lcl|KQ954548_1_prot_KWU41243_1_6388;exonerate},{ev_type:exonerate/ID=match.2566964.4112/Target=lcl|LCTV02000010_1_prot_PRQ72328_1_1299;exonerate},{ev_type:exonerate/ID=match.2566964.4107/Target=lcl|PJQD01000028_1_prot_POY74167_1_2780;exonerate},{ev_type:exonerate/ID=match.2566964.4113/Target=lcl|BJWK01000012_1_prot_GEM10659_1_4676;exonerate}
82759	82882	internal+	3	3	{GlimmerHMM_glimmerT_5024-T1;GlimmerHMM},{Augustus_model.g4163.t1;Augustus},{GeneMark_model.5372_t;GeneMark},{ev_type:exonerate/ID=match.2566964.4110/Target=lcl|NW_017264946_1_prot_XP_018267836_1_6939;exonerate},{ev_type:exonerate/ID=match.2566964.4109/Target=lcl|KQ954548_1_prot_KWU41243_1_6388;exonerate},{ev_type:exonerate/ID=match.2566964.4112/Target=lcl|LCTV02000010_1_prot_PRQ72328_1_1299;exonerate},{ev_type:exonerate/ID=match.2566964.4107/Target=lcl|PJQD01000028_1_prot_POY74167_1_2780;exonerate},{ev_type:exonerate/ID=match.2566964.4113/Target=lcl|BJWK01000012_1_prot_GEM10659_1_4676;exonerate}
82883	82965	INTRON			{GlimmerHMM_glimmerT_5024-T1;GlimmerHMM},{Augustus_model.g4163.t1;Augustus},{GeneMark_model.5372_t;GeneMark},{ev_type:exonerate/ID=match.2566964.4110/Target=lcl|NW_017264946_1_prot_XP_018267836_1_6939;exonerate},{ev_type:exonerate/ID=match.2566964.4109/Target=lcl|KQ954548_1_prot_KWU41243_1_6388;exonerate},{ev_type:exonerate/ID=match.2566964.4112/Target=lcl|LCTV02000010_1_prot_PRQ72328_1_1299;exonerate},{ev_type:exonerate/ID=match.2566964.4107/Target=lcl|PJQD01000028_1_prot_POY74167_1_2780;exonerate},{ev_type:exonerate/ID=match.2566964.4113/Target=lcl|BJWK01000012_1_prot_GEM10659_1_4676;exonerate}
82966	83169	internal+	1	3	{GlimmerHMM_glimmerT_5024-T1;GlimmerHMM},{Augustus_model.g4163.t1;Augustus},{GeneMark_model.5372_t;GeneMark},{ev_type:exonerate/ID=match.2566964.4110/Target=lcl|NW_017264946_1_prot_XP_018267836_1_6939;exonerate},{ev_type:exonerate/ID=match.2566964.4109/Target=lcl|KQ954548_1_prot_KWU41243_1_6388;exonerate},{ev_type:exonerate/ID=match.2566964.4112/Target=lcl|LCTV02000010_1_prot_PRQ72328_1_1299;exonerate},{ev_type:exonerate/ID=match.2566964.4107/Target=lcl|PJQD01000028_1_prot_POY74167_1_2780;exonerate},{ev_type:exonerate/ID=match.2566964.4113/Target=lcl|BJWK01000012_1_prot_GEM10659_1_4676;exonerate}
83170	83231	INTRON			{GlimmerHMM_glimmerT_5024-T1;GlimmerHMM},{Augustus_model.g4163.t1;Augustus},{GeneMark_model.5372_t;GeneMark},{ev_type:exonerate/ID=match.2566964.4110/Target=lcl|NW_017264946_1_prot_XP_018267836_1_6939;exonerate},{ev_type:exonerate/ID=match.2566964.4109/Target=lcl|KQ954548_1_prot_KWU41243_1_6388;exonerate},{ev_type:exonerate/ID=match.2566964.4112/Target=lcl|LCTV02000010_1_prot_PRQ72328_1_1299;exonerate},{ev_type:exonerate/ID=match.2566964.4107/Target=lcl|PJQD01000028_1_prot_POY74167_1_2780;exonerate},{ev_type:exonerate/ID=match.2566964.4113/Target=lcl|BJWK01000012_1_prot_GEM10659_1_4676;exonerate}
83232	83453	internal+	1	3	{GlimmerHMM_glimmerT_5024-T1;GlimmerHMM},{Augustus_model.g4163.t1;Augustus},{GeneMark_model.5372_t;GeneMark},{ev_type:exonerate/ID=match.2566964.4110/Target=lcl|NW_017264946_1_prot_XP_018267836_1_6939;exonerate},{ev_type:exonerate/ID=match.2566964.4109/Target=lcl|KQ954548_1_prot_KWU41243_1_6388;exonerate},{ev_type:exonerate/ID=match.2566964.4112/Target=lcl|LCTV02000010_1_prot_PRQ72328_1_1299;exonerate},{ev_type:exonerate/ID=match.2566964.4107/Target=lcl|PJQD01000028_1_prot_POY74167_1_2780;exonerate},{ev_type:exonerate/ID=match.2566964.4113/Target=lcl|BJWK01000012_1_prot_GEM10659_1_4676;exonerate}
83454	83515	INTRON			{GlimmerHMM_glimmerT_5024-T1;GlimmerHMM},{Augustus_model.g4163.t1;Augustus},{GeneMark_model.5372_t;GeneMark},{ev_type:exonerate/ID=match.2566964.4110/Target=lcl|NW_017264946_1_prot_XP_018267836_1_6939;exonerate},{ev_type:exonerate/ID=match.2566964.4109/Target=lcl|KQ954548_1_prot_KWU41243_1_6388;exonerate},{ev_type:exonerate/ID=match.2566964.4112/Target=lcl|LCTV02000010_1_prot_PRQ72328_1_1299;exonerate},{ev_type:exonerate/ID=match.2566964.4107/Target=lcl|PJQD01000028_1_prot_POY74167_1_2780;exonerate},{ev_type:exonerate/ID=match.2566964.4113/Target=lcl|BJWK01000012_1_prot_GEM10659_1_4676;exonerate}
83516	83641	terminal+	1	3	{GlimmerHMM_glimmerT_5024-T1;GlimmerHMM},{Augustus_model.g4163.t1;Augustus},{GeneMark_model.5372_t;GeneMark}

# EVM prediction: Mode:STANDARD S-ratio: 1.36 83863-84713 orient(-) score(1961.00) noncoding_equivalent(1441.92) raw_noncoding(1945.00) offset(503.08)
83915	83863	terminal-	5	6	{GeneMark_model.5373_t;GeneMark},{Augustus_model.g4164.t1;Augustus}
83977	83916	INTRON			{GeneMark_model.5373_t;GeneMark},{Augustus_model.g4164.t1;Augustus}
84070	83978	internal-	5	4	{GeneMark_model.5373_t;GeneMark},{Augustus_model.g4164.t1;Augustus}
84130	84071	INTRON			{GeneMark_model.5373_t;GeneMark},{Augustus_model.g4164.t1;Augustus}
84174	84131	internal-	6	4	{GeneMark_model.5373_t;GeneMark},{Augustus_model.g4164.t1;Augustus}
84238	84175	INTRON			{GeneMark_model.5373_t;GeneMark},{Augustus_model.g4164.t1;Augustus}
84287	84239	internal-	5	5	{GeneMark_model.5373_t;GeneMark},{Augustus_model.g4164.t1;Augustus}
84352	84288	INTRON			{GeneMark_model.5373_t;GeneMark},{Augustus_model.g4164.t1;Augustus}
84713	84353	initial-	4	4	{GeneMark_model.5373_t;GeneMark},{GlimmerHMM_glimmerT_5025-T1;GlimmerHMM}

# EVM prediction: Mode:STANDARD S-ratio: 1.66 85035-85616 orient(+) score(1674.00) noncoding_equivalent(1010.00) raw_noncoding(1275.00) offset(265.00)
85035	85084	initial+	1	2	{GlimmerHMM_glimmerT_5026-T1;GlimmerHMM},{GeneMark_model.5374_t;GeneMark},{Augustus_model.g4165.t1;Augustus}
85085	85199	INTRON			{GlimmerHMM_glimmerT_5026-T1;GlimmerHMM},{GeneMark_model.5374_t;GeneMark},{Augustus_model.g4165.t1;Augustus}
85200	85305	internal+	3	3	{GlimmerHMM_glimmerT_5026-T1;GlimmerHMM},{GeneMark_model.5374_t;GeneMark},{Augustus_model.g4165.t1;Augustus}
85306	85373	INTRON			{GlimmerHMM_glimmerT_5026-T1;GlimmerHMM},{GeneMark_model.5374_t;GeneMark},{Augustus_model.g4165.t1;Augustus}
85374	85460	internal+	1	3	{GeneMark_model.5374_t;GeneMark},{Augustus_model.g4165.t1;Augustus}
85461	85532	INTRON			{GeneMark_model.5374_t;GeneMark},{Augustus_model.g4165.t1;Augustus}
85533	85616	terminal+	1	3	{GeneMark_model.5374_t;GeneMark},{Augustus_model.g4165.t1;Augustus}

# EVM prediction: Mode:STANDARD S-ratio: 3.71 86104-87765 orient(+) score(8383.00) noncoding_equivalent(2259.85) raw_noncoding(2899.99) offset(640.14)
86104	86223	initial+	1	3	{Augustus_model.g4166.t1;Augustus},{GlimmerHMM_glimmerT_5027-T1;GlimmerHMM},{GeneMark_model.5375_t;GeneMark}
86224	86335	INTRON			{Augustus_model.g4166.t1;Augustus},{GlimmerHMM_glimmerT_5027-T1;GlimmerHMM},{GeneMark_model.5375_t;GeneMark},{ev_type:exonerate/ID=match.2566964.4115/Target=lcl|PJQD01000028_1_prot_POY74164_1_2777;exonerate},{ev_type:exonerate/ID=match.2566964.4117/Target=lcl|KQ954548_1_prot_KWU41246_1_6391;exonerate}
86336	86673	internal+	1	2	{Augustus_model.g4166.t1;Augustus},{GlimmerHMM_glimmerT_5027-T1;GlimmerHMM},{GeneMark_model.5375_t;GeneMark},{ev_type:exonerate/ID=match.2566964.4115/Target=lcl|PJQD01000028_1_prot_POY74164_1_2777;exonerate},{ev_type:exonerate/ID=match.2566964.4117/Target=lcl|KQ954548_1_prot_KWU41246_1_6391;exonerate}
86674	86752	INTRON			{Augustus_model.g4166.t1;Augustus},{GlimmerHMM_glimmerT_5027-T1;GlimmerHMM},{GeneMark_model.5375_t;GeneMark},{ev_type:exonerate/ID=match.2566964.4115/Target=lcl|PJQD01000028_1_prot_POY74164_1_2777;exonerate},{ev_type:exonerate/ID=match.2566964.4117/Target=lcl|KQ954548_1_prot_KWU41246_1_6391;exonerate}
86753	86963	internal+	3	3	{Augustus_model.g4166.t1;Augustus},{GlimmerHMM_glimmerT_5027-T1;GlimmerHMM},{GeneMark_model.5375_t;GeneMark},{ev_type:exonerate/ID=match.2566964.4115/Target=lcl|PJQD01000028_1_prot_POY74164_1_2777;exonerate},{ev_type:exonerate/ID=match.2566964.4117/Target=lcl|KQ954548_1_prot_KWU41246_1_6391;exonerate}
86964	87038	INTRON			{Augustus_model.g4166.t1;Augustus},{GlimmerHMM_glimmerT_5027-T1;GlimmerHMM},{GeneMark_model.5375_t;GeneMark},{ev_type:exonerate/ID=match.2566964.4117/Target=lcl|KQ954548_1_prot_KWU41246_1_6391;exonerate}
87039	87152	internal+	1	3	{Augustus_model.g4166.t1;Augustus},{GlimmerHMM_glimmerT_5027-T1;GlimmerHMM},{GeneMark_model.5375_t;GeneMark},{ev_type:exonerate/ID=match.2566964.4117/Target=lcl|KQ954548_1_prot_KWU41246_1_6391;exonerate}
87153	87214	INTRON			{Augustus_model.g4166.t1;Augustus},{GlimmerHMM_glimmerT_5027-T1;GlimmerHMM},{GeneMark_model.5375_t;GeneMark},{ev_type:exonerate/ID=match.2566964.4115/Target=lcl|PJQD01000028_1_prot_POY74164_1_2777;exonerate},{ev_type:exonerate/ID=match.2566964.4117/Target=lcl|KQ954548_1_prot_KWU41246_1_6391;exonerate}
87215	87397	internal+	1	3	{Augustus_model.g4166.t1;Augustus},{GlimmerHMM_glimmerT_5027-T1;GlimmerHMM},{GeneMark_model.5375_t;GeneMark},{ev_type:exonerate/ID=match.2566964.4115/Target=lcl|PJQD01000028_1_prot_POY74164_1_2777;exonerate},{ev_type:exonerate/ID=match.2566964.4117/Target=lcl|KQ954548_1_prot_KWU41246_1_6391;exonerate}
87398	87470	INTRON			{Augustus_model.g4166.t1;Augustus},{GlimmerHMM_glimmerT_5027-T1;GlimmerHMM},{GeneMark_model.5375_t;GeneMark},{ev_type:exonerate/ID=match.2566964.4115/Target=lcl|PJQD01000028_1_prot_POY74164_1_2777;exonerate},{ev_type:exonerate/ID=match.2566964.4117/Target=lcl|KQ954548_1_prot_KWU41246_1_6391;exonerate}
87471	87510	internal+	1	1	{Augustus_model.g4166.t1;Augustus},{GlimmerHMM_glimmerT_5027-T1;GlimmerHMM},{GeneMark_model.5375_t;GeneMark},{ev_type:exonerate/ID=match.2566964.4115/Target=lcl|PJQD01000028_1_prot_POY74164_1_2777;exonerate},{ev_type:exonerate/ID=match.2566964.4117/Target=lcl|KQ954548_1_prot_KWU41246_1_6391;exonerate}
87511	87580	INTRON			{Augustus_model.g4166.t1;Augustus},{GeneMark_model.5375_t;GeneMark},{ev_type:exonerate/ID=match.2566964.4115/Target=lcl|PJQD01000028_1_prot_POY74164_1_2777;exonerate},{ev_type:exonerate/ID=match.2566964.4117/Target=lcl|KQ954548_1_prot_KWU41246_1_6391;exonerate}
87581	87604	internal+	2	1	{Augustus_model.g4166.t1;Augustus},{GeneMark_model.5375_t;GeneMark},{ev_type:exonerate/ID=match.2566964.4115/Target=lcl|PJQD01000028_1_prot_POY74164_1_2777;exonerate},{ev_type:exonerate/ID=match.2566964.4117/Target=lcl|KQ954548_1_prot_KWU41246_1_6391;exonerate}
87605	87667	INTRON			{Augustus_model.g4166.t1;Augustus},{GeneMark_model.5375_t;GeneMark},{ev_type:exonerate/ID=match.2566964.4115/Target=lcl|PJQD01000028_1_prot_POY74164_1_2777;exonerate},{ev_type:exonerate/ID=match.2566964.4117/Target=lcl|KQ954548_1_prot_KWU41246_1_6391;exonerate}
87668	87765	terminal+	2	3	{Augustus_model.g4166.t1;Augustus},{GlimmerHMM_glimmerT_5027-T1;GlimmerHMM},{GeneMark_model.5375_t;GeneMark}

# EVM prediction: Mode:STANDARD S-ratio: 5.39 88245-89729 orient(+) score(8851.00) noncoding_equivalent(1641.27) raw_noncoding(1947.00) offset(305.73)
88245	88710	initial+	1	1	{Augustus_model.g4167.t1;Augustus},{GlimmerHMM_glimmerT_5028-T1;GlimmerHMM},{GeneMark_model.5376_t;GeneMark}
88711	88782	INTRON			{Augustus_model.g4167.t1;Augustus},{GlimmerHMM_glimmerT_5028-T1;GlimmerHMM},{GeneMark_model.5376_t;GeneMark},{ev_type:exonerate/ID=match.2566964.4133/Target=lcl|LCTV02000010_1_prot_PRQ72323_1_1294;exonerate},{ev_type:exonerate/ID=match.2566964.4125/Target=lcl|KQ954548_1_prot_KWU41247_1_6392;exonerate},{ev_type:exonerate/ID=match.2566964.4121/Target=lcl|PJQD01000028_1_prot_POY74163_1_2776;exonerate}
88783	88802	internal+	2	3	{Augustus_model.g4167.t1;Augustus},{GlimmerHMM_glimmerT_5028-T1;GlimmerHMM},{GeneMark_model.5376_t;GeneMark},{ev_type:exonerate/ID=match.2566964.4133/Target=lcl|LCTV02000010_1_prot_PRQ72323_1_1294;exonerate},{ev_type:exonerate/ID=match.2566964.4125/Target=lcl|KQ954548_1_prot_KWU41247_1_6392;exonerate},{ev_type:exonerate/ID=match.2566964.4121/Target=lcl|PJQD01000028_1_prot_POY74163_1_2776;exonerate}
88803	88868	INTRON			{Augustus_model.g4167.t1;Augustus},{GlimmerHMM_glimmerT_5028-T1;GlimmerHMM},{GeneMark_model.5376_t;GeneMark},{ev_type:exonerate/ID=match.2566964.4133/Target=lcl|LCTV02000010_1_prot_PRQ72323_1_1294;exonerate},{ev_type:exonerate/ID=match.2566964.4125/Target=lcl|KQ954548_1_prot_KWU41247_1_6392;exonerate},{ev_type:exonerate/ID=match.2566964.4121/Target=lcl|PJQD01000028_1_prot_POY74163_1_2776;exonerate}
88869	88925	internal+	1	3	{Augustus_model.g4167.t1;Augustus},{GlimmerHMM_glimmerT_5028-T1;GlimmerHMM},{GeneMark_model.5376_t;GeneMark},{ev_type:exonerate/ID=match.2566964.4133/Target=lcl|LCTV02000010_1_prot_PRQ72323_1_1294;exonerate},{ev_type:exonerate/ID=match.2566964.4125/Target=lcl|KQ954548_1_prot_KWU41247_1_6392;exonerate},{ev_type:exonerate/ID=match.2566964.4121/Target=lcl|PJQD01000028_1_prot_POY74163_1_2776;exonerate}
88926	88992	INTRON			{Augustus_model.g4167.t1;Augustus},{GlimmerHMM_glimmerT_5028-T1;GlimmerHMM},{GeneMark_model.5376_t;GeneMark},{ev_type:exonerate/ID=match.2566964.4133/Target=lcl|LCTV02000010_1_prot_PRQ72323_1_1294;exonerate},{ev_type:exonerate/ID=match.2566964.4125/Target=lcl|KQ954548_1_prot_KWU41247_1_6392;exonerate},{ev_type:exonerate/ID=match.2566964.4121/Target=lcl|PJQD01000028_1_prot_POY74163_1_2776;exonerate}
88993	89483	internal+	1	2	{Augustus_model.g4167.t1;Augustus},{GlimmerHMM_glimmerT_5028-T1;GlimmerHMM},{GeneMark_model.5376_t;GeneMark},{ev_type:exonerate/ID=match.2566964.4133/Target=lcl|LCTV02000010_1_prot_PRQ72323_1_1294;exonerate},{ev_type:exonerate/ID=match.2566964.4125/Target=lcl|KQ954548_1_prot_KWU41247_1_6392;exonerate},{ev_type:exonerate/ID=match.2566964.4121/Target=lcl|PJQD01000028_1_prot_POY74163_1_2776;exonerate}
89484	89547	INTRON			{Augustus_model.g4167.t1;Augustus},{GlimmerHMM_glimmerT_5028-T1;GlimmerHMM},{GeneMark_model.5376_t;GeneMark},{ev_type:exonerate/ID=match.2566964.4133/Target=lcl|LCTV02000010_1_prot_PRQ72323_1_1294;exonerate},{ev_type:exonerate/ID=match.2566964.4125/Target=lcl|KQ954548_1_prot_KWU41247_1_6392;exonerate},{ev_type:exonerate/ID=match.2566964.4121/Target=lcl|PJQD01000028_1_prot_POY74163_1_2776;exonerate}
89548	89570	internal+	3	1	{Augustus_model.g4167.t1;Augustus},{GlimmerHMM_glimmerT_5028-T1;GlimmerHMM},{GeneMark_model.5376_t;GeneMark},{ev_type:exonerate/ID=match.2566964.4133/Target=lcl|LCTV02000010_1_prot_PRQ72323_1_1294;exonerate},{ev_type:exonerate/ID=match.2566964.4125/Target=lcl|KQ954548_1_prot_KWU41247_1_6392;exonerate},{ev_type:exonerate/ID=match.2566964.4121/Target=lcl|PJQD01000028_1_prot_POY74163_1_2776;exonerate}
89571	89652	INTRON			{Augustus_model.g4167.t1;Augustus},{GlimmerHMM_glimmerT_5028-T1;GlimmerHMM},{GeneMark_model.5376_t;GeneMark},{ev_type:exonerate/ID=match.2566964.4133/Target=lcl|LCTV02000010_1_prot_PRQ72323_1_1294;exonerate},{ev_type:exonerate/ID=match.2566964.4125/Target=lcl|KQ954548_1_prot_KWU41247_1_6392;exonerate},{ev_type:exonerate/ID=match.2566964.4121/Target=lcl|PJQD01000028_1_prot_POY74163_1_2776;exonerate}
89653	89729	terminal+	2	3	{Augustus_model.g4167.t1;Augustus},{GlimmerHMM_glimmerT_5028-T1;GlimmerHMM},{GeneMark_model.5376_t;GeneMark}

# EVM prediction: Mode:STANDARD S-ratio: 2.23 89961-94143 orient(+) score(12356.00) noncoding_equivalent(5531.07) raw_noncoding(6703.00) offset(1171.93)
89961	90221	initial+	1	3	{GlimmerHMM_glimmerT_5029-T1;GlimmerHMM},{Augustus_model.g4168.t1;Augustus},{GeneMark_model.5377_t;GeneMark}
90222	90301	INTRON			{GlimmerHMM_glimmerT_5029-T1;GlimmerHMM},{Augustus_model.g4168.t1;Augustus},{GeneMark_model.5377_t;GeneMark}
90302	90432	internal+	1	2	{GlimmerHMM_glimmerT_5029-T1;GlimmerHMM},{Augustus_model.g4168.t1;Augustus},{GeneMark_model.5377_t;GeneMark}
90433	90496	INTRON			{GlimmerHMM_glimmerT_5029-T1;GlimmerHMM},{Augustus_model.g4168.t1;Augustus},{GeneMark_model.5377_t;GeneMark}
90497	90619	internal+	3	2	{GlimmerHMM_glimmerT_5029-T1;GlimmerHMM},{Augustus_model.g4168.t1;Augustus},{GeneMark_model.5377_t;GeneMark}
90620	90683	INTRON			{GlimmerHMM_glimmerT_5029-T1;GlimmerHMM},{Augustus_model.g4168.t1;Augustus},{GeneMark_model.5377_t;GeneMark}
90684	90741	internal+	3	3	{GlimmerHMM_glimmerT_5029-T1;GlimmerHMM},{Augustus_model.g4168.t1;Augustus},{GeneMark_model.5377_t;GeneMark}
90742	90798	INTRON			{GlimmerHMM_glimmerT_5029-T1;GlimmerHMM},{Augustus_model.g4168.t1;Augustus},{GeneMark_model.5377_t;GeneMark}
90799	90911	internal+	1	2	{Augustus_model.g4168.t1;Augustus},{GeneMark_model.5377_t;GeneMark}
90912	90977	INTRON			{Augustus_model.g4168.t1;Augustus},{GeneMark_model.5377_t;GeneMark}
90978	91131	internal+	3	3	{Augustus_model.g4168.t1;Augustus},{GeneMark_model.5377_t;GeneMark}
91132	91197	INTRON			{GlimmerHMM_glimmerT_5029-T1;GlimmerHMM},{Augustus_model.g4168.t1;Augustus},{GeneMark_model.5377_t;GeneMark}
91198	91346	internal+	1	2	{GlimmerHMM_glimmerT_5029-T1;GlimmerHMM},{Augustus_model.g4168.t1;Augustus},{GeneMark_model.5377_t;GeneMark}
91347	91408	INTRON			{GlimmerHMM_glimmerT_5029-T1;GlimmerHMM},{Augustus_model.g4168.t1;Augustus},{GeneMark_model.5377_t;GeneMark}
91409	91992	internal+	3	1	{GlimmerHMM_glimmerT_5029-T1;GlimmerHMM},{Augustus_model.g4168.t1;Augustus},{GeneMark_model.5377_t;GeneMark}
91993	92061	INTRON			{GlimmerHMM_glimmerT_5029-T1;GlimmerHMM},{Augustus_model.g4168.t1;Augustus},{GeneMark_model.5377_t;GeneMark}
92062	92584	internal+	2	2	{GlimmerHMM_glimmerT_5029-T1;GlimmerHMM},{Augustus_model.g4168.t1;Augustus},{GeneMark_model.5377_t;GeneMark}
92585	92652	INTRON			{GlimmerHMM_glimmerT_5029-T1;GlimmerHMM},{Augustus_model.g4168.t1;Augustus},{GeneMark_model.5377_t;GeneMark}
92653	92875	internal+	3	3	{GlimmerHMM_glimmerT_5029-T1;GlimmerHMM},{Augustus_model.g4168.t1;Augustus},{GeneMark_model.5377_t;GeneMark}
92876	92940	INTRON			{GlimmerHMM_glimmerT_5029-T1;GlimmerHMM},{Augustus_model.g4168.t1;Augustus},{GeneMark_model.5377_t;GeneMark}
92941	93078	internal+	1	3	{GlimmerHMM_glimmerT_5029-T1;GlimmerHMM},{Augustus_model.g4168.t1;Augustus},{GeneMark_model.5377_t;GeneMark}
93079	93135	INTRON			{Augustus_model.g4168.t1;Augustus},{GeneMark_model.5377_t;GeneMark}
93136	93249	internal+	1	3	{Augustus_model.g4168.t1;Augustus},{GeneMark_model.5377_t;GeneMark}
93250	93313	INTRON			{Augustus_model.g4168.t1;Augustus},{GeneMark_model.5377_t;GeneMark}
93314	93508	internal+	1	3	{Augustus_model.g4168.t1;Augustus}
93509	93566	INTRON			{Augustus_model.g4168.t1;Augustus}
93567	93647	internal+	1	3	{GlimmerHMM_glimmerT_5029-T1;GlimmerHMM},{Augustus_model.g4168.t1;Augustus}
93648	93708	INTRON			{GlimmerHMM_glimmerT_5029-T1;GlimmerHMM},{Augustus_model.g4168.t1;Augustus},{GeneMark_model.5377_t;GeneMark}
93709	94143	terminal+	1	3	{GlimmerHMM_glimmerT_5029-T1;GlimmerHMM},{snap_scaffold_13-snap.34-T1;snap},{Augustus_model.g4168.t1;Augustus},{GeneMark_model.5377_t;GeneMark}

# EVM prediction: Mode:STANDARD S-ratio: 3.07 94196-95401 orient(-) score(4711.00) noncoding_equivalent(1534.08) raw_noncoding(2041.08) offset(507.00)
94456	94196	terminal-	4	6	{Augustus_model.g4169.t1;Augustus},{GlimmerHMM_glimmerT_5030-T1;GlimmerHMM},{GeneMark_model.5378_t;GeneMark}
94524	94457	INTRON			{Augustus_model.g4169.t1;Augustus},{GlimmerHMM_glimmerT_5030-T1;GlimmerHMM},{GeneMark_model.5378_t;GeneMark},{ev_type:exonerate/ID=match.2566964.4132/Target=lcl|KQ954548_1_prot_KWU41249_1_6394;exonerate}
94801	94525	internal-	6	6	{Augustus_model.g4169.t1;Augustus},{GlimmerHMM_glimmerT_5030-T1;GlimmerHMM},{GeneMark_model.5378_t;GeneMark},{ev_type:exonerate/ID=match.2566964.4132/Target=lcl|KQ954548_1_prot_KWU41249_1_6394;exonerate}
94950	94802	INTRON			{Augustus_model.g4169.t1;Augustus},{GlimmerHMM_glimmerT_5030-T1;GlimmerHMM},{GeneMark_model.5378_t;GeneMark},{ev_type:exonerate/ID=match.2566964.4132/Target=lcl|KQ954548_1_prot_KWU41249_1_6394;exonerate}
95023	94951	internal-	5	5	{Augustus_model.g4169.t1;Augustus},{GlimmerHMM_glimmerT_5030-T1;GlimmerHMM},{GeneMark_model.5378_t;GeneMark}
95199	95024	INTRON			{GlimmerHMM_glimmerT_5030-T1;GlimmerHMM},{GeneMark_model.5378_t;GeneMark}
95401	95200	initial-	4	4	{Augustus_model.g4169.t1;Augustus},{GlimmerHMM_glimmerT_5030-T1;GlimmerHMM},{GeneMark_model.5378_t;GeneMark}

# EVM prediction: Mode:STANDARD S-ratio: 3.58 95555-96110 orient(+) score(2597.00) noncoding_equivalent(726.30) raw_noncoding(1069.06) offset(342.76)
95555	95572	initial+	1	3	{Augustus_model.g4170.t1;Augustus},{GeneMark_model.5379_t;GeneMark},{GlimmerHMM_glimmerT_5031-T1;GlimmerHMM}
95573	95636	INTRON			{Augustus_model.g4170.t1;Augustus},{GeneMark_model.5379_t;GeneMark},{GlimmerHMM_glimmerT_5031-T1;GlimmerHMM}
95637	95670	internal+	1	1	{Augustus_model.g4170.t1;Augustus},{GeneMark_model.5379_t;GeneMark},{GlimmerHMM_glimmerT_5031-T1;GlimmerHMM}
95671	95746	INTRON			{Augustus_model.g4170.t1;Augustus},{GeneMark_model.5379_t;GeneMark},{GlimmerHMM_glimmerT_5031-T1;GlimmerHMM},{ev_type:exonerate/ID=match.2566964.4165/Target=lcl|PJQD01000028_1_prot_POY74160_1_2773;exonerate}
95747	95978	internal+	2	2	{Augustus_model.g4170.t1;Augustus},{GeneMark_model.5379_t;GeneMark},{ev_type:exonerate/ID=match.2566964.4165/Target=lcl|PJQD01000028_1_prot_POY74160_1_2773;exonerate}
95979	96079	INTRON			{Augustus_model.g4170.t1;Augustus},{GeneMark_model.5379_t;GeneMark},{ev_type:exonerate/ID=match.2566964.4165/Target=lcl|PJQD01000028_1_prot_POY74160_1_2773;exonerate},{ev_type:exonerate/ID=match.2566964.4168/Target=lcl|KQ954548_1_prot_KWU41250_1_6395;exonerate}
96080	96110	terminal+	3	3	{Augustus_model.g4170.t1;Augustus},{GeneMark_model.5379_t;GeneMark}

# EVM prediction: Mode:STANDARD S-ratio: 3.78 96812-99180 orient(+) score(7969.00) noncoding_equivalent(2108.20) raw_noncoding(2693.00) offset(584.80)
96812	96943	initial+	1	3	{Augustus_model.g4171.t1;Augustus},{GlimmerHMM_glimmerT_5032-T1;GlimmerHMM},{GeneMark_model.5380_t;GeneMark}
96944	97065	INTRON			{GlimmerHMM_glimmerT_5032-T1;GlimmerHMM},{GeneMark_model.5380_t;GeneMark}
97066	97106	internal+	1	2	{GlimmerHMM_glimmerT_5032-T1;GlimmerHMM},{GeneMark_model.5380_t;GeneMark}
97107	97199	INTRON			{Augustus_model.g4171.t1;Augustus},{GlimmerHMM_glimmerT_5032-T1;GlimmerHMM},{GeneMark_model.5380_t;GeneMark}
97200	97333	internal+	3	1	{Augustus_model.g4171.t1;Augustus},{GlimmerHMM_glimmerT_5032-T1;GlimmerHMM},{GeneMark_model.5380_t;GeneMark}
97334	97406	INTRON			{Augustus_model.g4171.t1;Augustus},{GlimmerHMM_glimmerT_5032-T1;GlimmerHMM}
97407	97473	internal+	2	2	{Augustus_model.g4171.t1;Augustus},{GlimmerHMM_glimmerT_5032-T1;GlimmerHMM}
97474	97553	INTRON			{Augustus_model.g4171.t1;Augustus},{snap_scaffold_13-snap.37-T1;snap},{GlimmerHMM_glimmerT_5032-T1;GlimmerHMM},{GeneMark_model.5380_t;GeneMark}
97554	98016	internal+	3	3	{Augustus_model.g4171.t1;Augustus},{GlimmerHMM_glimmerT_5032-T1;GlimmerHMM},{GeneMark_model.5380_t;GeneMark}
98017	98075	INTRON			{Augustus_model.g4171.t1;Augustus},{GlimmerHMM_glimmerT_5032-T1;GlimmerHMM},{GeneMark_model.5380_t;GeneMark}
98076	99032	internal+	1	3	{Augustus_model.g4171.t1;Augustus},{GlimmerHMM_glimmerT_5032-T1;GlimmerHMM},{GeneMark_model.5380_t;GeneMark}
99033	99114	INTRON			{Augustus_model.g4171.t1;Augustus},{GeneMark_model.5380_t;GeneMark}
99115	99180	terminal+	1	3	{Augustus_model.g4171.t1;Augustus},{GeneMark_model.5380_t;GeneMark}

# EVM prediction: Mode:STANDARD S-ratio: 3.13 99626-105162 orient(+) score(17524.00) noncoding_equivalent(5604.23) raw_noncoding(6839.00) offset(1234.77)
99626	99781	initial+	1	3	{GeneMark_model.5381_t;GeneMark},{GlimmerHMM_glimmerT_5033-T1;GlimmerHMM},{Augustus_model.g4172.t1;Augustus}
99782	99912	INTRON			{GeneMark_model.5381_t;GeneMark},{Augustus_model.g4172.t1;Augustus}
99913	100174	internal+	1	1	{Augustus_model.g4172.t1;Augustus}
100175	100427	INTRON			{GlimmerHMM_glimmerT_5033-T1;GlimmerHMM},{Augustus_model.g4172.t1;Augustus}
100428	100644	internal+	2	2	{GeneMark_model.5381_t;GeneMark},{GlimmerHMM_glimmerT_5033-T1;GlimmerHMM},{Augustus_model.g4172.t1;Augustus}
100645	100707	INTRON			{GeneMark_model.5381_t;GeneMark},{GlimmerHMM_glimmerT_5033-T1;GlimmerHMM},{Augustus_model.g4172.t1;Augustus}
100708	100995	internal+	3	2	{GeneMark_model.5381_t;GeneMark},{GlimmerHMM_glimmerT_5033-T1;GlimmerHMM},{Augustus_model.g4172.t1;Augustus}
100996	101076	INTRON			{GeneMark_model.5381_t;GeneMark},{GlimmerHMM_glimmerT_5033-T1;GlimmerHMM},{Augustus_model.g4172.t1;Augustus}
101077	101405	internal+	3	1	{GeneMark_model.5381_t;GeneMark},{GlimmerHMM_glimmerT_5033-T1;GlimmerHMM},{Augustus_model.g4172.t1;Augustus}
101406	101471	INTRON			{GeneMark_model.5381_t;GeneMark},{GlimmerHMM_glimmerT_5033-T1;GlimmerHMM},{Augustus_model.g4172.t1;Augustus}
101472	101686	internal+	2	3	{GeneMark_model.5381_t;GeneMark},{GlimmerHMM_glimmerT_5033-T1;GlimmerHMM},{Augustus_model.g4172.t1;Augustus}
101687	101749	INTRON			{GeneMark_model.5381_t;GeneMark},{GlimmerHMM_glimmerT_5033-T1;GlimmerHMM},{Augustus_model.g4172.t1;Augustus}
101750	103089	internal+	1	2	{GeneMark_model.5381_t;GeneMark},{GlimmerHMM_glimmerT_5033-T1;GlimmerHMM},{Augustus_model.g4172.t1;Augustus}
103090	103150	INTRON			{GeneMark_model.5381_t;GeneMark},{GlimmerHMM_glimmerT_5033-T1;GlimmerHMM},{Augustus_model.g4172.t1;Augustus}
103151	103324	internal+	3	2	{GeneMark_model.5381_t;GeneMark},{GlimmerHMM_glimmerT_5033-T1;GlimmerHMM},{Augustus_model.g4172.t1;Augustus}
103325	103382	INTRON			{GeneMark_model.5381_t;GeneMark},{GlimmerHMM_glimmerT_5033-T1;GlimmerHMM},{Augustus_model.g4172.t1;Augustus}
103383	104098	internal+	3	1	{GeneMark_model.5381_t;GeneMark},{GlimmerHMM_glimmerT_5033-T1;GlimmerHMM},{Augustus_model.g4172.t1;Augustus}
104099	104160	INTRON			{GeneMark_model.5381_t;GeneMark},{GlimmerHMM_glimmerT_5033-T1;GlimmerHMM},{Augustus_model.g4172.t1;Augustus}
104161	104762	internal+	2	3	{GeneMark_model.5381_t;GeneMark},{Augustus_model.g4172.t1;Augustus}
104763	104820	INTRON			{GeneMark_model.5381_t;GeneMark},{Augustus_model.g4172.t1;Augustus}
104821	104936	internal+	1	2	{GeneMark_model.5381_t;GeneMark},{Augustus_model.g4172.t1;Augustus}
104937	104993	INTRON			{GeneMark_model.5381_t;GeneMark},{GlimmerHMM_glimmerT_5033-T1;GlimmerHMM},{Augustus_model.g4172.t1;Augustus}
104994	105162	terminal+	3	3	{GeneMark_model.5381_t;GeneMark},{GlimmerHMM_glimmerT_5033-T1;GlimmerHMM},{Augustus_model.g4172.t1;Augustus}

# EVM prediction: Mode:STANDARD S-ratio: 2.53 105670-108066 orient(+) score(7287.00) noncoding_equivalent(2877.67) raw_noncoding(3718.16) offset(840.49)
105670	105718	initial+	1	1	{GlimmerHMM_glimmerT_5034-T1;GlimmerHMM},{GeneMark_model.5382_t;GeneMark}
105719	105808	INTRON			{GeneMark_model.5382_t;GeneMark}
105809	105932	internal+	2	2	{GeneMark_model.5382_t;GeneMark}
105933	106000	INTRON			{Augustus_model.g4173.t1;Augustus},{GeneMark_model.5382_t;GeneMark}
106001	106092	internal+	3	1	{Augustus_model.g4173.t1;Augustus},{GeneMark_model.5382_t;GeneMark}
106093	106221	INTRON			{GlimmerHMM_glimmerT_5034-T1;GlimmerHMM},{Augustus_model.g4173.t1;Augustus},{GeneMark_model.5382_t;GeneMark}
106222	106585	internal+	2	2	{GlimmerHMM_glimmerT_5034-T1;GlimmerHMM},{Augustus_model.g4173.t1;Augustus},{GeneMark_model.5382_t;GeneMark}
106586	106660	INTRON			{GlimmerHMM_glimmerT_5034-T1;GlimmerHMM},{Augustus_model.g4173.t1;Augustus},{GeneMark_model.5382_t;GeneMark}
106661	106850	internal+	3	3	{Augustus_model.g4173.t1;Augustus},{GeneMark_model.5382_t;GeneMark}
106851	106918	INTRON			{Augustus_model.g4173.t1;Augustus},{GeneMark_model.5382_t;GeneMark}
106919	106985	internal+	1	1	{Augustus_model.g4173.t1;Augustus},{GeneMark_model.5382_t;GeneMark}
106986	107052	INTRON			{GlimmerHMM_glimmerT_5034-T1;GlimmerHMM},{Augustus_model.g4173.t1;Augustus},{GeneMark_model.5382_t;GeneMark}
107053	107414	internal+	2	3	{GlimmerHMM_glimmerT_5034-T1;GlimmerHMM},{Augustus_model.g4173.t1;Augustus},{GeneMark_model.5382_t;GeneMark}
107415	107470	INTRON			{GlimmerHMM_glimmerT_5034-T1;GlimmerHMM},{Augustus_model.g4173.t1;Augustus},{GeneMark_model.5382_t;GeneMark}
107471	107675	internal+	1	1	{GlimmerHMM_glimmerT_5034-T1;GlimmerHMM},{Augustus_model.g4173.t1;Augustus},{GeneMark_model.5382_t;GeneMark}
107676	107737	INTRON			{GlimmerHMM_glimmerT_5034-T1;GlimmerHMM},{Augustus_model.g4173.t1;Augustus},{GeneMark_model.5382_t;GeneMark}
107738	108066	terminal+	2	3	{GlimmerHMM_glimmerT_5034-T1;GlimmerHMM},{GeneMark_model.5382_t;GeneMark},{snap_scaffold_13-snap.42-T1;snap}

# EVM prediction: Mode:STANDARD S-ratio: 2.69 110241-111490 orient(-) score(3974.00) noncoding_equivalent(1476.55) raw_noncoding(1844.00) offset(367.45)
110450	110241	terminal-	4	6	{GeneMark_model.5384_t;GeneMark},{Augustus_model.g4174.t1;Augustus},{GlimmerHMM_glimmerT_5035-T1;GlimmerHMM}
110524	110451	INTRON			{GeneMark_model.5384_t;GeneMark},{Augustus_model.g4174.t1;Augustus},{GlimmerHMM_glimmerT_5035-T1;GlimmerHMM}
110603	110525	internal-	6	6	{GeneMark_model.5384_t;GeneMark},{Augustus_model.g4174.t1;Augustus},{GlimmerHMM_glimmerT_5035-T1;GlimmerHMM}
110695	110604	INTRON			{GeneMark_model.5384_t;GeneMark},{Augustus_model.g4174.t1;Augustus},{GlimmerHMM_glimmerT_5035-T1;GlimmerHMM}
111144	110696	internal-	4	5	{GeneMark_model.5384_t;GeneMark},{Augustus_model.g4174.t1;Augustus},{GlimmerHMM_glimmerT_5035-T1;GlimmerHMM}
111211	111145	INTRON			{GeneMark_model.5384_t;GeneMark},{Augustus_model.g4174.t1;Augustus},{GlimmerHMM_glimmerT_5035-T1;GlimmerHMM}
111259	111212	internal-	4	6	{GeneMark_model.5384_t;GeneMark},{Augustus_model.g4174.t1;Augustus}
111328	111260	INTRON			{GeneMark_model.5384_t;GeneMark},{Augustus_model.g4174.t1;Augustus}
111490	111329	initial-	4	6	{GeneMark_model.5384_t;GeneMark}

# EVM prediction: Mode:STANDARD S-ratio: 1.60 111829-113625 orient(-) score(4461.00) noncoding_equivalent(2787.12) raw_noncoding(3117.43) offset(330.31)
112065	111829	terminal-	4	6	{GeneMark_model.5385_t;GeneMark},{GlimmerHMM_glimmerT_5036-T1;GlimmerHMM}
112156	112066	INTRON			{GeneMark_model.5385_t;GeneMark},{GlimmerHMM_glimmerT_5036-T1;GlimmerHMM}
112780	112157	internal-	4	6	{GeneMark_model.5385_t;GeneMark},{GlimmerHMM_glimmerT_5036-T1;GlimmerHMM}
112849	112781	INTRON			{GeneMark_model.5385_t;GeneMark},{GlimmerHMM_glimmerT_5036-T1;GlimmerHMM},{Augustus_model.g4174.t1;Augustus}
113257	112850	internal-	4	6	{GeneMark_model.5385_t;GeneMark},{GlimmerHMM_glimmerT_5036-T1;GlimmerHMM}
113295	113258	INTRON			{GlimmerHMM_glimmerT_5036-T1;GlimmerHMM}
113625	113296	initial-	4	6	{GlimmerHMM_glimmerT_5036-T1;GlimmerHMM}

# EVM prediction: Mode:STANDARD S-ratio: 27.54 113789-114881 orient(+) score(38954.00) noncoding_equivalent(1414.70) raw_noncoding(2327.55) offset(912.85)
113789	113803	initial+	1	3	{GlimmerHMM_glimmerT_5037-T1;GlimmerHMM},{Augustus_model.g4175.t1;Augustus},{GeneMark_model.5386_t;GeneMark}
113804	113938	INTRON			{Augustus_model.g4175.t1;Augustus},{GeneMark_model.5386_t;GeneMark}
113939	113959	internal+	1	3	{Augustus_model.g4175.t1;Augustus},{GeneMark_model.5386_t;GeneMark}
113960	114091	INTRON			{Augustus_model.g4175.t1;Augustus},{GeneMark_model.5386_t;GeneMark}
114092	114122	internal+	1	1	{GlimmerHMM_glimmerT_5037-T1;GlimmerHMM},{Augustus_model.g4175.t1;Augustus},{GeneMark_model.5386_t;GeneMark}
114123	114196	INTRON			{GlimmerHMM_glimmerT_5037-T1;GlimmerHMM},{Augustus_model.g4175.t1;Augustus},{GeneMark_model.5386_t;GeneMark},{ev_type:exonerate/ID=match.2566964.4211/Target=CAM2B_XENLA;exonerate},{ev_type:exonerate/ID=match.2566964.4193/Target=CALM_APLCA;exonerate},{ev_type:exonerate/ID=match.2566964.4202/Target=CALM_METSE;exonerate},{ev_type:exonerate/ID=match.2566964.4182/Target=CALM1_RAT;exonerate},{ev_type:exonerate/ID=match.2566964.4183/Target=CALM1_XENLA;exonerate},{ev_type:exonerate/ID=match.2566964.4206/Target=CALM_RABIT;exonerate},{ev_type:exonerate/ID=match.2566964.4169/Target=CALM_ORYLA;exonerate},{ev_type:exonerate/ID=match.2566964.4195/Target=CALM_CAEEL;exonerate},{ev_type:exonerate/ID=match.2566964.4162/Target=CALM_PAXIN;exonerate},{ev_type:exonerate/ID=match.2566964.4171/Target=lcl|KQ954490_1_prot_KWU43427_1_4212;exonerate},{ev_type:exonerate/ID=match.2566964.4188/Target=CALM3_HUMAN;exonerate},{ev_type:exonerate/ID=match.2566964.4190/Target=CALM3_RAT;exonerate},{ev_type:exonerate/ID=match.2566964.4167/Target=CALMA_ARBPU;exonerate},{ev_type:exonerate/ID=match.2566964.4186/Target=CALM2_MOUSE;exonerate},{ev_type:exonerate/ID=match.2566964.4191/Target=CALMA_HALRO;exonerate},{ev_type:exonerate/ID=match.2566964.4194/Target=CALM_BOVIN;exonerate},{ev_type:exonerate/ID=match.2566964.4205/Target=CALM_PONAB;exonerate},{ev_type:exonerate/ID=match.2566964.4164/Target=CALM_PLECO;exonerate},{ev_type:exonerate/ID=match.2566964.4172/Target=CALM_PHYPO;exonerate},{ev_type:exonerate/ID=match.2566964.4198/Target=CALM_DANRE;exonerate},{ev_type:exonerate/ID=match.2566964.4210/Target=CAM2A_XENLA;exonerate},{ev_type:exonerate/ID=match.2566964.3483/Target=CALM_PHYIN;exonerate},{ev_type:exonerate/ID=match.2566964.4166/Target=CALM_AGABI;exonerate},{ev_type:exonerate/ID=match.2566964.4192/Target=CALM_ANAPL;exonerate},{ev_type:exonerate/ID=match.2566964.4209/Target=CALM_TETCF;exonerate},{ev_type:exonerate/ID=match.2566964.4185/Target=CALM2_HUMAN;exonerate},{ev_type:exonerate/ID=match.2566964.4187/Target=CALM2_RAT;exonerate},{ev_type:exonerate/ID=match.2566964.4163/Target=CALM_PLEOS;exonerate},{ev_type:exonerate/ID=match.2566964.4178/Target=CALM1_BRAFL;exonerate},{ev_type:exonerate/ID=match.2566964.4201/Target=CALM_LOCMI;exonerate},{ev_type:exonerate/ID=match.2566964.4181/Target=CALM1_MOUSE;exonerate},{ev_type:exonerate/ID=match.2566964.4170/Target=lcl|LCTV02000010_1_prot_PRQ72218_1_1189;exonerate},{ev_type:exonerate/ID=match.2566964.4204/Target=CALM_PERFV;exonerate},{ev_type:exonerate/ID=match.2566964.3479/Target=CALM_MACPY;exonerate},{ev_type:exonerate/ID=match.2566964.4213/Target=CALM_ELEEL;exonerate},{ev_type:exonerate/ID=match.2566964.4212/Target=CALMB_ARBPU;exonerate},{ev_type:exonerate/ID=match.2566964.4179/Target=CALM1_BRALA;exonerate},{ev_type:exonerate/ID=match.2566964.4199/Target=CALM_DROME;exonerate},{ev_type:exonerate/ID=match.2566964.4189/Target=CALM3_MOUSE;exonerate},{ev_type:exonerate/ID=match.2566964.4184/Target=CALM2_BRALA;exonerate},{ev_type:exonerate/ID=match.2566964.4203/Target=CALM_ONCSP;exonerate},{ev_type:exonerate/ID=match.2566964.4180/Target=CALM1_HUMAN;exonerate},{ev_type:exonerate/ID=match.2566964.4208/Target=CALM_STIJA;exonerate},{ev_type:exonerate/ID=match.2566964.3482/Target=CALM_GLOSP;exonerate},{ev_type:exonerate/ID=match.2566964.4197/Target=CALM_CTEID;exonerate},{ev_type:exonerate/ID=match.2566964.4200/Target=CALM_EPIAK;exonerate},{ev_type:exonerate/ID=match.2566964.4207/Target=CALM_SHEEP;exonerate},{ev_type:exonerate/ID=match.2566964.4196/Target=CALM_CHICK;exonerate},{ev_type:exonerate/ID=match.2566964.3480/Target=CALN_CHICK;exonerate},{ev_type:exonerate/ID=match.2566964.4216/Target=lcl|BJWK01000012_1_prot_GEM10752_1_4769;exonerate}
114197	114340	internal+	2	1	{GlimmerHMM_glimmerT_5037-T1;GlimmerHMM},{GeneMark_model.5386_t;GeneMark},{ev_type:exonerate/ID=match.2566964.4211/Target=CAM2B_XENLA;exonerate},{ev_type:exonerate/ID=match.2566964.4193/Target=CALM_APLCA;exonerate},{ev_type:exonerate/ID=match.2566964.4202/Target=CALM_METSE;exonerate},{ev_type:exonerate/ID=match.2566964.4182/Target=CALM1_RAT;exonerate},{ev_type:exonerate/ID=match.2566964.4183/Target=CALM1_XENLA;exonerate},{ev_type:exonerate/ID=match.2566964.4206/Target=CALM_RABIT;exonerate},{ev_type:exonerate/ID=match.2566964.4169/Target=CALM_ORYLA;exonerate},{ev_type:exonerate/ID=match.2566964.4195/Target=CALM_CAEEL;exonerate},{ev_type:exonerate/ID=match.2566964.4162/Target=CALM_PAXIN;exonerate},{ev_type:exonerate/ID=match.2566964.4171/Target=lcl|KQ954490_1_prot_KWU43427_1_4212;exonerate},{ev_type:exonerate/ID=match.2566964.4188/Target=CALM3_HUMAN;exonerate},{ev_type:exonerate/ID=match.2566964.4190/Target=CALM3_RAT;exonerate},{ev_type:exonerate/ID=match.2566964.4167/Target=CALMA_ARBPU;exonerate},{ev_type:exonerate/ID=match.2566964.4186/Target=CALM2_MOUSE;exonerate},{ev_type:exonerate/ID=match.2566964.4191/Target=CALMA_HALRO;exonerate},{ev_type:exonerate/ID=match.2566964.4194/Target=CALM_BOVIN;exonerate},{ev_type:exonerate/ID=match.2566964.4205/Target=CALM_PONAB;exonerate},{ev_type:exonerate/ID=match.2566964.4164/Target=CALM_PLECO;exonerate},{ev_type:exonerate/ID=match.2566964.4172/Target=CALM_PHYPO;exonerate},{ev_type:exonerate/ID=match.2566964.4198/Target=CALM_DANRE;exonerate},{ev_type:exonerate/ID=match.2566964.4210/Target=CAM2A_XENLA;exonerate},{ev_type:exonerate/ID=match.2566964.3483/Target=CALM_PHYIN;exonerate},{ev_type:exonerate/ID=match.2566964.4166/Target=CALM_AGABI;exonerate},{ev_type:exonerate/ID=match.2566964.4192/Target=CALM_ANAPL;exonerate},{ev_type:exonerate/ID=match.2566964.4209/Target=CALM_TETCF;exonerate},{ev_type:exonerate/ID=match.2566964.4185/Target=CALM2_HUMAN;exonerate},{ev_type:exonerate/ID=match.2566964.4187/Target=CALM2_RAT;exonerate},{ev_type:exonerate/ID=match.2566964.4163/Target=CALM_PLEOS;exonerate},{ev_type:exonerate/ID=match.2566964.4178/Target=CALM1_BRAFL;exonerate},{ev_type:exonerate/ID=match.2566964.4201/Target=CALM_LOCMI;exonerate},{ev_type:exonerate/ID=match.2566964.4181/Target=CALM1_MOUSE;exonerate},{ev_type:exonerate/ID=match.2566964.4170/Target=lcl|LCTV02000010_1_prot_PRQ72218_1_1189;exonerate},{ev_type:exonerate/ID=match.2566964.4204/Target=CALM_PERFV;exonerate},{ev_type:exonerate/ID=match.2566964.3479/Target=CALM_MACPY;exonerate},{ev_type:exonerate/ID=match.2566964.4213/Target=CALM_ELEEL;exonerate},{ev_type:exonerate/ID=match.2566964.4212/Target=CALMB_ARBPU;exonerate},{ev_type:exonerate/ID=match.2566964.4179/Target=CALM1_BRALA;exonerate},{ev_type:exonerate/ID=match.2566964.4199/Target=CALM_DROME;exonerate},{ev_type:exonerate/ID=match.2566964.4189/Target=CALM3_MOUSE;exonerate},{ev_type:exonerate/ID=match.2566964.4184/Target=CALM2_BRALA;exonerate},{ev_type:exonerate/ID=match.2566964.4203/Target=CALM_ONCSP;exonerate},{ev_type:exonerate/ID=match.2566964.4180/Target=CALM1_HUMAN;exonerate},{ev_type:exonerate/ID=match.2566964.4208/Target=CALM_STIJA;exonerate},{ev_type:exonerate/ID=match.2566964.3482/Target=CALM_GLOSP;exonerate},{ev_type:exonerate/ID=match.2566964.4197/Target=CALM_CTEID;exonerate},{ev_type:exonerate/ID=match.2566964.4200/Target=CALM_EPIAK;exonerate},{ev_type:exonerate/ID=match.2566964.4207/Target=CALM_SHEEP;exonerate},{ev_type:exonerate/ID=match.2566964.4196/Target=CALM_CHICK;exonerate},{ev_type:exonerate/ID=match.2566964.3480/Target=CALN_CHICK;exonerate},{ev_type:exonerate/ID=match.2566964.4216/Target=lcl|BJWK01000012_1_prot_GEM10752_1_4769;exonerate}
114341	114457	INTRON			{GlimmerHMM_glimmerT_5037-T1;GlimmerHMM},{GeneMark_model.5386_t;GeneMark},{ev_type:exonerate/ID=match.2566964.4211/Target=CAM2B_XENLA;exonerate},{ev_type:exonerate/ID=match.2566964.4193/Target=CALM_APLCA;exonerate},{ev_type:exonerate/ID=match.2566964.4202/Target=CALM_METSE;exonerate},{ev_type:exonerate/ID=match.2566964.4182/Target=CALM1_RAT;exonerate},{ev_type:exonerate/ID=match.2566964.4174/Target=CALM2_SOLTU;exonerate},{ev_type:exonerate/ID=match.2566964.4183/Target=CALM1_XENLA;exonerate},{ev_type:exonerate/ID=match.2566964.4206/Target=CALM_RABIT;exonerate},{ev_type:exonerate/ID=match.2566964.4169/Target=CALM_ORYLA;exonerate},{ev_type:exonerate/ID=match.2566964.4195/Target=CALM_CAEEL;exonerate},{ev_type:exonerate/ID=match.2566964.4162/Target=CALM_PAXIN;exonerate},{ev_type:exonerate/ID=match.2566964.4171/Target=lcl|KQ954490_1_prot_KWU43427_1_4212;exonerate},{ev_type:exonerate/ID=match.2566964.4188/Target=CALM3_HUMAN;exonerate},{ev_type:exonerate/ID=match.2566964.4190/Target=CALM3_RAT;exonerate},{ev_type:exonerate/ID=match.2566964.4167/Target=CALMA_ARBPU;exonerate},{ev_type:exonerate/ID=match.2566964.4186/Target=CALM2_MOUSE;exonerate},{ev_type:exonerate/ID=match.2566964.4191/Target=CALMA_HALRO;exonerate},{ev_type:exonerate/ID=match.2566964.4194/Target=CALM_BOVIN;exonerate},{ev_type:exonerate/ID=match.2566964.4205/Target=CALM_PONAB;exonerate},{ev_type:exonerate/ID=match.2566964.4164/Target=CALM_PLECO;exonerate},{ev_type:exonerate/ID=match.2566964.4172/Target=CALM_PHYPO;exonerate},{ev_type:exonerate/ID=match.2566964.4198/Target=CALM_DANRE;exonerate},{ev_type:exonerate/ID=match.2566964.4210/Target=CAM2A_XENLA;exonerate},{ev_type:exonerate/ID=match.2566964.3483/Target=CALM_PHYIN;exonerate},{ev_type:exonerate/ID=match.2566964.4166/Target=CALM_AGABI;exonerate},{ev_type:exonerate/ID=match.2566964.4192/Target=CALM_ANAPL;exonerate},{ev_type:exonerate/ID=match.2566964.4209/Target=CALM_TETCF;exonerate},{ev_type:exonerate/ID=match.2566964.4185/Target=CALM2_HUMAN;exonerate},{ev_type:exonerate/ID=match.2566964.4187/Target=CALM2_RAT;exonerate},{ev_type:exonerate/ID=match.2566964.4163/Target=CALM_PLEOS;exonerate},{ev_type:exonerate/ID=match.2566964.4178/Target=CALM1_BRAFL;exonerate},{ev_type:exonerate/ID=match.2566964.4201/Target=CALM_LOCMI;exonerate},{ev_type:exonerate/ID=match.2566964.4181/Target=CALM1_MOUSE;exonerate},{ev_type:exonerate/ID=match.2566964.4170/Target=lcl|LCTV02000010_1_prot_PRQ72218_1_1189;exonerate},{ev_type:exonerate/ID=match.2566964.4176/Target=lcl|PJQD01000028_1_prot_POY74202_1_2815;exonerate},{ev_type:exonerate/ID=match.2566964.4204/Target=CALM_PERFV;exonerate},{ev_type:exonerate/ID=match.2566964.3479/Target=CALM_MACPY;exonerate},{ev_type:exonerate/ID=match.2566964.4213/Target=CALM_ELEEL;exonerate},{ev_type:exonerate/ID=match.2566964.4212/Target=CALMB_ARBPU;exonerate},{ev_type:exonerate/ID=match.2566964.4179/Target=CALM1_BRALA;exonerate},{ev_type:exonerate/ID=match.2566964.4199/Target=CALM_DROME;exonerate},{ev_type:exonerate/ID=match.2566964.4189/Target=CALM3_MOUSE;exonerate},{ev_type:exonerate/ID=match.2566964.4184/Target=CALM2_BRALA;exonerate},{ev_type:exonerate/ID=match.2566964.4203/Target=CALM_ONCSP;exonerate},{ev_type:exonerate/ID=match.2566964.4180/Target=CALM1_HUMAN;exonerate},{ev_type:exonerate/ID=match.2566964.4208/Target=CALM_STIJA;exonerate},{ev_type:exonerate/ID=match.2566964.3482/Target=CALM_GLOSP;exonerate},{ev_type:exonerate/ID=match.2566964.4197/Target=CALM_CTEID;exonerate},{ev_type:exonerate/ID=match.2566964.4200/Target=CALM_EPIAK;exonerate},{ev_type:exonerate/ID=match.2566964.4207/Target=CALM_SHEEP;exonerate},{ev_type:exonerate/ID=match.2566964.4196/Target=CALM_CHICK;exonerate},{ev_type:exonerate/ID=match.2566964.3480/Target=CALN_CHICK;exonerate},{ev_type:exonerate/ID=match.2566964.4216/Target=lcl|BJWK01000012_1_prot_GEM10752_1_4769;exonerate}
114458	114586	internal+	2	1	{GlimmerHMM_glimmerT_5037-T1;GlimmerHMM},{GeneMark_model.5386_t;GeneMark},{ev_type:exonerate/ID=match.2566964.4211/Target=CAM2B_XENLA;exonerate},{ev_type:exonerate/ID=match.2566964.4193/Target=CALM_APLCA;exonerate},{ev_type:exonerate/ID=match.2566964.4202/Target=CALM_METSE;exonerate},{ev_type:exonerate/ID=match.2566964.4182/Target=CALM1_RAT;exonerate},{ev_type:exonerate/ID=match.2566964.4174/Target=CALM2_SOLTU;exonerate},{ev_type:exonerate/ID=match.2566964.4183/Target=CALM1_XENLA;exonerate},{ev_type:exonerate/ID=match.2566964.4206/Target=CALM_RABIT;exonerate},{ev_type:exonerate/ID=match.2566964.4169/Target=CALM_ORYLA;exonerate},{ev_type:exonerate/ID=match.2566964.4195/Target=CALM_CAEEL;exonerate},{ev_type:exonerate/ID=match.2566964.4162/Target=CALM_PAXIN;exonerate},{ev_type:exonerate/ID=match.2566964.4171/Target=lcl|KQ954490_1_prot_KWU43427_1_4212;exonerate},{ev_type:exonerate/ID=match.2566964.4188/Target=CALM3_HUMAN;exonerate},{ev_type:exonerate/ID=match.2566964.4190/Target=CALM3_RAT;exonerate},{ev_type:exonerate/ID=match.2566964.4167/Target=CALMA_ARBPU;exonerate},{ev_type:exonerate/ID=match.2566964.4186/Target=CALM2_MOUSE;exonerate},{ev_type:exonerate/ID=match.2566964.4191/Target=CALMA_HALRO;exonerate},{ev_type:exonerate/ID=match.2566964.4194/Target=CALM_BOVIN;exonerate},{ev_type:exonerate/ID=match.2566964.4205/Target=CALM_PONAB;exonerate},{ev_type:exonerate/ID=match.2566964.4164/Target=CALM_PLECO;exonerate},{ev_type:exonerate/ID=match.2566964.4172/Target=CALM_PHYPO;exonerate},{ev_type:exonerate/ID=match.2566964.4198/Target=CALM_DANRE;exonerate},{ev_type:exonerate/ID=match.2566964.4210/Target=CAM2A_XENLA;exonerate},{ev_type:exonerate/ID=match.2566964.3483/Target=CALM_PHYIN;exonerate},{ev_type:exonerate/ID=match.2566964.4166/Target=CALM_AGABI;exonerate},{ev_type:exonerate/ID=match.2566964.4192/Target=CALM_ANAPL;exonerate},{ev_type:exonerate/ID=match.2566964.4209/Target=CALM_TETCF;exonerate},{ev_type:exonerate/ID=match.2566964.4185/Target=CALM2_HUMAN;exonerate},{ev_type:exonerate/ID=match.2566964.4187/Target=CALM2_RAT;exonerate},{ev_type:exonerate/ID=match.2566964.4163/Target=CALM_PLEOS;exonerate},{ev_type:exonerate/ID=match.2566964.4178/Target=CALM1_BRAFL;exonerate},{ev_type:exonerate/ID=match.2566964.4201/Target=CALM_LOCMI;exonerate},{ev_type:exonerate/ID=match.2566964.4181/Target=CALM1_MOUSE;exonerate},{ev_type:exonerate/ID=match.2566964.4170/Target=lcl|LCTV02000010_1_prot_PRQ72218_1_1189;exonerate},{ev_type:exonerate/ID=match.2566964.4176/Target=lcl|PJQD01000028_1_prot_POY74202_1_2815;exonerate},{ev_type:exonerate/ID=match.2566964.4204/Target=CALM_PERFV;exonerate},{ev_type:exonerate/ID=match.2566964.3479/Target=CALM_MACPY;exonerate},{ev_type:exonerate/ID=match.2566964.4213/Target=CALM_ELEEL;exonerate},{ev_type:exonerate/ID=match.2566964.4212/Target=CALMB_ARBPU;exonerate},{ev_type:exonerate/ID=match.2566964.4179/Target=CALM1_BRALA;exonerate},{ev_type:exonerate/ID=match.2566964.4199/Target=CALM_DROME;exonerate},{ev_type:exonerate/ID=match.2566964.4189/Target=CALM3_MOUSE;exonerate},{ev_type:exonerate/ID=match.2566964.4184/Target=CALM2_BRALA;exonerate},{ev_type:exonerate/ID=match.2566964.4203/Target=CALM_ONCSP;exonerate},{ev_type:exonerate/ID=match.2566964.4180/Target=CALM1_HUMAN;exonerate},{ev_type:exonerate/ID=match.2566964.4208/Target=CALM_STIJA;exonerate},{ev_type:exonerate/ID=match.2566964.3482/Target=CALM_GLOSP;exonerate},{ev_type:exonerate/ID=match.2566964.4197/Target=CALM_CTEID;exonerate},{ev_type:exonerate/ID=match.2566964.4200/Target=CALM_EPIAK;exonerate},{ev_type:exonerate/ID=match.2566964.4207/Target=CALM_SHEEP;exonerate},{ev_type:exonerate/ID=match.2566964.4196/Target=CALM_CHICK;exonerate},{ev_type:exonerate/ID=match.2566964.3480/Target=CALN_CHICK;exonerate}
114587	114689	INTRON			{GlimmerHMM_glimmerT_5037-T1;GlimmerHMM},{GeneMark_model.5386_t;GeneMark},{ev_type:exonerate/ID=match.2566964.4211/Target=CAM2B_XENLA;exonerate},{ev_type:exonerate/ID=match.2566964.4222/Target=CALM_STRPU;exonerate},{ev_type:exonerate/ID=match.2566964.4193/Target=CALM_APLCA;exonerate},{ev_type:exonerate/ID=match.2566964.4202/Target=CALM_METSE;exonerate},{ev_type:exonerate/ID=match.2566964.4182/Target=CALM1_RAT;exonerate},{ev_type:exonerate/ID=match.2566964.4174/Target=CALM2_SOLTU;exonerate},{ev_type:exonerate/ID=match.2566964.4183/Target=CALM1_XENLA;exonerate},{ev_type:exonerate/ID=match.2566964.4206/Target=CALM_RABIT;exonerate},{ev_type:exonerate/ID=match.2566964.4169/Target=CALM_ORYLA;exonerate},{ev_type:exonerate/ID=match.2566964.4195/Target=CALM_CAEEL;exonerate},{ev_type:exonerate/ID=match.2566964.4162/Target=CALM_PAXIN;exonerate},{ev_type:exonerate/ID=match.2566964.4171/Target=lcl|KQ954490_1_prot_KWU43427_1_4212;exonerate},{ev_type:exonerate/ID=match.2566964.4188/Target=CALM3_HUMAN;exonerate},{ev_type:exonerate/ID=match.2566964.4190/Target=CALM3_RAT;exonerate},{ev_type:exonerate/ID=match.2566964.4167/Target=CALMA_ARBPU;exonerate},{ev_type:exonerate/ID=match.2566964.4186/Target=CALM2_MOUSE;exonerate},{ev_type:exonerate/ID=match.2566964.4191/Target=CALMA_HALRO;exonerate},{ev_type:exonerate/ID=match.2566964.4194/Target=CALM_BOVIN;exonerate},{ev_type:exonerate/ID=match.2566964.4205/Target=CALM_PONAB;exonerate},{ev_type:exonerate/ID=match.2566964.4164/Target=CALM_PLECO;exonerate},{ev_type:exonerate/ID=match.2566964.4172/Target=CALM_PHYPO;exonerate},{ev_type:exonerate/ID=match.2566964.4198/Target=CALM_DANRE;exonerate},{ev_type:exonerate/ID=match.2566964.4210/Target=CAM2A_XENLA;exonerate},{ev_type:exonerate/ID=match.2566964.3483/Target=CALM_PHYIN;exonerate},{ev_type:exonerate/ID=match.2566964.4166/Target=CALM_AGABI;exonerate},{ev_type:exonerate/ID=match.2566964.4192/Target=CALM_ANAPL;exonerate},{ev_type:exonerate/ID=match.2566964.4209/Target=CALM_TETCF;exonerate},{ev_type:exonerate/ID=match.2566964.4185/Target=CALM2_HUMAN;exonerate},{ev_type:exonerate/ID=match.2566964.4187/Target=CALM2_RAT;exonerate},{ev_type:exonerate/ID=match.2566964.4163/Target=CALM_PLEOS;exonerate},{ev_type:exonerate/ID=match.2566964.4178/Target=CALM1_BRAFL;exonerate},{ev_type:exonerate/ID=match.2566964.4201/Target=CALM_LOCMI;exonerate},{ev_type:exonerate/ID=match.2566964.4181/Target=CALM1_MOUSE;exonerate},{ev_type:exonerate/ID=match.2566964.4170/Target=lcl|LCTV02000010_1_prot_PRQ72218_1_1189;exonerate},{ev_type:exonerate/ID=match.2566964.4176/Target=lcl|PJQD01000028_1_prot_POY74202_1_2815;exonerate},{ev_type:exonerate/ID=match.2566964.4204/Target=CALM_PERFV;exonerate},{ev_type:exonerate/ID=match.2566964.3479/Target=CALM_MACPY;exonerate},{ev_type:exonerate/ID=match.2566964.4213/Target=CALM_ELEEL;exonerate},{ev_type:exonerate/ID=match.2566964.4212/Target=CALMB_ARBPU;exonerate},{ev_type:exonerate/ID=match.2566964.4179/Target=CALM1_BRALA;exonerate},{ev_type:exonerate/ID=match.2566964.4199/Target=CALM_DROME;exonerate},{ev_type:exonerate/ID=match.2566964.4189/Target=CALM3_MOUSE;exonerate},{ev_type:exonerate/ID=match.2566964.4184/Target=CALM2_BRALA;exonerate},{ev_type:exonerate/ID=match.2566964.4203/Target=CALM_ONCSP;exonerate},{ev_type:exonerate/ID=match.2566964.4180/Target=CALM1_HUMAN;exonerate},{ev_type:exonerate/ID=match.2566964.4208/Target=CALM_STIJA;exonerate},{ev_type:exonerate/ID=match.2566964.3482/Target=CALM_GLOSP;exonerate},{ev_type:exonerate/ID=match.2566964.4197/Target=CALM_CTEID;exonerate},{ev_type:exonerate/ID=match.2566964.4200/Target=CALM_EPIAK;exonerate},{ev_type:exonerate/ID=match.2566964.4207/Target=CALM_SHEEP;exonerate},{ev_type:exonerate/ID=match.2566964.4196/Target=CALM_CHICK;exonerate},{ev_type:exonerate/ID=match.2566964.3480/Target=CALN_CHICK;exonerate}
114690	114788	internal+	2	1	{GlimmerHMM_glimmerT_5037-T1;GlimmerHMM},{GeneMark_model.5386_t;GeneMark}
114789	114870	INTRON			{GeneMark_model.5386_t;GeneMark}
114871	114881	terminal+	2	3	{GeneMark_model.5386_t;GeneMark}

# EVM prediction: Mode:STANDARD S-ratio: 4.32 115635-116932 orient(+) score(4578.00) noncoding_equivalent(1058.70) raw_noncoding(1165.80) offset(107.10)
115635	115777	initial+	1	2	{GeneMark_model.5387_t;GeneMark}
115778	115859	INTRON			{GlimmerHMM_glimmerT_5037-T1;GlimmerHMM},{Augustus_model.g4175.t1;Augustus},{GeneMark_model.5387_t;GeneMark}
115860	116290	internal+	3	1	{GlimmerHMM_glimmerT_5037-T1;GlimmerHMM},{Augustus_model.g4175.t1;Augustus},{GeneMark_model.5387_t;GeneMark}
116291	116365	INTRON			{GlimmerHMM_glimmerT_5037-T1;GlimmerHMM},{Augustus_model.g4175.t1;Augustus},{GeneMark_model.5387_t;GeneMark}
116366	116624	internal+	2	2	{GlimmerHMM_glimmerT_5037-T1;GlimmerHMM},{Augustus_model.g4175.t1;Augustus},{GeneMark_model.5387_t;GeneMark}
116625	116697	INTRON			{GlimmerHMM_glimmerT_5037-T1;GlimmerHMM},{Augustus_model.g4175.t1;Augustus},{GeneMark_model.5387_t;GeneMark}
116698	116932	terminal+	3	3	{GlimmerHMM_glimmerT_5037-T1;GlimmerHMM},{GeneMark_model.5387_t;GeneMark}

# EVM prediction: Mode:STANDARD S-ratio: 3.71 117220-118487 orient(+) score(4063.00) noncoding_equivalent(1094.39) raw_noncoding(1385.00) offset(290.61)
117220	117350	initial+	1	2	{GeneMark_model.5388_t;GeneMark},{GlimmerHMM_glimmerT_5038-T1;GlimmerHMM}
117351	117415	INTRON			{GeneMark_model.5388_t;GeneMark},{Augustus_model.g4175.t1;Augustus},{GlimmerHMM_glimmerT_5038-T1;GlimmerHMM}
117416	117843	internal+	3	1	{GeneMark_model.5388_t;GeneMark},{Augustus_model.g4175.t1;Augustus},{GlimmerHMM_glimmerT_5038-T1;GlimmerHMM}
117844	117912	INTRON			{GeneMark_model.5388_t;GeneMark},{Augustus_model.g4175.t1;Augustus},{GlimmerHMM_glimmerT_5038-T1;GlimmerHMM}
117913	118165	internal+	2	2	{Augustus_model.g4175.t1;Augustus}
118166	118252	INTRON			{Augustus_model.g4175.t1;Augustus}
118253	118487	terminal+	3	3	{Augustus_model.g4175.t1;Augustus},{GlimmerHMM_glimmerT_5038-T1;GlimmerHMM}

# EVM prediction: Mode:STANDARD S-ratio: 3.42 118682-120894 orient(-) score(7173.00) noncoding_equivalent(2095.77) raw_noncoding(2324.00) offset(228.23)
119209	118682	terminal-	4	6	{GeneMark_model.5389_t;GeneMark},{snap_scaffold_13-snap.47-T1;snap},{GlimmerHMM_glimmerT_5039-T1;GlimmerHMM},{Augustus_model.g4176.t1;Augustus}
119285	119210	INTRON			{GeneMark_model.5389_t;GeneMark},{GlimmerHMM_glimmerT_5039-T1;GlimmerHMM},{Augustus_model.g4176.t1;Augustus}
119535	119286	internal-	6	6	{GeneMark_model.5389_t;GeneMark},{GlimmerHMM_glimmerT_5039-T1;GlimmerHMM},{Augustus_model.g4176.t1;Augustus}
119613	119536	INTRON			{GeneMark_model.5389_t;GeneMark},{GlimmerHMM_glimmerT_5039-T1;GlimmerHMM},{Augustus_model.g4176.t1;Augustus}
119761	119614	internal-	5	5	{GeneMark_model.5389_t;GeneMark},{GlimmerHMM_glimmerT_5039-T1;GlimmerHMM},{Augustus_model.g4176.t1;Augustus}
119822	119762	INTRON			{GeneMark_model.5389_t;GeneMark},{GlimmerHMM_glimmerT_5039-T1;GlimmerHMM},{Augustus_model.g4176.t1;Augustus}
120894	119823	initial-	4	4	{GeneMark_model.5389_t;GeneMark},{GlimmerHMM_glimmerT_5039-T1;GlimmerHMM},{Augustus_model.g4176.t1;Augustus}

# EVM prediction: Mode:STANDARD S-ratio: 2.95 121263-121985 orient(-) score(4068.00) noncoding_equivalent(1379.00) raw_noncoding(1929.00) offset(550.00)
121395	121263	terminal-	6	6	{GlimmerHMM_glimmerT_5040-T1;GlimmerHMM},{GeneMark_model.5390_t;GeneMark},{HiQ_model.g4177.t1;HiQ}
121460	121396	INTRON			{GlimmerHMM_glimmerT_5040-T1;GlimmerHMM},{GeneMark_model.5390_t;GeneMark},{HiQ_model.g4177.t1;HiQ},{ev_type:exonerate/ID=match.2566964.4159/Target=lcl|PJQD01000028_1_prot_POY74179_1_2792;exonerate}
121685	121461	internal-	6	5	{GlimmerHMM_glimmerT_5040-T1;GlimmerHMM},{GeneMark_model.5390_t;GeneMark},{HiQ_model.g4177.t1;HiQ},{ev_type:exonerate/ID=match.2566964.4159/Target=lcl|PJQD01000028_1_prot_POY74179_1_2792;exonerate}
121827	121686	INTRON			{GlimmerHMM_glimmerT_5040-T1;GlimmerHMM},{GeneMark_model.5390_t;GeneMark},{HiQ_model.g4177.t1;HiQ},{ev_type:exonerate/ID=match.2566964.4159/Target=lcl|PJQD01000028_1_prot_POY74179_1_2792;exonerate},{ev_type:exonerate/ID=match.2566964.4173/Target=lcl|KQ954490_1_prot_KWU43404_1_4189;exonerate}
121865	121828	internal-	4	5	{GeneMark_model.5390_t;GeneMark},{HiQ_model.g4177.t1;HiQ},{ev_type:exonerate/ID=match.2566964.4159/Target=lcl|PJQD01000028_1_prot_POY74179_1_2792;exonerate},{ev_type:exonerate/ID=match.2566964.4173/Target=lcl|KQ954490_1_prot_KWU43404_1_4189;exonerate}
121934	121866	INTRON			{GeneMark_model.5390_t;GeneMark},{HiQ_model.g4177.t1;HiQ},{ev_type:exonerate/ID=match.2566964.4159/Target=lcl|PJQD01000028_1_prot_POY74179_1_2792;exonerate},{ev_type:exonerate/ID=match.2566964.4173/Target=lcl|KQ954490_1_prot_KWU43404_1_4189;exonerate}
121985	121935	initial-	4	6	{GeneMark_model.5390_t;GeneMark},{HiQ_model.g4177.t1;HiQ}

# EVM prediction: Mode:STANDARD S-ratio: 4.12 123755-128082 orient(-) score(30947.00) noncoding_equivalent(7515.70) raw_noncoding(8198.00) offset(682.30)
124528	123755	terminal-	4	6	{HiQ_model.g4178.t1;HiQ},{GlimmerHMM_glimmerT_5041-T1;GlimmerHMM},{GeneMark_model.5391_t;GeneMark}
124599	124529	INTRON			{HiQ_model.g4178.t1;HiQ},{GlimmerHMM_glimmerT_5041-T1;GlimmerHMM},{GeneMark_model.5391_t;GeneMark},{ev_type:exonerate/ID=match.2566964.4073/Target=lcl|BJWK01000012_1_prot_GEM10736_1_4753;exonerate},{ev_type:exonerate/ID=match.2566964.4072/Target=lcl|LCTV02000010_1_prot_PRQ72235_1_1206;exonerate},{ev_type:exonerate/ID=match.2566964.4069/Target=lcl|PJQD01000028_1_prot_POY74180_1_2793;exonerate}
126408	124600	internal-	4	6	{HiQ_model.g4178.t1;HiQ},{GlimmerHMM_glimmerT_5041-T1;GlimmerHMM},{GeneMark_model.5391_t;GeneMark},{ev_type:exonerate/ID=match.2566964.4073/Target=lcl|BJWK01000012_1_prot_GEM10736_1_4753;exonerate},{ev_type:exonerate/ID=match.2566964.4072/Target=lcl|LCTV02000010_1_prot_PRQ72235_1_1206;exonerate},{ev_type:exonerate/ID=match.2566964.4069/Target=lcl|PJQD01000028_1_prot_POY74180_1_2793;exonerate}
126468	126409	INTRON			{HiQ_model.g4178.t1;HiQ},{GlimmerHMM_glimmerT_5041-T1;GlimmerHMM},{GeneMark_model.5391_t;GeneMark},{ev_type:exonerate/ID=match.2566964.4073/Target=lcl|BJWK01000012_1_prot_GEM10736_1_4753;exonerate},{ev_type:exonerate/ID=match.2566964.4072/Target=lcl|LCTV02000010_1_prot_PRQ72235_1_1206;exonerate},{ev_type:exonerate/ID=match.2566964.4069/Target=lcl|PJQD01000028_1_prot_POY74180_1_2793;exonerate}
127104	126469	internal-	4	6	{HiQ_model.g4178.t1;HiQ},{GlimmerHMM_glimmerT_5041-T1;GlimmerHMM},{GeneMark_model.5391_t;GeneMark},{ev_type:exonerate/ID=match.2566964.4073/Target=lcl|BJWK01000012_1_prot_GEM10736_1_4753;exonerate},{ev_type:exonerate/ID=match.2566964.4072/Target=lcl|LCTV02000010_1_prot_PRQ72235_1_1206;exonerate},{ev_type:exonerate/ID=match.2566964.4069/Target=lcl|PJQD01000028_1_prot_POY74180_1_2793;exonerate}
127164	127105	INTRON			{HiQ_model.g4178.t1;HiQ},{GlimmerHMM_glimmerT_5041-T1;GlimmerHMM},{GeneMark_model.5391_t;GeneMark},{ev_type:exonerate/ID=match.2566964.4073/Target=lcl|BJWK01000012_1_prot_GEM10736_1_4753;exonerate},{ev_type:exonerate/ID=match.2566964.4072/Target=lcl|LCTV02000010_1_prot_PRQ72235_1_1206;exonerate},{ev_type:exonerate/ID=match.2566964.4069/Target=lcl|PJQD01000028_1_prot_POY74180_1_2793;exonerate}
127773	127165	internal-	4	6	{HiQ_model.g4178.t1;HiQ},{GlimmerHMM_glimmerT_5041-T1;GlimmerHMM},{GeneMark_model.5391_t;GeneMark},{ev_type:exonerate/ID=match.2566964.4073/Target=lcl|BJWK01000012_1_prot_GEM10736_1_4753;exonerate},{ev_type:exonerate/ID=match.2566964.4072/Target=lcl|LCTV02000010_1_prot_PRQ72235_1_1206;exonerate}
127950	127774	INTRON			{HiQ_model.g4178.t1;HiQ},{GlimmerHMM_glimmerT_5041-T1;GlimmerHMM},{GeneMark_model.5391_t;GeneMark},{ev_type:exonerate/ID=match.2566964.4073/Target=lcl|BJWK01000012_1_prot_GEM10736_1_4753;exonerate},{ev_type:exonerate/ID=match.2566964.4072/Target=lcl|LCTV02000010_1_prot_PRQ72235_1_1206;exonerate}
128082	127951	initial-	4	6	{HiQ_model.g4178.t1;HiQ}

# EVM prediction: Mode:STANDARD S-ratio: 49.67 129198-130053 orient(+) score(74308.00) noncoding_equivalent(1495.94) raw_noncoding(1950.22) offset(454.28)
129198	129210	initial+	1	1	{Augustus_model.g4179.t1;Augustus},{GeneMark_model.5392_t;GeneMark},{GlimmerHMM_glimmerT_5042-T1;GlimmerHMM}
129211	129456	INTRON			{Augustus_model.g4179.t1;Augustus},{GeneMark_model.5392_t;GeneMark},{GlimmerHMM_glimmerT_5042-T1;GlimmerHMM}
129457	129566	internal+	2	3	{Augustus_model.g4179.t1;Augustus},{GeneMark_model.5392_t;GeneMark},{GlimmerHMM_glimmerT_5042-T1;GlimmerHMM}
129567	129625	INTRON			{Augustus_model.g4179.t1;Augustus},{GeneMark_model.5392_t;GeneMark},{GlimmerHMM_glimmerT_5042-T1;GlimmerHMM},{ev_type:exonerate/ID=match.2566964.2426/Target=H3_ASPFU;exonerate},{ev_type:exonerate/ID=match.2566964.2309/Target=H3_PISOC;exonerate},{ev_type:exonerate/ID=match.2566964.2325/Target=H33_CANAL;exonerate},{ev_type:exonerate/ID=match.2566964.2366/Target=H33_PICST;exonerate},{ev_type:exonerate/ID=match.2566964.2381/Target=H331_CAEEL;exonerate},{ev_type:exonerate/ID=match.2566964.2402/Target=lcl|NW_017264935_1_prot_XP_018270353_1_4289;exonerate},{ev_type:exonerate/ID=match.2566964.2257/Target=H32_BRANA;exonerate},{ev_type:exonerate/ID=match.2566964.2243/Target=H3_DROME;exonerate},{ev_type:exonerate/ID=match.2566964.2339/Target=H31_CANAL;exonerate},{ev_type:exonerate/ID=match.2566964.2462/Target=H3_MORAP;exonerate},{ev_type:exonerate/ID=match.2566964.2341/Target=H3C_MOUSE;exonerate},{ev_type:exonerate/ID=match.2566964.2372/Target=H33_RAT;exonerate},{ev_type:exonerate/ID=match.2566964.2247/Target=H3_TIGCA;exonerate},{ev_type:exonerate/ID=match.2566964.2271/Target=H32_TOBAC;exonerate},{ev_type:exonerate/ID=match.2566964.2378/Target=H33_XENTR;exonerate},{ev_type:exonerate/ID=match.2566964.2279/Target=H31_MOUSE;exonerate},{ev_type:exonerate/ID=match.2566964.2368/Target=H33_PIG;exonerate},{ev_type:exonerate/ID=match.2566964.2235/Target=H32_PORAF;exonerate},{ev_type:exonerate/ID=match.2566964.2458/Target=H3_AJECA;exonerate},{ev_type:exonerate/ID=match.2566964.2370/Target=H33_RABIT;exonerate},{ev_type:exonerate/ID=match.2566964.2233/Target=H32_ONCMY;exonerate},{ev_type:exonerate/ID=match.2566964.2362/Target=H33_HUMAN;exonerate},{ev_type:exonerate/ID=match.2566964.2241/Target=H3_DROHY;exonerate},{ev_type:exonerate/ID=match.2566964.2317/Target=H3_STRDR;exonerate},{ev_type:exonerate/ID=match.2566964.2231/Target=H32_MUSPA;exonerate},{ev_type:exonerate/ID=match.2566964.2424/Target=H3_ASPCL;exonerate},{ev_type:exonerate/ID=match.2566964.2394/Target=lcl|KQ954534_1_prot_KWU41526_1_6084;exonerate},{ev_type:exonerate/ID=match.2566964.2275/Target=H31_BOVIN;exonerate},{ev_type:exonerate/ID=match.2566964.2468/Target=lcl|KQ954490_1_prot_KWU43402_1_4187;exonerate},{ev_type:exonerate/ID=match.2566964.2432/Target=H3_ASPTN;exonerate},{ev_type:exonerate/ID=match.2566964.2440/Target=H3_HYPJE;exonerate},{ev_type:exonerate/ID=match.2566964.2221/Target=H32_CHICK;exonerate},{ev_type:exonerate/ID=match.2566964.2289/Target=H32_PEA;exonerate},{ev_type:exonerate/ID=match.2566964.2261/Target=H32_EUPES;exonerate},{ev_type:exonerate/ID=match.2566964.2322/Target=H332_CAEEL;exonerate},{ev_type:exonerate/ID=match.2566964.2352/Target=H33_BOVIN;exonerate},{ev_type:exonerate/ID=match.2566964.2214/Target=H3_CHITH;exonerate},{ev_type:exonerate/ID=match.2566964.2307/Target=H3_PISBR;exonerate},{ev_type:exonerate/ID=match.2566964.2259/Target=H32_ENCAL;exonerate},{ev_type:exonerate/ID=match.2566964.2356/Target=H33_DANRE;exonerate},{ev_type:exonerate/ID=match.2566964.2223/Target=H32_DANRE;exonerate},{ev_type:exonerate/ID=match.2566964.2249/Target=H3_URECA;exonerate},{ev_type:exonerate/ID=match.2566964.2408/Target=lcl|KQ954583_1_prot_KWU40994_1_6642;exonerate},{ev_type:exonerate/ID=match.2566964.2387/Target=H33_TRIPS;exonerate},{ev_type:exonerate/ID=match.2566964.2237/Target=H32_XENLA;exonerate},{ev_type:exonerate/ID=match.2566964.2428/Target=H3_ASPNC;exonerate},{ev_type:exonerate/ID=match.2566964.2478/Target=H3_EREGS;exonerate},{ev_type:exonerate/ID=match.2566964.2346/Target=H31_SCHPO;exonerate},{ev_type:exonerate/ID=match.2566964.2412/Target=H31_DEBHA;exonerate},{ev_type:exonerate/ID=match.2566964.2466/Target=lcl|LCTV02000010_1_prot_PRQ72233_1_1204;exonerate},{ev_type:exonerate/ID=match.2566964.2383/Target=H33_LODEL;exonerate},{ev_type:exonerate/ID=match.2566964.2390/Target=lcl|LCTV02000001_1_prot_PRQ78164_1_864;exonerate},{ev_type:exonerate/ID=match.2566964.2364/Target=H33_MOUSE;exonerate},{ev_type:exonerate/ID=match.2566964.2484/Target=H3_ZYGBA;exonerate},{ev_type:exonerate/ID=match.2566964.2281/Target=H31_MUSPA;exonerate},{ev_type:exonerate/ID=match.2566964.2419/Target=H33_PONAB;exonerate},{ev_type:exonerate/ID=match.2566964.2474/Target=H32_USTMA;exonerate},{ev_type:exonerate/ID=match.2566964.2444/Target=H3_NEOFI;exonerate},{ev_type:exonerate/ID=match.2566964.2217/Target=H32_BOVIN;exonerate},{ev_type:exonerate/ID=match.2566964.2464/Target=lcl|LCTV02000010_1_prot_PRQ72231_1_1202;exonerate},{ev_type:exonerate/ID=match.2566964.2448/Target=H3_PHANO;exonerate},{ev_type:exonerate/ID=match.2566964.2285/Target=H32_MEDSA;exonerate},{ev_type:exonerate/ID=match.2566964.2315/Target=H3_SOLST;exonerate},{ev_type:exonerate/ID=match.2566964.2470/Target=lcl|PJQD01000028_1_prot_POY74181_1_2794;exonerate},{ev_type:exonerate/ID=match.2566964.2293/Target=H3_STRPU;exonerate},{ev_type:exonerate/ID=match.2566964.2269/Target=H32_PETCR;exonerate},{ev_type:exonerate/ID=match.2566964.2277/Target=H31_HUMAN;exonerate},{ev_type:exonerate/ID=match.2566964.2350/Target=H33B_DROME;exonerate},{ev_type:exonerate/ID=match.2566964.2438/Target=H3_GIBZE;exonerate},{ev_type:exonerate/ID=match.2566964.2416/Target=H31_PICST;exonerate},{ev_type:exonerate/ID=match.2566964.2313/Target=H3_PYCHE;exonerate},{ev_type:exonerate/ID=match.2566964.2211/Target=H3_ACRFO;exonerate},{ev_type:exonerate/ID=match.2566964.2434/Target=H3_CHAGB;exonerate},{ev_type:exonerate/ID=match.2566964.2446/Target=H3_NEUCR;exonerate},{ev_type:exonerate/ID=match.2566964.2303/Target=H3_LYTPI;exonerate},{ev_type:exonerate/ID=match.2566964.2358/Target=H33_DEBHA;exonerate},{ev_type:exonerate/ID=match.2566964.2291/Target=H32_WHEAT;exonerate},{ev_type:exonerate/ID=match.2566964.2253/Target=H31_ARATH;exonerate},{ev_type:exonerate/ID=match.2566964.2398/Target=lcl|BJWK01000006_1_prot_GEM08728_1_2745;exonerate},{ev_type:exonerate/ID=match.2566964.2360/Target=H33_DROHY;exonerate},{ev_type:exonerate/ID=match.2566964.2374/Target=H33_SPISO;exonerate},{ev_type:exonerate/ID=match.2566964.2452/Target=H3_TALFU;exonerate},{ev_type:exonerate/ID=match.2566964.2227/Target=H32_ICTBU;exonerate},{ev_type:exonerate/ID=match.2566964.2305/Target=H3_PARLI;exonerate},{ev_type:exonerate/ID=match.2566964.2486/Target=H31_USTMA;exonerate},{ev_type:exonerate/ID=match.2566964.2430/Target=H3_ASPOR;exonerate},{ev_type:exonerate/ID=match.2566964.2267/Target=H32_ORYSJ;exonerate},{ev_type:exonerate/ID=match.2566964.2283/Target=H31_RAT;exonerate},{ev_type:exonerate/ID=match.2566964.2482/Target=H3_YEAST;exonerate},{ev_type:exonerate/ID=match.2566964.2421/Target=H3_COCIM;exonerate},{ev_type:exonerate/ID=match.2566964.2255/Target=H32_ASPOF;exonerate},{ev_type:exonerate/ID=match.2566964.2404/Target=H31_LODEL;exonerate},{ev_type:exonerate/ID=match.2566964.2239/Target=H32_XENTR;exonerate},{ev_type:exonerate/ID=match.2566964.2410/Target=lcl|KQ954583_1_prot_KWU40997_1_6645;exonerate},{ev_type:exonerate/ID=match.2566964.2436/Target=H3_EMENI;exonerate},{ev_type:exonerate/ID=match.2566964.2454/Target=H33_SCHPO;exonerate},{ev_type:exonerate/ID=match.2566964.2265/Target=H32_ORYSI;exonerate},{ev_type:exonerate/ID=match.2566964.2225/Target=H32_HUMAN;exonerate},{ev_type:exonerate/ID=match.2566964.2245/Target=H3_PLADU;exonerate},{ev_type:exonerate/ID=match.2566964.2396/Target=lcl|BJWK01000006_1_prot_GEM08618_1_2635;exonerate},{ev_type:exonerate/ID=match.2566964.2263/Target=H32_MAIZE;exonerate},{ev_type:exonerate/ID=match.2566964.2229/Target=H32_MOUSE;exonerate},{ev_type:exonerate/ID=match.2566964.2354/Target=H33_CHICK;exonerate},{ev_type:exonerate/ID=match.2566964.2287/Target=H32_ONOVI;exonerate},{ev_type:exonerate/ID=match.2566964.2298/Target=H32_CRILO;exonerate},{ev_type:exonerate/ID=match.2566964.2494/Target=lcl|PJQD01000018_1_prot_POY75318_1_1537;exonerate},{ev_type:exonerate/ID=match.2566964.2376/Target=H33_XENLA;exonerate},{ev_type:exonerate/ID=match.2566964.2476/Target=H3_CANGA;exonerate},{ev_type:exonerate/ID=match.2566964.2385/Target=H33_PICGU;exonerate},{ev_type:exonerate/ID=match.2566964.2442/Target=H3_MARPO;exonerate},{ev_type:exonerate/ID=match.2566964.2414/Target=H31_PICGU;exonerate},{ev_type:exonerate/ID=match.2566964.2311/Target=H3_PSAMI;exonerate},{ev_type:exonerate/ID=match.2566964.2400/Target=lcl|NW_017264935_1_prot_XP_018270248_1_4184;exonerate},{ev_type:exonerate/ID=match.2566964.2450/Target=H3_PYRO7;exonerate},{ev_type:exonerate/ID=match.2566964.2392/Target=lcl|KQ954509_1_prot_KWU42369_1_5247;exonerate},{ev_type:exonerate/ID=match.2566964.2301/Target=H3_DERIM;exonerate},{ev_type:exonerate/ID=match.2566964.2480/Target=H3_KLULA;exonerate},{ev_type:exonerate/ID=match.2566964.2472/Target=lcl|NW_017264948_1_prot_XP_018267607_1_7180;exonerate},{ev_type:exonerate/ID=match.2566964.2219/Target=H32_CAIMO;exonerate},{ev_type:exonerate/ID=match.2566964.2348/Target=H33A_DROME;exonerate}
129626	129702	internal+	1	2	{Augustus_model.g4179.t1;Augustus},{GeneMark_model.5392_t;GeneMark},{GlimmerHMM_glimmerT_5042-T1;GlimmerHMM},{ev_type:exonerate/ID=match.2566964.2426/Target=H3_ASPFU;exonerate},{ev_type:exonerate/ID=match.2566964.2309/Target=H3_PISOC;exonerate},{ev_type:exonerate/ID=match.2566964.2325/Target=H33_CANAL;exonerate},{ev_type:exonerate/ID=match.2566964.2366/Target=H33_PICST;exonerate},{ev_type:exonerate/ID=match.2566964.2381/Target=H331_CAEEL;exonerate},{ev_type:exonerate/ID=match.2566964.2402/Target=lcl|NW_017264935_1_prot_XP_018270353_1_4289;exonerate},{ev_type:exonerate/ID=match.2566964.2257/Target=H32_BRANA;exonerate},{ev_type:exonerate/ID=match.2566964.2243/Target=H3_DROME;exonerate},{ev_type:exonerate/ID=match.2566964.2339/Target=H31_CANAL;exonerate},{ev_type:exonerate/ID=match.2566964.2462/Target=H3_MORAP;exonerate},{ev_type:exonerate/ID=match.2566964.2341/Target=H3C_MOUSE;exonerate},{ev_type:exonerate/ID=match.2566964.2372/Target=H33_RAT;exonerate},{ev_type:exonerate/ID=match.2566964.2247/Target=H3_TIGCA;exonerate},{ev_type:exonerate/ID=match.2566964.2271/Target=H32_TOBAC;exonerate},{ev_type:exonerate/ID=match.2566964.2378/Target=H33_XENTR;exonerate},{ev_type:exonerate/ID=match.2566964.2279/Target=H31_MOUSE;exonerate},{ev_type:exonerate/ID=match.2566964.2368/Target=H33_PIG;exonerate},{ev_type:exonerate/ID=match.2566964.2235/Target=H32_PORAF;exonerate},{ev_type:exonerate/ID=match.2566964.2458/Target=H3_AJECA;exonerate},{ev_type:exonerate/ID=match.2566964.2370/Target=H33_RABIT;exonerate},{ev_type:exonerate/ID=match.2566964.2233/Target=H32_ONCMY;exonerate},{ev_type:exonerate/ID=match.2566964.2362/Target=H33_HUMAN;exonerate},{ev_type:exonerate/ID=match.2566964.2241/Target=H3_DROHY;exonerate},{ev_type:exonerate/ID=match.2566964.2317/Target=H3_STRDR;exonerate},{ev_type:exonerate/ID=match.2566964.2231/Target=H32_MUSPA;exonerate},{ev_type:exonerate/ID=match.2566964.2424/Target=H3_ASPCL;exonerate},{ev_type:exonerate/ID=match.2566964.2394/Target=lcl|KQ954534_1_prot_KWU41526_1_6084;exonerate},{ev_type:exonerate/ID=match.2566964.2275/Target=H31_BOVIN;exonerate},{ev_type:exonerate/ID=match.2566964.2468/Target=lcl|KQ954490_1_prot_KWU43402_1_4187;exonerate},{ev_type:exonerate/ID=match.2566964.2432/Target=H3_ASPTN;exonerate},{ev_type:exonerate/ID=match.2566964.2440/Target=H3_HYPJE;exonerate},{ev_type:exonerate/ID=match.2566964.2221/Target=H32_CHICK;exonerate},{ev_type:exonerate/ID=match.2566964.2289/Target=H32_PEA;exonerate},{ev_type:exonerate/ID=match.2566964.2261/Target=H32_EUPES;exonerate},{ev_type:exonerate/ID=match.2566964.2322/Target=H332_CAEEL;exonerate},{ev_type:exonerate/ID=match.2566964.2352/Target=H33_BOVIN;exonerate},{ev_type:exonerate/ID=match.2566964.2214/Target=H3_CHITH;exonerate},{ev_type:exonerate/ID=match.2566964.2307/Target=H3_PISBR;exonerate},{ev_type:exonerate/ID=match.2566964.2259/Target=H32_ENCAL;exonerate},{ev_type:exonerate/ID=match.2566964.2356/Target=H33_DANRE;exonerate},{ev_type:exonerate/ID=match.2566964.2223/Target=H32_DANRE;exonerate},{ev_type:exonerate/ID=match.2566964.2249/Target=H3_URECA;exonerate},{ev_type:exonerate/ID=match.2566964.2408/Target=lcl|KQ954583_1_prot_KWU40994_1_6642;exonerate},{ev_type:exonerate/ID=match.2566964.2387/Target=H33_TRIPS;exonerate},{ev_type:exonerate/ID=match.2566964.2237/Target=H32_XENLA;exonerate},{ev_type:exonerate/ID=match.2566964.2428/Target=H3_ASPNC;exonerate},{ev_type:exonerate/ID=match.2566964.2478/Target=H3_EREGS;exonerate},{ev_type:exonerate/ID=match.2566964.2346/Target=H31_SCHPO;exonerate},{ev_type:exonerate/ID=match.2566964.2412/Target=H31_DEBHA;exonerate},{ev_type:exonerate/ID=match.2566964.2466/Target=lcl|LCTV02000010_1_prot_PRQ72233_1_1204;exonerate},{ev_type:exonerate/ID=match.2566964.2383/Target=H33_LODEL;exonerate},{ev_type:exonerate/ID=match.2566964.2390/Target=lcl|LCTV02000001_1_prot_PRQ78164_1_864;exonerate},{ev_type:exonerate/ID=match.2566964.2364/Target=H33_MOUSE;exonerate},{ev_type:exonerate/ID=match.2566964.2484/Target=H3_ZYGBA;exonerate},{ev_type:exonerate/ID=match.2566964.2281/Target=H31_MUSPA;exonerate},{ev_type:exonerate/ID=match.2566964.2419/Target=H33_PONAB;exonerate},{ev_type:exonerate/ID=match.2566964.2474/Target=H32_USTMA;exonerate},{ev_type:exonerate/ID=match.2566964.2444/Target=H3_NEOFI;exonerate},{ev_type:exonerate/ID=match.2566964.2217/Target=H32_BOVIN;exonerate},{ev_type:exonerate/ID=match.2566964.2464/Target=lcl|LCTV02000010_1_prot_PRQ72231_1_1202;exonerate},{ev_type:exonerate/ID=match.2566964.2448/Target=H3_PHANO;exonerate},{ev_type:exonerate/ID=match.2566964.2285/Target=H32_MEDSA;exonerate},{ev_type:exonerate/ID=match.2566964.2315/Target=H3_SOLST;exonerate},{ev_type:exonerate/ID=match.2566964.2470/Target=lcl|PJQD01000028_1_prot_POY74181_1_2794;exonerate},{ev_type:exonerate/ID=match.2566964.2293/Target=H3_STRPU;exonerate},{ev_type:exonerate/ID=match.2566964.2269/Target=H32_PETCR;exonerate},{ev_type:exonerate/ID=match.2566964.2277/Target=H31_HUMAN;exonerate},{ev_type:exonerate/ID=match.2566964.2350/Target=H33B_DROME;exonerate},{ev_type:exonerate/ID=match.2566964.2438/Target=H3_GIBZE;exonerate},{ev_type:exonerate/ID=match.2566964.2416/Target=H31_PICST;exonerate},{ev_type:exonerate/ID=match.2566964.2313/Target=H3_PYCHE;exonerate},{ev_type:exonerate/ID=match.2566964.2211/Target=H3_ACRFO;exonerate},{ev_type:exonerate/ID=match.2566964.2434/Target=H3_CHAGB;exonerate},{ev_type:exonerate/ID=match.2566964.2446/Target=H3_NEUCR;exonerate},{ev_type:exonerate/ID=match.2566964.2303/Target=H3_LYTPI;exonerate},{ev_type:exonerate/ID=match.2566964.2358/Target=H33_DEBHA;exonerate},{ev_type:exonerate/ID=match.2566964.2291/Target=H32_WHEAT;exonerate},{ev_type:exonerate/ID=match.2566964.2253/Target=H31_ARATH;exonerate},{ev_type:exonerate/ID=match.2566964.2398/Target=lcl|BJWK01000006_1_prot_GEM08728_1_2745;exonerate},{ev_type:exonerate/ID=match.2566964.2360/Target=H33_DROHY;exonerate},{ev_type:exonerate/ID=match.2566964.2374/Target=H33_SPISO;exonerate},{ev_type:exonerate/ID=match.2566964.2452/Target=H3_TALFU;exonerate},{ev_type:exonerate/ID=match.2566964.2227/Target=H32_ICTBU;exonerate},{ev_type:exonerate/ID=match.2566964.2305/Target=H3_PARLI;exonerate},{ev_type:exonerate/ID=match.2566964.2486/Target=H31_USTMA;exonerate},{ev_type:exonerate/ID=match.2566964.2430/Target=H3_ASPOR;exonerate},{ev_type:exonerate/ID=match.2566964.2267/Target=H32_ORYSJ;exonerate},{ev_type:exonerate/ID=match.2566964.2283/Target=H31_RAT;exonerate},{ev_type:exonerate/ID=match.2566964.2482/Target=H3_YEAST;exonerate},{ev_type:exonerate/ID=match.2566964.2421/Target=H3_COCIM;exonerate},{ev_type:exonerate/ID=match.2566964.2255/Target=H32_ASPOF;exonerate},{ev_type:exonerate/ID=match.2566964.2404/Target=H31_LODEL;exonerate},{ev_type:exonerate/ID=match.2566964.2239/Target=H32_XENTR;exonerate},{ev_type:exonerate/ID=match.2566964.2410/Target=lcl|KQ954583_1_prot_KWU40997_1_6645;exonerate},{ev_type:exonerate/ID=match.2566964.2436/Target=H3_EMENI;exonerate},{ev_type:exonerate/ID=match.2566964.2454/Target=H33_SCHPO;exonerate},{ev_type:exonerate/ID=match.2566964.2265/Target=H32_ORYSI;exonerate},{ev_type:exonerate/ID=match.2566964.2225/Target=H32_HUMAN;exonerate},{ev_type:exonerate/ID=match.2566964.2245/Target=H3_PLADU;exonerate},{ev_type:exonerate/ID=match.2566964.2396/Target=lcl|BJWK01000006_1_prot_GEM08618_1_2635;exonerate},{ev_type:exonerate/ID=match.2566964.2263/Target=H32_MAIZE;exonerate},{ev_type:exonerate/ID=match.2566964.2229/Target=H32_MOUSE;exonerate},{ev_type:exonerate/ID=match.2566964.2354/Target=H33_CHICK;exonerate},{ev_type:exonerate/ID=match.2566964.2287/Target=H32_ONOVI;exonerate},{ev_type:exonerate/ID=match.2566964.2298/Target=H32_CRILO;exonerate},{ev_type:exonerate/ID=match.2566964.2494/Target=lcl|PJQD01000018_1_prot_POY75318_1_1537;exonerate},{ev_type:exonerate/ID=match.2566964.2376/Target=H33_XENLA;exonerate},{ev_type:exonerate/ID=match.2566964.2476/Target=H3_CANGA;exonerate},{ev_type:exonerate/ID=match.2566964.2385/Target=H33_PICGU;exonerate},{ev_type:exonerate/ID=match.2566964.2442/Target=H3_MARPO;exonerate},{ev_type:exonerate/ID=match.2566964.2414/Target=H31_PICGU;exonerate},{ev_type:exonerate/ID=match.2566964.2311/Target=H3_PSAMI;exonerate},{ev_type:exonerate/ID=match.2566964.2400/Target=lcl|NW_017264935_1_prot_XP_018270248_1_4184;exonerate},{ev_type:exonerate/ID=match.2566964.2450/Target=H3_PYRO7;exonerate},{ev_type:exonerate/ID=match.2566964.2392/Target=lcl|KQ954509_1_prot_KWU42369_1_5247;exonerate},{ev_type:exonerate/ID=match.2566964.2301/Target=H3_DERIM;exonerate},{ev_type:exonerate/ID=match.2566964.2480/Target=H3_KLULA;exonerate},{ev_type:exonerate/ID=match.2566964.2472/Target=lcl|NW_017264948_1_prot_XP_018267607_1_7180;exonerate},{ev_type:exonerate/ID=match.2566964.2219/Target=H32_CAIMO;exonerate},{ev_type:exonerate/ID=match.2566964.2348/Target=H33A_DROME;exonerate}
129703	129770	INTRON			{Augustus_model.g4179.t1;Augustus},{GeneMark_model.5392_t;GeneMark},{GlimmerHMM_glimmerT_5042-T1;GlimmerHMM},{ev_type:exonerate/ID=match.2566964.2426/Target=H3_ASPFU;exonerate},{ev_type:exonerate/ID=match.2566964.2309/Target=H3_PISOC;exonerate},{ev_type:exonerate/ID=match.2566964.2325/Target=H33_CANAL;exonerate},{ev_type:exonerate/ID=match.2566964.2366/Target=H33_PICST;exonerate},{ev_type:exonerate/ID=match.2566964.2381/Target=H331_CAEEL;exonerate},{ev_type:exonerate/ID=match.2566964.2402/Target=lcl|NW_017264935_1_prot_XP_018270353_1_4289;exonerate},{ev_type:exonerate/ID=match.2566964.2257/Target=H32_BRANA;exonerate},{ev_type:exonerate/ID=match.2566964.2243/Target=H3_DROME;exonerate},{ev_type:exonerate/ID=match.2566964.2339/Target=H31_CANAL;exonerate},{ev_type:exonerate/ID=match.2566964.2462/Target=H3_MORAP;exonerate},{ev_type:exonerate/ID=match.2566964.2341/Target=H3C_MOUSE;exonerate},{ev_type:exonerate/ID=match.2566964.2372/Target=H33_RAT;exonerate},{ev_type:exonerate/ID=match.2566964.2247/Target=H3_TIGCA;exonerate},{ev_type:exonerate/ID=match.2566964.2271/Target=H32_TOBAC;exonerate},{ev_type:exonerate/ID=match.2566964.2378/Target=H33_XENTR;exonerate},{ev_type:exonerate/ID=match.2566964.2279/Target=H31_MOUSE;exonerate},{ev_type:exonerate/ID=match.2566964.2368/Target=H33_PIG;exonerate},{ev_type:exonerate/ID=match.2566964.2235/Target=H32_PORAF;exonerate},{ev_type:exonerate/ID=match.2566964.2458/Target=H3_AJECA;exonerate},{ev_type:exonerate/ID=match.2566964.2370/Target=H33_RABIT;exonerate},{ev_type:exonerate/ID=match.2566964.2233/Target=H32_ONCMY;exonerate},{ev_type:exonerate/ID=match.2566964.2362/Target=H33_HUMAN;exonerate},{ev_type:exonerate/ID=match.2566964.2241/Target=H3_DROHY;exonerate},{ev_type:exonerate/ID=match.2566964.2317/Target=H3_STRDR;exonerate},{ev_type:exonerate/ID=match.2566964.2231/Target=H32_MUSPA;exonerate},{ev_type:exonerate/ID=match.2566964.2424/Target=H3_ASPCL;exonerate},{ev_type:exonerate/ID=match.2566964.2394/Target=lcl|KQ954534_1_prot_KWU41526_1_6084;exonerate},{ev_type:exonerate/ID=match.2566964.2275/Target=H31_BOVIN;exonerate},{ev_type:exonerate/ID=match.2566964.2468/Target=lcl|KQ954490_1_prot_KWU43402_1_4187;exonerate},{ev_type:exonerate/ID=match.2566964.2432/Target=H3_ASPTN;exonerate},{ev_type:exonerate/ID=match.2566964.2440/Target=H3_HYPJE;exonerate},{ev_type:exonerate/ID=match.2566964.2221/Target=H32_CHICK;exonerate},{ev_type:exonerate/ID=match.2566964.2289/Target=H32_PEA;exonerate},{ev_type:exonerate/ID=match.2566964.2261/Target=H32_EUPES;exonerate},{ev_type:exonerate/ID=match.2566964.2322/Target=H332_CAEEL;exonerate},{ev_type:exonerate/ID=match.2566964.2352/Target=H33_BOVIN;exonerate},{ev_type:exonerate/ID=match.2566964.2214/Target=H3_CHITH;exonerate},{ev_type:exonerate/ID=match.2566964.2307/Target=H3_PISBR;exonerate},{ev_type:exonerate/ID=match.2566964.3473/Target=H33_HORVU;exonerate},{ev_type:exonerate/ID=match.2566964.2259/Target=H32_ENCAL;exonerate},{ev_type:exonerate/ID=match.2566964.2356/Target=H33_DANRE;exonerate},{ev_type:exonerate/ID=match.2566964.2223/Target=H32_DANRE;exonerate},{ev_type:exonerate/ID=match.2566964.2249/Target=H3_URECA;exonerate},{ev_type:exonerate/ID=match.2566964.2408/Target=lcl|KQ954583_1_prot_KWU40994_1_6642;exonerate},{ev_type:exonerate/ID=match.2566964.2387/Target=H33_TRIPS;exonerate},{ev_type:exonerate/ID=match.2566964.2237/Target=H32_XENLA;exonerate},{ev_type:exonerate/ID=match.2566964.2428/Target=H3_ASPNC;exonerate},{ev_type:exonerate/ID=match.2566964.2478/Target=H3_EREGS;exonerate},{ev_type:exonerate/ID=match.2566964.2346/Target=H31_SCHPO;exonerate},{ev_type:exonerate/ID=match.2566964.2412/Target=H31_DEBHA;exonerate},{ev_type:exonerate/ID=match.2566964.2466/Target=lcl|LCTV02000010_1_prot_PRQ72233_1_1204;exonerate},{ev_type:exonerate/ID=match.2566964.2383/Target=H33_LODEL;exonerate},{ev_type:exonerate/ID=match.2566964.2390/Target=lcl|LCTV02000001_1_prot_PRQ78164_1_864;exonerate},{ev_type:exonerate/ID=match.2566964.2364/Target=H33_MOUSE;exonerate},{ev_type:exonerate/ID=match.2566964.2484/Target=H3_ZYGBA;exonerate},{ev_type:exonerate/ID=match.2566964.2281/Target=H31_MUSPA;exonerate},{ev_type:exonerate/ID=match.2566964.2419/Target=H33_PONAB;exonerate},{ev_type:exonerate/ID=match.2566964.2474/Target=H32_USTMA;exonerate},{ev_type:exonerate/ID=match.2566964.2444/Target=H3_NEOFI;exonerate},{ev_type:exonerate/ID=match.2566964.2217/Target=H32_BOVIN;exonerate},{ev_type:exonerate/ID=match.2566964.2464/Target=lcl|LCTV02000010_1_prot_PRQ72231_1_1202;exonerate},{ev_type:exonerate/ID=match.2566964.2448/Target=H3_PHANO;exonerate},{ev_type:exonerate/ID=match.2566964.2285/Target=H32_MEDSA;exonerate},{ev_type:exonerate/ID=match.2566964.2315/Target=H3_SOLST;exonerate},{ev_type:exonerate/ID=match.2566964.2470/Target=lcl|PJQD01000028_1_prot_POY74181_1_2794;exonerate},{ev_type:exonerate/ID=match.2566964.2293/Target=H3_STRPU;exonerate},{ev_type:exonerate/ID=match.2566964.2269/Target=H32_PETCR;exonerate},{ev_type:exonerate/ID=match.2566964.2277/Target=H31_HUMAN;exonerate},{ev_type:exonerate/ID=match.2566964.2350/Target=H33B_DROME;exonerate},{ev_type:exonerate/ID=match.2566964.2438/Target=H3_GIBZE;exonerate},{ev_type:exonerate/ID=match.2566964.2416/Target=H31_PICST;exonerate},{ev_type:exonerate/ID=match.2566964.2313/Target=H3_PYCHE;exonerate},{ev_type:exonerate/ID=match.2566964.2211/Target=H3_ACRFO;exonerate},{ev_type:exonerate/ID=match.2566964.2434/Target=H3_CHAGB;exonerate},{ev_type:exonerate/ID=match.2566964.2446/Target=H3_NEUCR;exonerate},{ev_type:exonerate/ID=match.2566964.2303/Target=H3_LYTPI;exonerate},{ev_type:exonerate/ID=match.2566964.2358/Target=H33_DEBHA;exonerate},{ev_type:exonerate/ID=match.2566964.2291/Target=H32_WHEAT;exonerate},{ev_type:exonerate/ID=match.2566964.2253/Target=H31_ARATH;exonerate},{ev_type:exonerate/ID=match.2566964.2398/Target=lcl|BJWK01000006_1_prot_GEM08728_1_2745;exonerate},{ev_type:exonerate/ID=match.2566964.2360/Target=H33_DROHY;exonerate},{ev_type:exonerate/ID=match.2566964.2374/Target=H33_SPISO;exonerate},{ev_type:exonerate/ID=match.2566964.2452/Target=H3_TALFU;exonerate},{ev_type:exonerate/ID=match.2566964.2227/Target=H32_ICTBU;exonerate},{ev_type:exonerate/ID=match.2566964.2305/Target=H3_PARLI;exonerate},{ev_type:exonerate/ID=match.2566964.2486/Target=H31_USTMA;exonerate},{ev_type:exonerate/ID=match.2566964.2430/Target=H3_ASPOR;exonerate},{ev_type:exonerate/ID=match.2566964.2267/Target=H32_ORYSJ;exonerate},{ev_type:exonerate/ID=match.2566964.2283/Target=H31_RAT;exonerate},{ev_type:exonerate/ID=match.2566964.2482/Target=H3_YEAST;exonerate},{ev_type:exonerate/ID=match.2566964.2421/Target=H3_COCIM;exonerate},{ev_type:exonerate/ID=match.2566964.2255/Target=H32_ASPOF;exonerate},{ev_type:exonerate/ID=match.2566964.2404/Target=H31_LODEL;exonerate},{ev_type:exonerate/ID=match.2566964.2239/Target=H32_XENTR;exonerate},{ev_type:exonerate/ID=match.2566964.2410/Target=lcl|KQ954583_1_prot_KWU40997_1_6645;exonerate},{ev_type:exonerate/ID=match.2566964.2436/Target=H3_EMENI;exonerate},{ev_type:exonerate/ID=match.2566964.2454/Target=H33_SCHPO;exonerate},{ev_type:exonerate/ID=match.2566964.2265/Target=H32_ORYSI;exonerate},{ev_type:exonerate/ID=match.2566964.2225/Target=H32_HUMAN;exonerate},{ev_type:exonerate/ID=match.2566964.2245/Target=H3_PLADU;exonerate},{ev_type:exonerate/ID=match.2566964.2396/Target=lcl|BJWK01000006_1_prot_GEM08618_1_2635;exonerate},{ev_type:exonerate/ID=match.2566964.2263/Target=H32_MAIZE;exonerate},{ev_type:exonerate/ID=match.2566964.2229/Target=H32_MOUSE;exonerate},{ev_type:exonerate/ID=match.2566964.2354/Target=H33_CHICK;exonerate},{ev_type:exonerate/ID=match.2566964.2287/Target=H32_ONOVI;exonerate},{ev_type:exonerate/ID=match.2566964.2298/Target=H32_CRILO;exonerate},{ev_type:exonerate/ID=match.2566964.2494/Target=lcl|PJQD01000018_1_prot_POY75318_1_1537;exonerate},{ev_type:exonerate/ID=match.2566964.2376/Target=H33_XENLA;exonerate},{ev_type:exonerate/ID=match.2566964.2476/Target=H3_CANGA;exonerate},{ev_type:exonerate/ID=match.2566964.2385/Target=H33_PICGU;exonerate},{ev_type:exonerate/ID=match.2566964.2442/Target=H3_MARPO;exonerate},{ev_type:exonerate/ID=match.2566964.2414/Target=H31_PICGU;exonerate},{ev_type:exonerate/ID=match.2566964.2311/Target=H3_PSAMI;exonerate},{ev_type:exonerate/ID=match.2566964.2400/Target=lcl|NW_017264935_1_prot_XP_018270248_1_4184;exonerate},{ev_type:exonerate/ID=match.2566964.2450/Target=H3_PYRO7;exonerate},{ev_type:exonerate/ID=match.2566964.2392/Target=lcl|KQ954509_1_prot_KWU42369_1_5247;exonerate},{ev_type:exonerate/ID=match.2566964.2301/Target=H3_DERIM;exonerate},{ev_type:exonerate/ID=match.2566964.2480/Target=H3_KLULA;exonerate},{ev_type:exonerate/ID=match.2566964.2472/Target=lcl|NW_017264948_1_prot_XP_018267607_1_7180;exonerate},{ev_type:exonerate/ID=match.2566964.2219/Target=H32_CAIMO;exonerate},{ev_type:exonerate/ID=match.2566964.2348/Target=H33A_DROME;exonerate}
129771	129940	internal+	3	1	{Augustus_model.g4179.t1;Augustus},{GeneMark_model.5392_t;GeneMark},{GlimmerHMM_glimmerT_5042-T1;GlimmerHMM},{ev_type:exonerate/ID=match.2566964.2426/Target=H3_ASPFU;exonerate},{ev_type:exonerate/ID=match.2566964.2309/Target=H3_PISOC;exonerate},{ev_type:exonerate/ID=match.2566964.2325/Target=H33_CANAL;exonerate},{ev_type:exonerate/ID=match.2566964.2366/Target=H33_PICST;exonerate},{ev_type:exonerate/ID=match.2566964.2381/Target=H331_CAEEL;exonerate},{ev_type:exonerate/ID=match.2566964.2402/Target=lcl|NW_017264935_1_prot_XP_018270353_1_4289;exonerate},{ev_type:exonerate/ID=match.2566964.2257/Target=H32_BRANA;exonerate},{ev_type:exonerate/ID=match.2566964.2243/Target=H3_DROME;exonerate},{ev_type:exonerate/ID=match.2566964.2339/Target=H31_CANAL;exonerate},{ev_type:exonerate/ID=match.2566964.2462/Target=H3_MORAP;exonerate},{ev_type:exonerate/ID=match.2566964.2341/Target=H3C_MOUSE;exonerate},{ev_type:exonerate/ID=match.2566964.2372/Target=H33_RAT;exonerate},{ev_type:exonerate/ID=match.2566964.2247/Target=H3_TIGCA;exonerate},{ev_type:exonerate/ID=match.2566964.2271/Target=H32_TOBAC;exonerate},{ev_type:exonerate/ID=match.2566964.2378/Target=H33_XENTR;exonerate},{ev_type:exonerate/ID=match.2566964.2279/Target=H31_MOUSE;exonerate},{ev_type:exonerate/ID=match.2566964.2368/Target=H33_PIG;exonerate},{ev_type:exonerate/ID=match.2566964.2235/Target=H32_PORAF;exonerate},{ev_type:exonerate/ID=match.2566964.2458/Target=H3_AJECA;exonerate},{ev_type:exonerate/ID=match.2566964.2370/Target=H33_RABIT;exonerate},{ev_type:exonerate/ID=match.2566964.2233/Target=H32_ONCMY;exonerate},{ev_type:exonerate/ID=match.2566964.2362/Target=H33_HUMAN;exonerate},{ev_type:exonerate/ID=match.2566964.2241/Target=H3_DROHY;exonerate},{ev_type:exonerate/ID=match.2566964.2317/Target=H3_STRDR;exonerate},{ev_type:exonerate/ID=match.2566964.2231/Target=H32_MUSPA;exonerate},{ev_type:exonerate/ID=match.2566964.2424/Target=H3_ASPCL;exonerate},{ev_type:exonerate/ID=match.2566964.2394/Target=lcl|KQ954534_1_prot_KWU41526_1_6084;exonerate},{ev_type:exonerate/ID=match.2566964.2275/Target=H31_BOVIN;exonerate},{ev_type:exonerate/ID=match.2566964.2468/Target=lcl|KQ954490_1_prot_KWU43402_1_4187;exonerate},{ev_type:exonerate/ID=match.2566964.2432/Target=H3_ASPTN;exonerate},{ev_type:exonerate/ID=match.2566964.2440/Target=H3_HYPJE;exonerate},{ev_type:exonerate/ID=match.2566964.2221/Target=H32_CHICK;exonerate},{ev_type:exonerate/ID=match.2566964.2289/Target=H32_PEA;exonerate},{ev_type:exonerate/ID=match.2566964.2261/Target=H32_EUPES;exonerate},{ev_type:exonerate/ID=match.2566964.2322/Target=H332_CAEEL;exonerate},{ev_type:exonerate/ID=match.2566964.2352/Target=H33_BOVIN;exonerate},{ev_type:exonerate/ID=match.2566964.2214/Target=H3_CHITH;exonerate},{ev_type:exonerate/ID=match.2566964.2307/Target=H3_PISBR;exonerate},{ev_type:exonerate/ID=match.2566964.3473/Target=H33_HORVU;exonerate},{ev_type:exonerate/ID=match.2566964.2259/Target=H32_ENCAL;exonerate},{ev_type:exonerate/ID=match.2566964.2356/Target=H33_DANRE;exonerate},{ev_type:exonerate/ID=match.2566964.2223/Target=H32_DANRE;exonerate},{ev_type:exonerate/ID=match.2566964.2249/Target=H3_URECA;exonerate},{ev_type:exonerate/ID=match.2566964.2408/Target=lcl|KQ954583_1_prot_KWU40994_1_6642;exonerate},{ev_type:exonerate/ID=match.2566964.2387/Target=H33_TRIPS;exonerate},{ev_type:exonerate/ID=match.2566964.2237/Target=H32_XENLA;exonerate},{ev_type:exonerate/ID=match.2566964.2428/Target=H3_ASPNC;exonerate},{ev_type:exonerate/ID=match.2566964.2478/Target=H3_EREGS;exonerate},{ev_type:exonerate/ID=match.2566964.2346/Target=H31_SCHPO;exonerate},{ev_type:exonerate/ID=match.2566964.2412/Target=H31_DEBHA;exonerate},{ev_type:exonerate/ID=match.2566964.2466/Target=lcl|LCTV02000010_1_prot_PRQ72233_1_1204;exonerate},{ev_type:exonerate/ID=match.2566964.2383/Target=H33_LODEL;exonerate},{ev_type:exonerate/ID=match.2566964.2390/Target=lcl|LCTV02000001_1_prot_PRQ78164_1_864;exonerate},{ev_type:exonerate/ID=match.2566964.2364/Target=H33_MOUSE;exonerate},{ev_type:exonerate/ID=match.2566964.2484/Target=H3_ZYGBA;exonerate},{ev_type:exonerate/ID=match.2566964.2281/Target=H31_MUSPA;exonerate},{ev_type:exonerate/ID=match.2566964.2419/Target=H33_PONAB;exonerate},{ev_type:exonerate/ID=match.2566964.2474/Target=H32_USTMA;exonerate},{ev_type:exonerate/ID=match.2566964.2444/Target=H3_NEOFI;exonerate},{ev_type:exonerate/ID=match.2566964.2217/Target=H32_BOVIN;exonerate},{ev_type:exonerate/ID=match.2566964.2464/Target=lcl|LCTV02000010_1_prot_PRQ72231_1_1202;exonerate},{ev_type:exonerate/ID=match.2566964.2448/Target=H3_PHANO;exonerate},{ev_type:exonerate/ID=match.2566964.2285/Target=H32_MEDSA;exonerate},{ev_type:exonerate/ID=match.2566964.2315/Target=H3_SOLST;exonerate},{ev_type:exonerate/ID=match.2566964.2470/Target=lcl|PJQD01000028_1_prot_POY74181_1_2794;exonerate},{ev_type:exonerate/ID=match.2566964.2293/Target=H3_STRPU;exonerate},{ev_type:exonerate/ID=match.2566964.2269/Target=H32_PETCR;exonerate},{ev_type:exonerate/ID=match.2566964.2277/Target=H31_HUMAN;exonerate},{ev_type:exonerate/ID=match.2566964.2350/Target=H33B_DROME;exonerate},{ev_type:exonerate/ID=match.2566964.2438/Target=H3_GIBZE;exonerate},{ev_type:exonerate/ID=match.2566964.2416/Target=H31_PICST;exonerate},{ev_type:exonerate/ID=match.2566964.2313/Target=H3_PYCHE;exonerate},{ev_type:exonerate/ID=match.2566964.2211/Target=H3_ACRFO;exonerate},{ev_type:exonerate/ID=match.2566964.2434/Target=H3_CHAGB;exonerate},{ev_type:exonerate/ID=match.2566964.2446/Target=H3_NEUCR;exonerate},{ev_type:exonerate/ID=match.2566964.2303/Target=H3_LYTPI;exonerate},{ev_type:exonerate/ID=match.2566964.2358/Target=H33_DEBHA;exonerate},{ev_type:exonerate/ID=match.2566964.2291/Target=H32_WHEAT;exonerate},{ev_type:exonerate/ID=match.2566964.2253/Target=H31_ARATH;exonerate},{ev_type:exonerate/ID=match.2566964.2398/Target=lcl|BJWK01000006_1_prot_GEM08728_1_2745;exonerate},{ev_type:exonerate/ID=match.2566964.2360/Target=H33_DROHY;exonerate},{ev_type:exonerate/ID=match.2566964.2374/Target=H33_SPISO;exonerate},{ev_type:exonerate/ID=match.2566964.2452/Target=H3_TALFU;exonerate},{ev_type:exonerate/ID=match.2566964.2227/Target=H32_ICTBU;exonerate},{ev_type:exonerate/ID=match.2566964.2305/Target=H3_PARLI;exonerate},{ev_type:exonerate/ID=match.2566964.2486/Target=H31_USTMA;exonerate},{ev_type:exonerate/ID=match.2566964.2430/Target=H3_ASPOR;exonerate},{ev_type:exonerate/ID=match.2566964.2267/Target=H32_ORYSJ;exonerate},{ev_type:exonerate/ID=match.2566964.2283/Target=H31_RAT;exonerate},{ev_type:exonerate/ID=match.2566964.2482/Target=H3_YEAST;exonerate},{ev_type:exonerate/ID=match.2566964.2421/Target=H3_COCIM;exonerate},{ev_type:exonerate/ID=match.2566964.2255/Target=H32_ASPOF;exonerate},{ev_type:exonerate/ID=match.2566964.2404/Target=H31_LODEL;exonerate},{ev_type:exonerate/ID=match.2566964.2239/Target=H32_XENTR;exonerate},{ev_type:exonerate/ID=match.2566964.2410/Target=lcl|KQ954583_1_prot_KWU40997_1_6645;exonerate},{ev_type:exonerate/ID=match.2566964.2436/Target=H3_EMENI;exonerate},{ev_type:exonerate/ID=match.2566964.2454/Target=H33_SCHPO;exonerate},{ev_type:exonerate/ID=match.2566964.2265/Target=H32_ORYSI;exonerate},{ev_type:exonerate/ID=match.2566964.2225/Target=H32_HUMAN;exonerate},{ev_type:exonerate/ID=match.2566964.2245/Target=H3_PLADU;exonerate},{ev_type:exonerate/ID=match.2566964.2396/Target=lcl|BJWK01000006_1_prot_GEM08618_1_2635;exonerate},{ev_type:exonerate/ID=match.2566964.2263/Target=H32_MAIZE;exonerate},{ev_type:exonerate/ID=match.2566964.2229/Target=H32_MOUSE;exonerate},{ev_type:exonerate/ID=match.2566964.2354/Target=H33_CHICK;exonerate},{ev_type:exonerate/ID=match.2566964.2287/Target=H32_ONOVI;exonerate},{ev_type:exonerate/ID=match.2566964.2298/Target=H32_CRILO;exonerate},{ev_type:exonerate/ID=match.2566964.2376/Target=H33_XENLA;exonerate},{ev_type:exonerate/ID=match.2566964.2476/Target=H3_CANGA;exonerate},{ev_type:exonerate/ID=match.2566964.2385/Target=H33_PICGU;exonerate},{ev_type:exonerate/ID=match.2566964.2442/Target=H3_MARPO;exonerate},{ev_type:exonerate/ID=match.2566964.2414/Target=H31_PICGU;exonerate},{ev_type:exonerate/ID=match.2566964.2311/Target=H3_PSAMI;exonerate},{ev_type:exonerate/ID=match.2566964.2400/Target=lcl|NW_017264935_1_prot_XP_018270248_1_4184;exonerate},{ev_type:exonerate/ID=match.2566964.2450/Target=H3_PYRO7;exonerate},{ev_type:exonerate/ID=match.2566964.2392/Target=lcl|KQ954509_1_prot_KWU42369_1_5247;exonerate},{ev_type:exonerate/ID=match.2566964.2301/Target=H3_DERIM;exonerate},{ev_type:exonerate/ID=match.2566964.2480/Target=H3_KLULA;exonerate},{ev_type:exonerate/ID=match.2566964.2472/Target=lcl|NW_017264948_1_prot_XP_018267607_1_7180;exonerate},{ev_type:exonerate/ID=match.2566964.2219/Target=H32_CAIMO;exonerate},{ev_type:exonerate/ID=match.2566964.2348/Target=H33A_DROME;exonerate}
129941	130012	INTRON			{Augustus_model.g4179.t1;Augustus},{GeneMark_model.5392_t;GeneMark},{ev_type:exonerate/ID=match.2566964.2426/Target=H3_ASPFU;exonerate},{ev_type:exonerate/ID=match.2566964.2309/Target=H3_PISOC;exonerate},{ev_type:exonerate/ID=match.2566964.2325/Target=H33_CANAL;exonerate},{ev_type:exonerate/ID=match.2566964.2366/Target=H33_PICST;exonerate},{ev_type:exonerate/ID=match.2566964.2381/Target=H331_CAEEL;exonerate},{ev_type:exonerate/ID=match.2566964.2402/Target=lcl|NW_017264935_1_prot_XP_018270353_1_4289;exonerate},{ev_type:exonerate/ID=match.2566964.2257/Target=H32_BRANA;exonerate},{ev_type:exonerate/ID=match.2566964.2243/Target=H3_DROME;exonerate},{ev_type:exonerate/ID=match.2566964.2339/Target=H31_CANAL;exonerate},{ev_type:exonerate/ID=match.2566964.2462/Target=H3_MORAP;exonerate},{ev_type:exonerate/ID=match.2566964.2341/Target=H3C_MOUSE;exonerate},{ev_type:exonerate/ID=match.2566964.2372/Target=H33_RAT;exonerate},{ev_type:exonerate/ID=match.2566964.2247/Target=H3_TIGCA;exonerate},{ev_type:exonerate/ID=match.2566964.2271/Target=H32_TOBAC;exonerate},{ev_type:exonerate/ID=match.2566964.2378/Target=H33_XENTR;exonerate},{ev_type:exonerate/ID=match.2566964.2279/Target=H31_MOUSE;exonerate},{ev_type:exonerate/ID=match.2566964.2368/Target=H33_PIG;exonerate},{ev_type:exonerate/ID=match.2566964.2235/Target=H32_PORAF;exonerate},{ev_type:exonerate/ID=match.2566964.2458/Target=H3_AJECA;exonerate},{ev_type:exonerate/ID=match.2566964.2370/Target=H33_RABIT;exonerate},{ev_type:exonerate/ID=match.2566964.2233/Target=H32_ONCMY;exonerate},{ev_type:exonerate/ID=match.2566964.2362/Target=H33_HUMAN;exonerate},{ev_type:exonerate/ID=match.2566964.2241/Target=H3_DROHY;exonerate},{ev_type:exonerate/ID=match.2566964.2317/Target=H3_STRDR;exonerate},{ev_type:exonerate/ID=match.2566964.2231/Target=H32_MUSPA;exonerate},{ev_type:exonerate/ID=match.2566964.2424/Target=H3_ASPCL;exonerate},{ev_type:exonerate/ID=match.2566964.2394/Target=lcl|KQ954534_1_prot_KWU41526_1_6084;exonerate},{ev_type:exonerate/ID=match.2566964.3459/Target=lcl|NW_017264935_1_prot_XP_018270344_1_4280;exonerate},{ev_type:exonerate/ID=match.2566964.2275/Target=H31_BOVIN;exonerate},{ev_type:exonerate/ID=match.2566964.2468/Target=lcl|KQ954490_1_prot_KWU43402_1_4187;exonerate},{ev_type:exonerate/ID=match.2566964.2432/Target=H3_ASPTN;exonerate},{ev_type:exonerate/ID=match.2566964.2440/Target=H3_HYPJE;exonerate},{ev_type:exonerate/ID=match.2566964.2221/Target=H32_CHICK;exonerate},{ev_type:exonerate/ID=match.2566964.2289/Target=H32_PEA;exonerate},{ev_type:exonerate/ID=match.2566964.2261/Target=H32_EUPES;exonerate},{ev_type:exonerate/ID=match.2566964.2322/Target=H332_CAEEL;exonerate},{ev_type:exonerate/ID=match.2566964.2352/Target=H33_BOVIN;exonerate},{ev_type:exonerate/ID=match.2566964.2214/Target=H3_CHITH;exonerate},{ev_type:exonerate/ID=match.2566964.2307/Target=H3_PISBR;exonerate},{ev_type:exonerate/ID=match.2566964.3473/Target=H33_HORVU;exonerate},{ev_type:exonerate/ID=match.2566964.2259/Target=H32_ENCAL;exonerate},{ev_type:exonerate/ID=match.2566964.2356/Target=H33_DANRE;exonerate},{ev_type:exonerate/ID=match.2566964.2223/Target=H32_DANRE;exonerate},{ev_type:exonerate/ID=match.2566964.2249/Target=H3_URECA;exonerate},{ev_type:exonerate/ID=match.2566964.2408/Target=lcl|KQ954583_1_prot_KWU40994_1_6642;exonerate},{ev_type:exonerate/ID=match.2566964.2387/Target=H33_TRIPS;exonerate},{ev_type:exonerate/ID=match.2566964.2237/Target=H32_XENLA;exonerate},{ev_type:exonerate/ID=match.2566964.2428/Target=H3_ASPNC;exonerate},{ev_type:exonerate/ID=match.2566964.2478/Target=H3_EREGS;exonerate},{ev_type:exonerate/ID=match.2566964.2346/Target=H31_SCHPO;exonerate},{ev_type:exonerate/ID=match.2566964.2412/Target=H31_DEBHA;exonerate},{ev_type:exonerate/ID=match.2566964.2466/Target=lcl|LCTV02000010_1_prot_PRQ72233_1_1204;exonerate},{ev_type:exonerate/ID=match.2566964.2383/Target=H33_LODEL;exonerate},{ev_type:exonerate/ID=match.2566964.2390/Target=lcl|LCTV02000001_1_prot_PRQ78164_1_864;exonerate},{ev_type:exonerate/ID=match.2566964.2364/Target=H33_MOUSE;exonerate},{ev_type:exonerate/ID=match.2566964.2484/Target=H3_ZYGBA;exonerate},{ev_type:exonerate/ID=match.2566964.2281/Target=H31_MUSPA;exonerate},{ev_type:exonerate/ID=match.2566964.2419/Target=H33_PONAB;exonerate},{ev_type:exonerate/ID=match.2566964.2474/Target=H32_USTMA;exonerate},{ev_type:exonerate/ID=match.2566964.2444/Target=H3_NEOFI;exonerate},{ev_type:exonerate/ID=match.2566964.2217/Target=H32_BOVIN;exonerate},{ev_type:exonerate/ID=match.2566964.2464/Target=lcl|LCTV02000010_1_prot_PRQ72231_1_1202;exonerate},{ev_type:exonerate/ID=match.2566964.2448/Target=H3_PHANO;exonerate},{ev_type:exonerate/ID=match.2566964.2285/Target=H32_MEDSA;exonerate},{ev_type:exonerate/ID=match.2566964.2315/Target=H3_SOLST;exonerate},{ev_type:exonerate/ID=match.2566964.2470/Target=lcl|PJQD01000028_1_prot_POY74181_1_2794;exonerate},{ev_type:exonerate/ID=match.2566964.2293/Target=H3_STRPU;exonerate},{ev_type:exonerate/ID=match.2566964.2269/Target=H32_PETCR;exonerate},{ev_type:exonerate/ID=match.2566964.2277/Target=H31_HUMAN;exonerate},{ev_type:exonerate/ID=match.2566964.2350/Target=H33B_DROME;exonerate},{ev_type:exonerate/ID=match.2566964.2438/Target=H3_GIBZE;exonerate},{ev_type:exonerate/ID=match.2566964.2416/Target=H31_PICST;exonerate},{ev_type:exonerate/ID=match.2566964.2313/Target=H3_PYCHE;exonerate},{ev_type:exonerate/ID=match.2566964.2211/Target=H3_ACRFO;exonerate},{ev_type:exonerate/ID=match.2566964.2434/Target=H3_CHAGB;exonerate},{ev_type:exonerate/ID=match.2566964.2446/Target=H3_NEUCR;exonerate},{ev_type:exonerate/ID=match.2566964.2303/Target=H3_LYTPI;exonerate},{ev_type:exonerate/ID=match.2566964.2358/Target=H33_DEBHA;exonerate},{ev_type:exonerate/ID=match.2566964.2291/Target=H32_WHEAT;exonerate},{ev_type:exonerate/ID=match.2566964.2253/Target=H31_ARATH;exonerate},{ev_type:exonerate/ID=match.2566964.2398/Target=lcl|BJWK01000006_1_prot_GEM08728_1_2745;exonerate},{ev_type:exonerate/ID=match.2566964.2360/Target=H33_DROHY;exonerate},{ev_type:exonerate/ID=match.2566964.2374/Target=H33_SPISO;exonerate},{ev_type:exonerate/ID=match.2566964.2452/Target=H3_TALFU;exonerate},{ev_type:exonerate/ID=match.2566964.2227/Target=H32_ICTBU;exonerate},{ev_type:exonerate/ID=match.2566964.2305/Target=H3_PARLI;exonerate},{ev_type:exonerate/ID=match.2566964.2486/Target=H31_USTMA;exonerate},{ev_type:exonerate/ID=match.2566964.2430/Target=H3_ASPOR;exonerate},{ev_type:exonerate/ID=match.2566964.2267/Target=H32_ORYSJ;exonerate},{ev_type:exonerate/ID=match.2566964.2283/Target=H31_RAT;exonerate},{ev_type:exonerate/ID=match.2566964.2482/Target=H3_YEAST;exonerate},{ev_type:exonerate/ID=match.2566964.2421/Target=H3_COCIM;exonerate},{ev_type:exonerate/ID=match.2566964.2255/Target=H32_ASPOF;exonerate},{ev_type:exonerate/ID=match.2566964.2404/Target=H31_LODEL;exonerate},{ev_type:exonerate/ID=match.2566964.2239/Target=H32_XENTR;exonerate},{ev_type:exonerate/ID=match.2566964.2410/Target=lcl|KQ954583_1_prot_KWU40997_1_6645;exonerate},{ev_type:exonerate/ID=match.2566964.2436/Target=H3_EMENI;exonerate},{ev_type:exonerate/ID=match.2566964.2454/Target=H33_SCHPO;exonerate},{ev_type:exonerate/ID=match.2566964.2265/Target=H32_ORYSI;exonerate},{ev_type:exonerate/ID=match.2566964.2225/Target=H32_HUMAN;exonerate},{ev_type:exonerate/ID=match.2566964.2245/Target=H3_PLADU;exonerate},{ev_type:exonerate/ID=match.2566964.2396/Target=lcl|BJWK01000006_1_prot_GEM08618_1_2635;exonerate},{ev_type:exonerate/ID=match.2566964.2263/Target=H32_MAIZE;exonerate},{ev_type:exonerate/ID=match.2566964.2229/Target=H32_MOUSE;exonerate},{ev_type:exonerate/ID=match.2566964.2354/Target=H33_CHICK;exonerate},{ev_type:exonerate/ID=match.2566964.2287/Target=H32_ONOVI;exonerate},{ev_type:exonerate/ID=match.2566964.2298/Target=H32_CRILO;exonerate},{ev_type:exonerate/ID=match.2566964.2376/Target=H33_XENLA;exonerate},{ev_type:exonerate/ID=match.2566964.2476/Target=H3_CANGA;exonerate},{ev_type:exonerate/ID=match.2566964.2385/Target=H33_PICGU;exonerate},{ev_type:exonerate/ID=match.2566964.2442/Target=H3_MARPO;exonerate},{ev_type:exonerate/ID=match.2566964.2414/Target=H31_PICGU;exonerate},{ev_type:exonerate/ID=match.2566964.2311/Target=H3_PSAMI;exonerate},{ev_type:exonerate/ID=match.2566964.2400/Target=lcl|NW_017264935_1_prot_XP_018270248_1_4184;exonerate},{ev_type:exonerate/ID=match.2566964.2450/Target=H3_PYRO7;exonerate},{ev_type:exonerate/ID=match.2566964.2392/Target=lcl|KQ954509_1_prot_KWU42369_1_5247;exonerate},{ev_type:exonerate/ID=match.2566964.2301/Target=H3_DERIM;exonerate},{ev_type:exonerate/ID=match.2566964.2480/Target=H3_KLULA;exonerate},{ev_type:exonerate/ID=match.2566964.2472/Target=lcl|NW_017264948_1_prot_XP_018267607_1_7180;exonerate},{ev_type:exonerate/ID=match.2566964.2219/Target=H32_CAIMO;exonerate},{ev_type:exonerate/ID=match.2566964.2348/Target=H33A_DROME;exonerate}
130013	130053	terminal+	2	3	{Augustus_model.g4179.t1;Augustus},{GeneMark_model.5392_t;GeneMark}

# EVM prediction: Mode:STANDARD S-ratio: 2.80 130879-133186 orient(+) score(7317.00) noncoding_equivalent(2609.47) raw_noncoding(3540.14) offset(930.66)
130879	131166	initial+	1	3	{GeneMark_model.5393_t;GeneMark}
131167	131239	INTRON			{Augustus_model.g4180.t1;Augustus},{GeneMark_model.5393_t;GeneMark},{GlimmerHMM_glimmerT_5042-T1;GlimmerHMM}
131240	131366	internal+	1	1	{Augustus_model.g4180.t1;Augustus},{GeneMark_model.5393_t;GeneMark},{GlimmerHMM_glimmerT_5042-T1;GlimmerHMM}
131367	131427	INTRON			{Augustus_model.g4180.t1;Augustus},{GeneMark_model.5393_t;GeneMark}
131428	131463	internal+	2	1	{Augustus_model.g4180.t1;Augustus},{GeneMark_model.5393_t;GeneMark}
131464	131525	INTRON			{Augustus_model.g4180.t1;Augustus},{GeneMark_model.5393_t;GeneMark}
131526	131754	internal+	2	2	{Augustus_model.g4180.t1;Augustus},{GeneMark_model.5393_t;GeneMark},{GlimmerHMM_glimmerT_5042-T1;GlimmerHMM}
131755	131830	INTRON			{Augustus_model.g4180.t1;Augustus},{GeneMark_model.5393_t;GeneMark},{GlimmerHMM_glimmerT_5042-T1;GlimmerHMM}
131831	132171	internal+	3	1	{Augustus_model.g4180.t1;Augustus},{GeneMark_model.5393_t;GeneMark},{GlimmerHMM_glimmerT_5042-T1;GlimmerHMM}
132172	132234	INTRON			{Augustus_model.g4180.t1;Augustus},{GeneMark_model.5393_t;GeneMark},{GlimmerHMM_glimmerT_5042-T1;GlimmerHMM}
132235	132454	internal+	2	2	{Augustus_model.g4180.t1;Augustus},{GeneMark_model.5393_t;GeneMark},{GlimmerHMM_glimmerT_5042-T1;GlimmerHMM}
132455	132527	INTRON			{Augustus_model.g4180.t1;Augustus},{GeneMark_model.5393_t;GeneMark},{GlimmerHMM_glimmerT_5042-T1;GlimmerHMM}
132528	132641	internal+	3	2	{Augustus_model.g4180.t1;Augustus},{GeneMark_model.5393_t;GeneMark},{GlimmerHMM_glimmerT_5042-T1;GlimmerHMM}
132642	132717	INTRON			{Augustus_model.g4180.t1;Augustus},{GeneMark_model.5393_t;GeneMark},{GlimmerHMM_glimmerT_5042-T1;GlimmerHMM}
132718	132742	internal+	3	3	{Augustus_model.g4180.t1;Augustus},{GeneMark_model.5393_t;GeneMark},{GlimmerHMM_glimmerT_5042-T1;GlimmerHMM}
132743	132828	INTRON			{Augustus_model.g4180.t1;Augustus},{GeneMark_model.5393_t;GeneMark}
132829	132840	internal+	1	3	{Augustus_model.g4180.t1;Augustus},{GeneMark_model.5393_t;GeneMark}
132841	132922	INTRON			{Augustus_model.g4180.t1;Augustus},{GeneMark_model.5393_t;GeneMark}
132923	133186	terminal+	1	3	{Augustus_model.g4180.t1;Augustus},{GeneMark_model.5393_t;GeneMark},{GlimmerHMM_glimmerT_5042-T1;GlimmerHMM}

# EVM prediction: Mode:STANDARD S-ratio: 4.07 135818-139805 orient(+) score(13278.00) noncoding_equivalent(3262.67) raw_noncoding(3647.67) offset(385.00)
135818	135840	initial+	1	2	{GeneMark_model.5395_t;GeneMark},{GlimmerHMM_glimmerT_5044-T1;GlimmerHMM},{Augustus_model.g4181.t1;Augustus}
135841	135911	INTRON			{GeneMark_model.5395_t;GeneMark},{GlimmerHMM_glimmerT_5044-T1;GlimmerHMM},{Augustus_model.g4181.t1;Augustus}
135912	138364	internal+	3	1	{GeneMark_model.5395_t;GeneMark},{GlimmerHMM_glimmerT_5044-T1;GlimmerHMM}
138365	138440	INTRON			{GeneMark_model.5395_t;GeneMark},{GlimmerHMM_glimmerT_5044-T1;GlimmerHMM},{Augustus_model.g4181.t1;Augustus}
138441	138515	internal+	2	1	{GeneMark_model.5395_t;GeneMark},{GlimmerHMM_glimmerT_5044-T1;GlimmerHMM},{Augustus_model.g4181.t1;Augustus}
138516	138581	INTRON			{GeneMark_model.5395_t;GeneMark},{GlimmerHMM_glimmerT_5044-T1;GlimmerHMM},{Augustus_model.g4181.t1;Augustus}
138582	138851	internal+	2	1	{GeneMark_model.5395_t;GeneMark},{GlimmerHMM_glimmerT_5044-T1;GlimmerHMM},{Augustus_model.g4181.t1;Augustus}
138852	138943	INTRON			{GeneMark_model.5395_t;GeneMark},{GlimmerHMM_glimmerT_5044-T1;GlimmerHMM},{Augustus_model.g4181.t1;Augustus}
138944	139397	internal+	2	2	{GeneMark_model.5395_t;GeneMark},{Augustus_model.g4181.t1;Augustus}
139398	139468	INTRON			{GeneMark_model.5395_t;GeneMark},{Augustus_model.g4181.t1;Augustus}
139469	139805	terminal+	3	3	{GeneMark_model.5395_t;GeneMark},{Augustus_model.g4181.t1;Augustus}

# EVM prediction: Mode:STANDARD S-ratio: 3.00 140646-141215 orient(+) score(1710.00) noncoding_equivalent(570.00) raw_noncoding(570.00) offset(0.00)
140646	141215	single+	1	3	{Augustus_model.g4182.t1;Augustus}

# EVM prediction: Mode:STANDARD S-ratio: 1.82 141277-142119 orient(-) score(2274.00) noncoding_equivalent(1248.80) raw_noncoding(1644.00) offset(395.20)
141323	141277	terminal-	5	6	{GeneMark_model.5397_t;GeneMark},{Augustus_model.g4183.t1;Augustus},{GlimmerHMM_glimmerT_5046-T1;GlimmerHMM}
141400	141324	INTRON			{GeneMark_model.5397_t;GeneMark},{Augustus_model.g4183.t1;Augustus}
141499	141401	internal-	5	4	{GeneMark_model.5397_t;GeneMark},{Augustus_model.g4183.t1;Augustus}
141578	141500	INTRON			{GeneMark_model.5397_t;GeneMark},{Augustus_model.g4183.t1;Augustus}
141890	141579	internal-	5	4	{GeneMark_model.5397_t;GeneMark},{Augustus_model.g4183.t1;Augustus},{GlimmerHMM_glimmerT_5046-T1;GlimmerHMM}
141968	141891	INTRON			{GeneMark_model.5397_t;GeneMark},{Augustus_model.g4183.t1;Augustus},{GlimmerHMM_glimmerT_5046-T1;GlimmerHMM}
142119	141969	initial-	4	4	{GeneMark_model.5397_t;GeneMark},{Augustus_model.g4183.t1;Augustus}

# EVM prediction: Mode:STANDARD S-ratio: 7.24 142922-144865 orient(-) score(7061.00) noncoding_equivalent(974.90) raw_noncoding(1234.28) offset(259.38)
143319	142922	terminal-	5	6	{Augustus_model.g4184.t1;Augustus},{GeneMark_model.5398_t;GeneMark}
143391	143320	INTRON			{Augustus_model.g4184.t1;Augustus},{GeneMark_model.5398_t;GeneMark},{GlimmerHMM_glimmerT_5046-T1;GlimmerHMM}
144432	143392	internal-	5	4	{Augustus_model.g4184.t1;Augustus},{GeneMark_model.5398_t;GeneMark},{GlimmerHMM_glimmerT_5046-T1;GlimmerHMM}
144496	144433	INTRON			{Augustus_model.g4184.t1;Augustus},{GeneMark_model.5398_t;GeneMark},{GlimmerHMM_glimmerT_5046-T1;GlimmerHMM}
144694	144497	internal-	5	4	{Augustus_model.g4184.t1;Augustus},{GeneMark_model.5398_t;GeneMark}
144786	144695	INTRON			{Augustus_model.g4184.t1;Augustus},{GeneMark_model.5398_t;GeneMark}
144865	144787	initial-	4	4	{Augustus_model.g4184.t1;Augustus},{GeneMark_model.5398_t;GeneMark},{GlimmerHMM_glimmerT_5046-T1;GlimmerHMM}

# EVM prediction: Mode:STANDARD S-ratio: 4.99 145432-148139 orient(+) score(9514.00) noncoding_equivalent(1906.38) raw_noncoding(2479.86) offset(573.48)
145432	145510	initial+	1	1	{GlimmerHMM_glimmerT_5047-T1;GlimmerHMM},{Augustus_model.g4185.t1;Augustus},{GeneMark_model.5399_t;GeneMark}
145511	145582	INTRON			{Augustus_model.g4185.t1;Augustus},{GeneMark_model.5399_t;GeneMark}
145583	146575	internal+	2	1	{Augustus_model.g4185.t1;Augustus},{GeneMark_model.5399_t;GeneMark}
146576	146649	INTRON			{GlimmerHMM_glimmerT_5047-T1;GlimmerHMM},{Augustus_model.g4185.t1;Augustus},{GeneMark_model.5399_t;GeneMark}
146650	146757	internal+	2	1	{GlimmerHMM_glimmerT_5047-T1;GlimmerHMM},{Augustus_model.g4185.t1;Augustus},{GeneMark_model.5399_t;GeneMark}
146758	146840	INTRON			{GlimmerHMM_glimmerT_5047-T1;GlimmerHMM},{Augustus_model.g4185.t1;Augustus},{GeneMark_model.5399_t;GeneMark}
146841	146960	internal+	2	1	{GlimmerHMM_glimmerT_5047-T1;GlimmerHMM},{Augustus_model.g4185.t1;Augustus},{GeneMark_model.5399_t;GeneMark}
146961	147036	INTRON			{GlimmerHMM_glimmerT_5047-T1;GlimmerHMM},{Augustus_model.g4185.t1;Augustus},{GeneMark_model.5399_t;GeneMark}
147037	147144	internal+	2	1	{GlimmerHMM_glimmerT_5047-T1;GlimmerHMM},{GeneMark_model.5399_t;GeneMark}
147145	147236	INTRON			{GlimmerHMM_glimmerT_5047-T1;GlimmerHMM},{GeneMark_model.5399_t;GeneMark}
147237	147493	internal+	2	3	{GlimmerHMM_glimmerT_5047-T1;GlimmerHMM},{Augustus_model.g4185.t1;Augustus},{GeneMark_model.5399_t;GeneMark}
147494	147566	INTRON			{GlimmerHMM_glimmerT_5047-T1;GlimmerHMM},{Augustus_model.g4185.t1;Augustus},{GeneMark_model.5399_t;GeneMark}
147567	148139	terminal+	1	3	{GlimmerHMM_glimmerT_5047-T1;GlimmerHMM},{snap_scaffold_13-snap.58-T1;snap},{Augustus_model.g4185.t1;Augustus},{GeneMark_model.5399_t;GeneMark}

# EVM prediction: Mode:STANDARD S-ratio: 1.93 148307-148769 orient(-) score(1389.00) noncoding_equivalent(721.00) raw_noncoding(862.00) offset(141.00)
148332	148307	terminal-	5	6	{GlimmerHMM_glimmerT_5048-T1;GlimmerHMM},{Augustus_model.g4186.t1;Augustus},{GeneMark_model.5400_t;GeneMark}
148395	148333	INTRON			{GlimmerHMM_glimmerT_5048-T1;GlimmerHMM},{Augustus_model.g4186.t1;Augustus},{GeneMark_model.5400_t;GeneMark}
148509	148396	internal-	5	4	{GlimmerHMM_glimmerT_5048-T1;GlimmerHMM},{Augustus_model.g4186.t1;Augustus},{GeneMark_model.5400_t;GeneMark}
148579	148510	INTRON			{GlimmerHMM_glimmerT_5048-T1;GlimmerHMM},{Augustus_model.g4186.t1;Augustus},{GeneMark_model.5400_t;GeneMark}
148769	148580	initial-	4	4	{GlimmerHMM_glimmerT_5048-T1;GlimmerHMM},{Augustus_model.g4186.t1;Augustus},{GeneMark_model.5400_t;GeneMark}

# EVM prediction: Mode:STANDARD S-ratio: 3.09 148956-150582 orient(+) score(4756.00) noncoding_equivalent(1538.80) raw_noncoding(2395.00) offset(856.20)
148956	149066	initial+	1	3	{GeneMark_model.5401_t;GeneMark},{Augustus_model.g4187.t1;Augustus}
149067	149123	INTRON			{GeneMark_model.5401_t;GeneMark},{Augustus_model.g4187.t1;Augustus}
149124	149475	internal+	1	1	{GeneMark_model.5401_t;GeneMark},{Augustus_model.g4187.t1;Augustus}
149476	149549	INTRON			{GeneMark_model.5401_t;GeneMark},{Augustus_model.g4187.t1;Augustus}
149550	149568	internal+	2	2	{GeneMark_model.5401_t;GeneMark}
149569	149673	INTRON			{GeneMark_model.5401_t;GeneMark}
149674	149734	internal+	3	3	{GeneMark_model.5401_t;GeneMark}
149735	149812	INTRON			{GeneMark_model.5401_t;GeneMark}
149813	149895	internal+	1	2	{GeneMark_model.5401_t;GeneMark},{Augustus_model.g4187.t1;Augustus}
149896	149972	INTRON			{GeneMark_model.5401_t;GeneMark},{snap_scaffold_13-snap.59-T1;snap},{Augustus_model.g4187.t1;Augustus}
149973	150582	terminal+	3	3	{GlimmerHMM_glimmerT_5049-T1;GlimmerHMM},{GeneMark_model.5401_t;GeneMark},{snap_scaffold_13-snap.59-T1;snap},{Augustus_model.g4187.t1;Augustus}

# EVM prediction: Mode:STANDARD S-ratio: 1.81 150691-153211 orient(-) score(7095.00) noncoding_equivalent(3928.85) raw_noncoding(4993.00) offset(1064.15)
150718	150691	terminal-	6	6	{Augustus_model.g4188.t1;Augustus},{GlimmerHMM_glimmerT_5050-T1;GlimmerHMM},{GeneMark_model.5402_t;GeneMark}
150848	150719	INTRON			{Augustus_model.g4188.t1;Augustus},{GlimmerHMM_glimmerT_5050-T1;GlimmerHMM},{GeneMark_model.5402_t;GeneMark}
150994	150849	internal-	4	5	{Augustus_model.g4188.t1;Augustus},{GlimmerHMM_glimmerT_5050-T1;GlimmerHMM},{GeneMark_model.5402_t;GeneMark}
151071	150995	INTRON			{Augustus_model.g4188.t1;Augustus},{GeneMark_model.5402_t;GeneMark}
151182	151072	internal-	4	6	{Augustus_model.g4188.t1;Augustus},{GeneMark_model.5402_t;GeneMark}
151250	151183	INTRON			{Augustus_model.g4188.t1;Augustus},{GeneMark_model.5402_t;GeneMark}
151576	151251	internal-	5	6	{Augustus_model.g4188.t1;Augustus},{GlimmerHMM_glimmerT_5050-T1;GlimmerHMM},{GeneMark_model.5402_t;GeneMark}
151654	151577	INTRON			{Augustus_model.g4188.t1;Augustus},{GlimmerHMM_glimmerT_5050-T1;GlimmerHMM},{GeneMark_model.5402_t;GeneMark}
151880	151655	internal-	4	4	{Augustus_model.g4188.t1;Augustus},{GlimmerHMM_glimmerT_5050-T1;GlimmerHMM},{GeneMark_model.5402_t;GeneMark}
151942	151881	INTRON			{Augustus_model.g4188.t1;Augustus},{GlimmerHMM_glimmerT_5050-T1;GlimmerHMM},{GeneMark_model.5402_t;GeneMark}
152000	151943	internal-	6	6	{Augustus_model.g4188.t1;Augustus},{GlimmerHMM_glimmerT_5050-T1;GlimmerHMM},{GeneMark_model.5402_t;GeneMark}
152058	152001	INTRON			{Augustus_model.g4188.t1;Augustus},{GlimmerHMM_glimmerT_5050-T1;GlimmerHMM},{GeneMark_model.5402_t;GeneMark}
152183	152059	internal-	4	5	{Augustus_model.g4188.t1;Augustus},{GlimmerHMM_glimmerT_5050-T1;GlimmerHMM},{GeneMark_model.5402_t;GeneMark}
152259	152184	INTRON			{Augustus_model.g4188.t1;Augustus},{GlimmerHMM_glimmerT_5050-T1;GlimmerHMM},{GeneMark_model.5402_t;GeneMark}
152394	152260	internal-	4	6	{Augustus_model.g4188.t1;Augustus},{GeneMark_model.5402_t;GeneMark}
152460	152395	INTRON			{Augustus_model.g4188.t1;Augustus},{GeneMark_model.5402_t;GeneMark}
152611	152461	internal-	6	6	{Augustus_model.g4188.t1;Augustus},{GeneMark_model.5402_t;GeneMark}
152688	152612	INTRON			{Augustus_model.g4188.t1;Augustus},{GeneMark_model.5402_t;GeneMark}
152890	152689	internal-	5	5	{Augustus_model.g4188.t1;Augustus},{GeneMark_model.5402_t;GeneMark}
152970	152891	INTRON			{Augustus_model.g4188.t1;Augustus},{GlimmerHMM_glimmerT_5050-T1;GlimmerHMM},{GeneMark_model.5402_t;GeneMark}
153211	152971	initial-	4	4	{Augustus_model.g4188.t1;Augustus},{GlimmerHMM_glimmerT_5050-T1;GlimmerHMM},{GeneMark_model.5402_t;GeneMark}

# EVM prediction: Mode:STANDARD S-ratio: 5.18 153616-155409 orient(-) score(6456.00) noncoding_equivalent(1246.46) raw_noncoding(1469.72) offset(223.27)
153759	153616	terminal-	4	6	{GlimmerHMM_glimmerT_5051-T1;GlimmerHMM},{GeneMark_model.5403_t;GeneMark},{Augustus_model.g4189.t1;Augustus}
153833	153760	INTRON			{GlimmerHMM_glimmerT_5051-T1;GlimmerHMM},{GeneMark_model.5403_t;GeneMark},{Augustus_model.g4189.t1;Augustus}
153926	153834	internal-	4	6	{GlimmerHMM_glimmerT_5051-T1;GlimmerHMM},{GeneMark_model.5403_t;GeneMark},{Augustus_model.g4189.t1;Augustus}
153994	153927	INTRON			{GlimmerHMM_glimmerT_5051-T1;GlimmerHMM},{GeneMark_model.5403_t;GeneMark},{Augustus_model.g4189.t1;Augustus}
155064	153995	internal-	5	6	{GlimmerHMM_glimmerT_5051-T1;GlimmerHMM},{GeneMark_model.5403_t;GeneMark},{Augustus_model.g4189.t1;Augustus}
155125	155065	INTRON			{GlimmerHMM_glimmerT_5051-T1;GlimmerHMM},{GeneMark_model.5403_t;GeneMark},{Augustus_model.g4189.t1;Augustus}
155233	155126	internal-	5	4	{GlimmerHMM_glimmerT_5051-T1;GlimmerHMM},{GeneMark_model.5403_t;GeneMark},{Augustus_model.g4189.t1;Augustus}
155303	155234	INTRON			{GlimmerHMM_glimmerT_5051-T1;GlimmerHMM},{GeneMark_model.5403_t;GeneMark},{Augustus_model.g4189.t1;Augustus}
155409	155304	initial-	4	4	{GlimmerHMM_glimmerT_5051-T1;GlimmerHMM},{GeneMark_model.5403_t;GeneMark},{Augustus_model.g4189.t1;Augustus}

# EVM prediction: Mode:STANDARD S-ratio: 1.93 155964-157685 orient(+) score(4794.00) noncoding_equivalent(2487.24) raw_noncoding(3230.11) offset(742.87)
155964	156397	initial+	1	2	{GlimmerHMM_glimmerT_5052-T1;GlimmerHMM},{GeneMark_model.5404_t;GeneMark},{Augustus_model.g4190.t1;Augustus}
156398	156456	INTRON			{GlimmerHMM_glimmerT_5052-T1;GlimmerHMM},{GeneMark_model.5404_t;GeneMark},{Augustus_model.g4190.t1;Augustus}
156457	156547	internal+	3	3	{GlimmerHMM_glimmerT_5052-T1;GlimmerHMM},{GeneMark_model.5404_t;GeneMark},{Augustus_model.g4190.t1;Augustus}
156548	156621	INTRON			{GeneMark_model.5404_t;GeneMark},{Augustus_model.g4190.t1;Augustus}
156622	157001	internal+	1	2	{GeneMark_model.5404_t;GeneMark},{Augustus_model.g4190.t1;Augustus}
157002	157146	INTRON			{GlimmerHMM_glimmerT_5052-T1;GlimmerHMM},{GeneMark_model.5404_t;GeneMark},{Augustus_model.g4190.t1;Augustus}
157147	157299	internal+	3	2	{GeneMark_model.5404_t;GeneMark},{Augustus_model.g4190.t1;Augustus}
157300	157396	INTRON			{GeneMark_model.5404_t;GeneMark},{Augustus_model.g4190.t1;Augustus}
157397	157474	internal+	3	2	{GeneMark_model.5404_t;GeneMark},{Augustus_model.g4190.t1;Augustus}
157475	157567	INTRON			{GeneMark_model.5404_t;GeneMark},{Augustus_model.g4190.t1;Augustus}
157568	157685	terminal+	3	3	{GlimmerHMM_glimmerT_5052-T1;GlimmerHMM},{GeneMark_model.5404_t;GeneMark},{Augustus_model.g4190.t1;Augustus}

# EVM prediction: Mode:STANDARD S-ratio: 8.18 158025-160357 orient(+) score(8644.00) noncoding_equivalent(1056.26) raw_noncoding(1222.14) offset(165.88)
158025	158309	initial+	1	3	{Augustus_model.g4191.t1;Augustus},{GeneMark_model.5405_t;GeneMark},{GlimmerHMM_glimmerT_5053-T1;GlimmerHMM}
158310	158379	INTRON			{Augustus_model.g4191.t1;Augustus},{GeneMark_model.5405_t;GeneMark},{GlimmerHMM_glimmerT_5053-T1;GlimmerHMM}
158380	159055	internal+	1	1	{Augustus_model.g4191.t1;Augustus},{GeneMark_model.5405_t;GeneMark},{GlimmerHMM_glimmerT_5053-T1;GlimmerHMM}
159056	159111	INTRON			{Augustus_model.g4191.t1;Augustus},{GeneMark_model.5405_t;GeneMark},{GlimmerHMM_glimmerT_5053-T1;GlimmerHMM}
159112	159200	internal+	2	3	{Augustus_model.g4191.t1;Augustus},{GeneMark_model.5405_t;GeneMark},{GlimmerHMM_glimmerT_5053-T1;GlimmerHMM}
159201	159265	INTRON			{Augustus_model.g4191.t1;Augustus},{GeneMark_model.5405_t;GeneMark},{GlimmerHMM_glimmerT_5053-T1;GlimmerHMM}
159266	160357	terminal+	1	3	{Augustus_model.g4191.t1;Augustus},{GeneMark_model.5405_t;GeneMark},{GlimmerHMM_glimmerT_5053-T1;GlimmerHMM}

# EVM prediction: Mode:STANDARD S-ratio: 5.78 160691-163111 orient(-) score(21534.00) noncoding_equivalent(3728.00) raw_noncoding(5172.00) offset(1444.00)
160804	160691	terminal-	4	6	{GlimmerHMM_glimmerT_5054-T1;GlimmerHMM},{HiQ_model.g4192.t1;HiQ},{GeneMark_model.5406_t;GeneMark}
160889	160805	INTRON			{GlimmerHMM_glimmerT_5054-T1;GlimmerHMM},{HiQ_model.g4192.t1;HiQ},{GeneMark_model.5406_t;GeneMark},{ev_type:exonerate/ID=match.2566964.4100/Target=lcl|LCTV02000010_1_prot_PRQ72250_1_1221;exonerate},{ev_type:exonerate/ID=match.2566964.4103/Target=lcl|NW_017264948_1_prot_XP_018267545_1_7118;exonerate},{ev_type:exonerate/ID=match.2566964.4095/Target=lcl|PJQD01000022_1_prot_POY74761_1_2280;exonerate}
160906	160890	internal-	5	6	{GlimmerHMM_glimmerT_5054-T1;GlimmerHMM},{HiQ_model.g4192.t1;HiQ},{GeneMark_model.5406_t;GeneMark},{ev_type:exonerate/ID=match.2566964.4100/Target=lcl|LCTV02000010_1_prot_PRQ72250_1_1221;exonerate},{ev_type:exonerate/ID=match.2566964.4103/Target=lcl|NW_017264948_1_prot_XP_018267545_1_7118;exonerate},{ev_type:exonerate/ID=match.2566964.4095/Target=lcl|PJQD01000022_1_prot_POY74761_1_2280;exonerate}
160970	160907	INTRON			{GlimmerHMM_glimmerT_5054-T1;GlimmerHMM},{HiQ_model.g4192.t1;HiQ},{GeneMark_model.5406_t;GeneMark},{ev_type:exonerate/ID=match.2566964.4100/Target=lcl|LCTV02000010_1_prot_PRQ72250_1_1221;exonerate},{ev_type:exonerate/ID=match.2566964.4103/Target=lcl|NW_017264948_1_prot_XP_018267545_1_7118;exonerate},{ev_type:exonerate/ID=match.2566964.4095/Target=lcl|PJQD01000022_1_prot_POY74761_1_2280;exonerate}
161039	160971	internal-	5	4	{GlimmerHMM_glimmerT_5054-T1;GlimmerHMM},{HiQ_model.g4192.t1;HiQ},{GeneMark_model.5406_t;GeneMark},{ev_type:exonerate/ID=match.2566964.4100/Target=lcl|LCTV02000010_1_prot_PRQ72250_1_1221;exonerate},{ev_type:exonerate/ID=match.2566964.4103/Target=lcl|NW_017264948_1_prot_XP_018267545_1_7118;exonerate},{ev_type:exonerate/ID=match.2566964.4097/Target=lcl|KQ954561_1_prot_KWU41093_1_6540;exonerate},{ev_type:exonerate/ID=match.2566964.4095/Target=lcl|PJQD01000022_1_prot_POY74761_1_2280;exonerate},{ev_type:exonerate/ID=match.2566964.4102/Target=lcl|BJWK01000012_1_prot_GEM10724_1_4741;exonerate}
161112	161040	INTRON			{GlimmerHMM_glimmerT_5054-T1;GlimmerHMM},{HiQ_model.g4192.t1;HiQ},{GeneMark_model.5406_t;GeneMark},{ev_type:exonerate/ID=match.2566964.4100/Target=lcl|LCTV02000010_1_prot_PRQ72250_1_1221;exonerate},{ev_type:exonerate/ID=match.2566964.4103/Target=lcl|NW_017264948_1_prot_XP_018267545_1_7118;exonerate},{ev_type:exonerate/ID=match.2566964.4097/Target=lcl|KQ954561_1_prot_KWU41093_1_6540;exonerate},{ev_type:exonerate/ID=match.2566964.4095/Target=lcl|PJQD01000022_1_prot_POY74761_1_2280;exonerate},{ev_type:exonerate/ID=match.2566964.4102/Target=lcl|BJWK01000012_1_prot_GEM10724_1_4741;exonerate}
161403	161113	internal-	5	4	{HiQ_model.g4192.t1;HiQ},{GeneMark_model.5406_t;GeneMark},{ev_type:exonerate/ID=match.2566964.4100/Target=lcl|LCTV02000010_1_prot_PRQ72250_1_1221;exonerate},{ev_type:exonerate/ID=match.2566964.4103/Target=lcl|NW_017264948_1_prot_XP_018267545_1_7118;exonerate},{ev_type:exonerate/ID=match.2566964.4097/Target=lcl|KQ954561_1_prot_KWU41093_1_6540;exonerate},{ev_type:exonerate/ID=match.2566964.4095/Target=lcl|PJQD01000022_1_prot_POY74761_1_2280;exonerate},{ev_type:exonerate/ID=match.2566964.4102/Target=lcl|BJWK01000012_1_prot_GEM10724_1_4741;exonerate}
161472	161404	INTRON			{HiQ_model.g4192.t1;HiQ},{GeneMark_model.5406_t;GeneMark},{ev_type:exonerate/ID=match.2566964.4100/Target=lcl|LCTV02000010_1_prot_PRQ72250_1_1221;exonerate},{ev_type:exonerate/ID=match.2566964.4103/Target=lcl|NW_017264948_1_prot_XP_018267545_1_7118;exonerate},{ev_type:exonerate/ID=match.2566964.4097/Target=lcl|KQ954561_1_prot_KWU41093_1_6540;exonerate},{ev_type:exonerate/ID=match.2566964.4095/Target=lcl|PJQD01000022_1_prot_POY74761_1_2280;exonerate},{ev_type:exonerate/ID=match.2566964.4102/Target=lcl|BJWK01000012_1_prot_GEM10724_1_4741;exonerate}
161545	161473	internal-	4	4	{HiQ_model.g4192.t1;HiQ},{GeneMark_model.5406_t;GeneMark},{ev_type:exonerate/ID=match.2566964.4100/Target=lcl|LCTV02000010_1_prot_PRQ72250_1_1221;exonerate},{ev_type:exonerate/ID=match.2566964.4103/Target=lcl|NW_017264948_1_prot_XP_018267545_1_7118;exonerate},{ev_type:exonerate/ID=match.2566964.4097/Target=lcl|KQ954561_1_prot_KWU41093_1_6540;exonerate},{ev_type:exonerate/ID=match.2566964.4095/Target=lcl|PJQD01000022_1_prot_POY74761_1_2280;exonerate},{ev_type:exonerate/ID=match.2566964.4102/Target=lcl|BJWK01000012_1_prot_GEM10724_1_4741;exonerate}
161610	161546	INTRON			{HiQ_model.g4192.t1;HiQ},{GeneMark_model.5406_t;GeneMark},{ev_type:exonerate/ID=match.2566964.4100/Target=lcl|LCTV02000010_1_prot_PRQ72250_1_1221;exonerate},{ev_type:exonerate/ID=match.2566964.4103/Target=lcl|NW_017264948_1_prot_XP_018267545_1_7118;exonerate},{ev_type:exonerate/ID=match.2566964.4097/Target=lcl|KQ954561_1_prot_KWU41093_1_6540;exonerate},{ev_type:exonerate/ID=match.2566964.4095/Target=lcl|PJQD01000022_1_prot_POY74761_1_2280;exonerate},{ev_type:exonerate/ID=match.2566964.4102/Target=lcl|BJWK01000012_1_prot_GEM10724_1_4741;exonerate}
161991	161611	internal-	4	6	{HiQ_model.g4192.t1;HiQ},{GeneMark_model.5406_t;GeneMark},{ev_type:exonerate/ID=match.2566964.4100/Target=lcl|LCTV02000010_1_prot_PRQ72250_1_1221;exonerate},{ev_type:exonerate/ID=match.2566964.4103/Target=lcl|NW_017264948_1_prot_XP_018267545_1_7118;exonerate},{ev_type:exonerate/ID=match.2566964.4097/Target=lcl|KQ954561_1_prot_KWU41093_1_6540;exonerate},{ev_type:exonerate/ID=match.2566964.4095/Target=lcl|PJQD01000022_1_prot_POY74761_1_2280;exonerate},{ev_type:exonerate/ID=match.2566964.4102/Target=lcl|BJWK01000012_1_prot_GEM10724_1_4741;exonerate}
162052	161992	INTRON			{GlimmerHMM_glimmerT_5054-T1;GlimmerHMM},{HiQ_model.g4192.t1;HiQ},{GeneMark_model.5406_t;GeneMark},{ev_type:exonerate/ID=match.2566964.4100/Target=lcl|LCTV02000010_1_prot_PRQ72250_1_1221;exonerate},{ev_type:exonerate/ID=match.2566964.4103/Target=lcl|NW_017264948_1_prot_XP_018267545_1_7118;exonerate},{ev_type:exonerate/ID=match.2566964.4097/Target=lcl|KQ954561_1_prot_KWU41093_1_6540;exonerate},{ev_type:exonerate/ID=match.2566964.4095/Target=lcl|PJQD01000022_1_prot_POY74761_1_2280;exonerate},{ev_type:exonerate/ID=match.2566964.4102/Target=lcl|BJWK01000012_1_prot_GEM10724_1_4741;exonerate}
162741	162053	internal-	5	6	{GlimmerHMM_glimmerT_5054-T1;GlimmerHMM},{HiQ_model.g4192.t1;HiQ},{GeneMark_model.5406_t;GeneMark},{ev_type:exonerate/ID=match.2566964.4100/Target=lcl|LCTV02000010_1_prot_PRQ72250_1_1221;exonerate},{ev_type:exonerate/ID=match.2566964.4103/Target=lcl|NW_017264948_1_prot_XP_018267545_1_7118;exonerate},{ev_type:exonerate/ID=match.2566964.4097/Target=lcl|KQ954561_1_prot_KWU41093_1_6540;exonerate}
163089	162742	INTRON			{GlimmerHMM_glimmerT_5054-T1;GlimmerHMM},{HiQ_model.g4192.t1;HiQ},{GeneMark_model.5406_t;GeneMark},{ev_type:exonerate/ID=match.2566964.4100/Target=lcl|LCTV02000010_1_prot_PRQ72250_1_1221;exonerate},{ev_type:exonerate/ID=match.2566964.4103/Target=lcl|NW_017264948_1_prot_XP_018267545_1_7118;exonerate},{ev_type:exonerate/ID=match.2566964.4097/Target=lcl|KQ954561_1_prot_KWU41093_1_6540;exonerate}
163111	163090	initial-	4	4	{GlimmerHMM_glimmerT_5054-T1;GlimmerHMM},{HiQ_model.g4192.t1;HiQ},{GeneMark_model.5406_t;GeneMark}

# EVM prediction: Mode:STANDARD S-ratio: 6.01 163567-164500 orient(+) score(3536.00) noncoding_equivalent(588.34) raw_noncoding(655.34) offset(67.00)
163567	163973	initial+	1	2	{GlimmerHMM_glimmerT_5055-T1;GlimmerHMM},{GeneMark_model.5407_t;GeneMark},{Augustus_model.g4193.t1;Augustus}
163974	164032	INTRON			{GlimmerHMM_glimmerT_5055-T1;GlimmerHMM},{GeneMark_model.5407_t;GeneMark},{Augustus_model.g4193.t1;Augustus}
164033	164166	internal+	3	1	{GlimmerHMM_glimmerT_5055-T1;GlimmerHMM},{GeneMark_model.5407_t;GeneMark},{Augustus_model.g4193.t1;Augustus}
164167	164237	INTRON			{GlimmerHMM_glimmerT_5055-T1;GlimmerHMM},{GeneMark_model.5407_t;GeneMark},{Augustus_model.g4193.t1;Augustus},{snap_scaffold_13-snap.66-T1;snap}
164238	164500	terminal+	2	3	{GlimmerHMM_glimmerT_5055-T1;GlimmerHMM},{GeneMark_model.5407_t;GeneMark},{Augustus_model.g4193.t1;Augustus},{snap_scaffold_13-snap.66-T1;snap}

# EVM prediction: Mode:STANDARD S-ratio: 13.20 164768-166774 orient(-) score(7459.00) noncoding_equivalent(565.04) raw_noncoding(642.27) offset(77.22)
166685	164768	terminal-	6	6	{GeneMark_model.5408_t;GeneMark},{snap_scaffold_13-snap.67-T1;snap}
166760	166686	INTRON			{GeneMark_model.5408_t;GeneMark},{Augustus_model.g4194.t1;Augustus}
166774	166761	initial-	4	5	{GeneMark_model.5408_t;GeneMark},{Augustus_model.g4194.t1;Augustus}

# EVM prediction: Mode:STANDARD S-ratio: 4.22 167197-168206 orient(+) score(7889.00) noncoding_equivalent(1870.33) raw_noncoding(2396.69) offset(526.35)
167197	167235	initial+	1	3	{GeneMark_model.5409_t;GeneMark},{Augustus_model.g4195.t1;Augustus},{GlimmerHMM_glimmerT_5057-T1;GlimmerHMM}
167236	167557	INTRON			{GeneMark_model.5409_t;GeneMark},{Augustus_model.g4195.t1;Augustus},{GlimmerHMM_glimmerT_5057-T1;GlimmerHMM},{ev_type:exonerate/ID=match.2566964.1407/Target=lcl|KQ954561_1_prot_KWU41097_1_6544;exonerate},{ev_type:exonerate/ID=match.2566964.1404/Target=lcl|BJWK01000012_1_prot_GEM10728_1_4745;exonerate},{ev_type:exonerate/ID=match.2566964.1411/Target=lcl|NW_017264948_1_prot_XP_018267594_1_7167;exonerate},{ev_type:exonerate/ID=match.2566964.1403/Target=lcl|LCTV02000010_1_prot_PRQ72246_1_1217;exonerate},{ev_type:exonerate/ID=match.2566964.1402/Target=lcl|PJQD01000022_1_prot_POY74765_1_2284;exonerate}
167558	167672	internal+	1	1	{GeneMark_model.5409_t;GeneMark},{Augustus_model.g4195.t1;Augustus},{ev_type:exonerate/ID=match.2566964.1407/Target=lcl|KQ954561_1_prot_KWU41097_1_6544;exonerate},{ev_type:exonerate/ID=match.2566964.1404/Target=lcl|BJWK01000012_1_prot_GEM10728_1_4745;exonerate},{ev_type:exonerate/ID=match.2566964.1411/Target=lcl|NW_017264948_1_prot_XP_018267594_1_7167;exonerate},{ev_type:exonerate/ID=match.2566964.1403/Target=lcl|LCTV02000010_1_prot_PRQ72246_1_1217;exonerate},{ev_type:exonerate/ID=match.2566964.1402/Target=lcl|PJQD01000022_1_prot_POY74765_1_2284;exonerate}
167673	167736	INTRON			{GeneMark_model.5409_t;GeneMark},{Augustus_model.g4195.t1;Augustus},{ev_type:exonerate/ID=match.2566964.1407/Target=lcl|KQ954561_1_prot_KWU41097_1_6544;exonerate},{ev_type:exonerate/ID=match.2566964.1404/Target=lcl|BJWK01000012_1_prot_GEM10728_1_4745;exonerate},{ev_type:exonerate/ID=match.2566964.1411/Target=lcl|NW_017264948_1_prot_XP_018267594_1_7167;exonerate},{ev_type:exonerate/ID=match.2566964.1403/Target=lcl|LCTV02000010_1_prot_PRQ72246_1_1217;exonerate},{ev_type:exonerate/ID=match.2566964.1402/Target=lcl|PJQD01000022_1_prot_POY74765_1_2284;exonerate}
167737	167942	internal+	2	3	{GeneMark_model.5409_t;GeneMark},{Augustus_model.g4195.t1;Augustus},{ev_type:exonerate/ID=match.2566964.1407/Target=lcl|KQ954561_1_prot_KWU41097_1_6544;exonerate},{ev_type:exonerate/ID=match.2566964.1404/Target=lcl|BJWK01000012_1_prot_GEM10728_1_4745;exonerate},{ev_type:exonerate/ID=match.2566964.1411/Target=lcl|NW_017264948_1_prot_XP_018267594_1_7167;exonerate},{ev_type:exonerate/ID=match.2566964.1403/Target=lcl|LCTV02000010_1_prot_PRQ72246_1_1217;exonerate},{ev_type:exonerate/ID=match.2566964.1402/Target=lcl|PJQD01000022_1_prot_POY74765_1_2284;exonerate}
167943	168023	INTRON			{GeneMark_model.5409_t;GeneMark},{Augustus_model.g4195.t1;Augustus},{ev_type:exonerate/ID=match.2566964.1407/Target=lcl|KQ954561_1_prot_KWU41097_1_6544;exonerate},{ev_type:exonerate/ID=match.2566964.1404/Target=lcl|BJWK01000012_1_prot_GEM10728_1_4745;exonerate},{ev_type:exonerate/ID=match.2566964.1411/Target=lcl|NW_017264948_1_prot_XP_018267594_1_7167;exonerate},{ev_type:exonerate/ID=match.2566964.1403/Target=lcl|LCTV02000010_1_prot_PRQ72246_1_1217;exonerate},{ev_type:exonerate/ID=match.2566964.1402/Target=lcl|PJQD01000022_1_prot_POY74765_1_2284;exonerate}
168024	168058	internal+	1	2	{GeneMark_model.5409_t;GeneMark},{Augustus_model.g4195.t1;Augustus},{ev_type:exonerate/ID=match.2566964.1407/Target=lcl|KQ954561_1_prot_KWU41097_1_6544;exonerate},{ev_type:exonerate/ID=match.2566964.1404/Target=lcl|BJWK01000012_1_prot_GEM10728_1_4745;exonerate},{ev_type:exonerate/ID=match.2566964.1411/Target=lcl|NW_017264948_1_prot_XP_018267594_1_7167;exonerate},{ev_type:exonerate/ID=match.2566964.1403/Target=lcl|LCTV02000010_1_prot_PRQ72246_1_1217;exonerate},{ev_type:exonerate/ID=match.2566964.1402/Target=lcl|PJQD01000022_1_prot_POY74765_1_2284;exonerate}
168059	168136	INTRON			{GeneMark_model.5409_t;GeneMark},{Augustus_model.g4195.t1;Augustus},{ev_type:exonerate/ID=match.2566964.1407/Target=lcl|KQ954561_1_prot_KWU41097_1_6544;exonerate},{ev_type:exonerate/ID=match.2566964.1404/Target=lcl|BJWK01000012_1_prot_GEM10728_1_4745;exonerate},{ev_type:exonerate/ID=match.2566964.1411/Target=lcl|NW_017264948_1_prot_XP_018267594_1_7167;exonerate},{ev_type:exonerate/ID=match.2566964.1403/Target=lcl|LCTV02000010_1_prot_PRQ72246_1_1217;exonerate},{ev_type:exonerate/ID=match.2566964.1402/Target=lcl|PJQD01000022_1_prot_POY74765_1_2284;exonerate}
168137	168206	terminal+	3	3	{GeneMark_model.5409_t;GeneMark},{Augustus_model.g4195.t1;Augustus}

# EVM prediction: Mode:STANDARD S-ratio: 8.16 169710-172542 orient(+) score(20562.00) noncoding_equivalent(2519.60) raw_noncoding(3088.82) offset(569.21)
169710	169722	initial+	1	1	{GeneMark_model.5410_t;GeneMark}
169723	169788	INTRON			{GeneMark_model.5410_t;GeneMark}
169789	169941	internal+	2	1	{Augustus_model.g4196.t1;Augustus},{GeneMark_model.5410_t;GeneMark},{GlimmerHMM_glimmerT_5057-T1;GlimmerHMM}
169942	170004	INTRON			{Augustus_model.g4196.t1;Augustus},{GeneMark_model.5410_t;GeneMark},{GlimmerHMM_glimmerT_5057-T1;GlimmerHMM},{ev_type:exonerate/ID=match.2566964.4086/Target=lcl|LCTV02000010_1_prot_PRQ72257_1_1228;exonerate},{ev_type:exonerate/ID=match.2566964.4087/Target=lcl|BJWK01000012_1_prot_GEM10718_1_4735;exonerate},{ev_type:exonerate/ID=match.2566964.4080/Target=lcl|PJQD01000022_1_prot_POY74766_1_2285;exonerate}
170005	170386	internal+	2	2	{Augustus_model.g4196.t1;Augustus},{GeneMark_model.5410_t;GeneMark},{GlimmerHMM_glimmerT_5057-T1;GlimmerHMM},{ev_type:exonerate/ID=match.2566964.4086/Target=lcl|LCTV02000010_1_prot_PRQ72257_1_1228;exonerate},{ev_type:exonerate/ID=match.2566964.4087/Target=lcl|BJWK01000012_1_prot_GEM10718_1_4735;exonerate},{ev_type:exonerate/ID=match.2566964.4080/Target=lcl|PJQD01000022_1_prot_POY74766_1_2285;exonerate}
170387	170458	INTRON			{Augustus_model.g4196.t1;Augustus},{GeneMark_model.5410_t;GeneMark},{GlimmerHMM_glimmerT_5057-T1;GlimmerHMM},{ev_type:exonerate/ID=match.2566964.4086/Target=lcl|LCTV02000010_1_prot_PRQ72257_1_1228;exonerate},{ev_type:exonerate/ID=match.2566964.4087/Target=lcl|BJWK01000012_1_prot_GEM10718_1_4735;exonerate},{ev_type:exonerate/ID=match.2566964.4080/Target=lcl|PJQD01000022_1_prot_POY74766_1_2285;exonerate},{ev_type:exonerate/ID=match.2566964.4081/Target=lcl|KQ954561_1_prot_KWU41098_1_6545;exonerate}
170459	170676	internal+	3	1	{Augustus_model.g4196.t1;Augustus},{GeneMark_model.5410_t;GeneMark},{GlimmerHMM_glimmerT_5057-T1;GlimmerHMM},{ev_type:exonerate/ID=match.2566964.4086/Target=lcl|LCTV02000010_1_prot_PRQ72257_1_1228;exonerate},{ev_type:exonerate/ID=match.2566964.4087/Target=lcl|BJWK01000012_1_prot_GEM10718_1_4735;exonerate},{ev_type:exonerate/ID=match.2566964.4080/Target=lcl|PJQD01000022_1_prot_POY74766_1_2285;exonerate},{ev_type:exonerate/ID=match.2566964.4081/Target=lcl|KQ954561_1_prot_KWU41098_1_6545;exonerate}
170677	170737	INTRON			{Augustus_model.g4196.t1;Augustus},{GeneMark_model.5410_t;GeneMark},{GlimmerHMM_glimmerT_5057-T1;GlimmerHMM},{ev_type:exonerate/ID=match.2566964.4086/Target=lcl|LCTV02000010_1_prot_PRQ72257_1_1228;exonerate},{ev_type:exonerate/ID=match.2566964.4087/Target=lcl|BJWK01000012_1_prot_GEM10718_1_4735;exonerate},{ev_type:exonerate/ID=match.2566964.4080/Target=lcl|PJQD01000022_1_prot_POY74766_1_2285;exonerate},{ev_type:exonerate/ID=match.2566964.4081/Target=lcl|KQ954561_1_prot_KWU41098_1_6545;exonerate}
170738	170953	internal+	2	1	{Augustus_model.g4196.t1;Augustus},{GeneMark_model.5410_t;GeneMark},{GlimmerHMM_glimmerT_5057-T1;GlimmerHMM},{ev_type:exonerate/ID=match.2566964.4086/Target=lcl|LCTV02000010_1_prot_PRQ72257_1_1228;exonerate},{ev_type:exonerate/ID=match.2566964.4087/Target=lcl|BJWK01000012_1_prot_GEM10718_1_4735;exonerate},{ev_type:exonerate/ID=match.2566964.4080/Target=lcl|PJQD01000022_1_prot_POY74766_1_2285;exonerate},{ev_type:exonerate/ID=match.2566964.4081/Target=lcl|KQ954561_1_prot_KWU41098_1_6545;exonerate}
170954	171021	INTRON			{Augustus_model.g4196.t1;Augustus},{GeneMark_model.5410_t;GeneMark},{GlimmerHMM_glimmerT_5057-T1;GlimmerHMM},{ev_type:exonerate/ID=match.2566964.4086/Target=lcl|LCTV02000010_1_prot_PRQ72257_1_1228;exonerate},{ev_type:exonerate/ID=match.2566964.4087/Target=lcl|BJWK01000012_1_prot_GEM10718_1_4735;exonerate},{ev_type:exonerate/ID=match.2566964.4080/Target=lcl|PJQD01000022_1_prot_POY74766_1_2285;exonerate},{ev_type:exonerate/ID=match.2566964.4081/Target=lcl|KQ954561_1_prot_KWU41098_1_6545;exonerate}
171022	171537	internal+	2	1	{Augustus_model.g4196.t1;Augustus},{GeneMark_model.5410_t;GeneMark},{GlimmerHMM_glimmerT_5057-T1;GlimmerHMM},{ev_type:exonerate/ID=match.2566964.4086/Target=lcl|LCTV02000010_1_prot_PRQ72257_1_1228;exonerate},{ev_type:exonerate/ID=match.2566964.4087/Target=lcl|BJWK01000012_1_prot_GEM10718_1_4735;exonerate},{ev_type:exonerate/ID=match.2566964.4080/Target=lcl|PJQD01000022_1_prot_POY74766_1_2285;exonerate},{ev_type:exonerate/ID=match.2566964.4081/Target=lcl|KQ954561_1_prot_KWU41098_1_6545;exonerate}
171538	171602	INTRON			{Augustus_model.g4196.t1;Augustus},{GeneMark_model.5410_t;GeneMark},{GlimmerHMM_glimmerT_5057-T1;GlimmerHMM},{ev_type:exonerate/ID=match.2566964.4086/Target=lcl|LCTV02000010_1_prot_PRQ72257_1_1228;exonerate},{ev_type:exonerate/ID=match.2566964.4087/Target=lcl|BJWK01000012_1_prot_GEM10718_1_4735;exonerate},{ev_type:exonerate/ID=match.2566964.4080/Target=lcl|PJQD01000022_1_prot_POY74766_1_2285;exonerate},{ev_type:exonerate/ID=match.2566964.4081/Target=lcl|KQ954561_1_prot_KWU41098_1_6545;exonerate}
171603	171629	internal+	2	1	{Augustus_model.g4196.t1;Augustus},{GeneMark_model.5410_t;GeneMark},{GlimmerHMM_glimmerT_5057-T1;GlimmerHMM},{ev_type:exonerate/ID=match.2566964.4086/Target=lcl|LCTV02000010_1_prot_PRQ72257_1_1228;exonerate},{ev_type:exonerate/ID=match.2566964.4087/Target=lcl|BJWK01000012_1_prot_GEM10718_1_4735;exonerate},{ev_type:exonerate/ID=match.2566964.4080/Target=lcl|PJQD01000022_1_prot_POY74766_1_2285;exonerate},{ev_type:exonerate/ID=match.2566964.4081/Target=lcl|KQ954561_1_prot_KWU41098_1_6545;exonerate}
171630	171705	INTRON			{Augustus_model.g4196.t1;Augustus},{GeneMark_model.5410_t;GeneMark},{GlimmerHMM_glimmerT_5057-T1;GlimmerHMM},{ev_type:exonerate/ID=match.2566964.4086/Target=lcl|LCTV02000010_1_prot_PRQ72257_1_1228;exonerate},{ev_type:exonerate/ID=match.2566964.4087/Target=lcl|BJWK01000012_1_prot_GEM10718_1_4735;exonerate},{ev_type:exonerate/ID=match.2566964.4080/Target=lcl|PJQD01000022_1_prot_POY74766_1_2285;exonerate},{ev_type:exonerate/ID=match.2566964.4081/Target=lcl|KQ954561_1_prot_KWU41098_1_6545;exonerate}
171706	171784	internal+	2	2	{Augustus_model.g4196.t1;Augustus},{GeneMark_model.5410_t;GeneMark},{GlimmerHMM_glimmerT_5057-T1;GlimmerHMM},{ev_type:exonerate/ID=match.2566964.4086/Target=lcl|LCTV02000010_1_prot_PRQ72257_1_1228;exonerate},{ev_type:exonerate/ID=match.2566964.4087/Target=lcl|BJWK01000012_1_prot_GEM10718_1_4735;exonerate},{ev_type:exonerate/ID=match.2566964.4080/Target=lcl|PJQD01000022_1_prot_POY74766_1_2285;exonerate},{ev_type:exonerate/ID=match.2566964.4081/Target=lcl|KQ954561_1_prot_KWU41098_1_6545;exonerate}
171785	171850	INTRON			{Augustus_model.g4196.t1;Augustus},{GeneMark_model.5410_t;GeneMark},{GlimmerHMM_glimmerT_5057-T1;GlimmerHMM},{ev_type:exonerate/ID=match.2566964.4086/Target=lcl|LCTV02000010_1_prot_PRQ72257_1_1228;exonerate},{ev_type:exonerate/ID=match.2566964.4087/Target=lcl|BJWK01000012_1_prot_GEM10718_1_4735;exonerate},{ev_type:exonerate/ID=match.2566964.4080/Target=lcl|PJQD01000022_1_prot_POY74766_1_2285;exonerate},{ev_type:exonerate/ID=match.2566964.4081/Target=lcl|KQ954561_1_prot_KWU41098_1_6545;exonerate}
171851	172035	internal+	3	1	{Augustus_model.g4196.t1;Augustus},{GeneMark_model.5410_t;GeneMark},{GlimmerHMM_glimmerT_5057-T1;GlimmerHMM},{ev_type:exonerate/ID=match.2566964.4086/Target=lcl|LCTV02000010_1_prot_PRQ72257_1_1228;exonerate},{ev_type:exonerate/ID=match.2566964.4087/Target=lcl|BJWK01000012_1_prot_GEM10718_1_4735;exonerate},{ev_type:exonerate/ID=match.2566964.4080/Target=lcl|PJQD01000022_1_prot_POY74766_1_2285;exonerate},{ev_type:exonerate/ID=match.2566964.4081/Target=lcl|KQ954561_1_prot_KWU41098_1_6545;exonerate}
172036	172117	INTRON			{Augustus_model.g4196.t1;Augustus},{GeneMark_model.5410_t;GeneMark},{GlimmerHMM_glimmerT_5057-T1;GlimmerHMM},{ev_type:exonerate/ID=match.2566964.4086/Target=lcl|LCTV02000010_1_prot_PRQ72257_1_1228;exonerate},{ev_type:exonerate/ID=match.2566964.4087/Target=lcl|BJWK01000012_1_prot_GEM10718_1_4735;exonerate},{ev_type:exonerate/ID=match.2566964.4080/Target=lcl|PJQD01000022_1_prot_POY74766_1_2285;exonerate},{ev_type:exonerate/ID=match.2566964.4081/Target=lcl|KQ954561_1_prot_KWU41098_1_6545;exonerate}
172118	172542	terminal+	2	3	{snap_scaffold_13-snap.71-T1;snap},{Augustus_model.g4196.t1;Augustus},{GeneMark_model.5410_t;GeneMark},{GlimmerHMM_glimmerT_5057-T1;GlimmerHMM}

# EVM prediction: Mode:STANDARD S-ratio: 2.40 172826-174922 orient(-) score(6109.00) noncoding_equivalent(2544.45) raw_noncoding(2877.00) offset(332.55)
173042	172826	terminal-	6	6	{GlimmerHMM_glimmerT_5058-T1;GlimmerHMM},{GeneMark_model.5411_t;GeneMark},{Augustus_model.g4197.t1;Augustus}
173108	173043	INTRON			{GlimmerHMM_glimmerT_5058-T1;GlimmerHMM},{GeneMark_model.5411_t;GeneMark},{Augustus_model.g4197.t1;Augustus}
173340	173109	internal-	5	5	{GlimmerHMM_glimmerT_5058-T1;GlimmerHMM},{GeneMark_model.5411_t;GeneMark},{Augustus_model.g4197.t1;Augustus}
173412	173341	INTRON			{GlimmerHMM_glimmerT_5058-T1;GlimmerHMM},{GeneMark_model.5411_t;GeneMark},{Augustus_model.g4197.t1;Augustus}
173691	173413	internal-	5	4	{GlimmerHMM_glimmerT_5058-T1;GlimmerHMM},{GeneMark_model.5411_t;GeneMark},{Augustus_model.g4197.t1;Augustus}
173756	173692	INTRON			{GeneMark_model.5411_t;GeneMark},{Augustus_model.g4197.t1;Augustus}
173814	173757	internal-	4	4	{GeneMark_model.5411_t;GeneMark},{Augustus_model.g4197.t1;Augustus}
173872	173815	INTRON			{GeneMark_model.5411_t;GeneMark},{Augustus_model.g4197.t1;Augustus}
174922	173873	initial-	4	6	{GeneMark_model.5411_t;GeneMark}

# EVM prediction: Mode:STANDARD S-ratio: 3.71 176199-179113 orient(+) score(9909.00) noncoding_equivalent(2669.38) raw_noncoding(3219.00) offset(549.62)
176199	176439	initial+	1	1	{Augustus_model.g4198.t1;Augustus},{GeneMark_model.5412_t;GeneMark},{GlimmerHMM_glimmerT_5059-T1;GlimmerHMM}
176440	176502	INTRON			{Augustus_model.g4198.t1;Augustus},{GeneMark_model.5412_t;GeneMark},{GlimmerHMM_glimmerT_5059-T1;GlimmerHMM}
176503	177195	internal+	2	1	{Augustus_model.g4198.t1;Augustus},{GeneMark_model.5412_t;GeneMark},{GlimmerHMM_glimmerT_5059-T1;GlimmerHMM}
177196	177270	INTRON			{Augustus_model.g4198.t1;Augustus},{GeneMark_model.5412_t;GeneMark},{GlimmerHMM_glimmerT_5059-T1;GlimmerHMM}
177271	177476	internal+	2	3	{Augustus_model.g4198.t1;Augustus},{GeneMark_model.5412_t;GeneMark},{GlimmerHMM_glimmerT_5059-T1;GlimmerHMM}
177477	177546	INTRON			{Augustus_model.g4198.t1;Augustus},{GeneMark_model.5412_t;GeneMark},{GlimmerHMM_glimmerT_5059-T1;GlimmerHMM}
177547	177836	internal+	1	2	{Augustus_model.g4198.t1;Augustus},{GeneMark_model.5412_t;GeneMark},{GlimmerHMM_glimmerT_5059-T1;GlimmerHMM}
177837	177901	INTRON			{Augustus_model.g4198.t1;Augustus},{GeneMark_model.5412_t;GeneMark},{GlimmerHMM_glimmerT_5059-T1;GlimmerHMM}
177902	178048	internal+	3	2	{Augustus_model.g4198.t1;Augustus},{GeneMark_model.5412_t;GeneMark},{GlimmerHMM_glimmerT_5059-T1;GlimmerHMM}
178049	178112	INTRON			{Augustus_model.g4198.t1;Augustus},{GeneMark_model.5412_t;GeneMark},{GlimmerHMM_glimmerT_5059-T1;GlimmerHMM}
178113	178501	internal+	3	1	{Augustus_model.g4198.t1;Augustus},{GeneMark_model.5412_t;GeneMark},{GlimmerHMM_glimmerT_5059-T1;GlimmerHMM}
178502	178579	INTRON			{Augustus_model.g4198.t1;Augustus},{GeneMark_model.5412_t;GeneMark},{GlimmerHMM_glimmerT_5059-T1;GlimmerHMM}
178580	178667	internal+	2	2	{Augustus_model.g4198.t1;Augustus},{GlimmerHMM_glimmerT_5059-T1;GlimmerHMM}
178668	178739	INTRON			{Augustus_model.g4198.t1;Augustus},{GlimmerHMM_glimmerT_5059-T1;GlimmerHMM}
178740	178746	internal+	3	3	{GlimmerHMM_glimmerT_5059-T1;GlimmerHMM}
178747	178765	INTRON			{GlimmerHMM_glimmerT_5059-T1;GlimmerHMM}
178766	178778	internal+	1	1	{GlimmerHMM_glimmerT_5059-T1;GlimmerHMM}
178779	178845	INTRON			{GeneMark_model.5412_t;GeneMark},{GlimmerHMM_glimmerT_5059-T1;GlimmerHMM}
178846	178967	internal+	2	3	{GeneMark_model.5412_t;GeneMark},{GlimmerHMM_glimmerT_5059-T1;GlimmerHMM}
178968	179050	INTRON			{Augustus_model.g4198.t1;Augustus},{GeneMark_model.5412_t;GeneMark},{GlimmerHMM_glimmerT_5059-T1;GlimmerHMM}
179051	179113	terminal+	1	3	{Augustus_model.g4198.t1;Augustus},{GeneMark_model.5412_t;GeneMark},{GlimmerHMM_glimmerT_5059-T1;GlimmerHMM}

# EVM prediction: Mode:STANDARD S-ratio: 1.72 179558-180853 orient(+) score(4140.00) noncoding_equivalent(2402.24) raw_noncoding(2903.41) offset(501.17)
179558	179587	initial+	1	3	{GlimmerHMM_glimmerT_5060-T1;GlimmerHMM},{GeneMark_model.5413_t;GeneMark},{Augustus_model.g4199.t1;Augustus}
179588	180029	INTRON			{GlimmerHMM_glimmerT_5060-T1;GlimmerHMM},{GeneMark_model.5413_t;GeneMark},{Augustus_model.g4199.t1;Augustus}
180030	180309	internal+	1	1	{GlimmerHMM_glimmerT_5060-T1;GlimmerHMM},{GeneMark_model.5413_t;GeneMark},{Augustus_model.g4199.t1;Augustus}
180310	180390	INTRON			{GlimmerHMM_glimmerT_5060-T1;GlimmerHMM},{GeneMark_model.5413_t;GeneMark},{Augustus_model.g4199.t1;Augustus}
180391	180434	internal+	2	3	{GlimmerHMM_glimmerT_5060-T1;GlimmerHMM},{GeneMark_model.5413_t;GeneMark},{Augustus_model.g4199.t1;Augustus}
180435	180512	INTRON			{GlimmerHMM_glimmerT_5060-T1;GlimmerHMM},{GeneMark_model.5413_t;GeneMark},{Augustus_model.g4199.t1;Augustus}
180513	180580	internal+	1	2	{GlimmerHMM_glimmerT_5060-T1;GlimmerHMM},{GeneMark_model.5413_t;GeneMark},{Augustus_model.g4199.t1;Augustus}
180581	180669	INTRON			{GlimmerHMM_glimmerT_5060-T1;GlimmerHMM},{GeneMark_model.5413_t;GeneMark},{Augustus_model.g4199.t1;Augustus}
180670	180853	terminal+	3	3	{GlimmerHMM_glimmerT_5060-T1;GlimmerHMM}

# EVM prediction: Mode:STANDARD S-ratio: 1.71 181221-183853 orient(+) score(7100.00) noncoding_equivalent(4161.57) raw_noncoding(5532.13) offset(1370.55)
181221	181318	initial+	1	2	{GlimmerHMM_glimmerT_5061-T1;GlimmerHMM}
181319	181455	INTRON			{GlimmerHMM_glimmerT_5061-T1;GlimmerHMM}
181456	181773	internal+	3	2	{GlimmerHMM_glimmerT_5061-T1;GlimmerHMM}
181774	181861	INTRON			{GeneMark_model.5414_t;GeneMark},{GlimmerHMM_glimmerT_5061-T1;GlimmerHMM},{Augustus_model.g4199.t1;Augustus}
181862	181971	internal+	3	1	{GeneMark_model.5414_t;GeneMark},{GlimmerHMM_glimmerT_5061-T1;GlimmerHMM},{Augustus_model.g4199.t1;Augustus}
181972	182055	INTRON			{GeneMark_model.5414_t;GeneMark},{GlimmerHMM_glimmerT_5061-T1;GlimmerHMM},{Augustus_model.g4199.t1;Augustus}
182056	182105	internal+	2	3	{GeneMark_model.5414_t;GeneMark},{GlimmerHMM_glimmerT_5061-T1;GlimmerHMM},{Augustus_model.g4199.t1;Augustus}
182106	182177	INTRON			{GeneMark_model.5414_t;GeneMark},{Augustus_model.g4199.t1;Augustus}
182178	182267	internal+	1	3	{GeneMark_model.5414_t;GeneMark},{Augustus_model.g4199.t1;Augustus}
182268	182325	INTRON			{GeneMark_model.5414_t;GeneMark},{Augustus_model.g4199.t1;Augustus}
182326	182400	internal+	1	3	{GeneMark_model.5414_t;GeneMark},{GlimmerHMM_glimmerT_5061-T1;GlimmerHMM},{Augustus_model.g4199.t1;Augustus}
182401	182480	INTRON			{GeneMark_model.5414_t;GeneMark},{GlimmerHMM_glimmerT_5061-T1;GlimmerHMM},{Augustus_model.g4199.t1;Augustus}
182481	182585	internal+	1	3	{GeneMark_model.5414_t;GeneMark},{GlimmerHMM_glimmerT_5061-T1;GlimmerHMM},{Augustus_model.g4199.t1;Augustus}
182586	182668	INTRON			{GeneMark_model.5414_t;GeneMark},{Augustus_model.g4199.t1;Augustus}
182669	182758	internal+	1	3	{GeneMark_model.5414_t;GeneMark},{Augustus_model.g4199.t1;Augustus}
182759	182833	INTRON			{GeneMark_model.5414_t;GeneMark},{Augustus_model.g4199.t1;Augustus}
182834	182986	internal+	1	3	{GeneMark_model.5414_t;GeneMark},{GlimmerHMM_glimmerT_5061-T1;GlimmerHMM},{Augustus_model.g4199.t1;Augustus}
182987	183090	INTRON			{GeneMark_model.5414_t;GeneMark},{GlimmerHMM_glimmerT_5061-T1;GlimmerHMM},{Augustus_model.g4199.t1;Augustus}
183091	183264	internal+	1	3	{GeneMark_model.5414_t;GeneMark},{GlimmerHMM_glimmerT_5061-T1;GlimmerHMM},{Augustus_model.g4199.t1;Augustus}
183265	183339	INTRON			{GeneMark_model.5414_t;GeneMark},{GlimmerHMM_glimmerT_5061-T1;GlimmerHMM},{Augustus_model.g4199.t1;Augustus}
183340	183561	internal+	1	3	{GeneMark_model.5414_t;GeneMark},{GlimmerHMM_glimmerT_5061-T1;GlimmerHMM},{Augustus_model.g4199.t1;Augustus}
183562	183646	INTRON			{GeneMark_model.5414_t;GeneMark},{GlimmerHMM_glimmerT_5061-T1;GlimmerHMM},{Augustus_model.g4199.t1;Augustus}
183647	183853	terminal+	1	3	{GeneMark_model.5414_t;GeneMark},{GlimmerHMM_glimmerT_5061-T1;GlimmerHMM},{Augustus_model.g4199.t1;Augustus}

# EVM prediction: Mode:STANDARD S-ratio: 4.95 188542-192827 orient(-) score(28435.00) noncoding_equivalent(5744.72) raw_noncoding(6783.74) offset(1039.03)
188617	188542	terminal-	6	6	{HiQ_model.g4200.t1;HiQ},{GeneMark_model.5415_t;GeneMark}
188678	188618	INTRON			{HiQ_model.g4200.t1;HiQ},{GeneMark_model.5415_t;GeneMark},{ev_type:exonerate/ID=match.2566964.1223/Target=lcl|BJWK01000012_1_prot_GEM10712_1_4729;exonerate}
188816	188679	internal-	6	5	{HiQ_model.g4200.t1;HiQ},{GeneMark_model.5415_t;GeneMark},{ev_type:exonerate/ID=match.2566964.1223/Target=lcl|BJWK01000012_1_prot_GEM10712_1_4729;exonerate}
188912	188817	INTRON			{GlimmerHMM_glimmerT_5062-T1;GlimmerHMM},{HiQ_model.g4200.t1;HiQ},{GeneMark_model.5415_t;GeneMark},{ev_type:exonerate/ID=match.2566964.1226/Target=lcl|PJQD01000009_1_prot_POY76002_1_6718;exonerate},{ev_type:exonerate/ID=match.2566964.1223/Target=lcl|BJWK01000012_1_prot_GEM10712_1_4729;exonerate}
188996	188913	internal-	6	5	{GlimmerHMM_glimmerT_5062-T1;GlimmerHMM},{HiQ_model.g4200.t1;HiQ},{GeneMark_model.5415_t;GeneMark},{ev_type:exonerate/ID=match.2566964.1226/Target=lcl|PJQD01000009_1_prot_POY76002_1_6718;exonerate},{ev_type:exonerate/ID=match.2566964.1223/Target=lcl|BJWK01000012_1_prot_GEM10712_1_4729;exonerate}
189064	188997	INTRON			{GlimmerHMM_glimmerT_5062-T1;GlimmerHMM},{HiQ_model.g4200.t1;HiQ},{GeneMark_model.5415_t;GeneMark},{ev_type:exonerate/ID=match.2566964.1226/Target=lcl|PJQD01000009_1_prot_POY76002_1_6718;exonerate},{ev_type:exonerate/ID=match.2566964.1223/Target=lcl|BJWK01000012_1_prot_GEM10712_1_4729;exonerate}
189280	189065	internal-	6	5	{GlimmerHMM_glimmerT_5062-T1;GlimmerHMM},{HiQ_model.g4200.t1;HiQ},{GeneMark_model.5415_t;GeneMark},{ev_type:exonerate/ID=match.2566964.1226/Target=lcl|PJQD01000009_1_prot_POY76002_1_6718;exonerate},{ev_type:exonerate/ID=match.2566964.1223/Target=lcl|BJWK01000012_1_prot_GEM10712_1_4729;exonerate}
189339	189281	INTRON			{GlimmerHMM_glimmerT_5062-T1;GlimmerHMM},{HiQ_model.g4200.t1;HiQ},{GeneMark_model.5415_t;GeneMark},{ev_type:exonerate/ID=match.2566964.1226/Target=lcl|PJQD01000009_1_prot_POY76002_1_6718;exonerate},{ev_type:exonerate/ID=match.2566964.1223/Target=lcl|BJWK01000012_1_prot_GEM10712_1_4729;exonerate},{ev_type:exonerate/ID=match.2566964.4175/Target=lcl|KQ954605_1_prot_KWU40964_1_6675;exonerate}
190408	189340	internal-	5	5	{GlimmerHMM_glimmerT_5062-T1;GlimmerHMM},{HiQ_model.g4200.t1;HiQ},{GeneMark_model.5415_t;GeneMark},{ev_type:exonerate/ID=match.2566964.1226/Target=lcl|PJQD01000009_1_prot_POY76002_1_6718;exonerate},{ev_type:exonerate/ID=match.2566964.1223/Target=lcl|BJWK01000012_1_prot_GEM10712_1_4729;exonerate}
190479	190409	INTRON			{GlimmerHMM_glimmerT_5062-T1;GlimmerHMM},{HiQ_model.g4200.t1;HiQ},{GeneMark_model.5415_t;GeneMark},{ev_type:exonerate/ID=match.2566964.1226/Target=lcl|PJQD01000009_1_prot_POY76002_1_6718;exonerate},{ev_type:exonerate/ID=match.2566964.1223/Target=lcl|BJWK01000012_1_prot_GEM10712_1_4729;exonerate}
190846	190480	internal-	4	4	{GlimmerHMM_glimmerT_5062-T1;GlimmerHMM},{HiQ_model.g4200.t1;HiQ},{GeneMark_model.5415_t;GeneMark},{ev_type:exonerate/ID=match.2566964.1226/Target=lcl|PJQD01000009_1_prot_POY76002_1_6718;exonerate},{ev_type:exonerate/ID=match.2566964.1223/Target=lcl|BJWK01000012_1_prot_GEM10712_1_4729;exonerate}
190916	190847	INTRON			{GlimmerHMM_glimmerT_5062-T1;GlimmerHMM},{HiQ_model.g4200.t1;HiQ},{GeneMark_model.5415_t;GeneMark},{ev_type:exonerate/ID=match.2566964.1226/Target=lcl|PJQD01000009_1_prot_POY76002_1_6718;exonerate},{ev_type:exonerate/ID=match.2566964.1223/Target=lcl|BJWK01000012_1_prot_GEM10712_1_4729;exonerate}
191794	190917	internal-	5	6	{GlimmerHMM_glimmerT_5062-T1;GlimmerHMM},{HiQ_model.g4200.t1;HiQ},{GeneMark_model.5415_t;GeneMark},{ev_type:exonerate/ID=match.2566964.1226/Target=lcl|PJQD01000009_1_prot_POY76002_1_6718;exonerate},{ev_type:exonerate/ID=match.2566964.1223/Target=lcl|BJWK01000012_1_prot_GEM10712_1_4729;exonerate}
191862	191795	INTRON			{GlimmerHMM_glimmerT_5062-T1;GlimmerHMM},{HiQ_model.g4200.t1;HiQ},{GeneMark_model.5415_t;GeneMark},{ev_type:exonerate/ID=match.2566964.1226/Target=lcl|PJQD01000009_1_prot_POY76002_1_6718;exonerate},{ev_type:exonerate/ID=match.2566964.1223/Target=lcl|BJWK01000012_1_prot_GEM10712_1_4729;exonerate}
192672	191863	internal-	5	4	{GlimmerHMM_glimmerT_5062-T1;GlimmerHMM},{HiQ_model.g4200.t1;HiQ},{GeneMark_model.5415_t;GeneMark},{ev_type:exonerate/ID=match.2566964.1223/Target=lcl|BJWK01000012_1_prot_GEM10712_1_4729;exonerate}
192745	192673	INTRON			{GlimmerHMM_glimmerT_5062-T1;GlimmerHMM},{HiQ_model.g4200.t1;HiQ},{GeneMark_model.5415_t;GeneMark},{ev_type:exonerate/ID=match.2566964.1226/Target=lcl|PJQD01000009_1_prot_POY76002_1_6718;exonerate},{ev_type:exonerate/ID=match.2566964.1223/Target=lcl|BJWK01000012_1_prot_GEM10712_1_4729;exonerate}
192827	192746	initial-	4	4	{GlimmerHMM_glimmerT_5062-T1;GlimmerHMM},{HiQ_model.g4200.t1;HiQ},{GeneMark_model.5415_t;GeneMark}

# EVM prediction: Mode:STANDARD S-ratio: 3.64 193168-195117 orient(+) score(11597.00) noncoding_equivalent(3187.30) raw_noncoding(4341.00) offset(1153.70)
193168	193201	initial+	1	1	{GeneMark_model.5416_t;GeneMark},{Augustus_model.g4201.t1;Augustus},{GlimmerHMM_glimmerT_5063-T1;GlimmerHMM}
193202	193273	INTRON			{GeneMark_model.5416_t;GeneMark},{Augustus_model.g4201.t1;Augustus},{GlimmerHMM_glimmerT_5063-T1;GlimmerHMM},{ev_type:exonerate/ID=match.2566964.4136/Target=lcl|PJQD01000009_1_prot_POY76001_1_6717;exonerate},{ev_type:exonerate/ID=match.2566964.4137/Target=lcl|NW_017264948_1_prot_XP_018267588_1_7161;exonerate},{ev_type:exonerate/ID=match.2566964.4135/Target=lcl|KQ954523_1_prot_KWU41828_1_5781;exonerate}
193274	193391	internal+	2	2	{GeneMark_model.5416_t;GeneMark},{Augustus_model.g4201.t1;Augustus},{GlimmerHMM_glimmerT_5063-T1;GlimmerHMM},{ev_type:exonerate/ID=match.2566964.4136/Target=lcl|PJQD01000009_1_prot_POY76001_1_6717;exonerate},{ev_type:exonerate/ID=match.2566964.4137/Target=lcl|NW_017264948_1_prot_XP_018267588_1_7161;exonerate},{ev_type:exonerate/ID=match.2566964.4135/Target=lcl|KQ954523_1_prot_KWU41828_1_5781;exonerate}
193392	193488	INTRON			{GeneMark_model.5416_t;GeneMark},{Augustus_model.g4201.t1;Augustus},{GlimmerHMM_glimmerT_5063-T1;GlimmerHMM},{ev_type:exonerate/ID=match.2566964.4136/Target=lcl|PJQD01000009_1_prot_POY76001_1_6717;exonerate},{ev_type:exonerate/ID=match.2566964.4137/Target=lcl|NW_017264948_1_prot_XP_018267588_1_7161;exonerate},{ev_type:exonerate/ID=match.2566964.4135/Target=lcl|KQ954523_1_prot_KWU41828_1_5781;exonerate}
193489	193657	internal+	3	3	{GeneMark_model.5416_t;GeneMark},{Augustus_model.g4201.t1;Augustus},{GlimmerHMM_glimmerT_5063-T1;GlimmerHMM},{ev_type:exonerate/ID=match.2566964.4136/Target=lcl|PJQD01000009_1_prot_POY76001_1_6717;exonerate},{ev_type:exonerate/ID=match.2566964.4137/Target=lcl|NW_017264948_1_prot_XP_018267588_1_7161;exonerate},{ev_type:exonerate/ID=match.2566964.4135/Target=lcl|KQ954523_1_prot_KWU41828_1_5781;exonerate}
193658	193777	INTRON			{GeneMark_model.5416_t;GeneMark},{Augustus_model.g4201.t1;Augustus},{GlimmerHMM_glimmerT_5063-T1;GlimmerHMM},{ev_type:exonerate/ID=match.2566964.4136/Target=lcl|PJQD01000009_1_prot_POY76001_1_6717;exonerate},{ev_type:exonerate/ID=match.2566964.4137/Target=lcl|NW_017264948_1_prot_XP_018267588_1_7161;exonerate},{ev_type:exonerate/ID=match.2566964.4135/Target=lcl|KQ954523_1_prot_KWU41828_1_5781;exonerate}
193778	193926	internal+	1	2	{GeneMark_model.5416_t;GeneMark},{Augustus_model.g4201.t1;Augustus},{ev_type:exonerate/ID=match.2566964.4136/Target=lcl|PJQD01000009_1_prot_POY76001_1_6717;exonerate},{ev_type:exonerate/ID=match.2566964.4137/Target=lcl|NW_017264948_1_prot_XP_018267588_1_7161;exonerate},{ev_type:exonerate/ID=match.2566964.4135/Target=lcl|KQ954523_1_prot_KWU41828_1_5781;exonerate}
193927	193998	INTRON			{GeneMark_model.5416_t;GeneMark},{Augustus_model.g4201.t1;Augustus},{ev_type:exonerate/ID=match.2566964.4136/Target=lcl|PJQD01000009_1_prot_POY76001_1_6717;exonerate},{ev_type:exonerate/ID=match.2566964.4137/Target=lcl|NW_017264948_1_prot_XP_018267588_1_7161;exonerate},{ev_type:exonerate/ID=match.2566964.4135/Target=lcl|KQ954523_1_prot_KWU41828_1_5781;exonerate}
193999	194132	internal+	3	1	{GeneMark_model.5416_t;GeneMark},{Augustus_model.g4201.t1;Augustus},{ev_type:exonerate/ID=match.2566964.4136/Target=lcl|PJQD01000009_1_prot_POY76001_1_6717;exonerate},{ev_type:exonerate/ID=match.2566964.4137/Target=lcl|NW_017264948_1_prot_XP_018267588_1_7161;exonerate},{ev_type:exonerate/ID=match.2566964.4135/Target=lcl|KQ954523_1_prot_KWU41828_1_5781;exonerate}
194133	194236	INTRON			{GeneMark_model.5416_t;GeneMark},{Augustus_model.g4201.t1;Augustus},{GlimmerHMM_glimmerT_5063-T1;GlimmerHMM},{ev_type:exonerate/ID=match.2566964.4136/Target=lcl|PJQD01000009_1_prot_POY76001_1_6717;exonerate},{ev_type:exonerate/ID=match.2566964.4137/Target=lcl|NW_017264948_1_prot_XP_018267588_1_7161;exonerate},{ev_type:exonerate/ID=match.2566964.4135/Target=lcl|KQ954523_1_prot_KWU41828_1_5781;exonerate}
194237	194335	internal+	2	1	{GeneMark_model.5416_t;GeneMark},{Augustus_model.g4201.t1;Augustus},{GlimmerHMM_glimmerT_5063-T1;GlimmerHMM},{ev_type:exonerate/ID=match.2566964.4136/Target=lcl|PJQD01000009_1_prot_POY76001_1_6717;exonerate},{ev_type:exonerate/ID=match.2566964.4137/Target=lcl|NW_017264948_1_prot_XP_018267588_1_7161;exonerate},{ev_type:exonerate/ID=match.2566964.4135/Target=lcl|KQ954523_1_prot_KWU41828_1_5781;exonerate}
194336	194434	INTRON			{GeneMark_model.5416_t;GeneMark},{Augustus_model.g4201.t1;Augustus},{ev_type:exonerate/ID=match.2566964.4136/Target=lcl|PJQD01000009_1_prot_POY76001_1_6717;exonerate},{ev_type:exonerate/ID=match.2566964.4137/Target=lcl|NW_017264948_1_prot_XP_018267588_1_7161;exonerate},{ev_type:exonerate/ID=match.2566964.4135/Target=lcl|KQ954523_1_prot_KWU41828_1_5781;exonerate}
194435	194467	internal+	2	1	{GeneMark_model.5416_t;GeneMark},{Augustus_model.g4201.t1;Augustus},{ev_type:exonerate/ID=match.2566964.4136/Target=lcl|PJQD01000009_1_prot_POY76001_1_6717;exonerate},{ev_type:exonerate/ID=match.2566964.4137/Target=lcl|NW_017264948_1_prot_XP_018267588_1_7161;exonerate},{ev_type:exonerate/ID=match.2566964.4135/Target=lcl|KQ954523_1_prot_KWU41828_1_5781;exonerate}
194468	194550	INTRON			{GeneMark_model.5416_t;GeneMark},{Augustus_model.g4201.t1;Augustus},{ev_type:exonerate/ID=match.2566964.4136/Target=lcl|PJQD01000009_1_prot_POY76001_1_6717;exonerate},{ev_type:exonerate/ID=match.2566964.4137/Target=lcl|NW_017264948_1_prot_XP_018267588_1_7161;exonerate},{ev_type:exonerate/ID=match.2566964.4135/Target=lcl|KQ954523_1_prot_KWU41828_1_5781;exonerate}
194551	194630	internal+	2	3	{GeneMark_model.5416_t;GeneMark},{Augustus_model.g4201.t1;Augustus},{GlimmerHMM_glimmerT_5063-T1;GlimmerHMM},{ev_type:exonerate/ID=match.2566964.4136/Target=lcl|PJQD01000009_1_prot_POY76001_1_6717;exonerate},{ev_type:exonerate/ID=match.2566964.4137/Target=lcl|NW_017264948_1_prot_XP_018267588_1_7161;exonerate},{ev_type:exonerate/ID=match.2566964.4135/Target=lcl|KQ954523_1_prot_KWU41828_1_5781;exonerate}
194631	194742	INTRON			{GeneMark_model.5416_t;GeneMark},{Augustus_model.g4201.t1;Augustus},{GlimmerHMM_glimmerT_5063-T1;GlimmerHMM},{ev_type:exonerate/ID=match.2566964.4136/Target=lcl|PJQD01000009_1_prot_POY76001_1_6717;exonerate},{ev_type:exonerate/ID=match.2566964.4137/Target=lcl|NW_017264948_1_prot_XP_018267588_1_7161;exonerate},{ev_type:exonerate/ID=match.2566964.4135/Target=lcl|KQ954523_1_prot_KWU41828_1_5781;exonerate}
194743	194778	internal+	1	3	{GeneMark_model.5416_t;GeneMark},{Augustus_model.g4201.t1;Augustus},{GlimmerHMM_glimmerT_5063-T1;GlimmerHMM},{ev_type:exonerate/ID=match.2566964.4136/Target=lcl|PJQD01000009_1_prot_POY76001_1_6717;exonerate},{ev_type:exonerate/ID=match.2566964.4137/Target=lcl|NW_017264948_1_prot_XP_018267588_1_7161;exonerate},{ev_type:exonerate/ID=match.2566964.4135/Target=lcl|KQ954523_1_prot_KWU41828_1_5781;exonerate}
194779	194896	INTRON			{GeneMark_model.5416_t;GeneMark},{Augustus_model.g4201.t1;Augustus},{ev_type:exonerate/ID=match.2566964.4136/Target=lcl|PJQD01000009_1_prot_POY76001_1_6717;exonerate},{ev_type:exonerate/ID=match.2566964.4137/Target=lcl|NW_017264948_1_prot_XP_018267588_1_7161;exonerate},{ev_type:exonerate/ID=match.2566964.4135/Target=lcl|KQ954523_1_prot_KWU41828_1_5781;exonerate}
194897	194992	internal+	1	3	{GeneMark_model.5416_t;GeneMark},{Augustus_model.g4201.t1;Augustus},{ev_type:exonerate/ID=match.2566964.4136/Target=lcl|PJQD01000009_1_prot_POY76001_1_6717;exonerate},{ev_type:exonerate/ID=match.2566964.4137/Target=lcl|NW_017264948_1_prot_XP_018267588_1_7161;exonerate},{ev_type:exonerate/ID=match.2566964.4135/Target=lcl|KQ954523_1_prot_KWU41828_1_5781;exonerate}
194993	195078	INTRON			{GeneMark_model.5416_t;GeneMark},{Augustus_model.g4201.t1;Augustus},{GlimmerHMM_glimmerT_5063-T1;GlimmerHMM},{ev_type:exonerate/ID=match.2566964.4136/Target=lcl|PJQD01000009_1_prot_POY76001_1_6717;exonerate},{ev_type:exonerate/ID=match.2566964.4137/Target=lcl|NW_017264948_1_prot_XP_018267588_1_7161;exonerate},{ev_type:exonerate/ID=match.2566964.4135/Target=lcl|KQ954523_1_prot_KWU41828_1_5781;exonerate}
195079	195117	terminal+	1	3	{GeneMark_model.5416_t;GeneMark},{Augustus_model.g4201.t1;Augustus},{GlimmerHMM_glimmerT_5063-T1;GlimmerHMM}

# EVM prediction: Mode:STANDARD S-ratio: 1.90 195428-198576 orient(+) score(8387.00) noncoding_equivalent(4420.62) raw_noncoding(5177.64) offset(757.02)
195428	196313	initial+	1	1	{GlimmerHMM_glimmerT_5064-T1;GlimmerHMM},{GeneMark_model.5417_t;GeneMark}
196314	196379	INTRON			{Augustus_model.g4202.t1;Augustus},{GeneMark_model.5417_t;GeneMark}
196380	196460	internal+	2	1	{Augustus_model.g4202.t1;Augustus},{GeneMark_model.5417_t;GeneMark}
196461	196527	INTRON			{Augustus_model.g4202.t1;Augustus},{GeneMark_model.5417_t;GeneMark}
196528	196937	internal+	2	3	{Augustus_model.g4202.t1;Augustus},{GlimmerHMM_glimmerT_5064-T1;GlimmerHMM},{GeneMark_model.5417_t;GeneMark}
196938	197001	INTRON			{Augustus_model.g4202.t1;Augustus},{GlimmerHMM_glimmerT_5064-T1;GlimmerHMM},{GeneMark_model.5417_t;GeneMark}
197002	197104	internal+	1	1	{Augustus_model.g4202.t1;Augustus},{GlimmerHMM_glimmerT_5064-T1;GlimmerHMM},{GeneMark_model.5417_t;GeneMark}
197105	197163	INTRON			{Augustus_model.g4202.t1;Augustus},{GlimmerHMM_glimmerT_5064-T1;GlimmerHMM},{GeneMark_model.5417_t;GeneMark}
197164	197374	internal+	2	2	{Augustus_model.g4202.t1;Augustus},{GlimmerHMM_glimmerT_5064-T1;GlimmerHMM},{GeneMark_model.5417_t;GeneMark}
197375	197434	INTRON			{Augustus_model.g4202.t1;Augustus},{GlimmerHMM_glimmerT_5064-T1;GlimmerHMM},{GeneMark_model.5417_t;GeneMark}
197435	197891	internal+	3	3	{Augustus_model.g4202.t1;Augustus},{GlimmerHMM_glimmerT_5064-T1;GlimmerHMM},{GeneMark_model.5417_t;GeneMark}
197892	197962	INTRON			{GlimmerHMM_glimmerT_5064-T1;GlimmerHMM}
197963	198289	internal+	1	3	{GlimmerHMM_glimmerT_5064-T1;GlimmerHMM}
198290	198351	INTRON			{Augustus_model.g4202.t1;Augustus},{GeneMark_model.5417_t;GeneMark}
198352	198576	terminal+	1	3	{Augustus_model.g4202.t1;Augustus},{GeneMark_model.5417_t;GeneMark}

# EVM prediction: Mode:STANDARD S-ratio: 2.10 199007-200318 orient(+) score(3740.00) noncoding_equivalent(1781.74) raw_noncoding(2514.87) offset(733.13)
199007	199146	initial+	1	2	{GeneMark_model.5418_t;GeneMark},{Augustus_model.g4203.t1;Augustus}
199147	199226	INTRON			{GeneMark_model.5418_t;GeneMark},{Augustus_model.g4203.t1;Augustus},{GlimmerHMM_glimmerT_5064-T1;GlimmerHMM}
199227	199351	internal+	3	1	{GeneMark_model.5418_t;GeneMark},{Augustus_model.g4203.t1;Augustus},{GlimmerHMM_glimmerT_5064-T1;GlimmerHMM}
199352	199422	INTRON			{GeneMark_model.5418_t;GeneMark},{Augustus_model.g4203.t1;Augustus},{GlimmerHMM_glimmerT_5064-T1;GlimmerHMM}
199423	199675	internal+	2	2	{GeneMark_model.5418_t;GeneMark},{Augustus_model.g4203.t1;Augustus},{GlimmerHMM_glimmerT_5064-T1;GlimmerHMM}
199676	199738	INTRON			{GeneMark_model.5418_t;GeneMark},{Augustus_model.g4203.t1;Augustus},{GlimmerHMM_glimmerT_5064-T1;GlimmerHMM}
199739	199817	internal+	3	3	{GeneMark_model.5418_t;GeneMark},{Augustus_model.g4203.t1;Augustus},{GlimmerHMM_glimmerT_5064-T1;GlimmerHMM}
199818	199895	INTRON			{GeneMark_model.5418_t;GeneMark},{Augustus_model.g4203.t1;Augustus}
199896	199910	internal+	1	3	{GeneMark_model.5418_t;GeneMark},{Augustus_model.g4203.t1;Augustus}
199911	199982	INTRON			{GeneMark_model.5418_t;GeneMark},{Augustus_model.g4203.t1;Augustus}
199983	200187	internal+	1	1	{GeneMark_model.5418_t;GeneMark},{Augustus_model.g4203.t1;Augustus}
200188	200259	INTRON			{Augustus_model.g4203.t1;Augustus}
200260	200318	terminal+	2	3	{Augustus_model.g4203.t1;Augustus}

# EVM prediction: Mode:STANDARD S-ratio: 1.37 200594-202596 orient(+) score(5462.00) noncoding_equivalent(3982.60) raw_noncoding(5478.44) offset(1495.84)
200594	200613	initial+	1	2	{Augustus_model.g4204.t1;Augustus}
200614	200681	INTRON			{Augustus_model.g4204.t1;Augustus}
200682	200725	internal+	3	1	{Augustus_model.g4204.t1;Augustus}
200726	200811	INTRON			{Augustus_model.g4204.t1;Augustus}
200812	200954	internal+	2	3	{GeneMark_model.5418_t;GeneMark},{Augustus_model.g4204.t1;Augustus}
200955	201079	INTRON			{GeneMark_model.5418_t;GeneMark},{Augustus_model.g4204.t1;Augustus},{GlimmerHMM_glimmerT_5064-T1;GlimmerHMM}
201080	201132	internal+	1	2	{GeneMark_model.5418_t;GeneMark},{Augustus_model.g4204.t1;Augustus},{GlimmerHMM_glimmerT_5064-T1;GlimmerHMM}
201133	201200	INTRON			{GeneMark_model.5418_t;GeneMark},{Augustus_model.g4204.t1;Augustus},{GlimmerHMM_glimmerT_5064-T1;GlimmerHMM}
201201	201248	internal+	3	2	{GeneMark_model.5418_t;GeneMark},{Augustus_model.g4204.t1;Augustus},{GlimmerHMM_glimmerT_5064-T1;GlimmerHMM}
201249	201324	INTRON			{GeneMark_model.5418_t;GeneMark},{Augustus_model.g4204.t1;Augustus},{GlimmerHMM_glimmerT_5064-T1;GlimmerHMM}
201325	201541	internal+	3	3	{GeneMark_model.5418_t;GeneMark},{Augustus_model.g4204.t1;Augustus},{GlimmerHMM_glimmerT_5064-T1;GlimmerHMM}
201542	202086	INTRON			{GeneMark_model.5418_t;GeneMark},{Augustus_model.g4204.t1;Augustus},{GlimmerHMM_glimmerT_5064-T1;GlimmerHMM}
202087	202160	internal+	1	2	{GeneMark_model.5418_t;GeneMark},{Augustus_model.g4204.t1;Augustus},{GlimmerHMM_glimmerT_5064-T1;GlimmerHMM}
202161	202225	INTRON			{GeneMark_model.5418_t;GeneMark},{Augustus_model.g4204.t1;Augustus},{GlimmerHMM_glimmerT_5064-T1;GlimmerHMM}
202226	202322	internal+	3	3	{GeneMark_model.5418_t;GeneMark},{Augustus_model.g4204.t1;Augustus},{GlimmerHMM_glimmerT_5064-T1;GlimmerHMM}
202323	202392	INTRON			{Augustus_model.g4204.t1;Augustus},{GlimmerHMM_glimmerT_5064-T1;GlimmerHMM}
202393	202596	terminal+	1	3	{Augustus_model.g4204.t1;Augustus},{GlimmerHMM_glimmerT_5064-T1;GlimmerHMM}

# EVM prediction: Mode:STANDARD S-ratio: 1.44 202909-205047 orient(+) score(5132.00) noncoding_equivalent(3562.95) raw_noncoding(4425.00) offset(862.05)
202909	203000	initial+	1	2	{GlimmerHMM_glimmerT_5065-T1;GlimmerHMM},{Augustus_model.g4205.t1;Augustus},{GeneMark_model.5419_t;GeneMark}
203001	203067	INTRON			{GlimmerHMM_glimmerT_5065-T1;GlimmerHMM},{Augustus_model.g4205.t1;Augustus},{GeneMark_model.5419_t;GeneMark}
203068	203124	internal+	3	2	{GlimmerHMM_glimmerT_5065-T1;GlimmerHMM},{Augustus_model.g4205.t1;Augustus},{GeneMark_model.5419_t;GeneMark}
203125	203197	INTRON			{GlimmerHMM_glimmerT_5065-T1;GlimmerHMM},{Augustus_model.g4205.t1;Augustus},{GeneMark_model.5419_t;GeneMark}
203198	203489	internal+	3	3	{Augustus_model.g4205.t1;Augustus},{GeneMark_model.5419_t;GeneMark}
203490	203558	INTRON			{Augustus_model.g4205.t1;Augustus},{GeneMark_model.5419_t;GeneMark}
203559	203572	internal+	1	2	{Augustus_model.g4205.t1;Augustus},{GeneMark_model.5419_t;GeneMark}
203573	203640	INTRON			{Augustus_model.g4205.t1;Augustus},{GeneMark_model.5419_t;GeneMark}
203641	203823	internal+	3	2	{Augustus_model.g4205.t1;Augustus},{GeneMark_model.5419_t;GeneMark}
203824	203885	INTRON			{Augustus_model.g4205.t1;Augustus},{GeneMark_model.5419_t;GeneMark}
203886	204129	internal+	3	3	{Augustus_model.g4205.t1;Augustus},{GeneMark_model.5419_t;GeneMark}
204130	204191	INTRON			{Augustus_model.g4205.t1;Augustus},{GeneMark_model.5419_t;GeneMark}
204192	204806	internal+	1	3	{GeneMark_model.5419_t;GeneMark}
204807	204873	INTRON			{GeneMark_model.5419_t;GeneMark}
204874	205047	terminal+	1	3	{Augustus_model.g4205.t1;Augustus},{GeneMark_model.5419_t;GeneMark}

# EVM prediction: Mode:STANDARD S-ratio: 39.54 205080-206204 orient(-) score(4389.00) noncoding_equivalent(111.00) raw_noncoding(111.00) offset(0.00)
206204	205080	single-	4	6	{GlimmerHMM_glimmerT_5066-T1;GlimmerHMM}

# EVM prediction: Mode:STANDARD S-ratio: 2.01 206642-208755 orient(+) score(5607.00) noncoding_equivalent(2787.55) raw_noncoding(3017.00) offset(229.45)
206642	206828	initial+	1	1	{Augustus_model.g4207.t1;Augustus},{GlimmerHMM_glimmerT_5067-T1;GlimmerHMM}
206829	206859	INTRON			{GlimmerHMM_glimmerT_5067-T1;GlimmerHMM}
206860	208546	internal+	2	2	{GeneMark_model.5421_t;GeneMark}
208547	208625	INTRON			{GeneMark_model.5421_t;GeneMark},{Augustus_model.g4207.t1;Augustus}
208626	208755	terminal+	3	3	{GeneMark_model.5421_t;GeneMark},{Augustus_model.g4207.t1;Augustus},{GlimmerHMM_glimmerT_5067-T1;GlimmerHMM}

# EVM prediction: Mode:STANDARD S-ratio: 3.45 209286-211166 orient(+) score(7330.00) noncoding_equivalent(2124.57) raw_noncoding(2766.11) offset(641.54)
209286	209411	initial+	1	3	{GeneMark_model.5422_t;GeneMark},{Augustus_model.g4208.t1;Augustus},{GlimmerHMM_glimmerT_5068-T1;GlimmerHMM}
209412	209512	INTRON			{GeneMark_model.5422_t;GeneMark},{Augustus_model.g4208.t1;Augustus},{GlimmerHMM_glimmerT_5068-T1;GlimmerHMM},{ev_type:exonerate/ID=match.2566964.3849/Target=lcl|KQ954523_1_prot_KWU41834_1_5787;exonerate}
209513	209606	internal+	1	1	{GeneMark_model.5422_t;GeneMark},{Augustus_model.g4208.t1;Augustus},{GlimmerHMM_glimmerT_5068-T1;GlimmerHMM}
209607	209672	INTRON			{GeneMark_model.5422_t;GeneMark},{Augustus_model.g4208.t1;Augustus}
209673	209687	internal+	2	1	{GeneMark_model.5422_t;GeneMark},{Augustus_model.g4208.t1;Augustus}
209688	209748	INTRON			{GeneMark_model.5422_t;GeneMark},{Augustus_model.g4208.t1;Augustus}
209749	209824	internal+	2	2	{GeneMark_model.5422_t;GeneMark},{Augustus_model.g4208.t1;Augustus},{GlimmerHMM_glimmerT_5068-T1;GlimmerHMM}
209825	209882	INTRON			{GeneMark_model.5422_t;GeneMark},{Augustus_model.g4208.t1;Augustus},{GlimmerHMM_glimmerT_5068-T1;GlimmerHMM},{ev_type:exonerate/ID=match.2566964.3849/Target=lcl|KQ954523_1_prot_KWU41834_1_5787;exonerate}
209883	210043	internal+	3	1	{GeneMark_model.5422_t;GeneMark},{Augustus_model.g4208.t1;Augustus},{GlimmerHMM_glimmerT_5068-T1;GlimmerHMM},{ev_type:exonerate/ID=match.2566964.3849/Target=lcl|KQ954523_1_prot_KWU41834_1_5787;exonerate}
210044	210121	INTRON			{GeneMark_model.5422_t;GeneMark},{Augustus_model.g4208.t1;Augustus},{GlimmerHMM_glimmerT_5068-T1;GlimmerHMM},{ev_type:exonerate/ID=match.2566964.3849/Target=lcl|KQ954523_1_prot_KWU41834_1_5787;exonerate}
210122	210387	internal+	2	3	{GeneMark_model.5422_t;GeneMark},{Augustus_model.g4208.t1;Augustus},{GlimmerHMM_glimmerT_5068-T1;GlimmerHMM},{ev_type:exonerate/ID=match.2566964.3849/Target=lcl|KQ954523_1_prot_KWU41834_1_5787;exonerate}
210388	210446	INTRON			{GeneMark_model.5422_t;GeneMark},{Augustus_model.g4208.t1;Augustus},{GlimmerHMM_glimmerT_5068-T1;GlimmerHMM},{ev_type:exonerate/ID=match.2566964.3849/Target=lcl|KQ954523_1_prot_KWU41834_1_5787;exonerate}
210447	210469	internal+	1	2	{GeneMark_model.5422_t;GeneMark},{Augustus_model.g4208.t1;Augustus},{GlimmerHMM_glimmerT_5068-T1;GlimmerHMM},{ev_type:exonerate/ID=match.2566964.3849/Target=lcl|KQ954523_1_prot_KWU41834_1_5787;exonerate}
210470	210538	INTRON			{GeneMark_model.5422_t;GeneMark},{Augustus_model.g4208.t1;Augustus},{GlimmerHMM_glimmerT_5068-T1;GlimmerHMM},{ev_type:exonerate/ID=match.2566964.3849/Target=lcl|KQ954523_1_prot_KWU41834_1_5787;exonerate}
210539	211166	terminal+	3	3	{GeneMark_model.5422_t;GeneMark},{snap_scaffold_13-snap.87-T1;snap}

# EVM prediction: Mode:STANDARD S-ratio: 19.57 211557-212941 orient(+) score(5077.00) noncoding_equivalent(259.41) raw_noncoding(525.02) offset(265.61)
211557	211595	initial+	1	3	{GeneMark_model.5423_t;GeneMark}
211596	211693	INTRON			{GeneMark_model.5423_t;GeneMark}
211694	212941	terminal+	1	3	{GeneMark_model.5423_t;GeneMark}

# EVM prediction: Mode:STANDARD S-ratio: 3.34 213013-216419 orient(-) score(11076.00) noncoding_equivalent(3320.80) raw_noncoding(3689.00) offset(368.20)
213476	213013	terminal-	5	6	{Augustus_model.g4209.t1;Augustus},{GlimmerHMM_glimmerT_5069-T1;GlimmerHMM},{GeneMark_model.5424_t;GeneMark}
213540	213477	INTRON			{Augustus_model.g4209.t1;Augustus},{GeneMark_model.5424_t;GeneMark}
213618	213541	internal-	5	4	{Augustus_model.g4209.t1;Augustus},{GeneMark_model.5424_t;GeneMark}
213678	213619	INTRON			{Augustus_model.g4209.t1;Augustus},{GeneMark_model.5424_t;GeneMark}
214207	213679	internal-	4	4	{Augustus_model.g4209.t1;Augustus},{GlimmerHMM_glimmerT_5069-T1;GlimmerHMM},{GeneMark_model.5424_t;GeneMark}
214270	214208	INTRON			{Augustus_model.g4209.t1;Augustus},{GlimmerHMM_glimmerT_5069-T1;GlimmerHMM},{GeneMark_model.5424_t;GeneMark}
214425	214271	internal-	5	6	{Augustus_model.g4209.t1;Augustus},{GlimmerHMM_glimmerT_5069-T1;GlimmerHMM},{GeneMark_model.5424_t;GeneMark}
214496	214426	INTRON			{Augustus_model.g4209.t1;Augustus},{snap_scaffold_13-snap.89-T1;snap},{GlimmerHMM_glimmerT_5069-T1;GlimmerHMM},{GeneMark_model.5424_t;GeneMark}
214710	214497	internal-	4	4	{Augustus_model.g4209.t1;Augustus},{GlimmerHMM_glimmerT_5069-T1;GlimmerHMM},{GeneMark_model.5424_t;GeneMark}
214775	214711	INTRON			{Augustus_model.g4209.t1;Augustus},{GlimmerHMM_glimmerT_5069-T1;GlimmerHMM},{GeneMark_model.5424_t;GeneMark}
214874	214776	internal-	4	6	{Augustus_model.g4209.t1;Augustus},{GlimmerHMM_glimmerT_5069-T1;GlimmerHMM},{GeneMark_model.5424_t;GeneMark}
214944	214875	INTRON			{Augustus_model.g4209.t1;Augustus},{GlimmerHMM_glimmerT_5069-T1;GlimmerHMM},{GeneMark_model.5424_t;GeneMark}
215201	214945	internal-	5	6	{Augustus_model.g4209.t1;Augustus},{GlimmerHMM_glimmerT_5069-T1;GlimmerHMM},{GeneMark_model.5424_t;GeneMark}
215260	215202	INTRON			{Augustus_model.g4209.t1;Augustus},{GlimmerHMM_glimmerT_5069-T1;GlimmerHMM},{GeneMark_model.5424_t;GeneMark}
216419	215261	initial-	4	4	{GlimmerHMM_glimmerT_5069-T1;GlimmerHMM},{GeneMark_model.5424_t;GeneMark}

# EVM prediction: Mode:STANDARD S-ratio: 1.30 217681-218525 orient(+) score(2289.00) noncoding_equivalent(1761.51) raw_noncoding(2576.91) offset(815.40)
217681	217688	initial+	1	2	{Augustus_model.g4210.t1;Augustus},{GeneMark_model.5425_t;GeneMark}
217689	217886	INTRON			{Augustus_model.g4210.t1;Augustus},{GeneMark_model.5425_t;GeneMark}
217887	217907	internal+	3	2	{Augustus_model.g4210.t1;Augustus},{GlimmerHMM_glimmerT_5070-T1;GlimmerHMM},{GeneMark_model.5425_t;GeneMark}
217908	218058	INTRON			{Augustus_model.g4210.t1;Augustus},{GlimmerHMM_glimmerT_5070-T1;GlimmerHMM},{GeneMark_model.5425_t;GeneMark}
218059	218181	internal+	3	2	{Augustus_model.g4210.t1;Augustus},{GlimmerHMM_glimmerT_5070-T1;GlimmerHMM},{GeneMark_model.5425_t;GeneMark}
218182	218302	INTRON			{Augustus_model.g4210.t1;Augustus},{GlimmerHMM_glimmerT_5070-T1;GlimmerHMM},{GeneMark_model.5425_t;GeneMark}
218303	218344	internal+	3	2	{Augustus_model.g4210.t1;Augustus},{GlimmerHMM_glimmerT_5070-T1;GlimmerHMM},{GeneMark_model.5425_t;GeneMark}
218345	218415	INTRON			{Augustus_model.g4210.t1;Augustus},{GlimmerHMM_glimmerT_5070-T1;GlimmerHMM},{GeneMark_model.5425_t;GeneMark}
218416	218459	internal+	3	1	{GlimmerHMM_glimmerT_5070-T1;GlimmerHMM},{GeneMark_model.5425_t;GeneMark}
218460	218490	INTRON			{GlimmerHMM_glimmerT_5070-T1;GlimmerHMM},{GeneMark_model.5425_t;GeneMark}
218491	218525	terminal+	2	3	{GlimmerHMM_glimmerT_5070-T1;GlimmerHMM},{GeneMark_model.5425_t;GeneMark}

# EVM prediction: Mode:STANDARD S-ratio: 2.14 218667-220191 orient(-) score(4277.00) noncoding_equivalent(1996.20) raw_noncoding(2400.51) offset(404.31)
218933	218667	terminal-	4	6	{Augustus_model.g4211.t1;Augustus},{GeneMark_model.5426_t;GeneMark}
219012	218934	INTRON			{Augustus_model.g4211.t1;Augustus},{GeneMark_model.5426_t;GeneMark},{GlimmerHMM_glimmerT_5071-T1;GlimmerHMM}
219240	219013	internal-	4	6	{Augustus_model.g4211.t1;Augustus},{GeneMark_model.5426_t;GeneMark},{GlimmerHMM_glimmerT_5071-T1;GlimmerHMM}
219299	219241	INTRON			{Augustus_model.g4211.t1;Augustus},{GlimmerHMM_glimmerT_5071-T1;GlimmerHMM}
219558	219300	internal-	6	6	{Augustus_model.g4211.t1;Augustus}
219618	219559	INTRON			{Augustus_model.g4211.t1;Augustus}
219809	219619	internal-	4	5	{Augustus_model.g4211.t1;Augustus}
219872	219810	INTRON			{Augustus_model.g4211.t1;Augustus},{GeneMark_model.5426_t;GeneMark}
220088	219873	internal-	4	6	{Augustus_model.g4211.t1;Augustus},{GeneMark_model.5426_t;GeneMark}
220161	220089	INTRON			{Augustus_model.g4211.t1;Augustus},{GeneMark_model.5426_t;GeneMark},{GlimmerHMM_glimmerT_5071-T1;GlimmerHMM}
220191	220162	initial-	4	6	{Augustus_model.g4211.t1;Augustus},{GeneMark_model.5426_t;GeneMark},{GlimmerHMM_glimmerT_5071-T1;GlimmerHMM}

# EVM prediction: Mode:STANDARD S-ratio: 2.40 220622-223631 orient(+) score(12061.00) noncoding_equivalent(5021.02) raw_noncoding(7595.02) offset(2573.99)
220622	220722	initial+	1	2	{GlimmerHMM_glimmerT_5072-T1;GlimmerHMM},{Augustus_model.g4212.t1;Augustus},{GeneMark_model.5427_t;GeneMark}
220723	220796	INTRON			{GlimmerHMM_glimmerT_5072-T1;GlimmerHMM},{Augustus_model.g4212.t1;Augustus},{GeneMark_model.5427_t;GeneMark},{ev_type:exonerate/ID=match.2566964.4148/Target=lcl|PJQD01000009_1_prot_POY75990_1_6705;exonerate}
220797	220884	internal+	3	3	{GlimmerHMM_glimmerT_5072-T1;GlimmerHMM},{Augustus_model.g4212.t1;Augustus},{GeneMark_model.5427_t;GeneMark},{ev_type:exonerate/ID=match.2566964.4148/Target=lcl|PJQD01000009_1_prot_POY75990_1_6705;exonerate}
220885	220968	INTRON			{GlimmerHMM_glimmerT_5072-T1;GlimmerHMM},{Augustus_model.g4212.t1;Augustus},{GeneMark_model.5427_t;GeneMark},{ev_type:exonerate/ID=match.2566964.4148/Target=lcl|PJQD01000009_1_prot_POY75990_1_6705;exonerate}
220969	221041	internal+	1	1	{GlimmerHMM_glimmerT_5072-T1;GlimmerHMM},{Augustus_model.g4212.t1;Augustus},{GeneMark_model.5427_t;GeneMark},{ev_type:exonerate/ID=match.2566964.4148/Target=lcl|PJQD01000009_1_prot_POY75990_1_6705;exonerate}
221042	221128	INTRON			{GlimmerHMM_glimmerT_5072-T1;GlimmerHMM},{Augustus_model.g4212.t1;Augustus},{GeneMark_model.5427_t;GeneMark},{ev_type:exonerate/ID=match.2566964.4148/Target=lcl|PJQD01000009_1_prot_POY75990_1_6705;exonerate}
221129	221174	internal+	2	2	{GlimmerHMM_glimmerT_5072-T1;GlimmerHMM},{Augustus_model.g4212.t1;Augustus},{GeneMark_model.5427_t;GeneMark},{ev_type:exonerate/ID=match.2566964.4148/Target=lcl|PJQD01000009_1_prot_POY75990_1_6705;exonerate}
221175	221264	INTRON			{GlimmerHMM_glimmerT_5072-T1;GlimmerHMM},{Augustus_model.g4212.t1;Augustus},{GeneMark_model.5427_t;GeneMark},{ev_type:exonerate/ID=match.2566964.4148/Target=lcl|PJQD01000009_1_prot_POY75990_1_6705;exonerate}
221265	221514	internal+	3	3	{GlimmerHMM_glimmerT_5072-T1;GlimmerHMM},{Augustus_model.g4212.t1;Augustus},{GeneMark_model.5427_t;GeneMark}
221515	222317	INTRON			{Augustus_model.g4212.t1;Augustus},{GeneMark_model.5427_t;GeneMark}
222318	222365	internal+	1	3	{Augustus_model.g4212.t1;Augustus},{GeneMark_model.5427_t;GeneMark}
222366	222553	INTRON			{Augustus_model.g4212.t1;Augustus},{GeneMark_model.5427_t;GeneMark},{ev_type:exonerate/ID=match.2566964.4147/Target=lcl|PJQD01000009_1_prot_POY75988_1_6704;exonerate},{ev_type:exonerate/ID=match.2566964.4150/Target=lcl|KQ954523_1_prot_KWU41841_1_5794;exonerate}
222554	222634	internal+	1	3	{GlimmerHMM_glimmerT_5072-T1;GlimmerHMM},{Augustus_model.g4212.t1;Augustus},{GeneMark_model.5427_t;GeneMark},{ev_type:exonerate/ID=match.2566964.4147/Target=lcl|PJQD01000009_1_prot_POY75988_1_6704;exonerate},{ev_type:exonerate/ID=match.2566964.4150/Target=lcl|KQ954523_1_prot_KWU41841_1_5794;exonerate}
222635	222781	INTRON			{GlimmerHMM_glimmerT_5072-T1;GlimmerHMM},{Augustus_model.g4212.t1;Augustus},{GeneMark_model.5427_t;GeneMark},{ev_type:exonerate/ID=match.2566964.4147/Target=lcl|PJQD01000009_1_prot_POY75988_1_6704;exonerate},{ev_type:exonerate/ID=match.2566964.4150/Target=lcl|KQ954523_1_prot_KWU41841_1_5794;exonerate}
222782	222864	internal+	1	2	{GlimmerHMM_glimmerT_5072-T1;GlimmerHMM},{Augustus_model.g4212.t1;Augustus},{GeneMark_model.5427_t;GeneMark},{ev_type:exonerate/ID=match.2566964.4147/Target=lcl|PJQD01000009_1_prot_POY75988_1_6704;exonerate},{ev_type:exonerate/ID=match.2566964.4150/Target=lcl|KQ954523_1_prot_KWU41841_1_5794;exonerate}
222865	222969	INTRON			{GlimmerHMM_glimmerT_5072-T1;GlimmerHMM},{Augustus_model.g4212.t1;Augustus},{GeneMark_model.5427_t;GeneMark},{ev_type:exonerate/ID=match.2566964.4147/Target=lcl|PJQD01000009_1_prot_POY75988_1_6704;exonerate},{ev_type:exonerate/ID=match.2566964.4150/Target=lcl|KQ954523_1_prot_KWU41841_1_5794;exonerate}
222970	223126	internal+	3	3	{GlimmerHMM_glimmerT_5072-T1;GlimmerHMM},{Augustus_model.g4212.t1;Augustus},{GeneMark_model.5427_t;GeneMark},{ev_type:exonerate/ID=match.2566964.4147/Target=lcl|PJQD01000009_1_prot_POY75988_1_6704;exonerate},{ev_type:exonerate/ID=match.2566964.4150/Target=lcl|KQ954523_1_prot_KWU41841_1_5794;exonerate}
223127	223198	INTRON			{GlimmerHMM_glimmerT_5072-T1;GlimmerHMM},{Augustus_model.g4212.t1;Augustus},{GeneMark_model.5427_t;GeneMark},{ev_type:exonerate/ID=match.2566964.4147/Target=lcl|PJQD01000009_1_prot_POY75988_1_6704;exonerate},{ev_type:exonerate/ID=match.2566964.4150/Target=lcl|KQ954523_1_prot_KWU41841_1_5794;exonerate}
223199	223356	internal+	1	2	{GlimmerHMM_glimmerT_5072-T1;GlimmerHMM},{Augustus_model.g4212.t1;Augustus},{GeneMark_model.5427_t;GeneMark},{ev_type:exonerate/ID=match.2566964.4147/Target=lcl|PJQD01000009_1_prot_POY75988_1_6704;exonerate},{ev_type:exonerate/ID=match.2566964.4150/Target=lcl|KQ954523_1_prot_KWU41841_1_5794;exonerate}
223357	223480	INTRON			{GlimmerHMM_glimmerT_5072-T1;GlimmerHMM},{Augustus_model.g4212.t1;Augustus},{GeneMark_model.5427_t;GeneMark},{ev_type:exonerate/ID=match.2566964.4147/Target=lcl|PJQD01000009_1_prot_POY75988_1_6704;exonerate},{ev_type:exonerate/ID=match.2566964.4150/Target=lcl|KQ954523_1_prot_KWU41841_1_5794;exonerate}
223481	223631	terminal+	3	3	{GlimmerHMM_glimmerT_5072-T1;GlimmerHMM},{GeneMark_model.5427_t;GeneMark}

# EVM prediction: Mode:STANDARD S-ratio: 7.54 223932-228852 orient(+) score(26939.00) noncoding_equivalent(3572.93) raw_noncoding(3934.66) offset(361.74)
223932	224202	initial+	1	1	{GlimmerHMM_glimmerT_5073-T1;GlimmerHMM},{GeneMark_model.5428_t;GeneMark}
224203	224267	INTRON			{GlimmerHMM_glimmerT_5073-T1;GlimmerHMM},{GeneMark_model.5428_t;GeneMark},{Augustus_model.g4212.t1;Augustus},{ev_type:exonerate/ID=match.2566964.4070/Target=lcl|PJQD01000009_1_prot_POY75987_1_6703;exonerate},{ev_type:exonerate/ID=match.2566964.4071/Target=lcl|KQ954523_1_prot_KWU41842_1_5795;exonerate}
224268	224687	internal+	2	1	{GlimmerHMM_glimmerT_5073-T1;GlimmerHMM},{GeneMark_model.5428_t;GeneMark},{Augustus_model.g4212.t1;Augustus},{ev_type:exonerate/ID=match.2566964.4070/Target=lcl|PJQD01000009_1_prot_POY75987_1_6703;exonerate},{ev_type:exonerate/ID=match.2566964.4071/Target=lcl|KQ954523_1_prot_KWU41842_1_5795;exonerate}
224688	224745	INTRON			{GlimmerHMM_glimmerT_5073-T1;GlimmerHMM},{GeneMark_model.5428_t;GeneMark},{Augustus_model.g4212.t1;Augustus},{ev_type:exonerate/ID=match.2566964.4070/Target=lcl|PJQD01000009_1_prot_POY75987_1_6703;exonerate},{ev_type:exonerate/ID=match.2566964.4071/Target=lcl|KQ954523_1_prot_KWU41842_1_5795;exonerate}
224746	224955	internal+	2	1	{GlimmerHMM_glimmerT_5073-T1;GlimmerHMM},{GeneMark_model.5428_t;GeneMark},{Augustus_model.g4212.t1;Augustus},{ev_type:exonerate/ID=match.2566964.4070/Target=lcl|PJQD01000009_1_prot_POY75987_1_6703;exonerate},{ev_type:exonerate/ID=match.2566964.4071/Target=lcl|KQ954523_1_prot_KWU41842_1_5795;exonerate}
224956	225014	INTRON			{GlimmerHMM_glimmerT_5073-T1;GlimmerHMM},{GeneMark_model.5428_t;GeneMark},{Augustus_model.g4212.t1;Augustus},{snap_scaffold_13-snap.94-T1;snap},{ev_type:exonerate/ID=match.2566964.4070/Target=lcl|PJQD01000009_1_prot_POY75987_1_6703;exonerate},{ev_type:exonerate/ID=match.2566964.4071/Target=lcl|KQ954523_1_prot_KWU41842_1_5795;exonerate}
225015	226324	internal+	2	3	{GlimmerHMM_glimmerT_5073-T1;GlimmerHMM},{GeneMark_model.5428_t;GeneMark},{Augustus_model.g4212.t1;Augustus},{ev_type:exonerate/ID=match.2566964.4070/Target=lcl|PJQD01000009_1_prot_POY75987_1_6703;exonerate},{ev_type:exonerate/ID=match.2566964.4071/Target=lcl|KQ954523_1_prot_KWU41842_1_5795;exonerate}
226325	226385	INTRON			{GlimmerHMM_glimmerT_5073-T1;GlimmerHMM},{GeneMark_model.5428_t;GeneMark},{Augustus_model.g4212.t1;Augustus},{ev_type:exonerate/ID=match.2566964.4070/Target=lcl|PJQD01000009_1_prot_POY75987_1_6703;exonerate}
226386	227165	internal+	1	3	{GlimmerHMM_glimmerT_5073-T1;GlimmerHMM},{GeneMark_model.5428_t;GeneMark},{Augustus_model.g4212.t1;Augustus},{ev_type:exonerate/ID=match.2566964.4070/Target=lcl|PJQD01000009_1_prot_POY75987_1_6703;exonerate}
227166	227228	INTRON			{GlimmerHMM_glimmerT_5073-T1;GlimmerHMM},{GeneMark_model.5428_t;GeneMark},{Augustus_model.g4212.t1;Augustus},{ev_type:exonerate/ID=match.2566964.4070/Target=lcl|PJQD01000009_1_prot_POY75987_1_6703;exonerate},{ev_type:exonerate/ID=match.2566964.4071/Target=lcl|KQ954523_1_prot_KWU41842_1_5795;exonerate}
227229	227728	internal+	1	2	{GlimmerHMM_glimmerT_5073-T1;GlimmerHMM},{GeneMark_model.5428_t;GeneMark},{Augustus_model.g4212.t1;Augustus},{ev_type:exonerate/ID=match.2566964.4070/Target=lcl|PJQD01000009_1_prot_POY75987_1_6703;exonerate},{ev_type:exonerate/ID=match.2566964.4071/Target=lcl|KQ954523_1_prot_KWU41842_1_5795;exonerate}
227729	227787	INTRON			{GlimmerHMM_glimmerT_5073-T1;GlimmerHMM},{GeneMark_model.5428_t;GeneMark},{Augustus_model.g4212.t1;Augustus},{ev_type:exonerate/ID=match.2566964.4070/Target=lcl|PJQD01000009_1_prot_POY75987_1_6703;exonerate},{ev_type:exonerate/ID=match.2566964.4071/Target=lcl|KQ954523_1_prot_KWU41842_1_5795;exonerate}
227788	228035	internal+	3	1	{GlimmerHMM_glimmerT_5073-T1;GlimmerHMM},{GeneMark_model.5428_t;GeneMark},{Augustus_model.g4212.t1;Augustus},{ev_type:exonerate/ID=match.2566964.4070/Target=lcl|PJQD01000009_1_prot_POY75987_1_6703;exonerate},{ev_type:exonerate/ID=match.2566964.4071/Target=lcl|KQ954523_1_prot_KWU41842_1_5795;exonerate}
228036	228095	INTRON			{GlimmerHMM_glimmerT_5073-T1;GlimmerHMM},{GeneMark_model.5428_t;GeneMark},{Augustus_model.g4212.t1;Augustus},{ev_type:exonerate/ID=match.2566964.4070/Target=lcl|PJQD01000009_1_prot_POY75987_1_6703;exonerate},{ev_type:exonerate/ID=match.2566964.4071/Target=lcl|KQ954523_1_prot_KWU41842_1_5795;exonerate}
228096	228209	internal+	2	1	{GlimmerHMM_glimmerT_5073-T1;GlimmerHMM},{GeneMark_model.5428_t;GeneMark},{Augustus_model.g4212.t1;Augustus},{ev_type:exonerate/ID=match.2566964.4070/Target=lcl|PJQD01000009_1_prot_POY75987_1_6703;exonerate},{ev_type:exonerate/ID=match.2566964.4071/Target=lcl|KQ954523_1_prot_KWU41842_1_5795;exonerate}
228210	228291	INTRON			{GlimmerHMM_glimmerT_5073-T1;GlimmerHMM},{GeneMark_model.5428_t;GeneMark},{Augustus_model.g4212.t1;Augustus},{ev_type:exonerate/ID=match.2566964.4070/Target=lcl|PJQD01000009_1_prot_POY75987_1_6703;exonerate},{ev_type:exonerate/ID=match.2566964.4071/Target=lcl|KQ954523_1_prot_KWU41842_1_5795;exonerate}
228292	228543	internal+	2	1	{GlimmerHMM_glimmerT_5073-T1;GlimmerHMM},{GeneMark_model.5428_t;GeneMark},{Augustus_model.g4212.t1;Augustus},{ev_type:exonerate/ID=match.2566964.4070/Target=lcl|PJQD01000009_1_prot_POY75987_1_6703;exonerate},{ev_type:exonerate/ID=match.2566964.4071/Target=lcl|KQ954523_1_prot_KWU41842_1_5795;exonerate}
228544	228604	INTRON			{GlimmerHMM_glimmerT_5073-T1;GlimmerHMM},{GeneMark_model.5428_t;GeneMark},{Augustus_model.g4212.t1;Augustus},{ev_type:exonerate/ID=match.2566964.4070/Target=lcl|PJQD01000009_1_prot_POY75987_1_6703;exonerate},{ev_type:exonerate/ID=match.2566964.4071/Target=lcl|KQ954523_1_prot_KWU41842_1_5795;exonerate}
228605	228852	terminal+	2	3	{GlimmerHMM_glimmerT_5073-T1;GlimmerHMM},{GeneMark_model.5428_t;GeneMark},{Augustus_model.g4212.t1;Augustus}

# EVM prediction: Mode:STANDARD S-ratio: 2.15 229234-231542 orient(+) score(6219.00) noncoding_equivalent(2892.16) raw_noncoding(3569.00) offset(676.84)
229234	229659	initial+	1	3	{Augustus_model.g4213.t1;Augustus}
229660	229738	INTRON			{Augustus_model.g4213.t1;Augustus},{GeneMark_model.5429_t;GeneMark}
229739	230144	internal+	1	1	{Augustus_model.g4213.t1;Augustus},{GeneMark_model.5429_t;GeneMark}
230145	230203	INTRON			{Augustus_model.g4213.t1;Augustus},{GeneMark_model.5429_t;GeneMark}
230204	230420	internal+	2	2	{Augustus_model.g4213.t1;Augustus},{GeneMark_model.5429_t;GeneMark}
230421	230485	INTRON			{Augustus_model.g4213.t1;Augustus},{GeneMark_model.5429_t;GeneMark}
230486	230771	internal+	3	3	{Augustus_model.g4213.t1;Augustus}
230772	230833	INTRON			{Augustus_model.g4213.t1;Augustus}
230834	231026	internal+	1	1	{Augustus_model.g4213.t1;Augustus}
231027	231094	INTRON			{Augustus_model.g4213.t1;Augustus},{GeneMark_model.5429_t;GeneMark}
231095	231138	internal+	2	3	{Augustus_model.g4213.t1;Augustus},{GeneMark_model.5429_t;GeneMark}
231139	231194	INTRON			{Augustus_model.g4213.t1;Augustus},{GeneMark_model.5429_t;GeneMark}
231195	231542	terminal+	1	3	{Augustus_model.g4213.t1;Augustus},{GeneMark_model.5429_t;GeneMark},{snap_scaffold_13-snap.98-T1;snap}

# EVM prediction: Mode:STANDARD S-ratio: 3.11 231816-233464 orient(+) score(5568.00) noncoding_equivalent(1792.00) raw_noncoding(2120.00) offset(328.00)
231816	232202	initial+	1	3	{GlimmerHMM_glimmerT_5076-T1;GlimmerHMM},{GeneMark_model.5430_t;GeneMark}
232203	232286	INTRON			{Augustus_model.g4214.t1;Augustus},{GlimmerHMM_glimmerT_5076-T1;GlimmerHMM},{GeneMark_model.5430_t;GeneMark}
232287	232589	internal+	1	3	{Augustus_model.g4214.t1;Augustus},{GlimmerHMM_glimmerT_5076-T1;GlimmerHMM},{GeneMark_model.5430_t;GeneMark}
232590	232649	INTRON			{Augustus_model.g4214.t1;Augustus},{GlimmerHMM_glimmerT_5076-T1;GlimmerHMM},{GeneMark_model.5430_t;GeneMark}
232650	232738	internal+	1	2	{Augustus_model.g4214.t1;Augustus},{GlimmerHMM_glimmerT_5076-T1;GlimmerHMM},{GeneMark_model.5430_t;GeneMark}
232739	232807	INTRON			{Augustus_model.g4214.t1;Augustus},{GlimmerHMM_glimmerT_5076-T1;GlimmerHMM},{GeneMark_model.5430_t;GeneMark}
232808	233006	internal+	3	3	{Augustus_model.g4214.t1;Augustus},{GlimmerHMM_glimmerT_5076-T1;GlimmerHMM},{GeneMark_model.5430_t;GeneMark}
233007	233066	INTRON			{Augustus_model.g4214.t1;Augustus},{GlimmerHMM_glimmerT_5076-T1;GlimmerHMM},{GeneMark_model.5430_t;GeneMark}
233067	233147	internal+	1	3	{Augustus_model.g4214.t1;Augustus},{GlimmerHMM_glimmerT_5076-T1;GlimmerHMM},{GeneMark_model.5430_t;GeneMark}
233148	233207	INTRON			{Augustus_model.g4214.t1;Augustus},{GlimmerHMM_glimmerT_5076-T1;GlimmerHMM},{GeneMark_model.5430_t;GeneMark}
233208	233346	internal+	1	1	{Augustus_model.g4214.t1;Augustus},{GlimmerHMM_glimmerT_5076-T1;GlimmerHMM},{GeneMark_model.5430_t;GeneMark}
233347	233408	INTRON			{Augustus_model.g4214.t1;Augustus},{GlimmerHMM_glimmerT_5076-T1;GlimmerHMM},{GeneMark_model.5430_t;GeneMark}
233409	233464	terminal+	2	3	{Augustus_model.g4214.t1;Augustus},{GlimmerHMM_glimmerT_5076-T1;GlimmerHMM},{GeneMark_model.5430_t;GeneMark}

# EVM prediction: Mode:STANDARD S-ratio: 1.15 234441-235283 orient(+) score(1673.00) noncoding_equivalent(1453.09) raw_noncoding(1823.72) offset(370.63)
234441	234595	initial+	1	2	{GeneMark_model.5431_t;GeneMark}
234596	234656	INTRON			{GeneMark_model.5431_t;GeneMark}
234657	234718	internal+	3	1	{GeneMark_model.5431_t;GeneMark}
234719	234783	INTRON			{GeneMark_model.5431_t;GeneMark}
234784	235283	terminal+	2	3	{GeneMark_model.5431_t;GeneMark}

# EVM prediction: Mode:STANDARD S-ratio: 2.87 235402-238597 orient(-) score(10185.00) noncoding_equivalent(3550.90) raw_noncoding(4141.57) offset(590.67)
236712	235402	terminal-	4	6	{GeneMark_model.5432_t;GeneMark}
236786	236713	INTRON			{GeneMark_model.5432_t;GeneMark},{Augustus_model.g4216.t1;Augustus},{GlimmerHMM_glimmerT_5078-T1;GlimmerHMM}
237248	236787	internal-	4	6	{GeneMark_model.5432_t;GeneMark},{Augustus_model.g4216.t1;Augustus},{GlimmerHMM_glimmerT_5078-T1;GlimmerHMM}
237309	237249	INTRON			{GeneMark_model.5432_t;GeneMark},{Augustus_model.g4216.t1;Augustus},{GlimmerHMM_glimmerT_5078-T1;GlimmerHMM}
237438	237310	internal-	4	6	{GeneMark_model.5432_t;GeneMark},{Augustus_model.g4216.t1;Augustus},{GlimmerHMM_glimmerT_5078-T1;GlimmerHMM}
237500	237439	INTRON			{GeneMark_model.5432_t;GeneMark},{Augustus_model.g4216.t1;Augustus},{GlimmerHMM_glimmerT_5078-T1;GlimmerHMM}
237810	237501	internal-	6	6	{GeneMark_model.5432_t;GeneMark},{Augustus_model.g4216.t1;Augustus},{GlimmerHMM_glimmerT_5078-T1;GlimmerHMM}
237920	237811	INTRON			{GeneMark_model.5432_t;GeneMark},{Augustus_model.g4216.t1;Augustus},{GlimmerHMM_glimmerT_5078-T1;GlimmerHMM}
238024	237921	internal-	4	5	{GeneMark_model.5432_t;GeneMark},{Augustus_model.g4216.t1;Augustus},{GlimmerHMM_glimmerT_5078-T1;GlimmerHMM}
238110	238025	INTRON			{GeneMark_model.5432_t;GeneMark},{Augustus_model.g4216.t1;Augustus},{GlimmerHMM_glimmerT_5078-T1;GlimmerHMM}
238298	238111	internal-	5	6	{GeneMark_model.5432_t;GeneMark},{Augustus_model.g4216.t1;Augustus},{GlimmerHMM_glimmerT_5078-T1;GlimmerHMM}
238400	238299	INTRON			{GeneMark_model.5432_t;GeneMark},{Augustus_model.g4216.t1;Augustus},{GlimmerHMM_glimmerT_5078-T1;GlimmerHMM}
238514	238401	internal-	5	4	{GeneMark_model.5432_t;GeneMark},{Augustus_model.g4216.t1;Augustus},{GlimmerHMM_glimmerT_5078-T1;GlimmerHMM}
238575	238515	INTRON			{GeneMark_model.5432_t;GeneMark},{Augustus_model.g4216.t1;Augustus}
238597	238576	initial-	4	4	{GeneMark_model.5432_t;GeneMark},{Augustus_model.g4216.t1;Augustus}

# EVM prediction: Mode:STANDARD S-ratio: 3.94 239036-240100 orient(+) score(3510.00) noncoding_equivalent(890.00) raw_noncoding(918.00) offset(28.00)
239036	239524	initial+	1	3	{GeneMark_model.5433_t;GeneMark},{Augustus_model.g4217.t1;Augustus},{GlimmerHMM_glimmerT_5079-T1;GlimmerHMM}
239525	239596	INTRON			{GeneMark_model.5433_t;GeneMark},{Augustus_model.g4217.t1;Augustus},{GlimmerHMM_glimmerT_5079-T1;GlimmerHMM}
239597	240100	terminal+	1	3	{GeneMark_model.5433_t;GeneMark},{Augustus_model.g4217.t1;Augustus},{GlimmerHMM_glimmerT_5079-T1;GlimmerHMM}

# EVM prediction: Mode:STANDARD S-ratio: 2.33 240226-241444 orient(-) score(3618.00) noncoding_equivalent(1555.08) raw_noncoding(1709.08) offset(154.00)
240295	240226	terminal-	6	6	{GlimmerHMM_glimmerT_5080-T1;GlimmerHMM},{Augustus_model.g4218.t1;Augustus},{GeneMark_model.5434_t;GeneMark}
240372	240296	INTRON			{GlimmerHMM_glimmerT_5080-T1;GlimmerHMM},{Augustus_model.g4218.t1;Augustus},{GeneMark_model.5434_t;GeneMark}
240554	240373	internal-	4	5	{GlimmerHMM_glimmerT_5080-T1;GlimmerHMM},{Augustus_model.g4218.t1;Augustus},{GeneMark_model.5434_t;GeneMark}
240631	240555	INTRON			{GlimmerHMM_glimmerT_5080-T1;GlimmerHMM},{Augustus_model.g4218.t1;Augustus},{GeneMark_model.5434_t;GeneMark}
241444	240632	initial-	4	6	{GlimmerHMM_glimmerT_5080-T1;GlimmerHMM},{GeneMark_model.5434_t;GeneMark}

# EVM prediction: Mode:STANDARD S-ratio: 2.44 241598-242373 orient(-) score(2292.00) noncoding_equivalent(938.84) raw_noncoding(1413.78) offset(474.94)
241677	241598	terminal-	5	6	{GlimmerHMM_glimmerT_5081-T1;GlimmerHMM},{GeneMark_model.5435_t;GeneMark}
241745	241678	INTRON			{Augustus_model.g4218.t1;Augustus},{GlimmerHMM_glimmerT_5081-T1;GlimmerHMM},{GeneMark_model.5435_t;GeneMark}
241854	241746	internal-	4	4	{Augustus_model.g4218.t1;Augustus},{GlimmerHMM_glimmerT_5081-T1;GlimmerHMM},{GeneMark_model.5435_t;GeneMark}
241925	241855	INTRON			{Augustus_model.g4218.t1;Augustus},{GeneMark_model.5435_t;GeneMark}
241961	241926	internal-	4	6	{Augustus_model.g4218.t1;Augustus},{GeneMark_model.5435_t;GeneMark}
242040	241962	INTRON			{Augustus_model.g4218.t1;Augustus},{GeneMark_model.5435_t;GeneMark}
242296	242041	internal-	6	6	{Augustus_model.g4218.t1;Augustus},{GlimmerHMM_glimmerT_5081-T1;GlimmerHMM},{GeneMark_model.5435_t;GeneMark}
242362	242297	INTRON			{Augustus_model.g4218.t1;Augustus},{GeneMark_model.5435_t;GeneMark}
242373	242363	initial-	4	5	{GeneMark_model.5435_t;GeneMark}

# EVM prediction: Mode:STANDARD S-ratio: 1.55 242441-242780 orient(-) score(915.00) noncoding_equivalent(591.32) raw_noncoding(810.88) offset(219.55)
242474	242441	terminal-	6	6	{GeneMark_model.5436_t;GeneMark}
242544	242475	INTRON			{GeneMark_model.5436_t;GeneMark},{Augustus_model.g4218.t1;Augustus}
242640	242545	internal-	6	5	{GeneMark_model.5436_t;GeneMark},{Augustus_model.g4218.t1;Augustus},{GlimmerHMM_glimmerT_5081-T1;GlimmerHMM}
242715	242641	INTRON			{GeneMark_model.5436_t;GeneMark},{Augustus_model.g4218.t1;Augustus},{GlimmerHMM_glimmerT_5081-T1;GlimmerHMM}
242780	242716	initial-	4	5	{GeneMark_model.5436_t;GeneMark},{Augustus_model.g4218.t1;Augustus}

# EVM prediction: Mode:STANDARD S-ratio: 2.96 243278-243913 orient(-) score(1901.00) noncoding_equivalent(643.03) raw_noncoding(643.03) offset(0.00)
243913	243278	single-	4	6	{Augustus_model.g4219.t1;Augustus},{GeneMark_model.5437_t;GeneMark}

# EVM prediction: Mode:STANDARD S-ratio: 4.61 244207-250685 orient(+) score(22173.00) noncoding_equivalent(4812.44) raw_noncoding(5573.19) offset(760.75)
244207	244330	initial+	1	1	{GeneMark_model.5438_t;GeneMark}
244331	244394	INTRON			{GeneMark_model.5438_t;GeneMark}
244395	244534	internal+	2	3	{Augustus_model.g4220.t1;Augustus},{GeneMark_model.5438_t;GeneMark}
244535	244596	INTRON			{Augustus_model.g4220.t1;Augustus},{GeneMark_model.5438_t;GeneMark},{GlimmerHMM_glimmerT_5082-T1;GlimmerHMM}
244597	244860	internal+	1	3	{Augustus_model.g4220.t1;Augustus},{GeneMark_model.5438_t;GeneMark},{GlimmerHMM_glimmerT_5082-T1;GlimmerHMM}
244861	244922	INTRON			{Augustus_model.g4220.t1;Augustus},{GeneMark_model.5438_t;GeneMark},{GlimmerHMM_glimmerT_5082-T1;GlimmerHMM}
244923	245228	internal+	1	3	{Augustus_model.g4220.t1;Augustus},{GeneMark_model.5438_t;GeneMark},{GlimmerHMM_glimmerT_5082-T1;GlimmerHMM}
245229	245290	INTRON			{Augustus_model.g4220.t1;Augustus},{GeneMark_model.5438_t;GeneMark},{GlimmerHMM_glimmerT_5082-T1;GlimmerHMM}
245291	247385	internal+	1	1	{Augustus_model.g4220.t1;Augustus},{GeneMark_model.5438_t;GeneMark},{GlimmerHMM_glimmerT_5082-T1;GlimmerHMM}
247386	247446	INTRON			{Augustus_model.g4220.t1;Augustus},{GeneMark_model.5438_t;GeneMark},{GlimmerHMM_glimmerT_5082-T1;GlimmerHMM}
247447	248496	internal+	2	1	{Augustus_model.g4220.t1;Augustus},{GeneMark_model.5438_t;GeneMark},{GlimmerHMM_glimmerT_5082-T1;GlimmerHMM}
248497	248554	INTRON			{Augustus_model.g4220.t1;Augustus},{GeneMark_model.5438_t;GeneMark},{GlimmerHMM_glimmerT_5082-T1;GlimmerHMM}
248555	248697	internal+	2	3	{Augustus_model.g4220.t1;Augustus},{GeneMark_model.5438_t;GeneMark},{GlimmerHMM_glimmerT_5082-T1;GlimmerHMM}
248698	248756	INTRON			{Augustus_model.g4220.t1;Augustus},{GeneMark_model.5438_t;GeneMark},{GlimmerHMM_glimmerT_5082-T1;GlimmerHMM}
248757	249422	internal+	1	3	{Augustus_model.g4220.t1;Augustus},{GeneMark_model.5438_t;GeneMark},{GlimmerHMM_glimmerT_5082-T1;GlimmerHMM}
249423	249487	INTRON			{Augustus_model.g4220.t1;Augustus},{GeneMark_model.5438_t;GeneMark},{GlimmerHMM_glimmerT_5082-T1;GlimmerHMM}
249488	249811	internal+	1	3	{Augustus_model.g4220.t1;Augustus},{GeneMark_model.5438_t;GeneMark},{GlimmerHMM_glimmerT_5082-T1;GlimmerHMM}
249812	249879	INTRON			{Augustus_model.g4220.t1;Augustus},{GeneMark_model.5438_t;GeneMark},{GlimmerHMM_glimmerT_5082-T1;GlimmerHMM}
249880	249978	internal+	1	3	{Augustus_model.g4220.t1;Augustus},{GeneMark_model.5438_t;GeneMark},{GlimmerHMM_glimmerT_5082-T1;GlimmerHMM}
249979	250033	INTRON			{Augustus_model.g4220.t1;Augustus},{GeneMark_model.5438_t;GeneMark},{GlimmerHMM_glimmerT_5082-T1;GlimmerHMM}
250034	250274	internal+	1	1	{Augustus_model.g4220.t1;Augustus},{GeneMark_model.5438_t;GeneMark},{GlimmerHMM_glimmerT_5082-T1;GlimmerHMM}
250275	250341	INTRON			{Augustus_model.g4220.t1;Augustus},{GeneMark_model.5438_t;GeneMark},{GlimmerHMM_glimmerT_5082-T1;GlimmerHMM}
250342	250685	terminal+	2	3	{Augustus_model.g4220.t1;Augustus},{GeneMark_model.5438_t;GeneMark},{GlimmerHMM_glimmerT_5082-T1;GlimmerHMM}

# EVM prediction: Mode:STANDARD S-ratio: 6.61 251279-253043 orient(+) score(8058.00) noncoding_equivalent(1219.03) raw_noncoding(1480.00) offset(260.97)
251279	251551	initial+	1	3	{Augustus_model.g4221.t1;Augustus},{GlimmerHMM_glimmerT_5083-T1;GlimmerHMM},{GeneMark_model.5439_t;GeneMark}
251552	251745	INTRON			{Augustus_model.g4221.t1;Augustus},{GlimmerHMM_glimmerT_5083-T1;GlimmerHMM},{GeneMark_model.5439_t;GeneMark},{ev_type:exonerate/ID=match.2566964.4111/Target=lcl|KQ954523_1_prot_KWU41853_1_5806;exonerate}
251746	251923	internal+	1	1	{Augustus_model.g4221.t1;Augustus},{GlimmerHMM_glimmerT_5083-T1;GlimmerHMM},{GeneMark_model.5439_t;GeneMark},{ev_type:exonerate/ID=match.2566964.4111/Target=lcl|KQ954523_1_prot_KWU41853_1_5806;exonerate}
251924	251988	INTRON			{Augustus_model.g4221.t1;Augustus},{GlimmerHMM_glimmerT_5083-T1;GlimmerHMM},{GeneMark_model.5439_t;GeneMark},{ev_type:exonerate/ID=match.2566964.4111/Target=lcl|KQ954523_1_prot_KWU41853_1_5806;exonerate}
251989	253043	terminal+	2	3	{snap_scaffold_13-snap.108-T1;snap},{Augustus_model.g4221.t1;Augustus},{GlimmerHMM_glimmerT_5083-T1;GlimmerHMM},{GeneMark_model.5439_t;GeneMark}

# EVM prediction: Mode:STANDARD S-ratio: 1.81 253604-254246 orient(+) score(1728.00) noncoding_equivalent(957.34) raw_noncoding(1197.18) offset(239.84)
253604	253803	initial+	1	2	{GeneMark_model.5440_t;GeneMark},{Augustus_model.g4222.t1;Augustus}
253804	253861	INTRON			{GeneMark_model.5440_t;GeneMark},{Augustus_model.g4222.t1;Augustus}
253862	253997	internal+	3	3	{GeneMark_model.5440_t;GeneMark},{Augustus_model.g4222.t1;Augustus}
253998	254054	INTRON			{GeneMark_model.5440_t;GeneMark},{Augustus_model.g4222.t1;Augustus}
254055	254133	internal+	1	1	{GeneMark_model.5440_t;GeneMark},{Augustus_model.g4222.t1;Augustus}
254134	254193	INTRON			{GeneMark_model.5440_t;GeneMark},{Augustus_model.g4222.t1;Augustus},{GlimmerHMM_glimmerT_5084-T1;GlimmerHMM}
254194	254246	terminal+	2	3	{GlimmerHMM_glimmerT_5084-T1;GlimmerHMM}

# EVM prediction: Mode:STANDARD S-ratio: 3.16 254616-256919 orient(-) score(7597.00) noncoding_equivalent(2403.85) raw_noncoding(2814.00) offset(410.15)
254755	254616	terminal-	5	6	{Augustus_model.g4223.t1;Augustus},{GlimmerHMM_glimmerT_5085-T1;GlimmerHMM},{GeneMark_model.5441_t;GeneMark}
254811	254756	INTRON			{Augustus_model.g4223.t1;Augustus},{GlimmerHMM_glimmerT_5085-T1;GlimmerHMM},{GeneMark_model.5441_t;GeneMark}
254893	254812	internal-	4	4	{Augustus_model.g4223.t1;Augustus},{GlimmerHMM_glimmerT_5085-T1;GlimmerHMM},{GeneMark_model.5441_t;GeneMark}
254962	254894	INTRON			{Augustus_model.g4223.t1;Augustus},{GlimmerHMM_glimmerT_5085-T1;GlimmerHMM},{GeneMark_model.5441_t;GeneMark}
255228	254963	internal-	5	6	{Augustus_model.g4223.t1;Augustus},{GlimmerHMM_glimmerT_5085-T1;GlimmerHMM},{GeneMark_model.5441_t;GeneMark}
255286	255229	INTRON			{Augustus_model.g4223.t1;Augustus},{GlimmerHMM_glimmerT_5085-T1;GlimmerHMM},{GeneMark_model.5441_t;GeneMark}
255355	255287	internal-	5	4	{Augustus_model.g4223.t1;Augustus},{GlimmerHMM_glimmerT_5085-T1;GlimmerHMM},{GeneMark_model.5441_t;GeneMark}
255421	255356	INTRON			{Augustus_model.g4223.t1;Augustus},{GlimmerHMM_glimmerT_5085-T1;GlimmerHMM},{GeneMark_model.5441_t;GeneMark}
256097	255422	internal-	4	4	{Augustus_model.g4223.t1;Augustus},{GlimmerHMM_glimmerT_5085-T1;GlimmerHMM},{GeneMark_model.5441_t;GeneMark}
256176	256098	INTRON			{Augustus_model.g4223.t1;Augustus},{GlimmerHMM_glimmerT_5085-T1;GlimmerHMM},{GeneMark_model.5441_t;GeneMark}
256831	256177	internal-	6	6	{Augustus_model.g4223.t1;Augustus},{GlimmerHMM_glimmerT_5085-T1;GlimmerHMM},{GeneMark_model.5441_t;GeneMark}
256908	256832	INTRON			{Augustus_model.g4223.t1;Augustus},{GlimmerHMM_glimmerT_5085-T1;GlimmerHMM},{GeneMark_model.5441_t;GeneMark}
256919	256909	initial-	4	5	{Augustus_model.g4223.t1;Augustus},{GlimmerHMM_glimmerT_5085-T1;GlimmerHMM},{GeneMark_model.5441_t;GeneMark}

# EVM prediction: Mode:STANDARD S-ratio: 1.65 257413-258530 orient(-) score(2567.00) noncoding_equivalent(1558.01) raw_noncoding(3683.74) offset(2125.73)
257459	257413	terminal-	5	6	{GlimmerHMM_glimmerT_5086-T1;GlimmerHMM},{Augustus_model.g4224.t1;Augustus},{GeneMark_model.5442_t;GeneMark}
257526	257460	INTRON			{GlimmerHMM_glimmerT_5086-T1;GlimmerHMM},{Augustus_model.g4224.t1;Augustus},{GeneMark_model.5442_t;GeneMark},{ev_type:exonerate/ID=match.2566964.4214/Target=lcl|KQ954523_1_prot_KWU41858_1_5811;exonerate}
257588	257527	internal-	6	4	{GlimmerHMM_glimmerT_5086-T1;GlimmerHMM},{Augustus_model.g4224.t1;Augustus},{GeneMark_model.5442_t;GeneMark},{ev_type:exonerate/ID=match.2566964.4214/Target=lcl|KQ954523_1_prot_KWU41858_1_5811;exonerate}
257667	257589	INTRON			{GlimmerHMM_glimmerT_5086-T1;GlimmerHMM},{Augustus_model.g4224.t1;Augustus},{GeneMark_model.5442_t;GeneMark},{ev_type:exonerate/ID=match.2566964.4214/Target=lcl|KQ954523_1_prot_KWU41858_1_5811;exonerate}
257758	257668	internal-	5	5	{GlimmerHMM_glimmerT_5086-T1;GlimmerHMM},{Augustus_model.g4224.t1;Augustus},{GeneMark_model.5442_t;GeneMark},{ev_type:exonerate/ID=match.2566964.4214/Target=lcl|KQ954523_1_prot_KWU41858_1_5811;exonerate}
257835	257759	INTRON			{GlimmerHMM_glimmerT_5086-T1;GlimmerHMM},{Augustus_model.g4224.t1;Augustus},{GeneMark_model.5442_t;GeneMark},{ev_type:exonerate/ID=match.2566964.4214/Target=lcl|KQ954523_1_prot_KWU41858_1_5811;exonerate}
257896	257836	internal-	4	4	{GlimmerHMM_glimmerT_5086-T1;GlimmerHMM},{Augustus_model.g4224.t1;Augustus},{GeneMark_model.5442_t;GeneMark}
258527	257897	INTRON			{GeneMark_model.5442_t;GeneMark}
258530	258528	initial-	4	6	{GeneMark_model.5442_t;GeneMark}

# EVM prediction: Mode:STANDARD S-ratio: 1.17 259131-260437 orient(-) score(2609.00) noncoding_equivalent(2221.05) raw_noncoding(3707.60) offset(1486.55)
259136	259131	terminal-	4	6	{GeneMark_model.5443_t;GeneMark}
259199	259137	INTRON			{GeneMark_model.5443_t;GeneMark}
259268	259200	internal-	4	6	{Augustus_model.g4224.t1;Augustus},{GeneMark_model.5443_t;GeneMark}
259349	259269	INTRON			{Augustus_model.g4224.t1;Augustus},{GeneMark_model.5443_t;GeneMark}
259448	259350	internal-	4	6	{Augustus_model.g4224.t1;Augustus},{GeneMark_model.5443_t;GeneMark}
259537	259449	INTRON			{Augustus_model.g4224.t1;Augustus},{GeneMark_model.5443_t;GeneMark}
259621	259538	internal-	4	6	{GlimmerHMM_glimmerT_5086-T1;GlimmerHMM},{GeneMark_model.5443_t;GeneMark}
259691	259622	INTRON			{GeneMark_model.5443_t;GeneMark}
259828	259692	internal-	5	6	{GeneMark_model.5443_t;GeneMark}
259887	259829	INTRON			{Augustus_model.g4224.t1;Augustus},{GeneMark_model.5443_t;GeneMark}
259936	259888	internal-	4	4	{Augustus_model.g4224.t1;Augustus},{GeneMark_model.5443_t;GeneMark}
260003	259937	INTRON			{Augustus_model.g4224.t1;Augustus},{GeneMark_model.5443_t;GeneMark}
260009	260004	internal-	4	6	{Augustus_model.g4224.t1;Augustus},{GeneMark_model.5443_t;GeneMark}
260092	260010	INTRON			{Augustus_model.g4224.t1;Augustus},{GeneMark_model.5443_t;GeneMark}
260159	260093	internal-	6	6	{GlimmerHMM_glimmerT_5086-T1;GlimmerHMM},{GeneMark_model.5443_t;GeneMark}
260228	260160	INTRON			{GeneMark_model.5443_t;GeneMark}
260285	260229	internal-	6	5	{GeneMark_model.5443_t;GeneMark}
260375	260286	INTRON			{Augustus_model.g4224.t1;Augustus},{GeneMark_model.5443_t;GeneMark}
260437	260376	initial-	4	5	{GlimmerHMM_glimmerT_5086-T1;GlimmerHMM},{Augustus_model.g4224.t1;Augustus},{GeneMark_model.5443_t;GeneMark}

# EVM prediction: Mode:STANDARD S-ratio: 3.50 261013-264277 orient(+) score(9760.00) noncoding_equivalent(2788.93) raw_noncoding(4729.00) offset(1940.07)
261013	261128	initial+	1	2	{GlimmerHMM_glimmerT_5087-T1;GlimmerHMM},{Augustus_model.g4225.t1;Augustus},{GeneMark_model.5444_t;GeneMark}
261129	261197	INTRON			{GlimmerHMM_glimmerT_5087-T1;GlimmerHMM},{Augustus_model.g4225.t1;Augustus},{GeneMark_model.5444_t;GeneMark}
261198	261849	internal+	3	3	{GlimmerHMM_glimmerT_5087-T1;GlimmerHMM},{Augustus_model.g4225.t1;Augustus},{GeneMark_model.5444_t;GeneMark}
261850	261939	INTRON			{GlimmerHMM_glimmerT_5087-T1;GlimmerHMM},{Augustus_model.g4225.t1;Augustus},{GeneMark_model.5444_t;GeneMark}
261940	262310	internal+	1	2	{Augustus_model.g4225.t1;Augustus}
262311	262855	INTRON			{Augustus_model.g4225.t1;Augustus}
262856	262971	internal+	3	1	{Augustus_model.g4225.t1;Augustus},{GeneMark_model.5444_t;GeneMark}
262972	263041	INTRON			{Augustus_model.g4225.t1;Augustus},{GeneMark_model.5444_t;GeneMark},{snap_scaffold_13-snap.111-T1;snap}
263042	263453	internal+	2	2	{Augustus_model.g4225.t1;Augustus},{GeneMark_model.5444_t;GeneMark},{GlimmerHMM_glimmerT_5088-T1;GlimmerHMM}
263454	263523	INTRON			{Augustus_model.g4225.t1;Augustus},{GeneMark_model.5444_t;GeneMark},{GlimmerHMM_glimmerT_5088-T1;GlimmerHMM}
263524	264122	internal+	3	1	{Augustus_model.g4225.t1;Augustus},{GeneMark_model.5444_t;GeneMark},{GlimmerHMM_glimmerT_5088-T1;GlimmerHMM}
264123	264185	INTRON			{Augustus_model.g4225.t1;Augustus},{GeneMark_model.5444_t;GeneMark}
264186	264277	terminal+	2	3	{Augustus_model.g4225.t1;Augustus},{GeneMark_model.5444_t;GeneMark}

# EVM prediction: Mode:STANDARD S-ratio: 3.91 264363-268927 orient(-) score(15406.00) noncoding_equivalent(3941.69) raw_noncoding(4794.09) offset(852.40)
264595	264363	terminal-	5	6	{GlimmerHMM_glimmerT_5089-T1;GlimmerHMM},{Augustus_model.g4226.t1;Augustus},{GeneMark_model.5445_t;GeneMark}
264659	264596	INTRON			{GlimmerHMM_glimmerT_5089-T1;GlimmerHMM},{Augustus_model.g4226.t1;Augustus},{GeneMark_model.5445_t;GeneMark}
264899	264660	internal-	5	4	{GlimmerHMM_glimmerT_5089-T1;GlimmerHMM},{Augustus_model.g4226.t1;Augustus},{GeneMark_model.5445_t;GeneMark}
264967	264900	INTRON			{GlimmerHMM_glimmerT_5089-T1;GlimmerHMM},{Augustus_model.g4226.t1;Augustus},{GeneMark_model.5445_t;GeneMark}
265074	264968	internal-	6	4	{GlimmerHMM_glimmerT_5089-T1;GlimmerHMM},{GeneMark_model.5445_t;GeneMark}
265111	265075	INTRON			{GlimmerHMM_glimmerT_5089-T1;GlimmerHMM}
265257	265112	internal-	4	5	{GlimmerHMM_glimmerT_5089-T1;GlimmerHMM}
265320	265258	INTRON			{GlimmerHMM_glimmerT_5089-T1;GlimmerHMM},{Augustus_model.g4226.t1;Augustus},{GeneMark_model.5445_t;GeneMark}
265480	265321	internal-	6	6	{GlimmerHMM_glimmerT_5089-T1;GlimmerHMM},{Augustus_model.g4226.t1;Augustus},{GeneMark_model.5445_t;GeneMark}
265540	265481	INTRON			{GlimmerHMM_glimmerT_5089-T1;GlimmerHMM},{Augustus_model.g4226.t1;Augustus},{GeneMark_model.5445_t;GeneMark}
265769	265541	internal-	5	5	{GlimmerHMM_glimmerT_5089-T1;GlimmerHMM},{Augustus_model.g4226.t1;Augustus},{GeneMark_model.5445_t;GeneMark}
265835	265770	INTRON			{GlimmerHMM_glimmerT_5089-T1;GlimmerHMM},{Augustus_model.g4226.t1;Augustus},{GeneMark_model.5445_t;GeneMark}
266076	265836	internal-	4	4	{GlimmerHMM_glimmerT_5089-T1;GlimmerHMM},{Augustus_model.g4226.t1;Augustus},{GeneMark_model.5445_t;GeneMark}
266144	266077	INTRON			{GlimmerHMM_glimmerT_5089-T1;GlimmerHMM},{Augustus_model.g4226.t1;Augustus},{GeneMark_model.5445_t;GeneMark}
266284	266145	internal-	5	6	{GlimmerHMM_glimmerT_5089-T1;GlimmerHMM},{Augustus_model.g4226.t1;Augustus},{GeneMark_model.5445_t;GeneMark}
266347	266285	INTRON			{GlimmerHMM_glimmerT_5089-T1;GlimmerHMM},{Augustus_model.g4226.t1;Augustus},{GeneMark_model.5445_t;GeneMark}
266600	266348	internal-	4	4	{GlimmerHMM_glimmerT_5089-T1;GlimmerHMM},{Augustus_model.g4226.t1;Augustus},{GeneMark_model.5445_t;GeneMark}
266671	266601	INTRON			{GlimmerHMM_glimmerT_5089-T1;GlimmerHMM},{Augustus_model.g4226.t1;Augustus},{GeneMark_model.5445_t;GeneMark}
266775	266672	internal-	5	6	{GlimmerHMM_glimmerT_5089-T1;GlimmerHMM},{Augustus_model.g4226.t1;Augustus},{GeneMark_model.5445_t;GeneMark}
266853	266776	INTRON			{GlimmerHMM_glimmerT_5089-T1;GlimmerHMM},{Augustus_model.g4226.t1;Augustus},{GeneMark_model.5445_t;GeneMark}
267314	266854	internal-	6	4	{GlimmerHMM_glimmerT_5089-T1;GlimmerHMM},{Augustus_model.g4226.t1;Augustus},{GeneMark_model.5445_t;GeneMark}
267384	267315	INTRON			{Augustus_model.g4226.t1;Augustus},{GeneMark_model.5445_t;GeneMark}
267477	267385	internal-	6	5	{Augustus_model.g4226.t1;Augustus},{GeneMark_model.5445_t;GeneMark}
267542	267478	INTRON			{Augustus_model.g4226.t1;Augustus},{GeneMark_model.5445_t;GeneMark}
268927	267543	initial-	4	5	{GlimmerHMM_glimmerT_5089-T1;GlimmerHMM},{Augustus_model.g4226.t1;Augustus},{GeneMark_model.5445_t;GeneMark}

# EVM prediction: Mode:STANDARD S-ratio: 3.01 269575-271108 orient(+) score(4972.00) noncoding_equivalent(1651.39) raw_noncoding(2035.00) offset(383.61)
269575	269760	initial+	1	3	{Augustus_model.g4227.t1;Augustus}
269761	269834	INTRON			{Augustus_model.g4227.t1;Augustus},{GeneMark_model.5446_t;GeneMark}
269835	269914	internal+	1	2	{Augustus_model.g4227.t1;Augustus},{GeneMark_model.5446_t;GeneMark}
269915	270027	INTRON			{GlimmerHMM_glimmerT_5090-T1;GlimmerHMM},{Augustus_model.g4227.t1;Augustus},{GeneMark_model.5446_t;GeneMark}
270028	270299	internal+	3	1	{GlimmerHMM_glimmerT_5090-T1;GlimmerHMM},{Augustus_model.g4227.t1;Augustus},{GeneMark_model.5446_t;GeneMark}
270300	270366	INTRON			{GlimmerHMM_glimmerT_5090-T1;GlimmerHMM},{Augustus_model.g4227.t1;Augustus},{GeneMark_model.5446_t;GeneMark}
270367	270593	internal+	2	3	{GlimmerHMM_glimmerT_5090-T1;GlimmerHMM},{Augustus_model.g4227.t1;Augustus},{GeneMark_model.5446_t;GeneMark}
270594	270664	INTRON			{GlimmerHMM_glimmerT_5090-T1;GlimmerHMM},{Augustus_model.g4227.t1;Augustus},{GeneMark_model.5446_t;GeneMark}
270665	271108	terminal+	1	3	{GlimmerHMM_glimmerT_5090-T1;GlimmerHMM},{Augustus_model.g4227.t1;Augustus},{GeneMark_model.5446_t;GeneMark},{snap_scaffold_13-snap.115-T1;snap}

# EVM prediction: Mode:STANDARD S-ratio: 2.59 271346-272437 orient(-) score(3489.00) noncoding_equivalent(1345.73) raw_noncoding(1599.00) offset(253.27)
271598	271346	terminal-	6	6	{GlimmerHMM_glimmerT_5091-T1;GlimmerHMM},{Augustus_model.g4228.t1;Augustus},{GeneMark_model.5447_t;GeneMark}
271682	271599	INTRON			{GlimmerHMM_glimmerT_5091-T1;GlimmerHMM},{Augustus_model.g4228.t1;Augustus},{GeneMark_model.5447_t;GeneMark}
271753	271683	internal-	4	5	{GlimmerHMM_glimmerT_5091-T1;GlimmerHMM},{Augustus_model.g4228.t1;Augustus},{GeneMark_model.5447_t;GeneMark}
271829	271754	INTRON			{GlimmerHMM_glimmerT_5091-T1;GlimmerHMM},{Augustus_model.g4228.t1;Augustus},{GeneMark_model.5447_t;GeneMark}
272054	271830	internal-	4	6	{GlimmerHMM_glimmerT_5091-T1;GlimmerHMM},{Augustus_model.g4228.t1;Augustus},{GeneMark_model.5447_t;GeneMark}
272134	272055	INTRON			{GlimmerHMM_glimmerT_5091-T1;GlimmerHMM},{Augustus_model.g4228.t1;Augustus},{GeneMark_model.5447_t;GeneMark}
272437	272135	initial-	4	6	{GlimmerHMM_glimmerT_5091-T1;GlimmerHMM},{Augustus_model.g4228.t1;Augustus},{GeneMark_model.5447_t;GeneMark}

# EVM prediction: Mode:STANDARD S-ratio: 2.09 272873-274421 orient(-) score(4647.00) noncoding_equivalent(2221.11) raw_noncoding(2583.11) offset(362.00)
273171	272873	terminal-	5	6	{GlimmerHMM_glimmerT_5092-T1;GlimmerHMM},{GeneMark_model.5448_t;GeneMark},{Augustus_model.g4229.t1;Augustus}
273267	273172	INTRON			{GlimmerHMM_glimmerT_5092-T1;GlimmerHMM},{GeneMark_model.5448_t;GeneMark},{Augustus_model.g4229.t1;Augustus}
273347	273268	internal-	6	4	{GlimmerHMM_glimmerT_5092-T1;GlimmerHMM},{GeneMark_model.5448_t;GeneMark},{Augustus_model.g4229.t1;Augustus}
273412	273348	INTRON			{GlimmerHMM_glimmerT_5092-T1;GlimmerHMM},{GeneMark_model.5448_t;GeneMark},{Augustus_model.g4229.t1;Augustus}
273819	273413	internal-	4	5	{GlimmerHMM_glimmerT_5092-T1;GlimmerHMM},{GeneMark_model.5448_t;GeneMark},{Augustus_model.g4229.t1;Augustus}
273937	273820	INTRON			{GlimmerHMM_glimmerT_5092-T1;GlimmerHMM},{GeneMark_model.5448_t;GeneMark},{Augustus_model.g4229.t1;Augustus}
274149	273938	internal-	5	6	{GlimmerHMM_glimmerT_5092-T1;GlimmerHMM},{GeneMark_model.5448_t;GeneMark},{Augustus_model.g4229.t1;Augustus}
274216	274150	INTRON			{GlimmerHMM_glimmerT_5092-T1;GlimmerHMM},{GeneMark_model.5448_t;GeneMark},{Augustus_model.g4229.t1;Augustus}
274421	274217	initial-	4	4	{GlimmerHMM_glimmerT_5092-T1;GlimmerHMM},{GeneMark_model.5448_t;GeneMark},{Augustus_model.g4229.t1;Augustus}

# EVM prediction: Mode:STANDARD S-ratio: 9.08 274640-278642 orient(+) score(25540.00) noncoding_equivalent(2812.75) raw_noncoding(3377.05) offset(564.30)
274640	275362	initial+	1	3	{Augustus_model.g4230.t1;Augustus},{GeneMark_model.5449_t;GeneMark},{GlimmerHMM_glimmerT_5093-T1;GlimmerHMM}
275363	275429	INTRON			{Augustus_model.g4230.t1;Augustus},{GeneMark_model.5449_t;GeneMark},{GlimmerHMM_glimmerT_5093-T1;GlimmerHMM},{ev_type:exonerate/ID=match.2566964.2704/Target=lcl|LCTV02000010_1_prot_PRQ72167_1_1138;exonerate},{ev_type:exonerate/ID=match.2566964.2703/Target=lcl|PJQD01000009_1_prot_POY75965_1_6681;exonerate},{ev_type:exonerate/ID=match.2566964.2705/Target=lcl|KQ954490_1_prot_KWU43434_1_4219;exonerate}
275430	275543	internal+	1	3	{Augustus_model.g4230.t1;Augustus},{GeneMark_model.5449_t;GeneMark},{GlimmerHMM_glimmerT_5093-T1;GlimmerHMM},{ev_type:exonerate/ID=match.2566964.2704/Target=lcl|LCTV02000010_1_prot_PRQ72167_1_1138;exonerate},{ev_type:exonerate/ID=match.2566964.2703/Target=lcl|PJQD01000009_1_prot_POY75965_1_6681;exonerate},{ev_type:exonerate/ID=match.2566964.2705/Target=lcl|KQ954490_1_prot_KWU43434_1_4219;exonerate}
275544	275608	INTRON			{Augustus_model.g4230.t1;Augustus},{GeneMark_model.5449_t;GeneMark},{GlimmerHMM_glimmerT_5093-T1;GlimmerHMM},{ev_type:exonerate/ID=match.2566964.2704/Target=lcl|LCTV02000010_1_prot_PRQ72167_1_1138;exonerate},{ev_type:exonerate/ID=match.2566964.2703/Target=lcl|PJQD01000009_1_prot_POY75965_1_6681;exonerate},{ev_type:exonerate/ID=match.2566964.2705/Target=lcl|KQ954490_1_prot_KWU43434_1_4219;exonerate}
275609	275699	internal+	1	1	{Augustus_model.g4230.t1;Augustus},{GeneMark_model.5449_t;GeneMark},{GlimmerHMM_glimmerT_5093-T1;GlimmerHMM},{ev_type:exonerate/ID=match.2566964.2704/Target=lcl|LCTV02000010_1_prot_PRQ72167_1_1138;exonerate},{ev_type:exonerate/ID=match.2566964.2703/Target=lcl|PJQD01000009_1_prot_POY75965_1_6681;exonerate},{ev_type:exonerate/ID=match.2566964.2705/Target=lcl|KQ954490_1_prot_KWU43434_1_4219;exonerate}
275700	275761	INTRON			{Augustus_model.g4230.t1;Augustus},{GeneMark_model.5449_t;GeneMark},{GlimmerHMM_glimmerT_5093-T1;GlimmerHMM},{ev_type:exonerate/ID=match.2566964.2704/Target=lcl|LCTV02000010_1_prot_PRQ72167_1_1138;exonerate},{ev_type:exonerate/ID=match.2566964.2703/Target=lcl|PJQD01000009_1_prot_POY75965_1_6681;exonerate},{ev_type:exonerate/ID=match.2566964.2705/Target=lcl|KQ954490_1_prot_KWU43434_1_4219;exonerate}
275762	276115	internal+	2	1	{Augustus_model.g4230.t1;Augustus},{GeneMark_model.5449_t;GeneMark},{GlimmerHMM_glimmerT_5093-T1;GlimmerHMM},{ev_type:exonerate/ID=match.2566964.2703/Target=lcl|PJQD01000009_1_prot_POY75965_1_6681;exonerate},{ev_type:exonerate/ID=match.2566964.2705/Target=lcl|KQ954490_1_prot_KWU43434_1_4219;exonerate}
276116	276178	INTRON			{Augustus_model.g4230.t1;Augustus},{GeneMark_model.5449_t;GeneMark},{GlimmerHMM_glimmerT_5093-T1;GlimmerHMM},{ev_type:exonerate/ID=match.2566964.2703/Target=lcl|PJQD01000009_1_prot_POY75965_1_6681;exonerate},{ev_type:exonerate/ID=match.2566964.2705/Target=lcl|KQ954490_1_prot_KWU43434_1_4219;exonerate}
276179	277497	internal+	2	3	{Augustus_model.g4230.t1;Augustus},{GeneMark_model.5449_t;GeneMark},{GlimmerHMM_glimmerT_5093-T1;GlimmerHMM},{ev_type:exonerate/ID=match.2566964.2703/Target=lcl|PJQD01000009_1_prot_POY75965_1_6681;exonerate},{ev_type:exonerate/ID=match.2566964.2705/Target=lcl|KQ954490_1_prot_KWU43434_1_4219;exonerate}
277498	277566	INTRON			{Augustus_model.g4230.t1;Augustus},{GeneMark_model.5449_t;GeneMark},{GlimmerHMM_glimmerT_5093-T1;GlimmerHMM},{ev_type:exonerate/ID=match.2566964.2704/Target=lcl|LCTV02000010_1_prot_PRQ72167_1_1138;exonerate},{ev_type:exonerate/ID=match.2566964.2703/Target=lcl|PJQD01000009_1_prot_POY75965_1_6681;exonerate},{ev_type:exonerate/ID=match.2566964.2705/Target=lcl|KQ954490_1_prot_KWU43434_1_4219;exonerate}
277567	277932	internal+	1	3	{Augustus_model.g4230.t1;Augustus},{GeneMark_model.5449_t;GeneMark},{GlimmerHMM_glimmerT_5093-T1;GlimmerHMM},{ev_type:exonerate/ID=match.2566964.2704/Target=lcl|LCTV02000010_1_prot_PRQ72167_1_1138;exonerate},{ev_type:exonerate/ID=match.2566964.2703/Target=lcl|PJQD01000009_1_prot_POY75965_1_6681;exonerate},{ev_type:exonerate/ID=match.2566964.2705/Target=lcl|KQ954490_1_prot_KWU43434_1_4219;exonerate}
277933	278004	INTRON			{Augustus_model.g4230.t1;Augustus},{GeneMark_model.5449_t;GeneMark},{GlimmerHMM_glimmerT_5093-T1;GlimmerHMM},{ev_type:exonerate/ID=match.2566964.2704/Target=lcl|LCTV02000010_1_prot_PRQ72167_1_1138;exonerate},{ev_type:exonerate/ID=match.2566964.2703/Target=lcl|PJQD01000009_1_prot_POY75965_1_6681;exonerate},{ev_type:exonerate/ID=match.2566964.2705/Target=lcl|KQ954490_1_prot_KWU43434_1_4219;exonerate}
278005	278119	internal+	1	1	{Augustus_model.g4230.t1;Augustus},{GeneMark_model.5449_t;GeneMark},{GlimmerHMM_glimmerT_5093-T1;GlimmerHMM},{ev_type:exonerate/ID=match.2566964.2704/Target=lcl|LCTV02000010_1_prot_PRQ72167_1_1138;exonerate},{ev_type:exonerate/ID=match.2566964.2703/Target=lcl|PJQD01000009_1_prot_POY75965_1_6681;exonerate},{ev_type:exonerate/ID=match.2566964.2705/Target=lcl|KQ954490_1_prot_KWU43434_1_4219;exonerate}
278120	278181	INTRON			{Augustus_model.g4230.t1;Augustus},{GeneMark_model.5449_t;GeneMark},{GlimmerHMM_glimmerT_5093-T1;GlimmerHMM},{ev_type:exonerate/ID=match.2566964.2704/Target=lcl|LCTV02000010_1_prot_PRQ72167_1_1138;exonerate},{ev_type:exonerate/ID=match.2566964.2703/Target=lcl|PJQD01000009_1_prot_POY75965_1_6681;exonerate},{ev_type:exonerate/ID=match.2566964.2705/Target=lcl|KQ954490_1_prot_KWU43434_1_4219;exonerate}
278182	278267	internal+	2	3	{Augustus_model.g4230.t1;Augustus},{GeneMark_model.5449_t;GeneMark},{GlimmerHMM_glimmerT_5093-T1;GlimmerHMM},{ev_type:exonerate/ID=match.2566964.2704/Target=lcl|LCTV02000010_1_prot_PRQ72167_1_1138;exonerate},{ev_type:exonerate/ID=match.2566964.2703/Target=lcl|PJQD01000009_1_prot_POY75965_1_6681;exonerate}
278268	278330	INTRON			{Augustus_model.g4230.t1;Augustus},{GeneMark_model.5449_t;GeneMark},{GlimmerHMM_glimmerT_5093-T1;GlimmerHMM},{ev_type:exonerate/ID=match.2566964.2704/Target=lcl|LCTV02000010_1_prot_PRQ72167_1_1138;exonerate},{ev_type:exonerate/ID=match.2566964.2703/Target=lcl|PJQD01000009_1_prot_POY75965_1_6681;exonerate}
278331	278406	internal+	1	1	{Augustus_model.g4230.t1;Augustus},{GeneMark_model.5449_t;GeneMark},{GlimmerHMM_glimmerT_5093-T1;GlimmerHMM},{ev_type:exonerate/ID=match.2566964.2704/Target=lcl|LCTV02000010_1_prot_PRQ72167_1_1138;exonerate},{ev_type:exonerate/ID=match.2566964.2703/Target=lcl|PJQD01000009_1_prot_POY75965_1_6681;exonerate}
278407	278471	INTRON			{Augustus_model.g4230.t1;Augustus},{GeneMark_model.5449_t;GeneMark},{GlimmerHMM_glimmerT_5093-T1;GlimmerHMM},{ev_type:exonerate/ID=match.2566964.2704/Target=lcl|LCTV02000010_1_prot_PRQ72167_1_1138;exonerate},{ev_type:exonerate/ID=match.2566964.2703/Target=lcl|PJQD01000009_1_prot_POY75965_1_6681;exonerate},{ev_type:exonerate/ID=match.2566964.2705/Target=lcl|KQ954490_1_prot_KWU43434_1_4219;exonerate}
278472	278569	internal+	2	3	{Augustus_model.g4230.t1;Augustus},{GeneMark_model.5449_t;GeneMark},{GlimmerHMM_glimmerT_5093-T1;GlimmerHMM}
278570	278633	INTRON			{Augustus_model.g4230.t1;Augustus},{GeneMark_model.5449_t;GeneMark}
278634	278642	terminal+	1	3	{Augustus_model.g4230.t1;Augustus},{GeneMark_model.5449_t;GeneMark}

# EVM prediction: Mode:STANDARD S-ratio: 2.15 279025-281328 orient(-) score(6671.00) noncoding_equivalent(3097.00) raw_noncoding(3762.00) offset(665.00)
279187	279025	terminal-	6	6	{Augustus_model.g4231.t1;Augustus},{GlimmerHMM_glimmerT_5094-T1;GlimmerHMM}
279273	279188	INTRON			{Augustus_model.g4231.t1;Augustus},{GlimmerHMM_glimmerT_5094-T1;GlimmerHMM}
279580	279274	internal-	5	5	{Augustus_model.g4231.t1;Augustus},{GlimmerHMM_glimmerT_5094-T1;GlimmerHMM},{GeneMark_model.5450_t;GeneMark}
279648	279581	INTRON			{Augustus_model.g4231.t1;Augustus},{GlimmerHMM_glimmerT_5094-T1;GlimmerHMM},{GeneMark_model.5450_t;GeneMark}
280027	279649	internal-	4	4	{Augustus_model.g4231.t1;Augustus},{GlimmerHMM_glimmerT_5094-T1;GlimmerHMM},{GeneMark_model.5450_t;GeneMark}
280090	280028	INTRON			{Augustus_model.g4231.t1;Augustus},{GlimmerHMM_glimmerT_5094-T1;GlimmerHMM},{GeneMark_model.5450_t;GeneMark}
280150	280091	internal-	4	6	{Augustus_model.g4231.t1;Augustus},{GeneMark_model.5450_t;GeneMark}
280231	280151	INTRON			{Augustus_model.g4231.t1;Augustus},{GeneMark_model.5450_t;GeneMark}
280369	280232	internal-	4	6	{Augustus_model.g4231.t1;Augustus},{GeneMark_model.5450_t;GeneMark}
280437	280370	INTRON			{Augustus_model.g4231.t1;Augustus},{GlimmerHMM_glimmerT_5094-T1;GlimmerHMM},{GeneMark_model.5450_t;GeneMark}
280607	280438	internal-	5	6	{Augustus_model.g4231.t1;Augustus},{GlimmerHMM_glimmerT_5094-T1;GlimmerHMM},{GeneMark_model.5450_t;GeneMark}
280695	280608	INTRON			{Augustus_model.g4231.t1;Augustus},{GlimmerHMM_glimmerT_5094-T1;GlimmerHMM},{GeneMark_model.5450_t;GeneMark}
281037	280696	internal-	5	4	{Augustus_model.g4231.t1;Augustus},{GlimmerHMM_glimmerT_5094-T1;GlimmerHMM},{GeneMark_model.5450_t;GeneMark}
281111	281038	INTRON			{Augustus_model.g4231.t1;Augustus},{GeneMark_model.5450_t;GeneMark}
281328	281112	initial-	4	4	{Augustus_model.g4231.t1;Augustus},{GeneMark_model.5450_t;GeneMark}

# EVM prediction: Mode:STANDARD S-ratio: 2.60 281499-284348 orient(+) score(9402.00) noncoding_equivalent(3617.13) raw_noncoding(4421.00) offset(803.87)
281499	281593	initial+	1	2	{GeneMark_model.5451_t;GeneMark},{Augustus_model.g4232.t1;Augustus},{GlimmerHMM_glimmerT_5095-T1;GlimmerHMM}
281594	281657	INTRON			{GeneMark_model.5451_t;GeneMark},{Augustus_model.g4232.t1;Augustus},{GlimmerHMM_glimmerT_5095-T1;GlimmerHMM}
281658	281695	internal+	3	1	{GeneMark_model.5451_t;GeneMark},{Augustus_model.g4232.t1;Augustus},{GlimmerHMM_glimmerT_5095-T1;GlimmerHMM}
281696	281782	INTRON			{GeneMark_model.5451_t;GeneMark},{Augustus_model.g4232.t1;Augustus},{GlimmerHMM_glimmerT_5095-T1;GlimmerHMM}
281783	282046	internal+	2	1	{GeneMark_model.5451_t;GeneMark},{Augustus_model.g4232.t1;Augustus},{GlimmerHMM_glimmerT_5095-T1;GlimmerHMM}
282047	282116	INTRON			{GeneMark_model.5451_t;GeneMark},{Augustus_model.g4232.t1;Augustus},{GlimmerHMM_glimmerT_5095-T1;GlimmerHMM}
282117	282245	internal+	2	1	{GeneMark_model.5451_t;GeneMark},{Augustus_model.g4232.t1;Augustus},{GlimmerHMM_glimmerT_5095-T1;GlimmerHMM}
282246	282351	INTRON			{GeneMark_model.5451_t;GeneMark},{Augustus_model.g4232.t1;Augustus},{GlimmerHMM_glimmerT_5095-T1;GlimmerHMM}
282352	282448	internal+	2	2	{GeneMark_model.5451_t;GeneMark},{Augustus_model.g4232.t1;Augustus},{GlimmerHMM_glimmerT_5095-T1;GlimmerHMM}
282449	282535	INTRON			{GeneMark_model.5451_t;GeneMark},{Augustus_model.g4232.t1;Augustus},{GlimmerHMM_glimmerT_5095-T1;GlimmerHMM}
282536	282606	internal+	3	1	{GeneMark_model.5451_t;GeneMark},{Augustus_model.g4232.t1;Augustus},{GlimmerHMM_glimmerT_5095-T1;GlimmerHMM}
282607	282700	INTRON			{GeneMark_model.5451_t;GeneMark},{Augustus_model.g4232.t1;Augustus},{GlimmerHMM_glimmerT_5095-T1;GlimmerHMM}
282701	282798	internal+	2	3	{GeneMark_model.5451_t;GeneMark},{Augustus_model.g4232.t1;Augustus},{GlimmerHMM_glimmerT_5095-T1;GlimmerHMM}
282799	282908	INTRON			{GeneMark_model.5451_t;GeneMark},{Augustus_model.g4232.t1;Augustus},{GlimmerHMM_glimmerT_5095-T1;GlimmerHMM}
282909	283135	internal+	1	2	{GeneMark_model.5451_t;GeneMark},{Augustus_model.g4232.t1;Augustus},{GlimmerHMM_glimmerT_5095-T1;GlimmerHMM}
283136	283209	INTRON			{GeneMark_model.5451_t;GeneMark},{Augustus_model.g4232.t1;Augustus},{GlimmerHMM_glimmerT_5095-T1;GlimmerHMM}
283210	283361	internal+	3	1	{GeneMark_model.5451_t;GeneMark},{Augustus_model.g4232.t1;Augustus},{GlimmerHMM_glimmerT_5095-T1;GlimmerHMM}
283362	283423	INTRON			{GeneMark_model.5451_t;GeneMark},{Augustus_model.g4232.t1;Augustus},{GlimmerHMM_glimmerT_5095-T1;GlimmerHMM}
283424	283874	internal+	2	2	{GeneMark_model.5451_t;GeneMark},{Augustus_model.g4232.t1;Augustus},{GlimmerHMM_glimmerT_5095-T1;GlimmerHMM}
283875	283951	INTRON			{GeneMark_model.5451_t;GeneMark},{Augustus_model.g4232.t1;Augustus},{GlimmerHMM_glimmerT_5095-T1;GlimmerHMM}
283952	284348	terminal+	3	3	{GeneMark_model.5451_t;GeneMark},{Augustus_model.g4232.t1;Augustus},{snap_scaffold_13-snap.120-T1;snap},{GlimmerHMM_glimmerT_5095-T1;GlimmerHMM}

# EVM prediction: Mode:STANDARD S-ratio: 4.70 286655-287605 orient(+) score(5954.00) noncoding_equivalent(1265.78) raw_noncoding(1527.00) offset(261.22)
286655	286736	initial+	1	1	{Augustus_model.g4233.t1;Augustus},{GeneMark_model.5453_t;GeneMark},{GlimmerHMM_glimmerT_5096-T1;GlimmerHMM}
286737	286807	INTRON			{Augustus_model.g4233.t1;Augustus},{GeneMark_model.5453_t;GeneMark},{GlimmerHMM_glimmerT_5096-T1;GlimmerHMM},{ev_type:exonerate/ID=match.2566964.4143/Target=lcl|LCTV02000010_1_prot_PRQ72128_1_1099;exonerate},{ev_type:exonerate/ID=match.2566964.4140/Target=lcl|KQ954490_1_prot_KWU43424_1_4209;exonerate},{ev_type:exonerate/ID=match.2566964.4141/Target=lcl|PJQD01000009_1_prot_POY75961_1_6677;exonerate}
286808	286980	internal+	2	3	{Augustus_model.g4233.t1;Augustus},{GeneMark_model.5453_t;GeneMark},{GlimmerHMM_glimmerT_5096-T1;GlimmerHMM},{ev_type:exonerate/ID=match.2566964.4143/Target=lcl|LCTV02000010_1_prot_PRQ72128_1_1099;exonerate},{ev_type:exonerate/ID=match.2566964.4140/Target=lcl|KQ954490_1_prot_KWU43424_1_4209;exonerate},{ev_type:exonerate/ID=match.2566964.4141/Target=lcl|PJQD01000009_1_prot_POY75961_1_6677;exonerate}
286981	287056	INTRON			{Augustus_model.g4233.t1;Augustus},{GeneMark_model.5453_t;GeneMark},{GlimmerHMM_glimmerT_5096-T1;GlimmerHMM},{ev_type:exonerate/ID=match.2566964.4143/Target=lcl|LCTV02000010_1_prot_PRQ72128_1_1099;exonerate},{ev_type:exonerate/ID=match.2566964.4140/Target=lcl|KQ954490_1_prot_KWU43424_1_4209;exonerate},{ev_type:exonerate/ID=match.2566964.4141/Target=lcl|PJQD01000009_1_prot_POY75961_1_6677;exonerate}
287057	287143	internal+	1	3	{Augustus_model.g4233.t1;Augustus},{GeneMark_model.5453_t;GeneMark},{GlimmerHMM_glimmerT_5096-T1;GlimmerHMM},{ev_type:exonerate/ID=match.2566964.4143/Target=lcl|LCTV02000010_1_prot_PRQ72128_1_1099;exonerate},{ev_type:exonerate/ID=match.2566964.4140/Target=lcl|KQ954490_1_prot_KWU43424_1_4209;exonerate},{ev_type:exonerate/ID=match.2566964.4141/Target=lcl|PJQD01000009_1_prot_POY75961_1_6677;exonerate}
287144	287234	INTRON			{Augustus_model.g4233.t1;Augustus},{GeneMark_model.5453_t;GeneMark},{GlimmerHMM_glimmerT_5096-T1;GlimmerHMM},{ev_type:exonerate/ID=match.2566964.4143/Target=lcl|LCTV02000010_1_prot_PRQ72128_1_1099;exonerate},{ev_type:exonerate/ID=match.2566964.4140/Target=lcl|KQ954490_1_prot_KWU43424_1_4209;exonerate},{ev_type:exonerate/ID=match.2566964.4141/Target=lcl|PJQD01000009_1_prot_POY75961_1_6677;exonerate}
287235	287486	internal+	1	3	{Augustus_model.g4233.t1;Augustus},{GeneMark_model.5453_t;GeneMark},{GlimmerHMM_glimmerT_5096-T1;GlimmerHMM},{ev_type:exonerate/ID=match.2566964.4143/Target=lcl|LCTV02000010_1_prot_PRQ72128_1_1099;exonerate},{ev_type:exonerate/ID=match.2566964.4140/Target=lcl|KQ954490_1_prot_KWU43424_1_4209;exonerate},{ev_type:exonerate/ID=match.2566964.4141/Target=lcl|PJQD01000009_1_prot_POY75961_1_6677;exonerate}
287487	287542	INTRON			{Augustus_model.g4233.t1;Augustus},{GeneMark_model.5453_t;GeneMark},{GlimmerHMM_glimmerT_5096-T1;GlimmerHMM},{ev_type:exonerate/ID=match.2566964.4143/Target=lcl|LCTV02000010_1_prot_PRQ72128_1_1099;exonerate},{ev_type:exonerate/ID=match.2566964.4140/Target=lcl|KQ954490_1_prot_KWU43424_1_4209;exonerate},{ev_type:exonerate/ID=match.2566964.4141/Target=lcl|PJQD01000009_1_prot_POY75961_1_6677;exonerate}
287543	287605	terminal+	1	3	{Augustus_model.g4233.t1;Augustus},{GeneMark_model.5453_t;GeneMark},{GlimmerHMM_glimmerT_5096-T1;GlimmerHMM}

# EVM prediction: Mode:STANDARD S-ratio: 4.61 287801-290799 orient(-) score(10254.00) noncoding_equivalent(2225.04) raw_noncoding(2454.08) offset(229.04)
288905	287801	terminal-	6	6	{Augustus_model.g4234.t1;Augustus},{GlimmerHMM_glimmerT_5097-T1;GlimmerHMM},{GeneMark_model.5454_t;GeneMark}
288975	288906	INTRON			{Augustus_model.g4234.t1;Augustus},{GlimmerHMM_glimmerT_5097-T1;GlimmerHMM},{GeneMark_model.5454_t;GeneMark}
289123	288976	internal-	5	5	{Augustus_model.g4234.t1;Augustus},{GlimmerHMM_glimmerT_5097-T1;GlimmerHMM},{GeneMark_model.5454_t;GeneMark}
289188	289124	INTRON			{Augustus_model.g4234.t1;Augustus},{GlimmerHMM_glimmerT_5097-T1;GlimmerHMM},{GeneMark_model.5454_t;GeneMark}
289864	289189	internal-	4	4	{Augustus_model.g4234.t1;Augustus},{GlimmerHMM_glimmerT_5097-T1;GlimmerHMM},{GeneMark_model.5454_t;GeneMark}
289919	289865	INTRON			{Augustus_model.g4234.t1;Augustus},{GlimmerHMM_glimmerT_5097-T1;GlimmerHMM},{GeneMark_model.5454_t;GeneMark}
290192	289920	internal-	4	6	{Augustus_model.g4234.t1;Augustus},{GlimmerHMM_glimmerT_5097-T1;GlimmerHMM},{GeneMark_model.5454_t;GeneMark}
290253	290193	INTRON			{Augustus_model.g4234.t1;Augustus},{GlimmerHMM_glimmerT_5097-T1;GlimmerHMM},{GeneMark_model.5454_t;GeneMark}
290799	290254	initial-	4	6	{GlimmerHMM_glimmerT_5097-T1;GlimmerHMM},{GeneMark_model.5454_t;GeneMark}

# EVM prediction: Mode:STANDARD S-ratio: 4.95 291051-296886 orient(-) score(25000.00) noncoding_equivalent(5046.47) raw_noncoding(5725.90) offset(679.43)
291787	291051	terminal-	5	6	{GlimmerHMM_glimmerT_5098-T1;GlimmerHMM},{GeneMark_model.5455_t;GeneMark}
291850	291788	INTRON			{GlimmerHMM_glimmerT_5098-T1;GlimmerHMM},{Augustus_model.g4234.t1;Augustus},{GeneMark_model.5455_t;GeneMark},{ev_type:exonerate/ID=match.2566964.302/Target=lcl|KQ954490_1_prot_KWU43437_1_4222;exonerate}
292326	291851	internal-	6	4	{GlimmerHMM_glimmerT_5098-T1;GlimmerHMM},{Augustus_model.g4234.t1;Augustus},{GeneMark_model.5455_t;GeneMark},{ev_type:exonerate/ID=match.2566964.302/Target=lcl|KQ954490_1_prot_KWU43437_1_4222;exonerate}
292400	292327	INTRON			{GlimmerHMM_glimmerT_5098-T1;GlimmerHMM},{Augustus_model.g4234.t1;Augustus},{GeneMark_model.5455_t;GeneMark},{ev_type:exonerate/ID=match.2566964.302/Target=lcl|KQ954490_1_prot_KWU43437_1_4222;exonerate}
292462	292401	internal-	4	5	{GlimmerHMM_glimmerT_5098-T1;GlimmerHMM},{Augustus_model.g4234.t1;Augustus},{GeneMark_model.5455_t;GeneMark},{ev_type:exonerate/ID=match.2566964.302/Target=lcl|KQ954490_1_prot_KWU43437_1_4222;exonerate}
292528	292463	INTRON			{GlimmerHMM_glimmerT_5098-T1;GlimmerHMM},{Augustus_model.g4234.t1;Augustus},{GeneMark_model.5455_t;GeneMark},{ev_type:exonerate/ID=match.2566964.302/Target=lcl|KQ954490_1_prot_KWU43437_1_4222;exonerate}
293038	292529	internal-	4	6	{GlimmerHMM_glimmerT_5098-T1;GlimmerHMM},{Augustus_model.g4234.t1;Augustus},{GeneMark_model.5455_t;GeneMark},{ev_type:exonerate/ID=match.2566964.302/Target=lcl|KQ954490_1_prot_KWU43437_1_4222;exonerate}
293097	293039	INTRON			{GlimmerHMM_glimmerT_5098-T1;GlimmerHMM},{Augustus_model.g4234.t1;Augustus},{GeneMark_model.5455_t;GeneMark},{ev_type:exonerate/ID=match.2566964.302/Target=lcl|KQ954490_1_prot_KWU43437_1_4222;exonerate}
293165	293098	internal-	5	6	{GlimmerHMM_glimmerT_5098-T1;GlimmerHMM},{Augustus_model.g4234.t1;Augustus},{GeneMark_model.5455_t;GeneMark},{ev_type:exonerate/ID=match.2566964.302/Target=lcl|KQ954490_1_prot_KWU43437_1_4222;exonerate}
293224	293166	INTRON			{GlimmerHMM_glimmerT_5098-T1;GlimmerHMM},{Augustus_model.g4234.t1;Augustus},{GeneMark_model.5455_t;GeneMark},{ev_type:exonerate/ID=match.2566964.302/Target=lcl|KQ954490_1_prot_KWU43437_1_4222;exonerate}
294360	293225	internal-	6	4	{GlimmerHMM_glimmerT_5098-T1;GlimmerHMM},{Augustus_model.g4234.t1;Augustus},{GeneMark_model.5455_t;GeneMark},{ev_type:exonerate/ID=match.2566964.302/Target=lcl|KQ954490_1_prot_KWU43437_1_4222;exonerate}
294422	294361	INTRON			{GlimmerHMM_glimmerT_5098-T1;GlimmerHMM},{Augustus_model.g4234.t1;Augustus},{GeneMark_model.5455_t;GeneMark},{ev_type:exonerate/ID=match.2566964.302/Target=lcl|KQ954490_1_prot_KWU43437_1_4222;exonerate}
294627	294423	internal-	5	5	{GlimmerHMM_glimmerT_5098-T1;GlimmerHMM},{Augustus_model.g4234.t1;Augustus},{GeneMark_model.5455_t;GeneMark},{ev_type:exonerate/ID=match.2566964.302/Target=lcl|KQ954490_1_prot_KWU43437_1_4222;exonerate}
294690	294628	INTRON			{GlimmerHMM_glimmerT_5098-T1;GlimmerHMM},{Augustus_model.g4234.t1;Augustus},{GeneMark_model.5455_t;GeneMark},{ev_type:exonerate/ID=match.2566964.302/Target=lcl|KQ954490_1_prot_KWU43437_1_4222;exonerate}
295770	294691	internal-	5	4	{Augustus_model.g4234.t1;Augustus},{GeneMark_model.5455_t;GeneMark},{ev_type:exonerate/ID=match.2566964.302/Target=lcl|KQ954490_1_prot_KWU43437_1_4222;exonerate}
295833	295771	INTRON			{Augustus_model.g4234.t1;Augustus},{GeneMark_model.5455_t;GeneMark},{ev_type:exonerate/ID=match.2566964.302/Target=lcl|KQ954490_1_prot_KWU43437_1_4222;exonerate}
295897	295834	internal-	4	4	{Augustus_model.g4234.t1;Augustus},{GeneMark_model.5455_t;GeneMark},{ev_type:exonerate/ID=match.2566964.302/Target=lcl|KQ954490_1_prot_KWU43437_1_4222;exonerate}
295958	295898	INTRON			{GlimmerHMM_glimmerT_5098-T1;GlimmerHMM},{Augustus_model.g4234.t1;Augustus},{GeneMark_model.5455_t;GeneMark},{ev_type:exonerate/ID=match.2566964.302/Target=lcl|KQ954490_1_prot_KWU43437_1_4222;exonerate}
296500	295959	internal-	5	6	{GlimmerHMM_glimmerT_5098-T1;GlimmerHMM},{Augustus_model.g4234.t1;Augustus},{GeneMark_model.5455_t;GeneMark},{ev_type:exonerate/ID=match.2566964.302/Target=lcl|KQ954490_1_prot_KWU43437_1_4222;exonerate}
296747	296501	INTRON			{GlimmerHMM_glimmerT_5098-T1;GlimmerHMM},{Augustus_model.g4234.t1;Augustus},{GeneMark_model.5455_t;GeneMark},{ev_type:exonerate/ID=match.2566964.302/Target=lcl|KQ954490_1_prot_KWU43437_1_4222;exonerate}
296886	296748	initial-	4	4	{GlimmerHMM_glimmerT_5098-T1;GlimmerHMM},{Augustus_model.g4234.t1;Augustus},{GeneMark_model.5455_t;GeneMark}

# EVM prediction: Mode:STANDARD S-ratio: 2.64 298359-303246 orient(-) score(15096.00) noncoding_equivalent(5725.07) raw_noncoding(6627.03) offset(901.96)
298667	298359	terminal-	4	6	{GeneMark_model.5456_t;GeneMark},{Augustus_model.g4235.t1;Augustus}
298734	298668	INTRON			{GlimmerHMM_glimmerT_5099-T1;GlimmerHMM},{GeneMark_model.5456_t;GeneMark},{Augustus_model.g4235.t1;Augustus}
298932	298735	internal-	4	6	{GlimmerHMM_glimmerT_5099-T1;GlimmerHMM},{GeneMark_model.5456_t;GeneMark},{Augustus_model.g4235.t1;Augustus}
298992	298933	INTRON			{GlimmerHMM_glimmerT_5099-T1;GlimmerHMM},{GeneMark_model.5456_t;GeneMark},{Augustus_model.g4235.t1;Augustus}
299092	298993	internal-	6	6	{GlimmerHMM_glimmerT_5099-T1;GlimmerHMM},{GeneMark_model.5456_t;GeneMark},{Augustus_model.g4235.t1;Augustus}
299160	299093	INTRON			{GlimmerHMM_glimmerT_5099-T1;GlimmerHMM},{GeneMark_model.5456_t;GeneMark},{Augustus_model.g4235.t1;Augustus}
299420	299161	internal-	4	5	{GlimmerHMM_glimmerT_5099-T1;GlimmerHMM},{GeneMark_model.5456_t;GeneMark},{Augustus_model.g4235.t1;Augustus}
299478	299421	INTRON			{GlimmerHMM_glimmerT_5099-T1;GlimmerHMM},{GeneMark_model.5456_t;GeneMark},{Augustus_model.g4235.t1;Augustus}
299617	299479	internal-	6	6	{GlimmerHMM_glimmerT_5099-T1;GlimmerHMM},{GeneMark_model.5456_t;GeneMark},{Augustus_model.g4235.t1;Augustus}
299676	299618	INTRON			{GlimmerHMM_glimmerT_5099-T1;GlimmerHMM},{GeneMark_model.5456_t;GeneMark},{Augustus_model.g4235.t1;Augustus}
299798	299677	internal-	4	5	{GlimmerHMM_glimmerT_5099-T1;GlimmerHMM},{GeneMark_model.5456_t;GeneMark},{Augustus_model.g4235.t1;Augustus}
299869	299799	INTRON			{GlimmerHMM_glimmerT_5099-T1;GlimmerHMM},{GeneMark_model.5456_t;GeneMark},{Augustus_model.g4235.t1;Augustus}
300623	299870	internal-	6	6	{GlimmerHMM_glimmerT_5099-T1;GlimmerHMM},{GeneMark_model.5456_t;GeneMark},{Augustus_model.g4235.t1;Augustus}
300683	300624	INTRON			{GlimmerHMM_glimmerT_5099-T1;GlimmerHMM},{GeneMark_model.5456_t;GeneMark},{Augustus_model.g4235.t1;Augustus}
300883	300684	internal-	4	5	{GlimmerHMM_glimmerT_5099-T1;GlimmerHMM},{GeneMark_model.5456_t;GeneMark},{Augustus_model.g4235.t1;Augustus}
300943	300884	INTRON			{GeneMark_model.5456_t;GeneMark},{Augustus_model.g4235.t1;Augustus}
301341	300944	internal-	5	6	{GeneMark_model.5456_t;GeneMark},{Augustus_model.g4235.t1;Augustus}
301402	301342	INTRON			{GlimmerHMM_glimmerT_5099-T1;GlimmerHMM},{GeneMark_model.5456_t;GeneMark},{Augustus_model.g4235.t1;Augustus}
301676	301403	internal-	4	4	{GlimmerHMM_glimmerT_5099-T1;GlimmerHMM},{GeneMark_model.5456_t;GeneMark},{Augustus_model.g4235.t1;Augustus}
301762	301677	INTRON			{GlimmerHMM_glimmerT_5099-T1;GlimmerHMM},{GeneMark_model.5456_t;GeneMark},{Augustus_model.g4235.t1;Augustus}
302190	301763	internal-	5	6	{GlimmerHMM_glimmerT_5099-T1;GlimmerHMM},{GeneMark_model.5456_t;GeneMark},{Augustus_model.g4235.t1;Augustus}
302257	302191	INTRON			{GlimmerHMM_glimmerT_5099-T1;GlimmerHMM},{GeneMark_model.5456_t;GeneMark},{Augustus_model.g4235.t1;Augustus}
302342	302258	internal-	4	4	{GlimmerHMM_glimmerT_5099-T1;GlimmerHMM},{GeneMark_model.5456_t;GeneMark},{Augustus_model.g4235.t1;Augustus}
302403	302343	INTRON			{GeneMark_model.5456_t;GeneMark},{Augustus_model.g4235.t1;Augustus}
302496	302404	internal-	4	6	{GeneMark_model.5456_t;GeneMark},{Augustus_model.g4235.t1;Augustus}
302559	302497	INTRON			{GeneMark_model.5456_t;GeneMark},{Augustus_model.g4235.t1;Augustus}
303246	302560	initial-	4	6	{GlimmerHMM_glimmerT_5099-T1;GlimmerHMM},{GeneMark_model.5456_t;GeneMark}

# EVM prediction: Mode:STANDARD S-ratio: 7.24 303932-304930 orient(+) score(3275.00) noncoding_equivalent(452.29) raw_noncoding(792.00) offset(339.71)
303932	304007	initial+	1	1	{Augustus_model.g4236.t1;Augustus}
304008	304078	INTRON			{Augustus_model.g4236.t1;Augustus}
304079	304158	internal+	2	3	{Augustus_model.g4236.t1;Augustus}
304159	304222	INTRON			{Augustus_model.g4236.t1;Augustus}
304223	304930	terminal+	1	3	{Augustus_model.g4236.t1;Augustus},{snap_scaffold_13-snap.129-T1;snap}

# EVM prediction: Mode:STANDARD S-ratio: 2.27 305218-307894 orient(-) score(8613.00) noncoding_equivalent(3798.10) raw_noncoding(4600.00) offset(801.90)
305566	305218	terminal-	6	6	{GlimmerHMM_glimmerT_5101-T1;GlimmerHMM}
305627	305567	INTRON			{GeneMark_model.5458_t;GeneMark},{Augustus_model.g4237.t1;Augustus},{GlimmerHMM_glimmerT_5101-T1;GlimmerHMM}
305754	305628	internal-	5	5	{GeneMark_model.5458_t;GeneMark},{Augustus_model.g4237.t1;Augustus},{GlimmerHMM_glimmerT_5101-T1;GlimmerHMM}
305822	305755	INTRON			{GeneMark_model.5458_t;GeneMark},{Augustus_model.g4237.t1;Augustus},{GlimmerHMM_glimmerT_5101-T1;GlimmerHMM}
305915	305823	internal-	5	4	{GeneMark_model.5458_t;GeneMark},{Augustus_model.g4237.t1;Augustus},{GlimmerHMM_glimmerT_5101-T1;GlimmerHMM}
305985	305916	INTRON			{GeneMark_model.5458_t;GeneMark},{Augustus_model.g4237.t1;Augustus},{GlimmerHMM_glimmerT_5101-T1;GlimmerHMM}
306057	305986	internal-	5	4	{GeneMark_model.5458_t;GeneMark},{Augustus_model.g4237.t1;Augustus},{GlimmerHMM_glimmerT_5101-T1;GlimmerHMM}
306118	306058	INTRON			{GeneMark_model.5458_t;GeneMark},{Augustus_model.g4237.t1;Augustus},{GlimmerHMM_glimmerT_5101-T1;GlimmerHMM}
306212	306119	internal-	4	4	{GeneMark_model.5458_t;GeneMark},{Augustus_model.g4237.t1;Augustus},{GlimmerHMM_glimmerT_5101-T1;GlimmerHMM}
306278	306213	INTRON			{GeneMark_model.5458_t;GeneMark},{Augustus_model.g4237.t1;Augustus},{GlimmerHMM_glimmerT_5101-T1;GlimmerHMM}
306662	306279	internal-	4	6	{GlimmerHMM_glimmerT_5101-T1;GlimmerHMM}
306734	306663	INTRON			{GeneMark_model.5458_t;GeneMark},{Augustus_model.g4237.t1;Augustus},{GlimmerHMM_glimmerT_5101-T1;GlimmerHMM}
306869	306735	internal-	4	6	{GeneMark_model.5458_t;GeneMark},{Augustus_model.g4237.t1;Augustus},{GlimmerHMM_glimmerT_5101-T1;GlimmerHMM}
306936	306870	INTRON			{GeneMark_model.5458_t;GeneMark},{Augustus_model.g4237.t1;Augustus},{GlimmerHMM_glimmerT_5101-T1;GlimmerHMM}
307142	306937	internal-	5	6	{GeneMark_model.5458_t;GeneMark},{Augustus_model.g4237.t1;Augustus},{GlimmerHMM_glimmerT_5101-T1;GlimmerHMM}
307397	307143	INTRON			{GeneMark_model.5458_t;GeneMark},{Augustus_model.g4237.t1;Augustus},{GlimmerHMM_glimmerT_5101-T1;GlimmerHMM}
307483	307398	internal-	6	4	{GeneMark_model.5458_t;GeneMark},{Augustus_model.g4237.t1;Augustus},{GlimmerHMM_glimmerT_5101-T1;GlimmerHMM}
307544	307484	INTRON			{GeneMark_model.5458_t;GeneMark},{Augustus_model.g4237.t1;Augustus},{GlimmerHMM_glimmerT_5101-T1;GlimmerHMM}
307669	307545	internal-	4	5	{GeneMark_model.5458_t;GeneMark},{Augustus_model.g4237.t1;Augustus},{GlimmerHMM_glimmerT_5101-T1;GlimmerHMM}
307762	307670	INTRON			{GeneMark_model.5458_t;GeneMark},{Augustus_model.g4237.t1;Augustus},{GlimmerHMM_glimmerT_5101-T1;GlimmerHMM}
307894	307763	initial-	4	6	{GeneMark_model.5458_t;GeneMark},{Augustus_model.g4237.t1;Augustus},{GlimmerHMM_glimmerT_5101-T1;GlimmerHMM}

# EVM prediction: Mode:STANDARD S-ratio: 9.43 308447-310175 orient(+) score(6251.00) noncoding_equivalent(663.00) raw_noncoding(793.00) offset(130.00)
308447	308449	initial+	1	3	{Augustus_model.g4238.t1;Augustus},{GeneMark_model.5459_t;GeneMark}
308450	308513	INTRON			{Augustus_model.g4238.t1;Augustus},{GeneMark_model.5459_t;GeneMark}
308514	310025	internal+	1	3	{Augustus_model.g4238.t1;Augustus},{GeneMark_model.5459_t;GeneMark}
310026	310085	INTRON			{Augustus_model.g4238.t1;Augustus},{GeneMark_model.5459_t;GeneMark}
310086	310175	terminal+	1	3	{Augustus_model.g4238.t1;Augustus},{GeneMark_model.5459_t;GeneMark}

# EVM prediction: Mode:STANDARD S-ratio: 3.37 310295-314062 orient(-) score(12792.00) noncoding_equivalent(3794.44) raw_noncoding(4443.66) offset(649.22)
311185	310295	terminal-	4	6	{GlimmerHMM_glimmerT_5103-T1;GlimmerHMM},{GeneMark_model.5460_t;GeneMark},{Augustus_model.g4239.t1;Augustus},{snap_scaffold_13-snap.133-T1;snap}
311253	311186	INTRON			{GlimmerHMM_glimmerT_5103-T1;GlimmerHMM},{GeneMark_model.5460_t;GeneMark},{Augustus_model.g4239.t1;Augustus}
311368	311254	internal-	6	6	{GlimmerHMM_glimmerT_5103-T1;GlimmerHMM},{GeneMark_model.5460_t;GeneMark},{Augustus_model.g4239.t1;Augustus}
311426	311369	INTRON			{GlimmerHMM_glimmerT_5103-T1;GlimmerHMM},{GeneMark_model.5460_t;GeneMark},{Augustus_model.g4239.t1;Augustus}
311547	311427	internal-	5	5	{GlimmerHMM_glimmerT_5103-T1;GlimmerHMM},{GeneMark_model.5460_t;GeneMark},{Augustus_model.g4239.t1;Augustus}
311609	311548	INTRON			{GlimmerHMM_glimmerT_5103-T1;GlimmerHMM},{GeneMark_model.5460_t;GeneMark},{Augustus_model.g4239.t1;Augustus}
311929	311610	internal-	6	4	{GlimmerHMM_glimmerT_5103-T1;GlimmerHMM},{GeneMark_model.5460_t;GeneMark},{Augustus_model.g4239.t1;Augustus}
311985	311930	INTRON			{GlimmerHMM_glimmerT_5103-T1;GlimmerHMM},{GeneMark_model.5460_t;GeneMark},{Augustus_model.g4239.t1;Augustus}
312188	311986	internal-	4	5	{GlimmerHMM_glimmerT_5103-T1;GlimmerHMM},{GeneMark_model.5460_t;GeneMark},{Augustus_model.g4239.t1;Augustus}
312244	312189	INTRON			{GlimmerHMM_glimmerT_5103-T1;GlimmerHMM},{GeneMark_model.5460_t;GeneMark},{Augustus_model.g4239.t1;Augustus}
312409	312245	internal-	4	6	{GlimmerHMM_glimmerT_5103-T1;GlimmerHMM},{GeneMark_model.5460_t;GeneMark},{Augustus_model.g4239.t1;Augustus}
312475	312410	INTRON			{GlimmerHMM_glimmerT_5103-T1;GlimmerHMM},{GeneMark_model.5460_t;GeneMark},{Augustus_model.g4239.t1;Augustus}
313083	312476	internal-	5	6	{GlimmerHMM_glimmerT_5103-T1;GlimmerHMM},{GeneMark_model.5460_t;GeneMark},{Augustus_model.g4239.t1;Augustus}
313152	313084	INTRON			{snap_scaffold_13-snap.134-T1;snap},{GlimmerHMM_glimmerT_5103-T1;GlimmerHMM},{GeneMark_model.5460_t;GeneMark},{Augustus_model.g4239.t1;Augustus}
313228	313153	internal-	4	4	{GlimmerHMM_glimmerT_5103-T1;GlimmerHMM},{GeneMark_model.5460_t;GeneMark},{Augustus_model.g4239.t1;Augustus}
313294	313229	INTRON			{GlimmerHMM_glimmerT_5103-T1;GlimmerHMM},{GeneMark_model.5460_t;GeneMark},{Augustus_model.g4239.t1;Augustus}
313523	313295	internal-	6	6	{GlimmerHMM_glimmerT_5103-T1;GlimmerHMM},{GeneMark_model.5460_t;GeneMark},{Augustus_model.g4239.t1;Augustus}
313590	313524	INTRON			{GlimmerHMM_glimmerT_5103-T1;GlimmerHMM},{GeneMark_model.5460_t;GeneMark},{Augustus_model.g4239.t1;Augustus}
313683	313591	internal-	6	5	{GlimmerHMM_glimmerT_5103-T1;GlimmerHMM},{GeneMark_model.5460_t;GeneMark},{Augustus_model.g4239.t1;Augustus}
313762	313684	INTRON			{GlimmerHMM_glimmerT_5103-T1;GlimmerHMM},{GeneMark_model.5460_t;GeneMark},{Augustus_model.g4239.t1;Augustus}
313827	313763	internal-	4	5	{GlimmerHMM_glimmerT_5103-T1;GlimmerHMM},{GeneMark_model.5460_t;GeneMark},{Augustus_model.g4239.t1;Augustus}
313894	313828	INTRON			{GlimmerHMM_glimmerT_5103-T1;GlimmerHMM},{GeneMark_model.5460_t;GeneMark},{Augustus_model.g4239.t1;Augustus}
314062	313895	initial-	4	6	{Augustus_model.g4239.t1;Augustus}

# EVM prediction: Mode:STANDARD S-ratio: 113.26 314088-315491 orient(-) score(5568.00) noncoding_equivalent(49.16) raw_noncoding(49.16) offset(0.00)
315491	314088	single-	4	6	{Augustus_model.g4240.t1;Augustus}

# EVM prediction: Mode:STANDARD S-ratio: 3.60 315922-319399 orient(+) score(11562.00) noncoding_equivalent(3214.34) raw_noncoding(3910.83) offset(696.48)
315922	316257	initial+	1	3	{Augustus_model.g4241.t1;Augustus}
316258	316402	INTRON			{Augustus_model.g4241.t1;Augustus}
316403	316757	internal+	1	1	{GlimmerHMM_glimmerT_5104-T1;GlimmerHMM},{GeneMark_model.5461_t;GeneMark},{Augustus_model.g4241.t1;Augustus}
316758	316836	INTRON			{GlimmerHMM_glimmerT_5104-T1;GlimmerHMM},{GeneMark_model.5461_t;GeneMark},{Augustus_model.g4241.t1;Augustus}
316837	316962	internal+	2	1	{GlimmerHMM_glimmerT_5104-T1;GlimmerHMM},{GeneMark_model.5461_t;GeneMark},{Augustus_model.g4241.t1;Augustus}
316963	317021	INTRON			{GlimmerHMM_glimmerT_5104-T1;GlimmerHMM},{GeneMark_model.5461_t;GeneMark},{Augustus_model.g4241.t1;Augustus}
317022	317342	internal+	2	1	{GlimmerHMM_glimmerT_5104-T1;GlimmerHMM},{GeneMark_model.5461_t;GeneMark},{Augustus_model.g4241.t1;Augustus}
317343	317411	INTRON			{GlimmerHMM_glimmerT_5104-T1;GlimmerHMM},{GeneMark_model.5461_t;GeneMark},{Augustus_model.g4241.t1;Augustus}
317412	317863	internal+	2	3	{GlimmerHMM_glimmerT_5104-T1;GlimmerHMM},{GeneMark_model.5461_t;GeneMark},{Augustus_model.g4241.t1;Augustus}
317864	317934	INTRON			{GlimmerHMM_glimmerT_5104-T1;GlimmerHMM},{GeneMark_model.5461_t;GeneMark},{Augustus_model.g4241.t1;Augustus}
317935	318014	internal+	1	2	{GlimmerHMM_glimmerT_5104-T1;GlimmerHMM},{GeneMark_model.5461_t;GeneMark},{Augustus_model.g4241.t1;Augustus}
318015	318078	INTRON			{GlimmerHMM_glimmerT_5104-T1;GlimmerHMM},{GeneMark_model.5461_t;GeneMark},{Augustus_model.g4241.t1;Augustus}
318079	318148	internal+	3	3	{GlimmerHMM_glimmerT_5104-T1;GlimmerHMM},{GeneMark_model.5461_t;GeneMark},{Augustus_model.g4241.t1;Augustus}
318149	318213	INTRON			{GlimmerHMM_glimmerT_5104-T1;GlimmerHMM},{GeneMark_model.5461_t;GeneMark},{Augustus_model.g4241.t1;Augustus}
318214	318451	internal+	1	1	{GlimmerHMM_glimmerT_5104-T1;GlimmerHMM},{GeneMark_model.5461_t;GeneMark},{Augustus_model.g4241.t1;Augustus}
318452	318516	INTRON			{GlimmerHMM_glimmerT_5104-T1;GlimmerHMM},{GeneMark_model.5461_t;GeneMark},{Augustus_model.g4241.t1;Augustus}
318517	318744	internal+	2	1	{GlimmerHMM_glimmerT_5104-T1;GlimmerHMM},{GeneMark_model.5461_t;GeneMark},{Augustus_model.g4241.t1;Augustus}
318745	318806	INTRON			{GlimmerHMM_glimmerT_5104-T1;GlimmerHMM},{GeneMark_model.5461_t;GeneMark},{Augustus_model.g4241.t1;Augustus}
318807	319141	internal+	2	3	{GlimmerHMM_glimmerT_5104-T1;GlimmerHMM},{GeneMark_model.5461_t;GeneMark},{Augustus_model.g4241.t1;Augustus}
319142	319210	INTRON			{GlimmerHMM_glimmerT_5104-T1;GlimmerHMM},{GeneMark_model.5461_t;GeneMark},{Augustus_model.g4241.t1;Augustus}
319211	319399	terminal+	1	3	{GlimmerHMM_glimmerT_5104-T1;GlimmerHMM},{GeneMark_model.5461_t;GeneMark},{Augustus_model.g4241.t1;Augustus}

# EVM prediction: Mode:STANDARD S-ratio: 5.94 320154-322157 orient(-) score(7058.00) noncoding_equivalent(1189.21) raw_noncoding(1307.34) offset(118.13)
320666	320154	terminal-	4	6	{snap_scaffold_13-snap.139-T1;snap},{Augustus_model.g4242.t1;Augustus},{GlimmerHMM_glimmerT_5105-T1;GlimmerHMM}
320728	320667	INTRON			{GeneMark_model.5462_t;GeneMark},{Augustus_model.g4242.t1;Augustus},{GlimmerHMM_glimmerT_5105-T1;GlimmerHMM}
321561	320729	internal-	5	6	{GeneMark_model.5462_t;GeneMark},{Augustus_model.g4242.t1;Augustus},{GlimmerHMM_glimmerT_5105-T1;GlimmerHMM}
321619	321562	INTRON			{GeneMark_model.5462_t;GeneMark},{Augustus_model.g4242.t1;Augustus},{GlimmerHMM_glimmerT_5105-T1;GlimmerHMM}
322157	321620	initial-	4	4	{GeneMark_model.5462_t;GeneMark},{GlimmerHMM_glimmerT_5105-T1;GlimmerHMM}

# EVM prediction: Mode:STANDARD S-ratio: 7.70 323860-324741 orient(-) score(3147.00) noncoding_equivalent(408.57) raw_noncoding(606.90) offset(198.33)
323872	323860	terminal-	6	6	{GeneMark_model.5463_t;GeneMark}
323927	323873	INTRON			{GeneMark_model.5463_t;GeneMark}
324640	323928	internal-	4	5	{GeneMark_model.5463_t;GeneMark}
324711	324641	INTRON			{GlimmerHMM_glimmerT_5106-T1;GlimmerHMM},{GeneMark_model.5463_t;GeneMark},{Augustus_model.g4242.t1;Augustus}
324741	324712	initial-	4	6	{GlimmerHMM_glimmerT_5106-T1;GlimmerHMM},{GeneMark_model.5463_t;GeneMark}

# EVM prediction: Mode:STANDARD S-ratio: 1.66 325019-327092 orient(-) score(5272.00) noncoding_equivalent(3172.63) raw_noncoding(3252.63) offset(80.00)
326154	325019	terminal-	5	6	{GlimmerHMM_glimmerT_5107-T1;GlimmerHMM},{GeneMark_model.5464_t;GeneMark}
326230	326155	INTRON			{Augustus_model.g4242.t1;Augustus},{GlimmerHMM_glimmerT_5107-T1;GlimmerHMM},{GeneMark_model.5464_t;GeneMark}
327092	326231	initial-	4	4	{GlimmerHMM_glimmerT_5107-T1;GlimmerHMM},{GeneMark_model.5464_t;GeneMark}

# EVM prediction: Mode:STANDARD S-ratio: 11.78 327676-335218 orient(+) score(49397.00) noncoding_equivalent(4191.68) raw_noncoding(5096.01) offset(904.33)
327676	327942	initial+	1	3	{GeneMark_model.5465_t;GeneMark},{Augustus_model.g4243.t1;Augustus}
327943	328005	INTRON			{GeneMark_model.5465_t;GeneMark},{GlimmerHMM_glimmerT_5108-T1;GlimmerHMM},{Augustus_model.g4243.t1;Augustus},{ev_type:exonerate/ID=match.2566964.4063/Target=lcl|KQ954490_1_prot_KWU43449_1_4234;exonerate},{ev_type:exonerate/ID=match.2566964.4065/Target=lcl|LCTV02000010_1_prot_PRQ72105_1_1076;exonerate},{ev_type:exonerate/ID=match.2566964.4064/Target=lcl|PJQD01000009_1_prot_POY75915_1_6631;exonerate}
328006	328131	internal+	1	3	{GeneMark_model.5465_t;GeneMark},{GlimmerHMM_glimmerT_5108-T1;GlimmerHMM},{Augustus_model.g4243.t1;Augustus},{ev_type:exonerate/ID=match.2566964.4063/Target=lcl|KQ954490_1_prot_KWU43449_1_4234;exonerate},{ev_type:exonerate/ID=match.2566964.4065/Target=lcl|LCTV02000010_1_prot_PRQ72105_1_1076;exonerate},{ev_type:exonerate/ID=match.2566964.4064/Target=lcl|PJQD01000009_1_prot_POY75915_1_6631;exonerate}
328132	328195	INTRON			{GeneMark_model.5465_t;GeneMark},{GlimmerHMM_glimmerT_5108-T1;GlimmerHMM},{Augustus_model.g4243.t1;Augustus},{ev_type:exonerate/ID=match.2566964.4063/Target=lcl|KQ954490_1_prot_KWU43449_1_4234;exonerate},{ev_type:exonerate/ID=match.2566964.4065/Target=lcl|LCTV02000010_1_prot_PRQ72105_1_1076;exonerate},{ev_type:exonerate/ID=match.2566964.4064/Target=lcl|PJQD01000009_1_prot_POY75915_1_6631;exonerate}
328196	328291	internal+	1	3	{GeneMark_model.5465_t;GeneMark},{GlimmerHMM_glimmerT_5108-T1;GlimmerHMM},{Augustus_model.g4243.t1;Augustus},{ev_type:exonerate/ID=match.2566964.4063/Target=lcl|KQ954490_1_prot_KWU43449_1_4234;exonerate},{ev_type:exonerate/ID=match.2566964.4065/Target=lcl|LCTV02000010_1_prot_PRQ72105_1_1076;exonerate},{ev_type:exonerate/ID=match.2566964.4064/Target=lcl|PJQD01000009_1_prot_POY75915_1_6631;exonerate}
328292	328360	INTRON			{Augustus_model.g4243.t1;Augustus},{ev_type:exonerate/ID=match.2566964.4063/Target=lcl|KQ954490_1_prot_KWU43449_1_4234;exonerate},{ev_type:exonerate/ID=match.2566964.4065/Target=lcl|LCTV02000010_1_prot_PRQ72105_1_1076;exonerate},{ev_type:exonerate/ID=match.2566964.4064/Target=lcl|PJQD01000009_1_prot_POY75915_1_6631;exonerate}
328361	328712	internal+	1	1	{Augustus_model.g4243.t1;Augustus},{ev_type:exonerate/ID=match.2566964.4063/Target=lcl|KQ954490_1_prot_KWU43449_1_4234;exonerate},{ev_type:exonerate/ID=match.2566964.4065/Target=lcl|LCTV02000010_1_prot_PRQ72105_1_1076;exonerate},{ev_type:exonerate/ID=match.2566964.4064/Target=lcl|PJQD01000009_1_prot_POY75915_1_6631;exonerate}
328713	328771	INTRON			{GeneMark_model.5465_t;GeneMark},{GlimmerHMM_glimmerT_5108-T1;GlimmerHMM},{Augustus_model.g4243.t1;Augustus},{ev_type:exonerate/ID=match.2566964.4063/Target=lcl|KQ954490_1_prot_KWU43449_1_4234;exonerate},{ev_type:exonerate/ID=match.2566964.4065/Target=lcl|LCTV02000010_1_prot_PRQ72105_1_1076;exonerate},{ev_type:exonerate/ID=match.2566964.4064/Target=lcl|PJQD01000009_1_prot_POY75915_1_6631;exonerate}
328772	328965	internal+	2	3	{GeneMark_model.5465_t;GeneMark},{GlimmerHMM_glimmerT_5108-T1;GlimmerHMM},{Augustus_model.g4243.t1;Augustus},{ev_type:exonerate/ID=match.2566964.4063/Target=lcl|KQ954490_1_prot_KWU43449_1_4234;exonerate},{ev_type:exonerate/ID=match.2566964.4065/Target=lcl|LCTV02000010_1_prot_PRQ72105_1_1076;exonerate},{ev_type:exonerate/ID=match.2566964.4064/Target=lcl|PJQD01000009_1_prot_POY75915_1_6631;exonerate}
328966	329028	INTRON			{GeneMark_model.5465_t;GeneMark},{GlimmerHMM_glimmerT_5108-T1;GlimmerHMM},{Augustus_model.g4243.t1;Augustus},{ev_type:exonerate/ID=match.2566964.4063/Target=lcl|KQ954490_1_prot_KWU43449_1_4234;exonerate},{ev_type:exonerate/ID=match.2566964.4065/Target=lcl|LCTV02000010_1_prot_PRQ72105_1_1076;exonerate},{ev_type:exonerate/ID=match.2566964.4064/Target=lcl|PJQD01000009_1_prot_POY75915_1_6631;exonerate}
329029	329139	internal+	1	3	{GeneMark_model.5465_t;GeneMark},{Augustus_model.g4243.t1;Augustus},{ev_type:exonerate/ID=match.2566964.4063/Target=lcl|KQ954490_1_prot_KWU43449_1_4234;exonerate},{ev_type:exonerate/ID=match.2566964.4065/Target=lcl|LCTV02000010_1_prot_PRQ72105_1_1076;exonerate},{ev_type:exonerate/ID=match.2566964.4064/Target=lcl|PJQD01000009_1_prot_POY75915_1_6631;exonerate}
329140	329208	INTRON			{GeneMark_model.5465_t;GeneMark},{Augustus_model.g4243.t1;Augustus},{ev_type:exonerate/ID=match.2566964.4063/Target=lcl|KQ954490_1_prot_KWU43449_1_4234;exonerate},{ev_type:exonerate/ID=match.2566964.4065/Target=lcl|LCTV02000010_1_prot_PRQ72105_1_1076;exonerate},{ev_type:exonerate/ID=match.2566964.4064/Target=lcl|PJQD01000009_1_prot_POY75915_1_6631;exonerate}
329209	329414	internal+	1	2	{GeneMark_model.5465_t;GeneMark},{GlimmerHMM_glimmerT_5108-T1;GlimmerHMM},{Augustus_model.g4243.t1;Augustus},{ev_type:exonerate/ID=match.2566964.4063/Target=lcl|KQ954490_1_prot_KWU43449_1_4234;exonerate},{ev_type:exonerate/ID=match.2566964.4065/Target=lcl|LCTV02000010_1_prot_PRQ72105_1_1076;exonerate},{ev_type:exonerate/ID=match.2566964.4064/Target=lcl|PJQD01000009_1_prot_POY75915_1_6631;exonerate}
329415	329488	INTRON			{GeneMark_model.5465_t;GeneMark},{GlimmerHMM_glimmerT_5108-T1;GlimmerHMM},{Augustus_model.g4243.t1;Augustus},{ev_type:exonerate/ID=match.2566964.4063/Target=lcl|KQ954490_1_prot_KWU43449_1_4234;exonerate},{ev_type:exonerate/ID=match.2566964.4065/Target=lcl|LCTV02000010_1_prot_PRQ72105_1_1076;exonerate},{ev_type:exonerate/ID=match.2566964.4064/Target=lcl|PJQD01000009_1_prot_POY75915_1_6631;exonerate}
329489	329599	internal+	3	2	{GeneMark_model.5465_t;GeneMark},{Augustus_model.g4243.t1;Augustus},{ev_type:exonerate/ID=match.2566964.4063/Target=lcl|KQ954490_1_prot_KWU43449_1_4234;exonerate},{ev_type:exonerate/ID=match.2566964.4065/Target=lcl|LCTV02000010_1_prot_PRQ72105_1_1076;exonerate},{ev_type:exonerate/ID=match.2566964.4064/Target=lcl|PJQD01000009_1_prot_POY75915_1_6631;exonerate}
329600	329669	INTRON			{GeneMark_model.5465_t;GeneMark},{Augustus_model.g4243.t1;Augustus},{ev_type:exonerate/ID=match.2566964.4063/Target=lcl|KQ954490_1_prot_KWU43449_1_4234;exonerate},{ev_type:exonerate/ID=match.2566964.4065/Target=lcl|LCTV02000010_1_prot_PRQ72105_1_1076;exonerate},{ev_type:exonerate/ID=match.2566964.4064/Target=lcl|PJQD01000009_1_prot_POY75915_1_6631;exonerate}
329670	329850	internal+	3	3	{GeneMark_model.5465_t;GeneMark},{GlimmerHMM_glimmerT_5108-T1;GlimmerHMM},{Augustus_model.g4243.t1;Augustus},{ev_type:exonerate/ID=match.2566964.4063/Target=lcl|KQ954490_1_prot_KWU43449_1_4234;exonerate},{ev_type:exonerate/ID=match.2566964.4065/Target=lcl|LCTV02000010_1_prot_PRQ72105_1_1076;exonerate},{ev_type:exonerate/ID=match.2566964.4064/Target=lcl|PJQD01000009_1_prot_POY75915_1_6631;exonerate}
329851	329913	INTRON			{GeneMark_model.5465_t;GeneMark},{GlimmerHMM_glimmerT_5108-T1;GlimmerHMM},{Augustus_model.g4243.t1;Augustus},{ev_type:exonerate/ID=match.2566964.4063/Target=lcl|KQ954490_1_prot_KWU43449_1_4234;exonerate},{ev_type:exonerate/ID=match.2566964.4065/Target=lcl|LCTV02000010_1_prot_PRQ72105_1_1076;exonerate},{ev_type:exonerate/ID=match.2566964.4064/Target=lcl|PJQD01000009_1_prot_POY75915_1_6631;exonerate}
329914	330099	internal+	1	3	{GeneMark_model.5465_t;GeneMark},{Augustus_model.g4243.t1;Augustus},{ev_type:exonerate/ID=match.2566964.4063/Target=lcl|KQ954490_1_prot_KWU43449_1_4234;exonerate},{ev_type:exonerate/ID=match.2566964.4065/Target=lcl|LCTV02000010_1_prot_PRQ72105_1_1076;exonerate},{ev_type:exonerate/ID=match.2566964.4064/Target=lcl|PJQD01000009_1_prot_POY75915_1_6631;exonerate}
330100	330156	INTRON			{GeneMark_model.5465_t;GeneMark},{Augustus_model.g4243.t1;Augustus},{ev_type:exonerate/ID=match.2566964.4063/Target=lcl|KQ954490_1_prot_KWU43449_1_4234;exonerate},{ev_type:exonerate/ID=match.2566964.4065/Target=lcl|LCTV02000010_1_prot_PRQ72105_1_1076;exonerate},{ev_type:exonerate/ID=match.2566964.4064/Target=lcl|PJQD01000009_1_prot_POY75915_1_6631;exonerate}
330157	331078	internal+	1	1	{GeneMark_model.5465_t;GeneMark},{Augustus_model.g4243.t1;Augustus},{ev_type:exonerate/ID=match.2566964.4063/Target=lcl|KQ954490_1_prot_KWU43449_1_4234;exonerate},{ev_type:exonerate/ID=match.2566964.4065/Target=lcl|LCTV02000010_1_prot_PRQ72105_1_1076;exonerate},{ev_type:exonerate/ID=match.2566964.4064/Target=lcl|PJQD01000009_1_prot_POY75915_1_6631;exonerate}
331079	331148	INTRON			{GeneMark_model.5465_t;GeneMark},{GlimmerHMM_glimmerT_5108-T1;GlimmerHMM},{Augustus_model.g4243.t1;Augustus},{ev_type:exonerate/ID=match.2566964.4063/Target=lcl|KQ954490_1_prot_KWU43449_1_4234;exonerate},{ev_type:exonerate/ID=match.2566964.4065/Target=lcl|LCTV02000010_1_prot_PRQ72105_1_1076;exonerate},{ev_type:exonerate/ID=match.2566964.4064/Target=lcl|PJQD01000009_1_prot_POY75915_1_6631;exonerate}
331149	334814	internal+	2	1	{GeneMark_model.5465_t;GeneMark},{GlimmerHMM_glimmerT_5108-T1;GlimmerHMM},{Augustus_model.g4243.t1;Augustus},{ev_type:exonerate/ID=match.2566964.4063/Target=lcl|KQ954490_1_prot_KWU43449_1_4234;exonerate},{ev_type:exonerate/ID=match.2566964.4065/Target=lcl|LCTV02000010_1_prot_PRQ72105_1_1076;exonerate},{ev_type:exonerate/ID=match.2566964.4064/Target=lcl|PJQD01000009_1_prot_POY75915_1_6631;exonerate}
334815	334871	INTRON			{GeneMark_model.5465_t;GeneMark},{GlimmerHMM_glimmerT_5108-T1;GlimmerHMM},{Augustus_model.g4243.t1;Augustus},{ev_type:exonerate/ID=match.2566964.4063/Target=lcl|KQ954490_1_prot_KWU43449_1_4234;exonerate},{ev_type:exonerate/ID=match.2566964.4065/Target=lcl|LCTV02000010_1_prot_PRQ72105_1_1076;exonerate},{ev_type:exonerate/ID=match.2566964.4064/Target=lcl|PJQD01000009_1_prot_POY75915_1_6631;exonerate}
334872	335218	terminal+	2	3	{GeneMark_model.5465_t;GeneMark},{GlimmerHMM_glimmerT_5108-T1;GlimmerHMM}

# EVM prediction: Mode:STANDARD S-ratio: 6.97 336600-339867 orient(+) score(11734.00) noncoding_equivalent(1682.70) raw_noncoding(2119.05) offset(436.36)
336600	336922	initial+	1	2	{GeneMark_model.5466_t;GeneMark},{GlimmerHMM_glimmerT_5109-T1;GlimmerHMM}
336923	336991	INTRON			{GeneMark_model.5466_t;GeneMark},{GlimmerHMM_glimmerT_5109-T1;GlimmerHMM},{Augustus_model.g4243.t1;Augustus}
336992	337823	internal+	3	3	{GeneMark_model.5466_t;GeneMark},{GlimmerHMM_glimmerT_5109-T1;GlimmerHMM},{Augustus_model.g4243.t1;Augustus}
337824	337889	INTRON			{GeneMark_model.5466_t;GeneMark},{GlimmerHMM_glimmerT_5109-T1;GlimmerHMM},{Augustus_model.g4243.t1;Augustus}
337890	338852	internal+	1	3	{GeneMark_model.5466_t;GeneMark},{GlimmerHMM_glimmerT_5109-T1;GlimmerHMM},{Augustus_model.g4243.t1;Augustus}
338853	338913	INTRON			{GeneMark_model.5466_t;GeneMark},{GlimmerHMM_glimmerT_5109-T1;GlimmerHMM},{Augustus_model.g4243.t1;Augustus}
338914	339101	internal+	1	2	{GeneMark_model.5466_t;GeneMark},{GlimmerHMM_glimmerT_5109-T1;GlimmerHMM},{Augustus_model.g4243.t1;Augustus}
339102	339174	INTRON			{GeneMark_model.5466_t;GeneMark},{Augustus_model.g4243.t1;Augustus}
339175	339279	internal+	3	2	{Augustus_model.g4243.t1;Augustus}
339280	339353	INTRON			{Augustus_model.g4243.t1;Augustus}
339354	339509	internal+	3	2	{GeneMark_model.5466_t;GeneMark},{GlimmerHMM_glimmerT_5109-T1;GlimmerHMM},{Augustus_model.g4243.t1;Augustus}
339510	339572	INTRON			{GeneMark_model.5466_t;GeneMark},{GlimmerHMM_glimmerT_5109-T1;GlimmerHMM},{Augustus_model.g4243.t1;Augustus}
339573	339867	terminal+	3	3	{GeneMark_model.5466_t;GeneMark},{GlimmerHMM_glimmerT_5109-T1;GlimmerHMM},{Augustus_model.g4243.t1;Augustus}

# EVM prediction: Mode:STANDARD S-ratio: 1.56 340753-341728 orient(+) score(2381.00) noncoding_equivalent(1522.01) raw_noncoding(2077.00) offset(554.99)
340753	340851	initial+	1	3	{Augustus_model.g4244.t1;Augustus},{GeneMark_model.5467_t;GeneMark}
340852	340925	INTRON			{Augustus_model.g4244.t1;Augustus},{GeneMark_model.5467_t;GeneMark}
340926	340999	internal+	1	2	{Augustus_model.g4244.t1;Augustus},{GeneMark_model.5467_t;GeneMark}
341000	341062	INTRON			{Augustus_model.g4244.t1;Augustus},{GeneMark_model.5467_t;GeneMark}
341063	341214	internal+	3	1	{Augustus_model.g4244.t1;Augustus},{GeneMark_model.5467_t;GeneMark}
341215	341292	INTRON			{Augustus_model.g4244.t1;Augustus},{GeneMark_model.5467_t;GeneMark}
341293	341329	internal+	2	2	{Augustus_model.g4244.t1;Augustus},{GeneMark_model.5467_t;GeneMark}
341330	341391	INTRON			{Augustus_model.g4244.t1;Augustus},{GeneMark_model.5467_t;GeneMark}
341392	341728	terminal+	3	3	{GlimmerHMM_glimmerT_5110-T1;GlimmerHMM},{Augustus_model.g4244.t1;Augustus},{GeneMark_model.5467_t;GeneMark}

# EVM prediction: Mode:STANDARD S-ratio: 2.74 341922-343158 orient(-) score(3711.00) noncoding_equivalent(1355.00) raw_noncoding(1420.00) offset(65.00)
342291	341922	terminal-	6	6	{GlimmerHMM_glimmerT_5111-T1;GlimmerHMM},{GeneMark_model.5468_t;GeneMark},{Augustus_model.g4245.t1;Augustus}
342352	342292	INTRON			{GlimmerHMM_glimmerT_5111-T1;GlimmerHMM},{GeneMark_model.5468_t;GeneMark},{Augustus_model.g4245.t1;Augustus}
343158	342353	initial-	4	5	{GlimmerHMM_glimmerT_5111-T1;GlimmerHMM},{GeneMark_model.5468_t;GeneMark},{Augustus_model.g4245.t1;Augustus}

# EVM prediction: Mode:STANDARD S-ratio: 3.86 343956-345361 orient(+) score(4808.00) noncoding_equivalent(1244.34) raw_noncoding(1400.53) offset(156.19)
343956	344057	initial+	1	3	{GlimmerHMM_glimmerT_5112-T1;GlimmerHMM},{Augustus_model.g4246.t1;Augustus},{GeneMark_model.5469_t;GeneMark}
344058	344143	INTRON			{GlimmerHMM_glimmerT_5112-T1;GlimmerHMM},{Augustus_model.g4246.t1;Augustus},{GeneMark_model.5469_t;GeneMark}
344144	344733	internal+	1	2	{GlimmerHMM_glimmerT_5112-T1;GlimmerHMM},{Augustus_model.g4246.t1;Augustus},{GeneMark_model.5469_t;GeneMark}
344734	344806	INTRON			{GlimmerHMM_glimmerT_5112-T1;GlimmerHMM},{Augustus_model.g4246.t1;Augustus},{GeneMark_model.5469_t;GeneMark}
344807	344959	internal+	3	2	{GlimmerHMM_glimmerT_5112-T1;GlimmerHMM},{Augustus_model.g4246.t1;Augustus},{GeneMark_model.5469_t;GeneMark}
344960	345021	INTRON			{GlimmerHMM_glimmerT_5112-T1;GlimmerHMM},{Augustus_model.g4246.t1;Augustus},{GeneMark_model.5469_t;GeneMark}
345022	345361	terminal+	3	3	{GlimmerHMM_glimmerT_5112-T1;GlimmerHMM},{Augustus_model.g4246.t1;Augustus},{GeneMark_model.5469_t;GeneMark}

# EVM prediction: Mode:STANDARD S-ratio: 2.75 345706-349155 orient(-) score(10201.00) noncoding_equivalent(3706.19) raw_noncoding(4105.98) offset(399.79)
347125	345706	terminal-	6	6	{GlimmerHMM_glimmerT_5113-T1;GlimmerHMM},{Augustus_model.g4247.t1;Augustus},{GeneMark_model.5470_t;GeneMark}
347194	347126	INTRON			{GlimmerHMM_glimmerT_5113-T1;GlimmerHMM},{Augustus_model.g4247.t1;Augustus},{GeneMark_model.5470_t;GeneMark}
347785	347195	internal-	6	5	{GlimmerHMM_glimmerT_5113-T1;GlimmerHMM},{Augustus_model.g4247.t1;Augustus},{GeneMark_model.5470_t;GeneMark}
347847	347786	INTRON			{snap_scaffold_13-snap.148-T1;snap},{Augustus_model.g4247.t1;Augustus},{GeneMark_model.5470_t;GeneMark}
347944	347848	internal-	5	5	{Augustus_model.g4247.t1;Augustus},{GeneMark_model.5470_t;GeneMark}
348006	347945	INTRON			{Augustus_model.g4247.t1;Augustus},{GeneMark_model.5470_t;GeneMark}
348117	348007	internal-	5	4	{GeneMark_model.5470_t;GeneMark}
348188	348118	INTRON			{GeneMark_model.5470_t;GeneMark}
349155	348189	initial-	4	4	{GeneMark_model.5470_t;GeneMark}

# EVM prediction: Mode:STANDARD S-ratio: 7.69 350236-351710 orient(-) score(5348.00) noncoding_equivalent(695.06) raw_noncoding(774.09) offset(79.03)
351275	350236	terminal-	5	6	{GeneMark_model.5471_t;GeneMark},{GlimmerHMM_glimmerT_5114-T1;GlimmerHMM}
351349	351276	INTRON			{GeneMark_model.5471_t;GeneMark},{Augustus_model.g4247.t1;Augustus},{GlimmerHMM_glimmerT_5114-T1;GlimmerHMM}
351710	351350	initial-	4	4	{GeneMark_model.5471_t;GeneMark},{Augustus_model.g4247.t1;Augustus},{GlimmerHMM_glimmerT_5114-T1;GlimmerHMM}

# EVM prediction: Mode:STANDARD S-ratio: 2.32 352265-353510 orient(+) score(3976.00) noncoding_equivalent(1713.54) raw_noncoding(2014.00) offset(300.46)
352265	352374	initial+	1	2	{GeneMark_model.5472_t;GeneMark},{GlimmerHMM_glimmerT_5115-T1;GlimmerHMM},{Augustus_model.g4248.t1;Augustus}
352375	352439	INTRON			{GeneMark_model.5472_t;GeneMark},{GlimmerHMM_glimmerT_5115-T1;GlimmerHMM},{Augustus_model.g4248.t1;Augustus}
352440	352654	internal+	3	1	{GeneMark_model.5472_t;GeneMark},{GlimmerHMM_glimmerT_5115-T1;GlimmerHMM},{Augustus_model.g4248.t1;Augustus}
352655	352725	INTRON			{GeneMark_model.5472_t;GeneMark},{GlimmerHMM_glimmerT_5115-T1;GlimmerHMM},{Augustus_model.g4248.t1;Augustus}
352726	352958	internal+	2	3	{GeneMark_model.5472_t;GeneMark},{GlimmerHMM_glimmerT_5115-T1;GlimmerHMM},{Augustus_model.g4248.t1;Augustus}
352959	353035	INTRON			{GeneMark_model.5472_t;GeneMark},{GlimmerHMM_glimmerT_5115-T1;GlimmerHMM},{Augustus_model.g4248.t1;Augustus}
353036	353198	internal+	1	1	{GeneMark_model.5472_t;GeneMark},{GlimmerHMM_glimmerT_5115-T1;GlimmerHMM},{Augustus_model.g4248.t1;Augustus}
353199	353346	INTRON			{GeneMark_model.5472_t;GeneMark},{GlimmerHMM_glimmerT_5115-T1;GlimmerHMM},{Augustus_model.g4248.t1;Augustus}
353347	353510	terminal+	2	3	{GeneMark_model.5472_t;GeneMark},{GlimmerHMM_glimmerT_5115-T1;GlimmerHMM},{Augustus_model.g4248.t1;Augustus}

# EVM prediction: Mode:STANDARD S-ratio: 5.68 353754-356189 orient(+) score(16234.00) noncoding_equivalent(2858.14) raw_noncoding(3672.00) offset(813.86)
353754	353802	initial+	1	1	{GeneMark_model.5473_t;GeneMark},{Augustus_model.g4249.t1;Augustus},{GlimmerHMM_glimmerT_5116-T1;GlimmerHMM}
353803	354326	INTRON			{GeneMark_model.5473_t;GeneMark},{Augustus_model.g4249.t1;Augustus},{GlimmerHMM_glimmerT_5116-T1;GlimmerHMM},{ev_type:exonerate/ID=match.2566964.4096/Target=lcl|KQ954490_1_prot_KWU43460_1_4245;exonerate}
354327	354588	internal+	2	2	{GeneMark_model.5473_t;GeneMark},{Augustus_model.g4249.t1;Augustus},{GlimmerHMM_glimmerT_5116-T1;GlimmerHMM},{ev_type:exonerate/ID=match.2566964.4096/Target=lcl|KQ954490_1_prot_KWU43460_1_4245;exonerate}
354589	354674	INTRON			{GeneMark_model.5473_t;GeneMark},{Augustus_model.g4249.t1;Augustus},{GlimmerHMM_glimmerT_5116-T1;GlimmerHMM},{ev_type:exonerate/ID=match.2566964.4105/Target=lcl|PJQD01000009_1_prot_POY75923_1_6639;exonerate},{ev_type:exonerate/ID=match.2566964.4096/Target=lcl|KQ954490_1_prot_KWU43460_1_4245;exonerate},{ev_type:exonerate/ID=match.2566964.4101/Target=lcl|NW_017264941_1_prot_XP_018268663_1_6118;exonerate},{ev_type:exonerate/ID=match.2566964.4099/Target=lcl|LCTV02000010_1_prot_PRQ72118_1_1089;exonerate}
354675	354857	internal+	3	2	{GeneMark_model.5473_t;GeneMark},{Augustus_model.g4249.t1;Augustus},{GlimmerHMM_glimmerT_5116-T1;GlimmerHMM},{ev_type:exonerate/ID=match.2566964.4105/Target=lcl|PJQD01000009_1_prot_POY75923_1_6639;exonerate},{ev_type:exonerate/ID=match.2566964.4096/Target=lcl|KQ954490_1_prot_KWU43460_1_4245;exonerate},{ev_type:exonerate/ID=match.2566964.4101/Target=lcl|NW_017264941_1_prot_XP_018268663_1_6118;exonerate},{ev_type:exonerate/ID=match.2566964.4099/Target=lcl|LCTV02000010_1_prot_PRQ72118_1_1089;exonerate}
354858	354929	INTRON			{GeneMark_model.5473_t;GeneMark},{Augustus_model.g4249.t1;Augustus},{GlimmerHMM_glimmerT_5116-T1;GlimmerHMM},{ev_type:exonerate/ID=match.2566964.4105/Target=lcl|PJQD01000009_1_prot_POY75923_1_6639;exonerate},{ev_type:exonerate/ID=match.2566964.4096/Target=lcl|KQ954490_1_prot_KWU43460_1_4245;exonerate},{ev_type:exonerate/ID=match.2566964.4101/Target=lcl|NW_017264941_1_prot_XP_018268663_1_6118;exonerate},{ev_type:exonerate/ID=match.2566964.4099/Target=lcl|LCTV02000010_1_prot_PRQ72118_1_1089;exonerate}
354930	355067	internal+	3	2	{GeneMark_model.5473_t;GeneMark},{Augustus_model.g4249.t1;Augustus},{ev_type:exonerate/ID=match.2566964.4105/Target=lcl|PJQD01000009_1_prot_POY75923_1_6639;exonerate},{ev_type:exonerate/ID=match.2566964.4096/Target=lcl|KQ954490_1_prot_KWU43460_1_4245;exonerate},{ev_type:exonerate/ID=match.2566964.4101/Target=lcl|NW_017264941_1_prot_XP_018268663_1_6118;exonerate},{ev_type:exonerate/ID=match.2566964.4099/Target=lcl|LCTV02000010_1_prot_PRQ72118_1_1089;exonerate}
355068	355139	INTRON			{GeneMark_model.5473_t;GeneMark},{Augustus_model.g4249.t1;Augustus},{ev_type:exonerate/ID=match.2566964.4105/Target=lcl|PJQD01000009_1_prot_POY75923_1_6639;exonerate},{ev_type:exonerate/ID=match.2566964.4096/Target=lcl|KQ954490_1_prot_KWU43460_1_4245;exonerate},{ev_type:exonerate/ID=match.2566964.4101/Target=lcl|NW_017264941_1_prot_XP_018268663_1_6118;exonerate},{ev_type:exonerate/ID=match.2566964.4099/Target=lcl|LCTV02000010_1_prot_PRQ72118_1_1089;exonerate}
355140	356078	internal+	3	2	{GeneMark_model.5473_t;GeneMark},{Augustus_model.g4249.t1;Augustus},{ev_type:exonerate/ID=match.2566964.4105/Target=lcl|PJQD01000009_1_prot_POY75923_1_6639;exonerate},{ev_type:exonerate/ID=match.2566964.4096/Target=lcl|KQ954490_1_prot_KWU43460_1_4245;exonerate},{ev_type:exonerate/ID=match.2566964.4101/Target=lcl|NW_017264941_1_prot_XP_018268663_1_6118;exonerate},{ev_type:exonerate/ID=match.2566964.4099/Target=lcl|LCTV02000010_1_prot_PRQ72118_1_1089;exonerate}
356079	356140	INTRON			{GeneMark_model.5473_t;GeneMark},{Augustus_model.g4249.t1;Augustus},{GlimmerHMM_glimmerT_5117-T1;GlimmerHMM},{ev_type:exonerate/ID=match.2566964.4105/Target=lcl|PJQD01000009_1_prot_POY75923_1_6639;exonerate},{ev_type:exonerate/ID=match.2566964.4096/Target=lcl|KQ954490_1_prot_KWU43460_1_4245;exonerate},{ev_type:exonerate/ID=match.2566964.4101/Target=lcl|NW_017264941_1_prot_XP_018268663_1_6118;exonerate},{ev_type:exonerate/ID=match.2566964.4099/Target=lcl|LCTV02000010_1_prot_PRQ72118_1_1089;exonerate}
356141	356189	terminal+	3	3	{GeneMark_model.5473_t;GeneMark},{Augustus_model.g4249.t1;Augustus},{GlimmerHMM_glimmerT_5117-T1;GlimmerHMM}

# EVM prediction: Mode:STANDARD S-ratio: 4.84 356513-358682 orient(-) score(19040.00) noncoding_equivalent(3932.52) raw_noncoding(5738.48) offset(1805.96)
356591	356513	terminal-	6	6	{HiQ_model.g4250.t1;HiQ},{GeneMark_model.5474_t;GeneMark},{GlimmerHMM_glimmerT_5118-T1;GlimmerHMM}
356655	356592	INTRON			{HiQ_model.g4250.t1;HiQ},{GeneMark_model.5474_t;GeneMark},{GlimmerHMM_glimmerT_5118-T1;GlimmerHMM},{ev_type:exonerate/ID=match.2566964.1660/Target=lcl|PJQD01000009_1_prot_POY75924_1_6640;exonerate},{ev_type:exonerate/ID=match.2566964.1659/Target=lcl|KQ954490_1_prot_KWU43461_1_4246;exonerate}
356736	356656	internal-	6	5	{HiQ_model.g4250.t1;HiQ},{GeneMark_model.5474_t;GeneMark},{GlimmerHMM_glimmerT_5118-T1;GlimmerHMM},{ev_type:exonerate/ID=match.2566964.1660/Target=lcl|PJQD01000009_1_prot_POY75924_1_6640;exonerate},{ev_type:exonerate/ID=match.2566964.1659/Target=lcl|KQ954490_1_prot_KWU43461_1_4246;exonerate}
356805	356737	INTRON			{HiQ_model.g4250.t1;HiQ},{GeneMark_model.5474_t;GeneMark},{GlimmerHMM_glimmerT_5118-T1;GlimmerHMM},{ev_type:exonerate/ID=match.2566964.1666/Target=lcl|BJWK01000012_1_prot_GEM10827_1_4844;exonerate},{ev_type:exonerate/ID=match.2566964.1660/Target=lcl|PJQD01000009_1_prot_POY75924_1_6640;exonerate},{ev_type:exonerate/ID=match.2566964.1659/Target=lcl|KQ954490_1_prot_KWU43461_1_4246;exonerate},{ev_type:exonerate/ID=match.2566964.1665/Target=lcl|LCTV02000010_1_prot_PRQ72119_1_1090;exonerate},{ev_type:exonerate/ID=match.2566964.1664/Target=lcl|NW_017264941_1_prot_XP_018268662_1_6117;exonerate}
356851	356806	internal-	5	5	{HiQ_model.g4250.t1;HiQ},{GeneMark_model.5474_t;GeneMark},{GlimmerHMM_glimmerT_5118-T1;GlimmerHMM},{ev_type:exonerate/ID=match.2566964.1666/Target=lcl|BJWK01000012_1_prot_GEM10827_1_4844;exonerate},{ev_type:exonerate/ID=match.2566964.1660/Target=lcl|PJQD01000009_1_prot_POY75924_1_6640;exonerate},{ev_type:exonerate/ID=match.2566964.1659/Target=lcl|KQ954490_1_prot_KWU43461_1_4246;exonerate},{ev_type:exonerate/ID=match.2566964.1665/Target=lcl|LCTV02000010_1_prot_PRQ72119_1_1090;exonerate},{ev_type:exonerate/ID=match.2566964.1664/Target=lcl|NW_017264941_1_prot_XP_018268662_1_6117;exonerate}
356919	356852	INTRON			{HiQ_model.g4250.t1;HiQ},{GeneMark_model.5474_t;GeneMark},{GlimmerHMM_glimmerT_5118-T1;GlimmerHMM},{ev_type:exonerate/ID=match.2566964.1666/Target=lcl|BJWK01000012_1_prot_GEM10827_1_4844;exonerate},{ev_type:exonerate/ID=match.2566964.1660/Target=lcl|PJQD01000009_1_prot_POY75924_1_6640;exonerate},{ev_type:exonerate/ID=match.2566964.1659/Target=lcl|KQ954490_1_prot_KWU43461_1_4246;exonerate},{ev_type:exonerate/ID=match.2566964.1665/Target=lcl|LCTV02000010_1_prot_PRQ72119_1_1090;exonerate},{ev_type:exonerate/ID=match.2566964.1664/Target=lcl|NW_017264941_1_prot_XP_018268662_1_6117;exonerate}
357133	356920	internal-	4	4	{HiQ_model.g4250.t1;HiQ},{GeneMark_model.5474_t;GeneMark},{GlimmerHMM_glimmerT_5118-T1;GlimmerHMM},{ev_type:exonerate/ID=match.2566964.1666/Target=lcl|BJWK01000012_1_prot_GEM10827_1_4844;exonerate},{ev_type:exonerate/ID=match.2566964.1660/Target=lcl|PJQD01000009_1_prot_POY75924_1_6640;exonerate},{ev_type:exonerate/ID=match.2566964.1659/Target=lcl|KQ954490_1_prot_KWU43461_1_4246;exonerate},{ev_type:exonerate/ID=match.2566964.1665/Target=lcl|LCTV02000010_1_prot_PRQ72119_1_1090;exonerate},{ev_type:exonerate/ID=match.2566964.1664/Target=lcl|NW_017264941_1_prot_XP_018268662_1_6117;exonerate}
357213	357134	INTRON			{HiQ_model.g4250.t1;HiQ},{GeneMark_model.5474_t;GeneMark},{GlimmerHMM_glimmerT_5118-T1;GlimmerHMM},{ev_type:exonerate/ID=match.2566964.1666/Target=lcl|BJWK01000012_1_prot_GEM10827_1_4844;exonerate},{ev_type:exonerate/ID=match.2566964.1660/Target=lcl|PJQD01000009_1_prot_POY75924_1_6640;exonerate},{ev_type:exonerate/ID=match.2566964.1659/Target=lcl|KQ954490_1_prot_KWU43461_1_4246;exonerate},{ev_type:exonerate/ID=match.2566964.1665/Target=lcl|LCTV02000010_1_prot_PRQ72119_1_1090;exonerate},{ev_type:exonerate/ID=match.2566964.1664/Target=lcl|NW_017264941_1_prot_XP_018268662_1_6117;exonerate}
357428	357214	internal-	5	6	{HiQ_model.g4250.t1;HiQ},{GeneMark_model.5474_t;GeneMark},{GlimmerHMM_glimmerT_5118-T1;GlimmerHMM},{ev_type:exonerate/ID=match.2566964.1666/Target=lcl|BJWK01000012_1_prot_GEM10827_1_4844;exonerate},{ev_type:exonerate/ID=match.2566964.1660/Target=lcl|PJQD01000009_1_prot_POY75924_1_6640;exonerate},{ev_type:exonerate/ID=match.2566964.1659/Target=lcl|KQ954490_1_prot_KWU43461_1_4246;exonerate},{ev_type:exonerate/ID=match.2566964.1665/Target=lcl|LCTV02000010_1_prot_PRQ72119_1_1090;exonerate},{ev_type:exonerate/ID=match.2566964.1664/Target=lcl|NW_017264941_1_prot_XP_018268662_1_6117;exonerate}
357495	357429	INTRON			{HiQ_model.g4250.t1;HiQ},{GeneMark_model.5474_t;GeneMark},{GlimmerHMM_glimmerT_5118-T1;GlimmerHMM},{ev_type:exonerate/ID=match.2566964.1666/Target=lcl|BJWK01000012_1_prot_GEM10827_1_4844;exonerate},{ev_type:exonerate/ID=match.2566964.1660/Target=lcl|PJQD01000009_1_prot_POY75924_1_6640;exonerate},{ev_type:exonerate/ID=match.2566964.1659/Target=lcl|KQ954490_1_prot_KWU43461_1_4246;exonerate},{ev_type:exonerate/ID=match.2566964.1665/Target=lcl|LCTV02000010_1_prot_PRQ72119_1_1090;exonerate},{ev_type:exonerate/ID=match.2566964.1664/Target=lcl|NW_017264941_1_prot_XP_018268662_1_6117;exonerate}
357625	357496	internal-	4	4	{HiQ_model.g4250.t1;HiQ},{GeneMark_model.5474_t;GeneMark},{GlimmerHMM_glimmerT_5118-T1;GlimmerHMM},{ev_type:exonerate/ID=match.2566964.1666/Target=lcl|BJWK01000012_1_prot_GEM10827_1_4844;exonerate},{ev_type:exonerate/ID=match.2566964.1660/Target=lcl|PJQD01000009_1_prot_POY75924_1_6640;exonerate},{ev_type:exonerate/ID=match.2566964.1659/Target=lcl|KQ954490_1_prot_KWU43461_1_4246;exonerate},{ev_type:exonerate/ID=match.2566964.1665/Target=lcl|LCTV02000010_1_prot_PRQ72119_1_1090;exonerate},{ev_type:exonerate/ID=match.2566964.1664/Target=lcl|NW_017264941_1_prot_XP_018268662_1_6117;exonerate}
357697	357626	INTRON			{HiQ_model.g4250.t1;HiQ},{GeneMark_model.5474_t;GeneMark},{GlimmerHMM_glimmerT_5118-T1;GlimmerHMM},{ev_type:exonerate/ID=match.2566964.1666/Target=lcl|BJWK01000012_1_prot_GEM10827_1_4844;exonerate},{ev_type:exonerate/ID=match.2566964.1660/Target=lcl|PJQD01000009_1_prot_POY75924_1_6640;exonerate},{ev_type:exonerate/ID=match.2566964.1659/Target=lcl|KQ954490_1_prot_KWU43461_1_4246;exonerate},{ev_type:exonerate/ID=match.2566964.1665/Target=lcl|LCTV02000010_1_prot_PRQ72119_1_1090;exonerate},{ev_type:exonerate/ID=match.2566964.1664/Target=lcl|NW_017264941_1_prot_XP_018268662_1_6117;exonerate}
357842	357698	internal-	6	6	{HiQ_model.g4250.t1;HiQ},{GeneMark_model.5474_t;GeneMark},{GlimmerHMM_glimmerT_5118-T1;GlimmerHMM},{ev_type:exonerate/ID=match.2566964.1666/Target=lcl|BJWK01000012_1_prot_GEM10827_1_4844;exonerate},{ev_type:exonerate/ID=match.2566964.1660/Target=lcl|PJQD01000009_1_prot_POY75924_1_6640;exonerate},{ev_type:exonerate/ID=match.2566964.1659/Target=lcl|KQ954490_1_prot_KWU43461_1_4246;exonerate},{ev_type:exonerate/ID=match.2566964.1665/Target=lcl|LCTV02000010_1_prot_PRQ72119_1_1090;exonerate},{ev_type:exonerate/ID=match.2566964.1664/Target=lcl|NW_017264941_1_prot_XP_018268662_1_6117;exonerate}
357912	357843	INTRON			{HiQ_model.g4250.t1;HiQ},{GeneMark_model.5474_t;GeneMark},{GlimmerHMM_glimmerT_5118-T1;GlimmerHMM},{ev_type:exonerate/ID=match.2566964.1666/Target=lcl|BJWK01000012_1_prot_GEM10827_1_4844;exonerate},{ev_type:exonerate/ID=match.2566964.1660/Target=lcl|PJQD01000009_1_prot_POY75924_1_6640;exonerate},{ev_type:exonerate/ID=match.2566964.1659/Target=lcl|KQ954490_1_prot_KWU43461_1_4246;exonerate},{ev_type:exonerate/ID=match.2566964.1665/Target=lcl|LCTV02000010_1_prot_PRQ72119_1_1090;exonerate},{ev_type:exonerate/ID=match.2566964.1664/Target=lcl|NW_017264941_1_prot_XP_018268662_1_6117;exonerate}
357981	357913	internal-	6	5	{HiQ_model.g4250.t1;HiQ},{GeneMark_model.5474_t;GeneMark},{GlimmerHMM_glimmerT_5118-T1;GlimmerHMM},{ev_type:exonerate/ID=match.2566964.1666/Target=lcl|BJWK01000012_1_prot_GEM10827_1_4844;exonerate},{ev_type:exonerate/ID=match.2566964.1660/Target=lcl|PJQD01000009_1_prot_POY75924_1_6640;exonerate},{ev_type:exonerate/ID=match.2566964.1659/Target=lcl|KQ954490_1_prot_KWU43461_1_4246;exonerate},{ev_type:exonerate/ID=match.2566964.1665/Target=lcl|LCTV02000010_1_prot_PRQ72119_1_1090;exonerate},{ev_type:exonerate/ID=match.2566964.1664/Target=lcl|NW_017264941_1_prot_XP_018268662_1_6117;exonerate}
358046	357982	INTRON			{HiQ_model.g4250.t1;HiQ},{GeneMark_model.5474_t;GeneMark},{GlimmerHMM_glimmerT_5118-T1;GlimmerHMM},{ev_type:exonerate/ID=match.2566964.1666/Target=lcl|BJWK01000012_1_prot_GEM10827_1_4844;exonerate},{ev_type:exonerate/ID=match.2566964.1660/Target=lcl|PJQD01000009_1_prot_POY75924_1_6640;exonerate},{ev_type:exonerate/ID=match.2566964.1659/Target=lcl|KQ954490_1_prot_KWU43461_1_4246;exonerate},{ev_type:exonerate/ID=match.2566964.1665/Target=lcl|LCTV02000010_1_prot_PRQ72119_1_1090;exonerate},{ev_type:exonerate/ID=match.2566964.1664/Target=lcl|NW_017264941_1_prot_XP_018268662_1_6117;exonerate}
358108	358047	internal-	4	5	{HiQ_model.g4250.t1;HiQ},{GeneMark_model.5474_t;GeneMark},{ev_type:exonerate/ID=match.2566964.1666/Target=lcl|BJWK01000012_1_prot_GEM10827_1_4844;exonerate},{ev_type:exonerate/ID=match.2566964.1660/Target=lcl|PJQD01000009_1_prot_POY75924_1_6640;exonerate},{ev_type:exonerate/ID=match.2566964.1659/Target=lcl|KQ954490_1_prot_KWU43461_1_4246;exonerate},{ev_type:exonerate/ID=match.2566964.1665/Target=lcl|LCTV02000010_1_prot_PRQ72119_1_1090;exonerate},{ev_type:exonerate/ID=match.2566964.1664/Target=lcl|NW_017264941_1_prot_XP_018268662_1_6117;exonerate}
358195	358109	INTRON			{HiQ_model.g4250.t1;HiQ},{GeneMark_model.5474_t;GeneMark},{ev_type:exonerate/ID=match.2566964.1666/Target=lcl|BJWK01000012_1_prot_GEM10827_1_4844;exonerate},{ev_type:exonerate/ID=match.2566964.1660/Target=lcl|PJQD01000009_1_prot_POY75924_1_6640;exonerate},{ev_type:exonerate/ID=match.2566964.1659/Target=lcl|KQ954490_1_prot_KWU43461_1_4246;exonerate},{ev_type:exonerate/ID=match.2566964.1665/Target=lcl|LCTV02000010_1_prot_PRQ72119_1_1090;exonerate},{ev_type:exonerate/ID=match.2566964.1664/Target=lcl|NW_017264941_1_prot_XP_018268662_1_6117;exonerate}
358263	358196	internal-	5	6	{HiQ_model.g4250.t1;HiQ},{GeneMark_model.5474_t;GeneMark},{ev_type:exonerate/ID=match.2566964.1666/Target=lcl|BJWK01000012_1_prot_GEM10827_1_4844;exonerate},{ev_type:exonerate/ID=match.2566964.1660/Target=lcl|PJQD01000009_1_prot_POY75924_1_6640;exonerate},{ev_type:exonerate/ID=match.2566964.1659/Target=lcl|KQ954490_1_prot_KWU43461_1_4246;exonerate},{ev_type:exonerate/ID=match.2566964.1665/Target=lcl|LCTV02000010_1_prot_PRQ72119_1_1090;exonerate},{ev_type:exonerate/ID=match.2566964.1664/Target=lcl|NW_017264941_1_prot_XP_018268662_1_6117;exonerate}
358331	358264	INTRON			{HiQ_model.g4250.t1;HiQ},{GeneMark_model.5474_t;GeneMark},{GlimmerHMM_glimmerT_5118-T1;GlimmerHMM},{ev_type:exonerate/ID=match.2566964.1666/Target=lcl|BJWK01000012_1_prot_GEM10827_1_4844;exonerate},{ev_type:exonerate/ID=match.2566964.1660/Target=lcl|PJQD01000009_1_prot_POY75924_1_6640;exonerate},{ev_type:exonerate/ID=match.2566964.1659/Target=lcl|KQ954490_1_prot_KWU43461_1_4246;exonerate},{ev_type:exonerate/ID=match.2566964.1665/Target=lcl|LCTV02000010_1_prot_PRQ72119_1_1090;exonerate},{ev_type:exonerate/ID=match.2566964.1664/Target=lcl|NW_017264941_1_prot_XP_018268662_1_6117;exonerate}
358491	358332	internal-	4	4	{HiQ_model.g4250.t1;HiQ},{GeneMark_model.5474_t;GeneMark},{GlimmerHMM_glimmerT_5118-T1;GlimmerHMM},{ev_type:exonerate/ID=match.2566964.1666/Target=lcl|BJWK01000012_1_prot_GEM10827_1_4844;exonerate},{ev_type:exonerate/ID=match.2566964.1660/Target=lcl|PJQD01000009_1_prot_POY75924_1_6640;exonerate},{ev_type:exonerate/ID=match.2566964.1659/Target=lcl|KQ954490_1_prot_KWU43461_1_4246;exonerate},{ev_type:exonerate/ID=match.2566964.1665/Target=lcl|LCTV02000010_1_prot_PRQ72119_1_1090;exonerate},{ev_type:exonerate/ID=match.2566964.1664/Target=lcl|NW_017264941_1_prot_XP_018268662_1_6117;exonerate}
358637	358492	INTRON			{HiQ_model.g4250.t1;HiQ},{GeneMark_model.5474_t;GeneMark},{ev_type:exonerate/ID=match.2566964.1666/Target=lcl|BJWK01000012_1_prot_GEM10827_1_4844;exonerate},{ev_type:exonerate/ID=match.2566964.1660/Target=lcl|PJQD01000009_1_prot_POY75924_1_6640;exonerate},{ev_type:exonerate/ID=match.2566964.1659/Target=lcl|KQ954490_1_prot_KWU43461_1_4246;exonerate},{ev_type:exonerate/ID=match.2566964.1665/Target=lcl|LCTV02000010_1_prot_PRQ72119_1_1090;exonerate},{ev_type:exonerate/ID=match.2566964.1664/Target=lcl|NW_017264941_1_prot_XP_018268662_1_6117;exonerate}
358682	358638	initial-	4	6	{HiQ_model.g4250.t1;HiQ},{GeneMark_model.5474_t;GeneMark}

# EVM prediction: Mode:STANDARD S-ratio: 2.00 359075-360729 orient(-) score(4994.00) noncoding_equivalent(2500.12) raw_noncoding(2972.33) offset(472.21)
359200	359075	terminal-	4	6	{Augustus_model.g4251.t1;Augustus},{GeneMark_model.5475_t;GeneMark}
359286	359201	INTRON			{Augustus_model.g4251.t1;Augustus},{GeneMark_model.5475_t;GeneMark}
359480	359287	internal-	5	6	{Augustus_model.g4251.t1;Augustus},{GeneMark_model.5475_t;GeneMark},{GlimmerHMM_glimmerT_5118-T1;GlimmerHMM}
359612	359481	INTRON			{Augustus_model.g4251.t1;Augustus},{GeneMark_model.5475_t;GeneMark},{GlimmerHMM_glimmerT_5118-T1;GlimmerHMM}
359807	359613	internal-	5	4	{Augustus_model.g4251.t1;Augustus},{GeneMark_model.5475_t;GeneMark},{GlimmerHMM_glimmerT_5118-T1;GlimmerHMM}
359940	359808	INTRON			{Augustus_model.g4251.t1;Augustus},{GeneMark_model.5475_t;GeneMark},{GlimmerHMM_glimmerT_5118-T1;GlimmerHMM}
360076	359941	internal-	4	4	{Augustus_model.g4251.t1;Augustus},{GeneMark_model.5475_t;GeneMark},{GlimmerHMM_glimmerT_5118-T1;GlimmerHMM}
360255	360077	INTRON			{Augustus_model.g4251.t1;Augustus},{GeneMark_model.5475_t;GeneMark},{GlimmerHMM_glimmerT_5118-T1;GlimmerHMM}
360729	360256	initial-	4	6	{Augustus_model.g4251.t1;Augustus}

# EVM prediction: Mode:STANDARD S-ratio: 2.34 361040-362388 orient(+) score(4151.00) noncoding_equivalent(1772.07) raw_noncoding(2012.00) offset(239.93)
361040	361247	initial+	1	1	{GeneMark_model.5476_t;GeneMark},{GlimmerHMM_glimmerT_5119-T1;GlimmerHMM},{Augustus_model.g4252.t1;Augustus}
361248	361317	INTRON			{GeneMark_model.5476_t;GeneMark},{GlimmerHMM_glimmerT_5119-T1;GlimmerHMM},{Augustus_model.g4252.t1;Augustus}
361318	361440	internal+	2	1	{GeneMark_model.5476_t;GeneMark},{GlimmerHMM_glimmerT_5119-T1;GlimmerHMM},{Augustus_model.g4252.t1;Augustus}
361441	361502	INTRON			{GeneMark_model.5476_t;GeneMark},{Augustus_model.g4252.t1;Augustus},{snap_scaffold_13-snap.155-T1;snap}
361503	361800	internal+	2	2	{GeneMark_model.5476_t;GeneMark},{Augustus_model.g4252.t1;Augustus}
361801	361876	INTRON			{GeneMark_model.5476_t;GeneMark},{GlimmerHMM_glimmerT_5119-T1;GlimmerHMM},{Augustus_model.g4252.t1;Augustus}
361877	362258	internal+	3	3	{GeneMark_model.5476_t;GeneMark},{GlimmerHMM_glimmerT_5119-T1;GlimmerHMM}
362259	362322	INTRON			{GeneMark_model.5476_t;GeneMark},{GlimmerHMM_glimmerT_5119-T1;GlimmerHMM},{Augustus_model.g4252.t1;Augustus}
362323	362388	terminal+	1	3	{GeneMark_model.5476_t;GeneMark},{GlimmerHMM_glimmerT_5119-T1;GlimmerHMM}

# EVM prediction: Mode:STANDARD S-ratio: 2.60 362487-365468 orient(-) score(9542.00) noncoding_equivalent(3667.48) raw_noncoding(4479.00) offset(811.52)
362776	362487	terminal-	5	6	{GlimmerHMM_glimmerT_5120-T1;GlimmerHMM},{Augustus_model.g4253.t1;Augustus},{GeneMark_model.5477_t;GeneMark},{snap_scaffold_13-snap.156-T1;snap}
362847	362777	INTRON			{GlimmerHMM_glimmerT_5120-T1;GlimmerHMM},{Augustus_model.g4253.t1;Augustus},{GeneMark_model.5477_t;GeneMark}
362986	362848	internal-	4	4	{GlimmerHMM_glimmerT_5120-T1;GlimmerHMM},{Augustus_model.g4253.t1;Augustus},{GeneMark_model.5477_t;GeneMark}
363057	362987	INTRON			{GlimmerHMM_glimmerT_5120-T1;GlimmerHMM},{Augustus_model.g4253.t1;Augustus},{GeneMark_model.5477_t;GeneMark}
363214	363058	internal-	6	6	{GlimmerHMM_glimmerT_5120-T1;GlimmerHMM},{Augustus_model.g4253.t1;Augustus},{GeneMark_model.5477_t;GeneMark}
363286	363215	INTRON			{GlimmerHMM_glimmerT_5120-T1;GlimmerHMM},{Augustus_model.g4253.t1;Augustus},{GeneMark_model.5477_t;GeneMark}
363401	363287	internal-	5	5	{GlimmerHMM_glimmerT_5120-T1;GlimmerHMM},{Augustus_model.g4253.t1;Augustus},{GeneMark_model.5477_t;GeneMark}
363470	363402	INTRON			{GlimmerHMM_glimmerT_5120-T1;GlimmerHMM},{Augustus_model.g4253.t1;Augustus},{GeneMark_model.5477_t;GeneMark}
363921	363471	internal-	4	4	{GlimmerHMM_glimmerT_5120-T1;GlimmerHMM},{Augustus_model.g4253.t1;Augustus},{GeneMark_model.5477_t;GeneMark}
363987	363922	INTRON			{GlimmerHMM_glimmerT_5120-T1;GlimmerHMM},{Augustus_model.g4253.t1;Augustus},{GeneMark_model.5477_t;GeneMark}
364235	363988	internal-	5	6	{GlimmerHMM_glimmerT_5120-T1;GlimmerHMM},{Augustus_model.g4253.t1;Augustus},{GeneMark_model.5477_t;GeneMark}
364294	364236	INTRON			{GlimmerHMM_glimmerT_5120-T1;GlimmerHMM},{Augustus_model.g4253.t1;Augustus},{GeneMark_model.5477_t;GeneMark}
364643	364295	internal-	4	4	{GlimmerHMM_glimmerT_5120-T1;GlimmerHMM},{Augustus_model.g4253.t1;Augustus},{GeneMark_model.5477_t;GeneMark}
364705	364644	INTRON			{GlimmerHMM_glimmerT_5120-T1;GlimmerHMM},{Augustus_model.g4253.t1;Augustus},{GeneMark_model.5477_t;GeneMark}
364802	364706	internal-	6	6	{GlimmerHMM_glimmerT_5120-T1;GlimmerHMM},{Augustus_model.g4253.t1;Augustus},{GeneMark_model.5477_t;GeneMark}
364868	364803	INTRON			{GlimmerHMM_glimmerT_5120-T1;GlimmerHMM},{Augustus_model.g4253.t1;Augustus},{GeneMark_model.5477_t;GeneMark}
365041	364869	internal-	4	5	{GlimmerHMM_glimmerT_5120-T1;GlimmerHMM},{Augustus_model.g4253.t1;Augustus},{GeneMark_model.5477_t;GeneMark}
365105	365042	INTRON			{GlimmerHMM_glimmerT_5120-T1;GlimmerHMM},{Augustus_model.g4253.t1;Augustus},{GeneMark_model.5477_t;GeneMark}
365243	365106	internal-	4	6	{GlimmerHMM_glimmerT_5120-T1;GlimmerHMM},{Augustus_model.g4253.t1;Augustus},{GeneMark_model.5477_t;GeneMark}
365335	365244	INTRON			{GlimmerHMM_glimmerT_5120-T1;GlimmerHMM},{Augustus_model.g4253.t1;Augustus}
365385	365336	internal-	5	6	{GlimmerHMM_glimmerT_5120-T1;GlimmerHMM},{Augustus_model.g4253.t1;Augustus}
365449	365386	INTRON			{GlimmerHMM_glimmerT_5120-T1;GlimmerHMM},{Augustus_model.g4253.t1;Augustus},{GeneMark_model.5477_t;GeneMark}
365468	365450	initial-	4	4	{GlimmerHMM_glimmerT_5120-T1;GlimmerHMM},{Augustus_model.g4253.t1;Augustus},{GeneMark_model.5477_t;GeneMark}

# EVM prediction: Mode:STANDARD S-ratio: 2.24 366752-368238 orient(+) score(4336.00) noncoding_equivalent(1934.82) raw_noncoding(2683.21) offset(748.39)
366752	366862	initial+	1	3	{GeneMark_model.5478_t;GeneMark},{Augustus_model.g4254.t1;Augustus}
366863	366937	INTRON			{GeneMark_model.5478_t;GeneMark},{Augustus_model.g4254.t1;Augustus}
366938	366947	internal+	1	1	{GeneMark_model.5478_t;GeneMark},{Augustus_model.g4254.t1;Augustus}
366948	367009	INTRON			{GeneMark_model.5478_t;GeneMark},{Augustus_model.g4254.t1;Augustus}
367010	367078	internal+	2	1	{GeneMark_model.5478_t;GeneMark},{Augustus_model.g4254.t1;Augustus},{GlimmerHMM_glimmerT_5121-T1;GlimmerHMM}
367079	367139	INTRON			{GeneMark_model.5478_t;GeneMark},{Augustus_model.g4254.t1;Augustus}
367140	367187	internal+	2	1	{GeneMark_model.5478_t;GeneMark},{Augustus_model.g4254.t1;Augustus}
367188	367248	INTRON			{GeneMark_model.5478_t;GeneMark},{Augustus_model.g4254.t1;Augustus}
367249	367423	internal+	2	2	{GeneMark_model.5478_t;GeneMark},{Augustus_model.g4254.t1;Augustus},{GlimmerHMM_glimmerT_5121-T1;GlimmerHMM}
367424	367520	INTRON			{GeneMark_model.5478_t;GeneMark},{Augustus_model.g4254.t1;Augustus},{GlimmerHMM_glimmerT_5121-T1;GlimmerHMM}
367521	367703	internal+	3	2	{GeneMark_model.5478_t;GeneMark},{Augustus_model.g4254.t1;Augustus}
367704	367751	INTRON			{GeneMark_model.5478_t;GeneMark},{Augustus_model.g4254.t1;Augustus}
367752	367821	internal+	3	3	{GeneMark_model.5478_t;GeneMark},{Augustus_model.g4254.t1;Augustus}
367822	367893	INTRON			{GeneMark_model.5478_t;GeneMark},{Augustus_model.g4254.t1;Augustus},{GlimmerHMM_glimmerT_5121-T1;GlimmerHMM}
367894	368238	terminal+	1	3	{snap_scaffold_13-snap.158-T1;snap},{GeneMark_model.5478_t;GeneMark},{Augustus_model.g4254.t1;Augustus},{GlimmerHMM_glimmerT_5121-T1;GlimmerHMM}

# EVM prediction: Mode:STANDARD S-ratio: 4.32 368498-370139 orient(-) score(10647.00) noncoding_equivalent(2462.40) raw_noncoding(2689.00) offset(226.60)
369361	368498	terminal-	4	6	{HiQ_model.g4255.t1;HiQ},{GlimmerHMM_glimmerT_5122-T1;GlimmerHMM},{snap_scaffold_13-snap.159-T1;snap},{GeneMark_model.5479_t;GeneMark}
369423	369362	INTRON			{HiQ_model.g4255.t1;HiQ},{GlimmerHMM_glimmerT_5122-T1;GlimmerHMM},{snap_scaffold_13-snap.159-T1;snap},{GeneMark_model.5479_t;GeneMark},{ev_type:exonerate/ID=match.2566964.1030/Target=lcl|KQ954490_1_prot_KWU43466_1_4251;exonerate},{ev_type:exonerate/ID=match.2566964.3450/Target=lcl|PJQD01000009_1_prot_POY75929_1_6645;exonerate}
369517	369424	internal-	6	6	{HiQ_model.g4255.t1;HiQ},{GlimmerHMM_glimmerT_5122-T1;GlimmerHMM},{GeneMark_model.5479_t;GeneMark},{ev_type:exonerate/ID=match.2566964.1030/Target=lcl|KQ954490_1_prot_KWU43466_1_4251;exonerate},{ev_type:exonerate/ID=match.2566964.3450/Target=lcl|PJQD01000009_1_prot_POY75929_1_6645;exonerate}
369597	369518	INTRON			{HiQ_model.g4255.t1;HiQ},{GlimmerHMM_glimmerT_5122-T1;GlimmerHMM},{GeneMark_model.5479_t;GeneMark},{ev_type:exonerate/ID=match.2566964.3450/Target=lcl|PJQD01000009_1_prot_POY75929_1_6645;exonerate}
370139	369598	initial-	4	5	{HiQ_model.g4255.t1;HiQ},{GlimmerHMM_glimmerT_5122-T1;GlimmerHMM},{GeneMark_model.5479_t;GeneMark}

# EVM prediction: Mode:STANDARD S-ratio: 3.46 370593-372175 orient(-) score(8178.00) noncoding_equivalent(2362.36) raw_noncoding(2754.36) offset(392.00)
370814	370593	terminal-	4	6	{GlimmerHMM_glimmerT_5123-T1;GlimmerHMM},{HiQ_model.g4256.t1;HiQ},{GeneMark_model.5480_t;GeneMark}
370893	370815	INTRON			{GlimmerHMM_glimmerT_5123-T1;GlimmerHMM},{HiQ_model.g4256.t1;HiQ},{GeneMark_model.5480_t;GeneMark},{ev_type:exonerate/ID=match.2566964.4129/Target=lcl|KQ954478_1_prot_KWU44615_1_3139;exonerate}
370990	370894	internal-	6	6	{GlimmerHMM_glimmerT_5123-T1;GlimmerHMM},{HiQ_model.g4256.t1;HiQ},{GeneMark_model.5480_t;GeneMark},{ev_type:exonerate/ID=match.2566964.4129/Target=lcl|KQ954478_1_prot_KWU44615_1_3139;exonerate}
371071	370991	INTRON			{GlimmerHMM_glimmerT_5123-T1;GlimmerHMM},{HiQ_model.g4256.t1;HiQ},{GeneMark_model.5480_t;GeneMark},{ev_type:exonerate/ID=match.2566964.4129/Target=lcl|KQ954478_1_prot_KWU44615_1_3139;exonerate}
371285	371072	internal-	5	5	{GlimmerHMM_glimmerT_5123-T1;GlimmerHMM},{HiQ_model.g4256.t1;HiQ},{GeneMark_model.5480_t;GeneMark},{ev_type:exonerate/ID=match.2566964.4129/Target=lcl|KQ954478_1_prot_KWU44615_1_3139;exonerate}
371355	371286	INTRON			{GlimmerHMM_glimmerT_5123-T1;GlimmerHMM},{HiQ_model.g4256.t1;HiQ},{GeneMark_model.5480_t;GeneMark},{ev_type:exonerate/ID=match.2566964.4129/Target=lcl|KQ954478_1_prot_KWU44615_1_3139;exonerate}
372175	371356	initial-	4	4	{GlimmerHMM_glimmerT_5123-T1;GlimmerHMM},{HiQ_model.g4256.t1;HiQ},{GeneMark_model.5480_t;GeneMark}

# EVM prediction: Mode:STANDARD S-ratio: 4.99 372503-375645 orient(+) score(13854.00) noncoding_equivalent(2774.67) raw_noncoding(3135.22) offset(360.55)
372503	372626	initial+	1	1	{GeneMark_model.5481_t;GeneMark},{GlimmerHMM_glimmerT_5124-T1;GlimmerHMM},{Augustus_model.g4257.t1;Augustus}
372627	372696	INTRON			{GeneMark_model.5481_t;GeneMark},{GlimmerHMM_glimmerT_5124-T1;GlimmerHMM},{Augustus_model.g4257.t1;Augustus},{ev_type:exonerate/ID=match.2566964.1964/Target=lcl|PJQD01000009_1_prot_POY75931_1_6647;exonerate}
372697	372898	internal+	2	2	{GeneMark_model.5481_t;GeneMark},{GlimmerHMM_glimmerT_5124-T1;GlimmerHMM},{Augustus_model.g4257.t1;Augustus},{ev_type:exonerate/ID=match.2566964.1964/Target=lcl|PJQD01000009_1_prot_POY75931_1_6647;exonerate}
372899	372980	INTRON			{GeneMark_model.5481_t;GeneMark},{GlimmerHMM_glimmerT_5124-T1;GlimmerHMM},{Augustus_model.g4257.t1;Augustus},{ev_type:exonerate/ID=match.2566964.1964/Target=lcl|PJQD01000009_1_prot_POY75931_1_6647;exonerate}
372981	373290	internal+	3	3	{GeneMark_model.5481_t;GeneMark},{GlimmerHMM_glimmerT_5124-T1;GlimmerHMM},{Augustus_model.g4257.t1;Augustus},{ev_type:exonerate/ID=match.2566964.1964/Target=lcl|PJQD01000009_1_prot_POY75931_1_6647;exonerate}
373291	373356	INTRON			{GeneMark_model.5481_t;GeneMark},{GlimmerHMM_glimmerT_5124-T1;GlimmerHMM},{Augustus_model.g4257.t1;Augustus},{ev_type:exonerate/ID=match.2566964.1964/Target=lcl|PJQD01000009_1_prot_POY75931_1_6647;exonerate}
373357	373533	internal+	1	3	{GeneMark_model.5481_t;GeneMark},{GlimmerHMM_glimmerT_5124-T1;GlimmerHMM},{Augustus_model.g4257.t1;Augustus},{ev_type:exonerate/ID=match.2566964.1964/Target=lcl|PJQD01000009_1_prot_POY75931_1_6647;exonerate}
373534	373611	INTRON			{GeneMark_model.5481_t;GeneMark},{GlimmerHMM_glimmerT_5124-T1;GlimmerHMM},{Augustus_model.g4257.t1;Augustus},{ev_type:exonerate/ID=match.2566964.1964/Target=lcl|PJQD01000009_1_prot_POY75931_1_6647;exonerate}
373612	374076	internal+	1	3	{GeneMark_model.5481_t;GeneMark},{GlimmerHMM_glimmerT_5124-T1;GlimmerHMM},{Augustus_model.g4257.t1;Augustus},{ev_type:exonerate/ID=match.2566964.1964/Target=lcl|PJQD01000009_1_prot_POY75931_1_6647;exonerate}
374077	374152	INTRON			{GeneMark_model.5481_t;GeneMark},{GlimmerHMM_glimmerT_5124-T1;GlimmerHMM},{Augustus_model.g4257.t1;Augustus},{ev_type:exonerate/ID=match.2566964.1964/Target=lcl|PJQD01000009_1_prot_POY75931_1_6647;exonerate}
374153	374708	internal+	1	1	{GeneMark_model.5481_t;GeneMark},{GlimmerHMM_glimmerT_5124-T1;GlimmerHMM},{Augustus_model.g4257.t1;Augustus},{ev_type:exonerate/ID=match.2566964.1964/Target=lcl|PJQD01000009_1_prot_POY75931_1_6647;exonerate}
374709	374783	INTRON			{GeneMark_model.5481_t;GeneMark},{GlimmerHMM_glimmerT_5124-T1;GlimmerHMM},{Augustus_model.g4257.t1;Augustus},{ev_type:exonerate/ID=match.2566964.1964/Target=lcl|PJQD01000009_1_prot_POY75931_1_6647;exonerate}
374784	375373	internal+	2	3	{GeneMark_model.5481_t;GeneMark},{GlimmerHMM_glimmerT_5124-T1;GlimmerHMM},{Augustus_model.g4257.t1;Augustus}
375374	375441	INTRON			{GeneMark_model.5481_t;GeneMark},{GlimmerHMM_glimmerT_5124-T1;GlimmerHMM},{Augustus_model.g4257.t1;Augustus},{ev_type:exonerate/ID=match.2566964.1964/Target=lcl|PJQD01000009_1_prot_POY75931_1_6647;exonerate}
375442	375645	terminal+	1	3	{GeneMark_model.5481_t;GeneMark},{GlimmerHMM_glimmerT_5124-T1;GlimmerHMM},{Augustus_model.g4257.t1;Augustus}

# EVM prediction: Mode:STANDARD S-ratio: 1.51 375911-380404 orient(-) score(11228.00) noncoding_equivalent(7420.00) raw_noncoding(7896.00) offset(476.00)
376303	375911	terminal-	4	6	{GeneMark_model.5482_t;GeneMark},{GlimmerHMM_glimmerT_5125-T1;GlimmerHMM}
376368	376304	INTRON			{GeneMark_model.5482_t;GeneMark},{GlimmerHMM_glimmerT_5125-T1;GlimmerHMM},{Augustus_model.g4258.t1;Augustus}
379012	376369	internal-	6	6	{GeneMark_model.5482_t;GeneMark},{GlimmerHMM_glimmerT_5125-T1;GlimmerHMM}
379075	379013	INTRON			{GeneMark_model.5482_t;GeneMark},{GlimmerHMM_glimmerT_5125-T1;GlimmerHMM}
379341	379076	internal-	4	5	{GeneMark_model.5482_t;GeneMark},{GlimmerHMM_glimmerT_5125-T1;GlimmerHMM}
379404	379342	INTRON			{Augustus_model.g4259.t1;Augustus},{GeneMark_model.5482_t;GeneMark},{GlimmerHMM_glimmerT_5125-T1;GlimmerHMM}
379943	379405	internal-	5	6	{Augustus_model.g4259.t1;Augustus},{GeneMark_model.5482_t;GeneMark},{GlimmerHMM_glimmerT_5125-T1;GlimmerHMM}
380157	379944	INTRON			{Augustus_model.g4259.t1;Augustus},{GeneMark_model.5482_t;GeneMark},{GlimmerHMM_glimmerT_5125-T1;GlimmerHMM}
380404	380158	initial-	4	4	{GeneMark_model.5482_t;GeneMark}

# EVM prediction: Mode:STANDARD S-ratio: 6.02 380645-385422 orient(-) score(36656.00) noncoding_equivalent(6087.48) raw_noncoding(6493.21) offset(405.73)
381580	380645	terminal-	4	6	{GeneMark_model.5483_t;GeneMark},{HiQ_model.g4260.t1;HiQ}
381648	381581	INTRON			{GeneMark_model.5483_t;GeneMark},{HiQ_model.g4260.t1;HiQ},{GlimmerHMM_glimmerT_5125-T1;GlimmerHMM},{ev_type:exonerate/ID=match.2566964.4068/Target=lcl|LCTV02000010_1_prot_PRQ72156_1_1127;exonerate},{ev_type:exonerate/ID=match.2566964.4066/Target=lcl|PJQD01000009_1_prot_POY75934_1_6649;exonerate},{ev_type:exonerate/ID=match.2566964.4067/Target=lcl|KQ954478_1_prot_KWU44612_1_3136;exonerate}
382487	381649	internal-	5	6	{GeneMark_model.5483_t;GeneMark},{HiQ_model.g4260.t1;HiQ},{GlimmerHMM_glimmerT_5125-T1;GlimmerHMM},{ev_type:exonerate/ID=match.2566964.4068/Target=lcl|LCTV02000010_1_prot_PRQ72156_1_1127;exonerate},{ev_type:exonerate/ID=match.2566964.4066/Target=lcl|PJQD01000009_1_prot_POY75934_1_6649;exonerate},{ev_type:exonerate/ID=match.2566964.4067/Target=lcl|KQ954478_1_prot_KWU44612_1_3136;exonerate}
382559	382488	INTRON			{GeneMark_model.5483_t;GeneMark},{HiQ_model.g4260.t1;HiQ},{GlimmerHMM_glimmerT_5125-T1;GlimmerHMM},{ev_type:exonerate/ID=match.2566964.4068/Target=lcl|LCTV02000010_1_prot_PRQ72156_1_1127;exonerate},{ev_type:exonerate/ID=match.2566964.4067/Target=lcl|KQ954478_1_prot_KWU44612_1_3136;exonerate}
383582	382560	internal-	5	4	{GeneMark_model.5483_t;GeneMark},{HiQ_model.g4260.t1;HiQ},{GlimmerHMM_glimmerT_5125-T1;GlimmerHMM},{ev_type:exonerate/ID=match.2566964.4068/Target=lcl|LCTV02000010_1_prot_PRQ72156_1_1127;exonerate},{ev_type:exonerate/ID=match.2566964.4067/Target=lcl|KQ954478_1_prot_KWU44612_1_3136;exonerate}
383647	383583	INTRON			{GeneMark_model.5483_t;GeneMark},{HiQ_model.g4260.t1;HiQ},{GlimmerHMM_glimmerT_5125-T1;GlimmerHMM},{ev_type:exonerate/ID=match.2566964.4068/Target=lcl|LCTV02000010_1_prot_PRQ72156_1_1127;exonerate},{ev_type:exonerate/ID=match.2566964.4066/Target=lcl|PJQD01000009_1_prot_POY75934_1_6649;exonerate},{ev_type:exonerate/ID=match.2566964.4067/Target=lcl|KQ954478_1_prot_KWU44612_1_3136;exonerate}
384097	383648	internal-	5	4	{GeneMark_model.5483_t;GeneMark},{HiQ_model.g4260.t1;HiQ},{GlimmerHMM_glimmerT_5125-T1;GlimmerHMM},{ev_type:exonerate/ID=match.2566964.4068/Target=lcl|LCTV02000010_1_prot_PRQ72156_1_1127;exonerate},{ev_type:exonerate/ID=match.2566964.4066/Target=lcl|PJQD01000009_1_prot_POY75934_1_6649;exonerate},{ev_type:exonerate/ID=match.2566964.4067/Target=lcl|KQ954478_1_prot_KWU44612_1_3136;exonerate}
384158	384098	INTRON			{GeneMark_model.5483_t;GeneMark},{HiQ_model.g4260.t1;HiQ},{GlimmerHMM_glimmerT_5125-T1;GlimmerHMM},{ev_type:exonerate/ID=match.2566964.4068/Target=lcl|LCTV02000010_1_prot_PRQ72156_1_1127;exonerate},{ev_type:exonerate/ID=match.2566964.4066/Target=lcl|PJQD01000009_1_prot_POY75934_1_6649;exonerate},{ev_type:exonerate/ID=match.2566964.4067/Target=lcl|KQ954478_1_prot_KWU44612_1_3136;exonerate}
385422	384159	initial-	4	4	{GeneMark_model.5483_t;GeneMark},{HiQ_model.g4260.t1;HiQ},{GlimmerHMM_glimmerT_5125-T1;GlimmerHMM}

# EVM prediction: Mode:STANDARD S-ratio: 2.70 385800-388903 orient(+) score(9950.00) noncoding_equivalent(3682.00) raw_noncoding(4304.00) offset(622.00)
385800	385811	initial+	1	3	{GlimmerHMM_glimmerT_5126-T1;GlimmerHMM},{Augustus_model.g4261.t1;Augustus},{GeneMark_model.5484_t;GeneMark}
385812	385895	INTRON			{GlimmerHMM_glimmerT_5126-T1;GlimmerHMM},{Augustus_model.g4261.t1;Augustus},{GeneMark_model.5484_t;GeneMark}
385896	386006	internal+	1	3	{GlimmerHMM_glimmerT_5126-T1;GlimmerHMM},{Augustus_model.g4261.t1;Augustus},{GeneMark_model.5484_t;GeneMark}
386007	386077	INTRON			{GlimmerHMM_glimmerT_5126-T1;GlimmerHMM},{Augustus_model.g4261.t1;Augustus},{GeneMark_model.5484_t;GeneMark}
386078	386172	internal+	1	2	{GlimmerHMM_glimmerT_5126-T1;GlimmerHMM},{Augustus_model.g4261.t1;Augustus},{GeneMark_model.5484_t;GeneMark}
386173	386235	INTRON			{GlimmerHMM_glimmerT_5126-T1;GlimmerHMM},{Augustus_model.g4261.t1;Augustus},{GeneMark_model.5484_t;GeneMark}
386236	386340	internal+	3	2	{GlimmerHMM_glimmerT_5126-T1;GlimmerHMM},{Augustus_model.g4261.t1;Augustus},{GeneMark_model.5484_t;GeneMark}
386341	386411	INTRON			{GlimmerHMM_glimmerT_5126-T1;GlimmerHMM},{Augustus_model.g4261.t1;Augustus},{GeneMark_model.5484_t;GeneMark}
386412	387044	internal+	3	2	{GlimmerHMM_glimmerT_5126-T1;GlimmerHMM},{Augustus_model.g4261.t1;Augustus},{GeneMark_model.5484_t;GeneMark}
387045	387117	INTRON			{GlimmerHMM_glimmerT_5126-T1;GlimmerHMM},{Augustus_model.g4261.t1;Augustus},{GeneMark_model.5484_t;GeneMark}
387118	387248	internal+	3	1	{GlimmerHMM_glimmerT_5126-T1;GlimmerHMM},{Augustus_model.g4261.t1;Augustus},{GeneMark_model.5484_t;GeneMark}
387249	387318	INTRON			{GlimmerHMM_glimmerT_5126-T1;GlimmerHMM},{Augustus_model.g4261.t1;Augustus},{GeneMark_model.5484_t;GeneMark}
387319	387988	internal+	2	2	{GlimmerHMM_glimmerT_5126-T1;GlimmerHMM},{Augustus_model.g4261.t1;Augustus},{GeneMark_model.5484_t;GeneMark}
387989	388056	INTRON			{GlimmerHMM_glimmerT_5126-T1;GlimmerHMM},{Augustus_model.g4261.t1;Augustus},{GeneMark_model.5484_t;GeneMark}
388057	388488	internal+	3	2	{GlimmerHMM_glimmerT_5126-T1;GlimmerHMM},{Augustus_model.g4261.t1;Augustus},{GeneMark_model.5484_t;GeneMark}
388489	388551	INTRON			{GlimmerHMM_glimmerT_5126-T1;GlimmerHMM},{Augustus_model.g4261.t1;Augustus},{GeneMark_model.5484_t;GeneMark}
388552	388629	internal+	3	2	{GlimmerHMM_glimmerT_5126-T1;GlimmerHMM},{Augustus_model.g4261.t1;Augustus},{GeneMark_model.5484_t;GeneMark}
388630	388692	INTRON			{GlimmerHMM_glimmerT_5126-T1;GlimmerHMM},{Augustus_model.g4261.t1;Augustus},{GeneMark_model.5484_t;GeneMark}
388693	388903	terminal+	3	3	{GlimmerHMM_glimmerT_5126-T1;GlimmerHMM},{Augustus_model.g4261.t1;Augustus},{GeneMark_model.5484_t;GeneMark}

# EVM prediction: Mode:STANDARD S-ratio: 2.79 389278-391672 orient(+) score(7715.00) noncoding_equivalent(2764.61) raw_noncoding(3427.00) offset(662.39)
389278	389515	initial+	1	1	{Augustus_model.g4262.t1;Augustus},{GlimmerHMM_glimmerT_5127-T1;GlimmerHMM}
389516	389638	INTRON			{Augustus_model.g4262.t1;Augustus},{GlimmerHMM_glimmerT_5127-T1;GlimmerHMM}
389639	389718	internal+	2	3	{Augustus_model.g4262.t1;Augustus},{GlimmerHMM_glimmerT_5127-T1;GlimmerHMM},{GeneMark_model.5485_t;GeneMark}
389719	389827	INTRON			{Augustus_model.g4262.t1;Augustus},{GlimmerHMM_glimmerT_5127-T1;GlimmerHMM},{GeneMark_model.5485_t;GeneMark}
389828	389957	internal+	1	1	{Augustus_model.g4262.t1;Augustus},{GlimmerHMM_glimmerT_5127-T1;GlimmerHMM},{GeneMark_model.5485_t;GeneMark}
389958	390022	INTRON			{Augustus_model.g4262.t1;Augustus},{GlimmerHMM_glimmerT_5127-T1;GlimmerHMM},{GeneMark_model.5485_t;GeneMark}
390023	390081	internal+	2	3	{Augustus_model.g4262.t1;Augustus},{GlimmerHMM_glimmerT_5127-T1;GlimmerHMM},{GeneMark_model.5485_t;GeneMark}
390082	390142	INTRON			{Augustus_model.g4262.t1;Augustus},{GlimmerHMM_glimmerT_5127-T1;GlimmerHMM},{GeneMark_model.5485_t;GeneMark}
390143	390898	internal+	1	3	{Augustus_model.g4262.t1;Augustus},{GlimmerHMM_glimmerT_5127-T1;GlimmerHMM},{GeneMark_model.5485_t;GeneMark}
390899	390977	INTRON			{Augustus_model.g4262.t1;Augustus},{GlimmerHMM_glimmerT_5127-T1;GlimmerHMM},{GeneMark_model.5485_t;GeneMark}
390978	391184	internal+	1	3	{Augustus_model.g4262.t1;Augustus},{GlimmerHMM_glimmerT_5127-T1;GlimmerHMM},{GeneMark_model.5485_t;GeneMark}
391185	391251	INTRON			{Augustus_model.g4262.t1;Augustus},{GlimmerHMM_glimmerT_5127-T1;GlimmerHMM},{GeneMark_model.5485_t;GeneMark}
391252	391463	internal+	1	2	{Augustus_model.g4262.t1;Augustus},{GlimmerHMM_glimmerT_5127-T1;GlimmerHMM},{GeneMark_model.5485_t;GeneMark}
391464	391545	INTRON			{Augustus_model.g4262.t1;Augustus},{GlimmerHMM_glimmerT_5127-T1;GlimmerHMM},{GeneMark_model.5485_t;GeneMark}
391546	391672	terminal+	3	3	{Augustus_model.g4262.t1;Augustus},{GlimmerHMM_glimmerT_5127-T1;GlimmerHMM},{GeneMark_model.5485_t;GeneMark}

# EVM prediction: Mode:STANDARD S-ratio: 3.58 391970-393642 orient(-) score(9288.00) noncoding_equivalent(2591.37) raw_noncoding(3386.00) offset(794.63)
392440	391970	terminal-	4	6	{GeneMark_model.5486_t;GeneMark},{HiQ_model.g4263.t1;HiQ}
392509	392441	INTRON			{GeneMark_model.5486_t;GeneMark},{HiQ_model.g4263.t1;HiQ},{ev_type:exonerate/ID=match.2566964.4118/Target=lcl|KQ954478_1_prot_KWU44609_1_3133;exonerate}
392707	392510	internal-	4	6	{GeneMark_model.5486_t;GeneMark},{HiQ_model.g4263.t1;HiQ},{ev_type:exonerate/ID=match.2566964.4118/Target=lcl|KQ954478_1_prot_KWU44609_1_3133;exonerate}
392770	392708	INTRON			{GeneMark_model.5486_t;GeneMark},{HiQ_model.g4263.t1;HiQ},{GlimmerHMM_glimmerT_5128-T1;GlimmerHMM},{ev_type:exonerate/ID=match.2566964.4158/Target=lcl|NW_017264953_1_prot_XP_018267480_1_7225;exonerate},{ev_type:exonerate/ID=match.2566964.4118/Target=lcl|KQ954478_1_prot_KWU44609_1_3133;exonerate}
392836	392771	internal-	4	6	{GeneMark_model.5486_t;GeneMark},{HiQ_model.g4263.t1;HiQ},{GlimmerHMM_glimmerT_5128-T1;GlimmerHMM},{ev_type:exonerate/ID=match.2566964.4158/Target=lcl|NW_017264953_1_prot_XP_018267480_1_7225;exonerate},{ev_type:exonerate/ID=match.2566964.4118/Target=lcl|KQ954478_1_prot_KWU44609_1_3133;exonerate}
392907	392837	INTRON			{GeneMark_model.5486_t;GeneMark},{HiQ_model.g4263.t1;HiQ},{GlimmerHMM_glimmerT_5128-T1;GlimmerHMM},{ev_type:exonerate/ID=match.2566964.4158/Target=lcl|NW_017264953_1_prot_XP_018267480_1_7225;exonerate},{ev_type:exonerate/ID=match.2566964.4118/Target=lcl|KQ954478_1_prot_KWU44609_1_3133;exonerate}
393036	392908	internal-	4	6	{GeneMark_model.5486_t;GeneMark},{HiQ_model.g4263.t1;HiQ},{GlimmerHMM_glimmerT_5128-T1;GlimmerHMM},{ev_type:exonerate/ID=match.2566964.4118/Target=lcl|KQ954478_1_prot_KWU44609_1_3133;exonerate}
393103	393037	INTRON			{GeneMark_model.5486_t;GeneMark},{HiQ_model.g4263.t1;HiQ},{GlimmerHMM_glimmerT_5128-T1;GlimmerHMM},{ev_type:exonerate/ID=match.2566964.4118/Target=lcl|KQ954478_1_prot_KWU44609_1_3133;exonerate}
393286	393104	internal-	4	6	{GeneMark_model.5486_t;GeneMark},{HiQ_model.g4263.t1;HiQ},{GlimmerHMM_glimmerT_5128-T1;GlimmerHMM},{ev_type:exonerate/ID=match.2566964.4118/Target=lcl|KQ954478_1_prot_KWU44609_1_3133;exonerate}
393356	393287	INTRON			{GeneMark_model.5486_t;GeneMark},{HiQ_model.g4263.t1;HiQ},{GlimmerHMM_glimmerT_5128-T1;GlimmerHMM},{ev_type:exonerate/ID=match.2566964.4118/Target=lcl|KQ954478_1_prot_KWU44609_1_3133;exonerate}
393479	393357	internal-	4	6	{GeneMark_model.5486_t;GeneMark},{HiQ_model.g4263.t1;HiQ},{GlimmerHMM_glimmerT_5128-T1;GlimmerHMM},{ev_type:exonerate/ID=match.2566964.4118/Target=lcl|KQ954478_1_prot_KWU44609_1_3133;exonerate}
393570	393480	INTRON			{GeneMark_model.5486_t;GeneMark},{HiQ_model.g4263.t1;HiQ},{GlimmerHMM_glimmerT_5128-T1;GlimmerHMM},{ev_type:exonerate/ID=match.2566964.4118/Target=lcl|KQ954478_1_prot_KWU44609_1_3133;exonerate}
393642	393571	initial-	4	6	{GeneMark_model.5486_t;GeneMark},{HiQ_model.g4263.t1;HiQ},{GlimmerHMM_glimmerT_5128-T1;GlimmerHMM}

# EVM prediction: Mode:STANDARD S-ratio: 5.35 394668-395980 orient(+) score(4668.00) noncoding_equivalent(872.00) raw_noncoding(962.00) offset(90.00)
394668	394919	initial+	1	3	{Augustus_model.g4264.t1;Augustus},{GeneMark_model.5487_t;GeneMark},{GlimmerHMM_glimmerT_5129-T1;GlimmerHMM}
394920	394999	INTRON			{Augustus_model.g4264.t1;Augustus},{GeneMark_model.5487_t;GeneMark},{GlimmerHMM_glimmerT_5129-T1;GlimmerHMM}
395000	395839	internal+	1	3	{Augustus_model.g4264.t1;Augustus},{GeneMark_model.5487_t;GeneMark},{GlimmerHMM_glimmerT_5129-T1;GlimmerHMM}
395840	395908	INTRON			{Augustus_model.g4264.t1;Augustus},{GeneMark_model.5487_t;GeneMark},{GlimmerHMM_glimmerT_5129-T1;GlimmerHMM}
395909	395980	terminal+	1	3	{Augustus_model.g4264.t1;Augustus},{GeneMark_model.5487_t;GeneMark},{GlimmerHMM_glimmerT_5129-T1;GlimmerHMM}

# EVM prediction: Mode:STANDARD S-ratio: 5.32 396098-399099 orient(-) score(10734.00) noncoding_equivalent(2017.79) raw_noncoding(2356.15) offset(338.37)
396649	396098	terminal-	4	6	{GeneMark_model.5488_t;GeneMark},{Augustus_model.g4265.t1;Augustus},{GlimmerHMM_glimmerT_5130-T1;GlimmerHMM}
396712	396650	INTRON			{GeneMark_model.5488_t;GeneMark},{Augustus_model.g4265.t1;Augustus},{GlimmerHMM_glimmerT_5130-T1;GlimmerHMM}
397049	396713	internal-	6	6	{GeneMark_model.5488_t;GeneMark},{Augustus_model.g4265.t1;Augustus},{GlimmerHMM_glimmerT_5130-T1;GlimmerHMM}
397108	397050	INTRON			{GeneMark_model.5488_t;GeneMark},{Augustus_model.g4265.t1;Augustus},{GlimmerHMM_glimmerT_5130-T1;GlimmerHMM}
397835	397109	internal-	5	5	{GeneMark_model.5488_t;GeneMark},{Augustus_model.g4265.t1;Augustus},{GlimmerHMM_glimmerT_5130-T1;GlimmerHMM}
397899	397836	INTRON			{GeneMark_model.5488_t;GeneMark},{Augustus_model.g4265.t1;Augustus},{GlimmerHMM_glimmerT_5130-T1;GlimmerHMM}
398004	397900	internal-	5	4	{GeneMark_model.5488_t;GeneMark},{Augustus_model.g4265.t1;Augustus},{GlimmerHMM_glimmerT_5130-T1;GlimmerHMM}
398076	398005	INTRON			{GeneMark_model.5488_t;GeneMark},{Augustus_model.g4265.t1;Augustus},{GlimmerHMM_glimmerT_5130-T1;GlimmerHMM}
398142	398077	internal-	5	4	{GeneMark_model.5488_t;GeneMark},{Augustus_model.g4265.t1;Augustus},{GlimmerHMM_glimmerT_5130-T1;GlimmerHMM}
398200	398143	INTRON			{GeneMark_model.5488_t;GeneMark},{Augustus_model.g4265.t1;Augustus},{GlimmerHMM_glimmerT_5130-T1;GlimmerHMM}
398572	398201	internal-	5	4	{GeneMark_model.5488_t;GeneMark},{Augustus_model.g4265.t1;Augustus},{GlimmerHMM_glimmerT_5130-T1;GlimmerHMM}
398642	398573	INTRON			{GeneMark_model.5488_t;GeneMark},{Augustus_model.g4265.t1;Augustus},{GlimmerHMM_glimmerT_5130-T1;GlimmerHMM}
399099	398643	initial-	4	4	{GeneMark_model.5488_t;GeneMark},{Augustus_model.g4265.t1;Augustus}

# EVM prediction: Mode:STANDARD S-ratio: 4.52 399553-402450 orient(+) score(10346.00) noncoding_equivalent(2288.41) raw_noncoding(2775.00) offset(486.59)
399553	399863	initial+	1	2	{Augustus_model.g4266.t1;Augustus},{GlimmerHMM_glimmerT_5131-T1;GlimmerHMM},{GeneMark_model.5489_t;GeneMark}
399864	400255	INTRON			{Augustus_model.g4266.t1;Augustus},{GlimmerHMM_glimmerT_5131-T1;GlimmerHMM},{GeneMark_model.5489_t;GeneMark}
400256	401957	internal+	3	3	{Augustus_model.g4266.t1;Augustus},{GlimmerHMM_glimmerT_5131-T1;GlimmerHMM},{GeneMark_model.5489_t;GeneMark}
401958	402026	INTRON			{Augustus_model.g4266.t1;Augustus},{GlimmerHMM_glimmerT_5131-T1;GlimmerHMM},{GeneMark_model.5489_t;GeneMark}
402027	402170	internal+	1	3	{Augustus_model.g4266.t1;Augustus},{GlimmerHMM_glimmerT_5131-T1;GlimmerHMM},{GeneMark_model.5489_t;GeneMark}
402171	402237	INTRON			{Augustus_model.g4266.t1;Augustus},{GlimmerHMM_glimmerT_5131-T1;GlimmerHMM},{GeneMark_model.5489_t;GeneMark}
402238	402450	terminal+	1	3	{Augustus_model.g4266.t1;Augustus},{GlimmerHMM_glimmerT_5131-T1;GlimmerHMM},{GeneMark_model.5489_t;GeneMark}

# EVM prediction: Mode:STANDARD S-ratio: 3.83 402649-403948 orient(-) score(8241.00) noncoding_equivalent(2148.99) raw_noncoding(2688.46) offset(539.46)
402711	402649	terminal-	4	6	{GlimmerHMM_glimmerT_5132-T1;GlimmerHMM},{HiQ_model.g4267.t1;HiQ},{GeneMark_model.5490_t;GeneMark}
402779	402712	INTRON			{GlimmerHMM_glimmerT_5132-T1;GlimmerHMM},{HiQ_model.g4267.t1;HiQ},{GeneMark_model.5490_t;GeneMark},{ev_type:exonerate/ID=match.2566964.4123/Target=lcl|KQ954478_1_prot_KWU44605_1_3129;exonerate},{ev_type:exonerate/ID=match.2566964.4122/Target=lcl|PJQD01000009_1_prot_POY75941_1_6657;exonerate}
402935	402780	internal-	4	6	{GlimmerHMM_glimmerT_5132-T1;GlimmerHMM},{HiQ_model.g4267.t1;HiQ},{GeneMark_model.5490_t;GeneMark},{ev_type:exonerate/ID=match.2566964.4123/Target=lcl|KQ954478_1_prot_KWU44605_1_3129;exonerate},{ev_type:exonerate/ID=match.2566964.4122/Target=lcl|PJQD01000009_1_prot_POY75941_1_6657;exonerate}
402999	402936	INTRON			{GlimmerHMM_glimmerT_5132-T1;GlimmerHMM},{HiQ_model.g4267.t1;HiQ},{GeneMark_model.5490_t;GeneMark},{ev_type:exonerate/ID=match.2566964.4123/Target=lcl|KQ954478_1_prot_KWU44605_1_3129;exonerate},{ev_type:exonerate/ID=match.2566964.4122/Target=lcl|PJQD01000009_1_prot_POY75941_1_6657;exonerate}
403465	403000	internal-	6	6	{GlimmerHMM_glimmerT_5132-T1;GlimmerHMM},{HiQ_model.g4267.t1;HiQ},{GeneMark_model.5490_t;GeneMark},{ev_type:exonerate/ID=match.2566964.4123/Target=lcl|KQ954478_1_prot_KWU44605_1_3129;exonerate},{ev_type:exonerate/ID=match.2566964.4122/Target=lcl|PJQD01000009_1_prot_POY75941_1_6657;exonerate}
403625	403466	INTRON			{GlimmerHMM_glimmerT_5132-T1;GlimmerHMM},{HiQ_model.g4267.t1;HiQ},{GeneMark_model.5490_t;GeneMark},{ev_type:exonerate/ID=match.2566964.4123/Target=lcl|KQ954478_1_prot_KWU44605_1_3129;exonerate},{ev_type:exonerate/ID=match.2566964.4122/Target=lcl|PJQD01000009_1_prot_POY75941_1_6657;exonerate}
403948	403626	initial-	4	5	{GlimmerHMM_glimmerT_5132-T1;GlimmerHMM},{HiQ_model.g4267.t1;HiQ},{GeneMark_model.5490_t;GeneMark}

# EVM prediction: Mode:STANDARD S-ratio: 1.84 404978-405398 orient(+) score(1092.00) noncoding_equivalent(592.16) raw_noncoding(714.25) offset(122.09)
404978	405227	initial+	1	1	{GlimmerHMM_glimmerT_5133-T1;GlimmerHMM}
405228	405288	INTRON			{GeneMark_model.5491_t;GeneMark},{Augustus_model.g4268.t1;Augustus}
405289	405398	terminal+	2	3	{GeneMark_model.5491_t;GeneMark},{Augustus_model.g4268.t1;Augustus}

# EVM prediction: Mode:STANDARD S-ratio: 2.97 406185-407308 orient(+) score(3360.00) noncoding_equivalent(1132.72) raw_noncoding(1378.02) offset(245.30)
406185	406533	initial+	1	1	{GeneMark_model.5492_t;GeneMark},{Augustus_model.g4269.t1;Augustus}
406534	406603	INTRON			{GeneMark_model.5492_t;GeneMark},{Augustus_model.g4269.t1;Augustus}
406604	407170	internal+	2	1	{GeneMark_model.5492_t;GeneMark},{GlimmerHMM_glimmerT_5133-T1;GlimmerHMM},{Augustus_model.g4269.t1;Augustus}
407171	407240	INTRON			{GeneMark_model.5492_t;GeneMark},{Augustus_model.g4269.t1;Augustus}
407241	407308	terminal+	2	3	{GeneMark_model.5492_t;GeneMark},{Augustus_model.g4269.t1;Augustus}

# EVM prediction: Mode:STANDARD S-ratio: 2.53 407674-408392 orient(+) score(2198.00) noncoding_equivalent(867.26) raw_noncoding(1198.50) offset(331.24)
407674	407728	initial+	1	1	{GeneMark_model.5493_t;GeneMark},{Augustus_model.g4270.t1;Augustus}
407729	407842	INTRON			{GeneMark_model.5493_t;GeneMark},{Augustus_model.g4270.t1;Augustus}
407843	407965	internal+	2	1	{GlimmerHMM_glimmerT_5133-T1;GlimmerHMM},{GeneMark_model.5493_t;GeneMark},{Augustus_model.g4270.t1;Augustus}
407966	408063	INTRON			{GlimmerHMM_glimmerT_5133-T1;GlimmerHMM},{GeneMark_model.5493_t;GeneMark},{Augustus_model.g4270.t1;Augustus}
408064	408392	terminal+	2	3	{GlimmerHMM_glimmerT_5133-T1;GlimmerHMM},{GeneMark_model.5493_t;GeneMark},{Augustus_model.g4270.t1;Augustus}

# EVM prediction: Mode:STANDARD S-ratio: 4.07 408575-412473 orient(-) score(12819.00) noncoding_equivalent(3151.55) raw_noncoding(3479.00) offset(327.45)
409479	408575	terminal-	5	6	{GlimmerHMM_glimmerT_5134-T1;GlimmerHMM},{Augustus_model.g4271.t1;Augustus},{GeneMark_model.5494_t;GeneMark}
409537	409480	INTRON			{GlimmerHMM_glimmerT_5134-T1;GlimmerHMM},{Augustus_model.g4271.t1;Augustus},{GeneMark_model.5494_t;GeneMark}
409763	409538	internal-	4	4	{GlimmerHMM_glimmerT_5134-T1;GlimmerHMM},{Augustus_model.g4271.t1;Augustus},{GeneMark_model.5494_t;GeneMark}
409828	409764	INTRON			{GlimmerHMM_glimmerT_5134-T1;GlimmerHMM},{Augustus_model.g4271.t1;Augustus},{GeneMark_model.5494_t;GeneMark}
409945	409829	internal-	4	6	{Augustus_model.g4271.t1;Augustus},{GeneMark_model.5494_t;GeneMark}
410026	409946	INTRON			{Augustus_model.g4271.t1;Augustus},{GeneMark_model.5494_t;GeneMark}
411169	410027	internal-	4	6	{GlimmerHMM_glimmerT_5134-T1;GlimmerHMM},{Augustus_model.g4271.t1;Augustus},{GeneMark_model.5494_t;GeneMark}
411240	411170	INTRON			{GlimmerHMM_glimmerT_5134-T1;GlimmerHMM},{Augustus_model.g4271.t1;Augustus},{GeneMark_model.5494_t;GeneMark}
412473	411241	initial-	4	6	{GlimmerHMM_glimmerT_5134-T1;GlimmerHMM},{Augustus_model.g4271.t1;Augustus},{GeneMark_model.5494_t;GeneMark}

# EVM prediction: Mode:STANDARD S-ratio: 2.52 412620-414280 orient(+) score(4788.00) noncoding_equivalent(1899.34) raw_noncoding(2071.48) offset(172.13)
412620	413434	initial+	1	2	{GlimmerHMM_glimmerT_5135-T1;GlimmerHMM},{Augustus_model.g4272.t1;Augustus},{GeneMark_model.5495_t;GeneMark}
413435	413496	INTRON			{GlimmerHMM_glimmerT_5135-T1;GlimmerHMM},{Augustus_model.g4272.t1;Augustus},{GeneMark_model.5495_t;GeneMark}
413497	414049	internal+	3	3	{GlimmerHMM_glimmerT_5135-T1;GlimmerHMM},{Augustus_model.g4272.t1;Augustus}
414050	414085	INTRON			{GlimmerHMM_glimmerT_5135-T1;GlimmerHMM}
414086	414280	terminal+	1	3	{GlimmerHMM_glimmerT_5135-T1;GlimmerHMM},{GeneMark_model.5495_t;GeneMark}

# EVM prediction: Mode:STANDARD S-ratio: 3.33 414571-416850 orient(+) score(8775.00) noncoding_equivalent(2636.16) raw_noncoding(3321.00) offset(684.84)
414571	414908	initial+	1	2	{GlimmerHMM_glimmerT_5136-T1;GlimmerHMM},{GeneMark_model.5496_t;GeneMark}
414909	414979	INTRON			{GlimmerHMM_glimmerT_5136-T1;GlimmerHMM},{GeneMark_model.5496_t;GeneMark},{Augustus_model.g4272.t1;Augustus},{ev_type:exonerate/ID=match.2566964.3485/Target=lcl|KQ954478_1_prot_KWU44598_1_3122;exonerate}
414980	415173	internal+	3	1	{GlimmerHMM_glimmerT_5136-T1;GlimmerHMM},{GeneMark_model.5496_t;GeneMark},{Augustus_model.g4272.t1;Augustus},{ev_type:exonerate/ID=match.2566964.3485/Target=lcl|KQ954478_1_prot_KWU44598_1_3122;exonerate}
415174	415242	INTRON			{GlimmerHMM_glimmerT_5136-T1;GlimmerHMM},{GeneMark_model.5496_t;GeneMark},{Augustus_model.g4272.t1;Augustus},{ev_type:exonerate/ID=match.2566964.3485/Target=lcl|KQ954478_1_prot_KWU44598_1_3122;exonerate}
415243	415394	internal+	2	3	{GlimmerHMM_glimmerT_5136-T1;GlimmerHMM},{GeneMark_model.5496_t;GeneMark},{Augustus_model.g4272.t1;Augustus},{ev_type:exonerate/ID=match.2566964.3485/Target=lcl|KQ954478_1_prot_KWU44598_1_3122;exonerate}
415395	415474	INTRON			{GeneMark_model.5496_t;GeneMark},{Augustus_model.g4272.t1;Augustus},{ev_type:exonerate/ID=match.2566964.3485/Target=lcl|KQ954478_1_prot_KWU44598_1_3122;exonerate}
415475	415606	internal+	1	3	{GeneMark_model.5496_t;GeneMark},{Augustus_model.g4272.t1;Augustus},{ev_type:exonerate/ID=match.2566964.3485/Target=lcl|KQ954478_1_prot_KWU44598_1_3122;exonerate}
415607	415719	INTRON			{GeneMark_model.5496_t;GeneMark},{Augustus_model.g4272.t1;Augustus},{ev_type:exonerate/ID=match.2566964.3485/Target=lcl|KQ954478_1_prot_KWU44598_1_3122;exonerate}
415720	416178	internal+	1	3	{GlimmerHMM_glimmerT_5136-T1;GlimmerHMM},{GeneMark_model.5496_t;GeneMark},{Augustus_model.g4272.t1;Augustus},{ev_type:exonerate/ID=match.2566964.3485/Target=lcl|KQ954478_1_prot_KWU44598_1_3122;exonerate}
416179	416234	INTRON			{GeneMark_model.5496_t;GeneMark},{Augustus_model.g4272.t1;Augustus},{snap_scaffold_13-snap.178-T1;snap},{ev_type:exonerate/ID=match.2566964.3485/Target=lcl|KQ954478_1_prot_KWU44598_1_3122;exonerate}
416235	416318	internal+	1	3	{GeneMark_model.5496_t;GeneMark},{Augustus_model.g4272.t1;Augustus},{ev_type:exonerate/ID=match.2566964.3485/Target=lcl|KQ954478_1_prot_KWU44598_1_3122;exonerate}
416319	416376	INTRON			{GeneMark_model.5496_t;GeneMark},{Augustus_model.g4272.t1;Augustus},{ev_type:exonerate/ID=match.2566964.3485/Target=lcl|KQ954478_1_prot_KWU44598_1_3122;exonerate}
416377	416850	terminal+	1	3	{GlimmerHMM_glimmerT_5136-T1;GlimmerHMM},{GeneMark_model.5496_t;GeneMark},{Augustus_model.g4272.t1;Augustus}

# EVM prediction: Mode:STANDARD S-ratio: 1.84 417269-417877 orient(+) score(1827.00) noncoding_equivalent(993.00) raw_noncoding(1203.00) offset(210.00)
417269	417337	initial+	1	3	{GlimmerHMM_glimmerT_5137-T1;GlimmerHMM},{Augustus_model.g4273.t1;Augustus},{GeneMark_model.5497_t;GeneMark}
417338	417401	INTRON			{GlimmerHMM_glimmerT_5137-T1;GlimmerHMM},{Augustus_model.g4273.t1;Augustus},{GeneMark_model.5497_t;GeneMark}
417402	417465	internal+	1	1	{GlimmerHMM_glimmerT_5137-T1;GlimmerHMM},{Augustus_model.g4273.t1;Augustus},{GeneMark_model.5497_t;GeneMark}
417466	417529	INTRON			{GlimmerHMM_glimmerT_5137-T1;GlimmerHMM},{Augustus_model.g4273.t1;Augustus},{GeneMark_model.5497_t;GeneMark}
417530	417664	internal+	2	1	{GlimmerHMM_glimmerT_5137-T1;GlimmerHMM},{Augustus_model.g4273.t1;Augustus},{GeneMark_model.5497_t;GeneMark}
417665	417734	INTRON			{GlimmerHMM_glimmerT_5137-T1;GlimmerHMM},{Augustus_model.g4273.t1;Augustus},{GeneMark_model.5497_t;GeneMark}
417735	417877	terminal+	2	3	{GlimmerHMM_glimmerT_5137-T1;GlimmerHMM},{Augustus_model.g4273.t1;Augustus},{GeneMark_model.5497_t;GeneMark}

# EVM prediction: Mode:STANDARD S-ratio: 3.53 418046-419544 orient(-) score(5280.00) noncoding_equivalent(1496.58) raw_noncoding(1919.00) offset(422.42)
418813	418046	terminal-	4	6	{snap_scaffold_13-snap.179-T1;snap},{GlimmerHMM_glimmerT_5138-T1;GlimmerHMM},{GeneMark_model.5498_t;GeneMark},{Augustus_model.g4274.t1;Augustus}
418898	418814	INTRON			{GlimmerHMM_glimmerT_5138-T1;GlimmerHMM},{GeneMark_model.5498_t;GeneMark},{Augustus_model.g4274.t1;Augustus}
418949	418899	internal-	4	6	{GlimmerHMM_glimmerT_5138-T1;GlimmerHMM},{GeneMark_model.5498_t;GeneMark},{Augustus_model.g4274.t1;Augustus}
419020	418950	INTRON			{GlimmerHMM_glimmerT_5138-T1;GlimmerHMM},{GeneMark_model.5498_t;GeneMark},{Augustus_model.g4274.t1;Augustus}
419051	419021	internal-	6	6	{GlimmerHMM_glimmerT_5138-T1;GlimmerHMM},{GeneMark_model.5498_t;GeneMark},{Augustus_model.g4274.t1;Augustus}
419112	419052	INTRON			{GlimmerHMM_glimmerT_5138-T1;GlimmerHMM},{GeneMark_model.5498_t;GeneMark},{Augustus_model.g4274.t1;Augustus}
419249	419113	internal-	4	5	{GlimmerHMM_glimmerT_5138-T1;GlimmerHMM},{GeneMark_model.5498_t;GeneMark},{Augustus_model.g4274.t1;Augustus}
419329	419250	INTRON			{GlimmerHMM_glimmerT_5138-T1;GlimmerHMM},{GeneMark_model.5498_t;GeneMark},{Augustus_model.g4274.t1;Augustus}
419384	419330	internal-	6	6	{GlimmerHMM_glimmerT_5138-T1;GlimmerHMM},{GeneMark_model.5498_t;GeneMark},{Augustus_model.g4274.t1;Augustus}
419488	419385	INTRON			{GlimmerHMM_glimmerT_5138-T1;GlimmerHMM},{GeneMark_model.5498_t;GeneMark},{Augustus_model.g4274.t1;Augustus}
419544	419489	initial-	4	5	{GlimmerHMM_glimmerT_5138-T1;GlimmerHMM},{GeneMark_model.5498_t;GeneMark},{Augustus_model.g4274.t1;Augustus}

# EVM prediction: Mode:STANDARD S-ratio: 3.19 419845-424247 orient(-) score(23002.00) noncoding_equivalent(7219.81) raw_noncoding(9436.00) offset(2216.19)
420118	419845	terminal-	6	6	{GlimmerHMM_glimmerT_5139-T1;GlimmerHMM},{HiQ_model.g4275.t1;HiQ},{GeneMark_model.5499_t;GeneMark}
420186	420119	INTRON			{GlimmerHMM_glimmerT_5139-T1;GlimmerHMM},{HiQ_model.g4275.t1;HiQ},{GeneMark_model.5499_t;GeneMark},{ev_type:exonerate/ID=match.2566964.959/Target=lcl|PJQD01000122_1_prot_POY70319_1_544;exonerate}
420240	420187	internal-	6	5	{HiQ_model.g4275.t1;HiQ},{GeneMark_model.5499_t;GeneMark},{ev_type:exonerate/ID=match.2566964.959/Target=lcl|PJQD01000122_1_prot_POY70319_1_544;exonerate}
420308	420241	INTRON			{HiQ_model.g4275.t1;HiQ},{ev_type:exonerate/ID=match.2566964.959/Target=lcl|PJQD01000122_1_prot_POY70319_1_544;exonerate}
420492	420309	internal-	5	5	{HiQ_model.g4275.t1;HiQ},{ev_type:exonerate/ID=match.2566964.959/Target=lcl|PJQD01000122_1_prot_POY70319_1_544;exonerate}
420552	420493	INTRON			{GlimmerHMM_glimmerT_5139-T1;GlimmerHMM},{HiQ_model.g4275.t1;HiQ},{GeneMark_model.5499_t;GeneMark},{ev_type:exonerate/ID=match.2566964.959/Target=lcl|PJQD01000122_1_prot_POY70319_1_544;exonerate}
420661	420553	internal-	4	4	{GlimmerHMM_glimmerT_5139-T1;GlimmerHMM},{HiQ_model.g4275.t1;HiQ},{GeneMark_model.5499_t;GeneMark},{ev_type:exonerate/ID=match.2566964.959/Target=lcl|PJQD01000122_1_prot_POY70319_1_544;exonerate}
420722	420662	INTRON			{GlimmerHMM_glimmerT_5139-T1;GlimmerHMM},{HiQ_model.g4275.t1;HiQ},{GeneMark_model.5499_t;GeneMark},{ev_type:exonerate/ID=match.2566964.959/Target=lcl|PJQD01000122_1_prot_POY70319_1_544;exonerate}
420838	420723	internal-	5	6	{GlimmerHMM_glimmerT_5139-T1;GlimmerHMM},{HiQ_model.g4275.t1;HiQ},{GeneMark_model.5499_t;GeneMark},{ev_type:exonerate/ID=match.2566964.959/Target=lcl|PJQD01000122_1_prot_POY70319_1_544;exonerate}
420901	420839	INTRON			{GlimmerHMM_glimmerT_5139-T1;GlimmerHMM},{HiQ_model.g4275.t1;HiQ},{GeneMark_model.5499_t;GeneMark},{ev_type:exonerate/ID=match.2566964.959/Target=lcl|PJQD01000122_1_prot_POY70319_1_544;exonerate}
420970	420902	internal-	5	4	{GlimmerHMM_glimmerT_5139-T1;GlimmerHMM},{HiQ_model.g4275.t1;HiQ},{GeneMark_model.5499_t;GeneMark},{ev_type:exonerate/ID=match.2566964.959/Target=lcl|PJQD01000122_1_prot_POY70319_1_544;exonerate}
421036	420971	INTRON			{GlimmerHMM_glimmerT_5139-T1;GlimmerHMM},{HiQ_model.g4275.t1;HiQ},{GeneMark_model.5499_t;GeneMark},{ev_type:exonerate/ID=match.2566964.959/Target=lcl|PJQD01000122_1_prot_POY70319_1_544;exonerate}
421071	421037	internal-	6	4	{GlimmerHMM_glimmerT_5139-T1;GlimmerHMM},{HiQ_model.g4275.t1;HiQ},{GeneMark_model.5499_t;GeneMark},{ev_type:exonerate/ID=match.2566964.959/Target=lcl|PJQD01000122_1_prot_POY70319_1_544;exonerate}
421140	421072	INTRON			{GlimmerHMM_glimmerT_5139-T1;GlimmerHMM},{HiQ_model.g4275.t1;HiQ},{GeneMark_model.5499_t;GeneMark},{ev_type:exonerate/ID=match.2566964.959/Target=lcl|PJQD01000122_1_prot_POY70319_1_544;exonerate}
421160	421141	internal-	4	5	{GlimmerHMM_glimmerT_5139-T1;GlimmerHMM},{HiQ_model.g4275.t1;HiQ},{GeneMark_model.5499_t;GeneMark},{ev_type:exonerate/ID=match.2566964.959/Target=lcl|PJQD01000122_1_prot_POY70319_1_544;exonerate}
421222	421161	INTRON			{GlimmerHMM_glimmerT_5139-T1;GlimmerHMM},{HiQ_model.g4275.t1;HiQ},{GeneMark_model.5499_t;GeneMark},{ev_type:exonerate/ID=match.2566964.959/Target=lcl|PJQD01000122_1_prot_POY70319_1_544;exonerate}
421499	421223	internal-	6	6	{GlimmerHMM_glimmerT_5139-T1;GlimmerHMM},{HiQ_model.g4275.t1;HiQ},{GeneMark_model.5499_t;GeneMark},{ev_type:exonerate/ID=match.2566964.959/Target=lcl|PJQD01000122_1_prot_POY70319_1_544;exonerate}
421559	421500	INTRON			{GlimmerHMM_glimmerT_5139-T1;GlimmerHMM},{HiQ_model.g4275.t1;HiQ},{GeneMark_model.5499_t;GeneMark},{ev_type:exonerate/ID=match.2566964.959/Target=lcl|PJQD01000122_1_prot_POY70319_1_544;exonerate}
422012	421560	internal-	6	5	{GlimmerHMM_glimmerT_5139-T1;GlimmerHMM},{HiQ_model.g4275.t1;HiQ},{GeneMark_model.5499_t;GeneMark},{ev_type:exonerate/ID=match.2566964.959/Target=lcl|PJQD01000122_1_prot_POY70319_1_544;exonerate}
422079	422013	INTRON			{GlimmerHMM_glimmerT_5139-T1;GlimmerHMM},{HiQ_model.g4275.t1;HiQ},{GeneMark_model.5499_t;GeneMark},{ev_type:exonerate/ID=match.2566964.959/Target=lcl|PJQD01000122_1_prot_POY70319_1_544;exonerate}
422146	422080	internal-	5	5	{GlimmerHMM_glimmerT_5139-T1;GlimmerHMM},{HiQ_model.g4275.t1;HiQ},{GeneMark_model.5499_t;GeneMark},{ev_type:exonerate/ID=match.2566964.959/Target=lcl|PJQD01000122_1_prot_POY70319_1_544;exonerate}
422205	422147	INTRON			{GlimmerHMM_glimmerT_5139-T1;GlimmerHMM},{HiQ_model.g4275.t1;HiQ},{GeneMark_model.5499_t;GeneMark},{ev_type:exonerate/ID=match.2566964.959/Target=lcl|PJQD01000122_1_prot_POY70319_1_544;exonerate}
422628	422206	internal-	5	4	{GlimmerHMM_glimmerT_5139-T1;GlimmerHMM},{HiQ_model.g4275.t1;HiQ},{GeneMark_model.5499_t;GeneMark},{ev_type:exonerate/ID=match.2566964.959/Target=lcl|PJQD01000122_1_prot_POY70319_1_544;exonerate}
422693	422629	INTRON			{GlimmerHMM_glimmerT_5139-T1;GlimmerHMM},{HiQ_model.g4275.t1;HiQ},{GeneMark_model.5499_t;GeneMark},{ev_type:exonerate/ID=match.2566964.959/Target=lcl|PJQD01000122_1_prot_POY70319_1_544;exonerate}
422832	422694	internal-	4	4	{GlimmerHMM_glimmerT_5139-T1;GlimmerHMM},{HiQ_model.g4275.t1;HiQ},{GeneMark_model.5499_t;GeneMark},{ev_type:exonerate/ID=match.2566964.959/Target=lcl|PJQD01000122_1_prot_POY70319_1_544;exonerate}
422898	422833	INTRON			{GlimmerHMM_glimmerT_5139-T1;GlimmerHMM},{HiQ_model.g4275.t1;HiQ},{GeneMark_model.5499_t;GeneMark},{ev_type:exonerate/ID=match.2566964.959/Target=lcl|PJQD01000122_1_prot_POY70319_1_544;exonerate}
423302	422899	internal-	5	6	{GlimmerHMM_glimmerT_5139-T1;GlimmerHMM},{HiQ_model.g4275.t1;HiQ},{GeneMark_model.5499_t;GeneMark},{ev_type:exonerate/ID=match.2566964.959/Target=lcl|PJQD01000122_1_prot_POY70319_1_544;exonerate}
423373	423303	INTRON			{GlimmerHMM_glimmerT_5139-T1;GlimmerHMM},{HiQ_model.g4275.t1;HiQ},{GeneMark_model.5499_t;GeneMark},{ev_type:exonerate/ID=match.2566964.959/Target=lcl|PJQD01000122_1_prot_POY70319_1_544;exonerate}
423699	423374	internal-	6	4	{GlimmerHMM_glimmerT_5139-T1;GlimmerHMM},{HiQ_model.g4275.t1;HiQ},{GeneMark_model.5499_t;GeneMark},{ev_type:exonerate/ID=match.2566964.959/Target=lcl|PJQD01000122_1_prot_POY70319_1_544;exonerate}
423776	423700	INTRON			{GlimmerHMM_glimmerT_5139-T1;GlimmerHMM},{HiQ_model.g4275.t1;HiQ},{GeneMark_model.5499_t;GeneMark},{ev_type:exonerate/ID=match.2566964.959/Target=lcl|PJQD01000122_1_prot_POY70319_1_544;exonerate}
423862	423777	internal-	4	5	{GlimmerHMM_glimmerT_5139-T1;GlimmerHMM},{HiQ_model.g4275.t1;HiQ},{GeneMark_model.5499_t;GeneMark}
423929	423863	INTRON			{GlimmerHMM_glimmerT_5139-T1;GlimmerHMM},{HiQ_model.g4275.t1;HiQ},{GeneMark_model.5499_t;GeneMark}
423937	423930	internal-	5	6	{HiQ_model.g4275.t1;HiQ},{GeneMark_model.5499_t;GeneMark}
424018	423938	INTRON			{HiQ_model.g4275.t1;HiQ},{GeneMark_model.5499_t;GeneMark}
424247	424019	initial-	4	4	{HiQ_model.g4275.t1;HiQ},{GeneMark_model.5499_t;GeneMark}

# EVM prediction: Mode:STANDARD S-ratio: 1.53 425105-426015 orient(-) score(2271.00) noncoding_equivalent(1483.93) raw_noncoding(2052.00) offset(568.07)
425318	425105	terminal-	6	6	{GeneMark_model.5500_t;GeneMark},{Augustus_model.g4276.t1;Augustus},{GlimmerHMM_glimmerT_5140-T1;GlimmerHMM}
425393	425319	INTRON			{GeneMark_model.5500_t;GeneMark},{Augustus_model.g4276.t1;Augustus}
425506	425394	internal-	4	5	{GeneMark_model.5500_t;GeneMark},{Augustus_model.g4276.t1;Augustus}
425574	425507	INTRON			{GeneMark_model.5500_t;GeneMark},{Augustus_model.g4276.t1;Augustus}
425655	425575	internal-	4	6	{GeneMark_model.5500_t;GeneMark},{Augustus_model.g4276.t1;Augustus}
425764	425656	INTRON			{GeneMark_model.5500_t;GeneMark},{Augustus_model.g4276.t1;Augustus}
425891	425765	internal-	6	6	{GeneMark_model.5500_t;GeneMark},{Augustus_model.g4276.t1;Augustus}
425950	425892	INTRON			{GeneMark_model.5500_t;GeneMark},{Augustus_model.g4276.t1;Augustus},{GlimmerHMM_glimmerT_5140-T1;GlimmerHMM}
426015	425951	initial-	4	5	{GeneMark_model.5500_t;GeneMark},{Augustus_model.g4276.t1;Augustus},{GlimmerHMM_glimmerT_5140-T1;GlimmerHMM}

# EVM prediction: Mode:STANDARD S-ratio: 10000.00 426270-428945 orient(+) score(10704.00) noncoding_equivalent(1.07) raw_noncoding(0.00) offset(0.00)
426270	428945	single+	1	3	{GlimmerHMM_glimmerT_5141-T1;GlimmerHMM},{GeneMark_model.5501_t;GeneMark},{Augustus_model.g4277.t1;Augustus}

# EVM prediction: Mode:STANDARD S-ratio: 10.26 429291-432495 orient(+) score(26080.00) noncoding_equivalent(2543.11) raw_noncoding(2932.00) offset(388.89)
429291	429293	initial+	1	3	{GeneMark_model.5502_t;GeneMark},{Augustus_model.g4278.t1;Augustus},{GlimmerHMM_glimmerT_5142-T1;GlimmerHMM}
429294	429354	INTRON			{GeneMark_model.5502_t;GeneMark},{Augustus_model.g4278.t1;Augustus},{GlimmerHMM_glimmerT_5142-T1;GlimmerHMM}
429355	429620	internal+	1	2	{GeneMark_model.5502_t;GeneMark},{Augustus_model.g4278.t1;Augustus},{GlimmerHMM_glimmerT_5142-T1;GlimmerHMM}
429621	429687	INTRON			{GeneMark_model.5502_t;GeneMark},{Augustus_model.g4278.t1;Augustus},{GlimmerHMM_glimmerT_5142-T1;GlimmerHMM},{ev_type:exonerate/ID=match.2566964.1625/Target=lcl|LCTV02000010_1_prot_PRQ72133_1_1104;exonerate},{ev_type:exonerate/ID=match.2566964.1632/Target=lcl|BJWK01000012_1_prot_GEM10815_1_4832;exonerate},{ev_type:exonerate/ID=match.2566964.1622/Target=lcl|KQ954478_1_prot_KWU44594_1_3118;exonerate},{ev_type:exonerate/ID=match.2566964.1623/Target=lcl|PJQD01000022_1_prot_POY74690_1_2209;exonerate}
429688	429982	internal+	3	3	{GeneMark_model.5502_t;GeneMark},{Augustus_model.g4278.t1;Augustus},{GlimmerHMM_glimmerT_5142-T1;GlimmerHMM},{ev_type:exonerate/ID=match.2566964.1625/Target=lcl|LCTV02000010_1_prot_PRQ72133_1_1104;exonerate},{ev_type:exonerate/ID=match.2566964.1632/Target=lcl|BJWK01000012_1_prot_GEM10815_1_4832;exonerate},{ev_type:exonerate/ID=match.2566964.1622/Target=lcl|KQ954478_1_prot_KWU44594_1_3118;exonerate},{ev_type:exonerate/ID=match.2566964.1623/Target=lcl|PJQD01000022_1_prot_POY74690_1_2209;exonerate}
429983	430047	INTRON			{GeneMark_model.5502_t;GeneMark},{Augustus_model.g4278.t1;Augustus},{GlimmerHMM_glimmerT_5142-T1;GlimmerHMM},{ev_type:exonerate/ID=match.2566964.1625/Target=lcl|LCTV02000010_1_prot_PRQ72133_1_1104;exonerate},{ev_type:exonerate/ID=match.2566964.1620/Target=lcl|NW_017264941_1_prot_XP_018268650_1_6105;exonerate},{ev_type:exonerate/ID=match.2566964.1632/Target=lcl|BJWK01000012_1_prot_GEM10815_1_4832;exonerate},{ev_type:exonerate/ID=match.2566964.1622/Target=lcl|KQ954478_1_prot_KWU44594_1_3118;exonerate},{ev_type:exonerate/ID=match.2566964.1623/Target=lcl|PJQD01000022_1_prot_POY74690_1_2209;exonerate}
430048	430219	internal+	1	1	{GeneMark_model.5502_t;GeneMark},{Augustus_model.g4278.t1;Augustus},{GlimmerHMM_glimmerT_5142-T1;GlimmerHMM},{ev_type:exonerate/ID=match.2566964.1625/Target=lcl|LCTV02000010_1_prot_PRQ72133_1_1104;exonerate},{ev_type:exonerate/ID=match.2566964.1620/Target=lcl|NW_017264941_1_prot_XP_018268650_1_6105;exonerate},{ev_type:exonerate/ID=match.2566964.1632/Target=lcl|BJWK01000012_1_prot_GEM10815_1_4832;exonerate},{ev_type:exonerate/ID=match.2566964.1622/Target=lcl|KQ954478_1_prot_KWU44594_1_3118;exonerate},{ev_type:exonerate/ID=match.2566964.1623/Target=lcl|PJQD01000022_1_prot_POY74690_1_2209;exonerate}
430220	430280	INTRON			{GeneMark_model.5502_t;GeneMark},{Augustus_model.g4278.t1;Augustus},{GlimmerHMM_glimmerT_5142-T1;GlimmerHMM},{ev_type:exonerate/ID=match.2566964.1625/Target=lcl|LCTV02000010_1_prot_PRQ72133_1_1104;exonerate},{ev_type:exonerate/ID=match.2566964.1620/Target=lcl|NW_017264941_1_prot_XP_018268650_1_6105;exonerate},{ev_type:exonerate/ID=match.2566964.1632/Target=lcl|BJWK01000012_1_prot_GEM10815_1_4832;exonerate},{ev_type:exonerate/ID=match.2566964.1622/Target=lcl|KQ954478_1_prot_KWU44594_1_3118;exonerate},{ev_type:exonerate/ID=match.2566964.1623/Target=lcl|PJQD01000022_1_prot_POY74690_1_2209;exonerate}
430281	430708	internal+	2	3	{GeneMark_model.5502_t;GeneMark},{Augustus_model.g4278.t1;Augustus},{GlimmerHMM_glimmerT_5142-T1;GlimmerHMM},{ev_type:exonerate/ID=match.2566964.1625/Target=lcl|LCTV02000010_1_prot_PRQ72133_1_1104;exonerate},{ev_type:exonerate/ID=match.2566964.1620/Target=lcl|NW_017264941_1_prot_XP_018268650_1_6105;exonerate},{ev_type:exonerate/ID=match.2566964.1622/Target=lcl|KQ954478_1_prot_KWU44594_1_3118;exonerate},{ev_type:exonerate/ID=match.2566964.1623/Target=lcl|PJQD01000022_1_prot_POY74690_1_2209;exonerate}
430709	430772	INTRON			{GeneMark_model.5502_t;GeneMark},{Augustus_model.g4278.t1;Augustus},{GlimmerHMM_glimmerT_5142-T1;GlimmerHMM},{ev_type:exonerate/ID=match.2566964.1625/Target=lcl|LCTV02000010_1_prot_PRQ72133_1_1104;exonerate},{ev_type:exonerate/ID=match.2566964.1620/Target=lcl|NW_017264941_1_prot_XP_018268650_1_6105;exonerate},{ev_type:exonerate/ID=match.2566964.1622/Target=lcl|KQ954478_1_prot_KWU44594_1_3118;exonerate},{ev_type:exonerate/ID=match.2566964.1623/Target=lcl|PJQD01000022_1_prot_POY74690_1_2209;exonerate}
430773	431461	internal+	1	2	{GeneMark_model.5502_t;GeneMark},{Augustus_model.g4278.t1;Augustus},{GlimmerHMM_glimmerT_5142-T1;GlimmerHMM},{ev_type:exonerate/ID=match.2566964.1625/Target=lcl|LCTV02000010_1_prot_PRQ72133_1_1104;exonerate},{ev_type:exonerate/ID=match.2566964.1620/Target=lcl|NW_017264941_1_prot_XP_018268650_1_6105;exonerate},{ev_type:exonerate/ID=match.2566964.1632/Target=lcl|BJWK01000012_1_prot_GEM10815_1_4832;exonerate},{ev_type:exonerate/ID=match.2566964.1622/Target=lcl|KQ954478_1_prot_KWU44594_1_3118;exonerate},{ev_type:exonerate/ID=match.2566964.1623/Target=lcl|PJQD01000022_1_prot_POY74690_1_2209;exonerate}
431462	431530	INTRON			{GeneMark_model.5502_t;GeneMark},{Augustus_model.g4278.t1;Augustus},{GlimmerHMM_glimmerT_5142-T1;GlimmerHMM},{ev_type:exonerate/ID=match.2566964.1625/Target=lcl|LCTV02000010_1_prot_PRQ72133_1_1104;exonerate},{ev_type:exonerate/ID=match.2566964.1620/Target=lcl|NW_017264941_1_prot_XP_018268650_1_6105;exonerate},{ev_type:exonerate/ID=match.2566964.1632/Target=lcl|BJWK01000012_1_prot_GEM10815_1_4832;exonerate},{ev_type:exonerate/ID=match.2566964.1622/Target=lcl|KQ954478_1_prot_KWU44594_1_3118;exonerate},{ev_type:exonerate/ID=match.2566964.1623/Target=lcl|PJQD01000022_1_prot_POY74690_1_2209;exonerate}
431531	431858	internal+	3	3	{GeneMark_model.5502_t;GeneMark},{Augustus_model.g4278.t1;Augustus},{GlimmerHMM_glimmerT_5142-T1;GlimmerHMM},{ev_type:exonerate/ID=match.2566964.1625/Target=lcl|LCTV02000010_1_prot_PRQ72133_1_1104;exonerate},{ev_type:exonerate/ID=match.2566964.1620/Target=lcl|NW_017264941_1_prot_XP_018268650_1_6105;exonerate},{ev_type:exonerate/ID=match.2566964.1632/Target=lcl|BJWK01000012_1_prot_GEM10815_1_4832;exonerate},{ev_type:exonerate/ID=match.2566964.1622/Target=lcl|KQ954478_1_prot_KWU44594_1_3118;exonerate},{ev_type:exonerate/ID=match.2566964.1623/Target=lcl|PJQD01000022_1_prot_POY74690_1_2209;exonerate}
431859	431919	INTRON			{GeneMark_model.5502_t;GeneMark},{Augustus_model.g4278.t1;Augustus},{GlimmerHMM_glimmerT_5142-T1;GlimmerHMM},{ev_type:exonerate/ID=match.2566964.1625/Target=lcl|LCTV02000010_1_prot_PRQ72133_1_1104;exonerate},{ev_type:exonerate/ID=match.2566964.1620/Target=lcl|NW_017264941_1_prot_XP_018268650_1_6105;exonerate},{ev_type:exonerate/ID=match.2566964.1632/Target=lcl|BJWK01000012_1_prot_GEM10815_1_4832;exonerate},{ev_type:exonerate/ID=match.2566964.1622/Target=lcl|KQ954478_1_prot_KWU44594_1_3118;exonerate},{ev_type:exonerate/ID=match.2566964.1623/Target=lcl|PJQD01000022_1_prot_POY74690_1_2209;exonerate}
431920	432495	terminal+	1	3	{GeneMark_model.5502_t;GeneMark},{Augustus_model.g4278.t1;Augustus},{GlimmerHMM_glimmerT_5142-T1;GlimmerHMM}

# EVM prediction: Mode:STANDARD S-ratio: 2.64 432660-435769 orient(-) score(9859.00) noncoding_equivalent(3738.41) raw_noncoding(4748.00) offset(1009.59)
432786	432660	terminal-	6	6	{Augustus_model.g4279.t1;Augustus},{GeneMark_model.5503_t;GeneMark},{GlimmerHMM_glimmerT_5143-T1;GlimmerHMM}
432857	432787	INTRON			{Augustus_model.g4279.t1;Augustus},{GeneMark_model.5503_t;GeneMark},{GlimmerHMM_glimmerT_5143-T1;GlimmerHMM}
432969	432858	internal-	5	5	{Augustus_model.g4279.t1;Augustus},{GeneMark_model.5503_t;GeneMark},{GlimmerHMM_glimmerT_5143-T1;GlimmerHMM}
433043	432970	INTRON			{Augustus_model.g4279.t1;Augustus},{GeneMark_model.5503_t;GeneMark},{GlimmerHMM_glimmerT_5143-T1;GlimmerHMM}
433164	433044	internal-	4	4	{Augustus_model.g4279.t1;Augustus},{GeneMark_model.5503_t;GeneMark},{GlimmerHMM_glimmerT_5143-T1;GlimmerHMM}
433221	433165	INTRON			{Augustus_model.g4279.t1;Augustus},{GeneMark_model.5503_t;GeneMark},{GlimmerHMM_glimmerT_5143-T1;GlimmerHMM}
433277	433222	internal-	5	6	{Augustus_model.g4279.t1;Augustus},{GeneMark_model.5503_t;GeneMark},{GlimmerHMM_glimmerT_5143-T1;GlimmerHMM}
433349	433278	INTRON			{Augustus_model.g4279.t1;Augustus},{GeneMark_model.5503_t;GeneMark},{GlimmerHMM_glimmerT_5143-T1;GlimmerHMM}
433462	433350	internal-	6	4	{Augustus_model.g4279.t1;Augustus},{GeneMark_model.5503_t;GeneMark},{GlimmerHMM_glimmerT_5143-T1;GlimmerHMM}
433526	433463	INTRON			{Augustus_model.g4279.t1;Augustus},{GeneMark_model.5503_t;GeneMark},{GlimmerHMM_glimmerT_5143-T1;GlimmerHMM}
434046	433527	internal-	5	5	{Augustus_model.g4279.t1;Augustus},{GeneMark_model.5503_t;GeneMark},{GlimmerHMM_glimmerT_5143-T1;GlimmerHMM}
434111	434047	INTRON			{Augustus_model.g4279.t1;Augustus},{GeneMark_model.5503_t;GeneMark},{GlimmerHMM_glimmerT_5143-T1;GlimmerHMM}
434223	434112	internal-	4	4	{Augustus_model.g4279.t1;Augustus},{GeneMark_model.5503_t;GeneMark},{GlimmerHMM_glimmerT_5143-T1;GlimmerHMM}
434290	434224	INTRON			{Augustus_model.g4279.t1;Augustus},{GeneMark_model.5503_t;GeneMark}
434311	434291	internal-	4	6	{Augustus_model.g4279.t1;Augustus},{GeneMark_model.5503_t;GeneMark}
434373	434312	INTRON			{Augustus_model.g4279.t1;Augustus},{GeneMark_model.5503_t;GeneMark}
434458	434374	internal-	6	6	{Augustus_model.g4279.t1;Augustus},{GeneMark_model.5503_t;GeneMark},{GlimmerHMM_glimmerT_5143-T1;GlimmerHMM}
434524	434459	INTRON			{Augustus_model.g4279.t1;Augustus},{GeneMark_model.5503_t;GeneMark},{GlimmerHMM_glimmerT_5143-T1;GlimmerHMM}
434752	434525	internal-	6	5	{Augustus_model.g4279.t1;Augustus},{GeneMark_model.5503_t;GeneMark},{GlimmerHMM_glimmerT_5143-T1;GlimmerHMM}
434829	434753	INTRON			{GeneMark_model.5503_t;GeneMark},{GlimmerHMM_glimmerT_5143-T1;GlimmerHMM}
434858	434830	internal-	4	5	{GeneMark_model.5503_t;GeneMark},{GlimmerHMM_glimmerT_5143-T1;GlimmerHMM}
434927	434859	INTRON			{Augustus_model.g4279.t1;Augustus},{GeneMark_model.5503_t;GeneMark},{GlimmerHMM_glimmerT_5143-T1;GlimmerHMM}
435158	434928	internal-	4	6	{Augustus_model.g4279.t1;Augustus},{GeneMark_model.5503_t;GeneMark},{GlimmerHMM_glimmerT_5143-T1;GlimmerHMM}
435220	435159	INTRON			{Augustus_model.g4279.t1;Augustus},{GeneMark_model.5503_t;GeneMark},{GlimmerHMM_glimmerT_5143-T1;GlimmerHMM}
435769	435221	initial-	4	6	{Augustus_model.g4279.t1;Augustus},{GeneMark_model.5503_t;GeneMark},{GlimmerHMM_glimmerT_5143-T1;GlimmerHMM}

# EVM prediction: Mode:STANDARD S-ratio: 1.85 436251-438089 orient(-) score(4811.00) noncoding_equivalent(2602.06) raw_noncoding(3389.00) offset(786.94)
436822	436251	terminal-	5	6	{Augustus_model.g4280.t1;Augustus},{GlimmerHMM_glimmerT_5144-T1;GlimmerHMM},{GeneMark_model.5504_t;GeneMark}
436880	436823	INTRON			{Augustus_model.g4280.t1;Augustus},{GlimmerHMM_glimmerT_5144-T1;GlimmerHMM},{GeneMark_model.5504_t;GeneMark}
437003	436881	internal-	5	4	{Augustus_model.g4280.t1;Augustus},{GlimmerHMM_glimmerT_5144-T1;GlimmerHMM},{GeneMark_model.5504_t;GeneMark}
437059	437004	INTRON			{Augustus_model.g4280.t1;Augustus},{GlimmerHMM_glimmerT_5144-T1;GlimmerHMM},{GeneMark_model.5504_t;GeneMark}
437441	437060	internal-	4	4	{Augustus_model.g4280.t1;Augustus},{GlimmerHMM_glimmerT_5144-T1;GlimmerHMM},{GeneMark_model.5504_t;GeneMark}
437517	437442	INTRON			{Augustus_model.g4280.t1;Augustus},{GeneMark_model.5504_t;GeneMark}
437651	437518	internal-	5	6	{Augustus_model.g4280.t1;Augustus},{GeneMark_model.5504_t;GeneMark}
437716	437652	INTRON			{Augustus_model.g4280.t1;Augustus},{GeneMark_model.5504_t;GeneMark}
437744	437717	internal-	4	4	{Augustus_model.g4280.t1;Augustus},{GeneMark_model.5504_t;GeneMark}
437821	437745	INTRON			{Augustus_model.g4280.t1;Augustus},{GeneMark_model.5504_t;GeneMark}
437970	437822	internal-	5	6	{Augustus_model.g4280.t1;Augustus}
438052	437971	INTRON			{Augustus_model.g4280.t1;Augustus}
438089	438053	initial-	4	4	{Augustus_model.g4280.t1;Augustus}

# EVM prediction: Mode:STANDARD S-ratio: 2.00 438591-440313 orient(+) score(4957.00) noncoding_equivalent(2481.18) raw_noncoding(3631.00) offset(1149.82)
438591	438739	initial+	1	2	{GlimmerHMM_glimmerT_5145-T1;GlimmerHMM},{Augustus_model.g4281.t1;Augustus},{GeneMark_model.5505_t;GeneMark}
438740	439138	INTRON			{Augustus_model.g4281.t1;Augustus},{GeneMark_model.5505_t;GeneMark}
439139	439183	internal+	3	2	{Augustus_model.g4281.t1;Augustus},{GeneMark_model.5505_t;GeneMark}
439184	439252	INTRON			{Augustus_model.g4281.t1;Augustus},{GeneMark_model.5505_t;GeneMark}
439253	439434	internal+	3	1	{GlimmerHMM_glimmerT_5145-T1;GlimmerHMM},{Augustus_model.g4281.t1;Augustus}
439435	439503	INTRON			{GlimmerHMM_glimmerT_5145-T1;GlimmerHMM},{Augustus_model.g4281.t1;Augustus},{GeneMark_model.5505_t;GeneMark}
439504	439564	internal+	2	2	{GlimmerHMM_glimmerT_5145-T1;GlimmerHMM},{Augustus_model.g4281.t1;Augustus},{GeneMark_model.5505_t;GeneMark}
439565	439631	INTRON			{GlimmerHMM_glimmerT_5145-T1;GlimmerHMM},{Augustus_model.g4281.t1;Augustus},{GeneMark_model.5505_t;GeneMark}
439632	439996	internal+	3	1	{GlimmerHMM_glimmerT_5145-T1;GlimmerHMM},{Augustus_model.g4281.t1;Augustus},{GeneMark_model.5505_t;GeneMark}
439997	440079	INTRON			{GlimmerHMM_glimmerT_5145-T1;GlimmerHMM},{Augustus_model.g4281.t1;Augustus},{GeneMark_model.5505_t;GeneMark}
440080	440199	internal+	2	1	{GlimmerHMM_glimmerT_5145-T1;GlimmerHMM},{Augustus_model.g4281.t1;Augustus},{GeneMark_model.5505_t;GeneMark}
440200	440263	INTRON			{GlimmerHMM_glimmerT_5145-T1;GlimmerHMM},{Augustus_model.g4281.t1;Augustus},{GeneMark_model.5505_t;GeneMark}
440264	440313	terminal+	2	3	{GlimmerHMM_glimmerT_5145-T1;GlimmerHMM},{Augustus_model.g4281.t1;Augustus},{GeneMark_model.5505_t;GeneMark}

# EVM prediction: Mode:STANDARD S-ratio: 7.63 440938-443204 orient(-) score(8125.00) noncoding_equivalent(1065.00) raw_noncoding(1071.00) offset(6.00)
441629	440938	terminal-	5	6	{Augustus_model.g4282.t1;Augustus},{GeneMark_model.5506_t;GeneMark},{GlimmerHMM_glimmerT_5146-T1;GlimmerHMM}
441697	441630	INTRON			{Augustus_model.g4282.t1;Augustus},{GeneMark_model.5506_t;GeneMark},{GlimmerHMM_glimmerT_5146-T1;GlimmerHMM}
443204	441698	initial-	4	4	{Augustus_model.g4282.t1;Augustus},{GeneMark_model.5506_t;GeneMark},{GlimmerHMM_glimmerT_5146-T1;GlimmerHMM}

# EVM prediction: Mode:STANDARD S-ratio: 1.89 443828-447857 orient(-) score(11394.00) noncoding_equivalent(6030.66) raw_noncoding(8671.00) offset(2640.34)
443837	443828	terminal-	6	6	{Augustus_model.g4283.t1;Augustus},{GeneMark_model.5507_t;GeneMark}
443899	443838	INTRON			{Augustus_model.g4283.t1;Augustus},{GeneMark_model.5507_t;GeneMark}
443916	443900	internal-	4	5	{Augustus_model.g4283.t1;Augustus},{GeneMark_model.5507_t;GeneMark}
443984	443917	INTRON			{Augustus_model.g4283.t1;Augustus},{GeneMark_model.5507_t;GeneMark}
444183	443985	internal-	6	6	{Augustus_model.g4283.t1;Augustus},{GeneMark_model.5507_t;GeneMark}
444280	444184	INTRON			{Augustus_model.g4283.t1;Augustus},{GeneMark_model.5507_t;GeneMark},{ev_type:exonerate/ID=match.2566964.4142/Target=lcl|KQ954478_1_prot_KWU44589_1_3113;exonerate}
444360	444281	internal-	4	5	{Augustus_model.g4283.t1;Augustus},{GeneMark_model.5507_t;GeneMark},{ev_type:exonerate/ID=match.2566964.4142/Target=lcl|KQ954478_1_prot_KWU44589_1_3113;exonerate}
444428	444361	INTRON			{GlimmerHMM_glimmerT_5147-T1;GlimmerHMM},{Augustus_model.g4283.t1;Augustus},{GeneMark_model.5507_t;GeneMark},{ev_type:exonerate/ID=match.2566964.4142/Target=lcl|KQ954478_1_prot_KWU44589_1_3113;exonerate}
444729	444429	internal-	6	6	{GlimmerHMM_glimmerT_5147-T1;GlimmerHMM},{Augustus_model.g4283.t1;Augustus},{GeneMark_model.5507_t;GeneMark},{ev_type:exonerate/ID=match.2566964.4142/Target=lcl|KQ954478_1_prot_KWU44589_1_3113;exonerate}
444791	444730	INTRON			{Augustus_model.g4283.t1;Augustus},{GeneMark_model.5507_t;GeneMark},{ev_type:exonerate/ID=match.2566964.4142/Target=lcl|KQ954478_1_prot_KWU44589_1_3113;exonerate}
444838	444792	internal-	4	5	{Augustus_model.g4283.t1;Augustus},{GeneMark_model.5507_t;GeneMark}
444899	444839	INTRON			{Augustus_model.g4283.t1;Augustus},{GeneMark_model.5507_t;GeneMark}
444945	444900	internal-	6	6	{Augustus_model.g4283.t1;Augustus}
445003	444946	INTRON			{Augustus_model.g4283.t1;Augustus}
445019	445004	internal-	5	5	{Augustus_model.g4283.t1;Augustus}
445096	445020	INTRON			{GeneMark_model.5508_t;GeneMark},{Augustus_model.g4283.t1;Augustus}
445292	445097	internal-	4	4	{GeneMark_model.5508_t;GeneMark},{Augustus_model.g4283.t1;Augustus}
445385	445293	INTRON			{GeneMark_model.5508_t;GeneMark},{GlimmerHMM_glimmerT_5147-T1;GlimmerHMM},{Augustus_model.g4283.t1;Augustus}
445561	445386	internal-	5	6	{GeneMark_model.5508_t;GeneMark},{GlimmerHMM_glimmerT_5147-T1;GlimmerHMM},{Augustus_model.g4283.t1;Augustus}
446513	445562	INTRON			{GlimmerHMM_glimmerT_5147-T1;GlimmerHMM},{Augustus_model.g4283.t1;Augustus}
447552	446514	internal-	4	4	{GlimmerHMM_glimmerT_5147-T1;GlimmerHMM},{Augustus_model.g4283.t1;Augustus}
447692	447553	INTRON			{GlimmerHMM_glimmerT_5147-T1;GlimmerHMM},{Augustus_model.g4283.t1;Augustus},{GeneMark_model.5509_t;GeneMark}
447857	447693	initial-	4	6	{GlimmerHMM_glimmerT_5147-T1;GlimmerHMM},{Augustus_model.g4283.t1;Augustus},{GeneMark_model.5509_t;GeneMark}

# EVM prediction: Mode:STANDARD S-ratio: 6.53 448272-449155 orient(-) score(4516.00) noncoding_equivalent(692.00) raw_noncoding(801.00) offset(109.00)
448313	448272	terminal-	4	6	{GlimmerHMM_glimmerT_5148-T1;GlimmerHMM},{Augustus_model.g4284.t1;Augustus},{GeneMark_model.5510_t;GeneMark}
448377	448314	INTRON			{GlimmerHMM_glimmerT_5148-T1;GlimmerHMM},{Augustus_model.g4284.t1;Augustus},{GeneMark_model.5510_t;GeneMark},{ev_type:exonerate/ID=match.2566964.4151/Target=lcl|LCTV02000010_1_prot_PRQ72312_1_1283;exonerate},{ev_type:exonerate/ID=match.2566964.4152/Target=lcl|NW_017264941_1_prot_XP_018268705_1_6160;exonerate}
448433	448378	internal-	5	6	{GlimmerHMM_glimmerT_5148-T1;GlimmerHMM},{Augustus_model.g4284.t1;Augustus},{GeneMark_model.5510_t;GeneMark},{ev_type:exonerate/ID=match.2566964.4151/Target=lcl|LCTV02000010_1_prot_PRQ72312_1_1283;exonerate},{ev_type:exonerate/ID=match.2566964.4152/Target=lcl|NW_017264941_1_prot_XP_018268705_1_6160;exonerate}
448512	448434	INTRON			{GlimmerHMM_glimmerT_5148-T1;GlimmerHMM},{Augustus_model.g4284.t1;Augustus},{GeneMark_model.5510_t;GeneMark},{ev_type:exonerate/ID=match.2566964.4151/Target=lcl|LCTV02000010_1_prot_PRQ72312_1_1283;exonerate},{ev_type:exonerate/ID=match.2566964.4152/Target=lcl|NW_017264941_1_prot_XP_018268705_1_6160;exonerate}
448975	448513	internal-	4	4	{Augustus_model.g4284.t1;Augustus},{GeneMark_model.5510_t;GeneMark}
449074	448976	INTRON			{Augustus_model.g4284.t1;Augustus},{GeneMark_model.5510_t;GeneMark}
449155	449075	initial-	4	6	{Augustus_model.g4284.t1;Augustus},{GeneMark_model.5510_t;GeneMark}

# EVM prediction: Mode:STANDARD S-ratio: 1.17 449772-450968 orient(+) score(2729.00) noncoding_equivalent(2336.65) raw_noncoding(2810.08) offset(473.42)
449772	449848	initial+	1	2	{Augustus_model.g4285.t1;Augustus},{GeneMark_model.5511_t;GeneMark}
449849	449928	INTRON			{Augustus_model.g4285.t1;Augustus},{GeneMark_model.5511_t;GeneMark}
449929	449986	internal+	3	3	{Augustus_model.g4285.t1;Augustus},{GeneMark_model.5511_t;GeneMark}
449987	450067	INTRON			{Augustus_model.g4285.t1;Augustus},{GeneMark_model.5511_t;GeneMark}
450068	450196	internal+	1	3	{GlimmerHMM_glimmerT_5149-T1;GlimmerHMM},{Augustus_model.g4285.t1;Augustus},{GeneMark_model.5511_t;GeneMark}
450197	450269	INTRON			{GlimmerHMM_glimmerT_5149-T1;GlimmerHMM},{Augustus_model.g4285.t1;Augustus},{GeneMark_model.5511_t;GeneMark}
450270	450353	internal+	1	3	{GlimmerHMM_glimmerT_5149-T1;GlimmerHMM},{Augustus_model.g4285.t1;Augustus},{GeneMark_model.5511_t;GeneMark}
450354	450422	INTRON			{GlimmerHMM_glimmerT_5149-T1;GlimmerHMM},{Augustus_model.g4285.t1;Augustus},{GeneMark_model.5511_t;GeneMark}
450423	450968	terminal+	1	3	{GeneMark_model.5511_t;GeneMark}

# EVM prediction: Mode:STANDARD S-ratio: 2.17 451095-454015 orient(+) score(9133.00) noncoding_equivalent(4203.73) raw_noncoding(5453.00) offset(1249.27)
451095	451335	initial+	1	1	{GeneMark_model.5512_t;GeneMark}
451336	451676	INTRON			{GlimmerHMM_glimmerT_5149-T1;GlimmerHMM},{Augustus_model.g4285.t1;Augustus},{GeneMark_model.5512_t;GeneMark}
451677	451766	internal+	2	1	{GlimmerHMM_glimmerT_5149-T1;GlimmerHMM},{Augustus_model.g4285.t1;Augustus},{GeneMark_model.5512_t;GeneMark}
451767	451859	INTRON			{GlimmerHMM_glimmerT_5149-T1;GlimmerHMM},{Augustus_model.g4285.t1;Augustus},{GeneMark_model.5512_t;GeneMark}
451860	451947	internal+	2	2	{GlimmerHMM_glimmerT_5149-T1;GlimmerHMM},{Augustus_model.g4285.t1;Augustus},{GeneMark_model.5512_t;GeneMark}
451948	452002	INTRON			{GlimmerHMM_glimmerT_5149-T1;GlimmerHMM},{Augustus_model.g4285.t1;Augustus},{GeneMark_model.5512_t;GeneMark}
452003	452078	internal+	3	3	{GlimmerHMM_glimmerT_5149-T1;GlimmerHMM},{Augustus_model.g4285.t1;Augustus},{GeneMark_model.5512_t;GeneMark}
452079	452151	INTRON			{GlimmerHMM_glimmerT_5149-T1;GlimmerHMM},{Augustus_model.g4285.t1;Augustus},{GeneMark_model.5512_t;GeneMark}
452152	452389	internal+	1	1	{GlimmerHMM_glimmerT_5149-T1;GlimmerHMM},{Augustus_model.g4285.t1;Augustus},{GeneMark_model.5512_t;GeneMark}
452390	452450	INTRON			{GlimmerHMM_glimmerT_5149-T1;GlimmerHMM},{Augustus_model.g4285.t1;Augustus},{GeneMark_model.5512_t;GeneMark}
452451	452506	internal+	2	3	{GlimmerHMM_glimmerT_5149-T1;GlimmerHMM},{Augustus_model.g4285.t1;Augustus},{GeneMark_model.5512_t;GeneMark}
452507	452574	INTRON			{GlimmerHMM_glimmerT_5149-T1;GlimmerHMM},{GeneMark_model.5512_t;GeneMark}
452575	452628	internal+	1	3	{GlimmerHMM_glimmerT_5149-T1;GlimmerHMM},{GeneMark_model.5512_t;GeneMark}
452629	452689	INTRON			{Augustus_model.g4285.t1;Augustus},{GeneMark_model.5512_t;GeneMark}
452690	452770	internal+	1	3	{Augustus_model.g4285.t1;Augustus},{GeneMark_model.5512_t;GeneMark}
452771	452853	INTRON			{GlimmerHMM_glimmerT_5149-T1;GlimmerHMM},{Augustus_model.g4285.t1;Augustus},{GeneMark_model.5512_t;GeneMark}
452854	452991	internal+	1	3	{GlimmerHMM_glimmerT_5149-T1;GlimmerHMM},{Augustus_model.g4285.t1;Augustus},{GeneMark_model.5512_t;GeneMark}
452992	453069	INTRON			{GlimmerHMM_glimmerT_5149-T1;GlimmerHMM},{GeneMark_model.5512_t;GeneMark}
453070	453154	internal+	1	1	{GlimmerHMM_glimmerT_5149-T1;GlimmerHMM},{GeneMark_model.5512_t;GeneMark}
453155	453226	INTRON			{GlimmerHMM_glimmerT_5149-T1;GlimmerHMM},{Augustus_model.g4285.t1;Augustus},{GeneMark_model.5512_t;GeneMark}
453227	453326	internal+	2	2	{GlimmerHMM_glimmerT_5149-T1;GlimmerHMM},{Augustus_model.g4285.t1;Augustus},{GeneMark_model.5512_t;GeneMark}
453327	453393	INTRON			{GlimmerHMM_glimmerT_5149-T1;GlimmerHMM},{Augustus_model.g4285.t1;Augustus},{GeneMark_model.5512_t;GeneMark}
453394	454015	terminal+	3	3	{GlimmerHMM_glimmerT_5149-T1;GlimmerHMM},{Augustus_model.g4285.t1;Augustus},{GeneMark_model.5512_t;GeneMark}

# EVM prediction: Mode:STANDARD S-ratio: 2.07 454729-456462 orient(-) score(5435.00) noncoding_equivalent(2619.77) raw_noncoding(3225.00) offset(605.23)
454938	454729	terminal-	4	6	{Augustus_model.g4286.t1;Augustus},{GeneMark_model.5513_t;GeneMark},{GlimmerHMM_glimmerT_5150-T1;GlimmerHMM}
455006	454939	INTRON			{Augustus_model.g4286.t1;Augustus},{GeneMark_model.5513_t;GeneMark},{GlimmerHMM_glimmerT_5150-T1;GlimmerHMM}
455140	455007	internal-	5	6	{Augustus_model.g4286.t1;Augustus},{GeneMark_model.5513_t;GeneMark},{GlimmerHMM_glimmerT_5150-T1;GlimmerHMM}
455210	455141	INTRON			{Augustus_model.g4286.t1;Augustus},{GeneMark_model.5513_t;GeneMark},{GlimmerHMM_glimmerT_5150-T1;GlimmerHMM}
455221	455211	internal-	6	4	{Augustus_model.g4286.t1;Augustus},{GeneMark_model.5513_t;GeneMark},{GlimmerHMM_glimmerT_5150-T1;GlimmerHMM}
455295	455222	INTRON			{Augustus_model.g4286.t1;Augustus},{GeneMark_model.5513_t;GeneMark},{GlimmerHMM_glimmerT_5150-T1;GlimmerHMM}
455457	455296	internal-	6	5	{Augustus_model.g4286.t1;Augustus},{GeneMark_model.5513_t;GeneMark},{GlimmerHMM_glimmerT_5150-T1;GlimmerHMM}
455546	455458	INTRON			{Augustus_model.g4286.t1;Augustus},{GeneMark_model.5513_t;GeneMark},{GlimmerHMM_glimmerT_5150-T1;GlimmerHMM}
455642	455547	internal-	6	5	{Augustus_model.g4286.t1;Augustus},{GeneMark_model.5513_t;GeneMark},{GlimmerHMM_glimmerT_5150-T1;GlimmerHMM}
455713	455643	INTRON			{Augustus_model.g4286.t1;Augustus},{GeneMark_model.5513_t;GeneMark},{GlimmerHMM_glimmerT_5150-T1;GlimmerHMM}
455933	455714	internal-	5	5	{Augustus_model.g4286.t1;Augustus},{GeneMark_model.5513_t;GeneMark},{GlimmerHMM_glimmerT_5150-T1;GlimmerHMM}
456004	455934	INTRON			{Augustus_model.g4286.t1;Augustus},{GeneMark_model.5513_t;GeneMark},{GlimmerHMM_glimmerT_5150-T1;GlimmerHMM}
456073	456005	internal-	5	4	{Augustus_model.g4286.t1;Augustus},{GeneMark_model.5513_t;GeneMark},{GlimmerHMM_glimmerT_5150-T1;GlimmerHMM}
456145	456074	INTRON			{Augustus_model.g4286.t1;Augustus},{GeneMark_model.5513_t;GeneMark},{GlimmerHMM_glimmerT_5150-T1;GlimmerHMM}
456221	456146	internal-	4	4	{Augustus_model.g4286.t1;Augustus},{GeneMark_model.5513_t;GeneMark},{GlimmerHMM_glimmerT_5150-T1;GlimmerHMM}
456282	456222	INTRON			{Augustus_model.g4286.t1;Augustus},{GeneMark_model.5513_t;GeneMark},{GlimmerHMM_glimmerT_5150-T1;GlimmerHMM}
456462	456283	initial-	4	6	{GeneMark_model.5513_t;GeneMark},{GlimmerHMM_glimmerT_5150-T1;GlimmerHMM}

# EVM prediction: Mode:STANDARD S-ratio: 4.16 456570-456997 orient(-) score(1545.00) noncoding_equivalent(371.03) raw_noncoding(399.03) offset(28.00)
456631	456570	terminal-	5	6	{GeneMark_model.5514_t;GeneMark},{GlimmerHMM_glimmerT_5151-T1;GlimmerHMM}
456735	456632	INTRON			{GeneMark_model.5514_t;GeneMark},{GlimmerHMM_glimmerT_5151-T1;GlimmerHMM},{Augustus_model.g4286.t1;Augustus}
456997	456736	initial-	4	4	{GeneMark_model.5514_t;GeneMark},{GlimmerHMM_glimmerT_5151-T1;GlimmerHMM},{Augustus_model.g4286.t1;Augustus}

# EVM prediction: Mode:STANDARD S-ratio: 2.99 457679-458641 orient(-) score(5766.00) noncoding_equivalent(1926.00) raw_noncoding(2226.00) offset(300.00)
457796	457679	terminal-	6	6	{HiQ_model.g4287.t1;HiQ},{GlimmerHMM_glimmerT_5152-T1;GlimmerHMM},{GeneMark_model.5515_t;GeneMark}
457860	457797	INTRON			{HiQ_model.g4287.t1;HiQ},{GlimmerHMM_glimmerT_5152-T1;GlimmerHMM},{GeneMark_model.5515_t;GeneMark},{ev_type:exonerate/ID=match.2566964.4127/Target=lcl|KQ954478_1_prot_KWU44578_1_3102;exonerate},{ev_type:exonerate/ID=match.2566964.4124/Target=lcl|PJQD01000022_1_prot_POY74707_1_2226;exonerate}
458080	457861	internal-	5	5	{HiQ_model.g4287.t1;HiQ},{GlimmerHMM_glimmerT_5152-T1;GlimmerHMM},{GeneMark_model.5515_t;GeneMark},{ev_type:exonerate/ID=match.2566964.4127/Target=lcl|KQ954478_1_prot_KWU44578_1_3102;exonerate},{ev_type:exonerate/ID=match.2566964.4124/Target=lcl|PJQD01000022_1_prot_POY74707_1_2226;exonerate}
458166	458081	INTRON			{HiQ_model.g4287.t1;HiQ},{GlimmerHMM_glimmerT_5152-T1;GlimmerHMM},{GeneMark_model.5515_t;GeneMark},{ev_type:exonerate/ID=match.2566964.4127/Target=lcl|KQ954478_1_prot_KWU44578_1_3102;exonerate},{ev_type:exonerate/ID=match.2566964.4124/Target=lcl|PJQD01000022_1_prot_POY74707_1_2226;exonerate}
458641	458167	initial-	4	4	{HiQ_model.g4287.t1;HiQ},{GlimmerHMM_glimmerT_5152-T1;GlimmerHMM},{GeneMark_model.5515_t;GeneMark}

# EVM prediction: Mode:STANDARD S-ratio: 4.25 459613-461779 orient(+) score(7389.00) noncoding_equivalent(1740.43) raw_noncoding(1939.00) offset(198.57)
459613	459795	initial+	1	3	{Augustus_model.g4288.t1;Augustus},{GeneMark_model.5516_t;GeneMark}
459796	459855	INTRON			{Augustus_model.g4288.t1;Augustus},{GlimmerHMM_glimmerT_5153-T1;GlimmerHMM},{GeneMark_model.5516_t;GeneMark}
459856	460190	internal+	1	2	{Augustus_model.g4288.t1;Augustus},{GlimmerHMM_glimmerT_5153-T1;GlimmerHMM},{GeneMark_model.5516_t;GeneMark}
460191	460249	INTRON			{Augustus_model.g4288.t1;Augustus},{GlimmerHMM_glimmerT_5153-T1;GlimmerHMM},{GeneMark_model.5516_t;GeneMark}
460250	460338	internal+	3	1	{Augustus_model.g4288.t1;Augustus},{GlimmerHMM_glimmerT_5153-T1;GlimmerHMM},{GeneMark_model.5516_t;GeneMark}
460339	460401	INTRON			{Augustus_model.g4288.t1;Augustus},{GlimmerHMM_glimmerT_5153-T1;GlimmerHMM},{GeneMark_model.5516_t;GeneMark}
460402	461282	internal+	2	3	{Augustus_model.g4288.t1;Augustus},{GlimmerHMM_glimmerT_5153-T1;GlimmerHMM},{GeneMark_model.5516_t;GeneMark}
461283	461341	INTRON			{Augustus_model.g4288.t1;Augustus},{GlimmerHMM_glimmerT_5153-T1;GlimmerHMM},{GeneMark_model.5516_t;GeneMark}
461342	461779	terminal+	1	3	{Augustus_model.g4288.t1;Augustus},{GlimmerHMM_glimmerT_5153-T1;GlimmerHMM},{GeneMark_model.5516_t;GeneMark}

# EVM prediction: Mode:STANDARD S-ratio: 2.08 461955-462752 orient(-) score(2323.00) noncoding_equivalent(1119.17) raw_noncoding(1389.00) offset(269.83)
462093	461955	terminal-	6	6	{GlimmerHMM_glimmerT_5154-T1;GlimmerHMM},{GeneMark_model.5517_t;GeneMark},{Augustus_model.g4289.t1;Augustus}
462154	462094	INTRON			{GlimmerHMM_glimmerT_5154-T1;GlimmerHMM},{GeneMark_model.5517_t;GeneMark},{Augustus_model.g4289.t1;Augustus}
462281	462155	internal-	5	5	{GlimmerHMM_glimmerT_5154-T1;GlimmerHMM},{GeneMark_model.5517_t;GeneMark},{Augustus_model.g4289.t1;Augustus}
462350	462282	INTRON			{GlimmerHMM_glimmerT_5154-T1;GlimmerHMM},{GeneMark_model.5517_t;GeneMark},{Augustus_model.g4289.t1;Augustus}
462444	462351	internal-	4	4	{GlimmerHMM_glimmerT_5154-T1;GlimmerHMM},{GeneMark_model.5517_t;GeneMark},{Augustus_model.g4289.t1;Augustus}
462509	462445	INTRON			{GlimmerHMM_glimmerT_5154-T1;GlimmerHMM},{Augustus_model.g4289.t1;Augustus}
462752	462510	initial-	4	6	{GlimmerHMM_glimmerT_5154-T1;GlimmerHMM},{Augustus_model.g4289.t1;Augustus}

# EVM prediction: Mode:STANDARD S-ratio: 2.30 463620-465298 orient(+) score(4845.00) noncoding_equivalent(2103.92) raw_noncoding(2458.45) offset(354.53)
463620	463637	initial+	1	3	{Augustus_model.g4290.t1;Augustus}
463638	463715	INTRON			{Augustus_model.g4290.t1;Augustus}
463716	464153	internal+	1	3	{Augustus_model.g4290.t1;Augustus}
464154	464220	INTRON			{GlimmerHMM_glimmerT_5155-T1;GlimmerHMM},{Augustus_model.g4290.t1;Augustus},{GeneMark_model.5518_t;GeneMark}
464221	464512	internal+	1	1	{GlimmerHMM_glimmerT_5155-T1;GlimmerHMM},{Augustus_model.g4290.t1;Augustus},{GeneMark_model.5518_t;GeneMark}
464513	464580	INTRON			{GlimmerHMM_glimmerT_5155-T1;GlimmerHMM},{Augustus_model.g4290.t1;Augustus},{GeneMark_model.5518_t;GeneMark}
464581	464827	internal+	2	2	{GlimmerHMM_glimmerT_5155-T1;GlimmerHMM},{Augustus_model.g4290.t1;Augustus},{GeneMark_model.5518_t;GeneMark}
464828	464892	INTRON			{GlimmerHMM_glimmerT_5155-T1;GlimmerHMM},{Augustus_model.g4290.t1;Augustus},{GeneMark_model.5518_t;GeneMark}
464893	465298	terminal+	3	3	{GlimmerHMM_glimmerT_5155-T1;GlimmerHMM},{Augustus_model.g4290.t1;Augustus},{GeneMark_model.5518_t;GeneMark}

# EVM prediction: Mode:STANDARD S-ratio: 8.08 465353-468120 orient(-) score(9847.00) noncoding_equivalent(1219.32) raw_noncoding(1826.38) offset(607.05)
466210	465353	terminal-	4	6	{GeneMark_model.5519_t;GeneMark},{Augustus_model.g4291.t1;Augustus}
466271	466211	INTRON			{GeneMark_model.5519_t;GeneMark},{Augustus_model.g4291.t1;Augustus}
466296	466272	internal-	6	6	{GeneMark_model.5519_t;GeneMark},{Augustus_model.g4291.t1;Augustus}
466363	466297	INTRON			{GeneMark_model.5519_t;GeneMark},{Augustus_model.g4291.t1;Augustus}
466453	466364	internal-	6	5	{GeneMark_model.5519_t;GeneMark},{Augustus_model.g4291.t1;Augustus}
466513	466454	INTRON			{GeneMark_model.5519_t;GeneMark},{Augustus_model.g4291.t1;Augustus}
467831	466514	internal-	5	5	{GlimmerHMM_glimmerT_5156-T1;GlimmerHMM},{GeneMark_model.5519_t;GeneMark},{Augustus_model.g4291.t1;Augustus}
467908	467832	INTRON			{GeneMark_model.5519_t;GeneMark},{Augustus_model.g4291.t1;Augustus}
467940	467909	internal-	6	4	{GeneMark_model.5519_t;GeneMark},{Augustus_model.g4291.t1;Augustus}
468004	467941	INTRON			{GeneMark_model.5519_t;GeneMark},{Augustus_model.g4291.t1;Augustus}
468120	468005	initial-	4	5	{GeneMark_model.5519_t;GeneMark},{Augustus_model.g4291.t1;Augustus}

# EVM prediction: Mode:STANDARD S-ratio: 2.77 468366-470704 orient(-) score(8864.00) noncoding_equivalent(3198.65) raw_noncoding(4047.41) offset(848.75)
468564	468366	terminal-	6	6	{GeneMark_model.5520_t;GeneMark},{Augustus_model.g4292.t1;Augustus}
468636	468565	INTRON			{GeneMark_model.5520_t;GeneMark},{GlimmerHMM_glimmerT_5156-T1;GlimmerHMM},{Augustus_model.g4292.t1;Augustus},{ev_type:exonerate/ID=match.2566964.4094/Target=lcl|PJQD01000022_1_prot_POY74710_1_2229;exonerate}
468814	468637	internal-	5	5	{GeneMark_model.5520_t;GeneMark},{GlimmerHMM_glimmerT_5156-T1;GlimmerHMM},{Augustus_model.g4292.t1;Augustus},{ev_type:exonerate/ID=match.2566964.4094/Target=lcl|PJQD01000022_1_prot_POY74710_1_2229;exonerate}
468894	468815	INTRON			{GeneMark_model.5520_t;GeneMark},{GlimmerHMM_glimmerT_5156-T1;GlimmerHMM},{Augustus_model.g4292.t1;Augustus},{ev_type:exonerate/ID=match.2566964.4094/Target=lcl|PJQD01000022_1_prot_POY74710_1_2229;exonerate}
469068	468895	internal-	5	4	{GeneMark_model.5520_t;GeneMark},{GlimmerHMM_glimmerT_5156-T1;GlimmerHMM},{Augustus_model.g4292.t1;Augustus}
469133	469069	INTRON			{Augustus_model.g4292.t1;Augustus}
469147	469134	internal-	6	4	{Augustus_model.g4292.t1;Augustus}
469221	469148	INTRON			{Augustus_model.g4292.t1;Augustus}
469287	469222	internal-	6	5	{Augustus_model.g4292.t1;Augustus},{ev_type:exonerate/ID=match.2566964.4094/Target=lcl|PJQD01000022_1_prot_POY74710_1_2229;exonerate}
469353	469288	INTRON			{GeneMark_model.5520_t;GeneMark},{GlimmerHMM_glimmerT_5156-T1;GlimmerHMM},{Augustus_model.g4292.t1;Augustus},{ev_type:exonerate/ID=match.2566964.4094/Target=lcl|PJQD01000022_1_prot_POY74710_1_2229;exonerate}
469526	469354	internal-	4	5	{GeneMark_model.5520_t;GeneMark},{GlimmerHMM_glimmerT_5156-T1;GlimmerHMM},{Augustus_model.g4292.t1;Augustus},{ev_type:exonerate/ID=match.2566964.4094/Target=lcl|PJQD01000022_1_prot_POY74710_1_2229;exonerate}
469596	469527	INTRON			{GeneMark_model.5520_t;GeneMark},{GlimmerHMM_glimmerT_5156-T1;GlimmerHMM},{Augustus_model.g4292.t1;Augustus},{ev_type:exonerate/ID=match.2566964.4094/Target=lcl|PJQD01000022_1_prot_POY74710_1_2229;exonerate}
470243	469597	internal-	5	6	{GeneMark_model.5520_t;GeneMark},{GlimmerHMM_glimmerT_5156-T1;GlimmerHMM},{Augustus_model.g4292.t1;Augustus},{ev_type:exonerate/ID=match.2566964.4094/Target=lcl|PJQD01000022_1_prot_POY74710_1_2229;exonerate}
470306	470244	INTRON			{GeneMark_model.5520_t;GeneMark},{GlimmerHMM_glimmerT_5156-T1;GlimmerHMM},{Augustus_model.g4292.t1;Augustus},{ev_type:exonerate/ID=match.2566964.4094/Target=lcl|PJQD01000022_1_prot_POY74710_1_2229;exonerate}
470529	470307	internal-	4	4	{GeneMark_model.5520_t;GeneMark},{GlimmerHMM_glimmerT_5156-T1;GlimmerHMM},{Augustus_model.g4292.t1;Augustus},{ev_type:exonerate/ID=match.2566964.4094/Target=lcl|PJQD01000022_1_prot_POY74710_1_2229;exonerate}
470590	470530	INTRON			{GeneMark_model.5520_t;GeneMark},{GlimmerHMM_glimmerT_5156-T1;GlimmerHMM},{Augustus_model.g4292.t1;Augustus},{ev_type:exonerate/ID=match.2566964.4094/Target=lcl|PJQD01000022_1_prot_POY74710_1_2229;exonerate}
470704	470591	initial-	4	6	{GeneMark_model.5520_t;GeneMark},{GlimmerHMM_glimmerT_5156-T1;GlimmerHMM},{Augustus_model.g4292.t1;Augustus}

# EVM prediction: Mode:STANDARD S-ratio: 11.39 471205-473749 orient(+) score(14228.00) noncoding_equivalent(1249.00) raw_noncoding(1387.00) offset(138.00)
471205	471874	initial+	1	1	{GlimmerHMM_glimmerT_5157-T1;GlimmerHMM},{Augustus_model.g4293.t1;Augustus},{GeneMark_model.5521_t;GeneMark}
471875	471934	INTRON			{GlimmerHMM_glimmerT_5157-T1;GlimmerHMM},{Augustus_model.g4293.t1;Augustus},{GeneMark_model.5521_t;GeneMark},{ev_type:exonerate/ID=match.2566964.4079/Target=lcl|KQ954478_1_prot_KWU44575_1_3099;exonerate},{ev_type:exonerate/ID=match.2566964.4075/Target=lcl|PJQD01000022_1_prot_POY74711_1_2230;exonerate}
471935	472409	internal+	2	2	{GlimmerHMM_glimmerT_5157-T1;GlimmerHMM},{Augustus_model.g4293.t1;Augustus},{GeneMark_model.5521_t;GeneMark},{ev_type:exonerate/ID=match.2566964.4079/Target=lcl|KQ954478_1_prot_KWU44575_1_3099;exonerate},{ev_type:exonerate/ID=match.2566964.4075/Target=lcl|PJQD01000022_1_prot_POY74711_1_2230;exonerate}
472410	472472	INTRON			{GlimmerHMM_glimmerT_5157-T1;GlimmerHMM},{Augustus_model.g4293.t1;Augustus},{GeneMark_model.5521_t;GeneMark},{ev_type:exonerate/ID=match.2566964.4079/Target=lcl|KQ954478_1_prot_KWU44575_1_3099;exonerate},{ev_type:exonerate/ID=match.2566964.4075/Target=lcl|PJQD01000022_1_prot_POY74711_1_2230;exonerate}
472473	472990	internal+	3	1	{GlimmerHMM_glimmerT_5157-T1;GlimmerHMM},{Augustus_model.g4293.t1;Augustus},{GeneMark_model.5521_t;GeneMark},{ev_type:exonerate/ID=match.2566964.4079/Target=lcl|KQ954478_1_prot_KWU44575_1_3099;exonerate},{ev_type:exonerate/ID=match.2566964.4075/Target=lcl|PJQD01000022_1_prot_POY74711_1_2230;exonerate}
472991	473057	INTRON			{GlimmerHMM_glimmerT_5157-T1;GlimmerHMM},{Augustus_model.g4293.t1;Augustus},{GeneMark_model.5521_t;GeneMark},{ev_type:exonerate/ID=match.2566964.4079/Target=lcl|KQ954478_1_prot_KWU44575_1_3099;exonerate},{ev_type:exonerate/ID=match.2566964.4075/Target=lcl|PJQD01000022_1_prot_POY74711_1_2230;exonerate}
473058	473749	terminal+	2	3	{snap_scaffold_13-snap.201-T1;snap},{GlimmerHMM_glimmerT_5157-T1;GlimmerHMM},{Augustus_model.g4293.t1;Augustus},{GeneMark_model.5521_t;GeneMark}

# EVM prediction: Mode:STANDARD S-ratio: 3.45 473940-476176 orient(-) score(11948.00) noncoding_equivalent(3462.50) raw_noncoding(4298.00) offset(835.50)
474166	473940	terminal-	5	6	{GlimmerHMM_glimmerT_5158-T1;GlimmerHMM},{GeneMark_model.5522_t;GeneMark},{HiQ_model.g4294.t1;HiQ}
474239	474167	INTRON			{GlimmerHMM_glimmerT_5158-T1;GlimmerHMM},{GeneMark_model.5522_t;GeneMark},{HiQ_model.g4294.t1;HiQ},{ev_type:exonerate/ID=match.2566964.4098/Target=lcl|KQ954478_1_prot_KWU44574_1_3098;exonerate}
474332	474240	internal-	5	4	{GlimmerHMM_glimmerT_5158-T1;GlimmerHMM},{GeneMark_model.5522_t;GeneMark},{HiQ_model.g4294.t1;HiQ},{ev_type:exonerate/ID=match.2566964.4098/Target=lcl|KQ954478_1_prot_KWU44574_1_3098;exonerate}
474399	474333	INTRON			{GlimmerHMM_glimmerT_5158-T1;GlimmerHMM},{GeneMark_model.5522_t;GeneMark},{HiQ_model.g4294.t1;HiQ},{ev_type:exonerate/ID=match.2566964.4098/Target=lcl|KQ954478_1_prot_KWU44574_1_3098;exonerate}
474527	474400	internal-	6	4	{GlimmerHMM_glimmerT_5158-T1;GlimmerHMM},{GeneMark_model.5522_t;GeneMark},{HiQ_model.g4294.t1;HiQ},{ev_type:exonerate/ID=match.2566964.4098/Target=lcl|KQ954478_1_prot_KWU44574_1_3098;exonerate}
474584	474528	INTRON			{GlimmerHMM_glimmerT_5158-T1;GlimmerHMM},{GeneMark_model.5522_t;GeneMark},{HiQ_model.g4294.t1;HiQ},{ev_type:exonerate/ID=match.2566964.4098/Target=lcl|KQ954478_1_prot_KWU44574_1_3098;exonerate}
474740	474585	internal-	6	5	{GlimmerHMM_glimmerT_5158-T1;GlimmerHMM},{GeneMark_model.5522_t;GeneMark},{HiQ_model.g4294.t1;HiQ},{ev_type:exonerate/ID=match.2566964.4098/Target=lcl|KQ954478_1_prot_KWU44574_1_3098;exonerate}
474802	474741	INTRON			{GlimmerHMM_glimmerT_5158-T1;GlimmerHMM},{GeneMark_model.5522_t;GeneMark},{HiQ_model.g4294.t1;HiQ},{ev_type:exonerate/ID=match.2566964.4098/Target=lcl|KQ954478_1_prot_KWU44574_1_3098;exonerate}
475758	474803	internal-	4	5	{GeneMark_model.5522_t;GeneMark},{HiQ_model.g4294.t1;HiQ},{ev_type:exonerate/ID=match.2566964.4098/Target=lcl|KQ954478_1_prot_KWU44574_1_3098;exonerate}
475823	475759	INTRON			{GeneMark_model.5522_t;GeneMark},{HiQ_model.g4294.t1;HiQ},{ev_type:exonerate/ID=match.2566964.4098/Target=lcl|KQ954478_1_prot_KWU44574_1_3098;exonerate}
475885	475824	internal-	5	6	{GeneMark_model.5522_t;GeneMark},{HiQ_model.g4294.t1;HiQ},{ev_type:exonerate/ID=match.2566964.4098/Target=lcl|KQ954478_1_prot_KWU44574_1_3098;exonerate}
475944	475886	INTRON			{GeneMark_model.5522_t;GeneMark},{HiQ_model.g4294.t1;HiQ},{ev_type:exonerate/ID=match.2566964.4098/Target=lcl|KQ954478_1_prot_KWU44574_1_3098;exonerate}
476176	475945	initial-	4	4	{GlimmerHMM_glimmerT_5158-T1;GlimmerHMM},{GeneMark_model.5522_t;GeneMark},{HiQ_model.g4294.t1;HiQ}

# EVM prediction: Mode:STANDARD S-ratio: 1.99 476632-478898 orient(+) score(6493.00) noncoding_equivalent(3258.09) raw_noncoding(4052.00) offset(793.91)
476632	476871	initial+	1	3	{Augustus_model.g4295.t1;Augustus}
476872	476961	INTRON			{Augustus_model.g4295.t1;Augustus},{GeneMark_model.5523_t;GeneMark}
476962	477360	internal+	1	3	{Augustus_model.g4295.t1;Augustus},{GeneMark_model.5523_t;GeneMark}
477361	477446	INTRON			{Augustus_model.g4295.t1;Augustus},{GlimmerHMM_glimmerT_5159-T1;GlimmerHMM},{GeneMark_model.5523_t;GeneMark}
477447	477539	internal+	1	3	{Augustus_model.g4295.t1;Augustus},{GlimmerHMM_glimmerT_5159-T1;GlimmerHMM},{GeneMark_model.5523_t;GeneMark}
477540	477612	INTRON			{Augustus_model.g4295.t1;Augustus},{GeneMark_model.5523_t;GeneMark}
477613	477744	internal+	1	3	{Augustus_model.g4295.t1;Augustus},{GeneMark_model.5523_t;GeneMark}
477745	477808	INTRON			{Augustus_model.g4295.t1;Augustus},{GlimmerHMM_glimmerT_5159-T1;GlimmerHMM},{GeneMark_model.5523_t;GeneMark}
477809	477894	internal+	1	2	{Augustus_model.g4295.t1;Augustus},{GlimmerHMM_glimmerT_5159-T1;GlimmerHMM},{GeneMark_model.5523_t;GeneMark}
477895	477958	INTRON			{Augustus_model.g4295.t1;Augustus},{GlimmerHMM_glimmerT_5159-T1;GlimmerHMM},{GeneMark_model.5523_t;GeneMark}
477959	478073	internal+	3	3	{Augustus_model.g4295.t1;Augustus},{GlimmerHMM_glimmerT_5159-T1;GlimmerHMM},{GeneMark_model.5523_t;GeneMark}
478074	478144	INTRON			{Augustus_model.g4295.t1;Augustus},{GlimmerHMM_glimmerT_5159-T1;GlimmerHMM},{GeneMark_model.5523_t;GeneMark}
478145	478228	internal+	1	3	{Augustus_model.g4295.t1;Augustus},{GlimmerHMM_glimmerT_5159-T1;GlimmerHMM},{GeneMark_model.5523_t;GeneMark}
478229	478295	INTRON			{Augustus_model.g4295.t1;Augustus},{GeneMark_model.5523_t;GeneMark}
478296	478653	internal+	1	1	{Augustus_model.g4295.t1;Augustus},{GeneMark_model.5523_t;GeneMark}
478654	478722	INTRON			{Augustus_model.g4295.t1;Augustus},{GlimmerHMM_glimmerT_5159-T1;GlimmerHMM},{GeneMark_model.5523_t;GeneMark}
478723	478898	terminal+	2	3	{Augustus_model.g4295.t1;Augustus},{GlimmerHMM_glimmerT_5159-T1;GlimmerHMM},{GeneMark_model.5523_t;GeneMark}

# EVM prediction: Mode:STANDARD S-ratio: 6.72 479236-482876 orient(+) score(26483.00) noncoding_equivalent(3939.23) raw_noncoding(4562.00) offset(622.77)
479236	479376	initial+	1	3	{GlimmerHMM_glimmerT_5160-T1;GlimmerHMM},{GeneMark_model.5524_t;GeneMark},{Augustus_model.g4296.t1;Augustus}
479377	479517	INTRON			{GlimmerHMM_glimmerT_5160-T1;GlimmerHMM},{GeneMark_model.5524_t;GeneMark},{Augustus_model.g4296.t1;Augustus},{ev_type:exonerate/ID=match.2566964.4076/Target=lcl|PJQD01000022_1_prot_POY74714_1_2233;exonerate},{ev_type:exonerate/ID=match.2566964.4084/Target=lcl|LCTV02000010_1_prot_PRQ72190_1_1161;exonerate},{ev_type:exonerate/ID=match.2566964.4083/Target=lcl|BJWK01000012_1_prot_GEM10774_1_4791;exonerate}
479518	479574	internal+	1	3	{GlimmerHMM_glimmerT_5160-T1;GlimmerHMM},{GeneMark_model.5524_t;GeneMark},{Augustus_model.g4296.t1;Augustus},{ev_type:exonerate/ID=match.2566964.4077/Target=lcl|KQ954478_1_prot_KWU44572_1_3096;exonerate},{ev_type:exonerate/ID=match.2566964.4076/Target=lcl|PJQD01000022_1_prot_POY74714_1_2233;exonerate},{ev_type:exonerate/ID=match.2566964.4084/Target=lcl|LCTV02000010_1_prot_PRQ72190_1_1161;exonerate},{ev_type:exonerate/ID=match.2566964.4083/Target=lcl|BJWK01000012_1_prot_GEM10774_1_4791;exonerate}
479575	479645	INTRON			{GlimmerHMM_glimmerT_5160-T1;GlimmerHMM},{GeneMark_model.5524_t;GeneMark},{Augustus_model.g4296.t1;Augustus},{ev_type:exonerate/ID=match.2566964.4077/Target=lcl|KQ954478_1_prot_KWU44572_1_3096;exonerate},{ev_type:exonerate/ID=match.2566964.4076/Target=lcl|PJQD01000022_1_prot_POY74714_1_2233;exonerate},{ev_type:exonerate/ID=match.2566964.4084/Target=lcl|LCTV02000010_1_prot_PRQ72190_1_1161;exonerate},{ev_type:exonerate/ID=match.2566964.4083/Target=lcl|BJWK01000012_1_prot_GEM10774_1_4791;exonerate}
479646	480079	internal+	1	2	{GlimmerHMM_glimmerT_5160-T1;GlimmerHMM},{GeneMark_model.5524_t;GeneMark},{Augustus_model.g4296.t1;Augustus},{ev_type:exonerate/ID=match.2566964.4076/Target=lcl|PJQD01000022_1_prot_POY74714_1_2233;exonerate},{ev_type:exonerate/ID=match.2566964.4084/Target=lcl|LCTV02000010_1_prot_PRQ72190_1_1161;exonerate},{ev_type:exonerate/ID=match.2566964.4083/Target=lcl|BJWK01000012_1_prot_GEM10774_1_4791;exonerate}
480080	480147	INTRON			{GlimmerHMM_glimmerT_5160-T1;GlimmerHMM},{GeneMark_model.5524_t;GeneMark},{Augustus_model.g4296.t1;Augustus},{ev_type:exonerate/ID=match.2566964.4077/Target=lcl|KQ954478_1_prot_KWU44572_1_3096;exonerate},{ev_type:exonerate/ID=match.2566964.4076/Target=lcl|PJQD01000022_1_prot_POY74714_1_2233;exonerate},{ev_type:exonerate/ID=match.2566964.4084/Target=lcl|LCTV02000010_1_prot_PRQ72190_1_1161;exonerate},{ev_type:exonerate/ID=match.2566964.4083/Target=lcl|BJWK01000012_1_prot_GEM10774_1_4791;exonerate}
480148	480863	internal+	3	1	{GlimmerHMM_glimmerT_5160-T1;GlimmerHMM},{GeneMark_model.5524_t;GeneMark},{Augustus_model.g4296.t1;Augustus},{ev_type:exonerate/ID=match.2566964.4077/Target=lcl|KQ954478_1_prot_KWU44572_1_3096;exonerate},{ev_type:exonerate/ID=match.2566964.4076/Target=lcl|PJQD01000022_1_prot_POY74714_1_2233;exonerate},{ev_type:exonerate/ID=match.2566964.4084/Target=lcl|LCTV02000010_1_prot_PRQ72190_1_1161;exonerate},{ev_type:exonerate/ID=match.2566964.4083/Target=lcl|BJWK01000012_1_prot_GEM10774_1_4791;exonerate}
480864	480938	INTRON			{GlimmerHMM_glimmerT_5160-T1;GlimmerHMM},{GeneMark_model.5524_t;GeneMark},{Augustus_model.g4296.t1;Augustus},{ev_type:exonerate/ID=match.2566964.4077/Target=lcl|KQ954478_1_prot_KWU44572_1_3096;exonerate},{ev_type:exonerate/ID=match.2566964.4076/Target=lcl|PJQD01000022_1_prot_POY74714_1_2233;exonerate},{ev_type:exonerate/ID=match.2566964.4084/Target=lcl|LCTV02000010_1_prot_PRQ72190_1_1161;exonerate},{ev_type:exonerate/ID=match.2566964.4083/Target=lcl|BJWK01000012_1_prot_GEM10774_1_4791;exonerate}
480939	481045	internal+	2	3	{GlimmerHMM_glimmerT_5160-T1;GlimmerHMM},{GeneMark_model.5524_t;GeneMark},{Augustus_model.g4296.t1;Augustus},{ev_type:exonerate/ID=match.2566964.4077/Target=lcl|KQ954478_1_prot_KWU44572_1_3096;exonerate},{ev_type:exonerate/ID=match.2566964.4076/Target=lcl|PJQD01000022_1_prot_POY74714_1_2233;exonerate},{ev_type:exonerate/ID=match.2566964.4084/Target=lcl|LCTV02000010_1_prot_PRQ72190_1_1161;exonerate},{ev_type:exonerate/ID=match.2566964.4083/Target=lcl|BJWK01000012_1_prot_GEM10774_1_4791;exonerate}
481046	481110	INTRON			{GlimmerHMM_glimmerT_5160-T1;GlimmerHMM},{GeneMark_model.5524_t;GeneMark},{Augustus_model.g4296.t1;Augustus},{ev_type:exonerate/ID=match.2566964.4077/Target=lcl|KQ954478_1_prot_KWU44572_1_3096;exonerate},{ev_type:exonerate/ID=match.2566964.4076/Target=lcl|PJQD01000022_1_prot_POY74714_1_2233;exonerate},{ev_type:exonerate/ID=match.2566964.4084/Target=lcl|LCTV02000010_1_prot_PRQ72190_1_1161;exonerate},{ev_type:exonerate/ID=match.2566964.4083/Target=lcl|BJWK01000012_1_prot_GEM10774_1_4791;exonerate}
481111	481238	internal+	1	2	{GlimmerHMM_glimmerT_5160-T1;GlimmerHMM},{GeneMark_model.5524_t;GeneMark},{Augustus_model.g4296.t1;Augustus},{ev_type:exonerate/ID=match.2566964.4077/Target=lcl|KQ954478_1_prot_KWU44572_1_3096;exonerate},{ev_type:exonerate/ID=match.2566964.4076/Target=lcl|PJQD01000022_1_prot_POY74714_1_2233;exonerate},{ev_type:exonerate/ID=match.2566964.4084/Target=lcl|LCTV02000010_1_prot_PRQ72190_1_1161;exonerate},{ev_type:exonerate/ID=match.2566964.4083/Target=lcl|BJWK01000012_1_prot_GEM10774_1_4791;exonerate}
481239	481294	INTRON			{GlimmerHMM_glimmerT_5160-T1;GlimmerHMM},{GeneMark_model.5524_t;GeneMark},{Augustus_model.g4296.t1;Augustus},{ev_type:exonerate/ID=match.2566964.4077/Target=lcl|KQ954478_1_prot_KWU44572_1_3096;exonerate},{ev_type:exonerate/ID=match.2566964.4076/Target=lcl|PJQD01000022_1_prot_POY74714_1_2233;exonerate},{ev_type:exonerate/ID=match.2566964.4084/Target=lcl|LCTV02000010_1_prot_PRQ72190_1_1161;exonerate},{ev_type:exonerate/ID=match.2566964.4083/Target=lcl|BJWK01000012_1_prot_GEM10774_1_4791;exonerate}
481295	481545	internal+	3	1	{GlimmerHMM_glimmerT_5160-T1;GlimmerHMM},{GeneMark_model.5524_t;GeneMark},{Augustus_model.g4296.t1;Augustus},{ev_type:exonerate/ID=match.2566964.4077/Target=lcl|KQ954478_1_prot_KWU44572_1_3096;exonerate},{ev_type:exonerate/ID=match.2566964.4076/Target=lcl|PJQD01000022_1_prot_POY74714_1_2233;exonerate},{ev_type:exonerate/ID=match.2566964.4084/Target=lcl|LCTV02000010_1_prot_PRQ72190_1_1161;exonerate},{ev_type:exonerate/ID=match.2566964.4083/Target=lcl|BJWK01000012_1_prot_GEM10774_1_4791;exonerate}
481546	481608	INTRON			{GlimmerHMM_glimmerT_5160-T1;GlimmerHMM},{GeneMark_model.5524_t;GeneMark},{Augustus_model.g4296.t1;Augustus},{ev_type:exonerate/ID=match.2566964.4077/Target=lcl|KQ954478_1_prot_KWU44572_1_3096;exonerate},{ev_type:exonerate/ID=match.2566964.4076/Target=lcl|PJQD01000022_1_prot_POY74714_1_2233;exonerate},{ev_type:exonerate/ID=match.2566964.4084/Target=lcl|LCTV02000010_1_prot_PRQ72190_1_1161;exonerate},{ev_type:exonerate/ID=match.2566964.4083/Target=lcl|BJWK01000012_1_prot_GEM10774_1_4791;exonerate}
481609	481880	internal+	2	3	{GlimmerHMM_glimmerT_5160-T1;GlimmerHMM},{GeneMark_model.5524_t;GeneMark},{Augustus_model.g4296.t1;Augustus},{ev_type:exonerate/ID=match.2566964.4077/Target=lcl|KQ954478_1_prot_KWU44572_1_3096;exonerate},{ev_type:exonerate/ID=match.2566964.4076/Target=lcl|PJQD01000022_1_prot_POY74714_1_2233;exonerate},{ev_type:exonerate/ID=match.2566964.4084/Target=lcl|LCTV02000010_1_prot_PRQ72190_1_1161;exonerate},{ev_type:exonerate/ID=match.2566964.4083/Target=lcl|BJWK01000012_1_prot_GEM10774_1_4791;exonerate}
481881	481942	INTRON			{GlimmerHMM_glimmerT_5160-T1;GlimmerHMM},{GeneMark_model.5524_t;GeneMark},{Augustus_model.g4296.t1;Augustus},{ev_type:exonerate/ID=match.2566964.4077/Target=lcl|KQ954478_1_prot_KWU44572_1_3096;exonerate},{ev_type:exonerate/ID=match.2566964.4076/Target=lcl|PJQD01000022_1_prot_POY74714_1_2233;exonerate},{ev_type:exonerate/ID=match.2566964.4084/Target=lcl|LCTV02000010_1_prot_PRQ72190_1_1161;exonerate},{ev_type:exonerate/ID=match.2566964.4083/Target=lcl|BJWK01000012_1_prot_GEM10774_1_4791;exonerate}
481943	482206	internal+	1	3	{GlimmerHMM_glimmerT_5160-T1;GlimmerHMM},{GeneMark_model.5524_t;GeneMark},{Augustus_model.g4296.t1;Augustus},{ev_type:exonerate/ID=match.2566964.4077/Target=lcl|KQ954478_1_prot_KWU44572_1_3096;exonerate},{ev_type:exonerate/ID=match.2566964.4076/Target=lcl|PJQD01000022_1_prot_POY74714_1_2233;exonerate},{ev_type:exonerate/ID=match.2566964.4084/Target=lcl|LCTV02000010_1_prot_PRQ72190_1_1161;exonerate},{ev_type:exonerate/ID=match.2566964.4083/Target=lcl|BJWK01000012_1_prot_GEM10774_1_4791;exonerate}
482207	482273	INTRON			{GlimmerHMM_glimmerT_5160-T1;GlimmerHMM},{GeneMark_model.5524_t;GeneMark},{Augustus_model.g4296.t1;Augustus},{ev_type:exonerate/ID=match.2566964.4077/Target=lcl|KQ954478_1_prot_KWU44572_1_3096;exonerate},{ev_type:exonerate/ID=match.2566964.4076/Target=lcl|PJQD01000022_1_prot_POY74714_1_2233;exonerate},{ev_type:exonerate/ID=match.2566964.4084/Target=lcl|LCTV02000010_1_prot_PRQ72190_1_1161;exonerate},{ev_type:exonerate/ID=match.2566964.4083/Target=lcl|BJWK01000012_1_prot_GEM10774_1_4791;exonerate}
482274	482456	internal+	1	3	{GlimmerHMM_glimmerT_5160-T1;GlimmerHMM},{GeneMark_model.5524_t;GeneMark},{Augustus_model.g4296.t1;Augustus},{ev_type:exonerate/ID=match.2566964.4077/Target=lcl|KQ954478_1_prot_KWU44572_1_3096;exonerate},{ev_type:exonerate/ID=match.2566964.4076/Target=lcl|PJQD01000022_1_prot_POY74714_1_2233;exonerate},{ev_type:exonerate/ID=match.2566964.4084/Target=lcl|LCTV02000010_1_prot_PRQ72190_1_1161;exonerate},{ev_type:exonerate/ID=match.2566964.4083/Target=lcl|BJWK01000012_1_prot_GEM10774_1_4791;exonerate}
482457	482521	INTRON			{GlimmerHMM_glimmerT_5160-T1;GlimmerHMM},{snap_scaffold_13-snap.205-T1;snap},{GeneMark_model.5524_t;GeneMark},{Augustus_model.g4296.t1;Augustus},{ev_type:exonerate/ID=match.2566964.4077/Target=lcl|KQ954478_1_prot_KWU44572_1_3096;exonerate},{ev_type:exonerate/ID=match.2566964.4076/Target=lcl|PJQD01000022_1_prot_POY74714_1_2233;exonerate},{ev_type:exonerate/ID=match.2566964.4084/Target=lcl|LCTV02000010_1_prot_PRQ72190_1_1161;exonerate},{ev_type:exonerate/ID=match.2566964.4083/Target=lcl|BJWK01000012_1_prot_GEM10774_1_4791;exonerate}
482522	482732	internal+	1	1	{GlimmerHMM_glimmerT_5160-T1;GlimmerHMM},{GeneMark_model.5524_t;GeneMark},{Augustus_model.g4296.t1;Augustus},{ev_type:exonerate/ID=match.2566964.4077/Target=lcl|KQ954478_1_prot_KWU44572_1_3096;exonerate},{ev_type:exonerate/ID=match.2566964.4076/Target=lcl|PJQD01000022_1_prot_POY74714_1_2233;exonerate},{ev_type:exonerate/ID=match.2566964.4084/Target=lcl|LCTV02000010_1_prot_PRQ72190_1_1161;exonerate},{ev_type:exonerate/ID=match.2566964.4083/Target=lcl|BJWK01000012_1_prot_GEM10774_1_4791;exonerate}
482733	482805	INTRON			{GlimmerHMM_glimmerT_5160-T1;GlimmerHMM},{GeneMark_model.5524_t;GeneMark},{Augustus_model.g4296.t1;Augustus},{ev_type:exonerate/ID=match.2566964.4077/Target=lcl|KQ954478_1_prot_KWU44572_1_3096;exonerate},{ev_type:exonerate/ID=match.2566964.4076/Target=lcl|PJQD01000022_1_prot_POY74714_1_2233;exonerate},{ev_type:exonerate/ID=match.2566964.4084/Target=lcl|LCTV02000010_1_prot_PRQ72190_1_1161;exonerate},{ev_type:exonerate/ID=match.2566964.4083/Target=lcl|BJWK01000012_1_prot_GEM10774_1_4791;exonerate}
482806	482876	terminal+	2	3	{GlimmerHMM_glimmerT_5160-T1;GlimmerHMM},{GeneMark_model.5524_t;GeneMark},{Augustus_model.g4296.t1;Augustus}

# EVM prediction: Mode:STANDARD S-ratio: 3.34 483493-486141 orient(+) score(8531.00) noncoding_equivalent(2551.80) raw_noncoding(3081.00) offset(529.20)
483493	483573	initial+	1	3	{GeneMark_model.5525_t;GeneMark},{Augustus_model.g4297.t1;Augustus},{GlimmerHMM_glimmerT_5161-T1;GlimmerHMM}
483574	483642	INTRON			{GeneMark_model.5525_t;GeneMark},{Augustus_model.g4297.t1;Augustus},{GlimmerHMM_glimmerT_5161-T1;GlimmerHMM}
483643	484021	internal+	1	1	{GeneMark_model.5525_t;GeneMark},{Augustus_model.g4297.t1;Augustus},{GlimmerHMM_glimmerT_5161-T1;GlimmerHMM}
484022	484082	INTRON			{GeneMark_model.5525_t;GeneMark},{Augustus_model.g4297.t1;Augustus},{GlimmerHMM_glimmerT_5161-T1;GlimmerHMM}
484083	484884	internal+	2	2	{GeneMark_model.5525_t;GeneMark},{Augustus_model.g4297.t1;Augustus},{GlimmerHMM_glimmerT_5161-T1;GlimmerHMM}
484885	484941	INTRON			{GeneMark_model.5525_t;GeneMark},{Augustus_model.g4297.t1;Augustus},{GlimmerHMM_glimmerT_5161-T1;GlimmerHMM}
484942	485416	internal+	3	3	{GeneMark_model.5525_t;GeneMark},{Augustus_model.g4297.t1;Augustus},{GlimmerHMM_glimmerT_5161-T1;GlimmerHMM}
485417	485482	INTRON			{GeneMark_model.5525_t;GeneMark},{Augustus_model.g4297.t1;Augustus},{GlimmerHMM_glimmerT_5161-T1;GlimmerHMM}
485483	485777	internal+	1	1	{GeneMark_model.5525_t;GeneMark},{Augustus_model.g4297.t1;Augustus},{GlimmerHMM_glimmerT_5161-T1;GlimmerHMM}
485778	485838	INTRON			{GeneMark_model.5525_t;GeneMark},{Augustus_model.g4297.t1;Augustus}
485839	485922	internal+	2	1	{GeneMark_model.5525_t;GeneMark},{Augustus_model.g4297.t1;Augustus}
485923	485995	INTRON			{GeneMark_model.5525_t;GeneMark},{Augustus_model.g4297.t1;Augustus}
485996	486141	terminal+	2	3	{GeneMark_model.5525_t;GeneMark},{Augustus_model.g4297.t1;Augustus},{GlimmerHMM_glimmerT_5161-T1;GlimmerHMM}

# EVM prediction: Mode:STANDARD S-ratio: 5.07 486397-488077 orient(-) score(6079.00) noncoding_equivalent(1199.98) raw_noncoding(1300.00) offset(100.02)
486630	486397	terminal-	4	6	{snap_scaffold_13-snap.207-T1;snap},{Augustus_model.g4298.t1;Augustus},{GlimmerHMM_glimmerT_5162-T1;GlimmerHMM},{GeneMark_model.5526_t;GeneMark}
486707	486631	INTRON			{Augustus_model.g4298.t1;Augustus},{GlimmerHMM_glimmerT_5162-T1;GlimmerHMM},{GeneMark_model.5526_t;GeneMark}
487111	486708	internal-	5	6	{Augustus_model.g4298.t1;Augustus},{GlimmerHMM_glimmerT_5162-T1;GlimmerHMM},{GeneMark_model.5526_t;GeneMark}
487187	487112	INTRON			{Augustus_model.g4298.t1;Augustus},{GlimmerHMM_glimmerT_5162-T1;GlimmerHMM},{GeneMark_model.5526_t;GeneMark}
487262	487188	internal-	5	4	{Augustus_model.g4298.t1;Augustus},{GlimmerHMM_glimmerT_5162-T1;GlimmerHMM},{GeneMark_model.5526_t;GeneMark}
487327	487263	INTRON			{Augustus_model.g4298.t1;Augustus},{GlimmerHMM_glimmerT_5162-T1;GlimmerHMM},{GeneMark_model.5526_t;GeneMark}
487400	487328	internal-	4	4	{Augustus_model.g4298.t1;Augustus},{GlimmerHMM_glimmerT_5162-T1;GlimmerHMM},{GeneMark_model.5526_t;GeneMark}
487471	487401	INTRON			{Augustus_model.g4298.t1;Augustus},{GlimmerHMM_glimmerT_5162-T1;GlimmerHMM},{GeneMark_model.5526_t;GeneMark}
488077	487472	initial-	4	6	{Augustus_model.g4298.t1;Augustus},{GlimmerHMM_glimmerT_5162-T1;GlimmerHMM},{GeneMark_model.5526_t;GeneMark}

# EVM prediction: Mode:STANDARD S-ratio: 1.47 488278-489342 orient(+) score(2812.00) noncoding_equivalent(1914.61) raw_noncoding(2604.00) offset(689.39)
488278	488316	initial+	1	3	{GeneMark_model.5527_t;GeneMark},{Augustus_model.g4299.t1;Augustus}
488317	488384	INTRON			{GeneMark_model.5527_t;GeneMark},{Augustus_model.g4299.t1;Augustus}
488385	488439	internal+	1	1	{GeneMark_model.5527_t;GeneMark},{Augustus_model.g4299.t1;Augustus}
488440	488508	INTRON			{GeneMark_model.5527_t;GeneMark},{Augustus_model.g4299.t1;Augustus}
488509	488530	internal+	2	2	{GeneMark_model.5527_t;GeneMark},{Augustus_model.g4299.t1;Augustus},{GlimmerHMM_glimmerT_5163-T1;GlimmerHMM}
488531	488602	INTRON			{GeneMark_model.5527_t;GeneMark},{Augustus_model.g4299.t1;Augustus},{GlimmerHMM_glimmerT_5163-T1;GlimmerHMM}
488603	488835	internal+	3	1	{GeneMark_model.5527_t;GeneMark},{Augustus_model.g4299.t1;Augustus},{GlimmerHMM_glimmerT_5163-T1;GlimmerHMM}
488836	488929	INTRON			{GeneMark_model.5527_t;GeneMark},{Augustus_model.g4299.t1;Augustus},{GlimmerHMM_glimmerT_5163-T1;GlimmerHMM}
488930	489031	internal+	2	1	{GeneMark_model.5527_t;GeneMark},{Augustus_model.g4299.t1;Augustus},{GlimmerHMM_glimmerT_5163-T1;GlimmerHMM}
489032	489105	INTRON			{GeneMark_model.5527_t;GeneMark},{Augustus_model.g4299.t1;Augustus},{GlimmerHMM_glimmerT_5163-T1;GlimmerHMM}
489106	489151	internal+	2	2	{GeneMark_model.5527_t;GeneMark},{Augustus_model.g4299.t1;Augustus}
489152	489236	INTRON			{GeneMark_model.5527_t;GeneMark},{Augustus_model.g4299.t1;Augustus}
489237	489342	terminal+	3	3	{GeneMark_model.5527_t;GeneMark},{Augustus_model.g4299.t1;Augustus}

# EVM prediction: Mode:STANDARD S-ratio: 1.78 489947-492935 orient(+) score(8300.00) noncoding_equivalent(4655.43) raw_noncoding(6611.21) offset(1955.78)
489947	490062	initial+	1	2	{GeneMark_model.5528_t;GeneMark},{Augustus_model.g4300.t1;Augustus},{GlimmerHMM_glimmerT_5164-T1;GlimmerHMM}
490063	490124	INTRON			{Augustus_model.g4300.t1;Augustus},{GlimmerHMM_glimmerT_5164-T1;GlimmerHMM}
490125	490193	internal+	3	2	{Augustus_model.g4300.t1;Augustus},{GlimmerHMM_glimmerT_5164-T1;GlimmerHMM}
490194	490270	INTRON			{GeneMark_model.5528_t;GeneMark},{Augustus_model.g4300.t1;Augustus}
490271	490320	internal+	3	1	{GeneMark_model.5528_t;GeneMark},{Augustus_model.g4300.t1;Augustus}
490321	490448	INTRON			{GeneMark_model.5528_t;GeneMark},{Augustus_model.g4300.t1;Augustus}
490449	490472	internal+	2	1	{GeneMark_model.5528_t;GeneMark},{Augustus_model.g4300.t1;Augustus}
490473	490550	INTRON			{GeneMark_model.5528_t;GeneMark},{Augustus_model.g4300.t1;Augustus}
490551	490593	internal+	2	2	{GeneMark_model.5528_t;GeneMark},{Augustus_model.g4300.t1;Augustus}
490594	490663	INTRON			{GeneMark_model.5528_t;GeneMark},{Augustus_model.g4300.t1;Augustus}
490664	490697	internal+	3	3	{GeneMark_model.5528_t;GeneMark},{Augustus_model.g4300.t1;Augustus},{GlimmerHMM_glimmerT_5164-T1;GlimmerHMM}
490698	490765	INTRON			{GeneMark_model.5528_t;GeneMark},{Augustus_model.g4300.t1;Augustus},{GlimmerHMM_glimmerT_5164-T1;GlimmerHMM}
490766	490870	internal+	1	3	{GeneMark_model.5528_t;GeneMark},{Augustus_model.g4300.t1;Augustus},{GlimmerHMM_glimmerT_5164-T1;GlimmerHMM}
490871	490933	INTRON			{GeneMark_model.5528_t;GeneMark},{Augustus_model.g4300.t1;Augustus},{GlimmerHMM_glimmerT_5164-T1;GlimmerHMM}
490934	490941	internal+	1	2	{GeneMark_model.5528_t;GeneMark},{Augustus_model.g4300.t1;Augustus},{GlimmerHMM_glimmerT_5164-T1;GlimmerHMM}
490942	491002	INTRON			{GeneMark_model.5528_t;GeneMark},{Augustus_model.g4300.t1;Augustus},{GlimmerHMM_glimmerT_5164-T1;GlimmerHMM}
491003	491173	internal+	3	2	{GeneMark_model.5528_t;GeneMark},{Augustus_model.g4300.t1;Augustus},{GlimmerHMM_glimmerT_5164-T1;GlimmerHMM}
491174	491231	INTRON			{GeneMark_model.5528_t;GeneMark},{Augustus_model.g4300.t1;Augustus},{GlimmerHMM_glimmerT_5164-T1;GlimmerHMM}
491232	491344	internal+	3	1	{GeneMark_model.5528_t;GeneMark},{Augustus_model.g4300.t1;Augustus},{GlimmerHMM_glimmerT_5164-T1;GlimmerHMM}
491345	491416	INTRON			{GeneMark_model.5528_t;GeneMark},{Augustus_model.g4300.t1;Augustus},{GlimmerHMM_glimmerT_5164-T1;GlimmerHMM}
491417	491480	internal+	2	2	{GeneMark_model.5528_t;GeneMark},{Augustus_model.g4300.t1;Augustus},{GlimmerHMM_glimmerT_5164-T1;GlimmerHMM}
491481	491547	INTRON			{GeneMark_model.5528_t;GeneMark},{Augustus_model.g4300.t1;Augustus}
491548	491558	internal+	3	1	{GeneMark_model.5528_t;GeneMark},{Augustus_model.g4300.t1;Augustus}
491559	491625	INTRON			{GeneMark_model.5528_t;GeneMark},{Augustus_model.g4300.t1;Augustus}
491626	491696	internal+	2	3	{GeneMark_model.5528_t;GeneMark},{Augustus_model.g4300.t1;Augustus}
491697	491766	INTRON			{GeneMark_model.5528_t;GeneMark},{Augustus_model.g4300.t1;Augustus}
491767	491825	internal+	1	2	{GeneMark_model.5528_t;GeneMark},{Augustus_model.g4300.t1;Augustus}
491826	491883	INTRON			{GeneMark_model.5528_t;GeneMark},{Augustus_model.g4300.t1;Augustus}
491884	492237	internal+	3	2	{GeneMark_model.5528_t;GeneMark},{Augustus_model.g4300.t1;Augustus},{GlimmerHMM_glimmerT_5164-T1;GlimmerHMM}
492238	492299	INTRON			{GeneMark_model.5528_t;GeneMark},{Augustus_model.g4300.t1;Augustus},{GlimmerHMM_glimmerT_5164-T1;GlimmerHMM}
492300	492477	internal+	3	3	{GeneMark_model.5528_t;GeneMark},{Augustus_model.g4300.t1;Augustus},{GlimmerHMM_glimmerT_5164-T1;GlimmerHMM}
492478	492545	INTRON			{GeneMark_model.5528_t;GeneMark},{Augustus_model.g4300.t1;Augustus},{GlimmerHMM_glimmerT_5164-T1;GlimmerHMM}
492546	492588	internal+	1	1	{GeneMark_model.5528_t;GeneMark},{Augustus_model.g4300.t1;Augustus}
492589	492652	INTRON			{GeneMark_model.5528_t;GeneMark},{Augustus_model.g4300.t1;Augustus}
492653	492784	internal+	2	1	{GeneMark_model.5528_t;GeneMark},{Augustus_model.g4300.t1;Augustus},{GlimmerHMM_glimmerT_5164-T1;GlimmerHMM}
492785	492852	INTRON			{GeneMark_model.5528_t;GeneMark},{Augustus_model.g4300.t1;Augustus},{GlimmerHMM_glimmerT_5164-T1;GlimmerHMM}
492853	492935	terminal+	2	3	{GeneMark_model.5528_t;GeneMark},{GlimmerHMM_glimmerT_5164-T1;GlimmerHMM}

# EVM prediction: Mode:STANDARD S-ratio: 3.10 495530-496758 orient(-) score(4086.00) noncoding_equivalent(1316.55) raw_noncoding(1589.00) offset(272.45)
495622	495530	terminal-	4	6	{GeneMark_model.5529_t;GeneMark},{GlimmerHMM_glimmerT_5165-T1;GlimmerHMM},{Augustus_model.g4301.t1;Augustus}
495682	495623	INTRON			{GeneMark_model.5529_t;GeneMark},{GlimmerHMM_glimmerT_5165-T1;GlimmerHMM},{Augustus_model.g4301.t1;Augustus}
496031	495683	internal-	6	6	{GeneMark_model.5529_t;GeneMark},{GlimmerHMM_glimmerT_5165-T1;GlimmerHMM},{Augustus_model.g4301.t1;Augustus}
496092	496032	INTRON			{GeneMark_model.5529_t;GeneMark},{GlimmerHMM_glimmerT_5165-T1;GlimmerHMM},{Augustus_model.g4301.t1;Augustus}
496419	496093	internal-	6	5	{GeneMark_model.5529_t;GeneMark},{GlimmerHMM_glimmerT_5165-T1;GlimmerHMM},{Augustus_model.g4301.t1;Augustus}
496489	496420	INTRON			{GeneMark_model.5529_t;GeneMark},{GlimmerHMM_glimmerT_5165-T1;GlimmerHMM},{Augustus_model.g4301.t1;Augustus}
496539	496490	internal-	4	5	{GeneMark_model.5529_t;GeneMark},{GlimmerHMM_glimmerT_5165-T1;GlimmerHMM},{Augustus_model.g4301.t1;Augustus}
496602	496540	INTRON			{GeneMark_model.5529_t;GeneMark},{GlimmerHMM_glimmerT_5165-T1;GlimmerHMM},{Augustus_model.g4301.t1;Augustus}
496610	496603	internal-	5	6	{GeneMark_model.5529_t;GeneMark},{Augustus_model.g4301.t1;Augustus}
496667	496611	INTRON			{GeneMark_model.5529_t;GeneMark},{Augustus_model.g4301.t1;Augustus}
496758	496668	initial-	4	4	{GeneMark_model.5529_t;GeneMark},{Augustus_model.g4301.t1;Augustus}

# EVM prediction: Mode:STANDARD S-ratio: 3.00 497424-498520 orient(+) score(4921.00) noncoding_equivalent(1640.60) raw_noncoding(2315.00) offset(674.40)
497424	497483	initial+	1	3	{Augustus_model.g4302.t1;Augustus},{GlimmerHMM_glimmerT_5166-T1;GlimmerHMM},{GeneMark_model.5530_t;GeneMark}
497484	497600	INTRON			{Augustus_model.g4302.t1;Augustus},{GeneMark_model.5530_t;GeneMark},{ev_type:exonerate/ID=match.2566964.4138/Target=lcl|KQ954478_1_prot_KWU44514_1_3038;exonerate},{ev_type:exonerate/ID=match.2566964.4139/Target=lcl|PJQD01000022_1_prot_POY74722_1_2241;exonerate}
497601	497681	internal+	1	3	{Augustus_model.g4302.t1;Augustus},{GeneMark_model.5530_t;GeneMark},{ev_type:exonerate/ID=match.2566964.4138/Target=lcl|KQ954478_1_prot_KWU44514_1_3038;exonerate},{ev_type:exonerate/ID=match.2566964.4139/Target=lcl|PJQD01000022_1_prot_POY74722_1_2241;exonerate}
497682	497770	INTRON			{Augustus_model.g4302.t1;Augustus},{GeneMark_model.5530_t;GeneMark},{ev_type:exonerate/ID=match.2566964.4138/Target=lcl|KQ954478_1_prot_KWU44514_1_3038;exonerate},{ev_type:exonerate/ID=match.2566964.4139/Target=lcl|PJQD01000022_1_prot_POY74722_1_2241;exonerate}
497771	497989	internal+	1	3	{Augustus_model.g4302.t1;Augustus},{GeneMark_model.5530_t;GeneMark},{ev_type:exonerate/ID=match.2566964.4138/Target=lcl|KQ954478_1_prot_KWU44514_1_3038;exonerate},{ev_type:exonerate/ID=match.2566964.4139/Target=lcl|PJQD01000022_1_prot_POY74722_1_2241;exonerate}
497990	498045	INTRON			{Augustus_model.g4302.t1;Augustus},{GeneMark_model.5530_t;GeneMark},{ev_type:exonerate/ID=match.2566964.4138/Target=lcl|KQ954478_1_prot_KWU44514_1_3038;exonerate},{ev_type:exonerate/ID=match.2566964.4139/Target=lcl|PJQD01000022_1_prot_POY74722_1_2241;exonerate}
498046	498172	internal+	1	1	{Augustus_model.g4302.t1;Augustus},{GeneMark_model.5530_t;GeneMark},{ev_type:exonerate/ID=match.2566964.4138/Target=lcl|KQ954478_1_prot_KWU44514_1_3038;exonerate},{ev_type:exonerate/ID=match.2566964.4139/Target=lcl|PJQD01000022_1_prot_POY74722_1_2241;exonerate}
498173	498248	INTRON			{Augustus_model.g4302.t1;Augustus},{GeneMark_model.5530_t;GeneMark},{ev_type:exonerate/ID=match.2566964.4138/Target=lcl|KQ954478_1_prot_KWU44514_1_3038;exonerate},{ev_type:exonerate/ID=match.2566964.4139/Target=lcl|PJQD01000022_1_prot_POY74722_1_2241;exonerate}
498249	498520	terminal+	2	3	{Augustus_model.g4302.t1;Augustus},{GlimmerHMM_glimmerT_5166-T1;GlimmerHMM},{GeneMark_model.5530_t;GeneMark}

# EVM prediction: Mode:STANDARD S-ratio: 4.50 498998-503441 orient(+) score(18775.00) noncoding_equivalent(4169.11) raw_noncoding(5073.08) offset(903.97)
498998	499255	initial+	1	3	{Augustus_model.g4303.t1;Augustus},{GeneMark_model.5531_t;GeneMark},{GlimmerHMM_glimmerT_5167-T1;GlimmerHMM}
499256	499331	INTRON			{Augustus_model.g4303.t1;Augustus},{GeneMark_model.5531_t;GeneMark},{GlimmerHMM_glimmerT_5167-T1;GlimmerHMM},{ev_type:exonerate/ID=match.2566964.3358/Target=lcl|PJQD01000022_1_prot_POY74723_1_2242;exonerate}
499332	499628	internal+	1	3	{Augustus_model.g4303.t1;Augustus},{GeneMark_model.5531_t;GeneMark},{GlimmerHMM_glimmerT_5167-T1;GlimmerHMM},{ev_type:exonerate/ID=match.2566964.3358/Target=lcl|PJQD01000022_1_prot_POY74723_1_2242;exonerate}
499629	499682	INTRON			{Augustus_model.g4303.t1;Augustus},{GeneMark_model.5531_t;GeneMark},{ev_type:exonerate/ID=match.2566964.3358/Target=lcl|PJQD01000022_1_prot_POY74723_1_2242;exonerate}
499683	499730	internal+	1	3	{Augustus_model.g4303.t1;Augustus},{GeneMark_model.5531_t;GeneMark},{ev_type:exonerate/ID=match.2566964.3358/Target=lcl|PJQD01000022_1_prot_POY74723_1_2242;exonerate}
499731	499804	INTRON			{Augustus_model.g4303.t1;Augustus},{GeneMark_model.5531_t;GeneMark},{ev_type:exonerate/ID=match.2566964.3358/Target=lcl|PJQD01000022_1_prot_POY74723_1_2242;exonerate}
499805	500095	internal+	1	3	{Augustus_model.g4303.t1;Augustus},{GeneMark_model.5531_t;GeneMark},{GlimmerHMM_glimmerT_5167-T1;GlimmerHMM},{ev_type:exonerate/ID=match.2566964.3358/Target=lcl|PJQD01000022_1_prot_POY74723_1_2242;exonerate}
500096	500158	INTRON			{Augustus_model.g4303.t1;Augustus},{GeneMark_model.5531_t;GeneMark},{GlimmerHMM_glimmerT_5167-T1;GlimmerHMM},{ev_type:exonerate/ID=match.2566964.3358/Target=lcl|PJQD01000022_1_prot_POY74723_1_2242;exonerate}
500159	501370	internal+	1	3	{Augustus_model.g4303.t1;Augustus},{GeneMark_model.5531_t;GeneMark},{GlimmerHMM_glimmerT_5167-T1;GlimmerHMM},{ev_type:exonerate/ID=match.2566964.3358/Target=lcl|PJQD01000022_1_prot_POY74723_1_2242;exonerate}
501371	501427	INTRON			{Augustus_model.g4303.t1;Augustus},{GeneMark_model.5531_t;GeneMark},{ev_type:exonerate/ID=match.2566964.3358/Target=lcl|PJQD01000022_1_prot_POY74723_1_2242;exonerate}
501428	501508	internal+	1	3	{Augustus_model.g4303.t1;Augustus},{GeneMark_model.5531_t;GeneMark},{ev_type:exonerate/ID=match.2566964.3358/Target=lcl|PJQD01000022_1_prot_POY74723_1_2242;exonerate}
501509	501567	INTRON			{Augustus_model.g4303.t1;Augustus},{GeneMark_model.5531_t;GeneMark},{ev_type:exonerate/ID=match.2566964.3358/Target=lcl|PJQD01000022_1_prot_POY74723_1_2242;exonerate}
501568	501858	internal+	1	3	{Augustus_model.g4303.t1;Augustus},{GeneMark_model.5531_t;GeneMark},{GlimmerHMM_glimmerT_5167-T1;GlimmerHMM},{ev_type:exonerate/ID=match.2566964.3358/Target=lcl|PJQD01000022_1_prot_POY74723_1_2242;exonerate}
501859	501919	INTRON			{Augustus_model.g4303.t1;Augustus},{GeneMark_model.5531_t;GeneMark},{GlimmerHMM_glimmerT_5167-T1;GlimmerHMM},{ev_type:exonerate/ID=match.2566964.3358/Target=lcl|PJQD01000022_1_prot_POY74723_1_2242;exonerate}
501920	502440	internal+	1	2	{Augustus_model.g4303.t1;Augustus},{GeneMark_model.5531_t;GeneMark},{GlimmerHMM_glimmerT_5167-T1;GlimmerHMM},{ev_type:exonerate/ID=match.2566964.3358/Target=lcl|PJQD01000022_1_prot_POY74723_1_2242;exonerate}
502441	502505	INTRON			{Augustus_model.g4303.t1;Augustus},{GeneMark_model.5531_t;GeneMark},{GlimmerHMM_glimmerT_5167-T1;GlimmerHMM},{ev_type:exonerate/ID=match.2566964.3358/Target=lcl|PJQD01000022_1_prot_POY74723_1_2242;exonerate}
502506	502576	internal+	3	1	{Augustus_model.g4303.t1;Augustus},{GeneMark_model.5531_t;GeneMark},{ev_type:exonerate/ID=match.2566964.3358/Target=lcl|PJQD01000022_1_prot_POY74723_1_2242;exonerate}
502577	502636	INTRON			{Augustus_model.g4303.t1;Augustus},{GeneMark_model.5531_t;GeneMark},{ev_type:exonerate/ID=match.2566964.3358/Target=lcl|PJQD01000022_1_prot_POY74723_1_2242;exonerate}
502637	502788	internal+	2	3	{Augustus_model.g4303.t1;Augustus},{GeneMark_model.5531_t;GeneMark},{ev_type:exonerate/ID=match.2566964.3358/Target=lcl|PJQD01000022_1_prot_POY74723_1_2242;exonerate}
502789	502846	INTRON			{Augustus_model.g4303.t1;Augustus},{GeneMark_model.5531_t;GeneMark},{ev_type:exonerate/ID=match.2566964.3358/Target=lcl|PJQD01000022_1_prot_POY74723_1_2242;exonerate}
502847	503001	internal+	1	2	{Augustus_model.g4303.t1;Augustus},{GeneMark_model.5531_t;GeneMark},{GlimmerHMM_glimmerT_5167-T1;GlimmerHMM},{ev_type:exonerate/ID=match.2566964.3358/Target=lcl|PJQD01000022_1_prot_POY74723_1_2242;exonerate}
503002	503060	INTRON			{Augustus_model.g4303.t1;Augustus},{GeneMark_model.5531_t;GeneMark},{GlimmerHMM_glimmerT_5167-T1;GlimmerHMM},{ev_type:exonerate/ID=match.2566964.3358/Target=lcl|PJQD01000022_1_prot_POY74723_1_2242;exonerate}
503061	503155	internal+	3	1	{Augustus_model.g4303.t1;Augustus},{GeneMark_model.5531_t;GeneMark},{GlimmerHMM_glimmerT_5167-T1;GlimmerHMM},{ev_type:exonerate/ID=match.2566964.3358/Target=lcl|PJQD01000022_1_prot_POY74723_1_2242;exonerate}
503156	503211	INTRON			{Augustus_model.g4303.t1;Augustus},{GeneMark_model.5531_t;GeneMark},{GlimmerHMM_glimmerT_5167-T1;GlimmerHMM},{ev_type:exonerate/ID=match.2566964.3358/Target=lcl|PJQD01000022_1_prot_POY74723_1_2242;exonerate}
503212	503441	terminal+	2	3	{Augustus_model.g4303.t1;Augustus},{GeneMark_model.5531_t;GeneMark},{GlimmerHMM_glimmerT_5167-T1;GlimmerHMM}

# EVM prediction: Mode:STANDARD S-ratio: 3.41 503758-504287 orient(-) score(1637.00) noncoding_equivalent(480.01) raw_noncoding(646.56) offset(166.55)
504151	503758	terminal-	6	6	{Augustus_model.g4304.t1;Augustus},{GeneMark_model.5532_t;GeneMark}
504234	504152	INTRON			{Augustus_model.g4304.t1;Augustus},{GeneMark_model.5532_t;GeneMark}
504287	504235	initial-	4	5	{Augustus_model.g4304.t1;Augustus},{GeneMark_model.5532_t;GeneMark}

# EVM prediction: Mode:STANDARD S-ratio: 2.38 504559-508266 orient(-) score(16505.00) noncoding_equivalent(6934.93) raw_noncoding(10556.31) offset(3621.38)
504603	504559	terminal-	4	6	{Augustus_model.g4305.t1;Augustus},{GeneMark_model.5533_t;GeneMark}
504662	504604	INTRON			{Augustus_model.g4305.t1;Augustus},{GlimmerHMM_glimmerT_5168-T1;GlimmerHMM},{GeneMark_model.5533_t;GeneMark},{ev_type:exonerate/ID=match.2566964.4145/Target=lcl|LCTV02000010_1_prot_PRQ71992_1_963;exonerate},{ev_type:exonerate/ID=match.2566964.4149/Target=lcl|NW_017264941_1_prot_XP_018268735_1_6190;exonerate}
504689	504663	internal-	4	6	{Augustus_model.g4305.t1;Augustus},{GlimmerHMM_glimmerT_5168-T1;GlimmerHMM},{GeneMark_model.5533_t;GeneMark},{ev_type:exonerate/ID=match.2566964.4145/Target=lcl|LCTV02000010_1_prot_PRQ71992_1_963;exonerate},{ev_type:exonerate/ID=match.2566964.4149/Target=lcl|NW_017264941_1_prot_XP_018268735_1_6190;exonerate}
504782	504690	INTRON			{Augustus_model.g4305.t1;Augustus},{GlimmerHMM_glimmerT_5168-T1;GlimmerHMM},{GeneMark_model.5533_t;GeneMark},{ev_type:exonerate/ID=match.2566964.4145/Target=lcl|LCTV02000010_1_prot_PRQ71992_1_963;exonerate},{ev_type:exonerate/ID=match.2566964.4149/Target=lcl|NW_017264941_1_prot_XP_018268735_1_6190;exonerate}
504911	504783	internal-	4	6	{Augustus_model.g4305.t1;Augustus},{GlimmerHMM_glimmerT_5168-T1;GlimmerHMM},{GeneMark_model.5533_t;GeneMark},{ev_type:exonerate/ID=match.2566964.4145/Target=lcl|LCTV02000010_1_prot_PRQ71992_1_963;exonerate},{ev_type:exonerate/ID=match.2566964.4149/Target=lcl|NW_017264941_1_prot_XP_018268735_1_6190;exonerate},{ev_type:exonerate/ID=match.2566964.4146/Target=lcl|BJWK01000012_1_prot_GEM10919_1_4936;exonerate}
505057	504912	INTRON			{Augustus_model.g4305.t1;Augustus},{GlimmerHMM_glimmerT_5168-T1;GlimmerHMM},{GeneMark_model.5533_t;GeneMark},{ev_type:exonerate/ID=match.2566964.4145/Target=lcl|LCTV02000010_1_prot_PRQ71992_1_963;exonerate},{ev_type:exonerate/ID=match.2566964.4149/Target=lcl|NW_017264941_1_prot_XP_018268735_1_6190;exonerate},{ev_type:exonerate/ID=match.2566964.4144/Target=lcl|KQ954478_1_prot_KWU44513_1_3037;exonerate},{ev_type:exonerate/ID=match.2566964.4146/Target=lcl|BJWK01000012_1_prot_GEM10919_1_4936;exonerate}
505333	505058	internal-	4	6	{Augustus_model.g4305.t1;Augustus},{GlimmerHMM_glimmerT_5168-T1;GlimmerHMM},{GeneMark_model.5533_t;GeneMark},{ev_type:exonerate/ID=match.2566964.4145/Target=lcl|LCTV02000010_1_prot_PRQ71992_1_963;exonerate},{ev_type:exonerate/ID=match.2566964.4149/Target=lcl|NW_017264941_1_prot_XP_018268735_1_6190;exonerate},{ev_type:exonerate/ID=match.2566964.4144/Target=lcl|KQ954478_1_prot_KWU44513_1_3037;exonerate},{ev_type:exonerate/ID=match.2566964.4146/Target=lcl|BJWK01000012_1_prot_GEM10919_1_4936;exonerate}
505445	505334	INTRON			{Augustus_model.g4305.t1;Augustus},{GlimmerHMM_glimmerT_5168-T1;GlimmerHMM},{GeneMark_model.5533_t;GeneMark},{ev_type:exonerate/ID=match.2566964.4145/Target=lcl|LCTV02000010_1_prot_PRQ71992_1_963;exonerate},{ev_type:exonerate/ID=match.2566964.4149/Target=lcl|NW_017264941_1_prot_XP_018268735_1_6190;exonerate},{ev_type:exonerate/ID=match.2566964.4144/Target=lcl|KQ954478_1_prot_KWU44513_1_3037;exonerate},{ev_type:exonerate/ID=match.2566964.4146/Target=lcl|BJWK01000012_1_prot_GEM10919_1_4936;exonerate}
505601	505446	internal-	4	6	{Augustus_model.g4305.t1;Augustus},{GeneMark_model.5533_t;GeneMark},{ev_type:exonerate/ID=match.2566964.4145/Target=lcl|LCTV02000010_1_prot_PRQ71992_1_963;exonerate},{ev_type:exonerate/ID=match.2566964.4149/Target=lcl|NW_017264941_1_prot_XP_018268735_1_6190;exonerate},{ev_type:exonerate/ID=match.2566964.4144/Target=lcl|KQ954478_1_prot_KWU44513_1_3037;exonerate},{ev_type:exonerate/ID=match.2566964.4146/Target=lcl|BJWK01000012_1_prot_GEM10919_1_4936;exonerate}
505720	505602	INTRON			{Augustus_model.g4305.t1;Augustus},{GeneMark_model.5533_t;GeneMark},{ev_type:exonerate/ID=match.2566964.4145/Target=lcl|LCTV02000010_1_prot_PRQ71992_1_963;exonerate},{ev_type:exonerate/ID=match.2566964.4149/Target=lcl|NW_017264941_1_prot_XP_018268735_1_6190;exonerate},{ev_type:exonerate/ID=match.2566964.4144/Target=lcl|KQ954478_1_prot_KWU44513_1_3037;exonerate},{ev_type:exonerate/ID=match.2566964.4146/Target=lcl|BJWK01000012_1_prot_GEM10919_1_4936;exonerate}
505749	505721	internal-	5	6	{Augustus_model.g4305.t1;Augustus},{GeneMark_model.5533_t;GeneMark},{ev_type:exonerate/ID=match.2566964.4145/Target=lcl|LCTV02000010_1_prot_PRQ71992_1_963;exonerate},{ev_type:exonerate/ID=match.2566964.4149/Target=lcl|NW_017264941_1_prot_XP_018268735_1_6190;exonerate},{ev_type:exonerate/ID=match.2566964.4144/Target=lcl|KQ954478_1_prot_KWU44513_1_3037;exonerate},{ev_type:exonerate/ID=match.2566964.4146/Target=lcl|BJWK01000012_1_prot_GEM10919_1_4936;exonerate}
505810	505750	INTRON			{Augustus_model.g4305.t1;Augustus},{GeneMark_model.5533_t;GeneMark},{ev_type:exonerate/ID=match.2566964.4145/Target=lcl|LCTV02000010_1_prot_PRQ71992_1_963;exonerate},{ev_type:exonerate/ID=match.2566964.4149/Target=lcl|NW_017264941_1_prot_XP_018268735_1_6190;exonerate},{ev_type:exonerate/ID=match.2566964.4144/Target=lcl|KQ954478_1_prot_KWU44513_1_3037;exonerate},{ev_type:exonerate/ID=match.2566964.4146/Target=lcl|BJWK01000012_1_prot_GEM10919_1_4936;exonerate}
505845	505811	internal-	6	4	{Augustus_model.g4305.t1;Augustus},{GeneMark_model.5533_t;GeneMark},{ev_type:exonerate/ID=match.2566964.4145/Target=lcl|LCTV02000010_1_prot_PRQ71992_1_963;exonerate},{ev_type:exonerate/ID=match.2566964.4149/Target=lcl|NW_017264941_1_prot_XP_018268735_1_6190;exonerate},{ev_type:exonerate/ID=match.2566964.4144/Target=lcl|KQ954478_1_prot_KWU44513_1_3037;exonerate},{ev_type:exonerate/ID=match.2566964.4146/Target=lcl|BJWK01000012_1_prot_GEM10919_1_4936;exonerate}
505923	505846	INTRON			{Augustus_model.g4305.t1;Augustus},{GlimmerHMM_glimmerT_5169-T1;GlimmerHMM},{GeneMark_model.5533_t;GeneMark},{ev_type:exonerate/ID=match.2566964.4145/Target=lcl|LCTV02000010_1_prot_PRQ71992_1_963;exonerate},{ev_type:exonerate/ID=match.2566964.4149/Target=lcl|NW_017264941_1_prot_XP_018268735_1_6190;exonerate},{ev_type:exonerate/ID=match.2566964.4144/Target=lcl|KQ954478_1_prot_KWU44513_1_3037;exonerate},{ev_type:exonerate/ID=match.2566964.4146/Target=lcl|BJWK01000012_1_prot_GEM10919_1_4936;exonerate}
506032	505924	internal-	5	5	{Augustus_model.g4305.t1;Augustus},{GlimmerHMM_glimmerT_5169-T1;GlimmerHMM},{GeneMark_model.5533_t;GeneMark},{ev_type:exonerate/ID=match.2566964.4145/Target=lcl|LCTV02000010_1_prot_PRQ71992_1_963;exonerate},{ev_type:exonerate/ID=match.2566964.4149/Target=lcl|NW_017264941_1_prot_XP_018268735_1_6190;exonerate},{ev_type:exonerate/ID=match.2566964.4144/Target=lcl|KQ954478_1_prot_KWU44513_1_3037;exonerate},{ev_type:exonerate/ID=match.2566964.4146/Target=lcl|BJWK01000012_1_prot_GEM10919_1_4936;exonerate}
506125	506033	INTRON			{Augustus_model.g4305.t1;Augustus},{GlimmerHMM_glimmerT_5169-T1;GlimmerHMM},{GeneMark_model.5533_t;GeneMark},{ev_type:exonerate/ID=match.2566964.4145/Target=lcl|LCTV02000010_1_prot_PRQ71992_1_963;exonerate},{ev_type:exonerate/ID=match.2566964.4149/Target=lcl|NW_017264941_1_prot_XP_018268735_1_6190;exonerate},{ev_type:exonerate/ID=match.2566964.4144/Target=lcl|KQ954478_1_prot_KWU44513_1_3037;exonerate},{ev_type:exonerate/ID=match.2566964.4146/Target=lcl|BJWK01000012_1_prot_GEM10919_1_4936;exonerate}
506249	506126	internal-	4	4	{Augustus_model.g4305.t1;Augustus},{GlimmerHMM_glimmerT_5169-T1;GlimmerHMM},{GeneMark_model.5533_t;GeneMark}
507262	506250	INTRON			{Augustus_model.g4305.t1;Augustus},{GlimmerHMM_glimmerT_5169-T1;GlimmerHMM}
507550	507263	internal-	4	6	{GeneMark_model.5534_t;GeneMark},{Augustus_model.g4305.t1;Augustus},{GlimmerHMM_glimmerT_5169-T1;GlimmerHMM}
507617	507551	INTRON			{GeneMark_model.5534_t;GeneMark},{Augustus_model.g4305.t1;Augustus},{GlimmerHMM_glimmerT_5169-T1;GlimmerHMM},{ev_type:exonerate/ID=match.2566964.4153/Target=lcl|PJQD01000009_1_prot_POY75902_1_6618;exonerate}
507721	507618	internal-	5	6	{GeneMark_model.5534_t;GeneMark},{Augustus_model.g4305.t1;Augustus},{GlimmerHMM_glimmerT_5169-T1;GlimmerHMM},{ev_type:exonerate/ID=match.2566964.4153/Target=lcl|PJQD01000009_1_prot_POY75902_1_6618;exonerate}
507811	507722	INTRON			{GeneMark_model.5534_t;GeneMark},{Augustus_model.g4305.t1;Augustus},{GlimmerHMM_glimmerT_5169-T1;GlimmerHMM},{ev_type:exonerate/ID=match.2566964.4153/Target=lcl|PJQD01000009_1_prot_POY75902_1_6618;exonerate}
507890	507812	internal-	4	4	{GeneMark_model.5534_t;GeneMark},{Augustus_model.g4305.t1;Augustus},{GlimmerHMM_glimmerT_5169-T1;GlimmerHMM}
508257	507891	INTRON			{GeneMark_model.5534_t;GeneMark},{GlimmerHMM_glimmerT_5169-T1;GlimmerHMM}
508266	508258	initial-	4	6	{GeneMark_model.5534_t;GeneMark},{Augustus_model.g4305.t1;Augustus},{GlimmerHMM_glimmerT_5169-T1;GlimmerHMM}

# EVM prediction: Mode:STANDARD S-ratio: 4.90 508859-513143 orient(+) score(14737.00) noncoding_equivalent(3009.03) raw_noncoding(3453.37) offset(444.34)
508859	509371	initial+	1	3	{GlimmerHMM_glimmerT_5170-T1;GlimmerHMM},{Augustus_model.g4306.t1;Augustus},{GeneMark_model.5535_t;GeneMark}
509372	509441	INTRON			{GlimmerHMM_glimmerT_5170-T1;GlimmerHMM},{Augustus_model.g4306.t1;Augustus},{GeneMark_model.5535_t;GeneMark}
509442	510707	internal+	1	3	{GlimmerHMM_glimmerT_5170-T1;GlimmerHMM},{Augustus_model.g4306.t1;Augustus},{GeneMark_model.5535_t;GeneMark}
510708	510766	INTRON			{Augustus_model.g4306.t1;Augustus},{GeneMark_model.5535_t;GeneMark}
510767	511682	internal+	1	1	{Augustus_model.g4306.t1;Augustus},{GeneMark_model.5535_t;GeneMark}
511683	511744	INTRON			{GlimmerHMM_glimmerT_5170-T1;GlimmerHMM},{Augustus_model.g4306.t1;Augustus},{GeneMark_model.5535_t;GeneMark}
511745	511980	internal+	2	3	{GlimmerHMM_glimmerT_5170-T1;GlimmerHMM},{Augustus_model.g4306.t1;Augustus},{GeneMark_model.5535_t;GeneMark}
511981	512041	INTRON			{Augustus_model.g4306.t1;Augustus},{GeneMark_model.5535_t;GeneMark}
512042	512218	internal+	1	3	{Augustus_model.g4306.t1;Augustus},{GeneMark_model.5535_t;GeneMark}
512219	512276	INTRON			{GlimmerHMM_glimmerT_5170-T1;GlimmerHMM},{Augustus_model.g4306.t1;Augustus},{GeneMark_model.5535_t;GeneMark}
512277	512654	internal+	1	3	{GlimmerHMM_glimmerT_5170-T1;GlimmerHMM},{Augustus_model.g4306.t1;Augustus},{GeneMark_model.5535_t;GeneMark}
512655	512716	INTRON			{GlimmerHMM_glimmerT_5170-T1;GlimmerHMM},{Augustus_model.g4306.t1;Augustus},{GeneMark_model.5535_t;GeneMark}
512717	512975	internal+	1	1	{GlimmerHMM_glimmerT_5170-T1;GlimmerHMM},{Augustus_model.g4306.t1;Augustus},{GeneMark_model.5535_t;GeneMark}
512976	513039	INTRON			{GlimmerHMM_glimmerT_5170-T1;GlimmerHMM},{Augustus_model.g4306.t1;Augustus},{GeneMark_model.5535_t;GeneMark}
513040	513143	terminal+	2	3	{Augustus_model.g4306.t1;Augustus},{GeneMark_model.5535_t;GeneMark}

# EVM prediction: Mode:STANDARD S-ratio: 2.36 513970-515359 orient(+) score(4066.00) noncoding_equivalent(1720.66) raw_noncoding(2283.63) offset(562.97)
513970	513998	initial+	1	2	{Augustus_model.g4307.t1;Augustus}
513999	514067	INTRON			{Augustus_model.g4307.t1;Augustus},{GeneMark_model.5536_t;GeneMark}
514068	514186	internal+	3	1	{Augustus_model.g4307.t1;Augustus},{GeneMark_model.5536_t;GeneMark}
514187	514305	INTRON			{Augustus_model.g4307.t1;Augustus},{GeneMark_model.5536_t;GeneMark},{GlimmerHMM_glimmerT_5170-T1;GlimmerHMM}
514306	514516	internal+	2	2	{Augustus_model.g4307.t1;Augustus},{GlimmerHMM_glimmerT_5170-T1;GlimmerHMM}
514517	514576	INTRON			{Augustus_model.g4307.t1;Augustus},{GlimmerHMM_glimmerT_5170-T1;GlimmerHMM}
514577	514759	internal+	3	2	{Augustus_model.g4307.t1;Augustus},{GlimmerHMM_glimmerT_5170-T1;GlimmerHMM}
514760	514820	INTRON			{Augustus_model.g4307.t1;Augustus},{GeneMark_model.5536_t;GeneMark}
514821	514889	internal+	3	2	{Augustus_model.g4307.t1;Augustus},{GeneMark_model.5536_t;GeneMark}
514890	514947	INTRON			{Augustus_model.g4307.t1;Augustus},{GeneMark_model.5536_t;GeneMark}
514948	515359	terminal+	3	3	{Augustus_model.g4307.t1;Augustus},{GeneMark_model.5536_t;GeneMark},{GlimmerHMM_glimmerT_5170-T1;GlimmerHMM}

# EVM prediction: Mode:STANDARD S-ratio: 6.10 515547-518465 orient(-) score(16982.00) noncoding_equivalent(2784.93) raw_noncoding(3822.00) offset(1037.07)
515826	515547	terminal-	6	6	{GlimmerHMM_glimmerT_5171-T1;GlimmerHMM},{GeneMark_model.5537_t;GeneMark},{Augustus_model.g4308.t1;Augustus}
515885	515827	INTRON			{GlimmerHMM_glimmerT_5171-T1;GlimmerHMM},{GeneMark_model.5537_t;GeneMark},{Augustus_model.g4308.t1;Augustus},{ev_type:exonerate/ID=match.2566964.3632/Target=lcl|LCTV02000010_1_prot_PRQ72015_1_986;exonerate},{ev_type:exonerate/ID=match.2566964.3633/Target=lcl|KQ954478_1_prot_KWU44552_1_3076;exonerate},{ev_type:exonerate/ID=match.2566964.3635/Target=lcl|PJQD01000009_1_prot_POY75898_1_6614;exonerate}
516370	515886	internal-	4	5	{GlimmerHMM_glimmerT_5171-T1;GlimmerHMM},{GeneMark_model.5537_t;GeneMark},{Augustus_model.g4308.t1;Augustus},{ev_type:exonerate/ID=match.2566964.3632/Target=lcl|LCTV02000010_1_prot_PRQ72015_1_986;exonerate},{ev_type:exonerate/ID=match.2566964.3633/Target=lcl|KQ954478_1_prot_KWU44552_1_3076;exonerate},{ev_type:exonerate/ID=match.2566964.3635/Target=lcl|PJQD01000009_1_prot_POY75898_1_6614;exonerate}
516429	516371	INTRON			{GlimmerHMM_glimmerT_5171-T1;GlimmerHMM},{GeneMark_model.5537_t;GeneMark},{Augustus_model.g4308.t1;Augustus},{ev_type:exonerate/ID=match.2566964.3632/Target=lcl|LCTV02000010_1_prot_PRQ72015_1_986;exonerate},{ev_type:exonerate/ID=match.2566964.3633/Target=lcl|KQ954478_1_prot_KWU44552_1_3076;exonerate},{ev_type:exonerate/ID=match.2566964.3635/Target=lcl|PJQD01000009_1_prot_POY75898_1_6614;exonerate}
516970	516430	internal-	6	6	{GlimmerHMM_glimmerT_5171-T1;GlimmerHMM},{GeneMark_model.5537_t;GeneMark},{Augustus_model.g4308.t1;Augustus},{ev_type:exonerate/ID=match.2566964.3632/Target=lcl|LCTV02000010_1_prot_PRQ72015_1_986;exonerate},{ev_type:exonerate/ID=match.2566964.3633/Target=lcl|KQ954478_1_prot_KWU44552_1_3076;exonerate},{ev_type:exonerate/ID=match.2566964.3635/Target=lcl|PJQD01000009_1_prot_POY75898_1_6614;exonerate}
517031	516971	INTRON			{GlimmerHMM_glimmerT_5171-T1;GlimmerHMM},{GeneMark_model.5537_t;GeneMark},{Augustus_model.g4308.t1;Augustus},{ev_type:exonerate/ID=match.2566964.3632/Target=lcl|LCTV02000010_1_prot_PRQ72015_1_986;exonerate},{ev_type:exonerate/ID=match.2566964.3633/Target=lcl|KQ954478_1_prot_KWU44552_1_3076;exonerate},{ev_type:exonerate/ID=match.2566964.3635/Target=lcl|PJQD01000009_1_prot_POY75898_1_6614;exonerate}
517523	517032	internal-	6	5	{GlimmerHMM_glimmerT_5171-T1;GlimmerHMM},{GeneMark_model.5537_t;GeneMark},{Augustus_model.g4308.t1;Augustus},{ev_type:exonerate/ID=match.2566964.3632/Target=lcl|LCTV02000010_1_prot_PRQ72015_1_986;exonerate},{ev_type:exonerate/ID=match.2566964.3633/Target=lcl|KQ954478_1_prot_KWU44552_1_3076;exonerate},{ev_type:exonerate/ID=match.2566964.3635/Target=lcl|PJQD01000009_1_prot_POY75898_1_6614;exonerate}
517590	517524	INTRON			{GeneMark_model.5537_t;GeneMark},{Augustus_model.g4308.t1;Augustus},{ev_type:exonerate/ID=match.2566964.3632/Target=lcl|LCTV02000010_1_prot_PRQ72015_1_986;exonerate},{ev_type:exonerate/ID=match.2566964.3633/Target=lcl|KQ954478_1_prot_KWU44552_1_3076;exonerate}
517614	517591	internal-	6	5	{GeneMark_model.5537_t;GeneMark},{Augustus_model.g4308.t1;Augustus},{ev_type:exonerate/ID=match.2566964.3632/Target=lcl|LCTV02000010_1_prot_PRQ72015_1_986;exonerate},{ev_type:exonerate/ID=match.2566964.3633/Target=lcl|KQ954478_1_prot_KWU44552_1_3076;exonerate}
517684	517615	INTRON			{GeneMark_model.5537_t;GeneMark},{Augustus_model.g4308.t1;Augustus},{ev_type:exonerate/ID=match.2566964.3632/Target=lcl|LCTV02000010_1_prot_PRQ72015_1_986;exonerate},{ev_type:exonerate/ID=match.2566964.3633/Target=lcl|KQ954478_1_prot_KWU44552_1_3076;exonerate}
517945	517685	internal-	6	5	{Augustus_model.g4308.t1;Augustus}
518074	517946	INTRON			{Augustus_model.g4308.t1;Augustus}
518080	518075	internal-	6	5	{GeneMark_model.5537_t;GeneMark},{Augustus_model.g4308.t1;Augustus}
518151	518081	INTRON			{GeneMark_model.5537_t;GeneMark},{Augustus_model.g4308.t1;Augustus}
518252	518152	internal-	4	5	{GeneMark_model.5537_t;GeneMark},{Augustus_model.g4308.t1;Augustus},{ev_type:exonerate/ID=match.2566964.3632/Target=lcl|LCTV02000010_1_prot_PRQ72015_1_986;exonerate},{ev_type:exonerate/ID=match.2566964.3633/Target=lcl|KQ954478_1_prot_KWU44552_1_3076;exonerate},{ev_type:exonerate/ID=match.2566964.3635/Target=lcl|PJQD01000009_1_prot_POY75898_1_6614;exonerate}
518315	518253	INTRON			{GlimmerHMM_glimmerT_5171-T1;GlimmerHMM},{GeneMark_model.5537_t;GeneMark},{Augustus_model.g4308.t1;Augustus},{ev_type:exonerate/ID=match.2566964.3632/Target=lcl|LCTV02000010_1_prot_PRQ72015_1_986;exonerate},{ev_type:exonerate/ID=match.2566964.3633/Target=lcl|KQ954478_1_prot_KWU44552_1_3076;exonerate},{ev_type:exonerate/ID=match.2566964.3635/Target=lcl|PJQD01000009_1_prot_POY75898_1_6614;exonerate}
518465	518316	initial-	4	6	{GlimmerHMM_glimmerT_5171-T1;GlimmerHMM},{GeneMark_model.5537_t;GeneMark}

# EVM prediction: Mode:STANDARD S-ratio: 3.38 519312-521474 orient(+) score(10635.00) noncoding_equivalent(3143.26) raw_noncoding(3738.00) offset(594.74)
519312	519543	initial+	1	1	{GlimmerHMM_glimmerT_5172-T1;GlimmerHMM},{GeneMark_model.5538_t;GeneMark},{Augustus_model.g4309.t1;Augustus}
519544	519962	INTRON			{GlimmerHMM_glimmerT_5172-T1;GlimmerHMM},{GeneMark_model.5538_t;GeneMark},{Augustus_model.g4309.t1;Augustus},{ev_type:exonerate/ID=match.2566964.4106/Target=lcl|PJQD01000009_1_prot_POY75897_1_6613;exonerate}
519963	520691	internal+	2	1	{GlimmerHMM_glimmerT_5172-T1;GlimmerHMM},{GeneMark_model.5538_t;GeneMark},{Augustus_model.g4309.t1;Augustus},{ev_type:exonerate/ID=match.2566964.4108/Target=lcl|KQ954478_1_prot_KWU44551_1_3075;exonerate},{ev_type:exonerate/ID=match.2566964.4106/Target=lcl|PJQD01000009_1_prot_POY75897_1_6613;exonerate}
520692	520760	INTRON			{GlimmerHMM_glimmerT_5172-T1;GlimmerHMM},{GeneMark_model.5538_t;GeneMark},{Augustus_model.g4309.t1;Augustus},{ev_type:exonerate/ID=match.2566964.4108/Target=lcl|KQ954478_1_prot_KWU44551_1_3075;exonerate},{ev_type:exonerate/ID=match.2566964.4106/Target=lcl|PJQD01000009_1_prot_POY75897_1_6613;exonerate}
520761	520867	internal+	2	3	{GlimmerHMM_glimmerT_5172-T1;GlimmerHMM},{GeneMark_model.5538_t;GeneMark},{Augustus_model.g4309.t1;Augustus},{ev_type:exonerate/ID=match.2566964.4108/Target=lcl|KQ954478_1_prot_KWU44551_1_3075;exonerate},{ev_type:exonerate/ID=match.2566964.4106/Target=lcl|PJQD01000009_1_prot_POY75897_1_6613;exonerate}
520868	520932	INTRON			{GlimmerHMM_glimmerT_5172-T1;GlimmerHMM},{GeneMark_model.5538_t;GeneMark},{Augustus_model.g4309.t1;Augustus},{ev_type:exonerate/ID=match.2566964.4108/Target=lcl|KQ954478_1_prot_KWU44551_1_3075;exonerate},{ev_type:exonerate/ID=match.2566964.4106/Target=lcl|PJQD01000009_1_prot_POY75897_1_6613;exonerate}
520933	521291	internal+	1	2	{GlimmerHMM_glimmerT_5172-T1;GlimmerHMM},{GeneMark_model.5538_t;GeneMark},{Augustus_model.g4309.t1;Augustus},{ev_type:exonerate/ID=match.2566964.4108/Target=lcl|KQ954478_1_prot_KWU44551_1_3075;exonerate},{ev_type:exonerate/ID=match.2566964.4106/Target=lcl|PJQD01000009_1_prot_POY75897_1_6613;exonerate}
521292	521365	INTRON			{GlimmerHMM_glimmerT_5172-T1;GlimmerHMM},{GeneMark_model.5538_t;GeneMark},{Augustus_model.g4309.t1;Augustus},{ev_type:exonerate/ID=match.2566964.4108/Target=lcl|KQ954478_1_prot_KWU44551_1_3075;exonerate},{ev_type:exonerate/ID=match.2566964.4106/Target=lcl|PJQD01000009_1_prot_POY75897_1_6613;exonerate}
521366	521474	terminal+	3	3	{GlimmerHMM_glimmerT_5172-T1;GlimmerHMM},{GeneMark_model.5538_t;GeneMark},{Augustus_model.g4309.t1;Augustus}

# EVM prediction: Mode:STANDARD S-ratio: 1.77 521996-522668 orient(+) score(1977.00) noncoding_equivalent(1117.05) raw_noncoding(1330.05) offset(213.00)
521996	522280	initial+	1	3	{Augustus_model.g4310.t1;Augustus},{GlimmerHMM_glimmerT_5173-T1;GlimmerHMM},{GeneMark_model.5539_t;GeneMark}
522281	522370	INTRON			{Augustus_model.g4310.t1;Augustus},{GlimmerHMM_glimmerT_5173-T1;GlimmerHMM},{GeneMark_model.5539_t;GeneMark}
522371	522389	internal+	1	1	{Augustus_model.g4310.t1;Augustus},{GlimmerHMM_glimmerT_5173-T1;GlimmerHMM},{GeneMark_model.5539_t;GeneMark}
522390	522504	INTRON			{Augustus_model.g4310.t1;Augustus},{GlimmerHMM_glimmerT_5173-T1;GlimmerHMM},{GeneMark_model.5539_t;GeneMark}
522505	522668	terminal+	2	3	{GlimmerHMM_glimmerT_5173-T1;GlimmerHMM},{GeneMark_model.5539_t;GeneMark}

# EVM prediction: Mode:STANDARD S-ratio: 1.47 524316-525311 orient(+) score(2676.00) noncoding_equivalent(1823.10) raw_noncoding(2402.84) offset(579.74)
524316	524702	initial+	1	3	{GeneMark_model.5540_t;GeneMark}
524703	524818	INTRON			{Augustus_model.g4310.t1;Augustus},{GeneMark_model.5540_t;GeneMark}
524819	524845	internal+	1	3	{Augustus_model.g4310.t1;Augustus},{GeneMark_model.5540_t;GeneMark}
524846	524927	INTRON			{Augustus_model.g4310.t1;Augustus},{GeneMark_model.5540_t;GeneMark}
524928	524986	internal+	1	2	{GlimmerHMM_glimmerT_5174-T1;GlimmerHMM},{Augustus_model.g4310.t1;Augustus},{GeneMark_model.5540_t;GeneMark}
524987	525182	INTRON			{GlimmerHMM_glimmerT_5174-T1;GlimmerHMM},{Augustus_model.g4310.t1;Augustus},{GeneMark_model.5540_t;GeneMark}
525183	525195	internal+	3	3	{GlimmerHMM_glimmerT_5174-T1;GlimmerHMM},{Augustus_model.g4310.t1;Augustus},{GeneMark_model.5540_t;GeneMark}
525196	525263	INTRON			{GlimmerHMM_glimmerT_5174-T1;GlimmerHMM},{Augustus_model.g4310.t1;Augustus},{GeneMark_model.5540_t;GeneMark}
525264	525311	terminal+	1	3	{GlimmerHMM_glimmerT_5174-T1;GlimmerHMM},{Augustus_model.g4310.t1;Augustus},{GeneMark_model.5540_t;GeneMark}

# EVM prediction: Mode:STANDARD S-ratio: 3.89 525682-526541 orient(-) score(2851.00) noncoding_equivalent(732.79) raw_noncoding(1046.00) offset(313.21)
526173	525682	terminal-	4	6	{GeneMark_model.5541_t;GeneMark},{Augustus_model.g4311.t1;Augustus},{GlimmerHMM_glimmerT_5175-T1;GlimmerHMM}
526249	526174	INTRON			{GeneMark_model.5541_t;GeneMark},{Augustus_model.g4311.t1;Augustus},{GlimmerHMM_glimmerT_5175-T1;GlimmerHMM}
526300	526250	internal-	4	6	{GeneMark_model.5541_t;GeneMark},{Augustus_model.g4311.t1;Augustus}
526394	526301	INTRON			{GeneMark_model.5541_t;GeneMark},{Augustus_model.g4311.t1;Augustus}
526471	526395	internal-	5	6	{GeneMark_model.5541_t;GeneMark},{Augustus_model.g4311.t1;Augustus}
526534	526472	INTRON			{GeneMark_model.5541_t;GeneMark},{Augustus_model.g4311.t1;Augustus}
526541	526535	initial-	4	4	{snap_scaffold_13-snap.221-T1;snap},{GeneMark_model.5541_t;GeneMark},{Augustus_model.g4311.t1;Augustus},{GlimmerHMM_glimmerT_5175-T1;GlimmerHMM}

# EVM prediction: Mode:STANDARD S-ratio: 2.75 526665-530248 orient(+) score(11330.00) noncoding_equivalent(4114.77) raw_noncoding(5237.00) offset(1122.23)
526665	526879	initial+	1	2	{GeneMark_model.5542_t;GeneMark},{GlimmerHMM_glimmerT_5176-T1;GlimmerHMM},{Augustus_model.g4312.t1;Augustus}
526880	526941	INTRON			{GeneMark_model.5542_t;GeneMark},{GlimmerHMM_glimmerT_5176-T1;GlimmerHMM},{Augustus_model.g4312.t1;Augustus}
526942	527173	internal+	3	3	{GeneMark_model.5542_t;GeneMark},{GlimmerHMM_glimmerT_5176-T1;GlimmerHMM},{Augustus_model.g4312.t1;Augustus}
527174	527253	INTRON			{GeneMark_model.5542_t;GeneMark},{GlimmerHMM_glimmerT_5176-T1;GlimmerHMM},{Augustus_model.g4312.t1;Augustus}
527254	527455	internal+	1	1	{GeneMark_model.5542_t;GeneMark},{GlimmerHMM_glimmerT_5176-T1;GlimmerHMM},{Augustus_model.g4312.t1;Augustus}
527456	527515	INTRON			{GeneMark_model.5542_t;GeneMark},{Augustus_model.g4312.t1;Augustus}
527516	527569	internal+	2	1	{GeneMark_model.5542_t;GeneMark},{Augustus_model.g4312.t1;Augustus}
527570	527630	INTRON			{GeneMark_model.5542_t;GeneMark},{Augustus_model.g4312.t1;Augustus}
527631	527725	internal+	2	3	{GeneMark_model.5542_t;GeneMark},{GlimmerHMM_glimmerT_5176-T1;GlimmerHMM},{Augustus_model.g4312.t1;Augustus}
527726	527798	INTRON			{GeneMark_model.5542_t;GeneMark},{GlimmerHMM_glimmerT_5176-T1;GlimmerHMM},{Augustus_model.g4312.t1;Augustus}
527799	528190	internal+	1	2	{GeneMark_model.5542_t;GeneMark},{GlimmerHMM_glimmerT_5176-T1;GlimmerHMM},{Augustus_model.g4312.t1;Augustus}
528191	528269	INTRON			{GeneMark_model.5542_t;GeneMark},{GlimmerHMM_glimmerT_5176-T1;GlimmerHMM},{Augustus_model.g4312.t1;Augustus}
528270	528484	internal+	3	1	{GeneMark_model.5542_t;GeneMark},{GlimmerHMM_glimmerT_5176-T1;GlimmerHMM},{Augustus_model.g4312.t1;Augustus}
528485	528571	INTRON			{GeneMark_model.5542_t;GeneMark},{Augustus_model.g4312.t1;Augustus}
528572	528595	internal+	2	1	{GeneMark_model.5542_t;GeneMark},{Augustus_model.g4312.t1;Augustus}
528596	528665	INTRON			{GeneMark_model.5542_t;GeneMark},{Augustus_model.g4312.t1;Augustus}
528666	528684	internal+	2	2	{GeneMark_model.5542_t;GeneMark},{GlimmerHMM_glimmerT_5176-T1;GlimmerHMM},{Augustus_model.g4312.t1;Augustus}
528685	528752	INTRON			{GeneMark_model.5542_t;GeneMark},{GlimmerHMM_glimmerT_5176-T1;GlimmerHMM},{Augustus_model.g4312.t1;Augustus}
528753	529584	internal+	3	3	{GeneMark_model.5542_t;GeneMark},{GlimmerHMM_glimmerT_5176-T1;GlimmerHMM},{Augustus_model.g4312.t1;Augustus}
529585	529651	INTRON			{GeneMark_model.5542_t;GeneMark},{GlimmerHMM_glimmerT_5176-T1;GlimmerHMM},{Augustus_model.g4312.t1;Augustus}
529652	529781	internal+	1	1	{GeneMark_model.5542_t;GeneMark},{GlimmerHMM_glimmerT_5176-T1;GlimmerHMM},{Augustus_model.g4312.t1;Augustus}
529782	529854	INTRON			{GeneMark_model.5542_t;GeneMark},{GlimmerHMM_glimmerT_5176-T1;GlimmerHMM},{Augustus_model.g4312.t1;Augustus}
529855	529904	internal+	2	3	{GeneMark_model.5542_t;GeneMark},{GlimmerHMM_glimmerT_5176-T1;GlimmerHMM},{Augustus_model.g4312.t1;Augustus}
529905	529978	INTRON			{GeneMark_model.5542_t;GeneMark},{GlimmerHMM_glimmerT_5176-T1;GlimmerHMM},{Augustus_model.g4312.t1;Augustus}
529979	530248	terminal+	1	3	{GeneMark_model.5542_t;GeneMark},{GlimmerHMM_glimmerT_5176-T1;GlimmerHMM},{Augustus_model.g4312.t1;Augustus}

# EVM prediction: Mode:STANDARD S-ratio: 5.91 530588-532515 orient(-) score(7162.00) noncoding_equivalent(1211.78) raw_noncoding(1502.00) offset(290.22)
531811	530588	terminal-	4	6	{GlimmerHMM_glimmerT_5177-T1;GlimmerHMM},{Augustus_model.g4313.t1;Augustus},{GeneMark_model.5543_t;GeneMark}
531882	531812	INTRON			{GlimmerHMM_glimmerT_5177-T1;GlimmerHMM},{Augustus_model.g4313.t1;Augustus},{GeneMark_model.5543_t;GeneMark}
532122	531883	internal-	4	6	{GlimmerHMM_glimmerT_5177-T1;GlimmerHMM},{Augustus_model.g4313.t1;Augustus},{GeneMark_model.5543_t;GeneMark}
532187	532123	INTRON			{GlimmerHMM_glimmerT_5177-T1;GlimmerHMM},{Augustus_model.g4313.t1;Augustus},{GeneMark_model.5543_t;GeneMark}
532204	532188	internal-	5	6	{GlimmerHMM_glimmerT_5177-T1;GlimmerHMM},{Augustus_model.g4313.t1;Augustus},{GeneMark_model.5543_t;GeneMark}
532292	532205	INTRON			{GlimmerHMM_glimmerT_5177-T1;GlimmerHMM},{Augustus_model.g4313.t1;Augustus},{GeneMark_model.5543_t;GeneMark}
532391	532293	internal-	5	4	{GlimmerHMM_glimmerT_5177-T1;GlimmerHMM},{Augustus_model.g4313.t1;Augustus},{GeneMark_model.5543_t;GeneMark}
532508	532392	INTRON			{GlimmerHMM_glimmerT_5177-T1;GlimmerHMM},{Augustus_model.g4313.t1;Augustus},{GeneMark_model.5543_t;GeneMark}
532515	532509	initial-	4	4	{GlimmerHMM_glimmerT_5177-T1;GlimmerHMM},{Augustus_model.g4313.t1;Augustus},{GeneMark_model.5543_t;GeneMark},{snap_scaffold_13-snap.225-T1;snap}

# EVM prediction: Mode:STANDARD S-ratio: 5.59 533083-534682 orient(-) score(5544.00) noncoding_equivalent(991.66) raw_noncoding(1066.00) offset(74.34)
534127	533083	terminal-	6	6	{GlimmerHMM_glimmerT_5178-T1;GlimmerHMM},{GeneMark_model.5544_t;GeneMark},{Augustus_model.g4314.t1;Augustus}
534197	534128	INTRON			{GlimmerHMM_glimmerT_5178-T1;GlimmerHMM},{GeneMark_model.5544_t;GeneMark},{Augustus_model.g4314.t1;Augustus}
534682	534198	initial-	4	5	{GlimmerHMM_glimmerT_5178-T1;GlimmerHMM},{GeneMark_model.5544_t;GeneMark}

# EVM prediction: Mode:STANDARD S-ratio: 2.46 535886-538517 orient(-) score(8833.00) noncoding_equivalent(3584.31) raw_noncoding(4372.00) offset(787.69)
536059	535886	terminal-	4	6	{GeneMark_model.5545_t;GeneMark},{GlimmerHMM_glimmerT_5179-T1;GlimmerHMM},{Augustus_model.g4315.t1;Augustus}
536148	536060	INTRON			{GeneMark_model.5545_t;GeneMark},{GlimmerHMM_glimmerT_5179-T1;GlimmerHMM},{Augustus_model.g4315.t1;Augustus}
536179	536149	internal-	6	6	{GeneMark_model.5545_t;GeneMark},{GlimmerHMM_glimmerT_5179-T1;GlimmerHMM},{Augustus_model.g4315.t1;Augustus}
536245	536180	INTRON			{GeneMark_model.5545_t;GeneMark},{GlimmerHMM_glimmerT_5179-T1;GlimmerHMM},{Augustus_model.g4315.t1;Augustus}
536312	536246	internal-	5	5	{GeneMark_model.5545_t;GeneMark},{GlimmerHMM_glimmerT_5179-T1;GlimmerHMM},{Augustus_model.g4315.t1;Augustus}
536382	536313	INTRON			{GeneMark_model.5545_t;GeneMark},{GlimmerHMM_glimmerT_5179-T1;GlimmerHMM},{Augustus_model.g4315.t1;Augustus}
536864	536383	internal-	6	4	{GeneMark_model.5545_t;GeneMark},{GlimmerHMM_glimmerT_5179-T1;GlimmerHMM},{Augustus_model.g4315.t1;Augustus}
536923	536865	INTRON			{GeneMark_model.5545_t;GeneMark},{GlimmerHMM_glimmerT_5179-T1;GlimmerHMM},{Augustus_model.g4315.t1;Augustus}
536942	536924	internal-	5	5	{GeneMark_model.5545_t;GeneMark},{GlimmerHMM_glimmerT_5179-T1;GlimmerHMM},{Augustus_model.g4315.t1;Augustus}
537010	536943	INTRON			{GeneMark_model.5545_t;GeneMark},{GlimmerHMM_glimmerT_5179-T1;GlimmerHMM},{Augustus_model.g4315.t1;Augustus}
537080	537011	internal-	4	4	{GeneMark_model.5545_t;GeneMark},{GlimmerHMM_glimmerT_5179-T1;GlimmerHMM},{Augustus_model.g4315.t1;Augustus}
537147	537081	INTRON			{GeneMark_model.5545_t;GeneMark},{GlimmerHMM_glimmerT_5179-T1;GlimmerHMM},{Augustus_model.g4315.t1;Augustus}
537153	537148	internal-	4	6	{snap_scaffold_13-snap.227-T1;snap},{GeneMark_model.5545_t;GeneMark},{GlimmerHMM_glimmerT_5179-T1;GlimmerHMM},{Augustus_model.g4315.t1;Augustus}
537214	537154	INTRON			{GeneMark_model.5545_t;GeneMark},{GlimmerHMM_glimmerT_5179-T1;GlimmerHMM},{Augustus_model.g4315.t1;Augustus}
537252	537215	internal-	5	6	{GeneMark_model.5545_t;GeneMark},{GlimmerHMM_glimmerT_5179-T1;GlimmerHMM},{Augustus_model.g4315.t1;Augustus}
537315	537253	INTRON			{GeneMark_model.5545_t;GeneMark},{GlimmerHMM_glimmerT_5179-T1;GlimmerHMM},{Augustus_model.g4315.t1;Augustus}
537363	537316	internal-	5	4	{GeneMark_model.5545_t;GeneMark},{GlimmerHMM_glimmerT_5179-T1;GlimmerHMM},{Augustus_model.g4315.t1;Augustus}
537438	537364	INTRON			{GeneMark_model.5545_t;GeneMark},{GlimmerHMM_glimmerT_5179-T1;GlimmerHMM},{Augustus_model.g4315.t1;Augustus}
537527	537439	internal-	6	4	{GeneMark_model.5545_t;GeneMark},{GlimmerHMM_glimmerT_5179-T1;GlimmerHMM},{Augustus_model.g4315.t1;Augustus}
537589	537528	INTRON			{GeneMark_model.5545_t;GeneMark},{GlimmerHMM_glimmerT_5179-T1;GlimmerHMM},{Augustus_model.g4315.t1;Augustus}
537762	537590	internal-	4	5	{GeneMark_model.5545_t;GeneMark},{GlimmerHMM_glimmerT_5179-T1;GlimmerHMM},{Augustus_model.g4315.t1;Augustus}
537837	537763	INTRON			{GeneMark_model.5545_t;GeneMark},{GlimmerHMM_glimmerT_5179-T1;GlimmerHMM},{Augustus_model.g4315.t1;Augustus}
538058	537838	internal-	5	6	{GeneMark_model.5545_t;GeneMark},{GlimmerHMM_glimmerT_5179-T1;GlimmerHMM},{Augustus_model.g4315.t1;Augustus}
538137	538059	INTRON			{GeneMark_model.5545_t;GeneMark},{GlimmerHMM_glimmerT_5179-T1;GlimmerHMM},{Augustus_model.g4315.t1;Augustus}
538260	538138	internal-	5	4	{GeneMark_model.5545_t;GeneMark},{GlimmerHMM_glimmerT_5179-T1;GlimmerHMM},{Augustus_model.g4315.t1;Augustus}
538402	538261	INTRON			{GeneMark_model.5545_t;GeneMark},{GlimmerHMM_glimmerT_5179-T1;GlimmerHMM},{Augustus_model.g4315.t1;Augustus}
538517	538403	initial-	4	4	{GeneMark_model.5545_t;GeneMark},{GlimmerHMM_glimmerT_5179-T1;GlimmerHMM},{Augustus_model.g4315.t1;Augustus}

# EVM prediction: Mode:STANDARD S-ratio: 2.84 539211-539827 orient(+) score(2506.00) noncoding_equivalent(883.79) raw_noncoding(1118.00) offset(234.21)
539211	539281	initial+	1	2	{GeneMark_model.5546_t;GeneMark},{GlimmerHMM_glimmerT_5180-T1;GlimmerHMM},{Augustus_model.g4316.t1;Augustus}
539282	539364	INTRON			{GeneMark_model.5546_t;GeneMark},{GlimmerHMM_glimmerT_5180-T1;GlimmerHMM},{Augustus_model.g4316.t1;Augustus},{ev_type:exonerate/ID=match.2566964.4161/Target=lcl|PJQD01000009_1_prot_POY75887_1_6603;exonerate}
539365	539452	internal+	3	3	{GeneMark_model.5546_t;GeneMark},{GlimmerHMM_glimmerT_5180-T1;GlimmerHMM},{Augustus_model.g4316.t1;Augustus},{ev_type:exonerate/ID=match.2566964.4161/Target=lcl|PJQD01000009_1_prot_POY75887_1_6603;exonerate}
539453	539528	INTRON			{GeneMark_model.5546_t;GeneMark},{GlimmerHMM_glimmerT_5180-T1;GlimmerHMM},{Augustus_model.g4316.t1;Augustus},{ev_type:exonerate/ID=match.2566964.4161/Target=lcl|PJQD01000009_1_prot_POY75887_1_6603;exonerate}
539529	539621	internal+	1	3	{GeneMark_model.5546_t;GeneMark},{GlimmerHMM_glimmerT_5180-T1;GlimmerHMM},{Augustus_model.g4316.t1;Augustus},{ev_type:exonerate/ID=match.2566964.4161/Target=lcl|PJQD01000009_1_prot_POY75887_1_6603;exonerate}
539622	539707	INTRON			{GlimmerHMM_glimmerT_5180-T1;GlimmerHMM},{Augustus_model.g4316.t1;Augustus},{ev_type:exonerate/ID=match.2566964.4161/Target=lcl|PJQD01000009_1_prot_POY75887_1_6603;exonerate}
539708	539827	terminal+	1	3	{GlimmerHMM_glimmerT_5180-T1;GlimmerHMM},{Augustus_model.g4316.t1;Augustus}

# EVM prediction: Mode:STANDARD S-ratio: 4.86 540359-541082 orient(-) score(5453.00) noncoding_equivalent(1123.00) raw_noncoding(2176.00) offset(1053.00)
540441	540359	terminal-	5	6	{HiQ_model.g4317.t1;HiQ},{GlimmerHMM_glimmerT_5181-T1;GlimmerHMM}
540768	540442	INTRON			{HiQ_model.g4317.t1;HiQ},{GlimmerHMM_glimmerT_5181-T1;GlimmerHMM},{ev_type:exonerate/ID=match.2566964.4219/Target=lcl|LCTV02000010_1_prot_PRQ72009_1_980;exonerate},{ev_type:exonerate/ID=match.2566964.4215/Target=lcl|KQ954478_1_prot_KWU44540_1_3064;exonerate},{ev_type:exonerate/ID=match.2566964.4221/Target=lcl|NW_017264941_1_prot_XP_018268630_1_6085;exonerate},{ev_type:exonerate/ID=match.2566964.4217/Target=lcl|PJQD01000009_1_prot_POY75886_1_6602;exonerate}
540875	540769	internal-	6	4	{HiQ_model.g4317.t1;HiQ},{GeneMark_model.5547_t;GeneMark},{GlimmerHMM_glimmerT_5181-T1;GlimmerHMM},{ev_type:exonerate/ID=match.2566964.4219/Target=lcl|LCTV02000010_1_prot_PRQ72009_1_980;exonerate},{ev_type:exonerate/ID=match.2566964.4215/Target=lcl|KQ954478_1_prot_KWU44540_1_3064;exonerate},{ev_type:exonerate/ID=match.2566964.4221/Target=lcl|NW_017264941_1_prot_XP_018268630_1_6085;exonerate},{ev_type:exonerate/ID=match.2566964.4217/Target=lcl|PJQD01000009_1_prot_POY75886_1_6602;exonerate}
540993	540876	INTRON			{HiQ_model.g4317.t1;HiQ},{GeneMark_model.5547_t;GeneMark},{GlimmerHMM_glimmerT_5181-T1;GlimmerHMM},{ev_type:exonerate/ID=match.2566964.4219/Target=lcl|LCTV02000010_1_prot_PRQ72009_1_980;exonerate},{ev_type:exonerate/ID=match.2566964.4215/Target=lcl|KQ954478_1_prot_KWU44540_1_3064;exonerate},{ev_type:exonerate/ID=match.2566964.4221/Target=lcl|NW_017264941_1_prot_XP_018268630_1_6085;exonerate},{ev_type:exonerate/ID=match.2566964.4217/Target=lcl|PJQD01000009_1_prot_POY75886_1_6602;exonerate}
541082	540994	initial-	4	5	{HiQ_model.g4317.t1;HiQ},{GeneMark_model.5547_t;GeneMark},{GlimmerHMM_glimmerT_5181-T1;GlimmerHMM}

# EVM prediction: Mode:STANDARD S-ratio: 3.02 541412-542316 orient(-) score(4233.00) noncoding_equivalent(1399.63) raw_noncoding(2889.81) offset(1490.18)
541476	541412	terminal-	5	6	{GlimmerHMM_glimmerT_5182-T1;GlimmerHMM},{HiQ_model.g4318.t1;HiQ},{GeneMark_model.5548_t;GeneMark}
541584	541477	INTRON			{GlimmerHMM_glimmerT_5182-T1;GlimmerHMM},{HiQ_model.g4318.t1;HiQ},{GeneMark_model.5548_t;GeneMark},{ev_type:exonerate/ID=match.2566964.4177/Target=lcl|PJQD01000009_1_prot_POY75885_1_6601;exonerate}
541681	541585	internal-	4	4	{GlimmerHMM_glimmerT_5182-T1;GlimmerHMM},{HiQ_model.g4318.t1;HiQ},{GeneMark_model.5548_t;GeneMark},{ev_type:exonerate/ID=match.2566964.4177/Target=lcl|PJQD01000009_1_prot_POY75885_1_6601;exonerate}
541840	541682	INTRON			{GlimmerHMM_glimmerT_5182-T1;GlimmerHMM},{HiQ_model.g4318.t1;HiQ},{GeneMark_model.5548_t;GeneMark},{ev_type:exonerate/ID=match.2566964.4177/Target=lcl|PJQD01000009_1_prot_POY75885_1_6601;exonerate}
541930	541841	internal-	4	6	{GlimmerHMM_glimmerT_5182-T1;GlimmerHMM},{HiQ_model.g4318.t1;HiQ},{GeneMark_model.5548_t;GeneMark},{ev_type:exonerate/ID=match.2566964.4177/Target=lcl|PJQD01000009_1_prot_POY75885_1_6601;exonerate}
542280	541931	INTRON			{GlimmerHMM_glimmerT_5182-T1;GlimmerHMM},{HiQ_model.g4318.t1;HiQ},{ev_type:exonerate/ID=match.2566964.4177/Target=lcl|PJQD01000009_1_prot_POY75885_1_6601;exonerate}
542316	542281	initial-	4	6	{GlimmerHMM_glimmerT_5182-T1;GlimmerHMM},{HiQ_model.g4318.t1;HiQ}

# EVM prediction: Mode:STANDARD S-ratio: 1.70 543453-544812 orient(-) score(3607.00) noncoding_equivalent(2123.13) raw_noncoding(2586.03) offset(462.90)
543695	543453	terminal-	4	6	{GlimmerHMM_glimmerT_5183-T1;GlimmerHMM}
543763	543696	INTRON			{Augustus_model.g4319.t1;Augustus},{GeneMark_model.5548_t;GeneMark},{GlimmerHMM_glimmerT_5183-T1;GlimmerHMM}
543991	543764	internal-	4	6	{Augustus_model.g4319.t1;Augustus},{GeneMark_model.5548_t;GeneMark},{GlimmerHMM_glimmerT_5183-T1;GlimmerHMM}
544055	543992	INTRON			{Augustus_model.g4319.t1;Augustus},{GeneMark_model.5548_t;GeneMark}
544280	544056	internal-	4	6	{GeneMark_model.5548_t;GeneMark}
544324	544281	INTRON			{GeneMark_model.5548_t;GeneMark}
544450	544325	internal-	4	6	{Augustus_model.g4319.t1;Augustus},{GeneMark_model.5548_t;GeneMark},{GlimmerHMM_glimmerT_5183-T1;GlimmerHMM}
544517	544451	INTRON			{Augustus_model.g4319.t1;Augustus},{GeneMark_model.5548_t;GeneMark},{GlimmerHMM_glimmerT_5183-T1;GlimmerHMM}
544614	544518	internal-	6	6	{Augustus_model.g4319.t1;Augustus},{GeneMark_model.5548_t;GeneMark},{GlimmerHMM_glimmerT_5183-T1;GlimmerHMM}
544672	544615	INTRON			{Augustus_model.g4319.t1;Augustus},{GeneMark_model.5548_t;GeneMark},{GlimmerHMM_glimmerT_5183-T1;GlimmerHMM}
544812	544673	initial-	4	5	{Augustus_model.g4319.t1;Augustus},{GeneMark_model.5548_t;GeneMark},{GlimmerHMM_glimmerT_5183-T1;GlimmerHMM}

# EVM prediction: Mode:STANDARD S-ratio: 2.18 545117-547342 orient(+) score(6266.00) noncoding_equivalent(2870.05) raw_noncoding(3543.00) offset(672.95)
545117	545272	initial+	1	3	{GeneMark_model.5549_t;GeneMark},{GlimmerHMM_glimmerT_5184-T1;GlimmerHMM}
545273	545334	INTRON			{GeneMark_model.5549_t;GeneMark},{GlimmerHMM_glimmerT_5184-T1;GlimmerHMM}
545335	545605	internal+	1	1	{GeneMark_model.5549_t;GeneMark},{Augustus_model.g4320.t1;Augustus},{GlimmerHMM_glimmerT_5184-T1;GlimmerHMM}
545606	545667	INTRON			{GeneMark_model.5549_t;GeneMark},{Augustus_model.g4320.t1;Augustus},{GlimmerHMM_glimmerT_5184-T1;GlimmerHMM}
545668	545863	internal+	2	2	{Augustus_model.g4320.t1;Augustus},{GlimmerHMM_glimmerT_5184-T1;GlimmerHMM}
545864	546031	INTRON			{Augustus_model.g4320.t1;Augustus},{GlimmerHMM_glimmerT_5184-T1;GlimmerHMM}
546032	546524	internal+	3	3	{Augustus_model.g4320.t1;Augustus},{GlimmerHMM_glimmerT_5184-T1;GlimmerHMM}
546525	546585	INTRON			{GeneMark_model.5549_t;GeneMark},{Augustus_model.g4320.t1;Augustus},{GlimmerHMM_glimmerT_5184-T1;GlimmerHMM}
546586	546816	internal+	1	3	{GeneMark_model.5549_t;GeneMark},{Augustus_model.g4320.t1;Augustus},{GlimmerHMM_glimmerT_5184-T1;GlimmerHMM}
546817	546877	INTRON			{GeneMark_model.5549_t;GeneMark},{Augustus_model.g4320.t1;Augustus}
546878	547105	internal+	1	3	{GeneMark_model.5549_t;GeneMark},{Augustus_model.g4320.t1;Augustus}
547106	547168	INTRON			{GeneMark_model.5549_t;GeneMark},{Augustus_model.g4320.t1;Augustus}
547169	547342	terminal+	1	3	{GeneMark_model.5549_t;GeneMark},{Augustus_model.g4320.t1;Augustus},{GlimmerHMM_glimmerT_5184-T1;GlimmerHMM}

# EVM prediction: Mode:STANDARD S-ratio: 10.25 548181-550440 orient(-) score(8655.00) noncoding_equivalent(844.08) raw_noncoding(993.45) offset(149.37)
549881	548181	terminal-	4	6	{Augustus_model.g4321.t1;Augustus},{GeneMark_model.5550_t;GeneMark},{GlimmerHMM_glimmerT_5185-T1;GlimmerHMM},{snap_scaffold_13-snap.232-T1;snap}
550026	549882	INTRON			{Augustus_model.g4321.t1;Augustus},{GeneMark_model.5550_t;GeneMark},{GlimmerHMM_glimmerT_5185-T1;GlimmerHMM}
550440	550027	initial-	4	6	{Augustus_model.g4321.t1;Augustus},{GeneMark_model.5550_t;GeneMark},{GlimmerHMM_glimmerT_5185-T1;GlimmerHMM}

# EVM prediction: Mode:STANDARD S-ratio: 1.34 551641-552867 orient(-) score(3473.00) noncoding_equivalent(2590.00) raw_noncoding(3441.00) offset(851.00)
551666	551641	terminal-	5	6	{Augustus_model.g4322.t1;Augustus},{GlimmerHMM_glimmerT_5186-T1;GlimmerHMM}
551731	551667	INTRON			{Augustus_model.g4322.t1;Augustus},{GlimmerHMM_glimmerT_5186-T1;GlimmerHMM}
551796	551732	internal-	6	4	{Augustus_model.g4322.t1;Augustus},{GlimmerHMM_glimmerT_5186-T1;GlimmerHMM}
551859	551797	INTRON			{Augustus_model.g4322.t1;Augustus},{GlimmerHMM_glimmerT_5186-T1;GlimmerHMM}
551864	551860	internal-	4	5	{Augustus_model.g4322.t1;Augustus},{GlimmerHMM_glimmerT_5186-T1;GlimmerHMM}
551929	551865	INTRON			{Augustus_model.g4322.t1;Augustus},{GeneMark_model.5551_t;GeneMark},{GlimmerHMM_glimmerT_5186-T1;GlimmerHMM}
551991	551930	internal-	5	6	{Augustus_model.g4322.t1;Augustus},{GeneMark_model.5551_t;GeneMark},{GlimmerHMM_glimmerT_5186-T1;GlimmerHMM}
552058	551992	INTRON			{Augustus_model.g4322.t1;Augustus},{GeneMark_model.5551_t;GeneMark},{GlimmerHMM_glimmerT_5186-T1;GlimmerHMM},{ev_type:exonerate/ID=match.2566964.4218/Target=lcl|KQ954478_1_prot_KWU44535_1_3059;exonerate}
552264	552059	internal-	6	4	{Augustus_model.g4322.t1;Augustus},{GeneMark_model.5551_t;GeneMark},{GlimmerHMM_glimmerT_5186-T1;GlimmerHMM}
552593	552265	INTRON			{Augustus_model.g4322.t1;Augustus},{GeneMark_model.5551_t;GeneMark},{GlimmerHMM_glimmerT_5186-T1;GlimmerHMM}
552729	552594	internal-	5	5	{Augustus_model.g4322.t1;Augustus},{GlimmerHMM_glimmerT_5186-T1;GlimmerHMM}
552830	552730	INTRON			{Augustus_model.g4322.t1;Augustus},{GlimmerHMM_glimmerT_5186-T1;GlimmerHMM}
552867	552831	initial-	4	4	{Augustus_model.g4322.t1;Augustus},{GlimmerHMM_glimmerT_5186-T1;GlimmerHMM}

# EVM prediction: Mode:STANDARD S-ratio: 3.59 553855-557998 orient(+) score(17540.00) noncoding_equivalent(4884.29) raw_noncoding(5984.94) offset(1100.65)
553855	553971	initial+	1	3	{GeneMark_model.5552_t;GeneMark},{Augustus_model.g4323.t1;Augustus},{GlimmerHMM_glimmerT_5187-T1;GlimmerHMM}
553972	554144	INTRON			{GeneMark_model.5552_t;GeneMark},{Augustus_model.g4323.t1;Augustus},{GlimmerHMM_glimmerT_5187-T1;GlimmerHMM},{ev_type:exonerate/ID=match.2566964.1685/Target=lcl|KQ954478_1_prot_KWU44534_1_3058;exonerate}
554145	554633	internal+	1	3	{GeneMark_model.5552_t;GeneMark},{Augustus_model.g4323.t1;Augustus},{GlimmerHMM_glimmerT_5187-T1;GlimmerHMM},{ev_type:exonerate/ID=match.2566964.1685/Target=lcl|KQ954478_1_prot_KWU44534_1_3058;exonerate}
554634	554732	INTRON			{GeneMark_model.5552_t;GeneMark},{Augustus_model.g4323.t1;Augustus},{GlimmerHMM_glimmerT_5187-T1;GlimmerHMM},{ev_type:exonerate/ID=match.2566964.1685/Target=lcl|KQ954478_1_prot_KWU44534_1_3058;exonerate}
554733	554862	internal+	1	1	{GeneMark_model.5552_t;GeneMark},{Augustus_model.g4323.t1;Augustus},{GlimmerHMM_glimmerT_5187-T1;GlimmerHMM},{ev_type:exonerate/ID=match.2566964.1685/Target=lcl|KQ954478_1_prot_KWU44534_1_3058;exonerate}
554863	555010	INTRON			{GeneMark_model.5552_t;GeneMark},{Augustus_model.g4323.t1;Augustus},{ev_type:exonerate/ID=match.2566964.1685/Target=lcl|KQ954478_1_prot_KWU44534_1_3058;exonerate}
555011	555085	internal+	2	1	{GeneMark_model.5552_t;GeneMark},{Augustus_model.g4323.t1;Augustus},{ev_type:exonerate/ID=match.2566964.1685/Target=lcl|KQ954478_1_prot_KWU44534_1_3058;exonerate}
555086	555150	INTRON			{GeneMark_model.5552_t;GeneMark},{Augustus_model.g4323.t1;Augustus},{ev_type:exonerate/ID=match.2566964.1685/Target=lcl|KQ954478_1_prot_KWU44534_1_3058;exonerate}
555151	555309	internal+	2	1	{GeneMark_model.5552_t;GeneMark},{Augustus_model.g4323.t1;Augustus},{GlimmerHMM_glimmerT_5187-T1;GlimmerHMM},{ev_type:exonerate/ID=match.2566964.1685/Target=lcl|KQ954478_1_prot_KWU44534_1_3058;exonerate}
555310	555378	INTRON			{GeneMark_model.5552_t;GeneMark},{Augustus_model.g4323.t1;Augustus},{GlimmerHMM_glimmerT_5187-T1;GlimmerHMM},{ev_type:exonerate/ID=match.2566964.1685/Target=lcl|KQ954478_1_prot_KWU44534_1_3058;exonerate}
555379	555519	internal+	2	1	{GeneMark_model.5552_t;GeneMark},{Augustus_model.g4323.t1;Augustus},{GlimmerHMM_glimmerT_5187-T1;GlimmerHMM},{ev_type:exonerate/ID=match.2566964.1685/Target=lcl|KQ954478_1_prot_KWU44534_1_3058;exonerate}
555520	555591	INTRON			{GeneMark_model.5552_t;GeneMark},{Augustus_model.g4323.t1;Augustus},{GlimmerHMM_glimmerT_5187-T1;GlimmerHMM},{ev_type:exonerate/ID=match.2566964.1685/Target=lcl|KQ954478_1_prot_KWU44534_1_3058;exonerate}
555592	555653	internal+	2	3	{GeneMark_model.5552_t;GeneMark},{Augustus_model.g4323.t1;Augustus},{GlimmerHMM_glimmerT_5187-T1;GlimmerHMM},{ev_type:exonerate/ID=match.2566964.1685/Target=lcl|KQ954478_1_prot_KWU44534_1_3058;exonerate}
555654	555716	INTRON			{GeneMark_model.5552_t;GeneMark},{Augustus_model.g4323.t1;Augustus},{GlimmerHMM_glimmerT_5187-T1;GlimmerHMM},{ev_type:exonerate/ID=match.2566964.1685/Target=lcl|KQ954478_1_prot_KWU44534_1_3058;exonerate}
555717	555980	internal+	1	3	{GeneMark_model.5552_t;GeneMark},{Augustus_model.g4323.t1;Augustus},{GlimmerHMM_glimmerT_5187-T1;GlimmerHMM},{ev_type:exonerate/ID=match.2566964.1685/Target=lcl|KQ954478_1_prot_KWU44534_1_3058;exonerate}
555981	556047	INTRON			{GeneMark_model.5552_t;GeneMark},{Augustus_model.g4323.t1;Augustus},{GlimmerHMM_glimmerT_5187-T1;GlimmerHMM},{ev_type:exonerate/ID=match.2566964.1685/Target=lcl|KQ954478_1_prot_KWU44534_1_3058;exonerate}
556048	556311	internal+	1	3	{GeneMark_model.5552_t;GeneMark},{Augustus_model.g4323.t1;Augustus},{ev_type:exonerate/ID=match.2566964.1685/Target=lcl|KQ954478_1_prot_KWU44534_1_3058;exonerate}
556312	556377	INTRON			{GeneMark_model.5552_t;GeneMark},{Augustus_model.g4323.t1;Augustus},{ev_type:exonerate/ID=match.2566964.1685/Target=lcl|KQ954478_1_prot_KWU44534_1_3058;exonerate}
556378	556549	internal+	1	1	{GeneMark_model.5552_t;GeneMark},{Augustus_model.g4323.t1;Augustus},{ev_type:exonerate/ID=match.2566964.1685/Target=lcl|KQ954478_1_prot_KWU44534_1_3058;exonerate}
556550	556612	INTRON			{GeneMark_model.5552_t;GeneMark},{Augustus_model.g4323.t1;Augustus},{GlimmerHMM_glimmerT_5187-T1;GlimmerHMM},{ev_type:exonerate/ID=match.2566964.1685/Target=lcl|KQ954478_1_prot_KWU44534_1_3058;exonerate}
556613	556676	internal+	2	2	{GeneMark_model.5552_t;GeneMark},{Augustus_model.g4323.t1;Augustus},{GlimmerHMM_glimmerT_5187-T1;GlimmerHMM},{ev_type:exonerate/ID=match.2566964.1685/Target=lcl|KQ954478_1_prot_KWU44534_1_3058;exonerate}
556677	556739	INTRON			{GeneMark_model.5552_t;GeneMark},{Augustus_model.g4323.t1;Augustus},{GlimmerHMM_glimmerT_5187-T1;GlimmerHMM},{ev_type:exonerate/ID=match.2566964.1685/Target=lcl|KQ954478_1_prot_KWU44534_1_3058;exonerate}
556740	556897	internal+	3	1	{GeneMark_model.5552_t;GeneMark},{Augustus_model.g4323.t1;Augustus},{GlimmerHMM_glimmerT_5187-T1;GlimmerHMM},{ev_type:exonerate/ID=match.2566964.1685/Target=lcl|KQ954478_1_prot_KWU44534_1_3058;exonerate}
556898	556958	INTRON			{GeneMark_model.5552_t;GeneMark},{Augustus_model.g4323.t1;Augustus},{GlimmerHMM_glimmerT_5187-T1;GlimmerHMM},{ev_type:exonerate/ID=match.2566964.1685/Target=lcl|KQ954478_1_prot_KWU44534_1_3058;exonerate}
556959	557283	internal+	2	2	{GeneMark_model.5552_t;GeneMark},{Augustus_model.g4323.t1;Augustus},{GlimmerHMM_glimmerT_5187-T1;GlimmerHMM},{ev_type:exonerate/ID=match.2566964.1685/Target=lcl|KQ954478_1_prot_KWU44534_1_3058;exonerate}
557284	557347	INTRON			{GeneMark_model.5552_t;GeneMark},{Augustus_model.g4323.t1;Augustus},{GlimmerHMM_glimmerT_5187-T1;GlimmerHMM},{ev_type:exonerate/ID=match.2566964.1685/Target=lcl|KQ954478_1_prot_KWU44534_1_3058;exonerate}
557348	557591	internal+	3	3	{GeneMark_model.5552_t;GeneMark},{Augustus_model.g4323.t1;Augustus},{GlimmerHMM_glimmerT_5187-T1;GlimmerHMM},{ev_type:exonerate/ID=match.2566964.1685/Target=lcl|KQ954478_1_prot_KWU44534_1_3058;exonerate}
557592	557653	INTRON			{GeneMark_model.5552_t;GeneMark},{Augustus_model.g4323.t1;Augustus},{GlimmerHMM_glimmerT_5187-T1;GlimmerHMM},{ev_type:exonerate/ID=match.2566964.1685/Target=lcl|KQ954478_1_prot_KWU44534_1_3058;exonerate}
557654	557699	internal+	1	1	{GeneMark_model.5552_t;GeneMark},{Augustus_model.g4323.t1;Augustus},{GlimmerHMM_glimmerT_5187-T1;GlimmerHMM},{ev_type:exonerate/ID=match.2566964.1685/Target=lcl|KQ954478_1_prot_KWU44534_1_3058;exonerate}
557700	557756	INTRON			{GeneMark_model.5552_t;GeneMark},{Augustus_model.g4323.t1;Augustus},{GlimmerHMM_glimmerT_5187-T1;GlimmerHMM}
557757	557998	terminal+	2	3	{GeneMark_model.5552_t;GeneMark},{Augustus_model.g4323.t1;Augustus},{GlimmerHMM_glimmerT_5187-T1;GlimmerHMM},{snap_scaffold_13-snap.235-T1;snap}

# EVM prediction: Mode:STANDARD S-ratio: 2.58 558312-563552 orient(+) score(15868.00) noncoding_equivalent(6158.25) raw_noncoding(7914.00) offset(1755.75)
558312	558583	initial+	1	2	{Augustus_model.g4324.t1;Augustus},{GlimmerHMM_glimmerT_5188-T1;GlimmerHMM},{GeneMark_model.5553_t;GeneMark}
558584	558653	INTRON			{Augustus_model.g4324.t1;Augustus},{GeneMark_model.5553_t;GeneMark}
558654	558679	internal+	3	1	{Augustus_model.g4324.t1;Augustus},{GeneMark_model.5553_t;GeneMark}
558680	558760	INTRON			{Augustus_model.g4324.t1;Augustus},{GeneMark_model.5553_t;GeneMark}
558761	559335	internal+	2	3	{Augustus_model.g4324.t1;Augustus},{GeneMark_model.5553_t;GeneMark}
559336	559394	INTRON			{Augustus_model.g4324.t1;Augustus},{GlimmerHMM_glimmerT_5188-T1;GlimmerHMM},{GeneMark_model.5553_t;GeneMark}
559395	559843	internal+	1	2	{Augustus_model.g4324.t1;Augustus},{GlimmerHMM_glimmerT_5188-T1;GlimmerHMM},{GeneMark_model.5553_t;GeneMark}
559844	559911	INTRON			{Augustus_model.g4324.t1;Augustus},{GeneMark_model.5553_t;GeneMark}
559912	559999	internal+	3	3	{Augustus_model.g4324.t1;Augustus},{GeneMark_model.5553_t;GeneMark}
560000	560063	INTRON			{GeneMark_model.5553_t;GeneMark}
560064	560080	internal+	1	2	{GeneMark_model.5553_t;GeneMark}
560081	560136	INTRON			{GeneMark_model.5553_t;GeneMark}
560137	560453	internal+	3	1	{GlimmerHMM_glimmerT_5188-T1;GlimmerHMM},{GeneMark_model.5553_t;GeneMark}
560454	560522	INTRON			{Augustus_model.g4324.t1;Augustus},{GlimmerHMM_glimmerT_5188-T1;GlimmerHMM},{GeneMark_model.5553_t;GeneMark}
560523	560655	internal+	2	2	{Augustus_model.g4324.t1;Augustus},{GeneMark_model.5553_t;GeneMark}
560656	560710	INTRON			{Augustus_model.g4324.t1;Augustus},{GeneMark_model.5553_t;GeneMark}
560711	561152	internal+	3	3	{Augustus_model.g4324.t1;Augustus},{GlimmerHMM_glimmerT_5188-T1;GlimmerHMM},{GeneMark_model.5553_t;GeneMark}
561153	561213	INTRON			{Augustus_model.g4324.t1;Augustus},{GlimmerHMM_glimmerT_5188-T1;GlimmerHMM},{GeneMark_model.5553_t;GeneMark}
561214	561357	internal+	1	3	{Augustus_model.g4324.t1;Augustus},{GlimmerHMM_glimmerT_5188-T1;GlimmerHMM},{GeneMark_model.5553_t;GeneMark}
561358	561416	INTRON			{Augustus_model.g4324.t1;Augustus},{GlimmerHMM_glimmerT_5188-T1;GlimmerHMM},{GeneMark_model.5553_t;GeneMark}
561417	561681	internal+	1	1	{Augustus_model.g4324.t1;Augustus},{GlimmerHMM_glimmerT_5188-T1;GlimmerHMM},{GeneMark_model.5553_t;GeneMark}
561682	561745	INTRON			{Augustus_model.g4324.t1;Augustus},{GlimmerHMM_glimmerT_5188-T1;GlimmerHMM},{GeneMark_model.5553_t;GeneMark}
561746	561971	internal+	2	2	{Augustus_model.g4324.t1;Augustus},{GlimmerHMM_glimmerT_5188-T1;GlimmerHMM},{GeneMark_model.5553_t;GeneMark}
561972	562025	INTRON			{Augustus_model.g4324.t1;Augustus},{GlimmerHMM_glimmerT_5188-T1;GlimmerHMM},{GeneMark_model.5553_t;GeneMark}
562026	562289	internal+	3	2	{Augustus_model.g4324.t1;Augustus},{GlimmerHMM_glimmerT_5188-T1;GlimmerHMM}
562290	562332	INTRON			{Augustus_model.g4324.t1;Augustus},{GlimmerHMM_glimmerT_5188-T1;GlimmerHMM}
562333	562417	internal+	3	3	{Augustus_model.g4324.t1;Augustus},{GlimmerHMM_glimmerT_5188-T1;GlimmerHMM},{GeneMark_model.5553_t;GeneMark}
562418	562477	INTRON			{Augustus_model.g4324.t1;Augustus},{GeneMark_model.5553_t;GeneMark}
562478	562528	internal+	1	3	{Augustus_model.g4324.t1;Augustus},{GeneMark_model.5553_t;GeneMark}
562529	562585	INTRON			{Augustus_model.g4324.t1;Augustus},{GeneMark_model.5553_t;GeneMark}
562586	562664	internal+	1	1	{Augustus_model.g4324.t1;Augustus},{GlimmerHMM_glimmerT_5188-T1;GlimmerHMM},{GeneMark_model.5553_t;GeneMark}
562665	562725	INTRON			{Augustus_model.g4324.t1;Augustus},{GlimmerHMM_glimmerT_5188-T1;GlimmerHMM},{GeneMark_model.5553_t;GeneMark}
562726	562818	internal+	2	1	{Augustus_model.g4324.t1;Augustus},{GlimmerHMM_glimmerT_5188-T1;GlimmerHMM},{GeneMark_model.5553_t;GeneMark}
562819	562885	INTRON			{Augustus_model.g4324.t1;Augustus},{GlimmerHMM_glimmerT_5188-T1;GlimmerHMM},{GeneMark_model.5553_t;GeneMark}
562886	562992	internal+	2	3	{Augustus_model.g4324.t1;Augustus},{GlimmerHMM_glimmerT_5188-T1;GlimmerHMM},{GeneMark_model.5553_t;GeneMark}
562993	563052	INTRON			{Augustus_model.g4324.t1;Augustus},{GlimmerHMM_glimmerT_5188-T1;GlimmerHMM},{GeneMark_model.5553_t;GeneMark}
563053	563184	internal+	1	3	{Augustus_model.g4324.t1;Augustus},{GlimmerHMM_glimmerT_5188-T1;GlimmerHMM},{GeneMark_model.5553_t;GeneMark}
563185	563245	INTRON			{Augustus_model.g4324.t1;Augustus},{GlimmerHMM_glimmerT_5188-T1;GlimmerHMM},{GeneMark_model.5553_t;GeneMark}
563246	563402	internal+	1	1	{Augustus_model.g4324.t1;Augustus},{GlimmerHMM_glimmerT_5188-T1;GlimmerHMM},{GeneMark_model.5553_t;GeneMark}
563403	563463	INTRON			{Augustus_model.g4324.t1;Augustus},{GlimmerHMM_glimmerT_5188-T1;GlimmerHMM},{GeneMark_model.5553_t;GeneMark}
563464	563552	terminal+	2	3	{Augustus_model.g4324.t1;Augustus},{GlimmerHMM_glimmerT_5188-T1;GlimmerHMM},{GeneMark_model.5553_t;GeneMark}

# EVM prediction: Mode:STANDARD S-ratio: 3.93 563711-567512 orient(-) score(12125.00) noncoding_equivalent(3081.90) raw_noncoding(3325.00) offset(243.10)
565116	563711	terminal-	5	6	{Augustus_model.g4325.t1;Augustus},{GeneMark_model.5554_t;GeneMark}
565178	565117	INTRON			{Augustus_model.g4325.t1;Augustus},{GeneMark_model.5554_t;GeneMark}
567080	565179	internal-	5	4	{Augustus_model.g4325.t1;Augustus}
567139	567081	INTRON			{Augustus_model.g4325.t1;Augustus},{GeneMark_model.5554_t;GeneMark}
567512	567140	initial-	4	4	{Augustus_model.g4325.t1;Augustus},{GlimmerHMM_glimmerT_5189-T1;GlimmerHMM},{GeneMark_model.5554_t;GeneMark}

# EVM prediction: Mode:STANDARD S-ratio: 3.41 568911-570932 orient(+) score(6473.00) noncoding_equivalent(1898.81) raw_noncoding(2157.00) offset(258.19)
568911	569604	initial+	1	1	{GlimmerHMM_glimmerT_5190-T1;GlimmerHMM},{GeneMark_model.5555_t;GeneMark},{Augustus_model.g4326.t1;Augustus}
569605	569681	INTRON			{GlimmerHMM_glimmerT_5190-T1;GlimmerHMM},{GeneMark_model.5555_t;GeneMark},{Augustus_model.g4326.t1;Augustus}
569682	570101	internal+	2	1	{GlimmerHMM_glimmerT_5190-T1;GlimmerHMM},{Augustus_model.g4326.t1;Augustus}
570102	570155	INTRON			{GlimmerHMM_glimmerT_5190-T1;GlimmerHMM},{Augustus_model.g4326.t1;Augustus}
570156	570265	internal+	2	3	{GlimmerHMM_glimmerT_5190-T1;GlimmerHMM},{GeneMark_model.5555_t;GeneMark},{Augustus_model.g4326.t1;Augustus}
570266	570335	INTRON			{GlimmerHMM_glimmerT_5190-T1;GlimmerHMM},{GeneMark_model.5555_t;GeneMark},{Augustus_model.g4326.t1;Augustus}
570336	570932	terminal+	1	3	{GlimmerHMM_glimmerT_5190-T1;GlimmerHMM},{GeneMark_model.5555_t;GeneMark},{Augustus_model.g4326.t1;Augustus}

# EVM prediction: Mode:STANDARD S-ratio: 2.04 571083-573105 orient(-) score(5508.00) noncoding_equivalent(2704.00) raw_noncoding(3916.00) offset(1212.00)
571127	571083	terminal-	4	6	{GeneMark_model.5556_t;GeneMark},{Augustus_model.g4327.t1;Augustus}
571191	571128	INTRON			{GeneMark_model.5556_t;GeneMark},{Augustus_model.g4327.t1;Augustus}
571234	571192	internal-	6	6	{GeneMark_model.5556_t;GeneMark},{Augustus_model.g4327.t1;Augustus}
571295	571235	INTRON			{GeneMark_model.5556_t;GeneMark},{Augustus_model.g4327.t1;Augustus}
571828	571296	internal-	4	5	{GeneMark_model.5556_t;GeneMark},{Augustus_model.g4327.t1;Augustus}
571892	571829	INTRON			{GeneMark_model.5556_t;GeneMark},{Augustus_model.g4327.t1;Augustus},{GlimmerHMM_glimmerT_5191-T1;GlimmerHMM}
572106	571893	internal-	6	6	{GeneMark_model.5556_t;GeneMark},{Augustus_model.g4327.t1;Augustus},{GlimmerHMM_glimmerT_5191-T1;GlimmerHMM}
572169	572107	INTRON			{GeneMark_model.5556_t;GeneMark},{Augustus_model.g4327.t1;Augustus},{GlimmerHMM_glimmerT_5191-T1;GlimmerHMM}
572318	572170	internal-	4	5	{GeneMark_model.5556_t;GeneMark},{Augustus_model.g4327.t1;Augustus},{GlimmerHMM_glimmerT_5191-T1;GlimmerHMM}
572395	572319	INTRON			{GeneMark_model.5556_t;GeneMark},{Augustus_model.g4327.t1;Augustus},{GlimmerHMM_glimmerT_5191-T1;GlimmerHMM}
572437	572396	internal-	4	6	{GeneMark_model.5556_t;GeneMark},{Augustus_model.g4327.t1;Augustus}
572576	572438	INTRON			{Augustus_model.g4327.t1;Augustus}
572686	572577	internal-	5	6	{Augustus_model.g4327.t1;Augustus}
572750	572687	INTRON			{GeneMark_model.5556_t;GeneMark},{Augustus_model.g4327.t1;Augustus}
572820	572751	internal-	4	4	{GeneMark_model.5556_t;GeneMark},{Augustus_model.g4327.t1;Augustus}
572878	572821	INTRON			{GeneMark_model.5556_t;GeneMark},{Augustus_model.g4327.t1;Augustus}
572902	572879	internal-	4	6	{GeneMark_model.5556_t;GeneMark},{Augustus_model.g4327.t1;Augustus}
572963	572903	INTRON			{GeneMark_model.5556_t;GeneMark},{Augustus_model.g4327.t1;Augustus}
572969	572964	internal-	4	6	{GeneMark_model.5556_t;GeneMark},{Augustus_model.g4327.t1;Augustus}
573033	572970	INTRON			{GeneMark_model.5556_t;GeneMark},{Augustus_model.g4327.t1;Augustus}
573105	573034	initial-	4	6	{GeneMark_model.5556_t;GeneMark},{Augustus_model.g4327.t1;Augustus}

# EVM prediction: Mode:STANDARD S-ratio: 2.34 573838-574262 orient(-) score(1275.00) noncoding_equivalent(545.00) raw_noncoding(611.00) offset(66.00)
574082	573838	terminal-	5	6	{GeneMark_model.5557_t;GeneMark},{GlimmerHMM_glimmerT_5192-T1;GlimmerHMM},{Augustus_model.g4328.t1;Augustus}
574144	574083	INTRON			{GeneMark_model.5557_t;GeneMark},{GlimmerHMM_glimmerT_5192-T1;GlimmerHMM},{Augustus_model.g4328.t1;Augustus}
574262	574145	initial-	4	4	{GeneMark_model.5557_t;GeneMark},{GlimmerHMM_glimmerT_5192-T1;GlimmerHMM},{Augustus_model.g4328.t1;Augustus}

# EVM prediction: Mode:STANDARD S-ratio: 5.78 575693-577987 orient(+) score(9162.00) noncoding_equivalent(1583.88) raw_noncoding(1708.16) offset(124.28)
575693	575926	initial+	1	3	{GlimmerHMM_glimmerT_5193-T1;GlimmerHMM},{GeneMark_model.5558_t;GeneMark},{Augustus_model.g4329.t1;Augustus}
575927	576028	INTRON			{GlimmerHMM_glimmerT_5193-T1;GlimmerHMM},{GeneMark_model.5558_t;GeneMark},{Augustus_model.g4329.t1;Augustus}
576029	576919	internal+	1	3	{GlimmerHMM_glimmerT_5193-T1;GlimmerHMM},{GeneMark_model.5558_t;GeneMark},{Augustus_model.g4329.t1;Augustus}
576920	576983	INTRON			{GlimmerHMM_glimmerT_5193-T1;GlimmerHMM},{GeneMark_model.5558_t;GeneMark},{Augustus_model.g4329.t1;Augustus},{ev_type:exonerate/ID=match.2566964.3474/Target=lcl|NW_017264941_1_prot_XP_018268729_1_6184;exonerate}
576984	577523	internal+	1	3	{GlimmerHMM_glimmerT_5193-T1;GlimmerHMM},{GeneMark_model.5558_t;GeneMark},{Augustus_model.g4329.t1;Augustus},{ev_type:exonerate/ID=match.2566964.3474/Target=lcl|NW_017264941_1_prot_XP_018268729_1_6184;exonerate}
577524	577591	INTRON			{GlimmerHMM_glimmerT_5193-T1;GlimmerHMM},{GeneMark_model.5558_t;GeneMark},{Augustus_model.g4329.t1;Augustus},{ev_type:exonerate/ID=match.2566964.3474/Target=lcl|NW_017264941_1_prot_XP_018268729_1_6184;exonerate}
577592	577807	internal+	1	3	{GlimmerHMM_glimmerT_5193-T1;GlimmerHMM},{GeneMark_model.5558_t;GeneMark},{Augustus_model.g4329.t1;Augustus}
577808	577873	INTRON			{GlimmerHMM_glimmerT_5193-T1;GlimmerHMM},{GeneMark_model.5558_t;GeneMark},{Augustus_model.g4329.t1;Augustus},{ev_type:exonerate/ID=match.2566964.3474/Target=lcl|NW_017264941_1_prot_XP_018268729_1_6184;exonerate}
577874	577987	terminal+	1	3	{GlimmerHMM_glimmerT_5193-T1;GlimmerHMM},{GeneMark_model.5558_t;GeneMark},{Augustus_model.g4329.t1;Augustus}

# EVM prediction: Mode:STANDARD S-ratio: 2.71 578728-580757 orient(+) score(7549.00) noncoding_equivalent(2784.74) raw_noncoding(3599.00) offset(814.26)
578728	578761	initial+	1	1	{Augustus_model.g4330.t1;Augustus},{GeneMark_model.5559_t;GeneMark},{GlimmerHMM_glimmerT_5194-T1;GlimmerHMM}
578762	578898	INTRON			{Augustus_model.g4330.t1;Augustus},{GeneMark_model.5559_t;GeneMark},{GlimmerHMM_glimmerT_5194-T1;GlimmerHMM}
578899	578942	internal+	2	3	{Augustus_model.g4330.t1;Augustus},{GeneMark_model.5559_t;GeneMark},{GlimmerHMM_glimmerT_5194-T1;GlimmerHMM}
578943	579062	INTRON			{Augustus_model.g4330.t1;Augustus},{GeneMark_model.5559_t;GeneMark},{GlimmerHMM_glimmerT_5194-T1;GlimmerHMM}
579063	579082	internal+	1	2	{Augustus_model.g4330.t1;Augustus},{GeneMark_model.5559_t;GeneMark},{GlimmerHMM_glimmerT_5194-T1;GlimmerHMM}
579083	579176	INTRON			{Augustus_model.g4330.t1;Augustus},{GeneMark_model.5559_t;GeneMark},{GlimmerHMM_glimmerT_5194-T1;GlimmerHMM}
579177	579355	internal+	3	1	{Augustus_model.g4330.t1;Augustus},{GeneMark_model.5559_t;GeneMark},{GlimmerHMM_glimmerT_5194-T1;GlimmerHMM}
579356	579422	INTRON			{Augustus_model.g4330.t1;Augustus},{GeneMark_model.5559_t;GeneMark},{GlimmerHMM_glimmerT_5194-T1;GlimmerHMM},{ev_type:exonerate/ID=match.2566964.1008/Target=lcl|KQ954478_1_prot_KWU44526_1_3050;exonerate}
579423	579633	internal+	2	2	{Augustus_model.g4330.t1;Augustus},{GeneMark_model.5559_t;GeneMark},{ev_type:exonerate/ID=match.2566964.1008/Target=lcl|KQ954478_1_prot_KWU44526_1_3050;exonerate}
579634	579689	INTRON			{Augustus_model.g4330.t1;Augustus},{GeneMark_model.5559_t;GeneMark}
579690	579796	internal+	3	1	{Augustus_model.g4330.t1;Augustus},{GeneMark_model.5559_t;GeneMark},{GlimmerHMM_glimmerT_5194-T1;GlimmerHMM}
579797	579859	INTRON			{Augustus_model.g4330.t1;Augustus},{GeneMark_model.5559_t;GeneMark},{GlimmerHMM_glimmerT_5194-T1;GlimmerHMM},{ev_type:exonerate/ID=match.2566964.1008/Target=lcl|KQ954478_1_prot_KWU44526_1_3050;exonerate}
579860	579917	internal+	2	2	{Augustus_model.g4330.t1;Augustus},{GeneMark_model.5559_t;GeneMark},{GlimmerHMM_glimmerT_5194-T1;GlimmerHMM},{ev_type:exonerate/ID=match.2566964.1008/Target=lcl|KQ954478_1_prot_KWU44526_1_3050;exonerate}
579918	579983	INTRON			{Augustus_model.g4330.t1;Augustus},{GeneMark_model.5559_t;GeneMark},{ev_type:exonerate/ID=match.2566964.1008/Target=lcl|KQ954478_1_prot_KWU44526_1_3050;exonerate}
579984	580079	internal+	3	2	{Augustus_model.g4330.t1;Augustus},{GeneMark_model.5559_t;GeneMark},{ev_type:exonerate/ID=match.2566964.1008/Target=lcl|KQ954478_1_prot_KWU44526_1_3050;exonerate}
580080	580147	INTRON			{Augustus_model.g4330.t1;Augustus},{GeneMark_model.5559_t;GeneMark},{GlimmerHMM_glimmerT_5194-T1;GlimmerHMM},{ev_type:exonerate/ID=match.2566964.1008/Target=lcl|KQ954478_1_prot_KWU44526_1_3050;exonerate}
580148	580324	internal+	3	2	{Augustus_model.g4330.t1;Augustus},{GeneMark_model.5559_t;GeneMark},{ev_type:exonerate/ID=match.2566964.1008/Target=lcl|KQ954478_1_prot_KWU44526_1_3050;exonerate}
580325	580390	INTRON			{Augustus_model.g4330.t1;Augustus},{GeneMark_model.5559_t;GeneMark},{ev_type:exonerate/ID=match.2566964.1008/Target=lcl|KQ954478_1_prot_KWU44526_1_3050;exonerate}
580391	580757	terminal+	3	3	{Augustus_model.g4330.t1;Augustus},{GeneMark_model.5559_t;GeneMark}

# EVM prediction: Mode:STANDARD S-ratio: 5.19 580923-584344 orient(-) score(27421.00) noncoding_equivalent(5288.40) raw_noncoding(6608.00) offset(1319.60)
581027	580923	terminal-	4	6	{GeneMark_model.5560_t;GeneMark},{HiQ_model.g4331.t1;HiQ},{GlimmerHMM_glimmerT_5195-T1;GlimmerHMM}
581101	581028	INTRON			{GeneMark_model.5560_t;GeneMark},{HiQ_model.g4331.t1;HiQ},{GlimmerHMM_glimmerT_5195-T1;GlimmerHMM},{ev_type:exonerate/ID=match.2566964.4085/Target=lcl|PJQD01000022_1_prot_POY74739_1_2258;exonerate},{ev_type:exonerate/ID=match.2566964.4088/Target=lcl|KQ954478_1_prot_KWU44525_1_3049;exonerate},{ev_type:exonerate/ID=match.2566964.4090/Target=lcl|LCTV02000010_1_prot_PRQ72038_1_1009;exonerate}
581649	581102	internal-	5	6	{GeneMark_model.5560_t;GeneMark},{HiQ_model.g4331.t1;HiQ},{GlimmerHMM_glimmerT_5195-T1;GlimmerHMM},{ev_type:exonerate/ID=match.2566964.4085/Target=lcl|PJQD01000022_1_prot_POY74739_1_2258;exonerate},{ev_type:exonerate/ID=match.2566964.4088/Target=lcl|KQ954478_1_prot_KWU44525_1_3049;exonerate},{ev_type:exonerate/ID=match.2566964.4090/Target=lcl|LCTV02000010_1_prot_PRQ72038_1_1009;exonerate}
582084	581650	INTRON			{GeneMark_model.5560_t;GeneMark},{HiQ_model.g4331.t1;HiQ},{GlimmerHMM_glimmerT_5195-T1;GlimmerHMM},{ev_type:exonerate/ID=match.2566964.4085/Target=lcl|PJQD01000022_1_prot_POY74739_1_2258;exonerate},{ev_type:exonerate/ID=match.2566964.4088/Target=lcl|KQ954478_1_prot_KWU44525_1_3049;exonerate},{ev_type:exonerate/ID=match.2566964.4090/Target=lcl|LCTV02000010_1_prot_PRQ72038_1_1009;exonerate}
583689	582085	internal-	5	4	{GeneMark_model.5560_t;GeneMark},{HiQ_model.g4331.t1;HiQ},{GlimmerHMM_glimmerT_5195-T1;GlimmerHMM},{ev_type:exonerate/ID=match.2566964.4085/Target=lcl|PJQD01000022_1_prot_POY74739_1_2258;exonerate},{ev_type:exonerate/ID=match.2566964.4090/Target=lcl|LCTV02000010_1_prot_PRQ72038_1_1009;exonerate}
583756	583690	INTRON			{GeneMark_model.5560_t;GeneMark},{HiQ_model.g4331.t1;HiQ},{GlimmerHMM_glimmerT_5195-T1;GlimmerHMM},{ev_type:exonerate/ID=match.2566964.4085/Target=lcl|PJQD01000022_1_prot_POY74739_1_2258;exonerate},{ev_type:exonerate/ID=match.2566964.4088/Target=lcl|KQ954478_1_prot_KWU44525_1_3049;exonerate},{ev_type:exonerate/ID=match.2566964.4090/Target=lcl|LCTV02000010_1_prot_PRQ72038_1_1009;exonerate},{ev_type:exonerate/ID=match.2566964.4091/Target=lcl|NW_017264941_1_prot_XP_018268610_1_6065;exonerate}
584012	583757	internal-	4	4	{GeneMark_model.5560_t;GeneMark},{HiQ_model.g4331.t1;HiQ},{GlimmerHMM_glimmerT_5195-T1;GlimmerHMM},{ev_type:exonerate/ID=match.2566964.4085/Target=lcl|PJQD01000022_1_prot_POY74739_1_2258;exonerate},{ev_type:exonerate/ID=match.2566964.4088/Target=lcl|KQ954478_1_prot_KWU44525_1_3049;exonerate},{ev_type:exonerate/ID=match.2566964.4090/Target=lcl|LCTV02000010_1_prot_PRQ72038_1_1009;exonerate},{ev_type:exonerate/ID=match.2566964.4091/Target=lcl|NW_017264941_1_prot_XP_018268610_1_6065;exonerate}
584113	584013	INTRON			{GeneMark_model.5560_t;GeneMark},{HiQ_model.g4331.t1;HiQ},{GlimmerHMM_glimmerT_5195-T1;GlimmerHMM},{ev_type:exonerate/ID=match.2566964.4085/Target=lcl|PJQD01000022_1_prot_POY74739_1_2258;exonerate},{ev_type:exonerate/ID=match.2566964.4088/Target=lcl|KQ954478_1_prot_KWU44525_1_3049;exonerate},{ev_type:exonerate/ID=match.2566964.4090/Target=lcl|LCTV02000010_1_prot_PRQ72038_1_1009;exonerate},{ev_type:exonerate/ID=match.2566964.4091/Target=lcl|NW_017264941_1_prot_XP_018268610_1_6065;exonerate}
584344	584114	initial-	4	6	{GeneMark_model.5560_t;GeneMark},{HiQ_model.g4331.t1;HiQ},{GlimmerHMM_glimmerT_5195-T1;GlimmerHMM}

# EVM prediction: Mode:STANDARD S-ratio: 4.23 584703-585063 orient(+) score(1263.00) noncoding_equivalent(298.24) raw_noncoding(364.00) offset(65.76)
584703	584805	initial+	1	1	{Augustus_model.g4332.t1;Augustus},{GlimmerHMM_glimmerT_5196-T1;GlimmerHMM},{GeneMark_model.5561_t;GeneMark}
584806	584866	INTRON			{Augustus_model.g4332.t1;Augustus},{GlimmerHMM_glimmerT_5196-T1;GlimmerHMM},{GeneMark_model.5561_t;GeneMark}
584867	585063	terminal+	2	3	{Augustus_model.g4332.t1;Augustus},{GlimmerHMM_glimmerT_5196-T1;GlimmerHMM},{GeneMark_model.5561_t;GeneMark}

# EVM prediction: Mode:STANDARD S-ratio: 2.72 585509-587032 orient(+) score(4775.00) noncoding_equivalent(1757.89) raw_noncoding(1965.00) offset(207.11)
585509	585966	initial+	1	2	{GeneMark_model.5562_t;GeneMark},{GlimmerHMM_glimmerT_5197-T1;GlimmerHMM},{Augustus_model.g4333.t1;Augustus}
585967	586034	INTRON			{GeneMark_model.5562_t;GeneMark},{GlimmerHMM_glimmerT_5197-T1;GlimmerHMM},{Augustus_model.g4333.t1;Augustus}
586035	586232	internal+	3	2	{GeneMark_model.5562_t;GeneMark},{GlimmerHMM_glimmerT_5197-T1;GlimmerHMM},{Augustus_model.g4333.t1;Augustus}
586233	586298	INTRON			{GeneMark_model.5562_t;GeneMark},{GlimmerHMM_glimmerT_5197-T1;GlimmerHMM},{Augustus_model.g4333.t1;Augustus}
586299	586741	internal+	3	1	{GeneMark_model.5562_t;GeneMark},{GlimmerHMM_glimmerT_5197-T1;GlimmerHMM},{Augustus_model.g4333.t1;Augustus}
586742	586832	INTRON			{GeneMark_model.5562_t;GeneMark},{GlimmerHMM_glimmerT_5197-T1;GlimmerHMM},{Augustus_model.g4333.t1;Augustus}
586833	587032	terminal+	2	3	{GeneMark_model.5562_t;GeneMark},{GlimmerHMM_glimmerT_5197-T1;GlimmerHMM},{Augustus_model.g4333.t1;Augustus}

# EVM prediction: Mode:STANDARD S-ratio: 4.16 587402-589704 orient(-) score(7420.00) noncoding_equivalent(1784.78) raw_noncoding(2375.00) offset(590.22)
587666	587402	terminal-	6	6	{Augustus_model.g4334.t1;Augustus},{GlimmerHMM_glimmerT_5198-T1;GlimmerHMM}
587754	587667	INTRON			{Augustus_model.g4334.t1;Augustus},{GlimmerHMM_glimmerT_5198-T1;GlimmerHMM}
588541	587755	internal-	5	5	{Augustus_model.g4334.t1;Augustus},{GlimmerHMM_glimmerT_5198-T1;GlimmerHMM}
588613	588542	INTRON			{GeneMark_model.5563_t;GeneMark},{Augustus_model.g4334.t1;Augustus}
588948	588614	internal-	6	4	{GeneMark_model.5563_t;GeneMark},{Augustus_model.g4334.t1;Augustus}
589014	588949	INTRON			{GeneMark_model.5563_t;GeneMark},{Augustus_model.g4334.t1;Augustus}
589081	589015	internal-	5	5	{GeneMark_model.5563_t;GeneMark},{Augustus_model.g4334.t1;Augustus}
589149	589082	INTRON			{GeneMark_model.5563_t;GeneMark},{Augustus_model.g4334.t1;Augustus}
589222	589150	internal-	4	4	{GeneMark_model.5563_t;GeneMark},{Augustus_model.g4334.t1;Augustus}
589290	589223	INTRON			{GeneMark_model.5563_t;GeneMark},{Augustus_model.g4334.t1;Augustus}
589704	589291	initial-	4	6	{GeneMark_model.5563_t;GeneMark},{Augustus_model.g4334.t1;Augustus},{GlimmerHMM_glimmerT_5198-T1;GlimmerHMM}

# EVM prediction: Mode:STANDARD S-ratio: 4.58 590067-593736 orient(-) score(18421.00) noncoding_equivalent(4018.00) raw_noncoding(4561.00) offset(543.00)
590199	590067	terminal-	6	6	{GeneMark_model.5564_t;GeneMark},{GlimmerHMM_glimmerT_5199-T1;GlimmerHMM},{Augustus_model.g4335.t1;Augustus}
590279	590200	INTRON			{GeneMark_model.5564_t;GeneMark},{GlimmerHMM_glimmerT_5199-T1;GlimmerHMM},{Augustus_model.g4335.t1;Augustus},{ev_type:exonerate/ID=match.2566964.4074/Target=lcl|PJQD01000022_1_prot_POY74735_1_2254;exonerate},{ev_type:exonerate/ID=match.2566964.4082/Target=lcl|KQ954478_1_prot_KWU44520_1_3044;exonerate}
590431	590280	internal-	4	5	{GeneMark_model.5564_t;GeneMark},{GlimmerHMM_glimmerT_5199-T1;GlimmerHMM},{Augustus_model.g4335.t1;Augustus},{ev_type:exonerate/ID=match.2566964.4074/Target=lcl|PJQD01000022_1_prot_POY74735_1_2254;exonerate},{ev_type:exonerate/ID=match.2566964.4082/Target=lcl|KQ954478_1_prot_KWU44520_1_3044;exonerate}
590500	590432	INTRON			{GeneMark_model.5564_t;GeneMark},{GlimmerHMM_glimmerT_5199-T1;GlimmerHMM},{Augustus_model.g4335.t1;Augustus},{ev_type:exonerate/ID=match.2566964.4074/Target=lcl|PJQD01000022_1_prot_POY74735_1_2254;exonerate},{ev_type:exonerate/ID=match.2566964.4082/Target=lcl|KQ954478_1_prot_KWU44520_1_3044;exonerate}
590919	590501	internal-	5	6	{GeneMark_model.5564_t;GeneMark},{GlimmerHMM_glimmerT_5199-T1;GlimmerHMM},{Augustus_model.g4335.t1;Augustus},{ev_type:exonerate/ID=match.2566964.4074/Target=lcl|PJQD01000022_1_prot_POY74735_1_2254;exonerate},{ev_type:exonerate/ID=match.2566964.4082/Target=lcl|KQ954478_1_prot_KWU44520_1_3044;exonerate}
590987	590920	INTRON			{GeneMark_model.5564_t;GeneMark},{GlimmerHMM_glimmerT_5199-T1;GlimmerHMM},{Augustus_model.g4335.t1;Augustus},{ev_type:exonerate/ID=match.2566964.4074/Target=lcl|PJQD01000022_1_prot_POY74735_1_2254;exonerate},{ev_type:exonerate/ID=match.2566964.4082/Target=lcl|KQ954478_1_prot_KWU44520_1_3044;exonerate}
591346	590988	internal-	6	4	{GeneMark_model.5564_t;GeneMark},{GlimmerHMM_glimmerT_5199-T1;GlimmerHMM},{Augustus_model.g4335.t1;Augustus},{ev_type:exonerate/ID=match.2566964.4074/Target=lcl|PJQD01000022_1_prot_POY74735_1_2254;exonerate},{ev_type:exonerate/ID=match.2566964.4082/Target=lcl|KQ954478_1_prot_KWU44520_1_3044;exonerate}
591411	591347	INTRON			{GeneMark_model.5564_t;GeneMark},{GlimmerHMM_glimmerT_5199-T1;GlimmerHMM},{Augustus_model.g4335.t1;Augustus},{ev_type:exonerate/ID=match.2566964.4074/Target=lcl|PJQD01000022_1_prot_POY74735_1_2254;exonerate},{ev_type:exonerate/ID=match.2566964.4082/Target=lcl|KQ954478_1_prot_KWU44520_1_3044;exonerate}
591504	591412	internal-	6	5	{GeneMark_model.5564_t;GeneMark},{GlimmerHMM_glimmerT_5199-T1;GlimmerHMM},{Augustus_model.g4335.t1;Augustus},{ev_type:exonerate/ID=match.2566964.4074/Target=lcl|PJQD01000022_1_prot_POY74735_1_2254;exonerate}
591570	591505	INTRON			{GeneMark_model.5564_t;GeneMark},{GlimmerHMM_glimmerT_5199-T1;GlimmerHMM},{Augustus_model.g4335.t1;Augustus},{ev_type:exonerate/ID=match.2566964.4074/Target=lcl|PJQD01000022_1_prot_POY74735_1_2254;exonerate}
592421	591571	internal-	4	5	{GeneMark_model.5564_t;GeneMark},{GlimmerHMM_glimmerT_5199-T1;GlimmerHMM},{Augustus_model.g4335.t1;Augustus},{ev_type:exonerate/ID=match.2566964.4074/Target=lcl|PJQD01000022_1_prot_POY74735_1_2254;exonerate}
592486	592422	INTRON			{GeneMark_model.5564_t;GeneMark},{snap_scaffold_13-snap.250-T1;snap},{GlimmerHMM_glimmerT_5199-T1;GlimmerHMM},{Augustus_model.g4335.t1;Augustus},{ev_type:exonerate/ID=match.2566964.4074/Target=lcl|PJQD01000022_1_prot_POY74735_1_2254;exonerate},{ev_type:exonerate/ID=match.2566964.4082/Target=lcl|KQ954478_1_prot_KWU44520_1_3044;exonerate}
592632	592487	internal-	5	6	{GeneMark_model.5564_t;GeneMark},{GlimmerHMM_glimmerT_5199-T1;GlimmerHMM},{Augustus_model.g4335.t1;Augustus},{ev_type:exonerate/ID=match.2566964.4074/Target=lcl|PJQD01000022_1_prot_POY74735_1_2254;exonerate},{ev_type:exonerate/ID=match.2566964.4082/Target=lcl|KQ954478_1_prot_KWU44520_1_3044;exonerate}
592690	592633	INTRON			{GeneMark_model.5564_t;GeneMark},{GlimmerHMM_glimmerT_5199-T1;GlimmerHMM},{Augustus_model.g4335.t1;Augustus},{ev_type:exonerate/ID=match.2566964.4074/Target=lcl|PJQD01000022_1_prot_POY74735_1_2254;exonerate},{ev_type:exonerate/ID=match.2566964.4082/Target=lcl|KQ954478_1_prot_KWU44520_1_3044;exonerate}
592790	592691	internal-	4	4	{GeneMark_model.5564_t;GeneMark},{GlimmerHMM_glimmerT_5199-T1;GlimmerHMM},{Augustus_model.g4335.t1;Augustus},{ev_type:exonerate/ID=match.2566964.4074/Target=lcl|PJQD01000022_1_prot_POY74735_1_2254;exonerate},{ev_type:exonerate/ID=match.2566964.4082/Target=lcl|KQ954478_1_prot_KWU44520_1_3044;exonerate}
592858	592791	INTRON			{GeneMark_model.5564_t;GeneMark},{GlimmerHMM_glimmerT_5199-T1;GlimmerHMM},{Augustus_model.g4335.t1;Augustus},{ev_type:exonerate/ID=match.2566964.4074/Target=lcl|PJQD01000022_1_prot_POY74735_1_2254;exonerate},{ev_type:exonerate/ID=match.2566964.4082/Target=lcl|KQ954478_1_prot_KWU44520_1_3044;exonerate}
593241	592859	internal-	5	6	{GeneMark_model.5564_t;GeneMark},{GlimmerHMM_glimmerT_5199-T1;GlimmerHMM},{Augustus_model.g4335.t1;Augustus}
593304	593242	INTRON			{GeneMark_model.5564_t;GeneMark},{GlimmerHMM_glimmerT_5199-T1;GlimmerHMM},{Augustus_model.g4335.t1;Augustus}
593431	593305	internal-	4	4	{GeneMark_model.5564_t;GeneMark},{GlimmerHMM_glimmerT_5199-T1;GlimmerHMM},{Augustus_model.g4335.t1;Augustus}
593520	593432	INTRON			{GeneMark_model.5564_t;GeneMark},{GlimmerHMM_glimmerT_5199-T1;GlimmerHMM},{Augustus_model.g4335.t1;Augustus},{ev_type:exonerate/ID=match.2566964.4074/Target=lcl|PJQD01000022_1_prot_POY74735_1_2254;exonerate}
593736	593521	initial-	4	6	{GeneMark_model.5564_t;GeneMark},{GlimmerHMM_glimmerT_5199-T1;GlimmerHMM},{Augustus_model.g4335.t1;Augustus}

# EVM prediction: Mode:STANDARD S-ratio: 2.49 594837-596533 orient(+) score(8318.00) noncoding_equivalent(3341.00) raw_noncoding(4205.00) offset(864.00)
594837	595013	initial+	1	3	{GeneMark_model.5565_t;GeneMark},{GlimmerHMM_glimmerT_5200-T1;GlimmerHMM},{Augustus_model.g4336.t1;Augustus}
595014	595226	INTRON			{GeneMark_model.5565_t;GeneMark},{GlimmerHMM_glimmerT_5200-T1;GlimmerHMM},{Augustus_model.g4336.t1;Augustus},{ev_type:exonerate/ID=match.2566964.4154/Target=lcl|PJQD01000022_1_prot_POY74734_1_2253;exonerate},{ev_type:exonerate/ID=match.2566964.4155/Target=lcl|KQ954478_1_prot_KWU44519_1_3043;exonerate}
595227	595261	internal+	1	2	{GeneMark_model.5565_t;GeneMark},{GlimmerHMM_glimmerT_5200-T1;GlimmerHMM},{Augustus_model.g4336.t1;Augustus},{ev_type:exonerate/ID=match.2566964.4154/Target=lcl|PJQD01000022_1_prot_POY74734_1_2253;exonerate},{ev_type:exonerate/ID=match.2566964.4155/Target=lcl|KQ954478_1_prot_KWU44519_1_3043;exonerate}
595262	595381	INTRON			{GeneMark_model.5565_t;GeneMark},{GlimmerHMM_glimmerT_5200-T1;GlimmerHMM},{Augustus_model.g4336.t1;Augustus},{ev_type:exonerate/ID=match.2566964.4154/Target=lcl|PJQD01000022_1_prot_POY74734_1_2253;exonerate},{ev_type:exonerate/ID=match.2566964.4155/Target=lcl|KQ954478_1_prot_KWU44519_1_3043;exonerate}
595382	595495	internal+	3	2	{GeneMark_model.5565_t;GeneMark},{GlimmerHMM_glimmerT_5200-T1;GlimmerHMM},{Augustus_model.g4336.t1;Augustus},{ev_type:exonerate/ID=match.2566964.4154/Target=lcl|PJQD01000022_1_prot_POY74734_1_2253;exonerate},{ev_type:exonerate/ID=match.2566964.4155/Target=lcl|KQ954478_1_prot_KWU44519_1_3043;exonerate}
595496	595629	INTRON			{GeneMark_model.5565_t;GeneMark},{GlimmerHMM_glimmerT_5200-T1;GlimmerHMM},{Augustus_model.g4336.t1;Augustus},{ev_type:exonerate/ID=match.2566964.4154/Target=lcl|PJQD01000022_1_prot_POY74734_1_2253;exonerate},{ev_type:exonerate/ID=match.2566964.4155/Target=lcl|KQ954478_1_prot_KWU44519_1_3043;exonerate}
595630	595709	internal+	3	1	{GeneMark_model.5565_t;GeneMark},{GlimmerHMM_glimmerT_5200-T1;GlimmerHMM},{Augustus_model.g4336.t1;Augustus},{ev_type:exonerate/ID=match.2566964.4154/Target=lcl|PJQD01000022_1_prot_POY74734_1_2253;exonerate},{ev_type:exonerate/ID=match.2566964.4155/Target=lcl|KQ954478_1_prot_KWU44519_1_3043;exonerate}
595710	595809	INTRON			{GeneMark_model.5565_t;GeneMark},{GlimmerHMM_glimmerT_5200-T1;GlimmerHMM},{Augustus_model.g4336.t1;Augustus},{ev_type:exonerate/ID=match.2566964.4154/Target=lcl|PJQD01000022_1_prot_POY74734_1_2253;exonerate},{ev_type:exonerate/ID=match.2566964.4155/Target=lcl|KQ954478_1_prot_KWU44519_1_3043;exonerate}
595810	595848	internal+	2	1	{GeneMark_model.5565_t;GeneMark},{GlimmerHMM_glimmerT_5200-T1;GlimmerHMM},{Augustus_model.g4336.t1;Augustus},{ev_type:exonerate/ID=match.2566964.4154/Target=lcl|PJQD01000022_1_prot_POY74734_1_2253;exonerate},{ev_type:exonerate/ID=match.2566964.4155/Target=lcl|KQ954478_1_prot_KWU44519_1_3043;exonerate}
595849	595904	INTRON			{GeneMark_model.5565_t;GeneMark},{GlimmerHMM_glimmerT_5200-T1;GlimmerHMM},{Augustus_model.g4336.t1;Augustus},{ev_type:exonerate/ID=match.2566964.4154/Target=lcl|PJQD01000022_1_prot_POY74734_1_2253;exonerate},{ev_type:exonerate/ID=match.2566964.4155/Target=lcl|KQ954478_1_prot_KWU44519_1_3043;exonerate}
595905	596059	internal+	2	3	{GeneMark_model.5565_t;GeneMark},{GlimmerHMM_glimmerT_5200-T1;GlimmerHMM},{Augustus_model.g4336.t1;Augustus},{ev_type:exonerate/ID=match.2566964.4154/Target=lcl|PJQD01000022_1_prot_POY74734_1_2253;exonerate},{ev_type:exonerate/ID=match.2566964.4155/Target=lcl|KQ954478_1_prot_KWU44519_1_3043;exonerate}
596060	596163	INTRON			{GeneMark_model.5565_t;GeneMark},{GlimmerHMM_glimmerT_5200-T1;GlimmerHMM},{Augustus_model.g4336.t1;Augustus},{ev_type:exonerate/ID=match.2566964.4154/Target=lcl|PJQD01000022_1_prot_POY74734_1_2253;exonerate}
596164	596296	internal+	1	1	{GeneMark_model.5565_t;GeneMark},{GlimmerHMM_glimmerT_5200-T1;GlimmerHMM},{Augustus_model.g4336.t1;Augustus},{ev_type:exonerate/ID=match.2566964.4154/Target=lcl|PJQD01000022_1_prot_POY74734_1_2253;exonerate}
596297	596405	INTRON			{GeneMark_model.5565_t;GeneMark},{GlimmerHMM_glimmerT_5200-T1;GlimmerHMM},{Augustus_model.g4336.t1;Augustus},{ev_type:exonerate/ID=match.2566964.4154/Target=lcl|PJQD01000022_1_prot_POY74734_1_2253;exonerate},{ev_type:exonerate/ID=match.2566964.4155/Target=lcl|KQ954478_1_prot_KWU44519_1_3043;exonerate}
596406	596533	terminal+	2	3	{GeneMark_model.5565_t;GeneMark},{GlimmerHMM_glimmerT_5200-T1;GlimmerHMM},{Augustus_model.g4336.t1;Augustus}

# EVM prediction: Mode:STANDARD S-ratio: 7.07 596867-599007 orient(+) score(7744.00) noncoding_equivalent(1094.84) raw_noncoding(1448.00) offset(353.16)
596867	597226	initial+	1	3	{GlimmerHMM_glimmerT_5201-T1;GlimmerHMM},{GeneMark_model.5566_t;GeneMark},{Augustus_model.g4337.t1;Augustus}
597227	597305	INTRON			{GlimmerHMM_glimmerT_5201-T1;GlimmerHMM},{GeneMark_model.5566_t;GeneMark},{Augustus_model.g4337.t1;Augustus}
597306	597408	internal+	1	1	{GlimmerHMM_glimmerT_5201-T1;GlimmerHMM},{GeneMark_model.5566_t;GeneMark},{Augustus_model.g4337.t1;Augustus}
597409	597476	INTRON			{GlimmerHMM_glimmerT_5201-T1;GlimmerHMM},{GeneMark_model.5566_t;GeneMark},{Augustus_model.g4337.t1;Augustus}
597477	597752	internal+	2	1	{GlimmerHMM_glimmerT_5201-T1;GlimmerHMM},{GeneMark_model.5566_t;GeneMark},{Augustus_model.g4337.t1;Augustus}
597753	597811	INTRON			{GeneMark_model.5566_t;GeneMark},{Augustus_model.g4337.t1;Augustus}
597812	597838	internal+	2	1	{GeneMark_model.5566_t;GeneMark},{Augustus_model.g4337.t1;Augustus}
597839	597898	INTRON			{GeneMark_model.5566_t;GeneMark},{Augustus_model.g4337.t1;Augustus}
597899	599007	terminal+	2	3	{GlimmerHMM_glimmerT_5201-T1;GlimmerHMM},{GeneMark_model.5566_t;GeneMark},{snap_scaffold_13-snap.252-T1;snap},{Augustus_model.g4337.t1;Augustus}

# EVM prediction: Mode:STANDARD S-ratio: 2.34 599422-600672 orient(+) score(3582.00) noncoding_equivalent(1528.68) raw_noncoding(1661.68) offset(133.00)
599422	599432	initial+	1	2	{GeneMark_model.5567_t;GeneMark},{Augustus_model.g4338.t1;Augustus},{GlimmerHMM_glimmerT_5202-T1;GlimmerHMM}
599433	599524	INTRON			{GeneMark_model.5567_t;GeneMark},{Augustus_model.g4338.t1;Augustus},{GlimmerHMM_glimmerT_5202-T1;GlimmerHMM}
599525	600577	internal+	3	2	{GeneMark_model.5567_t;GeneMark}
600578	600614	INTRON			{GeneMark_model.5567_t;GeneMark}
600615	600672	terminal+	3	3	{GeneMark_model.5567_t;GeneMark}

# EVM prediction: Mode:STANDARD S-ratio: 5.92 600861-603886 orient(+) score(10586.00) noncoding_equivalent(1787.08) raw_noncoding(1864.08) offset(77.00)
600861	602843	initial+	1	3	{GeneMark_model.5568_t;GeneMark}
602844	602916	INTRON			{Augustus_model.g4338.t1;Augustus},{GlimmerHMM_glimmerT_5202-T1;GlimmerHMM},{GeneMark_model.5568_t;GeneMark}
602917	603234	internal+	1	3	{Augustus_model.g4338.t1;Augustus},{GlimmerHMM_glimmerT_5202-T1;GlimmerHMM},{GeneMark_model.5568_t;GeneMark}
603235	603301	INTRON			{Augustus_model.g4338.t1;Augustus},{GlimmerHMM_glimmerT_5202-T1;GlimmerHMM},{GeneMark_model.5568_t;GeneMark}
603302	603886	terminal+	1	3	{Augustus_model.g4338.t1;Augustus},{GlimmerHMM_glimmerT_5202-T1;GlimmerHMM},{GeneMark_model.5568_t;GeneMark}

# EVM prediction: Mode:STANDARD S-ratio: 11.19 603985-607961 orient(-) score(14812.00) noncoding_equivalent(1323.87) raw_noncoding(1529.00) offset(205.13)
604748	603985	terminal-	5	6	{GeneMark_model.5569_t;GeneMark},{Augustus_model.g4339.t1;Augustus},{GlimmerHMM_glimmerT_5203-T1;GlimmerHMM}
604806	604749	INTRON			{GeneMark_model.5569_t;GeneMark},{Augustus_model.g4339.t1;Augustus},{GlimmerHMM_glimmerT_5203-T1;GlimmerHMM}
605424	604807	internal-	5	4	{GeneMark_model.5569_t;GeneMark},{Augustus_model.g4339.t1;Augustus}
605491	605425	INTRON			{GeneMark_model.5569_t;GeneMark},{Augustus_model.g4339.t1;Augustus}
606824	605492	internal-	4	4	{GeneMark_model.5569_t;GeneMark},{Augustus_model.g4339.t1;Augustus},{GlimmerHMM_glimmerT_5203-T1;GlimmerHMM}
606887	606825	INTRON			{GeneMark_model.5569_t;GeneMark},{Augustus_model.g4339.t1;Augustus},{GlimmerHMM_glimmerT_5203-T1;GlimmerHMM}
607140	606888	internal-	6	6	{GeneMark_model.5569_t;GeneMark},{Augustus_model.g4339.t1;Augustus}
607227	607141	INTRON			{GeneMark_model.5569_t;GeneMark},{Augustus_model.g4339.t1;Augustus}
607961	607228	initial-	4	5	{GeneMark_model.5569_t;GeneMark},{GlimmerHMM_glimmerT_5203-T1;GlimmerHMM}

# EVM prediction: Mode:STANDARD S-ratio: 2.69 608657-611853 orient(-) score(13934.00) noncoding_equivalent(5184.94) raw_noncoding(5918.00) offset(733.06)
609103	608657	terminal-	4	6	{GeneMark_model.5570_t;GeneMark},{HiQ_model.g4340.t1;HiQ},{GlimmerHMM_glimmerT_5204-T1;GlimmerHMM}
609170	609104	INTRON			{GeneMark_model.5570_t;GeneMark},{HiQ_model.g4340.t1;HiQ},{GlimmerHMM_glimmerT_5204-T1;GlimmerHMM},{ev_type:exonerate/ID=match.2566964.4078/Target=lcl|KQ954522_1_prot_KWU41872_1_5756;exonerate}
609572	609171	internal-	4	6	{GeneMark_model.5570_t;GeneMark},{HiQ_model.g4340.t1;HiQ},{GlimmerHMM_glimmerT_5204-T1;GlimmerHMM},{ev_type:exonerate/ID=match.2566964.4078/Target=lcl|KQ954522_1_prot_KWU41872_1_5756;exonerate}
609632	609573	INTRON			{GeneMark_model.5570_t;GeneMark},{HiQ_model.g4340.t1;HiQ},{GlimmerHMM_glimmerT_5204-T1;GlimmerHMM},{ev_type:exonerate/ID=match.2566964.4078/Target=lcl|KQ954522_1_prot_KWU41872_1_5756;exonerate}
610235	609633	internal-	4	6	{GeneMark_model.5570_t;GeneMark},{HiQ_model.g4340.t1;HiQ},{GlimmerHMM_glimmerT_5204-T1;GlimmerHMM},{ev_type:exonerate/ID=match.2566964.4078/Target=lcl|KQ954522_1_prot_KWU41872_1_5756;exonerate}
610293	610236	INTRON			{GeneMark_model.5570_t;GeneMark},{HiQ_model.g4340.t1;HiQ},{GlimmerHMM_glimmerT_5204-T1;GlimmerHMM},{ev_type:exonerate/ID=match.2566964.4078/Target=lcl|KQ954522_1_prot_KWU41872_1_5756;exonerate}
610360	610294	internal-	6	6	{GeneMark_model.5570_t;GeneMark},{HiQ_model.g4340.t1;HiQ},{ev_type:exonerate/ID=match.2566964.4078/Target=lcl|KQ954522_1_prot_KWU41872_1_5756;exonerate}
610424	610361	INTRON			{GeneMark_model.5570_t;GeneMark},{HiQ_model.g4340.t1;HiQ},{ev_type:exonerate/ID=match.2566964.4078/Target=lcl|KQ954522_1_prot_KWU41872_1_5756;exonerate}
610500	610425	internal-	5	5	{GeneMark_model.5570_t;GeneMark},{HiQ_model.g4340.t1;HiQ},{ev_type:exonerate/ID=match.2566964.4078/Target=lcl|KQ954522_1_prot_KWU41872_1_5756;exonerate}
610558	610501	INTRON			{GeneMark_model.5570_t;GeneMark},{HiQ_model.g4340.t1;HiQ},{ev_type:exonerate/ID=match.2566964.4078/Target=lcl|KQ954522_1_prot_KWU41872_1_5756;exonerate}
611231	610559	internal-	4	4	{GeneMark_model.5570_t;GeneMark},{GlimmerHMM_glimmerT_5204-T1;GlimmerHMM}
611298	611232	INTRON			{GeneMark_model.5570_t;GeneMark},{GlimmerHMM_glimmerT_5204-T1;GlimmerHMM}
611853	611299	initial-	4	6	{GeneMark_model.5570_t;GeneMark},{GlimmerHMM_glimmerT_5204-T1;GlimmerHMM}

# EVM prediction: Mode:STANDARD S-ratio: 1.00 612959-614269 orient(+) score(2622.00) noncoding_equivalent(2622.00) raw_noncoding(3012.00) offset(390.00)
612959	613306	initial+	1	3	{GlimmerHMM_glimmerT_5205-T1;GlimmerHMM},{GeneMark_model.5571_t;GeneMark}
613307	613367	INTRON			{GlimmerHMM_glimmerT_5205-T1;GlimmerHMM},{GeneMark_model.5571_t;GeneMark}
613368	613745	internal+	1	3	{GlimmerHMM_glimmerT_5205-T1;GlimmerHMM},{GeneMark_model.5571_t;GeneMark}
613746	613814	INTRON			{GlimmerHMM_glimmerT_5205-T1;GlimmerHMM},{GeneMark_model.5571_t;GeneMark}
613815	613884	internal+	1	1	{GlimmerHMM_glimmerT_5205-T1;GlimmerHMM},{GeneMark_model.5571_t;GeneMark}
613885	613949	INTRON			{GlimmerHMM_glimmerT_5205-T1;GlimmerHMM},{GeneMark_model.5571_t;GeneMark}
613950	614269	terminal+	2	3	{GlimmerHMM_glimmerT_5205-T1;GlimmerHMM},{GeneMark_model.5571_t;GeneMark}

# EVM prediction: Mode:STANDARD S-ratio: 1.42 614889-615871 orient(-) score(2558.00) noncoding_equivalent(1801.33) raw_noncoding(2665.28) offset(863.95)
614894	614889	terminal-	4	6	{GlimmerHMM_glimmerT_5206-T1;GlimmerHMM},{GeneMark_model.5572_t;GeneMark}
614984	614895	INTRON			{GlimmerHMM_glimmerT_5206-T1;GlimmerHMM},{GeneMark_model.5572_t;GeneMark}
615014	614985	internal-	4	6	{GlimmerHMM_glimmerT_5206-T1;GlimmerHMM},{GeneMark_model.5572_t;GeneMark}
615077	615015	INTRON			{GlimmerHMM_glimmerT_5206-T1;GlimmerHMM},{GeneMark_model.5572_t;GeneMark}
615334	615078	internal-	5	6	{GlimmerHMM_glimmerT_5206-T1;GlimmerHMM},{GeneMark_model.5572_t;GeneMark}
615415	615335	INTRON			{GlimmerHMM_glimmerT_5206-T1;GlimmerHMM},{GeneMark_model.5572_t;GeneMark},{ev_type:exonerate/ID=match.2566964.4160/Target=lcl|KQ954478_1_prot_KWU44510_1_3034;exonerate}
615589	615416	internal-	5	4	{GlimmerHMM_glimmerT_5206-T1;GlimmerHMM},{GeneMark_model.5572_t;GeneMark}
615807	615590	INTRON			{GlimmerHMM_glimmerT_5206-T1;GlimmerHMM},{GeneMark_model.5572_t;GeneMark}
615871	615808	initial-	4	4	{GlimmerHMM_glimmerT_5206-T1;GlimmerHMM},{GeneMark_model.5572_t;GeneMark}

# EVM prediction: Mode:STANDARD S-ratio: 2.67 621071-623570 orient(-) score(10726.00) noncoding_equivalent(4012.88) raw_noncoding(4603.00) offset(590.12)
621671	621071	terminal-	6	6	{GeneMark_model.5576_t;GeneMark},{GlimmerHMM_glimmerT_5209-T1;GlimmerHMM},{snap_scaffold_13-snap.260-T1;snap}
621743	621672	INTRON			{GeneMark_model.5576_t;GeneMark},{GlimmerHMM_glimmerT_5209-T1;GlimmerHMM},{ev_type:exonerate/ID=match.2566964.4093/Target=lcl|KQ954478_1_prot_KWU44562_1_3086;exonerate},{ev_type:exonerate/ID=match.2566964.4092/Target=lcl|PJQD01000022_1_prot_POY74728_1_2247;exonerate}
622108	621744	internal-	4	5	{GeneMark_model.5576_t;GeneMark},{GlimmerHMM_glimmerT_5209-T1;GlimmerHMM},{ev_type:exonerate/ID=match.2566964.4093/Target=lcl|KQ954478_1_prot_KWU44562_1_3086;exonerate},{ev_type:exonerate/ID=match.2566964.4092/Target=lcl|PJQD01000022_1_prot_POY74728_1_2247;exonerate}
622168	622109	INTRON			{GeneMark_model.5576_t;GeneMark},{GlimmerHMM_glimmerT_5209-T1;GlimmerHMM},{ev_type:exonerate/ID=match.2566964.4093/Target=lcl|KQ954478_1_prot_KWU44562_1_3086;exonerate},{ev_type:exonerate/ID=match.2566964.4092/Target=lcl|PJQD01000022_1_prot_POY74728_1_2247;exonerate}
622472	622169	internal-	6	6	{GeneMark_model.5576_t;GeneMark},{GlimmerHMM_glimmerT_5209-T1;GlimmerHMM},{ev_type:exonerate/ID=match.2566964.4093/Target=lcl|KQ954478_1_prot_KWU44562_1_3086;exonerate},{ev_type:exonerate/ID=match.2566964.4092/Target=lcl|PJQD01000022_1_prot_POY74728_1_2247;exonerate}
622534	622473	INTRON			{GeneMark_model.5576_t;GeneMark},{GlimmerHMM_glimmerT_5209-T1;GlimmerHMM},{ev_type:exonerate/ID=match.2566964.4093/Target=lcl|KQ954478_1_prot_KWU44562_1_3086;exonerate},{ev_type:exonerate/ID=match.2566964.4092/Target=lcl|PJQD01000022_1_prot_POY74728_1_2247;exonerate}
622743	622535	internal-	4	5	{GeneMark_model.5576_t;GeneMark},{GlimmerHMM_glimmerT_5209-T1;GlimmerHMM},{ev_type:exonerate/ID=match.2566964.4093/Target=lcl|KQ954478_1_prot_KWU44562_1_3086;exonerate},{ev_type:exonerate/ID=match.2566964.4092/Target=lcl|PJQD01000022_1_prot_POY74728_1_2247;exonerate}
622802	622744	INTRON			{GeneMark_model.5576_t;GeneMark},{GlimmerHMM_glimmerT_5209-T1;GlimmerHMM},{ev_type:exonerate/ID=match.2566964.4093/Target=lcl|KQ954478_1_prot_KWU44562_1_3086;exonerate},{ev_type:exonerate/ID=match.2566964.4092/Target=lcl|PJQD01000022_1_prot_POY74728_1_2247;exonerate}
623117	622803	internal-	4	6	{GeneMark_model.5576_t;GeneMark},{GlimmerHMM_glimmerT_5209-T1;GlimmerHMM},{ev_type:exonerate/ID=match.2566964.4093/Target=lcl|KQ954478_1_prot_KWU44562_1_3086;exonerate},{ev_type:exonerate/ID=match.2566964.4092/Target=lcl|PJQD01000022_1_prot_POY74728_1_2247;exonerate}
623198	623118	INTRON			{GeneMark_model.5576_t;GeneMark},{GlimmerHMM_glimmerT_5209-T1;GlimmerHMM}
623570	623199	initial-	4	6	{GeneMark_model.5576_t;GeneMark},{GlimmerHMM_glimmerT_5209-T1;GlimmerHMM}

# EVM prediction: Mode:STANDARD S-ratio: 0.93 623965-624963 orient(+) score(1998.00) noncoding_equivalent(2147.08) raw_noncoding(2444.08) offset(297.00)
623965	624184	initial+	1	1	{GeneMark_model.5577_t;GeneMark},{GlimmerHMM_glimmerT_5210-T1;GlimmerHMM}
624185	624274	INTRON			{GeneMark_model.5577_t;GeneMark},{GlimmerHMM_glimmerT_5210-T1;GlimmerHMM}
624275	624294	internal+	2	3	{GeneMark_model.5577_t;GeneMark},{GlimmerHMM_glimmerT_5210-T1;GlimmerHMM}
624295	624361	INTRON			{GeneMark_model.5577_t;GeneMark},{GlimmerHMM_glimmerT_5210-T1;GlimmerHMM}
624362	624424	internal+	1	3	{GeneMark_model.5577_t;GeneMark},{GlimmerHMM_glimmerT_5210-T1;GlimmerHMM}
624425	624492	INTRON			{GeneMark_model.5577_t;GeneMark},{GlimmerHMM_glimmerT_5210-T1;GlimmerHMM}
624493	624963	terminal+	1	3	{GeneMark_model.5577_t;GeneMark},{GlimmerHMM_glimmerT_5210-T1;GlimmerHMM}

# EVM prediction: Mode:STANDARD S-ratio: 1.13 626183-629670 orient(+) score(7260.00) noncoding_equivalent(6422.26) raw_noncoding(8769.21) offset(2346.94)
626183	626401	initial+	1	3	{GeneMark_model.5578_t;GeneMark}
626402	626467	INTRON			{GeneMark_model.5578_t;GeneMark}
626468	626552	internal+	1	1	{GeneMark_model.5578_t;GeneMark}
626553	626623	INTRON			{GeneMark_model.5578_t;GeneMark}
626624	626903	internal+	2	2	{GlimmerHMM_glimmerT_5211-T1;GlimmerHMM},{GeneMark_model.5578_t;GeneMark}
626904	626966	INTRON			{GlimmerHMM_glimmerT_5211-T1;GlimmerHMM},{GeneMark_model.5578_t;GeneMark}
626967	627055	internal+	3	1	{GlimmerHMM_glimmerT_5211-T1;GlimmerHMM},{GeneMark_model.5578_t;GeneMark}
627056	627118	INTRON			{GlimmerHMM_glimmerT_5211-T1;GlimmerHMM},{GeneMark_model.5578_t;GeneMark}
627119	627276	internal+	2	3	{GlimmerHMM_glimmerT_5211-T1;GlimmerHMM},{GeneMark_model.5578_t;GeneMark}
627277	627347	INTRON			{GlimmerHMM_glimmerT_5211-T1;GlimmerHMM},{GeneMark_model.5578_t;GeneMark}
627348	627427	internal+	1	2	{GlimmerHMM_glimmerT_5211-T1;GlimmerHMM},{GeneMark_model.5578_t;GeneMark}
627428	627524	INTRON			{GlimmerHMM_glimmerT_5211-T1;GlimmerHMM},{GeneMark_model.5578_t;GeneMark}
627525	627701	internal+	3	2	{GlimmerHMM_glimmerT_5211-T1;GlimmerHMM},{GeneMark_model.5578_t;GeneMark}
627702	627761	INTRON			{GlimmerHMM_glimmerT_5211-T1;GlimmerHMM},{GeneMark_model.5578_t;GeneMark}
627762	628061	internal+	3	2	{GlimmerHMM_glimmerT_5211-T1;GlimmerHMM},{GeneMark_model.5578_t;GeneMark}
628062	628125	INTRON			{GlimmerHMM_glimmerT_5211-T1;GlimmerHMM},{GeneMark_model.5578_t;GeneMark}
628126	628193	internal+	3	1	{GlimmerHMM_glimmerT_5211-T1;GlimmerHMM},{GeneMark_model.5578_t;GeneMark}
628194	628263	INTRON			{GlimmerHMM_glimmerT_5211-T1;GlimmerHMM},{GeneMark_model.5578_t;GeneMark}
628264	628415	internal+	2	3	{GlimmerHMM_glimmerT_5211-T1;GlimmerHMM},{GeneMark_model.5578_t;GeneMark}
628416	628478	INTRON			{GlimmerHMM_glimmerT_5211-T1;GlimmerHMM},{GeneMark_model.5578_t;GeneMark}
628479	628569	internal+	1	1	{GlimmerHMM_glimmerT_5211-T1;GlimmerHMM},{GeneMark_model.5578_t;GeneMark}
628570	628633	INTRON			{GlimmerHMM_glimmerT_5211-T1;GlimmerHMM},{GeneMark_model.5578_t;GeneMark}
628634	628725	internal+	2	3	{GlimmerHMM_glimmerT_5211-T1;GlimmerHMM},{GeneMark_model.5578_t;GeneMark}
628726	628786	INTRON			{GlimmerHMM_glimmerT_5211-T1;GlimmerHMM},{GeneMark_model.5578_t;GeneMark}
628787	628884	internal+	1	2	{GlimmerHMM_glimmerT_5211-T1;GlimmerHMM},{GeneMark_model.5578_t;GeneMark}
628885	628956	INTRON			{GlimmerHMM_glimmerT_5211-T1;GlimmerHMM},{GeneMark_model.5578_t;GeneMark}
628957	629041	internal+	3	3	{GlimmerHMM_glimmerT_5211-T1;GlimmerHMM},{GeneMark_model.5578_t;GeneMark}
629042	629112	INTRON			{GlimmerHMM_glimmerT_5211-T1;GlimmerHMM},{GeneMark_model.5578_t;GeneMark}
629113	629197	internal+	1	1	{GlimmerHMM_glimmerT_5211-T1;GlimmerHMM},{GeneMark_model.5578_t;GeneMark}
629198	629268	INTRON			{GlimmerHMM_glimmerT_5211-T1;GlimmerHMM},{GeneMark_model.5578_t;GeneMark}
629269	629432	internal+	2	3	{GlimmerHMM_glimmerT_5211-T1;GlimmerHMM},{GeneMark_model.5578_t;GeneMark}
629433	629497	INTRON			{GlimmerHMM_glimmerT_5211-T1;GlimmerHMM},{GeneMark_model.5578_t;GeneMark}
629498	629591	internal+	1	1	{GlimmerHMM_glimmerT_5211-T1;GlimmerHMM},{GeneMark_model.5578_t;GeneMark}
629592	629653	INTRON			{GlimmerHMM_glimmerT_5211-T1;GlimmerHMM},{GeneMark_model.5578_t;GeneMark}
629654	629670	terminal+	2	3	{GlimmerHMM_glimmerT_5211-T1;GlimmerHMM},{GeneMark_model.5578_t;GeneMark}

# EVM prediction: Mode:STANDARD S-ratio: 1.38 630010-632588 orient(-) score(5821.00) noncoding_equivalent(4231.42) raw_noncoding(5942.00) offset(1710.58)
630268	630010	terminal-	6	6	{GeneMark_model.5579_t;GeneMark},{GlimmerHMM_glimmerT_5212-T1;GlimmerHMM}
630340	630269	INTRON			{GeneMark_model.5579_t;GeneMark},{GlimmerHMM_glimmerT_5212-T1;GlimmerHMM}
630424	630341	internal-	6	5	{GeneMark_model.5579_t;GeneMark},{GlimmerHMM_glimmerT_5212-T1;GlimmerHMM}
630503	630425	INTRON			{GeneMark_model.5579_t;GeneMark},{GlimmerHMM_glimmerT_5212-T1;GlimmerHMM}
630549	630504	internal-	5	5	{GeneMark_model.5579_t;GeneMark},{GlimmerHMM_glimmerT_5212-T1;GlimmerHMM}
630618	630550	INTRON			{GeneMark_model.5579_t;GeneMark}
630627	630619	internal-	5	4	{GeneMark_model.5579_t;GeneMark}
630692	630628	INTRON			{GeneMark_model.5579_t;GeneMark}
630858	630693	internal-	4	4	{GeneMark_model.5579_t;GeneMark},{GlimmerHMM_glimmerT_5212-T1;GlimmerHMM}
630924	630859	INTRON			{GeneMark_model.5579_t;GeneMark},{GlimmerHMM_glimmerT_5212-T1;GlimmerHMM}
631022	630925	internal-	5	6	{GeneMark_model.5579_t;GeneMark},{GlimmerHMM_glimmerT_5212-T1;GlimmerHMM}
631100	631023	INTRON			{GeneMark_model.5579_t;GeneMark},{GlimmerHMM_glimmerT_5212-T1;GlimmerHMM}
631124	631101	internal-	5	4	{GeneMark_model.5579_t;GeneMark},{GlimmerHMM_glimmerT_5212-T1;GlimmerHMM}
631197	631125	INTRON			{GeneMark_model.5579_t;GeneMark},{GlimmerHMM_glimmerT_5212-T1;GlimmerHMM}
631214	631198	internal-	6	4	{GeneMark_model.5579_t;GeneMark},{GlimmerHMM_glimmerT_5212-T1;GlimmerHMM}
631280	631215	INTRON			{GeneMark_model.5579_t;GeneMark},{GlimmerHMM_glimmerT_5212-T1;GlimmerHMM}
631822	631281	internal-	4	5	{GeneMark_model.5579_t;GeneMark},{GlimmerHMM_glimmerT_5212-T1;GlimmerHMM}
631886	631823	INTRON			{GeneMark_model.5579_t;GeneMark},{GlimmerHMM_glimmerT_5212-T1;GlimmerHMM}
632120	631887	internal-	4	6	{GeneMark_model.5579_t;GeneMark},{GlimmerHMM_glimmerT_5212-T1;GlimmerHMM}
632183	632121	INTRON			{GeneMark_model.5579_t;GeneMark},{GlimmerHMM_glimmerT_5212-T1;GlimmerHMM}
632271	632184	internal-	6	6	{GeneMark_model.5579_t;GeneMark},{GlimmerHMM_glimmerT_5212-T1;GlimmerHMM}
632341	632272	INTRON			{GeneMark_model.5579_t;GeneMark},{GlimmerHMM_glimmerT_5212-T1;GlimmerHMM}
632386	632342	internal-	6	5	{GeneMark_model.5579_t;GeneMark},{GlimmerHMM_glimmerT_5212-T1;GlimmerHMM}
632451	632387	INTRON			{GeneMark_model.5579_t;GeneMark},{GlimmerHMM_glimmerT_5212-T1;GlimmerHMM}
632588	632452	initial-	4	5	{GeneMark_model.5579_t;GeneMark},{GlimmerHMM_glimmerT_5212-T1;GlimmerHMM}

# EVM prediction: Mode:STANDARD S-ratio: 2.00 634170-634935 orient(-) score(1939.00) noncoding_equivalent(968.27) raw_noncoding(1124.55) offset(156.27)
634310	634170	terminal-	4	6	{GeneMark_model.5580_t;GeneMark}
634389	634311	INTRON			{GeneMark_model.5580_t;GeneMark}
634935	634390	initial-	4	6	{GlimmerHMM_glimmerT_5213-T1;GlimmerHMM},{GeneMark_model.5580_t;GeneMark}

# EVM prediction: Mode:STANDARD S-ratio: 1.30 635382-638061 orient(+) score(6060.00) noncoding_equivalent(4659.29) raw_noncoding(5287.00) offset(627.71)
635382	635445	initial+	1	1	{GlimmerHMM_glimmerT_5214-T1;GlimmerHMM}
635446	635515	INTRON			{GeneMark_model.5581_t;GeneMark},{GlimmerHMM_glimmerT_5214-T1;GlimmerHMM}
635516	635619	internal+	2	3	{GeneMark_model.5581_t;GeneMark},{GlimmerHMM_glimmerT_5214-T1;GlimmerHMM}
635620	635680	INTRON			{GeneMark_model.5581_t;GeneMark},{GlimmerHMM_glimmerT_5214-T1;GlimmerHMM}
635681	635738	internal+	1	1	{GeneMark_model.5581_t;GeneMark},{GlimmerHMM_glimmerT_5214-T1;GlimmerHMM}
635739	635808	INTRON			{GeneMark_model.5581_t;GeneMark},{GlimmerHMM_glimmerT_5214-T1;GlimmerHMM}
635809	636645	internal+	2	1	{GeneMark_model.5581_t;GeneMark},{GlimmerHMM_glimmerT_5214-T1;GlimmerHMM}
636646	636725	INTRON			{GeneMark_model.5581_t;GeneMark},{GlimmerHMM_glimmerT_5214-T1;GlimmerHMM}
636726	637547	internal+	2	1	{GeneMark_model.5581_t;GeneMark},{GlimmerHMM_glimmerT_5214-T1;GlimmerHMM}
637548	637609	INTRON			{GeneMark_model.5581_t;GeneMark},{GlimmerHMM_glimmerT_5214-T1;GlimmerHMM}
637610	638061	terminal+	2	3	{GeneMark_model.5581_t;GeneMark},{GlimmerHMM_glimmerT_5214-T1;GlimmerHMM}

# EVM prediction: Mode:STANDARD S-ratio: 1.32 640375-642787 orient(+) score(5294.00) noncoding_equivalent(3998.64) raw_noncoding(4732.00) offset(733.36)
640375	640993	initial+	1	1	{GeneMark_model.5583_t;GeneMark},{GlimmerHMM_glimmerT_5216-T1;GlimmerHMM}
640994	641059	INTRON			{GeneMark_model.5583_t;GeneMark},{GlimmerHMM_glimmerT_5216-T1;GlimmerHMM}
641060	641591	internal+	2	2	{GeneMark_model.5583_t;GeneMark},{GlimmerHMM_glimmerT_5216-T1;GlimmerHMM}
641592	641653	INTRON			{GeneMark_model.5583_t;GeneMark}
641654	641720	internal+	3	3	{GeneMark_model.5583_t;GeneMark}
641721	641782	INTRON			{GeneMark_model.5583_t;GeneMark}
641783	641836	internal+	1	3	{GeneMark_model.5583_t;GeneMark}
641837	641896	INTRON			{GeneMark_model.5583_t;GeneMark}
641897	642396	internal+	1	2	{GeneMark_model.5583_t;GeneMark}
642397	642456	INTRON			{GeneMark_model.5583_t;GeneMark},{GlimmerHMM_glimmerT_5216-T1;GlimmerHMM}
642457	642787	terminal+	3	3	{GeneMark_model.5583_t;GeneMark},{snap_scaffold_13-snap.269-T1;snap},{GlimmerHMM_glimmerT_5216-T1;GlimmerHMM}

# EVM prediction: Mode:STANDARD S-ratio: 2.40 642980-647352 orient(-) score(14011.00) noncoding_equivalent(5831.71) raw_noncoding(6332.00) offset(500.29)
643076	642980	terminal-	6	6	{GeneMark_model.5584_t;GeneMark},{GlimmerHMM_glimmerT_5217-T1;GlimmerHMM}
643139	643077	INTRON			{GeneMark_model.5584_t;GeneMark},{GlimmerHMM_glimmerT_5217-T1;GlimmerHMM}
645379	643140	internal-	4	5	{GeneMark_model.5584_t;GeneMark},{GlimmerHMM_glimmerT_5217-T1;GlimmerHMM}
645438	645380	INTRON			{GeneMark_model.5584_t;GeneMark},{GlimmerHMM_glimmerT_5217-T1;GlimmerHMM},{ev_type:exonerate/ID=match.2566964.4089/Target=lcl|KQ954522_1_prot_KWU41869_1_5753;exonerate}
646146	645439	internal-	4	6	{GeneMark_model.5584_t;GeneMark},{GlimmerHMM_glimmerT_5217-T1;GlimmerHMM},{ev_type:exonerate/ID=match.2566964.4089/Target=lcl|KQ954522_1_prot_KWU41869_1_5753;exonerate}
646208	646147	INTRON			{GeneMark_model.5584_t;GeneMark},{GlimmerHMM_glimmerT_5217-T1;GlimmerHMM},{ev_type:exonerate/ID=match.2566964.4089/Target=lcl|KQ954522_1_prot_KWU41869_1_5753;exonerate}
646623	646209	internal-	6	6	{GeneMark_model.5584_t;GeneMark},{GlimmerHMM_glimmerT_5217-T1;GlimmerHMM},{ev_type:exonerate/ID=match.2566964.4089/Target=lcl|KQ954522_1_prot_KWU41869_1_5753;exonerate}
646693	646624	INTRON			{GeneMark_model.5584_t;GeneMark},{GlimmerHMM_glimmerT_5217-T1;GlimmerHMM},{ev_type:exonerate/ID=match.2566964.4089/Target=lcl|KQ954522_1_prot_KWU41869_1_5753;exonerate}
647352	646694	initial-	4	5	{GeneMark_model.5584_t;GeneMark},{GlimmerHMM_glimmerT_5217-T1;GlimmerHMM}

# EVM prediction: Mode:STANDARD S-ratio: 1.35 653309-656108 orient(+) score(6348.00) noncoding_equivalent(4716.50) raw_noncoding(5731.00) offset(1014.50)
653309	653581	initial+	1	3	{GlimmerHMM_glimmerT_5219-T1;GlimmerHMM},{GeneMark_model.5586_t;GeneMark}
653582	653649	INTRON			{GlimmerHMM_glimmerT_5219-T1;GlimmerHMM},{GeneMark_model.5586_t;GeneMark}
653650	653728	internal+	1	1	{GlimmerHMM_glimmerT_5219-T1;GlimmerHMM},{GeneMark_model.5586_t;GeneMark}
653729	653795	INTRON			{GlimmerHMM_glimmerT_5219-T1;GlimmerHMM},{GeneMark_model.5586_t;GeneMark}
653796	653914	internal+	2	3	{GlimmerHMM_glimmerT_5219-T1;GlimmerHMM},{GeneMark_model.5586_t;GeneMark}
653915	653974	INTRON			{GlimmerHMM_glimmerT_5219-T1;GlimmerHMM},{GeneMark_model.5586_t;GeneMark}
653975	654299	internal+	1	1	{GlimmerHMM_glimmerT_5219-T1;GlimmerHMM},{GeneMark_model.5586_t;GeneMark}
654300	654369	INTRON			{GlimmerHMM_glimmerT_5219-T1;GlimmerHMM},{GeneMark_model.5586_t;GeneMark}
654370	654710	internal+	2	3	{GeneMark_model.5586_t;GeneMark}
654711	654777	INTRON			{GeneMark_model.5586_t;GeneMark}
654778	655047	internal+	1	3	{GlimmerHMM_glimmerT_5219-T1;GlimmerHMM},{GeneMark_model.5586_t;GeneMark}
655048	655115	INTRON			{GlimmerHMM_glimmerT_5219-T1;GlimmerHMM},{GeneMark_model.5586_t;GeneMark}
655116	655315	internal+	1	2	{GlimmerHMM_glimmerT_5219-T1;GlimmerHMM},{GeneMark_model.5586_t;GeneMark}
655316	655386	INTRON			{GlimmerHMM_glimmerT_5219-T1;GlimmerHMM},{GeneMark_model.5586_t;GeneMark}
655387	655519	internal+	3	3	{GlimmerHMM_glimmerT_5219-T1;GlimmerHMM},{GeneMark_model.5586_t;GeneMark}
655520	655586	INTRON			{GlimmerHMM_glimmerT_5219-T1;GlimmerHMM},{GeneMark_model.5586_t;GeneMark}
655587	656108	terminal+	1	3	{GlimmerHMM_glimmerT_5219-T1;GlimmerHMM},{GeneMark_model.5586_t;GeneMark}

# EVM prediction: Mode:STANDARD S-ratio: 2.61 656918-657680 orient(-) score(2060.00) noncoding_equivalent(790.46) raw_noncoding(890.46) offset(100.00)
656930	656918	terminal-	6	6	{GlimmerHMM_glimmerT_5220-T1;GlimmerHMM}
657030	656931	INTRON			{GlimmerHMM_glimmerT_5220-T1;GlimmerHMM}
657680	657031	initial-	4	5	{GlimmerHMM_glimmerT_5220-T1;GlimmerHMM}

# EVM prediction: Mode:STANDARD S-ratio: 1.00 663779-664588 orient(+) score(1620.00) noncoding_equivalent(1620.00) raw_noncoding(2652.00) offset(1032.00)
663779	663846	initial+	1	2	{GeneMark_model.5590_t;GeneMark},{GlimmerHMM_glimmerT_5223-T1;GlimmerHMM}
663847	664002	INTRON			{GeneMark_model.5590_t;GeneMark},{GlimmerHMM_glimmerT_5223-T1;GlimmerHMM}
664003	664131	internal+	3	2	{GeneMark_model.5590_t;GeneMark},{GlimmerHMM_glimmerT_5223-T1;GlimmerHMM}
664132	664400	INTRON			{GeneMark_model.5590_t;GeneMark},{GlimmerHMM_glimmerT_5223-T1;GlimmerHMM}
664401	664474	internal+	3	1	{GeneMark_model.5590_t;GeneMark},{GlimmerHMM_glimmerT_5223-T1;GlimmerHMM}
664475	664565	INTRON			{GeneMark_model.5590_t;GeneMark},{GlimmerHMM_glimmerT_5223-T1;GlimmerHMM}
664566	664588	terminal+	2	3	{GeneMark_model.5590_t;GeneMark},{GlimmerHMM_glimmerT_5223-T1;GlimmerHMM}

# EVM prediction: Mode:STANDARD S-ratio: 2.39 665169-668384 orient(+) score(9904.00) noncoding_equivalent(4136.00) raw_noncoding(4692.00) offset(556.00)
665169	665541	initial+	1	1	{GlimmerHMM_glimmerT_5224-T1;GlimmerHMM}
665542	665775	INTRON			{GeneMark_model.5591_t;GeneMark},{GlimmerHMM_glimmerT_5224-T1;GlimmerHMM}
665776	668187	internal+	2	1	{GeneMark_model.5591_t;GeneMark},{GlimmerHMM_glimmerT_5224-T1;GlimmerHMM}
668188	668256	INTRON			{GeneMark_model.5591_t;GeneMark},{GlimmerHMM_glimmerT_5224-T1;GlimmerHMM},{ev_type:exonerate/ID=match.2566964.1346/Target=lcl|KQ954522_1_prot_KWU41862_1_5746;exonerate}
668257	668384	terminal+	2	3	{GeneMark_model.5591_t;GeneMark},{GlimmerHMM_glimmerT_5224-T1;GlimmerHMM}

# EVM prediction: Mode:STANDARD S-ratio: 2.37 669042-670786 orient(+) score(7980.00) noncoding_equivalent(3361.00) raw_noncoding(4772.00) offset(1411.00)
669042	669236	initial+	1	3	{GeneMark_model.5592_t;GeneMark},{GlimmerHMM_glimmerT_5225-T1;GlimmerHMM}
669237	669365	INTRON			{GeneMark_model.5592_t;GeneMark},{GlimmerHMM_glimmerT_5225-T1;GlimmerHMM}
669366	669426	internal+	1	1	{GeneMark_model.5592_t;GeneMark},{ev_type:exonerate/ID=match.2566964.4131/Target=lcl|KQ954522_1_prot_KWU41861_1_5745;exonerate},{ev_type:exonerate/ID=match.2566964.4128/Target=lcl|PJQD01000009_1_prot_POY75867_1_6583;exonerate},{ev_type:exonerate/ID=match.2566964.4130/Target=lcl|LCTV02000010_1_prot_PRQ72052_1_1023;exonerate}
669427	669490	INTRON			{GeneMark_model.5592_t;GeneMark},{ev_type:exonerate/ID=match.2566964.4131/Target=lcl|KQ954522_1_prot_KWU41861_1_5745;exonerate},{ev_type:exonerate/ID=match.2566964.4128/Target=lcl|PJQD01000009_1_prot_POY75867_1_6583;exonerate},{ev_type:exonerate/ID=match.2566964.4130/Target=lcl|LCTV02000010_1_prot_PRQ72052_1_1023;exonerate}
669491	669594	internal+	2	3	{GeneMark_model.5592_t;GeneMark},{ev_type:exonerate/ID=match.2566964.4131/Target=lcl|KQ954522_1_prot_KWU41861_1_5745;exonerate},{ev_type:exonerate/ID=match.2566964.4128/Target=lcl|PJQD01000009_1_prot_POY75867_1_6583;exonerate},{ev_type:exonerate/ID=match.2566964.4130/Target=lcl|LCTV02000010_1_prot_PRQ72052_1_1023;exonerate}
669595	669663	INTRON			{GeneMark_model.5592_t;GeneMark},{ev_type:exonerate/ID=match.2566964.4131/Target=lcl|KQ954522_1_prot_KWU41861_1_5745;exonerate},{ev_type:exonerate/ID=match.2566964.4128/Target=lcl|PJQD01000009_1_prot_POY75867_1_6583;exonerate},{ev_type:exonerate/ID=match.2566964.4130/Target=lcl|LCTV02000010_1_prot_PRQ72052_1_1023;exonerate}
669664	669782	internal+	1	2	{GeneMark_model.5592_t;GeneMark},{ev_type:exonerate/ID=match.2566964.4131/Target=lcl|KQ954522_1_prot_KWU41861_1_5745;exonerate},{ev_type:exonerate/ID=match.2566964.4128/Target=lcl|PJQD01000009_1_prot_POY75867_1_6583;exonerate},{ev_type:exonerate/ID=match.2566964.4130/Target=lcl|LCTV02000010_1_prot_PRQ72052_1_1023;exonerate}
669783	669848	INTRON			{GeneMark_model.5592_t;GeneMark},{GlimmerHMM_glimmerT_5225-T1;GlimmerHMM},{ev_type:exonerate/ID=match.2566964.4131/Target=lcl|KQ954522_1_prot_KWU41861_1_5745;exonerate},{ev_type:exonerate/ID=match.2566964.4128/Target=lcl|PJQD01000009_1_prot_POY75867_1_6583;exonerate},{ev_type:exonerate/ID=match.2566964.4130/Target=lcl|LCTV02000010_1_prot_PRQ72052_1_1023;exonerate}
669849	669944	internal+	3	2	{GeneMark_model.5592_t;GeneMark},{GlimmerHMM_glimmerT_5225-T1;GlimmerHMM},{ev_type:exonerate/ID=match.2566964.4131/Target=lcl|KQ954522_1_prot_KWU41861_1_5745;exonerate},{ev_type:exonerate/ID=match.2566964.4128/Target=lcl|PJQD01000009_1_prot_POY75867_1_6583;exonerate},{ev_type:exonerate/ID=match.2566964.4130/Target=lcl|LCTV02000010_1_prot_PRQ72052_1_1023;exonerate}
669945	670006	INTRON			{GeneMark_model.5592_t;GeneMark},{GlimmerHMM_glimmerT_5225-T1;GlimmerHMM},{ev_type:exonerate/ID=match.2566964.4131/Target=lcl|KQ954522_1_prot_KWU41861_1_5745;exonerate},{ev_type:exonerate/ID=match.2566964.4128/Target=lcl|PJQD01000009_1_prot_POY75867_1_6583;exonerate},{ev_type:exonerate/ID=match.2566964.4130/Target=lcl|LCTV02000010_1_prot_PRQ72052_1_1023;exonerate}
670007	670079	internal+	3	3	{GeneMark_model.5592_t;GeneMark},{GlimmerHMM_glimmerT_5225-T1;GlimmerHMM},{ev_type:exonerate/ID=match.2566964.4131/Target=lcl|KQ954522_1_prot_KWU41861_1_5745;exonerate},{ev_type:exonerate/ID=match.2566964.4128/Target=lcl|PJQD01000009_1_prot_POY75867_1_6583;exonerate},{ev_type:exonerate/ID=match.2566964.4130/Target=lcl|LCTV02000010_1_prot_PRQ72052_1_1023;exonerate}
670080	670148	INTRON			{GeneMark_model.5592_t;GeneMark},{GlimmerHMM_glimmerT_5225-T1;GlimmerHMM},{ev_type:exonerate/ID=match.2566964.4131/Target=lcl|KQ954522_1_prot_KWU41861_1_5745;exonerate},{ev_type:exonerate/ID=match.2566964.4128/Target=lcl|PJQD01000009_1_prot_POY75867_1_6583;exonerate},{ev_type:exonerate/ID=match.2566964.4130/Target=lcl|LCTV02000010_1_prot_PRQ72052_1_1023;exonerate}
670149	670208	internal+	1	3	{GeneMark_model.5592_t;GeneMark},{GlimmerHMM_glimmerT_5225-T1;GlimmerHMM},{ev_type:exonerate/ID=match.2566964.4131/Target=lcl|KQ954522_1_prot_KWU41861_1_5745;exonerate},{ev_type:exonerate/ID=match.2566964.4128/Target=lcl|PJQD01000009_1_prot_POY75867_1_6583;exonerate},{ev_type:exonerate/ID=match.2566964.4130/Target=lcl|LCTV02000010_1_prot_PRQ72052_1_1023;exonerate}
670209	670278	INTRON			{GeneMark_model.5592_t;GeneMark},{GlimmerHMM_glimmerT_5225-T1;GlimmerHMM},{ev_type:exonerate/ID=match.2566964.4131/Target=lcl|KQ954522_1_prot_KWU41861_1_5745;exonerate},{ev_type:exonerate/ID=match.2566964.4128/Target=lcl|PJQD01000009_1_prot_POY75867_1_6583;exonerate},{ev_type:exonerate/ID=match.2566964.4130/Target=lcl|LCTV02000010_1_prot_PRQ72052_1_1023;exonerate}
670279	670488	internal+	1	3	{GeneMark_model.5592_t;GeneMark},{GlimmerHMM_glimmerT_5225-T1;GlimmerHMM},{ev_type:exonerate/ID=match.2566964.4131/Target=lcl|KQ954522_1_prot_KWU41861_1_5745;exonerate},{ev_type:exonerate/ID=match.2566964.4128/Target=lcl|PJQD01000009_1_prot_POY75867_1_6583;exonerate},{ev_type:exonerate/ID=match.2566964.4130/Target=lcl|LCTV02000010_1_prot_PRQ72052_1_1023;exonerate}
670489	670559	INTRON			{GeneMark_model.5592_t;GeneMark},{GlimmerHMM_glimmerT_5225-T1;GlimmerHMM},{ev_type:exonerate/ID=match.2566964.4131/Target=lcl|KQ954522_1_prot_KWU41861_1_5745;exonerate},{ev_type:exonerate/ID=match.2566964.4128/Target=lcl|PJQD01000009_1_prot_POY75867_1_6583;exonerate},{ev_type:exonerate/ID=match.2566964.4130/Target=lcl|LCTV02000010_1_prot_PRQ72052_1_1023;exonerate}
670560	670679	internal+	1	3	{GeneMark_model.5592_t;GeneMark},{GlimmerHMM_glimmerT_5225-T1;GlimmerHMM},{ev_type:exonerate/ID=match.2566964.4131/Target=lcl|KQ954522_1_prot_KWU41861_1_5745;exonerate},{ev_type:exonerate/ID=match.2566964.4128/Target=lcl|PJQD01000009_1_prot_POY75867_1_6583;exonerate},{ev_type:exonerate/ID=match.2566964.4130/Target=lcl|LCTV02000010_1_prot_PRQ72052_1_1023;exonerate}
670680	670744	INTRON			{GeneMark_model.5592_t;GeneMark},{GlimmerHMM_glimmerT_5225-T1;GlimmerHMM},{ev_type:exonerate/ID=match.2566964.4131/Target=lcl|KQ954522_1_prot_KWU41861_1_5745;exonerate},{ev_type:exonerate/ID=match.2566964.4128/Target=lcl|PJQD01000009_1_prot_POY75867_1_6583;exonerate},{ev_type:exonerate/ID=match.2566964.4130/Target=lcl|LCTV02000010_1_prot_PRQ72052_1_1023;exonerate}
670745	670786	terminal+	1	3	{GeneMark_model.5592_t;GeneMark},{GlimmerHMM_glimmerT_5225-T1;GlimmerHMM}

# EVM prediction: Mode:STANDARD S-ratio: 1.58 678866-680156 orient(-) score(3248.00) noncoding_equivalent(2050.68) raw_noncoding(2451.93) offset(401.25)
679084	678866	terminal-	4	6	{GeneMark_model.5597_t;GeneMark},{GlimmerHMM_glimmerT_5230-T1;GlimmerHMM}
679208	679085	INTRON			{GeneMark_model.5597_t;GeneMark},{GlimmerHMM_glimmerT_5230-T1;GlimmerHMM}
679795	679209	internal-	5	6	{GeneMark_model.5597_t;GeneMark},{GlimmerHMM_glimmerT_5230-T1;GlimmerHMM}
679865	679796	INTRON			{snap_scaffold_13-snap.276-T1;snap},{GeneMark_model.5597_t;GeneMark},{GlimmerHMM_glimmerT_5230-T1;GlimmerHMM}
679979	679866	internal-	5	4	{GeneMark_model.5597_t;GeneMark},{GlimmerHMM_glimmerT_5230-T1;GlimmerHMM}
680056	679980	INTRON			{GeneMark_model.5597_t;GeneMark},{GlimmerHMM_glimmerT_5230-T1;GlimmerHMM}
680156	680057	initial-	4	4	{GeneMark_model.5597_t;GeneMark},{GlimmerHMM_glimmerT_5230-T1;GlimmerHMM}

# EVM prediction: Mode:STANDARD S-ratio: 1.31 682403-683966 orient(+) score(3378.00) noncoding_equivalent(2576.21) raw_noncoding(3443.42) offset(867.21)
682403	682629	initial+	1	2	{GeneMark_model.5599_t;GeneMark},{GlimmerHMM_glimmerT_5232-T1;GlimmerHMM}
682630	682732	INTRON			{GeneMark_model.5599_t;GeneMark},{GlimmerHMM_glimmerT_5232-T1;GlimmerHMM}
682733	682837	internal+	3	2	{GeneMark_model.5599_t;GeneMark},{GlimmerHMM_glimmerT_5232-T1;GlimmerHMM}
682838	682905	INTRON			{GeneMark_model.5599_t;GeneMark}
682906	682951	internal+	3	3	{GeneMark_model.5599_t;GeneMark}
682952	683037	INTRON			{GeneMark_model.5599_t;GeneMark}
683038	683136	internal+	1	3	{GeneMark_model.5599_t;GeneMark}
683137	683212	INTRON			{GeneMark_model.5599_t;GeneMark},{GlimmerHMM_glimmerT_5232-T1;GlimmerHMM}
683213	683322	internal+	1	2	{GeneMark_model.5599_t;GeneMark},{GlimmerHMM_glimmerT_5232-T1;GlimmerHMM}
683323	683392	INTRON			{GeneMark_model.5599_t;GeneMark},{GlimmerHMM_glimmerT_5232-T1;GlimmerHMM}
683393	683966	terminal+	3	3	{GlimmerHMM_glimmerT_5232-T1;GlimmerHMM},{snap_scaffold_13-snap.277-T1;snap}

# EVM prediction: Mode:STANDARD S-ratio: 1.68 684415-685089 orient(-) score(1692.00) noncoding_equivalent(1008.00) raw_noncoding(1008.00) offset(0.00)
685089	684415	single-	4	6	{GlimmerHMM_glimmerT_5233-T1;GlimmerHMM},{GeneMark_model.5600_t;GeneMark}

# EVM prediction: Mode:STANDARD S-ratio: 1.57 685252-687646 orient(+) score(5738.00) noncoding_equivalent(3647.25) raw_noncoding(4168.00) offset(520.75)
685252	685326	initial+	1	3	{GlimmerHMM_glimmerT_5234-T1;GlimmerHMM}
685327	685424	INTRON			{GlimmerHMM_glimmerT_5234-T1;GlimmerHMM}
685425	686588	internal+	1	3	{GlimmerHMM_glimmerT_5234-T1;GlimmerHMM}
686589	686666	INTRON			{GeneMark_model.5601_t;GeneMark},{GlimmerHMM_glimmerT_5234-T1;GlimmerHMM}
686667	687083	internal+	1	3	{GeneMark_model.5601_t;GeneMark},{GlimmerHMM_glimmerT_5234-T1;GlimmerHMM}
687084	687154	INTRON			{GeneMark_model.5601_t;GeneMark},{GlimmerHMM_glimmerT_5234-T1;GlimmerHMM}
687155	687646	terminal+	1	3	{GeneMark_model.5601_t;GeneMark},{GlimmerHMM_glimmerT_5234-T1;GlimmerHMM}

# EVM prediction: Mode:STANDARD S-ratio: 1.66 688353-689019 orient(-) score(1833.00) noncoding_equivalent(1105.00) raw_noncoding(1420.00) offset(315.00)
688547	688353	terminal-	4	6	{GlimmerHMM_glimmerT_5235-T1;GlimmerHMM},{GeneMark_model.5602_t;GeneMark}
688646	688548	INTRON			{GlimmerHMM_glimmerT_5235-T1;GlimmerHMM},{GeneMark_model.5602_t;GeneMark}
688703	688647	internal-	4	6	{GlimmerHMM_glimmerT_5235-T1;GlimmerHMM},{GeneMark_model.5602_t;GeneMark}
688772	688704	INTRON			{GlimmerHMM_glimmerT_5235-T1;GlimmerHMM},{GeneMark_model.5602_t;GeneMark}
688875	688773	internal-	6	6	{GlimmerHMM_glimmerT_5235-T1;GlimmerHMM},{GeneMark_model.5602_t;GeneMark}
689014	688876	INTRON			{GlimmerHMM_glimmerT_5235-T1;GlimmerHMM},{GeneMark_model.5602_t;GeneMark},{snap_scaffold_13-snap.280-T1;snap}
689019	689015	initial-	4	5	{GlimmerHMM_glimmerT_5235-T1;GlimmerHMM},{GeneMark_model.5602_t;GeneMark},{snap_scaffold_13-snap.280-T1;snap}

# EVM prediction: Mode:STANDARD S-ratio: 2.20 689298-690405 orient(-) score(2954.00) noncoding_equivalent(1344.89) raw_noncoding(1531.34) offset(186.45)
690220	689298	terminal-	5	6	{GeneMark_model.5603_t;GeneMark},{GlimmerHMM_glimmerT_5236-T1;GlimmerHMM}
690287	690221	INTRON			{GeneMark_model.5603_t;GeneMark}
690405	690288	initial-	4	4	{GeneMark_model.5603_t;GeneMark}

# EVM prediction: Mode:STANDARD S-ratio: 1.17 690652-693243 orient(-) score(5592.00) noncoding_equivalent(4773.76) raw_noncoding(5598.80) offset(825.04)
691251	690652	terminal-	4	6	{GeneMark_model.5604_t;GeneMark}
691312	691252	INTRON			{GlimmerHMM_glimmerT_5236-T1;GlimmerHMM},{GeneMark_model.5604_t;GeneMark}
691450	691313	internal-	4	6	{GlimmerHMM_glimmerT_5236-T1;GlimmerHMM},{GeneMark_model.5604_t;GeneMark}
691524	691451	INTRON			{GlimmerHMM_glimmerT_5236-T1;GlimmerHMM},{GeneMark_model.5604_t;GeneMark}
691632	691525	internal-	4	6	{GlimmerHMM_glimmerT_5236-T1;GlimmerHMM},{GeneMark_model.5604_t;GeneMark}
691743	691633	INTRON			{GlimmerHMM_glimmerT_5236-T1;GlimmerHMM},{GeneMark_model.5604_t;GeneMark}
692091	691744	internal-	4	6	{GlimmerHMM_glimmerT_5236-T1;GlimmerHMM},{GeneMark_model.5604_t;GeneMark}
692168	692092	INTRON			{GlimmerHMM_glimmerT_5236-T1;GlimmerHMM},{GeneMark_model.5604_t;GeneMark}
692318	692169	internal-	4	6	{GlimmerHMM_glimmerT_5236-T1;GlimmerHMM},{GeneMark_model.5604_t;GeneMark}
692393	692319	INTRON			{GlimmerHMM_glimmerT_5236-T1;GlimmerHMM},{GeneMark_model.5604_t;GeneMark}
692612	692394	internal-	4	6	{GlimmerHMM_glimmerT_5236-T1;GlimmerHMM},{GeneMark_model.5604_t;GeneMark}
692688	692613	INTRON			{GlimmerHMM_glimmerT_5236-T1;GlimmerHMM},{GeneMark_model.5604_t;GeneMark}
693243	692689	initial-	4	6	{GeneMark_model.5604_t;GeneMark}

# EVM prediction: Mode:STANDARD S-ratio: 1.33 693524-695226 orient(-) score(3750.00) noncoding_equivalent(2817.17) raw_noncoding(3389.54) offset(572.36)
693784	693524	terminal-	4	6	{GeneMark_model.5605_t;GeneMark}
693844	693785	INTRON			{GeneMark_model.5605_t;GeneMark}
693919	693845	internal-	4	6	{GeneMark_model.5605_t;GeneMark}
693985	693920	INTRON			{GeneMark_model.5605_t;GeneMark}
694227	693986	internal-	5	6	{GlimmerHMM_glimmerT_5236-T1;GlimmerHMM},{GeneMark_model.5605_t;GeneMark}
694282	694228	INTRON			{GlimmerHMM_glimmerT_5236-T1;GlimmerHMM},{GeneMark_model.5605_t;GeneMark}
694316	694283	internal-	4	4	{GlimmerHMM_glimmerT_5236-T1;GlimmerHMM},{GeneMark_model.5605_t;GeneMark}
694386	694317	INTRON			{GlimmerHMM_glimmerT_5236-T1;GlimmerHMM},{GeneMark_model.5605_t;GeneMark}
695226	694387	initial-	4	6	{GeneMark_model.5605_t;GeneMark}

# EVM prediction: Mode:STANDARD S-ratio: 2.42 695683-698091 orient(+) score(8088.00) noncoding_equivalent(3339.08) raw_noncoding(3909.00) offset(569.92)
695683	695781	initial+	1	3	{GeneMark_model.5606_t;GeneMark}
695782	695849	INTRON			{GeneMark_model.5606_t;GeneMark}
695850	696345	internal+	1	1	{GlimmerHMM_glimmerT_5237-T1;GlimmerHMM},{GeneMark_model.5606_t;GeneMark}
696346	696409	INTRON			{GlimmerHMM_glimmerT_5237-T1;GlimmerHMM},{GeneMark_model.5606_t;GeneMark},{ev_type:exonerate/ID=match.2566964.3027/Target=lcl|KQ954522_1_prot_KWU41875_1_5759;exonerate}
696410	697182	internal+	2	3	{GlimmerHMM_glimmerT_5237-T1;GlimmerHMM},{GeneMark_model.5606_t;GeneMark},{ev_type:exonerate/ID=match.2566964.3027/Target=lcl|KQ954522_1_prot_KWU41875_1_5759;exonerate}
697183	697247	INTRON			{GlimmerHMM_glimmerT_5237-T1;GlimmerHMM},{GeneMark_model.5606_t;GeneMark},{ev_type:exonerate/ID=match.2566964.3027/Target=lcl|KQ954522_1_prot_KWU41875_1_5759;exonerate}
697248	697371	internal+	1	1	{GlimmerHMM_glimmerT_5237-T1;GlimmerHMM},{GeneMark_model.5606_t;GeneMark},{ev_type:exonerate/ID=match.2566964.3027/Target=lcl|KQ954522_1_prot_KWU41875_1_5759;exonerate}
697372	697435	INTRON			{GlimmerHMM_glimmerT_5237-T1;GlimmerHMM},{GeneMark_model.5606_t;GeneMark},{ev_type:exonerate/ID=match.2566964.3027/Target=lcl|KQ954522_1_prot_KWU41875_1_5759;exonerate}
697436	698091	terminal+	2	3	{snap_scaffold_13-snap.285-T1;snap},{GlimmerHMM_glimmerT_5237-T1;GlimmerHMM},{GeneMark_model.5606_t;GeneMark}

# EVM prediction: Mode:STANDARD S-ratio: 1.81 698375-699642 orient(-) score(2989.00) noncoding_equivalent(1649.41) raw_noncoding(2340.03) offset(690.62)
698635	698375	terminal-	4	6	{GeneMark_model.5607_t;GeneMark},{GlimmerHMM_glimmerT_5238-T1;GlimmerHMM}
698705	698636	INTRON			{GeneMark_model.5607_t;GeneMark},{GlimmerHMM_glimmerT_5238-T1;GlimmerHMM}
698732	698706	internal-	4	6	{GeneMark_model.5607_t;GeneMark},{GlimmerHMM_glimmerT_5238-T1;GlimmerHMM}
698949	698733	INTRON			{GlimmerHMM_glimmerT_5238-T1;GlimmerHMM}
699642	698950	initial-	4	6	{GlimmerHMM_glimmerT_5238-T1;GlimmerHMM}

# EVM prediction: Mode:STANDARD S-ratio: 1.00 699811-700060 orient(-) score(500.00) noncoding_equivalent(500.73) raw_noncoding(622.96) offset(122.23)
699933	699811	terminal-	4	6	{GeneMark_model.5608_t;GeneMark},{GlimmerHMM_glimmerT_5239-T1;GlimmerHMM}
699994	699934	INTRON			{GeneMark_model.5608_t;GeneMark},{GlimmerHMM_glimmerT_5239-T1;GlimmerHMM}
700060	699995	initial-	4	6	{GlimmerHMM_glimmerT_5239-T1;GlimmerHMM}

# EVM prediction: Mode:STANDARD S-ratio: 1.42 700878-702466 orient(+) score(3584.00) noncoding_equivalent(2523.82) raw_noncoding(3050.00) offset(526.18)
700878	701261	initial+	1	3	{GeneMark_model.5609_t;GeneMark},{GlimmerHMM_glimmerT_5240-T1;GlimmerHMM}
701262	701343	INTRON			{GeneMark_model.5609_t;GeneMark},{GlimmerHMM_glimmerT_5240-T1;GlimmerHMM}
701344	701671	internal+	1	1	{GeneMark_model.5609_t;GeneMark}
701672	701732	INTRON			{GeneMark_model.5609_t;GeneMark}
701733	701784	internal+	2	2	{GeneMark_model.5609_t;GeneMark}
701785	701850	INTRON			{GeneMark_model.5609_t;GeneMark}
701851	702466	terminal+	3	3	{GeneMark_model.5609_t;GeneMark},{GlimmerHMM_glimmerT_5240-T1;GlimmerHMM}

# EVM prediction: Mode:STANDARD S-ratio: 1.24 703092-705046 orient(+) score(4265.00) noncoding_equivalent(3438.52) raw_noncoding(4400.00) offset(961.48)
703092	703179	initial+	1	1	{GlimmerHMM_glimmerT_5241-T1;GlimmerHMM},{GeneMark_model.5610_t;GeneMark}
703180	703270	INTRON			{GlimmerHMM_glimmerT_5241-T1;GlimmerHMM},{GeneMark_model.5610_t;GeneMark}
703271	703517	internal+	2	2	{GlimmerHMM_glimmerT_5241-T1;GlimmerHMM},{GeneMark_model.5610_t;GeneMark}
703518	703593	INTRON			{GlimmerHMM_glimmerT_5241-T1;GlimmerHMM},{GeneMark_model.5610_t;GeneMark}
703594	703784	internal+	3	1	{GlimmerHMM_glimmerT_5241-T1;GlimmerHMM},{GeneMark_model.5610_t;GeneMark}
703785	703879	INTRON			{GlimmerHMM_glimmerT_5241-T1;GlimmerHMM},{GeneMark_model.5610_t;GeneMark}
703880	704000	internal+	2	2	{GlimmerHMM_glimmerT_5241-T1;GlimmerHMM},{GeneMark_model.5610_t;GeneMark}
704001	704062	INTRON			{GlimmerHMM_glimmerT_5241-T1;GlimmerHMM},{GeneMark_model.5610_t;GeneMark}
704063	704252	internal+	3	3	{GlimmerHMM_glimmerT_5241-T1;GlimmerHMM},{GeneMark_model.5610_t;GeneMark}
704253	704322	INTRON			{GlimmerHMM_glimmerT_5241-T1;GlimmerHMM},{GeneMark_model.5610_t;GeneMark}
704323	704341	internal+	1	1	{GlimmerHMM_glimmerT_5241-T1;GlimmerHMM},{GeneMark_model.5610_t;GeneMark}
704342	704425	INTRON			{GlimmerHMM_glimmerT_5241-T1;GlimmerHMM},{GeneMark_model.5610_t;GeneMark}
704426	704508	internal+	2	3	{GeneMark_model.5610_t;GeneMark}
704509	704565	INTRON			{GeneMark_model.5610_t;GeneMark}
704566	704865	internal+	1	3	{GeneMark_model.5610_t;GeneMark}
704866	704929	INTRON			{GlimmerHMM_glimmerT_5241-T1;GlimmerHMM},{GeneMark_model.5610_t;GeneMark}
704930	705046	terminal+	1	3	{GlimmerHMM_glimmerT_5241-T1;GlimmerHMM},{GeneMark_model.5610_t;GeneMark}

# EVM prediction: Mode:STANDARD S-ratio: 1.21 705953-708662 orient(-) score(5328.00) noncoding_equivalent(4404.04) raw_noncoding(7453.00) offset(3048.96)
706254	705953	terminal-	5	6	{GeneMark_model.5611_t;GeneMark},{GlimmerHMM_glimmerT_5242-T1;GlimmerHMM}
706355	706255	INTRON			{GeneMark_model.5611_t;GeneMark},{GlimmerHMM_glimmerT_5242-T1;GlimmerHMM}
706397	706356	internal-	5	4	{GeneMark_model.5611_t;GeneMark},{GlimmerHMM_glimmerT_5242-T1;GlimmerHMM}
706464	706398	INTRON			{GeneMark_model.5611_t;GeneMark},{GlimmerHMM_glimmerT_5242-T1;GlimmerHMM}
706622	706465	internal-	6	4	{GeneMark_model.5611_t;GeneMark},{GlimmerHMM_glimmerT_5242-T1;GlimmerHMM}
706686	706623	INTRON			{GeneMark_model.5611_t;GeneMark},{GlimmerHMM_glimmerT_5242-T1;GlimmerHMM}
706760	706687	internal-	4	5	{GeneMark_model.5611_t;GeneMark},{GlimmerHMM_glimmerT_5242-T1;GlimmerHMM}
706864	706761	INTRON			{GeneMark_model.5611_t;GeneMark},{GlimmerHMM_glimmerT_5242-T1;GlimmerHMM}
706997	706865	internal-	6	6	{GeneMark_model.5611_t;GeneMark},{GlimmerHMM_glimmerT_5242-T1;GlimmerHMM}
707110	706998	INTRON			{GeneMark_model.5611_t;GeneMark},{GlimmerHMM_glimmerT_5242-T1;GlimmerHMM}
707351	707111	internal-	5	5	{GeneMark_model.5611_t;GeneMark},{GlimmerHMM_glimmerT_5242-T1;GlimmerHMM}
707544	707352	INTRON			{GlimmerHMM_glimmerT_5242-T1;GlimmerHMM}
707625	707545	internal-	5	4	{GlimmerHMM_glimmerT_5242-T1;GlimmerHMM}
707727	707626	INTRON			{GeneMark_model.5611_t;GeneMark},{GlimmerHMM_glimmerT_5242-T1;GlimmerHMM}
707856	707728	internal-	5	4	{GeneMark_model.5611_t;GeneMark},{GlimmerHMM_glimmerT_5242-T1;GlimmerHMM}
707942	707857	INTRON			{GeneMark_model.5611_t;GeneMark},{GlimmerHMM_glimmerT_5242-T1;GlimmerHMM}
708035	707943	internal-	5	4	{GeneMark_model.5611_t;GeneMark},{GlimmerHMM_glimmerT_5242-T1;GlimmerHMM}
708118	708036	INTRON			{GeneMark_model.5611_t;GeneMark},{GlimmerHMM_glimmerT_5242-T1;GlimmerHMM}
708188	708119	internal-	4	4	{GeneMark_model.5611_t;GeneMark},{GlimmerHMM_glimmerT_5242-T1;GlimmerHMM}
708397	708189	INTRON			{GeneMark_model.5611_t;GeneMark}
708413	708398	internal-	6	6	{GeneMark_model.5611_t;GeneMark}
708482	708414	INTRON			{GeneMark_model.5611_t;GeneMark}
708517	708483	internal-	4	5	{GeneMark_model.5611_t;GeneMark}
708605	708518	INTRON			{GeneMark_model.5611_t;GeneMark}
708662	708606	initial-	4	6	{GeneMark_model.5611_t;GeneMark},{GlimmerHMM_glimmerT_5242-T1;GlimmerHMM}

# EVM prediction: Mode:STANDARD S-ratio: 1.00 709848-711377 orient(-) score(3060.00) noncoding_equivalent(3060.00) raw_noncoding(4560.00) offset(1500.00)
709887	709848	terminal-	6	6	{GeneMark_model.5612_t;GeneMark},{GlimmerHMM_glimmerT_5243-T1;GlimmerHMM}
709981	709888	INTRON			{GeneMark_model.5612_t;GeneMark},{GlimmerHMM_glimmerT_5243-T1;GlimmerHMM}
710038	709982	internal-	6	5	{GeneMark_model.5612_t;GeneMark},{GlimmerHMM_glimmerT_5243-T1;GlimmerHMM}
710109	710039	INTRON			{GeneMark_model.5612_t;GeneMark},{GlimmerHMM_glimmerT_5243-T1;GlimmerHMM}
710125	710110	internal-	5	5	{GeneMark_model.5612_t;GeneMark},{GlimmerHMM_glimmerT_5243-T1;GlimmerHMM}
710189	710126	INTRON			{GeneMark_model.5612_t;GeneMark},{GlimmerHMM_glimmerT_5243-T1;GlimmerHMM}
710230	710190	internal-	6	4	{GeneMark_model.5612_t;GeneMark},{GlimmerHMM_glimmerT_5243-T1;GlimmerHMM}
710309	710231	INTRON			{GeneMark_model.5612_t;GeneMark},{GlimmerHMM_glimmerT_5243-T1;GlimmerHMM}
710407	710310	internal-	4	5	{GeneMark_model.5612_t;GeneMark},{GlimmerHMM_glimmerT_5243-T1;GlimmerHMM}
710471	710408	INTRON			{GeneMark_model.5612_t;GeneMark},{GlimmerHMM_glimmerT_5243-T1;GlimmerHMM}
710494	710472	internal-	5	6	{GeneMark_model.5612_t;GeneMark},{GlimmerHMM_glimmerT_5243-T1;GlimmerHMM}
710587	710495	INTRON			{GeneMark_model.5612_t;GeneMark},{GlimmerHMM_glimmerT_5243-T1;GlimmerHMM}
710756	710588	internal-	4	4	{GeneMark_model.5612_t;GeneMark},{GlimmerHMM_glimmerT_5243-T1;GlimmerHMM}
710842	710757	INTRON			{GeneMark_model.5612_t;GeneMark},{GlimmerHMM_glimmerT_5243-T1;GlimmerHMM}
710942	710843	internal-	6	6	{GeneMark_model.5612_t;GeneMark},{GlimmerHMM_glimmerT_5243-T1;GlimmerHMM}
711050	710943	INTRON			{GeneMark_model.5612_t;GeneMark},{GlimmerHMM_glimmerT_5243-T1;GlimmerHMM}
711249	711051	internal-	5	5	{GeneMark_model.5612_t;GeneMark},{GlimmerHMM_glimmerT_5243-T1;GlimmerHMM}
711340	711250	INTRON			{GeneMark_model.5612_t;GeneMark},{GlimmerHMM_glimmerT_5243-T1;GlimmerHMM}
711377	711341	initial-	4	4	{GeneMark_model.5612_t;GeneMark},{GlimmerHMM_glimmerT_5243-T1;GlimmerHMM}

# EVM prediction: Mode:STANDARD S-ratio: 1.31 712398-714512 orient(+) score(4791.00) noncoding_equivalent(3667.41) raw_noncoding(3957.84) offset(290.43)
712398	712654	initial+	1	2	{GeneMark_model.5613_t;GeneMark}
712655	712747	INTRON			{snap_scaffold_13-snap.292-T1;snap},{GeneMark_model.5613_t;GeneMark}
712748	713635	internal+	3	2	{GeneMark_model.5613_t;GeneMark}
713636	713707	INTRON			{GeneMark_model.5613_t;GeneMark},{GlimmerHMM_glimmerT_5244-T1;GlimmerHMM}
713708	714512	terminal+	3	3	{GeneMark_model.5613_t;GeneMark},{GlimmerHMM_glimmerT_5244-T1;GlimmerHMM}

# EVM prediction: Mode:STANDARD S-ratio: 1.51 714726-716943 orient(-) score(5339.00) noncoding_equivalent(3532.50) raw_noncoding(4243.00) offset(710.50)
715678	714726	terminal-	5	6	{GlimmerHMM_glimmerT_5245-T1;GlimmerHMM},{GeneMark_model.5614_t;GeneMark}
715745	715679	INTRON			{GlimmerHMM_glimmerT_5245-T1;GlimmerHMM},{GeneMark_model.5614_t;GeneMark}
716262	715746	internal-	4	4	{GlimmerHMM_glimmerT_5245-T1;GlimmerHMM},{GeneMark_model.5614_t;GeneMark}
716342	716263	INTRON			{GlimmerHMM_glimmerT_5245-T1;GlimmerHMM},{GeneMark_model.5614_t;GeneMark}
716582	716343	internal-	4	6	{GlimmerHMM_glimmerT_5245-T1;GlimmerHMM},{GeneMark_model.5614_t;GeneMark}
716790	716583	INTRON			{GlimmerHMM_glimmerT_5245-T1;GlimmerHMM},{GeneMark_model.5614_t;GeneMark}
716943	716791	initial-	4	6	{GlimmerHMM_glimmerT_5245-T1;GlimmerHMM},{GeneMark_model.5614_t;GeneMark}

# EVM prediction: Mode:STANDARD S-ratio: 2.62 717392-717976 orient(-) score(1692.00) noncoding_equivalent(646.00) raw_noncoding(711.00) offset(65.00)
717904	717392	terminal-	4	6	{snap_scaffold_13-snap.294-T1;snap},{GeneMark_model.5615_t;GeneMark}
717967	717905	INTRON			{snap_scaffold_13-snap.294-T1;snap},{GeneMark_model.5615_t;GeneMark}
717976	717968	initial-	4	6	{snap_scaffold_13-snap.294-T1;snap}

# EVM prediction: Mode:STANDARD S-ratio: 1.00 720711-721901 orient(+) score(2382.00) noncoding_equivalent(2382.00) raw_noncoding(2712.00) offset(330.00)
720711	720984	initial+	1	1	{GlimmerHMM_glimmerT_5247-T1;GlimmerHMM},{GeneMark_model.5616_t;GeneMark}
720985	721082	INTRON			{GlimmerHMM_glimmerT_5247-T1;GlimmerHMM},{GeneMark_model.5616_t;GeneMark}
721083	721746	internal+	2	2	{GlimmerHMM_glimmerT_5247-T1;GlimmerHMM},{GeneMark_model.5616_t;GeneMark}
721747	721813	INTRON			{GlimmerHMM_glimmerT_5247-T1;GlimmerHMM},{GeneMark_model.5616_t;GeneMark}
721814	721901	terminal+	3	3	{GlimmerHMM_glimmerT_5247-T1;GlimmerHMM},{GeneMark_model.5616_t;GeneMark}

# EVM prediction: Mode:STANDARD S-ratio: 1.82 727336-728003 orient(-) score(1629.00) noncoding_equivalent(895.97) raw_noncoding(1212.00) offset(316.03)
727542	727336	terminal-	4	6	{GeneMark_model.5618_t;GeneMark},{GlimmerHMM_glimmerT_5249-T1;GlimmerHMM}
727615	727543	INTRON			{GeneMark_model.5618_t;GeneMark}
727851	727616	internal-	5	6	{GeneMark_model.5618_t;GeneMark}
727990	727852	INTRON			{GeneMark_model.5618_t;GeneMark},{GlimmerHMM_glimmerT_5249-T1;GlimmerHMM}
728003	727991	initial-	4	4	{GeneMark_model.5618_t;GeneMark},{GlimmerHMM_glimmerT_5249-T1;GlimmerHMM}

# EVM prediction: Mode:STANDARD S-ratio: 1.37 728209-731512 orient(-) score(7241.00) noncoding_equivalent(5285.28) raw_noncoding(7862.21) offset(2576.92)
728335	728209	terminal-	6	6	{GeneMark_model.5619_t;GeneMark},{GlimmerHMM_glimmerT_5250-T1;GlimmerHMM}
728409	728336	INTRON			{GeneMark_model.5619_t;GeneMark},{GlimmerHMM_glimmerT_5250-T1;GlimmerHMM}
728485	728410	internal-	5	5	{GlimmerHMM_glimmerT_5250-T1;GlimmerHMM}
728830	728486	INTRON			{GlimmerHMM_glimmerT_5250-T1;GlimmerHMM}
728918	728831	internal-	4	4	{GlimmerHMM_glimmerT_5250-T1;GlimmerHMM}
729600	728919	INTRON			{GeneMark_model.5619_t;GeneMark},{GlimmerHMM_glimmerT_5250-T1;GlimmerHMM}
730069	729601	internal-	6	6	{GeneMark_model.5619_t;GeneMark},{GlimmerHMM_glimmerT_5250-T1;GlimmerHMM}
730142	730070	INTRON			{GeneMark_model.5619_t;GeneMark},{GlimmerHMM_glimmerT_5250-T1;GlimmerHMM}
731512	730143	initial-	4	5	{GeneMark_model.5619_t;GeneMark}

# EVM prediction: Mode:STANDARD S-ratio: 2.20 732510-733091 orient(-) score(1308.00) noncoding_equivalent(594.25) raw_noncoding(1040.13) offset(445.88)
732871	732510	terminal-	5	6	{snap_scaffold_13-snap.297-T1;snap}
733084	732872	INTRON			{snap_scaffold_13-snap.297-T1;snap}
733091	733085	initial-	4	4	{snap_scaffold_13-snap.297-T1;snap}

# EVM prediction: Mode:STANDARD S-ratio: 1.76 733378-734528 orient(-) score(2937.00) noncoding_equivalent(1669.36) raw_noncoding(1805.67) offset(136.31)
734091	733378	terminal-	4	6	{snap_scaffold_13-snap.298-T1;snap}
734159	734092	INTRON			{GeneMark_model.5620_t;GeneMark},{GlimmerHMM_glimmerT_5250-T1;GlimmerHMM}
734528	734160	initial-	4	6	{GeneMark_model.5620_t;GeneMark},{GlimmerHMM_glimmerT_5250-T1;GlimmerHMM}

# EVM prediction: Mode:STANDARD S-ratio: 1.75 734962-737954 orient(-) score(8239.00) noncoding_equivalent(4697.91) raw_noncoding(6131.00) offset(1433.09)
735725	734962	terminal-	5	6	{GeneMark_model.5621_t;GeneMark},{GlimmerHMM_glimmerT_5251-T1;GlimmerHMM}
735793	735726	INTRON			{GeneMark_model.5621_t;GeneMark},{GlimmerHMM_glimmerT_5251-T1;GlimmerHMM}
736371	735794	internal-	6	4	{GeneMark_model.5621_t;GeneMark},{GlimmerHMM_glimmerT_5251-T1;GlimmerHMM}
736446	736372	INTRON			{GeneMark_model.5621_t;GeneMark},{GlimmerHMM_glimmerT_5251-T1;GlimmerHMM},{ev_type:exonerate/ID=match.2566964.4134/Target=lcl|KQ954522_1_prot_KWU41892_1_5776;exonerate}
736522	736447	internal-	5	5	{GeneMark_model.5621_t;GeneMark},{GlimmerHMM_glimmerT_5251-T1;GlimmerHMM},{ev_type:exonerate/ID=match.2566964.4134/Target=lcl|KQ954522_1_prot_KWU41892_1_5776;exonerate}
736587	736523	INTRON			{GeneMark_model.5621_t;GeneMark},{GlimmerHMM_glimmerT_5251-T1;GlimmerHMM},{ev_type:exonerate/ID=match.2566964.4134/Target=lcl|KQ954522_1_prot_KWU41892_1_5776;exonerate}
736686	736588	internal-	5	4	{GeneMark_model.5621_t;GeneMark},{GlimmerHMM_glimmerT_5251-T1;GlimmerHMM},{ev_type:exonerate/ID=match.2566964.4134/Target=lcl|KQ954522_1_prot_KWU41892_1_5776;exonerate}
736744	736687	INTRON			{GeneMark_model.5621_t;GeneMark},{GlimmerHMM_glimmerT_5251-T1;GlimmerHMM},{ev_type:exonerate/ID=match.2566964.4134/Target=lcl|KQ954522_1_prot_KWU41892_1_5776;exonerate}
736796	736745	internal-	4	4	{GeneMark_model.5621_t;GeneMark},{GlimmerHMM_glimmerT_5251-T1;GlimmerHMM},{ev_type:exonerate/ID=match.2566964.4134/Target=lcl|KQ954522_1_prot_KWU41892_1_5776;exonerate}
736862	736797	INTRON			{GeneMark_model.5621_t;GeneMark},{ev_type:exonerate/ID=match.2566964.4134/Target=lcl|KQ954522_1_prot_KWU41892_1_5776;exonerate}
736898	736863	internal-	4	6	{GeneMark_model.5621_t;GeneMark},{ev_type:exonerate/ID=match.2566964.4134/Target=lcl|KQ954522_1_prot_KWU41892_1_5776;exonerate}
736957	736899	INTRON			{GeneMark_model.5621_t;GeneMark},{ev_type:exonerate/ID=match.2566964.4134/Target=lcl|KQ954522_1_prot_KWU41892_1_5776;exonerate}
737166	736958	internal-	5	6	{GeneMark_model.5621_t;GeneMark},{GlimmerHMM_glimmerT_5251-T1;GlimmerHMM},{ev_type:exonerate/ID=match.2566964.4134/Target=lcl|KQ954522_1_prot_KWU41892_1_5776;exonerate}
737225	737167	INTRON			{GeneMark_model.5621_t;GeneMark},{GlimmerHMM_glimmerT_5251-T1;GlimmerHMM},{ev_type:exonerate/ID=match.2566964.4134/Target=lcl|KQ954522_1_prot_KWU41892_1_5776;exonerate}
737362	737226	internal-	6	4	{GeneMark_model.5621_t;GeneMark},{ev_type:exonerate/ID=match.2566964.4134/Target=lcl|KQ954522_1_prot_KWU41892_1_5776;exonerate}
737425	737363	INTRON			{GeneMark_model.5621_t;GeneMark},{ev_type:exonerate/ID=match.2566964.4134/Target=lcl|KQ954522_1_prot_KWU41892_1_5776;exonerate}
737543	737426	internal-	5	5	{GeneMark_model.5621_t;GeneMark}
737601	737544	INTRON			{GeneMark_model.5621_t;GeneMark}
737693	737602	internal-	6	4	{GeneMark_model.5621_t;GeneMark},{GlimmerHMM_glimmerT_5251-T1;GlimmerHMM}
737763	737694	INTRON			{GeneMark_model.5621_t;GeneMark},{GlimmerHMM_glimmerT_5251-T1;GlimmerHMM},{ev_type:exonerate/ID=match.2566964.4134/Target=lcl|KQ954522_1_prot_KWU41892_1_5776;exonerate}
737954	737764	initial-	4	5	{GeneMark_model.5621_t;GeneMark},{GlimmerHMM_glimmerT_5251-T1;GlimmerHMM}

# EVM prediction: Mode:STANDARD S-ratio: 2.32 739318-739821 orient(+) score(1186.00) noncoding_equivalent(512.21) raw_noncoding(793.21) offset(281.00)
739318	739323	initial+	1	3	{snap_scaffold_13-snap.302-T1;snap}
739324	739482	INTRON			{snap_scaffold_13-snap.302-T1;snap}
739483	739821	terminal+	1	3	{snap_scaffold_13-snap.302-T1;snap}

# EVM prediction: Mode:STANDARD S-ratio: 1.53 740087-744449 orient(-) score(10551.00) noncoding_equivalent(6896.33) raw_noncoding(7735.15) offset(838.83)
740227	740087	terminal-	4	6	{GlimmerHMM_glimmerT_5253-T1;GlimmerHMM},{GeneMark_model.5623_t;GeneMark}
740301	740228	INTRON			{GlimmerHMM_glimmerT_5253-T1;GlimmerHMM},{GeneMark_model.5623_t;GeneMark}
740681	740302	internal-	5	6	{GlimmerHMM_glimmerT_5253-T1;GlimmerHMM},{GeneMark_model.5623_t;GeneMark}
740744	740682	INTRON			{GlimmerHMM_glimmerT_5253-T1;GlimmerHMM},{GeneMark_model.5623_t;GeneMark}
740982	740745	internal-	4	4	{GlimmerHMM_glimmerT_5253-T1;GlimmerHMM},{GeneMark_model.5623_t;GeneMark}
741052	740983	INTRON			{GlimmerHMM_glimmerT_5253-T1;GlimmerHMM},{GeneMark_model.5623_t;GeneMark}
741441	741053	internal-	5	6	{GlimmerHMM_glimmerT_5253-T1;GlimmerHMM},{GeneMark_model.5623_t;GeneMark}
741514	741442	INTRON			{GlimmerHMM_glimmerT_5253-T1;GlimmerHMM},{GeneMark_model.5623_t;GeneMark}
741860	741515	internal-	4	4	{GlimmerHMM_glimmerT_5253-T1;GlimmerHMM},{GeneMark_model.5623_t;GeneMark}
741922	741861	INTRON			{GlimmerHMM_glimmerT_5253-T1;GlimmerHMM},{GeneMark_model.5623_t;GeneMark}
743315	741923	internal-	6	6	{GlimmerHMM_glimmerT_5253-T1;GlimmerHMM},{GeneMark_model.5623_t;GeneMark}
743377	743316	INTRON			{GlimmerHMM_glimmerT_5253-T1;GlimmerHMM},{GeneMark_model.5623_t;GeneMark}
743649	743378	internal-	4	5	{GlimmerHMM_glimmerT_5253-T1;GlimmerHMM},{GeneMark_model.5623_t;GeneMark}
743714	743650	INTRON			{GlimmerHMM_glimmerT_5253-T1;GlimmerHMM},{GeneMark_model.5623_t;GeneMark}
744449	743715	initial-	4	6	{GlimmerHMM_glimmerT_5253-T1;GlimmerHMM},{GeneMark_model.5623_t;GeneMark}

# EVM prediction: Mode:STANDARD S-ratio: 1.97 745184-745445 orient(+) score(786.00) noncoding_equivalent(398.00) raw_noncoding(472.00) offset(74.00)
745184	745187	initial+	1	1	{snap_scaffold_13-snap.305-T1;snap}
745188	745257	INTRON			{GeneMark_model.5624_t;GeneMark},{snap_scaffold_13-snap.305-T1;snap},{GlimmerHMM_glimmerT_5254-T1;GlimmerHMM}
745258	745445	terminal+	2	3	{GeneMark_model.5624_t;GeneMark},{snap_scaffold_13-snap.305-T1;snap},{GlimmerHMM_glimmerT_5254-T1;GlimmerHMM}

# EVM prediction: Mode:STANDARD S-ratio: 1.94 746248-748541 orient(+) score(6133.00) noncoding_equivalent(3160.44) raw_noncoding(3671.00) offset(510.56)
746248	747211	initial+	1	1	{GeneMark_model.5625_t;GeneMark},{GlimmerHMM_glimmerT_5255-T1;GlimmerHMM}
747212	747279	INTRON			{GeneMark_model.5625_t;GeneMark},{GlimmerHMM_glimmerT_5255-T1;GlimmerHMM}
747280	747413	internal+	2	3	{GeneMark_model.5625_t;GeneMark},{GlimmerHMM_glimmerT_5255-T1;GlimmerHMM}
747414	747475	INTRON			{GeneMark_model.5625_t;GeneMark},{GlimmerHMM_glimmerT_5255-T1;GlimmerHMM}
747476	747616	internal+	1	3	{GeneMark_model.5625_t;GeneMark},{GlimmerHMM_glimmerT_5255-T1;GlimmerHMM}
747617	747676	INTRON			{GeneMark_model.5625_t;GeneMark},{GlimmerHMM_glimmerT_5255-T1;GlimmerHMM}
747677	747810	internal+	1	2	{GeneMark_model.5625_t;GeneMark},{GlimmerHMM_glimmerT_5255-T1;GlimmerHMM}
747811	747875	INTRON			{GeneMark_model.5625_t;GeneMark},{GlimmerHMM_glimmerT_5255-T1;GlimmerHMM}
747876	748048	internal+	3	1	{GeneMark_model.5625_t;GeneMark},{GlimmerHMM_glimmerT_5255-T1;GlimmerHMM}
748049	748110	INTRON			{GeneMark_model.5625_t;GeneMark},{snap_scaffold_13-snap.307-T1;snap},{GlimmerHMM_glimmerT_5255-T1;GlimmerHMM}
748111	748541	terminal+	2	3	{GeneMark_model.5625_t;GeneMark},{snap_scaffold_13-snap.307-T1;snap},{GlimmerHMM_glimmerT_5255-T1;GlimmerHMM}

# EVM prediction: Mode:STANDARD S-ratio: 1.15 749526-752337 orient(+) score(5755.00) noncoding_equivalent(4998.82) raw_noncoding(7467.00) offset(2468.18)
749526	749628	initial+	1	1	{GlimmerHMM_glimmerT_5256-T1;GlimmerHMM},{GeneMark_model.5626_t;GeneMark}
749629	749687	INTRON			{GeneMark_model.5626_t;GeneMark}
749688	749998	internal+	2	3	{GeneMark_model.5626_t;GeneMark}
749999	750067	INTRON			{GlimmerHMM_glimmerT_5256-T1;GlimmerHMM},{GeneMark_model.5626_t;GeneMark}
750068	750101	internal+	1	1	{GlimmerHMM_glimmerT_5256-T1;GlimmerHMM},{GeneMark_model.5626_t;GeneMark}
750102	750162	INTRON			{GlimmerHMM_glimmerT_5256-T1;GlimmerHMM},{GeneMark_model.5626_t;GeneMark}
750163	750186	internal+	2	1	{GlimmerHMM_glimmerT_5256-T1;GlimmerHMM},{GeneMark_model.5626_t;GeneMark}
750187	750277	INTRON			{GlimmerHMM_glimmerT_5256-T1;GlimmerHMM},{GeneMark_model.5626_t;GeneMark}
750278	750348	internal+	2	3	{GlimmerHMM_glimmerT_5256-T1;GlimmerHMM},{GeneMark_model.5626_t;GeneMark}
750349	750412	INTRON			{GlimmerHMM_glimmerT_5256-T1;GlimmerHMM},{GeneMark_model.5626_t;GeneMark}
750413	750558	internal+	1	2	{GlimmerHMM_glimmerT_5256-T1;GlimmerHMM},{GeneMark_model.5626_t;GeneMark}
750559	750639	INTRON			{GlimmerHMM_glimmerT_5256-T1;GlimmerHMM},{GeneMark_model.5626_t;GeneMark}
750640	750734	internal+	3	1	{GlimmerHMM_glimmerT_5256-T1;GlimmerHMM},{GeneMark_model.5626_t;GeneMark}
750735	750797	INTRON			{GlimmerHMM_glimmerT_5256-T1;GlimmerHMM},{GeneMark_model.5626_t;GeneMark}
750798	750857	internal+	2	1	{GlimmerHMM_glimmerT_5256-T1;GlimmerHMM},{GeneMark_model.5626_t;GeneMark}
750858	750916	INTRON			{GlimmerHMM_glimmerT_5256-T1;GlimmerHMM},{GeneMark_model.5626_t;GeneMark}
750917	750936	internal+	2	3	{GlimmerHMM_glimmerT_5256-T1;GlimmerHMM},{GeneMark_model.5626_t;GeneMark}
750937	751003	INTRON			{GlimmerHMM_glimmerT_5256-T1;GlimmerHMM},{GeneMark_model.5626_t;GeneMark}
751004	751035	internal+	1	2	{GlimmerHMM_glimmerT_5256-T1;GlimmerHMM},{GeneMark_model.5626_t;GeneMark}
751036	751097	INTRON			{GeneMark_model.5626_t;GeneMark}
751098	751124	internal+	3	2	{GeneMark_model.5626_t;GeneMark}
751125	751195	INTRON			{GeneMark_model.5626_t;GeneMark}
751196	751276	internal+	3	2	{GeneMark_model.5626_t;GeneMark}
751277	751336	INTRON			{GeneMark_model.5626_t;GeneMark}
751337	751442	internal+	3	3	{GlimmerHMM_glimmerT_5256-T1;GlimmerHMM},{GeneMark_model.5626_t;GeneMark}
751443	751563	INTRON			{GlimmerHMM_glimmerT_5256-T1;GlimmerHMM},{GeneMark_model.5626_t;GeneMark}
751564	751723	internal+	1	1	{GlimmerHMM_glimmerT_5256-T1;GlimmerHMM},{GeneMark_model.5626_t;GeneMark}
751724	751780	INTRON			{GlimmerHMM_glimmerT_5256-T1;GlimmerHMM},{GeneMark_model.5626_t;GeneMark}
751781	751806	internal+	2	3	{GlimmerHMM_glimmerT_5256-T1;GlimmerHMM},{GeneMark_model.5626_t;GeneMark}
751807	751867	INTRON			{GlimmerHMM_glimmerT_5256-T1;GlimmerHMM},{GeneMark_model.5626_t;GeneMark}
751868	751979	internal+	1	1	{GlimmerHMM_glimmerT_5256-T1;GlimmerHMM},{GeneMark_model.5626_t;GeneMark}
751980	752037	INTRON			{GlimmerHMM_glimmerT_5256-T1;GlimmerHMM},{GeneMark_model.5626_t;GeneMark}
752038	752225	internal+	2	3	{GlimmerHMM_glimmerT_5256-T1;GlimmerHMM},{GeneMark_model.5626_t;GeneMark}
752226	752284	INTRON			{GlimmerHMM_glimmerT_5256-T1;GlimmerHMM},{GeneMark_model.5626_t;GeneMark}
752285	752337	internal+	1	2	{GeneMark_model.5626_t;GeneMark}

