# EVM prediction: Mode:STANDARD S-ratio: 3.60 502-1726 orient(+) score(4190.00) noncoding_equivalent(1164.44) raw_noncoding(1429.00) offset(264.56)
502	808	initial+	1	1	{GeneMark_model.6267_t;GeneMark},{Augustus_model.g4865.t1;Augustus},{GlimmerHMM_glimmerT_5844-T1;GlimmerHMM}
809	868	INTRON			{GeneMark_model.6267_t;GeneMark},{Augustus_model.g4865.t1;Augustus},{GlimmerHMM_glimmerT_5844-T1;GlimmerHMM}
869	1133	internal+	2	2	{Augustus_model.g4865.t1;Augustus},{GlimmerHMM_glimmerT_5844-T1;GlimmerHMM}
1134	1178	INTRON			{Augustus_model.g4865.t1;Augustus},{GlimmerHMM_glimmerT_5844-T1;GlimmerHMM}
1179	1242	internal+	3	3	{GeneMark_model.6267_t;GeneMark},{Augustus_model.g4865.t1;Augustus},{GlimmerHMM_glimmerT_5844-T1;GlimmerHMM}
1243	1346	INTRON			{GeneMark_model.6267_t;GeneMark},{Augustus_model.g4865.t1;Augustus},{GlimmerHMM_glimmerT_5844-T1;GlimmerHMM}
1347	1583	internal+	1	3	{GeneMark_model.6267_t;GeneMark},{Augustus_model.g4865.t1;Augustus},{GlimmerHMM_glimmerT_5844-T1;GlimmerHMM}
1584	1654	INTRON			{GeneMark_model.6267_t;GeneMark},{Augustus_model.g4865.t1;Augustus},{GlimmerHMM_glimmerT_5844-T1;GlimmerHMM}
1655	1726	terminal+	1	3	{GeneMark_model.6267_t;GeneMark},{Augustus_model.g4865.t1;Augustus},{GlimmerHMM_glimmerT_5844-T1;GlimmerHMM}

# EVM prediction: Mode:STANDARD S-ratio: 2.37 2093-3303 orient(-) score(4014.00) noncoding_equivalent(1692.38) raw_noncoding(2037.03) offset(344.65)
2141	2093	terminal-	6	6	{GlimmerHMM_glimmerT_5845-T1;GlimmerHMM},{Augustus_model.g4866.t1;Augustus},{GeneMark_model.6268_t;GeneMark}
2209	2142	INTRON			{GlimmerHMM_glimmerT_5845-T1;GlimmerHMM},{Augustus_model.g4866.t1;Augustus},{GeneMark_model.6268_t;GeneMark}
2343	2210	internal-	4	5	{GlimmerHMM_glimmerT_5845-T1;GlimmerHMM},{Augustus_model.g4866.t1;Augustus},{GeneMark_model.6268_t;GeneMark}
2407	2344	INTRON			{GlimmerHMM_glimmerT_5845-T1;GlimmerHMM},{Augustus_model.g4866.t1;Augustus},{GeneMark_model.6268_t;GeneMark}
2458	2408	internal-	4	6	{GlimmerHMM_glimmerT_5845-T1;GlimmerHMM},{Augustus_model.g4866.t1;Augustus},{GeneMark_model.6268_t;GeneMark}
2520	2459	INTRON			{GlimmerHMM_glimmerT_5845-T1;GlimmerHMM},{Augustus_model.g4866.t1;Augustus},{GeneMark_model.6268_t;GeneMark}
2605	2521	internal-	6	6	{GlimmerHMM_glimmerT_5845-T1;GlimmerHMM},{Augustus_model.g4866.t1;Augustus},{GeneMark_model.6268_t;GeneMark}
2669	2606	INTRON			{GlimmerHMM_glimmerT_5845-T1;GlimmerHMM},{Augustus_model.g4866.t1;Augustus},{GeneMark_model.6268_t;GeneMark}
2780	2670	internal-	6	5	{GlimmerHMM_glimmerT_5845-T1;GlimmerHMM},{Augustus_model.g4866.t1;Augustus},{GeneMark_model.6268_t;GeneMark}
2846	2781	INTRON			{GlimmerHMM_glimmerT_5845-T1;GlimmerHMM},{Augustus_model.g4866.t1;Augustus},{GeneMark_model.6268_t;GeneMark}
3120	2847	internal-	5	5	{GlimmerHMM_glimmerT_5845-T1;GlimmerHMM},{Augustus_model.g4866.t1;Augustus},{GeneMark_model.6268_t;GeneMark}
3242	3121	INTRON			{GlimmerHMM_glimmerT_5845-T1;GlimmerHMM},{Augustus_model.g4866.t1;Augustus},{GeneMark_model.6268_t;GeneMark}
3303	3243	initial-	4	4	{GlimmerHMM_glimmerT_5845-T1;GlimmerHMM}

# EVM prediction: Mode:STANDARD S-ratio: 2.63 4189-10849 orient(-) score(19522.00) noncoding_equivalent(7430.73) raw_noncoding(9696.68) offset(2265.95)
5164	4189	terminal-	6	6	{GlimmerHMM_glimmerT_5846-T1;GlimmerHMM},{GeneMark_model.6269_t;GeneMark}
5232	5165	INTRON			{Augustus_model.g4866.t1;Augustus},{GeneMark_model.6269_t;GeneMark}
5240	5233	internal-	4	5	{Augustus_model.g4866.t1;Augustus},{GeneMark_model.6269_t;GeneMark}
5302	5241	INTRON			{Augustus_model.g4866.t1;Augustus},{GeneMark_model.6269_t;GeneMark}
5395	5303	internal-	4	6	{Augustus_model.g4866.t1;Augustus},{GeneMark_model.6269_t;GeneMark}
5451	5396	INTRON			{GlimmerHMM_glimmerT_5846-T1;GlimmerHMM},{Augustus_model.g4866.t1;Augustus},{GeneMark_model.6269_t;GeneMark}
6161	5452	internal-	5	6	{GeneMark_model.6269_t;GeneMark}
6251	6162	INTRON			{GeneMark_model.6269_t;GeneMark}
6316	6252	internal-	6	4	{Augustus_model.g4866.t1;Augustus},{GeneMark_model.6269_t;GeneMark}
6912	6317	INTRON			{Augustus_model.g4866.t1;Augustus},{GeneMark_model.6269_t;GeneMark}
6937	6913	internal-	5	5	{Augustus_model.g4866.t1;Augustus},{GeneMark_model.6269_t;GeneMark}
7001	6938	INTRON			{Augustus_model.g4866.t1;Augustus},{GeneMark_model.6269_t;GeneMark}
7181	7002	internal-	5	4	{Augustus_model.g4866.t1;Augustus},{GeneMark_model.6269_t;GeneMark}
7244	7182	INTRON			{Augustus_model.g4866.t1;Augustus},{GeneMark_model.6269_t;GeneMark}
7309	7245	internal-	6	4	{GlimmerHMM_glimmerT_5846-T1;GlimmerHMM},{Augustus_model.g4866.t1;Augustus},{GeneMark_model.6269_t;GeneMark}
7374	7310	INTRON			{GlimmerHMM_glimmerT_5846-T1;GlimmerHMM},{Augustus_model.g4866.t1;Augustus},{GeneMark_model.6269_t;GeneMark}
7439	7375	internal-	4	5	{GlimmerHMM_glimmerT_5846-T1;GlimmerHMM},{Augustus_model.g4866.t1;Augustus},{GeneMark_model.6269_t;GeneMark}
7517	7440	INTRON			{GlimmerHMM_glimmerT_5846-T1;GlimmerHMM},{Augustus_model.g4866.t1;Augustus},{GeneMark_model.6269_t;GeneMark}
9947	7518	internal-	4	6	{GlimmerHMM_glimmerT_5846-T1;GlimmerHMM},{Augustus_model.g4866.t1;Augustus},{GeneMark_model.6269_t;GeneMark}
10033	9948	INTRON			{GlimmerHMM_glimmerT_5846-T1;GlimmerHMM},{GeneMark_model.6269_t;GeneMark}
10524	10034	internal-	5	6	{GlimmerHMM_glimmerT_5846-T1;GlimmerHMM},{GeneMark_model.6269_t;GeneMark}
10581	10525	INTRON			{GlimmerHMM_glimmerT_5846-T1;GlimmerHMM},{Augustus_model.g4866.t1;Augustus},{GeneMark_model.6269_t;GeneMark}
10849	10582	initial-	4	4	{GlimmerHMM_glimmerT_5846-T1;GlimmerHMM},{Augustus_model.g4866.t1;Augustus},{GeneMark_model.6269_t;GeneMark}

# EVM prediction: Mode:STANDARD S-ratio: 3.21 11405-12534 orient(+) score(3650.00) noncoding_equivalent(1138.79) raw_noncoding(1221.52) offset(82.72)
11405	11622	initial+	1	2	{Augustus_model.g4867.t1;Augustus},{GeneMark_model.6270_t;GeneMark},{GlimmerHMM_glimmerT_5847-T1;GlimmerHMM}
11623	11693	INTRON			{Augustus_model.g4867.t1;Augustus},{GeneMark_model.6270_t;GeneMark},{GlimmerHMM_glimmerT_5847-T1;GlimmerHMM}
11694	11868	internal+	3	3	{Augustus_model.g4867.t1;Augustus},{GeneMark_model.6270_t;GeneMark},{GlimmerHMM_glimmerT_5847-T1;GlimmerHMM}
11869	11937	INTRON			{Augustus_model.g4867.t1;Augustus},{GeneMark_model.6270_t;GeneMark},{GlimmerHMM_glimmerT_5847-T1;GlimmerHMM}
11938	12534	terminal+	1	3	{GeneMark_model.6270_t;GeneMark},{GlimmerHMM_glimmerT_5847-T1;GlimmerHMM}

# EVM prediction: Mode:STANDARD S-ratio: 2.64 14027-15153 orient(+) score(4903.00) noncoding_equivalent(1859.00) raw_noncoding(2249.00) offset(390.00)
14027	14447	initial+	1	1	{GlimmerHMM_glimmerT_5848-T1;GlimmerHMM},{GeneMark_model.6271_t;GeneMark}
14448	14511	INTRON			{Augustus_model.g4867.t1;Augustus},{GlimmerHMM_glimmerT_5848-T1;GlimmerHMM},{GeneMark_model.6271_t;GeneMark},{ev_type:exonerate/ID=match.2566964.4467/Target=lcl|KQ954503_1_prot_KWU42640_1_4973;exonerate},{ev_type:exonerate/ID=match.2566964.4468/Target=lcl|LCTV02000004_1_prot_PRQ75459_1_5148;exonerate}
14512	14555	internal+	2	3	{Augustus_model.g4867.t1;Augustus},{GlimmerHMM_glimmerT_5848-T1;GlimmerHMM},{GeneMark_model.6271_t;GeneMark},{ev_type:exonerate/ID=match.2566964.4467/Target=lcl|KQ954503_1_prot_KWU42640_1_4973;exonerate},{ev_type:exonerate/ID=match.2566964.4468/Target=lcl|LCTV02000004_1_prot_PRQ75459_1_5148;exonerate}
14556	14646	INTRON			{Augustus_model.g4867.t1;Augustus},{GlimmerHMM_glimmerT_5848-T1;GlimmerHMM},{GeneMark_model.6271_t;GeneMark},{ev_type:exonerate/ID=match.2566964.4467/Target=lcl|KQ954503_1_prot_KWU42640_1_4973;exonerate},{ev_type:exonerate/ID=match.2566964.4468/Target=lcl|LCTV02000004_1_prot_PRQ75459_1_5148;exonerate}
14647	14786	internal+	1	2	{Augustus_model.g4867.t1;Augustus},{GlimmerHMM_glimmerT_5848-T1;GlimmerHMM},{GeneMark_model.6271_t;GeneMark},{ev_type:exonerate/ID=match.2566964.4467/Target=lcl|KQ954503_1_prot_KWU42640_1_4973;exonerate},{ev_type:exonerate/ID=match.2566964.4468/Target=lcl|LCTV02000004_1_prot_PRQ75459_1_5148;exonerate}
14787	14892	INTRON			{Augustus_model.g4867.t1;Augustus},{GlimmerHMM_glimmerT_5848-T1;GlimmerHMM},{GeneMark_model.6271_t;GeneMark},{ev_type:exonerate/ID=match.2566964.4467/Target=lcl|KQ954503_1_prot_KWU42640_1_4973;exonerate},{ev_type:exonerate/ID=match.2566964.4468/Target=lcl|LCTV02000004_1_prot_PRQ75459_1_5148;exonerate}
14893	14977	internal+	3	3	{Augustus_model.g4867.t1;Augustus},{GlimmerHMM_glimmerT_5848-T1;GlimmerHMM},{GeneMark_model.6271_t;GeneMark},{ev_type:exonerate/ID=match.2566964.4467/Target=lcl|KQ954503_1_prot_KWU42640_1_4973;exonerate},{ev_type:exonerate/ID=match.2566964.4468/Target=lcl|LCTV02000004_1_prot_PRQ75459_1_5148;exonerate}
14978	15090	INTRON			{Augustus_model.g4867.t1;Augustus},{GlimmerHMM_glimmerT_5848-T1;GlimmerHMM},{GeneMark_model.6271_t;GeneMark},{ev_type:exonerate/ID=match.2566964.4467/Target=lcl|KQ954503_1_prot_KWU42640_1_4973;exonerate},{ev_type:exonerate/ID=match.2566964.4468/Target=lcl|LCTV02000004_1_prot_PRQ75459_1_5148;exonerate}
15091	15153	terminal+	1	3	{Augustus_model.g4867.t1;Augustus},{GlimmerHMM_glimmerT_5848-T1;GlimmerHMM},{GeneMark_model.6271_t;GeneMark}

# EVM prediction: Mode:STANDARD S-ratio: 9.63 15682-16470 orient(-) score(2968.00) noncoding_equivalent(308.36) raw_noncoding(375.53) offset(67.17)
16394	15682	terminal-	5	6	{GeneMark_model.6272_t;GeneMark},{GlimmerHMM_glimmerT_5849-T1;GlimmerHMM},{Augustus_model.g4868.t1;Augustus}
16457	16395	INTRON			{GeneMark_model.6272_t;GeneMark},{GlimmerHMM_glimmerT_5849-T1;GlimmerHMM},{Augustus_model.g4868.t1;Augustus}
16470	16458	initial-	4	4	{GeneMark_model.6272_t;GeneMark},{GlimmerHMM_glimmerT_5849-T1;GlimmerHMM},{Augustus_model.g4868.t1;Augustus}

# EVM prediction: Mode:STANDARD S-ratio: 8.31 17609-22788 orient(-) score(19337.00) noncoding_equivalent(2326.90) raw_noncoding(2414.00) offset(87.10)
20007	17609	terminal-	5	6	{Augustus_model.g4869.t1;Augustus},{GlimmerHMM_glimmerT_5850-T1;GlimmerHMM},{GeneMark_model.6273_t;GeneMark}
20078	20008	INTRON			{Augustus_model.g4869.t1;Augustus},{GlimmerHMM_glimmerT_5850-T1;GlimmerHMM},{GeneMark_model.6273_t;GeneMark}
20619	20079	internal-	4	4	{Augustus_model.g4869.t1;Augustus},{GlimmerHMM_glimmerT_5850-T1;GlimmerHMM},{GeneMark_model.6273_t;GeneMark}
20688	20620	INTRON			{Augustus_model.g4869.t1;Augustus},{GlimmerHMM_glimmerT_5850-T1;GlimmerHMM},{GeneMark_model.6273_t;GeneMark},{ev_type:exonerate/ID=match.2566964.4458/Target=lcl|KQ954503_1_prot_KWU42649_1_4982;exonerate}
22788	20689	initial-	4	6	{GlimmerHMM_glimmerT_5850-T1;GlimmerHMM},{GeneMark_model.6273_t;GeneMark}

# EVM prediction: Mode:STANDARD S-ratio: 1.83 23916-25858 orient(+) score(5107.00) noncoding_equivalent(2796.29) raw_noncoding(3960.18) offset(1163.90)
23916	23945	initial+	1	3	{GeneMark_model.6274_t;GeneMark}
23946	24003	INTRON			{GeneMark_model.6274_t;GeneMark}
24004	24213	internal+	1	3	{GeneMark_model.6274_t;GeneMark},{Augustus_model.g4870.t1;Augustus}
24214	24279	INTRON			{GeneMark_model.6274_t;GeneMark},{Augustus_model.g4870.t1;Augustus}
24280	24372	internal+	1	3	{GeneMark_model.6274_t;GeneMark},{Augustus_model.g4870.t1;Augustus}
24373	24435	INTRON			{GeneMark_model.6274_t;GeneMark},{Augustus_model.g4870.t1;Augustus}
24436	24466	internal+	1	1	{GeneMark_model.6274_t;GeneMark},{Augustus_model.g4870.t1;Augustus}
24467	24537	INTRON			{GeneMark_model.6274_t;GeneMark},{Augustus_model.g4870.t1;Augustus}
24538	24614	internal+	2	3	{GlimmerHMM_glimmerT_5851-T1;GlimmerHMM},{GeneMark_model.6274_t;GeneMark},{Augustus_model.g4870.t1;Augustus}
24615	24686	INTRON			{GeneMark_model.6274_t;GeneMark},{Augustus_model.g4870.t1;Augustus}
24687	24719	internal+	1	3	{GeneMark_model.6274_t;GeneMark},{Augustus_model.g4870.t1;Augustus}
24720	24802	INTRON			{GeneMark_model.6274_t;GeneMark},{Augustus_model.g4870.t1;Augustus}
24803	24896	internal+	1	1	{GlimmerHMM_glimmerT_5851-T1;GlimmerHMM},{GeneMark_model.6274_t;GeneMark},{Augustus_model.g4870.t1;Augustus}
24897	25023	INTRON			{GlimmerHMM_glimmerT_5851-T1;GlimmerHMM},{GeneMark_model.6274_t;GeneMark},{Augustus_model.g4870.t1;Augustus}
25024	25382	internal+	2	3	{GlimmerHMM_glimmerT_5851-T1;GlimmerHMM},{GeneMark_model.6274_t;GeneMark}
25383	25462	INTRON			{GlimmerHMM_glimmerT_5851-T1;GlimmerHMM},{GeneMark_model.6274_t;GeneMark}
25463	25858	terminal+	1	3	{GlimmerHMM_glimmerT_5851-T1;GlimmerHMM},{GeneMark_model.6274_t;GeneMark}

# EVM prediction: Mode:STANDARD S-ratio: 1.43 26404-27091 orient(-) score(1877.00) noncoding_equivalent(1309.28) raw_noncoding(1867.00) offset(557.72)
26472	26404	terminal-	4	6	{GeneMark_model.6275_t;GeneMark},{GlimmerHMM_glimmerT_5852-T1;GlimmerHMM},{Augustus_model.g4871.t1;Augustus}
26538	26473	INTRON			{GeneMark_model.6275_t;GeneMark},{Augustus_model.g4871.t1;Augustus}
26562	26539	internal-	4	6	{GeneMark_model.6275_t;GeneMark},{Augustus_model.g4871.t1;Augustus}
26659	26563	INTRON			{GeneMark_model.6275_t;GeneMark},{Augustus_model.g4871.t1;Augustus}
26713	26660	internal-	4	6	{GeneMark_model.6275_t;GeneMark},{GlimmerHMM_glimmerT_5852-T1;GlimmerHMM},{Augustus_model.g4871.t1;Augustus}
26777	26714	INTRON			{GeneMark_model.6275_t;GeneMark},{GlimmerHMM_glimmerT_5852-T1;GlimmerHMM},{Augustus_model.g4871.t1;Augustus}
26888	26778	internal-	4	6	{GeneMark_model.6275_t;GeneMark},{GlimmerHMM_glimmerT_5852-T1;GlimmerHMM},{Augustus_model.g4871.t1;Augustus}
27046	26889	INTRON			{GeneMark_model.6275_t;GeneMark},{GlimmerHMM_glimmerT_5852-T1;GlimmerHMM},{Augustus_model.g4871.t1;Augustus}
27091	27047	initial-	4	6	{GeneMark_model.6275_t;GeneMark},{GlimmerHMM_glimmerT_5852-T1;GlimmerHMM},{Augustus_model.g4871.t1;Augustus}

# EVM prediction: Mode:STANDARD S-ratio: 3.45 27453-29430 orient(+) score(6466.00) noncoding_equivalent(1874.40) raw_noncoding(2560.00) offset(685.60)
27453	27505	initial+	1	2	{GeneMark_model.6276_t;GeneMark},{Augustus_model.g4872.t1;Augustus},{GlimmerHMM_glimmerT_5853-T1;GlimmerHMM}
27506	27621	INTRON			{Augustus_model.g4872.t1;Augustus},{GlimmerHMM_glimmerT_5853-T1;GlimmerHMM}
27622	27671	internal+	3	1	{Augustus_model.g4872.t1;Augustus},{GlimmerHMM_glimmerT_5853-T1;GlimmerHMM}
27672	27760	INTRON			{GeneMark_model.6276_t;GeneMark},{Augustus_model.g4872.t1;Augustus},{GlimmerHMM_glimmerT_5853-T1;GlimmerHMM}
27761	28041	internal+	2	3	{GeneMark_model.6276_t;GeneMark},{Augustus_model.g4872.t1;Augustus},{GlimmerHMM_glimmerT_5853-T1;GlimmerHMM}
28042	28117	INTRON			{GeneMark_model.6276_t;GeneMark},{Augustus_model.g4872.t1;Augustus},{GlimmerHMM_glimmerT_5853-T1;GlimmerHMM}
28118	28286	internal+	1	1	{GeneMark_model.6276_t;GeneMark},{Augustus_model.g4872.t1;Augustus},{GlimmerHMM_glimmerT_5853-T1;GlimmerHMM}
28287	28385	INTRON			{GeneMark_model.6276_t;GeneMark},{Augustus_model.g4872.t1;Augustus}
28386	28469	internal+	2	1	{GeneMark_model.6276_t;GeneMark},{Augustus_model.g4872.t1;Augustus}
28470	28542	INTRON			{GeneMark_model.6276_t;GeneMark},{Augustus_model.g4872.t1;Augustus}
28543	28718	internal+	2	3	{GeneMark_model.6276_t;GeneMark},{Augustus_model.g4872.t1;Augustus}
28719	28776	INTRON			{GeneMark_model.6276_t;GeneMark},{Augustus_model.g4872.t1;Augustus},{GlimmerHMM_glimmerT_5853-T1;GlimmerHMM}
28777	29430	terminal+	1	3	{GeneMark_model.6276_t;GeneMark},{snap_scaffold_17-snap.10-T1;snap},{Augustus_model.g4872.t1;Augustus},{GlimmerHMM_glimmerT_5853-T1;GlimmerHMM}

# EVM prediction: Mode:STANDARD S-ratio: 3.13 29653-34419 orient(-) score(16281.00) noncoding_equivalent(5203.46) raw_noncoding(5868.00) offset(664.54)
30466	29653	terminal-	6	6	{Augustus_model.g4873.t1;Augustus},{GlimmerHMM_glimmerT_5854-T1;GlimmerHMM},{GeneMark_model.6277_t;GeneMark}
30530	30467	INTRON			{Augustus_model.g4873.t1;Augustus},{GlimmerHMM_glimmerT_5854-T1;GlimmerHMM},{GeneMark_model.6277_t;GeneMark}
30700	30531	internal-	4	5	{Augustus_model.g4873.t1;Augustus},{GlimmerHMM_glimmerT_5854-T1;GlimmerHMM},{GeneMark_model.6277_t;GeneMark}
30762	30701	INTRON			{Augustus_model.g4873.t1;Augustus},{GlimmerHMM_glimmerT_5854-T1;GlimmerHMM},{GeneMark_model.6277_t;GeneMark}
31100	30763	internal-	5	6	{Augustus_model.g4873.t1;Augustus},{GlimmerHMM_glimmerT_5854-T1;GlimmerHMM},{GeneMark_model.6277_t;GeneMark}
31171	31101	INTRON			{Augustus_model.g4873.t1;Augustus},{GlimmerHMM_glimmerT_5854-T1;GlimmerHMM},{GeneMark_model.6277_t;GeneMark}
31208	31172	internal-	4	4	{Augustus_model.g4873.t1;Augustus},{GlimmerHMM_glimmerT_5854-T1;GlimmerHMM},{GeneMark_model.6277_t;GeneMark}
31280	31209	INTRON			{Augustus_model.g4873.t1;Augustus},{GlimmerHMM_glimmerT_5854-T1;GlimmerHMM},{GeneMark_model.6277_t;GeneMark}
31366	31281	internal-	5	6	{Augustus_model.g4873.t1;Augustus},{GlimmerHMM_glimmerT_5854-T1;GlimmerHMM},{GeneMark_model.6277_t;GeneMark}
31437	31367	INTRON			{Augustus_model.g4873.t1;Augustus},{GlimmerHMM_glimmerT_5854-T1;GlimmerHMM},{GeneMark_model.6277_t;GeneMark}
32201	31438	internal-	6	4	{Augustus_model.g4873.t1;Augustus},{GlimmerHMM_glimmerT_5854-T1;GlimmerHMM},{GeneMark_model.6277_t;GeneMark}
32265	32202	INTRON			{Augustus_model.g4873.t1;Augustus},{GlimmerHMM_glimmerT_5854-T1;GlimmerHMM},{GeneMark_model.6277_t;GeneMark}
32527	32266	internal-	5	5	{Augustus_model.g4873.t1;Augustus},{GlimmerHMM_glimmerT_5854-T1;GlimmerHMM},{GeneMark_model.6277_t;GeneMark}
32600	32528	INTRON			{Augustus_model.g4873.t1;Augustus},{GlimmerHMM_glimmerT_5854-T1;GlimmerHMM},{GeneMark_model.6277_t;GeneMark},{ev_type:exonerate/ID=match.2566964.1724/Target=lcl|KQ954503_1_prot_KWU42657_1_4990;exonerate}
33538	32601	internal-	6	4	{Augustus_model.g4873.t1;Augustus},{GlimmerHMM_glimmerT_5854-T1;GlimmerHMM},{GeneMark_model.6277_t;GeneMark}
33681	33539	INTRON			{Augustus_model.g4873.t1;Augustus},{GlimmerHMM_glimmerT_5854-T1;GlimmerHMM},{GeneMark_model.6277_t;GeneMark},{ev_type:exonerate/ID=match.2566964.4471/Target=lcl|KQ954503_1_prot_KWU42656_1_4989;exonerate}
34111	33682	internal-	5	5	{Augustus_model.g4873.t1;Augustus},{GlimmerHMM_glimmerT_5854-T1;GlimmerHMM},{GeneMark_model.6277_t;GeneMark}
34178	34112	INTRON			{Augustus_model.g4873.t1;Augustus},{GlimmerHMM_glimmerT_5854-T1;GlimmerHMM},{GeneMark_model.6277_t;GeneMark}
34419	34179	initial-	4	4	{Augustus_model.g4873.t1;Augustus},{GlimmerHMM_glimmerT_5854-T1;GlimmerHMM},{GeneMark_model.6277_t;GeneMark}

# EVM prediction: Mode:STANDARD S-ratio: 4.25 37312-39524 orient(-) score(16059.00) noncoding_equivalent(3780.54) raw_noncoding(5846.00) offset(2065.46)
37323	37312	terminal-	4	6	{HiQ_model.g4874.t1;HiQ},{GlimmerHMM_glimmerT_5855-T1;GlimmerHMM},{GeneMark_model.6278_t;GeneMark}
37420	37324	INTRON			{HiQ_model.g4874.t1;HiQ},{GlimmerHMM_glimmerT_5855-T1;GlimmerHMM},{GeneMark_model.6278_t;GeneMark}
37447	37421	internal-	4	6	{HiQ_model.g4874.t1;HiQ},{GlimmerHMM_glimmerT_5855-T1;GlimmerHMM},{GeneMark_model.6278_t;GeneMark}
37517	37448	INTRON			{HiQ_model.g4874.t1;HiQ},{GlimmerHMM_glimmerT_5855-T1;GlimmerHMM},{GeneMark_model.6278_t;GeneMark},{ev_type:exonerate/ID=match.2566964.538/Target=lcl|LCTV02000004_1_prot_PRQ75520_1_5209;exonerate},{ev_type:exonerate/ID=match.2566964.549/Target=lcl|PJQD01000059_1_prot_POY72079_1_5248;exonerate},{ev_type:exonerate/ID=match.2566964.645/Target=lcl|KQ954503_1_prot_KWU42655_1_4988;exonerate}
37670	37518	internal-	4	6	{HiQ_model.g4874.t1;HiQ},{GlimmerHMM_glimmerT_5855-T1;GlimmerHMM},{GeneMark_model.6278_t;GeneMark},{ev_type:exonerate/ID=match.2566964.538/Target=lcl|LCTV02000004_1_prot_PRQ75520_1_5209;exonerate},{ev_type:exonerate/ID=match.2566964.549/Target=lcl|PJQD01000059_1_prot_POY72079_1_5248;exonerate},{ev_type:exonerate/ID=match.2566964.645/Target=lcl|KQ954503_1_prot_KWU42655_1_4988;exonerate}
37731	37671	INTRON			{HiQ_model.g4874.t1;HiQ},{GlimmerHMM_glimmerT_5855-T1;GlimmerHMM},{GeneMark_model.6278_t;GeneMark},{ev_type:exonerate/ID=match.2566964.538/Target=lcl|LCTV02000004_1_prot_PRQ75520_1_5209;exonerate},{ev_type:exonerate/ID=match.2566964.549/Target=lcl|PJQD01000059_1_prot_POY72079_1_5248;exonerate},{ev_type:exonerate/ID=match.2566964.561/Target=lcl|BJWK01000017_1_prot_GEM11820_1_5837;exonerate},{ev_type:exonerate/ID=match.2566964.645/Target=lcl|KQ954503_1_prot_KWU42655_1_4988;exonerate}
37908	37732	internal-	4	6	{HiQ_model.g4874.t1;HiQ},{GlimmerHMM_glimmerT_5855-T1;GlimmerHMM},{GeneMark_model.6278_t;GeneMark},{ev_type:exonerate/ID=match.2566964.538/Target=lcl|LCTV02000004_1_prot_PRQ75520_1_5209;exonerate},{ev_type:exonerate/ID=match.2566964.549/Target=lcl|PJQD01000059_1_prot_POY72079_1_5248;exonerate},{ev_type:exonerate/ID=match.2566964.561/Target=lcl|BJWK01000017_1_prot_GEM11820_1_5837;exonerate},{ev_type:exonerate/ID=match.2566964.645/Target=lcl|KQ954503_1_prot_KWU42655_1_4988;exonerate}
37969	37909	INTRON			{HiQ_model.g4874.t1;HiQ},{GlimmerHMM_glimmerT_5855-T1;GlimmerHMM},{GeneMark_model.6278_t;GeneMark},{ev_type:exonerate/ID=match.2566964.538/Target=lcl|LCTV02000004_1_prot_PRQ75520_1_5209;exonerate},{ev_type:exonerate/ID=match.2566964.549/Target=lcl|PJQD01000059_1_prot_POY72079_1_5248;exonerate},{ev_type:exonerate/ID=match.2566964.561/Target=lcl|BJWK01000017_1_prot_GEM11820_1_5837;exonerate},{ev_type:exonerate/ID=match.2566964.645/Target=lcl|KQ954503_1_prot_KWU42655_1_4988;exonerate}
38077	37970	internal-	4	6	{HiQ_model.g4874.t1;HiQ},{GlimmerHMM_glimmerT_5855-T1;GlimmerHMM},{GeneMark_model.6278_t;GeneMark},{ev_type:exonerate/ID=match.2566964.538/Target=lcl|LCTV02000004_1_prot_PRQ75520_1_5209;exonerate},{ev_type:exonerate/ID=match.2566964.549/Target=lcl|PJQD01000059_1_prot_POY72079_1_5248;exonerate},{ev_type:exonerate/ID=match.2566964.561/Target=lcl|BJWK01000017_1_prot_GEM11820_1_5837;exonerate},{ev_type:exonerate/ID=match.2566964.645/Target=lcl|KQ954503_1_prot_KWU42655_1_4988;exonerate}
38169	38078	INTRON			{HiQ_model.g4874.t1;HiQ},{GlimmerHMM_glimmerT_5855-T1;GlimmerHMM},{GeneMark_model.6278_t;GeneMark},{ev_type:exonerate/ID=match.2566964.538/Target=lcl|LCTV02000004_1_prot_PRQ75520_1_5209;exonerate},{ev_type:exonerate/ID=match.2566964.549/Target=lcl|PJQD01000059_1_prot_POY72079_1_5248;exonerate},{ev_type:exonerate/ID=match.2566964.561/Target=lcl|BJWK01000017_1_prot_GEM11820_1_5837;exonerate},{ev_type:exonerate/ID=match.2566964.645/Target=lcl|KQ954503_1_prot_KWU42655_1_4988;exonerate}
38706	38170	internal-	4	6	{HiQ_model.g4874.t1;HiQ},{GlimmerHMM_glimmerT_5855-T1;GlimmerHMM},{GeneMark_model.6278_t;GeneMark},{ev_type:exonerate/ID=match.2566964.538/Target=lcl|LCTV02000004_1_prot_PRQ75520_1_5209;exonerate},{ev_type:exonerate/ID=match.2566964.549/Target=lcl|PJQD01000059_1_prot_POY72079_1_5248;exonerate},{ev_type:exonerate/ID=match.2566964.561/Target=lcl|BJWK01000017_1_prot_GEM11820_1_5837;exonerate},{ev_type:exonerate/ID=match.2566964.645/Target=lcl|KQ954503_1_prot_KWU42655_1_4988;exonerate}
38768	38707	INTRON			{HiQ_model.g4874.t1;HiQ},{GlimmerHMM_glimmerT_5855-T1;GlimmerHMM},{GeneMark_model.6278_t;GeneMark},{ev_type:exonerate/ID=match.2566964.538/Target=lcl|LCTV02000004_1_prot_PRQ75520_1_5209;exonerate},{ev_type:exonerate/ID=match.2566964.549/Target=lcl|PJQD01000059_1_prot_POY72079_1_5248;exonerate},{ev_type:exonerate/ID=match.2566964.561/Target=lcl|BJWK01000017_1_prot_GEM11820_1_5837;exonerate},{ev_type:exonerate/ID=match.2566964.645/Target=lcl|KQ954503_1_prot_KWU42655_1_4988;exonerate}
38820	38769	internal-	6	6	{HiQ_model.g4874.t1;HiQ},{GlimmerHMM_glimmerT_5855-T1;GlimmerHMM},{GeneMark_model.6278_t;GeneMark},{ev_type:exonerate/ID=match.2566964.538/Target=lcl|LCTV02000004_1_prot_PRQ75520_1_5209;exonerate},{ev_type:exonerate/ID=match.2566964.549/Target=lcl|PJQD01000059_1_prot_POY72079_1_5248;exonerate},{ev_type:exonerate/ID=match.2566964.561/Target=lcl|BJWK01000017_1_prot_GEM11820_1_5837;exonerate},{ev_type:exonerate/ID=match.2566964.645/Target=lcl|KQ954503_1_prot_KWU42655_1_4988;exonerate}
38883	38821	INTRON			{HiQ_model.g4874.t1;HiQ},{GlimmerHMM_glimmerT_5855-T1;GlimmerHMM},{GeneMark_model.6278_t;GeneMark},{ev_type:exonerate/ID=match.2566964.538/Target=lcl|LCTV02000004_1_prot_PRQ75520_1_5209;exonerate},{ev_type:exonerate/ID=match.2566964.549/Target=lcl|PJQD01000059_1_prot_POY72079_1_5248;exonerate},{ev_type:exonerate/ID=match.2566964.561/Target=lcl|BJWK01000017_1_prot_GEM11820_1_5837;exonerate},{ev_type:exonerate/ID=match.2566964.645/Target=lcl|KQ954503_1_prot_KWU42655_1_4988;exonerate}
38940	38884	internal-	6	5	{HiQ_model.g4874.t1;HiQ},{GlimmerHMM_glimmerT_5855-T1;GlimmerHMM},{GeneMark_model.6278_t;GeneMark},{ev_type:exonerate/ID=match.2566964.538/Target=lcl|LCTV02000004_1_prot_PRQ75520_1_5209;exonerate},{ev_type:exonerate/ID=match.2566964.549/Target=lcl|PJQD01000059_1_prot_POY72079_1_5248;exonerate},{ev_type:exonerate/ID=match.2566964.561/Target=lcl|BJWK01000017_1_prot_GEM11820_1_5837;exonerate},{ev_type:exonerate/ID=match.2566964.645/Target=lcl|KQ954503_1_prot_KWU42655_1_4988;exonerate}
39002	38941	INTRON			{HiQ_model.g4874.t1;HiQ},{GeneMark_model.6278_t;GeneMark},{ev_type:exonerate/ID=match.2566964.538/Target=lcl|LCTV02000004_1_prot_PRQ75520_1_5209;exonerate},{ev_type:exonerate/ID=match.2566964.549/Target=lcl|PJQD01000059_1_prot_POY72079_1_5248;exonerate},{ev_type:exonerate/ID=match.2566964.561/Target=lcl|BJWK01000017_1_prot_GEM11820_1_5837;exonerate},{ev_type:exonerate/ID=match.2566964.645/Target=lcl|KQ954503_1_prot_KWU42655_1_4988;exonerate}
39020	39003	internal-	6	5	{HiQ_model.g4874.t1;HiQ},{GeneMark_model.6278_t;GeneMark},{ev_type:exonerate/ID=match.2566964.549/Target=lcl|PJQD01000059_1_prot_POY72079_1_5248;exonerate}
39083	39021	INTRON			{HiQ_model.g4874.t1;HiQ},{GeneMark_model.6278_t;GeneMark},{ev_type:exonerate/ID=match.2566964.549/Target=lcl|PJQD01000059_1_prot_POY72079_1_5248;exonerate}
39146	39084	internal-	6	5	{HiQ_model.g4874.t1;HiQ},{GlimmerHMM_glimmerT_5855-T1;GlimmerHMM},{GeneMark_model.6278_t;GeneMark},{ev_type:exonerate/ID=match.2566964.549/Target=lcl|PJQD01000059_1_prot_POY72079_1_5248;exonerate}
39495	39147	INTRON			{HiQ_model.g4874.t1;HiQ},{GlimmerHMM_glimmerT_5855-T1;GlimmerHMM},{GeneMark_model.6278_t;GeneMark},{ev_type:exonerate/ID=match.2566964.549/Target=lcl|PJQD01000059_1_prot_POY72079_1_5248;exonerate}
39524	39496	initial-	4	5	{HiQ_model.g4874.t1;HiQ},{GlimmerHMM_glimmerT_5855-T1;GlimmerHMM},{GeneMark_model.6278_t;GeneMark}

# EVM prediction: Mode:STANDARD S-ratio: 3.43 40323-45578 orient(-) score(22928.00) noncoding_equivalent(6682.68) raw_noncoding(8745.00) offset(2062.32)
40580	40323	terminal-	4	6	{snap_scaffold_17-snap.13-T1;snap},{Augustus_model.g4875.t1;Augustus},{GeneMark_model.6279_t;GeneMark},{GlimmerHMM_glimmerT_5856-T1;GlimmerHMM}
40651	40581	INTRON			{Augustus_model.g4875.t1;Augustus},{GeneMark_model.6279_t;GeneMark},{GlimmerHMM_glimmerT_5856-T1;GlimmerHMM},{ev_type:exonerate/ID=match.2566964.1381/Target=lcl|PJQD01000059_1_prot_POY72078_1_5247;exonerate},{ev_type:exonerate/ID=match.2566964.1385/Target=lcl|KQ954503_1_prot_KWU42654_1_4987;exonerate}
40789	40652	internal-	4	6	{Augustus_model.g4875.t1;Augustus},{GeneMark_model.6279_t;GeneMark},{GlimmerHMM_glimmerT_5856-T1;GlimmerHMM},{ev_type:exonerate/ID=match.2566964.1381/Target=lcl|PJQD01000059_1_prot_POY72078_1_5247;exonerate},{ev_type:exonerate/ID=match.2566964.1385/Target=lcl|KQ954503_1_prot_KWU42654_1_4987;exonerate}
40859	40790	INTRON			{Augustus_model.g4875.t1;Augustus},{GeneMark_model.6279_t;GeneMark},{GlimmerHMM_glimmerT_5856-T1;GlimmerHMM},{ev_type:exonerate/ID=match.2566964.1381/Target=lcl|PJQD01000059_1_prot_POY72078_1_5247;exonerate},{ev_type:exonerate/ID=match.2566964.1385/Target=lcl|KQ954503_1_prot_KWU42654_1_4987;exonerate}
41295	40860	internal-	6	6	{Augustus_model.g4875.t1;Augustus},{GeneMark_model.6279_t;GeneMark},{GlimmerHMM_glimmerT_5856-T1;GlimmerHMM},{ev_type:exonerate/ID=match.2566964.1381/Target=lcl|PJQD01000059_1_prot_POY72078_1_5247;exonerate}
41366	41296	INTRON			{Augustus_model.g4875.t1;Augustus},{GeneMark_model.6279_t;GeneMark},{GlimmerHMM_glimmerT_5856-T1;GlimmerHMM},{ev_type:exonerate/ID=match.2566964.1381/Target=lcl|PJQD01000059_1_prot_POY72078_1_5247;exonerate},{ev_type:exonerate/ID=match.2566964.1385/Target=lcl|KQ954503_1_prot_KWU42654_1_4987;exonerate}
41517	41367	internal-	5	5	{Augustus_model.g4875.t1;Augustus},{GeneMark_model.6279_t;GeneMark},{GlimmerHMM_glimmerT_5856-T1;GlimmerHMM},{ev_type:exonerate/ID=match.2566964.1381/Target=lcl|PJQD01000059_1_prot_POY72078_1_5247;exonerate},{ev_type:exonerate/ID=match.2566964.1385/Target=lcl|KQ954503_1_prot_KWU42654_1_4987;exonerate}
41584	41518	INTRON			{Augustus_model.g4875.t1;Augustus},{GeneMark_model.6279_t;GeneMark},{GlimmerHMM_glimmerT_5856-T1;GlimmerHMM},{ev_type:exonerate/ID=match.2566964.1381/Target=lcl|PJQD01000059_1_prot_POY72078_1_5247;exonerate},{ev_type:exonerate/ID=match.2566964.1385/Target=lcl|KQ954503_1_prot_KWU42654_1_4987;exonerate}
41675	41585	internal-	4	4	{Augustus_model.g4875.t1;Augustus},{GeneMark_model.6279_t;GeneMark},{GlimmerHMM_glimmerT_5856-T1;GlimmerHMM},{ev_type:exonerate/ID=match.2566964.1381/Target=lcl|PJQD01000059_1_prot_POY72078_1_5247;exonerate},{ev_type:exonerate/ID=match.2566964.1385/Target=lcl|KQ954503_1_prot_KWU42654_1_4987;exonerate}
41744	41676	INTRON			{Augustus_model.g4875.t1;Augustus},{GeneMark_model.6279_t;GeneMark},{GlimmerHMM_glimmerT_5856-T1;GlimmerHMM},{ev_type:exonerate/ID=match.2566964.1381/Target=lcl|PJQD01000059_1_prot_POY72078_1_5247;exonerate},{ev_type:exonerate/ID=match.2566964.1385/Target=lcl|KQ954503_1_prot_KWU42654_1_4987;exonerate}
41955	41745	internal-	6	6	{Augustus_model.g4875.t1;Augustus},{GeneMark_model.6279_t;GeneMark},{GlimmerHMM_glimmerT_5856-T1;GlimmerHMM},{ev_type:exonerate/ID=match.2566964.1381/Target=lcl|PJQD01000059_1_prot_POY72078_1_5247;exonerate},{ev_type:exonerate/ID=match.2566964.1385/Target=lcl|KQ954503_1_prot_KWU42654_1_4987;exonerate}
42011	41956	INTRON			{Augustus_model.g4875.t1;Augustus},{GeneMark_model.6279_t;GeneMark},{GlimmerHMM_glimmerT_5856-T1;GlimmerHMM},{ev_type:exonerate/ID=match.2566964.1381/Target=lcl|PJQD01000059_1_prot_POY72078_1_5247;exonerate},{ev_type:exonerate/ID=match.2566964.1385/Target=lcl|KQ954503_1_prot_KWU42654_1_4987;exonerate}
42091	42012	internal-	4	5	{Augustus_model.g4875.t1;Augustus},{GeneMark_model.6279_t;GeneMark},{GlimmerHMM_glimmerT_5856-T1;GlimmerHMM},{ev_type:exonerate/ID=match.2566964.1381/Target=lcl|PJQD01000059_1_prot_POY72078_1_5247;exonerate},{ev_type:exonerate/ID=match.2566964.1385/Target=lcl|KQ954503_1_prot_KWU42654_1_4987;exonerate}
42164	42092	INTRON			{Augustus_model.g4875.t1;Augustus},{GeneMark_model.6279_t;GeneMark},{GlimmerHMM_glimmerT_5856-T1;GlimmerHMM},{ev_type:exonerate/ID=match.2566964.1381/Target=lcl|PJQD01000059_1_prot_POY72078_1_5247;exonerate},{ev_type:exonerate/ID=match.2566964.1385/Target=lcl|KQ954503_1_prot_KWU42654_1_4987;exonerate}
42515	42165	internal-	4	6	{Augustus_model.g4875.t1;Augustus},{GeneMark_model.6279_t;GeneMark},{GlimmerHMM_glimmerT_5856-T1;GlimmerHMM},{ev_type:exonerate/ID=match.2566964.1381/Target=lcl|PJQD01000059_1_prot_POY72078_1_5247;exonerate},{ev_type:exonerate/ID=match.2566964.1385/Target=lcl|KQ954503_1_prot_KWU42654_1_4987;exonerate}
42592	42516	INTRON			{Augustus_model.g4875.t1;Augustus},{GeneMark_model.6279_t;GeneMark},{ev_type:exonerate/ID=match.2566964.1381/Target=lcl|PJQD01000059_1_prot_POY72078_1_5247;exonerate},{ev_type:exonerate/ID=match.2566964.1385/Target=lcl|KQ954503_1_prot_KWU42654_1_4987;exonerate}
42851	42593	internal-	6	6	{Augustus_model.g4875.t1;Augustus},{GeneMark_model.6279_t;GeneMark},{ev_type:exonerate/ID=match.2566964.1381/Target=lcl|PJQD01000059_1_prot_POY72078_1_5247;exonerate},{ev_type:exonerate/ID=match.2566964.1385/Target=lcl|KQ954503_1_prot_KWU42654_1_4987;exonerate}
42930	42852	INTRON			{Augustus_model.g4875.t1;Augustus},{GeneMark_model.6279_t;GeneMark},{GlimmerHMM_glimmerT_5856-T1;GlimmerHMM},{ev_type:exonerate/ID=match.2566964.1381/Target=lcl|PJQD01000059_1_prot_POY72078_1_5247;exonerate},{ev_type:exonerate/ID=match.2566964.1385/Target=lcl|KQ954503_1_prot_KWU42654_1_4987;exonerate}
42987	42931	internal-	6	5	{Augustus_model.g4875.t1;Augustus},{GeneMark_model.6279_t;GeneMark},{GlimmerHMM_glimmerT_5856-T1;GlimmerHMM},{ev_type:exonerate/ID=match.2566964.1381/Target=lcl|PJQD01000059_1_prot_POY72078_1_5247;exonerate},{ev_type:exonerate/ID=match.2566964.1385/Target=lcl|KQ954503_1_prot_KWU42654_1_4987;exonerate}
43052	42988	INTRON			{Augustus_model.g4875.t1;Augustus},{GeneMark_model.6279_t;GeneMark},{GlimmerHMM_glimmerT_5856-T1;GlimmerHMM},{ev_type:exonerate/ID=match.2566964.1381/Target=lcl|PJQD01000059_1_prot_POY72078_1_5247;exonerate},{ev_type:exonerate/ID=match.2566964.1385/Target=lcl|KQ954503_1_prot_KWU42654_1_4987;exonerate}
43186	43053	internal-	4	5	{Augustus_model.g4875.t1;Augustus},{GeneMark_model.6279_t;GeneMark},{ev_type:exonerate/ID=match.2566964.1381/Target=lcl|PJQD01000059_1_prot_POY72078_1_5247;exonerate},{ev_type:exonerate/ID=match.2566964.1385/Target=lcl|KQ954503_1_prot_KWU42654_1_4987;exonerate}
43344	43187	INTRON			{Augustus_model.g4875.t1;Augustus},{GeneMark_model.6279_t;GeneMark},{ev_type:exonerate/ID=match.2566964.1381/Target=lcl|PJQD01000059_1_prot_POY72078_1_5247;exonerate},{ev_type:exonerate/ID=match.2566964.1385/Target=lcl|KQ954503_1_prot_KWU42654_1_4987;exonerate}
43408	43345	internal-	6	6	{Augustus_model.g4875.t1;Augustus},{GeneMark_model.6279_t;GeneMark},{ev_type:exonerate/ID=match.2566964.1381/Target=lcl|PJQD01000059_1_prot_POY72078_1_5247;exonerate},{ev_type:exonerate/ID=match.2566964.1385/Target=lcl|KQ954503_1_prot_KWU42654_1_4987;exonerate}
43519	43409	INTRON			{Augustus_model.g4875.t1;Augustus},{GeneMark_model.6279_t;GeneMark},{ev_type:exonerate/ID=match.2566964.1381/Target=lcl|PJQD01000059_1_prot_POY72078_1_5247;exonerate},{ev_type:exonerate/ID=match.2566964.1385/Target=lcl|KQ954503_1_prot_KWU42654_1_4987;exonerate}
43654	43520	internal-	6	5	{Augustus_model.g4875.t1;Augustus},{GlimmerHMM_glimmerT_5856-T1;GlimmerHMM}
43956	43655	INTRON			{Augustus_model.g4875.t1;Augustus},{GlimmerHMM_glimmerT_5856-T1;GlimmerHMM}
44157	43957	internal-	6	5	{Augustus_model.g4875.t1;Augustus},{GeneMark_model.6279_t;GeneMark},{GlimmerHMM_glimmerT_5856-T1;GlimmerHMM}
44307	44158	INTRON			{Augustus_model.g4875.t1;Augustus},{GeneMark_model.6279_t;GeneMark},{GlimmerHMM_glimmerT_5856-T1;GlimmerHMM}
44449	44308	internal-	5	5	{Augustus_model.g4875.t1;Augustus},{GeneMark_model.6279_t;GeneMark},{GlimmerHMM_glimmerT_5856-T1;GlimmerHMM}
44524	44450	INTRON			{Augustus_model.g4875.t1;Augustus},{GeneMark_model.6279_t;GeneMark},{GlimmerHMM_glimmerT_5856-T1;GlimmerHMM}
44943	44525	internal-	6	4	{Augustus_model.g4875.t1;Augustus},{GeneMark_model.6279_t;GeneMark},{GlimmerHMM_glimmerT_5856-T1;GlimmerHMM}
45019	44944	INTRON			{Augustus_model.g4875.t1;Augustus},{GeneMark_model.6279_t;GeneMark},{GlimmerHMM_glimmerT_5856-T1;GlimmerHMM}
45234	45020	internal-	4	5	{Augustus_model.g4875.t1;Augustus},{GeneMark_model.6279_t;GeneMark},{GlimmerHMM_glimmerT_5856-T1;GlimmerHMM}
45325	45235	INTRON			{Augustus_model.g4875.t1;Augustus},{GeneMark_model.6279_t;GeneMark},{GlimmerHMM_glimmerT_5856-T1;GlimmerHMM}
45476	45326	internal-	6	6	{Augustus_model.g4875.t1;Augustus},{GeneMark_model.6279_t;GeneMark},{GlimmerHMM_glimmerT_5856-T1;GlimmerHMM}
45549	45477	INTRON			{Augustus_model.g4875.t1;Augustus},{GeneMark_model.6279_t;GeneMark},{GlimmerHMM_glimmerT_5856-T1;GlimmerHMM}
45578	45550	initial-	4	5	{Augustus_model.g4875.t1;Augustus}

# EVM prediction: Mode:STANDARD S-ratio: 1.97 46253-46984 orient(+) score(2148.00) noncoding_equivalent(1093.09) raw_noncoding(1509.00) offset(415.91)
46253	46261	initial+	1	3	{GlimmerHMM_glimmerT_5857-T1;GlimmerHMM},{Augustus_model.g4876.t1;Augustus},{GeneMark_model.6280_t;GeneMark},{snap_scaffold_17-snap.16-T1;snap}
46262	46352	INTRON			{Augustus_model.g4876.t1;Augustus},{GeneMark_model.6280_t;GeneMark}
46353	46409	internal+	1	3	{Augustus_model.g4876.t1;Augustus},{GeneMark_model.6280_t;GeneMark}
46410	46479	INTRON			{Augustus_model.g4876.t1;Augustus},{GeneMark_model.6280_t;GeneMark}
46480	46632	internal+	1	3	{GlimmerHMM_glimmerT_5857-T1;GlimmerHMM},{Augustus_model.g4876.t1;Augustus},{GeneMark_model.6280_t;GeneMark}
46633	46714	INTRON			{GlimmerHMM_glimmerT_5857-T1;GlimmerHMM},{Augustus_model.g4876.t1;Augustus},{GeneMark_model.6280_t;GeneMark}
46715	46782	internal+	1	2	{GlimmerHMM_glimmerT_5857-T1;GlimmerHMM},{Augustus_model.g4876.t1;Augustus},{GeneMark_model.6280_t;GeneMark}
46783	46863	INTRON			{GlimmerHMM_glimmerT_5857-T1;GlimmerHMM},{Augustus_model.g4876.t1;Augustus},{GeneMark_model.6280_t;GeneMark}
46864	46984	terminal+	3	3	{GlimmerHMM_glimmerT_5857-T1;GlimmerHMM},{Augustus_model.g4876.t1;Augustus},{GeneMark_model.6280_t;GeneMark}

# EVM prediction: Mode:STANDARD S-ratio: 2.21 47244-53050 orient(-) score(17182.00) noncoding_equivalent(7769.93) raw_noncoding(8960.00) offset(1190.07)
47884	47244	terminal-	5	6	{GeneMark_model.6281_t;GeneMark},{GlimmerHMM_glimmerT_5858-T1;GlimmerHMM},{Augustus_model.g4877.t1;Augustus}
47946	47885	INTRON			{GeneMark_model.6281_t;GeneMark},{GlimmerHMM_glimmerT_5858-T1;GlimmerHMM},{Augustus_model.g4877.t1;Augustus}
48181	47947	internal-	4	4	{GeneMark_model.6281_t;GeneMark},{GlimmerHMM_glimmerT_5858-T1;GlimmerHMM},{Augustus_model.g4877.t1;Augustus}
48247	48182	INTRON			{GeneMark_model.6281_t;GeneMark},{GlimmerHMM_glimmerT_5858-T1;GlimmerHMM},{Augustus_model.g4877.t1;Augustus}
48381	48248	internal-	5	6	{GeneMark_model.6281_t;GeneMark},{GlimmerHMM_glimmerT_5858-T1;GlimmerHMM},{Augustus_model.g4877.t1;Augustus}
48447	48382	INTRON			{GeneMark_model.6281_t;GeneMark},{GlimmerHMM_glimmerT_5858-T1;GlimmerHMM},{Augustus_model.g4877.t1;Augustus}
48667	48448	internal-	4	4	{GeneMark_model.6281_t;GeneMark},{GlimmerHMM_glimmerT_5858-T1;GlimmerHMM},{Augustus_model.g4877.t1;Augustus}
48726	48668	INTRON			{GeneMark_model.6281_t;GeneMark},{GlimmerHMM_glimmerT_5858-T1;GlimmerHMM},{Augustus_model.g4877.t1;Augustus}
48847	48727	internal-	6	6	{GeneMark_model.6281_t;GeneMark},{GlimmerHMM_glimmerT_5858-T1;GlimmerHMM},{Augustus_model.g4877.t1;Augustus}
48916	48848	INTRON			{GeneMark_model.6281_t;GeneMark},{GlimmerHMM_glimmerT_5858-T1;GlimmerHMM},{Augustus_model.g4877.t1;Augustus}
49016	48917	internal-	5	5	{GeneMark_model.6281_t;GeneMark},{GlimmerHMM_glimmerT_5858-T1;GlimmerHMM},{Augustus_model.g4877.t1;Augustus}
49082	49017	INTRON			{GeneMark_model.6281_t;GeneMark},{GlimmerHMM_glimmerT_5858-T1;GlimmerHMM},{Augustus_model.g4877.t1;Augustus}
49258	49083	internal-	6	4	{GeneMark_model.6281_t;GeneMark},{GlimmerHMM_glimmerT_5858-T1;GlimmerHMM},{Augustus_model.g4877.t1;Augustus}
49322	49259	INTRON			{GeneMark_model.6281_t;GeneMark},{GlimmerHMM_glimmerT_5858-T1;GlimmerHMM},{Augustus_model.g4877.t1;Augustus}
49522	49323	internal-	4	5	{GeneMark_model.6281_t;GeneMark},{GlimmerHMM_glimmerT_5858-T1;GlimmerHMM},{Augustus_model.g4877.t1;Augustus}
49590	49523	INTRON			{GeneMark_model.6281_t;GeneMark},{GlimmerHMM_glimmerT_5858-T1;GlimmerHMM},{Augustus_model.g4877.t1;Augustus}
49764	49591	internal-	4	6	{GeneMark_model.6281_t;GeneMark},{GlimmerHMM_glimmerT_5858-T1;GlimmerHMM},{Augustus_model.g4877.t1;Augustus}
49823	49765	INTRON			{GeneMark_model.6281_t;GeneMark},{GlimmerHMM_glimmerT_5858-T1;GlimmerHMM},{Augustus_model.g4877.t1;Augustus}
50019	49824	internal-	6	6	{GeneMark_model.6281_t;GeneMark},{GlimmerHMM_glimmerT_5858-T1;GlimmerHMM},{Augustus_model.g4877.t1;Augustus}
50084	50020	INTRON			{GeneMark_model.6281_t;GeneMark},{GlimmerHMM_glimmerT_5858-T1;GlimmerHMM},{Augustus_model.g4877.t1;Augustus}
50202	50085	internal-	5	5	{GeneMark_model.6281_t;GeneMark},{GlimmerHMM_glimmerT_5858-T1;GlimmerHMM},{Augustus_model.g4877.t1;Augustus}
50270	50203	INTRON			{GeneMark_model.6281_t;GeneMark},{GlimmerHMM_glimmerT_5858-T1;GlimmerHMM},{Augustus_model.g4877.t1;Augustus}
50588	50271	internal-	5	4	{GlimmerHMM_glimmerT_5858-T1;GlimmerHMM}
50654	50589	INTRON			{GeneMark_model.6281_t;GeneMark},{GlimmerHMM_glimmerT_5858-T1;GlimmerHMM},{Augustus_model.g4877.t1;Augustus}
50746	50655	internal-	6	4	{GeneMark_model.6281_t;GeneMark},{GlimmerHMM_glimmerT_5858-T1;GlimmerHMM},{Augustus_model.g4877.t1;Augustus}
50804	50747	INTRON			{GeneMark_model.6281_t;GeneMark},{GlimmerHMM_glimmerT_5858-T1;GlimmerHMM},{Augustus_model.g4877.t1;Augustus}
50958	50805	internal-	5	5	{GeneMark_model.6281_t;GeneMark},{GlimmerHMM_glimmerT_5858-T1;GlimmerHMM},{Augustus_model.g4877.t1;Augustus}
51020	50959	INTRON			{GeneMark_model.6281_t;GeneMark},{GlimmerHMM_glimmerT_5858-T1;GlimmerHMM},{Augustus_model.g4877.t1;Augustus}
51213	51021	internal-	4	4	{GeneMark_model.6281_t;GeneMark},{Augustus_model.g4877.t1;Augustus}
51296	51214	INTRON			{GeneMark_model.6281_t;GeneMark},{Augustus_model.g4877.t1;Augustus}
51491	51297	internal-	4	6	{GeneMark_model.6281_t;GeneMark},{GlimmerHMM_glimmerT_5858-T1;GlimmerHMM},{Augustus_model.g4877.t1;Augustus}
51586	51492	INTRON			{GeneMark_model.6281_t;GeneMark},{GlimmerHMM_glimmerT_5858-T1;GlimmerHMM}
52741	51587	internal-	4	6	{GeneMark_model.6281_t;GeneMark},{GlimmerHMM_glimmerT_5858-T1;GlimmerHMM}
52804	52742	INTRON			{GeneMark_model.6281_t;GeneMark},{GlimmerHMM_glimmerT_5858-T1;GlimmerHMM}
53050	52805	initial-	4	6	{GeneMark_model.6281_t;GeneMark},{GlimmerHMM_glimmerT_5858-T1;GlimmerHMM},{Augustus_model.g4877.t1;Augustus}

# EVM prediction: Mode:STANDARD S-ratio: 1.67 53991-54691 orient(+) score(2103.00) noncoding_equivalent(1263.00) raw_noncoding(1562.00) offset(299.00)
53991	54014	initial+	1	3	{Augustus_model.g4878.t1;Augustus},{GlimmerHMM_glimmerT_5859-T1;GlimmerHMM},{GeneMark_model.6282_t;GeneMark}
54015	54103	INTRON			{Augustus_model.g4878.t1;Augustus},{GlimmerHMM_glimmerT_5859-T1;GlimmerHMM},{GeneMark_model.6282_t;GeneMark}
54104	54188	internal+	1	1	{Augustus_model.g4878.t1;Augustus},{GlimmerHMM_glimmerT_5859-T1;GlimmerHMM},{GeneMark_model.6282_t;GeneMark}
54189	54299	INTRON			{Augustus_model.g4878.t1;Augustus},{GlimmerHMM_glimmerT_5859-T1;GlimmerHMM},{GeneMark_model.6282_t;GeneMark}
54300	54587	internal+	2	1	{Augustus_model.g4878.t1;Augustus},{GlimmerHMM_glimmerT_5859-T1;GlimmerHMM},{GeneMark_model.6282_t;GeneMark}
54588	54674	INTRON			{Augustus_model.g4878.t1;Augustus},{GlimmerHMM_glimmerT_5859-T1;GlimmerHMM},{GeneMark_model.6282_t;GeneMark}
54675	54691	terminal+	2	3	{Augustus_model.g4878.t1;Augustus},{GlimmerHMM_glimmerT_5859-T1;GlimmerHMM},{GeneMark_model.6282_t;GeneMark}

# EVM prediction: Mode:STANDARD S-ratio: 72.56 55031-56023 orient(-) score(3918.00) noncoding_equivalent(54.00) raw_noncoding(54.00) offset(0.00)
56023	55031	single-	4	6	{GlimmerHMM_glimmerT_5860-T1;GlimmerHMM},{GeneMark_model.6283_t;GeneMark},{Augustus_model.g4879.t1;Augustus}

# EVM prediction: Mode:STANDARD S-ratio: 1.93 56345-59676 orient(+) score(9351.00) noncoding_equivalent(4843.73) raw_noncoding(5894.00) offset(1050.27)
56345	56988	initial+	1	2	{GeneMark_model.6284_t;GeneMark},{GlimmerHMM_glimmerT_5861-T1;GlimmerHMM}
56989	57054	INTRON			{Augustus_model.g4880.t1;Augustus},{GeneMark_model.6284_t;GeneMark},{GlimmerHMM_glimmerT_5861-T1;GlimmerHMM}
57055	57174	internal+	3	2	{Augustus_model.g4880.t1;Augustus},{GeneMark_model.6284_t;GeneMark},{GlimmerHMM_glimmerT_5861-T1;GlimmerHMM}
57175	57246	INTRON			{Augustus_model.g4880.t1;Augustus},{GeneMark_model.6284_t;GeneMark}
57247	57433	internal+	3	3	{Augustus_model.g4880.t1;Augustus},{GeneMark_model.6284_t;GeneMark}
57434	57500	INTRON			{Augustus_model.g4880.t1;Augustus},{GeneMark_model.6284_t;GeneMark},{GlimmerHMM_glimmerT_5861-T1;GlimmerHMM}
57501	57621	internal+	1	1	{Augustus_model.g4880.t1;Augustus},{GeneMark_model.6284_t;GeneMark},{GlimmerHMM_glimmerT_5861-T1;GlimmerHMM}
57622	57701	INTRON			{Augustus_model.g4880.t1;Augustus},{GeneMark_model.6284_t;GeneMark},{GlimmerHMM_glimmerT_5861-T1;GlimmerHMM}
57702	57783	internal+	2	2	{Augustus_model.g4880.t1;Augustus},{GeneMark_model.6284_t;GeneMark},{GlimmerHMM_glimmerT_5861-T1;GlimmerHMM}
57784	57868	INTRON			{Augustus_model.g4880.t1;Augustus},{GeneMark_model.6284_t;GeneMark},{GlimmerHMM_glimmerT_5861-T1;GlimmerHMM}
57869	58072	internal+	3	2	{Augustus_model.g4880.t1;Augustus},{GeneMark_model.6284_t;GeneMark},{GlimmerHMM_glimmerT_5861-T1;GlimmerHMM}
58073	58143	INTRON			{Augustus_model.g4880.t1;Augustus},{GeneMark_model.6284_t;GeneMark},{GlimmerHMM_glimmerT_5861-T1;GlimmerHMM}
58144	58204	internal+	3	3	{Augustus_model.g4880.t1;Augustus},{GeneMark_model.6284_t;GeneMark},{GlimmerHMM_glimmerT_5861-T1;GlimmerHMM}
58205	58285	INTRON			{Augustus_model.g4880.t1;Augustus},{GeneMark_model.6284_t;GeneMark},{GlimmerHMM_glimmerT_5861-T1;GlimmerHMM}
58286	58519	internal+	1	3	{Augustus_model.g4880.t1;Augustus},{GeneMark_model.6284_t;GeneMark}
58520	58594	INTRON			{Augustus_model.g4880.t1;Augustus},{GeneMark_model.6284_t;GeneMark}
58595	58692	internal+	1	2	{Augustus_model.g4880.t1;Augustus},{GeneMark_model.6284_t;GeneMark}
58693	58814	INTRON			{Augustus_model.g4880.t1;Augustus},{GeneMark_model.6284_t;GeneMark}
58815	58923	internal+	3	3	{Augustus_model.g4880.t1;Augustus},{GeneMark_model.6284_t;GeneMark}
58924	58994	INTRON			{Augustus_model.g4880.t1;Augustus},{GeneMark_model.6284_t;GeneMark}
58995	59069	internal+	1	3	{Augustus_model.g4880.t1;Augustus},{GeneMark_model.6284_t;GeneMark}
59070	59133	INTRON			{Augustus_model.g4880.t1;Augustus},{GeneMark_model.6284_t;GeneMark}
59134	59676	terminal+	1	3	{Augustus_model.g4880.t1;Augustus},{GeneMark_model.6284_t;GeneMark}

# EVM prediction: Mode:STANDARD S-ratio: 1.86 59775-61884 orient(-) score(5567.00) noncoding_equivalent(2986.31) raw_noncoding(4003.00) offset(1016.69)
60083	59775	terminal-	4	6	{GlimmerHMM_glimmerT_5862-T1;GlimmerHMM},{Augustus_model.g4881.t1;Augustus},{snap_scaffold_17-snap.22-T1;snap},{GeneMark_model.6285_t;GeneMark}
60148	60084	INTRON			{GlimmerHMM_glimmerT_5862-T1;GlimmerHMM},{Augustus_model.g4881.t1;Augustus},{GeneMark_model.6285_t;GeneMark}
60313	60149	internal-	4	6	{GlimmerHMM_glimmerT_5862-T1;GlimmerHMM},{Augustus_model.g4881.t1;Augustus},{GeneMark_model.6285_t;GeneMark}
60377	60314	INTRON			{Augustus_model.g4881.t1;Augustus},{GeneMark_model.6285_t;GeneMark}
60413	60378	internal-	4	6	{Augustus_model.g4881.t1;Augustus},{GeneMark_model.6285_t;GeneMark}
60495	60414	INTRON			{Augustus_model.g4881.t1;Augustus},{GeneMark_model.6285_t;GeneMark}
60690	60496	internal-	4	6	{Augustus_model.g4881.t1;Augustus},{GeneMark_model.6285_t;GeneMark}
60747	60691	INTRON			{Augustus_model.g4881.t1;Augustus},{GeneMark_model.6285_t;GeneMark}
60836	60748	internal-	5	6	{Augustus_model.g4881.t1;Augustus},{GeneMark_model.6285_t;GeneMark}
60895	60837	INTRON			{Augustus_model.g4881.t1;Augustus},{GeneMark_model.6285_t;GeneMark}
61049	60896	internal-	4	4	{GeneMark_model.6285_t;GeneMark}
61105	61050	INTRON			{GeneMark_model.6285_t;GeneMark}
61286	61106	internal-	6	6	{GeneMark_model.6285_t;GeneMark}
61339	61287	INTRON			{GlimmerHMM_glimmerT_5862-T1;GlimmerHMM},{Augustus_model.g4881.t1;Augustus},{GeneMark_model.6285_t;GeneMark}
61577	61340	internal-	5	5	{Augustus_model.g4881.t1;Augustus},{GeneMark_model.6285_t;GeneMark}
61638	61578	INTRON			{Augustus_model.g4881.t1;Augustus},{GeneMark_model.6285_t;GeneMark}
61786	61639	internal-	4	4	{Augustus_model.g4881.t1;Augustus},{GeneMark_model.6285_t;GeneMark}
61848	61787	INTRON			{Augustus_model.g4881.t1;Augustus},{GeneMark_model.6285_t;GeneMark}
61884	61849	initial-	4	6	{Augustus_model.g4881.t1;Augustus},{GeneMark_model.6285_t;GeneMark}

# EVM prediction: Mode:STANDARD S-ratio: 1.69 62825-65132 orient(-) score(6520.00) noncoding_equivalent(3850.42) raw_noncoding(5164.00) offset(1313.58)
62890	62825	terminal-	4	6	{Augustus_model.g4882.t1;Augustus},{GeneMark_model.6286_t;GeneMark},{GlimmerHMM_glimmerT_5863-T1;GlimmerHMM}
62968	62891	INTRON			{Augustus_model.g4882.t1;Augustus},{GeneMark_model.6286_t;GeneMark},{GlimmerHMM_glimmerT_5863-T1;GlimmerHMM}
63007	62969	internal-	4	6	{Augustus_model.g4882.t1;Augustus},{GeneMark_model.6286_t;GeneMark},{GlimmerHMM_glimmerT_5863-T1;GlimmerHMM}
63075	63008	INTRON			{Augustus_model.g4882.t1;Augustus},{GeneMark_model.6286_t;GeneMark},{GlimmerHMM_glimmerT_5863-T1;GlimmerHMM}
63175	63076	internal-	6	6	{Augustus_model.g4882.t1;Augustus},{GeneMark_model.6286_t;GeneMark},{GlimmerHMM_glimmerT_5863-T1;GlimmerHMM}
63245	63176	INTRON			{Augustus_model.g4882.t1;Augustus},{GeneMark_model.6286_t;GeneMark},{GlimmerHMM_glimmerT_5863-T1;GlimmerHMM}
63483	63246	internal-	5	5	{Augustus_model.g4882.t1;Augustus},{GeneMark_model.6286_t;GeneMark},{GlimmerHMM_glimmerT_5863-T1;GlimmerHMM}
63578	63484	INTRON			{Augustus_model.g4882.t1;Augustus},{GeneMark_model.6286_t;GeneMark},{GlimmerHMM_glimmerT_5863-T1;GlimmerHMM}
63800	63579	internal-	5	4	{Augustus_model.g4882.t1;Augustus},{GeneMark_model.6286_t;GeneMark},{GlimmerHMM_glimmerT_5863-T1;GlimmerHMM}
63863	63801	INTRON			{Augustus_model.g4882.t1;Augustus},{GeneMark_model.6286_t;GeneMark},{GlimmerHMM_glimmerT_5863-T1;GlimmerHMM}
63933	63864	internal-	4	4	{Augustus_model.g4882.t1;Augustus},{GeneMark_model.6286_t;GeneMark},{GlimmerHMM_glimmerT_5863-T1;GlimmerHMM}
64006	63934	INTRON			{Augustus_model.g4882.t1;Augustus},{GeneMark_model.6286_t;GeneMark}
64018	64007	internal-	4	6	{Augustus_model.g4882.t1;Augustus},{GeneMark_model.6286_t;GeneMark}
64095	64019	INTRON			{Augustus_model.g4882.t1;Augustus},{GeneMark_model.6286_t;GeneMark}
64146	64096	internal-	4	6	{Augustus_model.g4882.t1;Augustus},{GeneMark_model.6286_t;GeneMark},{GlimmerHMM_glimmerT_5863-T1;GlimmerHMM}
64235	64147	INTRON			{Augustus_model.g4882.t1;Augustus},{GeneMark_model.6286_t;GeneMark},{GlimmerHMM_glimmerT_5863-T1;GlimmerHMM}
64401	64236	internal-	6	6	{Augustus_model.g4882.t1;Augustus},{GeneMark_model.6286_t;GeneMark},{GlimmerHMM_glimmerT_5863-T1;GlimmerHMM}
64523	64402	INTRON			{Augustus_model.g4882.t1;Augustus},{GeneMark_model.6286_t;GeneMark},{GlimmerHMM_glimmerT_5863-T1;GlimmerHMM}
64667	64524	internal-	6	5	{Augustus_model.g4882.t1;Augustus},{GeneMark_model.6286_t;GeneMark},{GlimmerHMM_glimmerT_5863-T1;GlimmerHMM}
64757	64668	INTRON			{Augustus_model.g4882.t1;Augustus},{GeneMark_model.6286_t;GeneMark}
64779	64758	internal-	5	5	{Augustus_model.g4882.t1;Augustus},{GeneMark_model.6286_t;GeneMark}
64909	64780	INTRON			{Augustus_model.g4882.t1;Augustus},{GeneMark_model.6286_t;GeneMark}
65132	64910	initial-	4	4	{Augustus_model.g4882.t1;Augustus},{GeneMark_model.6286_t;GeneMark}

# EVM prediction: Mode:STANDARD S-ratio: 8.59 65782-66898 orient(+) score(4242.00) noncoding_equivalent(494.00) raw_noncoding(520.00) offset(26.00)
65782	66381	initial+	1	3	{GeneMark_model.6287_t;GeneMark},{GlimmerHMM_glimmerT_5864-T1;GlimmerHMM},{Augustus_model.g4883.t1;Augustus}
66382	66447	INTRON			{GeneMark_model.6287_t;GeneMark},{GlimmerHMM_glimmerT_5864-T1;GlimmerHMM},{Augustus_model.g4883.t1;Augustus}
66448	66738	internal+	1	3	{GeneMark_model.6287_t;GeneMark},{GlimmerHMM_glimmerT_5864-T1;GlimmerHMM},{Augustus_model.g4883.t1;Augustus}
66739	66811	INTRON			{GeneMark_model.6287_t;GeneMark},{GlimmerHMM_glimmerT_5864-T1;GlimmerHMM},{Augustus_model.g4883.t1;Augustus}
66812	66898	terminal+	1	3	{GeneMark_model.6287_t;GeneMark},{GlimmerHMM_glimmerT_5864-T1;GlimmerHMM},{Augustus_model.g4883.t1;Augustus}

# EVM prediction: Mode:STANDARD S-ratio: 2.48 67958-69706 orient(+) score(5888.00) noncoding_equivalent(2370.59) raw_noncoding(2830.63) offset(460.05)
67958	68025	initial+	1	2	{GlimmerHMM_glimmerT_5865-T1;GlimmerHMM},{Augustus_model.g4884.t1;Augustus},{GeneMark_model.6288_t;GeneMark}
68026	68104	INTRON			{GlimmerHMM_glimmerT_5865-T1;GlimmerHMM},{Augustus_model.g4884.t1;Augustus},{GeneMark_model.6288_t;GeneMark}
68105	68171	internal+	3	3	{GlimmerHMM_glimmerT_5865-T1;GlimmerHMM},{Augustus_model.g4884.t1;Augustus},{GeneMark_model.6288_t;GeneMark}
68172	68231	INTRON			{GlimmerHMM_glimmerT_5865-T1;GlimmerHMM},{Augustus_model.g4884.t1;Augustus},{GeneMark_model.6288_t;GeneMark}
68232	68433	internal+	1	1	{GlimmerHMM_glimmerT_5865-T1;GlimmerHMM},{Augustus_model.g4884.t1;Augustus},{GeneMark_model.6288_t;GeneMark}
68434	68514	INTRON			{GlimmerHMM_glimmerT_5865-T1;GlimmerHMM},{Augustus_model.g4884.t1;Augustus},{GeneMark_model.6288_t;GeneMark}
68515	68761	internal+	2	2	{GlimmerHMM_glimmerT_5865-T1;GlimmerHMM},{Augustus_model.g4884.t1;Augustus},{GeneMark_model.6288_t;GeneMark}
68762	68846	INTRON			{GlimmerHMM_glimmerT_5865-T1;GlimmerHMM},{Augustus_model.g4884.t1;Augustus},{GeneMark_model.6288_t;GeneMark}
68847	68908	internal+	3	1	{GlimmerHMM_glimmerT_5865-T1;GlimmerHMM},{Augustus_model.g4884.t1;Augustus},{GeneMark_model.6288_t;GeneMark}
68909	68970	INTRON			{GlimmerHMM_glimmerT_5865-T1;GlimmerHMM},{Augustus_model.g4884.t1;Augustus},{GeneMark_model.6288_t;GeneMark}
68971	69159	internal+	2	1	{GlimmerHMM_glimmerT_5865-T1;GlimmerHMM},{Augustus_model.g4884.t1;Augustus},{GeneMark_model.6288_t;GeneMark}
69160	69224	INTRON			{GlimmerHMM_glimmerT_5865-T1;GlimmerHMM},{Augustus_model.g4884.t1;Augustus},{GeneMark_model.6288_t;GeneMark}
69225	69305	internal+	2	1	{GlimmerHMM_glimmerT_5865-T1;GlimmerHMM},{Augustus_model.g4884.t1;Augustus},{GeneMark_model.6288_t;GeneMark}
69306	69374	INTRON			{GlimmerHMM_glimmerT_5865-T1;GlimmerHMM},{Augustus_model.g4884.t1;Augustus},{GeneMark_model.6288_t;GeneMark}
69375	69496	internal+	2	3	{GlimmerHMM_glimmerT_5865-T1;GlimmerHMM},{Augustus_model.g4884.t1;Augustus},{GeneMark_model.6288_t;GeneMark}
69497	69578	INTRON			{GlimmerHMM_glimmerT_5865-T1;GlimmerHMM},{Augustus_model.g4884.t1;Augustus},{GeneMark_model.6288_t;GeneMark}
69579	69591	internal+	1	1	{GlimmerHMM_glimmerT_5865-T1;GlimmerHMM},{Augustus_model.g4884.t1;Augustus},{GeneMark_model.6288_t;GeneMark}
69592	69662	INTRON			{GlimmerHMM_glimmerT_5865-T1;GlimmerHMM},{Augustus_model.g4884.t1;Augustus},{GeneMark_model.6288_t;GeneMark}
69663	69706	terminal+	2	3	{GlimmerHMM_glimmerT_5865-T1;GlimmerHMM},{Augustus_model.g4884.t1;Augustus},{GeneMark_model.6288_t;GeneMark}

# EVM prediction: Mode:STANDARD S-ratio: 1.96 70768-73569 orient(+) score(7827.00) noncoding_equivalent(3996.93) raw_noncoding(5739.00) offset(1742.07)
70768	70979	initial+	1	2	{GeneMark_model.6289_t;GeneMark},{Augustus_model.g4885.t1;Augustus}
70980	71044	INTRON			{GeneMark_model.6289_t;GeneMark},{Augustus_model.g4885.t1;Augustus}
71045	71051	internal+	3	3	{GeneMark_model.6289_t;GeneMark},{Augustus_model.g4885.t1;Augustus}
71052	71114	INTRON			{GeneMark_model.6289_t;GeneMark},{Augustus_model.g4885.t1;Augustus}
71115	71138	internal+	1	3	{GeneMark_model.6289_t;GeneMark},{Augustus_model.g4885.t1;Augustus}
71139	71212	INTRON			{GeneMark_model.6289_t;GeneMark},{Augustus_model.g4885.t1;Augustus}
71213	71248	internal+	1	3	{GeneMark_model.6289_t;GeneMark},{Augustus_model.g4885.t1;Augustus}
71249	71318	INTRON			{GeneMark_model.6289_t;GeneMark},{Augustus_model.g4885.t1;Augustus}
71319	71408	internal+	1	3	{GeneMark_model.6289_t;GeneMark},{GlimmerHMM_glimmerT_5866-T1;GlimmerHMM},{Augustus_model.g4885.t1;Augustus}
71409	71472	INTRON			{GeneMark_model.6289_t;GeneMark},{GlimmerHMM_glimmerT_5866-T1;GlimmerHMM},{Augustus_model.g4885.t1;Augustus}
71473	71582	internal+	1	2	{GeneMark_model.6289_t;GeneMark},{GlimmerHMM_glimmerT_5866-T1;GlimmerHMM},{Augustus_model.g4885.t1;Augustus}
71583	71650	INTRON			{GeneMark_model.6289_t;GeneMark},{Augustus_model.g4885.t1;Augustus}
71651	71669	internal+	3	3	{GeneMark_model.6289_t;GeneMark},{Augustus_model.g4885.t1;Augustus}
71670	71727	INTRON			{GeneMark_model.6289_t;GeneMark},{Augustus_model.g4885.t1;Augustus}
71728	71756	internal+	1	2	{GeneMark_model.6289_t;GeneMark},{Augustus_model.g4885.t1;Augustus}
71757	71820	INTRON			{GeneMark_model.6289_t;GeneMark},{Augustus_model.g4885.t1;Augustus}
71821	72183	internal+	3	2	{GeneMark_model.6289_t;GeneMark},{GlimmerHMM_glimmerT_5866-T1;GlimmerHMM},{Augustus_model.g4885.t1;Augustus}
72184	72242	INTRON			{GeneMark_model.6289_t;GeneMark},{GlimmerHMM_glimmerT_5866-T1;GlimmerHMM},{Augustus_model.g4885.t1;Augustus}
72243	72549	internal+	3	3	{GeneMark_model.6289_t;GeneMark},{GlimmerHMM_glimmerT_5866-T1;GlimmerHMM},{Augustus_model.g4885.t1;Augustus}
72550	72609	INTRON			{GeneMark_model.6289_t;GeneMark},{GlimmerHMM_glimmerT_5866-T1;GlimmerHMM},{Augustus_model.g4885.t1;Augustus}
72610	72738	internal+	1	3	{GeneMark_model.6289_t;GeneMark},{GlimmerHMM_glimmerT_5866-T1;GlimmerHMM},{Augustus_model.g4885.t1;Augustus}
72739	72798	INTRON			{GeneMark_model.6289_t;GeneMark},{Augustus_model.g4885.t1;Augustus}
72799	72825	internal+	1	3	{GeneMark_model.6289_t;GeneMark},{Augustus_model.g4885.t1;Augustus}
72826	72890	INTRON			{GeneMark_model.6289_t;GeneMark},{Augustus_model.g4885.t1;Augustus}
72891	73002	internal+	1	1	{GeneMark_model.6289_t;GeneMark},{GlimmerHMM_glimmerT_5866-T1;GlimmerHMM},{Augustus_model.g4885.t1;Augustus}
73003	73061	INTRON			{GeneMark_model.6289_t;GeneMark},{GlimmerHMM_glimmerT_5866-T1;GlimmerHMM},{Augustus_model.g4885.t1;Augustus}
73062	73110	internal+	2	2	{GeneMark_model.6289_t;GeneMark},{Augustus_model.g4885.t1;Augustus}
73111	73184	INTRON			{GeneMark_model.6289_t;GeneMark},{Augustus_model.g4885.t1;Augustus}
73185	73197	internal+	3	3	{GeneMark_model.6289_t;GeneMark},{Augustus_model.g4885.t1;Augustus}
73198	73276	INTRON			{GeneMark_model.6289_t;GeneMark},{Augustus_model.g4885.t1;Augustus}
73277	73399	internal+	1	3	{GeneMark_model.6289_t;GeneMark},{GlimmerHMM_glimmerT_5866-T1;GlimmerHMM},{Augustus_model.g4885.t1;Augustus}
73400	73479	INTRON			{GeneMark_model.6289_t;GeneMark},{GlimmerHMM_glimmerT_5866-T1;GlimmerHMM},{Augustus_model.g4885.t1;Augustus}
73480	73569	terminal+	1	3	{GeneMark_model.6289_t;GeneMark},{GlimmerHMM_glimmerT_5866-T1;GlimmerHMM},{Augustus_model.g4885.t1;Augustus}

# EVM prediction: Mode:STANDARD S-ratio: 2.29 74065-74461 orient(-) score(1191.00) noncoding_equivalent(521.00) raw_noncoding(589.00) offset(68.00)
74223	74065	terminal-	4	6	{Augustus_model.g4886.t1;Augustus},{GeneMark_model.6290_t;GeneMark},{GlimmerHMM_glimmerT_5867-T1;GlimmerHMM}
74287	74224	INTRON			{Augustus_model.g4886.t1;Augustus},{GeneMark_model.6290_t;GeneMark},{GlimmerHMM_glimmerT_5867-T1;GlimmerHMM}
74461	74288	initial-	4	6	{Augustus_model.g4886.t1;Augustus},{GeneMark_model.6290_t;GeneMark},{GlimmerHMM_glimmerT_5867-T1;GlimmerHMM}

# EVM prediction: Mode:STANDARD S-ratio: 2.00 77210-77500 orient(-) score(873.00) noncoding_equivalent(437.00) raw_noncoding(516.00) offset(79.00)
77363	77210	terminal-	6	6	{GlimmerHMM_glimmerT_5869-T1;GlimmerHMM},{GeneMark_model.6291_t;GeneMark},{Augustus_model.g4888.t1;Augustus}
77438	77364	INTRON			{GlimmerHMM_glimmerT_5869-T1;GlimmerHMM},{GeneMark_model.6291_t;GeneMark},{Augustus_model.g4888.t1;Augustus}
77500	77439	initial-	4	5	{GlimmerHMM_glimmerT_5869-T1;GlimmerHMM},{GeneMark_model.6291_t;GeneMark},{Augustus_model.g4888.t1;Augustus}

# EVM prediction: Mode:STANDARD S-ratio: 1.16 78213-79246 orient(+) score(2404.00) noncoding_equivalent(2080.00) raw_noncoding(3230.00) offset(1150.00)
78213	78241	initial+	1	2	{GeneMark_model.6292_t;GeneMark},{Augustus_model.g4889.t1;Augustus},{GlimmerHMM_glimmerT_5870-T1;GlimmerHMM}
78242	78357	INTRON			{GeneMark_model.6292_t;GeneMark},{Augustus_model.g4889.t1;Augustus},{GlimmerHMM_glimmerT_5870-T1;GlimmerHMM}
78358	78379	internal+	3	3	{GeneMark_model.6292_t;GeneMark},{Augustus_model.g4889.t1;Augustus},{GlimmerHMM_glimmerT_5870-T1;GlimmerHMM}
78380	78441	INTRON			{GeneMark_model.6292_t;GeneMark},{Augustus_model.g4889.t1;Augustus},{GlimmerHMM_glimmerT_5870-T1;GlimmerHMM}
78442	78548	internal+	1	2	{GeneMark_model.6292_t;GeneMark},{Augustus_model.g4889.t1;Augustus}
78549	78619	INTRON			{GeneMark_model.6292_t;GeneMark},{Augustus_model.g4889.t1;Augustus}
78620	78665	internal+	3	3	{GeneMark_model.6292_t;GeneMark},{Augustus_model.g4889.t1;Augustus}
78666	78727	INTRON			{GeneMark_model.6292_t;GeneMark},{Augustus_model.g4889.t1;Augustus}
78728	78756	internal+	1	2	{GeneMark_model.6292_t;GeneMark},{Augustus_model.g4889.t1;Augustus}
78757	79013	INTRON			{GeneMark_model.6292_t;GeneMark},{Augustus_model.g4889.t1;Augustus}
79014	79082	internal+	3	2	{GeneMark_model.6292_t;GeneMark},{Augustus_model.g4889.t1;Augustus}
79083	79176	INTRON			{GeneMark_model.6292_t;GeneMark},{Augustus_model.g4889.t1;Augustus}
79177	79246	terminal+	3	3	{GeneMark_model.6292_t;GeneMark},{Augustus_model.g4889.t1;Augustus}

# EVM prediction: Mode:STANDARD S-ratio: 4.33 80788-84142 orient(+) score(11644.00) noncoding_equivalent(2690.16) raw_noncoding(3127.00) offset(436.84)
80788	81823	initial+	1	1	{Augustus_model.g4890.t1;Augustus},{GlimmerHMM_glimmerT_5871-T1;GlimmerHMM},{GeneMark_model.6293_t;GeneMark}
81824	81893	INTRON			{Augustus_model.g4890.t1;Augustus},{GlimmerHMM_glimmerT_5871-T1;GlimmerHMM},{GeneMark_model.6293_t;GeneMark}
81894	82011	internal+	2	2	{Augustus_model.g4890.t1;Augustus},{GlimmerHMM_glimmerT_5871-T1;GlimmerHMM},{GeneMark_model.6293_t;GeneMark}
82012	82076	INTRON			{Augustus_model.g4890.t1;Augustus},{GlimmerHMM_glimmerT_5871-T1;GlimmerHMM},{GeneMark_model.6293_t;GeneMark}
82077	82661	internal+	3	2	{Augustus_model.g4890.t1;Augustus},{GlimmerHMM_glimmerT_5871-T1;GlimmerHMM},{GeneMark_model.6293_t;GeneMark}
82662	82731	INTRON			{Augustus_model.g4890.t1;Augustus},{GlimmerHMM_glimmerT_5871-T1;GlimmerHMM},{GeneMark_model.6293_t;GeneMark}
82732	82954	internal+	3	3	{Augustus_model.g4890.t1;Augustus},{GlimmerHMM_glimmerT_5871-T1;GlimmerHMM},{GeneMark_model.6293_t;GeneMark}
82955	83015	INTRON			{Augustus_model.g4890.t1;Augustus},{GlimmerHMM_glimmerT_5871-T1;GlimmerHMM},{GeneMark_model.6293_t;GeneMark}
83016	83097	internal+	1	1	{Augustus_model.g4890.t1;Augustus},{GlimmerHMM_glimmerT_5871-T1;GlimmerHMM},{GeneMark_model.6293_t;GeneMark}
83098	83169	INTRON			{Augustus_model.g4890.t1;Augustus},{GlimmerHMM_glimmerT_5871-T1;GlimmerHMM},{GeneMark_model.6293_t;GeneMark}
83170	83294	internal+	2	3	{Augustus_model.g4890.t1;Augustus},{GlimmerHMM_glimmerT_5871-T1;GlimmerHMM},{GeneMark_model.6293_t;GeneMark}
83295	83360	INTRON			{Augustus_model.g4890.t1;Augustus},{GlimmerHMM_glimmerT_5871-T1;GlimmerHMM},{GeneMark_model.6293_t;GeneMark}
83361	83435	internal+	1	3	{Augustus_model.g4890.t1;Augustus},{GlimmerHMM_glimmerT_5871-T1;GlimmerHMM},{GeneMark_model.6293_t;GeneMark}
83436	83503	INTRON			{Augustus_model.g4890.t1;Augustus},{GlimmerHMM_glimmerT_5871-T1;GlimmerHMM},{GeneMark_model.6293_t;GeneMark}
83504	84142	terminal+	1	3	{Augustus_model.g4890.t1;Augustus},{GlimmerHMM_glimmerT_5871-T1;GlimmerHMM},{GeneMark_model.6293_t;GeneMark},{snap_scaffold_17-snap.28-T1;snap}

# EVM prediction: Mode:STANDARD S-ratio: 5.81 84705-89305 orient(-) score(39951.00) noncoding_equivalent(6877.03) raw_noncoding(9750.64) offset(2873.61)
84751	84705	terminal-	5	6	{GeneMark_model.6294_t;GeneMark},{HiQ_model.g4891.t1;HiQ},{GlimmerHMM_glimmerT_5872-T1;GlimmerHMM}
84825	84752	INTRON			{HiQ_model.g4891.t1;HiQ},{ev_type:exonerate/ID=match.2566964.4434/Target=lcl|NW_017264940_1_prot_XP_018268952_1_5963;exonerate},{ev_type:exonerate/ID=match.2566964.4430/Target=lcl|KQ954503_1_prot_KWU42669_1_5002;exonerate}
84945	84826	internal-	5	4	{HiQ_model.g4891.t1;HiQ},{ev_type:exonerate/ID=match.2566964.4434/Target=lcl|NW_017264940_1_prot_XP_018268952_1_5963;exonerate},{ev_type:exonerate/ID=match.2566964.4430/Target=lcl|KQ954503_1_prot_KWU42669_1_5002;exonerate}
85013	84946	INTRON			{GeneMark_model.6294_t;GeneMark},{HiQ_model.g4891.t1;HiQ},{GlimmerHMM_glimmerT_5872-T1;GlimmerHMM},{ev_type:exonerate/ID=match.2566964.4431/Target=lcl|PJQD01000047_1_prot_POY72738_1_4220;exonerate},{ev_type:exonerate/ID=match.2566964.4433/Target=lcl|LCTV02000004_1_prot_PRQ75500_1_5189;exonerate},{ev_type:exonerate/ID=match.2566964.4432/Target=lcl|BJWK01000017_1_prot_GEM11804_1_5821;exonerate},{ev_type:exonerate/ID=match.2566964.4434/Target=lcl|NW_017264940_1_prot_XP_018268952_1_5963;exonerate},{ev_type:exonerate/ID=match.2566964.4430/Target=lcl|KQ954503_1_prot_KWU42669_1_5002;exonerate}
85543	85014	internal-	6	4	{GeneMark_model.6294_t;GeneMark},{HiQ_model.g4891.t1;HiQ},{GlimmerHMM_glimmerT_5872-T1;GlimmerHMM},{ev_type:exonerate/ID=match.2566964.4431/Target=lcl|PJQD01000047_1_prot_POY72738_1_4220;exonerate},{ev_type:exonerate/ID=match.2566964.4433/Target=lcl|LCTV02000004_1_prot_PRQ75500_1_5189;exonerate},{ev_type:exonerate/ID=match.2566964.4432/Target=lcl|BJWK01000017_1_prot_GEM11804_1_5821;exonerate},{ev_type:exonerate/ID=match.2566964.4434/Target=lcl|NW_017264940_1_prot_XP_018268952_1_5963;exonerate},{ev_type:exonerate/ID=match.2566964.4430/Target=lcl|KQ954503_1_prot_KWU42669_1_5002;exonerate}
85618	85544	INTRON			{GeneMark_model.6294_t;GeneMark},{HiQ_model.g4891.t1;HiQ},{GlimmerHMM_glimmerT_5872-T1;GlimmerHMM},{ev_type:exonerate/ID=match.2566964.4431/Target=lcl|PJQD01000047_1_prot_POY72738_1_4220;exonerate},{ev_type:exonerate/ID=match.2566964.4433/Target=lcl|LCTV02000004_1_prot_PRQ75500_1_5189;exonerate},{ev_type:exonerate/ID=match.2566964.4432/Target=lcl|BJWK01000017_1_prot_GEM11804_1_5821;exonerate},{ev_type:exonerate/ID=match.2566964.4434/Target=lcl|NW_017264940_1_prot_XP_018268952_1_5963;exonerate},{ev_type:exonerate/ID=match.2566964.4430/Target=lcl|KQ954503_1_prot_KWU42669_1_5002;exonerate}
85710	85619	internal-	4	5	{GeneMark_model.6294_t;GeneMark},{HiQ_model.g4891.t1;HiQ},{GlimmerHMM_glimmerT_5872-T1;GlimmerHMM},{ev_type:exonerate/ID=match.2566964.4431/Target=lcl|PJQD01000047_1_prot_POY72738_1_4220;exonerate},{ev_type:exonerate/ID=match.2566964.4433/Target=lcl|LCTV02000004_1_prot_PRQ75500_1_5189;exonerate},{ev_type:exonerate/ID=match.2566964.4432/Target=lcl|BJWK01000017_1_prot_GEM11804_1_5821;exonerate},{ev_type:exonerate/ID=match.2566964.4434/Target=lcl|NW_017264940_1_prot_XP_018268952_1_5963;exonerate},{ev_type:exonerate/ID=match.2566964.4430/Target=lcl|KQ954503_1_prot_KWU42669_1_5002;exonerate}
85777	85711	INTRON			{GeneMark_model.6294_t;GeneMark},{HiQ_model.g4891.t1;HiQ},{GlimmerHMM_glimmerT_5872-T1;GlimmerHMM},{ev_type:exonerate/ID=match.2566964.4431/Target=lcl|PJQD01000047_1_prot_POY72738_1_4220;exonerate},{ev_type:exonerate/ID=match.2566964.4433/Target=lcl|LCTV02000004_1_prot_PRQ75500_1_5189;exonerate},{ev_type:exonerate/ID=match.2566964.4432/Target=lcl|BJWK01000017_1_prot_GEM11804_1_5821;exonerate},{ev_type:exonerate/ID=match.2566964.4434/Target=lcl|NW_017264940_1_prot_XP_018268952_1_5963;exonerate},{ev_type:exonerate/ID=match.2566964.4430/Target=lcl|KQ954503_1_prot_KWU42669_1_5002;exonerate}
86438	85778	internal-	6	6	{GeneMark_model.6294_t;GeneMark},{HiQ_model.g4891.t1;HiQ},{GlimmerHMM_glimmerT_5872-T1;GlimmerHMM},{ev_type:exonerate/ID=match.2566964.4431/Target=lcl|PJQD01000047_1_prot_POY72738_1_4220;exonerate},{ev_type:exonerate/ID=match.2566964.4433/Target=lcl|LCTV02000004_1_prot_PRQ75500_1_5189;exonerate},{ev_type:exonerate/ID=match.2566964.4432/Target=lcl|BJWK01000017_1_prot_GEM11804_1_5821;exonerate},{ev_type:exonerate/ID=match.2566964.4434/Target=lcl|NW_017264940_1_prot_XP_018268952_1_5963;exonerate},{ev_type:exonerate/ID=match.2566964.4430/Target=lcl|KQ954503_1_prot_KWU42669_1_5002;exonerate}
86501	86439	INTRON			{GeneMark_model.6294_t;GeneMark},{HiQ_model.g4891.t1;HiQ},{GlimmerHMM_glimmerT_5872-T1;GlimmerHMM},{ev_type:exonerate/ID=match.2566964.4431/Target=lcl|PJQD01000047_1_prot_POY72738_1_4220;exonerate},{ev_type:exonerate/ID=match.2566964.4433/Target=lcl|LCTV02000004_1_prot_PRQ75500_1_5189;exonerate},{ev_type:exonerate/ID=match.2566964.4432/Target=lcl|BJWK01000017_1_prot_GEM11804_1_5821;exonerate},{ev_type:exonerate/ID=match.2566964.4434/Target=lcl|NW_017264940_1_prot_XP_018268952_1_5963;exonerate},{ev_type:exonerate/ID=match.2566964.4430/Target=lcl|KQ954503_1_prot_KWU42669_1_5002;exonerate}
86663	86502	internal-	6	5	{GeneMark_model.6294_t;GeneMark},{HiQ_model.g4891.t1;HiQ},{GlimmerHMM_glimmerT_5872-T1;GlimmerHMM},{ev_type:exonerate/ID=match.2566964.4431/Target=lcl|PJQD01000047_1_prot_POY72738_1_4220;exonerate},{ev_type:exonerate/ID=match.2566964.4433/Target=lcl|LCTV02000004_1_prot_PRQ75500_1_5189;exonerate},{ev_type:exonerate/ID=match.2566964.4432/Target=lcl|BJWK01000017_1_prot_GEM11804_1_5821;exonerate},{ev_type:exonerate/ID=match.2566964.4434/Target=lcl|NW_017264940_1_prot_XP_018268952_1_5963;exonerate},{ev_type:exonerate/ID=match.2566964.4430/Target=lcl|KQ954503_1_prot_KWU42669_1_5002;exonerate}
86734	86664	INTRON			{GeneMark_model.6294_t;GeneMark},{HiQ_model.g4891.t1;HiQ},{GlimmerHMM_glimmerT_5872-T1;GlimmerHMM},{ev_type:exonerate/ID=match.2566964.4431/Target=lcl|PJQD01000047_1_prot_POY72738_1_4220;exonerate},{ev_type:exonerate/ID=match.2566964.4433/Target=lcl|LCTV02000004_1_prot_PRQ75500_1_5189;exonerate},{ev_type:exonerate/ID=match.2566964.4432/Target=lcl|BJWK01000017_1_prot_GEM11804_1_5821;exonerate},{ev_type:exonerate/ID=match.2566964.4434/Target=lcl|NW_017264940_1_prot_XP_018268952_1_5963;exonerate},{ev_type:exonerate/ID=match.2566964.4430/Target=lcl|KQ954503_1_prot_KWU42669_1_5002;exonerate}
86786	86735	internal-	5	5	{GeneMark_model.6294_t;GeneMark},{HiQ_model.g4891.t1;HiQ},{GlimmerHMM_glimmerT_5872-T1;GlimmerHMM},{ev_type:exonerate/ID=match.2566964.4431/Target=lcl|PJQD01000047_1_prot_POY72738_1_4220;exonerate},{ev_type:exonerate/ID=match.2566964.4433/Target=lcl|LCTV02000004_1_prot_PRQ75500_1_5189;exonerate},{ev_type:exonerate/ID=match.2566964.4432/Target=lcl|BJWK01000017_1_prot_GEM11804_1_5821;exonerate},{ev_type:exonerate/ID=match.2566964.4434/Target=lcl|NW_017264940_1_prot_XP_018268952_1_5963;exonerate},{ev_type:exonerate/ID=match.2566964.4430/Target=lcl|KQ954503_1_prot_KWU42669_1_5002;exonerate}
86852	86787	INTRON			{GeneMark_model.6294_t;GeneMark},{HiQ_model.g4891.t1;HiQ},{GlimmerHMM_glimmerT_5872-T1;GlimmerHMM},{ev_type:exonerate/ID=match.2566964.4431/Target=lcl|PJQD01000047_1_prot_POY72738_1_4220;exonerate},{ev_type:exonerate/ID=match.2566964.4433/Target=lcl|LCTV02000004_1_prot_PRQ75500_1_5189;exonerate},{ev_type:exonerate/ID=match.2566964.4432/Target=lcl|BJWK01000017_1_prot_GEM11804_1_5821;exonerate},{ev_type:exonerate/ID=match.2566964.4434/Target=lcl|NW_017264940_1_prot_XP_018268952_1_5963;exonerate},{ev_type:exonerate/ID=match.2566964.4430/Target=lcl|KQ954503_1_prot_KWU42669_1_5002;exonerate}
86993	86853	internal-	5	4	{GeneMark_model.6294_t;GeneMark},{HiQ_model.g4891.t1;HiQ},{GlimmerHMM_glimmerT_5872-T1;GlimmerHMM},{ev_type:exonerate/ID=match.2566964.4431/Target=lcl|PJQD01000047_1_prot_POY72738_1_4220;exonerate},{ev_type:exonerate/ID=match.2566964.4433/Target=lcl|LCTV02000004_1_prot_PRQ75500_1_5189;exonerate},{ev_type:exonerate/ID=match.2566964.4432/Target=lcl|BJWK01000017_1_prot_GEM11804_1_5821;exonerate},{ev_type:exonerate/ID=match.2566964.4434/Target=lcl|NW_017264940_1_prot_XP_018268952_1_5963;exonerate},{ev_type:exonerate/ID=match.2566964.4430/Target=lcl|KQ954503_1_prot_KWU42669_1_5002;exonerate}
87056	86994	INTRON			{GeneMark_model.6294_t;GeneMark},{snap_scaffold_17-snap.30-T1;snap},{HiQ_model.g4891.t1;HiQ},{GlimmerHMM_glimmerT_5872-T1;GlimmerHMM},{ev_type:exonerate/ID=match.2566964.4431/Target=lcl|PJQD01000047_1_prot_POY72738_1_4220;exonerate},{ev_type:exonerate/ID=match.2566964.4433/Target=lcl|LCTV02000004_1_prot_PRQ75500_1_5189;exonerate},{ev_type:exonerate/ID=match.2566964.4432/Target=lcl|BJWK01000017_1_prot_GEM11804_1_5821;exonerate},{ev_type:exonerate/ID=match.2566964.4434/Target=lcl|NW_017264940_1_prot_XP_018268952_1_5963;exonerate},{ev_type:exonerate/ID=match.2566964.4430/Target=lcl|KQ954503_1_prot_KWU42669_1_5002;exonerate}
87195	87057	internal-	4	4	{GeneMark_model.6294_t;GeneMark},{HiQ_model.g4891.t1;HiQ},{GlimmerHMM_glimmerT_5872-T1;GlimmerHMM},{ev_type:exonerate/ID=match.2566964.4431/Target=lcl|PJQD01000047_1_prot_POY72738_1_4220;exonerate},{ev_type:exonerate/ID=match.2566964.4433/Target=lcl|LCTV02000004_1_prot_PRQ75500_1_5189;exonerate},{ev_type:exonerate/ID=match.2566964.4432/Target=lcl|BJWK01000017_1_prot_GEM11804_1_5821;exonerate},{ev_type:exonerate/ID=match.2566964.4434/Target=lcl|NW_017264940_1_prot_XP_018268952_1_5963;exonerate},{ev_type:exonerate/ID=match.2566964.4430/Target=lcl|KQ954503_1_prot_KWU42669_1_5002;exonerate}
87260	87196	INTRON			{GeneMark_model.6294_t;GeneMark},{HiQ_model.g4891.t1;HiQ},{GlimmerHMM_glimmerT_5872-T1;GlimmerHMM},{ev_type:exonerate/ID=match.2566964.4431/Target=lcl|PJQD01000047_1_prot_POY72738_1_4220;exonerate},{ev_type:exonerate/ID=match.2566964.4433/Target=lcl|LCTV02000004_1_prot_PRQ75500_1_5189;exonerate},{ev_type:exonerate/ID=match.2566964.4432/Target=lcl|BJWK01000017_1_prot_GEM11804_1_5821;exonerate},{ev_type:exonerate/ID=match.2566964.4434/Target=lcl|NW_017264940_1_prot_XP_018268952_1_5963;exonerate},{ev_type:exonerate/ID=match.2566964.4430/Target=lcl|KQ954503_1_prot_KWU42669_1_5002;exonerate}
87667	87261	internal-	5	6	{GeneMark_model.6294_t;GeneMark},{HiQ_model.g4891.t1;HiQ},{GlimmerHMM_glimmerT_5872-T1;GlimmerHMM},{ev_type:exonerate/ID=match.2566964.4431/Target=lcl|PJQD01000047_1_prot_POY72738_1_4220;exonerate},{ev_type:exonerate/ID=match.2566964.4433/Target=lcl|LCTV02000004_1_prot_PRQ75500_1_5189;exonerate},{ev_type:exonerate/ID=match.2566964.4432/Target=lcl|BJWK01000017_1_prot_GEM11804_1_5821;exonerate},{ev_type:exonerate/ID=match.2566964.4434/Target=lcl|NW_017264940_1_prot_XP_018268952_1_5963;exonerate},{ev_type:exonerate/ID=match.2566964.4430/Target=lcl|KQ954503_1_prot_KWU42669_1_5002;exonerate}
87734	87668	INTRON			{GeneMark_model.6294_t;GeneMark},{HiQ_model.g4891.t1;HiQ},{GlimmerHMM_glimmerT_5872-T1;GlimmerHMM},{ev_type:exonerate/ID=match.2566964.4431/Target=lcl|PJQD01000047_1_prot_POY72738_1_4220;exonerate},{ev_type:exonerate/ID=match.2566964.4433/Target=lcl|LCTV02000004_1_prot_PRQ75500_1_5189;exonerate},{ev_type:exonerate/ID=match.2566964.4432/Target=lcl|BJWK01000017_1_prot_GEM11804_1_5821;exonerate},{ev_type:exonerate/ID=match.2566964.4434/Target=lcl|NW_017264940_1_prot_XP_018268952_1_5963;exonerate},{ev_type:exonerate/ID=match.2566964.4430/Target=lcl|KQ954503_1_prot_KWU42669_1_5002;exonerate}
87885	87735	internal-	4	4	{GeneMark_model.6294_t;GeneMark},{HiQ_model.g4891.t1;HiQ},{GlimmerHMM_glimmerT_5872-T1;GlimmerHMM},{ev_type:exonerate/ID=match.2566964.4431/Target=lcl|PJQD01000047_1_prot_POY72738_1_4220;exonerate},{ev_type:exonerate/ID=match.2566964.4433/Target=lcl|LCTV02000004_1_prot_PRQ75500_1_5189;exonerate},{ev_type:exonerate/ID=match.2566964.4432/Target=lcl|BJWK01000017_1_prot_GEM11804_1_5821;exonerate},{ev_type:exonerate/ID=match.2566964.4434/Target=lcl|NW_017264940_1_prot_XP_018268952_1_5963;exonerate},{ev_type:exonerate/ID=match.2566964.4430/Target=lcl|KQ954503_1_prot_KWU42669_1_5002;exonerate}
87950	87886	INTRON			{GeneMark_model.6294_t;GeneMark},{HiQ_model.g4891.t1;HiQ},{GlimmerHMM_glimmerT_5872-T1;GlimmerHMM},{ev_type:exonerate/ID=match.2566964.4431/Target=lcl|PJQD01000047_1_prot_POY72738_1_4220;exonerate},{ev_type:exonerate/ID=match.2566964.4433/Target=lcl|LCTV02000004_1_prot_PRQ75500_1_5189;exonerate},{ev_type:exonerate/ID=match.2566964.4432/Target=lcl|BJWK01000017_1_prot_GEM11804_1_5821;exonerate},{ev_type:exonerate/ID=match.2566964.4434/Target=lcl|NW_017264940_1_prot_XP_018268952_1_5963;exonerate},{ev_type:exonerate/ID=match.2566964.4430/Target=lcl|KQ954503_1_prot_KWU42669_1_5002;exonerate}
88115	87951	internal-	4	6	{GeneMark_model.6294_t;GeneMark},{HiQ_model.g4891.t1;HiQ},{GlimmerHMM_glimmerT_5872-T1;GlimmerHMM},{ev_type:exonerate/ID=match.2566964.4431/Target=lcl|PJQD01000047_1_prot_POY72738_1_4220;exonerate},{ev_type:exonerate/ID=match.2566964.4433/Target=lcl|LCTV02000004_1_prot_PRQ75500_1_5189;exonerate},{ev_type:exonerate/ID=match.2566964.4432/Target=lcl|BJWK01000017_1_prot_GEM11804_1_5821;exonerate},{ev_type:exonerate/ID=match.2566964.4434/Target=lcl|NW_017264940_1_prot_XP_018268952_1_5963;exonerate},{ev_type:exonerate/ID=match.2566964.4430/Target=lcl|KQ954503_1_prot_KWU42669_1_5002;exonerate}
88186	88116	INTRON			{GeneMark_model.6294_t;GeneMark},{HiQ_model.g4891.t1;HiQ},{GlimmerHMM_glimmerT_5872-T1;GlimmerHMM},{ev_type:exonerate/ID=match.2566964.4431/Target=lcl|PJQD01000047_1_prot_POY72738_1_4220;exonerate},{ev_type:exonerate/ID=match.2566964.4433/Target=lcl|LCTV02000004_1_prot_PRQ75500_1_5189;exonerate},{ev_type:exonerate/ID=match.2566964.4432/Target=lcl|BJWK01000017_1_prot_GEM11804_1_5821;exonerate},{ev_type:exonerate/ID=match.2566964.4434/Target=lcl|NW_017264940_1_prot_XP_018268952_1_5963;exonerate},{ev_type:exonerate/ID=match.2566964.4430/Target=lcl|KQ954503_1_prot_KWU42669_1_5002;exonerate}
88355	88187	internal-	6	6	{GeneMark_model.6294_t;GeneMark},{HiQ_model.g4891.t1;HiQ},{ev_type:exonerate/ID=match.2566964.4431/Target=lcl|PJQD01000047_1_prot_POY72738_1_4220;exonerate},{ev_type:exonerate/ID=match.2566964.4433/Target=lcl|LCTV02000004_1_prot_PRQ75500_1_5189;exonerate},{ev_type:exonerate/ID=match.2566964.4432/Target=lcl|BJWK01000017_1_prot_GEM11804_1_5821;exonerate},{ev_type:exonerate/ID=match.2566964.4434/Target=lcl|NW_017264940_1_prot_XP_018268952_1_5963;exonerate},{ev_type:exonerate/ID=match.2566964.4430/Target=lcl|KQ954503_1_prot_KWU42669_1_5002;exonerate}
88427	88356	INTRON			{GeneMark_model.6294_t;GeneMark},{HiQ_model.g4891.t1;HiQ},{ev_type:exonerate/ID=match.2566964.4431/Target=lcl|PJQD01000047_1_prot_POY72738_1_4220;exonerate},{ev_type:exonerate/ID=match.2566964.4433/Target=lcl|LCTV02000004_1_prot_PRQ75500_1_5189;exonerate},{ev_type:exonerate/ID=match.2566964.4432/Target=lcl|BJWK01000017_1_prot_GEM11804_1_5821;exonerate},{ev_type:exonerate/ID=match.2566964.4434/Target=lcl|NW_017264940_1_prot_XP_018268952_1_5963;exonerate},{ev_type:exonerate/ID=match.2566964.4430/Target=lcl|KQ954503_1_prot_KWU42669_1_5002;exonerate}
88726	88428	internal-	4	5	{GeneMark_model.6294_t;GeneMark},{HiQ_model.g4891.t1;HiQ},{ev_type:exonerate/ID=match.2566964.4431/Target=lcl|PJQD01000047_1_prot_POY72738_1_4220;exonerate},{ev_type:exonerate/ID=match.2566964.4433/Target=lcl|LCTV02000004_1_prot_PRQ75500_1_5189;exonerate},{ev_type:exonerate/ID=match.2566964.4432/Target=lcl|BJWK01000017_1_prot_GEM11804_1_5821;exonerate},{ev_type:exonerate/ID=match.2566964.4430/Target=lcl|KQ954503_1_prot_KWU42669_1_5002;exonerate}
88801	88727	INTRON			{GeneMark_model.6294_t;GeneMark},{HiQ_model.g4891.t1;HiQ},{GlimmerHMM_glimmerT_5872-T1;GlimmerHMM},{ev_type:exonerate/ID=match.2566964.4431/Target=lcl|PJQD01000047_1_prot_POY72738_1_4220;exonerate},{ev_type:exonerate/ID=match.2566964.4433/Target=lcl|LCTV02000004_1_prot_PRQ75500_1_5189;exonerate},{ev_type:exonerate/ID=match.2566964.4432/Target=lcl|BJWK01000017_1_prot_GEM11804_1_5821;exonerate},{ev_type:exonerate/ID=match.2566964.4430/Target=lcl|KQ954503_1_prot_KWU42669_1_5002;exonerate}
88885	88802	internal-	4	6	{GeneMark_model.6294_t;GeneMark},{HiQ_model.g4891.t1;HiQ},{GlimmerHMM_glimmerT_5872-T1;GlimmerHMM}
89299	88886	INTRON			{GeneMark_model.6294_t;GeneMark},{HiQ_model.g4891.t1;HiQ}
89305	89300	initial-	4	6	{GeneMark_model.6294_t;GeneMark},{HiQ_model.g4891.t1;HiQ},{snap_scaffold_17-snap.32-T1;snap}

# EVM prediction: Mode:STANDARD S-ratio: 1.82 89998-92638 orient(-) score(7056.00) noncoding_equivalent(3876.90) raw_noncoding(5017.31) offset(1140.41)
90002	89998	terminal-	5	6	{GeneMark_model.6295_t;GeneMark},{Augustus_model.g4892.t1;Augustus}
90070	90003	INTRON			{GeneMark_model.6295_t;GeneMark},{Augustus_model.g4892.t1;Augustus}
90140	90071	internal-	4	4	{GeneMark_model.6295_t;GeneMark},{Augustus_model.g4892.t1;Augustus}
90199	90141	INTRON			{GeneMark_model.6295_t;GeneMark},{Augustus_model.g4892.t1;Augustus}
90221	90200	internal-	6	6	{GeneMark_model.6295_t;GeneMark},{Augustus_model.g4892.t1;Augustus},{GlimmerHMM_glimmerT_5872-T1;GlimmerHMM}
90289	90222	INTRON			{GeneMark_model.6295_t;GeneMark},{Augustus_model.g4892.t1;Augustus},{GlimmerHMM_glimmerT_5872-T1;GlimmerHMM}
90736	90290	internal-	6	5	{GlimmerHMM_glimmerT_5872-T1;GlimmerHMM}
90798	90737	INTRON			{GeneMark_model.6295_t;GeneMark},{Augustus_model.g4892.t1;Augustus}
90837	90799	internal-	6	5	{GeneMark_model.6295_t;GeneMark},{Augustus_model.g4892.t1;Augustus}
90902	90838	INTRON			{GeneMark_model.6295_t;GeneMark},{Augustus_model.g4892.t1;Augustus}
91007	90903	internal-	6	5	{GeneMark_model.6295_t;GeneMark},{Augustus_model.g4892.t1;Augustus},{GlimmerHMM_glimmerT_5872-T1;GlimmerHMM}
91079	91008	INTRON			{GeneMark_model.6295_t;GeneMark},{GlimmerHMM_glimmerT_5872-T1;GlimmerHMM}
91262	91080	internal-	6	5	{GeneMark_model.6295_t;GeneMark},{GlimmerHMM_glimmerT_5872-T1;GlimmerHMM}
91320	91263	INTRON			{GeneMark_model.6295_t;GeneMark},{Augustus_model.g4892.t1;Augustus},{GlimmerHMM_glimmerT_5872-T1;GlimmerHMM}
91524	91321	internal-	6	5	{GeneMark_model.6295_t;GeneMark},{Augustus_model.g4892.t1;Augustus}
91594	91525	INTRON			{GeneMark_model.6295_t;GeneMark},{Augustus_model.g4892.t1;Augustus}
91835	91595	internal-	5	5	{GeneMark_model.6295_t;GeneMark},{Augustus_model.g4892.t1;Augustus}
91904	91836	INTRON			{GeneMark_model.6295_t;GeneMark},{Augustus_model.g4892.t1;Augustus}
92067	91905	internal-	4	4	{GeneMark_model.6295_t;GeneMark},{Augustus_model.g4892.t1;Augustus},{GlimmerHMM_glimmerT_5872-T1;GlimmerHMM}
92134	92068	INTRON			{GeneMark_model.6295_t;GeneMark},{Augustus_model.g4892.t1;Augustus},{GlimmerHMM_glimmerT_5872-T1;GlimmerHMM}
92638	92135	initial-	4	6	{GeneMark_model.6295_t;GeneMark},{Augustus_model.g4892.t1;Augustus},{GlimmerHMM_glimmerT_5872-T1;GlimmerHMM}

# EVM prediction: Mode:STANDARD S-ratio: 1.62 92841-93925 orient(-) score(2706.00) noncoding_equivalent(1674.89) raw_noncoding(2511.00) offset(836.11)
92940	92841	terminal-	6	6	{Augustus_model.g4893.t1;Augustus},{GeneMark_model.6296_t;GeneMark},{GlimmerHMM_glimmerT_5873-T1;GlimmerHMM}
93003	92941	INTRON			{Augustus_model.g4893.t1;Augustus},{GeneMark_model.6296_t;GeneMark}
93082	93004	internal-	5	5	{Augustus_model.g4893.t1;Augustus},{GeneMark_model.6296_t;GeneMark}
93144	93083	INTRON			{Augustus_model.g4893.t1;Augustus},{GeneMark_model.6296_t;GeneMark}
93185	93145	internal-	6	4	{Augustus_model.g4893.t1;Augustus},{GeneMark_model.6296_t;GeneMark}
93259	93186	INTRON			{GeneMark_model.6296_t;GeneMark}
93271	93260	internal-	6	5	{GeneMark_model.6296_t;GeneMark}
93337	93272	INTRON			{GeneMark_model.6296_t;GeneMark}
93509	93338	internal-	5	5	{Augustus_model.g4893.t1;Augustus},{GeneMark_model.6296_t;GeneMark},{GlimmerHMM_glimmerT_5873-T1;GlimmerHMM}
93596	93510	INTRON			{Augustus_model.g4893.t1;Augustus},{GeneMark_model.6296_t;GeneMark},{GlimmerHMM_glimmerT_5873-T1;GlimmerHMM}
93661	93597	internal-	6	4	{Augustus_model.g4893.t1;Augustus},{GeneMark_model.6296_t;GeneMark},{GlimmerHMM_glimmerT_5873-T1;GlimmerHMM}
93737	93662	INTRON			{Augustus_model.g4893.t1;Augustus},{GeneMark_model.6296_t;GeneMark},{GlimmerHMM_glimmerT_5873-T1;GlimmerHMM}
93925	93738	initial-	4	5	{Augustus_model.g4893.t1;Augustus},{GeneMark_model.6296_t;GeneMark},{GlimmerHMM_glimmerT_5873-T1;GlimmerHMM}

# EVM prediction: Mode:STANDARD S-ratio: 5.03 94213-95243 orient(+) score(3680.00) noncoding_equivalent(731.51) raw_noncoding(833.51) offset(102.00)
94213	94317	initial+	1	3	{GeneMark_model.6297_t;GeneMark},{Augustus_model.g4894.t1;Augustus}
94318	94388	INTRON			{GeneMark_model.6297_t;GeneMark},{Augustus_model.g4894.t1;Augustus},{snap_scaffold_17-snap.33-T1;snap}
94389	94743	internal+	1	1	{GeneMark_model.6297_t;GeneMark},{Augustus_model.g4894.t1;Augustus},{GlimmerHMM_glimmerT_5874-T1;GlimmerHMM}
94744	94821	INTRON			{GeneMark_model.6297_t;GeneMark},{Augustus_model.g4894.t1;Augustus},{GlimmerHMM_glimmerT_5874-T1;GlimmerHMM}
94822	95243	terminal+	2	3	{GeneMark_model.6297_t;GeneMark},{Augustus_model.g4894.t1;Augustus},{GlimmerHMM_glimmerT_5874-T1;GlimmerHMM}

# EVM prediction: Mode:STANDARD S-ratio: 1.69 95483-96302 orient(-) score(2307.00) noncoding_equivalent(1363.00) raw_noncoding(1648.00) offset(285.00)
95557	95483	terminal-	4	6	{Augustus_model.g4895.t1;Augustus},{GeneMark_model.6298_t;GeneMark},{GlimmerHMM_glimmerT_5875-T1;GlimmerHMM}
95621	95558	INTRON			{Augustus_model.g4895.t1;Augustus},{GeneMark_model.6298_t;GeneMark},{GlimmerHMM_glimmerT_5875-T1;GlimmerHMM}
95708	95622	internal-	4	6	{Augustus_model.g4895.t1;Augustus},{GeneMark_model.6298_t;GeneMark},{GlimmerHMM_glimmerT_5875-T1;GlimmerHMM}
95776	95709	INTRON			{Augustus_model.g4895.t1;Augustus},{GeneMark_model.6298_t;GeneMark},{GlimmerHMM_glimmerT_5875-T1;GlimmerHMM}
95869	95777	internal-	4	6	{Augustus_model.g4895.t1;Augustus},{GeneMark_model.6298_t;GeneMark}
95938	95870	INTRON			{Augustus_model.g4895.t1;Augustus},{GeneMark_model.6298_t;GeneMark}
96010	95939	internal-	4	6	{Augustus_model.g4895.t1;Augustus},{GeneMark_model.6298_t;GeneMark}
96080	96011	INTRON			{Augustus_model.g4895.t1;Augustus},{GeneMark_model.6298_t;GeneMark},{GlimmerHMM_glimmerT_5875-T1;GlimmerHMM}
96302	96081	initial-	4	6	{GeneMark_model.6298_t;GeneMark},{GlimmerHMM_glimmerT_5875-T1;GlimmerHMM}

# EVM prediction: Mode:STANDARD S-ratio: 2.60 96721-99933 orient(+) score(9622.00) noncoding_equivalent(3701.94) raw_noncoding(3864.52) offset(162.57)
96721	98591	initial+	1	2	{GeneMark_model.6299_t;GeneMark},{GlimmerHMM_glimmerT_5876-T1;GlimmerHMM}
98592	98680	INTRON			{GeneMark_model.6299_t;GeneMark},{GlimmerHMM_glimmerT_5876-T1;GlimmerHMM},{Augustus_model.g4896.t1;Augustus}
98681	99287	internal+	3	3	{GeneMark_model.6299_t;GeneMark},{GlimmerHMM_glimmerT_5876-T1;GlimmerHMM},{Augustus_model.g4896.t1;Augustus}
99288	99371	INTRON			{GeneMark_model.6299_t;GeneMark},{GlimmerHMM_glimmerT_5876-T1;GlimmerHMM},{Augustus_model.g4896.t1;Augustus}
99372	99616	internal+	1	2	{GlimmerHMM_glimmerT_5876-T1;GlimmerHMM},{Augustus_model.g4896.t1;Augustus}
99617	99686	INTRON			{GeneMark_model.6299_t;GeneMark},{GlimmerHMM_glimmerT_5876-T1;GlimmerHMM},{Augustus_model.g4896.t1;Augustus}
99687	99933	terminal+	3	3	{GeneMark_model.6299_t;GeneMark},{GlimmerHMM_glimmerT_5876-T1;GlimmerHMM}

# EVM prediction: Mode:STANDARD S-ratio: 1.76 100384-101026 orient(+) score(1905.00) noncoding_equivalent(1085.08) raw_noncoding(1307.08) offset(222.00)
100384	100608	initial+	1	3	{GeneMark_model.6300_t;GeneMark},{GlimmerHMM_glimmerT_5877-T1;GlimmerHMM}
100609	100732	INTRON			{GeneMark_model.6300_t;GeneMark},{Augustus_model.g4896.t1;Augustus},{GlimmerHMM_glimmerT_5877-T1;GlimmerHMM}
100733	100853	internal+	1	1	{GeneMark_model.6300_t;GeneMark},{Augustus_model.g4896.t1;Augustus},{GlimmerHMM_glimmerT_5877-T1;GlimmerHMM}
100854	100943	INTRON			{GeneMark_model.6300_t;GeneMark},{Augustus_model.g4896.t1;Augustus},{GlimmerHMM_glimmerT_5877-T1;GlimmerHMM}
100944	101026	terminal+	2	3	{GeneMark_model.6300_t;GeneMark},{Augustus_model.g4896.t1;Augustus},{GlimmerHMM_glimmerT_5877-T1;GlimmerHMM}

# EVM prediction: Mode:STANDARD S-ratio: 7.04 101508-102252 orient(-) score(7025.00) noncoding_equivalent(997.77) raw_noncoding(1195.00) offset(197.23)
101604	101508	terminal-	6	6	{GeneMark_model.6301_t;GeneMark},{HiQ_model.g4897.t1;HiQ},{GlimmerHMM_glimmerT_5878-T1;GlimmerHMM}
101667	101605	INTRON			{GeneMark_model.6301_t;GeneMark},{HiQ_model.g4897.t1;HiQ},{GlimmerHMM_glimmerT_5878-T1;GlimmerHMM},{ev_type:exonerate/ID=match.2566964.1736/Target=lcl|PJQD01000047_1_prot_POY72746_1_4228;exonerate},{ev_type:exonerate/ID=match.2566964.1739/Target=lcl|LCTV02000004_1_prot_PRQ75488_1_5177;exonerate},{ev_type:exonerate/ID=match.2566964.1737/Target=lcl|NW_017264940_1_prot_XP_018268963_1_5974;exonerate},{ev_type:exonerate/ID=match.2566964.1740/Target=lcl|BJWK01000017_1_prot_GEM11797_1_5814;exonerate}
102154	101668	internal-	5	5	{GeneMark_model.6301_t;GeneMark},{HiQ_model.g4897.t1;HiQ},{GlimmerHMM_glimmerT_5878-T1;GlimmerHMM},{ev_type:exonerate/ID=match.2566964.1736/Target=lcl|PJQD01000047_1_prot_POY72746_1_4228;exonerate},{ev_type:exonerate/ID=match.2566964.1739/Target=lcl|LCTV02000004_1_prot_PRQ75488_1_5177;exonerate},{ev_type:exonerate/ID=match.2566964.1737/Target=lcl|NW_017264940_1_prot_XP_018268963_1_5974;exonerate},{ev_type:exonerate/ID=match.2566964.1740/Target=lcl|BJWK01000017_1_prot_GEM11797_1_5814;exonerate}
102224	102155	INTRON			{GeneMark_model.6301_t;GeneMark},{HiQ_model.g4897.t1;HiQ},{GlimmerHMM_glimmerT_5878-T1;GlimmerHMM},{ev_type:exonerate/ID=match.2566964.1736/Target=lcl|PJQD01000047_1_prot_POY72746_1_4228;exonerate},{ev_type:exonerate/ID=match.2566964.1739/Target=lcl|LCTV02000004_1_prot_PRQ75488_1_5177;exonerate},{ev_type:exonerate/ID=match.2566964.1738/Target=lcl|KQ954503_1_prot_KWU42674_1_5007;exonerate},{ev_type:exonerate/ID=match.2566964.1737/Target=lcl|NW_017264940_1_prot_XP_018268963_1_5974;exonerate},{ev_type:exonerate/ID=match.2566964.1740/Target=lcl|BJWK01000017_1_prot_GEM11797_1_5814;exonerate}
102252	102225	initial-	4	4	{GeneMark_model.6301_t;GeneMark},{HiQ_model.g4897.t1;HiQ},{GlimmerHMM_glimmerT_5878-T1;GlimmerHMM}

# EVM prediction: Mode:STANDARD S-ratio: 3.95 103054-103848 orient(-) score(6279.00) noncoding_equivalent(1590.00) raw_noncoding(2424.00) offset(834.00)
103132	103054	terminal-	6	6	{HiQ_model.g4898.t1;HiQ},{GeneMark_model.6302_t;GeneMark},{GlimmerHMM_glimmerT_5879-T1;GlimmerHMM}
103199	103133	INTRON			{HiQ_model.g4898.t1;HiQ},{GeneMark_model.6302_t;GeneMark},{GlimmerHMM_glimmerT_5879-T1;GlimmerHMM},{ev_type:exonerate/ID=match.2566964.4470/Target=lcl|PJQD01000047_1_prot_POY72748_1_4230;exonerate},{ev_type:exonerate/ID=match.2566964.4473/Target=lcl|BJWK01000017_1_prot_GEM11795_1_5812;exonerate},{ev_type:exonerate/ID=match.2566964.4469/Target=lcl|KQ954503_1_prot_KWU42676_1_5009;exonerate},{ev_type:exonerate/ID=match.2566964.4472/Target=lcl|LCTV02000004_1_prot_PRQ75486_1_5175;exonerate}
103318	103200	internal-	4	5	{HiQ_model.g4898.t1;HiQ},{GeneMark_model.6302_t;GeneMark},{GlimmerHMM_glimmerT_5879-T1;GlimmerHMM},{ev_type:exonerate/ID=match.2566964.4470/Target=lcl|PJQD01000047_1_prot_POY72748_1_4230;exonerate},{ev_type:exonerate/ID=match.2566964.4473/Target=lcl|BJWK01000017_1_prot_GEM11795_1_5812;exonerate},{ev_type:exonerate/ID=match.2566964.4469/Target=lcl|KQ954503_1_prot_KWU42676_1_5009;exonerate},{ev_type:exonerate/ID=match.2566964.4472/Target=lcl|LCTV02000004_1_prot_PRQ75486_1_5175;exonerate}
103386	103319	INTRON			{HiQ_model.g4898.t1;HiQ},{GeneMark_model.6302_t;GeneMark},{GlimmerHMM_glimmerT_5879-T1;GlimmerHMM},{ev_type:exonerate/ID=match.2566964.4470/Target=lcl|PJQD01000047_1_prot_POY72748_1_4230;exonerate},{ev_type:exonerate/ID=match.2566964.4473/Target=lcl|BJWK01000017_1_prot_GEM11795_1_5812;exonerate},{ev_type:exonerate/ID=match.2566964.4469/Target=lcl|KQ954503_1_prot_KWU42676_1_5009;exonerate},{ev_type:exonerate/ID=match.2566964.4472/Target=lcl|LCTV02000004_1_prot_PRQ75486_1_5175;exonerate}
103473	103387	internal-	4	6	{HiQ_model.g4898.t1;HiQ},{GeneMark_model.6302_t;GeneMark},{GlimmerHMM_glimmerT_5879-T1;GlimmerHMM},{ev_type:exonerate/ID=match.2566964.4470/Target=lcl|PJQD01000047_1_prot_POY72748_1_4230;exonerate},{ev_type:exonerate/ID=match.2566964.4473/Target=lcl|BJWK01000017_1_prot_GEM11795_1_5812;exonerate},{ev_type:exonerate/ID=match.2566964.4469/Target=lcl|KQ954503_1_prot_KWU42676_1_5009;exonerate},{ev_type:exonerate/ID=match.2566964.4472/Target=lcl|LCTV02000004_1_prot_PRQ75486_1_5175;exonerate}
103564	103474	INTRON			{HiQ_model.g4898.t1;HiQ},{GeneMark_model.6302_t;GeneMark},{GlimmerHMM_glimmerT_5879-T1;GlimmerHMM},{ev_type:exonerate/ID=match.2566964.4470/Target=lcl|PJQD01000047_1_prot_POY72748_1_4230;exonerate},{ev_type:exonerate/ID=match.2566964.4473/Target=lcl|BJWK01000017_1_prot_GEM11795_1_5812;exonerate},{ev_type:exonerate/ID=match.2566964.4469/Target=lcl|KQ954503_1_prot_KWU42676_1_5009;exonerate},{ev_type:exonerate/ID=match.2566964.4472/Target=lcl|LCTV02000004_1_prot_PRQ75486_1_5175;exonerate}
103620	103565	internal-	5	6	{HiQ_model.g4898.t1;HiQ},{GeneMark_model.6302_t;GeneMark},{GlimmerHMM_glimmerT_5879-T1;GlimmerHMM},{ev_type:exonerate/ID=match.2566964.4470/Target=lcl|PJQD01000047_1_prot_POY72748_1_4230;exonerate},{ev_type:exonerate/ID=match.2566964.4473/Target=lcl|BJWK01000017_1_prot_GEM11795_1_5812;exonerate},{ev_type:exonerate/ID=match.2566964.4469/Target=lcl|KQ954503_1_prot_KWU42676_1_5009;exonerate},{ev_type:exonerate/ID=match.2566964.4472/Target=lcl|LCTV02000004_1_prot_PRQ75486_1_5175;exonerate}
103811	103621	INTRON			{HiQ_model.g4898.t1;HiQ},{GeneMark_model.6302_t;GeneMark},{GlimmerHMM_glimmerT_5879-T1;GlimmerHMM},{ev_type:exonerate/ID=match.2566964.4470/Target=lcl|PJQD01000047_1_prot_POY72748_1_4230;exonerate},{ev_type:exonerate/ID=match.2566964.4473/Target=lcl|BJWK01000017_1_prot_GEM11795_1_5812;exonerate},{ev_type:exonerate/ID=match.2566964.4469/Target=lcl|KQ954503_1_prot_KWU42676_1_5009;exonerate},{ev_type:exonerate/ID=match.2566964.4472/Target=lcl|LCTV02000004_1_prot_PRQ75486_1_5175;exonerate}
103848	103812	initial-	4	4	{HiQ_model.g4898.t1;HiQ},{GeneMark_model.6302_t;GeneMark},{GlimmerHMM_glimmerT_5879-T1;GlimmerHMM}

# EVM prediction: Mode:STANDARD S-ratio: 2.00 104862-107839 orient(-) score(8143.00) noncoding_equivalent(4071.00) raw_noncoding(5397.00) offset(1326.00)
104965	104862	terminal-	5	6	{Augustus_model.g4899.t1;Augustus},{GeneMark_model.6303_t;GeneMark},{GlimmerHMM_glimmerT_5880-T1;GlimmerHMM}
105034	104966	INTRON			{Augustus_model.g4899.t1;Augustus},{GeneMark_model.6303_t;GeneMark},{GlimmerHMM_glimmerT_5880-T1;GlimmerHMM}
105172	105035	internal-	5	4	{Augustus_model.g4899.t1;Augustus},{GeneMark_model.6303_t;GeneMark},{GlimmerHMM_glimmerT_5880-T1;GlimmerHMM}
105242	105173	INTRON			{Augustus_model.g4899.t1;Augustus},{GeneMark_model.6303_t;GeneMark},{GlimmerHMM_glimmerT_5880-T1;GlimmerHMM}
105475	105243	internal-	6	4	{Augustus_model.g4899.t1;Augustus},{GeneMark_model.6303_t;GeneMark},{GlimmerHMM_glimmerT_5880-T1;GlimmerHMM}
105546	105476	INTRON			{Augustus_model.g4899.t1;Augustus},{GeneMark_model.6303_t;GeneMark},{GlimmerHMM_glimmerT_5880-T1;GlimmerHMM}
105697	105547	internal-	5	5	{Augustus_model.g4899.t1;Augustus},{GeneMark_model.6303_t;GeneMark}
105772	105698	INTRON			{Augustus_model.g4899.t1;Augustus},{GeneMark_model.6303_t;GeneMark}
105824	105773	internal-	4	4	{Augustus_model.g4899.t1;Augustus},{GeneMark_model.6303_t;GeneMark}
105880	105825	INTRON			{Augustus_model.g4899.t1;Augustus},{GeneMark_model.6303_t;GeneMark},{GlimmerHMM_glimmerT_5880-T1;GlimmerHMM}
105934	105881	internal-	4	6	{Augustus_model.g4899.t1;Augustus},{GeneMark_model.6303_t;GeneMark},{GlimmerHMM_glimmerT_5880-T1;GlimmerHMM}
106004	105935	INTRON			{Augustus_model.g4899.t1;Augustus},{GeneMark_model.6303_t;GeneMark},{GlimmerHMM_glimmerT_5880-T1;GlimmerHMM}
106073	106005	internal-	4	6	{Augustus_model.g4899.t1;Augustus},{GeneMark_model.6303_t;GeneMark},{GlimmerHMM_glimmerT_5880-T1;GlimmerHMM}
106134	106074	INTRON			{Augustus_model.g4899.t1;Augustus},{GeneMark_model.6303_t;GeneMark},{GlimmerHMM_glimmerT_5880-T1;GlimmerHMM}
106239	106135	internal-	4	6	{Augustus_model.g4899.t1;Augustus},{GeneMark_model.6303_t;GeneMark},{GlimmerHMM_glimmerT_5880-T1;GlimmerHMM}
106299	106240	INTRON			{Augustus_model.g4899.t1;Augustus},{GeneMark_model.6303_t;GeneMark},{GlimmerHMM_glimmerT_5880-T1;GlimmerHMM}
106674	106300	internal-	4	6	{Augustus_model.g4899.t1;Augustus},{GeneMark_model.6303_t;GeneMark},{GlimmerHMM_glimmerT_5880-T1;GlimmerHMM}
106743	106675	INTRON			{Augustus_model.g4899.t1;Augustus},{GeneMark_model.6303_t;GeneMark},{GlimmerHMM_glimmerT_5880-T1;GlimmerHMM}
106929	106744	internal-	4	6	{Augustus_model.g4899.t1;Augustus},{GlimmerHMM_glimmerT_5880-T1;GlimmerHMM}
107265	106930	INTRON			{GlimmerHMM_glimmerT_5880-T1;GlimmerHMM}
107756	107266	internal-	5	6	{GlimmerHMM_glimmerT_5880-T1;GlimmerHMM}
107778	107757	INTRON			{GlimmerHMM_glimmerT_5880-T1;GlimmerHMM}
107839	107779	initial-	4	4	{GlimmerHMM_glimmerT_5880-T1;GlimmerHMM}

# EVM prediction: Mode:STANDARD S-ratio: 1.95 108947-112313 orient(-) score(8915.00) noncoding_equivalent(4563.00) raw_noncoding(5891.72) offset(1328.72)
109134	108947	terminal-	5	6	{GlimmerHMM_glimmerT_5881-T1;GlimmerHMM}
109193	109135	INTRON			{Augustus_model.g4899.t1;Augustus},{GeneMark_model.6303_t;GeneMark},{GlimmerHMM_glimmerT_5881-T1;GlimmerHMM}
109426	109194	internal-	6	4	{Augustus_model.g4899.t1;Augustus},{GeneMark_model.6303_t;GeneMark}
109501	109427	INTRON			{Augustus_model.g4899.t1;Augustus},{GeneMark_model.6303_t;GeneMark}
109652	109502	internal-	5	5	{Augustus_model.g4899.t1;Augustus},{GeneMark_model.6303_t;GeneMark},{GlimmerHMM_glimmerT_5881-T1;GlimmerHMM}
109735	109653	INTRON			{Augustus_model.g4899.t1;Augustus},{GeneMark_model.6303_t;GeneMark},{GlimmerHMM_glimmerT_5881-T1;GlimmerHMM}
109787	109736	internal-	4	4	{Augustus_model.g4899.t1;Augustus},{GeneMark_model.6303_t;GeneMark},{GlimmerHMM_glimmerT_5881-T1;GlimmerHMM}
109847	109788	INTRON			{Augustus_model.g4899.t1;Augustus},{GeneMark_model.6303_t;GeneMark}
109901	109848	internal-	4	6	{Augustus_model.g4899.t1;Augustus},{GeneMark_model.6303_t;GeneMark}
109957	109902	INTRON			{Augustus_model.g4899.t1;Augustus},{GeneMark_model.6303_t;GeneMark}
110026	109958	internal-	4	6	{Augustus_model.g4899.t1;Augustus},{GeneMark_model.6303_t;GeneMark}
110085	110027	INTRON			{Augustus_model.g4899.t1;Augustus},{GeneMark_model.6303_t;GeneMark}
110190	110086	internal-	4	6	{Augustus_model.g4899.t1;Augustus},{GeneMark_model.6303_t;GeneMark}
110248	110191	INTRON			{Augustus_model.g4899.t1;Augustus},{GeneMark_model.6303_t;GeneMark}
110623	110249	internal-	4	6	{GeneMark_model.6303_t;GeneMark}
110692	110624	INTRON			{GeneMark_model.6303_t;GeneMark}
110880	110693	internal-	5	6	{Augustus_model.g4899.t1;Augustus},{GeneMark_model.6303_t;GeneMark}
110942	110881	INTRON			{Augustus_model.g4899.t1;Augustus},{GeneMark_model.6303_t;GeneMark}
110996	110943	internal-	5	4	{Augustus_model.g4899.t1;Augustus},{GeneMark_model.6303_t;GeneMark}
111059	110997	INTRON			{Augustus_model.g4899.t1;Augustus},{GeneMark_model.6303_t;GeneMark}
111820	111060	internal-	6	4	{GeneMark_model.6303_t;GeneMark}
111885	111821	INTRON			{GeneMark_model.6303_t;GeneMark}
112313	111886	initial-	4	5	{GeneMark_model.6303_t;GeneMark},{GlimmerHMM_glimmerT_5881-T1;GlimmerHMM}

# EVM prediction: Mode:STANDARD S-ratio: 1.99 112807-117183 orient(-) score(12114.00) noncoding_equivalent(6089.76) raw_noncoding(7060.01) offset(970.25)
112910	112807	terminal-	5	6	{GeneMark_model.6304_t;GeneMark}
112971	112911	INTRON			{Augustus_model.g4899.t1;Augustus},{GeneMark_model.6304_t;GeneMark}
113109	112972	internal-	5	4	{Augustus_model.g4899.t1;Augustus},{GeneMark_model.6304_t;GeneMark}
113170	113110	INTRON			{Augustus_model.g4899.t1;Augustus},{GeneMark_model.6304_t;GeneMark},{GlimmerHMM_glimmerT_5882-T1;GlimmerHMM}
113403	113171	internal-	6	4	{Augustus_model.g4899.t1;Augustus},{GeneMark_model.6304_t;GeneMark},{GlimmerHMM_glimmerT_5882-T1;GlimmerHMM}
113464	113404	INTRON			{Augustus_model.g4899.t1;Augustus},{GeneMark_model.6304_t;GeneMark}
113615	113465	internal-	5	5	{Augustus_model.g4899.t1;Augustus},{GeneMark_model.6304_t;GeneMark}
113695	113616	INTRON			{Augustus_model.g4899.t1;Augustus},{GeneMark_model.6304_t;GeneMark}
113801	113696	internal-	4	4	{Augustus_model.g4899.t1;Augustus},{GeneMark_model.6304_t;GeneMark}
113860	113802	INTRON			{Augustus_model.g4899.t1;Augustus},{GeneMark_model.6304_t;GeneMark},{GlimmerHMM_glimmerT_5882-T1;GlimmerHMM}
113929	113861	internal-	4	6	{Augustus_model.g4899.t1;Augustus},{GeneMark_model.6304_t;GeneMark},{GlimmerHMM_glimmerT_5882-T1;GlimmerHMM}
113982	113930	INTRON			{Augustus_model.g4899.t1;Augustus},{GeneMark_model.6304_t;GeneMark},{GlimmerHMM_glimmerT_5882-T1;GlimmerHMM}
114087	113983	internal-	4	6	{Augustus_model.g4899.t1;Augustus},{GeneMark_model.6304_t;GeneMark},{GlimmerHMM_glimmerT_5882-T1;GlimmerHMM}
114152	114088	INTRON			{Augustus_model.g4899.t1;Augustus},{GeneMark_model.6304_t;GeneMark},{GlimmerHMM_glimmerT_5882-T1;GlimmerHMM}
114530	114153	internal-	4	6	{Augustus_model.g4899.t1;Augustus},{GeneMark_model.6304_t;GeneMark},{GlimmerHMM_glimmerT_5882-T1;GlimmerHMM}
114586	114531	INTRON			{Augustus_model.g4899.t1;Augustus},{GeneMark_model.6304_t;GeneMark},{GlimmerHMM_glimmerT_5882-T1;GlimmerHMM}
114774	114587	internal-	5	6	{Augustus_model.g4899.t1;Augustus},{GeneMark_model.6304_t;GeneMark},{GlimmerHMM_glimmerT_5882-T1;GlimmerHMM}
114827	114775	INTRON			{Augustus_model.g4899.t1;Augustus},{GeneMark_model.6304_t;GeneMark}
114881	114828	internal-	5	4	{Augustus_model.g4899.t1;Augustus},{GeneMark_model.6304_t;GeneMark}
114940	114882	INTRON			{Augustus_model.g4899.t1;Augustus},{GeneMark_model.6304_t;GeneMark}
116319	114941	internal-	6	4	{Augustus_model.g4899.t1;Augustus},{GeneMark_model.6304_t;GeneMark},{GlimmerHMM_glimmerT_5882-T1;GlimmerHMM}
116386	116320	INTRON			{Augustus_model.g4899.t1;Augustus},{GeneMark_model.6304_t;GeneMark},{GlimmerHMM_glimmerT_5882-T1;GlimmerHMM}
117183	116387	initial-	4	5	{GeneMark_model.6304_t;GeneMark},{GlimmerHMM_glimmerT_5882-T1;GlimmerHMM}

# EVM prediction: Mode:STANDARD S-ratio: 1.00 117850-119943 orient(-) score(4188.00) noncoding_equivalent(4188.00) raw_noncoding(6324.00) offset(2136.00)
117909	117850	terminal-	4	6	{GeneMark_model.6305_t;GeneMark},{Augustus_model.g4900.t1;Augustus}
117978	117910	INTRON			{GeneMark_model.6305_t;GeneMark},{Augustus_model.g4900.t1;Augustus}
118044	117979	internal-	4	6	{GeneMark_model.6305_t;GeneMark},{Augustus_model.g4900.t1;Augustus}
118114	118045	INTRON			{GeneMark_model.6305_t;GeneMark},{Augustus_model.g4900.t1;Augustus}
118180	118115	internal-	4	6	{GeneMark_model.6305_t;GeneMark},{Augustus_model.g4900.t1;Augustus}
118251	118181	INTRON			{GeneMark_model.6305_t;GeneMark},{Augustus_model.g4900.t1;Augustus}
118317	118252	internal-	4	6	{GeneMark_model.6305_t;GeneMark},{Augustus_model.g4900.t1;Augustus}
118388	118318	INTRON			{GeneMark_model.6305_t;GeneMark},{Augustus_model.g4900.t1;Augustus}
118454	118389	internal-	4	6	{GeneMark_model.6305_t;GeneMark},{Augustus_model.g4900.t1;Augustus}
118525	118455	INTRON			{GeneMark_model.6305_t;GeneMark},{Augustus_model.g4900.t1;Augustus}
118591	118526	internal-	4	6	{GeneMark_model.6305_t;GeneMark},{Augustus_model.g4900.t1;Augustus}
118662	118592	INTRON			{GeneMark_model.6305_t;GeneMark},{Augustus_model.g4900.t1;Augustus}
118728	118663	internal-	4	6	{GeneMark_model.6305_t;GeneMark},{Augustus_model.g4900.t1;Augustus}
118799	118729	INTRON			{GeneMark_model.6305_t;GeneMark},{Augustus_model.g4900.t1;Augustus}
118865	118800	internal-	4	6	{GeneMark_model.6305_t;GeneMark},{Augustus_model.g4900.t1;Augustus}
118936	118866	INTRON			{GeneMark_model.6305_t;GeneMark},{Augustus_model.g4900.t1;Augustus}
119002	118937	internal-	4	6	{GeneMark_model.6305_t;GeneMark},{Augustus_model.g4900.t1;Augustus}
119073	119003	INTRON			{GeneMark_model.6305_t;GeneMark},{Augustus_model.g4900.t1;Augustus}
119139	119074	internal-	4	6	{GeneMark_model.6305_t;GeneMark},{Augustus_model.g4900.t1;Augustus}
119210	119140	INTRON			{GeneMark_model.6305_t;GeneMark},{Augustus_model.g4900.t1;Augustus}
119276	119211	internal-	4	6	{GeneMark_model.6305_t;GeneMark},{Augustus_model.g4900.t1;Augustus}
119346	119277	INTRON			{GeneMark_model.6305_t;GeneMark},{Augustus_model.g4900.t1;Augustus}
119412	119347	internal-	4	6	{GeneMark_model.6305_t;GeneMark},{Augustus_model.g4900.t1;Augustus}
119483	119413	INTRON			{GeneMark_model.6305_t;GeneMark},{Augustus_model.g4900.t1;Augustus}
119549	119484	internal-	4	6	{GeneMark_model.6305_t;GeneMark},{Augustus_model.g4900.t1;Augustus}
119620	119550	INTRON			{GeneMark_model.6305_t;GeneMark},{Augustus_model.g4900.t1;Augustus}
119686	119621	internal-	4	6	{GeneMark_model.6305_t;GeneMark},{Augustus_model.g4900.t1;Augustus}
119752	119687	INTRON			{GeneMark_model.6305_t;GeneMark},{Augustus_model.g4900.t1;Augustus}
119818	119753	internal-	4	6	{GeneMark_model.6305_t;GeneMark},{Augustus_model.g4900.t1;Augustus}
119901	119819	INTRON			{GeneMark_model.6305_t;GeneMark},{Augustus_model.g4900.t1;Augustus}
119943	119902	initial-	4	6	{GeneMark_model.6305_t;GeneMark},{Augustus_model.g4900.t1;Augustus}

# EVM prediction: Mode:STANDARD S-ratio: 3.18 120873-126700 orient(-) score(23686.00) noncoding_equivalent(7459.72) raw_noncoding(12191.00) offset(4731.28)
121166	120873	terminal-	4	6	{GlimmerHMM_glimmerT_5883-T1;GlimmerHMM},{GeneMark_model.6306_t;GeneMark},{snap_scaffold_17-snap.38-T1;snap},{Augustus_model.g4901.t1;Augustus}
121287	121167	INTRON			{GlimmerHMM_glimmerT_5883-T1;GlimmerHMM},{GeneMark_model.6306_t;GeneMark},{Augustus_model.g4901.t1;Augustus},{ev_type:exonerate/ID=match.2566964.4438/Target=lcl|KQ954501_1_prot_KWU42729_1_4859;exonerate},{ev_type:exonerate/ID=match.2566964.4437/Target=lcl|PJQD01000047_1_prot_POY72753_1_4235;exonerate}
121417	121288	internal-	6	6	{GlimmerHMM_glimmerT_5883-T1;GlimmerHMM},{GeneMark_model.6306_t;GeneMark},{Augustus_model.g4901.t1;Augustus},{ev_type:exonerate/ID=match.2566964.4438/Target=lcl|KQ954501_1_prot_KWU42729_1_4859;exonerate},{ev_type:exonerate/ID=match.2566964.4437/Target=lcl|PJQD01000047_1_prot_POY72753_1_4235;exonerate}
121485	121418	INTRON			{GlimmerHMM_glimmerT_5883-T1;GlimmerHMM},{GeneMark_model.6306_t;GeneMark},{Augustus_model.g4901.t1;Augustus},{ev_type:exonerate/ID=match.2566964.4438/Target=lcl|KQ954501_1_prot_KWU42729_1_4859;exonerate}
121775	121486	internal-	4	5	{GlimmerHMM_glimmerT_5883-T1;GlimmerHMM},{GeneMark_model.6306_t;GeneMark},{Augustus_model.g4901.t1;Augustus},{ev_type:exonerate/ID=match.2566964.4438/Target=lcl|KQ954501_1_prot_KWU42729_1_4859;exonerate}
121834	121776	INTRON			{GlimmerHMM_glimmerT_5883-T1;GlimmerHMM},{GeneMark_model.6306_t;GeneMark},{Augustus_model.g4901.t1;Augustus},{ev_type:exonerate/ID=match.2566964.4438/Target=lcl|KQ954501_1_prot_KWU42729_1_4859;exonerate},{ev_type:exonerate/ID=match.2566964.4437/Target=lcl|PJQD01000047_1_prot_POY72753_1_4235;exonerate}
122124	121835	internal-	5	6	{GlimmerHMM_glimmerT_5883-T1;GlimmerHMM},{GeneMark_model.6306_t;GeneMark},{Augustus_model.g4901.t1;Augustus},{ev_type:exonerate/ID=match.2566964.4438/Target=lcl|KQ954501_1_prot_KWU42729_1_4859;exonerate},{ev_type:exonerate/ID=match.2566964.4437/Target=lcl|PJQD01000047_1_prot_POY72753_1_4235;exonerate}
122187	122125	INTRON			{GlimmerHMM_glimmerT_5883-T1;GlimmerHMM},{GeneMark_model.6306_t;GeneMark},{Augustus_model.g4901.t1;Augustus},{ev_type:exonerate/ID=match.2566964.4438/Target=lcl|KQ954501_1_prot_KWU42729_1_4859;exonerate},{ev_type:exonerate/ID=match.2566964.4437/Target=lcl|PJQD01000047_1_prot_POY72753_1_4235;exonerate}
122319	122188	internal-	5	4	{GlimmerHMM_glimmerT_5883-T1;GlimmerHMM},{GeneMark_model.6306_t;GeneMark},{Augustus_model.g4901.t1;Augustus},{ev_type:exonerate/ID=match.2566964.4438/Target=lcl|KQ954501_1_prot_KWU42729_1_4859;exonerate},{ev_type:exonerate/ID=match.2566964.4437/Target=lcl|PJQD01000047_1_prot_POY72753_1_4235;exonerate}
122393	122320	INTRON			{GlimmerHMM_glimmerT_5883-T1;GlimmerHMM},{GeneMark_model.6306_t;GeneMark},{Augustus_model.g4901.t1;Augustus},{ev_type:exonerate/ID=match.2566964.4438/Target=lcl|KQ954501_1_prot_KWU42729_1_4859;exonerate},{ev_type:exonerate/ID=match.2566964.4437/Target=lcl|PJQD01000047_1_prot_POY72753_1_4235;exonerate}
122574	122394	internal-	4	4	{GlimmerHMM_glimmerT_5883-T1;GlimmerHMM},{GeneMark_model.6306_t;GeneMark},{Augustus_model.g4901.t1;Augustus},{ev_type:exonerate/ID=match.2566964.4438/Target=lcl|KQ954501_1_prot_KWU42729_1_4859;exonerate},{ev_type:exonerate/ID=match.2566964.4437/Target=lcl|PJQD01000047_1_prot_POY72753_1_4235;exonerate}
122639	122575	INTRON			{GlimmerHMM_glimmerT_5883-T1;GlimmerHMM},{GeneMark_model.6306_t;GeneMark},{Augustus_model.g4901.t1;Augustus},{ev_type:exonerate/ID=match.2566964.4438/Target=lcl|KQ954501_1_prot_KWU42729_1_4859;exonerate},{ev_type:exonerate/ID=match.2566964.4437/Target=lcl|PJQD01000047_1_prot_POY72753_1_4235;exonerate}
122810	122640	internal-	4	6	{GlimmerHMM_glimmerT_5883-T1;GlimmerHMM},{GeneMark_model.6306_t;GeneMark},{Augustus_model.g4901.t1;Augustus},{ev_type:exonerate/ID=match.2566964.4438/Target=lcl|KQ954501_1_prot_KWU42729_1_4859;exonerate},{ev_type:exonerate/ID=match.2566964.4437/Target=lcl|PJQD01000047_1_prot_POY72753_1_4235;exonerate}
122874	122811	INTRON			{GlimmerHMM_glimmerT_5883-T1;GlimmerHMM},{GeneMark_model.6306_t;GeneMark},{Augustus_model.g4901.t1;Augustus},{ev_type:exonerate/ID=match.2566964.4438/Target=lcl|KQ954501_1_prot_KWU42729_1_4859;exonerate},{ev_type:exonerate/ID=match.2566964.4437/Target=lcl|PJQD01000047_1_prot_POY72753_1_4235;exonerate}
123195	122875	internal-	4	6	{ev_type:exonerate/ID=match.2566964.4438/Target=lcl|KQ954501_1_prot_KWU42729_1_4859;exonerate}
123231	123196	INTRON			{snap_scaffold_17-snap.39-T1;snap},{ev_type:exonerate/ID=match.2566964.4438/Target=lcl|KQ954501_1_prot_KWU42729_1_4859;exonerate}
123334	123232	internal-	6	6	{GeneMark_model.6306_t;GeneMark},{ev_type:exonerate/ID=match.2566964.4438/Target=lcl|KQ954501_1_prot_KWU42729_1_4859;exonerate},{ev_type:exonerate/ID=match.2566964.4437/Target=lcl|PJQD01000047_1_prot_POY72753_1_4235;exonerate}
123396	123335	INTRON			{GlimmerHMM_glimmerT_5883-T1;GlimmerHMM},{GeneMark_model.6306_t;GeneMark},{Augustus_model.g4901.t1;Augustus},{ev_type:exonerate/ID=match.2566964.4438/Target=lcl|KQ954501_1_prot_KWU42729_1_4859;exonerate},{ev_type:exonerate/ID=match.2566964.4437/Target=lcl|PJQD01000047_1_prot_POY72753_1_4235;exonerate}
123521	123397	internal-	4	5	{GlimmerHMM_glimmerT_5883-T1;GlimmerHMM},{GeneMark_model.6306_t;GeneMark},{Augustus_model.g4901.t1;Augustus},{ev_type:exonerate/ID=match.2566964.4438/Target=lcl|KQ954501_1_prot_KWU42729_1_4859;exonerate},{ev_type:exonerate/ID=match.2566964.4437/Target=lcl|PJQD01000047_1_prot_POY72753_1_4235;exonerate}
123591	123522	INTRON			{GlimmerHMM_glimmerT_5883-T1;GlimmerHMM},{GeneMark_model.6306_t;GeneMark},{Augustus_model.g4901.t1;Augustus},{ev_type:exonerate/ID=match.2566964.4438/Target=lcl|KQ954501_1_prot_KWU42729_1_4859;exonerate},{ev_type:exonerate/ID=match.2566964.4437/Target=lcl|PJQD01000047_1_prot_POY72753_1_4235;exonerate}
123756	123592	internal-	4	6	{GlimmerHMM_glimmerT_5883-T1;GlimmerHMM},{GeneMark_model.6306_t;GeneMark},{Augustus_model.g4901.t1;Augustus},{ev_type:exonerate/ID=match.2566964.4438/Target=lcl|KQ954501_1_prot_KWU42729_1_4859;exonerate},{ev_type:exonerate/ID=match.2566964.4437/Target=lcl|PJQD01000047_1_prot_POY72753_1_4235;exonerate}
123825	123757	INTRON			{GlimmerHMM_glimmerT_5883-T1;GlimmerHMM},{GeneMark_model.6306_t;GeneMark},{Augustus_model.g4901.t1;Augustus},{ev_type:exonerate/ID=match.2566964.4438/Target=lcl|KQ954501_1_prot_KWU42729_1_4859;exonerate},{ev_type:exonerate/ID=match.2566964.4437/Target=lcl|PJQD01000047_1_prot_POY72753_1_4235;exonerate}
124014	123826	internal-	4	6	{GlimmerHMM_glimmerT_5883-T1;GlimmerHMM},{GeneMark_model.6306_t;GeneMark},{Augustus_model.g4901.t1;Augustus},{ev_type:exonerate/ID=match.2566964.4438/Target=lcl|KQ954501_1_prot_KWU42729_1_4859;exonerate},{ev_type:exonerate/ID=match.2566964.4437/Target=lcl|PJQD01000047_1_prot_POY72753_1_4235;exonerate}
124085	124015	INTRON			{GlimmerHMM_glimmerT_5883-T1;GlimmerHMM},{GeneMark_model.6306_t;GeneMark},{Augustus_model.g4901.t1;Augustus},{ev_type:exonerate/ID=match.2566964.4438/Target=lcl|KQ954501_1_prot_KWU42729_1_4859;exonerate},{ev_type:exonerate/ID=match.2566964.4437/Target=lcl|PJQD01000047_1_prot_POY72753_1_4235;exonerate}
124259	124086	internal-	4	6	{GlimmerHMM_glimmerT_5883-T1;GlimmerHMM},{GeneMark_model.6306_t;GeneMark},{Augustus_model.g4901.t1;Augustus},{ev_type:exonerate/ID=match.2566964.4438/Target=lcl|KQ954501_1_prot_KWU42729_1_4859;exonerate},{ev_type:exonerate/ID=match.2566964.4437/Target=lcl|PJQD01000047_1_prot_POY72753_1_4235;exonerate}
124326	124260	INTRON			{GlimmerHMM_glimmerT_5883-T1;GlimmerHMM},{GeneMark_model.6306_t;GeneMark},{Augustus_model.g4901.t1;Augustus},{ev_type:exonerate/ID=match.2566964.4438/Target=lcl|KQ954501_1_prot_KWU42729_1_4859;exonerate},{ev_type:exonerate/ID=match.2566964.4437/Target=lcl|PJQD01000047_1_prot_POY72753_1_4235;exonerate}
124479	124327	internal-	4	6	{GlimmerHMM_glimmerT_5883-T1;GlimmerHMM},{GeneMark_model.6306_t;GeneMark},{Augustus_model.g4901.t1;Augustus},{ev_type:exonerate/ID=match.2566964.4438/Target=lcl|KQ954501_1_prot_KWU42729_1_4859;exonerate},{ev_type:exonerate/ID=match.2566964.4437/Target=lcl|PJQD01000047_1_prot_POY72753_1_4235;exonerate}
124553	124480	INTRON			{GlimmerHMM_glimmerT_5883-T1;GlimmerHMM},{GeneMark_model.6306_t;GeneMark},{Augustus_model.g4901.t1;Augustus},{ev_type:exonerate/ID=match.2566964.4437/Target=lcl|PJQD01000047_1_prot_POY72753_1_4235;exonerate}
124687	124554	internal-	5	6	{GlimmerHMM_glimmerT_5883-T1;GlimmerHMM},{GeneMark_model.6306_t;GeneMark},{Augustus_model.g4901.t1;Augustus},{ev_type:exonerate/ID=match.2566964.4437/Target=lcl|PJQD01000047_1_prot_POY72753_1_4235;exonerate}
124753	124688	INTRON			{GlimmerHMM_glimmerT_5883-T1;GlimmerHMM},{GeneMark_model.6306_t;GeneMark},{Augustus_model.g4901.t1;Augustus},{ev_type:exonerate/ID=match.2566964.4438/Target=lcl|KQ954501_1_prot_KWU42729_1_4859;exonerate},{ev_type:exonerate/ID=match.2566964.4437/Target=lcl|PJQD01000047_1_prot_POY72753_1_4235;exonerate}
124838	124754	internal-	4	4	{GlimmerHMM_glimmerT_5883-T1;GlimmerHMM},{GeneMark_model.6306_t;GeneMark},{Augustus_model.g4901.t1;Augustus},{ev_type:exonerate/ID=match.2566964.4438/Target=lcl|KQ954501_1_prot_KWU42729_1_4859;exonerate},{ev_type:exonerate/ID=match.2566964.4437/Target=lcl|PJQD01000047_1_prot_POY72753_1_4235;exonerate}
124899	124839	INTRON			{GlimmerHMM_glimmerT_5883-T1;GlimmerHMM},{GeneMark_model.6306_t;GeneMark},{Augustus_model.g4901.t1;Augustus},{ev_type:exonerate/ID=match.2566964.4438/Target=lcl|KQ954501_1_prot_KWU42729_1_4859;exonerate},{ev_type:exonerate/ID=match.2566964.4437/Target=lcl|PJQD01000047_1_prot_POY72753_1_4235;exonerate}
125004	124900	internal-	4	6	{GlimmerHMM_glimmerT_5883-T1;GlimmerHMM},{GeneMark_model.6306_t;GeneMark},{Augustus_model.g4901.t1;Augustus},{ev_type:exonerate/ID=match.2566964.4437/Target=lcl|PJQD01000047_1_prot_POY72753_1_4235;exonerate}
125078	125005	INTRON			{GlimmerHMM_glimmerT_5883-T1;GlimmerHMM},{GeneMark_model.6306_t;GeneMark},{Augustus_model.g4901.t1;Augustus},{ev_type:exonerate/ID=match.2566964.4437/Target=lcl|PJQD01000047_1_prot_POY72753_1_4235;exonerate}
125146	125079	internal-	5	6	{GlimmerHMM_glimmerT_5883-T1;GlimmerHMM},{GeneMark_model.6306_t;GeneMark},{Augustus_model.g4901.t1;Augustus}
125216	125147	INTRON			{GeneMark_model.6306_t;GeneMark}
125271	125217	internal-	4	4	{GeneMark_model.6306_t;GeneMark}
126248	125272	INTRON			{GeneMark_model.6306_t;GeneMark}
126356	126249	internal-	4	6	{GeneMark_model.6306_t;GeneMark}
126544	126357	INTRON			{GeneMark_model.6306_t;GeneMark}
126700	126545	initial-	4	6	{GeneMark_model.6306_t;GeneMark}

# EVM prediction: Mode:STANDARD S-ratio: 7.87 127323-128965 orient(+) score(6048.00) noncoding_equivalent(768.97) raw_noncoding(883.13) offset(114.16)
127323	127718	initial+	1	3	{GeneMark_model.6307_t;GeneMark},{GlimmerHMM_glimmerT_5884-T1;GlimmerHMM},{Augustus_model.g4902.t1;Augustus}
127719	127786	INTRON			{GeneMark_model.6307_t;GeneMark},{GlimmerHMM_glimmerT_5884-T1;GlimmerHMM},{Augustus_model.g4902.t1;Augustus}
127787	128389	internal+	1	3	{GeneMark_model.6307_t;GeneMark},{GlimmerHMM_glimmerT_5884-T1;GlimmerHMM},{Augustus_model.g4902.t1;Augustus}
128390	128449	INTRON			{GeneMark_model.6307_t;GeneMark},{GlimmerHMM_glimmerT_5884-T1;GlimmerHMM},{Augustus_model.g4902.t1;Augustus}
128450	128965	terminal+	1	3	{GeneMark_model.6307_t;GeneMark},{GlimmerHMM_glimmerT_5884-T1;GlimmerHMM},{snap_scaffold_17-snap.42-T1;snap},{Augustus_model.g4902.t1;Augustus}

# EVM prediction: Mode:STANDARD S-ratio: 1.23 129176-132837 orient(-) score(7406.00) noncoding_equivalent(6011.65) raw_noncoding(9841.51) offset(3829.86)
129354	129176	terminal-	5	6	{GeneMark_model.6308_t;GeneMark},{Augustus_model.g4903.t1;Augustus},{GlimmerHMM_glimmerT_5885-T1;GlimmerHMM}
129420	129355	INTRON			{GeneMark_model.6308_t;GeneMark},{Augustus_model.g4903.t1;Augustus},{GlimmerHMM_glimmerT_5885-T1;GlimmerHMM}
129468	129421	internal-	5	4	{GeneMark_model.6308_t;GeneMark},{Augustus_model.g4903.t1;Augustus},{GlimmerHMM_glimmerT_5885-T1;GlimmerHMM}
129530	129469	INTRON			{Augustus_model.g4903.t1;Augustus}
129696	129531	internal-	4	4	{Augustus_model.g4903.t1;Augustus}
129754	129697	INTRON			{GeneMark_model.6308_t;GeneMark},{Augustus_model.g4903.t1;Augustus}
129771	129755	internal-	5	6	{GeneMark_model.6308_t;GeneMark}
129850	129772	INTRON			{GeneMark_model.6308_t;GeneMark}
130084	129851	internal-	5	4	{GeneMark_model.6308_t;GeneMark}
130142	130085	INTRON			{GeneMark_model.6308_t;GeneMark}
130226	130143	internal-	5	4	{GeneMark_model.6308_t;GeneMark},{Augustus_model.g4903.t1;Augustus},{GlimmerHMM_glimmerT_5885-T1;GlimmerHMM}
130712	130227	INTRON			{Augustus_model.g4903.t1;Augustus},{GlimmerHMM_glimmerT_5885-T1;GlimmerHMM}
130825	130713	internal-	6	4	{GeneMark_model.6308_t;GeneMark},{Augustus_model.g4903.t1;Augustus},{GlimmerHMM_glimmerT_5885-T1;GlimmerHMM}
130887	130826	INTRON			{GeneMark_model.6308_t;GeneMark},{Augustus_model.g4903.t1;Augustus}
131077	130888	internal-	5	5	{GeneMark_model.6308_t;GeneMark},{Augustus_model.g4903.t1;Augustus}
131135	131078	INTRON			{GeneMark_model.6308_t;GeneMark},{Augustus_model.g4903.t1;Augustus}
131200	131136	internal-	6	4	{GeneMark_model.6308_t;GeneMark},{Augustus_model.g4903.t1;Augustus}
131259	131201	INTRON			{GeneMark_model.6308_t;GeneMark},{Augustus_model.g4903.t1;Augustus}
131476	131260	internal-	5	5	{GeneMark_model.6308_t;GeneMark},{Augustus_model.g4903.t1;Augustus},{GlimmerHMM_glimmerT_5885-T1;GlimmerHMM}
131539	131477	INTRON			{GeneMark_model.6308_t;GeneMark},{Augustus_model.g4903.t1;Augustus},{GlimmerHMM_glimmerT_5885-T1;GlimmerHMM}
131630	131540	internal-	4	4	{GeneMark_model.6308_t;GeneMark},{Augustus_model.g4903.t1;Augustus},{GlimmerHMM_glimmerT_5885-T1;GlimmerHMM}
132118	131631	INTRON			{GeneMark_model.6308_t;GeneMark}
132169	132119	internal-	4	6	{GeneMark_model.6308_t;GeneMark}
132225	132170	INTRON			{GeneMark_model.6308_t;GeneMark}
132299	132226	internal-	5	6	{GeneMark_model.6308_t;GeneMark},{Augustus_model.g4903.t1;Augustus}
132357	132300	INTRON			{GeneMark_model.6308_t;GeneMark},{Augustus_model.g4903.t1;Augustus}
132463	132358	internal-	4	4	{GeneMark_model.6308_t;GeneMark},{Augustus_model.g4903.t1;Augustus}
132533	132464	INTRON			{GeneMark_model.6308_t;GeneMark},{Augustus_model.g4903.t1;Augustus}
132584	132534	internal-	4	6	{GeneMark_model.6308_t;GeneMark},{Augustus_model.g4903.t1;Augustus}
132657	132585	INTRON			{GeneMark_model.6308_t;GeneMark},{Augustus_model.g4903.t1;Augustus}
132837	132658	initial-	4	6	{GeneMark_model.6308_t;GeneMark},{Augustus_model.g4903.t1;Augustus}

# EVM prediction: Mode:STANDARD S-ratio: 22.94 133125-137942 orient(-) score(18795.00) noncoding_equivalent(819.19) raw_noncoding(1109.81) offset(290.62)
133163	133125	terminal-	4	6	{GeneMark_model.6309_t;GeneMark},{Augustus_model.g4904.t1;Augustus}
133227	133164	INTRON			{GeneMark_model.6309_t;GeneMark},{Augustus_model.g4904.t1;Augustus}
136699	133228	internal-	6	6	{GlimmerHMM_glimmerT_5885-T1;GlimmerHMM},{GeneMark_model.6309_t;GeneMark},{Augustus_model.g4904.t1;Augustus}
136763	136700	INTRON			{GlimmerHMM_glimmerT_5885-T1;GlimmerHMM},{GeneMark_model.6309_t;GeneMark},{Augustus_model.g4904.t1;Augustus}
137799	136764	internal-	5	5	{GlimmerHMM_glimmerT_5885-T1;GlimmerHMM},{GeneMark_model.6309_t;GeneMark},{Augustus_model.g4904.t1;Augustus}
137914	137800	INTRON			{GlimmerHMM_glimmerT_5885-T1;GlimmerHMM},{GeneMark_model.6309_t;GeneMark},{Augustus_model.g4904.t1;Augustus}
137942	137915	initial-	4	4	{GlimmerHMM_glimmerT_5885-T1;GlimmerHMM},{GeneMark_model.6309_t;GeneMark},{Augustus_model.g4904.t1;Augustus}

# EVM prediction: Mode:STANDARD S-ratio: 2.65 138240-139124 orient(+) score(2570.00) noncoding_equivalent(970.47) raw_noncoding(970.47) offset(0.00)
138240	139124	single+	1	3	{Augustus_model.g4905.t1;Augustus},{GeneMark_model.6310_t;GeneMark}

# EVM prediction: Mode:STANDARD S-ratio: 1.44 140689-142247 orient(+) score(3949.00) noncoding_equivalent(2735.74) raw_noncoding(3950.00) offset(1214.26)
140689	140738	initial+	1	2	{Augustus_model.g4906.t1;Augustus}
140739	140803	INTRON			{GeneMark_model.6311_t;GeneMark},{Augustus_model.g4906.t1;Augustus}
140804	140858	internal+	3	3	{GeneMark_model.6311_t;GeneMark},{Augustus_model.g4906.t1;Augustus}
140859	140925	INTRON			{GeneMark_model.6311_t;GeneMark},{Augustus_model.g4906.t1;Augustus}
140926	140936	internal+	1	2	{GeneMark_model.6311_t;GeneMark},{Augustus_model.g4906.t1;Augustus}
140937	141000	INTRON			{GeneMark_model.6311_t;GeneMark},{Augustus_model.g4906.t1;Augustus}
141001	141028	internal+	3	3	{GeneMark_model.6311_t;GeneMark},{Augustus_model.g4906.t1;Augustus}
141029	141085	INTRON			{GeneMark_model.6311_t;GeneMark},{Augustus_model.g4906.t1;Augustus}
141086	141206	internal+	1	1	{GeneMark_model.6311_t;GeneMark},{Augustus_model.g4906.t1;Augustus}
141207	141303	INTRON			{GeneMark_model.6311_t;GeneMark},{Augustus_model.g4906.t1;Augustus},{GlimmerHMM_glimmerT_5887-T1;GlimmerHMM}
141304	141316	internal+	2	2	{GeneMark_model.6311_t;GeneMark},{Augustus_model.g4906.t1;Augustus},{GlimmerHMM_glimmerT_5887-T1;GlimmerHMM}
141317	141379	INTRON			{GeneMark_model.6311_t;GeneMark},{Augustus_model.g4906.t1;Augustus},{GlimmerHMM_glimmerT_5887-T1;GlimmerHMM}
141380	141485	internal+	3	3	{GeneMark_model.6311_t;GeneMark},{Augustus_model.g4906.t1;Augustus}
141486	141548	INTRON			{GeneMark_model.6311_t;GeneMark},{Augustus_model.g4906.t1;Augustus}
141549	141628	internal+	1	2	{GeneMark_model.6311_t;GeneMark},{Augustus_model.g4906.t1;Augustus}
141629	141711	INTRON			{Augustus_model.g4906.t1;Augustus},{GlimmerHMM_glimmerT_5887-T1;GlimmerHMM}
141712	141716	internal+	3	1	{Augustus_model.g4906.t1;Augustus},{GlimmerHMM_glimmerT_5887-T1;GlimmerHMM}
141717	141774	INTRON			{Augustus_model.g4906.t1;Augustus},{GlimmerHMM_glimmerT_5887-T1;GlimmerHMM}
141775	141880	internal+	2	2	{Augustus_model.g4906.t1;Augustus},{GlimmerHMM_glimmerT_5887-T1;GlimmerHMM}
141881	141940	INTRON			{Augustus_model.g4906.t1;Augustus},{GlimmerHMM_glimmerT_5887-T1;GlimmerHMM}
141941	142035	internal+	3	1	{GeneMark_model.6311_t;GeneMark},{Augustus_model.g4906.t1;Augustus},{GlimmerHMM_glimmerT_5887-T1;GlimmerHMM}
142036	142107	INTRON			{GeneMark_model.6311_t;GeneMark},{Augustus_model.g4906.t1;Augustus},{GlimmerHMM_glimmerT_5887-T1;GlimmerHMM}
142108	142247	terminal+	2	3	{GeneMark_model.6311_t;GeneMark},{Augustus_model.g4906.t1;Augustus},{GlimmerHMM_glimmerT_5887-T1;GlimmerHMM}

# EVM prediction: Mode:STANDARD S-ratio: 5.89 142545-149130 orient(-) score(23363.00) noncoding_equivalent(3968.39) raw_noncoding(4507.00) offset(538.61)
142727	142545	terminal-	4	6	{Augustus_model.g4907.t1;Augustus},{GeneMark_model.6312_t;GeneMark}
142787	142728	INTRON			{Augustus_model.g4907.t1;Augustus},{GeneMark_model.6312_t;GeneMark}
143345	142788	internal-	4	6	{Augustus_model.g4907.t1;Augustus},{GeneMark_model.6312_t;GeneMark}
143411	143346	INTRON			{GlimmerHMM_glimmerT_5888-T1;GlimmerHMM},{Augustus_model.g4907.t1;Augustus},{GeneMark_model.6312_t;GeneMark}
143566	143412	internal-	5	6	{GlimmerHMM_glimmerT_5888-T1;GlimmerHMM},{Augustus_model.g4907.t1;Augustus},{GeneMark_model.6312_t;GeneMark}
143630	143567	INTRON			{GlimmerHMM_glimmerT_5888-T1;GlimmerHMM},{Augustus_model.g4907.t1;Augustus},{GeneMark_model.6312_t;GeneMark}
143769	143631	internal-	4	4	{GlimmerHMM_glimmerT_5888-T1;GlimmerHMM},{Augustus_model.g4907.t1;Augustus},{GeneMark_model.6312_t;GeneMark}
143833	143770	INTRON			{GlimmerHMM_glimmerT_5888-T1;GlimmerHMM},{Augustus_model.g4907.t1;Augustus},{GeneMark_model.6312_t;GeneMark}
144575	143834	internal-	6	6	{GlimmerHMM_glimmerT_5888-T1;GlimmerHMM},{GeneMark_model.6312_t;GeneMark}
144632	144576	INTRON			{GlimmerHMM_glimmerT_5888-T1;GlimmerHMM},{Augustus_model.g4907.t1;Augustus},{GeneMark_model.6312_t;GeneMark}
145204	144633	internal-	4	5	{GlimmerHMM_glimmerT_5888-T1;GlimmerHMM},{Augustus_model.g4907.t1;Augustus},{GeneMark_model.6312_t;GeneMark}
145268	145205	INTRON			{GlimmerHMM_glimmerT_5888-T1;GlimmerHMM},{Augustus_model.g4907.t1;Augustus},{GeneMark_model.6312_t;GeneMark}
145547	145269	internal-	4	6	{GlimmerHMM_glimmerT_5888-T1;GlimmerHMM},{Augustus_model.g4907.t1;Augustus},{GeneMark_model.6312_t;GeneMark}
145616	145548	INTRON			{GlimmerHMM_glimmerT_5888-T1;GlimmerHMM},{Augustus_model.g4907.t1;Augustus},{GeneMark_model.6312_t;GeneMark}
145787	145617	internal-	4	6	{Augustus_model.g4907.t1;Augustus},{GeneMark_model.6312_t;GeneMark}
145850	145788	INTRON			{Augustus_model.g4907.t1;Augustus},{GeneMark_model.6312_t;GeneMark}
146086	145851	internal-	5	6	{Augustus_model.g4907.t1;Augustus},{GeneMark_model.6312_t;GeneMark}
146148	146087	INTRON			{GlimmerHMM_glimmerT_5888-T1;GlimmerHMM},{Augustus_model.g4907.t1;Augustus},{GeneMark_model.6312_t;GeneMark}
148819	146149	internal-	4	4	{GlimmerHMM_glimmerT_5888-T1;GlimmerHMM},{Augustus_model.g4907.t1;Augustus},{GeneMark_model.6312_t;GeneMark}
148887	148820	INTRON			{GlimmerHMM_glimmerT_5888-T1;GlimmerHMM},{Augustus_model.g4907.t1;Augustus},{GeneMark_model.6312_t;GeneMark}
149130	148888	initial-	4	6	{GlimmerHMM_glimmerT_5888-T1;GlimmerHMM},{Augustus_model.g4907.t1;Augustus},{GeneMark_model.6312_t;GeneMark}

# EVM prediction: Mode:STANDARD S-ratio: 4.90 149596-151486 orient(-) score(6828.00) noncoding_equivalent(1394.76) raw_noncoding(1524.00) offset(129.24)
149705	149596	terminal-	5	6	{GeneMark_model.6313_t;GeneMark},{Augustus_model.g4908.t1;Augustus},{GlimmerHMM_glimmerT_5889-T1;GlimmerHMM}
149772	149706	INTRON			{GeneMark_model.6313_t;GeneMark},{Augustus_model.g4908.t1;Augustus},{GlimmerHMM_glimmerT_5889-T1;GlimmerHMM}
149953	149773	internal-	4	4	{GeneMark_model.6313_t;GeneMark},{Augustus_model.g4908.t1;Augustus},{GlimmerHMM_glimmerT_5889-T1;GlimmerHMM}
150017	149954	INTRON			{snap_scaffold_17-snap.48-T1;snap},{GeneMark_model.6313_t;GeneMark},{Augustus_model.g4908.t1;Augustus},{GlimmerHMM_glimmerT_5889-T1;GlimmerHMM}
150268	150018	internal-	5	6	{GeneMark_model.6313_t;GeneMark},{Augustus_model.g4908.t1;Augustus},{GlimmerHMM_glimmerT_5889-T1;GlimmerHMM}
150334	150269	INTRON			{GeneMark_model.6313_t;GeneMark},{Augustus_model.g4908.t1;Augustus},{GlimmerHMM_glimmerT_5889-T1;GlimmerHMM}
151163	150335	internal-	4	4	{GeneMark_model.6313_t;GeneMark},{Augustus_model.g4908.t1;Augustus},{GlimmerHMM_glimmerT_5889-T1;GlimmerHMM}
151243	151164	INTRON			{GeneMark_model.6313_t;GeneMark},{Augustus_model.g4908.t1;Augustus},{GlimmerHMM_glimmerT_5889-T1;GlimmerHMM}
151486	151244	initial-	4	6	{GeneMark_model.6313_t;GeneMark},{Augustus_model.g4908.t1;Augustus},{GlimmerHMM_glimmerT_5889-T1;GlimmerHMM}

# EVM prediction: Mode:STANDARD S-ratio: 7.97 152843-157917 orient(+) score(18894.00) noncoding_equivalent(2371.00) raw_noncoding(2618.00) offset(247.00)
152843	154209	initial+	1	2	{GeneMark_model.6314_t;GeneMark},{GlimmerHMM_glimmerT_5890-T1;GlimmerHMM},{Augustus_model.g4909.t1;Augustus}
154210	154270	INTRON			{GeneMark_model.6314_t;GeneMark},{GlimmerHMM_glimmerT_5890-T1;GlimmerHMM},{Augustus_model.g4909.t1;Augustus}
154271	154373	internal+	3	3	{GeneMark_model.6314_t;GeneMark},{GlimmerHMM_glimmerT_5890-T1;GlimmerHMM},{Augustus_model.g4909.t1;Augustus}
154374	154435	INTRON			{GeneMark_model.6314_t;GeneMark},{GlimmerHMM_glimmerT_5890-T1;GlimmerHMM},{Augustus_model.g4909.t1;Augustus}
154436	154722	internal+	1	2	{GeneMark_model.6314_t;GeneMark},{GlimmerHMM_glimmerT_5890-T1;GlimmerHMM},{Augustus_model.g4909.t1;Augustus}
154723	154784	INTRON			{GeneMark_model.6314_t;GeneMark},{GlimmerHMM_glimmerT_5890-T1;GlimmerHMM},{Augustus_model.g4909.t1;Augustus}
154785	155180	internal+	3	2	{GeneMark_model.6314_t;GeneMark},{GlimmerHMM_glimmerT_5890-T1;GlimmerHMM},{Augustus_model.g4909.t1;Augustus}
155181	155251	INTRON			{GeneMark_model.6314_t;GeneMark},{GlimmerHMM_glimmerT_5890-T1;GlimmerHMM},{Augustus_model.g4909.t1;Augustus}
155252	156416	internal+	3	3	{GeneMark_model.6314_t;GeneMark},{GlimmerHMM_glimmerT_5890-T1;GlimmerHMM},{Augustus_model.g4909.t1;Augustus}
156417	156472	INTRON			{GeneMark_model.6314_t;GeneMark},{GlimmerHMM_glimmerT_5890-T1;GlimmerHMM},{Augustus_model.g4909.t1;Augustus}
156473	156597	internal+	1	2	{GeneMark_model.6314_t;GeneMark},{GlimmerHMM_glimmerT_5890-T1;GlimmerHMM},{Augustus_model.g4909.t1;Augustus}
156598	156660	INTRON			{GeneMark_model.6314_t;GeneMark},{snap_scaffold_17-snap.52-T1;snap},{GlimmerHMM_glimmerT_5890-T1;GlimmerHMM},{Augustus_model.g4909.t1;Augustus}
156661	157735	internal+	3	3	{GeneMark_model.6314_t;GeneMark},{GlimmerHMM_glimmerT_5890-T1;GlimmerHMM},{Augustus_model.g4909.t1;Augustus}
157736	157797	INTRON			{GeneMark_model.6314_t;GeneMark},{GlimmerHMM_glimmerT_5890-T1;GlimmerHMM},{Augustus_model.g4909.t1;Augustus}
157798	157917	terminal+	1	3	{GeneMark_model.6314_t;GeneMark},{GlimmerHMM_glimmerT_5890-T1;GlimmerHMM},{Augustus_model.g4909.t1;Augustus}

# EVM prediction: Mode:STANDARD S-ratio: 1.04 158457-158819 orient(+) score(823.00) noncoding_equivalent(792.94) raw_noncoding(792.94) offset(0.00)
158457	158819	single+	1	3	{GeneMark_model.6315_t;GeneMark}

# EVM prediction: Mode:STANDARD S-ratio: 1.86 159095-160336 orient(-) score(3377.00) noncoding_equivalent(1818.08) raw_noncoding(2265.00) offset(446.92)
159437	159095	terminal-	6	6	{GeneMark_model.6316_t;GeneMark},{Augustus_model.g4910.t1;Augustus}
159516	159438	INTRON			{GeneMark_model.6316_t;GeneMark},{Augustus_model.g4910.t1;Augustus}
159556	159517	internal-	5	5	{GeneMark_model.6316_t;GeneMark},{Augustus_model.g4910.t1;Augustus}
159640	159557	INTRON			{GeneMark_model.6316_t;GeneMark},{Augustus_model.g4910.t1;Augustus}
159859	159641	internal-	5	4	{GeneMark_model.6316_t;GeneMark},{Augustus_model.g4910.t1;Augustus},{GlimmerHMM_glimmerT_5892-T1;GlimmerHMM}
159975	159860	INTRON			{GeneMark_model.6316_t;GeneMark},{Augustus_model.g4910.t1;Augustus},{GlimmerHMM_glimmerT_5892-T1;GlimmerHMM}
160336	159976	initial-	4	4	{GeneMark_model.6316_t;GeneMark},{Augustus_model.g4910.t1;Augustus},{GlimmerHMM_glimmerT_5892-T1;GlimmerHMM}

# EVM prediction: Mode:STANDARD S-ratio: 1.33 160493-161429 orient(+) score(2930.00) noncoding_equivalent(2202.00) raw_noncoding(2854.00) offset(652.00)
160493	160500	initial+	1	2	{snap_scaffold_17-snap.53-T1;snap},{GlimmerHMM_glimmerT_5893-T1;GlimmerHMM},{Augustus_model.g4911.t1;Augustus}
160501	160926	INTRON			{snap_scaffold_17-snap.53-T1;snap},{GlimmerHMM_glimmerT_5893-T1;GlimmerHMM},{Augustus_model.g4911.t1;Augustus}
160927	161074	internal+	3	3	{GlimmerHMM_glimmerT_5893-T1;GlimmerHMM},{Augustus_model.g4911.t1;Augustus}
161075	161143	INTRON			{GeneMark_model.6317_t;GeneMark},{GlimmerHMM_glimmerT_5893-T1;GlimmerHMM},{Augustus_model.g4911.t1;Augustus}
161144	161151	internal+	1	2	{GeneMark_model.6317_t;GeneMark},{GlimmerHMM_glimmerT_5893-T1;GlimmerHMM},{Augustus_model.g4911.t1;Augustus}
161152	161231	INTRON			{GeneMark_model.6317_t;GeneMark},{GlimmerHMM_glimmerT_5893-T1;GlimmerHMM},{Augustus_model.g4911.t1;Augustus}
161232	161266	internal+	3	1	{GeneMark_model.6317_t;GeneMark},{GlimmerHMM_glimmerT_5893-T1;GlimmerHMM},{Augustus_model.g4911.t1;Augustus}
161267	161330	INTRON			{GeneMark_model.6317_t;GeneMark},{GlimmerHMM_glimmerT_5893-T1;GlimmerHMM},{Augustus_model.g4911.t1;Augustus}
161331	161356	internal+	2	3	{GeneMark_model.6317_t;GeneMark},{GlimmerHMM_glimmerT_5893-T1;GlimmerHMM},{Augustus_model.g4911.t1;Augustus}
161357	161420	INTRON			{GeneMark_model.6317_t;GeneMark},{GlimmerHMM_glimmerT_5893-T1;GlimmerHMM},{Augustus_model.g4911.t1;Augustus}
161421	161429	terminal+	1	3	{GeneMark_model.6317_t;GeneMark},{GlimmerHMM_glimmerT_5893-T1;GlimmerHMM},{Augustus_model.g4911.t1;Augustus}

# EVM prediction: Mode:STANDARD S-ratio: 8.17 162106-163275 orient(-) score(8773.00) noncoding_equivalent(1074.00) raw_noncoding(1209.00) offset(135.00)
162277	162106	terminal-	6	6	{GeneMark_model.6318_t;GeneMark},{GlimmerHMM_glimmerT_5894-T1;GlimmerHMM},{snap_scaffold_17-snap.54-T1;snap},{Augustus_model.g4912.t1;Augustus}
162349	162278	INTRON			{GeneMark_model.6318_t;GeneMark},{GlimmerHMM_glimmerT_5894-T1;GlimmerHMM},{snap_scaffold_17-snap.54-T1;snap},{Augustus_model.g4912.t1;Augustus},{ev_type:exonerate/ID=match.2566964.4448/Target=lcl|PJQD01000047_1_prot_POY72770_1_4252;exonerate},{ev_type:exonerate/ID=match.2566964.4449/Target=lcl|LCTV02000004_1_prot_PRQ75553_1_5242;exonerate},{ev_type:exonerate/ID=match.2566964.4447/Target=lcl|KQ954501_1_prot_KWU42744_1_4874;exonerate},{ev_type:exonerate/ID=match.2566964.4451/Target=lcl|NW_017264940_1_prot_XP_018268908_1_5919;exonerate}
162418	162350	internal-	6	5	{GeneMark_model.6318_t;GeneMark},{GlimmerHMM_glimmerT_5894-T1;GlimmerHMM},{Augustus_model.g4912.t1;Augustus},{ev_type:exonerate/ID=match.2566964.4448/Target=lcl|PJQD01000047_1_prot_POY72770_1_4252;exonerate},{ev_type:exonerate/ID=match.2566964.4449/Target=lcl|LCTV02000004_1_prot_PRQ75553_1_5242;exonerate},{ev_type:exonerate/ID=match.2566964.4447/Target=lcl|KQ954501_1_prot_KWU42744_1_4874;exonerate},{ev_type:exonerate/ID=match.2566964.4451/Target=lcl|NW_017264940_1_prot_XP_018268908_1_5919;exonerate}
162483	162419	INTRON			{GeneMark_model.6318_t;GeneMark},{GlimmerHMM_glimmerT_5894-T1;GlimmerHMM},{Augustus_model.g4912.t1;Augustus},{ev_type:exonerate/ID=match.2566964.4448/Target=lcl|PJQD01000047_1_prot_POY72770_1_4252;exonerate},{ev_type:exonerate/ID=match.2566964.4449/Target=lcl|LCTV02000004_1_prot_PRQ75553_1_5242;exonerate},{ev_type:exonerate/ID=match.2566964.4447/Target=lcl|KQ954501_1_prot_KWU42744_1_4874;exonerate},{ev_type:exonerate/ID=match.2566964.4451/Target=lcl|NW_017264940_1_prot_XP_018268908_1_5919;exonerate}
162548	162484	internal-	4	5	{GeneMark_model.6318_t;GeneMark},{GlimmerHMM_glimmerT_5894-T1;GlimmerHMM},{Augustus_model.g4912.t1;Augustus},{ev_type:exonerate/ID=match.2566964.4448/Target=lcl|PJQD01000047_1_prot_POY72770_1_4252;exonerate},{ev_type:exonerate/ID=match.2566964.4449/Target=lcl|LCTV02000004_1_prot_PRQ75553_1_5242;exonerate},{ev_type:exonerate/ID=match.2566964.4447/Target=lcl|KQ954501_1_prot_KWU42744_1_4874;exonerate},{ev_type:exonerate/ID=match.2566964.4451/Target=lcl|NW_017264940_1_prot_XP_018268908_1_5919;exonerate}
162615	162549	INTRON			{GeneMark_model.6318_t;GeneMark},{GlimmerHMM_glimmerT_5894-T1;GlimmerHMM},{Augustus_model.g4912.t1;Augustus},{ev_type:exonerate/ID=match.2566964.4448/Target=lcl|PJQD01000047_1_prot_POY72770_1_4252;exonerate},{ev_type:exonerate/ID=match.2566964.4449/Target=lcl|LCTV02000004_1_prot_PRQ75553_1_5242;exonerate},{ev_type:exonerate/ID=match.2566964.4447/Target=lcl|KQ954501_1_prot_KWU42744_1_4874;exonerate},{ev_type:exonerate/ID=match.2566964.4451/Target=lcl|NW_017264940_1_prot_XP_018268908_1_5919;exonerate}
163199	162616	internal-	5	6	{GeneMark_model.6318_t;GeneMark},{GlimmerHMM_glimmerT_5894-T1;GlimmerHMM},{Augustus_model.g4912.t1;Augustus}
163271	163200	INTRON			{GeneMark_model.6318_t;GeneMark},{GlimmerHMM_glimmerT_5894-T1;GlimmerHMM},{snap_scaffold_17-snap.55-T1;snap},{Augustus_model.g4912.t1;Augustus}
163275	163272	initial-	4	4	{GeneMark_model.6318_t;GeneMark},{GlimmerHMM_glimmerT_5894-T1;GlimmerHMM},{snap_scaffold_17-snap.55-T1;snap},{Augustus_model.g4912.t1;Augustus}

# EVM prediction: Mode:STANDARD S-ratio: 3.46 165204-166827 orient(+) score(5312.00) noncoding_equivalent(1534.20) raw_noncoding(1869.00) offset(334.80)
165204	165689	initial+	1	3	{GlimmerHMM_glimmerT_5895-T1;GlimmerHMM},{GeneMark_model.6319_t;GeneMark},{Augustus_model.g4913.t1;Augustus}
165690	165751	INTRON			{GlimmerHMM_glimmerT_5895-T1;GlimmerHMM},{GeneMark_model.6319_t;GeneMark},{Augustus_model.g4913.t1;Augustus}
165752	165834	internal+	1	2	{GlimmerHMM_glimmerT_5895-T1;GlimmerHMM},{GeneMark_model.6319_t;GeneMark},{Augustus_model.g4913.t1;Augustus}
165835	165890	INTRON			{GlimmerHMM_glimmerT_5895-T1;GlimmerHMM},{GeneMark_model.6319_t;GeneMark},{Augustus_model.g4913.t1;Augustus}
165891	166503	internal+	3	3	{GlimmerHMM_glimmerT_5895-T1;GlimmerHMM},{GeneMark_model.6319_t;GeneMark},{Augustus_model.g4913.t1;Augustus}
166504	166568	INTRON			{GlimmerHMM_glimmerT_5895-T1;GlimmerHMM},{GeneMark_model.6319_t;GeneMark},{Augustus_model.g4913.t1;Augustus}
166569	166634	internal+	1	3	{GeneMark_model.6319_t;GeneMark},{Augustus_model.g4913.t1;Augustus}
166635	166740	INTRON			{GeneMark_model.6319_t;GeneMark},{Augustus_model.g4913.t1;Augustus}
166741	166827	terminal+	1	3	{GeneMark_model.6319_t;GeneMark},{Augustus_model.g4913.t1;Augustus}

# EVM prediction: Mode:STANDARD S-ratio: 16.91 167320-168147 orient(+) score(3246.00) noncoding_equivalent(192.00) raw_noncoding(198.00) offset(6.00)
167320	167765	initial+	1	2	{GeneMark_model.6320_t;GeneMark},{Augustus_model.g4914.t1;Augustus},{GlimmerHMM_glimmerT_5896-T1;GlimmerHMM}
167766	167831	INTRON			{GeneMark_model.6320_t;GeneMark},{Augustus_model.g4914.t1;Augustus},{GlimmerHMM_glimmerT_5896-T1;GlimmerHMM}
167832	168147	terminal+	3	3	{GeneMark_model.6320_t;GeneMark},{Augustus_model.g4914.t1;Augustus},{GlimmerHMM_glimmerT_5896-T1;GlimmerHMM}

# EVM prediction: Mode:STANDARD S-ratio: 2.04 168420-169460 orient(-) score(2880.00) noncoding_equivalent(1408.40) raw_noncoding(1720.66) offset(312.26)
168631	168420	terminal-	5	6	{Augustus_model.g4915.t1;Augustus},{GeneMark_model.6321_t;GeneMark},{GlimmerHMM_glimmerT_5897-T1;GlimmerHMM}
168697	168632	INTRON			{Augustus_model.g4915.t1;Augustus},{GeneMark_model.6321_t;GeneMark},{GlimmerHMM_glimmerT_5897-T1;GlimmerHMM}
168857	168698	internal-	4	4	{Augustus_model.g4915.t1;Augustus},{GeneMark_model.6321_t;GeneMark},{GlimmerHMM_glimmerT_5897-T1;GlimmerHMM}
168919	168858	INTRON			{Augustus_model.g4915.t1;Augustus},{GeneMark_model.6321_t;GeneMark}
169279	168920	internal-	4	6	{Augustus_model.g4915.t1;Augustus},{GeneMark_model.6321_t;GeneMark}
169352	169280	INTRON			{Augustus_model.g4915.t1;Augustus},{GeneMark_model.6321_t;GeneMark}
169460	169353	initial-	4	6	{Augustus_model.g4915.t1;Augustus},{GeneMark_model.6321_t;GeneMark}

# EVM prediction: Mode:STANDARD S-ratio: 1.93 174421-174849 orient(-) score(1130.00) noncoding_equivalent(584.06) raw_noncoding(677.06) offset(93.00)
174486	174421	terminal-	4	6	{Augustus_model.g4916.t1;Augustus},{GeneMark_model.6322_t;GeneMark}
174558	174487	INTRON			{Augustus_model.g4916.t1;Augustus},{GeneMark_model.6322_t;GeneMark}
174849	174559	initial-	4	6	{Augustus_model.g4916.t1;Augustus},{GeneMark_model.6322_t;GeneMark}

# EVM prediction: Mode:STANDARD S-ratio: 4.00 175318-176902 orient(-) score(7702.00) noncoding_equivalent(1926.51) raw_noncoding(2948.03) offset(1021.52)
175359	175318	terminal-	4	6	{GeneMark_model.6323_t;GeneMark},{Augustus_model.g4917.t1;Augustus}
175435	175360	INTRON			{GeneMark_model.6323_t;GeneMark},{Augustus_model.g4917.t1;Augustus},{ev_type:exonerate/ID=match.2566964.4454/Target=lcl|NW_017264940_1_prot_XP_018268895_1_5906;exonerate}
175719	175436	internal-	5	6	{GeneMark_model.6323_t;GeneMark},{Augustus_model.g4917.t1;Augustus},{ev_type:exonerate/ID=match.2566964.4454/Target=lcl|NW_017264940_1_prot_XP_018268895_1_5906;exonerate}
175793	175720	INTRON			{GeneMark_model.6323_t;GeneMark},{GlimmerHMM_glimmerT_5898-T1;GlimmerHMM},{Augustus_model.g4917.t1;Augustus},{ev_type:exonerate/ID=match.2566964.4455/Target=lcl|LCTV02000004_1_prot_PRQ75645_1_5334;exonerate},{ev_type:exonerate/ID=match.2566964.4453/Target=lcl|KQ954494_1_prot_KWU43141_1_4467;exonerate},{ev_type:exonerate/ID=match.2566964.4454/Target=lcl|NW_017264940_1_prot_XP_018268895_1_5906;exonerate}
176282	175794	internal-	5	4	{GeneMark_model.6323_t;GeneMark},{GlimmerHMM_glimmerT_5898-T1;GlimmerHMM},{Augustus_model.g4917.t1;Augustus},{ev_type:exonerate/ID=match.2566964.4455/Target=lcl|LCTV02000004_1_prot_PRQ75645_1_5334;exonerate},{ev_type:exonerate/ID=match.2566964.4453/Target=lcl|KQ954494_1_prot_KWU43141_1_4467;exonerate},{ev_type:exonerate/ID=match.2566964.4454/Target=lcl|NW_017264940_1_prot_XP_018268895_1_5906;exonerate}
176348	176283	INTRON			{GeneMark_model.6323_t;GeneMark},{GlimmerHMM_glimmerT_5898-T1;GlimmerHMM},{Augustus_model.g4917.t1;Augustus},{ev_type:exonerate/ID=match.2566964.4455/Target=lcl|LCTV02000004_1_prot_PRQ75645_1_5334;exonerate},{ev_type:exonerate/ID=match.2566964.4453/Target=lcl|KQ954494_1_prot_KWU43141_1_4467;exonerate}
176456	176349	internal-	5	4	{GeneMark_model.6323_t;GeneMark},{GlimmerHMM_glimmerT_5898-T1;GlimmerHMM},{Augustus_model.g4917.t1;Augustus},{ev_type:exonerate/ID=match.2566964.4453/Target=lcl|KQ954494_1_prot_KWU43141_1_4467;exonerate}
176892	176457	INTRON			{GeneMark_model.6323_t;GeneMark},{Augustus_model.g4917.t1;Augustus}
176902	176893	initial-	4	4	{GeneMark_model.6323_t;GeneMark},{GlimmerHMM_glimmerT_5898-T1;GlimmerHMM},{Augustus_model.g4917.t1;Augustus}

# EVM prediction: Mode:STANDARD S-ratio: 3.17 177090-178232 orient(+) score(3876.00) noncoding_equivalent(1220.81) raw_noncoding(1497.00) offset(276.19)
177090	177350	initial+	1	3	{Augustus_model.g4918.t1;Augustus},{GlimmerHMM_glimmerT_5899-T1;GlimmerHMM},{GeneMark_model.6324_t;GeneMark}
177351	177536	INTRON			{Augustus_model.g4918.t1;Augustus},{GlimmerHMM_glimmerT_5899-T1;GlimmerHMM},{GeneMark_model.6324_t;GeneMark}
177537	177705	internal+	1	1	{Augustus_model.g4918.t1;Augustus},{GlimmerHMM_glimmerT_5899-T1;GlimmerHMM},{GeneMark_model.6324_t;GeneMark}
177706	177786	INTRON			{Augustus_model.g4918.t1;Augustus},{GlimmerHMM_glimmerT_5899-T1;GlimmerHMM},{GeneMark_model.6324_t;GeneMark}
177787	178232	terminal+	2	3	{Augustus_model.g4918.t1;Augustus},{GlimmerHMM_glimmerT_5899-T1;GlimmerHMM},{GeneMark_model.6324_t;GeneMark}

# EVM prediction: Mode:STANDARD S-ratio: 11.47 178597-179812 orient(+) score(5516.00) noncoding_equivalent(481.05) raw_noncoding(570.05) offset(89.00)
178597	179556	initial+	1	3	{Augustus_model.g4919.t1;Augustus},{GeneMark_model.6325_t;GeneMark},{GlimmerHMM_glimmerT_5900-T1;GlimmerHMM}
179557	179662	INTRON			{Augustus_model.g4919.t1;Augustus},{GeneMark_model.6325_t;GeneMark},{GlimmerHMM_glimmerT_5900-T1;GlimmerHMM},{ev_type:exonerate/ID=match.2566964.4457/Target=lcl|KQ954501_1_prot_KWU42775_1_4905;exonerate}
179663	179812	terminal+	1	3	{Augustus_model.g4919.t1;Augustus},{GeneMark_model.6325_t;GeneMark}

# EVM prediction: Mode:STANDARD S-ratio: 2.17 180742-181451 orient(+) score(2058.00) noncoding_equivalent(948.00) raw_noncoding(1112.00) offset(164.00)
180742	181166	initial+	1	2	{Augustus_model.g4920.t1;Augustus}
181167	181252	INTRON			{GlimmerHMM_glimmerT_5900-T1;GlimmerHMM},{GeneMark_model.6326_t;GeneMark},{Augustus_model.g4920.t1;Augustus}
181253	181352	internal+	3	3	{GeneMark_model.6326_t;GeneMark},{Augustus_model.g4920.t1;Augustus}
181353	181424	INTRON			{GeneMark_model.6326_t;GeneMark},{Augustus_model.g4920.t1;Augustus}
181425	181451	terminal+	1	3	{GeneMark_model.6326_t;GeneMark},{Augustus_model.g4920.t1;Augustus}

# EVM prediction: Mode:STANDARD S-ratio: 1.73 181735-182911 orient(-) score(3456.00) noncoding_equivalent(1998.00) raw_noncoding(2473.00) offset(475.00)
181806	181735	terminal-	4	6	{GeneMark_model.6327_t;GeneMark},{Augustus_model.g4921.t1;Augustus}
181881	181807	INTRON			{GeneMark_model.6327_t;GeneMark},{Augustus_model.g4921.t1;Augustus}
181955	181882	internal-	5	6	{GeneMark_model.6327_t;GeneMark},{Augustus_model.g4921.t1;Augustus}
182027	181956	INTRON			{GeneMark_model.6327_t;GeneMark},{GlimmerHMM_glimmerT_5901-T1;GlimmerHMM},{Augustus_model.g4921.t1;Augustus}
182151	182028	internal-	4	4	{GeneMark_model.6327_t;GeneMark},{GlimmerHMM_glimmerT_5901-T1;GlimmerHMM},{Augustus_model.g4921.t1;Augustus}
182231	182152	INTRON			{GeneMark_model.6327_t;GeneMark},{GlimmerHMM_glimmerT_5901-T1;GlimmerHMM},{Augustus_model.g4921.t1;Augustus}
182359	182232	internal-	5	6	{GeneMark_model.6327_t;GeneMark},{GlimmerHMM_glimmerT_5901-T1;GlimmerHMM},{Augustus_model.g4921.t1;Augustus}
182423	182360	INTRON			{GeneMark_model.6327_t;GeneMark},{GlimmerHMM_glimmerT_5901-T1;GlimmerHMM},{Augustus_model.g4921.t1;Augustus}
182517	182424	internal-	4	4	{GeneMark_model.6327_t;GeneMark},{GlimmerHMM_glimmerT_5901-T1;GlimmerHMM},{Augustus_model.g4921.t1;Augustus}
182683	182518	INTRON			{GeneMark_model.6327_t;GeneMark},{GlimmerHMM_glimmerT_5901-T1;GlimmerHMM},{Augustus_model.g4921.t1;Augustus}
182911	182684	initial-	4	6	{GeneMark_model.6327_t;GeneMark},{GlimmerHMM_glimmerT_5901-T1;GlimmerHMM},{Augustus_model.g4921.t1;Augustus}

# EVM prediction: Mode:STANDARD S-ratio: 2.34 183595-185215 orient(+) score(5163.00) noncoding_equivalent(2209.07) raw_noncoding(2775.10) offset(566.03)
183595	183640	initial+	1	1	{GlimmerHMM_glimmerT_5902-T1;GlimmerHMM},{Augustus_model.g4922.t1;Augustus}
183641	183683	INTRON			{GlimmerHMM_glimmerT_5902-T1;GlimmerHMM},{Augustus_model.g4922.t1;Augustus}
183684	183877	internal+	2	3	{GlimmerHMM_glimmerT_5902-T1;GlimmerHMM},{Augustus_model.g4922.t1;Augustus}
183878	183939	INTRON			{GlimmerHMM_glimmerT_5902-T1;GlimmerHMM},{Augustus_model.g4922.t1;Augustus},{GeneMark_model.6328_t;GeneMark}
183940	184013	internal+	1	2	{GlimmerHMM_glimmerT_5902-T1;GlimmerHMM},{Augustus_model.g4922.t1;Augustus},{GeneMark_model.6328_t;GeneMark}
184014	184077	INTRON			{GlimmerHMM_glimmerT_5902-T1;GlimmerHMM},{Augustus_model.g4922.t1;Augustus},{GeneMark_model.6328_t;GeneMark}
184078	184263	internal+	3	2	{GlimmerHMM_glimmerT_5902-T1;GlimmerHMM},{Augustus_model.g4922.t1;Augustus},{GeneMark_model.6328_t;GeneMark}
184264	184320	INTRON			{GlimmerHMM_glimmerT_5902-T1;GlimmerHMM},{Augustus_model.g4922.t1;Augustus},{GeneMark_model.6328_t;GeneMark}
184321	184361	internal+	3	1	{GlimmerHMM_glimmerT_5902-T1;GlimmerHMM},{Augustus_model.g4922.t1;Augustus},{GeneMark_model.6328_t;GeneMark}
184362	184423	INTRON			{GlimmerHMM_glimmerT_5902-T1;GlimmerHMM},{Augustus_model.g4922.t1;Augustus},{GeneMark_model.6328_t;GeneMark}
184424	184436	internal+	2	2	{GlimmerHMM_glimmerT_5902-T1;GlimmerHMM},{Augustus_model.g4922.t1;Augustus},{GeneMark_model.6328_t;GeneMark}
184437	184499	INTRON			{GlimmerHMM_glimmerT_5902-T1;GlimmerHMM},{Augustus_model.g4922.t1;Augustus},{GeneMark_model.6328_t;GeneMark}
184500	184559	internal+	3	2	{GlimmerHMM_glimmerT_5902-T1;GlimmerHMM},{Augustus_model.g4922.t1;Augustus},{GeneMark_model.6328_t;GeneMark}
184560	184630	INTRON			{GlimmerHMM_glimmerT_5902-T1;GlimmerHMM},{Augustus_model.g4922.t1;Augustus},{GeneMark_model.6328_t;GeneMark}
184631	184770	internal+	3	1	{GlimmerHMM_glimmerT_5902-T1;GlimmerHMM},{Augustus_model.g4922.t1;Augustus},{GeneMark_model.6328_t;GeneMark}
184771	184850	INTRON			{GlimmerHMM_glimmerT_5902-T1;GlimmerHMM},{Augustus_model.g4922.t1;Augustus},{GeneMark_model.6328_t;GeneMark}
184851	185215	terminal+	2	3	{GlimmerHMM_glimmerT_5902-T1;GlimmerHMM},{snap_scaffold_17-snap.61-T1;snap},{Augustus_model.g4922.t1;Augustus},{GeneMark_model.6328_t;GeneMark}

# EVM prediction: Mode:STANDARD S-ratio: 1.84 185497-187066 orient(-) score(4149.00) noncoding_equivalent(2256.22) raw_noncoding(3233.13) offset(976.91)
185632	185497	terminal-	6	6	{Augustus_model.g4923.t1;Augustus},{GeneMark_model.6329_t;GeneMark}
185719	185633	INTRON			{Augustus_model.g4923.t1;Augustus},{GeneMark_model.6329_t;GeneMark}
185806	185720	internal-	6	5	{Augustus_model.g4923.t1;Augustus},{GeneMark_model.6329_t;GeneMark}
185894	185807	INTRON			{Augustus_model.g4923.t1;Augustus},{GeneMark_model.6329_t;GeneMark}
185927	185895	internal-	6	5	{Augustus_model.g4923.t1;Augustus},{GeneMark_model.6329_t;GeneMark}
185989	185928	INTRON			{Augustus_model.g4923.t1;Augustus},{GeneMark_model.6329_t;GeneMark}
186071	185990	internal-	5	5	{Augustus_model.g4923.t1;Augustus},{GeneMark_model.6329_t;GeneMark}
186165	186072	INTRON			{Augustus_model.g4923.t1;Augustus},{GeneMark_model.6329_t;GeneMark}
186344	186166	internal-	6	4	{Augustus_model.g4923.t1;Augustus},{GlimmerHMM_glimmerT_5903-T1;GlimmerHMM},{GeneMark_model.6329_t;GeneMark}
186405	186345	INTRON			{Augustus_model.g4923.t1;Augustus},{GeneMark_model.6329_t;GeneMark}
186507	186406	internal-	6	5	{Augustus_model.g4923.t1;Augustus},{GeneMark_model.6329_t;GeneMark}
186631	186508	INTRON			{Augustus_model.g4923.t1;Augustus},{GeneMark_model.6329_t;GeneMark}
186763	186632	internal-	6	5	{Augustus_model.g4923.t1;Augustus},{GlimmerHMM_glimmerT_5903-T1;GlimmerHMM},{GeneMark_model.6329_t;GeneMark}
186833	186764	INTRON			{Augustus_model.g4923.t1;Augustus},{GlimmerHMM_glimmerT_5903-T1;GlimmerHMM},{GeneMark_model.6329_t;GeneMark}
187066	186834	initial-	4	5	{GlimmerHMM_glimmerT_5903-T1;GlimmerHMM},{GeneMark_model.6329_t;GeneMark}

# EVM prediction: Mode:STANDARD S-ratio: 4.05 187495-189097 orient(-) score(4738.00) noncoding_equivalent(1168.70) raw_noncoding(1988.10) offset(819.41)
187577	187495	terminal-	5	6	{GeneMark_model.6330_t;GeneMark}
187651	187578	INTRON			{GeneMark_model.6330_t;GeneMark}
187658	187652	internal-	4	4	{GeneMark_model.6330_t;GeneMark}
187761	187659	INTRON			{GeneMark_model.6330_t;GeneMark}
188051	187762	internal-	5	6	{Augustus_model.g4923.t1;Augustus},{GlimmerHMM_glimmerT_5904-T1;GlimmerHMM},{GeneMark_model.6330_t;GeneMark}
188167	188052	INTRON			{Augustus_model.g4923.t1;Augustus},{GeneMark_model.6330_t;GeneMark}
188826	188168	internal-	6	4	{GeneMark_model.6330_t;GeneMark}
188900	188827	INTRON			{GeneMark_model.6330_t;GeneMark}
189097	188901	initial-	4	5	{GeneMark_model.6330_t;GeneMark}

# EVM prediction: Mode:STANDARD S-ratio: 6.52 189551-190901 orient(+) score(5265.00) noncoding_equivalent(807.18) raw_noncoding(866.18) offset(59.00)
189551	190288	initial+	1	3	{GlimmerHMM_glimmerT_5905-T1;GlimmerHMM},{GeneMark_model.6331_t;GeneMark},{Augustus_model.g4924.t1;Augustus}
190289	190358	INTRON			{GlimmerHMM_glimmerT_5905-T1;GlimmerHMM},{GeneMark_model.6331_t;GeneMark},{Augustus_model.g4924.t1;Augustus}
190359	190901	terminal+	1	3	{GlimmerHMM_glimmerT_5905-T1;GlimmerHMM},{GeneMark_model.6331_t;GeneMark},{Augustus_model.g4924.t1;Augustus}

# EVM prediction: Mode:STANDARD S-ratio: 2.32 191159-192846 orient(+) score(4588.00) noncoding_equivalent(1975.20) raw_noncoding(3011.00) offset(1035.80)
191159	191415	initial+	1	2	{Augustus_model.g4925.t1;Augustus},{GeneMark_model.6332_t;GeneMark},{GlimmerHMM_glimmerT_5906-T1;GlimmerHMM}
191416	191492	INTRON			{Augustus_model.g4925.t1;Augustus},{GeneMark_model.6332_t;GeneMark}
191493	191550	internal+	3	3	{Augustus_model.g4925.t1;Augustus},{GeneMark_model.6332_t;GeneMark}
191551	191621	INTRON			{Augustus_model.g4925.t1;Augustus},{GeneMark_model.6332_t;GeneMark}
191622	191654	internal+	1	3	{Augustus_model.g4925.t1;Augustus},{GeneMark_model.6332_t;GeneMark}
191655	191732	INTRON			{Augustus_model.g4925.t1;Augustus},{GeneMark_model.6332_t;GeneMark}
191733	191791	internal+	1	2	{GeneMark_model.6332_t;GeneMark}
191792	191885	INTRON			{GeneMark_model.6332_t;GeneMark}
191886	192407	internal+	3	2	{Augustus_model.g4925.t1;Augustus},{GeneMark_model.6332_t;GeneMark}
192408	192509	INTRON			{Augustus_model.g4925.t1;Augustus},{GeneMark_model.6332_t;GeneMark}
192510	192522	internal+	3	3	{Augustus_model.g4925.t1;Augustus},{GeneMark_model.6332_t;GeneMark}
192523	192600	INTRON			{Augustus_model.g4925.t1;Augustus},{GeneMark_model.6332_t;GeneMark}
192601	192846	terminal+	1	3	{Augustus_model.g4925.t1;Augustus},{GeneMark_model.6332_t;GeneMark}

# EVM prediction: Mode:STANDARD S-ratio: 4.95 193170-194345 orient(+) score(4279.00) noncoding_equivalent(865.26) raw_noncoding(1098.00) offset(232.74)
193170	193303	initial+	1	2	{Augustus_model.g4926.t1;Augustus},{GeneMark_model.6333_t;GeneMark},{GlimmerHMM_glimmerT_5907-T1;GlimmerHMM}
193304	193385	INTRON			{Augustus_model.g4926.t1;Augustus},{GeneMark_model.6333_t;GeneMark},{GlimmerHMM_glimmerT_5907-T1;GlimmerHMM}
193386	193403	internal+	3	2	{Augustus_model.g4926.t1;Augustus},{GeneMark_model.6333_t;GeneMark},{GlimmerHMM_glimmerT_5907-T1;GlimmerHMM}
193404	193480	INTRON			{Augustus_model.g4926.t1;Augustus},{GeneMark_model.6333_t;GeneMark},{GlimmerHMM_glimmerT_5907-T1;GlimmerHMM}
193481	194224	internal+	3	2	{Augustus_model.g4926.t1;Augustus},{GeneMark_model.6333_t;GeneMark},{GlimmerHMM_glimmerT_5907-T1;GlimmerHMM}
194225	194293	INTRON			{Augustus_model.g4926.t1;Augustus},{GeneMark_model.6333_t;GeneMark},{GlimmerHMM_glimmerT_5907-T1;GlimmerHMM}
194294	194345	terminal+	3	3	{Augustus_model.g4926.t1;Augustus},{GeneMark_model.6333_t;GeneMark},{GlimmerHMM_glimmerT_5907-T1;GlimmerHMM}

# EVM prediction: Mode:STANDARD S-ratio: 8.12 194493-195496 orient(-) score(3687.00) noncoding_equivalent(454.25) raw_noncoding(524.00) offset(69.75)
195223	194493	terminal-	5	6	{GeneMark_model.6334_t;GeneMark},{Augustus_model.g4927.t1;Augustus},{GlimmerHMM_glimmerT_5908-T1;GlimmerHMM}
195288	195224	INTRON			{GeneMark_model.6334_t;GeneMark},{Augustus_model.g4927.t1;Augustus},{GlimmerHMM_glimmerT_5908-T1;GlimmerHMM}
195496	195289	initial-	4	4	{Augustus_model.g4927.t1;Augustus},{GlimmerHMM_glimmerT_5908-T1;GlimmerHMM}

# EVM prediction: Mode:STANDARD S-ratio: 2.51 196113-198509 orient(-) score(7518.00) noncoding_equivalent(2991.58) raw_noncoding(3873.00) offset(881.42)
196447	196113	terminal-	5	6	{GlimmerHMM_glimmerT_5909-T1;GlimmerHMM},{Augustus_model.g4928.t1;Augustus},{GeneMark_model.6335_t;GeneMark}
196518	196448	INTRON			{GlimmerHMM_glimmerT_5909-T1;GlimmerHMM},{Augustus_model.g4928.t1;Augustus},{GeneMark_model.6335_t;GeneMark}
196606	196519	internal-	4	4	{GlimmerHMM_glimmerT_5909-T1;GlimmerHMM},{Augustus_model.g4928.t1;Augustus},{GeneMark_model.6335_t;GeneMark}
196668	196607	INTRON			{GlimmerHMM_glimmerT_5909-T1;GlimmerHMM},{Augustus_model.g4928.t1;Augustus},{GeneMark_model.6335_t;GeneMark}
196975	196669	internal-	6	6	{GlimmerHMM_glimmerT_5909-T1;GlimmerHMM},{Augustus_model.g4928.t1;Augustus},{GeneMark_model.6335_t;GeneMark}
197054	196976	INTRON			{GeneMark_model.6335_t;GeneMark}
197150	197055	internal-	6	5	{GeneMark_model.6335_t;GeneMark}
197250	197151	INTRON			{Augustus_model.g4928.t1;Augustus},{GeneMark_model.6335_t;GeneMark}
197520	197251	internal-	6	5	{GlimmerHMM_glimmerT_5909-T1;GlimmerHMM},{Augustus_model.g4928.t1;Augustus},{GeneMark_model.6335_t;GeneMark}
197592	197521	INTRON			{GlimmerHMM_glimmerT_5909-T1;GlimmerHMM},{Augustus_model.g4928.t1;Augustus},{GeneMark_model.6335_t;GeneMark}
197683	197593	internal-	5	5	{GlimmerHMM_glimmerT_5909-T1;GlimmerHMM},{Augustus_model.g4928.t1;Augustus},{GeneMark_model.6335_t;GeneMark}
197744	197684	INTRON			{GlimmerHMM_glimmerT_5909-T1;GlimmerHMM},{Augustus_model.g4928.t1;Augustus},{GeneMark_model.6335_t;GeneMark}
197913	197745	internal-	4	4	{GlimmerHMM_glimmerT_5909-T1;GlimmerHMM},{Augustus_model.g4928.t1;Augustus},{GeneMark_model.6335_t;GeneMark}
197980	197914	INTRON			{GlimmerHMM_glimmerT_5909-T1;GlimmerHMM},{Augustus_model.g4928.t1;Augustus},{GeneMark_model.6335_t;GeneMark}
198212	197981	internal-	6	6	{GlimmerHMM_glimmerT_5909-T1;GlimmerHMM},{Augustus_model.g4928.t1;Augustus},{GeneMark_model.6335_t;GeneMark}
198323	198213	INTRON			{snap_scaffold_17-snap.70-T1;snap},{GlimmerHMM_glimmerT_5909-T1;GlimmerHMM},{Augustus_model.g4928.t1;Augustus},{GeneMark_model.6335_t;GeneMark}
198366	198324	internal-	5	5	{Augustus_model.g4928.t1;Augustus},{GeneMark_model.6335_t;GeneMark}
198442	198367	INTRON			{Augustus_model.g4928.t1;Augustus},{GeneMark_model.6335_t;GeneMark}
198509	198443	initial-	4	4	{Augustus_model.g4928.t1;Augustus},{GeneMark_model.6335_t;GeneMark}

# EVM prediction: Mode:STANDARD S-ratio: 3.36 199352-200497 orient(-) score(3949.00) noncoding_equivalent(1174.16) raw_noncoding(1392.00) offset(217.84)
199485	199352	terminal-	5	6	{GeneMark_model.6336_t;GeneMark},{Augustus_model.g4929.t1;Augustus},{GlimmerHMM_glimmerT_5910-T1;GlimmerHMM}
199553	199486	INTRON			{GeneMark_model.6336_t;GeneMark},{Augustus_model.g4929.t1;Augustus},{GlimmerHMM_glimmerT_5910-T1;GlimmerHMM}
199674	199554	internal-	4	4	{GeneMark_model.6336_t;GeneMark},{Augustus_model.g4929.t1;Augustus},{GlimmerHMM_glimmerT_5910-T1;GlimmerHMM}
199748	199675	INTRON			{GeneMark_model.6336_t;GeneMark},{Augustus_model.g4929.t1;Augustus},{GlimmerHMM_glimmerT_5910-T1;GlimmerHMM}
200207	199749	internal-	4	6	{GeneMark_model.6336_t;GeneMark},{Augustus_model.g4929.t1;Augustus},{GlimmerHMM_glimmerT_5910-T1;GlimmerHMM}
200280	200208	INTRON			{GeneMark_model.6336_t;GeneMark},{Augustus_model.g4929.t1;Augustus},{GlimmerHMM_glimmerT_5910-T1;GlimmerHMM}
200430	200281	internal-	4	6	{GeneMark_model.6336_t;GeneMark},{Augustus_model.g4929.t1;Augustus},{GlimmerHMM_glimmerT_5910-T1;GlimmerHMM}
200494	200431	INTRON			{GeneMark_model.6336_t;GeneMark},{Augustus_model.g4929.t1;Augustus},{GlimmerHMM_glimmerT_5910-T1;GlimmerHMM}
200497	200495	initial-	4	6	{GeneMark_model.6336_t;GeneMark},{GlimmerHMM_glimmerT_5910-T1;GlimmerHMM}

# EVM prediction: Mode:STANDARD S-ratio: 3.70 204167-206686 orient(-) score(12342.00) noncoding_equivalent(3333.00) raw_noncoding(3402.00) offset(69.00)
204913	204167	terminal-	4	6	{GeneMark_model.6337_t;GeneMark},{HiQ_model.g4930.t1;HiQ},{GlimmerHMM_glimmerT_5911-T1;GlimmerHMM}
204979	204914	INTRON			{GeneMark_model.6337_t;GeneMark},{HiQ_model.g4930.t1;HiQ},{GlimmerHMM_glimmerT_5911-T1;GlimmerHMM},{ev_type:exonerate/ID=match.2566964.4062/Target=lcl|KQ954494_1_prot_KWU43133_1_4459;exonerate}
206686	204980	initial-	4	6	{HiQ_model.g4930.t1;HiQ}

# EVM prediction: Mode:STANDARD S-ratio: 2.38 209119-212362 orient(+) score(9098.00) noncoding_equivalent(3817.03) raw_noncoding(6128.03) offset(2311.00)
209119	209904	initial+	1	3	{GeneMark_model.6338_t;GeneMark},{GlimmerHMM_glimmerT_5912-T1;GlimmerHMM},{Augustus_model.g4931.t1;Augustus}
209905	209980	INTRON			{GeneMark_model.6338_t;GeneMark},{GlimmerHMM_glimmerT_5912-T1;GlimmerHMM},{Augustus_model.g4931.t1;Augustus}
209981	210305	internal+	1	1	{GeneMark_model.6338_t;GeneMark},{GlimmerHMM_glimmerT_5912-T1;GlimmerHMM},{Augustus_model.g4931.t1;Augustus}
210306	210591	INTRON			{GlimmerHMM_glimmerT_5912-T1;GlimmerHMM}
210592	210782	internal+	2	3	{GlimmerHMM_glimmerT_5912-T1;GlimmerHMM}
210783	211397	INTRON			{GeneMark_model.6338_t;GeneMark},{GlimmerHMM_glimmerT_5912-T1;GlimmerHMM}
211398	211845	internal+	1	1	{GeneMark_model.6338_t;GeneMark},{GlimmerHMM_glimmerT_5912-T1;GlimmerHMM}
211846	211962	INTRON			{GeneMark_model.6338_t;GeneMark},{GlimmerHMM_glimmerT_5912-T1;GlimmerHMM},{Augustus_model.g4931.t1;Augustus}
211963	212138	internal+	2	3	{GeneMark_model.6338_t;GeneMark},{GlimmerHMM_glimmerT_5912-T1;GlimmerHMM},{Augustus_model.g4931.t1;Augustus}
212139	212206	INTRON			{GeneMark_model.6338_t;GeneMark},{GlimmerHMM_glimmerT_5912-T1;GlimmerHMM},{Augustus_model.g4931.t1;Augustus}
212207	212362	terminal+	1	3	{GeneMark_model.6338_t;GeneMark},{GlimmerHMM_glimmerT_5912-T1;GlimmerHMM},{Augustus_model.g4931.t1;Augustus}

# EVM prediction: Mode:STANDARD S-ratio: 4.85 212792-216302 orient(+) score(12420.00) noncoding_equivalent(2559.24) raw_noncoding(2951.11) offset(391.87)
212792	213616	initial+	1	3	{GlimmerHMM_glimmerT_5913-T1;GlimmerHMM},{Augustus_model.g4932.t1;Augustus},{GeneMark_model.6339_t;GeneMark}
213617	213684	INTRON			{GlimmerHMM_glimmerT_5913-T1;GlimmerHMM},{Augustus_model.g4932.t1;Augustus},{GeneMark_model.6339_t;GeneMark}
213685	214030	internal+	1	1	{GlimmerHMM_glimmerT_5913-T1;GlimmerHMM},{Augustus_model.g4932.t1;Augustus},{GeneMark_model.6339_t;GeneMark}
214031	214099	INTRON			{GlimmerHMM_glimmerT_5913-T1;GlimmerHMM},{Augustus_model.g4932.t1;Augustus},{GeneMark_model.6339_t;GeneMark}
214100	214287	internal+	2	3	{GlimmerHMM_glimmerT_5913-T1;GlimmerHMM},{Augustus_model.g4932.t1;Augustus},{GeneMark_model.6339_t;GeneMark}
214288	214356	INTRON			{GlimmerHMM_glimmerT_5913-T1;GlimmerHMM},{Augustus_model.g4932.t1;Augustus},{GeneMark_model.6339_t;GeneMark}
214357	215286	internal+	1	3	{GlimmerHMM_glimmerT_5913-T1;GlimmerHMM},{Augustus_model.g4932.t1;Augustus},{GeneMark_model.6339_t;GeneMark}
215287	215364	INTRON			{GlimmerHMM_glimmerT_5913-T1;GlimmerHMM},{Augustus_model.g4932.t1;Augustus},{GeneMark_model.6339_t;GeneMark}
215365	215615	internal+	1	2	{GlimmerHMM_glimmerT_5913-T1;GlimmerHMM},{Augustus_model.g4932.t1;Augustus},{GeneMark_model.6339_t;GeneMark}
215616	215680	INTRON			{GlimmerHMM_glimmerT_5913-T1;GlimmerHMM},{Augustus_model.g4932.t1;Augustus},{GeneMark_model.6339_t;GeneMark}
215681	215785	internal+	3	2	{GlimmerHMM_glimmerT_5913-T1;GlimmerHMM},{Augustus_model.g4932.t1;Augustus},{GeneMark_model.6339_t;GeneMark}
215786	215855	INTRON			{GlimmerHMM_glimmerT_5913-T1;GlimmerHMM},{Augustus_model.g4932.t1;Augustus},{GeneMark_model.6339_t;GeneMark}
215856	215984	internal+	3	2	{GlimmerHMM_glimmerT_5913-T1;GlimmerHMM},{Augustus_model.g4932.t1;Augustus},{GeneMark_model.6339_t;GeneMark}
215985	216049	INTRON			{GlimmerHMM_glimmerT_5913-T1;GlimmerHMM},{Augustus_model.g4932.t1;Augustus},{GeneMark_model.6339_t;GeneMark}
216050	216302	terminal+	3	3	{GlimmerHMM_glimmerT_5913-T1;GlimmerHMM},{Augustus_model.g4932.t1;Augustus},{GeneMark_model.6339_t;GeneMark}

# EVM prediction: Mode:STANDARD S-ratio: 11.91 216396-219063 orient(-) score(9991.00) noncoding_equivalent(839.00) raw_noncoding(895.00) offset(56.00)
218511	216396	terminal-	6	6	{GeneMark_model.6340_t;GeneMark},{GlimmerHMM_glimmerT_5914-T1;GlimmerHMM},{Augustus_model.g4933.t1;Augustus}
218593	218512	INTRON			{GeneMark_model.6340_t;GeneMark},{GlimmerHMM_glimmerT_5914-T1;GlimmerHMM},{Augustus_model.g4933.t1;Augustus}
219063	218594	initial-	4	5	{GeneMark_model.6340_t;GeneMark},{GlimmerHMM_glimmerT_5914-T1;GlimmerHMM}

# EVM prediction: Mode:STANDARD S-ratio: 1.77 219399-221167 orient(+) score(4671.00) noncoding_equivalent(2641.00) raw_noncoding(2771.00) offset(130.00)
219399	219469	initial+	1	2	{GlimmerHMM_glimmerT_5915-T1;GlimmerHMM},{Augustus_model.g4934.t1;Augustus},{GeneMark_model.6341_t;GeneMark}
219470	219525	INTRON			{GlimmerHMM_glimmerT_5915-T1;GlimmerHMM},{Augustus_model.g4934.t1;Augustus},{GeneMark_model.6341_t;GeneMark}
219526	219712	internal+	3	3	{GlimmerHMM_glimmerT_5915-T1;GlimmerHMM},{Augustus_model.g4934.t1;Augustus},{GeneMark_model.6341_t;GeneMark}
219713	219778	INTRON			{GlimmerHMM_glimmerT_5915-T1;GlimmerHMM},{Augustus_model.g4934.t1;Augustus},{GeneMark_model.6341_t;GeneMark}
219779	221167	terminal+	1	3	{GlimmerHMM_glimmerT_5915-T1;GlimmerHMM},{GeneMark_model.6341_t;GeneMark}

# EVM prediction: Mode:STANDARD S-ratio: 5.87 221365-223218 orient(-) score(13760.00) noncoding_equivalent(2343.00) raw_noncoding(2658.00) offset(315.00)
221696	221365	terminal-	5	6	{HiQ_model.g4935.t1;HiQ},{GeneMark_model.6342_t;GeneMark},{GlimmerHMM_glimmerT_5916-T1;GlimmerHMM}
221771	221697	INTRON			{HiQ_model.g4935.t1;HiQ},{GeneMark_model.6342_t;GeneMark},{GlimmerHMM_glimmerT_5916-T1;GlimmerHMM},{ev_type:exonerate/ID=match.2566964.505/Target=lcl|KQ954494_1_prot_KWU43139_1_4465;exonerate},{ev_type:exonerate/ID=match.2566964.514/Target=lcl|NW_017264940_1_prot_XP_018268897_1_5908;exonerate},{ev_type:exonerate/ID=match.2566964.512/Target=lcl|PJQD01000047_1_prot_POY72823_1_4305;exonerate}
222399	221772	internal-	4	4	{HiQ_model.g4935.t1;HiQ},{GeneMark_model.6342_t;GeneMark},{GlimmerHMM_glimmerT_5916-T1;GlimmerHMM},{ev_type:exonerate/ID=match.2566964.505/Target=lcl|KQ954494_1_prot_KWU43139_1_4465;exonerate},{ev_type:exonerate/ID=match.2566964.514/Target=lcl|NW_017264940_1_prot_XP_018268897_1_5908;exonerate},{ev_type:exonerate/ID=match.2566964.512/Target=lcl|PJQD01000047_1_prot_POY72823_1_4305;exonerate}
222457	222400	INTRON			{HiQ_model.g4935.t1;HiQ},{GeneMark_model.6342_t;GeneMark},{GlimmerHMM_glimmerT_5916-T1;GlimmerHMM},{ev_type:exonerate/ID=match.2566964.505/Target=lcl|KQ954494_1_prot_KWU43139_1_4465;exonerate},{ev_type:exonerate/ID=match.2566964.514/Target=lcl|NW_017264940_1_prot_XP_018268897_1_5908;exonerate},{ev_type:exonerate/ID=match.2566964.512/Target=lcl|PJQD01000047_1_prot_POY72823_1_4305;exonerate}
222665	222458	internal-	6	6	{HiQ_model.g4935.t1;HiQ},{GeneMark_model.6342_t;GeneMark},{GlimmerHMM_glimmerT_5916-T1;GlimmerHMM},{ev_type:exonerate/ID=match.2566964.505/Target=lcl|KQ954494_1_prot_KWU43139_1_4465;exonerate},{ev_type:exonerate/ID=match.2566964.514/Target=lcl|NW_017264940_1_prot_XP_018268897_1_5908;exonerate},{ev_type:exonerate/ID=match.2566964.512/Target=lcl|PJQD01000047_1_prot_POY72823_1_4305;exonerate}
222754	222666	INTRON			{HiQ_model.g4935.t1;HiQ},{GeneMark_model.6342_t;GeneMark},{GlimmerHMM_glimmerT_5916-T1;GlimmerHMM},{ev_type:exonerate/ID=match.2566964.505/Target=lcl|KQ954494_1_prot_KWU43139_1_4465;exonerate},{ev_type:exonerate/ID=match.2566964.514/Target=lcl|NW_017264940_1_prot_XP_018268897_1_5908;exonerate},{ev_type:exonerate/ID=match.2566964.512/Target=lcl|PJQD01000047_1_prot_POY72823_1_4305;exonerate}
223218	222755	initial-	4	5	{HiQ_model.g4935.t1;HiQ},{GeneMark_model.6342_t;GeneMark},{GlimmerHMM_glimmerT_5916-T1;GlimmerHMM}

# EVM prediction: Mode:STANDARD S-ratio: 2.22 224199-225392 orient(+) score(3628.00) noncoding_equivalent(1633.38) raw_noncoding(3171.00) offset(1537.62)
224199	224231	initial+	1	3	{GlimmerHMM_glimmerT_5917-T1;GlimmerHMM}
224232	224648	INTRON			{GlimmerHMM_glimmerT_5917-T1;GlimmerHMM}
224649	224739	internal+	1	1	{GeneMark_model.6343_t;GeneMark},{Augustus_model.g4936.t1;Augustus},{GlimmerHMM_glimmerT_5917-T1;GlimmerHMM}
224740	224933	INTRON			{GeneMark_model.6343_t;GeneMark},{Augustus_model.g4936.t1;Augustus},{GlimmerHMM_glimmerT_5917-T1;GlimmerHMM},{ev_type:exonerate/ID=match.2566964.4465/Target=lcl|PJQD01000047_1_prot_POY72799_1_4281;exonerate}
224934	225152	internal+	2	1	{GeneMark_model.6343_t;GeneMark},{Augustus_model.g4936.t1;Augustus},{GlimmerHMM_glimmerT_5917-T1;GlimmerHMM},{ev_type:exonerate/ID=match.2566964.4465/Target=lcl|PJQD01000047_1_prot_POY72799_1_4281;exonerate}
225153	225273	INTRON			{GeneMark_model.6343_t;GeneMark},{Augustus_model.g4936.t1;Augustus},{GlimmerHMM_glimmerT_5917-T1;GlimmerHMM},{ev_type:exonerate/ID=match.2566964.4465/Target=lcl|PJQD01000047_1_prot_POY72799_1_4281;exonerate}
225274	225392	terminal+	2	3	{GeneMark_model.6343_t;GeneMark},{Augustus_model.g4936.t1;Augustus},{GlimmerHMM_glimmerT_5917-T1;GlimmerHMM}

# EVM prediction: Mode:STANDARD S-ratio: 3.72 226158-227348 orient(-) score(3880.00) noncoding_equivalent(1044.00) raw_noncoding(1185.00) offset(141.00)
226394	226158	terminal-	4	6	{GlimmerHMM_glimmerT_5918-T1;GlimmerHMM},{GeneMark_model.6344_t;GeneMark}
226552	226395	INTRON			{GlimmerHMM_glimmerT_5918-T1;GlimmerHMM},{GeneMark_model.6344_t;GeneMark}
226959	226553	internal-	5	6	{Augustus_model.g4937.t1;Augustus},{GlimmerHMM_glimmerT_5918-T1;GlimmerHMM},{GeneMark_model.6344_t;GeneMark}
227044	226960	INTRON			{Augustus_model.g4937.t1;Augustus},{GlimmerHMM_glimmerT_5918-T1;GlimmerHMM},{GeneMark_model.6344_t;GeneMark}
227348	227045	initial-	4	4	{Augustus_model.g4937.t1;Augustus},{GlimmerHMM_glimmerT_5918-T1;GlimmerHMM},{GeneMark_model.6344_t;GeneMark}

# EVM prediction: Mode:STANDARD S-ratio: 2.49 227612-230350 orient(-) score(10373.00) noncoding_equivalent(4159.73) raw_noncoding(5370.41) offset(1210.68)
227970	227612	terminal-	5	6	{Augustus_model.g4938.t1;Augustus},{GlimmerHMM_glimmerT_5919-T1;GlimmerHMM},{GeneMark_model.6345_t;GeneMark}
228030	227971	INTRON			{Augustus_model.g4938.t1;Augustus},{GlimmerHMM_glimmerT_5919-T1;GlimmerHMM},{GeneMark_model.6345_t;GeneMark}
228055	228031	internal-	4	4	{Augustus_model.g4938.t1;Augustus},{GlimmerHMM_glimmerT_5919-T1;GlimmerHMM},{GeneMark_model.6345_t;GeneMark}
228123	228056	INTRON			{Augustus_model.g4938.t1;Augustus},{GlimmerHMM_glimmerT_5919-T1;GlimmerHMM},{GeneMark_model.6345_t;GeneMark}
228229	228124	internal-	6	6	{Augustus_model.g4938.t1;Augustus},{GlimmerHMM_glimmerT_5919-T1;GlimmerHMM},{GeneMark_model.6345_t;GeneMark}
228297	228230	INTRON			{Augustus_model.g4938.t1;Augustus},{GlimmerHMM_glimmerT_5919-T1;GlimmerHMM},{GeneMark_model.6345_t;GeneMark},{ev_type:exonerate/ID=match.2566964.3926/Target=lcl|KQ954501_1_prot_KWU42770_1_4900;exonerate}
228457	228298	internal-	5	5	{Augustus_model.g4938.t1;Augustus},{GlimmerHMM_glimmerT_5919-T1;GlimmerHMM},{GeneMark_model.6345_t;GeneMark},{ev_type:exonerate/ID=match.2566964.3926/Target=lcl|KQ954501_1_prot_KWU42770_1_4900;exonerate}
228576	228458	INTRON			{Augustus_model.g4938.t1;Augustus},{GlimmerHMM_glimmerT_5919-T1;GlimmerHMM},{GeneMark_model.6345_t;GeneMark},{ev_type:exonerate/ID=match.2566964.3926/Target=lcl|KQ954501_1_prot_KWU42770_1_4900;exonerate}
228680	228577	internal-	6	4	{Augustus_model.g4938.t1;Augustus},{GlimmerHMM_glimmerT_5919-T1;GlimmerHMM},{GeneMark_model.6345_t;GeneMark},{ev_type:exonerate/ID=match.2566964.3926/Target=lcl|KQ954501_1_prot_KWU42770_1_4900;exonerate}
228752	228681	INTRON			{Augustus_model.g4938.t1;Augustus},{GlimmerHMM_glimmerT_5919-T1;GlimmerHMM},{GeneMark_model.6345_t;GeneMark},{ev_type:exonerate/ID=match.2566964.3926/Target=lcl|KQ954501_1_prot_KWU42770_1_4900;exonerate}
228969	228753	internal-	5	5	{Augustus_model.g4938.t1;Augustus},{GlimmerHMM_glimmerT_5919-T1;GlimmerHMM},{GeneMark_model.6345_t;GeneMark},{ev_type:exonerate/ID=match.2566964.3926/Target=lcl|KQ954501_1_prot_KWU42770_1_4900;exonerate}
229103	228970	INTRON			{Augustus_model.g4938.t1;Augustus},{GlimmerHMM_glimmerT_5919-T1;GlimmerHMM},{GeneMark_model.6345_t;GeneMark},{ev_type:exonerate/ID=match.2566964.3926/Target=lcl|KQ954501_1_prot_KWU42770_1_4900;exonerate}
229268	229104	internal-	5	4	{Augustus_model.g4938.t1;Augustus},{GlimmerHMM_glimmerT_5919-T1;GlimmerHMM},{GeneMark_model.6345_t;GeneMark},{ev_type:exonerate/ID=match.2566964.3926/Target=lcl|KQ954501_1_prot_KWU42770_1_4900;exonerate}
229344	229269	INTRON			{Augustus_model.g4938.t1;Augustus},{GlimmerHMM_glimmerT_5919-T1;GlimmerHMM},{GeneMark_model.6345_t;GeneMark},{ev_type:exonerate/ID=match.2566964.3926/Target=lcl|KQ954501_1_prot_KWU42770_1_4900;exonerate}
229476	229345	internal-	5	4	{Augustus_model.g4938.t1;Augustus},{GlimmerHMM_glimmerT_5919-T1;GlimmerHMM},{GeneMark_model.6345_t;GeneMark},{ev_type:exonerate/ID=match.2566964.3926/Target=lcl|KQ954501_1_prot_KWU42770_1_4900;exonerate}
229537	229477	INTRON			{Augustus_model.g4938.t1;Augustus},{GlimmerHMM_glimmerT_5919-T1;GlimmerHMM},{GeneMark_model.6345_t;GeneMark},{ev_type:exonerate/ID=match.2566964.3926/Target=lcl|KQ954501_1_prot_KWU42770_1_4900;exonerate}
229572	229538	internal-	6	4	{Augustus_model.g4938.t1;Augustus},{GlimmerHMM_glimmerT_5919-T1;GlimmerHMM},{GeneMark_model.6345_t;GeneMark},{ev_type:exonerate/ID=match.2566964.3926/Target=lcl|KQ954501_1_prot_KWU42770_1_4900;exonerate}
229631	229573	INTRON			{Augustus_model.g4938.t1;Augustus},{GlimmerHMM_glimmerT_5919-T1;GlimmerHMM},{GeneMark_model.6345_t;GeneMark},{ev_type:exonerate/ID=match.2566964.3926/Target=lcl|KQ954501_1_prot_KWU42770_1_4900;exonerate}
229916	229632	internal-	6	5	{Augustus_model.g4938.t1;Augustus},{GlimmerHMM_glimmerT_5919-T1;GlimmerHMM},{GeneMark_model.6345_t;GeneMark},{ev_type:exonerate/ID=match.2566964.3926/Target=lcl|KQ954501_1_prot_KWU42770_1_4900;exonerate}
230003	229917	INTRON			{Augustus_model.g4938.t1;Augustus},{GlimmerHMM_glimmerT_5919-T1;GlimmerHMM},{GeneMark_model.6345_t;GeneMark},{ev_type:exonerate/ID=match.2566964.3926/Target=lcl|KQ954501_1_prot_KWU42770_1_4900;exonerate}
230135	230004	internal-	6	5	{Augustus_model.g4938.t1;Augustus},{GlimmerHMM_glimmerT_5919-T1;GlimmerHMM},{GeneMark_model.6345_t;GeneMark}
230336	230136	INTRON			{GlimmerHMM_glimmerT_5919-T1;GlimmerHMM},{GeneMark_model.6345_t;GeneMark}
230350	230337	initial-	4	5	{GlimmerHMM_glimmerT_5919-T1;GlimmerHMM},{GeneMark_model.6345_t;GeneMark}

# EVM prediction: Mode:STANDARD S-ratio: 3.44 231181-233419 orient(-) score(10938.00) noncoding_equivalent(3180.77) raw_noncoding(4145.01) offset(964.23)
231234	231181	terminal-	4	6	{GeneMark_model.6346_t;GeneMark},{GlimmerHMM_glimmerT_5920-T1;GlimmerHMM}
231313	231235	INTRON			{Augustus_model.g4938.t1;Augustus},{GeneMark_model.6346_t;GeneMark},{GlimmerHMM_glimmerT_5920-T1;GlimmerHMM},{ev_type:exonerate/ID=match.2566964.876/Target=lcl|KQ954501_1_prot_KWU42769_1_4899;exonerate},{ev_type:exonerate/ID=match.2566964.878/Target=lcl|PJQD01000047_1_prot_POY72796_1_4278;exonerate}
231487	231314	internal-	4	6	{Augustus_model.g4938.t1;Augustus},{GeneMark_model.6346_t;GeneMark},{ev_type:exonerate/ID=match.2566964.876/Target=lcl|KQ954501_1_prot_KWU42769_1_4899;exonerate},{ev_type:exonerate/ID=match.2566964.878/Target=lcl|PJQD01000047_1_prot_POY72796_1_4278;exonerate}
231556	231488	INTRON			{Augustus_model.g4938.t1;Augustus},{GeneMark_model.6346_t;GeneMark},{ev_type:exonerate/ID=match.2566964.876/Target=lcl|KQ954501_1_prot_KWU42769_1_4899;exonerate},{ev_type:exonerate/ID=match.2566964.878/Target=lcl|PJQD01000047_1_prot_POY72796_1_4278;exonerate}
231745	231557	internal-	4	6	{Augustus_model.g4938.t1;Augustus},{GeneMark_model.6346_t;GeneMark},{ev_type:exonerate/ID=match.2566964.876/Target=lcl|KQ954501_1_prot_KWU42769_1_4899;exonerate},{ev_type:exonerate/ID=match.2566964.878/Target=lcl|PJQD01000047_1_prot_POY72796_1_4278;exonerate}
231812	231746	INTRON			{Augustus_model.g4938.t1;Augustus},{GeneMark_model.6346_t;GeneMark},{GlimmerHMM_glimmerT_5920-T1;GlimmerHMM},{ev_type:exonerate/ID=match.2566964.876/Target=lcl|KQ954501_1_prot_KWU42769_1_4899;exonerate},{ev_type:exonerate/ID=match.2566964.878/Target=lcl|PJQD01000047_1_prot_POY72796_1_4278;exonerate}
231971	231813	internal-	4	6	{Augustus_model.g4938.t1;Augustus},{GeneMark_model.6346_t;GeneMark},{GlimmerHMM_glimmerT_5920-T1;GlimmerHMM},{ev_type:exonerate/ID=match.2566964.876/Target=lcl|KQ954501_1_prot_KWU42769_1_4899;exonerate},{ev_type:exonerate/ID=match.2566964.878/Target=lcl|PJQD01000047_1_prot_POY72796_1_4278;exonerate}
232092	231972	INTRON			{Augustus_model.g4938.t1;Augustus},{GeneMark_model.6346_t;GeneMark},{GlimmerHMM_glimmerT_5920-T1;GlimmerHMM},{ev_type:exonerate/ID=match.2566964.876/Target=lcl|KQ954501_1_prot_KWU42769_1_4899;exonerate},{ev_type:exonerate/ID=match.2566964.878/Target=lcl|PJQD01000047_1_prot_POY72796_1_4278;exonerate}
232248	232093	internal-	4	6	{Augustus_model.g4938.t1;Augustus},{GeneMark_model.6346_t;GeneMark},{GlimmerHMM_glimmerT_5920-T1;GlimmerHMM},{ev_type:exonerate/ID=match.2566964.876/Target=lcl|KQ954501_1_prot_KWU42769_1_4899;exonerate},{ev_type:exonerate/ID=match.2566964.878/Target=lcl|PJQD01000047_1_prot_POY72796_1_4278;exonerate}
232306	232249	INTRON			{Augustus_model.g4938.t1;Augustus},{GeneMark_model.6346_t;GeneMark},{GlimmerHMM_glimmerT_5920-T1;GlimmerHMM},{ev_type:exonerate/ID=match.2566964.876/Target=lcl|KQ954501_1_prot_KWU42769_1_4899;exonerate},{ev_type:exonerate/ID=match.2566964.878/Target=lcl|PJQD01000047_1_prot_POY72796_1_4278;exonerate}
232597	232307	internal-	4	6	{Augustus_model.g4938.t1;Augustus},{GeneMark_model.6346_t;GeneMark},{GlimmerHMM_glimmerT_5920-T1;GlimmerHMM},{ev_type:exonerate/ID=match.2566964.876/Target=lcl|KQ954501_1_prot_KWU42769_1_4899;exonerate},{ev_type:exonerate/ID=match.2566964.878/Target=lcl|PJQD01000047_1_prot_POY72796_1_4278;exonerate}
232660	232598	INTRON			{Augustus_model.g4938.t1;Augustus},{GeneMark_model.6346_t;GeneMark},{GlimmerHMM_glimmerT_5920-T1;GlimmerHMM},{ev_type:exonerate/ID=match.2566964.876/Target=lcl|KQ954501_1_prot_KWU42769_1_4899;exonerate},{ev_type:exonerate/ID=match.2566964.878/Target=lcl|PJQD01000047_1_prot_POY72796_1_4278;exonerate}
232750	232661	internal-	4	6	{Augustus_model.g4938.t1;Augustus},{GeneMark_model.6346_t;GeneMark},{GlimmerHMM_glimmerT_5920-T1;GlimmerHMM},{ev_type:exonerate/ID=match.2566964.876/Target=lcl|KQ954501_1_prot_KWU42769_1_4899;exonerate},{ev_type:exonerate/ID=match.2566964.878/Target=lcl|PJQD01000047_1_prot_POY72796_1_4278;exonerate}
232820	232751	INTRON			{Augustus_model.g4938.t1;Augustus},{GeneMark_model.6346_t;GeneMark},{GlimmerHMM_glimmerT_5920-T1;GlimmerHMM},{ev_type:exonerate/ID=match.2566964.876/Target=lcl|KQ954501_1_prot_KWU42769_1_4899;exonerate},{ev_type:exonerate/ID=match.2566964.878/Target=lcl|PJQD01000047_1_prot_POY72796_1_4278;exonerate}
232913	232821	internal-	4	6	{Augustus_model.g4938.t1;Augustus},{GeneMark_model.6346_t;GeneMark},{GlimmerHMM_glimmerT_5920-T1;GlimmerHMM},{ev_type:exonerate/ID=match.2566964.876/Target=lcl|KQ954501_1_prot_KWU42769_1_4899;exonerate},{ev_type:exonerate/ID=match.2566964.878/Target=lcl|PJQD01000047_1_prot_POY72796_1_4278;exonerate}
232979	232914	INTRON			{Augustus_model.g4938.t1;Augustus},{GeneMark_model.6346_t;GeneMark},{GlimmerHMM_glimmerT_5920-T1;GlimmerHMM},{ev_type:exonerate/ID=match.2566964.876/Target=lcl|KQ954501_1_prot_KWU42769_1_4899;exonerate},{ev_type:exonerate/ID=match.2566964.878/Target=lcl|PJQD01000047_1_prot_POY72796_1_4278;exonerate}
233227	232980	internal-	5	6	{Augustus_model.g4938.t1;Augustus},{GeneMark_model.6346_t;GeneMark},{GlimmerHMM_glimmerT_5920-T1;GlimmerHMM},{ev_type:exonerate/ID=match.2566964.876/Target=lcl|KQ954501_1_prot_KWU42769_1_4899;exonerate},{ev_type:exonerate/ID=match.2566964.878/Target=lcl|PJQD01000047_1_prot_POY72796_1_4278;exonerate}
233301	233228	INTRON			{Augustus_model.g4938.t1;Augustus},{GeneMark_model.6346_t;GeneMark},{ev_type:exonerate/ID=match.2566964.876/Target=lcl|KQ954501_1_prot_KWU42769_1_4899;exonerate},{ev_type:exonerate/ID=match.2566964.878/Target=lcl|PJQD01000047_1_prot_POY72796_1_4278;exonerate}
233334	233302	internal-	5	4	{Augustus_model.g4938.t1;Augustus},{GeneMark_model.6346_t;GeneMark}
233412	233335	INTRON			{GeneMark_model.6346_t;GeneMark}
233419	233413	initial-	4	4	{GeneMark_model.6346_t;GeneMark},{GlimmerHMM_glimmerT_5920-T1;GlimmerHMM},{snap_scaffold_17-snap.82-T1;snap}

# EVM prediction: Mode:STANDARD S-ratio: 2.25 233818-235997 orient(+) score(6848.00) noncoding_equivalent(3042.37) raw_noncoding(3674.00) offset(631.63)
233818	234194	initial+	1	2	{GeneMark_model.6347_t;GeneMark},{Augustus_model.g4939.t1;Augustus},{GlimmerHMM_glimmerT_5921-T1;GlimmerHMM}
234195	234280	INTRON			{GeneMark_model.6347_t;GeneMark},{Augustus_model.g4939.t1;Augustus},{GlimmerHMM_glimmerT_5921-T1;GlimmerHMM}
234281	234291	internal+	3	1	{GeneMark_model.6347_t;GeneMark},{Augustus_model.g4939.t1;Augustus},{GlimmerHMM_glimmerT_5921-T1;GlimmerHMM}
234292	234359	INTRON			{GeneMark_model.6347_t;GeneMark},{Augustus_model.g4939.t1;Augustus},{GlimmerHMM_glimmerT_5921-T1;GlimmerHMM}
234360	234484	internal+	2	3	{GeneMark_model.6347_t;GeneMark},{Augustus_model.g4939.t1;Augustus},{GlimmerHMM_glimmerT_5921-T1;GlimmerHMM}
234485	234549	INTRON			{GeneMark_model.6347_t;GeneMark},{Augustus_model.g4939.t1;Augustus},{GlimmerHMM_glimmerT_5921-T1;GlimmerHMM}
234550	234793	internal+	1	1	{GeneMark_model.6347_t;GeneMark},{Augustus_model.g4939.t1;Augustus},{GlimmerHMM_glimmerT_5921-T1;GlimmerHMM}
234794	234855	INTRON			{GeneMark_model.6347_t;GeneMark},{Augustus_model.g4939.t1;Augustus},{GlimmerHMM_glimmerT_5921-T1;GlimmerHMM}
234856	234884	internal+	2	3	{GeneMark_model.6347_t;GeneMark},{Augustus_model.g4939.t1;Augustus},{GlimmerHMM_glimmerT_5921-T1;GlimmerHMM}
234885	234952	INTRON			{GeneMark_model.6347_t;GeneMark},{Augustus_model.g4939.t1;Augustus},{GlimmerHMM_glimmerT_5921-T1;GlimmerHMM}
234953	235156	internal+	1	3	{GeneMark_model.6347_t;GeneMark},{Augustus_model.g4939.t1;Augustus},{GlimmerHMM_glimmerT_5921-T1;GlimmerHMM}
235157	235224	INTRON			{GeneMark_model.6347_t;GeneMark},{Augustus_model.g4939.t1;Augustus},{GlimmerHMM_glimmerT_5921-T1;GlimmerHMM}
235225	235523	internal+	1	2	{GeneMark_model.6347_t;GeneMark},{Augustus_model.g4939.t1;Augustus},{GlimmerHMM_glimmerT_5921-T1;GlimmerHMM}
235524	235589	INTRON			{GeneMark_model.6347_t;GeneMark},{Augustus_model.g4939.t1;Augustus},{GlimmerHMM_glimmerT_5921-T1;GlimmerHMM}
235590	235742	internal+	3	2	{GeneMark_model.6347_t;GeneMark},{Augustus_model.g4939.t1;Augustus},{GlimmerHMM_glimmerT_5921-T1;GlimmerHMM}
235743	235861	INTRON			{GeneMark_model.6347_t;GeneMark},{Augustus_model.g4939.t1;Augustus},{GlimmerHMM_glimmerT_5921-T1;GlimmerHMM}
235862	235997	terminal+	3	3	{GeneMark_model.6347_t;GeneMark},{Augustus_model.g4939.t1;Augustus},{GlimmerHMM_glimmerT_5921-T1;GlimmerHMM}

# EVM prediction: Mode:STANDARD S-ratio: 1.98 236541-238689 orient(+) score(6070.00) noncoding_equivalent(3065.56) raw_noncoding(3979.00) offset(913.44)
236541	236893	initial+	1	2	{GeneMark_model.6348_t;GeneMark},{Augustus_model.g4940.t1;Augustus},{GlimmerHMM_glimmerT_5922-T1;GlimmerHMM}
236894	236963	INTRON			{GeneMark_model.6348_t;GeneMark},{Augustus_model.g4940.t1;Augustus}
236964	236974	internal+	3	1	{GeneMark_model.6348_t;GeneMark},{Augustus_model.g4940.t1;Augustus}
236975	237033	INTRON			{GeneMark_model.6348_t;GeneMark},{Augustus_model.g4940.t1;Augustus}
237034	237158	internal+	2	3	{GeneMark_model.6348_t;GeneMark},{Augustus_model.g4940.t1;Augustus}
237159	237226	INTRON			{GeneMark_model.6348_t;GeneMark},{Augustus_model.g4940.t1;Augustus}
237227	237470	internal+	1	1	{GeneMark_model.6348_t;GeneMark},{Augustus_model.g4940.t1;Augustus}
237471	237580	INTRON			{GeneMark_model.6348_t;GeneMark},{Augustus_model.g4940.t1;Augustus},{GlimmerHMM_glimmerT_5922-T1;GlimmerHMM}
237581	237810	internal+	2	3	{GeneMark_model.6348_t;GeneMark},{Augustus_model.g4940.t1;Augustus},{GlimmerHMM_glimmerT_5922-T1;GlimmerHMM}
237811	237896	INTRON			{GeneMark_model.6348_t;GeneMark},{Augustus_model.g4940.t1;Augustus},{GlimmerHMM_glimmerT_5922-T1;GlimmerHMM}
237897	238195	internal+	1	2	{GeneMark_model.6348_t;GeneMark},{Augustus_model.g4940.t1;Augustus},{GlimmerHMM_glimmerT_5922-T1;GlimmerHMM}
238196	238276	INTRON			{GeneMark_model.6348_t;GeneMark},{Augustus_model.g4940.t1;Augustus},{GlimmerHMM_glimmerT_5922-T1;GlimmerHMM}
238277	238429	internal+	3	2	{GeneMark_model.6348_t;GeneMark},{Augustus_model.g4940.t1;Augustus}
238430	238553	INTRON			{GeneMark_model.6348_t;GeneMark},{Augustus_model.g4940.t1;Augustus}
238554	238689	terminal+	3	3	{GeneMark_model.6348_t;GeneMark},{Augustus_model.g4940.t1;Augustus}

# EVM prediction: Mode:STANDARD S-ratio: 6.65 239233-240770 orient(+) score(8196.00) noncoding_equivalent(1233.16) raw_noncoding(1655.52) offset(422.37)
239233	239288	initial+	1	2	{Augustus_model.g4941.t1;Augustus},{GlimmerHMM_glimmerT_5923-T1;GlimmerHMM},{GeneMark_model.6349_t;GeneMark}
239289	239359	INTRON			{Augustus_model.g4941.t1;Augustus},{GlimmerHMM_glimmerT_5923-T1;GlimmerHMM},{GeneMark_model.6349_t;GeneMark},{ev_type:exonerate/ID=match.2566964.4440/Target=lcl|PJQD01000047_1_prot_POY72794_1_4276;exonerate},{ev_type:exonerate/ID=match.2566964.4441/Target=lcl|KQ954501_1_prot_KWU42767_1_4897;exonerate}
239360	239412	internal+	3	1	{Augustus_model.g4941.t1;Augustus},{GlimmerHMM_glimmerT_5923-T1;GlimmerHMM},{GeneMark_model.6349_t;GeneMark},{ev_type:exonerate/ID=match.2566964.4440/Target=lcl|PJQD01000047_1_prot_POY72794_1_4276;exonerate},{ev_type:exonerate/ID=match.2566964.4441/Target=lcl|KQ954501_1_prot_KWU42767_1_4897;exonerate}
239413	239508	INTRON			{Augustus_model.g4941.t1;Augustus},{GeneMark_model.6349_t;GeneMark},{ev_type:exonerate/ID=match.2566964.4440/Target=lcl|PJQD01000047_1_prot_POY72794_1_4276;exonerate},{ev_type:exonerate/ID=match.2566964.4441/Target=lcl|KQ954501_1_prot_KWU42767_1_4897;exonerate}
239509	239559	internal+	2	1	{Augustus_model.g4941.t1;Augustus},{GeneMark_model.6349_t;GeneMark},{ev_type:exonerate/ID=match.2566964.4440/Target=lcl|PJQD01000047_1_prot_POY72794_1_4276;exonerate},{ev_type:exonerate/ID=match.2566964.4441/Target=lcl|KQ954501_1_prot_KWU42767_1_4897;exonerate}
239560	239621	INTRON			{Augustus_model.g4941.t1;Augustus},{GeneMark_model.6349_t;GeneMark},{ev_type:exonerate/ID=match.2566964.4440/Target=lcl|PJQD01000047_1_prot_POY72794_1_4276;exonerate},{ev_type:exonerate/ID=match.2566964.4441/Target=lcl|KQ954501_1_prot_KWU42767_1_4897;exonerate}
239622	240418	internal+	2	3	{Augustus_model.g4941.t1;Augustus},{GlimmerHMM_glimmerT_5923-T1;GlimmerHMM},{GeneMark_model.6349_t;GeneMark},{ev_type:exonerate/ID=match.2566964.4440/Target=lcl|PJQD01000047_1_prot_POY72794_1_4276;exonerate}
240419	240494	INTRON			{Augustus_model.g4941.t1;Augustus},{GlimmerHMM_glimmerT_5923-T1;GlimmerHMM},{GeneMark_model.6349_t;GeneMark},{ev_type:exonerate/ID=match.2566964.4440/Target=lcl|PJQD01000047_1_prot_POY72794_1_4276;exonerate}
240495	240770	terminal+	1	3	{Augustus_model.g4941.t1;Augustus},{GlimmerHMM_glimmerT_5923-T1;GlimmerHMM},{GeneMark_model.6349_t;GeneMark}

# EVM prediction: Mode:STANDARD S-ratio: 5.19 241099-243238 orient(+) score(7731.00) noncoding_equivalent(1490.10) raw_noncoding(1959.87) offset(469.77)
241099	241149	initial+	1	3	{GeneMark_model.6350_t;GeneMark},{GlimmerHMM_glimmerT_5924-T1;GlimmerHMM},{Augustus_model.g4942.t1;Augustus}
241150	241240	INTRON			{GeneMark_model.6350_t;GeneMark},{GlimmerHMM_glimmerT_5924-T1;GlimmerHMM},{Augustus_model.g4942.t1;Augustus}
241241	241304	internal+	1	1	{GeneMark_model.6350_t;GeneMark},{GlimmerHMM_glimmerT_5924-T1;GlimmerHMM},{Augustus_model.g4942.t1;Augustus}
241305	241375	INTRON			{GeneMark_model.6350_t;GeneMark},{GlimmerHMM_glimmerT_5924-T1;GlimmerHMM},{Augustus_model.g4942.t1;Augustus}
241376	241448	internal+	2	2	{GeneMark_model.6350_t;GeneMark},{GlimmerHMM_glimmerT_5924-T1;GlimmerHMM},{Augustus_model.g4942.t1;Augustus}
241449	241535	INTRON			{GeneMark_model.6350_t;GeneMark},{GlimmerHMM_glimmerT_5924-T1;GlimmerHMM},{Augustus_model.g4942.t1;Augustus}
241536	241641	internal+	3	3	{GeneMark_model.6350_t;GeneMark},{Augustus_model.g4942.t1;Augustus}
241642	241707	INTRON			{GeneMark_model.6350_t;GeneMark},{Augustus_model.g4942.t1;Augustus}
241708	243090	internal+	1	3	{GeneMark_model.6350_t;GeneMark},{GlimmerHMM_glimmerT_5924-T1;GlimmerHMM},{Augustus_model.g4942.t1;Augustus}
243091	243181	INTRON			{GeneMark_model.6350_t;GeneMark},{GlimmerHMM_glimmerT_5924-T1;GlimmerHMM},{Augustus_model.g4942.t1;Augustus}
243182	243238	terminal+	1	3	{GeneMark_model.6350_t;GeneMark},{GlimmerHMM_glimmerT_5924-T1;GlimmerHMM},{Augustus_model.g4942.t1;Augustus}

# EVM prediction: Mode:STANDARD S-ratio: 2.74 243827-244828 orient(-) score(3332.00) noncoding_equivalent(1216.00) raw_noncoding(1500.00) offset(284.00)
243950	243827	terminal-	6	6	{Augustus_model.g4943.t1;Augustus},{GlimmerHMM_glimmerT_5925-T1;GlimmerHMM},{GeneMark_model.6351_t;GeneMark}
244011	243951	INTRON			{Augustus_model.g4943.t1;Augustus},{GlimmerHMM_glimmerT_5925-T1;GlimmerHMM},{GeneMark_model.6351_t;GeneMark}
244446	244012	internal-	6	5	{Augustus_model.g4943.t1;Augustus},{GlimmerHMM_glimmerT_5925-T1;GlimmerHMM},{GeneMark_model.6351_t;GeneMark}
244516	244447	INTRON			{Augustus_model.g4943.t1;Augustus},{GlimmerHMM_glimmerT_5925-T1;GlimmerHMM},{GeneMark_model.6351_t;GeneMark}
244591	244517	internal-	6	5	{Augustus_model.g4943.t1;Augustus},{GlimmerHMM_glimmerT_5925-T1;GlimmerHMM},{GeneMark_model.6351_t;GeneMark}
244736	244592	INTRON			{Augustus_model.g4943.t1;Augustus},{GlimmerHMM_glimmerT_5925-T1;GlimmerHMM},{GeneMark_model.6351_t;GeneMark}
244828	244737	initial-	4	5	{Augustus_model.g4943.t1;Augustus},{GlimmerHMM_glimmerT_5925-T1;GlimmerHMM},{GeneMark_model.6351_t;GeneMark}

# EVM prediction: Mode:STANDARD S-ratio: 2.74 245708-247445 orient(-) score(7381.00) noncoding_equivalent(2692.24) raw_noncoding(3589.00) offset(896.76)
245803	245708	terminal-	4	6	{GeneMark_model.6352_t;GeneMark},{GlimmerHMM_glimmerT_5926-T1;GlimmerHMM},{Augustus_model.g4944.t1;Augustus}
245961	245804	INTRON			{GeneMark_model.6352_t;GeneMark},{GlimmerHMM_glimmerT_5926-T1;GlimmerHMM},{Augustus_model.g4944.t1;Augustus},{ev_type:exonerate/ID=match.2566964.4461/Target=lcl|PJQD01000047_1_prot_POY72791_1_4273;exonerate}
246009	245962	internal-	4	6	{GeneMark_model.6352_t;GeneMark},{GlimmerHMM_glimmerT_5926-T1;GlimmerHMM},{Augustus_model.g4944.t1;Augustus},{ev_type:exonerate/ID=match.2566964.4461/Target=lcl|PJQD01000047_1_prot_POY72791_1_4273;exonerate}
246077	246010	INTRON			{GeneMark_model.6352_t;GeneMark},{Augustus_model.g4944.t1;Augustus},{ev_type:exonerate/ID=match.2566964.4461/Target=lcl|PJQD01000047_1_prot_POY72791_1_4273;exonerate}
246100	246078	internal-	5	6	{GeneMark_model.6352_t;GeneMark},{Augustus_model.g4944.t1;Augustus},{ev_type:exonerate/ID=match.2566964.4461/Target=lcl|PJQD01000047_1_prot_POY72791_1_4273;exonerate}
246231	246101	INTRON			{GeneMark_model.6352_t;GeneMark},{Augustus_model.g4944.t1;Augustus},{ev_type:exonerate/ID=match.2566964.4461/Target=lcl|PJQD01000047_1_prot_POY72791_1_4273;exonerate}
246370	246232	internal-	4	4	{GeneMark_model.6352_t;GeneMark},{Augustus_model.g4944.t1;Augustus},{ev_type:exonerate/ID=match.2566964.4461/Target=lcl|PJQD01000047_1_prot_POY72791_1_4273;exonerate}
246432	246371	INTRON			{GeneMark_model.6352_t;GeneMark},{GlimmerHMM_glimmerT_5926-T1;GlimmerHMM},{Augustus_model.g4944.t1;Augustus},{ev_type:exonerate/ID=match.2566964.4461/Target=lcl|PJQD01000047_1_prot_POY72791_1_4273;exonerate}
246725	246433	internal-	5	6	{GeneMark_model.6352_t;GeneMark},{GlimmerHMM_glimmerT_5926-T1;GlimmerHMM},{Augustus_model.g4944.t1;Augustus},{ev_type:exonerate/ID=match.2566964.4461/Target=lcl|PJQD01000047_1_prot_POY72791_1_4273;exonerate}
247207	246726	INTRON			{GeneMark_model.6352_t;GeneMark},{GlimmerHMM_glimmerT_5926-T1;GlimmerHMM},{Augustus_model.g4944.t1;Augustus},{ev_type:exonerate/ID=match.2566964.4461/Target=lcl|PJQD01000047_1_prot_POY72791_1_4273;exonerate}
247445	247208	initial-	4	4	{GeneMark_model.6352_t;GeneMark}

# EVM prediction: Mode:STANDARD S-ratio: 1.33 247810-248764 orient(-) score(2180.00) noncoding_equivalent(1637.78) raw_noncoding(2495.75) offset(857.97)
247871	247810	terminal-	5	6	{GeneMark_model.6353_t;GeneMark}
247957	247872	INTRON			{GeneMark_model.6353_t;GeneMark},{Augustus_model.g4944.t1;Augustus}
248004	247958	internal-	6	4	{GeneMark_model.6353_t;GeneMark},{GlimmerHMM_glimmerT_5926-T1;GlimmerHMM},{Augustus_model.g4944.t1;Augustus}
248073	248005	INTRON			{GeneMark_model.6353_t;GeneMark},{Augustus_model.g4944.t1;Augustus}
248131	248074	internal-	5	5	{GeneMark_model.6353_t;GeneMark},{Augustus_model.g4944.t1;Augustus}
248180	248132	INTRON			{GeneMark_model.6353_t;GeneMark},{Augustus_model.g4944.t1;Augustus}
248395	248181	internal-	6	4	{GeneMark_model.6353_t;GeneMark},{Augustus_model.g4944.t1;Augustus}
248541	248396	INTRON			{GeneMark_model.6353_t;GeneMark},{Augustus_model.g4944.t1;Augustus}
248606	248542	internal-	4	5	{GeneMark_model.6353_t;GeneMark},{Augustus_model.g4944.t1;Augustus}
248695	248607	INTRON			{GeneMark_model.6353_t;GeneMark},{Augustus_model.g4944.t1;Augustus}
248764	248696	initial-	4	6	{GeneMark_model.6353_t;GeneMark},{GlimmerHMM_glimmerT_5926-T1;GlimmerHMM}

# EVM prediction: Mode:STANDARD S-ratio: 2.91 249248-250660 orient(-) score(4479.00) noncoding_equivalent(1537.02) raw_noncoding(1846.02) offset(309.00)
249358	249248	terminal-	4	6	{GeneMark_model.6354_t;GeneMark}
249426	249359	INTRON			{GeneMark_model.6354_t;GeneMark},{Augustus_model.g4944.t1;Augustus}
249630	249427	internal-	4	6	{GlimmerHMM_glimmerT_5927-T1;GlimmerHMM},{GeneMark_model.6354_t;GeneMark},{Augustus_model.g4944.t1;Augustus}
249697	249631	INTRON			{GlimmerHMM_glimmerT_5927-T1;GlimmerHMM},{GeneMark_model.6354_t;GeneMark},{Augustus_model.g4944.t1;Augustus}
250006	249698	internal-	4	6	{GlimmerHMM_glimmerT_5927-T1;GlimmerHMM},{GeneMark_model.6354_t;GeneMark},{Augustus_model.g4944.t1;Augustus}
250063	250007	INTRON			{GlimmerHMM_glimmerT_5927-T1;GlimmerHMM},{GeneMark_model.6354_t;GeneMark},{Augustus_model.g4944.t1;Augustus}
250451	250064	internal-	6	6	{GlimmerHMM_glimmerT_5927-T1;GlimmerHMM},{GeneMark_model.6354_t;GeneMark},{Augustus_model.g4944.t1;Augustus}
250517	250452	INTRON			{GlimmerHMM_glimmerT_5927-T1;GlimmerHMM},{GeneMark_model.6354_t;GeneMark},{Augustus_model.g4944.t1;Augustus}
250660	250518	initial-	4	5	{GlimmerHMM_glimmerT_5927-T1;GlimmerHMM},{GeneMark_model.6354_t;GeneMark},{Augustus_model.g4944.t1;Augustus}

# EVM prediction: Mode:STANDARD S-ratio: 4.35 251428-255260 orient(-) score(14972.00) noncoding_equivalent(3442.90) raw_noncoding(3959.00) offset(516.10)
251692	251428	terminal-	6	6	{GlimmerHMM_glimmerT_5928-T1;GlimmerHMM},{snap_scaffold_17-snap.91-T1;snap},{Augustus_model.g4945.t1;Augustus},{GeneMark_model.6355_t;GeneMark}
251757	251693	INTRON			{Augustus_model.g4945.t1;Augustus},{GeneMark_model.6355_t;GeneMark},{ev_type:exonerate/ID=match.2566964.2115/Target=lcl|KQ954501_1_prot_KWU42761_1_4891;exonerate}
251959	251758	internal-	5	5	{Augustus_model.g4945.t1;Augustus},{GeneMark_model.6355_t;GeneMark}
252019	251960	INTRON			{GlimmerHMM_glimmerT_5928-T1;GlimmerHMM},{Augustus_model.g4945.t1;Augustus},{GeneMark_model.6355_t;GeneMark}
252379	252020	internal-	5	4	{GlimmerHMM_glimmerT_5928-T1;GlimmerHMM},{Augustus_model.g4945.t1;Augustus},{GeneMark_model.6355_t;GeneMark}
252442	252380	INTRON			{GlimmerHMM_glimmerT_5928-T1;GlimmerHMM},{Augustus_model.g4945.t1;Augustus},{GeneMark_model.6355_t;GeneMark}
252583	252443	internal-	5	4	{GlimmerHMM_glimmerT_5928-T1;GlimmerHMM},{Augustus_model.g4945.t1;Augustus},{GeneMark_model.6355_t;GeneMark}
252646	252584	INTRON			{GlimmerHMM_glimmerT_5928-T1;GlimmerHMM},{Augustus_model.g4945.t1;Augustus},{GeneMark_model.6355_t;GeneMark},{ev_type:exonerate/ID=match.2566964.2115/Target=lcl|KQ954501_1_prot_KWU42761_1_4891;exonerate}
253671	252647	internal-	6	4	{GlimmerHMM_glimmerT_5928-T1;GlimmerHMM},{Augustus_model.g4945.t1;Augustus},{GeneMark_model.6355_t;GeneMark}
253730	253672	INTRON			{GlimmerHMM_glimmerT_5928-T1;GlimmerHMM},{Augustus_model.g4945.t1;Augustus},{GeneMark_model.6355_t;GeneMark},{ev_type:exonerate/ID=match.2566964.2115/Target=lcl|KQ954501_1_prot_KWU42761_1_4891;exonerate}
253828	253731	internal-	4	5	{GlimmerHMM_glimmerT_5928-T1;GlimmerHMM},{Augustus_model.g4945.t1;Augustus},{GeneMark_model.6355_t;GeneMark},{ev_type:exonerate/ID=match.2566964.2115/Target=lcl|KQ954501_1_prot_KWU42761_1_4891;exonerate}
253896	253829	INTRON			{GlimmerHMM_glimmerT_5928-T1;GlimmerHMM},{Augustus_model.g4945.t1;Augustus},{GeneMark_model.6355_t;GeneMark},{ev_type:exonerate/ID=match.2566964.2115/Target=lcl|KQ954501_1_prot_KWU42761_1_4891;exonerate}
254103	253897	internal-	4	6	{GlimmerHMM_glimmerT_5928-T1;GlimmerHMM},{Augustus_model.g4945.t1;Augustus},{GeneMark_model.6355_t;GeneMark},{ev_type:exonerate/ID=match.2566964.2115/Target=lcl|KQ954501_1_prot_KWU42761_1_4891;exonerate}
254165	254104	INTRON			{GlimmerHMM_glimmerT_5928-T1;GlimmerHMM},{Augustus_model.g4945.t1;Augustus},{GeneMark_model.6355_t;GeneMark},{ev_type:exonerate/ID=match.2566964.2115/Target=lcl|KQ954501_1_prot_KWU42761_1_4891;exonerate}
254769	254166	internal-	6	6	{GlimmerHMM_glimmerT_5928-T1;GlimmerHMM},{Augustus_model.g4945.t1;Augustus},{GeneMark_model.6355_t;GeneMark}
254832	254770	INTRON			{GlimmerHMM_glimmerT_5928-T1;GlimmerHMM},{Augustus_model.g4945.t1;Augustus},{GeneMark_model.6355_t;GeneMark}
255260	254833	initial-	4	5	{GlimmerHMM_glimmerT_5928-T1;GlimmerHMM},{Augustus_model.g4945.t1;Augustus},{GeneMark_model.6355_t;GeneMark}

# EVM prediction: Mode:STANDARD S-ratio: 6.05 257678-261468 orient(+) score(21621.00) noncoding_equivalent(3574.52) raw_noncoding(4178.00) offset(603.48)
257678	257831	initial+	1	1	{Augustus_model.g4946.t1;Augustus},{GlimmerHMM_glimmerT_5929-T1;GlimmerHMM},{GeneMark_model.6356_t;GeneMark}
257832	257892	INTRON			{Augustus_model.g4946.t1;Augustus},{GlimmerHMM_glimmerT_5929-T1;GlimmerHMM},{GeneMark_model.6356_t;GeneMark}
257893	258440	internal+	2	3	{Augustus_model.g4946.t1;Augustus},{GlimmerHMM_glimmerT_5929-T1;GlimmerHMM},{GeneMark_model.6356_t;GeneMark}
258441	258501	INTRON			{Augustus_model.g4946.t1;Augustus},{GlimmerHMM_glimmerT_5929-T1;GlimmerHMM},{GeneMark_model.6356_t;GeneMark}
258502	259024	internal+	1	1	{GlimmerHMM_glimmerT_5929-T1;GlimmerHMM},{GeneMark_model.6356_t;GeneMark}
259025	259093	INTRON			{GlimmerHMM_glimmerT_5929-T1;GlimmerHMM},{GeneMark_model.6356_t;GeneMark},{ev_type:exonerate/ID=match.2566964.1613/Target=lcl|NW_017264940_1_prot_XP_018268829_1_5840;exonerate},{ev_type:exonerate/ID=match.2566964.1617/Target=lcl|KQ954501_1_prot_KWU42758_1_4888;exonerate},{ev_type:exonerate/ID=match.2566964.1607/Target=lcl|LCTV02000004_1_prot_PRQ75640_1_5329;exonerate}
259094	259165	internal+	2	1	{Augustus_model.g4946.t1;Augustus},{GlimmerHMM_glimmerT_5929-T1;GlimmerHMM},{GeneMark_model.6356_t;GeneMark},{ev_type:exonerate/ID=match.2566964.1613/Target=lcl|NW_017264940_1_prot_XP_018268829_1_5840;exonerate},{ev_type:exonerate/ID=match.2566964.1617/Target=lcl|KQ954501_1_prot_KWU42758_1_4888;exonerate},{ev_type:exonerate/ID=match.2566964.1607/Target=lcl|LCTV02000004_1_prot_PRQ75640_1_5329;exonerate}
259166	259233	INTRON			{Augustus_model.g4946.t1;Augustus},{GlimmerHMM_glimmerT_5929-T1;GlimmerHMM},{GeneMark_model.6356_t;GeneMark},{ev_type:exonerate/ID=match.2566964.1613/Target=lcl|NW_017264940_1_prot_XP_018268829_1_5840;exonerate},{ev_type:exonerate/ID=match.2566964.1617/Target=lcl|KQ954501_1_prot_KWU42758_1_4888;exonerate},{ev_type:exonerate/ID=match.2566964.1607/Target=lcl|LCTV02000004_1_prot_PRQ75640_1_5329;exonerate}
259234	260024	internal+	2	3	{Augustus_model.g4946.t1;Augustus},{GlimmerHMM_glimmerT_5929-T1;GlimmerHMM},{GeneMark_model.6356_t;GeneMark},{ev_type:exonerate/ID=match.2566964.1613/Target=lcl|NW_017264940_1_prot_XP_018268829_1_5840;exonerate},{ev_type:exonerate/ID=match.2566964.1617/Target=lcl|KQ954501_1_prot_KWU42758_1_4888;exonerate}
260025	260089	INTRON			{Augustus_model.g4946.t1;Augustus},{GlimmerHMM_glimmerT_5929-T1;GlimmerHMM},{GeneMark_model.6356_t;GeneMark},{ev_type:exonerate/ID=match.2566964.1613/Target=lcl|NW_017264940_1_prot_XP_018268829_1_5840;exonerate},{ev_type:exonerate/ID=match.2566964.1617/Target=lcl|KQ954501_1_prot_KWU42758_1_4888;exonerate},{ev_type:exonerate/ID=match.2566964.1607/Target=lcl|LCTV02000004_1_prot_PRQ75640_1_5329;exonerate}
260090	260205	internal+	1	2	{Augustus_model.g4946.t1;Augustus},{GlimmerHMM_glimmerT_5929-T1;GlimmerHMM},{GeneMark_model.6356_t;GeneMark},{ev_type:exonerate/ID=match.2566964.1613/Target=lcl|NW_017264940_1_prot_XP_018268829_1_5840;exonerate},{ev_type:exonerate/ID=match.2566964.1617/Target=lcl|KQ954501_1_prot_KWU42758_1_4888;exonerate},{ev_type:exonerate/ID=match.2566964.1607/Target=lcl|LCTV02000004_1_prot_PRQ75640_1_5329;exonerate}
260206	260264	INTRON			{Augustus_model.g4946.t1;Augustus},{GlimmerHMM_glimmerT_5929-T1;GlimmerHMM},{GeneMark_model.6356_t;GeneMark},{ev_type:exonerate/ID=match.2566964.1613/Target=lcl|NW_017264940_1_prot_XP_018268829_1_5840;exonerate},{ev_type:exonerate/ID=match.2566964.1617/Target=lcl|KQ954501_1_prot_KWU42758_1_4888;exonerate},{ev_type:exonerate/ID=match.2566964.1607/Target=lcl|LCTV02000004_1_prot_PRQ75640_1_5329;exonerate}
260265	260358	internal+	3	3	{Augustus_model.g4946.t1;Augustus},{GlimmerHMM_glimmerT_5929-T1;GlimmerHMM},{GeneMark_model.6356_t;GeneMark},{ev_type:exonerate/ID=match.2566964.1613/Target=lcl|NW_017264940_1_prot_XP_018268829_1_5840;exonerate},{ev_type:exonerate/ID=match.2566964.1617/Target=lcl|KQ954501_1_prot_KWU42758_1_4888;exonerate},{ev_type:exonerate/ID=match.2566964.1607/Target=lcl|LCTV02000004_1_prot_PRQ75640_1_5329;exonerate}
260359	260419	INTRON			{Augustus_model.g4946.t1;Augustus},{GlimmerHMM_glimmerT_5929-T1;GlimmerHMM},{GeneMark_model.6356_t;GeneMark},{ev_type:exonerate/ID=match.2566964.1613/Target=lcl|NW_017264940_1_prot_XP_018268829_1_5840;exonerate},{ev_type:exonerate/ID=match.2566964.1617/Target=lcl|KQ954501_1_prot_KWU42758_1_4888;exonerate},{ev_type:exonerate/ID=match.2566964.1607/Target=lcl|LCTV02000004_1_prot_PRQ75640_1_5329;exonerate}
260420	260695	internal+	1	3	{Augustus_model.g4946.t1;Augustus},{GlimmerHMM_glimmerT_5929-T1;GlimmerHMM},{GeneMark_model.6356_t;GeneMark},{ev_type:exonerate/ID=match.2566964.1613/Target=lcl|NW_017264940_1_prot_XP_018268829_1_5840;exonerate},{ev_type:exonerate/ID=match.2566964.1617/Target=lcl|KQ954501_1_prot_KWU42758_1_4888;exonerate},{ev_type:exonerate/ID=match.2566964.1607/Target=lcl|LCTV02000004_1_prot_PRQ75640_1_5329;exonerate}
260696	260758	INTRON			{Augustus_model.g4946.t1;Augustus},{GlimmerHMM_glimmerT_5929-T1;GlimmerHMM},{GeneMark_model.6356_t;GeneMark},{ev_type:exonerate/ID=match.2566964.1613/Target=lcl|NW_017264940_1_prot_XP_018268829_1_5840;exonerate},{ev_type:exonerate/ID=match.2566964.1617/Target=lcl|KQ954501_1_prot_KWU42758_1_4888;exonerate},{ev_type:exonerate/ID=match.2566964.1607/Target=lcl|LCTV02000004_1_prot_PRQ75640_1_5329;exonerate}
260759	260986	internal+	1	3	{Augustus_model.g4946.t1;Augustus},{GlimmerHMM_glimmerT_5929-T1;GlimmerHMM},{GeneMark_model.6356_t;GeneMark},{ev_type:exonerate/ID=match.2566964.1613/Target=lcl|NW_017264940_1_prot_XP_018268829_1_5840;exonerate},{ev_type:exonerate/ID=match.2566964.1617/Target=lcl|KQ954501_1_prot_KWU42758_1_4888;exonerate},{ev_type:exonerate/ID=match.2566964.1607/Target=lcl|LCTV02000004_1_prot_PRQ75640_1_5329;exonerate}
260987	261047	INTRON			{Augustus_model.g4946.t1;Augustus},{GlimmerHMM_glimmerT_5929-T1;GlimmerHMM},{GeneMark_model.6356_t;GeneMark},{ev_type:exonerate/ID=match.2566964.1613/Target=lcl|NW_017264940_1_prot_XP_018268829_1_5840;exonerate},{ev_type:exonerate/ID=match.2566964.1617/Target=lcl|KQ954501_1_prot_KWU42758_1_4888;exonerate},{ev_type:exonerate/ID=match.2566964.1607/Target=lcl|LCTV02000004_1_prot_PRQ75640_1_5329;exonerate}
261048	261104	internal+	1	3	{Augustus_model.g4946.t1;Augustus},{GlimmerHMM_glimmerT_5929-T1;GlimmerHMM},{GeneMark_model.6356_t;GeneMark},{ev_type:exonerate/ID=match.2566964.1613/Target=lcl|NW_017264940_1_prot_XP_018268829_1_5840;exonerate},{ev_type:exonerate/ID=match.2566964.1617/Target=lcl|KQ954501_1_prot_KWU42758_1_4888;exonerate},{ev_type:exonerate/ID=match.2566964.1607/Target=lcl|LCTV02000004_1_prot_PRQ75640_1_5329;exonerate}
261105	261168	INTRON			{Augustus_model.g4946.t1;Augustus},{GlimmerHMM_glimmerT_5929-T1;GlimmerHMM},{GeneMark_model.6356_t;GeneMark},{ev_type:exonerate/ID=match.2566964.1613/Target=lcl|NW_017264940_1_prot_XP_018268829_1_5840;exonerate},{ev_type:exonerate/ID=match.2566964.1617/Target=lcl|KQ954501_1_prot_KWU42758_1_4888;exonerate},{ev_type:exonerate/ID=match.2566964.1607/Target=lcl|LCTV02000004_1_prot_PRQ75640_1_5329;exonerate}
261169	261468	terminal+	1	3	{Augustus_model.g4946.t1;Augustus},{GlimmerHMM_glimmerT_5929-T1;GlimmerHMM},{GeneMark_model.6356_t;GeneMark}

# EVM prediction: Mode:STANDARD S-ratio: 2.72 261792-264650 orient(+) score(8642.00) noncoding_equivalent(3177.07) raw_noncoding(4107.00) offset(929.93)
261792	261967	initial+	1	2	{GlimmerHMM_glimmerT_5930-T1;GlimmerHMM},{GeneMark_model.6357_t;GeneMark},{Augustus_model.g4947.t1;Augustus}
261968	262134	INTRON			{Augustus_model.g4947.t1;Augustus}
262135	262240	internal+	3	3	{Augustus_model.g4947.t1;Augustus}
262241	262301	INTRON			{GlimmerHMM_glimmerT_5930-T1;GlimmerHMM},{GeneMark_model.6357_t;GeneMark},{Augustus_model.g4947.t1;Augustus}
262302	262568	internal+	1	3	{GlimmerHMM_glimmerT_5930-T1;GlimmerHMM},{GeneMark_model.6357_t;GeneMark},{Augustus_model.g4947.t1;Augustus}
262569	262631	INTRON			{GlimmerHMM_glimmerT_5930-T1;GlimmerHMM},{GeneMark_model.6357_t;GeneMark},{Augustus_model.g4947.t1;Augustus}
262632	262937	internal+	1	3	{GlimmerHMM_glimmerT_5930-T1;GlimmerHMM},{GeneMark_model.6357_t;GeneMark},{Augustus_model.g4947.t1;Augustus}
262938	262996	INTRON			{GlimmerHMM_glimmerT_5930-T1;GlimmerHMM},{GeneMark_model.6357_t;GeneMark}
262997	264048	internal+	1	2	{GlimmerHMM_glimmerT_5930-T1;GlimmerHMM},{GeneMark_model.6357_t;GeneMark}
264049	264105	INTRON			{GlimmerHMM_glimmerT_5930-T1;GlimmerHMM},{GeneMark_model.6357_t;GeneMark},{Augustus_model.g4947.t1;Augustus}
264106	264182	internal+	3	1	{GlimmerHMM_glimmerT_5930-T1;GlimmerHMM},{GeneMark_model.6357_t;GeneMark},{Augustus_model.g4947.t1;Augustus}
264183	264242	INTRON			{GlimmerHMM_glimmerT_5930-T1;GlimmerHMM},{GeneMark_model.6357_t;GeneMark},{Augustus_model.g4947.t1;Augustus}
264243	264326	internal+	2	1	{GlimmerHMM_glimmerT_5930-T1;GlimmerHMM},{GeneMark_model.6357_t;GeneMark},{Augustus_model.g4947.t1;Augustus}
264327	264392	INTRON			{GlimmerHMM_glimmerT_5930-T1;GlimmerHMM},{GeneMark_model.6357_t;GeneMark},{Augustus_model.g4947.t1;Augustus}
264393	264470	internal+	2	1	{GlimmerHMM_glimmerT_5930-T1;GlimmerHMM},{GeneMark_model.6357_t;GeneMark},{Augustus_model.g4947.t1;Augustus}
264471	264534	INTRON			{GlimmerHMM_glimmerT_5930-T1;GlimmerHMM},{GeneMark_model.6357_t;GeneMark},{Augustus_model.g4947.t1;Augustus}
264535	264650	terminal+	2	3	{GlimmerHMM_glimmerT_5930-T1;GlimmerHMM},{GeneMark_model.6357_t;GeneMark},{Augustus_model.g4947.t1;Augustus}

# EVM prediction: Mode:STANDARD S-ratio: 8.04 267039-271037 orient(+) score(33540.00) noncoding_equivalent(4169.64) raw_noncoding(5076.00) offset(906.36)
267039	267200	initial+	1	3	{GeneMark_model.6358_t;GeneMark},{GlimmerHMM_glimmerT_5931-T1;GlimmerHMM},{Augustus_model.g4948.t1;Augustus}
267201	267488	INTRON			{GeneMark_model.6358_t;GeneMark},{GlimmerHMM_glimmerT_5931-T1;GlimmerHMM},{Augustus_model.g4948.t1;Augustus},{ev_type:exonerate/ID=match.2566964.394/Target=lcl|BJWK01000017_1_prot_GEM11854_1_5871;exonerate},{ev_type:exonerate/ID=match.2566964.389/Target=lcl|PJQD01000047_1_prot_POY72781_1_4263;exonerate},{ev_type:exonerate/ID=match.2566964.396/Target=lcl|LCTV02000004_1_prot_PRQ75560_1_5249;exonerate},{ev_type:exonerate/ID=match.2566964.392/Target=lcl|NW_017264940_1_prot_XP_018268862_1_5873;exonerate},{ev_type:exonerate/ID=match.2566964.391/Target=lcl|KQ954501_1_prot_KWU42756_1_4886;exonerate}
267489	267566	internal+	1	3	{GeneMark_model.6358_t;GeneMark},{GlimmerHMM_glimmerT_5931-T1;GlimmerHMM},{Augustus_model.g4948.t1;Augustus},{ev_type:exonerate/ID=match.2566964.394/Target=lcl|BJWK01000017_1_prot_GEM11854_1_5871;exonerate},{ev_type:exonerate/ID=match.2566964.389/Target=lcl|PJQD01000047_1_prot_POY72781_1_4263;exonerate},{ev_type:exonerate/ID=match.2566964.396/Target=lcl|LCTV02000004_1_prot_PRQ75560_1_5249;exonerate},{ev_type:exonerate/ID=match.2566964.392/Target=lcl|NW_017264940_1_prot_XP_018268862_1_5873;exonerate},{ev_type:exonerate/ID=match.2566964.391/Target=lcl|KQ954501_1_prot_KWU42756_1_4886;exonerate}
267567	267638	INTRON			{GeneMark_model.6358_t;GeneMark},{GlimmerHMM_glimmerT_5931-T1;GlimmerHMM},{Augustus_model.g4948.t1;Augustus},{ev_type:exonerate/ID=match.2566964.394/Target=lcl|BJWK01000017_1_prot_GEM11854_1_5871;exonerate},{ev_type:exonerate/ID=match.2566964.389/Target=lcl|PJQD01000047_1_prot_POY72781_1_4263;exonerate},{ev_type:exonerate/ID=match.2566964.396/Target=lcl|LCTV02000004_1_prot_PRQ75560_1_5249;exonerate},{ev_type:exonerate/ID=match.2566964.392/Target=lcl|NW_017264940_1_prot_XP_018268862_1_5873;exonerate},{ev_type:exonerate/ID=match.2566964.391/Target=lcl|KQ954501_1_prot_KWU42756_1_4886;exonerate}
267639	267691	internal+	1	2	{GeneMark_model.6358_t;GeneMark},{GlimmerHMM_glimmerT_5931-T1;GlimmerHMM},{Augustus_model.g4948.t1;Augustus},{ev_type:exonerate/ID=match.2566964.394/Target=lcl|BJWK01000017_1_prot_GEM11854_1_5871;exonerate},{ev_type:exonerate/ID=match.2566964.389/Target=lcl|PJQD01000047_1_prot_POY72781_1_4263;exonerate},{ev_type:exonerate/ID=match.2566964.396/Target=lcl|LCTV02000004_1_prot_PRQ75560_1_5249;exonerate},{ev_type:exonerate/ID=match.2566964.392/Target=lcl|NW_017264940_1_prot_XP_018268862_1_5873;exonerate},{ev_type:exonerate/ID=match.2566964.391/Target=lcl|KQ954501_1_prot_KWU42756_1_4886;exonerate}
267692	267940	INTRON			{GeneMark_model.6358_t;GeneMark},{GlimmerHMM_glimmerT_5931-T1;GlimmerHMM},{Augustus_model.g4948.t1;Augustus},{ev_type:exonerate/ID=match.2566964.394/Target=lcl|BJWK01000017_1_prot_GEM11854_1_5871;exonerate},{ev_type:exonerate/ID=match.2566964.389/Target=lcl|PJQD01000047_1_prot_POY72781_1_4263;exonerate},{ev_type:exonerate/ID=match.2566964.396/Target=lcl|LCTV02000004_1_prot_PRQ75560_1_5249;exonerate},{ev_type:exonerate/ID=match.2566964.392/Target=lcl|NW_017264940_1_prot_XP_018268862_1_5873;exonerate},{ev_type:exonerate/ID=match.2566964.391/Target=lcl|KQ954501_1_prot_KWU42756_1_4886;exonerate}
267941	268048	internal+	3	2	{GeneMark_model.6358_t;GeneMark},{GlimmerHMM_glimmerT_5931-T1;GlimmerHMM},{Augustus_model.g4948.t1;Augustus},{ev_type:exonerate/ID=match.2566964.394/Target=lcl|BJWK01000017_1_prot_GEM11854_1_5871;exonerate},{ev_type:exonerate/ID=match.2566964.389/Target=lcl|PJQD01000047_1_prot_POY72781_1_4263;exonerate},{ev_type:exonerate/ID=match.2566964.396/Target=lcl|LCTV02000004_1_prot_PRQ75560_1_5249;exonerate},{ev_type:exonerate/ID=match.2566964.392/Target=lcl|NW_017264940_1_prot_XP_018268862_1_5873;exonerate},{ev_type:exonerate/ID=match.2566964.391/Target=lcl|KQ954501_1_prot_KWU42756_1_4886;exonerate}
268049	268122	INTRON			{GeneMark_model.6358_t;GeneMark},{GlimmerHMM_glimmerT_5931-T1;GlimmerHMM},{Augustus_model.g4948.t1;Augustus},{snap_scaffold_17-snap.97-T1;snap},{ev_type:exonerate/ID=match.2566964.394/Target=lcl|BJWK01000017_1_prot_GEM11854_1_5871;exonerate},{ev_type:exonerate/ID=match.2566964.389/Target=lcl|PJQD01000047_1_prot_POY72781_1_4263;exonerate},{ev_type:exonerate/ID=match.2566964.396/Target=lcl|LCTV02000004_1_prot_PRQ75560_1_5249;exonerate},{ev_type:exonerate/ID=match.2566964.392/Target=lcl|NW_017264940_1_prot_XP_018268862_1_5873;exonerate},{ev_type:exonerate/ID=match.2566964.391/Target=lcl|KQ954501_1_prot_KWU42756_1_4886;exonerate}
268123	269912	internal+	3	1	{GeneMark_model.6358_t;GeneMark},{GlimmerHMM_glimmerT_5931-T1;GlimmerHMM},{Augustus_model.g4948.t1;Augustus},{ev_type:exonerate/ID=match.2566964.394/Target=lcl|BJWK01000017_1_prot_GEM11854_1_5871;exonerate},{ev_type:exonerate/ID=match.2566964.389/Target=lcl|PJQD01000047_1_prot_POY72781_1_4263;exonerate},{ev_type:exonerate/ID=match.2566964.396/Target=lcl|LCTV02000004_1_prot_PRQ75560_1_5249;exonerate},{ev_type:exonerate/ID=match.2566964.392/Target=lcl|NW_017264940_1_prot_XP_018268862_1_5873;exonerate},{ev_type:exonerate/ID=match.2566964.391/Target=lcl|KQ954501_1_prot_KWU42756_1_4886;exonerate}
269913	269980	INTRON			{GeneMark_model.6358_t;GeneMark},{GlimmerHMM_glimmerT_5931-T1;GlimmerHMM},{Augustus_model.g4948.t1;Augustus},{ev_type:exonerate/ID=match.2566964.394/Target=lcl|BJWK01000017_1_prot_GEM11854_1_5871;exonerate},{ev_type:exonerate/ID=match.2566964.389/Target=lcl|PJQD01000047_1_prot_POY72781_1_4263;exonerate},{ev_type:exonerate/ID=match.2566964.396/Target=lcl|LCTV02000004_1_prot_PRQ75560_1_5249;exonerate},{ev_type:exonerate/ID=match.2566964.392/Target=lcl|NW_017264940_1_prot_XP_018268862_1_5873;exonerate},{ev_type:exonerate/ID=match.2566964.391/Target=lcl|KQ954501_1_prot_KWU42756_1_4886;exonerate}
269981	270292	internal+	2	1	{GeneMark_model.6358_t;GeneMark},{GlimmerHMM_glimmerT_5931-T1;GlimmerHMM},{Augustus_model.g4948.t1;Augustus},{ev_type:exonerate/ID=match.2566964.394/Target=lcl|BJWK01000017_1_prot_GEM11854_1_5871;exonerate},{ev_type:exonerate/ID=match.2566964.389/Target=lcl|PJQD01000047_1_prot_POY72781_1_4263;exonerate},{ev_type:exonerate/ID=match.2566964.396/Target=lcl|LCTV02000004_1_prot_PRQ75560_1_5249;exonerate},{ev_type:exonerate/ID=match.2566964.391/Target=lcl|KQ954501_1_prot_KWU42756_1_4886;exonerate}
270293	270355	INTRON			{GeneMark_model.6358_t;GeneMark},{GlimmerHMM_glimmerT_5931-T1;GlimmerHMM},{Augustus_model.g4948.t1;Augustus},{ev_type:exonerate/ID=match.2566964.394/Target=lcl|BJWK01000017_1_prot_GEM11854_1_5871;exonerate},{ev_type:exonerate/ID=match.2566964.389/Target=lcl|PJQD01000047_1_prot_POY72781_1_4263;exonerate},{ev_type:exonerate/ID=match.2566964.396/Target=lcl|LCTV02000004_1_prot_PRQ75560_1_5249;exonerate},{ev_type:exonerate/ID=match.2566964.391/Target=lcl|KQ954501_1_prot_KWU42756_1_4886;exonerate}
270356	270418	internal+	2	1	{GeneMark_model.6358_t;GeneMark},{GlimmerHMM_glimmerT_5931-T1;GlimmerHMM},{Augustus_model.g4948.t1;Augustus},{ev_type:exonerate/ID=match.2566964.394/Target=lcl|BJWK01000017_1_prot_GEM11854_1_5871;exonerate},{ev_type:exonerate/ID=match.2566964.389/Target=lcl|PJQD01000047_1_prot_POY72781_1_4263;exonerate},{ev_type:exonerate/ID=match.2566964.396/Target=lcl|LCTV02000004_1_prot_PRQ75560_1_5249;exonerate},{ev_type:exonerate/ID=match.2566964.391/Target=lcl|KQ954501_1_prot_KWU42756_1_4886;exonerate}
270419	270481	INTRON			{GeneMark_model.6358_t;GeneMark},{GlimmerHMM_glimmerT_5931-T1;GlimmerHMM},{Augustus_model.g4948.t1;Augustus},{ev_type:exonerate/ID=match.2566964.394/Target=lcl|BJWK01000017_1_prot_GEM11854_1_5871;exonerate},{ev_type:exonerate/ID=match.2566964.389/Target=lcl|PJQD01000047_1_prot_POY72781_1_4263;exonerate},{ev_type:exonerate/ID=match.2566964.396/Target=lcl|LCTV02000004_1_prot_PRQ75560_1_5249;exonerate},{ev_type:exonerate/ID=match.2566964.392/Target=lcl|NW_017264940_1_prot_XP_018268862_1_5873;exonerate},{ev_type:exonerate/ID=match.2566964.391/Target=lcl|KQ954501_1_prot_KWU42756_1_4886;exonerate}
270482	270587	internal+	2	2	{GeneMark_model.6358_t;GeneMark},{GlimmerHMM_glimmerT_5931-T1;GlimmerHMM},{Augustus_model.g4948.t1;Augustus},{ev_type:exonerate/ID=match.2566964.394/Target=lcl|BJWK01000017_1_prot_GEM11854_1_5871;exonerate},{ev_type:exonerate/ID=match.2566964.389/Target=lcl|PJQD01000047_1_prot_POY72781_1_4263;exonerate},{ev_type:exonerate/ID=match.2566964.396/Target=lcl|LCTV02000004_1_prot_PRQ75560_1_5249;exonerate},{ev_type:exonerate/ID=match.2566964.392/Target=lcl|NW_017264940_1_prot_XP_018268862_1_5873;exonerate},{ev_type:exonerate/ID=match.2566964.391/Target=lcl|KQ954501_1_prot_KWU42756_1_4886;exonerate}
270588	270650	INTRON			{GeneMark_model.6358_t;GeneMark},{GlimmerHMM_glimmerT_5931-T1;GlimmerHMM},{Augustus_model.g4948.t1;Augustus},{ev_type:exonerate/ID=match.2566964.394/Target=lcl|BJWK01000017_1_prot_GEM11854_1_5871;exonerate},{ev_type:exonerate/ID=match.2566964.389/Target=lcl|PJQD01000047_1_prot_POY72781_1_4263;exonerate},{ev_type:exonerate/ID=match.2566964.396/Target=lcl|LCTV02000004_1_prot_PRQ75560_1_5249;exonerate},{ev_type:exonerate/ID=match.2566964.392/Target=lcl|NW_017264940_1_prot_XP_018268862_1_5873;exonerate},{ev_type:exonerate/ID=match.2566964.391/Target=lcl|KQ954501_1_prot_KWU42756_1_4886;exonerate}
270651	270852	internal+	3	3	{GeneMark_model.6358_t;GeneMark},{GlimmerHMM_glimmerT_5931-T1;GlimmerHMM},{Augustus_model.g4948.t1;Augustus},{ev_type:exonerate/ID=match.2566964.394/Target=lcl|BJWK01000017_1_prot_GEM11854_1_5871;exonerate},{ev_type:exonerate/ID=match.2566964.389/Target=lcl|PJQD01000047_1_prot_POY72781_1_4263;exonerate},{ev_type:exonerate/ID=match.2566964.396/Target=lcl|LCTV02000004_1_prot_PRQ75560_1_5249;exonerate},{ev_type:exonerate/ID=match.2566964.392/Target=lcl|NW_017264940_1_prot_XP_018268862_1_5873;exonerate},{ev_type:exonerate/ID=match.2566964.391/Target=lcl|KQ954501_1_prot_KWU42756_1_4886;exonerate}
270853	270917	INTRON			{GeneMark_model.6358_t;GeneMark},{GlimmerHMM_glimmerT_5931-T1;GlimmerHMM},{Augustus_model.g4948.t1;Augustus},{ev_type:exonerate/ID=match.2566964.394/Target=lcl|BJWK01000017_1_prot_GEM11854_1_5871;exonerate},{ev_type:exonerate/ID=match.2566964.389/Target=lcl|PJQD01000047_1_prot_POY72781_1_4263;exonerate},{ev_type:exonerate/ID=match.2566964.396/Target=lcl|LCTV02000004_1_prot_PRQ75560_1_5249;exonerate},{ev_type:exonerate/ID=match.2566964.392/Target=lcl|NW_017264940_1_prot_XP_018268862_1_5873;exonerate},{ev_type:exonerate/ID=match.2566964.391/Target=lcl|KQ954501_1_prot_KWU42756_1_4886;exonerate}
270918	271037	terminal+	1	3	{GeneMark_model.6358_t;GeneMark},{GlimmerHMM_glimmerT_5931-T1;GlimmerHMM},{Augustus_model.g4948.t1;Augustus}

# EVM prediction: Mode:STANDARD S-ratio: 3.68 272912-274638 orient(-) score(5530.00) noncoding_equivalent(1502.25) raw_noncoding(1847.23) offset(344.98)
273480	272912	terminal-	5	6	{GlimmerHMM_glimmerT_5932-T1;GlimmerHMM}
273540	273481	INTRON			{Augustus_model.g4949.t1;Augustus},{GlimmerHMM_glimmerT_5932-T1;GlimmerHMM},{GeneMark_model.6359_t;GeneMark}
273974	273541	internal-	6	4	{GlimmerHMM_glimmerT_5932-T1;GlimmerHMM},{GeneMark_model.6359_t;GeneMark}
274048	273975	INTRON			{GeneMark_model.6359_t;GeneMark}
274414	274049	internal-	6	5	{GeneMark_model.6359_t;GeneMark}
274495	274415	INTRON			{Augustus_model.g4949.t1;Augustus},{GlimmerHMM_glimmerT_5932-T1;GlimmerHMM},{GeneMark_model.6359_t;GeneMark}
274638	274496	initial-	4	5	{Augustus_model.g4949.t1;Augustus},{GeneMark_model.6359_t;GeneMark}

# EVM prediction: Mode:STANDARD S-ratio: 2.21 275095-276886 orient(-) score(5543.00) noncoding_equivalent(2506.26) raw_noncoding(3151.92) offset(645.66)
275121	275095	terminal-	4	6	{GeneMark_model.6360_t;GeneMark},{Augustus_model.g4950.t1;Augustus}
275229	275122	INTRON			{GeneMark_model.6360_t;GeneMark},{Augustus_model.g4950.t1;Augustus}
275343	275230	internal-	4	6	{GeneMark_model.6360_t;GeneMark},{GlimmerHMM_glimmerT_5932-T1;GlimmerHMM},{Augustus_model.g4950.t1;Augustus}
275410	275344	INTRON			{GeneMark_model.6360_t;GeneMark},{GlimmerHMM_glimmerT_5932-T1;GlimmerHMM},{Augustus_model.g4950.t1;Augustus}
275468	275411	internal-	6	6	{GeneMark_model.6360_t;GeneMark},{GlimmerHMM_glimmerT_5932-T1;GlimmerHMM},{Augustus_model.g4950.t1;Augustus}
275536	275469	INTRON			{GeneMark_model.6360_t;GeneMark},{GlimmerHMM_glimmerT_5932-T1;GlimmerHMM},{Augustus_model.g4950.t1;Augustus}
275601	275537	internal-	4	5	{GeneMark_model.6360_t;GeneMark},{GlimmerHMM_glimmerT_5932-T1;GlimmerHMM},{Augustus_model.g4950.t1;Augustus}
275666	275602	INTRON			{GeneMark_model.6360_t;GeneMark},{GlimmerHMM_glimmerT_5932-T1;GlimmerHMM},{Augustus_model.g4950.t1;Augustus}
275972	275667	internal-	4	6	{GeneMark_model.6360_t;GeneMark},{GlimmerHMM_glimmerT_5932-T1;GlimmerHMM},{Augustus_model.g4950.t1;Augustus}
276056	275973	INTRON			{GeneMark_model.6360_t;GeneMark},{GlimmerHMM_glimmerT_5932-T1;GlimmerHMM},{Augustus_model.g4950.t1;Augustus}
276168	276057	internal-	6	6	{GeneMark_model.6360_t;GeneMark},{GlimmerHMM_glimmerT_5932-T1;GlimmerHMM},{Augustus_model.g4950.t1;Augustus}
276267	276169	INTRON			{GeneMark_model.6360_t;GeneMark},{GlimmerHMM_glimmerT_5932-T1;GlimmerHMM},{Augustus_model.g4950.t1;Augustus}
276742	276268	internal-	5	5	{GeneMark_model.6360_t;GeneMark},{GlimmerHMM_glimmerT_5932-T1;GlimmerHMM},{Augustus_model.g4950.t1;Augustus}
276813	276743	INTRON			{GeneMark_model.6360_t;GeneMark},{GlimmerHMM_glimmerT_5932-T1;GlimmerHMM},{Augustus_model.g4950.t1;Augustus}
276886	276814	initial-	4	4	{GeneMark_model.6360_t;GeneMark},{GlimmerHMM_glimmerT_5932-T1;GlimmerHMM}

# EVM prediction: Mode:STANDARD S-ratio: 4.31 277279-278756 orient(+) score(4798.00) noncoding_equivalent(1112.16) raw_noncoding(1514.00) offset(401.84)
277279	277612	initial+	1	1	{GlimmerHMM_glimmerT_5933-T1;GlimmerHMM},{Augustus_model.g4951.t1;Augustus},{GeneMark_model.6361_t;GeneMark}
277613	277679	INTRON			{Augustus_model.g4951.t1;Augustus},{GeneMark_model.6361_t;GeneMark}
277680	277830	internal+	2	2	{Augustus_model.g4951.t1;Augustus},{GeneMark_model.6361_t;GeneMark}
277831	277899	INTRON			{Augustus_model.g4951.t1;Augustus},{GeneMark_model.6361_t;GeneMark}
277900	277937	internal+	3	1	{Augustus_model.g4951.t1;Augustus},{GeneMark_model.6361_t;GeneMark}
277938	278001	INTRON			{Augustus_model.g4951.t1;Augustus},{GeneMark_model.6361_t;GeneMark}
278002	278756	terminal+	2	3	{GlimmerHMM_glimmerT_5933-T1;GlimmerHMM},{Augustus_model.g4951.t1;Augustus},{GeneMark_model.6361_t;GeneMark}

# EVM prediction: Mode:STANDARD S-ratio: 46.50 281884-283239 orient(+) score(5309.00) noncoding_equivalent(114.16) raw_noncoding(114.16) offset(0.00)
281884	283239	single+	1	3	{GeneMark_model.6363_t;GeneMark},{Augustus_model.g4952.t1;Augustus}

# EVM prediction: Mode:STANDARD S-ratio: 2.40 283540-285221 orient(+) score(4753.00) noncoding_equivalent(1980.57) raw_noncoding(3074.81) offset(1094.24)
283540	283604	initial+	1	2	{Augustus_model.g4953.t1;Augustus}
283605	283753	INTRON			{Augustus_model.g4953.t1;Augustus}
283754	284242	internal+	3	2	{Augustus_model.g4953.t1;Augustus},{GlimmerHMM_glimmerT_5934-T1;GlimmerHMM}
284243	284326	INTRON			{Augustus_model.g4953.t1;Augustus},{GeneMark_model.6364_t;GeneMark}
284327	284401	internal+	3	2	{Augustus_model.g4953.t1;Augustus},{GeneMark_model.6364_t;GeneMark}
284402	284484	INTRON			{Augustus_model.g4953.t1;Augustus},{GeneMark_model.6364_t;GeneMark}
284485	284505	internal+	3	2	{Augustus_model.g4953.t1;Augustus},{GeneMark_model.6364_t;GeneMark}
284506	284573	INTRON			{Augustus_model.g4953.t1;Augustus},{GeneMark_model.6364_t;GeneMark}
284574	284606	internal+	3	2	{Augustus_model.g4953.t1;Augustus},{GeneMark_model.6364_t;GeneMark}
284607	284673	INTRON			{Augustus_model.g4953.t1;Augustus},{GeneMark_model.6364_t;GeneMark}
284674	284743	internal+	3	3	{Augustus_model.g4953.t1;Augustus},{GlimmerHMM_glimmerT_5934-T1;GlimmerHMM},{GeneMark_model.6364_t;GeneMark}
284744	284812	INTRON			{Augustus_model.g4953.t1;Augustus},{GlimmerHMM_glimmerT_5934-T1;GlimmerHMM},{GeneMark_model.6364_t;GeneMark}
284813	284930	internal+	1	1	{Augustus_model.g4953.t1;Augustus},{GlimmerHMM_glimmerT_5934-T1;GlimmerHMM},{GeneMark_model.6364_t;GeneMark}
284931	285018	INTRON			{Augustus_model.g4953.t1;Augustus},{GlimmerHMM_glimmerT_5934-T1;GlimmerHMM},{GeneMark_model.6364_t;GeneMark}
285019	285221	terminal+	2	3	{Augustus_model.g4953.t1;Augustus},{GlimmerHMM_glimmerT_5934-T1;GlimmerHMM},{GeneMark_model.6364_t;GeneMark}

# EVM prediction: Mode:STANDARD S-ratio: 2.06 285419-287123 orient(-) score(4754.00) noncoding_equivalent(2311.66) raw_noncoding(3283.05) offset(971.39)
285559	285419	terminal-	4	6	{GlimmerHMM_glimmerT_5935-T1;GlimmerHMM},{Augustus_model.g4954.t1;Augustus},{GeneMark_model.6365_t;GeneMark}
285658	285560	INTRON			{GlimmerHMM_glimmerT_5935-T1;GlimmerHMM},{Augustus_model.g4954.t1;Augustus}
285953	285659	internal-	6	6	{GlimmerHMM_glimmerT_5935-T1;GlimmerHMM},{Augustus_model.g4954.t1;Augustus}
286019	285954	INTRON			{GlimmerHMM_glimmerT_5935-T1;GlimmerHMM},{Augustus_model.g4954.t1;Augustus},{GeneMark_model.6365_t;GeneMark}
286125	286020	internal-	5	5	{GlimmerHMM_glimmerT_5935-T1;GlimmerHMM},{Augustus_model.g4954.t1;Augustus},{GeneMark_model.6365_t;GeneMark}
286183	286126	INTRON			{Augustus_model.g4954.t1;Augustus},{GeneMark_model.6365_t;GeneMark}
286225	286184	internal-	5	4	{Augustus_model.g4954.t1;Augustus},{GeneMark_model.6365_t;GeneMark}
286292	286226	INTRON			{Augustus_model.g4954.t1;Augustus},{GeneMark_model.6365_t;GeneMark}
286604	286293	internal-	5	4	{GlimmerHMM_glimmerT_5935-T1;GlimmerHMM},{Augustus_model.g4954.t1;Augustus},{GeneMark_model.6365_t;GeneMark}
286669	286605	INTRON			{GlimmerHMM_glimmerT_5935-T1;GlimmerHMM},{Augustus_model.g4954.t1;Augustus},{GeneMark_model.6365_t;GeneMark}
286688	286670	internal-	4	4	{GlimmerHMM_glimmerT_5935-T1;GlimmerHMM},{Augustus_model.g4954.t1;Augustus},{GeneMark_model.6365_t;GeneMark}
286755	286689	INTRON			{Augustus_model.g4954.t1;Augustus},{GeneMark_model.6365_t;GeneMark}
286820	286756	internal-	5	6	{Augustus_model.g4954.t1;Augustus},{GeneMark_model.6365_t;GeneMark}
286897	286821	INTRON			{Augustus_model.g4954.t1;Augustus},{GeneMark_model.6365_t;GeneMark}
286911	286898	internal-	6	4	{Augustus_model.g4954.t1;Augustus},{GeneMark_model.6365_t;GeneMark}
286989	286912	INTRON			{Augustus_model.g4954.t1;Augustus},{GeneMark_model.6365_t;GeneMark}
287123	286990	initial-	4	5	{Augustus_model.g4954.t1;Augustus},{GeneMark_model.6365_t;GeneMark}

# EVM prediction: Mode:STANDARD S-ratio: 2.00 287500-288310 orient(+) score(2551.00) noncoding_equivalent(1273.77) raw_noncoding(1620.18) offset(346.42)
287500	287547	initial+	1	3	{Augustus_model.g4955.t1;Augustus},{GlimmerHMM_glimmerT_5936-T1;GlimmerHMM},{GeneMark_model.6366_t;GeneMark}
287548	287609	INTRON			{Augustus_model.g4955.t1;Augustus},{GlimmerHMM_glimmerT_5936-T1;GlimmerHMM},{GeneMark_model.6366_t;GeneMark}
287610	287700	internal+	1	1	{Augustus_model.g4955.t1;Augustus},{GlimmerHMM_glimmerT_5936-T1;GlimmerHMM},{GeneMark_model.6366_t;GeneMark}
287701	287807	INTRON			{Augustus_model.g4955.t1;Augustus},{snap_scaffold_17-snap.104-T1;snap},{GlimmerHMM_glimmerT_5936-T1;GlimmerHMM},{GeneMark_model.6366_t;GeneMark}
287808	288039	internal+	2	2	{Augustus_model.g4955.t1;Augustus},{GeneMark_model.6366_t;GeneMark}
288040	288125	INTRON			{Augustus_model.g4955.t1;Augustus},{GeneMark_model.6366_t;GeneMark}
288126	288174	internal+	3	3	{Augustus_model.g4955.t1;Augustus},{GeneMark_model.6366_t;GeneMark}
288175	288250	INTRON			{Augustus_model.g4955.t1;Augustus},{GeneMark_model.6366_t;GeneMark}
288251	288310	terminal+	1	3	{Augustus_model.g4955.t1;Augustus},{GlimmerHMM_glimmerT_5936-T1;GlimmerHMM},{GeneMark_model.6366_t;GeneMark}

# EVM prediction: Mode:STANDARD S-ratio: 4.77 288863-292189 orient(+) score(17668.00) noncoding_equivalent(3702.78) raw_noncoding(4464.00) offset(761.22)
288863	289231	initial+	1	3	{Augustus_model.g4956.t1;Augustus},{GeneMark_model.6367_t;GeneMark},{GlimmerHMM_glimmerT_5937-T1;GlimmerHMM}
289232	289299	INTRON			{Augustus_model.g4956.t1;Augustus},{GeneMark_model.6367_t;GeneMark},{GlimmerHMM_glimmerT_5937-T1;GlimmerHMM},{ev_type:exonerate/ID=match.2566964.1697/Target=lcl|PJQD01000043_1_prot_POY72970_1_4032;exonerate},{ev_type:exonerate/ID=match.2566964.1698/Target=lcl|KQ954494_1_prot_KWU43150_1_4476;exonerate}
289300	289530	internal+	1	3	{Augustus_model.g4956.t1;Augustus},{GeneMark_model.6367_t;GeneMark},{GlimmerHMM_glimmerT_5937-T1;GlimmerHMM},{ev_type:exonerate/ID=match.2566964.1697/Target=lcl|PJQD01000043_1_prot_POY72970_1_4032;exonerate},{ev_type:exonerate/ID=match.2566964.1698/Target=lcl|KQ954494_1_prot_KWU43150_1_4476;exonerate}
289531	289595	INTRON			{Augustus_model.g4956.t1;Augustus},{GeneMark_model.6367_t;GeneMark},{GlimmerHMM_glimmerT_5937-T1;GlimmerHMM},{ev_type:exonerate/ID=match.2566964.1697/Target=lcl|PJQD01000043_1_prot_POY72970_1_4032;exonerate},{ev_type:exonerate/ID=match.2566964.1698/Target=lcl|KQ954494_1_prot_KWU43150_1_4476;exonerate}
289596	289654	internal+	1	2	{Augustus_model.g4956.t1;Augustus},{GeneMark_model.6367_t;GeneMark},{GlimmerHMM_glimmerT_5937-T1;GlimmerHMM},{ev_type:exonerate/ID=match.2566964.1697/Target=lcl|PJQD01000043_1_prot_POY72970_1_4032;exonerate},{ev_type:exonerate/ID=match.2566964.1698/Target=lcl|KQ954494_1_prot_KWU43150_1_4476;exonerate}
289655	289722	INTRON			{Augustus_model.g4956.t1;Augustus},{GeneMark_model.6367_t;GeneMark},{GlimmerHMM_glimmerT_5937-T1;GlimmerHMM},{ev_type:exonerate/ID=match.2566964.1697/Target=lcl|PJQD01000043_1_prot_POY72970_1_4032;exonerate},{ev_type:exonerate/ID=match.2566964.1698/Target=lcl|KQ954494_1_prot_KWU43150_1_4476;exonerate}
289723	290170	internal+	3	3	{Augustus_model.g4956.t1;Augustus},{GeneMark_model.6367_t;GeneMark},{GlimmerHMM_glimmerT_5937-T1;GlimmerHMM},{ev_type:exonerate/ID=match.2566964.1697/Target=lcl|PJQD01000043_1_prot_POY72970_1_4032;exonerate},{ev_type:exonerate/ID=match.2566964.1698/Target=lcl|KQ954494_1_prot_KWU43150_1_4476;exonerate}
290171	290241	INTRON			{Augustus_model.g4956.t1;Augustus},{GeneMark_model.6367_t;GeneMark},{GlimmerHMM_glimmerT_5937-T1;GlimmerHMM},{ev_type:exonerate/ID=match.2566964.1697/Target=lcl|PJQD01000043_1_prot_POY72970_1_4032;exonerate},{ev_type:exonerate/ID=match.2566964.1698/Target=lcl|KQ954494_1_prot_KWU43150_1_4476;exonerate}
290242	290339	internal+	1	2	{Augustus_model.g4956.t1;Augustus},{GeneMark_model.6367_t;GeneMark},{GlimmerHMM_glimmerT_5937-T1;GlimmerHMM},{ev_type:exonerate/ID=match.2566964.1697/Target=lcl|PJQD01000043_1_prot_POY72970_1_4032;exonerate},{ev_type:exonerate/ID=match.2566964.1698/Target=lcl|KQ954494_1_prot_KWU43150_1_4476;exonerate}
290340	290418	INTRON			{Augustus_model.g4956.t1;Augustus},{GeneMark_model.6367_t;GeneMark},{GlimmerHMM_glimmerT_5937-T1;GlimmerHMM},{ev_type:exonerate/ID=match.2566964.1697/Target=lcl|PJQD01000043_1_prot_POY72970_1_4032;exonerate},{ev_type:exonerate/ID=match.2566964.1698/Target=lcl|KQ954494_1_prot_KWU43150_1_4476;exonerate}
290419	290693	internal+	3	1	{Augustus_model.g4956.t1;Augustus},{GeneMark_model.6367_t;GeneMark},{GlimmerHMM_glimmerT_5937-T1;GlimmerHMM},{ev_type:exonerate/ID=match.2566964.1697/Target=lcl|PJQD01000043_1_prot_POY72970_1_4032;exonerate},{ev_type:exonerate/ID=match.2566964.1698/Target=lcl|KQ954494_1_prot_KWU43150_1_4476;exonerate}
290694	290759	INTRON			{Augustus_model.g4956.t1;Augustus},{GeneMark_model.6367_t;GeneMark},{GlimmerHMM_glimmerT_5937-T1;GlimmerHMM},{ev_type:exonerate/ID=match.2566964.1697/Target=lcl|PJQD01000043_1_prot_POY72970_1_4032;exonerate},{ev_type:exonerate/ID=match.2566964.1698/Target=lcl|KQ954494_1_prot_KWU43150_1_4476;exonerate}
290760	291021	internal+	2	2	{Augustus_model.g4956.t1;Augustus},{GeneMark_model.6367_t;GeneMark},{ev_type:exonerate/ID=match.2566964.1697/Target=lcl|PJQD01000043_1_prot_POY72970_1_4032;exonerate},{ev_type:exonerate/ID=match.2566964.1698/Target=lcl|KQ954494_1_prot_KWU43150_1_4476;exonerate}
291022	291102	INTRON			{Augustus_model.g4956.t1;Augustus},{GeneMark_model.6367_t;GeneMark},{ev_type:exonerate/ID=match.2566964.1697/Target=lcl|PJQD01000043_1_prot_POY72970_1_4032;exonerate},{ev_type:exonerate/ID=match.2566964.1698/Target=lcl|KQ954494_1_prot_KWU43150_1_4476;exonerate}
291103	291176	internal+	3	1	{Augustus_model.g4956.t1;Augustus},{GeneMark_model.6367_t;GeneMark},{ev_type:exonerate/ID=match.2566964.1697/Target=lcl|PJQD01000043_1_prot_POY72970_1_4032;exonerate},{ev_type:exonerate/ID=match.2566964.1698/Target=lcl|KQ954494_1_prot_KWU43150_1_4476;exonerate}
291177	291249	INTRON			{Augustus_model.g4956.t1;Augustus},{GeneMark_model.6367_t;GeneMark},{ev_type:exonerate/ID=match.2566964.1697/Target=lcl|PJQD01000043_1_prot_POY72970_1_4032;exonerate},{ev_type:exonerate/ID=match.2566964.1698/Target=lcl|KQ954494_1_prot_KWU43150_1_4476;exonerate}
291250	291374	internal+	2	3	{Augustus_model.g4956.t1;Augustus},{GeneMark_model.6367_t;GeneMark},{GlimmerHMM_glimmerT_5937-T1;GlimmerHMM},{ev_type:exonerate/ID=match.2566964.1697/Target=lcl|PJQD01000043_1_prot_POY72970_1_4032;exonerate},{ev_type:exonerate/ID=match.2566964.1698/Target=lcl|KQ954494_1_prot_KWU43150_1_4476;exonerate}
291375	291450	INTRON			{Augustus_model.g4956.t1;Augustus},{GeneMark_model.6367_t;GeneMark},{GlimmerHMM_glimmerT_5937-T1;GlimmerHMM},{ev_type:exonerate/ID=match.2566964.1697/Target=lcl|PJQD01000043_1_prot_POY72970_1_4032;exonerate},{ev_type:exonerate/ID=match.2566964.1698/Target=lcl|KQ954494_1_prot_KWU43150_1_4476;exonerate}
291451	291573	internal+	1	3	{Augustus_model.g4956.t1;Augustus},{GeneMark_model.6367_t;GeneMark},{GlimmerHMM_glimmerT_5937-T1;GlimmerHMM},{ev_type:exonerate/ID=match.2566964.1697/Target=lcl|PJQD01000043_1_prot_POY72970_1_4032;exonerate},{ev_type:exonerate/ID=match.2566964.1698/Target=lcl|KQ954494_1_prot_KWU43150_1_4476;exonerate}
291574	291652	INTRON			{Augustus_model.g4956.t1;Augustus},{GeneMark_model.6367_t;GeneMark},{GlimmerHMM_glimmerT_5937-T1;GlimmerHMM},{ev_type:exonerate/ID=match.2566964.1697/Target=lcl|PJQD01000043_1_prot_POY72970_1_4032;exonerate},{ev_type:exonerate/ID=match.2566964.1698/Target=lcl|KQ954494_1_prot_KWU43150_1_4476;exonerate}
291653	291707	internal+	1	1	{Augustus_model.g4956.t1;Augustus},{GeneMark_model.6367_t;GeneMark},{GlimmerHMM_glimmerT_5937-T1;GlimmerHMM},{ev_type:exonerate/ID=match.2566964.1697/Target=lcl|PJQD01000043_1_prot_POY72970_1_4032;exonerate},{ev_type:exonerate/ID=match.2566964.1698/Target=lcl|KQ954494_1_prot_KWU43150_1_4476;exonerate}
291708	291797	INTRON			{Augustus_model.g4956.t1;Augustus},{GeneMark_model.6367_t;GeneMark},{GlimmerHMM_glimmerT_5937-T1;GlimmerHMM},{ev_type:exonerate/ID=match.2566964.1697/Target=lcl|PJQD01000043_1_prot_POY72970_1_4032;exonerate},{ev_type:exonerate/ID=match.2566964.1698/Target=lcl|KQ954494_1_prot_KWU43150_1_4476;exonerate}
291798	291823	internal+	2	3	{Augustus_model.g4956.t1;Augustus},{GeneMark_model.6367_t;GeneMark},{GlimmerHMM_glimmerT_5937-T1;GlimmerHMM}
291824	291897	INTRON			{Augustus_model.g4956.t1;Augustus},{GeneMark_model.6367_t;GeneMark},{GlimmerHMM_glimmerT_5937-T1;GlimmerHMM}
291898	291908	internal+	1	2	{Augustus_model.g4956.t1;Augustus},{GeneMark_model.6367_t;GeneMark},{GlimmerHMM_glimmerT_5937-T1;GlimmerHMM}
291909	291979	INTRON			{Augustus_model.g4956.t1;Augustus},{GeneMark_model.6367_t;GeneMark},{GlimmerHMM_glimmerT_5937-T1;GlimmerHMM}
291980	292038	internal+	3	1	{Augustus_model.g4956.t1;Augustus},{GeneMark_model.6367_t;GeneMark},{GlimmerHMM_glimmerT_5937-T1;GlimmerHMM},{ev_type:exonerate/ID=match.2566964.1697/Target=lcl|PJQD01000043_1_prot_POY72970_1_4032;exonerate},{ev_type:exonerate/ID=match.2566964.1698/Target=lcl|KQ954494_1_prot_KWU43150_1_4476;exonerate}
292039	292127	INTRON			{Augustus_model.g4956.t1;Augustus},{GeneMark_model.6367_t;GeneMark},{GlimmerHMM_glimmerT_5937-T1;GlimmerHMM},{ev_type:exonerate/ID=match.2566964.1697/Target=lcl|PJQD01000043_1_prot_POY72970_1_4032;exonerate},{ev_type:exonerate/ID=match.2566964.1698/Target=lcl|KQ954494_1_prot_KWU43150_1_4476;exonerate}
292128	292189	terminal+	2	3	{Augustus_model.g4956.t1;Augustus},{GeneMark_model.6367_t;GeneMark},{GlimmerHMM_glimmerT_5937-T1;GlimmerHMM}

# EVM prediction: Mode:STANDARD S-ratio: 5.93 292557-294220 orient(+) score(6590.00) noncoding_equivalent(1110.86) raw_noncoding(1264.33) offset(153.47)
292557	292745	initial+	1	3	{GlimmerHMM_glimmerT_5938-T1;GlimmerHMM},{GeneMark_model.6368_t;GeneMark},{Augustus_model.g4957.t1;Augustus}
292746	292826	INTRON			{GlimmerHMM_glimmerT_5938-T1;GlimmerHMM},{GeneMark_model.6368_t;GeneMark},{Augustus_model.g4957.t1;Augustus}
292827	292872	internal+	1	1	{GlimmerHMM_glimmerT_5938-T1;GlimmerHMM},{GeneMark_model.6368_t;GeneMark},{Augustus_model.g4957.t1;Augustus}
292873	292943	INTRON			{GlimmerHMM_glimmerT_5938-T1;GlimmerHMM},{GeneMark_model.6368_t;GeneMark},{Augustus_model.g4957.t1;Augustus}
292944	293184	internal+	2	2	{GlimmerHMM_glimmerT_5938-T1;GlimmerHMM},{GeneMark_model.6368_t;GeneMark},{Augustus_model.g4957.t1;Augustus}
293185	293263	INTRON			{GlimmerHMM_glimmerT_5938-T1;GlimmerHMM},{GeneMark_model.6368_t;GeneMark},{Augustus_model.g4957.t1;Augustus}
293264	293346	internal+	3	1	{GlimmerHMM_glimmerT_5938-T1;GlimmerHMM},{GeneMark_model.6368_t;GeneMark},{Augustus_model.g4957.t1;Augustus}
293347	293414	INTRON			{GlimmerHMM_glimmerT_5938-T1;GlimmerHMM},{GeneMark_model.6368_t;GeneMark},{Augustus_model.g4957.t1;Augustus}
293415	294220	terminal+	2	3	{GlimmerHMM_glimmerT_5938-T1;GlimmerHMM},{GeneMark_model.6368_t;GeneMark},{Augustus_model.g4957.t1;Augustus}

# EVM prediction: Mode:STANDARD S-ratio: 6.59 294660-298387 orient(+) score(20255.00) noncoding_equivalent(3073.20) raw_noncoding(3602.00) offset(528.80)
294660	295271	initial+	1	3	{GlimmerHMM_glimmerT_5939-T1;GlimmerHMM},{GeneMark_model.6369_t;GeneMark},{Augustus_model.g4958.t1;Augustus}
295272	295341	INTRON			{GlimmerHMM_glimmerT_5939-T1;GlimmerHMM},{GeneMark_model.6369_t;GeneMark},{Augustus_model.g4958.t1;Augustus},{ev_type:exonerate/ID=match.2566964.4435/Target=lcl|PJQD01000043_1_prot_POY72966_1_4028;exonerate},{ev_type:exonerate/ID=match.2566964.4436/Target=lcl|KQ954494_1_prot_KWU43165_1_4491;exonerate}
295342	296433	internal+	1	3	{GlimmerHMM_glimmerT_5939-T1;GlimmerHMM},{GeneMark_model.6369_t;GeneMark},{Augustus_model.g4958.t1;Augustus}
296434	296520	INTRON			{GlimmerHMM_glimmerT_5939-T1;GlimmerHMM},{GeneMark_model.6369_t;GeneMark},{Augustus_model.g4958.t1;Augustus},{ev_type:exonerate/ID=match.2566964.4435/Target=lcl|PJQD01000043_1_prot_POY72966_1_4028;exonerate},{ev_type:exonerate/ID=match.2566964.4436/Target=lcl|KQ954494_1_prot_KWU43165_1_4491;exonerate}
296521	296762	internal+	1	2	{GlimmerHMM_glimmerT_5939-T1;GlimmerHMM},{GeneMark_model.6369_t;GeneMark},{Augustus_model.g4958.t1;Augustus},{ev_type:exonerate/ID=match.2566964.4435/Target=lcl|PJQD01000043_1_prot_POY72966_1_4028;exonerate},{ev_type:exonerate/ID=match.2566964.4436/Target=lcl|KQ954494_1_prot_KWU43165_1_4491;exonerate}
296763	296827	INTRON			{GlimmerHMM_glimmerT_5939-T1;GlimmerHMM},{GeneMark_model.6369_t;GeneMark},{Augustus_model.g4958.t1;Augustus},{ev_type:exonerate/ID=match.2566964.4435/Target=lcl|PJQD01000043_1_prot_POY72966_1_4028;exonerate},{ev_type:exonerate/ID=match.2566964.4436/Target=lcl|KQ954494_1_prot_KWU43165_1_4491;exonerate}
296828	296909	internal+	3	3	{GeneMark_model.6369_t;GeneMark},{Augustus_model.g4958.t1;Augustus},{ev_type:exonerate/ID=match.2566964.4435/Target=lcl|PJQD01000043_1_prot_POY72966_1_4028;exonerate},{ev_type:exonerate/ID=match.2566964.4436/Target=lcl|KQ954494_1_prot_KWU43165_1_4491;exonerate}
296910	296978	INTRON			{GeneMark_model.6369_t;GeneMark},{Augustus_model.g4958.t1;Augustus},{ev_type:exonerate/ID=match.2566964.4435/Target=lcl|PJQD01000043_1_prot_POY72966_1_4028;exonerate},{ev_type:exonerate/ID=match.2566964.4436/Target=lcl|KQ954494_1_prot_KWU43165_1_4491;exonerate}
296979	297179	internal+	1	3	{GeneMark_model.6369_t;GeneMark},{Augustus_model.g4958.t1;Augustus},{ev_type:exonerate/ID=match.2566964.4435/Target=lcl|PJQD01000043_1_prot_POY72966_1_4028;exonerate},{ev_type:exonerate/ID=match.2566964.4436/Target=lcl|KQ954494_1_prot_KWU43165_1_4491;exonerate}
297180	297245	INTRON			{GlimmerHMM_glimmerT_5939-T1;GlimmerHMM},{GeneMark_model.6369_t;GeneMark},{Augustus_model.g4958.t1;Augustus},{ev_type:exonerate/ID=match.2566964.4435/Target=lcl|PJQD01000043_1_prot_POY72966_1_4028;exonerate},{ev_type:exonerate/ID=match.2566964.4436/Target=lcl|KQ954494_1_prot_KWU43165_1_4491;exonerate}
297246	297332	internal+	1	3	{GlimmerHMM_glimmerT_5939-T1;GlimmerHMM},{GeneMark_model.6369_t;GeneMark},{Augustus_model.g4958.t1;Augustus},{ev_type:exonerate/ID=match.2566964.4435/Target=lcl|PJQD01000043_1_prot_POY72966_1_4028;exonerate},{ev_type:exonerate/ID=match.2566964.4436/Target=lcl|KQ954494_1_prot_KWU43165_1_4491;exonerate}
297333	297422	INTRON			{GlimmerHMM_glimmerT_5939-T1;GlimmerHMM},{GeneMark_model.6369_t;GeneMark},{Augustus_model.g4958.t1;Augustus},{ev_type:exonerate/ID=match.2566964.4435/Target=lcl|PJQD01000043_1_prot_POY72966_1_4028;exonerate},{ev_type:exonerate/ID=match.2566964.4436/Target=lcl|KQ954494_1_prot_KWU43165_1_4491;exonerate}
297423	297608	internal+	1	3	{GlimmerHMM_glimmerT_5939-T1;GlimmerHMM},{GeneMark_model.6369_t;GeneMark},{Augustus_model.g4958.t1;Augustus},{ev_type:exonerate/ID=match.2566964.4435/Target=lcl|PJQD01000043_1_prot_POY72966_1_4028;exonerate},{ev_type:exonerate/ID=match.2566964.4436/Target=lcl|KQ954494_1_prot_KWU43165_1_4491;exonerate}
297609	297674	INTRON			{GlimmerHMM_glimmerT_5939-T1;GlimmerHMM},{GeneMark_model.6369_t;GeneMark},{Augustus_model.g4958.t1;Augustus},{ev_type:exonerate/ID=match.2566964.4435/Target=lcl|PJQD01000043_1_prot_POY72966_1_4028;exonerate},{ev_type:exonerate/ID=match.2566964.4436/Target=lcl|KQ954494_1_prot_KWU43165_1_4491;exonerate}
297675	297878	internal+	1	3	{GlimmerHMM_glimmerT_5939-T1;GlimmerHMM},{GeneMark_model.6369_t;GeneMark},{Augustus_model.g4958.t1;Augustus},{ev_type:exonerate/ID=match.2566964.4435/Target=lcl|PJQD01000043_1_prot_POY72966_1_4028;exonerate},{ev_type:exonerate/ID=match.2566964.4436/Target=lcl|KQ954494_1_prot_KWU43165_1_4491;exonerate}
297879	297945	INTRON			{GlimmerHMM_glimmerT_5939-T1;GlimmerHMM},{GeneMark_model.6369_t;GeneMark},{Augustus_model.g4958.t1;Augustus},{ev_type:exonerate/ID=match.2566964.4435/Target=lcl|PJQD01000043_1_prot_POY72966_1_4028;exonerate},{ev_type:exonerate/ID=match.2566964.4436/Target=lcl|KQ954494_1_prot_KWU43165_1_4491;exonerate}
297946	298017	internal+	1	3	{GlimmerHMM_glimmerT_5939-T1;GlimmerHMM},{GeneMark_model.6369_t;GeneMark},{Augustus_model.g4958.t1;Augustus},{ev_type:exonerate/ID=match.2566964.4435/Target=lcl|PJQD01000043_1_prot_POY72966_1_4028;exonerate},{ev_type:exonerate/ID=match.2566964.4436/Target=lcl|KQ954494_1_prot_KWU43165_1_4491;exonerate}
298018	298075	INTRON			{GlimmerHMM_glimmerT_5939-T1;GlimmerHMM},{GeneMark_model.6369_t;GeneMark},{Augustus_model.g4958.t1;Augustus},{ev_type:exonerate/ID=match.2566964.4435/Target=lcl|PJQD01000043_1_prot_POY72966_1_4028;exonerate},{ev_type:exonerate/ID=match.2566964.4436/Target=lcl|KQ954494_1_prot_KWU43165_1_4491;exonerate}
298076	298387	terminal+	1	3	{GlimmerHMM_glimmerT_5939-T1;GlimmerHMM},{snap_scaffold_17-snap.110-T1;snap},{GeneMark_model.6369_t;GeneMark},{Augustus_model.g4958.t1;Augustus}

# EVM prediction: Mode:STANDARD S-ratio: 3.80 299517-301264 orient(+) score(5933.00) noncoding_equivalent(1560.72) raw_noncoding(1793.00) offset(232.28)
299517	299690	initial+	1	3	{GlimmerHMM_glimmerT_5940-T1;GlimmerHMM}
299691	299758	INTRON			{Augustus_model.g4959.t1;Augustus},{GlimmerHMM_glimmerT_5940-T1;GlimmerHMM},{GeneMark_model.6370_t;GeneMark}
299759	300148	internal+	1	3	{Augustus_model.g4959.t1;Augustus},{GlimmerHMM_glimmerT_5940-T1;GlimmerHMM},{GeneMark_model.6370_t;GeneMark}
300149	300205	INTRON			{Augustus_model.g4959.t1;Augustus},{GlimmerHMM_glimmerT_5940-T1;GlimmerHMM},{GeneMark_model.6370_t;GeneMark}
300206	300613	internal+	1	3	{Augustus_model.g4959.t1;Augustus},{GlimmerHMM_glimmerT_5940-T1;GlimmerHMM},{GeneMark_model.6370_t;GeneMark}
300614	300671	INTRON			{Augustus_model.g4959.t1;Augustus},{GlimmerHMM_glimmerT_5940-T1;GlimmerHMM},{GeneMark_model.6370_t;GeneMark}
300672	300915	internal+	1	1	{Augustus_model.g4959.t1;Augustus},{GlimmerHMM_glimmerT_5940-T1;GlimmerHMM},{GeneMark_model.6370_t;GeneMark}
300916	300992	INTRON			{Augustus_model.g4959.t1;Augustus},{GlimmerHMM_glimmerT_5940-T1;GlimmerHMM},{GeneMark_model.6370_t;GeneMark}
300993	301264	terminal+	2	3	{Augustus_model.g4959.t1;Augustus},{GlimmerHMM_glimmerT_5940-T1;GlimmerHMM},{snap_scaffold_17-snap.112-T1;snap},{GeneMark_model.6370_t;GeneMark}

# EVM prediction: Mode:STANDARD S-ratio: 4.23 304322-306090 orient(-) score(7558.00) noncoding_equivalent(1788.43) raw_noncoding(2201.00) offset(412.57)
304822	304322	terminal-	4	6	{Augustus_model.g4960.t1;Augustus},{GlimmerHMM_glimmerT_5941-T1;GlimmerHMM},{GeneMark_model.6372_t;GeneMark}
304885	304823	INTRON			{Augustus_model.g4960.t1;Augustus},{GlimmerHMM_glimmerT_5941-T1;GlimmerHMM},{GeneMark_model.6372_t;GeneMark},{ev_type:exonerate/ID=match.2566964.4442/Target=lcl|KQ954494_1_prot_KWU43163_1_4489;exonerate}
304973	304886	internal-	6	6	{Augustus_model.g4960.t1;Augustus},{GlimmerHMM_glimmerT_5941-T1;GlimmerHMM},{GeneMark_model.6372_t;GeneMark},{ev_type:exonerate/ID=match.2566964.4442/Target=lcl|KQ954494_1_prot_KWU43163_1_4489;exonerate}
305050	304974	INTRON			{Augustus_model.g4960.t1;Augustus},{GlimmerHMM_glimmerT_5941-T1;GlimmerHMM},{GeneMark_model.6372_t;GeneMark},{ev_type:exonerate/ID=match.2566964.4442/Target=lcl|KQ954494_1_prot_KWU43163_1_4489;exonerate}
305084	305051	internal-	5	5	{Augustus_model.g4960.t1;Augustus},{GlimmerHMM_glimmerT_5941-T1;GlimmerHMM},{GeneMark_model.6372_t;GeneMark},{ev_type:exonerate/ID=match.2566964.4442/Target=lcl|KQ954494_1_prot_KWU43163_1_4489;exonerate}
305151	305085	INTRON			{Augustus_model.g4960.t1;Augustus},{GlimmerHMM_glimmerT_5941-T1;GlimmerHMM},{GeneMark_model.6372_t;GeneMark},{ev_type:exonerate/ID=match.2566964.4442/Target=lcl|KQ954494_1_prot_KWU43163_1_4489;exonerate}
305318	305152	internal-	6	4	{Augustus_model.g4960.t1;Augustus},{GlimmerHMM_glimmerT_5941-T1;GlimmerHMM},{GeneMark_model.6372_t;GeneMark},{ev_type:exonerate/ID=match.2566964.4442/Target=lcl|KQ954494_1_prot_KWU43163_1_4489;exonerate}
305381	305319	INTRON			{Augustus_model.g4960.t1;Augustus},{GlimmerHMM_glimmerT_5941-T1;GlimmerHMM},{GeneMark_model.6372_t;GeneMark},{ev_type:exonerate/ID=match.2566964.4442/Target=lcl|KQ954494_1_prot_KWU43163_1_4489;exonerate}
305617	305382	internal-	4	5	{Augustus_model.g4960.t1;Augustus},{GlimmerHMM_glimmerT_5941-T1;GlimmerHMM},{GeneMark_model.6372_t;GeneMark},{ev_type:exonerate/ID=match.2566964.4442/Target=lcl|KQ954494_1_prot_KWU43163_1_4489;exonerate}
305698	305618	INTRON			{Augustus_model.g4960.t1;Augustus},{GlimmerHMM_glimmerT_5941-T1;GlimmerHMM},{GeneMark_model.6372_t;GeneMark},{ev_type:exonerate/ID=match.2566964.4442/Target=lcl|KQ954494_1_prot_KWU43163_1_4489;exonerate}
305729	305699	internal-	6	6	{Augustus_model.g4960.t1;Augustus},{GlimmerHMM_glimmerT_5941-T1;GlimmerHMM},{GeneMark_model.6372_t;GeneMark},{ev_type:exonerate/ID=match.2566964.4442/Target=lcl|KQ954494_1_prot_KWU43163_1_4489;exonerate}
305788	305730	INTRON			{Augustus_model.g4960.t1;Augustus},{GeneMark_model.6372_t;GeneMark},{ev_type:exonerate/ID=match.2566964.4442/Target=lcl|KQ954494_1_prot_KWU43163_1_4489;exonerate}
306090	305789	initial-	4	5	{Augustus_model.g4960.t1;Augustus},{GeneMark_model.6372_t;GeneMark}

# EVM prediction: Mode:STANDARD S-ratio: 2.09 307504-309093 orient(+) score(5000.00) noncoding_equivalent(2394.00) raw_noncoding(2880.00) offset(486.00)
307504	307670	initial+	1	2	{Augustus_model.g4961.t1;Augustus},{GeneMark_model.6373_t;GeneMark},{GlimmerHMM_glimmerT_5942-T1;GlimmerHMM}
307671	307748	INTRON			{Augustus_model.g4961.t1;Augustus},{GeneMark_model.6373_t;GeneMark},{GlimmerHMM_glimmerT_5942-T1;GlimmerHMM}
307749	307881	internal+	3	3	{Augustus_model.g4961.t1;Augustus},{GeneMark_model.6373_t;GeneMark},{GlimmerHMM_glimmerT_5942-T1;GlimmerHMM}
307882	307951	INTRON			{Augustus_model.g4961.t1;Augustus},{GeneMark_model.6373_t;GeneMark},{GlimmerHMM_glimmerT_5942-T1;GlimmerHMM}
307952	308169	internal+	1	2	{Augustus_model.g4961.t1;Augustus},{GeneMark_model.6373_t;GeneMark},{GlimmerHMM_glimmerT_5942-T1;GlimmerHMM}
308170	308267	INTRON			{Augustus_model.g4961.t1;Augustus},{GeneMark_model.6373_t;GeneMark},{GlimmerHMM_glimmerT_5942-T1;GlimmerHMM}
308268	308413	internal+	3	1	{Augustus_model.g4961.t1;Augustus},{GeneMark_model.6373_t;GeneMark},{GlimmerHMM_glimmerT_5942-T1;GlimmerHMM}
308414	308511	INTRON			{Augustus_model.g4961.t1;Augustus},{GeneMark_model.6373_t;GeneMark},{GlimmerHMM_glimmerT_5942-T1;GlimmerHMM}
308512	308679	internal+	2	1	{Augustus_model.g4961.t1;Augustus},{GeneMark_model.6373_t;GeneMark},{GlimmerHMM_glimmerT_5942-T1;GlimmerHMM}
308680	308797	INTRON			{Augustus_model.g4961.t1;Augustus},{GeneMark_model.6373_t;GeneMark},{GlimmerHMM_glimmerT_5942-T1;GlimmerHMM}
308798	308980	internal+	2	1	{Augustus_model.g4961.t1;Augustus},{GeneMark_model.6373_t;GeneMark},{GlimmerHMM_glimmerT_5942-T1;GlimmerHMM}
308981	309049	INTRON			{Augustus_model.g4961.t1;Augustus},{GeneMark_model.6373_t;GeneMark},{GlimmerHMM_glimmerT_5942-T1;GlimmerHMM}
309050	309093	terminal+	2	3	{Augustus_model.g4961.t1;Augustus},{GeneMark_model.6373_t;GeneMark},{GlimmerHMM_glimmerT_5942-T1;GlimmerHMM}

# EVM prediction: Mode:STANDARD S-ratio: 9.97 309887-313807 orient(+) score(14733.00) noncoding_equivalent(1477.00) raw_noncoding(1599.00) offset(122.00)
309887	310860	initial+	1	2	{Augustus_model.g4962.t1;Augustus}
310861	310933	INTRON			{Augustus_model.g4962.t1;Augustus},{GeneMark_model.6374_t;GeneMark},{GlimmerHMM_glimmerT_5943-T1;GlimmerHMM}
310934	312450	internal+	3	1	{Augustus_model.g4962.t1;Augustus},{GeneMark_model.6374_t;GeneMark},{GlimmerHMM_glimmerT_5943-T1;GlimmerHMM}
312451	312523	INTRON			{Augustus_model.g4962.t1;Augustus},{GeneMark_model.6374_t;GeneMark},{GlimmerHMM_glimmerT_5943-T1;GlimmerHMM}
312524	312642	internal+	2	3	{Augustus_model.g4962.t1;Augustus},{GeneMark_model.6374_t;GeneMark},{GlimmerHMM_glimmerT_5943-T1;GlimmerHMM}
312643	312706	INTRON			{Augustus_model.g4962.t1;Augustus},{GeneMark_model.6374_t;GeneMark},{GlimmerHMM_glimmerT_5943-T1;GlimmerHMM}
312707	313537	internal+	1	3	{Augustus_model.g4962.t1;Augustus},{GeneMark_model.6374_t;GeneMark},{GlimmerHMM_glimmerT_5943-T1;GlimmerHMM}
313538	313600	INTRON			{Augustus_model.g4962.t1;Augustus},{GeneMark_model.6374_t;GeneMark},{GlimmerHMM_glimmerT_5943-T1;GlimmerHMM}
313601	313807	terminal+	1	3	{Augustus_model.g4962.t1;Augustus},{GeneMark_model.6374_t;GeneMark},{GlimmerHMM_glimmerT_5943-T1;GlimmerHMM}

# EVM prediction: Mode:STANDARD S-ratio: 1.62 314187-316035 orient(+) score(5333.00) noncoding_equivalent(3293.00) raw_noncoding(4120.00) offset(827.00)
314187	314442	initial+	1	1	{Augustus_model.g4963.t1;Augustus},{GeneMark_model.6375_t;GeneMark},{GlimmerHMM_glimmerT_5944-T1;GlimmerHMM}
314443	314577	INTRON			{Augustus_model.g4963.t1;Augustus},{GeneMark_model.6375_t;GeneMark},{GlimmerHMM_glimmerT_5944-T1;GlimmerHMM}
314578	314784	internal+	2	1	{Augustus_model.g4963.t1;Augustus},{GeneMark_model.6375_t;GeneMark},{GlimmerHMM_glimmerT_5944-T1;GlimmerHMM}
314785	314898	INTRON			{Augustus_model.g4963.t1;Augustus},{GeneMark_model.6375_t;GeneMark},{GlimmerHMM_glimmerT_5944-T1;GlimmerHMM}
314899	315032	internal+	2	3	{Augustus_model.g4963.t1;Augustus},{GeneMark_model.6375_t;GeneMark},{GlimmerHMM_glimmerT_5944-T1;GlimmerHMM}
315033	315116	INTRON			{Augustus_model.g4963.t1;Augustus},{GeneMark_model.6375_t;GeneMark},{GlimmerHMM_glimmerT_5944-T1;GlimmerHMM}
315117	315215	internal+	1	3	{Augustus_model.g4963.t1;Augustus},{GeneMark_model.6375_t;GeneMark},{GlimmerHMM_glimmerT_5944-T1;GlimmerHMM}
315216	315286	INTRON			{Augustus_model.g4963.t1;Augustus},{GeneMark_model.6375_t;GeneMark},{GlimmerHMM_glimmerT_5944-T1;GlimmerHMM}
315287	315329	internal+	1	1	{Augustus_model.g4963.t1;Augustus},{GeneMark_model.6375_t;GeneMark},{GlimmerHMM_glimmerT_5944-T1;GlimmerHMM}
315330	315442	INTRON			{Augustus_model.g4963.t1;Augustus},{GeneMark_model.6375_t;GeneMark},{GlimmerHMM_glimmerT_5944-T1;GlimmerHMM}
315443	315631	internal+	2	1	{Augustus_model.g4963.t1;Augustus},{GeneMark_model.6375_t;GeneMark},{GlimmerHMM_glimmerT_5944-T1;GlimmerHMM}
315632	315741	INTRON			{Augustus_model.g4963.t1;Augustus},{GeneMark_model.6375_t;GeneMark},{GlimmerHMM_glimmerT_5944-T1;GlimmerHMM}
315742	315821	internal+	2	3	{Augustus_model.g4963.t1;Augustus},{GeneMark_model.6375_t;GeneMark},{GlimmerHMM_glimmerT_5944-T1;GlimmerHMM}
315822	315915	INTRON			{GeneMark_model.6375_t;GeneMark},{GlimmerHMM_glimmerT_5944-T1;GlimmerHMM}
315916	316035	terminal+	1	3	{GeneMark_model.6375_t;GeneMark},{GlimmerHMM_glimmerT_5944-T1;GlimmerHMM}

# EVM prediction: Mode:STANDARD S-ratio: 2.31 316680-317487 orient(-) score(2862.00) noncoding_equivalent(1237.31) raw_noncoding(1765.00) offset(527.69)
316694	316680	terminal-	4	6	{GlimmerHMM_glimmerT_5945-T1;GlimmerHMM},{GeneMark_model.6376_t;GeneMark},{Augustus_model.g4964.t1;Augustus}
316780	316695	INTRON			{GlimmerHMM_glimmerT_5945-T1;GlimmerHMM},{GeneMark_model.6376_t;GeneMark},{Augustus_model.g4964.t1;Augustus}
317134	316781	internal-	4	6	{GlimmerHMM_glimmerT_5945-T1;GlimmerHMM},{Augustus_model.g4964.t1;Augustus}
317352	317135	INTRON			{GlimmerHMM_glimmerT_5945-T1;GlimmerHMM},{Augustus_model.g4964.t1;Augustus},{ev_type:exonerate/ID=match.2566964.4462/Target=lcl|PJQD01000043_1_prot_POY72958_1_4020;exonerate}
317487	317353	initial-	4	6	{GlimmerHMM_glimmerT_5945-T1;GlimmerHMM},{GeneMark_model.6376_t;GeneMark}

# EVM prediction: Mode:STANDARD S-ratio: 1.94 318664-320931 orient(+) score(6795.00) noncoding_equivalent(3508.43) raw_noncoding(4644.00) offset(1135.57)
318664	318789	initial+	1	3	{GeneMark_model.6377_t;GeneMark},{Augustus_model.g4965.t1;Augustus},{GlimmerHMM_glimmerT_5946-T1;GlimmerHMM}
318790	318994	INTRON			{GeneMark_model.6377_t;GeneMark},{Augustus_model.g4965.t1;Augustus},{GlimmerHMM_glimmerT_5946-T1;GlimmerHMM}
318995	319080	internal+	1	2	{GeneMark_model.6377_t;GeneMark},{Augustus_model.g4965.t1;Augustus},{GlimmerHMM_glimmerT_5946-T1;GlimmerHMM}
319081	319160	INTRON			{GeneMark_model.6377_t;GeneMark},{Augustus_model.g4965.t1;Augustus},{GlimmerHMM_glimmerT_5946-T1;GlimmerHMM}
319161	319500	internal+	3	3	{GeneMark_model.6377_t;GeneMark},{Augustus_model.g4965.t1;Augustus},{GlimmerHMM_glimmerT_5946-T1;GlimmerHMM}
319501	319582	INTRON			{GeneMark_model.6377_t;GeneMark},{Augustus_model.g4965.t1;Augustus},{GlimmerHMM_glimmerT_5946-T1;GlimmerHMM}
319583	319702	internal+	1	3	{GeneMark_model.6377_t;GeneMark},{Augustus_model.g4965.t1;Augustus},{GlimmerHMM_glimmerT_5946-T1;GlimmerHMM}
319703	319772	INTRON			{GeneMark_model.6377_t;GeneMark},{Augustus_model.g4965.t1;Augustus}
319773	319785	internal+	1	1	{GeneMark_model.6377_t;GeneMark},{Augustus_model.g4965.t1;Augustus}
319786	319872	INTRON			{GeneMark_model.6377_t;GeneMark},{Augustus_model.g4965.t1;Augustus}
319873	319990	internal+	2	2	{GeneMark_model.6377_t;GeneMark},{Augustus_model.g4965.t1;Augustus}
319991	320091	INTRON			{GeneMark_model.6377_t;GeneMark},{Augustus_model.g4965.t1;Augustus},{GlimmerHMM_glimmerT_5946-T1;GlimmerHMM}
320092	320192	internal+	3	1	{GeneMark_model.6377_t;GeneMark},{Augustus_model.g4965.t1;Augustus},{GlimmerHMM_glimmerT_5946-T1;GlimmerHMM}
320193	320287	INTRON			{GeneMark_model.6377_t;GeneMark},{Augustus_model.g4965.t1;Augustus}
320288	320329	internal+	2	1	{GeneMark_model.6377_t;GeneMark},{Augustus_model.g4965.t1;Augustus}
320330	320402	INTRON			{GeneMark_model.6377_t;GeneMark},{Augustus_model.g4965.t1;Augustus}
320403	320520	internal+	2	2	{GeneMark_model.6377_t;GeneMark},{Augustus_model.g4965.t1;Augustus},{GlimmerHMM_glimmerT_5946-T1;GlimmerHMM}
320521	320597	INTRON			{GeneMark_model.6377_t;GeneMark},{Augustus_model.g4965.t1;Augustus},{GlimmerHMM_glimmerT_5946-T1;GlimmerHMM}
320598	320695	internal+	3	1	{GeneMark_model.6377_t;GeneMark},{Augustus_model.g4965.t1;Augustus},{GlimmerHMM_glimmerT_5946-T1;GlimmerHMM}
320696	320782	INTRON			{GeneMark_model.6377_t;GeneMark},{Augustus_model.g4965.t1;Augustus},{GlimmerHMM_glimmerT_5946-T1;GlimmerHMM}
320783	320931	terminal+	2	3	{GeneMark_model.6377_t;GeneMark},{Augustus_model.g4965.t1;Augustus},{GlimmerHMM_glimmerT_5946-T1;GlimmerHMM}

# EVM prediction: Mode:STANDARD S-ratio: 6.19 321082-322331 orient(-) score(4302.00) noncoding_equivalent(695.09) raw_noncoding(971.00) offset(275.91)
321933	321082	terminal-	4	6	{GlimmerHMM_glimmerT_5947-T1;GlimmerHMM},{Augustus_model.g4966.t1;Augustus},{GeneMark_model.6378_t;GeneMark}
322000	321934	INTRON			{Augustus_model.g4966.t1;Augustus},{GeneMark_model.6378_t;GeneMark}
322066	322001	internal-	4	6	{Augustus_model.g4966.t1;Augustus},{GeneMark_model.6378_t;GeneMark}
322139	322067	INTRON			{Augustus_model.g4966.t1;Augustus},{GeneMark_model.6378_t;GeneMark}
322331	322140	initial-	4	6	{GlimmerHMM_glimmerT_5947-T1;GlimmerHMM}

# EVM prediction: Mode:STANDARD S-ratio: 2.87 323039-325316 orient(-) score(9427.00) noncoding_equivalent(3279.71) raw_noncoding(4023.15) offset(743.43)
323316	323039	terminal-	5	6	{GeneMark_model.6379_t;GeneMark},{Augustus_model.g4967.t1;Augustus},{GlimmerHMM_glimmerT_5948-T1;GlimmerHMM}
323389	323317	INTRON			{GeneMark_model.6379_t;GeneMark},{Augustus_model.g4967.t1;Augustus},{GlimmerHMM_glimmerT_5948-T1;GlimmerHMM},{ev_type:exonerate/ID=match.2566964.4452/Target=lcl|KQ954494_1_prot_KWU43154_1_4480;exonerate}
323534	323390	internal-	4	4	{GeneMark_model.6379_t;GeneMark},{Augustus_model.g4967.t1;Augustus},{GlimmerHMM_glimmerT_5948-T1;GlimmerHMM},{ev_type:exonerate/ID=match.2566964.4452/Target=lcl|KQ954494_1_prot_KWU43154_1_4480;exonerate}
323880	323535	INTRON			{GeneMark_model.6379_t;GeneMark},{Augustus_model.g4967.t1;Augustus},{GlimmerHMM_glimmerT_5948-T1;GlimmerHMM},{ev_type:exonerate/ID=match.2566964.4452/Target=lcl|KQ954494_1_prot_KWU43154_1_4480;exonerate}
324110	323881	internal-	5	6	{GeneMark_model.6379_t;GeneMark},{Augustus_model.g4967.t1;Augustus},{GlimmerHMM_glimmerT_5948-T1;GlimmerHMM},{ev_type:exonerate/ID=match.2566964.4452/Target=lcl|KQ954494_1_prot_KWU43154_1_4480;exonerate}
324190	324111	INTRON			{GeneMark_model.6379_t;GeneMark},{Augustus_model.g4967.t1;Augustus},{GlimmerHMM_glimmerT_5948-T1;GlimmerHMM},{ev_type:exonerate/ID=match.2566964.4452/Target=lcl|KQ954494_1_prot_KWU43154_1_4480;exonerate}
324308	324191	internal-	4	4	{GeneMark_model.6379_t;GeneMark},{Augustus_model.g4967.t1;Augustus},{GlimmerHMM_glimmerT_5948-T1;GlimmerHMM},{ev_type:exonerate/ID=match.2566964.4452/Target=lcl|KQ954494_1_prot_KWU43154_1_4480;exonerate}
324380	324309	INTRON			{GeneMark_model.6379_t;GeneMark},{Augustus_model.g4967.t1;Augustus},{GlimmerHMM_glimmerT_5948-T1;GlimmerHMM},{ev_type:exonerate/ID=match.2566964.4452/Target=lcl|KQ954494_1_prot_KWU43154_1_4480;exonerate}
324537	324381	internal-	6	6	{GeneMark_model.6379_t;GeneMark},{Augustus_model.g4967.t1;Augustus},{GlimmerHMM_glimmerT_5948-T1;GlimmerHMM},{ev_type:exonerate/ID=match.2566964.4452/Target=lcl|KQ954494_1_prot_KWU43154_1_4480;exonerate}
324611	324538	INTRON			{GeneMark_model.6379_t;GeneMark},{Augustus_model.g4967.t1;Augustus},{GlimmerHMM_glimmerT_5948-T1;GlimmerHMM},{ev_type:exonerate/ID=match.2566964.4452/Target=lcl|KQ954494_1_prot_KWU43154_1_4480;exonerate}
324733	324612	internal-	4	5	{GeneMark_model.6379_t;GeneMark},{Augustus_model.g4967.t1;Augustus},{GlimmerHMM_glimmerT_5948-T1;GlimmerHMM},{ev_type:exonerate/ID=match.2566964.4452/Target=lcl|KQ954494_1_prot_KWU43154_1_4480;exonerate}
324804	324734	INTRON			{GeneMark_model.6379_t;GeneMark},{Augustus_model.g4967.t1;Augustus},{GlimmerHMM_glimmerT_5948-T1;GlimmerHMM},{ev_type:exonerate/ID=match.2566964.4452/Target=lcl|KQ954494_1_prot_KWU43154_1_4480;exonerate}
324857	324805	internal-	5	6	{GeneMark_model.6379_t;GeneMark},{Augustus_model.g4967.t1;Augustus},{GlimmerHMM_glimmerT_5948-T1;GlimmerHMM},{ev_type:exonerate/ID=match.2566964.4452/Target=lcl|KQ954494_1_prot_KWU43154_1_4480;exonerate}
324928	324858	INTRON			{GeneMark_model.6379_t;GeneMark},{Augustus_model.g4967.t1;Augustus},{GlimmerHMM_glimmerT_5948-T1;GlimmerHMM},{ev_type:exonerate/ID=match.2566964.4452/Target=lcl|KQ954494_1_prot_KWU43154_1_4480;exonerate}
325316	324929	initial-	4	4	{GeneMark_model.6379_t;GeneMark}

# EVM prediction: Mode:STANDARD S-ratio: 3.26 325877-326915 orient(-) score(3546.00) noncoding_equivalent(1088.02) raw_noncoding(1291.36) offset(203.33)
326234	325877	terminal-	6	6	{GeneMark_model.6380_t;GeneMark},{Augustus_model.g4968.t1;Augustus}
326300	326235	INTRON			{GlimmerHMM_glimmerT_5948-T1;GlimmerHMM},{GeneMark_model.6380_t;GeneMark},{Augustus_model.g4968.t1;Augustus}
326734	326301	internal-	4	5	{GlimmerHMM_glimmerT_5948-T1;GlimmerHMM},{GeneMark_model.6380_t;GeneMark},{Augustus_model.g4968.t1;Augustus}
326912	326735	INTRON			{GlimmerHMM_glimmerT_5948-T1;GlimmerHMM},{GeneMark_model.6380_t;GeneMark},{Augustus_model.g4968.t1;Augustus}
326915	326913	initial-	4	6	{GlimmerHMM_glimmerT_5948-T1;GlimmerHMM},{GeneMark_model.6380_t;GeneMark},{Augustus_model.g4968.t1;Augustus}

# EVM prediction: Mode:STANDARD S-ratio: 4.08 328800-332124 orient(-) score(14299.00) noncoding_equivalent(3502.36) raw_noncoding(4138.05) offset(635.69)
328819	328800	terminal-	5	6	{GeneMark_model.6381_t;GeneMark},{Augustus_model.g4969.t1;Augustus}
328893	328820	INTRON			{GeneMark_model.6381_t;GeneMark},{Augustus_model.g4969.t1;Augustus}
329242	328894	internal-	4	4	{GeneMark_model.6381_t;GeneMark},{Augustus_model.g4969.t1;Augustus}
329302	329243	INTRON			{GlimmerHMM_glimmerT_5949-T1;GlimmerHMM},{GeneMark_model.6381_t;GeneMark},{Augustus_model.g4969.t1;Augustus},{ev_type:exonerate/ID=match.2566964.4439/Target=lcl|PJQD01000043_1_prot_POY72982_1_4044;exonerate}
329378	329303	internal-	6	6	{GlimmerHMM_glimmerT_5949-T1;GlimmerHMM},{GeneMark_model.6381_t;GeneMark},{Augustus_model.g4969.t1;Augustus},{ev_type:exonerate/ID=match.2566964.4439/Target=lcl|PJQD01000043_1_prot_POY72982_1_4044;exonerate}
329451	329379	INTRON			{GlimmerHMM_glimmerT_5949-T1;GlimmerHMM},{GeneMark_model.6381_t;GeneMark},{Augustus_model.g4969.t1;Augustus},{ev_type:exonerate/ID=match.2566964.4439/Target=lcl|PJQD01000043_1_prot_POY72982_1_4044;exonerate}
330001	329452	internal-	5	5	{GlimmerHMM_glimmerT_5949-T1;GlimmerHMM},{GeneMark_model.6381_t;GeneMark},{Augustus_model.g4969.t1;Augustus},{ev_type:exonerate/ID=match.2566964.4439/Target=lcl|PJQD01000043_1_prot_POY72982_1_4044;exonerate}
330069	330002	INTRON			{GlimmerHMM_glimmerT_5949-T1;GlimmerHMM},{GeneMark_model.6381_t;GeneMark},{Augustus_model.g4969.t1;Augustus},{ev_type:exonerate/ID=match.2566964.4439/Target=lcl|PJQD01000043_1_prot_POY72982_1_4044;exonerate}
330588	330070	internal-	5	4	{GlimmerHMM_glimmerT_5949-T1;GlimmerHMM},{GeneMark_model.6381_t;GeneMark},{Augustus_model.g4969.t1;Augustus},{ev_type:exonerate/ID=match.2566964.4439/Target=lcl|PJQD01000043_1_prot_POY72982_1_4044;exonerate}
330656	330589	INTRON			{GlimmerHMM_glimmerT_5949-T1;GlimmerHMM},{GeneMark_model.6381_t;GeneMark},{Augustus_model.g4969.t1;Augustus},{ev_type:exonerate/ID=match.2566964.4439/Target=lcl|PJQD01000043_1_prot_POY72982_1_4044;exonerate}
331379	330657	internal-	5	4	{GlimmerHMM_glimmerT_5949-T1;GlimmerHMM},{GeneMark_model.6381_t;GeneMark},{Augustus_model.g4969.t1;Augustus},{ev_type:exonerate/ID=match.2566964.4439/Target=lcl|PJQD01000043_1_prot_POY72982_1_4044;exonerate}
331460	331380	INTRON			{GlimmerHMM_glimmerT_5949-T1;GlimmerHMM},{GeneMark_model.6381_t;GeneMark},{Augustus_model.g4969.t1;Augustus},{ev_type:exonerate/ID=match.2566964.4439/Target=lcl|PJQD01000043_1_prot_POY72982_1_4044;exonerate}
331643	331461	internal-	5	4	{GlimmerHMM_glimmerT_5949-T1;GlimmerHMM},{GeneMark_model.6381_t;GeneMark},{Augustus_model.g4969.t1;Augustus},{ev_type:exonerate/ID=match.2566964.4439/Target=lcl|PJQD01000043_1_prot_POY72982_1_4044;exonerate}
331961	331644	INTRON			{GlimmerHMM_glimmerT_5949-T1;GlimmerHMM},{GeneMark_model.6381_t;GeneMark},{Augustus_model.g4969.t1;Augustus},{ev_type:exonerate/ID=match.2566964.4439/Target=lcl|PJQD01000043_1_prot_POY72982_1_4044;exonerate}
332124	331962	initial-	4	4	{GlimmerHMM_glimmerT_5949-T1;GlimmerHMM},{GeneMark_model.6381_t;GeneMark},{Augustus_model.g4969.t1;Augustus}

# EVM prediction: Mode:STANDARD S-ratio: 5.26 332749-343718 orient(-) score(38025.00) noncoding_equivalent(7231.66) raw_noncoding(8726.34) offset(1494.68)
332967	332749	terminal-	4	6	{GeneMark_model.6382_t;GeneMark},{Augustus_model.g4970.t1;Augustus},{GlimmerHMM_glimmerT_5950-T1;GlimmerHMM}
333039	332968	INTRON			{GeneMark_model.6382_t;GeneMark},{Augustus_model.g4970.t1;Augustus},{GlimmerHMM_glimmerT_5950-T1;GlimmerHMM}
333567	333040	internal-	4	6	{GeneMark_model.6382_t;GeneMark},{Augustus_model.g4970.t1;Augustus},{GlimmerHMM_glimmerT_5950-T1;GlimmerHMM}
333631	333568	INTRON			{GeneMark_model.6382_t;GeneMark},{Augustus_model.g4970.t1;Augustus},{GlimmerHMM_glimmerT_5950-T1;GlimmerHMM}
333971	333632	internal-	6	6	{GeneMark_model.6382_t;GeneMark},{Augustus_model.g4970.t1;Augustus},{GlimmerHMM_glimmerT_5950-T1;GlimmerHMM}
334032	333972	INTRON			{GeneMark_model.6382_t;GeneMark},{Augustus_model.g4970.t1;Augustus},{GlimmerHMM_glimmerT_5950-T1;GlimmerHMM}
334188	334033	internal-	6	5	{GeneMark_model.6382_t;GeneMark},{Augustus_model.g4970.t1;Augustus},{GlimmerHMM_glimmerT_5950-T1;GlimmerHMM}
334252	334189	INTRON			{GeneMark_model.6382_t;GeneMark},{Augustus_model.g4970.t1;Augustus},{GlimmerHMM_glimmerT_5950-T1;GlimmerHMM}
336041	334253	internal-	5	5	{GeneMark_model.6382_t;GeneMark},{Augustus_model.g4970.t1;Augustus},{GlimmerHMM_glimmerT_5950-T1;GlimmerHMM}
336102	336042	INTRON			{GeneMark_model.6382_t;GeneMark},{Augustus_model.g4970.t1;Augustus},{GlimmerHMM_glimmerT_5950-T1;GlimmerHMM}
337841	336103	internal-	6	4	{GeneMark_model.6382_t;GeneMark},{Augustus_model.g4970.t1;Augustus},{GlimmerHMM_glimmerT_5950-T1;GlimmerHMM}
337907	337842	INTRON			{GeneMark_model.6382_t;GeneMark},{Augustus_model.g4970.t1;Augustus},{GlimmerHMM_glimmerT_5950-T1;GlimmerHMM}
340009	337908	internal-	4	5	{GlimmerHMM_glimmerT_5950-T1;GlimmerHMM}
340116	340010	INTRON			{GeneMark_model.6382_t;GeneMark},{Augustus_model.g4970.t1;Augustus},{GlimmerHMM_glimmerT_5950-T1;GlimmerHMM}
340188	340117	internal-	4	6	{GeneMark_model.6382_t;GeneMark},{Augustus_model.g4970.t1;Augustus},{GlimmerHMM_glimmerT_5950-T1;GlimmerHMM}
340331	340189	INTRON			{GeneMark_model.6382_t;GeneMark},{GlimmerHMM_glimmerT_5950-T1;GlimmerHMM}
340606	340332	internal-	5	6	{GeneMark_model.6382_t;GeneMark},{GlimmerHMM_glimmerT_5950-T1;GlimmerHMM}
340834	340607	INTRON			{GlimmerHMM_glimmerT_5950-T1;GlimmerHMM}
341267	340835	internal-	4	4	{GlimmerHMM_glimmerT_5950-T1;GlimmerHMM}
341336	341268	INTRON			{GeneMark_model.6382_t;GeneMark},{Augustus_model.g4970.t1;Augustus},{GlimmerHMM_glimmerT_5950-T1;GlimmerHMM}
341566	341337	internal-	5	6	{GeneMark_model.6382_t;GeneMark},{Augustus_model.g4970.t1;Augustus},{GlimmerHMM_glimmerT_5950-T1;GlimmerHMM}
341641	341567	INTRON			{GeneMark_model.6382_t;GeneMark},{Augustus_model.g4970.t1;Augustus},{GlimmerHMM_glimmerT_5950-T1;GlimmerHMM}
342071	341642	internal-	4	4	{GeneMark_model.6382_t;GeneMark},{Augustus_model.g4970.t1;Augustus},{GlimmerHMM_glimmerT_5950-T1;GlimmerHMM}
342136	342072	INTRON			{GeneMark_model.6382_t;GeneMark},{Augustus_model.g4970.t1;Augustus},{GlimmerHMM_glimmerT_5950-T1;GlimmerHMM}
342637	342137	internal-	4	6	{GeneMark_model.6382_t;GeneMark},{Augustus_model.g4970.t1;Augustus},{GlimmerHMM_glimmerT_5950-T1;GlimmerHMM}
342698	342638	INTRON			{GeneMark_model.6382_t;GeneMark},{Augustus_model.g4970.t1;Augustus},{GlimmerHMM_glimmerT_5950-T1;GlimmerHMM}
343718	342699	initial-	4	6	{GeneMark_model.6382_t;GeneMark},{GlimmerHMM_glimmerT_5950-T1;GlimmerHMM}

# EVM prediction: Mode:STANDARD S-ratio: 1.73 345411-346594 orient(-) score(3548.00) noncoding_equivalent(2052.00) raw_noncoding(2508.00) offset(456.00)
345757	345411	terminal-	5	6	{GeneMark_model.6384_t;GeneMark},{GlimmerHMM_glimmerT_5952-T1;GlimmerHMM}
345839	345758	INTRON			{GeneMark_model.6384_t;GeneMark},{Augustus_model.g4970.t1;Augustus},{GlimmerHMM_glimmerT_5952-T1;GlimmerHMM}
345939	345840	internal-	4	4	{GeneMark_model.6384_t;GeneMark},{Augustus_model.g4970.t1;Augustus},{GlimmerHMM_glimmerT_5952-T1;GlimmerHMM}
346045	345940	INTRON			{GeneMark_model.6384_t;GeneMark},{Augustus_model.g4970.t1;Augustus},{GlimmerHMM_glimmerT_5952-T1;GlimmerHMM}
346145	346046	internal-	6	6	{GeneMark_model.6384_t;GeneMark},{Augustus_model.g4970.t1;Augustus},{GlimmerHMM_glimmerT_5952-T1;GlimmerHMM}
346223	346146	INTRON			{GeneMark_model.6384_t;GeneMark},{Augustus_model.g4970.t1;Augustus},{GlimmerHMM_glimmerT_5952-T1;GlimmerHMM}
346373	346224	internal-	6	5	{GeneMark_model.6384_t;GeneMark},{Augustus_model.g4970.t1;Augustus},{GlimmerHMM_glimmerT_5952-T1;GlimmerHMM}
346547	346374	INTRON			{GeneMark_model.6384_t;GeneMark},{Augustus_model.g4970.t1;Augustus},{GlimmerHMM_glimmerT_5952-T1;GlimmerHMM}
346594	346548	initial-	4	5	{GeneMark_model.6384_t;GeneMark},{Augustus_model.g4970.t1;Augustus},{GlimmerHMM_glimmerT_5952-T1;GlimmerHMM}

# EVM prediction: Mode:STANDARD S-ratio: 2.94 347633-349493 orient(+) score(6093.00) noncoding_equivalent(2073.19) raw_noncoding(2709.57) offset(636.39)
347633	347640	initial+	1	2	{GeneMark_model.6385_t;GeneMark},{snap_scaffold_17-snap.131-T1;snap}
347641	347912	INTRON			{GeneMark_model.6385_t;GeneMark},{snap_scaffold_17-snap.131-T1;snap}
347913	348384	internal+	3	3	{GeneMark_model.6385_t;GeneMark},{Augustus_model.g4971.t1;Augustus}
348385	348472	INTRON			{GeneMark_model.6385_t;GeneMark},{GlimmerHMM_glimmerT_5953-T1;GlimmerHMM},{Augustus_model.g4971.t1;Augustus}
348473	348600	internal+	1	2	{GeneMark_model.6385_t;GeneMark},{GlimmerHMM_glimmerT_5953-T1;GlimmerHMM},{Augustus_model.g4971.t1;Augustus}
348601	348673	INTRON			{GeneMark_model.6385_t;GeneMark},{GlimmerHMM_glimmerT_5953-T1;GlimmerHMM},{Augustus_model.g4971.t1;Augustus}
348674	348799	internal+	3	2	{GeneMark_model.6385_t;GeneMark},{GlimmerHMM_glimmerT_5953-T1;GlimmerHMM},{Augustus_model.g4971.t1;Augustus}
348800	348863	INTRON			{GeneMark_model.6385_t;GeneMark},{GlimmerHMM_glimmerT_5953-T1;GlimmerHMM},{Augustus_model.g4971.t1;Augustus}
348864	349169	internal+	3	2	{GeneMark_model.6385_t;GeneMark},{GlimmerHMM_glimmerT_5953-T1;GlimmerHMM},{Augustus_model.g4971.t1;Augustus}
349170	349243	INTRON			{GeneMark_model.6385_t;GeneMark},{GlimmerHMM_glimmerT_5953-T1;GlimmerHMM},{Augustus_model.g4971.t1;Augustus},{snap_scaffold_17-snap.132-T1;snap}
349244	349493	terminal+	3	3	{GeneMark_model.6385_t;GeneMark},{GlimmerHMM_glimmerT_5953-T1;GlimmerHMM},{Augustus_model.g4971.t1;Augustus},{snap_scaffold_17-snap.132-T1;snap}

# EVM prediction: Mode:STANDARD S-ratio: 4.73 350138-354185 orient(+) score(13242.00) noncoding_equivalent(2802.05) raw_noncoding(3490.00) offset(687.95)
350138	352210	initial+	1	3	{Augustus_model.g4972.t1;Augustus},{GeneMark_model.6386_t;GeneMark},{GlimmerHMM_glimmerT_5954-T1;GlimmerHMM}
352211	352332	INTRON			{Augustus_model.g4972.t1;Augustus},{GlimmerHMM_glimmerT_5954-T1;GlimmerHMM}
352333	352531	internal+	1	1	{Augustus_model.g4972.t1;Augustus}
352532	352607	INTRON			{Augustus_model.g4972.t1;Augustus}
352608	352989	internal+	2	2	{Augustus_model.g4972.t1;Augustus}
352990	353046	INTRON			{Augustus_model.g4972.t1;Augustus},{GlimmerHMM_glimmerT_5954-T1;GlimmerHMM}
353047	353627	internal+	3	1	{Augustus_model.g4972.t1;Augustus},{GlimmerHMM_glimmerT_5954-T1;GlimmerHMM}
353628	353689	INTRON			{Augustus_model.g4972.t1;Augustus},{GeneMark_model.6387_t;GeneMark},{GlimmerHMM_glimmerT_5954-T1;GlimmerHMM}
353690	353800	internal+	2	1	{Augustus_model.g4972.t1;Augustus},{GeneMark_model.6387_t;GeneMark}
353801	353862	INTRON			{Augustus_model.g4972.t1;Augustus},{GeneMark_model.6387_t;GeneMark}
353863	353936	internal+	2	3	{GeneMark_model.6387_t;GeneMark}
353937	353993	INTRON			{GeneMark_model.6387_t;GeneMark}
353994	354185	terminal+	1	3	{GeneMark_model.6387_t;GeneMark},{GlimmerHMM_glimmerT_5954-T1;GlimmerHMM}

# EVM prediction: Mode:STANDARD S-ratio: 2.97 354759-355298 orient(-) score(3210.00) noncoding_equivalent(1080.00) raw_noncoding(1422.00) offset(342.00)
354884	354759	terminal-	4	6	{GeneMark_model.6388_t;GeneMark},{GlimmerHMM_glimmerT_5955-T1;GlimmerHMM},{HiQ_model.g4973.t1;HiQ}
354952	354885	INTRON			{GeneMark_model.6388_t;GeneMark},{GlimmerHMM_glimmerT_5955-T1;GlimmerHMM},{HiQ_model.g4973.t1;HiQ},{ev_type:exonerate/ID=match.2566964.4466/Target=lcl|KQ954517_1_prot_KWU42059_1_5580;exonerate},{ev_type:exonerate/ID=match.2566964.4464/Target=lcl|PJQD01000043_1_prot_POY72993_1_4055;exonerate}
355163	354953	internal-	6	6	{GeneMark_model.6388_t;GeneMark},{GlimmerHMM_glimmerT_5955-T1;GlimmerHMM},{HiQ_model.g4973.t1;HiQ},{ev_type:exonerate/ID=match.2566964.4466/Target=lcl|KQ954517_1_prot_KWU42059_1_5580;exonerate},{ev_type:exonerate/ID=match.2566964.4464/Target=lcl|PJQD01000043_1_prot_POY72993_1_4055;exonerate}
355266	355164	INTRON			{GeneMark_model.6388_t;GeneMark},{GlimmerHMM_glimmerT_5955-T1;GlimmerHMM},{HiQ_model.g4973.t1;HiQ},{ev_type:exonerate/ID=match.2566964.4466/Target=lcl|KQ954517_1_prot_KWU42059_1_5580;exonerate},{ev_type:exonerate/ID=match.2566964.4464/Target=lcl|PJQD01000043_1_prot_POY72993_1_4055;exonerate}
355298	355267	initial-	4	5	{GeneMark_model.6388_t;GeneMark},{GlimmerHMM_glimmerT_5955-T1;GlimmerHMM},{HiQ_model.g4973.t1;HiQ}

# EVM prediction: Mode:STANDARD S-ratio: 2.04 356134-357150 orient(+) score(2951.00) noncoding_equivalent(1447.00) raw_noncoding(1788.00) offset(341.00)
356134	356191	initial+	1	1	{GeneMark_model.6389_t;GeneMark},{GlimmerHMM_glimmerT_5956-T1;GlimmerHMM}
356192	356291	INTRON			{GeneMark_model.6389_t;GeneMark},{GlimmerHMM_glimmerT_5956-T1;GlimmerHMM}
356292	356672	internal+	2	1	{Augustus_model.g4974.t1;Augustus},{GeneMark_model.6389_t;GeneMark},{GlimmerHMM_glimmerT_5956-T1;GlimmerHMM}
356673	356759	INTRON			{Augustus_model.g4974.t1;Augustus},{GeneMark_model.6389_t;GeneMark},{GlimmerHMM_glimmerT_5956-T1;GlimmerHMM}
356760	356812	internal+	2	3	{Augustus_model.g4974.t1;Augustus},{GeneMark_model.6389_t;GeneMark},{GlimmerHMM_glimmerT_5956-T1;GlimmerHMM}
356813	356895	INTRON			{Augustus_model.g4974.t1;Augustus},{GeneMark_model.6389_t;GeneMark},{GlimmerHMM_glimmerT_5956-T1;GlimmerHMM}
356896	357150	terminal+	1	3	{Augustus_model.g4974.t1;Augustus},{GeneMark_model.6389_t;GeneMark},{GlimmerHMM_glimmerT_5956-T1;GlimmerHMM}

# EVM prediction: Mode:STANDARD S-ratio: 4.88 357535-359194 orient(-) score(5880.00) noncoding_equivalent(1204.93) raw_noncoding(1446.32) offset(241.39)
358441	357535	terminal-	6	6	{Augustus_model.g4975.t1;Augustus},{GeneMark_model.6390_t;GeneMark},{GlimmerHMM_glimmerT_5957-T1;GlimmerHMM}
358540	358442	INTRON			{Augustus_model.g4975.t1;Augustus},{GeneMark_model.6390_t;GeneMark},{GlimmerHMM_glimmerT_5957-T1;GlimmerHMM}
358568	358541	internal-	5	5	{Augustus_model.g4975.t1;Augustus},{GeneMark_model.6390_t;GeneMark},{GlimmerHMM_glimmerT_5957-T1;GlimmerHMM}
358639	358569	INTRON			{Augustus_model.g4975.t1;Augustus},{GeneMark_model.6390_t;GeneMark},{GlimmerHMM_glimmerT_5957-T1;GlimmerHMM}
358687	358640	internal-	5	4	{Augustus_model.g4975.t1;Augustus},{GeneMark_model.6390_t;GeneMark},{GlimmerHMM_glimmerT_5957-T1;GlimmerHMM}
358746	358688	INTRON			{Augustus_model.g4975.t1;Augustus},{GeneMark_model.6390_t;GeneMark},{GlimmerHMM_glimmerT_5957-T1;GlimmerHMM}
359194	358747	initial-	4	4	{Augustus_model.g4975.t1;Augustus},{GeneMark_model.6390_t;GeneMark},{GlimmerHMM_glimmerT_5957-T1;GlimmerHMM}

# EVM prediction: Mode:STANDARD S-ratio: 2.02 359545-360244 orient(+) score(2100.00) noncoding_equivalent(1042.08) raw_noncoding(1228.08) offset(186.00)
359545	359614	initial+	1	1	{GeneMark_model.6391_t;GeneMark},{GlimmerHMM_glimmerT_5958-T1;GlimmerHMM},{Augustus_model.g4976.t1;Augustus}
359615	359674	INTRON			{GeneMark_model.6391_t;GeneMark},{GlimmerHMM_glimmerT_5958-T1;GlimmerHMM},{Augustus_model.g4976.t1;Augustus}
359675	359934	internal+	2	3	{GeneMark_model.6391_t;GeneMark},{GlimmerHMM_glimmerT_5958-T1;GlimmerHMM},{Augustus_model.g4976.t1;Augustus}
359935	360052	INTRON			{GeneMark_model.6391_t;GeneMark},{GlimmerHMM_glimmerT_5958-T1;GlimmerHMM},{Augustus_model.g4976.t1;Augustus}
360053	360244	terminal+	1	3	{GeneMark_model.6391_t;GeneMark},{GlimmerHMM_glimmerT_5958-T1;GlimmerHMM},{Augustus_model.g4976.t1;Augustus}

# EVM prediction: Mode:STANDARD S-ratio: 3.14 360527-362560 orient(-) score(6566.00) noncoding_equivalent(2088.27) raw_noncoding(2368.00) offset(279.73)
361511	360527	terminal-	6	6	{Augustus_model.g4977.t1;Augustus},{GlimmerHMM_glimmerT_5959-T1;GlimmerHMM},{GeneMark_model.6392_t;GeneMark}
361576	361512	INTRON			{Augustus_model.g4977.t1;Augustus},{GlimmerHMM_glimmerT_5959-T1;GlimmerHMM},{GeneMark_model.6392_t;GeneMark}
362025	361577	internal-	4	5	{Augustus_model.g4977.t1;Augustus},{GlimmerHMM_glimmerT_5959-T1;GlimmerHMM},{GeneMark_model.6392_t;GeneMark}
362166	362026	INTRON			{Augustus_model.g4977.t1;Augustus},{GlimmerHMM_glimmerT_5959-T1;GlimmerHMM},{GeneMark_model.6392_t;GeneMark}
362327	362167	internal-	5	6	{Augustus_model.g4977.t1;Augustus},{GlimmerHMM_glimmerT_5959-T1;GlimmerHMM},{GeneMark_model.6392_t;GeneMark}
362391	362328	INTRON			{Augustus_model.g4977.t1;Augustus},{GlimmerHMM_glimmerT_5959-T1;GlimmerHMM},{GeneMark_model.6392_t;GeneMark}
362560	362392	initial-	4	4	{Augustus_model.g4977.t1;Augustus},{GlimmerHMM_glimmerT_5959-T1;GlimmerHMM},{GeneMark_model.6392_t;GeneMark}

# EVM prediction: Mode:STANDARD S-ratio: 1.95 362921-365181 orient(+) score(7094.00) noncoding_equivalent(3633.03) raw_noncoding(4466.00) offset(832.97)
362921	362992	initial+	1	3	{GlimmerHMM_glimmerT_5960-T1;GlimmerHMM},{Augustus_model.g4978.t1;Augustus},{GeneMark_model.6393_t;GeneMark}
362993	363133	INTRON			{GlimmerHMM_glimmerT_5960-T1;GlimmerHMM},{Augustus_model.g4978.t1;Augustus},{GeneMark_model.6393_t;GeneMark}
363134	363229	internal+	1	3	{GlimmerHMM_glimmerT_5960-T1;GlimmerHMM},{Augustus_model.g4978.t1;Augustus},{GeneMark_model.6393_t;GeneMark}
363230	363327	INTRON			{GlimmerHMM_glimmerT_5960-T1;GlimmerHMM},{Augustus_model.g4978.t1;Augustus},{GeneMark_model.6393_t;GeneMark}
363328	363430	internal+	1	1	{GlimmerHMM_glimmerT_5960-T1;GlimmerHMM},{Augustus_model.g4978.t1;Augustus},{GeneMark_model.6393_t;GeneMark}
363431	363519	INTRON			{GlimmerHMM_glimmerT_5960-T1;GlimmerHMM},{Augustus_model.g4978.t1;Augustus},{GeneMark_model.6393_t;GeneMark}
363520	363583	internal+	2	2	{GlimmerHMM_glimmerT_5960-T1;GlimmerHMM},{Augustus_model.g4978.t1;Augustus},{GeneMark_model.6393_t;GeneMark}
363584	363658	INTRON			{GlimmerHMM_glimmerT_5960-T1;GlimmerHMM},{Augustus_model.g4978.t1;Augustus},{GeneMark_model.6393_t;GeneMark}
363659	363789	internal+	3	1	{GlimmerHMM_glimmerT_5960-T1;GlimmerHMM},{Augustus_model.g4978.t1;Augustus},{GeneMark_model.6393_t;GeneMark}
363790	363854	INTRON			{GlimmerHMM_glimmerT_5960-T1;GlimmerHMM},{Augustus_model.g4978.t1;Augustus},{GeneMark_model.6393_t;GeneMark}
363855	364074	internal+	2	2	{GlimmerHMM_glimmerT_5960-T1;GlimmerHMM},{Augustus_model.g4978.t1;Augustus},{GeneMark_model.6393_t;GeneMark}
364075	364143	INTRON			{GlimmerHMM_glimmerT_5960-T1;GlimmerHMM},{Augustus_model.g4978.t1;Augustus},{GeneMark_model.6393_t;GeneMark}
364144	364251	internal+	3	2	{GlimmerHMM_glimmerT_5960-T1;GlimmerHMM},{Augustus_model.g4978.t1;Augustus},{GeneMark_model.6393_t;GeneMark}
364252	364318	INTRON			{GlimmerHMM_glimmerT_5960-T1;GlimmerHMM},{Augustus_model.g4978.t1;Augustus},{GeneMark_model.6393_t;GeneMark}
364319	364573	internal+	3	2	{GlimmerHMM_glimmerT_5960-T1;GlimmerHMM},{Augustus_model.g4978.t1;Augustus},{GeneMark_model.6393_t;GeneMark}
364574	364645	INTRON			{GlimmerHMM_glimmerT_5960-T1;GlimmerHMM},{Augustus_model.g4978.t1;Augustus},{GeneMark_model.6393_t;GeneMark}
364646	364771	internal+	3	2	{GlimmerHMM_glimmerT_5960-T1;GlimmerHMM},{Augustus_model.g4978.t1;Augustus},{GeneMark_model.6393_t;GeneMark}
364772	364862	INTRON			{GlimmerHMM_glimmerT_5960-T1;GlimmerHMM},{Augustus_model.g4978.t1;Augustus},{GeneMark_model.6393_t;GeneMark}
364863	364964	internal+	3	2	{GlimmerHMM_glimmerT_5960-T1;GlimmerHMM},{Augustus_model.g4978.t1;Augustus},{GeneMark_model.6393_t;GeneMark}
364965	365060	INTRON			{GlimmerHMM_glimmerT_5960-T1;GlimmerHMM},{Augustus_model.g4978.t1;Augustus},{GeneMark_model.6393_t;GeneMark}
365061	365181	terminal+	3	3	{GlimmerHMM_glimmerT_5960-T1;GlimmerHMM},{Augustus_model.g4978.t1;Augustus},{GeneMark_model.6393_t;GeneMark}

# EVM prediction: Mode:STANDARD S-ratio: 2.28 365671-367927 orient(-) score(6768.00) noncoding_equivalent(2973.54) raw_noncoding(3724.00) offset(750.46)
365696	365671	terminal-	5	6	{GlimmerHMM_glimmerT_5961-T1;GlimmerHMM},{Augustus_model.g4979.t1;Augustus},{GeneMark_model.6394_t;GeneMark}
365771	365697	INTRON			{GlimmerHMM_glimmerT_5961-T1;GlimmerHMM},{Augustus_model.g4979.t1;Augustus},{GeneMark_model.6394_t;GeneMark}
365919	365772	internal-	4	4	{GlimmerHMM_glimmerT_5961-T1;GlimmerHMM},{Augustus_model.g4979.t1;Augustus},{GeneMark_model.6394_t;GeneMark}
365986	365920	INTRON			{GlimmerHMM_glimmerT_5961-T1;GlimmerHMM},{Augustus_model.g4979.t1;Augustus},{GeneMark_model.6394_t;GeneMark}
366358	365987	internal-	4	6	{GlimmerHMM_glimmerT_5961-T1;GlimmerHMM},{Augustus_model.g4979.t1;Augustus},{GeneMark_model.6394_t;GeneMark}
366419	366359	INTRON			{GlimmerHMM_glimmerT_5961-T1;GlimmerHMM},{Augustus_model.g4979.t1;Augustus},{GeneMark_model.6394_t;GeneMark}
366663	366420	internal-	6	6	{GlimmerHMM_glimmerT_5961-T1;GlimmerHMM},{Augustus_model.g4979.t1;Augustus},{GeneMark_model.6394_t;GeneMark}
366737	366664	INTRON			{GlimmerHMM_glimmerT_5961-T1;GlimmerHMM},{Augustus_model.g4979.t1;Augustus},{GeneMark_model.6394_t;GeneMark}
366929	366738	internal-	6	5	{GlimmerHMM_glimmerT_5961-T1;GlimmerHMM},{Augustus_model.g4979.t1;Augustus},{GeneMark_model.6394_t;GeneMark}
367019	366930	INTRON			{GlimmerHMM_glimmerT_5961-T1;GlimmerHMM},{Augustus_model.g4979.t1;Augustus},{GeneMark_model.6394_t;GeneMark}
367549	367020	internal-	4	5	{GlimmerHMM_glimmerT_5961-T1;GlimmerHMM},{GeneMark_model.6394_t;GeneMark}
367753	367550	INTRON			{GlimmerHMM_glimmerT_5961-T1;GlimmerHMM},{GeneMark_model.6394_t;GeneMark}
367927	367754	initial-	4	6	{GlimmerHMM_glimmerT_5961-T1;GlimmerHMM},{GeneMark_model.6394_t;GeneMark}

# EVM prediction: Mode:STANDARD S-ratio: 7.39 369723-371967 orient(-) score(15271.00) noncoding_equivalent(2065.83) raw_noncoding(2531.53) offset(465.70)
369935	369723	terminal-	4	6	{GlimmerHMM_glimmerT_5962-T1;GlimmerHMM}
369997	369936	INTRON			{GeneMark_model.6395_t;GeneMark},{Augustus_model.g4980.t1;Augustus},{GlimmerHMM_glimmerT_5962-T1;GlimmerHMM}
370011	369998	internal-	5	6	{GeneMark_model.6395_t;GeneMark},{Augustus_model.g4980.t1;Augustus},{GlimmerHMM_glimmerT_5962-T1;GlimmerHMM}
370091	370012	INTRON			{GeneMark_model.6395_t;GeneMark},{Augustus_model.g4980.t1;Augustus},{GlimmerHMM_glimmerT_5962-T1;GlimmerHMM}
371322	370092	internal-	4	4	{GeneMark_model.6395_t;GeneMark},{Augustus_model.g4980.t1;Augustus},{GlimmerHMM_glimmerT_5962-T1;GlimmerHMM},{ev_type:exonerate/ID=match.2566964.4445/Target=lcl|PJQD01000138_1_prot_POY70272_1_832;exonerate},{ev_type:exonerate/ID=match.2566964.4450/Target=lcl|LCTV02000004_1_prot_PRQ75703_1_5392;exonerate},{ev_type:exonerate/ID=match.2566964.4444/Target=lcl|KQ954517_1_prot_KWU42072_1_5593;exonerate},{ev_type:exonerate/ID=match.2566964.4456/Target=lcl|NW_017264940_1_prot_XP_018268847_1_5858;exonerate}
371410	371323	INTRON			{GeneMark_model.6395_t;GeneMark},{Augustus_model.g4980.t1;Augustus},{GlimmerHMM_glimmerT_5962-T1;GlimmerHMM},{ev_type:exonerate/ID=match.2566964.4445/Target=lcl|PJQD01000138_1_prot_POY70272_1_832;exonerate},{ev_type:exonerate/ID=match.2566964.4450/Target=lcl|LCTV02000004_1_prot_PRQ75703_1_5392;exonerate},{ev_type:exonerate/ID=match.2566964.4444/Target=lcl|KQ954517_1_prot_KWU42072_1_5593;exonerate},{ev_type:exonerate/ID=match.2566964.4456/Target=lcl|NW_017264940_1_prot_XP_018268847_1_5858;exonerate}
371547	371411	internal-	5	6	{GeneMark_model.6395_t;GeneMark},{Augustus_model.g4980.t1;Augustus},{GlimmerHMM_glimmerT_5962-T1;GlimmerHMM},{ev_type:exonerate/ID=match.2566964.4445/Target=lcl|PJQD01000138_1_prot_POY70272_1_832;exonerate},{ev_type:exonerate/ID=match.2566964.4450/Target=lcl|LCTV02000004_1_prot_PRQ75703_1_5392;exonerate},{ev_type:exonerate/ID=match.2566964.4444/Target=lcl|KQ954517_1_prot_KWU42072_1_5593;exonerate},{ev_type:exonerate/ID=match.2566964.4456/Target=lcl|NW_017264940_1_prot_XP_018268847_1_5858;exonerate}
371732	371548	INTRON			{GeneMark_model.6395_t;GeneMark},{Augustus_model.g4980.t1;Augustus},{GlimmerHMM_glimmerT_5962-T1;GlimmerHMM},{ev_type:exonerate/ID=match.2566964.4445/Target=lcl|PJQD01000138_1_prot_POY70272_1_832;exonerate},{ev_type:exonerate/ID=match.2566964.4450/Target=lcl|LCTV02000004_1_prot_PRQ75703_1_5392;exonerate},{ev_type:exonerate/ID=match.2566964.4444/Target=lcl|KQ954517_1_prot_KWU42072_1_5593;exonerate},{ev_type:exonerate/ID=match.2566964.4456/Target=lcl|NW_017264940_1_prot_XP_018268847_1_5858;exonerate}
371779	371733	internal-	6	4	{GeneMark_model.6395_t;GeneMark},{Augustus_model.g4980.t1;Augustus},{GlimmerHMM_glimmerT_5962-T1;GlimmerHMM}
371950	371780	INTRON			{GeneMark_model.6395_t;GeneMark},{Augustus_model.g4980.t1;Augustus},{GlimmerHMM_glimmerT_5962-T1;GlimmerHMM}
371967	371951	initial-	4	5	{GeneMark_model.6395_t;GeneMark},{Augustus_model.g4980.t1;Augustus},{GlimmerHMM_glimmerT_5962-T1;GlimmerHMM}

# EVM prediction: Mode:STANDARD S-ratio: 5.64 374141-376081 orient(+) score(13607.00) noncoding_equivalent(2412.83) raw_noncoding(2946.00) offset(533.17)
374141	374503	initial+	1	3	{GlimmerHMM_glimmerT_5963-T1;GlimmerHMM},{GeneMark_model.6397_t;GeneMark},{Augustus_model.g4981.t1;Augustus}
374504	374607	INTRON			{GlimmerHMM_glimmerT_5963-T1;GlimmerHMM},{GeneMark_model.6397_t;GeneMark},{Augustus_model.g4981.t1;Augustus},{ev_type:exonerate/ID=match.2566964.818/Target=lcl|PJQD01000138_1_prot_POY70274_1_834;exonerate},{ev_type:exonerate/ID=match.2566964.802/Target=lcl|BJWK01000024_1_prot_GEM12718_1_6735;exonerate},{ev_type:exonerate/ID=match.2566964.797/Target=lcl|KQ954517_1_prot_KWU42074_1_5595;exonerate},{ev_type:exonerate/ID=match.2566964.801/Target=lcl|LCTV02000004_1_prot_PRQ75701_1_5390;exonerate}
374608	375013	internal+	1	1	{GlimmerHMM_glimmerT_5963-T1;GlimmerHMM},{GeneMark_model.6397_t;GeneMark},{Augustus_model.g4981.t1;Augustus},{ev_type:exonerate/ID=match.2566964.818/Target=lcl|PJQD01000138_1_prot_POY70274_1_834;exonerate},{ev_type:exonerate/ID=match.2566964.802/Target=lcl|BJWK01000024_1_prot_GEM12718_1_6735;exonerate},{ev_type:exonerate/ID=match.2566964.797/Target=lcl|KQ954517_1_prot_KWU42074_1_5595;exonerate},{ev_type:exonerate/ID=match.2566964.801/Target=lcl|LCTV02000004_1_prot_PRQ75701_1_5390;exonerate}
375014	375091	INTRON			{GlimmerHMM_glimmerT_5963-T1;GlimmerHMM},{GeneMark_model.6397_t;GeneMark},{Augustus_model.g4981.t1;Augustus},{ev_type:exonerate/ID=match.2566964.818/Target=lcl|PJQD01000138_1_prot_POY70274_1_834;exonerate},{ev_type:exonerate/ID=match.2566964.802/Target=lcl|BJWK01000024_1_prot_GEM12718_1_6735;exonerate},{ev_type:exonerate/ID=match.2566964.797/Target=lcl|KQ954517_1_prot_KWU42074_1_5595;exonerate},{ev_type:exonerate/ID=match.2566964.801/Target=lcl|LCTV02000004_1_prot_PRQ75701_1_5390;exonerate}
375092	375177	internal+	2	3	{GlimmerHMM_glimmerT_5963-T1;GlimmerHMM},{GeneMark_model.6397_t;GeneMark},{Augustus_model.g4981.t1;Augustus},{ev_type:exonerate/ID=match.2566964.818/Target=lcl|PJQD01000138_1_prot_POY70274_1_834;exonerate},{ev_type:exonerate/ID=match.2566964.802/Target=lcl|BJWK01000024_1_prot_GEM12718_1_6735;exonerate},{ev_type:exonerate/ID=match.2566964.797/Target=lcl|KQ954517_1_prot_KWU42074_1_5595;exonerate},{ev_type:exonerate/ID=match.2566964.801/Target=lcl|LCTV02000004_1_prot_PRQ75701_1_5390;exonerate}
375178	375246	INTRON			{GlimmerHMM_glimmerT_5963-T1;GlimmerHMM},{GeneMark_model.6397_t;GeneMark},{Augustus_model.g4981.t1;Augustus},{ev_type:exonerate/ID=match.2566964.818/Target=lcl|PJQD01000138_1_prot_POY70274_1_834;exonerate},{ev_type:exonerate/ID=match.2566964.802/Target=lcl|BJWK01000024_1_prot_GEM12718_1_6735;exonerate},{ev_type:exonerate/ID=match.2566964.797/Target=lcl|KQ954517_1_prot_KWU42074_1_5595;exonerate},{ev_type:exonerate/ID=match.2566964.801/Target=lcl|LCTV02000004_1_prot_PRQ75701_1_5390;exonerate}
375247	375453	internal+	1	3	{GlimmerHMM_glimmerT_5963-T1;GlimmerHMM},{GeneMark_model.6397_t;GeneMark},{Augustus_model.g4981.t1;Augustus},{ev_type:exonerate/ID=match.2566964.818/Target=lcl|PJQD01000138_1_prot_POY70274_1_834;exonerate},{ev_type:exonerate/ID=match.2566964.802/Target=lcl|BJWK01000024_1_prot_GEM12718_1_6735;exonerate},{ev_type:exonerate/ID=match.2566964.797/Target=lcl|KQ954517_1_prot_KWU42074_1_5595;exonerate},{ev_type:exonerate/ID=match.2566964.801/Target=lcl|LCTV02000004_1_prot_PRQ75701_1_5390;exonerate}
375454	375529	INTRON			{GlimmerHMM_glimmerT_5963-T1;GlimmerHMM},{GeneMark_model.6397_t;GeneMark},{Augustus_model.g4981.t1;Augustus},{ev_type:exonerate/ID=match.2566964.802/Target=lcl|BJWK01000024_1_prot_GEM12718_1_6735;exonerate},{ev_type:exonerate/ID=match.2566964.797/Target=lcl|KQ954517_1_prot_KWU42074_1_5595;exonerate},{ev_type:exonerate/ID=match.2566964.801/Target=lcl|LCTV02000004_1_prot_PRQ75701_1_5390;exonerate}
375530	375739	internal+	1	3	{GlimmerHMM_glimmerT_5963-T1;GlimmerHMM},{GeneMark_model.6397_t;GeneMark},{Augustus_model.g4981.t1;Augustus},{ev_type:exonerate/ID=match.2566964.802/Target=lcl|BJWK01000024_1_prot_GEM12718_1_6735;exonerate},{ev_type:exonerate/ID=match.2566964.797/Target=lcl|KQ954517_1_prot_KWU42074_1_5595;exonerate},{ev_type:exonerate/ID=match.2566964.801/Target=lcl|LCTV02000004_1_prot_PRQ75701_1_5390;exonerate}
375740	375812	INTRON			{GlimmerHMM_glimmerT_5963-T1;GlimmerHMM},{GeneMark_model.6397_t;GeneMark},{Augustus_model.g4981.t1;Augustus},{ev_type:exonerate/ID=match.2566964.818/Target=lcl|PJQD01000138_1_prot_POY70274_1_834;exonerate},{ev_type:exonerate/ID=match.2566964.802/Target=lcl|BJWK01000024_1_prot_GEM12718_1_6735;exonerate},{ev_type:exonerate/ID=match.2566964.797/Target=lcl|KQ954517_1_prot_KWU42074_1_5595;exonerate},{ev_type:exonerate/ID=match.2566964.801/Target=lcl|LCTV02000004_1_prot_PRQ75701_1_5390;exonerate}
375813	375895	internal+	1	2	{GlimmerHMM_glimmerT_5963-T1;GlimmerHMM},{GeneMark_model.6397_t;GeneMark},{Augustus_model.g4981.t1;Augustus},{ev_type:exonerate/ID=match.2566964.818/Target=lcl|PJQD01000138_1_prot_POY70274_1_834;exonerate},{ev_type:exonerate/ID=match.2566964.802/Target=lcl|BJWK01000024_1_prot_GEM12718_1_6735;exonerate},{ev_type:exonerate/ID=match.2566964.797/Target=lcl|KQ954517_1_prot_KWU42074_1_5595;exonerate},{ev_type:exonerate/ID=match.2566964.801/Target=lcl|LCTV02000004_1_prot_PRQ75701_1_5390;exonerate}
375896	375957	INTRON			{GlimmerHMM_glimmerT_5963-T1;GlimmerHMM},{GeneMark_model.6397_t;GeneMark},{Augustus_model.g4981.t1;Augustus},{ev_type:exonerate/ID=match.2566964.818/Target=lcl|PJQD01000138_1_prot_POY70274_1_834;exonerate},{ev_type:exonerate/ID=match.2566964.802/Target=lcl|BJWK01000024_1_prot_GEM12718_1_6735;exonerate},{ev_type:exonerate/ID=match.2566964.797/Target=lcl|KQ954517_1_prot_KWU42074_1_5595;exonerate},{ev_type:exonerate/ID=match.2566964.801/Target=lcl|LCTV02000004_1_prot_PRQ75701_1_5390;exonerate}
375958	375988	internal+	3	3	{GlimmerHMM_glimmerT_5963-T1;GlimmerHMM},{GeneMark_model.6397_t;GeneMark},{Augustus_model.g4981.t1;Augustus}
375989	376066	INTRON			{GlimmerHMM_glimmerT_5963-T1;GlimmerHMM},{GeneMark_model.6397_t;GeneMark},{Augustus_model.g4981.t1;Augustus}
376067	376081	terminal+	1	3	{GlimmerHMM_glimmerT_5963-T1;GlimmerHMM},{GeneMark_model.6397_t;GeneMark},{Augustus_model.g4981.t1;Augustus}

# EVM prediction: Mode:STANDARD S-ratio: 1.57 376580-378259 orient(-) score(5040.00) noncoding_equivalent(3214.00) raw_noncoding(4047.00) offset(833.00)
376655	376580	terminal-	6	6	{Augustus_model.g4982.t1;Augustus},{GlimmerHMM_glimmerT_5964-T1;GlimmerHMM},{GeneMark_model.6398_t;GeneMark}
376732	376656	INTRON			{Augustus_model.g4982.t1;Augustus},{GlimmerHMM_glimmerT_5964-T1;GlimmerHMM},{GeneMark_model.6398_t;GeneMark}
376890	376733	internal-	4	5	{Augustus_model.g4982.t1;Augustus},{GlimmerHMM_glimmerT_5964-T1;GlimmerHMM},{GeneMark_model.6398_t;GeneMark}
376956	376891	INTRON			{Augustus_model.g4982.t1;Augustus},{GlimmerHMM_glimmerT_5964-T1;GlimmerHMM},{GeneMark_model.6398_t;GeneMark}
377058	376957	internal-	4	6	{Augustus_model.g4982.t1;Augustus},{GlimmerHMM_glimmerT_5964-T1;GlimmerHMM},{GeneMark_model.6398_t;GeneMark}
377117	377059	INTRON			{Augustus_model.g4982.t1;Augustus},{GlimmerHMM_glimmerT_5964-T1;GlimmerHMM},{GeneMark_model.6398_t;GeneMark}
377235	377118	internal-	6	6	{Augustus_model.g4982.t1;Augustus},{GlimmerHMM_glimmerT_5964-T1;GlimmerHMM},{GeneMark_model.6398_t;GeneMark}
377302	377236	INTRON			{Augustus_model.g4982.t1;Augustus},{GlimmerHMM_glimmerT_5964-T1;GlimmerHMM},{GeneMark_model.6398_t;GeneMark}
377362	377303	internal-	6	5	{Augustus_model.g4982.t1;Augustus},{GlimmerHMM_glimmerT_5964-T1;GlimmerHMM},{GeneMark_model.6398_t;GeneMark}
377433	377363	INTRON			{Augustus_model.g4982.t1;Augustus},{GlimmerHMM_glimmerT_5964-T1;GlimmerHMM},{GeneMark_model.6398_t;GeneMark}
377546	377434	internal-	4	5	{Augustus_model.g4982.t1;Augustus},{GlimmerHMM_glimmerT_5964-T1;GlimmerHMM},{GeneMark_model.6398_t;GeneMark}
377624	377547	INTRON			{Augustus_model.g4982.t1;Augustus},{GlimmerHMM_glimmerT_5964-T1;GlimmerHMM},{GeneMark_model.6398_t;GeneMark}
377637	377625	internal-	6	6	{Augustus_model.g4982.t1;Augustus},{GlimmerHMM_glimmerT_5964-T1;GlimmerHMM},{GeneMark_model.6398_t;GeneMark}
377712	377638	INTRON			{Augustus_model.g4982.t1;Augustus},{GlimmerHMM_glimmerT_5964-T1;GlimmerHMM},{GeneMark_model.6398_t;GeneMark}
377719	377713	internal-	5	5	{Augustus_model.g4982.t1;Augustus},{GlimmerHMM_glimmerT_5964-T1;GlimmerHMM},{GeneMark_model.6398_t;GeneMark}
377808	377720	INTRON			{Augustus_model.g4982.t1;Augustus},{GlimmerHMM_glimmerT_5964-T1;GlimmerHMM},{GeneMark_model.6398_t;GeneMark}
377911	377809	internal-	4	4	{Augustus_model.g4982.t1;Augustus},{GlimmerHMM_glimmerT_5964-T1;GlimmerHMM},{GeneMark_model.6398_t;GeneMark}
377977	377912	INTRON			{Augustus_model.g4982.t1;Augustus},{GlimmerHMM_glimmerT_5964-T1;GlimmerHMM},{GeneMark_model.6398_t;GeneMark}
378020	377978	internal-	6	6	{Augustus_model.g4982.t1;Augustus},{GlimmerHMM_glimmerT_5964-T1;GlimmerHMM},{GeneMark_model.6398_t;GeneMark}
378096	378021	INTRON			{Augustus_model.g4982.t1;Augustus},{GlimmerHMM_glimmerT_5964-T1;GlimmerHMM},{GeneMark_model.6398_t;GeneMark}
378127	378097	internal-	5	5	{Augustus_model.g4982.t1;Augustus},{GlimmerHMM_glimmerT_5964-T1;GlimmerHMM},{GeneMark_model.6398_t;GeneMark}
378192	378128	INTRON			{Augustus_model.g4982.t1;Augustus},{GlimmerHMM_glimmerT_5964-T1;GlimmerHMM},{GeneMark_model.6398_t;GeneMark}
378259	378193	initial-	4	4	{Augustus_model.g4982.t1;Augustus},{GlimmerHMM_glimmerT_5964-T1;GlimmerHMM},{GeneMark_model.6398_t;GeneMark}

# EVM prediction: Mode:STANDARD S-ratio: 94.05 378476-379474 orient(+) score(5925.00) noncoding_equivalent(63.00) raw_noncoding(63.00) offset(0.00)
378476	379474	single+	1	3	{GeneMark_model.6399_t;GeneMark},{GlimmerHMM_glimmerT_5965-T1;GlimmerHMM},{Augustus_model.g4983.t1;Augustus}

# EVM prediction: Mode:STANDARD S-ratio: 1.43 387956-389506 orient(+) score(3117.00) noncoding_equivalent(2185.29) raw_noncoding(3586.75) offset(1401.46)
387956	388407	initial+	1	2	{GeneMark_model.6400_t;GeneMark}
388408	388453	INTRON			{GeneMark_model.6400_t;GeneMark},{GlimmerHMM_glimmerT_5966-T1;GlimmerHMM}
388454	388967	internal+	3	3	{GeneMark_model.6400_t;GeneMark},{GlimmerHMM_glimmerT_5966-T1;GlimmerHMM}
388968	389419	INTRON			{GlimmerHMM_glimmerT_5966-T1;GlimmerHMM}
389420	389506	terminal+	1	3	{GlimmerHMM_glimmerT_5966-T1;GlimmerHMM}

# EVM prediction: Mode:STANDARD S-ratio: 2.11 400167-401126 orient(-) score(3063.00) noncoding_equivalent(1450.00) raw_noncoding(1707.00) offset(257.00)
400312	400167	terminal-	5	6	{GeneMark_model.6401_t;GeneMark},{Augustus_model.g4984.t1;Augustus},{GlimmerHMM_glimmerT_5967-T1;GlimmerHMM}
400382	400313	INTRON			{GeneMark_model.6401_t;GeneMark},{Augustus_model.g4984.t1;Augustus},{GlimmerHMM_glimmerT_5967-T1;GlimmerHMM}
400703	400383	internal-	5	4	{GeneMark_model.6401_t;GeneMark},{Augustus_model.g4984.t1;Augustus},{GlimmerHMM_glimmerT_5967-T1;GlimmerHMM}
400882	400704	INTRON			{GeneMark_model.6401_t;GeneMark},{Augustus_model.g4984.t1;Augustus},{GlimmerHMM_glimmerT_5967-T1;GlimmerHMM}
401126	400883	initial-	4	4	{GeneMark_model.6401_t;GeneMark},{Augustus_model.g4984.t1;Augustus},{GlimmerHMM_glimmerT_5967-T1;GlimmerHMM}

# EVM prediction: Mode:STANDARD S-ratio: 3.14 401358-403618 orient(-) score(7309.00) noncoding_equivalent(2324.34) raw_noncoding(2822.00) offset(497.66)
401926	401358	terminal-	5	6	{GeneMark_model.6402_t;GeneMark},{GlimmerHMM_glimmerT_5968-T1;GlimmerHMM}
401955	401927	INTRON			{GlimmerHMM_glimmerT_5968-T1;GlimmerHMM}
402043	401956	internal-	4	4	{GlimmerHMM_glimmerT_5968-T1;GlimmerHMM}
402111	402044	INTRON			{GeneMark_model.6402_t;GeneMark},{Augustus_model.g4985.t1;Augustus},{GlimmerHMM_glimmerT_5968-T1;GlimmerHMM}
402223	402112	internal-	6	6	{GeneMark_model.6402_t;GeneMark},{Augustus_model.g4985.t1;Augustus},{GlimmerHMM_glimmerT_5968-T1;GlimmerHMM}
402291	402224	INTRON			{GeneMark_model.6402_t;GeneMark},{Augustus_model.g4985.t1;Augustus},{GlimmerHMM_glimmerT_5968-T1;GlimmerHMM}
402486	402292	internal-	6	5	{GeneMark_model.6402_t;GeneMark},{Augustus_model.g4985.t1;Augustus},{GlimmerHMM_glimmerT_5968-T1;GlimmerHMM}
402550	402487	INTRON			{GeneMark_model.6402_t;GeneMark},{Augustus_model.g4985.t1;Augustus},{GlimmerHMM_glimmerT_5968-T1;GlimmerHMM}
402743	402551	internal-	5	5	{GeneMark_model.6402_t;GeneMark},{Augustus_model.g4985.t1;Augustus},{GlimmerHMM_glimmerT_5968-T1;GlimmerHMM}
402805	402744	INTRON			{GeneMark_model.6402_t;GeneMark},{Augustus_model.g4985.t1;Augustus},{GlimmerHMM_glimmerT_5968-T1;GlimmerHMM}
403139	402806	internal-	4	4	{GeneMark_model.6402_t;GeneMark},{Augustus_model.g4985.t1;Augustus},{GlimmerHMM_glimmerT_5968-T1;GlimmerHMM}
403211	403140	INTRON			{GeneMark_model.6402_t;GeneMark},{Augustus_model.g4985.t1;Augustus},{GlimmerHMM_glimmerT_5968-T1;GlimmerHMM}
403337	403212	internal-	4	6	{GeneMark_model.6402_t;GeneMark},{Augustus_model.g4985.t1;Augustus},{GlimmerHMM_glimmerT_5968-T1;GlimmerHMM}
403384	403338	INTRON			{Augustus_model.g4985.t1;Augustus},{GlimmerHMM_glimmerT_5968-T1;GlimmerHMM}
403618	403385	initial-	4	6	{Augustus_model.g4985.t1;Augustus},{GlimmerHMM_glimmerT_5968-T1;GlimmerHMM}

# EVM prediction: Mode:STANDARD S-ratio: 235.00 403809-404516 orient(+) score(2820.00) noncoding_equivalent(12.00) raw_noncoding(12.00) offset(0.00)
403809	404516	single+	1	3	{Augustus_model.g4986.t1;Augustus},{GeneMark_model.6403_t;GeneMark}

# EVM prediction: Mode:STANDARD S-ratio: 2.17 405017-406585 orient(+) score(4449.00) noncoding_equivalent(2049.22) raw_noncoding(2455.35) offset(406.13)
405017	405315	initial+	1	2	{GlimmerHMM_glimmerT_5970-T1;GlimmerHMM},{Augustus_model.g4987.t1;Augustus},{GeneMark_model.6404_t;GeneMark}
405316	405428	INTRON			{GlimmerHMM_glimmerT_5970-T1;GlimmerHMM},{Augustus_model.g4987.t1;Augustus},{GeneMark_model.6404_t;GeneMark}
405429	405993	internal+	3	3	{GlimmerHMM_glimmerT_5970-T1;GlimmerHMM},{Augustus_model.g4987.t1;Augustus},{GeneMark_model.6404_t;GeneMark}
405994	406066	INTRON			{GlimmerHMM_glimmerT_5970-T1;GlimmerHMM},{Augustus_model.g4987.t1;Augustus},{GeneMark_model.6404_t;GeneMark}
406067	406399	internal+	1	3	{GlimmerHMM_glimmerT_5970-T1;GlimmerHMM},{Augustus_model.g4987.t1;Augustus},{GeneMark_model.6404_t;GeneMark}
406400	406471	INTRON			{GeneMark_model.6404_t;GeneMark}
406472	406585	terminal+	1	3	{GeneMark_model.6404_t;GeneMark}

# EVM prediction: Mode:STANDARD S-ratio: 3.85 407509-413018 orient(+) score(18580.00) noncoding_equivalent(4822.37) raw_noncoding(5648.29) offset(825.93)
407509	407743	initial+	1	1	{GlimmerHMM_glimmerT_5971-T1;GlimmerHMM}
407744	407816	INTRON			{GeneMark_model.6405_t;GeneMark},{Augustus_model.g4987.t1;Augustus},{GlimmerHMM_glimmerT_5971-T1;GlimmerHMM}
407817	408176	internal+	2	1	{GeneMark_model.6405_t;GeneMark},{Augustus_model.g4987.t1;Augustus},{GlimmerHMM_glimmerT_5971-T1;GlimmerHMM}
408177	408240	INTRON			{GeneMark_model.6405_t;GeneMark},{Augustus_model.g4987.t1;Augustus},{GlimmerHMM_glimmerT_5971-T1;GlimmerHMM}
408241	408534	internal+	2	1	{GeneMark_model.6405_t;GeneMark},{Augustus_model.g4987.t1;Augustus},{GlimmerHMM_glimmerT_5971-T1;GlimmerHMM}
408535	408599	INTRON			{GeneMark_model.6405_t;GeneMark},{Augustus_model.g4987.t1;Augustus},{GlimmerHMM_glimmerT_5971-T1;GlimmerHMM}
408600	408823	internal+	2	3	{GeneMark_model.6405_t;GeneMark},{Augustus_model.g4987.t1;Augustus},{GlimmerHMM_glimmerT_5971-T1;GlimmerHMM}
408824	408885	INTRON			{GeneMark_model.6405_t;GeneMark},{Augustus_model.g4987.t1;Augustus},{GlimmerHMM_glimmerT_5971-T1;GlimmerHMM}
408886	409320	internal+	1	3	{GeneMark_model.6405_t;GeneMark},{Augustus_model.g4987.t1;Augustus},{GlimmerHMM_glimmerT_5971-T1;GlimmerHMM}
409321	409387	INTRON			{GeneMark_model.6405_t;GeneMark},{Augustus_model.g4987.t1;Augustus},{GlimmerHMM_glimmerT_5971-T1;GlimmerHMM}
409388	409501	internal+	1	3	{GeneMark_model.6405_t;GeneMark},{Augustus_model.g4987.t1;Augustus},{GlimmerHMM_glimmerT_5971-T1;GlimmerHMM}
409502	409556	INTRON			{GeneMark_model.6405_t;GeneMark},{Augustus_model.g4987.t1;Augustus},{GlimmerHMM_glimmerT_5971-T1;GlimmerHMM}
409557	409853	internal+	1	3	{GeneMark_model.6405_t;GeneMark},{Augustus_model.g4987.t1;Augustus},{GlimmerHMM_glimmerT_5971-T1;GlimmerHMM}
409854	409926	INTRON			{GeneMark_model.6405_t;GeneMark},{Augustus_model.g4987.t1;Augustus},{GlimmerHMM_glimmerT_5971-T1;GlimmerHMM}
409927	411041	internal+	1	2	{GeneMark_model.6405_t;GeneMark},{Augustus_model.g4987.t1;Augustus}
411042	411099	INTRON			{GeneMark_model.6405_t;GeneMark},{Augustus_model.g4987.t1;Augustus}
411100	411339	internal+	3	2	{GeneMark_model.6405_t;GeneMark},{Augustus_model.g4987.t1;Augustus},{GlimmerHMM_glimmerT_5971-T1;GlimmerHMM}
411340	411398	INTRON			{GeneMark_model.6405_t;GeneMark},{Augustus_model.g4987.t1;Augustus},{GlimmerHMM_glimmerT_5971-T1;GlimmerHMM}
411399	411650	internal+	3	2	{GeneMark_model.6405_t;GeneMark},{Augustus_model.g4987.t1;Augustus}
411651	411712	INTRON			{GeneMark_model.6405_t;GeneMark},{Augustus_model.g4987.t1;Augustus}
411713	411910	internal+	3	2	{GeneMark_model.6405_t;GeneMark},{Augustus_model.g4987.t1;Augustus}
411911	411974	INTRON			{GeneMark_model.6405_t;GeneMark},{Augustus_model.g4987.t1;Augustus},{GlimmerHMM_glimmerT_5971-T1;GlimmerHMM}
411975	412081	internal+	3	1	{GeneMark_model.6405_t;GeneMark},{Augustus_model.g4987.t1;Augustus},{GlimmerHMM_glimmerT_5971-T1;GlimmerHMM}
412082	412144	INTRON			{GeneMark_model.6405_t;GeneMark},{Augustus_model.g4987.t1;Augustus},{GlimmerHMM_glimmerT_5971-T1;GlimmerHMM}
412145	412536	internal+	2	3	{GeneMark_model.6405_t;GeneMark},{Augustus_model.g4987.t1;Augustus},{GlimmerHMM_glimmerT_5971-T1;GlimmerHMM}
412537	412599	INTRON			{GeneMark_model.6405_t;GeneMark},{Augustus_model.g4987.t1;Augustus},{GlimmerHMM_glimmerT_5971-T1;GlimmerHMM}
412600	412753	internal+	1	1	{GeneMark_model.6405_t;GeneMark},{Augustus_model.g4987.t1;Augustus},{GlimmerHMM_glimmerT_5971-T1;GlimmerHMM}
412754	412836	INTRON			{GeneMark_model.6405_t;GeneMark},{Augustus_model.g4987.t1;Augustus}
412837	413018	terminal+	2	3	{GeneMark_model.6405_t;GeneMark},{Augustus_model.g4987.t1;Augustus}

# EVM prediction: Mode:STANDARD S-ratio: 4.88 413263-416465 orient(+) score(11093.00) noncoding_equivalent(2271.00) raw_noncoding(2567.00) offset(296.00)
413263	415094	initial+	1	2	{GeneMark_model.6406_t;GeneMark}
415095	415152	INTRON			{GeneMark_model.6406_t;GeneMark},{GlimmerHMM_glimmerT_5971-T1;GlimmerHMM},{Augustus_model.g4988.t1;Augustus}
415153	415558	internal+	3	3	{GeneMark_model.6406_t;GeneMark},{GlimmerHMM_glimmerT_5971-T1;GlimmerHMM},{Augustus_model.g4988.t1;Augustus}
415559	415654	INTRON			{GeneMark_model.6406_t;GeneMark},{GlimmerHMM_glimmerT_5971-T1;GlimmerHMM},{Augustus_model.g4988.t1;Augustus}
415655	415780	internal+	1	3	{GeneMark_model.6406_t;GeneMark},{GlimmerHMM_glimmerT_5971-T1;GlimmerHMM},{Augustus_model.g4988.t1;Augustus}
415781	415843	INTRON			{GeneMark_model.6406_t;GeneMark},{GlimmerHMM_glimmerT_5971-T1;GlimmerHMM},{Augustus_model.g4988.t1;Augustus}
415844	416147	internal+	1	1	{GeneMark_model.6406_t;GeneMark},{GlimmerHMM_glimmerT_5971-T1;GlimmerHMM},{Augustus_model.g4988.t1;Augustus}
416148	416214	INTRON			{GeneMark_model.6406_t;GeneMark},{GlimmerHMM_glimmerT_5971-T1;GlimmerHMM},{Augustus_model.g4988.t1;Augustus}
416215	416465	terminal+	2	3	{GeneMark_model.6406_t;GeneMark},{GlimmerHMM_glimmerT_5971-T1;GlimmerHMM},{Augustus_model.g4988.t1;Augustus}

# EVM prediction: Mode:STANDARD S-ratio: 5.83 418572-419802 orient(-) score(11356.00) noncoding_equivalent(1949.11) raw_noncoding(2516.22) offset(567.11)
418766	418572	terminal-	4	6	{GlimmerHMM_glimmerT_5973-T1;GlimmerHMM},{HiQ_model.g4989.t1;HiQ},{GeneMark_model.6407_t;GeneMark}
418857	418767	INTRON			{GlimmerHMM_glimmerT_5973-T1;GlimmerHMM},{HiQ_model.g4989.t1;HiQ},{GeneMark_model.6407_t;GeneMark},{ev_type:exonerate/ID=match.2566964.1031/Target=lcl|LCTV02000004_1_prot_PRQ75583_1_5272;exonerate},{ev_type:exonerate/ID=match.2566964.1029/Target=lcl|PJQD01000076_1_prot_POY71604_1_5762;exonerate},{ev_type:exonerate/ID=match.2566964.1039/Target=lcl|KQ954494_1_prot_KWU43180_1_4506;exonerate},{ev_type:exonerate/ID=match.2566964.1024/Target=lcl|BJWK01000017_1_prot_GEM11873_1_5890;exonerate},{ev_type:exonerate/ID=match.2566964.1018/Target=lcl|NW_017264940_1_prot_XP_018268797_1_5808;exonerate}
419034	418858	internal-	4	6	{GlimmerHMM_glimmerT_5973-T1;GlimmerHMM},{HiQ_model.g4989.t1;HiQ},{GeneMark_model.6407_t;GeneMark},{ev_type:exonerate/ID=match.2566964.1031/Target=lcl|LCTV02000004_1_prot_PRQ75583_1_5272;exonerate},{ev_type:exonerate/ID=match.2566964.1029/Target=lcl|PJQD01000076_1_prot_POY71604_1_5762;exonerate},{ev_type:exonerate/ID=match.2566964.1039/Target=lcl|KQ954494_1_prot_KWU43180_1_4506;exonerate},{ev_type:exonerate/ID=match.2566964.1024/Target=lcl|BJWK01000017_1_prot_GEM11873_1_5890;exonerate},{ev_type:exonerate/ID=match.2566964.1018/Target=lcl|NW_017264940_1_prot_XP_018268797_1_5808;exonerate}
419154	419035	INTRON			{GlimmerHMM_glimmerT_5973-T1;GlimmerHMM},{HiQ_model.g4989.t1;HiQ},{GeneMark_model.6407_t;GeneMark},{ev_type:exonerate/ID=match.2566964.1031/Target=lcl|LCTV02000004_1_prot_PRQ75583_1_5272;exonerate},{ev_type:exonerate/ID=match.2566964.1029/Target=lcl|PJQD01000076_1_prot_POY71604_1_5762;exonerate},{ev_type:exonerate/ID=match.2566964.1039/Target=lcl|KQ954494_1_prot_KWU43180_1_4506;exonerate},{ev_type:exonerate/ID=match.2566964.1024/Target=lcl|BJWK01000017_1_prot_GEM11873_1_5890;exonerate},{ev_type:exonerate/ID=match.2566964.1018/Target=lcl|NW_017264940_1_prot_XP_018268797_1_5808;exonerate}
419280	419155	internal-	4	6	{HiQ_model.g4989.t1;HiQ},{GeneMark_model.6407_t;GeneMark},{ev_type:exonerate/ID=match.2566964.1031/Target=lcl|LCTV02000004_1_prot_PRQ75583_1_5272;exonerate},{ev_type:exonerate/ID=match.2566964.1029/Target=lcl|PJQD01000076_1_prot_POY71604_1_5762;exonerate},{ev_type:exonerate/ID=match.2566964.1039/Target=lcl|KQ954494_1_prot_KWU43180_1_4506;exonerate},{ev_type:exonerate/ID=match.2566964.1024/Target=lcl|BJWK01000017_1_prot_GEM11873_1_5890;exonerate},{ev_type:exonerate/ID=match.2566964.1018/Target=lcl|NW_017264940_1_prot_XP_018268797_1_5808;exonerate}
419349	419281	INTRON			{HiQ_model.g4989.t1;HiQ},{GeneMark_model.6407_t;GeneMark},{ev_type:exonerate/ID=match.2566964.1031/Target=lcl|LCTV02000004_1_prot_PRQ75583_1_5272;exonerate},{ev_type:exonerate/ID=match.2566964.1029/Target=lcl|PJQD01000076_1_prot_POY71604_1_5762;exonerate},{ev_type:exonerate/ID=match.2566964.1039/Target=lcl|KQ954494_1_prot_KWU43180_1_4506;exonerate},{ev_type:exonerate/ID=match.2566964.1024/Target=lcl|BJWK01000017_1_prot_GEM11873_1_5890;exonerate},{ev_type:exonerate/ID=match.2566964.1018/Target=lcl|NW_017264940_1_prot_XP_018268797_1_5808;exonerate}
419665	419350	internal-	6	6	{HiQ_model.g4989.t1;HiQ},{GeneMark_model.6407_t;GeneMark},{ev_type:exonerate/ID=match.2566964.1031/Target=lcl|LCTV02000004_1_prot_PRQ75583_1_5272;exonerate},{ev_type:exonerate/ID=match.2566964.1029/Target=lcl|PJQD01000076_1_prot_POY71604_1_5762;exonerate},{ev_type:exonerate/ID=match.2566964.1039/Target=lcl|KQ954494_1_prot_KWU43180_1_4506;exonerate},{ev_type:exonerate/ID=match.2566964.1024/Target=lcl|BJWK01000017_1_prot_GEM11873_1_5890;exonerate},{ev_type:exonerate/ID=match.2566964.1018/Target=lcl|NW_017264940_1_prot_XP_018268797_1_5808;exonerate}
419767	419666	INTRON			{GlimmerHMM_glimmerT_5973-T1;GlimmerHMM},{HiQ_model.g4989.t1;HiQ},{GeneMark_model.6407_t;GeneMark},{ev_type:exonerate/ID=match.2566964.1031/Target=lcl|LCTV02000004_1_prot_PRQ75583_1_5272;exonerate},{ev_type:exonerate/ID=match.2566964.1029/Target=lcl|PJQD01000076_1_prot_POY71604_1_5762;exonerate},{ev_type:exonerate/ID=match.2566964.1039/Target=lcl|KQ954494_1_prot_KWU43180_1_4506;exonerate},{ev_type:exonerate/ID=match.2566964.1024/Target=lcl|BJWK01000017_1_prot_GEM11873_1_5890;exonerate},{ev_type:exonerate/ID=match.2566964.1018/Target=lcl|NW_017264940_1_prot_XP_018268797_1_5808;exonerate}
419802	419768	initial-	4	5	{GlimmerHMM_glimmerT_5973-T1;GlimmerHMM},{HiQ_model.g4989.t1;HiQ},{GeneMark_model.6407_t;GeneMark}

# EVM prediction: Mode:STANDARD S-ratio: 1.61 420293-422195 orient(-) score(4932.00) noncoding_equivalent(3069.77) raw_noncoding(4411.20) offset(1341.43)
420342	420293	terminal-	5	6	{GeneMark_model.6408_t;GeneMark},{GlimmerHMM_glimmerT_5974-T1;GlimmerHMM},{Augustus_model.g4990.t1;Augustus}
420443	420343	INTRON			{GeneMark_model.6408_t;GeneMark},{GlimmerHMM_glimmerT_5974-T1;GlimmerHMM},{Augustus_model.g4990.t1;Augustus}
420521	420444	internal-	5	4	{GeneMark_model.6408_t;GeneMark},{GlimmerHMM_glimmerT_5974-T1;GlimmerHMM},{Augustus_model.g4990.t1;Augustus}
420592	420522	INTRON			{GeneMark_model.6408_t;GeneMark},{GlimmerHMM_glimmerT_5974-T1;GlimmerHMM},{Augustus_model.g4990.t1;Augustus}
420652	420593	internal-	5	4	{GeneMark_model.6408_t;GeneMark},{GlimmerHMM_glimmerT_5974-T1;GlimmerHMM},{Augustus_model.g4990.t1;Augustus}
420730	420653	INTRON			{GeneMark_model.6408_t;GeneMark},{GlimmerHMM_glimmerT_5974-T1;GlimmerHMM},{Augustus_model.g4990.t1;Augustus}
421032	420731	internal-	6	4	{GeneMark_model.6408_t;GeneMark},{Augustus_model.g4990.t1;Augustus}
421121	421033	INTRON			{GeneMark_model.6408_t;GeneMark},{Augustus_model.g4990.t1;Augustus}
421260	421122	internal-	5	5	{GeneMark_model.6408_t;GeneMark},{Augustus_model.g4990.t1;Augustus}
421323	421261	INTRON			{GeneMark_model.6408_t;GeneMark},{Augustus_model.g4990.t1;Augustus}
421440	421324	internal-	5	4	{GeneMark_model.6408_t;GeneMark},{Augustus_model.g4990.t1;Augustus}
421516	421441	INTRON			{GeneMark_model.6408_t;GeneMark},{Augustus_model.g4990.t1;Augustus}
421572	421517	internal-	6	4	{GeneMark_model.6408_t;GeneMark},{Augustus_model.g4990.t1;Augustus}
421633	421573	INTRON			{GeneMark_model.6408_t;GeneMark},{Augustus_model.g4990.t1;Augustus}
421706	421634	internal-	5	5	{GeneMark_model.6408_t;GeneMark},{Augustus_model.g4990.t1;Augustus}
421779	421707	INTRON			{GeneMark_model.6408_t;GeneMark},{Augustus_model.g4990.t1;Augustus}
421854	421780	internal-	5	4	{GeneMark_model.6408_t;GeneMark},{Augustus_model.g4990.t1;Augustus}
421903	421855	INTRON			{Augustus_model.g4990.t1;Augustus}
421939	421904	internal-	5	4	{Augustus_model.g4990.t1;Augustus}
422013	421940	INTRON			{GeneMark_model.6408_t;GeneMark},{Augustus_model.g4990.t1;Augustus}
422033	422014	internal-	6	4	{GeneMark_model.6408_t;GeneMark},{Augustus_model.g4990.t1;Augustus}
422097	422034	INTRON			{GeneMark_model.6408_t;GeneMark},{Augustus_model.g4990.t1;Augustus}
422195	422098	initial-	4	5	{GeneMark_model.6408_t;GeneMark},{Augustus_model.g4990.t1;Augustus}

# EVM prediction: Mode:STANDARD S-ratio: 1.59 422702-424685 orient(-) score(5193.00) noncoding_equivalent(3276.27) raw_noncoding(4862.41) offset(1586.14)
422740	422702	terminal-	4	6	{GeneMark_model.6409_t;GeneMark},{Augustus_model.g4991.t1;Augustus}
422846	422741	INTRON			{GeneMark_model.6409_t;GeneMark},{Augustus_model.g4991.t1;Augustus}
423184	422847	internal-	5	6	{GeneMark_model.6409_t;GeneMark},{Augustus_model.g4991.t1;Augustus}
423256	423185	INTRON			{GeneMark_model.6409_t;GeneMark},{Augustus_model.g4991.t1;Augustus},{GlimmerHMM_glimmerT_5974-T1;GlimmerHMM}
423349	423257	internal-	5	4	{GeneMark_model.6409_t;GeneMark},{Augustus_model.g4991.t1;Augustus}
423418	423350	INTRON			{GeneMark_model.6409_t;GeneMark},{Augustus_model.g4991.t1;Augustus}
423466	423419	internal-	5	4	{GeneMark_model.6409_t;GeneMark},{Augustus_model.g4991.t1;Augustus}
423530	423467	INTRON			{GeneMark_model.6409_t;GeneMark},{Augustus_model.g4991.t1;Augustus}
423540	423531	internal-	4	4	{GeneMark_model.6409_t;GeneMark},{Augustus_model.g4991.t1;Augustus}
423616	423541	INTRON			{GeneMark_model.6409_t;GeneMark},{Augustus_model.g4991.t1;Augustus}
423622	423617	internal-	4	6	{GeneMark_model.6409_t;GeneMark},{Augustus_model.g4991.t1;Augustus}
423716	423623	INTRON			{GeneMark_model.6409_t;GeneMark},{Augustus_model.g4991.t1;Augustus}
423760	423717	internal-	5	6	{GeneMark_model.6409_t;GeneMark},{Augustus_model.g4991.t1;Augustus}
423832	423761	INTRON			{GeneMark_model.6409_t;GeneMark},{Augustus_model.g4991.t1;Augustus}
423964	423833	internal-	5	4	{GeneMark_model.6409_t;GeneMark},{Augustus_model.g4991.t1;Augustus},{GlimmerHMM_glimmerT_5974-T1;GlimmerHMM}
424071	423965	INTRON			{GeneMark_model.6409_t;GeneMark},{Augustus_model.g4991.t1;Augustus},{GlimmerHMM_glimmerT_5974-T1;GlimmerHMM}
424221	424072	internal-	5	4	{GeneMark_model.6409_t;GeneMark},{Augustus_model.g4991.t1;Augustus},{GlimmerHMM_glimmerT_5974-T1;GlimmerHMM}
424287	424222	INTRON			{GeneMark_model.6409_t;GeneMark},{Augustus_model.g4991.t1;Augustus}
424300	424288	internal-	4	4	{GeneMark_model.6409_t;GeneMark},{Augustus_model.g4991.t1;Augustus}
424385	424301	INTRON			{GeneMark_model.6409_t;GeneMark},{Augustus_model.g4991.t1;Augustus}
424396	424386	internal-	5	6	{GeneMark_model.6409_t;GeneMark},{Augustus_model.g4991.t1;Augustus}
424499	424397	INTRON			{GeneMark_model.6409_t;GeneMark},{Augustus_model.g4991.t1;Augustus}
424566	424500	internal-	4	4	{GeneMark_model.6409_t;GeneMark},{Augustus_model.g4991.t1;Augustus},{GlimmerHMM_glimmerT_5974-T1;GlimmerHMM}
424664	424567	INTRON			{GeneMark_model.6409_t;GeneMark},{Augustus_model.g4991.t1;Augustus},{GlimmerHMM_glimmerT_5974-T1;GlimmerHMM}
424685	424665	initial-	4	6	{GlimmerHMM_glimmerT_5974-T1;GlimmerHMM}

# EVM prediction: Mode:STANDARD S-ratio: 2.37 427434-428609 orient(-) score(5082.00) noncoding_equivalent(2147.38) raw_noncoding(2943.00) offset(795.62)
427484	427434	terminal-	4	6	{Augustus_model.g4992.t1;Augustus},{GeneMark_model.6410_t;GeneMark}
427562	427485	INTRON			{Augustus_model.g4992.t1;Augustus},{GeneMark_model.6410_t;GeneMark},{ev_type:exonerate/ID=match.2566964.1415/Target=lcl|BJWK01000017_1_prot_GEM11876_1_5893;exonerate},{ev_type:exonerate/ID=match.2566964.1414/Target=lcl|LCTV02000004_1_prot_PRQ75586_1_5275;exonerate}
427624	427563	internal-	5	6	{Augustus_model.g4992.t1;Augustus},{GeneMark_model.6410_t;GeneMark},{ev_type:exonerate/ID=match.2566964.1415/Target=lcl|BJWK01000017_1_prot_GEM11876_1_5893;exonerate},{ev_type:exonerate/ID=match.2566964.1414/Target=lcl|LCTV02000004_1_prot_PRQ75586_1_5275;exonerate}
427699	427625	INTRON			{Augustus_model.g4992.t1;Augustus},{GlimmerHMM_glimmerT_5975-T1;GlimmerHMM},{GeneMark_model.6410_t;GeneMark},{ev_type:exonerate/ID=match.2566964.1415/Target=lcl|BJWK01000017_1_prot_GEM11876_1_5893;exonerate},{ev_type:exonerate/ID=match.2566964.1414/Target=lcl|LCTV02000004_1_prot_PRQ75586_1_5275;exonerate}
427774	427700	internal-	5	4	{Augustus_model.g4992.t1;Augustus},{GlimmerHMM_glimmerT_5975-T1;GlimmerHMM},{GeneMark_model.6410_t;GeneMark},{ev_type:exonerate/ID=match.2566964.1415/Target=lcl|BJWK01000017_1_prot_GEM11876_1_5893;exonerate},{ev_type:exonerate/ID=match.2566964.1414/Target=lcl|LCTV02000004_1_prot_PRQ75586_1_5275;exonerate}
427845	427775	INTRON			{Augustus_model.g4992.t1;Augustus},{GlimmerHMM_glimmerT_5975-T1;GlimmerHMM},{GeneMark_model.6410_t;GeneMark},{ev_type:exonerate/ID=match.2566964.1415/Target=lcl|BJWK01000017_1_prot_GEM11876_1_5893;exonerate},{ev_type:exonerate/ID=match.2566964.1414/Target=lcl|LCTV02000004_1_prot_PRQ75586_1_5275;exonerate}
427881	427846	internal-	5	4	{Augustus_model.g4992.t1;Augustus},{GlimmerHMM_glimmerT_5975-T1;GlimmerHMM},{GeneMark_model.6410_t;GeneMark},{ev_type:exonerate/ID=match.2566964.1415/Target=lcl|BJWK01000017_1_prot_GEM11876_1_5893;exonerate},{ev_type:exonerate/ID=match.2566964.1414/Target=lcl|LCTV02000004_1_prot_PRQ75586_1_5275;exonerate}
427964	427882	INTRON			{Augustus_model.g4992.t1;Augustus},{GlimmerHMM_glimmerT_5975-T1;GlimmerHMM},{GeneMark_model.6410_t;GeneMark},{ev_type:exonerate/ID=match.2566964.1415/Target=lcl|BJWK01000017_1_prot_GEM11876_1_5893;exonerate},{ev_type:exonerate/ID=match.2566964.1414/Target=lcl|LCTV02000004_1_prot_PRQ75586_1_5275;exonerate}
428064	427965	internal-	4	4	{Augustus_model.g4992.t1;Augustus},{GeneMark_model.6410_t;GeneMark},{ev_type:exonerate/ID=match.2566964.1415/Target=lcl|BJWK01000017_1_prot_GEM11876_1_5893;exonerate},{ev_type:exonerate/ID=match.2566964.1414/Target=lcl|LCTV02000004_1_prot_PRQ75586_1_5275;exonerate}
428126	428065	INTRON			{Augustus_model.g4992.t1;Augustus},{GeneMark_model.6410_t;GeneMark},{ev_type:exonerate/ID=match.2566964.1415/Target=lcl|BJWK01000017_1_prot_GEM11876_1_5893;exonerate},{ev_type:exonerate/ID=match.2566964.1414/Target=lcl|LCTV02000004_1_prot_PRQ75586_1_5275;exonerate}
428160	428127	internal-	6	6	{Augustus_model.g4992.t1;Augustus},{GeneMark_model.6410_t;GeneMark},{ev_type:exonerate/ID=match.2566964.1415/Target=lcl|BJWK01000017_1_prot_GEM11876_1_5893;exonerate},{ev_type:exonerate/ID=match.2566964.1414/Target=lcl|LCTV02000004_1_prot_PRQ75586_1_5275;exonerate}
428310	428161	INTRON			{Augustus_model.g4992.t1;Augustus},{GeneMark_model.6410_t;GeneMark},{ev_type:exonerate/ID=match.2566964.1415/Target=lcl|BJWK01000017_1_prot_GEM11876_1_5893;exonerate},{ev_type:exonerate/ID=match.2566964.1414/Target=lcl|LCTV02000004_1_prot_PRQ75586_1_5275;exonerate}
428391	428311	internal-	6	5	{Augustus_model.g4992.t1;Augustus},{GlimmerHMM_glimmerT_5975-T1;GlimmerHMM},{GeneMark_model.6410_t;GeneMark}
428496	428392	INTRON			{Augustus_model.g4992.t1;Augustus},{GlimmerHMM_glimmerT_5975-T1;GlimmerHMM},{GeneMark_model.6410_t;GeneMark}
428609	428497	initial-	4	5	{GlimmerHMM_glimmerT_5975-T1;GlimmerHMM},{GeneMark_model.6410_t;GeneMark}

# EVM prediction: Mode:STANDARD S-ratio: 4.28 429029-431949 orient(-) score(9810.00) noncoding_equivalent(2291.19) raw_noncoding(2430.19) offset(139.00)
429808	429029	terminal-	4	6	{GeneMark_model.6411_t;GeneMark},{GlimmerHMM_glimmerT_5976-T1;GlimmerHMM}
429898	429809	INTRON			{Augustus_model.g4992.t1;Augustus},{GeneMark_model.6411_t;GeneMark},{GlimmerHMM_glimmerT_5976-T1;GlimmerHMM}
431236	429899	internal-	4	6	{GlimmerHMM_glimmerT_5976-T1;GlimmerHMM}
431301	431237	INTRON			{Augustus_model.g4992.t1;Augustus},{GeneMark_model.6411_t;GeneMark},{GlimmerHMM_glimmerT_5976-T1;GlimmerHMM}
431391	431302	internal-	4	6	{Augustus_model.g4992.t1;Augustus},{GeneMark_model.6411_t;GeneMark},{GlimmerHMM_glimmerT_5976-T1;GlimmerHMM}
431451	431392	INTRON			{Augustus_model.g4992.t1;Augustus},{GeneMark_model.6411_t;GeneMark},{GlimmerHMM_glimmerT_5976-T1;GlimmerHMM}
431949	431452	initial-	4	6	{Augustus_model.g4992.t1;Augustus},{GeneMark_model.6411_t;GeneMark},{GlimmerHMM_glimmerT_5976-T1;GlimmerHMM}

# EVM prediction: Mode:STANDARD S-ratio: 2.23 433678-435407 orient(+) score(5433.00) noncoding_equivalent(2432.56) raw_noncoding(3257.00) offset(824.44)
433678	433775	initial+	1	2	{GlimmerHMM_glimmerT_5977-T1;GlimmerHMM},{GeneMark_model.6412_t;GeneMark},{Augustus_model.g4993.t1;Augustus}
433776	433869	INTRON			{GlimmerHMM_glimmerT_5977-T1;GlimmerHMM},{GeneMark_model.6412_t;GeneMark},{Augustus_model.g4993.t1;Augustus}
433870	433944	internal+	3	2	{GlimmerHMM_glimmerT_5977-T1;GlimmerHMM},{GeneMark_model.6412_t;GeneMark},{Augustus_model.g4993.t1;Augustus}
433945	434014	INTRON			{GlimmerHMM_glimmerT_5977-T1;GlimmerHMM},{GeneMark_model.6412_t;GeneMark},{Augustus_model.g4993.t1;Augustus}
434015	434093	internal+	3	3	{GlimmerHMM_glimmerT_5977-T1;GlimmerHMM},{GeneMark_model.6412_t;GeneMark},{Augustus_model.g4993.t1;Augustus}
434094	434164	INTRON			{GlimmerHMM_glimmerT_5977-T1;GlimmerHMM},{GeneMark_model.6412_t;GeneMark},{Augustus_model.g4993.t1;Augustus},{snap_scaffold_17-snap.154-T1;snap}
434165	434388	internal+	1	2	{GeneMark_model.6412_t;GeneMark},{Augustus_model.g4993.t1;Augustus}
434389	434505	INTRON			{GeneMark_model.6412_t;GeneMark},{Augustus_model.g4993.t1;Augustus}
434506	434676	internal+	3	2	{GlimmerHMM_glimmerT_5977-T1;GlimmerHMM},{GeneMark_model.6412_t;GeneMark},{Augustus_model.g4993.t1;Augustus}
434677	434773	INTRON			{GlimmerHMM_glimmerT_5977-T1;GlimmerHMM},{GeneMark_model.6412_t;GeneMark},{Augustus_model.g4993.t1;Augustus}
434774	434968	internal+	3	2	{GlimmerHMM_glimmerT_5977-T1;GlimmerHMM},{GeneMark_model.6412_t;GeneMark},{Augustus_model.g4993.t1;Augustus}
434969	435052	INTRON			{GlimmerHMM_glimmerT_5977-T1;GlimmerHMM},{GeneMark_model.6412_t;GeneMark},{Augustus_model.g4993.t1;Augustus}
435053	435206	internal+	3	3	{GeneMark_model.6412_t;GeneMark},{Augustus_model.g4993.t1;Augustus}
435207	435317	INTRON			{GeneMark_model.6412_t;GeneMark},{Augustus_model.g4993.t1;Augustus}
435318	435407	terminal+	1	3	{GlimmerHMM_glimmerT_5977-T1;GlimmerHMM},{GeneMark_model.6412_t;GeneMark},{Augustus_model.g4993.t1;Augustus}

# EVM prediction: Mode:STANDARD S-ratio: 2.37 436494-438917 orient(-) score(7272.00) noncoding_equivalent(3074.00) raw_noncoding(3423.00) offset(349.00)
436541	436494	terminal-	4	6	{GlimmerHMM_glimmerT_5978-T1;GlimmerHMM},{Augustus_model.g4994.t1;Augustus},{GeneMark_model.6413_t;GeneMark}
436650	436542	INTRON			{GlimmerHMM_glimmerT_5978-T1;GlimmerHMM},{Augustus_model.g4994.t1;Augustus},{GeneMark_model.6413_t;GeneMark}
436916	436651	internal-	5	6	{GlimmerHMM_glimmerT_5978-T1;GlimmerHMM},{Augustus_model.g4994.t1;Augustus},{GeneMark_model.6413_t;GeneMark}
436995	436917	INTRON			{GlimmerHMM_glimmerT_5978-T1;GlimmerHMM},{Augustus_model.g4994.t1;Augustus},{GeneMark_model.6413_t;GeneMark}
437295	436996	internal-	5	4	{GlimmerHMM_glimmerT_5978-T1;GlimmerHMM},{Augustus_model.g4994.t1;Augustus},{GeneMark_model.6413_t;GeneMark}
437370	437296	INTRON			{GlimmerHMM_glimmerT_5978-T1;GlimmerHMM},{Augustus_model.g4994.t1;Augustus},{GeneMark_model.6413_t;GeneMark}
437674	437371	internal-	4	4	{GlimmerHMM_glimmerT_5978-T1;GlimmerHMM},{Augustus_model.g4994.t1;Augustus},{GeneMark_model.6413_t;GeneMark}
437744	437675	INTRON			{GlimmerHMM_glimmerT_5978-T1;GlimmerHMM},{Augustus_model.g4994.t1;Augustus},{GeneMark_model.6413_t;GeneMark}
438917	437745	initial-	4	6	{GlimmerHMM_glimmerT_5978-T1;GlimmerHMM},{Augustus_model.g4994.t1;Augustus},{GeneMark_model.6413_t;GeneMark}

# EVM prediction: Mode:STANDARD S-ratio: 4.93 439181-440540 orient(-) score(4761.00) noncoding_equivalent(966.32) raw_noncoding(1123.00) offset(156.68)
439852	439181	terminal-	4	6	{GeneMark_model.6414_t;GeneMark},{snap_scaffold_17-snap.156-T1;snap},{GlimmerHMM_glimmerT_5979-T1;GlimmerHMM},{Augustus_model.g4995.t1;Augustus}
439931	439853	INTRON			{GeneMark_model.6414_t;GeneMark},{GlimmerHMM_glimmerT_5979-T1;GlimmerHMM},{Augustus_model.g4995.t1;Augustus}
440191	439932	internal-	5	6	{GeneMark_model.6414_t;GeneMark},{GlimmerHMM_glimmerT_5979-T1;GlimmerHMM},{Augustus_model.g4995.t1;Augustus}
440260	440192	INTRON			{GeneMark_model.6414_t;GeneMark},{GlimmerHMM_glimmerT_5979-T1;GlimmerHMM},{Augustus_model.g4995.t1;Augustus}
440540	440261	initial-	4	4	{GeneMark_model.6414_t;GeneMark},{GlimmerHMM_glimmerT_5979-T1;GlimmerHMM},{Augustus_model.g4995.t1;Augustus}

# EVM prediction: Mode:STANDARD S-ratio: 3.59 440903-442644 orient(+) score(5081.00) noncoding_equivalent(1415.41) raw_noncoding(2569.37) offset(1153.95)
440903	440919	initial+	1	2	{GeneMark_model.6415_t;GeneMark}
440920	441295	INTRON			{GeneMark_model.6415_t;GeneMark}
441296	441387	internal+	3	1	{GeneMark_model.6415_t;GeneMark}
441388	441460	INTRON			{GlimmerHMM_glimmerT_5980-T1;GlimmerHMM},{GeneMark_model.6415_t;GeneMark},{Augustus_model.g4996.t1;Augustus}
441461	441568	internal+	2	1	{GlimmerHMM_glimmerT_5980-T1;GlimmerHMM},{GeneMark_model.6415_t;GeneMark},{Augustus_model.g4996.t1;Augustus}
441569	441640	INTRON			{GlimmerHMM_glimmerT_5980-T1;GlimmerHMM},{GeneMark_model.6415_t;GeneMark},{Augustus_model.g4996.t1;Augustus}
441641	442644	terminal+	2	3	{GlimmerHMM_glimmerT_5980-T1;GlimmerHMM},{GeneMark_model.6415_t;GeneMark}

# EVM prediction: Mode:STANDARD S-ratio: 2.84 442782-447936 orient(+) score(14459.00) noncoding_equivalent(5088.25) raw_noncoding(9474.77) offset(4386.52)
442782	442890	initial+	1	1	{GeneMark_model.6416_t;GeneMark},{GlimmerHMM_glimmerT_5981-T1;GlimmerHMM}
442891	442980	INTRON			{Augustus_model.g4996.t1;Augustus},{GeneMark_model.6416_t;GeneMark},{GlimmerHMM_glimmerT_5981-T1;GlimmerHMM}
442981	443023	internal+	2	2	{Augustus_model.g4996.t1;Augustus},{GeneMark_model.6416_t;GeneMark},{GlimmerHMM_glimmerT_5981-T1;GlimmerHMM}
443024	443132	INTRON			{Augustus_model.g4996.t1;Augustus},{GeneMark_model.6416_t;GeneMark},{GlimmerHMM_glimmerT_5981-T1;GlimmerHMM}
443133	443214	internal+	3	3	{Augustus_model.g4996.t1;Augustus},{GeneMark_model.6416_t;GeneMark},{GlimmerHMM_glimmerT_5981-T1;GlimmerHMM}
443215	443287	INTRON			{Augustus_model.g4996.t1;Augustus},{GeneMark_model.6416_t;GeneMark},{GlimmerHMM_glimmerT_5981-T1;GlimmerHMM}
443288	443640	internal+	1	2	{Augustus_model.g4996.t1;Augustus},{GeneMark_model.6416_t;GeneMark},{GlimmerHMM_glimmerT_5981-T1;GlimmerHMM}
443641	443720	INTRON			{Augustus_model.g4996.t1;Augustus},{GeneMark_model.6416_t;GeneMark},{GlimmerHMM_glimmerT_5981-T1;GlimmerHMM}
443721	443925	internal+	3	3	{Augustus_model.g4996.t1;Augustus},{GeneMark_model.6416_t;GeneMark}
443926	444596	INTRON			{Augustus_model.g4996.t1;Augustus},{GeneMark_model.6416_t;GeneMark}
444597	444753	internal+	1	1	{Augustus_model.g4996.t1;Augustus},{GeneMark_model.6416_t;GeneMark}
444754	444865	INTRON			{Augustus_model.g4996.t1;Augustus},{GeneMark_model.6416_t;GeneMark},{GlimmerHMM_glimmerT_5981-T1;GlimmerHMM}
444866	445417	internal+	2	1	{GlimmerHMM_glimmerT_5981-T1;GlimmerHMM}
445418	446470	INTRON			{GlimmerHMM_glimmerT_5981-T1;GlimmerHMM}
446471	447291	internal+	2	3	{Augustus_model.g4996.t1;Augustus},{GlimmerHMM_glimmerT_5981-T1;GlimmerHMM}
447292	447360	INTRON			{Augustus_model.g4996.t1;Augustus},{GeneMark_model.6416_t;GeneMark},{GlimmerHMM_glimmerT_5981-T1;GlimmerHMM}
447361	447936	terminal+	1	3	{Augustus_model.g4996.t1;Augustus},{GeneMark_model.6416_t;GeneMark},{GlimmerHMM_glimmerT_5981-T1;GlimmerHMM}

# EVM prediction: Mode:STANDARD S-ratio: 3.70 448257-450709 orient(-) score(7724.00) noncoding_equivalent(2086.60) raw_noncoding(2960.00) offset(873.40)
449573	448257	terminal-	4	6	{GlimmerHMM_glimmerT_5982-T1;GlimmerHMM},{snap_scaffold_17-snap.161-T1;snap},{GeneMark_model.6417_t;GeneMark}
449633	449574	INTRON			{Augustus_model.g4997.t1;Augustus},{GlimmerHMM_glimmerT_5982-T1;GlimmerHMM},{GeneMark_model.6417_t;GeneMark}
449726	449634	internal-	4	6	{Augustus_model.g4997.t1;Augustus},{GlimmerHMM_glimmerT_5982-T1;GlimmerHMM},{GeneMark_model.6417_t;GeneMark}
449793	449727	INTRON			{Augustus_model.g4997.t1;Augustus},{GeneMark_model.6417_t;GeneMark}
449850	449794	internal-	4	6	{Augustus_model.g4997.t1;Augustus},{GeneMark_model.6417_t;GeneMark}
449907	449851	INTRON			{Augustus_model.g4997.t1;Augustus},{GeneMark_model.6417_t;GeneMark}
449975	449908	internal-	5	6	{Augustus_model.g4997.t1;Augustus},{GeneMark_model.6417_t;GeneMark}
450037	449976	INTRON			{Augustus_model.g4997.t1;Augustus},{GeneMark_model.6417_t;GeneMark}
450185	450038	internal-	4	4	{Augustus_model.g4997.t1;Augustus},{GlimmerHMM_glimmerT_5982-T1;GlimmerHMM},{GeneMark_model.6417_t;GeneMark}
450241	450186	INTRON			{GlimmerHMM_glimmerT_5982-T1;GlimmerHMM}
450494	450242	internal-	6	6	{GlimmerHMM_glimmerT_5982-T1;GlimmerHMM}
450555	450495	INTRON			{Augustus_model.g4997.t1;Augustus},{GeneMark_model.6417_t;GeneMark}
450576	450556	internal-	6	5	{Augustus_model.g4997.t1;Augustus},{GeneMark_model.6417_t;GeneMark}
450650	450577	INTRON			{Augustus_model.g4997.t1;Augustus},{GeneMark_model.6417_t;GeneMark}
450709	450651	initial-	4	5	{GlimmerHMM_glimmerT_5982-T1;GlimmerHMM}

# EVM prediction: Mode:STANDARD S-ratio: 8.62 451509-453951 orient(-) score(9122.00) noncoding_equivalent(1058.28) raw_noncoding(1290.49) offset(232.21)
452362	451509	terminal-	5	6	{GeneMark_model.6418_t;GeneMark},{GlimmerHMM_glimmerT_5983-T1;GlimmerHMM}
452446	452363	INTRON			{GeneMark_model.6418_t;GeneMark},{GlimmerHMM_glimmerT_5983-T1;GlimmerHMM},{Augustus_model.g4997.t1;Augustus}
453152	452447	internal-	4	4	{GeneMark_model.6418_t;GeneMark},{GlimmerHMM_glimmerT_5983-T1;GlimmerHMM},{Augustus_model.g4997.t1;Augustus}
453225	453153	INTRON			{GlimmerHMM_glimmerT_5983-T1;GlimmerHMM},{Augustus_model.g4997.t1;Augustus}
453309	453226	internal-	4	6	{GlimmerHMM_glimmerT_5983-T1;GlimmerHMM},{Augustus_model.g4997.t1;Augustus}
453371	453310	INTRON			{GeneMark_model.6418_t;GeneMark},{GlimmerHMM_glimmerT_5983-T1;GlimmerHMM},{Augustus_model.g4997.t1;Augustus}
453842	453372	internal-	4	6	{GeneMark_model.6418_t;GeneMark},{GlimmerHMM_glimmerT_5983-T1;GlimmerHMM},{Augustus_model.g4997.t1;Augustus}
453909	453843	INTRON			{GeneMark_model.6418_t;GeneMark},{GlimmerHMM_glimmerT_5983-T1;GlimmerHMM},{Augustus_model.g4997.t1;Augustus}
453951	453910	initial-	4	6	{GeneMark_model.6418_t;GeneMark},{GlimmerHMM_glimmerT_5983-T1;GlimmerHMM},{Augustus_model.g4997.t1;Augustus}

# EVM prediction: Mode:STANDARD S-ratio: 6.33 454527-459114 orient(+) score(16624.00) noncoding_equivalent(2624.43) raw_noncoding(2958.15) offset(333.72)
454527	454555	initial+	1	2	{GlimmerHMM_glimmerT_5984-T1;GlimmerHMM},{Augustus_model.g4998.t1;Augustus},{GeneMark_model.6419_t;GeneMark}
454556	454626	INTRON			{GlimmerHMM_glimmerT_5984-T1;GlimmerHMM},{snap_scaffold_17-snap.164-T1;snap},{Augustus_model.g4998.t1;Augustus},{GeneMark_model.6419_t;GeneMark}
454627	455313	internal+	3	2	{GlimmerHMM_glimmerT_5984-T1;GlimmerHMM},{Augustus_model.g4998.t1;Augustus},{GeneMark_model.6419_t;GeneMark}
455314	455392	INTRON			{GlimmerHMM_glimmerT_5984-T1;GlimmerHMM},{Augustus_model.g4998.t1;Augustus},{GeneMark_model.6419_t;GeneMark}
455393	455792	internal+	3	3	{GlimmerHMM_glimmerT_5984-T1;GlimmerHMM},{Augustus_model.g4998.t1;Augustus},{GeneMark_model.6419_t;GeneMark}
455793	455869	INTRON			{GlimmerHMM_glimmerT_5984-T1;GlimmerHMM},{Augustus_model.g4998.t1;Augustus},{GeneMark_model.6419_t;GeneMark}
455870	456121	internal+	1	3	{GlimmerHMM_glimmerT_5984-T1;GlimmerHMM},{Augustus_model.g4998.t1;Augustus},{GeneMark_model.6419_t;GeneMark}
456122	456216	INTRON			{GlimmerHMM_glimmerT_5984-T1;GlimmerHMM},{Augustus_model.g4998.t1;Augustus},{GeneMark_model.6419_t;GeneMark}
456217	458539	internal+	1	1	{GlimmerHMM_glimmerT_5984-T1;GlimmerHMM},{GeneMark_model.6419_t;GeneMark}
458540	458608	INTRON			{GlimmerHMM_glimmerT_5984-T1;GlimmerHMM},{Augustus_model.g4998.t1;Augustus},{GeneMark_model.6419_t;GeneMark}
458609	459114	terminal+	2	3	{GlimmerHMM_glimmerT_5984-T1;GlimmerHMM},{GeneMark_model.6419_t;GeneMark}

# EVM prediction: Mode:STANDARD S-ratio: 1.93 459503-460381 orient(+) score(2121.00) noncoding_equivalent(1097.72) raw_noncoding(1476.87) offset(379.15)
459503	459509	initial+	1	1	{snap_scaffold_17-snap.166-T1;snap},{GeneMark_model.6420_t;GeneMark}
459510	459659	INTRON			{snap_scaffold_17-snap.166-T1;snap}
459660	460381	terminal+	2	3	{snap_scaffold_17-snap.166-T1;snap}

# EVM prediction: Mode:STANDARD S-ratio: 2.08 461101-463510 orient(+) score(7328.00) noncoding_equivalent(3521.79) raw_noncoding(4318.04) offset(796.25)
461101	461236	initial+	1	1	{GeneMark_model.6421_t;GeneMark},{GlimmerHMM_glimmerT_5986-T1;GlimmerHMM}
461237	461296	INTRON			{GeneMark_model.6421_t;GeneMark},{Augustus_model.g4998.t1;Augustus}
461297	461325	internal+	2	3	{GeneMark_model.6421_t;GeneMark},{Augustus_model.g4998.t1;Augustus}
461326	461388	INTRON			{GeneMark_model.6421_t;GeneMark},{Augustus_model.g4998.t1;Augustus}
461389	461867	internal+	1	2	{GeneMark_model.6421_t;GeneMark}
461868	462231	INTRON			{GeneMark_model.6421_t;GeneMark},{GlimmerHMM_glimmerT_5986-T1;GlimmerHMM},{Augustus_model.g4998.t1;Augustus}
462232	462331	internal+	3	3	{GeneMark_model.6421_t;GeneMark},{GlimmerHMM_glimmerT_5986-T1;GlimmerHMM},{Augustus_model.g4998.t1;Augustus}
462332	462432	INTRON			{GeneMark_model.6421_t;GeneMark},{GlimmerHMM_glimmerT_5986-T1;GlimmerHMM},{Augustus_model.g4998.t1;Augustus}
462433	462604	internal+	1	1	{GeneMark_model.6421_t;GeneMark},{GlimmerHMM_glimmerT_5986-T1;GlimmerHMM},{Augustus_model.g4998.t1;Augustus}
462605	462669	INTRON			{GeneMark_model.6421_t;GeneMark},{GlimmerHMM_glimmerT_5986-T1;GlimmerHMM},{Augustus_model.g4998.t1;Augustus}
462670	463362	internal+	2	1	{GeneMark_model.6421_t;GeneMark},{GlimmerHMM_glimmerT_5986-T1;GlimmerHMM},{Augustus_model.g4998.t1;Augustus}
463363	463448	INTRON			{GeneMark_model.6421_t;GeneMark},{GlimmerHMM_glimmerT_5986-T1;GlimmerHMM},{Augustus_model.g4998.t1;Augustus}
463449	463510	terminal+	2	3	{GeneMark_model.6421_t;GeneMark},{GlimmerHMM_glimmerT_5986-T1;GlimmerHMM},{Augustus_model.g4998.t1;Augustus}

# EVM prediction: Mode:STANDARD S-ratio: 2.55 464110-467115 orient(+) score(10102.00) noncoding_equivalent(3966.27) raw_noncoding(4750.77) offset(784.50)
464110	464193	initial+	1	3	{GeneMark_model.6422_t;GeneMark},{GlimmerHMM_glimmerT_5987-T1;GlimmerHMM},{Augustus_model.g4999.t1;Augustus}
464194	464253	INTRON			{GeneMark_model.6422_t;GeneMark},{GlimmerHMM_glimmerT_5987-T1;GlimmerHMM},{Augustus_model.g4999.t1;Augustus}
464254	464713	internal+	1	1	{GeneMark_model.6422_t;GeneMark},{GlimmerHMM_glimmerT_5987-T1;GlimmerHMM},{Augustus_model.g4999.t1;Augustus}
464714	465008	INTRON			{GeneMark_model.6422_t;GeneMark},{GlimmerHMM_glimmerT_5987-T1;GlimmerHMM},{Augustus_model.g4999.t1;Augustus}
465009	465143	internal+	2	1	{GeneMark_model.6422_t;GeneMark},{GlimmerHMM_glimmerT_5987-T1;GlimmerHMM},{Augustus_model.g4999.t1;Augustus}
465144	465260	INTRON			{GeneMark_model.6422_t;GeneMark},{GlimmerHMM_glimmerT_5987-T1;GlimmerHMM},{Augustus_model.g4999.t1;Augustus}
465261	465358	internal+	2	3	{GeneMark_model.6422_t;GeneMark},{GlimmerHMM_glimmerT_5987-T1;GlimmerHMM},{Augustus_model.g4999.t1;Augustus}
465359	465434	INTRON			{GeneMark_model.6422_t;GeneMark},{GlimmerHMM_glimmerT_5987-T1;GlimmerHMM},{Augustus_model.g4999.t1;Augustus}
465435	465665	internal+	1	3	{GeneMark_model.6422_t;GeneMark},{GlimmerHMM_glimmerT_5987-T1;GlimmerHMM},{Augustus_model.g4999.t1;Augustus}
465666	465736	INTRON			{GeneMark_model.6422_t;GeneMark},{GlimmerHMM_glimmerT_5987-T1;GlimmerHMM},{Augustus_model.g4999.t1;Augustus}
465737	465793	internal+	1	3	{GeneMark_model.6422_t;GeneMark},{GlimmerHMM_glimmerT_5987-T1;GlimmerHMM},{Augustus_model.g4999.t1;Augustus}
465794	465858	INTRON			{GeneMark_model.6422_t;GeneMark},{GlimmerHMM_glimmerT_5987-T1;GlimmerHMM},{Augustus_model.g4999.t1;Augustus}
465859	465970	internal+	1	1	{GeneMark_model.6422_t;GeneMark},{GlimmerHMM_glimmerT_5987-T1;GlimmerHMM},{Augustus_model.g4999.t1;Augustus}
465971	466030	INTRON			{GeneMark_model.6422_t;GeneMark},{GlimmerHMM_glimmerT_5987-T1;GlimmerHMM},{Augustus_model.g4999.t1;Augustus}
466031	466398	internal+	2	3	{GeneMark_model.6422_t;GeneMark},{GlimmerHMM_glimmerT_5987-T1;GlimmerHMM},{Augustus_model.g4999.t1;Augustus}
466399	466695	INTRON			{GeneMark_model.6422_t;GeneMark},{GlimmerHMM_glimmerT_5987-T1;GlimmerHMM},{Augustus_model.g4999.t1;Augustus}
466696	467115	terminal+	1	3	{GeneMark_model.6422_t;GeneMark},{snap_scaffold_17-snap.170-T1;snap},{GlimmerHMM_glimmerT_5987-T1;GlimmerHMM},{Augustus_model.g4999.t1;Augustus}

# EVM prediction: Mode:STANDARD S-ratio: 1.68 467330-468530 orient(+) score(3388.00) noncoding_equivalent(2016.83) raw_noncoding(2587.00) offset(570.17)
467330	467371	initial+	1	3	{GeneMark_model.6423_t;GeneMark},{GlimmerHMM_glimmerT_5988-T1;GlimmerHMM},{Augustus_model.g5000.t1;Augustus}
467372	467444	INTRON			{GeneMark_model.6423_t;GeneMark},{GlimmerHMM_glimmerT_5988-T1;GlimmerHMM},{Augustus_model.g5000.t1;Augustus}
467445	467614	internal+	1	2	{GeneMark_model.6423_t;GeneMark},{GlimmerHMM_glimmerT_5988-T1;GlimmerHMM},{Augustus_model.g5000.t1;Augustus}
467615	467682	INTRON			{GeneMark_model.6423_t;GeneMark},{GlimmerHMM_glimmerT_5988-T1;GlimmerHMM},{Augustus_model.g5000.t1;Augustus}
467683	467786	internal+	3	1	{GeneMark_model.6423_t;GeneMark},{GlimmerHMM_glimmerT_5988-T1;GlimmerHMM},{Augustus_model.g5000.t1;Augustus}
467787	467892	INTRON			{GeneMark_model.6423_t;GeneMark},{GlimmerHMM_glimmerT_5988-T1;GlimmerHMM},{Augustus_model.g5000.t1;Augustus}
467893	468008	internal+	2	3	{GeneMark_model.6423_t;GeneMark},{Augustus_model.g5000.t1;Augustus}
468009	468109	INTRON			{GeneMark_model.6423_t;GeneMark},{Augustus_model.g5000.t1;Augustus}
468110	468162	internal+	1	2	{GeneMark_model.6423_t;GeneMark},{Augustus_model.g5000.t1;Augustus}
468163	468223	INTRON			{GeneMark_model.6423_t;GeneMark},{Augustus_model.g5000.t1;Augustus}
468224	468366	internal+	3	1	{GeneMark_model.6423_t;GeneMark},{GlimmerHMM_glimmerT_5988-T1;GlimmerHMM},{Augustus_model.g5000.t1;Augustus}
468367	468428	INTRON			{GeneMark_model.6423_t;GeneMark},{GlimmerHMM_glimmerT_5988-T1;GlimmerHMM},{Augustus_model.g5000.t1;Augustus}
468429	468530	internal+	2	1	{GlimmerHMM_glimmerT_5988-T1;GlimmerHMM}

