!! Predictions spanning range 3369 - 161455 [R1]
# EVM prediction: Mode:STANDARD S-ratio: 3.23 3369-4470 orient(+) score(6994.00) noncoding_equivalent(2162.00) raw_noncoding(3073.00) offset(911.00) 
3369	3414	initial+	1	1	{Augustus_model.g4356.t1;Augustus},{GeneMark_model.5645_t;GeneMark}
3415	3541	INTRON			{Augustus_model.g4356.t1;Augustus},{GeneMark_model.5645_t;GeneMark},{ev_type:exonerate/ID=match.2566964.3041/Target=lcl|BJWK01000022_1_prot_GEM12576_1_6593;exonerate},{ev_type:exonerate/ID=match.2566964.3042/Target=lcl|KQ954535_1_prot_KWU41523_1_6130;exonerate},{ev_type:exonerate/ID=match.2566964.3040/Target=lcl|LCTV02000013_1_prot_PRQ70939_1_2111;exonerate}
3542	3626	internal+	2	2	{Augustus_model.g4356.t1;Augustus},{GeneMark_model.5645_t;GeneMark},{ev_type:exonerate/ID=match.2566964.3041/Target=lcl|BJWK01000022_1_prot_GEM12576_1_6593;exonerate},{ev_type:exonerate/ID=match.2566964.3042/Target=lcl|KQ954535_1_prot_KWU41523_1_6130;exonerate},{ev_type:exonerate/ID=match.2566964.3040/Target=lcl|LCTV02000013_1_prot_PRQ70939_1_2111;exonerate}
3627	3812	INTRON			{Augustus_model.g4356.t1;Augustus},{GeneMark_model.5645_t;GeneMark},{ev_type:exonerate/ID=match.2566964.3041/Target=lcl|BJWK01000022_1_prot_GEM12576_1_6593;exonerate},{ev_type:exonerate/ID=match.2566964.3042/Target=lcl|KQ954535_1_prot_KWU41523_1_6130;exonerate},{ev_type:exonerate/ID=match.2566964.3039/Target=lcl|PJQD01000046_1_prot_POY72863_1_4193;exonerate},{ev_type:exonerate/ID=match.2566964.3040/Target=lcl|LCTV02000013_1_prot_PRQ70939_1_2111;exonerate}
3813	3928	internal+	3	1	{Augustus_model.g4356.t1;Augustus},{GeneMark_model.5645_t;GeneMark},{ev_type:exonerate/ID=match.2566964.3041/Target=lcl|BJWK01000022_1_prot_GEM12576_1_6593;exonerate},{ev_type:exonerate/ID=match.2566964.3042/Target=lcl|KQ954535_1_prot_KWU41523_1_6130;exonerate},{ev_type:exonerate/ID=match.2566964.3039/Target=lcl|PJQD01000046_1_prot_POY72863_1_4193;exonerate},{ev_type:exonerate/ID=match.2566964.3040/Target=lcl|LCTV02000013_1_prot_PRQ70939_1_2111;exonerate}
3929	4008	INTRON			{Augustus_model.g4356.t1;Augustus},{GeneMark_model.5645_t;GeneMark},{GlimmerHMM_glimmerT_5273-T1;GlimmerHMM},{ev_type:exonerate/ID=match.2566964.3041/Target=lcl|BJWK01000022_1_prot_GEM12576_1_6593;exonerate},{ev_type:exonerate/ID=match.2566964.3042/Target=lcl|KQ954535_1_prot_KWU41523_1_6130;exonerate},{ev_type:exonerate/ID=match.2566964.3039/Target=lcl|PJQD01000046_1_prot_POY72863_1_4193;exonerate},{ev_type:exonerate/ID=match.2566964.3040/Target=lcl|LCTV02000013_1_prot_PRQ70939_1_2111;exonerate}
4009	4121	internal+	2	3	{Augustus_model.g4356.t1;Augustus},{GeneMark_model.5645_t;GeneMark},{GlimmerHMM_glimmerT_5273-T1;GlimmerHMM},{ev_type:exonerate/ID=match.2566964.3041/Target=lcl|BJWK01000022_1_prot_GEM12576_1_6593;exonerate},{ev_type:exonerate/ID=match.2566964.3042/Target=lcl|KQ954535_1_prot_KWU41523_1_6130;exonerate},{ev_type:exonerate/ID=match.2566964.3039/Target=lcl|PJQD01000046_1_prot_POY72863_1_4193;exonerate},{ev_type:exonerate/ID=match.2566964.3040/Target=lcl|LCTV02000013_1_prot_PRQ70939_1_2111;exonerate}
4122	4222	INTRON			{Augustus_model.g4356.t1;Augustus},{GeneMark_model.5645_t;GeneMark},{GlimmerHMM_glimmerT_5273-T1;GlimmerHMM},{ev_type:exonerate/ID=match.2566964.3041/Target=lcl|BJWK01000022_1_prot_GEM12576_1_6593;exonerate},{ev_type:exonerate/ID=match.2566964.3042/Target=lcl|KQ954535_1_prot_KWU41523_1_6130;exonerate},{ev_type:exonerate/ID=match.2566964.3039/Target=lcl|PJQD01000046_1_prot_POY72863_1_4193;exonerate},{ev_type:exonerate/ID=match.2566964.3040/Target=lcl|LCTV02000013_1_prot_PRQ70939_1_2111;exonerate}
4223	4294	internal+	1	3	{Augustus_model.g4356.t1;Augustus},{GeneMark_model.5645_t;GeneMark},{GlimmerHMM_glimmerT_5273-T1;GlimmerHMM},{ev_type:exonerate/ID=match.2566964.3041/Target=lcl|BJWK01000022_1_prot_GEM12576_1_6593;exonerate},{ev_type:exonerate/ID=match.2566964.3042/Target=lcl|KQ954535_1_prot_KWU41523_1_6130;exonerate},{ev_type:exonerate/ID=match.2566964.3039/Target=lcl|PJQD01000046_1_prot_POY72863_1_4193;exonerate},{ev_type:exonerate/ID=match.2566964.3040/Target=lcl|LCTV02000013_1_prot_PRQ70939_1_2111;exonerate}
4295	4386	INTRON			{Augustus_model.g4356.t1;Augustus},{GeneMark_model.5645_t;GeneMark},{GlimmerHMM_glimmerT_5273-T1;GlimmerHMM},{ev_type:exonerate/ID=match.2566964.3041/Target=lcl|BJWK01000022_1_prot_GEM12576_1_6593;exonerate},{ev_type:exonerate/ID=match.2566964.3042/Target=lcl|KQ954535_1_prot_KWU41523_1_6130;exonerate},{ev_type:exonerate/ID=match.2566964.3039/Target=lcl|PJQD01000046_1_prot_POY72863_1_4193;exonerate},{ev_type:exonerate/ID=match.2566964.3040/Target=lcl|LCTV02000013_1_prot_PRQ70939_1_2111;exonerate}
4387	4470	terminal+	1	3	{Augustus_model.g4356.t1;Augustus},{GeneMark_model.5645_t;GeneMark},{GlimmerHMM_glimmerT_5273-T1;GlimmerHMM}

# EVM prediction: Mode:STANDARD S-ratio: 3.03 5383-8250 orient(+) score(9266.00) noncoding_equivalent(3058.45) raw_noncoding(3363.00) offset(304.55) 
5383	6114	initial+	1	3	{GlimmerHMM_glimmerT_5274-T1;GlimmerHMM},{GeneMark_model.5646_t;GeneMark}
6115	6176	INTRON			{GlimmerHMM_glimmerT_5274-T1;GlimmerHMM},{Augustus_model.g4357.t1;Augustus},{GeneMark_model.5646_t;GeneMark},{ev_type:exonerate/ID=match.2566964.4318/Target=lcl|KQ954535_1_prot_KWU41524_1_6131;exonerate},{ev_type:exonerate/ID=match.2566964.4320/Target=lcl|NW_017264944_1_prot_XP_018268038_1_6618;exonerate}
6177	7427	internal+	1	3	{GlimmerHMM_glimmerT_5274-T1;GlimmerHMM},{GeneMark_model.5646_t;GeneMark}
7428	7516	INTRON			{GlimmerHMM_glimmerT_5274-T1;GlimmerHMM},{GeneMark_model.5646_t;GeneMark}
7517	7736	internal+	1	1	{GlimmerHMM_glimmerT_5274-T1;GlimmerHMM},{Augustus_model.g4357.t1;Augustus},{GeneMark_model.5646_t;GeneMark}
7737	7810	INTRON			{GlimmerHMM_glimmerT_5274-T1;GlimmerHMM},{Augustus_model.g4357.t1;Augustus},{GeneMark_model.5646_t;GeneMark}
7811	8250	terminal+	2	3	{GlimmerHMM_glimmerT_5274-T1;GlimmerHMM},{Augustus_model.g4357.t1;Augustus},{GeneMark_model.5646_t;GeneMark}

# EVM prediction: Mode:STANDARD S-ratio: 2.87 8357-9778 orient(-) score(4797.00) noncoding_equivalent(1674.08) raw_noncoding(2067.00) offset(392.92) 
8887	8357	terminal-	4	6	{GeneMark_model.5647_t;GeneMark},{GlimmerHMM_glimmerT_5275-T1;GlimmerHMM},{snap_scaffold_14-snap.18-T1;snap},{Augustus_model.g4358.t1;Augustus}
8975	8888	INTRON			{GeneMark_model.5647_t;GeneMark},{GlimmerHMM_glimmerT_5275-T1;GlimmerHMM},{Augustus_model.g4358.t1;Augustus}
9322	8976	internal-	5	6	{GeneMark_model.5647_t;GeneMark},{GlimmerHMM_glimmerT_5275-T1;GlimmerHMM},{Augustus_model.g4358.t1;Augustus}
9630	9323	INTRON			{GeneMark_model.5647_t;GeneMark},{GlimmerHMM_glimmerT_5275-T1;GlimmerHMM},{Augustus_model.g4358.t1;Augustus}
9778	9631	initial-	4	4	{GeneMark_model.5647_t;GeneMark},{GlimmerHMM_glimmerT_5275-T1;GlimmerHMM},{Augustus_model.g4358.t1;Augustus}

# EVM prediction: Mode:STANDARD S-ratio: 3.18 10938-12554 orient(+) score(5827.00) noncoding_equivalent(1832.27) raw_noncoding(2448.00) offset(615.73) 
10938	11328	initial+	1	1	{Augustus_model.g4359.t1;Augustus},{GlimmerHMM_glimmerT_5276-T1;GlimmerHMM},{GeneMark_model.5648_t;GeneMark}
11329	11399	INTRON			{Augustus_model.g4359.t1;Augustus},{GlimmerHMM_glimmerT_5276-T1;GlimmerHMM},{GeneMark_model.5648_t;GeneMark}
11400	11521	internal+	2	3	{Augustus_model.g4359.t1;Augustus},{GlimmerHMM_glimmerT_5276-T1;GlimmerHMM},{GeneMark_model.5648_t;GeneMark}
11522	11581	INTRON			{Augustus_model.g4359.t1;Augustus},{GeneMark_model.5648_t;GeneMark},{ev_type:exonerate/ID=match.2566964.4282/Target=lcl|KQ954529_1_prot_KWU41682_1_5974;exonerate}
11582	11617	internal+	1	3	{Augustus_model.g4359.t1;Augustus},{GeneMark_model.5648_t;GeneMark},{ev_type:exonerate/ID=match.2566964.4282/Target=lcl|KQ954529_1_prot_KWU41682_1_5974;exonerate}
11618	11685	INTRON			{Augustus_model.g4359.t1;Augustus},{GeneMark_model.5648_t;GeneMark},{ev_type:exonerate/ID=match.2566964.4282/Target=lcl|KQ954529_1_prot_KWU41682_1_5974;exonerate}
11686	11738	internal+	1	2	{Augustus_model.g4359.t1;Augustus},{GeneMark_model.5648_t;GeneMark},{ev_type:exonerate/ID=match.2566964.4282/Target=lcl|KQ954529_1_prot_KWU41682_1_5974;exonerate}
11739	11807	INTRON			{Augustus_model.g4359.t1;Augustus},{GeneMark_model.5648_t;GeneMark},{ev_type:exonerate/ID=match.2566964.4282/Target=lcl|KQ954529_1_prot_KWU41682_1_5974;exonerate}
11808	11975	internal+	3	2	{Augustus_model.g4359.t1;Augustus},{GeneMark_model.5648_t;GeneMark},{ev_type:exonerate/ID=match.2566964.4282/Target=lcl|KQ954529_1_prot_KWU41682_1_5974;exonerate}
11976	12037	INTRON			{Augustus_model.g4359.t1;Augustus},{GlimmerHMM_glimmerT_5276-T1;GlimmerHMM},{GeneMark_model.5648_t;GeneMark},{ev_type:exonerate/ID=match.2566964.4282/Target=lcl|KQ954529_1_prot_KWU41682_1_5974;exonerate}
12038	12086	internal+	3	3	{Augustus_model.g4359.t1;Augustus},{GlimmerHMM_glimmerT_5276-T1;GlimmerHMM},{GeneMark_model.5648_t;GeneMark},{ev_type:exonerate/ID=match.2566964.4282/Target=lcl|KQ954529_1_prot_KWU41682_1_5974;exonerate}
12087	12161	INTRON			{Augustus_model.g4359.t1;Augustus},{GeneMark_model.5648_t;GeneMark},{ev_type:exonerate/ID=match.2566964.4282/Target=lcl|KQ954529_1_prot_KWU41682_1_5974;exonerate}
12162	12554	terminal+	1	3	{Augustus_model.g4359.t1;Augustus},{GeneMark_model.5648_t;GeneMark}

# EVM prediction: Mode:STANDARD S-ratio: 1.75 13411-16474 orient(+) score(8529.00) noncoding_equivalent(4865.67) raw_noncoding(6252.47) offset(1386.80) 
13411	13441	initial+	1	1	{Augustus_model.g4360.t1;Augustus}
13442	13752	INTRON			{GlimmerHMM_glimmerT_5277-T1;GlimmerHMM},{Augustus_model.g4360.t1;Augustus}
13753	13879	internal+	2	2	{GlimmerHMM_glimmerT_5277-T1;GlimmerHMM},{Augustus_model.g4360.t1;Augustus}
13880	13948	INTRON			{GeneMark_model.5649_t;GeneMark},{GlimmerHMM_glimmerT_5277-T1;GlimmerHMM},{Augustus_model.g4360.t1;Augustus}
13949	14155	internal+	3	2	{GeneMark_model.5649_t;GeneMark},{GlimmerHMM_glimmerT_5277-T1;GlimmerHMM},{Augustus_model.g4360.t1;Augustus}
14156	14221	INTRON			{GeneMark_model.5649_t;GeneMark},{GlimmerHMM_glimmerT_5277-T1;GlimmerHMM},{Augustus_model.g4360.t1;Augustus}
14222	14409	internal+	3	1	{GeneMark_model.5649_t;GeneMark},{GlimmerHMM_glimmerT_5277-T1;GlimmerHMM},{Augustus_model.g4360.t1;Augustus}
14410	14501	INTRON			{GeneMark_model.5649_t;GeneMark},{GlimmerHMM_glimmerT_5277-T1;GlimmerHMM},{Augustus_model.g4360.t1;Augustus}
14502	14646	internal+	2	2	{GeneMark_model.5649_t;GeneMark},{GlimmerHMM_glimmerT_5277-T1;GlimmerHMM},{Augustus_model.g4360.t1;Augustus}
14647	14715	INTRON			{GeneMark_model.5649_t;GeneMark},{GlimmerHMM_glimmerT_5277-T1;GlimmerHMM},{Augustus_model.g4360.t1;Augustus}
14716	14946	internal+	3	2	{GeneMark_model.5649_t;GeneMark},{GlimmerHMM_glimmerT_5277-T1;GlimmerHMM},{Augustus_model.g4360.t1;Augustus}
14947	15012	INTRON			{GeneMark_model.5649_t;GeneMark},{GlimmerHMM_glimmerT_5277-T1;GlimmerHMM},{Augustus_model.g4360.t1;Augustus}
15013	15242	internal+	3	1	{GeneMark_model.5649_t;GeneMark},{Augustus_model.g4360.t1;Augustus}
15243	15326	INTRON			{GeneMark_model.5649_t;GeneMark},{Augustus_model.g4360.t1;Augustus}
15327	15635	internal+	2	1	{GeneMark_model.5649_t;GeneMark},{Augustus_model.g4360.t1;Augustus}
15636	15701	INTRON			{GeneMark_model.5649_t;GeneMark},{GlimmerHMM_glimmerT_5277-T1;GlimmerHMM},{Augustus_model.g4360.t1;Augustus}
15702	15773	internal+	2	1	{GeneMark_model.5649_t;GeneMark},{GlimmerHMM_glimmerT_5277-T1;GlimmerHMM},{Augustus_model.g4360.t1;Augustus}
15774	15844	INTRON			{GeneMark_model.5649_t;GeneMark},{GlimmerHMM_glimmerT_5277-T1;GlimmerHMM},{Augustus_model.g4360.t1;Augustus}
15845	15888	internal+	2	3	{GeneMark_model.5649_t;GeneMark},{GlimmerHMM_glimmerT_5277-T1;GlimmerHMM},{Augustus_model.g4360.t1;Augustus}
15889	15960	INTRON			{GeneMark_model.5649_t;GeneMark},{GlimmerHMM_glimmerT_5277-T1;GlimmerHMM},{Augustus_model.g4360.t1;Augustus}
15961	16045	internal+	1	1	{GeneMark_model.5649_t;GeneMark},{GlimmerHMM_glimmerT_5277-T1;GlimmerHMM},{Augustus_model.g4360.t1;Augustus}
16046	16136	INTRON			{GeneMark_model.5649_t;GeneMark},{GlimmerHMM_glimmerT_5277-T1;GlimmerHMM},{Augustus_model.g4360.t1;Augustus}
16137	16340	internal+	2	1	{GeneMark_model.5649_t;GeneMark},{GlimmerHMM_glimmerT_5277-T1;GlimmerHMM},{Augustus_model.g4360.t1;Augustus}
16341	16415	INTRON			{GeneMark_model.5649_t;GeneMark}
16416	16474	terminal+	2	3	{GeneMark_model.5649_t;GeneMark}

# EVM prediction: Mode:STANDARD S-ratio: 5.69 17512-22123 orient(+) score(21343.00) noncoding_equivalent(3754.26) raw_noncoding(4497.27) offset(743.01) 
17512	19643	initial+	1	2	{GeneMark_model.5650_t;GeneMark},{GlimmerHMM_glimmerT_5278-T1;GlimmerHMM}
19644	19710	INTRON			{GeneMark_model.5650_t;GeneMark},{GlimmerHMM_glimmerT_5278-T1;GlimmerHMM},{Augustus_model.g4360.t1;Augustus},{ev_type:exonerate/ID=match.2566964.4240/Target=lcl|NW_017264944_1_prot_XP_018268157_1_6737;exonerate},{ev_type:exonerate/ID=match.2566964.4239/Target=lcl|KQ954529_1_prot_KWU41680_1_5972;exonerate}
19711	20099	internal+	3	1	{GeneMark_model.5650_t;GeneMark},{GlimmerHMM_glimmerT_5278-T1;GlimmerHMM},{Augustus_model.g4360.t1;Augustus},{ev_type:exonerate/ID=match.2566964.4240/Target=lcl|NW_017264944_1_prot_XP_018268157_1_6737;exonerate},{ev_type:exonerate/ID=match.2566964.4239/Target=lcl|KQ954529_1_prot_KWU41680_1_5972;exonerate}
20100	20171	INTRON			{GeneMark_model.5650_t;GeneMark},{GlimmerHMM_glimmerT_5278-T1;GlimmerHMM},{Augustus_model.g4360.t1;Augustus},{ev_type:exonerate/ID=match.2566964.4240/Target=lcl|NW_017264944_1_prot_XP_018268157_1_6737;exonerate},{ev_type:exonerate/ID=match.2566964.4239/Target=lcl|KQ954529_1_prot_KWU41680_1_5972;exonerate}
20172	20316	internal+	2	2	{GeneMark_model.5650_t;GeneMark},{GlimmerHMM_glimmerT_5278-T1;GlimmerHMM},{Augustus_model.g4360.t1;Augustus},{ev_type:exonerate/ID=match.2566964.4240/Target=lcl|NW_017264944_1_prot_XP_018268157_1_6737;exonerate},{ev_type:exonerate/ID=match.2566964.4239/Target=lcl|KQ954529_1_prot_KWU41680_1_5972;exonerate}
20317	20392	INTRON			{GeneMark_model.5650_t;GeneMark},{GlimmerHMM_glimmerT_5278-T1;GlimmerHMM},{Augustus_model.g4360.t1;Augustus},{ev_type:exonerate/ID=match.2566964.4240/Target=lcl|NW_017264944_1_prot_XP_018268157_1_6737;exonerate},{ev_type:exonerate/ID=match.2566964.4239/Target=lcl|KQ954529_1_prot_KWU41680_1_5972;exonerate}
20393	20623	internal+	3	2	{GeneMark_model.5650_t;GeneMark},{GlimmerHMM_glimmerT_5278-T1;GlimmerHMM},{Augustus_model.g4360.t1;Augustus},{ev_type:exonerate/ID=match.2566964.4240/Target=lcl|NW_017264944_1_prot_XP_018268157_1_6737;exonerate},{ev_type:exonerate/ID=match.2566964.4239/Target=lcl|KQ954529_1_prot_KWU41680_1_5972;exonerate}
20624	20717	INTRON			{GeneMark_model.5650_t;GeneMark},{GlimmerHMM_glimmerT_5278-T1;GlimmerHMM},{Augustus_model.g4360.t1;Augustus},{ev_type:exonerate/ID=match.2566964.4240/Target=lcl|NW_017264944_1_prot_XP_018268157_1_6737;exonerate},{ev_type:exonerate/ID=match.2566964.4239/Target=lcl|KQ954529_1_prot_KWU41680_1_5972;exonerate}
20718	20824	internal+	3	1	{GeneMark_model.5650_t;GeneMark},{GlimmerHMM_glimmerT_5278-T1;GlimmerHMM},{Augustus_model.g4360.t1;Augustus},{ev_type:exonerate/ID=match.2566964.4240/Target=lcl|NW_017264944_1_prot_XP_018268157_1_6737;exonerate},{ev_type:exonerate/ID=match.2566964.4239/Target=lcl|KQ954529_1_prot_KWU41680_1_5972;exonerate}
20825	20894	INTRON			{GeneMark_model.5650_t;GeneMark},{GlimmerHMM_glimmerT_5278-T1;GlimmerHMM},{Augustus_model.g4360.t1;Augustus},{ev_type:exonerate/ID=match.2566964.4240/Target=lcl|NW_017264944_1_prot_XP_018268157_1_6737;exonerate},{ev_type:exonerate/ID=match.2566964.4239/Target=lcl|KQ954529_1_prot_KWU41680_1_5972;exonerate}
20895	21020	internal+	2	1	{GeneMark_model.5650_t;GeneMark},{GlimmerHMM_glimmerT_5278-T1;GlimmerHMM},{Augustus_model.g4360.t1;Augustus},{ev_type:exonerate/ID=match.2566964.4240/Target=lcl|NW_017264944_1_prot_XP_018268157_1_6737;exonerate},{ev_type:exonerate/ID=match.2566964.4239/Target=lcl|KQ954529_1_prot_KWU41680_1_5972;exonerate}
21021	21100	INTRON			{GeneMark_model.5650_t;GeneMark},{GlimmerHMM_glimmerT_5278-T1;GlimmerHMM},{Augustus_model.g4360.t1;Augustus},{ev_type:exonerate/ID=match.2566964.4240/Target=lcl|NW_017264944_1_prot_XP_018268157_1_6737;exonerate},{ev_type:exonerate/ID=match.2566964.4239/Target=lcl|KQ954529_1_prot_KWU41680_1_5972;exonerate}
21101	21463	internal+	2	1	{GeneMark_model.5650_t;GeneMark},{GlimmerHMM_glimmerT_5278-T1;GlimmerHMM},{Augustus_model.g4360.t1;Augustus},{ev_type:exonerate/ID=match.2566964.4240/Target=lcl|NW_017264944_1_prot_XP_018268157_1_6737;exonerate},{ev_type:exonerate/ID=match.2566964.4239/Target=lcl|KQ954529_1_prot_KWU41680_1_5972;exonerate}
21464	21559	INTRON			{GeneMark_model.5650_t;GeneMark},{GlimmerHMM_glimmerT_5278-T1;GlimmerHMM},{Augustus_model.g4360.t1;Augustus},{ev_type:exonerate/ID=match.2566964.4240/Target=lcl|NW_017264944_1_prot_XP_018268157_1_6737;exonerate},{ev_type:exonerate/ID=match.2566964.4239/Target=lcl|KQ954529_1_prot_KWU41680_1_5972;exonerate}
21560	21631	internal+	2	1	{GeneMark_model.5650_t;GeneMark},{GlimmerHMM_glimmerT_5278-T1;GlimmerHMM},{Augustus_model.g4360.t1;Augustus},{ev_type:exonerate/ID=match.2566964.4240/Target=lcl|NW_017264944_1_prot_XP_018268157_1_6737;exonerate},{ev_type:exonerate/ID=match.2566964.4239/Target=lcl|KQ954529_1_prot_KWU41680_1_5972;exonerate}
21632	21700	INTRON			{GeneMark_model.5650_t;GeneMark},{GlimmerHMM_glimmerT_5278-T1;GlimmerHMM},{Augustus_model.g4360.t1;Augustus},{ev_type:exonerate/ID=match.2566964.4240/Target=lcl|NW_017264944_1_prot_XP_018268157_1_6737;exonerate},{ev_type:exonerate/ID=match.2566964.4239/Target=lcl|KQ954529_1_prot_KWU41680_1_5972;exonerate}
21701	21775	internal+	2	1	{GeneMark_model.5650_t;GeneMark},{GlimmerHMM_glimmerT_5278-T1;GlimmerHMM},{Augustus_model.g4360.t1;Augustus},{ev_type:exonerate/ID=match.2566964.4240/Target=lcl|NW_017264944_1_prot_XP_018268157_1_6737;exonerate},{ev_type:exonerate/ID=match.2566964.4239/Target=lcl|KQ954529_1_prot_KWU41680_1_5972;exonerate}
21776	21852	INTRON			{GeneMark_model.5650_t;GeneMark},{GlimmerHMM_glimmerT_5278-T1;GlimmerHMM},{Augustus_model.g4360.t1;Augustus},{ev_type:exonerate/ID=match.2566964.4240/Target=lcl|NW_017264944_1_prot_XP_018268157_1_6737;exonerate},{ev_type:exonerate/ID=match.2566964.4239/Target=lcl|KQ954529_1_prot_KWU41680_1_5972;exonerate}
21853	21943	internal+	2	2	{GeneMark_model.5650_t;GeneMark},{GlimmerHMM_glimmerT_5278-T1;GlimmerHMM},{Augustus_model.g4360.t1;Augustus},{ev_type:exonerate/ID=match.2566964.4240/Target=lcl|NW_017264944_1_prot_XP_018268157_1_6737;exonerate},{ev_type:exonerate/ID=match.2566964.4239/Target=lcl|KQ954529_1_prot_KWU41680_1_5972;exonerate}
21944	22017	INTRON			{GeneMark_model.5650_t;GeneMark},{GlimmerHMM_glimmerT_5278-T1;GlimmerHMM},{Augustus_model.g4360.t1;Augustus},{ev_type:exonerate/ID=match.2566964.4240/Target=lcl|NW_017264944_1_prot_XP_018268157_1_6737;exonerate},{ev_type:exonerate/ID=match.2566964.4239/Target=lcl|KQ954529_1_prot_KWU41680_1_5972;exonerate}
22018	22123	terminal+	3	3	{GeneMark_model.5650_t;GeneMark},{GlimmerHMM_glimmerT_5278-T1;GlimmerHMM},{Augustus_model.g4360.t1;Augustus}

# EVM prediction: Mode:STANDARD S-ratio: 3.28 22671-24538 orient(+) score(9565.00) noncoding_equivalent(2911.77) raw_noncoding(3581.00) offset(669.23) 
22671	22831	initial+	1	2	{GlimmerHMM_glimmerT_5279-T1;GlimmerHMM},{GeneMark_model.5651_t;GeneMark},{Augustus_model.g4361.t1;Augustus}
22832	23063	INTRON			{GlimmerHMM_glimmerT_5279-T1;GlimmerHMM},{GeneMark_model.5651_t;GeneMark},{Augustus_model.g4361.t1;Augustus},{ev_type:exonerate/ID=match.2566964.4258/Target=lcl|KQ954529_1_prot_KWU41679_1_5971;exonerate},{ev_type:exonerate/ID=match.2566964.4257/Target=lcl|PJQD01000046_1_prot_POY72842_1_4172;exonerate}
23064	23227	internal+	3	1	{GlimmerHMM_glimmerT_5279-T1;GlimmerHMM},{GeneMark_model.5651_t;GeneMark},{Augustus_model.g4361.t1;Augustus},{ev_type:exonerate/ID=match.2566964.4258/Target=lcl|KQ954529_1_prot_KWU41679_1_5971;exonerate},{ev_type:exonerate/ID=match.2566964.4257/Target=lcl|PJQD01000046_1_prot_POY72842_1_4172;exonerate}
23228	23303	INTRON			{GlimmerHMM_glimmerT_5279-T1;GlimmerHMM},{GeneMark_model.5651_t;GeneMark},{Augustus_model.g4361.t1;Augustus},{ev_type:exonerate/ID=match.2566964.4258/Target=lcl|KQ954529_1_prot_KWU41679_1_5971;exonerate},{ev_type:exonerate/ID=match.2566964.4257/Target=lcl|PJQD01000046_1_prot_POY72842_1_4172;exonerate}
23304	23539	internal+	2	3	{GlimmerHMM_glimmerT_5279-T1;GlimmerHMM},{GeneMark_model.5651_t;GeneMark},{Augustus_model.g4361.t1;Augustus},{ev_type:exonerate/ID=match.2566964.4258/Target=lcl|KQ954529_1_prot_KWU41679_1_5971;exonerate},{ev_type:exonerate/ID=match.2566964.4257/Target=lcl|PJQD01000046_1_prot_POY72842_1_4172;exonerate}
23540	23634	INTRON			{GlimmerHMM_glimmerT_5279-T1;GlimmerHMM},{GeneMark_model.5651_t;GeneMark},{Augustus_model.g4361.t1;Augustus},{ev_type:exonerate/ID=match.2566964.4258/Target=lcl|KQ954529_1_prot_KWU41679_1_5971;exonerate},{ev_type:exonerate/ID=match.2566964.4257/Target=lcl|PJQD01000046_1_prot_POY72842_1_4172;exonerate}
23635	23793	internal+	1	3	{GlimmerHMM_glimmerT_5279-T1;GlimmerHMM},{GeneMark_model.5651_t;GeneMark},{Augustus_model.g4361.t1;Augustus},{ev_type:exonerate/ID=match.2566964.4258/Target=lcl|KQ954529_1_prot_KWU41679_1_5971;exonerate},{ev_type:exonerate/ID=match.2566964.4257/Target=lcl|PJQD01000046_1_prot_POY72842_1_4172;exonerate}
23794	23866	INTRON			{GlimmerHMM_glimmerT_5279-T1;GlimmerHMM},{GeneMark_model.5651_t;GeneMark},{Augustus_model.g4361.t1;Augustus},{ev_type:exonerate/ID=match.2566964.4258/Target=lcl|KQ954529_1_prot_KWU41679_1_5971;exonerate},{ev_type:exonerate/ID=match.2566964.4257/Target=lcl|PJQD01000046_1_prot_POY72842_1_4172;exonerate}
23867	23995	internal+	1	3	{GlimmerHMM_glimmerT_5279-T1;GlimmerHMM},{GeneMark_model.5651_t;GeneMark},{Augustus_model.g4361.t1;Augustus},{ev_type:exonerate/ID=match.2566964.4258/Target=lcl|KQ954529_1_prot_KWU41679_1_5971;exonerate},{ev_type:exonerate/ID=match.2566964.4257/Target=lcl|PJQD01000046_1_prot_POY72842_1_4172;exonerate}
23996	24080	INTRON			{GlimmerHMM_glimmerT_5279-T1;GlimmerHMM},{GeneMark_model.5651_t;GeneMark},{Augustus_model.g4361.t1;Augustus},{ev_type:exonerate/ID=match.2566964.4258/Target=lcl|KQ954529_1_prot_KWU41679_1_5971;exonerate},{ev_type:exonerate/ID=match.2566964.4257/Target=lcl|PJQD01000046_1_prot_POY72842_1_4172;exonerate}
24081	24256	internal+	1	2	{GlimmerHMM_glimmerT_5279-T1;GlimmerHMM},{GeneMark_model.5651_t;GeneMark},{Augustus_model.g4361.t1;Augustus},{ev_type:exonerate/ID=match.2566964.4258/Target=lcl|KQ954529_1_prot_KWU41679_1_5971;exonerate},{ev_type:exonerate/ID=match.2566964.4257/Target=lcl|PJQD01000046_1_prot_POY72842_1_4172;exonerate}
24257	24351	INTRON			{GlimmerHMM_glimmerT_5279-T1;GlimmerHMM},{GeneMark_model.5651_t;GeneMark},{Augustus_model.g4361.t1;Augustus},{ev_type:exonerate/ID=match.2566964.4258/Target=lcl|KQ954529_1_prot_KWU41679_1_5971;exonerate},{ev_type:exonerate/ID=match.2566964.4257/Target=lcl|PJQD01000046_1_prot_POY72842_1_4172;exonerate}
24352	24538	terminal+	3	3	{GlimmerHMM_glimmerT_5279-T1;GlimmerHMM},{GeneMark_model.5651_t;GeneMark},{Augustus_model.g4361.t1;Augustus}

# EVM prediction: Mode:STANDARD S-ratio: 7.43 26023-29931 orient(+) score(14115.00) noncoding_equivalent(1900.66) raw_noncoding(2382.00) offset(481.34) 
26023	26216	initial+	1	2	{GeneMark_model.5652_t;GeneMark},{GlimmerHMM_glimmerT_5280-T1;GlimmerHMM},{Augustus_model.g4362.t1;Augustus}
26217	26303	INTRON			{GeneMark_model.5652_t;GeneMark},{Augustus_model.g4362.t1;Augustus}
26304	26439	internal+	3	3	{GeneMark_model.5652_t;GeneMark},{Augustus_model.g4362.t1;Augustus}
26440	26506	INTRON			{GeneMark_model.5652_t;GeneMark},{GlimmerHMM_glimmerT_5280-T1;GlimmerHMM},{Augustus_model.g4362.t1;Augustus}
26507	26610	internal+	1	2	{GeneMark_model.5652_t;GeneMark},{GlimmerHMM_glimmerT_5280-T1;GlimmerHMM},{Augustus_model.g4362.t1;Augustus}
26611	26679	INTRON			{GeneMark_model.5652_t;GeneMark},{Augustus_model.g4362.t1;Augustus}
26680	28308	internal+	3	2	{GeneMark_model.5652_t;GeneMark},{Augustus_model.g4362.t1;Augustus}
28309	28384	INTRON			{GeneMark_model.5652_t;GeneMark},{GlimmerHMM_glimmerT_5280-T1;GlimmerHMM},{Augustus_model.g4362.t1;Augustus}
28385	28686	internal+	3	1	{GeneMark_model.5652_t;GeneMark},{GlimmerHMM_glimmerT_5280-T1;GlimmerHMM},{Augustus_model.g4362.t1;Augustus}
28687	28741	INTRON			{GeneMark_model.5652_t;GeneMark},{GlimmerHMM_glimmerT_5280-T1;GlimmerHMM},{Augustus_model.g4362.t1;Augustus}
28742	29931	terminal+	2	3	{GeneMark_model.5652_t;GeneMark},{GlimmerHMM_glimmerT_5280-T1;GlimmerHMM},{Augustus_model.g4362.t1;Augustus}

# EVM prediction: Mode:STANDARD S-ratio: 4.20 30563-35334 orient(+) score(15969.00) noncoding_equivalent(3805.21) raw_noncoding(5042.00) offset(1236.79) 
30563	30584	initial+	1	1	{GlimmerHMM_glimmerT_5281-T1;GlimmerHMM},{GeneMark_model.5653_t;GeneMark},{Augustus_model.g4363.t1;Augustus}
30585	30721	INTRON			{GlimmerHMM_glimmerT_5281-T1;GlimmerHMM},{GeneMark_model.5653_t;GeneMark},{Augustus_model.g4363.t1;Augustus}
30722	31255	internal+	2	1	{GlimmerHMM_glimmerT_5281-T1;GlimmerHMM},{GeneMark_model.5653_t;GeneMark},{Augustus_model.g4363.t1;Augustus}
31256	31349	INTRON			{GlimmerHMM_glimmerT_5281-T1;GlimmerHMM},{GeneMark_model.5653_t;GeneMark},{Augustus_model.g4363.t1;Augustus}
31350	33516	internal+	2	2	{GlimmerHMM_glimmerT_5281-T1;GlimmerHMM}
33517	33963	INTRON			{GlimmerHMM_glimmerT_5281-T1;GlimmerHMM},{Augustus_model.g4363.t1;Augustus}
33964	34412	internal+	3	1	{GlimmerHMM_glimmerT_5281-T1;GlimmerHMM},{Augustus_model.g4363.t1;Augustus}
34413	34473	INTRON			{GlimmerHMM_glimmerT_5281-T1;GlimmerHMM},{GeneMark_model.5654_t;GeneMark},{Augustus_model.g4363.t1;Augustus}
34474	35087	internal+	2	3	{GlimmerHMM_glimmerT_5281-T1;GlimmerHMM},{GeneMark_model.5654_t;GeneMark},{Augustus_model.g4363.t1;Augustus}
35088	35148	INTRON			{GlimmerHMM_glimmerT_5281-T1;GlimmerHMM},{GeneMark_model.5654_t;GeneMark},{Augustus_model.g4363.t1;Augustus}
35149	35334	terminal+	1	3	{GlimmerHMM_glimmerT_5281-T1;GlimmerHMM},{GeneMark_model.5654_t;GeneMark},{Augustus_model.g4363.t1;Augustus}

# EVM prediction: Mode:STANDARD S-ratio: 10000.00 36240-37466 orient(-) score(4908.00) noncoding_equivalent(0.49) raw_noncoding(0.00) offset(0.00) 
37466	36240	single-	4	6	{GeneMark_model.5655_t;GeneMark},{Augustus_model.g4364.t1;Augustus},{GlimmerHMM_glimmerT_5282-T1;GlimmerHMM}

# EVM prediction: Mode:STANDARD S-ratio: 2.59 38576-40390 orient(-) score(6370.00) noncoding_equivalent(2461.28) raw_noncoding(2889.00) offset(427.72) 
38758	38576	terminal-	4	6	{GlimmerHMM_glimmerT_5283-T1;GlimmerHMM},{snap_scaffold_14-snap.28-T1;snap},{Augustus_model.g4365.t1;Augustus},{GeneMark_model.5656_t;GeneMark}
38862	38759	INTRON			{GlimmerHMM_glimmerT_5283-T1;GlimmerHMM},{Augustus_model.g4365.t1;Augustus},{GeneMark_model.5656_t;GeneMark}
38898	38863	internal-	4	6	{GlimmerHMM_glimmerT_5283-T1;GlimmerHMM},{Augustus_model.g4365.t1;Augustus},{GeneMark_model.5656_t;GeneMark}
38978	38899	INTRON			{GlimmerHMM_glimmerT_5283-T1;GlimmerHMM},{Augustus_model.g4365.t1;Augustus},{GeneMark_model.5656_t;GeneMark}
38995	38979	internal-	5	6	{GlimmerHMM_glimmerT_5283-T1;GlimmerHMM},{Augustus_model.g4365.t1;Augustus},{GeneMark_model.5656_t;GeneMark}
39066	38996	INTRON			{GlimmerHMM_glimmerT_5283-T1;GlimmerHMM},{Augustus_model.g4365.t1;Augustus},{GeneMark_model.5656_t;GeneMark}
39148	39067	internal-	4	4	{GlimmerHMM_glimmerT_5283-T1;GlimmerHMM},{Augustus_model.g4365.t1;Augustus},{GeneMark_model.5656_t;GeneMark}
39231	39149	INTRON			{GlimmerHMM_glimmerT_5283-T1;GlimmerHMM},{Augustus_model.g4365.t1;Augustus},{GeneMark_model.5656_t;GeneMark}
39280	39232	internal-	6	6	{GlimmerHMM_glimmerT_5283-T1;GlimmerHMM},{Augustus_model.g4365.t1;Augustus},{GeneMark_model.5656_t;GeneMark}
39357	39281	INTRON			{GlimmerHMM_glimmerT_5283-T1;GlimmerHMM},{Augustus_model.g4365.t1;Augustus},{GeneMark_model.5656_t;GeneMark}
39525	39358	internal-	6	5	{GlimmerHMM_glimmerT_5283-T1;GlimmerHMM},{Augustus_model.g4365.t1;Augustus},{GeneMark_model.5656_t;GeneMark}
39614	39526	INTRON			{GlimmerHMM_glimmerT_5283-T1;GlimmerHMM},{Augustus_model.g4365.t1;Augustus},{snap_scaffold_14-snap.29-T1;snap},{GeneMark_model.5656_t;GeneMark}
39703	39615	internal-	4	5	{GlimmerHMM_glimmerT_5283-T1;GlimmerHMM},{Augustus_model.g4365.t1;Augustus},{GeneMark_model.5656_t;GeneMark}
39784	39704	INTRON			{GlimmerHMM_glimmerT_5283-T1;GlimmerHMM},{Augustus_model.g4365.t1;Augustus},{GeneMark_model.5656_t;GeneMark}
39906	39785	internal-	5	6	{GlimmerHMM_glimmerT_5283-T1;GlimmerHMM},{Augustus_model.g4365.t1;Augustus},{GeneMark_model.5656_t;GeneMark}
40038	39907	INTRON			{GlimmerHMM_glimmerT_5283-T1;GlimmerHMM},{Augustus_model.g4365.t1;Augustus},{GeneMark_model.5656_t;GeneMark}
40390	40039	initial-	4	4	{GlimmerHMM_glimmerT_5283-T1;GlimmerHMM},{Augustus_model.g4365.t1;Augustus},{GeneMark_model.5656_t;GeneMark}

# EVM prediction: Mode:STANDARD S-ratio: 2.84 41163-42239 orient(-) score(3365.00) noncoding_equivalent(1183.46) raw_noncoding(1727.70) offset(544.24) 
41541	41163	terminal-	6	6	{snap_scaffold_14-snap.31-T1;snap},{GeneMark_model.5657_t;GeneMark},{Augustus_model.g4366.t1;Augustus},{GlimmerHMM_glimmerT_5284-T1;GlimmerHMM}
41605	41542	INTRON			{GeneMark_model.5657_t;GeneMark},{Augustus_model.g4366.t1;Augustus},{GlimmerHMM_glimmerT_5284-T1;GlimmerHMM}
41751	41606	internal-	4	5	{GeneMark_model.5657_t;GeneMark},{Augustus_model.g4366.t1;Augustus},{GlimmerHMM_glimmerT_5284-T1;GlimmerHMM}
41813	41752	INTRON			{GeneMark_model.5657_t;GeneMark},{Augustus_model.g4366.t1;Augustus},{GlimmerHMM_glimmerT_5284-T1;GlimmerHMM}
41986	41814	internal-	5	6	{GeneMark_model.5657_t;GeneMark},{Augustus_model.g4366.t1;Augustus},{GlimmerHMM_glimmerT_5284-T1;GlimmerHMM}
42193	41987	INTRON			{GeneMark_model.5657_t;GeneMark},{Augustus_model.g4366.t1;Augustus}
42239	42194	initial-	4	4	{GeneMark_model.5657_t;GeneMark},{Augustus_model.g4366.t1;Augustus}

# EVM prediction: Mode:STANDARD S-ratio: 2.61 43062-44637 orient(-) score(5296.00) noncoding_equivalent(2033.00) raw_noncoding(2551.00) offset(518.00) 
43116	43062	terminal-	6	6	{GeneMark_model.5658_t;GeneMark},{Augustus_model.g4367.t1;Augustus},{GlimmerHMM_glimmerT_5285-T1;GlimmerHMM}
43208	43117	INTRON			{GeneMark_model.5658_t;GeneMark},{Augustus_model.g4367.t1;Augustus},{GlimmerHMM_glimmerT_5285-T1;GlimmerHMM}
43392	43209	internal-	5	5	{GeneMark_model.5658_t;GeneMark},{Augustus_model.g4367.t1;Augustus},{GlimmerHMM_glimmerT_5285-T1;GlimmerHMM}
43496	43393	INTRON			{GeneMark_model.5658_t;GeneMark},{Augustus_model.g4367.t1;Augustus},{GlimmerHMM_glimmerT_5285-T1;GlimmerHMM}
43842	43497	internal-	4	4	{GeneMark_model.5658_t;GeneMark},{Augustus_model.g4367.t1;Augustus},{GlimmerHMM_glimmerT_5285-T1;GlimmerHMM}
43920	43843	INTRON			{GeneMark_model.5658_t;GeneMark},{Augustus_model.g4367.t1;Augustus},{GlimmerHMM_glimmerT_5285-T1;GlimmerHMM}
44133	43921	internal-	4	6	{GeneMark_model.5658_t;GeneMark},{Augustus_model.g4367.t1;Augustus},{GlimmerHMM_glimmerT_5285-T1;GlimmerHMM}
44207	44134	INTRON			{GeneMark_model.5658_t;GeneMark},{Augustus_model.g4367.t1;Augustus},{GlimmerHMM_glimmerT_5285-T1;GlimmerHMM}
44258	44208	internal-	4	6	{GeneMark_model.5658_t;GeneMark},{Augustus_model.g4367.t1;Augustus},{GlimmerHMM_glimmerT_5285-T1;GlimmerHMM}
44323	44259	INTRON			{GeneMark_model.5658_t;GeneMark},{Augustus_model.g4367.t1;Augustus},{GlimmerHMM_glimmerT_5285-T1;GlimmerHMM}
44460	44324	internal-	5	6	{GeneMark_model.5658_t;GeneMark},{Augustus_model.g4367.t1;Augustus},{GlimmerHMM_glimmerT_5285-T1;GlimmerHMM}
44573	44461	INTRON			{GeneMark_model.5658_t;GeneMark},{Augustus_model.g4367.t1;Augustus},{GlimmerHMM_glimmerT_5285-T1;GlimmerHMM}
44637	44574	initial-	4	4	{GeneMark_model.5658_t;GeneMark},{Augustus_model.g4367.t1;Augustus},{GlimmerHMM_glimmerT_5285-T1;GlimmerHMM}

# EVM prediction: Mode:STANDARD S-ratio: 17.00 44838-45863 orient(-) score(3876.00) noncoding_equivalent(228.00) raw_noncoding(228.00) offset(0.00) 
45863	44838	single-	4	6	{GeneMark_model.5659_t;GeneMark},{Augustus_model.g4368.t1;Augustus},{GlimmerHMM_glimmerT_5286-T1;GlimmerHMM}

# EVM prediction: Mode:STANDARD S-ratio: 2.64 46235-48511 orient(+) score(7321.00) noncoding_equivalent(2771.34) raw_noncoding(3594.00) offset(822.66) 
46235	46267	initial+	1	3	{Augustus_model.g4369.t1;Augustus}
46268	46315	INTRON			{Augustus_model.g4369.t1;Augustus}
46316	46485	internal+	1	2	{GeneMark_model.5660_t;GeneMark},{Augustus_model.g4369.t1;Augustus}
46486	46553	INTRON			{GlimmerHMM_glimmerT_5287-T1;GlimmerHMM},{GeneMark_model.5660_t;GeneMark},{Augustus_model.g4369.t1;Augustus}
46554	46632	internal+	3	3	{GlimmerHMM_glimmerT_5287-T1;GlimmerHMM},{GeneMark_model.5660_t;GeneMark},{Augustus_model.g4369.t1;Augustus}
46633	46686	INTRON			{GlimmerHMM_glimmerT_5287-T1;GlimmerHMM},{GeneMark_model.5660_t;GeneMark},{Augustus_model.g4369.t1;Augustus}
46687	46797	internal+	1	3	{GlimmerHMM_glimmerT_5287-T1;GlimmerHMM},{GeneMark_model.5660_t;GeneMark},{Augustus_model.g4369.t1;Augustus}
46798	46855	INTRON			{GlimmerHMM_glimmerT_5287-T1;GlimmerHMM},{GeneMark_model.5660_t;GeneMark},{Augustus_model.g4369.t1;Augustus}
46856	47313	internal+	1	2	{GlimmerHMM_glimmerT_5287-T1;GlimmerHMM},{GeneMark_model.5660_t;GeneMark},{Augustus_model.g4369.t1;Augustus}
47314	47398	INTRON			{GlimmerHMM_glimmerT_5287-T1;GlimmerHMM},{GeneMark_model.5660_t;GeneMark},{Augustus_model.g4369.t1;Augustus}
47399	47433	internal+	3	1	{GlimmerHMM_glimmerT_5287-T1;GlimmerHMM},{GeneMark_model.5660_t;GeneMark},{Augustus_model.g4369.t1;Augustus}
47434	47533	INTRON			{GlimmerHMM_glimmerT_5287-T1;GlimmerHMM},{GeneMark_model.5660_t;GeneMark},{Augustus_model.g4369.t1;Augustus}
47534	47914	internal+	2	1	{GlimmerHMM_glimmerT_5287-T1;GlimmerHMM},{GeneMark_model.5660_t;GeneMark},{Augustus_model.g4369.t1;Augustus}
47915	48002	INTRON			{GlimmerHMM_glimmerT_5287-T1;GlimmerHMM},{GeneMark_model.5660_t;GeneMark},{Augustus_model.g4369.t1;Augustus}
48003	48035	internal+	2	1	{GlimmerHMM_glimmerT_5287-T1;GlimmerHMM},{GeneMark_model.5660_t;GeneMark},{Augustus_model.g4369.t1;Augustus}
48036	48137	INTRON			{GlimmerHMM_glimmerT_5287-T1;GlimmerHMM},{GeneMark_model.5660_t;GeneMark},{Augustus_model.g4369.t1;Augustus}
48138	48318	internal+	2	2	{GeneMark_model.5660_t;GeneMark},{Augustus_model.g4369.t1;Augustus}
48319	48411	INTRON			{GeneMark_model.5660_t;GeneMark},{Augustus_model.g4369.t1;Augustus}
48412	48511	terminal+	3	3	{GeneMark_model.5660_t;GeneMark},{Augustus_model.g4369.t1;Augustus}

# EVM prediction: Mode:STANDARD S-ratio: 1.87 51404-52935 orient(-) score(4296.00) noncoding_equivalent(2300.46) raw_noncoding(2726.71) offset(426.25) 
51556	51404	terminal-	4	6	{Augustus_model.g4370.t1;Augustus},{GeneMark_model.5662_t;GeneMark}
51640	51557	INTRON			{Augustus_model.g4370.t1;Augustus},{GeneMark_model.5662_t;GeneMark}
51772	51641	internal-	4	6	{Augustus_model.g4370.t1;Augustus},{GlimmerHMM_glimmerT_5289-T1;GlimmerHMM},{GeneMark_model.5662_t;GeneMark}
51831	51773	INTRON			{Augustus_model.g4370.t1;Augustus},{GlimmerHMM_glimmerT_5289-T1;GlimmerHMM},{GeneMark_model.5662_t;GeneMark}
52028	51832	internal-	5	6	{Augustus_model.g4370.t1;Augustus},{GlimmerHMM_glimmerT_5289-T1;GlimmerHMM},{GeneMark_model.5662_t;GeneMark}
52092	52029	INTRON			{Augustus_model.g4370.t1;Augustus},{GlimmerHMM_glimmerT_5289-T1;GlimmerHMM},{GeneMark_model.5662_t;GeneMark}
52161	52093	internal-	5	4	{Augustus_model.g4370.t1;Augustus},{GlimmerHMM_glimmerT_5289-T1;GlimmerHMM},{GeneMark_model.5662_t;GeneMark}
52223	52162	INTRON			{Augustus_model.g4370.t1;Augustus},{GlimmerHMM_glimmerT_5289-T1;GlimmerHMM},{GeneMark_model.5662_t;GeneMark}
52852	52224	internal-	6	4	{Augustus_model.g4370.t1;Augustus},{GlimmerHMM_glimmerT_5289-T1;GlimmerHMM}
52909	52853	INTRON			{Augustus_model.g4370.t1;Augustus},{GlimmerHMM_glimmerT_5289-T1;GlimmerHMM},{GeneMark_model.5662_t;GeneMark}
52935	52910	initial-	4	5	{Augustus_model.g4370.t1;Augustus},{GlimmerHMM_glimmerT_5289-T1;GlimmerHMM},{GeneMark_model.5662_t;GeneMark}

# EVM prediction: Mode:STANDARD S-ratio: 1.00 53279-54115 orient(+) score(1674.00) noncoding_equivalent(1674.00) raw_noncoding(2370.00) offset(696.00) 
53279	53342	initial+	1	1	{Augustus_model.g4371.t1;Augustus},{GeneMark_model.5663_t;GeneMark}
53343	53407	INTRON			{Augustus_model.g4371.t1;Augustus},{GeneMark_model.5663_t;GeneMark}
53408	53485	internal+	2	1	{Augustus_model.g4371.t1;Augustus},{GeneMark_model.5663_t;GeneMark}
53486	53556	INTRON			{Augustus_model.g4371.t1;Augustus},{GeneMark_model.5663_t;GeneMark}
53557	53580	internal+	2	1	{Augustus_model.g4371.t1;Augustus},{GeneMark_model.5663_t;GeneMark}
53581	53663	INTRON			{Augustus_model.g4371.t1;Augustus},{GeneMark_model.5663_t;GeneMark}
53664	53738	internal+	2	1	{Augustus_model.g4371.t1;Augustus},{GeneMark_model.5663_t;GeneMark}
53739	53789	INTRON			{Augustus_model.g4371.t1;Augustus},{GeneMark_model.5663_t;GeneMark}
53790	53873	internal+	2	1	{Augustus_model.g4371.t1;Augustus},{GeneMark_model.5663_t;GeneMark}
53874	53951	INTRON			{Augustus_model.g4371.t1;Augustus},{GeneMark_model.5663_t;GeneMark}
53952	54115	terminal+	2	3	{Augustus_model.g4371.t1;Augustus},{GeneMark_model.5663_t;GeneMark}

# EVM prediction: Mode:STANDARD S-ratio: 6.84 54749-57467 orient(-) score(10943.00) noncoding_equivalent(1598.99) raw_noncoding(1847.37) offset(248.38) 
55645	54749	terminal-	4	6	{Augustus_model.g4372.t1;Augustus},{GlimmerHMM_glimmerT_5290-T1;GlimmerHMM},{GeneMark_model.5664_t;GeneMark}
55703	55646	INTRON			{Augustus_model.g4372.t1;Augustus},{GlimmerHMM_glimmerT_5290-T1;GlimmerHMM},{GeneMark_model.5664_t;GeneMark},{ev_type:exonerate/ID=match.2566964.4269/Target=lcl|KQ954479_1_prot_KWU44394_1_3151;exonerate}
55937	55704	internal-	4	6	{Augustus_model.g4372.t1;Augustus},{GlimmerHMM_glimmerT_5290-T1;GlimmerHMM},{GeneMark_model.5664_t;GeneMark},{ev_type:exonerate/ID=match.2566964.4269/Target=lcl|KQ954479_1_prot_KWU44394_1_3151;exonerate}
56006	55938	INTRON			{Augustus_model.g4372.t1;Augustus},{GlimmerHMM_glimmerT_5290-T1;GlimmerHMM},{GeneMark_model.5664_t;GeneMark},{ev_type:exonerate/ID=match.2566964.4269/Target=lcl|KQ954479_1_prot_KWU44394_1_3151;exonerate}
56112	56007	internal-	6	6	{Augustus_model.g4372.t1;Augustus},{GlimmerHMM_glimmerT_5290-T1;GlimmerHMM},{GeneMark_model.5664_t;GeneMark},{ev_type:exonerate/ID=match.2566964.4269/Target=lcl|KQ954479_1_prot_KWU44394_1_3151;exonerate}
56172	56113	INTRON			{Augustus_model.g4372.t1;Augustus},{GlimmerHMM_glimmerT_5290-T1;GlimmerHMM},{GeneMark_model.5664_t;GeneMark},{ev_type:exonerate/ID=match.2566964.4269/Target=lcl|KQ954479_1_prot_KWU44394_1_3151;exonerate}
56353	56173	internal-	5	5	{Augustus_model.g4372.t1;Augustus},{GlimmerHMM_glimmerT_5290-T1;GlimmerHMM},{GeneMark_model.5664_t;GeneMark},{ev_type:exonerate/ID=match.2566964.4269/Target=lcl|KQ954479_1_prot_KWU44394_1_3151;exonerate}
56425	56354	INTRON			{Augustus_model.g4372.t1;Augustus},{GlimmerHMM_glimmerT_5290-T1;GlimmerHMM},{GeneMark_model.5664_t;GeneMark},{ev_type:exonerate/ID=match.2566964.4269/Target=lcl|KQ954479_1_prot_KWU44394_1_3151;exonerate}
57195	56426	internal-	6	4	{Augustus_model.g4372.t1;Augustus},{GlimmerHMM_glimmerT_5290-T1;GlimmerHMM},{GeneMark_model.5664_t;GeneMark}
57264	57196	INTRON			{Augustus_model.g4372.t1;Augustus},{GlimmerHMM_glimmerT_5290-T1;GlimmerHMM},{GeneMark_model.5664_t;GeneMark}
57467	57265	initial-	4	5	{GlimmerHMM_glimmerT_5290-T1;GlimmerHMM},{GeneMark_model.5664_t;GeneMark}

# EVM prediction: Mode:STANDARD S-ratio: 3.82 59549-61869 orient(-) score(9335.00) noncoding_equivalent(2446.00) raw_noncoding(2720.00) offset(274.00) 
59828	59549	terminal-	6	6	{Augustus_model.g4373.t1;Augustus},{GlimmerHMM_glimmerT_5291-T1;GlimmerHMM},{GeneMark_model.5665_t;GeneMark}
59899	59829	INTRON			{Augustus_model.g4373.t1;Augustus},{GlimmerHMM_glimmerT_5291-T1;GlimmerHMM},{GeneMark_model.5665_t;GeneMark},{ev_type:exonerate/ID=match.2566964.3673/Target=lcl|KQ954529_1_prot_KWU41667_1_5959;exonerate}
60112	59900	internal-	6	5	{Augustus_model.g4373.t1;Augustus},{GlimmerHMM_glimmerT_5291-T1;GlimmerHMM},{GeneMark_model.5665_t;GeneMark},{ev_type:exonerate/ID=match.2566964.3673/Target=lcl|KQ954529_1_prot_KWU41667_1_5959;exonerate}
60195	60113	INTRON			{Augustus_model.g4373.t1;Augustus},{GlimmerHMM_glimmerT_5291-T1;GlimmerHMM},{GeneMark_model.5665_t;GeneMark},{ev_type:exonerate/ID=match.2566964.3673/Target=lcl|KQ954529_1_prot_KWU41667_1_5959;exonerate}
60875	60196	internal-	4	5	{Augustus_model.g4373.t1;Augustus},{GlimmerHMM_glimmerT_5291-T1;GlimmerHMM},{GeneMark_model.5665_t;GeneMark}
60958	60876	INTRON			{Augustus_model.g4373.t1;Augustus},{GlimmerHMM_glimmerT_5291-T1;GlimmerHMM},{GeneMark_model.5665_t;GeneMark},{ev_type:exonerate/ID=match.2566964.3673/Target=lcl|KQ954529_1_prot_KWU41667_1_5959;exonerate}
61453	60959	internal-	4	6	{Augustus_model.g4373.t1;Augustus},{GlimmerHMM_glimmerT_5291-T1;GlimmerHMM},{GeneMark_model.5665_t;GeneMark},{ev_type:exonerate/ID=match.2566964.3673/Target=lcl|KQ954529_1_prot_KWU41667_1_5959;exonerate}
61557	61454	INTRON			{Augustus_model.g4373.t1;Augustus},{GlimmerHMM_glimmerT_5291-T1;GlimmerHMM},{GeneMark_model.5665_t;GeneMark},{ev_type:exonerate/ID=match.2566964.3673/Target=lcl|KQ954529_1_prot_KWU41667_1_5959;exonerate}
61869	61558	initial-	4	6	{Augustus_model.g4373.t1;Augustus},{GlimmerHMM_glimmerT_5291-T1;GlimmerHMM},{GeneMark_model.5665_t;GeneMark}

# EVM prediction: Mode:STANDARD S-ratio: 4.42 62309-65970 orient(+) score(12046.00) noncoding_equivalent(2725.47) raw_noncoding(3563.00) offset(837.53) 
62309	62867	initial+	1	1	{GeneMark_model.5666_t;GeneMark}
62868	62925	INTRON			{GeneMark_model.5666_t;GeneMark}
62926	63227	internal+	2	3	{Augustus_model.g4374.t1;Augustus},{GeneMark_model.5666_t;GeneMark}
63228	63294	INTRON			{Augustus_model.g4374.t1;Augustus},{GeneMark_model.5666_t;GeneMark},{GlimmerHMM_glimmerT_5292-T1;GlimmerHMM}
63295	64005	internal+	1	3	{Augustus_model.g4374.t1;Augustus},{GeneMark_model.5666_t;GeneMark},{GlimmerHMM_glimmerT_5292-T1;GlimmerHMM}
64006	64098	INTRON			{Augustus_model.g4374.t1;Augustus},{GlimmerHMM_glimmerT_5292-T1;GlimmerHMM}
64099	64214	internal+	1	2	{Augustus_model.g4374.t1;Augustus},{GlimmerHMM_glimmerT_5292-T1;GlimmerHMM}
64215	64274	INTRON			{GeneMark_model.5666_t;GeneMark},{GlimmerHMM_glimmerT_5292-T1;GlimmerHMM}
64275	64370	internal+	3	2	{GeneMark_model.5666_t;GeneMark},{GlimmerHMM_glimmerT_5292-T1;GlimmerHMM}
64371	64432	INTRON			{Augustus_model.g4374.t1;Augustus},{GeneMark_model.5666_t;GeneMark}
64433	64489	internal+	3	2	{Augustus_model.g4374.t1;Augustus},{GeneMark_model.5666_t;GeneMark}
64490	64553	INTRON			{Augustus_model.g4374.t1;Augustus},{GeneMark_model.5666_t;GeneMark}
64554	64748	internal+	3	2	{Augustus_model.g4374.t1;Augustus},{GeneMark_model.5666_t;GeneMark}
64749	64814	INTRON			{Augustus_model.g4374.t1;Augustus},{GeneMark_model.5666_t;GeneMark}
64815	65827	internal+	3	1	{Augustus_model.g4374.t1;Augustus},{GeneMark_model.5666_t;GeneMark},{GlimmerHMM_glimmerT_5292-T1;GlimmerHMM}
65828	65887	INTRON			{Augustus_model.g4374.t1;Augustus},{GeneMark_model.5666_t;GeneMark},{GlimmerHMM_glimmerT_5292-T1;GlimmerHMM}
65888	65970	terminal+	2	3	{Augustus_model.g4374.t1;Augustus},{GeneMark_model.5666_t;GeneMark},{GlimmerHMM_glimmerT_5292-T1;GlimmerHMM}

# EVM prediction: Mode:STANDARD S-ratio: 2.49 66063-68263 orient(-) score(6585.00) noncoding_equivalent(2639.39) raw_noncoding(3560.00) offset(920.61) 
66115	66063	terminal-	5	6	{Augustus_model.g4375.t1;Augustus},{GlimmerHMM_glimmerT_5293-T1;GlimmerHMM},{GeneMark_model.5667_t;GeneMark}
66176	66116	INTRON			{Augustus_model.g4375.t1;Augustus},{GlimmerHMM_glimmerT_5293-T1;GlimmerHMM},{GeneMark_model.5667_t;GeneMark}
66329	66177	internal-	5	4	{Augustus_model.g4375.t1;Augustus},{GlimmerHMM_glimmerT_5293-T1;GlimmerHMM},{GeneMark_model.5667_t;GeneMark}
66388	66330	INTRON			{Augustus_model.g4375.t1;Augustus},{GlimmerHMM_glimmerT_5293-T1;GlimmerHMM},{GeneMark_model.5667_t;GeneMark}
66968	66389	internal-	4	4	{Augustus_model.g4375.t1;Augustus},{GlimmerHMM_glimmerT_5293-T1;GlimmerHMM},{GeneMark_model.5667_t;GeneMark}
67039	66969	INTRON			{Augustus_model.g4375.t1;Augustus},{GlimmerHMM_glimmerT_5293-T1;GlimmerHMM},{GeneMark_model.5667_t;GeneMark}
67154	67040	internal-	6	6	{Augustus_model.g4375.t1;Augustus},{GeneMark_model.5667_t;GeneMark}
67207	67155	INTRON			{Augustus_model.g4375.t1;Augustus}
67395	67208	internal-	4	5	{Augustus_model.g4375.t1;Augustus}
67467	67396	INTRON			{Augustus_model.g4375.t1;Augustus},{GeneMark_model.5667_t;GeneMark}
67579	67468	internal-	6	6	{Augustus_model.g4375.t1;Augustus},{GeneMark_model.5667_t;GeneMark}
67641	67580	INTRON			{Augustus_model.g4375.t1;Augustus},{GeneMark_model.5667_t;GeneMark}
67714	67642	internal-	5	5	{Augustus_model.g4375.t1;Augustus},{GeneMark_model.5667_t;GeneMark}
67779	67715	INTRON			{Augustus_model.g4375.t1;Augustus},{GeneMark_model.5667_t;GeneMark}
67810	67780	internal-	4	4	{Augustus_model.g4375.t1;Augustus},{GeneMark_model.5667_t;GeneMark}
67878	67811	INTRON			{Augustus_model.g4375.t1;Augustus},{GeneMark_model.5667_t;GeneMark}
67968	67879	internal-	4	6	{Augustus_model.g4375.t1;Augustus},{GlimmerHMM_glimmerT_5293-T1;GlimmerHMM},{GeneMark_model.5667_t;GeneMark}
68050	67969	INTRON			{Augustus_model.g4375.t1;Augustus},{GlimmerHMM_glimmerT_5293-T1;GlimmerHMM},{GeneMark_model.5667_t;GeneMark}
68263	68051	initial-	4	6	{Augustus_model.g4375.t1;Augustus},{GlimmerHMM_glimmerT_5293-T1;GlimmerHMM},{GeneMark_model.5667_t;GeneMark}

# EVM prediction: Mode:STANDARD S-ratio: 4.00 68881-70640 orient(+) score(10341.00) noncoding_equivalent(2586.83) raw_noncoding(3335.00) offset(748.17) 
68881	68961	initial+	1	3	{Augustus_model.g4376.t1;Augustus},{GeneMark_model.5668_t;GeneMark},{GlimmerHMM_glimmerT_5294-T1;GlimmerHMM}
68962	69054	INTRON			{Augustus_model.g4376.t1;Augustus},{GeneMark_model.5668_t;GeneMark},{GlimmerHMM_glimmerT_5294-T1;GlimmerHMM},{ev_type:exonerate/ID=match.2566964.2165/Target=lcl|LCTV02000013_1_prot_PRQ71062_1_2234;exonerate},{ev_type:exonerate/ID=match.2566964.2174/Target=lcl|NW_017264945_1_prot_XP_018268016_1_6867;exonerate},{ev_type:exonerate/ID=match.2566964.2166/Target=lcl|KQ954529_1_prot_KWU41664_1_5956;exonerate}
69055	69306	internal+	1	3	{Augustus_model.g4376.t1;Augustus},{GeneMark_model.5668_t;GeneMark},{GlimmerHMM_glimmerT_5294-T1;GlimmerHMM},{ev_type:exonerate/ID=match.2566964.2165/Target=lcl|LCTV02000013_1_prot_PRQ71062_1_2234;exonerate},{ev_type:exonerate/ID=match.2566964.2174/Target=lcl|NW_017264945_1_prot_XP_018268016_1_6867;exonerate},{ev_type:exonerate/ID=match.2566964.2166/Target=lcl|KQ954529_1_prot_KWU41664_1_5956;exonerate}
69307	69370	INTRON			{Augustus_model.g4376.t1;Augustus},{GeneMark_model.5668_t;GeneMark},{GlimmerHMM_glimmerT_5294-T1;GlimmerHMM},{ev_type:exonerate/ID=match.2566964.2165/Target=lcl|LCTV02000013_1_prot_PRQ71062_1_2234;exonerate},{ev_type:exonerate/ID=match.2566964.2174/Target=lcl|NW_017264945_1_prot_XP_018268016_1_6867;exonerate},{ev_type:exonerate/ID=match.2566964.2166/Target=lcl|KQ954529_1_prot_KWU41664_1_5956;exonerate}
69371	69532	internal+	1	3	{Augustus_model.g4376.t1;Augustus},{GeneMark_model.5668_t;GeneMark},{GlimmerHMM_glimmerT_5294-T1;GlimmerHMM},{ev_type:exonerate/ID=match.2566964.2165/Target=lcl|LCTV02000013_1_prot_PRQ71062_1_2234;exonerate},{ev_type:exonerate/ID=match.2566964.2174/Target=lcl|NW_017264945_1_prot_XP_018268016_1_6867;exonerate},{ev_type:exonerate/ID=match.2566964.2166/Target=lcl|KQ954529_1_prot_KWU41664_1_5956;exonerate}
69533	69606	INTRON			{Augustus_model.g4376.t1;Augustus},{GeneMark_model.5668_t;GeneMark},{GlimmerHMM_glimmerT_5294-T1;GlimmerHMM},{ev_type:exonerate/ID=match.2566964.2165/Target=lcl|LCTV02000013_1_prot_PRQ71062_1_2234;exonerate},{ev_type:exonerate/ID=match.2566964.2174/Target=lcl|NW_017264945_1_prot_XP_018268016_1_6867;exonerate},{ev_type:exonerate/ID=match.2566964.2166/Target=lcl|KQ954529_1_prot_KWU41664_1_5956;exonerate}
69607	69655	internal+	1	1	{Augustus_model.g4376.t1;Augustus},{GeneMark_model.5668_t;GeneMark},{GlimmerHMM_glimmerT_5294-T1;GlimmerHMM},{ev_type:exonerate/ID=match.2566964.2165/Target=lcl|LCTV02000013_1_prot_PRQ71062_1_2234;exonerate},{ev_type:exonerate/ID=match.2566964.2174/Target=lcl|NW_017264945_1_prot_XP_018268016_1_6867;exonerate},{ev_type:exonerate/ID=match.2566964.2166/Target=lcl|KQ954529_1_prot_KWU41664_1_5956;exonerate}
69656	69725	INTRON			{Augustus_model.g4376.t1;Augustus},{GeneMark_model.5668_t;GeneMark},{ev_type:exonerate/ID=match.2566964.2165/Target=lcl|LCTV02000013_1_prot_PRQ71062_1_2234;exonerate},{ev_type:exonerate/ID=match.2566964.2174/Target=lcl|NW_017264945_1_prot_XP_018268016_1_6867;exonerate},{ev_type:exonerate/ID=match.2566964.2166/Target=lcl|KQ954529_1_prot_KWU41664_1_5956;exonerate}
69726	69773	internal+	2	1	{Augustus_model.g4376.t1;Augustus},{GeneMark_model.5668_t;GeneMark},{ev_type:exonerate/ID=match.2566964.2165/Target=lcl|LCTV02000013_1_prot_PRQ71062_1_2234;exonerate},{ev_type:exonerate/ID=match.2566964.2174/Target=lcl|NW_017264945_1_prot_XP_018268016_1_6867;exonerate},{ev_type:exonerate/ID=match.2566964.2166/Target=lcl|KQ954529_1_prot_KWU41664_1_5956;exonerate}
69774	69843	INTRON			{Augustus_model.g4376.t1;Augustus},{GeneMark_model.5668_t;GeneMark},{ev_type:exonerate/ID=match.2566964.2165/Target=lcl|LCTV02000013_1_prot_PRQ71062_1_2234;exonerate},{ev_type:exonerate/ID=match.2566964.2174/Target=lcl|NW_017264945_1_prot_XP_018268016_1_6867;exonerate},{ev_type:exonerate/ID=match.2566964.2166/Target=lcl|KQ954529_1_prot_KWU41664_1_5956;exonerate}
69844	69966	internal+	2	1	{Augustus_model.g4376.t1;Augustus},{GeneMark_model.5668_t;GeneMark},{GlimmerHMM_glimmerT_5294-T1;GlimmerHMM},{ev_type:exonerate/ID=match.2566964.2165/Target=lcl|LCTV02000013_1_prot_PRQ71062_1_2234;exonerate},{ev_type:exonerate/ID=match.2566964.2174/Target=lcl|NW_017264945_1_prot_XP_018268016_1_6867;exonerate},{ev_type:exonerate/ID=match.2566964.2166/Target=lcl|KQ954529_1_prot_KWU41664_1_5956;exonerate}
69967	70035	INTRON			{Augustus_model.g4376.t1;Augustus},{GeneMark_model.5668_t;GeneMark},{GlimmerHMM_glimmerT_5294-T1;GlimmerHMM},{ev_type:exonerate/ID=match.2566964.2165/Target=lcl|LCTV02000013_1_prot_PRQ71062_1_2234;exonerate},{ev_type:exonerate/ID=match.2566964.2174/Target=lcl|NW_017264945_1_prot_XP_018268016_1_6867;exonerate},{ev_type:exonerate/ID=match.2566964.2166/Target=lcl|KQ954529_1_prot_KWU41664_1_5956;exonerate}
70036	70181	internal+	2	3	{Augustus_model.g4376.t1;Augustus},{GeneMark_model.5668_t;GeneMark},{GlimmerHMM_glimmerT_5294-T1;GlimmerHMM},{ev_type:exonerate/ID=match.2566964.2165/Target=lcl|LCTV02000013_1_prot_PRQ71062_1_2234;exonerate},{ev_type:exonerate/ID=match.2566964.2174/Target=lcl|NW_017264945_1_prot_XP_018268016_1_6867;exonerate},{ev_type:exonerate/ID=match.2566964.2166/Target=lcl|KQ954529_1_prot_KWU41664_1_5956;exonerate}
70182	70245	INTRON			{Augustus_model.g4376.t1;Augustus},{GeneMark_model.5668_t;GeneMark},{GlimmerHMM_glimmerT_5294-T1;GlimmerHMM},{ev_type:exonerate/ID=match.2566964.2165/Target=lcl|LCTV02000013_1_prot_PRQ71062_1_2234;exonerate},{ev_type:exonerate/ID=match.2566964.2174/Target=lcl|NW_017264945_1_prot_XP_018268016_1_6867;exonerate},{ev_type:exonerate/ID=match.2566964.2166/Target=lcl|KQ954529_1_prot_KWU41664_1_5956;exonerate}
70246	70284	internal+	1	3	{Augustus_model.g4376.t1;Augustus},{GeneMark_model.5668_t;GeneMark},{GlimmerHMM_glimmerT_5294-T1;GlimmerHMM},{ev_type:exonerate/ID=match.2566964.2165/Target=lcl|LCTV02000013_1_prot_PRQ71062_1_2234;exonerate},{ev_type:exonerate/ID=match.2566964.2174/Target=lcl|NW_017264945_1_prot_XP_018268016_1_6867;exonerate},{ev_type:exonerate/ID=match.2566964.2166/Target=lcl|KQ954529_1_prot_KWU41664_1_5956;exonerate}
70285	70346	INTRON			{Augustus_model.g4376.t1;Augustus},{GeneMark_model.5668_t;GeneMark},{GlimmerHMM_glimmerT_5294-T1;GlimmerHMM},{ev_type:exonerate/ID=match.2566964.2165/Target=lcl|LCTV02000013_1_prot_PRQ71062_1_2234;exonerate},{ev_type:exonerate/ID=match.2566964.2174/Target=lcl|NW_017264945_1_prot_XP_018268016_1_6867;exonerate},{ev_type:exonerate/ID=match.2566964.2166/Target=lcl|KQ954529_1_prot_KWU41664_1_5956;exonerate}
70347	70538	internal+	1	3	{Augustus_model.g4376.t1;Augustus},{GeneMark_model.5668_t;GeneMark},{ev_type:exonerate/ID=match.2566964.2166/Target=lcl|KQ954529_1_prot_KWU41664_1_5956;exonerate}
70539	70610	INTRON			{Augustus_model.g4376.t1;Augustus},{GeneMark_model.5668_t;GeneMark},{ev_type:exonerate/ID=match.2566964.2166/Target=lcl|KQ954529_1_prot_KWU41664_1_5956;exonerate}
70611	70640	terminal+	1	3	{Augustus_model.g4376.t1;Augustus},{GeneMark_model.5668_t;GeneMark}

# EVM prediction: Mode:STANDARD S-ratio: 10000.00 73100-77494 orient(+) score(17580.00) noncoding_equivalent(1.76) raw_noncoding(0.00) offset(0.00) 
73100	77494	single+	1	3	{GlimmerHMM_glimmerT_5295-T1;GlimmerHMM},{Augustus_model.g4377.t1;Augustus},{GeneMark_model.5669_t;GeneMark}

# EVM prediction: Mode:STANDARD S-ratio: 3.90 91765-93529 orient(-) score(8450.00) noncoding_equivalent(2164.15) raw_noncoding(3725.03) offset(1560.88) 
91807	91765	terminal-	6	6	{GeneMark_model.5670_t;GeneMark},{Augustus_model.g4378.t1;Augustus}
91877	91808	INTRON			{GeneMark_model.5670_t;GeneMark},{Augustus_model.g4378.t1;Augustus},{ev_type:exonerate/ID=match.2566964.4271/Target=lcl|NW_017264944_1_prot_XP_018268089_1_6669;exonerate},{ev_type:exonerate/ID=match.2566964.4270/Target=lcl|LCTV02000013_1_prot_PRQ71056_1_2228;exonerate},{ev_type:exonerate/ID=match.2566964.4268/Target=lcl|KQ954566_1_prot_KWU41052_1_6581;exonerate}
91984	91878	internal-	4	5	{GeneMark_model.5670_t;GeneMark},{Augustus_model.g4378.t1;Augustus},{ev_type:exonerate/ID=match.2566964.4271/Target=lcl|NW_017264944_1_prot_XP_018268089_1_6669;exonerate},{ev_type:exonerate/ID=match.2566964.4270/Target=lcl|LCTV02000013_1_prot_PRQ71056_1_2228;exonerate},{ev_type:exonerate/ID=match.2566964.4268/Target=lcl|KQ954566_1_prot_KWU41052_1_6581;exonerate}
92064	91985	INTRON			{GlimmerHMM_glimmerT_5297-T1;GlimmerHMM},{GeneMark_model.5670_t;GeneMark},{Augustus_model.g4378.t1;Augustus},{ev_type:exonerate/ID=match.2566964.4271/Target=lcl|NW_017264944_1_prot_XP_018268089_1_6669;exonerate},{ev_type:exonerate/ID=match.2566964.4270/Target=lcl|LCTV02000013_1_prot_PRQ71056_1_2228;exonerate},{ev_type:exonerate/ID=match.2566964.4268/Target=lcl|KQ954566_1_prot_KWU41052_1_6581;exonerate}
92460	92065	internal-	4	6	{GlimmerHMM_glimmerT_5297-T1;GlimmerHMM},{GeneMark_model.5670_t;GeneMark},{Augustus_model.g4378.t1;Augustus},{ev_type:exonerate/ID=match.2566964.4271/Target=lcl|NW_017264944_1_prot_XP_018268089_1_6669;exonerate},{ev_type:exonerate/ID=match.2566964.4270/Target=lcl|LCTV02000013_1_prot_PRQ71056_1_2228;exonerate},{ev_type:exonerate/ID=match.2566964.4268/Target=lcl|KQ954566_1_prot_KWU41052_1_6581;exonerate}
92520	92461	INTRON			{GeneMark_model.5670_t;GeneMark},{Augustus_model.g4378.t1;Augustus},{ev_type:exonerate/ID=match.2566964.4271/Target=lcl|NW_017264944_1_prot_XP_018268089_1_6669;exonerate},{ev_type:exonerate/ID=match.2566964.4270/Target=lcl|LCTV02000013_1_prot_PRQ71056_1_2228;exonerate},{ev_type:exonerate/ID=match.2566964.4268/Target=lcl|KQ954566_1_prot_KWU41052_1_6581;exonerate}
92614	92521	internal-	6	6	{GeneMark_model.5670_t;GeneMark},{Augustus_model.g4378.t1;Augustus},{ev_type:exonerate/ID=match.2566964.4271/Target=lcl|NW_017264944_1_prot_XP_018268089_1_6669;exonerate},{ev_type:exonerate/ID=match.2566964.4270/Target=lcl|LCTV02000013_1_prot_PRQ71056_1_2228;exonerate},{ev_type:exonerate/ID=match.2566964.4268/Target=lcl|KQ954566_1_prot_KWU41052_1_6581;exonerate}
92683	92615	INTRON			{GlimmerHMM_glimmerT_5297-T1;GlimmerHMM},{GeneMark_model.5670_t;GeneMark},{Augustus_model.g4378.t1;Augustus},{ev_type:exonerate/ID=match.2566964.4271/Target=lcl|NW_017264944_1_prot_XP_018268089_1_6669;exonerate},{ev_type:exonerate/ID=match.2566964.4270/Target=lcl|LCTV02000013_1_prot_PRQ71056_1_2228;exonerate},{ev_type:exonerate/ID=match.2566964.4268/Target=lcl|KQ954566_1_prot_KWU41052_1_6581;exonerate}
92845	92684	internal-	6	5	{GlimmerHMM_glimmerT_5297-T1;GlimmerHMM},{GeneMark_model.5670_t;GeneMark},{Augustus_model.g4378.t1;Augustus},{ev_type:exonerate/ID=match.2566964.4271/Target=lcl|NW_017264944_1_prot_XP_018268089_1_6669;exonerate},{ev_type:exonerate/ID=match.2566964.4270/Target=lcl|LCTV02000013_1_prot_PRQ71056_1_2228;exonerate},{ev_type:exonerate/ID=match.2566964.4268/Target=lcl|KQ954566_1_prot_KWU41052_1_6581;exonerate}
92919	92846	INTRON			{GeneMark_model.5670_t;GeneMark},{Augustus_model.g4378.t1;Augustus}
92931	92920	internal-	6	5	{GeneMark_model.5670_t;GeneMark},{Augustus_model.g4378.t1;Augustus}
93002	92932	INTRON			{GeneMark_model.5670_t;GeneMark},{Augustus_model.g4378.t1;Augustus}
93041	93003	internal-	6	5	{GeneMark_model.5670_t;GeneMark},{Augustus_model.g4378.t1;Augustus}
93110	93042	INTRON			{GeneMark_model.5670_t;GeneMark},{Augustus_model.g4378.t1;Augustus},{ev_type:exonerate/ID=match.2566964.4271/Target=lcl|NW_017264944_1_prot_XP_018268089_1_6669;exonerate},{ev_type:exonerate/ID=match.2566964.4270/Target=lcl|LCTV02000013_1_prot_PRQ71056_1_2228;exonerate},{ev_type:exonerate/ID=match.2566964.4268/Target=lcl|KQ954566_1_prot_KWU41052_1_6581;exonerate}
93225	93111	internal-	5	5	{GlimmerHMM_glimmerT_5297-T1;GlimmerHMM},{GeneMark_model.5670_t;GeneMark},{Augustus_model.g4378.t1;Augustus}
93504	93226	INTRON			{GeneMark_model.5670_t;GeneMark}
93529	93505	initial-	4	4	{GeneMark_model.5670_t;GeneMark}

# EVM prediction: Mode:STANDARD S-ratio: 3.60 93727-96606 orient(+) score(14281.00) noncoding_equivalent(3961.60) raw_noncoding(4896.00) offset(934.40) 
93727	93751	initial+	1	1	{Augustus_model.g4379.t1;Augustus}
93752	93847	INTRON			{Augustus_model.g4379.t1;Augustus},{GeneMark_model.5671_t;GeneMark},{ev_type:exonerate/ID=match.2566964.2867/Target=lcl|KQ954566_1_prot_KWU41053_1_6582;exonerate},{ev_type:exonerate/ID=match.2566964.2869/Target=lcl|PJQD01000042_1_prot_POY73040_1_3955;exonerate}
93848	93914	internal+	2	2	{Augustus_model.g4379.t1;Augustus},{GeneMark_model.5671_t;GeneMark},{ev_type:exonerate/ID=match.2566964.2867/Target=lcl|KQ954566_1_prot_KWU41053_1_6582;exonerate},{ev_type:exonerate/ID=match.2566964.2869/Target=lcl|PJQD01000042_1_prot_POY73040_1_3955;exonerate}
93915	93986	INTRON			{Augustus_model.g4379.t1;Augustus},{GlimmerHMM_glimmerT_5298-T1;GlimmerHMM},{GeneMark_model.5671_t;GeneMark},{ev_type:exonerate/ID=match.2566964.2867/Target=lcl|KQ954566_1_prot_KWU41053_1_6582;exonerate},{ev_type:exonerate/ID=match.2566964.2869/Target=lcl|PJQD01000042_1_prot_POY73040_1_3955;exonerate}
93987	94011	internal+	3	3	{Augustus_model.g4379.t1;Augustus},{GlimmerHMM_glimmerT_5298-T1;GlimmerHMM},{GeneMark_model.5671_t;GeneMark},{ev_type:exonerate/ID=match.2566964.2867/Target=lcl|KQ954566_1_prot_KWU41053_1_6582;exonerate},{ev_type:exonerate/ID=match.2566964.2869/Target=lcl|PJQD01000042_1_prot_POY73040_1_3955;exonerate}
94012	94074	INTRON			{Augustus_model.g4379.t1;Augustus},{GlimmerHMM_glimmerT_5298-T1;GlimmerHMM},{GeneMark_model.5671_t;GeneMark},{ev_type:exonerate/ID=match.2566964.2867/Target=lcl|KQ954566_1_prot_KWU41053_1_6582;exonerate},{ev_type:exonerate/ID=match.2566964.2869/Target=lcl|PJQD01000042_1_prot_POY73040_1_3955;exonerate}
94075	94116	internal+	1	3	{Augustus_model.g4379.t1;Augustus},{GlimmerHMM_glimmerT_5298-T1;GlimmerHMM},{GeneMark_model.5671_t;GeneMark},{ev_type:exonerate/ID=match.2566964.2867/Target=lcl|KQ954566_1_prot_KWU41053_1_6582;exonerate},{ev_type:exonerate/ID=match.2566964.2869/Target=lcl|PJQD01000042_1_prot_POY73040_1_3955;exonerate}
94117	94190	INTRON			{Augustus_model.g4379.t1;Augustus},{GlimmerHMM_glimmerT_5298-T1;GlimmerHMM},{GeneMark_model.5671_t;GeneMark},{ev_type:exonerate/ID=match.2566964.2867/Target=lcl|KQ954566_1_prot_KWU41053_1_6582;exonerate},{ev_type:exonerate/ID=match.2566964.2869/Target=lcl|PJQD01000042_1_prot_POY73040_1_3955;exonerate}
94191	94436	internal+	1	3	{Augustus_model.g4379.t1;Augustus},{GlimmerHMM_glimmerT_5298-T1;GlimmerHMM},{GeneMark_model.5671_t;GeneMark},{ev_type:exonerate/ID=match.2566964.2867/Target=lcl|KQ954566_1_prot_KWU41053_1_6582;exonerate},{ev_type:exonerate/ID=match.2566964.2869/Target=lcl|PJQD01000042_1_prot_POY73040_1_3955;exonerate}
94437	94503	INTRON			{Augustus_model.g4379.t1;Augustus},{GlimmerHMM_glimmerT_5298-T1;GlimmerHMM},{GeneMark_model.5671_t;GeneMark},{ev_type:exonerate/ID=match.2566964.2867/Target=lcl|KQ954566_1_prot_KWU41053_1_6582;exonerate},{ev_type:exonerate/ID=match.2566964.2869/Target=lcl|PJQD01000042_1_prot_POY73040_1_3955;exonerate}
94504	94761	internal+	1	3	{Augustus_model.g4379.t1;Augustus},{GlimmerHMM_glimmerT_5298-T1;GlimmerHMM},{GeneMark_model.5671_t;GeneMark},{ev_type:exonerate/ID=match.2566964.2867/Target=lcl|KQ954566_1_prot_KWU41053_1_6582;exonerate},{ev_type:exonerate/ID=match.2566964.2869/Target=lcl|PJQD01000042_1_prot_POY73040_1_3955;exonerate}
94762	94825	INTRON			{Augustus_model.g4379.t1;Augustus},{GlimmerHMM_glimmerT_5298-T1;GlimmerHMM},{GeneMark_model.5671_t;GeneMark},{ev_type:exonerate/ID=match.2566964.2867/Target=lcl|KQ954566_1_prot_KWU41053_1_6582;exonerate},{ev_type:exonerate/ID=match.2566964.2869/Target=lcl|PJQD01000042_1_prot_POY73040_1_3955;exonerate}
94826	94904	internal+	1	1	{Augustus_model.g4379.t1;Augustus},{GeneMark_model.5671_t;GeneMark},{ev_type:exonerate/ID=match.2566964.2867/Target=lcl|KQ954566_1_prot_KWU41053_1_6582;exonerate},{ev_type:exonerate/ID=match.2566964.2869/Target=lcl|PJQD01000042_1_prot_POY73040_1_3955;exonerate}
94905	94962	INTRON			{Augustus_model.g4379.t1;Augustus},{GeneMark_model.5671_t;GeneMark},{ev_type:exonerate/ID=match.2566964.2867/Target=lcl|KQ954566_1_prot_KWU41053_1_6582;exonerate},{ev_type:exonerate/ID=match.2566964.2869/Target=lcl|PJQD01000042_1_prot_POY73040_1_3955;exonerate}
94963	95176	internal+	2	2	{Augustus_model.g4379.t1;Augustus},{GeneMark_model.5671_t;GeneMark},{ev_type:exonerate/ID=match.2566964.2867/Target=lcl|KQ954566_1_prot_KWU41053_1_6582;exonerate},{ev_type:exonerate/ID=match.2566964.2869/Target=lcl|PJQD01000042_1_prot_POY73040_1_3955;exonerate}
95177	95234	INTRON			{Augustus_model.g4379.t1;Augustus},{GlimmerHMM_glimmerT_5298-T1;GlimmerHMM},{GeneMark_model.5671_t;GeneMark},{ev_type:exonerate/ID=match.2566964.2867/Target=lcl|KQ954566_1_prot_KWU41053_1_6582;exonerate},{ev_type:exonerate/ID=match.2566964.2869/Target=lcl|PJQD01000042_1_prot_POY73040_1_3955;exonerate}
95235	95400	internal+	3	3	{Augustus_model.g4379.t1;Augustus},{GlimmerHMM_glimmerT_5298-T1;GlimmerHMM},{GeneMark_model.5671_t;GeneMark},{ev_type:exonerate/ID=match.2566964.2867/Target=lcl|KQ954566_1_prot_KWU41053_1_6582;exonerate},{ev_type:exonerate/ID=match.2566964.2869/Target=lcl|PJQD01000042_1_prot_POY73040_1_3955;exonerate}
95401	95459	INTRON			{Augustus_model.g4379.t1;Augustus},{GlimmerHMM_glimmerT_5298-T1;GlimmerHMM},{GeneMark_model.5671_t;GeneMark},{ev_type:exonerate/ID=match.2566964.2867/Target=lcl|KQ954566_1_prot_KWU41053_1_6582;exonerate},{ev_type:exonerate/ID=match.2566964.2869/Target=lcl|PJQD01000042_1_prot_POY73040_1_3955;exonerate}
95460	95828	internal+	1	3	{Augustus_model.g4379.t1;Augustus},{GlimmerHMM_glimmerT_5298-T1;GlimmerHMM},{GeneMark_model.5671_t;GeneMark},{ev_type:exonerate/ID=match.2566964.2867/Target=lcl|KQ954566_1_prot_KWU41053_1_6582;exonerate},{ev_type:exonerate/ID=match.2566964.2869/Target=lcl|PJQD01000042_1_prot_POY73040_1_3955;exonerate}
95829	95894	INTRON			{Augustus_model.g4379.t1;Augustus},{GlimmerHMM_glimmerT_5298-T1;GlimmerHMM},{GeneMark_model.5671_t;GeneMark},{ev_type:exonerate/ID=match.2566964.2867/Target=lcl|KQ954566_1_prot_KWU41053_1_6582;exonerate},{ev_type:exonerate/ID=match.2566964.2869/Target=lcl|PJQD01000042_1_prot_POY73040_1_3955;exonerate}
95895	96007	internal+	1	2	{Augustus_model.g4379.t1;Augustus},{GlimmerHMM_glimmerT_5298-T1;GlimmerHMM},{GeneMark_model.5671_t;GeneMark},{ev_type:exonerate/ID=match.2566964.2867/Target=lcl|KQ954566_1_prot_KWU41053_1_6582;exonerate},{ev_type:exonerate/ID=match.2566964.2869/Target=lcl|PJQD01000042_1_prot_POY73040_1_3955;exonerate}
96008	96069	INTRON			{Augustus_model.g4379.t1;Augustus},{GlimmerHMM_glimmerT_5298-T1;GlimmerHMM},{GeneMark_model.5671_t;GeneMark},{ev_type:exonerate/ID=match.2566964.2867/Target=lcl|KQ954566_1_prot_KWU41053_1_6582;exonerate},{ev_type:exonerate/ID=match.2566964.2869/Target=lcl|PJQD01000042_1_prot_POY73040_1_3955;exonerate}
96070	96196	internal+	3	3	{Augustus_model.g4379.t1;Augustus},{GlimmerHMM_glimmerT_5298-T1;GlimmerHMM},{GeneMark_model.5671_t;GeneMark},{ev_type:exonerate/ID=match.2566964.2869/Target=lcl|PJQD01000042_1_prot_POY73040_1_3955;exonerate}
96197	96258	INTRON			{Augustus_model.g4379.t1;Augustus},{GlimmerHMM_glimmerT_5298-T1;GlimmerHMM},{GeneMark_model.5671_t;GeneMark},{ev_type:exonerate/ID=match.2566964.2869/Target=lcl|PJQD01000042_1_prot_POY73040_1_3955;exonerate}
96259	96355	internal+	1	1	{Augustus_model.g4379.t1;Augustus},{GlimmerHMM_glimmerT_5298-T1;GlimmerHMM},{GeneMark_model.5671_t;GeneMark},{ev_type:exonerate/ID=match.2566964.2869/Target=lcl|PJQD01000042_1_prot_POY73040_1_3955;exonerate}
96356	96421	INTRON			{Augustus_model.g4379.t1;Augustus},{GlimmerHMM_glimmerT_5298-T1;GlimmerHMM},{GeneMark_model.5671_t;GeneMark},{ev_type:exonerate/ID=match.2566964.2869/Target=lcl|PJQD01000042_1_prot_POY73040_1_3955;exonerate}
96422	96606	terminal+	2	3	{Augustus_model.g4379.t1;Augustus},{GlimmerHMM_glimmerT_5298-T1;GlimmerHMM},{GeneMark_model.5671_t;GeneMark}

# EVM prediction: Mode:STANDARD S-ratio: 2.27 96747-99432 orient(-) score(7736.00) noncoding_equivalent(3413.14) raw_noncoding(4351.26) offset(938.12) 
96767	96747	terminal-	4	6	{GlimmerHMM_glimmerT_5299-T1;GlimmerHMM},{Augustus_model.g4380.t1;Augustus}
96875	96768	INTRON			{GlimmerHMM_glimmerT_5299-T1;GlimmerHMM},{Augustus_model.g4380.t1;Augustus}
96990	96876	internal-	6	6	{GlimmerHMM_glimmerT_5299-T1;GlimmerHMM},{GeneMark_model.5672_t;GeneMark},{Augustus_model.g4380.t1;Augustus}
97049	96991	INTRON			{GeneMark_model.5672_t;GeneMark},{Augustus_model.g4380.t1;Augustus}
97076	97050	internal-	6	5	{GeneMark_model.5672_t;GeneMark},{Augustus_model.g4380.t1;Augustus}
97146	97077	INTRON			{GeneMark_model.5672_t;GeneMark},{Augustus_model.g4380.t1;Augustus}
97418	97147	internal-	4	5	{GlimmerHMM_glimmerT_5299-T1;GlimmerHMM},{GeneMark_model.5672_t;GeneMark},{Augustus_model.g4380.t1;Augustus}
97503	97419	INTRON			{GlimmerHMM_glimmerT_5299-T1;GlimmerHMM},{GeneMark_model.5672_t;GeneMark},{Augustus_model.g4380.t1;Augustus}
97835	97504	internal-	5	6	{GlimmerHMM_glimmerT_5299-T1;GlimmerHMM},{GeneMark_model.5672_t;GeneMark},{Augustus_model.g4380.t1;Augustus}
97894	97836	INTRON			{GlimmerHMM_glimmerT_5299-T1;GlimmerHMM},{GeneMark_model.5672_t;GeneMark},{Augustus_model.g4380.t1;Augustus}
98062	97895	internal-	5	4	{GlimmerHMM_glimmerT_5299-T1;GlimmerHMM},{GeneMark_model.5672_t;GeneMark},{Augustus_model.g4380.t1;Augustus}
98133	98063	INTRON			{GlimmerHMM_glimmerT_5299-T1;GlimmerHMM},{GeneMark_model.5672_t;GeneMark},{Augustus_model.g4380.t1;Augustus}
98275	98134	internal-	4	4	{GeneMark_model.5672_t;GeneMark},{Augustus_model.g4380.t1;Augustus}
98339	98276	INTRON			{GeneMark_model.5672_t;GeneMark},{Augustus_model.g4380.t1;Augustus}
98645	98340	internal-	4	6	{GeneMark_model.5672_t;GeneMark},{Augustus_model.g4380.t1;Augustus}
98708	98646	INTRON			{GeneMark_model.5672_t;GeneMark},{Augustus_model.g4380.t1;Augustus}
98795	98709	internal-	4	6	{GeneMark_model.5672_t;GeneMark},{Augustus_model.g4380.t1;Augustus}
98862	98796	INTRON			{GlimmerHMM_glimmerT_5299-T1;GlimmerHMM},{GeneMark_model.5672_t;GeneMark}
99432	98863	initial-	4	6	{GlimmerHMM_glimmerT_5299-T1;GlimmerHMM},{GeneMark_model.5672_t;GeneMark}

# EVM prediction: Mode:STANDARD S-ratio: 3.11 99583-100465 orient(-) score(4221.00) noncoding_equivalent(1358.03) raw_noncoding(1693.21) offset(335.19) 
99706	99583	terminal-	6	6	{GlimmerHMM_glimmerT_5300-T1;GlimmerHMM},{GeneMark_model.5673_t;GeneMark}
99821	99707	INTRON			{GlimmerHMM_glimmerT_5300-T1;GlimmerHMM},{GeneMark_model.5673_t;GeneMark},{Augustus_model.g4380.t1;Augustus},{ev_type:exonerate/ID=match.2566964.4297/Target=lcl|KQ954566_1_prot_KWU41055_1_6584;exonerate}
99937	99822	internal-	4	5	{GlimmerHMM_glimmerT_5300-T1;GlimmerHMM},{GeneMark_model.5673_t;GeneMark},{Augustus_model.g4380.t1;Augustus},{ev_type:exonerate/ID=match.2566964.4297/Target=lcl|KQ954566_1_prot_KWU41055_1_6584;exonerate},{ev_type:exonerate/ID=match.2566964.4298/Target=lcl|PJQD01000042_1_prot_POY73043_1_3957;exonerate}
100022	99938	INTRON			{GlimmerHMM_glimmerT_5300-T1;GlimmerHMM},{GeneMark_model.5673_t;GeneMark},{Augustus_model.g4380.t1;Augustus},{ev_type:exonerate/ID=match.2566964.4297/Target=lcl|KQ954566_1_prot_KWU41055_1_6584;exonerate},{ev_type:exonerate/ID=match.2566964.4298/Target=lcl|PJQD01000042_1_prot_POY73043_1_3957;exonerate}
100099	100023	internal-	5	6	{GlimmerHMM_glimmerT_5300-T1;GlimmerHMM},{GeneMark_model.5673_t;GeneMark},{Augustus_model.g4380.t1;Augustus},{ev_type:exonerate/ID=match.2566964.4298/Target=lcl|PJQD01000042_1_prot_POY73043_1_3957;exonerate}
100176	100100	INTRON			{GlimmerHMM_glimmerT_5300-T1;GlimmerHMM},{GeneMark_model.5673_t;GeneMark},{Augustus_model.g4380.t1;Augustus},{ev_type:exonerate/ID=match.2566964.4298/Target=lcl|PJQD01000042_1_prot_POY73043_1_3957;exonerate}
100364	100177	internal-	6	4	{GlimmerHMM_glimmerT_5300-T1;GlimmerHMM},{GeneMark_model.5673_t;GeneMark},{Augustus_model.g4380.t1;Augustus},{ev_type:exonerate/ID=match.2566964.4297/Target=lcl|KQ954566_1_prot_KWU41055_1_6584;exonerate},{ev_type:exonerate/ID=match.2566964.4298/Target=lcl|PJQD01000042_1_prot_POY73043_1_3957;exonerate}
100430	100365	INTRON			{GeneMark_model.5673_t;GeneMark},{Augustus_model.g4380.t1;Augustus},{ev_type:exonerate/ID=match.2566964.4297/Target=lcl|KQ954566_1_prot_KWU41055_1_6584;exonerate},{ev_type:exonerate/ID=match.2566964.4298/Target=lcl|PJQD01000042_1_prot_POY73043_1_3957;exonerate}
100465	100431	initial-	4	5	{GeneMark_model.5673_t;GeneMark},{Augustus_model.g4380.t1;Augustus}

# EVM prediction: Mode:STANDARD S-ratio: 2.45 100775-101219 orient(+) score(1162.00) noncoding_equivalent(474.12) raw_noncoding(659.40) offset(185.29) 
100775	101119	initial+	1	3	{GeneMark_model.5674_t;GeneMark},{Augustus_model.g4381.t1;Augustus},{GlimmerHMM_glimmerT_5301-T1;GlimmerHMM}
101120	101192	INTRON			{GeneMark_model.5674_t;GeneMark}
101193	101219	terminal+	1	3	{GeneMark_model.5674_t;GeneMark}

# EVM prediction: Mode:STANDARD S-ratio: 5.47 101602-107890 orient(+) score(21680.00) noncoding_equivalent(3966.79) raw_noncoding(4235.38) offset(268.60) 
101602	103229	initial+	1	2	{GeneMark_model.5675_t;GeneMark}
103230	103290	INTRON			{GeneMark_model.5675_t;GeneMark},{Augustus_model.g4381.t1;Augustus},{GlimmerHMM_glimmerT_5301-T1;GlimmerHMM}
103291	104165	internal+	3	1	{GeneMark_model.5675_t;GeneMark},{Augustus_model.g4381.t1;Augustus},{GlimmerHMM_glimmerT_5301-T1;GlimmerHMM}
104166	104224	INTRON			{GeneMark_model.5675_t;GeneMark},{Augustus_model.g4381.t1;Augustus},{GlimmerHMM_glimmerT_5301-T1;GlimmerHMM}
104225	104888	internal+	2	2	{Augustus_model.g4381.t1;Augustus},{GlimmerHMM_glimmerT_5301-T1;GlimmerHMM}
104889	104956	INTRON			{GeneMark_model.5675_t;GeneMark},{Augustus_model.g4381.t1;Augustus},{GlimmerHMM_glimmerT_5301-T1;GlimmerHMM}
104957	106254	internal+	3	1	{GeneMark_model.5675_t;GeneMark},{Augustus_model.g4381.t1;Augustus},{GlimmerHMM_glimmerT_5301-T1;GlimmerHMM}
106255	106322	INTRON			{GeneMark_model.5675_t;GeneMark},{Augustus_model.g4381.t1;Augustus},{GlimmerHMM_glimmerT_5301-T1;GlimmerHMM}
106323	107890	terminal+	2	3	{GeneMark_model.5675_t;GeneMark},{snap_scaffold_14-snap.52-T1;snap},{Augustus_model.g4381.t1;Augustus},{GlimmerHMM_glimmerT_5301-T1;GlimmerHMM}

# EVM prediction: Mode:STANDARD S-ratio: 1.45 107988-109214 orient(-) score(3138.00) noncoding_equivalent(2168.40) raw_noncoding(3279.00) offset(1110.60) 
108002	107988	terminal-	4	6	{GeneMark_model.5676_t;GeneMark},{GlimmerHMM_glimmerT_5302-T1;GlimmerHMM},{Augustus_model.g4382.t1;Augustus}
108067	108003	INTRON			{GeneMark_model.5676_t;GeneMark},{GlimmerHMM_glimmerT_5302-T1;GlimmerHMM},{Augustus_model.g4382.t1;Augustus}
108125	108068	internal-	6	6	{GeneMark_model.5676_t;GeneMark},{Augustus_model.g4382.t1;Augustus}
108202	108126	INTRON			{GeneMark_model.5676_t;GeneMark},{Augustus_model.g4382.t1;Augustus}
108282	108203	internal-	4	5	{GeneMark_model.5676_t;GeneMark},{Augustus_model.g4382.t1;Augustus}
108348	108283	INTRON			{GeneMark_model.5676_t;GeneMark},{GlimmerHMM_glimmerT_5302-T1;GlimmerHMM},{Augustus_model.g4382.t1;Augustus}
108466	108349	internal-	6	6	{GeneMark_model.5676_t;GeneMark},{GlimmerHMM_glimmerT_5302-T1;GlimmerHMM},{Augustus_model.g4382.t1;Augustus}
108553	108467	INTRON			{GeneMark_model.5676_t;GeneMark},{GlimmerHMM_glimmerT_5302-T1;GlimmerHMM},{Augustus_model.g4382.t1;Augustus}
108570	108554	internal-	4	5	{GeneMark_model.5676_t;GeneMark},{GlimmerHMM_glimmerT_5302-T1;GlimmerHMM},{Augustus_model.g4382.t1;Augustus}
108631	108571	INTRON			{GeneMark_model.5676_t;GeneMark},{GlimmerHMM_glimmerT_5302-T1;GlimmerHMM},{Augustus_model.g4382.t1;Augustus}
108652	108632	internal-	4	6	{GeneMark_model.5676_t;GeneMark},{GlimmerHMM_glimmerT_5302-T1;GlimmerHMM},{Augustus_model.g4382.t1;Augustus}
108729	108653	INTRON			{GeneMark_model.5676_t;GeneMark},{GlimmerHMM_glimmerT_5302-T1;GlimmerHMM},{Augustus_model.g4382.t1;Augustus}
108859	108730	internal-	6	6	{GeneMark_model.5676_t;GeneMark},{GlimmerHMM_glimmerT_5302-T1;GlimmerHMM},{Augustus_model.g4382.t1;Augustus}
109005	108860	INTRON			{Augustus_model.g4382.t1;Augustus}
109054	109006	internal-	5	5	{Augustus_model.g4382.t1;Augustus}
109177	109055	INTRON			{GeneMark_model.5676_t;GeneMark},{Augustus_model.g4382.t1;Augustus}
109214	109178	initial-	4	4	{GeneMark_model.5676_t;GeneMark},{Augustus_model.g4382.t1;Augustus}

# EVM prediction: Mode:STANDARD S-ratio: 1.67 109380-113141 orient(+) score(10409.00) noncoding_equivalent(6240.21) raw_noncoding(8529.00) offset(2288.79) 
109380	109553	initial+	1	3	{GeneMark_model.5677_t;GeneMark},{GlimmerHMM_glimmerT_5303-T1;GlimmerHMM},{Augustus_model.g4383.t1;Augustus}
109554	109828	INTRON			{GlimmerHMM_glimmerT_5303-T1;GlimmerHMM},{Augustus_model.g4383.t1;Augustus}
109829	109923	internal+	1	2	{GeneMark_model.5677_t;GeneMark},{GlimmerHMM_glimmerT_5303-T1;GlimmerHMM},{Augustus_model.g4383.t1;Augustus}
109924	109989	INTRON			{GeneMark_model.5677_t;GeneMark},{GlimmerHMM_glimmerT_5303-T1;GlimmerHMM},{Augustus_model.g4383.t1;Augustus}
109990	110047	internal+	3	3	{GeneMark_model.5677_t;GeneMark},{GlimmerHMM_glimmerT_5303-T1;GlimmerHMM},{Augustus_model.g4383.t1;Augustus}
110048	110114	INTRON			{GeneMark_model.5677_t;GeneMark},{GlimmerHMM_glimmerT_5303-T1;GlimmerHMM},{Augustus_model.g4383.t1;Augustus}
110115	110282	internal+	1	3	{GeneMark_model.5677_t;GeneMark},{GlimmerHMM_glimmerT_5303-T1;GlimmerHMM},{Augustus_model.g4383.t1;Augustus}
110283	110342	INTRON			{GeneMark_model.5677_t;GeneMark},{Augustus_model.g4383.t1;Augustus}
110343	110479	internal+	1	2	{GeneMark_model.5677_t;GeneMark},{Augustus_model.g4383.t1;Augustus}
110480	110545	INTRON			{GeneMark_model.5677_t;GeneMark},{GlimmerHMM_glimmerT_5303-T1;GlimmerHMM},{Augustus_model.g4383.t1;Augustus}
110546	110728	internal+	3	2	{GeneMark_model.5677_t;GeneMark},{GlimmerHMM_glimmerT_5303-T1;GlimmerHMM},{Augustus_model.g4383.t1;Augustus}
110729	110798	INTRON			{GeneMark_model.5677_t;GeneMark},{GlimmerHMM_glimmerT_5303-T1;GlimmerHMM},{Augustus_model.g4383.t1;Augustus}
110799	110871	internal+	3	3	{GeneMark_model.5677_t;GeneMark},{GlimmerHMM_glimmerT_5303-T1;GlimmerHMM},{Augustus_model.g4383.t1;Augustus}
110872	110941	INTRON			{GeneMark_model.5677_t;GeneMark},{GlimmerHMM_glimmerT_5303-T1;GlimmerHMM},{Augustus_model.g4383.t1;Augustus}
110942	111077	internal+	1	1	{GeneMark_model.5677_t;GeneMark},{GlimmerHMM_glimmerT_5303-T1;GlimmerHMM},{Augustus_model.g4383.t1;Augustus}
111078	111163	INTRON			{GeneMark_model.5677_t;GeneMark},{GlimmerHMM_glimmerT_5303-T1;GlimmerHMM},{Augustus_model.g4383.t1;Augustus}
111164	111278	internal+	2	2	{GeneMark_model.5677_t;GeneMark},{GlimmerHMM_glimmerT_5303-T1;GlimmerHMM},{Augustus_model.g4383.t1;Augustus}
111279	111600	INTRON			{GlimmerHMM_glimmerT_5303-T1;GlimmerHMM},{Augustus_model.g4383.t1;Augustus}
111601	111747	internal+	3	2	{GlimmerHMM_glimmerT_5303-T1;GlimmerHMM},{Augustus_model.g4383.t1;Augustus}
111748	111871	INTRON			{GeneMark_model.5677_t;GeneMark},{GlimmerHMM_glimmerT_5303-T1;GlimmerHMM},{Augustus_model.g4383.t1;Augustus}
111872	111968	internal+	3	3	{GeneMark_model.5677_t;GeneMark},{GlimmerHMM_glimmerT_5303-T1;GlimmerHMM},{Augustus_model.g4383.t1;Augustus}
111969	112040	INTRON			{GeneMark_model.5677_t;GeneMark},{Augustus_model.g4383.t1;Augustus}
112041	112065	internal+	1	1	{GeneMark_model.5677_t;GeneMark},{Augustus_model.g4383.t1;Augustus}
112066	112141	INTRON			{GeneMark_model.5677_t;GeneMark},{Augustus_model.g4383.t1;Augustus}
112142	112266	internal+	2	3	{GeneMark_model.5677_t;GeneMark},{Augustus_model.g4383.t1;Augustus}
112267	112337	INTRON			{GeneMark_model.5677_t;GeneMark},{GlimmerHMM_glimmerT_5303-T1;GlimmerHMM},{Augustus_model.g4383.t1;Augustus}
112338	112503	internal+	1	1	{GeneMark_model.5677_t;GeneMark},{GlimmerHMM_glimmerT_5303-T1;GlimmerHMM},{Augustus_model.g4383.t1;Augustus}
112504	112579	INTRON			{GeneMark_model.5677_t;GeneMark},{GlimmerHMM_glimmerT_5303-T1;GlimmerHMM},{Augustus_model.g4383.t1;Augustus}
112580	112931	internal+	2	2	{GeneMark_model.5677_t;GeneMark},{GlimmerHMM_glimmerT_5303-T1;GlimmerHMM},{Augustus_model.g4383.t1;Augustus}
112932	113059	INTRON			{GeneMark_model.5677_t;GeneMark},{GlimmerHMM_glimmerT_5303-T1;GlimmerHMM},{Augustus_model.g4383.t1;Augustus}
113060	113141	terminal+	3	3	{GeneMark_model.5677_t;GeneMark},{GlimmerHMM_glimmerT_5303-T1;GlimmerHMM},{Augustus_model.g4383.t1;Augustus}

# EVM prediction: Mode:STANDARD S-ratio: 212.16 113340-114356 orient(-) score(4047.00) noncoding_equivalent(19.08) raw_noncoding(19.08) offset(0.00) 
114356	113340	single-	4	6	{GeneMark_model.5678_t;GeneMark},{Augustus_model.g4384.t1;Augustus},{GlimmerHMM_glimmerT_5304-T1;GlimmerHMM}

# EVM prediction: Mode:STANDARD S-ratio: 1.62 114845-116196 orient(+) score(3445.00) noncoding_equivalent(2126.11) raw_noncoding(3154.41) offset(1028.30) 
114845	115015	initial+	1	3	{Augustus_model.g4385.t1;Augustus}
115016	115083	INTRON			{GeneMark_model.5679_t;GeneMark},{Augustus_model.g4385.t1;Augustus}
115084	115114	internal+	1	1	{GeneMark_model.5679_t;GeneMark},{Augustus_model.g4385.t1;Augustus}
115115	115184	INTRON			{GeneMark_model.5679_t;GeneMark},{Augustus_model.g4385.t1;Augustus}
115185	115245	internal+	2	2	{GlimmerHMM_glimmerT_5305-T1;GlimmerHMM},{GeneMark_model.5679_t;GeneMark},{Augustus_model.g4385.t1;Augustus}
115246	115319	INTRON			{GlimmerHMM_glimmerT_5305-T1;GlimmerHMM},{GeneMark_model.5679_t;GeneMark},{Augustus_model.g4385.t1;Augustus}
115320	115440	internal+	3	3	{GeneMark_model.5679_t;GeneMark},{Augustus_model.g4385.t1;Augustus}
115441	115518	INTRON			{GeneMark_model.5679_t;GeneMark},{Augustus_model.g4385.t1;Augustus}
115519	115575	internal+	1	3	{GeneMark_model.5679_t;GeneMark},{Augustus_model.g4385.t1;Augustus}
115576	115638	INTRON			{GlimmerHMM_glimmerT_5305-T1;GlimmerHMM},{GeneMark_model.5679_t;GeneMark},{Augustus_model.g4385.t1;Augustus}
115639	115748	internal+	1	2	{GlimmerHMM_glimmerT_5305-T1;GlimmerHMM},{GeneMark_model.5679_t;GeneMark},{Augustus_model.g4385.t1;Augustus}
115749	115844	INTRON			{GlimmerHMM_glimmerT_5305-T1;GlimmerHMM},{GeneMark_model.5679_t;GeneMark},{Augustus_model.g4385.t1;Augustus}
115845	116020	internal+	3	1	{GlimmerHMM_glimmerT_5305-T1;GlimmerHMM},{GeneMark_model.5679_t;GeneMark},{Augustus_model.g4385.t1;Augustus}
116021	116164	INTRON			{GeneMark_model.5679_t;GeneMark}
116165	116196	terminal+	2	3	{GeneMark_model.5679_t;GeneMark}

# EVM prediction: Mode:STANDARD S-ratio: 3.00 116455-118458 orient(+) score(8057.00) noncoding_equivalent(2681.76) raw_noncoding(3544.26) offset(862.50) 
116455	116530	initial+	1	1	{GeneMark_model.5680_t;GeneMark}
116531	116766	INTRON			{GeneMark_model.5680_t;GeneMark},{Augustus_model.g4385.t1;Augustus},{ev_type:exonerate/ID=match.2566964.4251/Target=lcl|PJQD01000045_1_prot_POY72894_1_4130;exonerate}
116767	116946	internal+	2	1	{GlimmerHMM_glimmerT_5305-T1;GlimmerHMM},{GeneMark_model.5680_t;GeneMark},{Augustus_model.g4385.t1;Augustus},{ev_type:exonerate/ID=match.2566964.4251/Target=lcl|PJQD01000045_1_prot_POY72894_1_4130;exonerate}
116947	117022	INTRON			{GlimmerHMM_glimmerT_5305-T1;GlimmerHMM},{GeneMark_model.5680_t;GeneMark},{Augustus_model.g4385.t1;Augustus},{ev_type:exonerate/ID=match.2566964.4251/Target=lcl|PJQD01000045_1_prot_POY72894_1_4130;exonerate}
117023	117129	internal+	2	3	{GlimmerHMM_glimmerT_5305-T1;GlimmerHMM},{GeneMark_model.5680_t;GeneMark},{Augustus_model.g4385.t1;Augustus},{ev_type:exonerate/ID=match.2566964.4251/Target=lcl|PJQD01000045_1_prot_POY72894_1_4130;exonerate}
117130	117211	INTRON			{GlimmerHMM_glimmerT_5305-T1;GlimmerHMM},{GeneMark_model.5680_t;GeneMark},{Augustus_model.g4385.t1;Augustus},{ev_type:exonerate/ID=match.2566964.4251/Target=lcl|PJQD01000045_1_prot_POY72894_1_4130;exonerate}
117212	117711	internal+	1	2	{GlimmerHMM_glimmerT_5305-T1;GlimmerHMM},{GeneMark_model.5680_t;GeneMark},{Augustus_model.g4385.t1;Augustus},{ev_type:exonerate/ID=match.2566964.4251/Target=lcl|PJQD01000045_1_prot_POY72894_1_4130;exonerate}
117712	117782	INTRON			{GlimmerHMM_glimmerT_5305-T1;GlimmerHMM},{GeneMark_model.5680_t;GeneMark},{Augustus_model.g4385.t1;Augustus},{ev_type:exonerate/ID=match.2566964.4251/Target=lcl|PJQD01000045_1_prot_POY72894_1_4130;exonerate}
117783	117985	internal+	3	1	{GlimmerHMM_glimmerT_5305-T1;GlimmerHMM},{GeneMark_model.5680_t;GeneMark},{Augustus_model.g4385.t1;Augustus},{ev_type:exonerate/ID=match.2566964.4251/Target=lcl|PJQD01000045_1_prot_POY72894_1_4130;exonerate}
117986	118058	INTRON			{GlimmerHMM_glimmerT_5305-T1;GlimmerHMM},{GeneMark_model.5680_t;GeneMark},{Augustus_model.g4385.t1;Augustus},{ev_type:exonerate/ID=match.2566964.4251/Target=lcl|PJQD01000045_1_prot_POY72894_1_4130;exonerate}
118059	118156	internal+	2	3	{GlimmerHMM_glimmerT_5305-T1;GlimmerHMM},{GeneMark_model.5680_t;GeneMark},{Augustus_model.g4385.t1;Augustus},{ev_type:exonerate/ID=match.2566964.4251/Target=lcl|PJQD01000045_1_prot_POY72894_1_4130;exonerate}
118157	118227	INTRON			{GlimmerHMM_glimmerT_5305-T1;GlimmerHMM},{GeneMark_model.5680_t;GeneMark},{Augustus_model.g4385.t1;Augustus},{ev_type:exonerate/ID=match.2566964.4251/Target=lcl|PJQD01000045_1_prot_POY72894_1_4130;exonerate}
118228	118458	terminal+	1	3	{GlimmerHMM_glimmerT_5305-T1;GlimmerHMM},{GeneMark_model.5680_t;GeneMark},{Augustus_model.g4385.t1;Augustus}

# EVM prediction: Mode:STANDARD S-ratio: 3.21 118661-121455 orient(-) score(8523.00) noncoding_equivalent(2655.19) raw_noncoding(2771.00) offset(115.81) 
120386	118661	terminal-	6	6	{GeneMark_model.5681_t;GeneMark}
120445	120387	INTRON			{GeneMark_model.5681_t;GeneMark},{Augustus_model.g4386.t1;Augustus}
121455	120446	initial-	4	5	{GeneMark_model.5681_t;GeneMark},{GlimmerHMM_glimmerT_5306-T1;GlimmerHMM},{Augustus_model.g4386.t1;Augustus}

# EVM prediction: Mode:STANDARD S-ratio: 279.11 122042-123868 orient(-) score(7280.00) noncoding_equivalent(26.08) raw_noncoding(26.08) offset(0.00) 
123868	122042	single-	4	6	{GeneMark_model.5682_t;GeneMark},{Augustus_model.g4387.t1;Augustus},{GlimmerHMM_glimmerT_5307-T1;GlimmerHMM}

# EVM prediction: Mode:STANDARD S-ratio: 2.72 124693-128444 orient(+) score(11155.00) noncoding_equivalent(4100.00) raw_noncoding(4361.00) offset(261.00) 
124693	125254	initial+	1	1	{Augustus_model.g4388.t1;Augustus},{GeneMark_model.5683_t;GeneMark},{GlimmerHMM_glimmerT_5308-T1;GlimmerHMM}
125255	125315	INTRON			{Augustus_model.g4388.t1;Augustus},{GeneMark_model.5683_t;GeneMark},{GlimmerHMM_glimmerT_5308-T1;GlimmerHMM}
125316	125551	internal+	2	3	{Augustus_model.g4388.t1;Augustus},{GeneMark_model.5683_t;GeneMark},{GlimmerHMM_glimmerT_5308-T1;GlimmerHMM}
125552	125618	INTRON			{Augustus_model.g4388.t1;Augustus},{GeneMark_model.5683_t;GeneMark},{GlimmerHMM_glimmerT_5308-T1;GlimmerHMM}
125619	127691	internal+	1	3	{Augustus_model.g4388.t1;Augustus},{GeneMark_model.5683_t;GeneMark},{GlimmerHMM_glimmerT_5308-T1;GlimmerHMM}
127692	127754	INTRON			{Augustus_model.g4388.t1;Augustus},{GeneMark_model.5683_t;GeneMark}
127755	128444	terminal+	1	3	{Augustus_model.g4388.t1;Augustus}

# EVM prediction: Mode:STANDARD S-ratio: 3.00 128805-131168 orient(+) score(7092.00) noncoding_equivalent(2364.00) raw_noncoding(2364.00) offset(0.00) 
128805	131168	single+	1	3	{Augustus_model.g4389.t1;Augustus},{GlimmerHMM_glimmerT_5309-T1;GlimmerHMM}

# EVM prediction: Mode:STANDARD S-ratio: 1.92 131329-133134 orient(-) score(4941.00) noncoding_equivalent(2575.00) raw_noncoding(2733.00) offset(158.00) 
132241	131329	terminal-	6	6	{GeneMark_model.5684_t;GeneMark},{GlimmerHMM_glimmerT_5310-T1;GlimmerHMM}
132320	132242	INTRON			{Augustus_model.g4390.t1;Augustus},{GeneMark_model.5684_t;GeneMark},{GlimmerHMM_glimmerT_5310-T1;GlimmerHMM}
132807	132321	internal-	5	5	{Augustus_model.g4390.t1;Augustus},{GeneMark_model.5684_t;GeneMark},{GlimmerHMM_glimmerT_5310-T1;GlimmerHMM}
132878	132808	INTRON			{Augustus_model.g4390.t1;Augustus},{GeneMark_model.5684_t;GeneMark},{GlimmerHMM_glimmerT_5310-T1;GlimmerHMM}
133134	132879	initial-	4	4	{Augustus_model.g4390.t1;Augustus},{GlimmerHMM_glimmerT_5310-T1;GlimmerHMM}

# EVM prediction: Mode:STANDARD S-ratio: 1.68 133595-135309 orient(+) score(4539.00) noncoding_equivalent(2706.97) raw_noncoding(3814.21) offset(1107.24) 
133595	133636	initial+	1	3	{Augustus_model.g4391.t1;Augustus},{GeneMark_model.5685_t;GeneMark},{GlimmerHMM_glimmerT_5311-T1;GlimmerHMM}
133637	133717	INTRON			{Augustus_model.g4391.t1;Augustus},{GeneMark_model.5685_t;GeneMark},{GlimmerHMM_glimmerT_5311-T1;GlimmerHMM}
133718	133887	internal+	1	2	{Augustus_model.g4391.t1;Augustus},{GeneMark_model.5685_t;GeneMark},{GlimmerHMM_glimmerT_5311-T1;GlimmerHMM}
133888	133951	INTRON			{Augustus_model.g4391.t1;Augustus},{GeneMark_model.5685_t;GeneMark},{GlimmerHMM_glimmerT_5311-T1;GlimmerHMM}
133952	134118	internal+	3	1	{Augustus_model.g4391.t1;Augustus},{GeneMark_model.5685_t;GeneMark},{GlimmerHMM_glimmerT_5311-T1;GlimmerHMM}
134119	134197	INTRON			{Augustus_model.g4391.t1;Augustus},{GeneMark_model.5685_t;GeneMark}
134198	134236	internal+	2	1	{Augustus_model.g4391.t1;Augustus},{GeneMark_model.5685_t;GeneMark}
134237	134311	INTRON			{Augustus_model.g4391.t1;Augustus},{GeneMark_model.5685_t;GeneMark}
134312	134460	internal+	2	3	{Augustus_model.g4391.t1;Augustus},{GeneMark_model.5685_t;GeneMark},{GlimmerHMM_glimmerT_5311-T1;GlimmerHMM}
134461	134532	INTRON			{Augustus_model.g4391.t1;Augustus},{GeneMark_model.5685_t;GeneMark},{GlimmerHMM_glimmerT_5311-T1;GlimmerHMM}
134533	134658	internal+	1	3	{Augustus_model.g4391.t1;Augustus},{GeneMark_model.5685_t;GeneMark},{GlimmerHMM_glimmerT_5311-T1;GlimmerHMM}
134659	134748	INTRON			{Augustus_model.g4391.t1;Augustus},{GeneMark_model.5685_t;GeneMark},{GlimmerHMM_glimmerT_5311-T1;GlimmerHMM}
134749	134884	internal+	1	1	{Augustus_model.g4391.t1;Augustus},{GeneMark_model.5685_t;GeneMark}
134885	134990	INTRON			{Augustus_model.g4391.t1;Augustus}
134991	135006	internal+	2	2	{Augustus_model.g4391.t1;Augustus}
135007	135095	INTRON			{Augustus_model.g4391.t1;Augustus},{GeneMark_model.5685_t;GeneMark}
135096	135309	terminal+	3	3	{GeneMark_model.5685_t;GeneMark},{GlimmerHMM_glimmerT_5311-T1;GlimmerHMM}

# EVM prediction: Mode:STANDARD S-ratio: 4.95 135680-137862 orient(-) score(11038.00) noncoding_equivalent(2227.75) raw_noncoding(3245.00) offset(1017.25) 
135682	135680	terminal-	4	6	{Augustus_model.g4392.t1;Augustus},{GeneMark_model.5686_t;GeneMark}
135757	135683	INTRON			{Augustus_model.g4392.t1;Augustus},{GeneMark_model.5686_t;GeneMark}
136076	135758	internal-	6	6	{Augustus_model.g4392.t1;Augustus},{GeneMark_model.5686_t;GeneMark}
136152	136077	INTRON			{Augustus_model.g4392.t1;Augustus},{GlimmerHMM_glimmerT_5312-T1;GlimmerHMM},{GeneMark_model.5686_t;GeneMark},{ev_type:exonerate/ID=match.2566964.4247/Target=lcl|PJQD01000080_1_prot_POY71552_1_5974;exonerate},{ev_type:exonerate/ID=match.2566964.4245/Target=lcl|KQ954485_1_prot_KWU43864_1_3851;exonerate}
136448	136153	internal-	4	5	{Augustus_model.g4392.t1;Augustus},{GlimmerHMM_glimmerT_5312-T1;GlimmerHMM},{GeneMark_model.5686_t;GeneMark},{ev_type:exonerate/ID=match.2566964.4247/Target=lcl|PJQD01000080_1_prot_POY71552_1_5974;exonerate}
136523	136449	INTRON			{Augustus_model.g4392.t1;Augustus},{GlimmerHMM_glimmerT_5312-T1;GlimmerHMM},{GeneMark_model.5686_t;GeneMark},{ev_type:exonerate/ID=match.2566964.4247/Target=lcl|PJQD01000080_1_prot_POY71552_1_5974;exonerate}
137097	136524	internal-	6	6	{Augustus_model.g4392.t1;Augustus},{GlimmerHMM_glimmerT_5312-T1;GlimmerHMM},{GeneMark_model.5686_t;GeneMark},{ev_type:exonerate/ID=match.2566964.4247/Target=lcl|PJQD01000080_1_prot_POY71552_1_5974;exonerate},{ev_type:exonerate/ID=match.2566964.4245/Target=lcl|KQ954485_1_prot_KWU43864_1_3851;exonerate}
137156	137098	INTRON			{Augustus_model.g4392.t1;Augustus},{GlimmerHMM_glimmerT_5312-T1;GlimmerHMM},{GeneMark_model.5686_t;GeneMark},{ev_type:exonerate/ID=match.2566964.4247/Target=lcl|PJQD01000080_1_prot_POY71552_1_5974;exonerate},{ev_type:exonerate/ID=match.2566964.4245/Target=lcl|KQ954485_1_prot_KWU43864_1_3851;exonerate}
137263	137157	internal-	4	5	{Augustus_model.g4392.t1;Augustus},{GlimmerHMM_glimmerT_5312-T1;GlimmerHMM},{GeneMark_model.5686_t;GeneMark},{ev_type:exonerate/ID=match.2566964.4247/Target=lcl|PJQD01000080_1_prot_POY71552_1_5974;exonerate},{ev_type:exonerate/ID=match.2566964.4245/Target=lcl|KQ954485_1_prot_KWU43864_1_3851;exonerate}
137326	137264	INTRON			{Augustus_model.g4392.t1;Augustus},{GeneMark_model.5686_t;GeneMark},{ev_type:exonerate/ID=match.2566964.4247/Target=lcl|PJQD01000080_1_prot_POY71552_1_5974;exonerate},{ev_type:exonerate/ID=match.2566964.4245/Target=lcl|KQ954485_1_prot_KWU43864_1_3851;exonerate}
137356	137327	internal-	4	6	{Augustus_model.g4392.t1;Augustus},{GeneMark_model.5686_t;GeneMark},{ev_type:exonerate/ID=match.2566964.4247/Target=lcl|PJQD01000080_1_prot_POY71552_1_5974;exonerate},{ev_type:exonerate/ID=match.2566964.4245/Target=lcl|KQ954485_1_prot_KWU43864_1_3851;exonerate}
137721	137357	INTRON			{Augustus_model.g4392.t1;Augustus},{GeneMark_model.5686_t;GeneMark},{ev_type:exonerate/ID=match.2566964.4247/Target=lcl|PJQD01000080_1_prot_POY71552_1_5974;exonerate},{ev_type:exonerate/ID=match.2566964.4245/Target=lcl|KQ954485_1_prot_KWU43864_1_3851;exonerate}
137862	137722	initial-	4	6	{Augustus_model.g4392.t1;Augustus},{GlimmerHMM_glimmerT_5312-T1;GlimmerHMM},{GeneMark_model.5686_t;GeneMark}

# EVM prediction: Mode:STANDARD S-ratio: 3.09 138348-142977 orient(+) score(14243.00) noncoding_equivalent(4613.55) raw_noncoding(5704.00) offset(1090.45) 
138348	139237	initial+	1	2	{Augustus_model.g4393.t1;Augustus},{GeneMark_model.5687_t;GeneMark},{GlimmerHMM_glimmerT_5313-T1;GlimmerHMM}
139238	139299	INTRON			{Augustus_model.g4393.t1;Augustus},{GeneMark_model.5687_t;GeneMark},{GlimmerHMM_glimmerT_5313-T1;GlimmerHMM}
139300	140226	internal+	3	2	{Augustus_model.g4393.t1;Augustus},{GlimmerHMM_glimmerT_5313-T1;GlimmerHMM}
140227	140707	INTRON			{Augustus_model.g4393.t1;Augustus},{GlimmerHMM_glimmerT_5313-T1;GlimmerHMM}
140708	142037	internal+	3	3	{Augustus_model.g4393.t1;Augustus},{GlimmerHMM_glimmerT_5313-T1;GlimmerHMM}
142038	142149	INTRON			{Augustus_model.g4393.t1;Augustus},{GeneMark_model.5688_t;GeneMark},{GlimmerHMM_glimmerT_5313-T1;GlimmerHMM}
142150	142977	terminal+	1	3	{snap_scaffold_14-snap.58-T1;snap},{Augustus_model.g4393.t1;Augustus},{GeneMark_model.5688_t;GeneMark},{GlimmerHMM_glimmerT_5313-T1;GlimmerHMM}

# EVM prediction: Mode:STANDARD S-ratio: 2.70 143294-145143 orient(-) score(5484.00) noncoding_equivalent(2030.00) raw_noncoding(2093.00) offset(63.00) 
144471	143294	terminal-	5	6	{GeneMark_model.5689_t;GeneMark},{GlimmerHMM_glimmerT_5314-T1;GlimmerHMM}
144530	144472	INTRON			{GeneMark_model.5689_t;GeneMark},{Augustus_model.g4394.t1;Augustus},{GlimmerHMM_glimmerT_5314-T1;GlimmerHMM}
145143	144531	initial-	4	4	{GeneMark_model.5689_t;GeneMark},{Augustus_model.g4394.t1;Augustus},{GlimmerHMM_glimmerT_5314-T1;GlimmerHMM}

# EVM prediction: Mode:STANDARD S-ratio: 1.94 145282-147755 orient(+) score(7821.00) noncoding_equivalent(4026.49) raw_noncoding(4700.42) offset(673.94) 
145282	145377	initial+	1	3	{Augustus_model.g4395.t1;Augustus},{GlimmerHMM_glimmerT_5315-T1;GlimmerHMM}
145378	145483	INTRON			{GlimmerHMM_glimmerT_5315-T1;GlimmerHMM}
145484	146056	internal+	1	3	{GlimmerHMM_glimmerT_5315-T1;GlimmerHMM}
146057	146125	INTRON			{GeneMark_model.5690_t;GeneMark},{Augustus_model.g4395.t1;Augustus},{GlimmerHMM_glimmerT_5315-T1;GlimmerHMM},{ev_type:exonerate/ID=match.2566964.4279/Target=lcl|KQ954485_1_prot_KWU43860_1_3847;exonerate}
146126	146215	internal+	1	3	{GeneMark_model.5690_t;GeneMark},{Augustus_model.g4395.t1;Augustus},{GlimmerHMM_glimmerT_5315-T1;GlimmerHMM},{ev_type:exonerate/ID=match.2566964.4279/Target=lcl|KQ954485_1_prot_KWU43860_1_3847;exonerate}
146216	146290	INTRON			{GeneMark_model.5690_t;GeneMark},{Augustus_model.g4395.t1;Augustus},{snap_scaffold_14-snap.59-T1;snap},{GlimmerHMM_glimmerT_5315-T1;GlimmerHMM},{ev_type:exonerate/ID=match.2566964.4279/Target=lcl|KQ954485_1_prot_KWU43860_1_3847;exonerate}
146291	146447	internal+	1	1	{GeneMark_model.5690_t;GeneMark},{Augustus_model.g4395.t1;Augustus},{GlimmerHMM_glimmerT_5315-T1;GlimmerHMM},{ev_type:exonerate/ID=match.2566964.4279/Target=lcl|KQ954485_1_prot_KWU43860_1_3847;exonerate}
146448	146526	INTRON			{GeneMark_model.5690_t;GeneMark},{Augustus_model.g4395.t1;Augustus},{GlimmerHMM_glimmerT_5315-T1;GlimmerHMM},{ev_type:exonerate/ID=match.2566964.4279/Target=lcl|KQ954485_1_prot_KWU43860_1_3847;exonerate}
146527	146590	internal+	2	2	{GeneMark_model.5690_t;GeneMark},{Augustus_model.g4395.t1;Augustus},{GlimmerHMM_glimmerT_5315-T1;GlimmerHMM},{ev_type:exonerate/ID=match.2566964.4279/Target=lcl|KQ954485_1_prot_KWU43860_1_3847;exonerate}
146591	146673	INTRON			{GeneMark_model.5690_t;GeneMark},{Augustus_model.g4395.t1;Augustus},{GlimmerHMM_glimmerT_5315-T1;GlimmerHMM},{ev_type:exonerate/ID=match.2566964.4279/Target=lcl|KQ954485_1_prot_KWU43860_1_3847;exonerate}
146674	146756	internal+	3	1	{GeneMark_model.5690_t;GeneMark},{Augustus_model.g4395.t1;Augustus},{GlimmerHMM_glimmerT_5315-T1;GlimmerHMM},{ev_type:exonerate/ID=match.2566964.4279/Target=lcl|KQ954485_1_prot_KWU43860_1_3847;exonerate}
146757	146839	INTRON			{GeneMark_model.5690_t;GeneMark},{Augustus_model.g4395.t1;Augustus},{GlimmerHMM_glimmerT_5315-T1;GlimmerHMM},{ev_type:exonerate/ID=match.2566964.4279/Target=lcl|KQ954485_1_prot_KWU43860_1_3847;exonerate}
146840	146995	internal+	2	1	{GeneMark_model.5690_t;GeneMark},{Augustus_model.g4395.t1;Augustus},{GlimmerHMM_glimmerT_5315-T1;GlimmerHMM}
146996	147075	INTRON			{GeneMark_model.5690_t;GeneMark},{Augustus_model.g4395.t1;Augustus},{GlimmerHMM_glimmerT_5315-T1;GlimmerHMM}
147076	147755	terminal+	2	3	{GeneMark_model.5690_t;GeneMark},{GlimmerHMM_glimmerT_5315-T1;GlimmerHMM}

# EVM prediction: Mode:STANDARD S-ratio: 1.90 148001-149828 orient(+) score(5041.00) noncoding_equivalent(2658.48) raw_noncoding(3760.00) offset(1101.52) 
148001	148036	initial+	1	3	{GlimmerHMM_glimmerT_5316-T1;GlimmerHMM}
148037	148131	INTRON			{GlimmerHMM_glimmerT_5316-T1;GlimmerHMM},{Augustus_model.g4395.t1;Augustus},{GeneMark_model.5691_t;GeneMark}
148132	148207	internal+	1	1	{GlimmerHMM_glimmerT_5316-T1;GlimmerHMM},{Augustus_model.g4395.t1;Augustus},{GeneMark_model.5691_t;GeneMark}
148208	148281	INTRON			{GlimmerHMM_glimmerT_5316-T1;GlimmerHMM},{Augustus_model.g4395.t1;Augustus},{GeneMark_model.5691_t;GeneMark}
148282	148397	internal+	2	3	{GlimmerHMM_glimmerT_5316-T1;GlimmerHMM},{Augustus_model.g4395.t1;Augustus},{GeneMark_model.5691_t;GeneMark}
148398	148658	INTRON			{Augustus_model.g4395.t1;Augustus},{snap_scaffold_14-snap.60-T1;snap}
148659	148934	internal+	1	3	{Augustus_model.g4395.t1;Augustus},{GeneMark_model.5691_t;GeneMark}
148935	149037	INTRON			{GlimmerHMM_glimmerT_5316-T1;GlimmerHMM},{Augustus_model.g4395.t1;Augustus},{GeneMark_model.5691_t;GeneMark}
149038	149205	internal+	1	3	{GlimmerHMM_glimmerT_5316-T1;GlimmerHMM},{Augustus_model.g4395.t1;Augustus},{GeneMark_model.5691_t;GeneMark}
149206	149268	INTRON			{Augustus_model.g4395.t1;Augustus},{GeneMark_model.5691_t;GeneMark}
149269	149358	internal+	1	3	{Augustus_model.g4395.t1;Augustus}
149359	149428	INTRON			{Augustus_model.g4395.t1;Augustus}
149429	149564	internal+	1	1	{Augustus_model.g4395.t1;Augustus}
149565	149632	INTRON			{Augustus_model.g4395.t1;Augustus},{GeneMark_model.5691_t;GeneMark}
149633	149639	internal+	2	2	{Augustus_model.g4395.t1;Augustus},{GeneMark_model.5691_t;GeneMark}
149640	149701	INTRON			{Augustus_model.g4395.t1;Augustus},{GeneMark_model.5691_t;GeneMark}
149702	149828	terminal+	3	3	{GlimmerHMM_glimmerT_5316-T1;GlimmerHMM},{Augustus_model.g4395.t1;Augustus},{GeneMark_model.5691_t;GeneMark}

# EVM prediction: Mode:STANDARD S-ratio: 3.92 150039-151315 orient(-) score(4458.00) noncoding_equivalent(1136.95) raw_noncoding(1520.00) offset(383.05) 
150775	150039	terminal-	5	6	{GlimmerHMM_glimmerT_5317-T1;GlimmerHMM},{Augustus_model.g4396.t1;Augustus},{GeneMark_model.5692_t;GeneMark}
150839	150776	INTRON			{GlimmerHMM_glimmerT_5317-T1;GlimmerHMM},{Augustus_model.g4396.t1;Augustus},{GeneMark_model.5692_t;GeneMark}
150894	150840	internal-	4	4	{GlimmerHMM_glimmerT_5317-T1;GlimmerHMM},{Augustus_model.g4396.t1;Augustus},{GeneMark_model.5692_t;GeneMark}
150977	150895	INTRON			{GlimmerHMM_glimmerT_5317-T1;GlimmerHMM},{Augustus_model.g4396.t1;Augustus},{GeneMark_model.5692_t;GeneMark}
151058	150978	internal-	4	6	{GlimmerHMM_glimmerT_5317-T1;GlimmerHMM},{Augustus_model.g4396.t1;Augustus},{GeneMark_model.5692_t;GeneMark}
151162	151059	INTRON			{GlimmerHMM_glimmerT_5317-T1;GlimmerHMM},{Augustus_model.g4396.t1;Augustus},{GeneMark_model.5692_t;GeneMark}
151223	151163	internal-	6	6	{GlimmerHMM_glimmerT_5317-T1;GlimmerHMM},{Augustus_model.g4396.t1;Augustus},{GeneMark_model.5692_t;GeneMark}
151286	151224	INTRON			{Augustus_model.g4396.t1;Augustus},{GeneMark_model.5692_t;GeneMark}
151315	151287	initial-	4	5	{Augustus_model.g4396.t1;Augustus},{GeneMark_model.5692_t;GeneMark}

# EVM prediction: Mode:STANDARD S-ratio: 5.76 151770-154683 orient(-) score(10290.00) noncoding_equivalent(1786.00) raw_noncoding(1933.00) offset(147.00) 
151950	151770	terminal-	6	6	{Augustus_model.g4397.t1;Augustus},{GeneMark_model.5693_t;GeneMark},{GlimmerHMM_glimmerT_5318-T1;GlimmerHMM}
152021	151951	INTRON			{Augustus_model.g4397.t1;Augustus},{GeneMark_model.5693_t;GeneMark},{GlimmerHMM_glimmerT_5318-T1;GlimmerHMM}
152563	152022	internal-	4	5	{Augustus_model.g4397.t1;Augustus},{GeneMark_model.5693_t;GeneMark},{GlimmerHMM_glimmerT_5318-T1;GlimmerHMM}
152629	152564	INTRON			{Augustus_model.g4397.t1;Augustus},{GeneMark_model.5693_t;GeneMark},{GlimmerHMM_glimmerT_5318-T1;GlimmerHMM}
152680	152630	internal-	4	6	{Augustus_model.g4397.t1;Augustus},{GeneMark_model.5693_t;GeneMark},{GlimmerHMM_glimmerT_5318-T1;GlimmerHMM}
152760	152681	INTRON			{Augustus_model.g4397.t1;Augustus},{GeneMark_model.5693_t;GeneMark},{GlimmerHMM_glimmerT_5318-T1;GlimmerHMM}
154683	152761	initial-	4	6	{GeneMark_model.5693_t;GeneMark},{GlimmerHMM_glimmerT_5318-T1;GlimmerHMM}

# EVM prediction: Mode:STANDARD S-ratio: 2.41 155622-159081 orient(+) score(10542.00) noncoding_equivalent(4374.00) raw_noncoding(5116.00) offset(742.00) 
155622	156308	initial+	1	3	{GeneMark_model.5694_t;GeneMark},{GlimmerHMM_glimmerT_5319-T1;GlimmerHMM},{Augustus_model.g4398.t1;Augustus}
156309	156389	INTRON			{GeneMark_model.5694_t;GeneMark},{GlimmerHMM_glimmerT_5319-T1;GlimmerHMM},{Augustus_model.g4398.t1;Augustus}
156390	156495	internal+	1	1	{GeneMark_model.5694_t;GeneMark},{GlimmerHMM_glimmerT_5319-T1;GlimmerHMM},{Augustus_model.g4398.t1;Augustus}
156496	156603	INTRON			{GeneMark_model.5694_t;GeneMark},{GlimmerHMM_glimmerT_5319-T1;GlimmerHMM},{Augustus_model.g4398.t1;Augustus}
156604	156691	internal+	2	2	{GeneMark_model.5694_t;GeneMark},{GlimmerHMM_glimmerT_5319-T1;GlimmerHMM}
156692	156778	INTRON			{GeneMark_model.5694_t;GeneMark},{GlimmerHMM_glimmerT_5319-T1;GlimmerHMM}
156779	156936	internal+	3	1	{GeneMark_model.5694_t;GeneMark},{GlimmerHMM_glimmerT_5319-T1;GlimmerHMM},{Augustus_model.g4398.t1;Augustus}
156937	157002	INTRON			{GeneMark_model.5694_t;GeneMark},{GlimmerHMM_glimmerT_5319-T1;GlimmerHMM},{Augustus_model.g4398.t1;Augustus}
157003	157256	internal+	2	3	{GeneMark_model.5694_t;GeneMark},{GlimmerHMM_glimmerT_5319-T1;GlimmerHMM},{Augustus_model.g4398.t1;Augustus}
157257	157329	INTRON			{GeneMark_model.5694_t;GeneMark},{GlimmerHMM_glimmerT_5319-T1;GlimmerHMM},{Augustus_model.g4398.t1;Augustus}
157330	157492	internal+	1	1	{GeneMark_model.5694_t;GeneMark},{GlimmerHMM_glimmerT_5319-T1;GlimmerHMM},{Augustus_model.g4398.t1;Augustus}
157493	157565	INTRON			{GeneMark_model.5694_t;GeneMark},{GlimmerHMM_glimmerT_5319-T1;GlimmerHMM},{Augustus_model.g4398.t1;Augustus}
157566	158290	internal+	2	3	{GeneMark_model.5694_t;GeneMark},{GlimmerHMM_glimmerT_5319-T1;GlimmerHMM},{Augustus_model.g4398.t1;Augustus}
158291	158362	INTRON			{GeneMark_model.5694_t;GeneMark},{GlimmerHMM_glimmerT_5319-T1;GlimmerHMM},{Augustus_model.g4398.t1;Augustus}
158363	158678	internal+	1	1	{GeneMark_model.5694_t;GeneMark},{GlimmerHMM_glimmerT_5319-T1;GlimmerHMM},{Augustus_model.g4398.t1;Augustus}
158679	158758	INTRON			{GeneMark_model.5694_t;GeneMark},{GlimmerHMM_glimmerT_5319-T1;GlimmerHMM},{Augustus_model.g4398.t1;Augustus}
158759	159081	terminal+	2	3	{GeneMark_model.5694_t;GeneMark},{GlimmerHMM_glimmerT_5319-T1;GlimmerHMM},{Augustus_model.g4398.t1;Augustus}

# EVM prediction: Mode:STANDARD S-ratio: 2.14 159468-160228 orient(+) score(1993.00) noncoding_equivalent(931.56) raw_noncoding(1082.85) offset(151.29) 
159468	160083	initial+	1	1	{GeneMark_model.5695_t;GeneMark},{GlimmerHMM_glimmerT_5320-T1;GlimmerHMM}
160084	160145	INTRON			{GeneMark_model.5695_t;GeneMark}
160146	160228	terminal+	2	3	{GeneMark_model.5695_t;GeneMark}

# EVM prediction: Mode:STANDARD S-ratio: 6.44 160712-161455 orient(+) score(2806.00) noncoding_equivalent(436.04) raw_noncoding(444.04) offset(8.00) 
160712	160873	initial+	1	3	{GeneMark_model.5696_t;GeneMark}
160874	160942	INTRON			{Augustus_model.g4399.t1;Augustus},{GeneMark_model.5696_t;GeneMark},{snap_scaffold_14-snap.64-T1;snap},{GlimmerHMM_glimmerT_5320-T1;GlimmerHMM}
160943	161455	terminal+	1	3	{Augustus_model.g4399.t1;Augustus},{GeneMark_model.5696_t;GeneMark},{snap_scaffold_14-snap.64-T1;snap},{GlimmerHMM_glimmerT_5320-T1;GlimmerHMM}

