!! Predictions spanning range 2521 - 212748 [R1]
# EVM prediction: Mode:STANDARD S-ratio: 8.60 2521-5437 orient(+) score(24184.00) noncoding_equivalent(2813.39) raw_noncoding(3265.00) offset(451.61) 
2521	2591	initial+	1	2	{GlimmerHMM_glimmerT_479-T1;GlimmerHMM},{Augustus_model.g471.t1;Augustus},{GeneMark_model.521_t;GeneMark}
2592	2779	INTRON			{GlimmerHMM_glimmerT_479-T1;GlimmerHMM},{Augustus_model.g471.t1;Augustus},{GeneMark_model.521_t;GeneMark},{ev_type:exonerate/ID=match.2566964.52/Target=lcl|LCTV02000009_1_prot_PRQ72519_1_8075;exonerate},{ev_type:exonerate/ID=match.2566964.51/Target=lcl|KQ954466_1_prot_KWU46888_1_977;exonerate},{ev_type:exonerate/ID=match.2566964.53/Target=lcl|BJWK01000001_1_prot_GEM06247_1_264;exonerate},{ev_type:exonerate/ID=match.2566964.50/Target=lcl|PJQD01000085_1_prot_POY71169_1_6036;exonerate},{ev_type:exonerate/ID=match.2566964.56/Target=lcl|NW_017264928_1_prot_XP_018274233_1_293;exonerate}
2780	2916	internal+	3	1	{GlimmerHMM_glimmerT_479-T1;GlimmerHMM},{Augustus_model.g471.t1;Augustus},{GeneMark_model.521_t;GeneMark},{ev_type:exonerate/ID=match.2566964.52/Target=lcl|LCTV02000009_1_prot_PRQ72519_1_8075;exonerate},{ev_type:exonerate/ID=match.2566964.51/Target=lcl|KQ954466_1_prot_KWU46888_1_977;exonerate},{ev_type:exonerate/ID=match.2566964.53/Target=lcl|BJWK01000001_1_prot_GEM06247_1_264;exonerate},{ev_type:exonerate/ID=match.2566964.50/Target=lcl|PJQD01000085_1_prot_POY71169_1_6036;exonerate},{ev_type:exonerate/ID=match.2566964.56/Target=lcl|NW_017264928_1_prot_XP_018274233_1_293;exonerate}
2917	3014	INTRON			{GlimmerHMM_glimmerT_479-T1;GlimmerHMM},{Augustus_model.g471.t1;Augustus},{GeneMark_model.521_t;GeneMark},{ev_type:exonerate/ID=match.2566964.52/Target=lcl|LCTV02000009_1_prot_PRQ72519_1_8075;exonerate},{ev_type:exonerate/ID=match.2566964.51/Target=lcl|KQ954466_1_prot_KWU46888_1_977;exonerate},{ev_type:exonerate/ID=match.2566964.53/Target=lcl|BJWK01000001_1_prot_GEM06247_1_264;exonerate},{ev_type:exonerate/ID=match.2566964.50/Target=lcl|PJQD01000085_1_prot_POY71169_1_6036;exonerate},{ev_type:exonerate/ID=match.2566964.56/Target=lcl|NW_017264928_1_prot_XP_018274233_1_293;exonerate}
3015	3071	internal+	2	1	{GlimmerHMM_glimmerT_479-T1;GlimmerHMM},{Augustus_model.g471.t1;Augustus},{GeneMark_model.521_t;GeneMark},{ev_type:exonerate/ID=match.2566964.52/Target=lcl|LCTV02000009_1_prot_PRQ72519_1_8075;exonerate},{ev_type:exonerate/ID=match.2566964.51/Target=lcl|KQ954466_1_prot_KWU46888_1_977;exonerate},{ev_type:exonerate/ID=match.2566964.53/Target=lcl|BJWK01000001_1_prot_GEM06247_1_264;exonerate},{ev_type:exonerate/ID=match.2566964.50/Target=lcl|PJQD01000085_1_prot_POY71169_1_6036;exonerate},{ev_type:exonerate/ID=match.2566964.56/Target=lcl|NW_017264928_1_prot_XP_018274233_1_293;exonerate}
3072	3149	INTRON			{GlimmerHMM_glimmerT_479-T1;GlimmerHMM},{Augustus_model.g471.t1;Augustus},{GeneMark_model.521_t;GeneMark},{ev_type:exonerate/ID=match.2566964.52/Target=lcl|LCTV02000009_1_prot_PRQ72519_1_8075;exonerate},{ev_type:exonerate/ID=match.2566964.51/Target=lcl|KQ954466_1_prot_KWU46888_1_977;exonerate},{ev_type:exonerate/ID=match.2566964.53/Target=lcl|BJWK01000001_1_prot_GEM06247_1_264;exonerate},{ev_type:exonerate/ID=match.2566964.50/Target=lcl|PJQD01000085_1_prot_POY71169_1_6036;exonerate},{ev_type:exonerate/ID=match.2566964.56/Target=lcl|NW_017264928_1_prot_XP_018274233_1_293;exonerate}
3150	3835	internal+	2	3	{GlimmerHMM_glimmerT_479-T1;GlimmerHMM},{Augustus_model.g471.t1;Augustus},{GeneMark_model.521_t;GeneMark},{ev_type:exonerate/ID=match.2566964.52/Target=lcl|LCTV02000009_1_prot_PRQ72519_1_8075;exonerate},{ev_type:exonerate/ID=match.2566964.51/Target=lcl|KQ954466_1_prot_KWU46888_1_977;exonerate},{ev_type:exonerate/ID=match.2566964.53/Target=lcl|BJWK01000001_1_prot_GEM06247_1_264;exonerate},{ev_type:exonerate/ID=match.2566964.50/Target=lcl|PJQD01000085_1_prot_POY71169_1_6036;exonerate},{ev_type:exonerate/ID=match.2566964.56/Target=lcl|NW_017264928_1_prot_XP_018274233_1_293;exonerate}
3836	3910	INTRON			{GlimmerHMM_glimmerT_479-T1;GlimmerHMM},{Augustus_model.g471.t1;Augustus},{GeneMark_model.521_t;GeneMark},{ev_type:exonerate/ID=match.2566964.52/Target=lcl|LCTV02000009_1_prot_PRQ72519_1_8075;exonerate},{ev_type:exonerate/ID=match.2566964.51/Target=lcl|KQ954466_1_prot_KWU46888_1_977;exonerate},{ev_type:exonerate/ID=match.2566964.53/Target=lcl|BJWK01000001_1_prot_GEM06247_1_264;exonerate},{ev_type:exonerate/ID=match.2566964.50/Target=lcl|PJQD01000085_1_prot_POY71169_1_6036;exonerate},{ev_type:exonerate/ID=match.2566964.56/Target=lcl|NW_017264928_1_prot_XP_018274233_1_293;exonerate}
3911	5437	terminal+	1	3	{GlimmerHMM_glimmerT_479-T1;GlimmerHMM},{Augustus_model.g471.t1;Augustus},{GeneMark_model.521_t;GeneMark}

# EVM prediction: Mode:STANDARD S-ratio: 2.45 6073-7493 orient(-) score(4128.00) noncoding_equivalent(1682.00) raw_noncoding(1751.00) offset(69.00) 
7107	6073	terminal-	4	6	{GeneMark_model.522_t;GeneMark},{Augustus_model.g472.t1;Augustus},{GlimmerHMM_glimmerT_480-T1;GlimmerHMM}
7172	7108	INTRON			{GeneMark_model.522_t;GeneMark},{Augustus_model.g472.t1;Augustus},{GlimmerHMM_glimmerT_480-T1;GlimmerHMM}
7493	7173	initial-	4	6	{GeneMark_model.522_t;GeneMark},{GlimmerHMM_glimmerT_480-T1;GlimmerHMM}

# EVM prediction: Mode:STANDARD S-ratio: 1.79 7854-9637 orient(+) score(5253.00) noncoding_equivalent(2930.84) raw_noncoding(3770.00) offset(839.16) 
7854	8013	initial+	1	1	{GeneMark_model.523_t;GeneMark},{Augustus_model.g473.t1;Augustus}
8014	8125	INTRON			{GeneMark_model.523_t;GeneMark},{Augustus_model.g473.t1;Augustus}
8126	8272	internal+	2	1	{GeneMark_model.523_t;GeneMark},{Augustus_model.g473.t1;Augustus},{GlimmerHMM_glimmerT_481-T1;GlimmerHMM}
8273	8341	INTRON			{GeneMark_model.523_t;GeneMark},{Augustus_model.g473.t1;Augustus}
8342	8400	internal+	2	3	{GeneMark_model.523_t;GeneMark},{Augustus_model.g473.t1;Augustus}
8401	8487	INTRON			{GeneMark_model.523_t;GeneMark},{Augustus_model.g473.t1;Augustus}
8488	8708	internal+	1	2	{GeneMark_model.523_t;GeneMark},{Augustus_model.g473.t1;Augustus}
8709	8803	INTRON			{GeneMark_model.523_t;GeneMark},{Augustus_model.g473.t1;Augustus},{snap_scaffold_1-snap.546-T1;snap},{GlimmerHMM_glimmerT_481-T1;GlimmerHMM}
8804	8868	internal+	3	1	{GeneMark_model.523_t;GeneMark},{Augustus_model.g473.t1;Augustus},{GlimmerHMM_glimmerT_481-T1;GlimmerHMM}
8869	8941	INTRON			{GeneMark_model.523_t;GeneMark},{Augustus_model.g473.t1;Augustus},{GlimmerHMM_glimmerT_481-T1;GlimmerHMM}
8942	9084	internal+	2	3	{GeneMark_model.523_t;GeneMark},{Augustus_model.g473.t1;Augustus},{GlimmerHMM_glimmerT_481-T1;GlimmerHMM}
9085	9163	INTRON			{GeneMark_model.523_t;GeneMark},{Augustus_model.g473.t1;Augustus},{GlimmerHMM_glimmerT_481-T1;GlimmerHMM}
9164	9257	internal+	1	1	{GeneMark_model.523_t;GeneMark},{Augustus_model.g473.t1;Augustus},{GlimmerHMM_glimmerT_481-T1;GlimmerHMM}
9258	9324	INTRON			{GeneMark_model.523_t;GeneMark},{Augustus_model.g473.t1;Augustus},{GlimmerHMM_glimmerT_481-T1;GlimmerHMM}
9325	9365	internal+	2	3	{GeneMark_model.523_t;GeneMark},{Augustus_model.g473.t1;Augustus},{GlimmerHMM_glimmerT_481-T1;GlimmerHMM}
9366	9433	INTRON			{GeneMark_model.523_t;GeneMark},{Augustus_model.g473.t1;Augustus},{GlimmerHMM_glimmerT_481-T1;GlimmerHMM}
9434	9495	internal+	1	2	{GeneMark_model.523_t;GeneMark},{Augustus_model.g473.t1;Augustus},{GlimmerHMM_glimmerT_481-T1;GlimmerHMM}
9496	9558	INTRON			{GeneMark_model.523_t;GeneMark},{Augustus_model.g473.t1;Augustus},{GlimmerHMM_glimmerT_481-T1;GlimmerHMM}
9559	9637	terminal+	3	3	{GeneMark_model.523_t;GeneMark},{Augustus_model.g473.t1;Augustus},{GlimmerHMM_glimmerT_481-T1;GlimmerHMM}

# EVM prediction: Mode:STANDARD S-ratio: 1.81 10007-11774 orient(+) score(4688.00) noncoding_equivalent(2591.65) raw_noncoding(3357.65) offset(766.00) 
10007	10092	initial+	1	2	{Augustus_model.g474.t1;Augustus},{GlimmerHMM_glimmerT_482-T1;GlimmerHMM},{GeneMark_model.524_t;GeneMark}
10093	10198	INTRON			{Augustus_model.g474.t1;Augustus},{GlimmerHMM_glimmerT_482-T1;GlimmerHMM},{GeneMark_model.524_t;GeneMark}
10199	10484	internal+	3	3	{Augustus_model.g474.t1;Augustus},{GlimmerHMM_glimmerT_482-T1;GlimmerHMM},{GeneMark_model.524_t;GeneMark}
10485	11006	INTRON			{Augustus_model.g474.t1;Augustus},{GlimmerHMM_glimmerT_482-T1;GlimmerHMM}
11007	11774	terminal+	1	3	{GlimmerHMM_glimmerT_482-T1;GlimmerHMM}

# EVM prediction: Mode:STANDARD S-ratio: 6.26 12954-16843 orient(+) score(13414.00) noncoding_equivalent(2143.68) raw_noncoding(2495.00) offset(351.32) 
12954	14069	initial+	1	3	{GeneMark_model.525_t;GeneMark},{GlimmerHMM_glimmerT_483-T1;GlimmerHMM}
14070	14132	INTRON			{Augustus_model.g475.t1;Augustus},{GeneMark_model.525_t;GeneMark}
14133	14234	internal+	1	3	{Augustus_model.g475.t1;Augustus},{GeneMark_model.525_t;GeneMark}
14235	14295	INTRON			{Augustus_model.g475.t1;Augustus},{GeneMark_model.525_t;GeneMark}
14296	14872	internal+	1	1	{GeneMark_model.525_t;GeneMark},{GlimmerHMM_glimmerT_483-T1;GlimmerHMM}
14873	14936	INTRON			{GeneMark_model.525_t;GeneMark},{GlimmerHMM_glimmerT_483-T1;GlimmerHMM}
14937	16843	terminal+	2	3	{Augustus_model.g475.t1;Augustus},{GeneMark_model.525_t;GeneMark},{GlimmerHMM_glimmerT_483-T1;GlimmerHMM}

# EVM prediction: Mode:STANDARD S-ratio: 2.01 17261-21370 orient(+) score(11560.00) noncoding_equivalent(5738.08) raw_noncoding(6948.00) offset(1209.92) 
17261	17356	initial+	1	3	{Augustus_model.g476.t1;Augustus},{GeneMark_model.526_t;GeneMark},{GlimmerHMM_glimmerT_484-T1;GlimmerHMM}
17357	17415	INTRON			{Augustus_model.g476.t1;Augustus},{GeneMark_model.526_t;GeneMark},{GlimmerHMM_glimmerT_484-T1;GlimmerHMM}
17416	17622	internal+	1	3	{Augustus_model.g476.t1;Augustus},{GeneMark_model.526_t;GeneMark}
17623	17682	INTRON			{Augustus_model.g476.t1;Augustus},{GeneMark_model.526_t;GeneMark}
17683	17766	internal+	1	3	{Augustus_model.g476.t1;Augustus},{GeneMark_model.526_t;GeneMark}
17767	17836	INTRON			{Augustus_model.g476.t1;Augustus},{GeneMark_model.526_t;GeneMark},{GlimmerHMM_glimmerT_484-T1;GlimmerHMM}
17837	17948	internal+	1	1	{Augustus_model.g476.t1;Augustus},{GeneMark_model.526_t;GeneMark},{GlimmerHMM_glimmerT_484-T1;GlimmerHMM}
17949	18018	INTRON			{Augustus_model.g476.t1;Augustus},{GeneMark_model.526_t;GeneMark},{GlimmerHMM_glimmerT_484-T1;GlimmerHMM}
18019	18607	internal+	2	2	{GeneMark_model.526_t;GeneMark}
18608	18665	INTRON			{Augustus_model.g476.t1;Augustus},{GeneMark_model.526_t;GeneMark}
18666	19084	internal+	3	1	{Augustus_model.g476.t1;Augustus},{GeneMark_model.526_t;GeneMark}
19085	19155	INTRON			{Augustus_model.g476.t1;Augustus},{GeneMark_model.526_t;GeneMark}
19156	19307	internal+	2	3	{Augustus_model.g476.t1;Augustus},{GeneMark_model.526_t;GeneMark}
19308	19382	INTRON			{Augustus_model.g476.t1;Augustus},{GeneMark_model.526_t;GeneMark}
19383	19577	internal+	1	3	{Augustus_model.g476.t1;Augustus},{GeneMark_model.526_t;GeneMark}
19578	19637	INTRON			{Augustus_model.g476.t1;Augustus},{GeneMark_model.526_t;GeneMark}
19638	20029	internal+	1	2	{Augustus_model.g476.t1;Augustus},{GeneMark_model.526_t;GeneMark}
20030	20087	INTRON			{Augustus_model.g476.t1;Augustus},{GlimmerHMM_glimmerT_485-T1;GlimmerHMM},{GeneMark_model.526_t;GeneMark}
20088	20306	internal+	3	2	{Augustus_model.g476.t1;Augustus},{GlimmerHMM_glimmerT_485-T1;GlimmerHMM},{GeneMark_model.526_t;GeneMark}
20307	20374	INTRON			{Augustus_model.g476.t1;Augustus},{GlimmerHMM_glimmerT_485-T1;GlimmerHMM},{GeneMark_model.526_t;GeneMark}
20375	20479	internal+	3	2	{Augustus_model.g476.t1;Augustus},{GlimmerHMM_glimmerT_485-T1;GlimmerHMM},{GeneMark_model.526_t;GeneMark}
20480	20536	INTRON			{Augustus_model.g476.t1;Augustus},{GlimmerHMM_glimmerT_485-T1;GlimmerHMM},{GeneMark_model.526_t;GeneMark}
20537	20906	internal+	3	3	{Augustus_model.g476.t1;Augustus},{GlimmerHMM_glimmerT_485-T1;GlimmerHMM},{GeneMark_model.526_t;GeneMark}
20907	20971	INTRON			{Augustus_model.g476.t1;Augustus},{GlimmerHMM_glimmerT_485-T1;GlimmerHMM},{GeneMark_model.526_t;GeneMark}
20972	21070	internal+	1	3	{Augustus_model.g476.t1;Augustus},{GlimmerHMM_glimmerT_485-T1;GlimmerHMM},{GeneMark_model.526_t;GeneMark}
21071	21129	INTRON			{Augustus_model.g476.t1;Augustus},{GeneMark_model.526_t;GeneMark}
21130	21218	internal+	1	2	{Augustus_model.g476.t1;Augustus},{GeneMark_model.526_t;GeneMark}
21219	21279	INTRON			{Augustus_model.g476.t1;Augustus},{GeneMark_model.526_t;GeneMark}
21280	21370	terminal+	3	3	{Augustus_model.g476.t1;Augustus},{GeneMark_model.526_t;GeneMark}

# EVM prediction: Mode:STANDARD S-ratio: 3.04 21459-24227 orient(-) score(9081.00) noncoding_equivalent(2986.51) raw_noncoding(3378.00) offset(391.49) 
21550	21459	terminal-	5	6	{GlimmerHMM_glimmerT_486-T1;GlimmerHMM},{GeneMark_model.527_t;GeneMark},{Augustus_model.g477.t1;Augustus}
21610	21551	INTRON			{GlimmerHMM_glimmerT_486-T1;GlimmerHMM},{GeneMark_model.527_t;GeneMark},{Augustus_model.g477.t1;Augustus}
21686	21611	internal-	4	4	{GlimmerHMM_glimmerT_486-T1;GlimmerHMM},{GeneMark_model.527_t;GeneMark},{Augustus_model.g477.t1;Augustus}
21755	21687	INTRON			{GlimmerHMM_glimmerT_486-T1;GlimmerHMM},{GeneMark_model.527_t;GeneMark},{Augustus_model.g477.t1;Augustus}
22163	21756	internal-	4	6	{GlimmerHMM_glimmerT_486-T1;GlimmerHMM},{GeneMark_model.527_t;GeneMark},{Augustus_model.g477.t1;Augustus}
22228	22164	INTRON			{GlimmerHMM_glimmerT_486-T1;GlimmerHMM},{GeneMark_model.527_t;GeneMark},{Augustus_model.g477.t1;Augustus}
22609	22229	internal-	4	6	{GlimmerHMM_glimmerT_486-T1;GlimmerHMM},{GeneMark_model.527_t;GeneMark},{Augustus_model.g477.t1;Augustus}
22671	22610	INTRON			{GlimmerHMM_glimmerT_486-T1;GlimmerHMM},{GeneMark_model.527_t;GeneMark},{Augustus_model.g477.t1;Augustus}
22865	22672	internal-	5	6	{GlimmerHMM_glimmerT_486-T1;GlimmerHMM},{GeneMark_model.527_t;GeneMark},{Augustus_model.g477.t1;Augustus}
22931	22866	INTRON			{GlimmerHMM_glimmerT_486-T1;GlimmerHMM},{GeneMark_model.527_t;GeneMark},{Augustus_model.g477.t1;Augustus}
23238	22932	internal-	4	4	{GlimmerHMM_glimmerT_486-T1;GlimmerHMM},{GeneMark_model.527_t;GeneMark},{Augustus_model.g477.t1;Augustus}
23298	23239	INTRON			{GlimmerHMM_glimmerT_486-T1;GlimmerHMM},{GeneMark_model.527_t;GeneMark},{Augustus_model.g477.t1;Augustus}
23344	23299	internal-	6	6	{GlimmerHMM_glimmerT_486-T1;GlimmerHMM},{GeneMark_model.527_t;GeneMark},{Augustus_model.g477.t1;Augustus}
23413	23345	INTRON			{GlimmerHMM_glimmerT_486-T1;GlimmerHMM},{GeneMark_model.527_t;GeneMark},{Augustus_model.g477.t1;Augustus}
23778	23414	internal-	4	5	{GlimmerHMM_glimmerT_486-T1;GlimmerHMM},{GeneMark_model.527_t;GeneMark},{Augustus_model.g477.t1;Augustus}
23840	23779	INTRON			{GlimmerHMM_glimmerT_486-T1;GlimmerHMM},{GeneMark_model.527_t;GeneMark},{Augustus_model.g477.t1;Augustus}
24227	23841	initial-	4	6	{GlimmerHMM_glimmerT_486-T1;GlimmerHMM},{GeneMark_model.527_t;GeneMark},{Augustus_model.g477.t1;Augustus}

# EVM prediction: Mode:STANDARD S-ratio: 5.74 24917-27037 orient(+) score(8515.00) noncoding_equivalent(1483.21) raw_noncoding(1614.00) offset(130.79) 
24917	25927	initial+	1	3	{Augustus_model.g478.t1;Augustus},{GlimmerHMM_glimmerT_487-T1;GlimmerHMM},{GeneMark_model.528_t;GeneMark}
25928	25989	INTRON			{Augustus_model.g478.t1;Augustus},{GlimmerHMM_glimmerT_487-T1;GlimmerHMM},{GeneMark_model.528_t;GeneMark},{ev_type:exonerate/ID=match.2566964.289/Target=lcl|KQ954466_1_prot_KWU46895_1_984;exonerate}
25990	26092	internal+	1	1	{Augustus_model.g478.t1;Augustus},{GlimmerHMM_glimmerT_487-T1;GlimmerHMM},{GeneMark_model.528_t;GeneMark},{ev_type:exonerate/ID=match.2566964.289/Target=lcl|KQ954466_1_prot_KWU46895_1_984;exonerate}
26093	26155	INTRON			{Augustus_model.g478.t1;Augustus},{GlimmerHMM_glimmerT_487-T1;GlimmerHMM},{GeneMark_model.528_t;GeneMark},{ev_type:exonerate/ID=match.2566964.289/Target=lcl|KQ954466_1_prot_KWU46895_1_984;exonerate}
26156	26283	internal+	2	3	{Augustus_model.g478.t1;Augustus},{GlimmerHMM_glimmerT_487-T1;GlimmerHMM},{GeneMark_model.528_t;GeneMark},{ev_type:exonerate/ID=match.2566964.289/Target=lcl|KQ954466_1_prot_KWU46895_1_984;exonerate}
26284	26377	INTRON			{Augustus_model.g478.t1;Augustus},{GlimmerHMM_glimmerT_487-T1;GlimmerHMM},{GeneMark_model.528_t;GeneMark},{ev_type:exonerate/ID=match.2566964.289/Target=lcl|KQ954466_1_prot_KWU46895_1_984;exonerate}
26378	26944	internal+	1	3	{Augustus_model.g478.t1;Augustus},{GlimmerHMM_glimmerT_487-T1;GlimmerHMM},{GeneMark_model.528_t;GeneMark}
26945	27016	INTRON			{Augustus_model.g478.t1;Augustus},{GlimmerHMM_glimmerT_487-T1;GlimmerHMM},{GeneMark_model.528_t;GeneMark}
27017	27037	terminal+	1	3	{Augustus_model.g478.t1;Augustus},{GlimmerHMM_glimmerT_487-T1;GlimmerHMM},{GeneMark_model.528_t;GeneMark}

# EVM prediction: Mode:STANDARD S-ratio: 11.10 27700-30218 orient(+) score(16784.00) noncoding_equivalent(1512.35) raw_noncoding(1814.00) offset(301.65) 
27700	28028	initial+	1	2	{GlimmerHMM_glimmerT_488-T1;GlimmerHMM},{GeneMark_model.529_t;GeneMark},{Augustus_model.g479.t1;Augustus}
28029	28145	INTRON			{GlimmerHMM_glimmerT_488-T1;GlimmerHMM},{GeneMark_model.529_t;GeneMark},{Augustus_model.g479.t1;Augustus},{ev_type:exonerate/ID=match.2566964.82/Target=PALY_RHOMI;exonerate},{ev_type:exonerate/ID=match.2566964.83/Target=lcl|KQ954466_1_prot_KWU46896_1_985;exonerate},{ev_type:exonerate/ID=match.2566964.84/Target=lcl|PJQD01000085_1_prot_POY71177_1_6044;exonerate}
28146	28232	internal+	3	2	{GlimmerHMM_glimmerT_488-T1;GlimmerHMM},{GeneMark_model.529_t;GeneMark},{Augustus_model.g479.t1;Augustus},{ev_type:exonerate/ID=match.2566964.82/Target=PALY_RHOMI;exonerate},{ev_type:exonerate/ID=match.2566964.83/Target=lcl|KQ954466_1_prot_KWU46896_1_985;exonerate},{ev_type:exonerate/ID=match.2566964.84/Target=lcl|PJQD01000085_1_prot_POY71177_1_6044;exonerate}
28233	28304	INTRON			{GlimmerHMM_glimmerT_488-T1;GlimmerHMM},{GeneMark_model.529_t;GeneMark},{Augustus_model.g479.t1;Augustus},{ev_type:exonerate/ID=match.2566964.82/Target=PALY_RHOMI;exonerate},{ev_type:exonerate/ID=match.2566964.83/Target=lcl|KQ954466_1_prot_KWU46896_1_985;exonerate},{ev_type:exonerate/ID=match.2566964.84/Target=lcl|PJQD01000085_1_prot_POY71177_1_6044;exonerate}
28305	29004	internal+	3	3	{GlimmerHMM_glimmerT_488-T1;GlimmerHMM},{GeneMark_model.529_t;GeneMark},{Augustus_model.g479.t1;Augustus},{ev_type:exonerate/ID=match.2566964.82/Target=PALY_RHOMI;exonerate},{ev_type:exonerate/ID=match.2566964.83/Target=lcl|KQ954466_1_prot_KWU46896_1_985;exonerate},{ev_type:exonerate/ID=match.2566964.84/Target=lcl|PJQD01000085_1_prot_POY71177_1_6044;exonerate}
29005	29062	INTRON			{GlimmerHMM_glimmerT_488-T1;GlimmerHMM},{GeneMark_model.529_t;GeneMark},{Augustus_model.g479.t1;Augustus},{ev_type:exonerate/ID=match.2566964.82/Target=PALY_RHOMI;exonerate},{ev_type:exonerate/ID=match.2566964.83/Target=lcl|KQ954466_1_prot_KWU46896_1_985;exonerate},{ev_type:exonerate/ID=match.2566964.84/Target=lcl|PJQD01000085_1_prot_POY71177_1_6044;exonerate}
29063	29229	internal+	1	2	{GlimmerHMM_glimmerT_488-T1;GlimmerHMM},{GeneMark_model.529_t;GeneMark},{Augustus_model.g479.t1;Augustus},{ev_type:exonerate/ID=match.2566964.82/Target=PALY_RHOMI;exonerate},{ev_type:exonerate/ID=match.2566964.83/Target=lcl|KQ954466_1_prot_KWU46896_1_985;exonerate},{ev_type:exonerate/ID=match.2566964.84/Target=lcl|PJQD01000085_1_prot_POY71177_1_6044;exonerate}
29230	29296	INTRON			{GlimmerHMM_glimmerT_488-T1;GlimmerHMM},{GeneMark_model.529_t;GeneMark},{Augustus_model.g479.t1;Augustus},{ev_type:exonerate/ID=match.2566964.82/Target=PALY_RHOMI;exonerate},{ev_type:exonerate/ID=match.2566964.83/Target=lcl|KQ954466_1_prot_KWU46896_1_985;exonerate},{ev_type:exonerate/ID=match.2566964.84/Target=lcl|PJQD01000085_1_prot_POY71177_1_6044;exonerate}
29297	29459	internal+	3	3	{GlimmerHMM_glimmerT_488-T1;GlimmerHMM},{GeneMark_model.529_t;GeneMark},{Augustus_model.g479.t1;Augustus},{ev_type:exonerate/ID=match.2566964.82/Target=PALY_RHOMI;exonerate},{ev_type:exonerate/ID=match.2566964.83/Target=lcl|KQ954466_1_prot_KWU46896_1_985;exonerate},{ev_type:exonerate/ID=match.2566964.84/Target=lcl|PJQD01000085_1_prot_POY71177_1_6044;exonerate}
29460	29522	INTRON			{GlimmerHMM_glimmerT_488-T1;GlimmerHMM},{GeneMark_model.529_t;GeneMark},{Augustus_model.g479.t1;Augustus},{ev_type:exonerate/ID=match.2566964.82/Target=PALY_RHOMI;exonerate},{ev_type:exonerate/ID=match.2566964.83/Target=lcl|KQ954466_1_prot_KWU46896_1_985;exonerate},{ev_type:exonerate/ID=match.2566964.84/Target=lcl|PJQD01000085_1_prot_POY71177_1_6044;exonerate}
29523	30218	terminal+	1	3	{GlimmerHMM_glimmerT_488-T1;GlimmerHMM},{GeneMark_model.529_t;GeneMark},{snap_scaffold_1-snap.555-T1;snap},{Augustus_model.g479.t1;Augustus}

# EVM prediction: Mode:STANDARD S-ratio: 2.38 30694-33838 orient(+) score(9205.00) noncoding_equivalent(3860.82) raw_noncoding(5086.22) offset(1225.40) 
30694	30803	initial+	1	2	{GlimmerHMM_glimmerT_489-T1;GlimmerHMM},{GeneMark_model.530_t;GeneMark},{Augustus_model.g480.t1;Augustus}
30804	30870	INTRON			{GeneMark_model.530_t;GeneMark},{Augustus_model.g480.t1;Augustus}
30871	31359	internal+	3	2	{GeneMark_model.530_t;GeneMark},{Augustus_model.g480.t1;Augustus}
31360	31425	INTRON			{GlimmerHMM_glimmerT_489-T1;GlimmerHMM},{GeneMark_model.530_t;GeneMark},{Augustus_model.g480.t1;Augustus}
31426	31756	internal+	3	3	{GlimmerHMM_glimmerT_489-T1;GlimmerHMM},{GeneMark_model.530_t;GeneMark}
31757	31814	INTRON			{GlimmerHMM_glimmerT_489-T1;GlimmerHMM},{GeneMark_model.530_t;GeneMark}
31815	32175	internal+	1	1	{GlimmerHMM_glimmerT_489-T1;GlimmerHMM},{GeneMark_model.530_t;GeneMark},{Augustus_model.g480.t1;Augustus}
32176	32241	INTRON			{GlimmerHMM_glimmerT_489-T1;GlimmerHMM},{GeneMark_model.530_t;GeneMark},{Augustus_model.g480.t1;Augustus}
32242	32293	internal+	2	2	{GeneMark_model.530_t;GeneMark},{Augustus_model.g480.t1;Augustus}
32294	32354	INTRON			{GeneMark_model.530_t;GeneMark},{Augustus_model.g480.t1;Augustus}
32355	32423	internal+	3	2	{GlimmerHMM_glimmerT_489-T1;GlimmerHMM},{GeneMark_model.530_t;GeneMark},{Augustus_model.g480.t1;Augustus}
32424	32484	INTRON			{GlimmerHMM_glimmerT_489-T1;GlimmerHMM},{GeneMark_model.530_t;GeneMark},{Augustus_model.g480.t1;Augustus}
32485	32613	internal+	3	2	{GlimmerHMM_glimmerT_489-T1;GlimmerHMM},{GeneMark_model.530_t;GeneMark},{Augustus_model.g480.t1;Augustus}
32614	32677	INTRON			{GeneMark_model.530_t;GeneMark},{Augustus_model.g480.t1;Augustus}
32678	32768	internal+	3	3	{GeneMark_model.530_t;GeneMark},{Augustus_model.g480.t1;Augustus}
32769	32830	INTRON			{GlimmerHMM_glimmerT_489-T1;GlimmerHMM},{GeneMark_model.530_t;GeneMark},{Augustus_model.g480.t1;Augustus}
32831	33176	internal+	1	1	{GlimmerHMM_glimmerT_489-T1;GlimmerHMM},{GeneMark_model.530_t;GeneMark},{Augustus_model.g480.t1;Augustus}
33177	33248	INTRON			{GeneMark_model.530_t;GeneMark},{Augustus_model.g480.t1;Augustus}
33249	33384	internal+	2	2	{GeneMark_model.530_t;GeneMark},{Augustus_model.g480.t1;Augustus}
33385	33454	INTRON			{GeneMark_model.530_t;GeneMark},{Augustus_model.g480.t1;Augustus}
33455	33513	internal+	3	1	{GeneMark_model.530_t;GeneMark},{Augustus_model.g480.t1;Augustus}
33514	33571	INTRON			{GeneMark_model.530_t;GeneMark},{Augustus_model.g480.t1;Augustus}
33572	33702	internal+	2	3	{GlimmerHMM_glimmerT_489-T1;GlimmerHMM},{GeneMark_model.530_t;GeneMark},{Augustus_model.g480.t1;Augustus}
33703	33778	INTRON			{GeneMark_model.530_t;GeneMark},{Augustus_model.g480.t1;Augustus}
33779	33838	terminal+	1	3	{GeneMark_model.530_t;GeneMark},{Augustus_model.g480.t1;Augustus}

# EVM prediction: Mode:STANDARD S-ratio: 1.12 34259-35056 orient(+) score(1689.00) noncoding_equivalent(1501.38) raw_noncoding(2450.12) offset(948.74) 
34259	34350	initial+	1	2	{GeneMark_model.531_t;GeneMark},{Augustus_model.g481.t1;Augustus}
34351	34499	INTRON			{GeneMark_model.531_t;GeneMark},{Augustus_model.g481.t1;Augustus}
34500	34558	internal+	3	1	{GeneMark_model.531_t;GeneMark},{Augustus_model.g481.t1;Augustus}
34559	34719	INTRON			{GeneMark_model.531_t;GeneMark},{Augustus_model.g481.t1;Augustus}
34720	34740	internal+	2	1	{GeneMark_model.531_t;GeneMark},{Augustus_model.g481.t1;Augustus}
34741	34809	INTRON			{GeneMark_model.531_t;GeneMark},{Augustus_model.g481.t1;Augustus}
34810	34868	internal+	2	3	{GeneMark_model.531_t;GeneMark},{Augustus_model.g481.t1;Augustus}
34869	34963	INTRON			{GeneMark_model.531_t;GeneMark},{Augustus_model.g481.t1;Augustus}
34964	35056	terminal+	1	3	{GlimmerHMM_glimmerT_489-T1;GlimmerHMM},{GeneMark_model.531_t;GeneMark},{Augustus_model.g481.t1;Augustus}

# EVM prediction: Mode:STANDARD S-ratio: 1.80 35563-36871 orient(+) score(3873.00) noncoding_equivalent(2157.16) raw_noncoding(2590.16) offset(433.00) 
35563	35764	initial+	1	1	{Augustus_model.g482.t1;Augustus},{GlimmerHMM_glimmerT_490-T1;GlimmerHMM},{GeneMark_model.532_t;GeneMark}
35765	35846	INTRON			{Augustus_model.g482.t1;Augustus},{GlimmerHMM_glimmerT_490-T1;GlimmerHMM},{GeneMark_model.532_t;GeneMark}
35847	35961	internal+	2	2	{Augustus_model.g482.t1;Augustus},{GlimmerHMM_glimmerT_490-T1;GlimmerHMM},{GeneMark_model.532_t;GeneMark}
35962	36028	INTRON			{Augustus_model.g482.t1;Augustus},{GlimmerHMM_glimmerT_490-T1;GlimmerHMM},{GeneMark_model.532_t;GeneMark}
36029	36175	internal+	3	2	{Augustus_model.g482.t1;Augustus},{GlimmerHMM_glimmerT_490-T1;GlimmerHMM},{GeneMark_model.532_t;GeneMark}
36176	36243	INTRON			{Augustus_model.g482.t1;Augustus},{GlimmerHMM_glimmerT_490-T1;GlimmerHMM},{GeneMark_model.532_t;GeneMark}
36244	36408	internal+	3	2	{Augustus_model.g482.t1;Augustus},{GlimmerHMM_glimmerT_490-T1;GlimmerHMM},{GeneMark_model.532_t;GeneMark}
36409	36476	INTRON			{Augustus_model.g482.t1;Augustus},{GlimmerHMM_glimmerT_490-T1;GlimmerHMM},{GeneMark_model.532_t;GeneMark}
36477	36597	internal+	3	3	{Augustus_model.g482.t1;Augustus},{GlimmerHMM_glimmerT_490-T1;GlimmerHMM},{GeneMark_model.532_t;GeneMark}
36598	36662	INTRON			{Augustus_model.g482.t1;Augustus},{GlimmerHMM_glimmerT_490-T1;GlimmerHMM},{GeneMark_model.532_t;GeneMark}
36663	36742	internal+	1	2	{Augustus_model.g482.t1;Augustus},{GlimmerHMM_glimmerT_490-T1;GlimmerHMM},{GeneMark_model.532_t;GeneMark}
36743	36801	INTRON			{Augustus_model.g482.t1;Augustus},{GlimmerHMM_glimmerT_490-T1;GlimmerHMM},{GeneMark_model.532_t;GeneMark}
36802	36871	terminal+	3	3	{GlimmerHMM_glimmerT_490-T1;GlimmerHMM},{GeneMark_model.532_t;GeneMark}

# EVM prediction: Mode:STANDARD S-ratio: 3.77 37369-41554 orient(+) score(14424.00) noncoding_equivalent(3821.79) raw_noncoding(4775.34) offset(953.55) 
37369	37389	initial+	1	3	{GeneMark_model.533_t;GeneMark},{GlimmerHMM_glimmerT_491-T1;GlimmerHMM}
37390	37484	INTRON			{GeneMark_model.533_t;GeneMark},{GlimmerHMM_glimmerT_491-T1;GlimmerHMM}
37485	37646	internal+	1	3	{GeneMark_model.533_t;GeneMark},{Augustus_model.g482.t1;Augustus},{GlimmerHMM_glimmerT_491-T1;GlimmerHMM}
37647	37712	INTRON			{GeneMark_model.533_t;GeneMark},{Augustus_model.g482.t1;Augustus},{GlimmerHMM_glimmerT_491-T1;GlimmerHMM}
37713	37874	internal+	1	3	{GeneMark_model.533_t;GeneMark},{Augustus_model.g482.t1;Augustus},{GlimmerHMM_glimmerT_491-T1;GlimmerHMM}
37875	37947	INTRON			{GeneMark_model.533_t;GeneMark},{Augustus_model.g482.t1;Augustus},{GlimmerHMM_glimmerT_491-T1;GlimmerHMM}
37948	38042	internal+	1	2	{GlimmerHMM_glimmerT_491-T1;GlimmerHMM}
38043	38142	INTRON			{GlimmerHMM_glimmerT_491-T1;GlimmerHMM}
38143	38984	internal+	3	1	{GlimmerHMM_glimmerT_491-T1;GlimmerHMM}
38985	39054	INTRON			{GeneMark_model.533_t;GeneMark},{Augustus_model.g482.t1;Augustus},{GlimmerHMM_glimmerT_491-T1;GlimmerHMM}
39055	39449	internal+	2	3	{GeneMark_model.533_t;GeneMark},{Augustus_model.g482.t1;Augustus},{GlimmerHMM_glimmerT_491-T1;GlimmerHMM}
39450	39517	INTRON			{GeneMark_model.533_t;GeneMark},{Augustus_model.g482.t1;Augustus},{GlimmerHMM_glimmerT_491-T1;GlimmerHMM}
39518	40009	internal+	1	3	{GeneMark_model.533_t;GeneMark},{Augustus_model.g482.t1;Augustus},{GlimmerHMM_glimmerT_491-T1;GlimmerHMM}
40010	40074	INTRON			{GeneMark_model.533_t;GeneMark},{Augustus_model.g482.t1;Augustus},{GlimmerHMM_glimmerT_491-T1;GlimmerHMM}
40075	40223	internal+	1	2	{GeneMark_model.533_t;GeneMark},{Augustus_model.g482.t1;Augustus}
40224	40282	INTRON			{GeneMark_model.533_t;GeneMark},{Augustus_model.g482.t1;Augustus},{ev_type:exonerate/ID=match.2566964.321/Target=lcl|NW_017264928_1_prot_XP_018274191_1_251;exonerate}
40283	40522	internal+	3	2	{GeneMark_model.533_t;GeneMark},{Augustus_model.g482.t1;Augustus},{ev_type:exonerate/ID=match.2566964.321/Target=lcl|NW_017264928_1_prot_XP_018274191_1_251;exonerate}
40523	40582	INTRON			{GeneMark_model.533_t;GeneMark},{Augustus_model.g482.t1;Augustus},{GlimmerHMM_glimmerT_492-T1;GlimmerHMM},{ev_type:exonerate/ID=match.2566964.321/Target=lcl|NW_017264928_1_prot_XP_018274191_1_251;exonerate}
40583	41486	internal+	3	3	{GeneMark_model.533_t;GeneMark},{Augustus_model.g482.t1;Augustus},{GlimmerHMM_glimmerT_492-T1;GlimmerHMM}
41487	41545	INTRON			{GeneMark_model.533_t;GeneMark},{Augustus_model.g482.t1;Augustus},{GlimmerHMM_glimmerT_492-T1;GlimmerHMM}
41546	41554	terminal+	1	3	{GeneMark_model.533_t;GeneMark},{Augustus_model.g482.t1;Augustus},{GlimmerHMM_glimmerT_492-T1;GlimmerHMM}

# EVM prediction: Mode:STANDARD S-ratio: 3.82 41742-44404 orient(-) score(8928.00) noncoding_equivalent(2336.92) raw_noncoding(2892.22) offset(555.30) 
41939	41742	terminal-	4	6	{GlimmerHMM_glimmerT_493-T1;GlimmerHMM},{GeneMark_model.534_t;GeneMark},{Augustus_model.g483.t1;Augustus}
42000	41940	INTRON			{GlimmerHMM_glimmerT_493-T1;GlimmerHMM},{GeneMark_model.534_t;GeneMark},{Augustus_model.g483.t1;Augustus}
42124	42001	internal-	6	6	{GlimmerHMM_glimmerT_493-T1;GlimmerHMM},{GeneMark_model.534_t;GeneMark},{Augustus_model.g483.t1;Augustus}
42190	42125	INTRON			{GeneMark_model.534_t;GeneMark},{Augustus_model.g483.t1;Augustus}
42328	42191	internal-	6	5	{GeneMark_model.534_t;GeneMark},{Augustus_model.g483.t1;Augustus}
42396	42329	INTRON			{GeneMark_model.534_t;GeneMark},{Augustus_model.g483.t1;Augustus}
42660	42397	internal-	6	5	{GlimmerHMM_glimmerT_493-T1;GlimmerHMM},{GeneMark_model.534_t;GeneMark},{Augustus_model.g483.t1;Augustus}
42721	42661	INTRON			{GlimmerHMM_glimmerT_493-T1;GlimmerHMM},{GeneMark_model.534_t;GeneMark},{Augustus_model.g483.t1;Augustus}
42779	42722	internal-	5	5	{GlimmerHMM_glimmerT_493-T1;GlimmerHMM},{GeneMark_model.534_t;GeneMark},{Augustus_model.g483.t1;Augustus}
42840	42780	INTRON			{GlimmerHMM_glimmerT_493-T1;GlimmerHMM},{GeneMark_model.534_t;GeneMark},{Augustus_model.g483.t1;Augustus}
42933	42841	internal-	5	4	{GlimmerHMM_glimmerT_493-T1;GlimmerHMM},{GeneMark_model.534_t;GeneMark},{Augustus_model.g483.t1;Augustus}
43000	42934	INTRON			{GlimmerHMM_glimmerT_493-T1;GlimmerHMM},{GeneMark_model.534_t;GeneMark},{Augustus_model.g483.t1;Augustus}
44004	43001	internal-	6	4	{GlimmerHMM_glimmerT_493-T1;GlimmerHMM},{GeneMark_model.534_t;GeneMark},{Augustus_model.g483.t1;Augustus}
44072	44005	INTRON			{GlimmerHMM_glimmerT_493-T1;GlimmerHMM},{GeneMark_model.534_t;GeneMark},{Augustus_model.g483.t1;Augustus}
44404	44073	initial-	4	5	{GlimmerHMM_glimmerT_493-T1;GlimmerHMM},{GeneMark_model.534_t;GeneMark},{Augustus_model.g483.t1;Augustus}

# EVM prediction: Mode:STANDARD S-ratio: 2.75 44665-45953 orient(+) score(3867.00) noncoding_equivalent(1407.00) raw_noncoding(1473.00) offset(66.00) 
44665	45259	initial+	1	1	{Augustus_model.g484.t1;Augustus},{GlimmerHMM_glimmerT_494-T1;GlimmerHMM},{GeneMark_model.535_t;GeneMark}
45260	45321	INTRON			{Augustus_model.g484.t1;Augustus},{GlimmerHMM_glimmerT_494-T1;GlimmerHMM},{GeneMark_model.535_t;GeneMark}
45322	45953	terminal+	2	3	{Augustus_model.g484.t1;Augustus},{GlimmerHMM_glimmerT_494-T1;GlimmerHMM},{GeneMark_model.535_t;GeneMark}

# EVM prediction: Mode:STANDARD S-ratio: 8.28 46513-49784 orient(-) score(11909.00) noncoding_equivalent(1438.03) raw_noncoding(1547.18) offset(109.16) 
47072	46513	terminal-	5	6	{GeneMark_model.536_t;GeneMark},{Augustus_model.g485.t1;Augustus},{GlimmerHMM_glimmerT_495-T1;GlimmerHMM}
47143	47073	INTRON			{GeneMark_model.536_t;GeneMark},{Augustus_model.g485.t1;Augustus},{GlimmerHMM_glimmerT_495-T1;GlimmerHMM}
47220	47144	internal-	6	4	{GeneMark_model.536_t;GeneMark},{Augustus_model.g485.t1;Augustus},{GlimmerHMM_glimmerT_495-T1;GlimmerHMM}
47286	47221	INTRON			{GeneMark_model.536_t;GeneMark},{Augustus_model.g485.t1;Augustus},{GlimmerHMM_glimmerT_495-T1;GlimmerHMM}
49001	47287	internal-	4	5	{GeneMark_model.536_t;GeneMark},{Augustus_model.g485.t1;Augustus},{GlimmerHMM_glimmerT_495-T1;GlimmerHMM}
49073	49002	INTRON			{GeneMark_model.536_t;GeneMark},{GlimmerHMM_glimmerT_495-T1;GlimmerHMM}
49784	49074	initial-	4	6	{GlimmerHMM_glimmerT_495-T1;GlimmerHMM}

# EVM prediction: Mode:STANDARD S-ratio: 2.99 51196-52346 orient(-) score(4214.00) noncoding_equivalent(1411.01) raw_noncoding(1869.01) offset(458.00) 
51324	51196	terminal-	4	6	{GeneMark_model.537_t;GeneMark},{GlimmerHMM_glimmerT_496-T1;GlimmerHMM}
51484	51325	INTRON			{GeneMark_model.537_t;GeneMark},{GlimmerHMM_glimmerT_496-T1;GlimmerHMM}
51589	51485	internal-	4	6	{GeneMark_model.537_t;GeneMark},{GlimmerHMM_glimmerT_496-T1;GlimmerHMM}
51653	51590	INTRON			{GeneMark_model.537_t;GeneMark},{Augustus_model.g485.t1;Augustus},{GlimmerHMM_glimmerT_496-T1;GlimmerHMM},{ev_type:exonerate/ID=match.2566964.466/Target=lcl|KQ954466_1_prot_KWU46903_1_992;exonerate}
51710	51654	internal-	4	6	{GeneMark_model.537_t;GeneMark},{Augustus_model.g485.t1;Augustus},{GlimmerHMM_glimmerT_496-T1;GlimmerHMM},{ev_type:exonerate/ID=match.2566964.466/Target=lcl|KQ954466_1_prot_KWU46903_1_992;exonerate}
51783	51711	INTRON			{GeneMark_model.537_t;GeneMark},{Augustus_model.g485.t1;Augustus},{GlimmerHMM_glimmerT_496-T1;GlimmerHMM},{ev_type:exonerate/ID=match.2566964.466/Target=lcl|KQ954466_1_prot_KWU46903_1_992;exonerate}
51921	51784	internal-	4	6	{GeneMark_model.537_t;GeneMark},{Augustus_model.g485.t1;Augustus},{GlimmerHMM_glimmerT_496-T1;GlimmerHMM},{ev_type:exonerate/ID=match.2566964.466/Target=lcl|KQ954466_1_prot_KWU46903_1_992;exonerate}
51995	51922	INTRON			{GeneMark_model.537_t;GeneMark},{Augustus_model.g485.t1;Augustus},{GlimmerHMM_glimmerT_496-T1;GlimmerHMM},{ev_type:exonerate/ID=match.2566964.466/Target=lcl|KQ954466_1_prot_KWU46903_1_992;exonerate}
52346	51996	initial-	4	6	{GeneMark_model.537_t;GeneMark},{Augustus_model.g485.t1;Augustus},{GlimmerHMM_glimmerT_496-T1;GlimmerHMM}

# EVM prediction: Mode:STANDARD S-ratio: 7.58 52689-54380 orient(+) score(6087.00) noncoding_equivalent(803.00) raw_noncoding(870.00) offset(67.00) 
52689	53091	initial+	1	1	{Augustus_model.g486.t1;Augustus},{GlimmerHMM_glimmerT_497-T1;GlimmerHMM},{GeneMark_model.538_t;GeneMark}
53092	53154	INTRON			{Augustus_model.g486.t1;Augustus},{GlimmerHMM_glimmerT_497-T1;GlimmerHMM},{GeneMark_model.538_t;GeneMark}
53155	54380	terminal+	2	3	{Augustus_model.g486.t1;Augustus},{GlimmerHMM_glimmerT_497-T1;GlimmerHMM},{GeneMark_model.538_t;GeneMark}

# EVM prediction: Mode:STANDARD S-ratio: 2.82 54750-56516 orient(+) score(5402.00) noncoding_equivalent(1917.42) raw_noncoding(2433.00) offset(515.58) 
54750	55176	initial+	1	1	{GeneMark_model.539_t;GeneMark},{GlimmerHMM_glimmerT_498-T1;GlimmerHMM},{Augustus_model.g487.t1;Augustus}
55177	55239	INTRON			{GeneMark_model.539_t;GeneMark},{Augustus_model.g487.t1;Augustus}
55240	55325	internal+	2	3	{GeneMark_model.539_t;GeneMark},{Augustus_model.g487.t1;Augustus}
55326	55391	INTRON			{GeneMark_model.539_t;GeneMark},{Augustus_model.g487.t1;Augustus}
55392	55446	internal+	1	1	{GeneMark_model.539_t;GeneMark},{Augustus_model.g487.t1;Augustus}
55447	55504	INTRON			{GeneMark_model.539_t;GeneMark},{Augustus_model.g487.t1;Augustus}
55505	55595	internal+	2	2	{GeneMark_model.539_t;GeneMark},{GlimmerHMM_glimmerT_498-T1;GlimmerHMM},{Augustus_model.g487.t1;Augustus}
55596	55658	INTRON			{GeneMark_model.539_t;GeneMark},{GlimmerHMM_glimmerT_498-T1;GlimmerHMM},{Augustus_model.g487.t1;Augustus}
55659	56034	internal+	3	3	{GeneMark_model.539_t;GeneMark},{GlimmerHMM_glimmerT_498-T1;GlimmerHMM},{Augustus_model.g487.t1;Augustus}
56035	56102	INTRON			{GeneMark_model.539_t;GeneMark},{GlimmerHMM_glimmerT_498-T1;GlimmerHMM},{Augustus_model.g487.t1;Augustus}
56103	56516	terminal+	1	3	{snap_scaffold_1-snap.565-T1;snap},{GeneMark_model.539_t;GeneMark},{GlimmerHMM_glimmerT_498-T1;GlimmerHMM},{Augustus_model.g487.t1;Augustus}

# EVM prediction: Mode:STANDARD S-ratio: 6.65 56678-59251 orient(-) score(9370.00) noncoding_equivalent(1408.97) raw_noncoding(1737.00) offset(328.03) 
56959	56678	terminal-	4	6	{Augustus_model.g488.t1;Augustus},{GeneMark_model.540_t;GeneMark}
57025	56960	INTRON			{Augustus_model.g488.t1;Augustus},{GeneMark_model.540_t;GeneMark}
58010	57026	internal-	6	6	{Augustus_model.g488.t1;Augustus},{GeneMark_model.540_t;GeneMark}
58086	58011	INTRON			{GlimmerHMM_glimmerT_499-T1;GlimmerHMM},{Augustus_model.g488.t1;Augustus},{GeneMark_model.540_t;GeneMark}
58175	58087	internal-	4	5	{Augustus_model.g488.t1;Augustus},{GeneMark_model.540_t;GeneMark}
58245	58176	INTRON			{Augustus_model.g488.t1;Augustus},{GeneMark_model.540_t;GeneMark}
58463	58246	internal-	5	6	{Augustus_model.g488.t1;Augustus},{GeneMark_model.540_t;GeneMark}
58543	58464	INTRON			{GlimmerHMM_glimmerT_499-T1;GlimmerHMM},{Augustus_model.g488.t1;Augustus},{GeneMark_model.540_t;GeneMark}
58641	58544	internal-	6	4	{GlimmerHMM_glimmerT_499-T1;GlimmerHMM},{Augustus_model.g488.t1;Augustus},{GeneMark_model.540_t;GeneMark}
58736	58642	INTRON			{GlimmerHMM_glimmerT_499-T1;GlimmerHMM},{Augustus_model.g488.t1;Augustus},{GeneMark_model.540_t;GeneMark}
59251	58737	initial-	4	5	{GlimmerHMM_glimmerT_499-T1;GlimmerHMM},{Augustus_model.g488.t1;Augustus},{GeneMark_model.540_t;GeneMark}

# EVM prediction: Mode:STANDARD S-ratio: 2.02 59599-64756 orient(-) score(14118.00) noncoding_equivalent(6993.26) raw_noncoding(7864.90) offset(871.64) 
59941	59599	terminal-	6	6	{Augustus_model.g489.t1;Augustus},{GeneMark_model.541_t;GeneMark}
60010	59942	INTRON			{GeneMark_model.541_t;GeneMark}
60123	60011	internal-	4	5	{GeneMark_model.541_t;GeneMark}
60186	60124	INTRON			{Augustus_model.g489.t1;Augustus},{GeneMark_model.541_t;GeneMark}
60272	60187	internal-	5	6	{Augustus_model.g489.t1;Augustus},{GeneMark_model.541_t;GeneMark}
60336	60273	INTRON			{Augustus_model.g489.t1;Augustus},{GeneMark_model.541_t;GeneMark}
60436	60337	internal-	4	4	{Augustus_model.g489.t1;Augustus},{GeneMark_model.541_t;GeneMark}
60503	60437	INTRON			{Augustus_model.g489.t1;Augustus},{GeneMark_model.541_t;GeneMark}
61743	60504	internal-	6	6	{GlimmerHMM_glimmerT_500-T1;GlimmerHMM}
61813	61744	INTRON			{GlimmerHMM_glimmerT_500-T1;GlimmerHMM},{Augustus_model.g489.t1;Augustus},{GeneMark_model.541_t;GeneMark}
62012	61814	internal-	5	5	{GlimmerHMM_glimmerT_500-T1;GlimmerHMM},{Augustus_model.g489.t1;Augustus},{GeneMark_model.541_t;GeneMark}
62079	62013	INTRON			{GlimmerHMM_glimmerT_500-T1;GlimmerHMM},{Augustus_model.g489.t1;Augustus},{GeneMark_model.541_t;GeneMark}
62773	62080	internal-	4	4	{GlimmerHMM_glimmerT_500-T1;GlimmerHMM},{Augustus_model.g489.t1;Augustus},{GeneMark_model.541_t;GeneMark}
62838	62774	INTRON			{GlimmerHMM_glimmerT_500-T1;GlimmerHMM},{Augustus_model.g489.t1;Augustus},{GeneMark_model.541_t;GeneMark}
62945	62839	internal-	5	6	{GlimmerHMM_glimmerT_500-T1;GlimmerHMM},{Augustus_model.g489.t1;Augustus},{GeneMark_model.541_t;GeneMark}
63007	62946	INTRON			{GlimmerHMM_glimmerT_500-T1;GlimmerHMM},{Augustus_model.g489.t1;Augustus},{GeneMark_model.541_t;GeneMark}
63088	63008	internal-	5	4	{GlimmerHMM_glimmerT_500-T1;GlimmerHMM},{Augustus_model.g489.t1;Augustus},{GeneMark_model.541_t;GeneMark}
63147	63089	INTRON			{GlimmerHMM_glimmerT_500-T1;GlimmerHMM},{Augustus_model.g489.t1;Augustus},{GeneMark_model.541_t;GeneMark}
64756	63148	initial-	4	4	{GeneMark_model.541_t;GeneMark}

# EVM prediction: Mode:STANDARD S-ratio: 3.60 64861-66017 orient(+) score(4378.00) noncoding_equivalent(1215.02) raw_noncoding(1647.81) offset(432.79) 
64861	64999	initial+	1	1	{GeneMark_model.542_t;GeneMark}
65000	65063	INTRON			{GeneMark_model.542_t;GeneMark}
65064	65083	internal+	2	3	{GeneMark_model.542_t;GeneMark}
65084	65154	INTRON			{Augustus_model.g490.t1;Augustus},{GeneMark_model.542_t;GeneMark},{ev_type:exonerate/ID=match.2566964.338/Target=lcl|PJQD01000085_1_prot_POY71190_1_6057;exonerate}
65155	65365	internal+	1	1	{Augustus_model.g490.t1;Augustus},{GeneMark_model.542_t;GeneMark},{ev_type:exonerate/ID=match.2566964.338/Target=lcl|PJQD01000085_1_prot_POY71190_1_6057;exonerate}
65366	65431	INTRON			{Augustus_model.g490.t1;Augustus},{GeneMark_model.542_t;GeneMark},{ev_type:exonerate/ID=match.2566964.338/Target=lcl|PJQD01000085_1_prot_POY71190_1_6057;exonerate}
65432	65511	internal+	2	3	{Augustus_model.g490.t1;Augustus},{GeneMark_model.542_t;GeneMark},{ev_type:exonerate/ID=match.2566964.338/Target=lcl|PJQD01000085_1_prot_POY71190_1_6057;exonerate}
65512	65585	INTRON			{Augustus_model.g490.t1;Augustus},{GeneMark_model.542_t;GeneMark},{GlimmerHMM_glimmerT_502-T1;GlimmerHMM},{ev_type:exonerate/ID=match.2566964.338/Target=lcl|PJQD01000085_1_prot_POY71190_1_6057;exonerate}
65586	66017	terminal+	1	3	{Augustus_model.g490.t1;Augustus},{GeneMark_model.542_t;GeneMark},{GlimmerHMM_glimmerT_502-T1;GlimmerHMM}

# EVM prediction: Mode:STANDARD S-ratio: 3.61 66318-68519 orient(+) score(11223.00) noncoding_equivalent(3109.40) raw_noncoding(3723.22) offset(613.82) 
66318	66554	initial+	1	3	{Augustus_model.g491.t1;Augustus},{GlimmerHMM_glimmerT_503-T1;GlimmerHMM},{GeneMark_model.543_t;GeneMark}
66555	66653	INTRON			{Augustus_model.g491.t1;Augustus},{GlimmerHMM_glimmerT_503-T1;GlimmerHMM},{GeneMark_model.543_t;GeneMark},{ev_type:exonerate/ID=match.2566964.135/Target=lcl|KQ954466_1_prot_KWU46910_1_999;exonerate},{ev_type:exonerate/ID=match.2566964.134/Target=lcl|PJQD01000085_1_prot_POY71191_1_6058;exonerate}
66654	66896	internal+	1	3	{Augustus_model.g491.t1;Augustus},{GlimmerHMM_glimmerT_503-T1;GlimmerHMM},{GeneMark_model.543_t;GeneMark},{ev_type:exonerate/ID=match.2566964.135/Target=lcl|KQ954466_1_prot_KWU46910_1_999;exonerate},{ev_type:exonerate/ID=match.2566964.134/Target=lcl|PJQD01000085_1_prot_POY71191_1_6058;exonerate}
66897	66958	INTRON			{Augustus_model.g491.t1;Augustus},{GlimmerHMM_glimmerT_503-T1;GlimmerHMM},{GeneMark_model.543_t;GeneMark},{ev_type:exonerate/ID=match.2566964.135/Target=lcl|KQ954466_1_prot_KWU46910_1_999;exonerate},{ev_type:exonerate/ID=match.2566964.134/Target=lcl|PJQD01000085_1_prot_POY71191_1_6058;exonerate}
66959	67074	internal+	1	2	{Augustus_model.g491.t1;Augustus},{GlimmerHMM_glimmerT_503-T1;GlimmerHMM},{GeneMark_model.543_t;GeneMark},{ev_type:exonerate/ID=match.2566964.135/Target=lcl|KQ954466_1_prot_KWU46910_1_999;exonerate},{ev_type:exonerate/ID=match.2566964.134/Target=lcl|PJQD01000085_1_prot_POY71191_1_6058;exonerate}
67075	67138	INTRON			{Augustus_model.g491.t1;Augustus},{GlimmerHMM_glimmerT_503-T1;GlimmerHMM},{GeneMark_model.543_t;GeneMark},{ev_type:exonerate/ID=match.2566964.134/Target=lcl|PJQD01000085_1_prot_POY71191_1_6058;exonerate}
67139	67231	internal+	3	2	{Augustus_model.g491.t1;Augustus},{GlimmerHMM_glimmerT_503-T1;GlimmerHMM},{GeneMark_model.543_t;GeneMark},{ev_type:exonerate/ID=match.2566964.134/Target=lcl|PJQD01000085_1_prot_POY71191_1_6058;exonerate}
67232	67291	INTRON			{Augustus_model.g491.t1;Augustus},{GlimmerHMM_glimmerT_503-T1;GlimmerHMM},{GeneMark_model.543_t;GeneMark},{ev_type:exonerate/ID=match.2566964.135/Target=lcl|KQ954466_1_prot_KWU46910_1_999;exonerate},{ev_type:exonerate/ID=match.2566964.134/Target=lcl|PJQD01000085_1_prot_POY71191_1_6058;exonerate}
67292	67420	internal+	3	2	{Augustus_model.g491.t1;Augustus},{GlimmerHMM_glimmerT_503-T1;GlimmerHMM},{GeneMark_model.543_t;GeneMark},{ev_type:exonerate/ID=match.2566964.135/Target=lcl|KQ954466_1_prot_KWU46910_1_999;exonerate},{ev_type:exonerate/ID=match.2566964.134/Target=lcl|PJQD01000085_1_prot_POY71191_1_6058;exonerate}
67421	67484	INTRON			{Augustus_model.g491.t1;Augustus},{GlimmerHMM_glimmerT_503-T1;GlimmerHMM},{GeneMark_model.543_t;GeneMark},{ev_type:exonerate/ID=match.2566964.135/Target=lcl|KQ954466_1_prot_KWU46910_1_999;exonerate},{ev_type:exonerate/ID=match.2566964.134/Target=lcl|PJQD01000085_1_prot_POY71191_1_6058;exonerate}
67485	67600	internal+	3	1	{Augustus_model.g491.t1;Augustus},{GlimmerHMM_glimmerT_503-T1;GlimmerHMM},{GeneMark_model.543_t;GeneMark},{ev_type:exonerate/ID=match.2566964.135/Target=lcl|KQ954466_1_prot_KWU46910_1_999;exonerate},{ev_type:exonerate/ID=match.2566964.134/Target=lcl|PJQD01000085_1_prot_POY71191_1_6058;exonerate}
67601	67661	INTRON			{Augustus_model.g491.t1;Augustus},{GlimmerHMM_glimmerT_503-T1;GlimmerHMM},{GeneMark_model.543_t;GeneMark},{ev_type:exonerate/ID=match.2566964.135/Target=lcl|KQ954466_1_prot_KWU46910_1_999;exonerate},{ev_type:exonerate/ID=match.2566964.134/Target=lcl|PJQD01000085_1_prot_POY71191_1_6058;exonerate}
67662	67988	internal+	2	1	{Augustus_model.g491.t1;Augustus},{GlimmerHMM_glimmerT_503-T1;GlimmerHMM},{GeneMark_model.543_t;GeneMark},{ev_type:exonerate/ID=match.2566964.135/Target=lcl|KQ954466_1_prot_KWU46910_1_999;exonerate},{ev_type:exonerate/ID=match.2566964.134/Target=lcl|PJQD01000085_1_prot_POY71191_1_6058;exonerate}
67989	68056	INTRON			{Augustus_model.g491.t1;Augustus},{GlimmerHMM_glimmerT_503-T1;GlimmerHMM},{GeneMark_model.543_t;GeneMark},{ev_type:exonerate/ID=match.2566964.135/Target=lcl|KQ954466_1_prot_KWU46910_1_999;exonerate},{ev_type:exonerate/ID=match.2566964.134/Target=lcl|PJQD01000085_1_prot_POY71191_1_6058;exonerate}
68057	68294	internal+	2	2	{Augustus_model.g491.t1;Augustus},{GlimmerHMM_glimmerT_503-T1;GlimmerHMM},{GeneMark_model.543_t;GeneMark},{ev_type:exonerate/ID=match.2566964.135/Target=lcl|KQ954466_1_prot_KWU46910_1_999;exonerate},{ev_type:exonerate/ID=match.2566964.134/Target=lcl|PJQD01000085_1_prot_POY71191_1_6058;exonerate}
68295	68359	INTRON			{Augustus_model.g491.t1;Augustus},{GlimmerHMM_glimmerT_503-T1;GlimmerHMM},{GeneMark_model.543_t;GeneMark},{ev_type:exonerate/ID=match.2566964.135/Target=lcl|KQ954466_1_prot_KWU46910_1_999;exonerate},{ev_type:exonerate/ID=match.2566964.134/Target=lcl|PJQD01000085_1_prot_POY71191_1_6058;exonerate}
68360	68399	internal+	3	3	{Augustus_model.g491.t1;Augustus},{GlimmerHMM_glimmerT_503-T1;GlimmerHMM},{GeneMark_model.543_t;GeneMark},{ev_type:exonerate/ID=match.2566964.135/Target=lcl|KQ954466_1_prot_KWU46910_1_999;exonerate},{ev_type:exonerate/ID=match.2566964.134/Target=lcl|PJQD01000085_1_prot_POY71191_1_6058;exonerate}
68400	68474	INTRON			{Augustus_model.g491.t1;Augustus},{GlimmerHMM_glimmerT_503-T1;GlimmerHMM},{GeneMark_model.543_t;GeneMark},{ev_type:exonerate/ID=match.2566964.135/Target=lcl|KQ954466_1_prot_KWU46910_1_999;exonerate},{ev_type:exonerate/ID=match.2566964.134/Target=lcl|PJQD01000085_1_prot_POY71191_1_6058;exonerate}
68475	68519	terminal+	1	3	{GlimmerHMM_glimmerT_503-T1;GlimmerHMM}

# EVM prediction: Mode:STANDARD S-ratio: 1.63 68749-72982 orient(+) score(11194.00) noncoding_equivalent(6871.61) raw_noncoding(9823.00) offset(2951.39) 
68749	68871	initial+	1	3	{GlimmerHMM_glimmerT_504-T1;GlimmerHMM}
68872	68942	INTRON			{GlimmerHMM_glimmerT_504-T1;GlimmerHMM},{Augustus_model.g491.t1;Augustus},{GeneMark_model.543_t;GeneMark}
68943	69413	internal+	1	3	{GlimmerHMM_glimmerT_504-T1;GlimmerHMM},{GeneMark_model.543_t;GeneMark}
69414	69474	INTRON			{GlimmerHMM_glimmerT_504-T1;GlimmerHMM},{Augustus_model.g491.t1;Augustus},{GeneMark_model.543_t;GeneMark}
69475	69493	internal+	1	1	{GlimmerHMM_glimmerT_504-T1;GlimmerHMM},{Augustus_model.g491.t1;Augustus},{GeneMark_model.543_t;GeneMark}
69494	69553	INTRON			{GlimmerHMM_glimmerT_504-T1;GlimmerHMM},{Augustus_model.g491.t1;Augustus},{GeneMark_model.543_t;GeneMark}
69554	69605	internal+	2	2	{GlimmerHMM_glimmerT_504-T1;GlimmerHMM},{Augustus_model.g491.t1;Augustus},{GeneMark_model.543_t;GeneMark}
69606	69671	INTRON			{GlimmerHMM_glimmerT_504-T1;GlimmerHMM},{Augustus_model.g491.t1;Augustus},{GeneMark_model.543_t;GeneMark}
69672	69811	internal+	3	1	{GlimmerHMM_glimmerT_504-T1;GlimmerHMM},{Augustus_model.g491.t1;Augustus},{GeneMark_model.543_t;GeneMark}
69812	69870	INTRON			{GlimmerHMM_glimmerT_504-T1;GlimmerHMM},{Augustus_model.g491.t1;Augustus},{GeneMark_model.543_t;GeneMark}
69871	70016	internal+	2	3	{GlimmerHMM_glimmerT_504-T1;GlimmerHMM},{Augustus_model.g491.t1;Augustus},{GeneMark_model.543_t;GeneMark}
70017	70076	INTRON			{GlimmerHMM_glimmerT_504-T1;GlimmerHMM},{Augustus_model.g491.t1;Augustus},{GeneMark_model.543_t;GeneMark}
70077	70223	internal+	1	3	{GlimmerHMM_glimmerT_504-T1;GlimmerHMM},{Augustus_model.g491.t1;Augustus},{GeneMark_model.543_t;GeneMark}
70224	70469	INTRON			{GlimmerHMM_glimmerT_504-T1;GlimmerHMM},{Augustus_model.g491.t1;Augustus}
70470	70562	internal+	1	3	{GlimmerHMM_glimmerT_504-T1;GlimmerHMM},{Augustus_model.g491.t1;Augustus},{GeneMark_model.543_t;GeneMark}
70563	70631	INTRON			{Augustus_model.g491.t1;Augustus},{GeneMark_model.543_t;GeneMark}
70632	70670	internal+	1	3	{Augustus_model.g491.t1;Augustus},{GeneMark_model.543_t;GeneMark}
70671	70742	INTRON			{Augustus_model.g491.t1;Augustus},{GeneMark_model.543_t;GeneMark}
70743	70862	internal+	1	3	{GlimmerHMM_glimmerT_504-T1;GlimmerHMM},{Augustus_model.g491.t1;Augustus},{GeneMark_model.543_t;GeneMark}
70863	70920	INTRON			{GlimmerHMM_glimmerT_504-T1;GlimmerHMM},{Augustus_model.g491.t1;Augustus},{GeneMark_model.543_t;GeneMark}
70921	71002	internal+	1	1	{Augustus_model.g491.t1;Augustus},{GeneMark_model.543_t;GeneMark}
71003	71062	INTRON			{Augustus_model.g491.t1;Augustus},{GeneMark_model.543_t;GeneMark}
71063	71113	internal+	2	1	{Augustus_model.g491.t1;Augustus},{GeneMark_model.543_t;GeneMark}
71114	71886	INTRON			{Augustus_model.g491.t1;Augustus},{GeneMark_model.543_t;GeneMark}
71887	72128	internal+	2	3	{Augustus_model.g491.t1;Augustus},{GeneMark_model.543_t;GeneMark}
72129	72203	INTRON			{Augustus_model.g491.t1;Augustus},{GeneMark_model.543_t;GeneMark}
72204	72386	internal+	1	3	{Augustus_model.g491.t1;Augustus},{GeneMark_model.543_t;GeneMark}
72387	72452	INTRON			{GlimmerHMM_glimmerT_504-T1;GlimmerHMM},{Augustus_model.g491.t1;Augustus},{GeneMark_model.543_t;GeneMark}
72453	72787	internal+	1	2	{GlimmerHMM_glimmerT_504-T1;GlimmerHMM},{Augustus_model.g491.t1;Augustus},{GeneMark_model.543_t;GeneMark}
72788	72873	INTRON			{GlimmerHMM_glimmerT_504-T1;GlimmerHMM},{Augustus_model.g491.t1;Augustus},{GeneMark_model.543_t;GeneMark}
72874	72982	terminal+	3	3	{GlimmerHMM_glimmerT_504-T1;GlimmerHMM},{Augustus_model.g491.t1;Augustus},{GeneMark_model.543_t;GeneMark}

# EVM prediction: Mode:STANDARD S-ratio: 3.20 73058-74795 orient(-) score(5397.00) noncoding_equivalent(1687.08) raw_noncoding(2191.00) offset(503.92) 
73702	73058	terminal-	4	6	{snap_scaffold_1-snap.571-T1;snap},{Augustus_model.g492.t1;Augustus},{GlimmerHMM_glimmerT_505-T1;GlimmerHMM},{GeneMark_model.544_t;GeneMark}
73766	73703	INTRON			{Augustus_model.g492.t1;Augustus},{GlimmerHMM_glimmerT_505-T1;GlimmerHMM},{GeneMark_model.544_t;GeneMark}
73884	73767	internal-	6	6	{Augustus_model.g492.t1;Augustus},{GlimmerHMM_glimmerT_505-T1;GlimmerHMM},{GeneMark_model.544_t;GeneMark}
73954	73885	INTRON			{Augustus_model.g492.t1;Augustus},{GlimmerHMM_glimmerT_505-T1;GlimmerHMM},{GeneMark_model.544_t;GeneMark}
74273	73955	internal-	5	5	{GlimmerHMM_glimmerT_505-T1;GlimmerHMM},{GeneMark_model.544_t;GeneMark}
74337	74274	INTRON			{GeneMark_model.544_t;GeneMark}
74488	74338	internal-	4	4	{GeneMark_model.544_t;GeneMark}
74576	74489	INTRON			{GlimmerHMM_glimmerT_505-T1;GlimmerHMM},{GeneMark_model.544_t;GeneMark}
74795	74577	initial-	4	6	{Augustus_model.g492.t1;Augustus},{GlimmerHMM_glimmerT_505-T1;GlimmerHMM},{GeneMark_model.544_t;GeneMark}

# EVM prediction: Mode:STANDARD S-ratio: 2.26 75059-76825 orient(-) score(6702.00) noncoding_equivalent(2959.00) raw_noncoding(4435.00) offset(1476.00) 
75133	75059	terminal-	4	6	{GlimmerHMM_glimmerT_506-T1;GlimmerHMM},{GeneMark_model.545_t;GeneMark},{Augustus_model.g493.t1;Augustus}
75202	75134	INTRON			{GlimmerHMM_glimmerT_506-T1;GlimmerHMM},{GeneMark_model.545_t;GeneMark},{Augustus_model.g493.t1;Augustus},{ev_type:exonerate/ID=match.2566964.371/Target=lcl|PJQD01000085_1_prot_POY71194_1_6061;exonerate}
75492	75203	internal-	5	6	{GlimmerHMM_glimmerT_506-T1;GlimmerHMM},{GeneMark_model.545_t;GeneMark},{Augustus_model.g493.t1;Augustus},{ev_type:exonerate/ID=match.2566964.371/Target=lcl|PJQD01000085_1_prot_POY71194_1_6061;exonerate}
75577	75493	INTRON			{GlimmerHMM_glimmerT_506-T1;GlimmerHMM},{GeneMark_model.545_t;GeneMark},{Augustus_model.g493.t1;Augustus},{ev_type:exonerate/ID=match.2566964.796/Target=lcl|KQ954466_1_prot_KWU46913_1_1002;exonerate},{ev_type:exonerate/ID=match.2566964.371/Target=lcl|PJQD01000085_1_prot_POY71194_1_6061;exonerate}
75706	75578	internal-	5	4	{GlimmerHMM_glimmerT_506-T1;GlimmerHMM},{GeneMark_model.545_t;GeneMark},{Augustus_model.g493.t1;Augustus},{ev_type:exonerate/ID=match.2566964.796/Target=lcl|KQ954466_1_prot_KWU46913_1_1002;exonerate},{ev_type:exonerate/ID=match.2566964.371/Target=lcl|PJQD01000085_1_prot_POY71194_1_6061;exonerate}
75777	75707	INTRON			{GlimmerHMM_glimmerT_506-T1;GlimmerHMM},{GeneMark_model.545_t;GeneMark},{Augustus_model.g493.t1;Augustus},{ev_type:exonerate/ID=match.2566964.796/Target=lcl|KQ954466_1_prot_KWU46913_1_1002;exonerate},{ev_type:exonerate/ID=match.2566964.371/Target=lcl|PJQD01000085_1_prot_POY71194_1_6061;exonerate}
75929	75778	internal-	6	4	{GlimmerHMM_glimmerT_506-T1;GlimmerHMM},{GeneMark_model.545_t;GeneMark},{Augustus_model.g493.t1;Augustus},{ev_type:exonerate/ID=match.2566964.796/Target=lcl|KQ954466_1_prot_KWU46913_1_1002;exonerate},{ev_type:exonerate/ID=match.2566964.371/Target=lcl|PJQD01000085_1_prot_POY71194_1_6061;exonerate}
76212	75930	INTRON			{GlimmerHMM_glimmerT_506-T1;GlimmerHMM},{Augustus_model.g493.t1;Augustus},{ev_type:exonerate/ID=match.2566964.796/Target=lcl|KQ954466_1_prot_KWU46913_1_1002;exonerate},{ev_type:exonerate/ID=match.2566964.371/Target=lcl|PJQD01000085_1_prot_POY71194_1_6061;exonerate}
76348	76213	internal-	5	5	{GlimmerHMM_glimmerT_506-T1;GlimmerHMM},{Augustus_model.g493.t1;Augustus}
76803	76349	INTRON			{GlimmerHMM_glimmerT_506-T1;GlimmerHMM},{GeneMark_model.545_t;GeneMark}
76825	76804	initial-	4	4	{GlimmerHMM_glimmerT_506-T1;GlimmerHMM},{GeneMark_model.545_t;GeneMark}

# EVM prediction: Mode:STANDARD S-ratio: 5.47 76874-79158 orient(+) score(8223.00) noncoding_equivalent(1504.44) raw_noncoding(1674.44) offset(170.00) 
76874	78132	initial+	1	2	{GeneMark_model.546_t;GeneMark},{Augustus_model.g494.t1;Augustus}
78133	78212	INTRON			{GeneMark_model.546_t;GeneMark},{GlimmerHMM_glimmerT_507-T1;GlimmerHMM},{Augustus_model.g494.t1;Augustus}
78213	78314	internal+	3	2	{GeneMark_model.546_t;GeneMark},{GlimmerHMM_glimmerT_507-T1;GlimmerHMM},{Augustus_model.g494.t1;Augustus}
78315	78392	INTRON			{GeneMark_model.546_t;GeneMark},{GlimmerHMM_glimmerT_507-T1;GlimmerHMM},{Augustus_model.g494.t1;Augustus}
78393	78888	internal+	3	3	{GeneMark_model.546_t;GeneMark},{GlimmerHMM_glimmerT_507-T1;GlimmerHMM},{Augustus_model.g494.t1;Augustus}
78889	78960	INTRON			{snap_scaffold_1-snap.573-T1;snap},{GeneMark_model.546_t;GeneMark},{GlimmerHMM_glimmerT_507-T1;GlimmerHMM},{Augustus_model.g494.t1;Augustus}
78961	79158	terminal+	1	3	{snap_scaffold_1-snap.573-T1;snap},{GeneMark_model.546_t;GeneMark},{GlimmerHMM_glimmerT_507-T1;GlimmerHMM},{Augustus_model.g494.t1;Augustus}

# EVM prediction: Mode:STANDARD S-ratio: 4.35 79384-80128 orient(-) score(2527.00) noncoding_equivalent(581.20) raw_noncoding(838.00) offset(256.80) 
79426	79384	terminal-	6	6	{GlimmerHMM_glimmerT_508-T1;GlimmerHMM},{GeneMark_model.547_t;GeneMark}
79504	79427	INTRON			{GlimmerHMM_glimmerT_508-T1;GlimmerHMM},{GeneMark_model.547_t;GeneMark}
79517	79505	internal-	5	5	{GlimmerHMM_glimmerT_508-T1;GlimmerHMM},{GeneMark_model.547_t;GeneMark}
79597	79518	INTRON			{GlimmerHMM_glimmerT_508-T1;GlimmerHMM},{GeneMark_model.547_t;GeneMark}
79628	79598	internal-	4	4	{Augustus_model.g495.t1;Augustus},{GlimmerHMM_glimmerT_508-T1;GlimmerHMM},{GeneMark_model.547_t;GeneMark}
79696	79629	INTRON			{Augustus_model.g495.t1;Augustus},{GlimmerHMM_glimmerT_508-T1;GlimmerHMM},{GeneMark_model.547_t;GeneMark}
80128	79697	initial-	4	6	{Augustus_model.g495.t1;Augustus},{GlimmerHMM_glimmerT_508-T1;GlimmerHMM},{GeneMark_model.547_t;GeneMark}

# EVM prediction: Mode:STANDARD S-ratio: 3.05 80788-81580 orient(+) score(3154.00) noncoding_equivalent(1033.98) raw_noncoding(1427.89) offset(393.91) 
80788	80893	initial+	1	1	{Augustus_model.g496.t1;Augustus},{GlimmerHMM_glimmerT_509-T1;GlimmerHMM}
80894	80956	INTRON			{GeneMark_model.548_t;GeneMark},{Augustus_model.g496.t1;Augustus},{GlimmerHMM_glimmerT_509-T1;GlimmerHMM},{ev_type:exonerate/ID=match.2566964.454/Target=lcl|PJQD01000085_1_prot_POY71197_1_6064;exonerate}
80957	81069	internal+	2	3	{GeneMark_model.548_t;GeneMark},{Augustus_model.g496.t1;Augustus},{ev_type:exonerate/ID=match.2566964.454/Target=lcl|PJQD01000085_1_prot_POY71197_1_6064;exonerate}
81070	81139	INTRON			{GeneMark_model.548_t;GeneMark},{Augustus_model.g496.t1;Augustus},{ev_type:exonerate/ID=match.2566964.454/Target=lcl|PJQD01000085_1_prot_POY71197_1_6064;exonerate}
81140	81152	internal+	1	1	{GeneMark_model.548_t;GeneMark},{Augustus_model.g496.t1;Augustus},{ev_type:exonerate/ID=match.2566964.454/Target=lcl|PJQD01000085_1_prot_POY71197_1_6064;exonerate}
81153	81210	INTRON			{GeneMark_model.548_t;GeneMark},{Augustus_model.g496.t1;Augustus},{ev_type:exonerate/ID=match.2566964.454/Target=lcl|PJQD01000085_1_prot_POY71197_1_6064;exonerate}
81211	81330	internal+	2	1	{GeneMark_model.548_t;GeneMark},{Augustus_model.g496.t1;Augustus},{GlimmerHMM_glimmerT_509-T1;GlimmerHMM},{ev_type:exonerate/ID=match.2566964.454/Target=lcl|PJQD01000085_1_prot_POY71197_1_6064;exonerate}
81331	81398	INTRON			{GeneMark_model.548_t;GeneMark},{Augustus_model.g496.t1;Augustus},{GlimmerHMM_glimmerT_509-T1;GlimmerHMM},{ev_type:exonerate/ID=match.2566964.454/Target=lcl|PJQD01000085_1_prot_POY71197_1_6064;exonerate}
81399	81580	terminal+	2	3	{GeneMark_model.548_t;GeneMark},{Augustus_model.g496.t1;Augustus},{GlimmerHMM_glimmerT_509-T1;GlimmerHMM}

# EVM prediction: Mode:STANDARD S-ratio: 6.91 81818-83080 orient(-) score(4201.00) noncoding_equivalent(608.23) raw_noncoding(970.25) offset(362.01) 
82885	81818	terminal-	4	6	{GeneMark_model.549_t;GeneMark},{snap_scaffold_1-snap.576-T1;snap}
82961	82886	INTRON			{GeneMark_model.549_t;GeneMark}
83003	82962	internal-	4	6	{GeneMark_model.549_t;GeneMark}
83050	83004	INTRON			{GeneMark_model.549_t;GeneMark}
83080	83051	initial-	4	6	{GeneMark_model.549_t;GeneMark}

# EVM prediction: Mode:STANDARD S-ratio: 3.75 87190-90827 orient(-) score(19977.00) noncoding_equivalent(5327.00) raw_noncoding(6197.00) offset(870.00) 
87498	87190	terminal-	4	6	{GlimmerHMM_glimmerT_512-T1;GlimmerHMM},{GeneMark_model.552_t;GeneMark},{HiQ_model.g498.t1;HiQ}
87584	87499	INTRON			{GlimmerHMM_glimmerT_512-T1;GlimmerHMM},{GeneMark_model.552_t;GeneMark},{HiQ_model.g498.t1;HiQ},{ev_type:exonerate/ID=match.2566964.45/Target=lcl|PJQD01000085_1_prot_POY71201_1_6068;exonerate}
87934	87585	internal-	5	6	{GlimmerHMM_glimmerT_512-T1;GlimmerHMM},{GeneMark_model.552_t;GeneMark},{HiQ_model.g498.t1;HiQ},{ev_type:exonerate/ID=match.2566964.45/Target=lcl|PJQD01000085_1_prot_POY71201_1_6068;exonerate}
88007	87935	INTRON			{GlimmerHMM_glimmerT_512-T1;GlimmerHMM},{GeneMark_model.552_t;GeneMark},{HiQ_model.g498.t1;HiQ},{ev_type:exonerate/ID=match.2566964.45/Target=lcl|PJQD01000085_1_prot_POY71201_1_6068;exonerate}
88151	88008	internal-	5	4	{GlimmerHMM_glimmerT_512-T1;GlimmerHMM},{GeneMark_model.552_t;GeneMark},{HiQ_model.g498.t1;HiQ},{ev_type:exonerate/ID=match.2566964.45/Target=lcl|PJQD01000085_1_prot_POY71201_1_6068;exonerate}
88220	88152	INTRON			{GlimmerHMM_glimmerT_512-T1;GlimmerHMM},{GeneMark_model.552_t;GeneMark},{HiQ_model.g498.t1;HiQ},{ev_type:exonerate/ID=match.2566964.45/Target=lcl|PJQD01000085_1_prot_POY71201_1_6068;exonerate}
89069	88221	internal-	5	4	{GlimmerHMM_glimmerT_512-T1;GlimmerHMM},{GeneMark_model.552_t;GeneMark},{HiQ_model.g498.t1;HiQ},{ev_type:exonerate/ID=match.2566964.45/Target=lcl|PJQD01000085_1_prot_POY71201_1_6068;exonerate}
89132	89070	INTRON			{GlimmerHMM_glimmerT_512-T1;GlimmerHMM},{GeneMark_model.552_t;GeneMark},{HiQ_model.g498.t1;HiQ},{ev_type:exonerate/ID=match.2566964.45/Target=lcl|PJQD01000085_1_prot_POY71201_1_6068;exonerate}
89294	89133	internal-	5	4	{GlimmerHMM_glimmerT_512-T1;GlimmerHMM},{GeneMark_model.552_t;GeneMark},{HiQ_model.g498.t1;HiQ},{ev_type:exonerate/ID=match.2566964.45/Target=lcl|PJQD01000085_1_prot_POY71201_1_6068;exonerate}
89362	89295	INTRON			{GlimmerHMM_glimmerT_512-T1;GlimmerHMM},{GeneMark_model.552_t;GeneMark},{HiQ_model.g498.t1;HiQ},{ev_type:exonerate/ID=match.2566964.45/Target=lcl|PJQD01000085_1_prot_POY71201_1_6068;exonerate}
89507	89363	internal-	4	4	{GlimmerHMM_glimmerT_512-T1;GlimmerHMM},{GeneMark_model.552_t;GeneMark},{HiQ_model.g498.t1;HiQ},{ev_type:exonerate/ID=match.2566964.45/Target=lcl|PJQD01000085_1_prot_POY71201_1_6068;exonerate}
89571	89508	INTRON			{GlimmerHMM_glimmerT_512-T1;GlimmerHMM},{GeneMark_model.552_t;GeneMark},{HiQ_model.g498.t1;HiQ},{ev_type:exonerate/ID=match.2566964.45/Target=lcl|PJQD01000085_1_prot_POY71201_1_6068;exonerate}
89905	89572	internal-	6	6	{GlimmerHMM_glimmerT_512-T1;GlimmerHMM},{GeneMark_model.552_t;GeneMark},{HiQ_model.g498.t1;HiQ},{ev_type:exonerate/ID=match.2566964.45/Target=lcl|PJQD01000085_1_prot_POY71201_1_6068;exonerate}
89973	89906	INTRON			{GlimmerHMM_glimmerT_512-T1;GlimmerHMM},{GeneMark_model.552_t;GeneMark},{HiQ_model.g498.t1;HiQ},{ev_type:exonerate/ID=match.2566964.45/Target=lcl|PJQD01000085_1_prot_POY71201_1_6068;exonerate}
90055	89974	internal-	5	5	{GlimmerHMM_glimmerT_512-T1;GlimmerHMM},{GeneMark_model.552_t;GeneMark},{HiQ_model.g498.t1;HiQ},{ev_type:exonerate/ID=match.2566964.45/Target=lcl|PJQD01000085_1_prot_POY71201_1_6068;exonerate}
90118	90056	INTRON			{GlimmerHMM_glimmerT_512-T1;GlimmerHMM},{GeneMark_model.552_t;GeneMark},{HiQ_model.g498.t1;HiQ},{ev_type:exonerate/ID=match.2566964.45/Target=lcl|PJQD01000085_1_prot_POY71201_1_6068;exonerate}
90827	90119	initial-	4	4	{GlimmerHMM_glimmerT_512-T1;GlimmerHMM},{GeneMark_model.552_t;GeneMark},{HiQ_model.g498.t1;HiQ}

# EVM prediction: Mode:STANDARD S-ratio: 1.96 91100-93957 orient(+) score(7884.00) noncoding_equivalent(4014.13) raw_noncoding(5622.93) offset(1608.80) 
91100	91142	initial+	1	1	{GeneMark_model.553_t;GeneMark}
91143	91218	INTRON			{GeneMark_model.553_t;GeneMark}
91219	91455	internal+	2	1	{GeneMark_model.553_t;GeneMark}
91456	91543	INTRON			{GeneMark_model.553_t;GeneMark},{GlimmerHMM_glimmerT_513-T1;GlimmerHMM}
91544	91765	internal+	2	1	{Augustus_model.g499.t1;Augustus},{GeneMark_model.553_t;GeneMark},{GlimmerHMM_glimmerT_513-T1;GlimmerHMM}
91766	91843	INTRON			{Augustus_model.g499.t1;Augustus},{GeneMark_model.553_t;GeneMark}
91844	91866	internal+	2	3	{Augustus_model.g499.t1;Augustus},{GeneMark_model.553_t;GeneMark}
91867	91962	INTRON			{Augustus_model.g499.t1;Augustus},{GeneMark_model.553_t;GeneMark}
91963	92100	internal+	1	3	{Augustus_model.g499.t1;Augustus},{GeneMark_model.553_t;GeneMark}
92101	92189	INTRON			{Augustus_model.g499.t1;Augustus},{GeneMark_model.553_t;GeneMark},{GlimmerHMM_glimmerT_513-T1;GlimmerHMM}
92190	92279	internal+	1	3	{Augustus_model.g499.t1;Augustus},{GeneMark_model.553_t;GeneMark}
92280	92388	INTRON			{Augustus_model.g499.t1;Augustus},{GeneMark_model.553_t;GeneMark}
92389	92463	internal+	1	3	{Augustus_model.g499.t1;Augustus},{GeneMark_model.553_t;GeneMark}
92464	92529	INTRON			{Augustus_model.g499.t1;Augustus},{GeneMark_model.553_t;GeneMark}
92530	92584	internal+	1	1	{Augustus_model.g499.t1;Augustus},{GeneMark_model.553_t;GeneMark}
92585	92670	INTRON			{Augustus_model.g499.t1;Augustus},{GeneMark_model.553_t;GeneMark}
92671	93009	internal+	2	1	{Augustus_model.g499.t1;Augustus},{GeneMark_model.553_t;GeneMark}
93010	93070	INTRON			{Augustus_model.g499.t1;Augustus},{GeneMark_model.553_t;GeneMark},{GlimmerHMM_glimmerT_514-T1;GlimmerHMM}
93071	93087	internal+	2	3	{Augustus_model.g499.t1;Augustus},{GeneMark_model.553_t;GeneMark},{GlimmerHMM_glimmerT_514-T1;GlimmerHMM}
93088	93158	INTRON			{Augustus_model.g499.t1;Augustus},{GeneMark_model.553_t;GeneMark}
93159	93182	internal+	1	3	{Augustus_model.g499.t1;Augustus},{GeneMark_model.553_t;GeneMark}
93183	93250	INTRON			{Augustus_model.g499.t1;Augustus},{GeneMark_model.553_t;GeneMark}
93251	93574	internal+	1	3	{Augustus_model.g499.t1;Augustus},{GeneMark_model.553_t;GeneMark},{GlimmerHMM_glimmerT_514-T1;GlimmerHMM}
93575	93658	INTRON			{Augustus_model.g499.t1;Augustus},{GeneMark_model.553_t;GeneMark},{GlimmerHMM_glimmerT_514-T1;GlimmerHMM}
93659	93711	internal+	1	2	{Augustus_model.g499.t1;Augustus},{GeneMark_model.553_t;GeneMark},{GlimmerHMM_glimmerT_514-T1;GlimmerHMM}
93712	93797	INTRON			{Augustus_model.g499.t1;Augustus},{GeneMark_model.553_t;GeneMark},{GlimmerHMM_glimmerT_514-T1;GlimmerHMM}
93798	93957	terminal+	3	3	{Augustus_model.g499.t1;Augustus},{GeneMark_model.553_t;GeneMark},{GlimmerHMM_glimmerT_514-T1;GlimmerHMM}

# EVM prediction: Mode:STANDARD S-ratio: 2.16 94121-98944 orient(-) score(14161.00) noncoding_equivalent(6563.05) raw_noncoding(8937.00) offset(2373.95) 
94211	94121	terminal-	6	6	{Augustus_model.g500.t1;Augustus},{GeneMark_model.554_t;GeneMark},{GlimmerHMM_glimmerT_515-T1;GlimmerHMM}
94279	94212	INTRON			{Augustus_model.g500.t1;Augustus},{GeneMark_model.554_t;GeneMark}
94397	94280	internal-	5	5	{Augustus_model.g500.t1;Augustus},{GeneMark_model.554_t;GeneMark}
94465	94398	INTRON			{Augustus_model.g500.t1;Augustus},{GeneMark_model.554_t;GeneMark}
94485	94466	internal-	6	4	{Augustus_model.g500.t1;Augustus},{GeneMark_model.554_t;GeneMark}
94553	94486	INTRON			{Augustus_model.g500.t1;Augustus},{GeneMark_model.554_t;GeneMark}
95174	94554	internal-	6	5	{Augustus_model.g500.t1;Augustus},{GeneMark_model.554_t;GeneMark},{GlimmerHMM_glimmerT_515-T1;GlimmerHMM}
95233	95175	INTRON			{Augustus_model.g500.t1;Augustus},{GeneMark_model.554_t;GeneMark},{GlimmerHMM_glimmerT_515-T1;GlimmerHMM}
95333	95234	internal-	5	5	{Augustus_model.g500.t1;Augustus},{GeneMark_model.554_t;GeneMark},{GlimmerHMM_glimmerT_515-T1;GlimmerHMM}
95396	95334	INTRON			{Augustus_model.g500.t1;Augustus},{GeneMark_model.554_t;GeneMark},{GlimmerHMM_glimmerT_515-T1;GlimmerHMM}
95528	95397	internal-	5	4	{Augustus_model.g500.t1;Augustus},{GeneMark_model.554_t;GeneMark},{GlimmerHMM_glimmerT_515-T1;GlimmerHMM}
95588	95529	INTRON			{Augustus_model.g500.t1;Augustus},{GeneMark_model.554_t;GeneMark},{GlimmerHMM_glimmerT_515-T1;GlimmerHMM}
95698	95589	internal-	6	4	{Augustus_model.g500.t1;Augustus},{GeneMark_model.554_t;GeneMark},{GlimmerHMM_glimmerT_515-T1;GlimmerHMM}
95775	95699	INTRON			{Augustus_model.g500.t1;Augustus},{GeneMark_model.554_t;GeneMark}
95830	95776	internal-	5	5	{Augustus_model.g500.t1;Augustus},{GeneMark_model.554_t;GeneMark}
95899	95831	INTRON			{Augustus_model.g500.t1;Augustus},{GeneMark_model.554_t;GeneMark}
95950	95900	internal-	5	4	{Augustus_model.g500.t1;Augustus},{GeneMark_model.554_t;GeneMark}
96006	95951	INTRON			{Augustus_model.g500.t1;Augustus},{GeneMark_model.554_t;GeneMark}
96042	96007	internal-	5	4	{GeneMark_model.554_t;GeneMark}
96106	96043	INTRON			{GeneMark_model.554_t;GeneMark}
96150	96107	internal-	6	4	{GeneMark_model.554_t;GeneMark}
96216	96151	INTRON			{Augustus_model.g500.t1;Augustus},{GeneMark_model.554_t;GeneMark}
96318	96217	internal-	6	5	{Augustus_model.g500.t1;Augustus},{GeneMark_model.554_t;GeneMark}
96389	96319	INTRON			{Augustus_model.g500.t1;Augustus},{GeneMark_model.554_t;GeneMark}
96449	96390	internal-	6	5	{Augustus_model.g500.t1;Augustus},{GeneMark_model.554_t;GeneMark}
96507	96450	INTRON			{Augustus_model.g500.t1;Augustus},{GeneMark_model.554_t;GeneMark}
96637	96508	internal-	5	5	{Augustus_model.g500.t1;Augustus},{GeneMark_model.554_t;GeneMark}
96699	96638	INTRON			{Augustus_model.g500.t1;Augustus},{GeneMark_model.554_t;GeneMark},{GlimmerHMM_glimmerT_515-T1;GlimmerHMM}
96782	96700	internal-	6	4	{Augustus_model.g500.t1;Augustus},{GeneMark_model.554_t;GeneMark},{GlimmerHMM_glimmerT_515-T1;GlimmerHMM}
96846	96783	INTRON			{Augustus_model.g500.t1;Augustus},{GeneMark_model.554_t;GeneMark},{GlimmerHMM_glimmerT_515-T1;GlimmerHMM}
97045	96847	internal-	5	5	{Augustus_model.g500.t1;Augustus},{GeneMark_model.554_t;GeneMark},{GlimmerHMM_glimmerT_515-T1;GlimmerHMM}
97105	97046	INTRON			{Augustus_model.g500.t1;Augustus},{GeneMark_model.554_t;GeneMark},{GlimmerHMM_glimmerT_515-T1;GlimmerHMM}
97233	97106	internal-	6	4	{Augustus_model.g500.t1;Augustus},{GeneMark_model.554_t;GeneMark},{GlimmerHMM_glimmerT_515-T1;GlimmerHMM}
97295	97234	INTRON			{Augustus_model.g500.t1;Augustus},{GeneMark_model.554_t;GeneMark},{GlimmerHMM_glimmerT_515-T1;GlimmerHMM}
97391	97296	internal-	6	5	{Augustus_model.g500.t1;Augustus},{GeneMark_model.554_t;GeneMark},{GlimmerHMM_glimmerT_515-T1;GlimmerHMM}
97457	97392	INTRON			{Augustus_model.g500.t1;Augustus},{GeneMark_model.554_t;GeneMark},{GlimmerHMM_glimmerT_515-T1;GlimmerHMM}
97687	97458	internal-	4	5	{Augustus_model.g500.t1;Augustus},{GeneMark_model.554_t;GeneMark},{GlimmerHMM_glimmerT_515-T1;GlimmerHMM}
97755	97688	INTRON			{Augustus_model.g500.t1;Augustus},{GeneMark_model.554_t;GeneMark},{GlimmerHMM_glimmerT_515-T1;GlimmerHMM}
97892	97756	internal-	5	6	{Augustus_model.g500.t1;Augustus},{GeneMark_model.554_t;GeneMark},{GlimmerHMM_glimmerT_515-T1;GlimmerHMM}
97952	97893	INTRON			{Augustus_model.g500.t1;Augustus},{GeneMark_model.554_t;GeneMark},{GlimmerHMM_glimmerT_515-T1;GlimmerHMM}
98038	97953	internal-	6	4	{Augustus_model.g500.t1;Augustus},{GeneMark_model.554_t;GeneMark},{GlimmerHMM_glimmerT_515-T1;GlimmerHMM}
98099	98039	INTRON			{Augustus_model.g500.t1;Augustus},{GeneMark_model.554_t;GeneMark},{GlimmerHMM_glimmerT_515-T1;GlimmerHMM}
98243	98100	internal-	6	5	{Augustus_model.g500.t1;Augustus},{GeneMark_model.554_t;GeneMark},{GlimmerHMM_glimmerT_515-T1;GlimmerHMM}
98300	98244	INTRON			{Augustus_model.g500.t1;Augustus},{GeneMark_model.554_t;GeneMark},{GlimmerHMM_glimmerT_515-T1;GlimmerHMM}
98314	98301	internal-	4	5	{Augustus_model.g500.t1;Augustus},{GeneMark_model.554_t;GeneMark},{GlimmerHMM_glimmerT_515-T1;GlimmerHMM}
98379	98315	INTRON			{Augustus_model.g500.t1;Augustus},{GeneMark_model.554_t;GeneMark},{GlimmerHMM_glimmerT_515-T1;GlimmerHMM}
98514	98380	internal-	4	6	{Augustus_model.g500.t1;Augustus},{GeneMark_model.554_t;GeneMark},{GlimmerHMM_glimmerT_515-T1;GlimmerHMM}
98575	98515	INTRON			{Augustus_model.g500.t1;Augustus},{GeneMark_model.554_t;GeneMark}
98635	98576	internal-	4	6	{Augustus_model.g500.t1;Augustus},{GeneMark_model.554_t;GeneMark}
98704	98636	INTRON			{Augustus_model.g500.t1;Augustus},{GeneMark_model.554_t;GeneMark}
98944	98705	initial-	4	6	{GeneMark_model.554_t;GeneMark}

# EVM prediction: Mode:STANDARD S-ratio: 1.69 99142-100397 orient(-) score(3403.00) noncoding_equivalent(2012.09) raw_noncoding(2571.08) offset(558.99) 
99199	99142	terminal-	6	6	{GeneMark_model.555_t;GeneMark}
99285	99200	INTRON			{GeneMark_model.555_t;GeneMark}
99549	99286	internal-	6	5	{GeneMark_model.555_t;GeneMark},{Augustus_model.g500.t1;Augustus}
99620	99550	INTRON			{GeneMark_model.555_t;GeneMark},{Augustus_model.g500.t1;Augustus},{GlimmerHMM_glimmerT_515-T1;GlimmerHMM}
99744	99621	internal-	5	5	{GeneMark_model.555_t;GeneMark},{Augustus_model.g500.t1;Augustus},{GlimmerHMM_glimmerT_515-T1;GlimmerHMM}
99807	99745	INTRON			{GeneMark_model.555_t;GeneMark},{Augustus_model.g500.t1;Augustus},{GlimmerHMM_glimmerT_515-T1;GlimmerHMM}
99930	99808	internal-	5	4	{GeneMark_model.555_t;GeneMark},{Augustus_model.g500.t1;Augustus},{GlimmerHMM_glimmerT_515-T1;GlimmerHMM}
100021	99931	INTRON			{GeneMark_model.555_t;GeneMark},{Augustus_model.g500.t1;Augustus},{GlimmerHMM_glimmerT_515-T1;GlimmerHMM}
100232	100022	internal-	4	4	{GeneMark_model.555_t;GeneMark},{Augustus_model.g500.t1;Augustus},{GlimmerHMM_glimmerT_515-T1;GlimmerHMM}
100295	100233	INTRON			{GeneMark_model.555_t;GeneMark},{Augustus_model.g500.t1;Augustus},{GlimmerHMM_glimmerT_515-T1;GlimmerHMM}
100397	100296	initial-	4	6	{GeneMark_model.555_t;GeneMark},{GlimmerHMM_glimmerT_515-T1;GlimmerHMM}

# EVM prediction: Mode:STANDARD S-ratio: 0.93 100718-101123 orient(-) score(700.00) noncoding_equivalent(751.45) raw_noncoding(1013.10) offset(261.65) 
101023	100718	terminal-	4	6	{GeneMark_model.556_t;GeneMark}
101111	101024	INTRON			{GeneMark_model.556_t;GeneMark}
101123	101112	initial-	4	6	{GeneMark_model.556_t;GeneMark},{GlimmerHMM_glimmerT_516-T1;GlimmerHMM}

# EVM prediction: Mode:STANDARD S-ratio: 2.08 101844-103630 orient(+) score(5815.00) noncoding_equivalent(2792.20) raw_noncoding(3398.00) offset(605.80) 
101844	101933	initial+	1	3	{GlimmerHMM_glimmerT_517-T1;GlimmerHMM},{GeneMark_model.557_t;GeneMark},{Augustus_model.g501.t1;Augustus}
101934	102000	INTRON			{GlimmerHMM_glimmerT_517-T1;GlimmerHMM},{GeneMark_model.557_t;GeneMark},{Augustus_model.g501.t1;Augustus}
102001	102283	internal+	1	1	{GlimmerHMM_glimmerT_517-T1;GlimmerHMM},{GeneMark_model.557_t;GeneMark},{Augustus_model.g501.t1;Augustus}
102284	102476	INTRON			{GlimmerHMM_glimmerT_517-T1;GlimmerHMM},{GeneMark_model.557_t;GeneMark},{Augustus_model.g501.t1;Augustus}
102477	102692	internal+	2	1	{GlimmerHMM_glimmerT_517-T1;GlimmerHMM},{GeneMark_model.557_t;GeneMark},{Augustus_model.g501.t1;Augustus}
102693	102828	INTRON			{GlimmerHMM_glimmerT_517-T1;GlimmerHMM},{GeneMark_model.557_t;GeneMark},{Augustus_model.g501.t1;Augustus}
102829	102965	internal+	2	3	{GlimmerHMM_glimmerT_517-T1;GlimmerHMM},{GeneMark_model.557_t;GeneMark},{Augustus_model.g501.t1;Augustus}
102966	103056	INTRON			{GlimmerHMM_glimmerT_517-T1;GlimmerHMM},{GeneMark_model.557_t;GeneMark},{Augustus_model.g501.t1;Augustus}
103057	103135	internal+	1	1	{GlimmerHMM_glimmerT_517-T1;GlimmerHMM},{GeneMark_model.557_t;GeneMark},{Augustus_model.g501.t1;Augustus}
103136	103219	INTRON			{GlimmerHMM_glimmerT_517-T1;GlimmerHMM},{GeneMark_model.557_t;GeneMark},{Augustus_model.g501.t1;Augustus}
103220	103301	internal+	2	2	{GlimmerHMM_glimmerT_517-T1;GlimmerHMM},{GeneMark_model.557_t;GeneMark},{Augustus_model.g501.t1;Augustus}
103302	103368	INTRON			{GlimmerHMM_glimmerT_517-T1;GlimmerHMM},{GeneMark_model.557_t;GeneMark},{Augustus_model.g501.t1;Augustus}
103369	103489	internal+	3	3	{GlimmerHMM_glimmerT_517-T1;GlimmerHMM},{GeneMark_model.557_t;GeneMark},{Augustus_model.g501.t1;Augustus}
103490	103597	INTRON			{GlimmerHMM_glimmerT_517-T1;GlimmerHMM},{GeneMark_model.557_t;GeneMark},{Augustus_model.g501.t1;Augustus}
103598	103630	terminal+	1	3	{GlimmerHMM_glimmerT_517-T1;GlimmerHMM},{GeneMark_model.557_t;GeneMark},{Augustus_model.g501.t1;Augustus}

# EVM prediction: Mode:STANDARD S-ratio: 2.67 103774-104688 orient(-) score(2839.00) noncoding_equivalent(1061.86) raw_noncoding(1366.24) offset(304.38) 
103797	103774	terminal-	4	6	{GeneMark_model.558_t;GeneMark},{Augustus_model.g502.t1;Augustus}
103872	103798	INTRON			{GeneMark_model.558_t;GeneMark},{Augustus_model.g502.t1;Augustus}
104119	103873	internal-	6	6	{GeneMark_model.558_t;GeneMark},{Augustus_model.g502.t1;Augustus}
104180	104120	INTRON			{GlimmerHMM_glimmerT_518-T1;GlimmerHMM},{GeneMark_model.558_t;GeneMark},{Augustus_model.g502.t1;Augustus}
104419	104181	internal-	4	5	{GeneMark_model.558_t;GeneMark},{Augustus_model.g502.t1;Augustus}
104473	104420	INTRON			{GeneMark_model.558_t;GeneMark},{Augustus_model.g502.t1;Augustus}
104536	104474	internal-	4	6	{GeneMark_model.558_t;GeneMark},{Augustus_model.g502.t1;Augustus}
104601	104537	INTRON			{GlimmerHMM_glimmerT_518-T1;GlimmerHMM},{GeneMark_model.558_t;GeneMark},{Augustus_model.g502.t1;Augustus}
104688	104602	initial-	4	6	{GlimmerHMM_glimmerT_518-T1;GlimmerHMM},{GeneMark_model.558_t;GeneMark},{Augustus_model.g502.t1;Augustus}

# EVM prediction: Mode:STANDARD S-ratio: 1.87 105047-106956 orient(-) score(5545.00) noncoding_equivalent(2962.07) raw_noncoding(3922.99) offset(960.92) 
105113	105047	terminal-	6	6	{GeneMark_model.559_t;GeneMark},{GlimmerHMM_glimmerT_519-T1;GlimmerHMM},{Augustus_model.g503.t1;Augustus}
105190	105114	INTRON			{GeneMark_model.559_t;GeneMark},{GlimmerHMM_glimmerT_519-T1;GlimmerHMM},{Augustus_model.g503.t1;Augustus}
105281	105191	internal-	5	5	{GeneMark_model.559_t;GeneMark},{GlimmerHMM_glimmerT_519-T1;GlimmerHMM},{Augustus_model.g503.t1;Augustus}
105347	105282	INTRON			{GeneMark_model.559_t;GeneMark},{Augustus_model.g503.t1;Augustus}
105392	105348	internal-	5	4	{GeneMark_model.559_t;GeneMark},{Augustus_model.g503.t1;Augustus}
105455	105393	INTRON			{GeneMark_model.559_t;GeneMark},{Augustus_model.g503.t1;Augustus}
105485	105456	internal-	5	4	{GeneMark_model.559_t;GeneMark},{GlimmerHMM_glimmerT_519-T1;GlimmerHMM},{Augustus_model.g503.t1;Augustus}
105558	105486	INTRON			{GeneMark_model.559_t;GeneMark},{GlimmerHMM_glimmerT_519-T1;GlimmerHMM},{Augustus_model.g503.t1;Augustus}
105643	105559	internal-	4	4	{GeneMark_model.559_t;GeneMark},{GlimmerHMM_glimmerT_519-T1;GlimmerHMM},{Augustus_model.g503.t1;Augustus}
105713	105644	INTRON			{GeneMark_model.559_t;GeneMark},{GlimmerHMM_glimmerT_519-T1;GlimmerHMM},{Augustus_model.g503.t1;Augustus}
105877	105714	internal-	5	6	{GeneMark_model.559_t;GeneMark},{GlimmerHMM_glimmerT_519-T1;GlimmerHMM},{Augustus_model.g503.t1;Augustus}
105957	105878	INTRON			{GeneMark_model.559_t;GeneMark},{GlimmerHMM_glimmerT_519-T1;GlimmerHMM},{Augustus_model.g503.t1;Augustus}
106201	105958	internal-	4	4	{GeneMark_model.559_t;GeneMark},{GlimmerHMM_glimmerT_519-T1;GlimmerHMM},{Augustus_model.g503.t1;Augustus}
106314	106202	INTRON			{GeneMark_model.559_t;GeneMark},{GlimmerHMM_glimmerT_519-T1;GlimmerHMM},{Augustus_model.g503.t1;Augustus}
106324	106315	internal-	6	6	{GeneMark_model.559_t;GeneMark},{GlimmerHMM_glimmerT_519-T1;GlimmerHMM},{Augustus_model.g503.t1;Augustus}
106399	106325	INTRON			{GeneMark_model.559_t;GeneMark},{GlimmerHMM_glimmerT_519-T1;GlimmerHMM},{Augustus_model.g503.t1;Augustus}
106593	106400	internal-	4	5	{Augustus_model.g503.t1;Augustus}
106633	106594	INTRON			{Augustus_model.g503.t1;Augustus}
106742	106634	internal-	6	6	{Augustus_model.g503.t1;Augustus}
106894	106743	INTRON			{GeneMark_model.559_t;GeneMark},{Augustus_model.g503.t1;Augustus}
106956	106895	initial-	4	5	{GeneMark_model.559_t;GeneMark},{GlimmerHMM_glimmerT_519-T1;GlimmerHMM},{Augustus_model.g503.t1;Augustus}

# EVM prediction: Mode:STANDARD S-ratio: 1.76 107251-109409 orient(+) score(5938.00) noncoding_equivalent(3374.64) raw_noncoding(4301.00) offset(926.36) 
107251	107491	initial+	1	1	{Augustus_model.g504.t1;Augustus},{GlimmerHMM_glimmerT_520-T1;GlimmerHMM}
107492	107563	INTRON			{Augustus_model.g504.t1;Augustus},{GlimmerHMM_glimmerT_520-T1;GlimmerHMM},{GeneMark_model.560_t;GeneMark}
107564	107627	internal+	2	2	{Augustus_model.g504.t1;Augustus},{GeneMark_model.560_t;GeneMark}
107628	107693	INTRON			{Augustus_model.g504.t1;Augustus},{GeneMark_model.560_t;GeneMark}
107694	107737	internal+	3	1	{Augustus_model.g504.t1;Augustus},{GeneMark_model.560_t;GeneMark}
107738	107805	INTRON			{Augustus_model.g504.t1;Augustus},{GeneMark_model.560_t;GeneMark}
107806	107848	internal+	2	2	{Augustus_model.g504.t1;Augustus},{GeneMark_model.560_t;GeneMark}
107849	107917	INTRON			{Augustus_model.g504.t1;Augustus},{GeneMark_model.560_t;GeneMark}
107918	107951	internal+	3	3	{Augustus_model.g504.t1;Augustus},{GeneMark_model.560_t;GeneMark}
107952	108028	INTRON			{Augustus_model.g504.t1;Augustus},{GeneMark_model.560_t;GeneMark}
108029	108244	internal+	1	3	{Augustus_model.g504.t1;Augustus},{GlimmerHMM_glimmerT_520-T1;GlimmerHMM},{GeneMark_model.560_t;GeneMark}
108245	108311	INTRON			{Augustus_model.g504.t1;Augustus},{GlimmerHMM_glimmerT_520-T1;GlimmerHMM},{GeneMark_model.560_t;GeneMark}
108312	108523	internal+	1	2	{GlimmerHMM_glimmerT_520-T1;GlimmerHMM},{GeneMark_model.560_t;GeneMark}
108524	108600	INTRON			{Augustus_model.g504.t1;Augustus},{GlimmerHMM_glimmerT_520-T1;GlimmerHMM},{GeneMark_model.560_t;GeneMark}
108601	109100	internal+	3	1	{Augustus_model.g504.t1;Augustus},{GlimmerHMM_glimmerT_520-T1;GlimmerHMM},{GeneMark_model.560_t;GeneMark}
109101	109164	INTRON			{Augustus_model.g504.t1;Augustus},{GlimmerHMM_glimmerT_520-T1;GlimmerHMM},{GeneMark_model.560_t;GeneMark}
109165	109221	internal+	2	1	{Augustus_model.g504.t1;Augustus},{GlimmerHMM_glimmerT_520-T1;GlimmerHMM},{GeneMark_model.560_t;GeneMark}
109222	109290	INTRON			{Augustus_model.g504.t1;Augustus},{GlimmerHMM_glimmerT_520-T1;GlimmerHMM},{GeneMark_model.560_t;GeneMark}
109291	109409	terminal+	2	3	{Augustus_model.g504.t1;Augustus},{GlimmerHMM_glimmerT_520-T1;GlimmerHMM},{GeneMark_model.560_t;GeneMark}

# EVM prediction: Mode:STANDARD S-ratio: 2.58 109523-112055 orient(-) score(9007.00) noncoding_equivalent(3486.19) raw_noncoding(4399.53) offset(913.34) 
109921	109523	terminal-	4	6	{GlimmerHMM_glimmerT_521-T1;GlimmerHMM},{snap_scaffold_1-snap.590-T1;snap},{GeneMark_model.561_t;GeneMark}
110030	109922	INTRON			{GlimmerHMM_glimmerT_521-T1;GlimmerHMM},{GeneMark_model.561_t;GeneMark},{Augustus_model.g505.t1;Augustus}
110355	110031	internal-	6	6	{GlimmerHMM_glimmerT_521-T1;GlimmerHMM},{GeneMark_model.561_t;GeneMark},{Augustus_model.g505.t1;Augustus}
110439	110356	INTRON			{GlimmerHMM_glimmerT_521-T1;GlimmerHMM},{GeneMark_model.561_t;GeneMark},{Augustus_model.g505.t1;Augustus}
110484	110440	internal-	6	5	{GlimmerHMM_glimmerT_521-T1;GlimmerHMM},{GeneMark_model.561_t;GeneMark},{Augustus_model.g505.t1;Augustus}
110576	110485	INTRON			{GlimmerHMM_glimmerT_521-T1;GlimmerHMM},{GeneMark_model.561_t;GeneMark},{Augustus_model.g505.t1;Augustus}
110668	110577	internal-	4	5	{GlimmerHMM_glimmerT_521-T1;GlimmerHMM},{GeneMark_model.561_t;GeneMark},{Augustus_model.g505.t1;Augustus}
110735	110669	INTRON			{GlimmerHMM_glimmerT_521-T1;GlimmerHMM},{GeneMark_model.561_t;GeneMark},{Augustus_model.g505.t1;Augustus}
111015	110736	internal-	6	6	{GlimmerHMM_glimmerT_521-T1;GlimmerHMM},{GeneMark_model.561_t;GeneMark},{Augustus_model.g505.t1;Augustus}
111085	111016	INTRON			{GlimmerHMM_glimmerT_521-T1;GlimmerHMM},{GeneMark_model.561_t;GeneMark},{Augustus_model.g505.t1;Augustus}
111397	111086	internal-	6	5	{GlimmerHMM_glimmerT_521-T1;GlimmerHMM},{GeneMark_model.561_t;GeneMark},{Augustus_model.g505.t1;Augustus}
111463	111398	INTRON			{GlimmerHMM_glimmerT_521-T1;GlimmerHMM},{GeneMark_model.561_t;GeneMark},{snap_scaffold_1-snap.591-T1;snap},{Augustus_model.g505.t1;Augustus},{ev_type:exonerate/ID=match.2566964.786/Target=lcl|NW_017264928_1_prot_XP_018274294_1_354;exonerate},{ev_type:exonerate/ID=match.2566964.352/Target=lcl|KQ954466_1_prot_KWU46927_1_1016;exonerate}
111534	111464	internal-	4	5	{GlimmerHMM_glimmerT_521-T1;GlimmerHMM},{GeneMark_model.561_t;GeneMark},{Augustus_model.g505.t1;Augustus},{ev_type:exonerate/ID=match.2566964.786/Target=lcl|NW_017264928_1_prot_XP_018274294_1_354;exonerate},{ev_type:exonerate/ID=match.2566964.352/Target=lcl|KQ954466_1_prot_KWU46927_1_1016;exonerate}
111596	111535	INTRON			{GlimmerHMM_glimmerT_521-T1;GlimmerHMM},{GeneMark_model.561_t;GeneMark},{Augustus_model.g505.t1;Augustus},{ev_type:exonerate/ID=match.2566964.786/Target=lcl|NW_017264928_1_prot_XP_018274294_1_354;exonerate},{ev_type:exonerate/ID=match.2566964.352/Target=lcl|KQ954466_1_prot_KWU46927_1_1016;exonerate}
111709	111597	internal-	5	6	{GlimmerHMM_glimmerT_521-T1;GlimmerHMM},{GeneMark_model.561_t;GeneMark},{Augustus_model.g505.t1;Augustus},{ev_type:exonerate/ID=match.2566964.786/Target=lcl|NW_017264928_1_prot_XP_018274294_1_354;exonerate},{ev_type:exonerate/ID=match.2566964.352/Target=lcl|KQ954466_1_prot_KWU46927_1_1016;exonerate}
111774	111710	INTRON			{GeneMark_model.561_t;GeneMark},{Augustus_model.g505.t1;Augustus},{ev_type:exonerate/ID=match.2566964.786/Target=lcl|NW_017264928_1_prot_XP_018274294_1_354;exonerate},{ev_type:exonerate/ID=match.2566964.352/Target=lcl|KQ954466_1_prot_KWU46927_1_1016;exonerate}
111950	111775	internal-	6	4	{Augustus_model.g505.t1;Augustus}
112044	111951	INTRON			{Augustus_model.g505.t1;Augustus}
112055	112045	initial-	4	5	{GeneMark_model.561_t;GeneMark},{Augustus_model.g505.t1;Augustus}

# EVM prediction: Mode:STANDARD S-ratio: 6.23 112223-113641 orient(+) score(4376.00) noncoding_equivalent(702.68) raw_noncoding(1334.56) offset(631.88) 
112223	112240	initial+	1	3	{Augustus_model.g506.t1;Augustus}
112241	112394	INTRON			{Augustus_model.g506.t1;Augustus}
112395	112414	internal+	1	2	{Augustus_model.g506.t1;Augustus}
112415	112557	INTRON			{Augustus_model.g506.t1;Augustus}
112558	113199	internal+	3	2	{GeneMark_model.562_t;GeneMark}
113200	113289	INTRON			{GlimmerHMM_glimmerT_522-T1;GlimmerHMM},{GeneMark_model.562_t;GeneMark}
113290	113641	terminal+	3	3	{GlimmerHMM_glimmerT_522-T1;GlimmerHMM},{GeneMark_model.562_t;GeneMark}

# EVM prediction: Mode:STANDARD S-ratio: 2.88 115348-117726 orient(+) score(9255.00) noncoding_equivalent(3212.10) raw_noncoding(4101.04) offset(888.94) 
115348	115640	initial+	1	2	{GeneMark_model.563_t;GeneMark},{GlimmerHMM_glimmerT_523-T1;GlimmerHMM}
115641	115735	INTRON			{Augustus_model.g506.t1;Augustus},{GeneMark_model.563_t;GeneMark},{GlimmerHMM_glimmerT_523-T1;GlimmerHMM}
115736	116172	internal+	3	1	{Augustus_model.g506.t1;Augustus},{GeneMark_model.563_t;GeneMark},{GlimmerHMM_glimmerT_523-T1;GlimmerHMM}
116173	116237	INTRON			{Augustus_model.g506.t1;Augustus},{GeneMark_model.563_t;GeneMark},{GlimmerHMM_glimmerT_523-T1;GlimmerHMM},{ev_type:exonerate/ID=match.2566964.217/Target=lcl|KQ954466_1_prot_KWU46921_1_1010;exonerate}
116238	116319	internal+	2	2	{Augustus_model.g506.t1;Augustus},{GeneMark_model.563_t;GeneMark},{GlimmerHMM_glimmerT_523-T1;GlimmerHMM},{ev_type:exonerate/ID=match.2566964.217/Target=lcl|KQ954466_1_prot_KWU46921_1_1010;exonerate}
116320	116381	INTRON			{Augustus_model.g506.t1;Augustus},{GeneMark_model.563_t;GeneMark},{GlimmerHMM_glimmerT_523-T1;GlimmerHMM},{ev_type:exonerate/ID=match.2566964.217/Target=lcl|KQ954466_1_prot_KWU46921_1_1010;exonerate}
116382	116563	internal+	3	1	{Augustus_model.g506.t1;Augustus},{GeneMark_model.563_t;GeneMark},{GlimmerHMM_glimmerT_523-T1;GlimmerHMM},{ev_type:exonerate/ID=match.2566964.217/Target=lcl|KQ954466_1_prot_KWU46921_1_1010;exonerate}
116564	116633	INTRON			{Augustus_model.g506.t1;Augustus},{GeneMark_model.563_t;GeneMark},{GlimmerHMM_glimmerT_523-T1;GlimmerHMM},{ev_type:exonerate/ID=match.2566964.217/Target=lcl|KQ954466_1_prot_KWU46921_1_1010;exonerate}
116634	116754	internal+	2	2	{Augustus_model.g506.t1;Augustus},{GeneMark_model.563_t;GeneMark},{GlimmerHMM_glimmerT_523-T1;GlimmerHMM},{ev_type:exonerate/ID=match.2566964.217/Target=lcl|KQ954466_1_prot_KWU46921_1_1010;exonerate}
116755	116826	INTRON			{Augustus_model.g506.t1;Augustus},{GeneMark_model.563_t;GeneMark},{GlimmerHMM_glimmerT_523-T1;GlimmerHMM},{ev_type:exonerate/ID=match.2566964.217/Target=lcl|KQ954466_1_prot_KWU46921_1_1010;exonerate}
116827	116910	internal+	3	2	{Augustus_model.g506.t1;Augustus},{GeneMark_model.563_t;GeneMark},{GlimmerHMM_glimmerT_523-T1;GlimmerHMM},{ev_type:exonerate/ID=match.2566964.217/Target=lcl|KQ954466_1_prot_KWU46921_1_1010;exonerate}
116911	116978	INTRON			{Augustus_model.g506.t1;Augustus},{GeneMark_model.563_t;GeneMark},{GlimmerHMM_glimmerT_523-T1;GlimmerHMM},{ev_type:exonerate/ID=match.2566964.217/Target=lcl|KQ954466_1_prot_KWU46921_1_1010;exonerate}
116979	117129	internal+	3	3	{Augustus_model.g506.t1;Augustus},{GeneMark_model.563_t;GeneMark},{ev_type:exonerate/ID=match.2566964.217/Target=lcl|KQ954466_1_prot_KWU46921_1_1010;exonerate}
117130	117197	INTRON			{Augustus_model.g506.t1;Augustus},{GeneMark_model.563_t;GeneMark},{ev_type:exonerate/ID=match.2566964.217/Target=lcl|KQ954466_1_prot_KWU46921_1_1010;exonerate}
117198	117255	internal+	1	1	{Augustus_model.g506.t1;Augustus},{GeneMark_model.563_t;GeneMark},{ev_type:exonerate/ID=match.2566964.217/Target=lcl|KQ954466_1_prot_KWU46921_1_1010;exonerate}
117256	117320	INTRON			{Augustus_model.g506.t1;Augustus},{GeneMark_model.563_t;GeneMark},{ev_type:exonerate/ID=match.2566964.217/Target=lcl|KQ954466_1_prot_KWU46921_1_1010;exonerate}
117321	117398	internal+	2	1	{Augustus_model.g506.t1;Augustus},{GeneMark_model.563_t;GeneMark},{ev_type:exonerate/ID=match.2566964.217/Target=lcl|KQ954466_1_prot_KWU46921_1_1010;exonerate}
117399	117492	INTRON			{Augustus_model.g506.t1;Augustus},{GeneMark_model.563_t;GeneMark},{ev_type:exonerate/ID=match.2566964.217/Target=lcl|KQ954466_1_prot_KWU46921_1_1010;exonerate}
117493	117558	internal+	2	1	{Augustus_model.g506.t1;Augustus},{GeneMark_model.563_t;GeneMark},{GlimmerHMM_glimmerT_524-T1;GlimmerHMM},{ev_type:exonerate/ID=match.2566964.217/Target=lcl|KQ954466_1_prot_KWU46921_1_1010;exonerate}
117559	117631	INTRON			{Augustus_model.g506.t1;Augustus},{GeneMark_model.563_t;GeneMark},{GlimmerHMM_glimmerT_524-T1;GlimmerHMM},{ev_type:exonerate/ID=match.2566964.217/Target=lcl|KQ954466_1_prot_KWU46921_1_1010;exonerate}
117632	117726	terminal+	2	3	{Augustus_model.g506.t1;Augustus},{GeneMark_model.563_t;GeneMark},{GlimmerHMM_glimmerT_524-T1;GlimmerHMM}

# EVM prediction: Mode:STANDARD S-ratio: 12.03 119392-123898 orient(-) score(16876.00) noncoding_equivalent(1403.30) raw_noncoding(1492.00) offset(88.70) 
120234	119392	terminal-	4	6	{Augustus_model.g507.t1;Augustus},{GlimmerHMM_glimmerT_526-T1;GlimmerHMM},{GeneMark_model.565_t;GeneMark}
120299	120235	INTRON			{Augustus_model.g507.t1;Augustus},{GlimmerHMM_glimmerT_526-T1;GlimmerHMM},{GeneMark_model.565_t;GeneMark}
123722	120300	internal-	4	6	{Augustus_model.g507.t1;Augustus},{GlimmerHMM_glimmerT_526-T1;GlimmerHMM},{GeneMark_model.565_t;GeneMark}
123787	123723	INTRON			{Augustus_model.g507.t1;Augustus},{GlimmerHMM_glimmerT_526-T1;GlimmerHMM},{GeneMark_model.565_t;GeneMark}
123898	123788	initial-	4	6	{Augustus_model.g507.t1;Augustus},{GlimmerHMM_glimmerT_526-T1;GlimmerHMM},{GeneMark_model.565_t;GeneMark}

# EVM prediction: Mode:STANDARD S-ratio: 21.87 125018-127009 orient(-) score(7742.00) noncoding_equivalent(354.00) raw_noncoding(399.00) offset(45.00) 
125177	125018	terminal-	6	6	{GeneMark_model.566_t;GeneMark},{Augustus_model.g508.t1;Augustus},{GlimmerHMM_glimmerT_527-T1;GlimmerHMM}
125243	125178	INTRON			{GeneMark_model.566_t;GeneMark},{Augustus_model.g508.t1;Augustus},{GlimmerHMM_glimmerT_527-T1;GlimmerHMM}
127009	125244	initial-	4	5	{GeneMark_model.566_t;GeneMark},{GlimmerHMM_glimmerT_527-T1;GlimmerHMM}

# EVM prediction: Mode:STANDARD S-ratio: 20.83 129320-131253 orient(-) score(62616.00) noncoding_equivalent(3005.85) raw_noncoding(4040.00) offset(1034.15) 
129382	129320	terminal-	4	6	{GeneMark_model.567_t;GeneMark},{HiQ_model.g509.t1;HiQ},{GlimmerHMM_glimmerT_528-T1;GlimmerHMM}
129449	129383	INTRON			{GeneMark_model.567_t;GeneMark},{HiQ_model.g509.t1;HiQ},{GlimmerHMM_glimmerT_528-T1;GlimmerHMM},{ev_type:exonerate/ID=match.2566964.174/Target=EF1A_CRYNB;exonerate},{ev_type:exonerate/ID=match.2566964.146/Target=lcl|KQ954581_1_prot_KWU41000_1_6637;exonerate},{ev_type:exonerate/ID=match.2566964.182/Target=EF1A_BLAAD;exonerate},{ev_type:exonerate/ID=match.2566964.184/Target=EF1A_NEUCR;exonerate},{ev_type:exonerate/ID=match.2566964.186/Target=EF1A_PSECR;exonerate},{ev_type:exonerate/ID=match.2566964.181/Target=EF1A1_MUCCL;exonerate},{ev_type:exonerate/ID=match.2566964.170/Target=EF1A1_CANAL;exonerate},{ev_type:exonerate/ID=match.2566964.179/Target=EF1A_YARLI;exonerate},{ev_type:exonerate/ID=match.2566964.363/Target=lcl|KQ954581_1_prot_KWU41002_1_6639;exonerate},{ev_type:exonerate/ID=match.2566964.171/Target=EF1A2_CANAL;exonerate},{ev_type:exonerate/ID=match.2566964.189/Target=EF1A_EREGS;exonerate},{ev_type:exonerate/ID=match.2566964.145/Target=lcl|LCTV02000002_1_prot_PRQ77275_1_4325;exonerate},{ev_type:exonerate/ID=match.2566964.193/Target=EF1A_HYPJE;exonerate},{ev_type:exonerate/ID=match.2566964.175/Target=EF1A_CRYNJ;exonerate},{ev_type:exonerate/ID=match.2566964.188/Target=EF1A3_MUCCL;exonerate},{ev_type:exonerate/ID=match.2566964.191/Target=EF1A_SORMA;exonerate},{ev_type:exonerate/ID=match.2566964.173/Target=EF1A_ASPOR;exonerate},{ev_type:exonerate/ID=match.2566964.147/Target=lcl|PJQD01000115_1_prot_POY70578_1_395;exonerate},{ev_type:exonerate/ID=match.2566964.177/Target=EF1A_SERIN;exonerate},{ev_type:exonerate/ID=match.2566964.172/Target=EF1A_PUCGR;exonerate},{ev_type:exonerate/ID=match.2566964.183/Target=EF1A_AURPU;exonerate},{ev_type:exonerate/ID=match.2566964.185/Target=EF1A_YEAST;exonerate},{ev_type:exonerate/ID=match.2566964.176/Target=EF1A_PICGU;exonerate},{ev_type:exonerate/ID=match.2566964.169/Target=EF1A_ABSGL;exonerate},{ev_type:exonerate/ID=match.2566964.152/Target=lcl|NW_017264928_1_prot_XP_018273963_1_23;exonerate},{ev_type:exonerate/ID=match.2566964.187/Target=EF1A_PODAS;exonerate},{ev_type:exonerate/ID=match.2566964.180/Target=EF1A2_MUCCL;exonerate},{ev_type:exonerate/ID=match.2566964.167/Target=EF1A_SCHCO;exonerate},{ev_type:exonerate/ID=match.2566964.149/Target=lcl|BJWK01000019_1_prot_GEM12121_1_6138;exonerate}
129569	129450	internal-	4	6	{GeneMark_model.567_t;GeneMark},{HiQ_model.g509.t1;HiQ},{GlimmerHMM_glimmerT_528-T1;GlimmerHMM},{ev_type:exonerate/ID=match.2566964.174/Target=EF1A_CRYNB;exonerate},{ev_type:exonerate/ID=match.2566964.146/Target=lcl|KQ954581_1_prot_KWU41000_1_6637;exonerate},{ev_type:exonerate/ID=match.2566964.182/Target=EF1A_BLAAD;exonerate},{ev_type:exonerate/ID=match.2566964.184/Target=EF1A_NEUCR;exonerate},{ev_type:exonerate/ID=match.2566964.186/Target=EF1A_PSECR;exonerate},{ev_type:exonerate/ID=match.2566964.181/Target=EF1A1_MUCCL;exonerate},{ev_type:exonerate/ID=match.2566964.170/Target=EF1A1_CANAL;exonerate},{ev_type:exonerate/ID=match.2566964.179/Target=EF1A_YARLI;exonerate},{ev_type:exonerate/ID=match.2566964.363/Target=lcl|KQ954581_1_prot_KWU41002_1_6639;exonerate},{ev_type:exonerate/ID=match.2566964.171/Target=EF1A2_CANAL;exonerate},{ev_type:exonerate/ID=match.2566964.189/Target=EF1A_EREGS;exonerate},{ev_type:exonerate/ID=match.2566964.145/Target=lcl|LCTV02000002_1_prot_PRQ77275_1_4325;exonerate},{ev_type:exonerate/ID=match.2566964.193/Target=EF1A_HYPJE;exonerate},{ev_type:exonerate/ID=match.2566964.175/Target=EF1A_CRYNJ;exonerate},{ev_type:exonerate/ID=match.2566964.188/Target=EF1A3_MUCCL;exonerate},{ev_type:exonerate/ID=match.2566964.191/Target=EF1A_SORMA;exonerate},{ev_type:exonerate/ID=match.2566964.173/Target=EF1A_ASPOR;exonerate},{ev_type:exonerate/ID=match.2566964.147/Target=lcl|PJQD01000115_1_prot_POY70578_1_395;exonerate},{ev_type:exonerate/ID=match.2566964.177/Target=EF1A_SERIN;exonerate},{ev_type:exonerate/ID=match.2566964.172/Target=EF1A_PUCGR;exonerate},{ev_type:exonerate/ID=match.2566964.183/Target=EF1A_AURPU;exonerate},{ev_type:exonerate/ID=match.2566964.185/Target=EF1A_YEAST;exonerate},{ev_type:exonerate/ID=match.2566964.176/Target=EF1A_PICGU;exonerate},{ev_type:exonerate/ID=match.2566964.169/Target=EF1A_ABSGL;exonerate},{ev_type:exonerate/ID=match.2566964.152/Target=lcl|NW_017264928_1_prot_XP_018273963_1_23;exonerate},{ev_type:exonerate/ID=match.2566964.187/Target=EF1A_PODAS;exonerate},{ev_type:exonerate/ID=match.2566964.180/Target=EF1A2_MUCCL;exonerate},{ev_type:exonerate/ID=match.2566964.167/Target=EF1A_SCHCO;exonerate},{ev_type:exonerate/ID=match.2566964.149/Target=lcl|BJWK01000019_1_prot_GEM12121_1_6138;exonerate}
129633	129570	INTRON			{GeneMark_model.567_t;GeneMark},{HiQ_model.g509.t1;HiQ},{GlimmerHMM_glimmerT_528-T1;GlimmerHMM},{ev_type:exonerate/ID=match.2566964.174/Target=EF1A_CRYNB;exonerate},{ev_type:exonerate/ID=match.2566964.146/Target=lcl|KQ954581_1_prot_KWU41000_1_6637;exonerate},{ev_type:exonerate/ID=match.2566964.182/Target=EF1A_BLAAD;exonerate},{ev_type:exonerate/ID=match.2566964.184/Target=EF1A_NEUCR;exonerate},{ev_type:exonerate/ID=match.2566964.186/Target=EF1A_PSECR;exonerate},{ev_type:exonerate/ID=match.2566964.181/Target=EF1A1_MUCCL;exonerate},{ev_type:exonerate/ID=match.2566964.170/Target=EF1A1_CANAL;exonerate},{ev_type:exonerate/ID=match.2566964.179/Target=EF1A_YARLI;exonerate},{ev_type:exonerate/ID=match.2566964.363/Target=lcl|KQ954581_1_prot_KWU41002_1_6639;exonerate},{ev_type:exonerate/ID=match.2566964.171/Target=EF1A2_CANAL;exonerate},{ev_type:exonerate/ID=match.2566964.189/Target=EF1A_EREGS;exonerate},{ev_type:exonerate/ID=match.2566964.145/Target=lcl|LCTV02000002_1_prot_PRQ77275_1_4325;exonerate},{ev_type:exonerate/ID=match.2566964.193/Target=EF1A_HYPJE;exonerate},{ev_type:exonerate/ID=match.2566964.175/Target=EF1A_CRYNJ;exonerate},{ev_type:exonerate/ID=match.2566964.188/Target=EF1A3_MUCCL;exonerate},{ev_type:exonerate/ID=match.2566964.191/Target=EF1A_SORMA;exonerate},{ev_type:exonerate/ID=match.2566964.173/Target=EF1A_ASPOR;exonerate},{ev_type:exonerate/ID=match.2566964.147/Target=lcl|PJQD01000115_1_prot_POY70578_1_395;exonerate},{ev_type:exonerate/ID=match.2566964.177/Target=EF1A_SERIN;exonerate},{ev_type:exonerate/ID=match.2566964.172/Target=EF1A_PUCGR;exonerate},{ev_type:exonerate/ID=match.2566964.183/Target=EF1A_AURPU;exonerate},{ev_type:exonerate/ID=match.2566964.185/Target=EF1A_YEAST;exonerate},{ev_type:exonerate/ID=match.2566964.176/Target=EF1A_PICGU;exonerate},{ev_type:exonerate/ID=match.2566964.169/Target=EF1A_ABSGL;exonerate},{ev_type:exonerate/ID=match.2566964.152/Target=lcl|NW_017264928_1_prot_XP_018273963_1_23;exonerate},{ev_type:exonerate/ID=match.2566964.187/Target=EF1A_PODAS;exonerate},{ev_type:exonerate/ID=match.2566964.180/Target=EF1A2_MUCCL;exonerate},{ev_type:exonerate/ID=match.2566964.167/Target=EF1A_SCHCO;exonerate},{ev_type:exonerate/ID=match.2566964.149/Target=lcl|BJWK01000019_1_prot_GEM12121_1_6138;exonerate}
130089	129634	internal-	4	6	{GeneMark_model.567_t;GeneMark},{HiQ_model.g509.t1;HiQ},{GlimmerHMM_glimmerT_528-T1;GlimmerHMM},{ev_type:exonerate/ID=match.2566964.174/Target=EF1A_CRYNB;exonerate},{ev_type:exonerate/ID=match.2566964.146/Target=lcl|KQ954581_1_prot_KWU41000_1_6637;exonerate},{ev_type:exonerate/ID=match.2566964.182/Target=EF1A_BLAAD;exonerate},{ev_type:exonerate/ID=match.2566964.184/Target=EF1A_NEUCR;exonerate},{ev_type:exonerate/ID=match.2566964.186/Target=EF1A_PSECR;exonerate},{ev_type:exonerate/ID=match.2566964.181/Target=EF1A1_MUCCL;exonerate},{ev_type:exonerate/ID=match.2566964.170/Target=EF1A1_CANAL;exonerate},{ev_type:exonerate/ID=match.2566964.179/Target=EF1A_YARLI;exonerate},{ev_type:exonerate/ID=match.2566964.171/Target=EF1A2_CANAL;exonerate},{ev_type:exonerate/ID=match.2566964.189/Target=EF1A_EREGS;exonerate},{ev_type:exonerate/ID=match.2566964.145/Target=lcl|LCTV02000002_1_prot_PRQ77275_1_4325;exonerate},{ev_type:exonerate/ID=match.2566964.193/Target=EF1A_HYPJE;exonerate},{ev_type:exonerate/ID=match.2566964.175/Target=EF1A_CRYNJ;exonerate},{ev_type:exonerate/ID=match.2566964.188/Target=EF1A3_MUCCL;exonerate},{ev_type:exonerate/ID=match.2566964.191/Target=EF1A_SORMA;exonerate},{ev_type:exonerate/ID=match.2566964.173/Target=EF1A_ASPOR;exonerate},{ev_type:exonerate/ID=match.2566964.147/Target=lcl|PJQD01000115_1_prot_POY70578_1_395;exonerate},{ev_type:exonerate/ID=match.2566964.177/Target=EF1A_SERIN;exonerate},{ev_type:exonerate/ID=match.2566964.172/Target=EF1A_PUCGR;exonerate},{ev_type:exonerate/ID=match.2566964.183/Target=EF1A_AURPU;exonerate},{ev_type:exonerate/ID=match.2566964.185/Target=EF1A_YEAST;exonerate},{ev_type:exonerate/ID=match.2566964.176/Target=EF1A_PICGU;exonerate},{ev_type:exonerate/ID=match.2566964.169/Target=EF1A_ABSGL;exonerate},{ev_type:exonerate/ID=match.2566964.152/Target=lcl|NW_017264928_1_prot_XP_018273963_1_23;exonerate},{ev_type:exonerate/ID=match.2566964.187/Target=EF1A_PODAS;exonerate},{ev_type:exonerate/ID=match.2566964.180/Target=EF1A2_MUCCL;exonerate},{ev_type:exonerate/ID=match.2566964.167/Target=EF1A_SCHCO;exonerate},{ev_type:exonerate/ID=match.2566964.149/Target=lcl|BJWK01000019_1_prot_GEM12121_1_6138;exonerate}
130156	130090	INTRON			{GeneMark_model.567_t;GeneMark},{HiQ_model.g509.t1;HiQ},{GlimmerHMM_glimmerT_528-T1;GlimmerHMM},{ev_type:exonerate/ID=match.2566964.174/Target=EF1A_CRYNB;exonerate},{ev_type:exonerate/ID=match.2566964.146/Target=lcl|KQ954581_1_prot_KWU41000_1_6637;exonerate},{ev_type:exonerate/ID=match.2566964.182/Target=EF1A_BLAAD;exonerate},{ev_type:exonerate/ID=match.2566964.184/Target=EF1A_NEUCR;exonerate},{ev_type:exonerate/ID=match.2566964.186/Target=EF1A_PSECR;exonerate},{ev_type:exonerate/ID=match.2566964.181/Target=EF1A1_MUCCL;exonerate},{ev_type:exonerate/ID=match.2566964.170/Target=EF1A1_CANAL;exonerate},{ev_type:exonerate/ID=match.2566964.179/Target=EF1A_YARLI;exonerate},{ev_type:exonerate/ID=match.2566964.171/Target=EF1A2_CANAL;exonerate},{ev_type:exonerate/ID=match.2566964.189/Target=EF1A_EREGS;exonerate},{ev_type:exonerate/ID=match.2566964.145/Target=lcl|LCTV02000002_1_prot_PRQ77275_1_4325;exonerate},{ev_type:exonerate/ID=match.2566964.193/Target=EF1A_HYPJE;exonerate},{ev_type:exonerate/ID=match.2566964.175/Target=EF1A_CRYNJ;exonerate},{ev_type:exonerate/ID=match.2566964.188/Target=EF1A3_MUCCL;exonerate},{ev_type:exonerate/ID=match.2566964.191/Target=EF1A_SORMA;exonerate},{ev_type:exonerate/ID=match.2566964.173/Target=EF1A_ASPOR;exonerate},{ev_type:exonerate/ID=match.2566964.147/Target=lcl|PJQD01000115_1_prot_POY70578_1_395;exonerate},{ev_type:exonerate/ID=match.2566964.177/Target=EF1A_SERIN;exonerate},{ev_type:exonerate/ID=match.2566964.172/Target=EF1A_PUCGR;exonerate},{ev_type:exonerate/ID=match.2566964.183/Target=EF1A_AURPU;exonerate},{ev_type:exonerate/ID=match.2566964.185/Target=EF1A_YEAST;exonerate},{ev_type:exonerate/ID=match.2566964.176/Target=EF1A_PICGU;exonerate},{ev_type:exonerate/ID=match.2566964.169/Target=EF1A_ABSGL;exonerate},{ev_type:exonerate/ID=match.2566964.152/Target=lcl|NW_017264928_1_prot_XP_018273963_1_23;exonerate},{ev_type:exonerate/ID=match.2566964.187/Target=EF1A_PODAS;exonerate},{ev_type:exonerate/ID=match.2566964.180/Target=EF1A2_MUCCL;exonerate},{ev_type:exonerate/ID=match.2566964.167/Target=EF1A_SCHCO;exonerate},{ev_type:exonerate/ID=match.2566964.149/Target=lcl|BJWK01000019_1_prot_GEM12121_1_6138;exonerate}
130651	130157	internal-	4	6	{GeneMark_model.567_t;GeneMark},{HiQ_model.g509.t1;HiQ},{GlimmerHMM_glimmerT_528-T1;GlimmerHMM},{ev_type:exonerate/ID=match.2566964.174/Target=EF1A_CRYNB;exonerate},{ev_type:exonerate/ID=match.2566964.146/Target=lcl|KQ954581_1_prot_KWU41000_1_6637;exonerate},{ev_type:exonerate/ID=match.2566964.182/Target=EF1A_BLAAD;exonerate},{ev_type:exonerate/ID=match.2566964.184/Target=EF1A_NEUCR;exonerate},{ev_type:exonerate/ID=match.2566964.186/Target=EF1A_PSECR;exonerate},{ev_type:exonerate/ID=match.2566964.181/Target=EF1A1_MUCCL;exonerate},{ev_type:exonerate/ID=match.2566964.170/Target=EF1A1_CANAL;exonerate},{ev_type:exonerate/ID=match.2566964.179/Target=EF1A_YARLI;exonerate},{ev_type:exonerate/ID=match.2566964.171/Target=EF1A2_CANAL;exonerate},{ev_type:exonerate/ID=match.2566964.189/Target=EF1A_EREGS;exonerate},{ev_type:exonerate/ID=match.2566964.145/Target=lcl|LCTV02000002_1_prot_PRQ77275_1_4325;exonerate},{ev_type:exonerate/ID=match.2566964.193/Target=EF1A_HYPJE;exonerate},{ev_type:exonerate/ID=match.2566964.175/Target=EF1A_CRYNJ;exonerate},{ev_type:exonerate/ID=match.2566964.188/Target=EF1A3_MUCCL;exonerate},{ev_type:exonerate/ID=match.2566964.191/Target=EF1A_SORMA;exonerate},{ev_type:exonerate/ID=match.2566964.173/Target=EF1A_ASPOR;exonerate},{ev_type:exonerate/ID=match.2566964.147/Target=lcl|PJQD01000115_1_prot_POY70578_1_395;exonerate},{ev_type:exonerate/ID=match.2566964.177/Target=EF1A_SERIN;exonerate},{ev_type:exonerate/ID=match.2566964.172/Target=EF1A_PUCGR;exonerate},{ev_type:exonerate/ID=match.2566964.183/Target=EF1A_AURPU;exonerate},{ev_type:exonerate/ID=match.2566964.185/Target=EF1A_YEAST;exonerate},{ev_type:exonerate/ID=match.2566964.176/Target=EF1A_PICGU;exonerate},{ev_type:exonerate/ID=match.2566964.169/Target=EF1A_ABSGL;exonerate},{ev_type:exonerate/ID=match.2566964.152/Target=lcl|NW_017264928_1_prot_XP_018273963_1_23;exonerate},{ev_type:exonerate/ID=match.2566964.187/Target=EF1A_PODAS;exonerate},{ev_type:exonerate/ID=match.2566964.180/Target=EF1A2_MUCCL;exonerate},{ev_type:exonerate/ID=match.2566964.167/Target=EF1A_SCHCO;exonerate},{ev_type:exonerate/ID=match.2566964.149/Target=lcl|BJWK01000019_1_prot_GEM12121_1_6138;exonerate}
130724	130652	INTRON			{GeneMark_model.567_t;GeneMark},{HiQ_model.g509.t1;HiQ},{GlimmerHMM_glimmerT_528-T1;GlimmerHMM},{ev_type:exonerate/ID=match.2566964.174/Target=EF1A_CRYNB;exonerate},{ev_type:exonerate/ID=match.2566964.146/Target=lcl|KQ954581_1_prot_KWU41000_1_6637;exonerate},{ev_type:exonerate/ID=match.2566964.182/Target=EF1A_BLAAD;exonerate},{ev_type:exonerate/ID=match.2566964.184/Target=EF1A_NEUCR;exonerate},{ev_type:exonerate/ID=match.2566964.186/Target=EF1A_PSECR;exonerate},{ev_type:exonerate/ID=match.2566964.181/Target=EF1A1_MUCCL;exonerate},{ev_type:exonerate/ID=match.2566964.170/Target=EF1A1_CANAL;exonerate},{ev_type:exonerate/ID=match.2566964.179/Target=EF1A_YARLI;exonerate},{ev_type:exonerate/ID=match.2566964.171/Target=EF1A2_CANAL;exonerate},{ev_type:exonerate/ID=match.2566964.189/Target=EF1A_EREGS;exonerate},{ev_type:exonerate/ID=match.2566964.145/Target=lcl|LCTV02000002_1_prot_PRQ77275_1_4325;exonerate},{ev_type:exonerate/ID=match.2566964.193/Target=EF1A_HYPJE;exonerate},{ev_type:exonerate/ID=match.2566964.175/Target=EF1A_CRYNJ;exonerate},{ev_type:exonerate/ID=match.2566964.188/Target=EF1A3_MUCCL;exonerate},{ev_type:exonerate/ID=match.2566964.191/Target=EF1A_SORMA;exonerate},{ev_type:exonerate/ID=match.2566964.173/Target=EF1A_ASPOR;exonerate},{ev_type:exonerate/ID=match.2566964.147/Target=lcl|PJQD01000115_1_prot_POY70578_1_395;exonerate},{ev_type:exonerate/ID=match.2566964.177/Target=EF1A_SERIN;exonerate},{ev_type:exonerate/ID=match.2566964.172/Target=EF1A_PUCGR;exonerate},{ev_type:exonerate/ID=match.2566964.183/Target=EF1A_AURPU;exonerate},{ev_type:exonerate/ID=match.2566964.185/Target=EF1A_YEAST;exonerate},{ev_type:exonerate/ID=match.2566964.176/Target=EF1A_PICGU;exonerate},{ev_type:exonerate/ID=match.2566964.169/Target=EF1A_ABSGL;exonerate},{ev_type:exonerate/ID=match.2566964.152/Target=lcl|NW_017264928_1_prot_XP_018273963_1_23;exonerate},{ev_type:exonerate/ID=match.2566964.187/Target=EF1A_PODAS;exonerate},{ev_type:exonerate/ID=match.2566964.180/Target=EF1A2_MUCCL;exonerate},{ev_type:exonerate/ID=match.2566964.167/Target=EF1A_SCHCO;exonerate},{ev_type:exonerate/ID=match.2566964.149/Target=lcl|BJWK01000019_1_prot_GEM12121_1_6138;exonerate}
130822	130725	internal-	5	6	{GeneMark_model.567_t;GeneMark},{HiQ_model.g509.t1;HiQ},{GlimmerHMM_glimmerT_528-T1;GlimmerHMM},{ev_type:exonerate/ID=match.2566964.146/Target=lcl|KQ954581_1_prot_KWU41000_1_6637;exonerate},{ev_type:exonerate/ID=match.2566964.182/Target=EF1A_BLAAD;exonerate},{ev_type:exonerate/ID=match.2566964.184/Target=EF1A_NEUCR;exonerate},{ev_type:exonerate/ID=match.2566964.186/Target=EF1A_PSECR;exonerate},{ev_type:exonerate/ID=match.2566964.181/Target=EF1A1_MUCCL;exonerate},{ev_type:exonerate/ID=match.2566964.170/Target=EF1A1_CANAL;exonerate},{ev_type:exonerate/ID=match.2566964.171/Target=EF1A2_CANAL;exonerate},{ev_type:exonerate/ID=match.2566964.189/Target=EF1A_EREGS;exonerate},{ev_type:exonerate/ID=match.2566964.145/Target=lcl|LCTV02000002_1_prot_PRQ77275_1_4325;exonerate},{ev_type:exonerate/ID=match.2566964.193/Target=EF1A_HYPJE;exonerate},{ev_type:exonerate/ID=match.2566964.188/Target=EF1A3_MUCCL;exonerate},{ev_type:exonerate/ID=match.2566964.191/Target=EF1A_SORMA;exonerate},{ev_type:exonerate/ID=match.2566964.173/Target=EF1A_ASPOR;exonerate},{ev_type:exonerate/ID=match.2566964.147/Target=lcl|PJQD01000115_1_prot_POY70578_1_395;exonerate},{ev_type:exonerate/ID=match.2566964.177/Target=EF1A_SERIN;exonerate},{ev_type:exonerate/ID=match.2566964.172/Target=EF1A_PUCGR;exonerate},{ev_type:exonerate/ID=match.2566964.183/Target=EF1A_AURPU;exonerate},{ev_type:exonerate/ID=match.2566964.185/Target=EF1A_YEAST;exonerate},{ev_type:exonerate/ID=match.2566964.176/Target=EF1A_PICGU;exonerate},{ev_type:exonerate/ID=match.2566964.169/Target=EF1A_ABSGL;exonerate},{ev_type:exonerate/ID=match.2566964.152/Target=lcl|NW_017264928_1_prot_XP_018273963_1_23;exonerate},{ev_type:exonerate/ID=match.2566964.187/Target=EF1A_PODAS;exonerate},{ev_type:exonerate/ID=match.2566964.180/Target=EF1A2_MUCCL;exonerate},{ev_type:exonerate/ID=match.2566964.167/Target=EF1A_SCHCO;exonerate},{ev_type:exonerate/ID=match.2566964.149/Target=lcl|BJWK01000019_1_prot_GEM12121_1_6138;exonerate}
130891	130823	INTRON			{GeneMark_model.567_t;GeneMark},{HiQ_model.g509.t1;HiQ},{GlimmerHMM_glimmerT_528-T1;GlimmerHMM},{ev_type:exonerate/ID=match.2566964.146/Target=lcl|KQ954581_1_prot_KWU41000_1_6637;exonerate},{ev_type:exonerate/ID=match.2566964.182/Target=EF1A_BLAAD;exonerate},{ev_type:exonerate/ID=match.2566964.184/Target=EF1A_NEUCR;exonerate},{ev_type:exonerate/ID=match.2566964.186/Target=EF1A_PSECR;exonerate},{ev_type:exonerate/ID=match.2566964.181/Target=EF1A1_MUCCL;exonerate},{ev_type:exonerate/ID=match.2566964.170/Target=EF1A1_CANAL;exonerate},{ev_type:exonerate/ID=match.2566964.171/Target=EF1A2_CANAL;exonerate},{ev_type:exonerate/ID=match.2566964.189/Target=EF1A_EREGS;exonerate},{ev_type:exonerate/ID=match.2566964.145/Target=lcl|LCTV02000002_1_prot_PRQ77275_1_4325;exonerate},{ev_type:exonerate/ID=match.2566964.193/Target=EF1A_HYPJE;exonerate},{ev_type:exonerate/ID=match.2566964.188/Target=EF1A3_MUCCL;exonerate},{ev_type:exonerate/ID=match.2566964.191/Target=EF1A_SORMA;exonerate},{ev_type:exonerate/ID=match.2566964.173/Target=EF1A_ASPOR;exonerate},{ev_type:exonerate/ID=match.2566964.147/Target=lcl|PJQD01000115_1_prot_POY70578_1_395;exonerate},{ev_type:exonerate/ID=match.2566964.177/Target=EF1A_SERIN;exonerate},{ev_type:exonerate/ID=match.2566964.172/Target=EF1A_PUCGR;exonerate},{ev_type:exonerate/ID=match.2566964.183/Target=EF1A_AURPU;exonerate},{ev_type:exonerate/ID=match.2566964.185/Target=EF1A_YEAST;exonerate},{ev_type:exonerate/ID=match.2566964.176/Target=EF1A_PICGU;exonerate},{ev_type:exonerate/ID=match.2566964.169/Target=EF1A_ABSGL;exonerate},{ev_type:exonerate/ID=match.2566964.152/Target=lcl|NW_017264928_1_prot_XP_018273963_1_23;exonerate},{ev_type:exonerate/ID=match.2566964.187/Target=EF1A_PODAS;exonerate},{ev_type:exonerate/ID=match.2566964.180/Target=EF1A2_MUCCL;exonerate},{ev_type:exonerate/ID=match.2566964.167/Target=EF1A_SCHCO;exonerate},{ev_type:exonerate/ID=match.2566964.149/Target=lcl|BJWK01000019_1_prot_GEM12121_1_6138;exonerate}
130920	130892	internal-	6	4	{GeneMark_model.567_t;GeneMark},{HiQ_model.g509.t1;HiQ},{GlimmerHMM_glimmerT_528-T1;GlimmerHMM},{ev_type:exonerate/ID=match.2566964.146/Target=lcl|KQ954581_1_prot_KWU41000_1_6637;exonerate},{ev_type:exonerate/ID=match.2566964.182/Target=EF1A_BLAAD;exonerate},{ev_type:exonerate/ID=match.2566964.184/Target=EF1A_NEUCR;exonerate},{ev_type:exonerate/ID=match.2566964.186/Target=EF1A_PSECR;exonerate},{ev_type:exonerate/ID=match.2566964.181/Target=EF1A1_MUCCL;exonerate},{ev_type:exonerate/ID=match.2566964.170/Target=EF1A1_CANAL;exonerate},{ev_type:exonerate/ID=match.2566964.171/Target=EF1A2_CANAL;exonerate},{ev_type:exonerate/ID=match.2566964.189/Target=EF1A_EREGS;exonerate},{ev_type:exonerate/ID=match.2566964.145/Target=lcl|LCTV02000002_1_prot_PRQ77275_1_4325;exonerate},{ev_type:exonerate/ID=match.2566964.193/Target=EF1A_HYPJE;exonerate},{ev_type:exonerate/ID=match.2566964.188/Target=EF1A3_MUCCL;exonerate},{ev_type:exonerate/ID=match.2566964.191/Target=EF1A_SORMA;exonerate},{ev_type:exonerate/ID=match.2566964.173/Target=EF1A_ASPOR;exonerate},{ev_type:exonerate/ID=match.2566964.147/Target=lcl|PJQD01000115_1_prot_POY70578_1_395;exonerate},{ev_type:exonerate/ID=match.2566964.177/Target=EF1A_SERIN;exonerate},{ev_type:exonerate/ID=match.2566964.172/Target=EF1A_PUCGR;exonerate},{ev_type:exonerate/ID=match.2566964.183/Target=EF1A_AURPU;exonerate},{ev_type:exonerate/ID=match.2566964.185/Target=EF1A_YEAST;exonerate},{ev_type:exonerate/ID=match.2566964.176/Target=EF1A_PICGU;exonerate},{ev_type:exonerate/ID=match.2566964.169/Target=EF1A_ABSGL;exonerate},{ev_type:exonerate/ID=match.2566964.152/Target=lcl|NW_017264928_1_prot_XP_018273963_1_23;exonerate},{ev_type:exonerate/ID=match.2566964.187/Target=EF1A_PODAS;exonerate},{ev_type:exonerate/ID=match.2566964.180/Target=EF1A2_MUCCL;exonerate},{ev_type:exonerate/ID=match.2566964.167/Target=EF1A_SCHCO;exonerate},{ev_type:exonerate/ID=match.2566964.149/Target=lcl|BJWK01000019_1_prot_GEM12121_1_6138;exonerate}
131012	130921	INTRON			{GeneMark_model.567_t;GeneMark},{HiQ_model.g509.t1;HiQ},{GlimmerHMM_glimmerT_528-T1;GlimmerHMM},{ev_type:exonerate/ID=match.2566964.146/Target=lcl|KQ954581_1_prot_KWU41000_1_6637;exonerate},{ev_type:exonerate/ID=match.2566964.182/Target=EF1A_BLAAD;exonerate},{ev_type:exonerate/ID=match.2566964.184/Target=EF1A_NEUCR;exonerate},{ev_type:exonerate/ID=match.2566964.186/Target=EF1A_PSECR;exonerate},{ev_type:exonerate/ID=match.2566964.181/Target=EF1A1_MUCCL;exonerate},{ev_type:exonerate/ID=match.2566964.170/Target=EF1A1_CANAL;exonerate},{ev_type:exonerate/ID=match.2566964.171/Target=EF1A2_CANAL;exonerate},{ev_type:exonerate/ID=match.2566964.189/Target=EF1A_EREGS;exonerate},{ev_type:exonerate/ID=match.2566964.145/Target=lcl|LCTV02000002_1_prot_PRQ77275_1_4325;exonerate},{ev_type:exonerate/ID=match.2566964.193/Target=EF1A_HYPJE;exonerate},{ev_type:exonerate/ID=match.2566964.188/Target=EF1A3_MUCCL;exonerate},{ev_type:exonerate/ID=match.2566964.191/Target=EF1A_SORMA;exonerate},{ev_type:exonerate/ID=match.2566964.173/Target=EF1A_ASPOR;exonerate},{ev_type:exonerate/ID=match.2566964.147/Target=lcl|PJQD01000115_1_prot_POY70578_1_395;exonerate},{ev_type:exonerate/ID=match.2566964.177/Target=EF1A_SERIN;exonerate},{ev_type:exonerate/ID=match.2566964.172/Target=EF1A_PUCGR;exonerate},{ev_type:exonerate/ID=match.2566964.183/Target=EF1A_AURPU;exonerate},{ev_type:exonerate/ID=match.2566964.185/Target=EF1A_YEAST;exonerate},{ev_type:exonerate/ID=match.2566964.176/Target=EF1A_PICGU;exonerate},{ev_type:exonerate/ID=match.2566964.169/Target=EF1A_ABSGL;exonerate},{ev_type:exonerate/ID=match.2566964.152/Target=lcl|NW_017264928_1_prot_XP_018273963_1_23;exonerate},{ev_type:exonerate/ID=match.2566964.187/Target=EF1A_PODAS;exonerate},{ev_type:exonerate/ID=match.2566964.180/Target=EF1A2_MUCCL;exonerate},{ev_type:exonerate/ID=match.2566964.167/Target=EF1A_SCHCO;exonerate},{ev_type:exonerate/ID=match.2566964.149/Target=lcl|BJWK01000019_1_prot_GEM12121_1_6138;exonerate}
131097	131013	internal-	5	5	{GeneMark_model.567_t;GeneMark},{HiQ_model.g509.t1;HiQ},{GlimmerHMM_glimmerT_528-T1;GlimmerHMM},{ev_type:exonerate/ID=match.2566964.146/Target=lcl|KQ954581_1_prot_KWU41000_1_6637;exonerate},{ev_type:exonerate/ID=match.2566964.182/Target=EF1A_BLAAD;exonerate},{ev_type:exonerate/ID=match.2566964.184/Target=EF1A_NEUCR;exonerate},{ev_type:exonerate/ID=match.2566964.186/Target=EF1A_PSECR;exonerate},{ev_type:exonerate/ID=match.2566964.181/Target=EF1A1_MUCCL;exonerate},{ev_type:exonerate/ID=match.2566964.170/Target=EF1A1_CANAL;exonerate},{ev_type:exonerate/ID=match.2566964.171/Target=EF1A2_CANAL;exonerate},{ev_type:exonerate/ID=match.2566964.189/Target=EF1A_EREGS;exonerate},{ev_type:exonerate/ID=match.2566964.145/Target=lcl|LCTV02000002_1_prot_PRQ77275_1_4325;exonerate},{ev_type:exonerate/ID=match.2566964.193/Target=EF1A_HYPJE;exonerate},{ev_type:exonerate/ID=match.2566964.188/Target=EF1A3_MUCCL;exonerate},{ev_type:exonerate/ID=match.2566964.191/Target=EF1A_SORMA;exonerate},{ev_type:exonerate/ID=match.2566964.173/Target=EF1A_ASPOR;exonerate},{ev_type:exonerate/ID=match.2566964.147/Target=lcl|PJQD01000115_1_prot_POY70578_1_395;exonerate},{ev_type:exonerate/ID=match.2566964.177/Target=EF1A_SERIN;exonerate},{ev_type:exonerate/ID=match.2566964.172/Target=EF1A_PUCGR;exonerate},{ev_type:exonerate/ID=match.2566964.183/Target=EF1A_AURPU;exonerate},{ev_type:exonerate/ID=match.2566964.185/Target=EF1A_YEAST;exonerate},{ev_type:exonerate/ID=match.2566964.176/Target=EF1A_PICGU;exonerate},{ev_type:exonerate/ID=match.2566964.169/Target=EF1A_ABSGL;exonerate},{ev_type:exonerate/ID=match.2566964.152/Target=lcl|NW_017264928_1_prot_XP_018273963_1_23;exonerate},{ev_type:exonerate/ID=match.2566964.187/Target=EF1A_PODAS;exonerate},{ev_type:exonerate/ID=match.2566964.180/Target=EF1A2_MUCCL;exonerate},{ev_type:exonerate/ID=match.2566964.167/Target=EF1A_SCHCO;exonerate},{ev_type:exonerate/ID=match.2566964.149/Target=lcl|BJWK01000019_1_prot_GEM12121_1_6138;exonerate}
131213	131098	INTRON			{GeneMark_model.567_t;GeneMark},{HiQ_model.g509.t1;HiQ},{GlimmerHMM_glimmerT_528-T1;GlimmerHMM},{ev_type:exonerate/ID=match.2566964.174/Target=EF1A_CRYNB;exonerate},{ev_type:exonerate/ID=match.2566964.146/Target=lcl|KQ954581_1_prot_KWU41000_1_6637;exonerate},{ev_type:exonerate/ID=match.2566964.182/Target=EF1A_BLAAD;exonerate},{ev_type:exonerate/ID=match.2566964.184/Target=EF1A_NEUCR;exonerate},{ev_type:exonerate/ID=match.2566964.186/Target=EF1A_PSECR;exonerate},{ev_type:exonerate/ID=match.2566964.181/Target=EF1A1_MUCCL;exonerate},{ev_type:exonerate/ID=match.2566964.170/Target=EF1A1_CANAL;exonerate},{ev_type:exonerate/ID=match.2566964.179/Target=EF1A_YARLI;exonerate},{ev_type:exonerate/ID=match.2566964.171/Target=EF1A2_CANAL;exonerate},{ev_type:exonerate/ID=match.2566964.189/Target=EF1A_EREGS;exonerate},{ev_type:exonerate/ID=match.2566964.145/Target=lcl|LCTV02000002_1_prot_PRQ77275_1_4325;exonerate},{ev_type:exonerate/ID=match.2566964.193/Target=EF1A_HYPJE;exonerate},{ev_type:exonerate/ID=match.2566964.175/Target=EF1A_CRYNJ;exonerate},{ev_type:exonerate/ID=match.2566964.188/Target=EF1A3_MUCCL;exonerate},{ev_type:exonerate/ID=match.2566964.191/Target=EF1A_SORMA;exonerate},{ev_type:exonerate/ID=match.2566964.173/Target=EF1A_ASPOR;exonerate},{ev_type:exonerate/ID=match.2566964.147/Target=lcl|PJQD01000115_1_prot_POY70578_1_395;exonerate},{ev_type:exonerate/ID=match.2566964.177/Target=EF1A_SERIN;exonerate},{ev_type:exonerate/ID=match.2566964.172/Target=EF1A_PUCGR;exonerate},{ev_type:exonerate/ID=match.2566964.183/Target=EF1A_AURPU;exonerate},{ev_type:exonerate/ID=match.2566964.185/Target=EF1A_YEAST;exonerate},{ev_type:exonerate/ID=match.2566964.176/Target=EF1A_PICGU;exonerate},{ev_type:exonerate/ID=match.2566964.169/Target=EF1A_ABSGL;exonerate},{ev_type:exonerate/ID=match.2566964.152/Target=lcl|NW_017264928_1_prot_XP_018273963_1_23;exonerate},{ev_type:exonerate/ID=match.2566964.187/Target=EF1A_PODAS;exonerate},{ev_type:exonerate/ID=match.2566964.180/Target=EF1A2_MUCCL;exonerate},{ev_type:exonerate/ID=match.2566964.167/Target=EF1A_SCHCO;exonerate},{ev_type:exonerate/ID=match.2566964.149/Target=lcl|BJWK01000019_1_prot_GEM12121_1_6138;exonerate}
131253	131214	initial-	4	4	{GeneMark_model.567_t;GeneMark},{HiQ_model.g509.t1;HiQ},{GlimmerHMM_glimmerT_528-T1;GlimmerHMM}

# EVM prediction: Mode:STANDARD S-ratio: 4.17 132517-135198 orient(-) score(16514.00) noncoding_equivalent(3958.35) raw_noncoding(5589.00) offset(1630.65) 
133221	132517	terminal-	4	6	{HiQ_model.g510.t1;HiQ},{GeneMark_model.568_t;GeneMark},{GlimmerHMM_glimmerT_529-T1;GlimmerHMM}
133282	133222	INTRON			{HiQ_model.g510.t1;HiQ},{GeneMark_model.568_t;GeneMark},{GlimmerHMM_glimmerT_529-T1;GlimmerHMM},{ev_type:exonerate/ID=match.2566964.125/Target=lcl|KQ954581_1_prot_KWU41001_1_6638;exonerate},{ev_type:exonerate/ID=match.2566964.126/Target=lcl|PJQD01000115_1_prot_POY70577_1_394;exonerate}
133623	133283	internal-	5	6	{HiQ_model.g510.t1;HiQ},{GeneMark_model.568_t;GeneMark},{GlimmerHMM_glimmerT_529-T1;GlimmerHMM},{ev_type:exonerate/ID=match.2566964.125/Target=lcl|KQ954581_1_prot_KWU41001_1_6638;exonerate},{ev_type:exonerate/ID=match.2566964.126/Target=lcl|PJQD01000115_1_prot_POY70577_1_394;exonerate}
133681	133624	INTRON			{HiQ_model.g510.t1;HiQ},{GeneMark_model.568_t;GeneMark},{GlimmerHMM_glimmerT_529-T1;GlimmerHMM},{ev_type:exonerate/ID=match.2566964.125/Target=lcl|KQ954581_1_prot_KWU41001_1_6638;exonerate},{ev_type:exonerate/ID=match.2566964.126/Target=lcl|PJQD01000115_1_prot_POY70577_1_394;exonerate}
133750	133682	internal-	5	4	{HiQ_model.g510.t1;HiQ},{GeneMark_model.568_t;GeneMark},{GlimmerHMM_glimmerT_529-T1;GlimmerHMM},{ev_type:exonerate/ID=match.2566964.125/Target=lcl|KQ954581_1_prot_KWU41001_1_6638;exonerate},{ev_type:exonerate/ID=match.2566964.126/Target=lcl|PJQD01000115_1_prot_POY70577_1_394;exonerate}
133820	133751	INTRON			{HiQ_model.g510.t1;HiQ},{GeneMark_model.568_t;GeneMark},{GlimmerHMM_glimmerT_529-T1;GlimmerHMM},{ev_type:exonerate/ID=match.2566964.125/Target=lcl|KQ954581_1_prot_KWU41001_1_6638;exonerate},{ev_type:exonerate/ID=match.2566964.126/Target=lcl|PJQD01000115_1_prot_POY70577_1_394;exonerate}
134049	133821	internal-	4	4	{HiQ_model.g510.t1;HiQ},{GeneMark_model.568_t;GeneMark},{GlimmerHMM_glimmerT_529-T1;GlimmerHMM},{ev_type:exonerate/ID=match.2566964.125/Target=lcl|KQ954581_1_prot_KWU41001_1_6638;exonerate},{ev_type:exonerate/ID=match.2566964.126/Target=lcl|PJQD01000115_1_prot_POY70577_1_394;exonerate}
134115	134050	INTRON			{HiQ_model.g510.t1;HiQ},{GeneMark_model.568_t;GeneMark},{GlimmerHMM_glimmerT_529-T1;GlimmerHMM},{ev_type:exonerate/ID=match.2566964.125/Target=lcl|KQ954581_1_prot_KWU41001_1_6638;exonerate},{ev_type:exonerate/ID=match.2566964.126/Target=lcl|PJQD01000115_1_prot_POY70577_1_394;exonerate}
134299	134116	internal-	6	6	{HiQ_model.g510.t1;HiQ},{GeneMark_model.568_t;GeneMark},{GlimmerHMM_glimmerT_529-T1;GlimmerHMM},{ev_type:exonerate/ID=match.2566964.125/Target=lcl|KQ954581_1_prot_KWU41001_1_6638;exonerate},{ev_type:exonerate/ID=match.2566964.126/Target=lcl|PJQD01000115_1_prot_POY70577_1_394;exonerate}
134365	134300	INTRON			{HiQ_model.g510.t1;HiQ},{GeneMark_model.568_t;GeneMark},{GlimmerHMM_glimmerT_529-T1;GlimmerHMM},{ev_type:exonerate/ID=match.2566964.125/Target=lcl|KQ954581_1_prot_KWU41001_1_6638;exonerate},{ev_type:exonerate/ID=match.2566964.126/Target=lcl|PJQD01000115_1_prot_POY70577_1_394;exonerate}
134468	134366	internal-	5	5	{HiQ_model.g510.t1;HiQ},{GeneMark_model.568_t;GeneMark},{GlimmerHMM_glimmerT_529-T1;GlimmerHMM},{ev_type:exonerate/ID=match.2566964.125/Target=lcl|KQ954581_1_prot_KWU41001_1_6638;exonerate},{ev_type:exonerate/ID=match.2566964.126/Target=lcl|PJQD01000115_1_prot_POY70577_1_394;exonerate}
134532	134469	INTRON			{HiQ_model.g510.t1;HiQ},{GeneMark_model.568_t;GeneMark},{GlimmerHMM_glimmerT_529-T1;GlimmerHMM},{ev_type:exonerate/ID=match.2566964.125/Target=lcl|KQ954581_1_prot_KWU41001_1_6638;exonerate},{ev_type:exonerate/ID=match.2566964.126/Target=lcl|PJQD01000115_1_prot_POY70577_1_394;exonerate}
134648	134533	internal-	6	4	{HiQ_model.g510.t1;HiQ},{GeneMark_model.568_t;GeneMark},{GlimmerHMM_glimmerT_529-T1;GlimmerHMM},{ev_type:exonerate/ID=match.2566964.125/Target=lcl|KQ954581_1_prot_KWU41001_1_6638;exonerate},{ev_type:exonerate/ID=match.2566964.126/Target=lcl|PJQD01000115_1_prot_POY70577_1_394;exonerate}
134715	134649	INTRON			{HiQ_model.g510.t1;HiQ},{GeneMark_model.568_t;GeneMark},{GlimmerHMM_glimmerT_529-T1;GlimmerHMM},{ev_type:exonerate/ID=match.2566964.125/Target=lcl|KQ954581_1_prot_KWU41001_1_6638;exonerate},{ev_type:exonerate/ID=match.2566964.126/Target=lcl|PJQD01000115_1_prot_POY70577_1_394;exonerate}
134781	134716	internal-	6	5	{HiQ_model.g510.t1;HiQ},{GeneMark_model.568_t;GeneMark},{GlimmerHMM_glimmerT_529-T1;GlimmerHMM},{ev_type:exonerate/ID=match.2566964.125/Target=lcl|KQ954581_1_prot_KWU41001_1_6638;exonerate},{ev_type:exonerate/ID=match.2566964.126/Target=lcl|PJQD01000115_1_prot_POY70577_1_394;exonerate}
134963	134782	INTRON			{HiQ_model.g510.t1;HiQ},{GeneMark_model.568_t;GeneMark},{ev_type:exonerate/ID=match.2566964.125/Target=lcl|KQ954581_1_prot_KWU41001_1_6638;exonerate},{ev_type:exonerate/ID=match.2566964.126/Target=lcl|PJQD01000115_1_prot_POY70577_1_394;exonerate}
135033	134964	internal-	5	5	{HiQ_model.g510.t1;HiQ},{GeneMark_model.568_t;GeneMark}
135170	135034	INTRON			{HiQ_model.g510.t1;HiQ},{GeneMark_model.568_t;GeneMark}
135198	135171	initial-	4	4	{HiQ_model.g510.t1;HiQ},{GeneMark_model.568_t;GeneMark}

# EVM prediction: Mode:STANDARD S-ratio: 2.31 135666-136788 orient(-) score(3222.00) noncoding_equivalent(1393.16) raw_noncoding(1588.00) offset(194.84) 
136231	135666	terminal-	5	6	{Augustus_model.g511.t1;Augustus},{GeneMark_model.569_t;GeneMark}
136294	136232	INTRON			{Augustus_model.g511.t1;Augustus},{GeneMark_model.569_t;GeneMark}
136634	136295	internal-	4	4	{Augustus_model.g511.t1;Augustus},{GlimmerHMM_glimmerT_530-T1;GlimmerHMM},{GeneMark_model.569_t;GeneMark}
136698	136635	INTRON			{Augustus_model.g511.t1;Augustus},{GlimmerHMM_glimmerT_530-T1;GlimmerHMM},{GeneMark_model.569_t;GeneMark}
136788	136699	initial-	4	6	{Augustus_model.g511.t1;Augustus},{GlimmerHMM_glimmerT_530-T1;GlimmerHMM},{GeneMark_model.569_t;GeneMark}

# EVM prediction: Mode:STANDARD S-ratio: 4.33 139605-144735 orient(-) score(17479.00) noncoding_equivalent(4039.30) raw_noncoding(4477.07) offset(437.78) 
139685	139605	terminal-	4	6	{GlimmerHMM_glimmerT_531-T1;GlimmerHMM},{GeneMark_model.570_t;GeneMark},{Augustus_model.g512.t1;Augustus}
139750	139686	INTRON			{GlimmerHMM_glimmerT_531-T1;GlimmerHMM},{GeneMark_model.570_t;GeneMark},{Augustus_model.g512.t1;Augustus}
140233	139751	internal-	4	6	{GlimmerHMM_glimmerT_531-T1;GlimmerHMM},{GeneMark_model.570_t;GeneMark},{Augustus_model.g512.t1;Augustus}
140289	140234	INTRON			{GlimmerHMM_glimmerT_531-T1;GlimmerHMM},{GeneMark_model.570_t;GeneMark},{Augustus_model.g512.t1;Augustus}
142091	140290	internal-	5	6	{GlimmerHMM_glimmerT_531-T1;GlimmerHMM},{GeneMark_model.570_t;GeneMark},{Augustus_model.g512.t1;Augustus}
142152	142092	INTRON			{GlimmerHMM_glimmerT_531-T1;GlimmerHMM},{GeneMark_model.570_t;GeneMark},{Augustus_model.g512.t1;Augustus}
143634	142153	internal-	5	4	{GlimmerHMM_glimmerT_531-T1;GlimmerHMM},{GeneMark_model.570_t;GeneMark},{Augustus_model.g512.t1;Augustus}
143693	143635	INTRON			{GlimmerHMM_glimmerT_531-T1;GlimmerHMM},{GeneMark_model.570_t;GeneMark},{Augustus_model.g512.t1;Augustus}
143927	143694	internal-	5	4	{GlimmerHMM_glimmerT_531-T1;GlimmerHMM},{GeneMark_model.570_t;GeneMark},{Augustus_model.g512.t1;Augustus}
143988	143928	INTRON			{GlimmerHMM_glimmerT_531-T1;GlimmerHMM},{GeneMark_model.570_t;GeneMark},{Augustus_model.g512.t1;Augustus}
144456	143989	internal-	5	4	{GlimmerHMM_glimmerT_531-T1;GlimmerHMM},{GeneMark_model.570_t;GeneMark},{Augustus_model.g512.t1;Augustus}
144665	144457	INTRON			{GlimmerHMM_glimmerT_531-T1;GlimmerHMM},{GeneMark_model.570_t;GeneMark},{Augustus_model.g512.t1;Augustus}
144735	144666	initial-	4	4	{GlimmerHMM_glimmerT_531-T1;GlimmerHMM},{GeneMark_model.570_t;GeneMark}

# EVM prediction: Mode:STANDARD S-ratio: 3.58 145198-147977 orient(-) score(9012.00) noncoding_equivalent(2517.20) raw_noncoding(2834.84) offset(317.64) 
145662	145198	terminal-	4	6	{GlimmerHMM_glimmerT_532-T1;GlimmerHMM},{GeneMark_model.571_t;GeneMark}
145732	145663	INTRON			{GlimmerHMM_glimmerT_532-T1;GlimmerHMM},{Augustus_model.g512.t1;Augustus},{GeneMark_model.571_t;GeneMark}
146547	145733	internal-	5	6	{GeneMark_model.571_t;GeneMark}
146604	146548	INTRON			{GeneMark_model.571_t;GeneMark}
146696	146605	internal-	6	4	{GlimmerHMM_glimmerT_532-T1;GlimmerHMM},{Augustus_model.g512.t1;Augustus},{GeneMark_model.571_t;GeneMark}
146753	146697	INTRON			{GlimmerHMM_glimmerT_532-T1;GlimmerHMM},{Augustus_model.g512.t1;Augustus},{GeneMark_model.571_t;GeneMark}
146776	146754	internal-	4	5	{GlimmerHMM_glimmerT_532-T1;GlimmerHMM},{Augustus_model.g512.t1;Augustus},{GeneMark_model.571_t;GeneMark}
146849	146777	INTRON			{GlimmerHMM_glimmerT_532-T1;GlimmerHMM},{Augustus_model.g512.t1;Augustus},{GeneMark_model.571_t;GeneMark}
147374	146850	internal-	4	6	{GlimmerHMM_glimmerT_532-T1;GlimmerHMM},{Augustus_model.g512.t1;Augustus},{GeneMark_model.571_t;GeneMark}
147443	147375	INTRON			{GlimmerHMM_glimmerT_532-T1;GlimmerHMM},{Augustus_model.g512.t1;Augustus},{GeneMark_model.571_t;GeneMark}
147977	147444	initial-	4	6	{GlimmerHMM_glimmerT_532-T1;GlimmerHMM},{Augustus_model.g512.t1;Augustus},{GeneMark_model.571_t;GeneMark}

# EVM prediction: Mode:STANDARD S-ratio: 1.99 148871-150040 orient(-) score(3373.00) noncoding_equivalent(1691.20) raw_noncoding(2026.35) offset(335.16) 
149063	148871	terminal-	6	6	{Augustus_model.g513.t1;Augustus},{GlimmerHMM_glimmerT_533-T1;GlimmerHMM},{GeneMark_model.572_t;GeneMark}
149137	149064	INTRON			{Augustus_model.g513.t1;Augustus},{GlimmerHMM_glimmerT_533-T1;GlimmerHMM},{GeneMark_model.572_t;GeneMark}
149585	149138	internal-	5	5	{Augustus_model.g513.t1;Augustus},{GlimmerHMM_glimmerT_533-T1;GlimmerHMM},{GeneMark_model.572_t;GeneMark}
149652	149586	INTRON			{Augustus_model.g513.t1;Augustus},{GlimmerHMM_glimmerT_533-T1;GlimmerHMM},{GeneMark_model.572_t;GeneMark}
149778	149653	internal-	5	4	{Augustus_model.g513.t1;Augustus},{GlimmerHMM_glimmerT_533-T1;GlimmerHMM},{GeneMark_model.572_t;GeneMark}
149836	149779	INTRON			{Augustus_model.g513.t1;Augustus},{GlimmerHMM_glimmerT_533-T1;GlimmerHMM},{GeneMark_model.572_t;GeneMark}
149903	149837	internal-	4	4	{Augustus_model.g513.t1;Augustus},{GlimmerHMM_glimmerT_533-T1;GlimmerHMM},{GeneMark_model.572_t;GeneMark}
149965	149904	INTRON			{Augustus_model.g513.t1;Augustus},{GeneMark_model.572_t;GeneMark}
150040	149966	initial-	4	6	{Augustus_model.g513.t1;Augustus},{GeneMark_model.572_t;GeneMark}

# EVM prediction: Mode:STANDARD S-ratio: 4.78 150586-157523 orient(-) score(37960.00) noncoding_equivalent(7945.82) raw_noncoding(10994.66) offset(3048.83) 
150615	150586	terminal-	4	6	{GeneMark_model.573_t;GeneMark},{Augustus_model.g514.t1;Augustus}
150671	150616	INTRON			{GeneMark_model.573_t;GeneMark},{Augustus_model.g514.t1;Augustus},{ev_type:exonerate/ID=match.2566964.44/Target=lcl|LCTV02000002_1_prot_PRQ77266_1_4316;exonerate},{ev_type:exonerate/ID=match.2566964.46/Target=lcl|BJWK01000019_1_prot_GEM12130_1_6147;exonerate},{ev_type:exonerate/ID=match.2566964.38/Target=lcl|PJQD01000115_1_prot_POY70569_1_386;exonerate}
150750	150672	internal-	6	6	{GeneMark_model.573_t;GeneMark},{Augustus_model.g514.t1;Augustus},{GlimmerHMM_glimmerT_533-T1;GlimmerHMM},{ev_type:exonerate/ID=match.2566964.44/Target=lcl|LCTV02000002_1_prot_PRQ77266_1_4316;exonerate},{ev_type:exonerate/ID=match.2566964.46/Target=lcl|BJWK01000019_1_prot_GEM12130_1_6147;exonerate},{ev_type:exonerate/ID=match.2566964.38/Target=lcl|PJQD01000115_1_prot_POY70569_1_386;exonerate}
150820	150751	INTRON			{GeneMark_model.573_t;GeneMark},{Augustus_model.g514.t1;Augustus},{GlimmerHMM_glimmerT_533-T1;GlimmerHMM},{ev_type:exonerate/ID=match.2566964.44/Target=lcl|LCTV02000002_1_prot_PRQ77266_1_4316;exonerate},{ev_type:exonerate/ID=match.2566964.46/Target=lcl|BJWK01000019_1_prot_GEM12130_1_6147;exonerate},{ev_type:exonerate/ID=match.2566964.38/Target=lcl|PJQD01000115_1_prot_POY70569_1_386;exonerate},{ev_type:exonerate/ID=match.2566964.39/Target=lcl|KQ954532_1_prot_KWU41607_1_6054;exonerate}
150850	150821	internal-	6	5	{GeneMark_model.573_t;GeneMark},{Augustus_model.g514.t1;Augustus},{GlimmerHMM_glimmerT_533-T1;GlimmerHMM},{ev_type:exonerate/ID=match.2566964.44/Target=lcl|LCTV02000002_1_prot_PRQ77266_1_4316;exonerate},{ev_type:exonerate/ID=match.2566964.46/Target=lcl|BJWK01000019_1_prot_GEM12130_1_6147;exonerate},{ev_type:exonerate/ID=match.2566964.38/Target=lcl|PJQD01000115_1_prot_POY70569_1_386;exonerate},{ev_type:exonerate/ID=match.2566964.39/Target=lcl|KQ954532_1_prot_KWU41607_1_6054;exonerate}
150920	150851	INTRON			{GeneMark_model.573_t;GeneMark},{Augustus_model.g514.t1;Augustus},{GlimmerHMM_glimmerT_533-T1;GlimmerHMM},{ev_type:exonerate/ID=match.2566964.44/Target=lcl|LCTV02000002_1_prot_PRQ77266_1_4316;exonerate},{ev_type:exonerate/ID=match.2566964.46/Target=lcl|BJWK01000019_1_prot_GEM12130_1_6147;exonerate},{ev_type:exonerate/ID=match.2566964.38/Target=lcl|PJQD01000115_1_prot_POY70569_1_386;exonerate},{ev_type:exonerate/ID=match.2566964.39/Target=lcl|KQ954532_1_prot_KWU41607_1_6054;exonerate}
150962	150921	internal-	6	5	{GeneMark_model.573_t;GeneMark},{Augustus_model.g514.t1;Augustus},{GlimmerHMM_glimmerT_533-T1;GlimmerHMM},{ev_type:exonerate/ID=match.2566964.44/Target=lcl|LCTV02000002_1_prot_PRQ77266_1_4316;exonerate},{ev_type:exonerate/ID=match.2566964.46/Target=lcl|BJWK01000019_1_prot_GEM12130_1_6147;exonerate},{ev_type:exonerate/ID=match.2566964.38/Target=lcl|PJQD01000115_1_prot_POY70569_1_386;exonerate},{ev_type:exonerate/ID=match.2566964.39/Target=lcl|KQ954532_1_prot_KWU41607_1_6054;exonerate}
151026	150963	INTRON			{GeneMark_model.573_t;GeneMark},{Augustus_model.g514.t1;Augustus},{GlimmerHMM_glimmerT_533-T1;GlimmerHMM},{ev_type:exonerate/ID=match.2566964.44/Target=lcl|LCTV02000002_1_prot_PRQ77266_1_4316;exonerate},{ev_type:exonerate/ID=match.2566964.46/Target=lcl|BJWK01000019_1_prot_GEM12130_1_6147;exonerate},{ev_type:exonerate/ID=match.2566964.38/Target=lcl|PJQD01000115_1_prot_POY70569_1_386;exonerate},{ev_type:exonerate/ID=match.2566964.39/Target=lcl|KQ954532_1_prot_KWU41607_1_6054;exonerate}
151137	151027	internal-	6	5	{GeneMark_model.573_t;GeneMark},{Augustus_model.g514.t1;Augustus},{GlimmerHMM_glimmerT_533-T1;GlimmerHMM},{ev_type:exonerate/ID=match.2566964.44/Target=lcl|LCTV02000002_1_prot_PRQ77266_1_4316;exonerate},{ev_type:exonerate/ID=match.2566964.46/Target=lcl|BJWK01000019_1_prot_GEM12130_1_6147;exonerate},{ev_type:exonerate/ID=match.2566964.38/Target=lcl|PJQD01000115_1_prot_POY70569_1_386;exonerate},{ev_type:exonerate/ID=match.2566964.39/Target=lcl|KQ954532_1_prot_KWU41607_1_6054;exonerate}
151199	151138	INTRON			{GeneMark_model.573_t;GeneMark},{Augustus_model.g514.t1;Augustus},{GlimmerHMM_glimmerT_533-T1;GlimmerHMM},{ev_type:exonerate/ID=match.2566964.44/Target=lcl|LCTV02000002_1_prot_PRQ77266_1_4316;exonerate},{ev_type:exonerate/ID=match.2566964.46/Target=lcl|BJWK01000019_1_prot_GEM12130_1_6147;exonerate},{ev_type:exonerate/ID=match.2566964.38/Target=lcl|PJQD01000115_1_prot_POY70569_1_386;exonerate},{ev_type:exonerate/ID=match.2566964.39/Target=lcl|KQ954532_1_prot_KWU41607_1_6054;exonerate}
151231	151200	internal-	4	5	{GeneMark_model.573_t;GeneMark},{Augustus_model.g514.t1;Augustus},{GlimmerHMM_glimmerT_533-T1;GlimmerHMM},{ev_type:exonerate/ID=match.2566964.44/Target=lcl|LCTV02000002_1_prot_PRQ77266_1_4316;exonerate},{ev_type:exonerate/ID=match.2566964.46/Target=lcl|BJWK01000019_1_prot_GEM12130_1_6147;exonerate},{ev_type:exonerate/ID=match.2566964.39/Target=lcl|KQ954532_1_prot_KWU41607_1_6054;exonerate}
151288	151232	INTRON			{GeneMark_model.573_t;GeneMark},{Augustus_model.g514.t1;Augustus},{GlimmerHMM_glimmerT_533-T1;GlimmerHMM},{ev_type:exonerate/ID=match.2566964.44/Target=lcl|LCTV02000002_1_prot_PRQ77266_1_4316;exonerate},{ev_type:exonerate/ID=match.2566964.46/Target=lcl|BJWK01000019_1_prot_GEM12130_1_6147;exonerate},{ev_type:exonerate/ID=match.2566964.39/Target=lcl|KQ954532_1_prot_KWU41607_1_6054;exonerate}
151393	151289	internal-	4	6	{GeneMark_model.573_t;GeneMark},{Augustus_model.g514.t1;Augustus},{GlimmerHMM_glimmerT_533-T1;GlimmerHMM},{ev_type:exonerate/ID=match.2566964.44/Target=lcl|LCTV02000002_1_prot_PRQ77266_1_4316;exonerate},{ev_type:exonerate/ID=match.2566964.38/Target=lcl|PJQD01000115_1_prot_POY70569_1_386;exonerate},{ev_type:exonerate/ID=match.2566964.39/Target=lcl|KQ954532_1_prot_KWU41607_1_6054;exonerate}
151459	151394	INTRON			{GeneMark_model.573_t;GeneMark},{Augustus_model.g514.t1;Augustus},{GlimmerHMM_glimmerT_533-T1;GlimmerHMM},{ev_type:exonerate/ID=match.2566964.38/Target=lcl|PJQD01000115_1_prot_POY70569_1_386;exonerate},{ev_type:exonerate/ID=match.2566964.39/Target=lcl|KQ954532_1_prot_KWU41607_1_6054;exonerate}
151596	151460	internal-	5	6	{GeneMark_model.573_t;GeneMark},{Augustus_model.g514.t1;Augustus},{GlimmerHMM_glimmerT_533-T1;GlimmerHMM},{ev_type:exonerate/ID=match.2566964.46/Target=lcl|BJWK01000019_1_prot_GEM12130_1_6147;exonerate},{ev_type:exonerate/ID=match.2566964.38/Target=lcl|PJQD01000115_1_prot_POY70569_1_386;exonerate},{ev_type:exonerate/ID=match.2566964.39/Target=lcl|KQ954532_1_prot_KWU41607_1_6054;exonerate}
151660	151597	INTRON			{GeneMark_model.573_t;GeneMark},{Augustus_model.g514.t1;Augustus},{GlimmerHMM_glimmerT_533-T1;GlimmerHMM},{ev_type:exonerate/ID=match.2566964.44/Target=lcl|LCTV02000002_1_prot_PRQ77266_1_4316;exonerate},{ev_type:exonerate/ID=match.2566964.46/Target=lcl|BJWK01000019_1_prot_GEM12130_1_6147;exonerate},{ev_type:exonerate/ID=match.2566964.38/Target=lcl|PJQD01000115_1_prot_POY70569_1_386;exonerate},{ev_type:exonerate/ID=match.2566964.39/Target=lcl|KQ954532_1_prot_KWU41607_1_6054;exonerate}
151994	151661	internal-	4	4	{GeneMark_model.573_t;GeneMark},{Augustus_model.g514.t1;Augustus},{GlimmerHMM_glimmerT_533-T1;GlimmerHMM},{ev_type:exonerate/ID=match.2566964.44/Target=lcl|LCTV02000002_1_prot_PRQ77266_1_4316;exonerate},{ev_type:exonerate/ID=match.2566964.46/Target=lcl|BJWK01000019_1_prot_GEM12130_1_6147;exonerate},{ev_type:exonerate/ID=match.2566964.38/Target=lcl|PJQD01000115_1_prot_POY70569_1_386;exonerate},{ev_type:exonerate/ID=match.2566964.39/Target=lcl|KQ954532_1_prot_KWU41607_1_6054;exonerate}
152055	151995	INTRON			{GeneMark_model.573_t;GeneMark},{Augustus_model.g514.t1;Augustus},{GlimmerHMM_glimmerT_533-T1;GlimmerHMM},{ev_type:exonerate/ID=match.2566964.44/Target=lcl|LCTV02000002_1_prot_PRQ77266_1_4316;exonerate},{ev_type:exonerate/ID=match.2566964.46/Target=lcl|BJWK01000019_1_prot_GEM12130_1_6147;exonerate},{ev_type:exonerate/ID=match.2566964.38/Target=lcl|PJQD01000115_1_prot_POY70569_1_386;exonerate},{ev_type:exonerate/ID=match.2566964.39/Target=lcl|KQ954532_1_prot_KWU41607_1_6054;exonerate}
152130	152056	internal-	4	6	{GeneMark_model.573_t;GeneMark},{Augustus_model.g514.t1;Augustus},{GlimmerHMM_glimmerT_533-T1;GlimmerHMM},{ev_type:exonerate/ID=match.2566964.44/Target=lcl|LCTV02000002_1_prot_PRQ77266_1_4316;exonerate},{ev_type:exonerate/ID=match.2566964.46/Target=lcl|BJWK01000019_1_prot_GEM12130_1_6147;exonerate},{ev_type:exonerate/ID=match.2566964.38/Target=lcl|PJQD01000115_1_prot_POY70569_1_386;exonerate},{ev_type:exonerate/ID=match.2566964.39/Target=lcl|KQ954532_1_prot_KWU41607_1_6054;exonerate}
152191	152131	INTRON			{GeneMark_model.573_t;GeneMark},{Augustus_model.g514.t1;Augustus},{GlimmerHMM_glimmerT_533-T1;GlimmerHMM},{ev_type:exonerate/ID=match.2566964.44/Target=lcl|LCTV02000002_1_prot_PRQ77266_1_4316;exonerate},{ev_type:exonerate/ID=match.2566964.46/Target=lcl|BJWK01000019_1_prot_GEM12130_1_6147;exonerate},{ev_type:exonerate/ID=match.2566964.38/Target=lcl|PJQD01000115_1_prot_POY70569_1_386;exonerate},{ev_type:exonerate/ID=match.2566964.39/Target=lcl|KQ954532_1_prot_KWU41607_1_6054;exonerate}
152443	152192	internal-	4	6	{GeneMark_model.573_t;GeneMark},{Augustus_model.g514.t1;Augustus},{GlimmerHMM_glimmerT_533-T1;GlimmerHMM},{ev_type:exonerate/ID=match.2566964.44/Target=lcl|LCTV02000002_1_prot_PRQ77266_1_4316;exonerate},{ev_type:exonerate/ID=match.2566964.46/Target=lcl|BJWK01000019_1_prot_GEM12130_1_6147;exonerate},{ev_type:exonerate/ID=match.2566964.38/Target=lcl|PJQD01000115_1_prot_POY70569_1_386;exonerate},{ev_type:exonerate/ID=match.2566964.39/Target=lcl|KQ954532_1_prot_KWU41607_1_6054;exonerate}
152502	152444	INTRON			{GeneMark_model.573_t;GeneMark},{Augustus_model.g514.t1;Augustus},{GlimmerHMM_glimmerT_533-T1;GlimmerHMM},{ev_type:exonerate/ID=match.2566964.44/Target=lcl|LCTV02000002_1_prot_PRQ77266_1_4316;exonerate},{ev_type:exonerate/ID=match.2566964.46/Target=lcl|BJWK01000019_1_prot_GEM12130_1_6147;exonerate},{ev_type:exonerate/ID=match.2566964.38/Target=lcl|PJQD01000115_1_prot_POY70569_1_386;exonerate},{ev_type:exonerate/ID=match.2566964.39/Target=lcl|KQ954532_1_prot_KWU41607_1_6054;exonerate}
152699	152503	internal-	5	6	{GeneMark_model.573_t;GeneMark},{Augustus_model.g514.t1;Augustus},{GlimmerHMM_glimmerT_533-T1;GlimmerHMM},{ev_type:exonerate/ID=match.2566964.44/Target=lcl|LCTV02000002_1_prot_PRQ77266_1_4316;exonerate},{ev_type:exonerate/ID=match.2566964.46/Target=lcl|BJWK01000019_1_prot_GEM12130_1_6147;exonerate},{ev_type:exonerate/ID=match.2566964.38/Target=lcl|PJQD01000115_1_prot_POY70569_1_386;exonerate},{ev_type:exonerate/ID=match.2566964.39/Target=lcl|KQ954532_1_prot_KWU41607_1_6054;exonerate}
152768	152700	INTRON			{GeneMark_model.573_t;GeneMark},{Augustus_model.g514.t1;Augustus},{GlimmerHMM_glimmerT_533-T1;GlimmerHMM},{ev_type:exonerate/ID=match.2566964.44/Target=lcl|LCTV02000002_1_prot_PRQ77266_1_4316;exonerate},{ev_type:exonerate/ID=match.2566964.46/Target=lcl|BJWK01000019_1_prot_GEM12130_1_6147;exonerate},{ev_type:exonerate/ID=match.2566964.38/Target=lcl|PJQD01000115_1_prot_POY70569_1_386;exonerate},{ev_type:exonerate/ID=match.2566964.39/Target=lcl|KQ954532_1_prot_KWU41607_1_6054;exonerate}
152837	152769	internal-	5	4	{GeneMark_model.573_t;GeneMark},{Augustus_model.g514.t1;Augustus},{GlimmerHMM_glimmerT_533-T1;GlimmerHMM},{ev_type:exonerate/ID=match.2566964.44/Target=lcl|LCTV02000002_1_prot_PRQ77266_1_4316;exonerate},{ev_type:exonerate/ID=match.2566964.46/Target=lcl|BJWK01000019_1_prot_GEM12130_1_6147;exonerate},{ev_type:exonerate/ID=match.2566964.38/Target=lcl|PJQD01000115_1_prot_POY70569_1_386;exonerate},{ev_type:exonerate/ID=match.2566964.39/Target=lcl|KQ954532_1_prot_KWU41607_1_6054;exonerate}
152897	152838	INTRON			{GeneMark_model.573_t;GeneMark},{Augustus_model.g514.t1;Augustus},{GlimmerHMM_glimmerT_533-T1;GlimmerHMM},{ev_type:exonerate/ID=match.2566964.44/Target=lcl|LCTV02000002_1_prot_PRQ77266_1_4316;exonerate},{ev_type:exonerate/ID=match.2566964.46/Target=lcl|BJWK01000019_1_prot_GEM12130_1_6147;exonerate},{ev_type:exonerate/ID=match.2566964.38/Target=lcl|PJQD01000115_1_prot_POY70569_1_386;exonerate},{ev_type:exonerate/ID=match.2566964.39/Target=lcl|KQ954532_1_prot_KWU41607_1_6054;exonerate}
153657	152898	internal-	4	4	{GeneMark_model.573_t;GeneMark},{Augustus_model.g514.t1;Augustus},{GlimmerHMM_glimmerT_533-T1;GlimmerHMM},{ev_type:exonerate/ID=match.2566964.44/Target=lcl|LCTV02000002_1_prot_PRQ77266_1_4316;exonerate},{ev_type:exonerate/ID=match.2566964.46/Target=lcl|BJWK01000019_1_prot_GEM12130_1_6147;exonerate},{ev_type:exonerate/ID=match.2566964.38/Target=lcl|PJQD01000115_1_prot_POY70569_1_386;exonerate},{ev_type:exonerate/ID=match.2566964.39/Target=lcl|KQ954532_1_prot_KWU41607_1_6054;exonerate}
153722	153658	INTRON			{GeneMark_model.573_t;GeneMark},{Augustus_model.g514.t1;Augustus},{GlimmerHMM_glimmerT_533-T1;GlimmerHMM},{ev_type:exonerate/ID=match.2566964.44/Target=lcl|LCTV02000002_1_prot_PRQ77266_1_4316;exonerate},{ev_type:exonerate/ID=match.2566964.46/Target=lcl|BJWK01000019_1_prot_GEM12130_1_6147;exonerate},{ev_type:exonerate/ID=match.2566964.38/Target=lcl|PJQD01000115_1_prot_POY70569_1_386;exonerate},{ev_type:exonerate/ID=match.2566964.39/Target=lcl|KQ954532_1_prot_KWU41607_1_6054;exonerate}
153820	153723	internal-	5	6	{GeneMark_model.573_t;GeneMark},{Augustus_model.g514.t1;Augustus},{GlimmerHMM_glimmerT_533-T1;GlimmerHMM},{ev_type:exonerate/ID=match.2566964.44/Target=lcl|LCTV02000002_1_prot_PRQ77266_1_4316;exonerate},{ev_type:exonerate/ID=match.2566964.46/Target=lcl|BJWK01000019_1_prot_GEM12130_1_6147;exonerate},{ev_type:exonerate/ID=match.2566964.38/Target=lcl|PJQD01000115_1_prot_POY70569_1_386;exonerate}
153880	153821	INTRON			{GeneMark_model.573_t;GeneMark},{Augustus_model.g514.t1;Augustus},{GlimmerHMM_glimmerT_533-T1;GlimmerHMM},{ev_type:exonerate/ID=match.2566964.44/Target=lcl|LCTV02000002_1_prot_PRQ77266_1_4316;exonerate},{ev_type:exonerate/ID=match.2566964.46/Target=lcl|BJWK01000019_1_prot_GEM12130_1_6147;exonerate},{ev_type:exonerate/ID=match.2566964.38/Target=lcl|PJQD01000115_1_prot_POY70569_1_386;exonerate}
154498	153881	internal-	5	4	{GeneMark_model.573_t;GeneMark},{Augustus_model.g514.t1;Augustus},{GlimmerHMM_glimmerT_533-T1;GlimmerHMM},{ev_type:exonerate/ID=match.2566964.44/Target=lcl|LCTV02000002_1_prot_PRQ77266_1_4316;exonerate},{ev_type:exonerate/ID=match.2566964.38/Target=lcl|PJQD01000115_1_prot_POY70569_1_386;exonerate}
154595	154499	INTRON			{GeneMark_model.573_t;GeneMark},{Augustus_model.g514.t1;Augustus},{GlimmerHMM_glimmerT_533-T1;GlimmerHMM},{ev_type:exonerate/ID=match.2566964.44/Target=lcl|LCTV02000002_1_prot_PRQ77266_1_4316;exonerate},{ev_type:exonerate/ID=match.2566964.38/Target=lcl|PJQD01000115_1_prot_POY70569_1_386;exonerate}
154615	154596	internal-	6	4	{GeneMark_model.573_t;GeneMark},{Augustus_model.g514.t1;Augustus},{GlimmerHMM_glimmerT_533-T1;GlimmerHMM},{ev_type:exonerate/ID=match.2566964.44/Target=lcl|LCTV02000002_1_prot_PRQ77266_1_4316;exonerate},{ev_type:exonerate/ID=match.2566964.38/Target=lcl|PJQD01000115_1_prot_POY70569_1_386;exonerate}
154674	154616	INTRON			{GeneMark_model.573_t;GeneMark},{Augustus_model.g514.t1;Augustus},{GlimmerHMM_glimmerT_533-T1;GlimmerHMM},{ev_type:exonerate/ID=match.2566964.44/Target=lcl|LCTV02000002_1_prot_PRQ77266_1_4316;exonerate},{ev_type:exonerate/ID=match.2566964.38/Target=lcl|PJQD01000115_1_prot_POY70569_1_386;exonerate}
154787	154675	internal-	4	5	{Augustus_model.g514.t1;Augustus},{GlimmerHMM_glimmerT_533-T1;GlimmerHMM}
155455	154788	INTRON			{Augustus_model.g514.t1;Augustus},{GlimmerHMM_glimmerT_533-T1;GlimmerHMM}
155588	155456	internal-	6	6	{Augustus_model.g514.t1;Augustus},{GlimmerHMM_glimmerT_533-T1;GlimmerHMM}
155666	155589	INTRON			{Augustus_model.g514.t1;Augustus},{GlimmerHMM_glimmerT_533-T1;GlimmerHMM},{GeneMark_model.574_t;GeneMark}
155725	155667	internal-	4	5	{Augustus_model.g514.t1;Augustus},{GlimmerHMM_glimmerT_533-T1;GlimmerHMM},{GeneMark_model.574_t;GeneMark}
155791	155726	INTRON			{Augustus_model.g514.t1;Augustus},{GlimmerHMM_glimmerT_533-T1;GlimmerHMM},{GeneMark_model.574_t;GeneMark}
157212	155792	internal-	5	6	{GlimmerHMM_glimmerT_533-T1;GlimmerHMM},{GeneMark_model.574_t;GeneMark}
157444	157213	INTRON			{GlimmerHMM_glimmerT_533-T1;GlimmerHMM},{GeneMark_model.574_t;GeneMark}
157523	157445	initial-	4	4	{GlimmerHMM_glimmerT_533-T1;GlimmerHMM},{GeneMark_model.574_t;GeneMark}

# EVM prediction: Mode:STANDARD S-ratio: 4.55 158649-159652 orient(-) score(3408.00) noncoding_equivalent(749.75) raw_noncoding(829.48) offset(79.73) 
159295	158649	terminal-	5	6	{snap_scaffold_1-snap.608-T1;snap},{GlimmerHMM_glimmerT_534-T1;GlimmerHMM}
159369	159296	INTRON			{GeneMark_model.575_t;GeneMark},{GlimmerHMM_glimmerT_534-T1;GlimmerHMM},{Augustus_model.g514.t1;Augustus}
159652	159370	initial-	4	4	{GeneMark_model.575_t;GeneMark},{GlimmerHMM_glimmerT_534-T1;GlimmerHMM},{Augustus_model.g514.t1;Augustus}

# EVM prediction: Mode:STANDARD S-ratio: 2.23 159830-164904 orient(+) score(15734.00) noncoding_equivalent(7054.18) raw_noncoding(8774.92) offset(1720.74) 
159830	160006	initial+	1	3	{GeneMark_model.576_t;GeneMark},{Augustus_model.g515.t1;Augustus},{GlimmerHMM_glimmerT_535-T1;GlimmerHMM}
160007	160083	INTRON			{GeneMark_model.576_t;GeneMark},{Augustus_model.g515.t1;Augustus},{GlimmerHMM_glimmerT_535-T1;GlimmerHMM}
160084	160185	internal+	1	3	{GeneMark_model.576_t;GeneMark},{Augustus_model.g515.t1;Augustus},{GlimmerHMM_glimmerT_535-T1;GlimmerHMM}
160186	160263	INTRON			{GeneMark_model.576_t;GeneMark},{Augustus_model.g515.t1;Augustus},{GlimmerHMM_glimmerT_535-T1;GlimmerHMM}
160264	160343	internal+	1	2	{GeneMark_model.576_t;GeneMark},{Augustus_model.g515.t1;Augustus},{GlimmerHMM_glimmerT_535-T1;GlimmerHMM}
160344	160437	INTRON			{GeneMark_model.576_t;GeneMark},{Augustus_model.g515.t1;Augustus},{GlimmerHMM_glimmerT_535-T1;GlimmerHMM}
160438	160540	internal+	3	3	{GeneMark_model.576_t;GeneMark},{Augustus_model.g515.t1;Augustus},{GlimmerHMM_glimmerT_535-T1;GlimmerHMM}
160541	160630	INTRON			{GeneMark_model.576_t;GeneMark},{Augustus_model.g515.t1;Augustus},{GlimmerHMM_glimmerT_535-T1;GlimmerHMM}
160631	160728	internal+	1	2	{GeneMark_model.576_t;GeneMark},{Augustus_model.g515.t1;Augustus},{GlimmerHMM_glimmerT_535-T1;GlimmerHMM}
160729	160804	INTRON			{GeneMark_model.576_t;GeneMark},{Augustus_model.g515.t1;Augustus},{GlimmerHMM_glimmerT_535-T1;GlimmerHMM}
160805	160880	internal+	3	3	{GeneMark_model.576_t;GeneMark},{Augustus_model.g515.t1;Augustus}
160881	160946	INTRON			{GeneMark_model.576_t;GeneMark},{Augustus_model.g515.t1;Augustus}
160947	161155	internal+	1	2	{GeneMark_model.576_t;GeneMark},{Augustus_model.g515.t1;Augustus}
161156	161251	INTRON			{GeneMark_model.576_t;GeneMark},{Augustus_model.g515.t1;Augustus},{GlimmerHMM_glimmerT_535-T1;GlimmerHMM}
161252	161497	internal+	3	2	{GeneMark_model.576_t;GeneMark},{Augustus_model.g515.t1;Augustus},{GlimmerHMM_glimmerT_535-T1;GlimmerHMM}
161498	161600	INTRON			{GeneMark_model.576_t;GeneMark},{Augustus_model.g515.t1;Augustus},{GlimmerHMM_glimmerT_535-T1;GlimmerHMM}
161601	161820	internal+	3	3	{GeneMark_model.576_t;GeneMark},{Augustus_model.g515.t1;Augustus},{GlimmerHMM_glimmerT_535-T1;GlimmerHMM}
161821	161947	INTRON			{GeneMark_model.576_t;GeneMark},{Augustus_model.g515.t1;Augustus},{GlimmerHMM_glimmerT_535-T1;GlimmerHMM}
161948	162077	internal+	1	1	{Augustus_model.g515.t1;Augustus},{GlimmerHMM_glimmerT_535-T1;GlimmerHMM}
162078	162356	INTRON			{Augustus_model.g515.t1;Augustus},{GlimmerHMM_glimmerT_535-T1;GlimmerHMM}
162357	162524	internal+	2	1	{Augustus_model.g515.t1;Augustus},{GlimmerHMM_glimmerT_535-T1;GlimmerHMM}
162525	162666	INTRON			{Augustus_model.g515.t1;Augustus},{GeneMark_model.577_t;GeneMark},{GlimmerHMM_glimmerT_535-T1;GlimmerHMM}
162667	162837	internal+	2	1	{Augustus_model.g515.t1;Augustus},{GeneMark_model.577_t;GeneMark},{GlimmerHMM_glimmerT_535-T1;GlimmerHMM}
162838	162954	INTRON			{Augustus_model.g515.t1;Augustus},{GeneMark_model.577_t;GeneMark},{GlimmerHMM_glimmerT_535-T1;GlimmerHMM}
162955	163212	internal+	2	1	{Augustus_model.g515.t1;Augustus},{GeneMark_model.577_t;GeneMark},{GlimmerHMM_glimmerT_535-T1;GlimmerHMM}
163213	163275	INTRON			{Augustus_model.g515.t1;Augustus},{GeneMark_model.577_t;GeneMark},{GlimmerHMM_glimmerT_535-T1;GlimmerHMM}
163276	163427	internal+	2	3	{Augustus_model.g515.t1;Augustus},{GeneMark_model.577_t;GeneMark},{GlimmerHMM_glimmerT_535-T1;GlimmerHMM}
163428	163487	INTRON			{Augustus_model.g515.t1;Augustus},{GeneMark_model.577_t;GeneMark},{GlimmerHMM_glimmerT_535-T1;GlimmerHMM}
163488	163581	internal+	1	1	{Augustus_model.g515.t1;Augustus},{GeneMark_model.577_t;GeneMark},{GlimmerHMM_glimmerT_535-T1;GlimmerHMM}
163582	163668	INTRON			{Augustus_model.g515.t1;Augustus},{GeneMark_model.577_t;GeneMark},{GlimmerHMM_glimmerT_535-T1;GlimmerHMM}
163669	164111	internal+	2	3	{GeneMark_model.577_t;GeneMark},{GlimmerHMM_glimmerT_535-T1;GlimmerHMM}
164112	164180	INTRON			{Augustus_model.g515.t1;Augustus},{GeneMark_model.577_t;GeneMark},{GlimmerHMM_glimmerT_535-T1;GlimmerHMM}
164181	164489	internal+	1	3	{Augustus_model.g515.t1;Augustus},{GeneMark_model.577_t;GeneMark},{GlimmerHMM_glimmerT_535-T1;GlimmerHMM}
164490	164559	INTRON			{GeneMark_model.577_t;GeneMark},{GlimmerHMM_glimmerT_535-T1;GlimmerHMM}
164560	164904	terminal+	1	3	{GeneMark_model.577_t;GeneMark},{GlimmerHMM_glimmerT_535-T1;GlimmerHMM}

# EVM prediction: Mode:STANDARD S-ratio: 2.00 165300-167894 orient(+) score(6927.00) noncoding_equivalent(3455.51) raw_noncoding(4168.04) offset(712.53) 
165300	165316	initial+	1	2	{GeneMark_model.578_t;GeneMark}
165317	165373	INTRON			{GeneMark_model.578_t;GeneMark}
165374	165491	internal+	3	3	{GeneMark_model.578_t;GeneMark}
165492	165551	INTRON			{GeneMark_model.578_t;GeneMark},{Augustus_model.g515.t1;Augustus}
165552	165793	internal+	1	2	{GeneMark_model.578_t;GeneMark},{Augustus_model.g515.t1;Augustus}
165794	165856	INTRON			{GeneMark_model.578_t;GeneMark},{Augustus_model.g515.t1;Augustus},{GlimmerHMM_glimmerT_536-T1;GlimmerHMM}
165857	166847	internal+	3	3	{GeneMark_model.578_t;GeneMark},{Augustus_model.g515.t1;Augustus}
166848	166906	INTRON			{GeneMark_model.578_t;GeneMark},{Augustus_model.g515.t1;Augustus}
166907	167197	internal+	1	3	{GeneMark_model.578_t;GeneMark},{GlimmerHMM_glimmerT_536-T1;GlimmerHMM}
167198	167269	INTRON			{GeneMark_model.578_t;GeneMark},{GlimmerHMM_glimmerT_536-T1;GlimmerHMM}
167270	167483	internal+	1	1	{GeneMark_model.578_t;GeneMark},{GlimmerHMM_glimmerT_536-T1;GlimmerHMM}
167484	167544	INTRON			{GeneMark_model.578_t;GeneMark},{GlimmerHMM_glimmerT_536-T1;GlimmerHMM}
167545	167894	terminal+	2	3	{GeneMark_model.578_t;GeneMark},{GlimmerHMM_glimmerT_536-T1;GlimmerHMM}

# EVM prediction: Mode:STANDARD S-ratio: 4.80 168090-169517 orient(-) score(4726.00) noncoding_equivalent(985.23) raw_noncoding(1254.00) offset(268.77) 
168477	168090	terminal-	6	6	{GeneMark_model.579_t;GeneMark},{GlimmerHMM_glimmerT_537-T1;GlimmerHMM}
168657	168478	INTRON			{GeneMark_model.579_t;GeneMark},{GlimmerHMM_glimmerT_537-T1;GlimmerHMM}
169517	168658	initial-	4	5	{Augustus_model.g516.t1;Augustus}

# EVM prediction: Mode:STANDARD S-ratio: 2.31 169723-170500 orient(+) score(3073.00) noncoding_equivalent(1332.00) raw_noncoding(1627.00) offset(295.00) 
169723	169806	initial+	1	3	{GeneMark_model.580_t;GeneMark},{GlimmerHMM_glimmerT_538-T1;GlimmerHMM},{Augustus_model.g517.t1;Augustus}
169807	169874	INTRON			{GeneMark_model.580_t;GeneMark},{GlimmerHMM_glimmerT_538-T1;GlimmerHMM},{Augustus_model.g517.t1;Augustus},{ev_type:exonerate/ID=match.2566964.485/Target=lcl|KQ954532_1_prot_KWU41591_1_6038;exonerate}
169875	169977	internal+	1	1	{GeneMark_model.580_t;GeneMark},{GlimmerHMM_glimmerT_538-T1;GlimmerHMM},{Augustus_model.g517.t1;Augustus},{ev_type:exonerate/ID=match.2566964.485/Target=lcl|KQ954532_1_prot_KWU41591_1_6038;exonerate}
169978	170064	INTRON			{GeneMark_model.580_t;GeneMark},{GlimmerHMM_glimmerT_538-T1;GlimmerHMM},{Augustus_model.g517.t1;Augustus},{ev_type:exonerate/ID=match.2566964.485/Target=lcl|KQ954532_1_prot_KWU41591_1_6038;exonerate}
170065	170171	internal+	2	3	{GeneMark_model.580_t;GeneMark},{GlimmerHMM_glimmerT_538-T1;GlimmerHMM},{Augustus_model.g517.t1;Augustus},{ev_type:exonerate/ID=match.2566964.485/Target=lcl|KQ954532_1_prot_KWU41591_1_6038;exonerate}
170172	170299	INTRON			{GeneMark_model.580_t;GeneMark},{GlimmerHMM_glimmerT_538-T1;GlimmerHMM},{Augustus_model.g517.t1;Augustus},{ev_type:exonerate/ID=match.2566964.485/Target=lcl|KQ954532_1_prot_KWU41591_1_6038;exonerate}
170300	170500	terminal+	1	3	{GeneMark_model.580_t;GeneMark},{GlimmerHMM_glimmerT_538-T1;GlimmerHMM},{Augustus_model.g517.t1;Augustus}

# EVM prediction: Mode:STANDARD S-ratio: 5.37 170795-172863 orient(-) score(7292.00) noncoding_equivalent(1359.11) raw_noncoding(1433.18) offset(74.07) 
171806	170795	terminal-	6	6	{GeneMark_model.581_t;GeneMark},{GlimmerHMM_glimmerT_539-T1;GlimmerHMM},{Augustus_model.g518.t1;Augustus},{snap_scaffold_1-snap.614-T1;snap}
171872	171807	INTRON			{GeneMark_model.581_t;GeneMark},{GlimmerHMM_glimmerT_539-T1;GlimmerHMM},{Augustus_model.g518.t1;Augustus},{snap_scaffold_1-snap.614-T1;snap}
172462	171873	internal-	4	5	{GeneMark_model.581_t;GeneMark},{GlimmerHMM_glimmerT_539-T1;GlimmerHMM},{Augustus_model.g518.t1;Augustus}
172524	172463	INTRON			{GeneMark_model.581_t;GeneMark},{GlimmerHMM_glimmerT_539-T1;GlimmerHMM},{Augustus_model.g518.t1;Augustus}
172863	172525	initial-	4	6	{GeneMark_model.581_t;GeneMark},{GlimmerHMM_glimmerT_539-T1;GlimmerHMM},{Augustus_model.g518.t1;Augustus}

# EVM prediction: Mode:STANDARD S-ratio: 2.20 173824-174464 orient(+) score(1850.00) noncoding_equivalent(842.00) raw_noncoding(1022.00) offset(180.00) 
173824	173881	initial+	1	1	{Augustus_model.g519.t1;Augustus},{GeneMark_model.582_t;GeneMark}
173882	173954	INTRON			{Augustus_model.g519.t1;Augustus},{GeneMark_model.582_t;GeneMark}
173955	174173	internal+	2	1	{Augustus_model.g519.t1;Augustus},{GlimmerHMM_glimmerT_540-T1;GlimmerHMM},{GeneMark_model.582_t;GeneMark}
174174	174240	INTRON			{Augustus_model.g519.t1;Augustus},{GlimmerHMM_glimmerT_540-T1;GlimmerHMM},{GeneMark_model.582_t;GeneMark}
174241	174464	terminal+	2	3	{Augustus_model.g519.t1;Augustus},{GlimmerHMM_glimmerT_540-T1;GlimmerHMM},{GeneMark_model.582_t;GeneMark}

# EVM prediction: Mode:STANDARD S-ratio: 4.69 174572-175281 orient(-) score(2430.00) noncoding_equivalent(517.72) raw_noncoding(578.00) offset(60.28) 
174857	174572	terminal-	6	6	{snap_scaffold_1-snap.615-T1;snap},{GlimmerHMM_glimmerT_541-T1;GlimmerHMM},{Augustus_model.g520.t1;Augustus},{GeneMark_model.583_t;GeneMark}
174913	174858	INTRON			{GlimmerHMM_glimmerT_541-T1;GlimmerHMM},{Augustus_model.g520.t1;Augustus},{GeneMark_model.583_t;GeneMark}
175281	174914	initial-	4	5	{GlimmerHMM_glimmerT_541-T1;GlimmerHMM},{Augustus_model.g520.t1;Augustus}

# EVM prediction: Mode:STANDARD S-ratio: 10.65 176297-179828 orient(-) score(12935.00) noncoding_equivalent(1214.83) raw_noncoding(1608.04) offset(393.21) 
176356	176297	terminal-	4	6	{GlimmerHMM_glimmerT_542-T1;GlimmerHMM},{Augustus_model.g521.t1;Augustus}
176400	176357	INTRON			{Augustus_model.g521.t1;Augustus}
176852	176401	internal-	5	6	{Augustus_model.g521.t1;Augustus}
176911	176853	INTRON			{GlimmerHMM_glimmerT_542-T1;GlimmerHMM},{Augustus_model.g521.t1;Augustus},{GeneMark_model.583_t;GeneMark}
179406	176912	internal-	6	4	{GlimmerHMM_glimmerT_542-T1;GlimmerHMM},{Augustus_model.g521.t1;Augustus},{GeneMark_model.583_t;GeneMark}
179496	179407	INTRON			{Augustus_model.g521.t1;Augustus},{GeneMark_model.583_t;GeneMark}
179579	179497	internal-	4	5	{Augustus_model.g521.t1;Augustus},{GeneMark_model.583_t;GeneMark}
179660	179580	INTRON			{Augustus_model.g521.t1;Augustus},{GeneMark_model.583_t;GeneMark}
179828	179661	initial-	4	6	{Augustus_model.g521.t1;Augustus},{GeneMark_model.583_t;GeneMark}

# EVM prediction: Mode:STANDARD S-ratio: 5.66 180160-183854 orient(-) score(12911.00) noncoding_equivalent(2280.89) raw_noncoding(2457.01) offset(176.12) 
180516	180160	terminal-	4	6	{GeneMark_model.584_t;GeneMark},{snap_scaffold_1-snap.617-T1;snap},{Augustus_model.g522.t1;Augustus}
180592	180517	INTRON			{GlimmerHMM_glimmerT_542-T1;GlimmerHMM},{GeneMark_model.584_t;GeneMark},{Augustus_model.g522.t1;Augustus}
181039	180593	internal-	4	6	{GlimmerHMM_glimmerT_542-T1;GlimmerHMM},{GeneMark_model.584_t;GeneMark},{Augustus_model.g522.t1;Augustus}
181110	181040	INTRON			{GlimmerHMM_glimmerT_542-T1;GlimmerHMM},{GeneMark_model.584_t;GeneMark},{Augustus_model.g522.t1;Augustus}
181344	181111	internal-	4	6	{GeneMark_model.584_t;GeneMark},{Augustus_model.g522.t1;Augustus}
181416	181345	INTRON			{GeneMark_model.584_t;GeneMark},{Augustus_model.g522.t1;Augustus}
182720	181417	internal-	5	6	{GeneMark_model.584_t;GeneMark},{Augustus_model.g522.t1;Augustus}
182788	182721	INTRON			{GlimmerHMM_glimmerT_542-T1;GlimmerHMM},{GeneMark_model.584_t;GeneMark},{Augustus_model.g522.t1;Augustus}
183854	182789	initial-	4	4	{GlimmerHMM_glimmerT_542-T1;GlimmerHMM},{GeneMark_model.584_t;GeneMark},{Augustus_model.g522.t1;Augustus}

# EVM prediction: Mode:STANDARD S-ratio: 6.43 184274-186238 orient(+) score(7131.00) noncoding_equivalent(1108.42) raw_noncoding(1302.00) offset(193.58) 
184274	185010	initial+	1	2	{GlimmerHMM_glimmerT_543-T1;GlimmerHMM},{GeneMark_model.585_t;GeneMark},{Augustus_model.g523.t1;Augustus}
185011	185082	INTRON			{GlimmerHMM_glimmerT_543-T1;GlimmerHMM},{GeneMark_model.585_t;GeneMark},{Augustus_model.g523.t1;Augustus}
185083	185137	internal+	3	3	{GlimmerHMM_glimmerT_543-T1;GlimmerHMM},{GeneMark_model.585_t;GeneMark},{Augustus_model.g523.t1;Augustus}
185138	185197	INTRON			{GlimmerHMM_glimmerT_543-T1;GlimmerHMM},{GeneMark_model.585_t;GeneMark},{Augustus_model.g523.t1;Augustus}
185198	185292	internal+	1	2	{GlimmerHMM_glimmerT_543-T1;GlimmerHMM},{GeneMark_model.585_t;GeneMark},{Augustus_model.g523.t1;Augustus}
185293	185358	INTRON			{GlimmerHMM_glimmerT_543-T1;GlimmerHMM},{GeneMark_model.585_t;GeneMark},{Augustus_model.g523.t1;Augustus}
185359	185574	internal+	3	2	{GeneMark_model.585_t;GeneMark},{Augustus_model.g523.t1;Augustus}
185575	185673	INTRON			{GeneMark_model.585_t;GeneMark},{Augustus_model.g523.t1;Augustus}
185674	186238	terminal+	3	3	{GeneMark_model.585_t;GeneMark},{Augustus_model.g523.t1;Augustus}

# EVM prediction: Mode:STANDARD S-ratio: 4.16 186389-189015 orient(-) score(16819.00) noncoding_equivalent(4041.64) raw_noncoding(4976.54) offset(934.90) 
186554	186389	terminal-	6	6	{GeneMark_model.586_t;GeneMark},{GlimmerHMM_glimmerT_544-T1;GlimmerHMM},{HiQ_model.g524.t1;HiQ}
186637	186555	INTRON			{GeneMark_model.586_t;GeneMark},{GlimmerHMM_glimmerT_544-T1;GlimmerHMM},{HiQ_model.g524.t1;HiQ},{ev_type:exonerate/ID=match.2566964.81/Target=lcl|KQ954532_1_prot_KWU41597_1_6044;exonerate},{ev_type:exonerate/ID=match.2566964.80/Target=lcl|PJQD01000115_1_prot_POY70557_1_374;exonerate}
186776	186638	internal-	5	5	{GeneMark_model.586_t;GeneMark},{GlimmerHMM_glimmerT_544-T1;GlimmerHMM},{HiQ_model.g524.t1;HiQ},{ev_type:exonerate/ID=match.2566964.81/Target=lcl|KQ954532_1_prot_KWU41597_1_6044;exonerate},{ev_type:exonerate/ID=match.2566964.80/Target=lcl|PJQD01000115_1_prot_POY70557_1_374;exonerate}
186845	186777	INTRON			{GeneMark_model.586_t;GeneMark},{GlimmerHMM_glimmerT_544-T1;GlimmerHMM},{HiQ_model.g524.t1;HiQ},{ev_type:exonerate/ID=match.2566964.81/Target=lcl|KQ954532_1_prot_KWU41597_1_6044;exonerate},{ev_type:exonerate/ID=match.2566964.80/Target=lcl|PJQD01000115_1_prot_POY70557_1_374;exonerate}
186957	186846	internal-	4	4	{GeneMark_model.586_t;GeneMark},{GlimmerHMM_glimmerT_544-T1;GlimmerHMM},{HiQ_model.g524.t1;HiQ},{ev_type:exonerate/ID=match.2566964.81/Target=lcl|KQ954532_1_prot_KWU41597_1_6044;exonerate},{ev_type:exonerate/ID=match.2566964.80/Target=lcl|PJQD01000115_1_prot_POY70557_1_374;exonerate}
187022	186958	INTRON			{GeneMark_model.586_t;GeneMark},{GlimmerHMM_glimmerT_544-T1;GlimmerHMM},{HiQ_model.g524.t1;HiQ},{ev_type:exonerate/ID=match.2566964.81/Target=lcl|KQ954532_1_prot_KWU41597_1_6044;exonerate},{ev_type:exonerate/ID=match.2566964.80/Target=lcl|PJQD01000115_1_prot_POY70557_1_374;exonerate}
187366	187023	internal-	5	6	{GeneMark_model.586_t;GeneMark},{HiQ_model.g524.t1;HiQ},{ev_type:exonerate/ID=match.2566964.81/Target=lcl|KQ954532_1_prot_KWU41597_1_6044;exonerate},{ev_type:exonerate/ID=match.2566964.80/Target=lcl|PJQD01000115_1_prot_POY70557_1_374;exonerate}
187438	187367	INTRON			{GeneMark_model.586_t;GeneMark},{HiQ_model.g524.t1;HiQ},{ev_type:exonerate/ID=match.2566964.81/Target=lcl|KQ954532_1_prot_KWU41597_1_6044;exonerate},{ev_type:exonerate/ID=match.2566964.80/Target=lcl|PJQD01000115_1_prot_POY70557_1_374;exonerate}
187745	187439	internal-	4	4	{GeneMark_model.586_t;GeneMark},{GlimmerHMM_glimmerT_544-T1;GlimmerHMM},{HiQ_model.g524.t1;HiQ},{ev_type:exonerate/ID=match.2566964.81/Target=lcl|KQ954532_1_prot_KWU41597_1_6044;exonerate},{ev_type:exonerate/ID=match.2566964.80/Target=lcl|PJQD01000115_1_prot_POY70557_1_374;exonerate}
187805	187746	INTRON			{GeneMark_model.586_t;GeneMark},{GlimmerHMM_glimmerT_544-T1;GlimmerHMM},{HiQ_model.g524.t1;HiQ},{ev_type:exonerate/ID=match.2566964.81/Target=lcl|KQ954532_1_prot_KWU41597_1_6044;exonerate},{ev_type:exonerate/ID=match.2566964.80/Target=lcl|PJQD01000115_1_prot_POY70557_1_374;exonerate}
188382	187806	internal-	6	6	{GeneMark_model.586_t;GeneMark},{GlimmerHMM_glimmerT_544-T1;GlimmerHMM},{HiQ_model.g524.t1;HiQ},{ev_type:exonerate/ID=match.2566964.81/Target=lcl|KQ954532_1_prot_KWU41597_1_6044;exonerate},{ev_type:exonerate/ID=match.2566964.80/Target=lcl|PJQD01000115_1_prot_POY70557_1_374;exonerate}
188451	188383	INTRON			{GeneMark_model.586_t;GeneMark},{GlimmerHMM_glimmerT_544-T1;GlimmerHMM},{HiQ_model.g524.t1;HiQ},{ev_type:exonerate/ID=match.2566964.81/Target=lcl|KQ954532_1_prot_KWU41597_1_6044;exonerate},{ev_type:exonerate/ID=match.2566964.80/Target=lcl|PJQD01000115_1_prot_POY70557_1_374;exonerate}
188831	188452	internal-	4	5	{GeneMark_model.586_t;GeneMark},{GlimmerHMM_glimmerT_544-T1;GlimmerHMM},{HiQ_model.g524.t1;HiQ},{ev_type:exonerate/ID=match.2566964.81/Target=lcl|KQ954532_1_prot_KWU41597_1_6044;exonerate},{ev_type:exonerate/ID=match.2566964.80/Target=lcl|PJQD01000115_1_prot_POY70557_1_374;exonerate}
188946	188832	INTRON			{GeneMark_model.586_t;GeneMark},{GlimmerHMM_glimmerT_544-T1;GlimmerHMM},{HiQ_model.g524.t1;HiQ},{ev_type:exonerate/ID=match.2566964.81/Target=lcl|KQ954532_1_prot_KWU41597_1_6044;exonerate},{ev_type:exonerate/ID=match.2566964.80/Target=lcl|PJQD01000115_1_prot_POY70557_1_374;exonerate}
189015	188947	initial-	4	6	{GeneMark_model.586_t;GeneMark},{GlimmerHMM_glimmerT_544-T1;GlimmerHMM},{HiQ_model.g524.t1;HiQ}

# EVM prediction: Mode:STANDARD S-ratio: 9.48 189465-194691 orient(-) score(21644.00) noncoding_equivalent(2284.06) raw_noncoding(2492.22) offset(208.16) 
189869	189465	terminal-	4	6	{GeneMark_model.587_t;GeneMark},{GlimmerHMM_glimmerT_545-T1;GlimmerHMM},{Augustus_model.g525.t1;Augustus}
189942	189870	INTRON			{GeneMark_model.587_t;GeneMark},{GlimmerHMM_glimmerT_545-T1;GlimmerHMM},{Augustus_model.g525.t1;Augustus}
190590	189943	internal-	4	6	{GeneMark_model.587_t;GeneMark},{GlimmerHMM_glimmerT_545-T1;GlimmerHMM},{Augustus_model.g525.t1;Augustus}
190655	190591	INTRON			{GeneMark_model.587_t;GeneMark},{GlimmerHMM_glimmerT_545-T1;GlimmerHMM},{Augustus_model.g525.t1;Augustus},{ev_type:exonerate/ID=match.2566964.237/Target=lcl|NW_017264928_1_prot_XP_018274109_1_169;exonerate},{ev_type:exonerate/ID=match.2566964.228/Target=lcl|KQ954532_1_prot_KWU41598_1_6045;exonerate}
193448	190656	internal-	4	6	{GeneMark_model.587_t;GeneMark},{GlimmerHMM_glimmerT_545-T1;GlimmerHMM},{Augustus_model.g525.t1;Augustus}
193525	193449	INTRON			{GeneMark_model.587_t;GeneMark},{GlimmerHMM_glimmerT_545-T1;GlimmerHMM},{Augustus_model.g525.t1;Augustus}
194295	193526	internal-	5	6	{GeneMark_model.587_t;GeneMark},{GlimmerHMM_glimmerT_545-T1;GlimmerHMM},{Augustus_model.g525.t1;Augustus}
194384	194296	INTRON			{GeneMark_model.587_t;GeneMark},{GlimmerHMM_glimmerT_545-T1;GlimmerHMM},{Augustus_model.g525.t1;Augustus}
194691	194385	initial-	4	4	{GeneMark_model.587_t;GeneMark},{GlimmerHMM_glimmerT_545-T1;GlimmerHMM},{Augustus_model.g525.t1;Augustus}

# EVM prediction: Mode:STANDARD S-ratio: 1.70 195958-197060 orient(-) score(3193.00) noncoding_equivalent(1882.94) raw_noncoding(2602.13) offset(719.19) 
196199	195958	terminal-	5	6	{GlimmerHMM_glimmerT_546-T1;GlimmerHMM},{snap_scaffold_1-snap.625-T1;snap}
196385	196200	INTRON			{GeneMark_model.588_t;GeneMark},{GlimmerHMM_glimmerT_546-T1;GlimmerHMM},{Augustus_model.g526.t1;Augustus}
196482	196386	internal-	4	4	{GeneMark_model.588_t;GeneMark},{Augustus_model.g526.t1;Augustus}
196553	196483	INTRON			{GeneMark_model.588_t;GeneMark},{Augustus_model.g526.t1;Augustus}
196575	196554	internal-	6	6	{GeneMark_model.588_t;GeneMark},{GlimmerHMM_glimmerT_546-T1;GlimmerHMM},{Augustus_model.g526.t1;Augustus}
196640	196576	INTRON			{GeneMark_model.588_t;GeneMark},{GlimmerHMM_glimmerT_546-T1;GlimmerHMM},{Augustus_model.g526.t1;Augustus}
196741	196641	internal-	4	5	{GeneMark_model.588_t;GeneMark},{GlimmerHMM_glimmerT_546-T1;GlimmerHMM},{Augustus_model.g526.t1;Augustus}
196828	196742	INTRON			{GeneMark_model.588_t;GeneMark},{GlimmerHMM_glimmerT_546-T1;GlimmerHMM},{Augustus_model.g526.t1;Augustus}
196914	196829	internal-	5	6	{GeneMark_model.588_t;GeneMark},{GlimmerHMM_glimmerT_546-T1;GlimmerHMM}
197026	196915	INTRON			{GeneMark_model.588_t;GeneMark},{GlimmerHMM_glimmerT_546-T1;GlimmerHMM}
197060	197027	initial-	4	4	{GeneMark_model.588_t;GeneMark},{GlimmerHMM_glimmerT_546-T1;GlimmerHMM}

# EVM prediction: Mode:STANDARD S-ratio: 12.66 197388-199879 orient(-) score(9510.00) noncoding_equivalent(751.28) raw_noncoding(905.00) offset(153.72) 
199458	197388	terminal-	6	6	{Augustus_model.g527.t1;Augustus},{GlimmerHMM_glimmerT_547-T1;GlimmerHMM},{GeneMark_model.589_t;GeneMark},{snap_scaffold_1-snap.626-T1;snap}
199607	199459	INTRON			{Augustus_model.g527.t1;Augustus},{GlimmerHMM_glimmerT_547-T1;GlimmerHMM},{GeneMark_model.589_t;GeneMark}
199879	199608	initial-	4	5	{Augustus_model.g527.t1;Augustus},{GeneMark_model.589_t;GeneMark}

# EVM prediction: Mode:STANDARD S-ratio: 1.93 200318-202168 orient(-) score(5020.00) noncoding_equivalent(2597.16) raw_noncoding(3724.53) offset(1127.38) 
200363	200318	terminal-	6	6	{GlimmerHMM_glimmerT_548-T1;GlimmerHMM},{Augustus_model.g528.t1;Augustus}
200427	200364	INTRON			{GeneMark_model.590_t;GeneMark},{Augustus_model.g528.t1;Augustus}
200478	200428	internal-	6	5	{GeneMark_model.590_t;GeneMark},{Augustus_model.g528.t1;Augustus}
200552	200479	INTRON			{GeneMark_model.590_t;GeneMark},{Augustus_model.g528.t1;Augustus}
200856	200553	internal-	5	5	{GeneMark_model.590_t;GeneMark},{GlimmerHMM_glimmerT_548-T1;GlimmerHMM},{Augustus_model.g528.t1;Augustus}
200920	200857	INTRON			{GeneMark_model.590_t;GeneMark},{GlimmerHMM_glimmerT_548-T1;GlimmerHMM},{Augustus_model.g528.t1;Augustus}
201183	200921	internal-	6	4	{GeneMark_model.590_t;GeneMark},{GlimmerHMM_glimmerT_548-T1;GlimmerHMM},{Augustus_model.g528.t1;Augustus}
201257	201184	INTRON			{GeneMark_model.590_t;GeneMark},{Augustus_model.g528.t1;Augustus}
201355	201258	internal-	4	5	{GeneMark_model.590_t;GeneMark},{Augustus_model.g528.t1;Augustus}
201420	201356	INTRON			{GeneMark_model.590_t;GeneMark}
201625	201421	internal-	6	6	{GeneMark_model.590_t;GeneMark}
201739	201626	INTRON			{GeneMark_model.590_t;GeneMark},{GlimmerHMM_glimmerT_548-T1;GlimmerHMM},{Augustus_model.g528.t1;Augustus}
201890	201740	internal-	5	5	{GeneMark_model.590_t;GeneMark},{GlimmerHMM_glimmerT_548-T1;GlimmerHMM},{Augustus_model.g528.t1;Augustus}
201958	201891	INTRON			{GeneMark_model.590_t;GeneMark},{Augustus_model.g528.t1;Augustus}
201991	201959	internal-	5	4	{GeneMark_model.590_t;GeneMark},{Augustus_model.g528.t1;Augustus}
202052	201992	INTRON			{GeneMark_model.590_t;GeneMark},{Augustus_model.g528.t1;Augustus}
202098	202053	internal-	4	4	{GeneMark_model.590_t;GeneMark},{Augustus_model.g528.t1;Augustus}
202165	202099	INTRON			{GeneMark_model.590_t;GeneMark},{Augustus_model.g528.t1;Augustus}
202168	202166	initial-	4	6	{GeneMark_model.590_t;GeneMark}

# EVM prediction: Mode:STANDARD S-ratio: 1.56 202380-203370 orient(-) score(2486.00) noncoding_equivalent(1591.20) raw_noncoding(2193.71) offset(602.50) 
202479	202380	terminal-	6	6	{GeneMark_model.591_t;GeneMark}
202543	202480	INTRON			{GeneMark_model.591_t;GeneMark},{Augustus_model.g528.t1;Augustus}
202637	202544	internal-	5	5	{GeneMark_model.591_t;GeneMark},{GlimmerHMM_glimmerT_548-T1;GlimmerHMM},{Augustus_model.g528.t1;Augustus}
202705	202638	INTRON			{GeneMark_model.591_t;GeneMark},{Augustus_model.g528.t1;Augustus}
202775	202706	internal-	4	4	{GeneMark_model.591_t;GeneMark},{Augustus_model.g528.t1;Augustus}
202848	202776	INTRON			{GeneMark_model.591_t;GeneMark},{Augustus_model.g528.t1;Augustus}
202895	202849	internal-	5	6	{GeneMark_model.591_t;GeneMark},{Augustus_model.g528.t1;Augustus}
202959	202896	INTRON			{GeneMark_model.591_t;GeneMark},{Augustus_model.g528.t1;Augustus}
203205	202960	internal-	5	4	{GeneMark_model.591_t;GeneMark},{GlimmerHMM_glimmerT_548-T1;GlimmerHMM},{Augustus_model.g528.t1;Augustus}
203264	203206	INTRON			{GeneMark_model.591_t;GeneMark},{GlimmerHMM_glimmerT_548-T1;GlimmerHMM},{Augustus_model.g528.t1;Augustus}
203370	203265	initial-	4	4	{GeneMark_model.591_t;GeneMark},{GlimmerHMM_glimmerT_548-T1;GlimmerHMM},{Augustus_model.g528.t1;Augustus}

# EVM prediction: Mode:STANDARD S-ratio: 1.85 204099-205117 orient(+) score(2918.00) noncoding_equivalent(1576.13) raw_noncoding(2060.00) offset(483.87) 
204099	204273	initial+	1	1	{GlimmerHMM_glimmerT_549-T1;GlimmerHMM},{Augustus_model.g529.t1;Augustus},{GeneMark_model.592_t;GeneMark}
204274	204380	INTRON			{GlimmerHMM_glimmerT_549-T1;GlimmerHMM},{Augustus_model.g529.t1;Augustus},{GeneMark_model.592_t;GeneMark}
204381	204617	internal+	2	1	{GlimmerHMM_glimmerT_549-T1;GlimmerHMM},{Augustus_model.g529.t1;Augustus},{GeneMark_model.592_t;GeneMark}
204618	204747	INTRON			{GlimmerHMM_glimmerT_549-T1;GlimmerHMM},{GeneMark_model.592_t;GeneMark}
204748	204862	internal+	2	2	{GlimmerHMM_glimmerT_549-T1;GlimmerHMM},{GeneMark_model.592_t;GeneMark}
204863	204969	INTRON			{GlimmerHMM_glimmerT_549-T1;GlimmerHMM},{Augustus_model.g529.t1;Augustus},{GeneMark_model.592_t;GeneMark}
204970	205117	terminal+	3	3	{GlimmerHMM_glimmerT_549-T1;GlimmerHMM},{Augustus_model.g529.t1;Augustus},{GeneMark_model.592_t;GeneMark}

# EVM prediction: Mode:STANDARD S-ratio: 1.86 205464-206832 orient(-) score(3765.00) noncoding_equivalent(2019.71) raw_noncoding(2983.33) offset(963.62) 
205573	205464	terminal-	5	6	{GeneMark_model.593_t;GeneMark},{Augustus_model.g530.t1;Augustus},{GlimmerHMM_glimmerT_550-T1;GlimmerHMM}
205819	205574	INTRON			{GeneMark_model.593_t;GeneMark},{Augustus_model.g530.t1;Augustus},{GlimmerHMM_glimmerT_550-T1;GlimmerHMM}
206044	205820	internal-	5	4	{GeneMark_model.593_t;GeneMark},{Augustus_model.g530.t1;Augustus},{GlimmerHMM_glimmerT_550-T1;GlimmerHMM}
206113	206045	INTRON			{GeneMark_model.593_t;GeneMark},{Augustus_model.g530.t1;Augustus},{GlimmerHMM_glimmerT_550-T1;GlimmerHMM}
206132	206114	internal-	4	4	{GeneMark_model.593_t;GeneMark},{Augustus_model.g530.t1;Augustus},{GlimmerHMM_glimmerT_550-T1;GlimmerHMM}
206216	206133	INTRON			{GeneMark_model.593_t;GeneMark},{Augustus_model.g530.t1;Augustus},{GlimmerHMM_glimmerT_550-T1;GlimmerHMM}
206539	206217	internal-	5	6	{Augustus_model.g530.t1;Augustus}
206777	206540	INTRON			{Augustus_model.g530.t1;Augustus}
206832	206778	initial-	4	4	{Augustus_model.g530.t1;Augustus},{GlimmerHMM_glimmerT_550-T1;GlimmerHMM}

# EVM prediction: Mode:STANDARD S-ratio: 2.03 207314-211190 orient(+) score(10180.00) noncoding_equivalent(5004.02) raw_noncoding(5214.02) offset(210.00) 
207314	209400	initial+	1	2	{GlimmerHMM_glimmerT_551-T1;GlimmerHMM},{GeneMark_model.594_t;GeneMark}
209401	209471	INTRON			{GlimmerHMM_glimmerT_551-T1;GlimmerHMM},{GeneMark_model.594_t;GeneMark}
209472	210262	internal+	3	1	{GlimmerHMM_glimmerT_551-T1;GlimmerHMM},{GeneMark_model.594_t;GeneMark}
210263	210330	INTRON			{Augustus_model.g531.t1;Augustus},{GlimmerHMM_glimmerT_551-T1;GlimmerHMM},{GeneMark_model.594_t;GeneMark}
210331	211190	terminal+	2	3	{Augustus_model.g531.t1;Augustus},{GeneMark_model.594_t;GeneMark}

# EVM prediction: Mode:STANDARD S-ratio: 8.85 211565-212748 orient(+) score(4253.00) noncoding_equivalent(480.31) raw_noncoding(622.84) offset(142.52) 
211565	211706	initial+	1	1	{GeneMark_model.595_t;GeneMark},{Augustus_model.g532.t1;Augustus}
211707	211777	INTRON			{GeneMark_model.595_t;GeneMark},{Augustus_model.g532.t1;Augustus}
211778	212748	terminal+	2	3	{GeneMark_model.595_t;GeneMark},{GlimmerHMM_glimmerT_551-T1;GlimmerHMM},{Augustus_model.g532.t1;Augustus}

