# EVM prediction: Mode:STANDARD S-ratio: 5.50 402-2355 orient(-) score(6814.00) noncoding_equivalent(1238.38) raw_noncoding(1694.95) offset(456.58)
1061	402	terminal-	4	6	{GeneMark_model.720_t;GeneMark},{snap_scaffold_2-snap.1-T1;snap}
1121	1062	INTRON			{GeneMark_model.720_t;GeneMark},{Augustus_model.g544.t1;Augustus}
1322	1122	internal-	4	6	{GeneMark_model.720_t;GeneMark},{Augustus_model.g544.t1;Augustus}
1383	1323	INTRON			{GeneMark_model.720_t;GeneMark},{GlimmerHMM_glimmerT_658-T1;GlimmerHMM},{Augustus_model.g544.t1;Augustus}
2011	1384	internal-	6	6	{GeneMark_model.720_t;GeneMark},{GlimmerHMM_glimmerT_658-T1;GlimmerHMM},{Augustus_model.g544.t1;Augustus}
2075	2012	INTRON			{snap_scaffold_2-snap.2-T1;snap},{GeneMark_model.720_t;GeneMark},{Augustus_model.g544.t1;Augustus}
2109	2076	internal-	5	5	{GeneMark_model.720_t;GeneMark},{Augustus_model.g544.t1;Augustus}
2170	2110	INTRON			{GeneMark_model.720_t;GeneMark},{Augustus_model.g544.t1;Augustus}
2194	2171	internal-	5	4	{GeneMark_model.720_t;GeneMark},{Augustus_model.g544.t1;Augustus}
2282	2195	INTRON			{GeneMark_model.720_t;GeneMark},{Augustus_model.g544.t1;Augustus}
2355	2283	initial-	4	4	{GeneMark_model.720_t;GeneMark},{Augustus_model.g544.t1;Augustus}

# EVM prediction: Mode:STANDARD S-ratio: 2.21 2599-3845 orient(-) score(3823.00) noncoding_equivalent(1728.62) raw_noncoding(2253.37) offset(524.75)
2671	2599	terminal-	6	6	{Augustus_model.g545.t1;Augustus},{GeneMark_model.721_t;GeneMark}
2730	2672	INTRON			{Augustus_model.g545.t1;Augustus},{GeneMark_model.721_t;GeneMark}
2911	2731	internal-	5	5	{Augustus_model.g545.t1;Augustus},{GeneMark_model.721_t;GeneMark},{GlimmerHMM_glimmerT_658-T1;GlimmerHMM}
3043	2912	INTRON			{Augustus_model.g545.t1;Augustus},{GeneMark_model.721_t;GeneMark},{GlimmerHMM_glimmerT_658-T1;GlimmerHMM}
3181	3044	internal-	5	4	{Augustus_model.g545.t1;Augustus},{GeneMark_model.721_t;GeneMark},{GlimmerHMM_glimmerT_658-T1;GlimmerHMM}
3250	3182	INTRON			{Augustus_model.g545.t1;Augustus},{GeneMark_model.721_t;GeneMark},{GlimmerHMM_glimmerT_658-T1;GlimmerHMM}
3481	3251	internal-	5	4	{Augustus_model.g545.t1;Augustus},{GeneMark_model.721_t;GeneMark},{GlimmerHMM_glimmerT_658-T1;GlimmerHMM}
3570	3482	INTRON			{Augustus_model.g545.t1;Augustus},{GeneMark_model.721_t;GeneMark},{GlimmerHMM_glimmerT_658-T1;GlimmerHMM}
3643	3571	internal-	4	4	{Augustus_model.g545.t1;Augustus},{GeneMark_model.721_t;GeneMark},{GlimmerHMM_glimmerT_658-T1;GlimmerHMM}
3713	3644	INTRON			{Augustus_model.g545.t1;Augustus},{GeneMark_model.721_t;GeneMark}
3744	3714	internal-	6	6	{Augustus_model.g545.t1;Augustus},{GeneMark_model.721_t;GeneMark}
3804	3745	INTRON			{Augustus_model.g545.t1;Augustus},{GeneMark_model.721_t;GeneMark}
3845	3805	initial-	4	5	{Augustus_model.g545.t1;Augustus},{GeneMark_model.721_t;GeneMark}

# EVM prediction: Mode:STANDARD S-ratio: 2.83 4249-6455 orient(+) score(7120.00) noncoding_equivalent(2512.93) raw_noncoding(3162.07) offset(649.14)
4249	4482	initial+	1	3	{GeneMark_model.722_t;GeneMark},{Augustus_model.g546.t1;Augustus},{GlimmerHMM_glimmerT_659-T1;GlimmerHMM}
4483	4550	INTRON			{GeneMark_model.722_t;GeneMark},{Augustus_model.g546.t1;Augustus},{GlimmerHMM_glimmerT_659-T1;GlimmerHMM}
4551	4615	internal+	1	2	{GeneMark_model.722_t;GeneMark},{Augustus_model.g546.t1;Augustus},{GlimmerHMM_glimmerT_659-T1;GlimmerHMM}
4616	4684	INTRON			{GeneMark_model.722_t;GeneMark},{Augustus_model.g546.t1;Augustus}
4685	4744	internal+	3	2	{GeneMark_model.722_t;GeneMark},{Augustus_model.g546.t1;Augustus}
4745	4815	INTRON			{GeneMark_model.722_t;GeneMark},{Augustus_model.g546.t1;Augustus}
4816	4838	internal+	3	1	{GeneMark_model.722_t;GeneMark},{Augustus_model.g546.t1;Augustus},{GlimmerHMM_glimmerT_659-T1;GlimmerHMM}
4839	4919	INTRON			{GeneMark_model.722_t;GeneMark},{Augustus_model.g546.t1;Augustus},{GlimmerHMM_glimmerT_659-T1;GlimmerHMM}
4920	5185	internal+	2	3	{GeneMark_model.722_t;GeneMark},{Augustus_model.g546.t1;Augustus},{GlimmerHMM_glimmerT_659-T1;GlimmerHMM}
5186	5248	INTRON			{GeneMark_model.722_t;GeneMark},{Augustus_model.g546.t1;Augustus},{GlimmerHMM_glimmerT_659-T1;GlimmerHMM}
5249	5413	internal+	1	3	{GeneMark_model.722_t;GeneMark},{Augustus_model.g546.t1;Augustus},{GlimmerHMM_glimmerT_659-T1;GlimmerHMM}
5414	5478	INTRON			{GeneMark_model.722_t;GeneMark},{Augustus_model.g546.t1;Augustus},{GlimmerHMM_glimmerT_659-T1;GlimmerHMM}
5479	5659	internal+	1	1	{GeneMark_model.722_t;GeneMark},{Augustus_model.g546.t1;Augustus},{GlimmerHMM_glimmerT_659-T1;GlimmerHMM}
5660	5727	INTRON			{GeneMark_model.722_t;GeneMark},{Augustus_model.g546.t1;Augustus},{GlimmerHMM_glimmerT_659-T1;GlimmerHMM}
5728	5856	internal+	2	1	{GeneMark_model.722_t;GeneMark},{Augustus_model.g546.t1;Augustus},{GlimmerHMM_glimmerT_659-T1;GlimmerHMM}
5857	5928	INTRON			{GeneMark_model.722_t;GeneMark},{Augustus_model.g546.t1;Augustus},{GlimmerHMM_glimmerT_659-T1;GlimmerHMM}
5929	6455	terminal+	2	3	{GeneMark_model.722_t;GeneMark},{GlimmerHMM_glimmerT_659-T1;GlimmerHMM}

# EVM prediction: Mode:STANDARD S-ratio: 2.34 6877-7858 orient(+) score(3678.00) noncoding_equivalent(1573.54) raw_noncoding(1984.03) offset(410.49)
6877	7001	initial+	1	2	{GeneMark_model.723_t;GeneMark},{GlimmerHMM_glimmerT_660-T1;GlimmerHMM}
7002	7263	INTRON			{GeneMark_model.723_t;GeneMark},{GlimmerHMM_glimmerT_660-T1;GlimmerHMM},{Augustus_model.g546.t1;Augustus}
7264	7476	internal+	3	2	{GeneMark_model.723_t;GeneMark},{GlimmerHMM_glimmerT_660-T1;GlimmerHMM},{Augustus_model.g546.t1;Augustus}
7477	7549	INTRON			{GeneMark_model.723_t;GeneMark},{GlimmerHMM_glimmerT_660-T1;GlimmerHMM},{Augustus_model.g546.t1;Augustus},{ev_type:exonerate/ID=match.2566964.1344/Target=lcl|PJQD01000112_1_prot_POY70631_1_240;exonerate}
7550	7702	internal+	3	2	{GeneMark_model.723_t;GeneMark},{GlimmerHMM_glimmerT_660-T1;GlimmerHMM},{Augustus_model.g546.t1;Augustus},{ev_type:exonerate/ID=match.2566964.1344/Target=lcl|PJQD01000112_1_prot_POY70631_1_240;exonerate}
7703	7776	INTRON			{GeneMark_model.723_t;GeneMark},{GlimmerHMM_glimmerT_660-T1;GlimmerHMM},{Augustus_model.g546.t1;Augustus},{ev_type:exonerate/ID=match.2566964.1344/Target=lcl|PJQD01000112_1_prot_POY70631_1_240;exonerate}
7777	7858	terminal+	3	3	{GeneMark_model.723_t;GeneMark},{GlimmerHMM_glimmerT_660-T1;GlimmerHMM},{Augustus_model.g546.t1;Augustus}

# EVM prediction: Mode:STANDARD S-ratio: 1.85 9375-10619 orient(+) score(3438.00) noncoding_equivalent(1858.60) raw_noncoding(2658.00) offset(799.40)
9375	9441	initial+	1	1	{GeneMark_model.724_t;GeneMark},{Augustus_model.g547.t1;Augustus}
9442	9536	INTRON			{GeneMark_model.724_t;GeneMark},{Augustus_model.g547.t1;Augustus}
9537	9643	internal+	2	3	{GeneMark_model.724_t;GeneMark},{Augustus_model.g547.t1;Augustus}
9644	9827	INTRON			{GeneMark_model.724_t;GeneMark},{Augustus_model.g547.t1;Augustus}
9828	9859	internal+	1	2	{GeneMark_model.724_t;GeneMark},{Augustus_model.g547.t1;Augustus}
9860	9920	INTRON			{GeneMark_model.724_t;GeneMark},{Augustus_model.g547.t1;Augustus}
9921	10020	internal+	3	3	{GlimmerHMM_glimmerT_661-T1;GlimmerHMM},{GeneMark_model.724_t;GeneMark},{Augustus_model.g547.t1;Augustus}
10021	10100	INTRON			{GlimmerHMM_glimmerT_661-T1;GlimmerHMM},{GeneMark_model.724_t;GeneMark},{Augustus_model.g547.t1;Augustus}
10101	10364	internal+	1	3	{GlimmerHMM_glimmerT_661-T1;GlimmerHMM},{GeneMark_model.724_t;GeneMark},{Augustus_model.g547.t1;Augustus}
10365	10448	INTRON			{GlimmerHMM_glimmerT_661-T1;GlimmerHMM},{GeneMark_model.724_t;GeneMark},{Augustus_model.g547.t1;Augustus}
10449	10619	terminal+	1	3	{GlimmerHMM_glimmerT_661-T1;GlimmerHMM},{GeneMark_model.724_t;GeneMark},{Augustus_model.g547.t1;Augustus}

# EVM prediction: Mode:STANDARD S-ratio: 3.52 10855-11905 orient(-) score(3380.00) noncoding_equivalent(958.91) raw_noncoding(1027.91) offset(69.00)
11267	10855	terminal-	5	6	{GlimmerHMM_glimmerT_662-T1;GlimmerHMM},{snap_scaffold_2-snap.8-T1;snap}
11337	11268	INTRON			{GeneMark_model.725_t;GeneMark},{Augustus_model.g548.t1;Augustus},{GlimmerHMM_glimmerT_662-T1;GlimmerHMM}
11905	11338	initial-	4	4	{GeneMark_model.725_t;GeneMark},{GlimmerHMM_glimmerT_662-T1;GlimmerHMM}

# EVM prediction: Mode:STANDARD S-ratio: 1.46 12259-13633 orient(-) score(3770.00) noncoding_equivalent(2584.27) raw_noncoding(2961.27) offset(377.00)
12832	12259	terminal-	6	6	{GlimmerHMM_glimmerT_663-T1;GlimmerHMM},{GeneMark_model.726_t;GeneMark}
13184	12833	INTRON			{GlimmerHMM_glimmerT_663-T1;GlimmerHMM},{GeneMark_model.726_t;GeneMark},{Augustus_model.g548.t1;Augustus}
13487	13185	internal-	6	5	{GlimmerHMM_glimmerT_663-T1;GlimmerHMM},{GeneMark_model.726_t;GeneMark},{Augustus_model.g548.t1;Augustus}
13547	13488	INTRON			{GlimmerHMM_glimmerT_663-T1;GlimmerHMM},{GeneMark_model.726_t;GeneMark},{Augustus_model.g548.t1;Augustus}
13633	13548	initial-	4	5	{GlimmerHMM_glimmerT_663-T1;GlimmerHMM},{GeneMark_model.726_t;GeneMark},{Augustus_model.g548.t1;Augustus}

# EVM prediction: Mode:STANDARD S-ratio: 3.79 13868-15195 orient(+) score(4324.00) noncoding_equivalent(1140.04) raw_noncoding(1806.95) offset(666.91)
13868	13888	initial+	1	3	{GlimmerHMM_glimmerT_664-T1;GlimmerHMM},{Augustus_model.g549.t1;Augustus},{GeneMark_model.727_t;GeneMark}
13889	13952	INTRON			{Augustus_model.g549.t1;Augustus},{GeneMark_model.727_t;GeneMark}
13953	13973	internal+	1	3	{Augustus_model.g549.t1;Augustus},{GeneMark_model.727_t;GeneMark}
13974	14065	INTRON			{Augustus_model.g549.t1;Augustus},{GeneMark_model.727_t;GeneMark}
14066	14134	internal+	1	3	{Augustus_model.g549.t1;Augustus},{GeneMark_model.727_t;GeneMark}
14135	14202	INTRON			{Augustus_model.g549.t1;Augustus},{GeneMark_model.727_t;GeneMark}
14203	14218	internal+	1	1	{Augustus_model.g549.t1;Augustus},{GeneMark_model.727_t;GeneMark}
14219	14288	INTRON			{Augustus_model.g549.t1;Augustus},{GeneMark_model.727_t;GeneMark}
14289	14379	internal+	2	2	{GlimmerHMM_glimmerT_664-T1;GlimmerHMM},{Augustus_model.g549.t1;Augustus},{GeneMark_model.727_t;GeneMark}
14380	14459	INTRON			{GlimmerHMM_glimmerT_664-T1;GlimmerHMM},{Augustus_model.g549.t1;Augustus},{GeneMark_model.727_t;GeneMark}
14460	15195	terminal+	3	3	{snap_scaffold_2-snap.9-T1;snap},{Augustus_model.g549.t1;Augustus},{GeneMark_model.727_t;GeneMark}

# EVM prediction: Mode:STANDARD S-ratio: 10.74 15392-16657 orient(+) score(4631.00) noncoding_equivalent(431.17) raw_noncoding(431.17) offset(0.00)
15392	16657	single+	1	3	{Augustus_model.g550.t1;Augustus}

# EVM prediction: Mode:STANDARD S-ratio: 1.88 16929-18475 orient(-) score(4204.00) noncoding_equivalent(2233.32) raw_noncoding(2675.00) offset(441.68)
16997	16929	terminal-	4	6	{Augustus_model.g551.t1;Augustus},{GlimmerHMM_glimmerT_665-T1;GlimmerHMM},{GeneMark_model.729_t;GeneMark}
17059	16998	INTRON			{Augustus_model.g551.t1;Augustus},{GlimmerHMM_glimmerT_665-T1;GlimmerHMM},{GeneMark_model.729_t;GeneMark}
17451	17060	internal-	5	6	{Augustus_model.g551.t1;Augustus},{GlimmerHMM_glimmerT_665-T1;GlimmerHMM},{GeneMark_model.729_t;GeneMark}
17525	17452	INTRON			{Augustus_model.g551.t1;Augustus},{GeneMark_model.729_t;GeneMark}
17708	17526	internal-	5	4	{Augustus_model.g551.t1;Augustus},{GeneMark_model.729_t;GeneMark}
17786	17709	INTRON			{Augustus_model.g551.t1;Augustus},{GeneMark_model.729_t;GeneMark}
17969	17787	internal-	5	4	{Augustus_model.g551.t1;Augustus},{GeneMark_model.729_t;GeneMark}
18036	17970	INTRON			{Augustus_model.g551.t1;Augustus},{GlimmerHMM_glimmerT_665-T1;GlimmerHMM},{GeneMark_model.729_t;GeneMark}
18475	18037	initial-	4	4	{Augustus_model.g551.t1;Augustus},{GlimmerHMM_glimmerT_665-T1;GlimmerHMM},{GeneMark_model.729_t;GeneMark}

# EVM prediction: Mode:STANDARD S-ratio: 6.58 19243-20785 orient(+) score(5256.00) noncoding_equivalent(798.93) raw_noncoding(1114.00) offset(315.07)
19243	19520	initial+	1	2	{GeneMark_model.730_t;GeneMark},{GlimmerHMM_glimmerT_666-T1;GlimmerHMM},{Augustus_model.g552.t1;Augustus}
19521	19597	INTRON			{GeneMark_model.730_t;GeneMark},{Augustus_model.g552.t1;Augustus}
19598	19608	internal+	3	1	{GeneMark_model.730_t;GeneMark},{Augustus_model.g552.t1;Augustus}
19609	19685	INTRON			{GeneMark_model.730_t;GeneMark},{Augustus_model.g552.t1;Augustus}
19686	20004	internal+	2	2	{GeneMark_model.730_t;GeneMark},{Augustus_model.g552.t1;Augustus}
20005	20061	INTRON			{GeneMark_model.730_t;GeneMark},{Augustus_model.g552.t1;Augustus}
20062	20237	internal+	3	1	{Augustus_model.g552.t1;Augustus}
20238	20291	INTRON			{Augustus_model.g552.t1;Augustus}
20292	20785	terminal+	2	3	{Augustus_model.g552.t1;Augustus}

# EVM prediction: Mode:STANDARD S-ratio: 2.73 20859-22636 orient(-) score(5692.00) noncoding_equivalent(2086.24) raw_noncoding(2501.00) offset(414.76)
20988	20859	terminal-	6	6	{Augustus_model.g553.t1;Augustus},{GlimmerHMM_glimmerT_667-T1;GlimmerHMM},{GeneMark_model.731_t;GeneMark}
21060	20989	INTRON			{Augustus_model.g553.t1;Augustus},{GeneMark_model.731_t;GeneMark}
21249	21061	internal-	6	5	{Augustus_model.g553.t1;Augustus},{GeneMark_model.731_t;GeneMark}
21319	21250	INTRON			{Augustus_model.g553.t1;Augustus},{GlimmerHMM_glimmerT_667-T1;GlimmerHMM},{GeneMark_model.731_t;GeneMark}
21422	21320	internal-	5	5	{Augustus_model.g553.t1;Augustus},{GlimmerHMM_glimmerT_667-T1;GlimmerHMM},{GeneMark_model.731_t;GeneMark}
21493	21423	INTRON			{Augustus_model.g553.t1;Augustus},{GlimmerHMM_glimmerT_667-T1;GlimmerHMM},{GeneMark_model.731_t;GeneMark}
21633	21494	internal-	6	4	{Augustus_model.g553.t1;Augustus},{GlimmerHMM_glimmerT_667-T1;GlimmerHMM},{GeneMark_model.731_t;GeneMark}
21712	21634	INTRON			{Augustus_model.g553.t1;Augustus},{GlimmerHMM_glimmerT_667-T1;GlimmerHMM},{GeneMark_model.731_t;GeneMark}
21825	21713	internal-	4	5	{Augustus_model.g553.t1;Augustus},{GeneMark_model.731_t;GeneMark}
21882	21826	INTRON			{Augustus_model.g553.t1;Augustus},{GeneMark_model.731_t;GeneMark}
22110	21883	internal-	4	6	{Augustus_model.g553.t1;Augustus},{GeneMark_model.731_t;GeneMark}
22174	22111	INTRON			{Augustus_model.g553.t1;Augustus},{GlimmerHMM_glimmerT_667-T1;GlimmerHMM},{GeneMark_model.731_t;GeneMark}
22247	22175	internal-	6	6	{Augustus_model.g553.t1;Augustus},{GlimmerHMM_glimmerT_667-T1;GlimmerHMM},{GeneMark_model.731_t;GeneMark}
22310	22248	INTRON			{Augustus_model.g553.t1;Augustus},{GlimmerHMM_glimmerT_667-T1;GlimmerHMM},{GeneMark_model.731_t;GeneMark}
22636	22311	initial-	4	5	{Augustus_model.g553.t1;Augustus},{GlimmerHMM_glimmerT_667-T1;GlimmerHMM},{GeneMark_model.731_t;GeneMark}

# EVM prediction: Mode:STANDARD S-ratio: 2.28 22923-26877 orient(+) score(11616.00) noncoding_equivalent(5096.78) raw_noncoding(6379.00) offset(1282.22)
22923	23285	initial+	1	3	{GlimmerHMM_glimmerT_668-T1;GlimmerHMM},{GeneMark_model.732_t;GeneMark},{Augustus_model.g554.t1;Augustus}
23286	23350	INTRON			{GlimmerHMM_glimmerT_668-T1;GlimmerHMM},{GeneMark_model.732_t;GeneMark},{Augustus_model.g554.t1;Augustus}
23351	23680	internal+	1	3	{GlimmerHMM_glimmerT_668-T1;GlimmerHMM},{GeneMark_model.732_t;GeneMark},{Augustus_model.g554.t1;Augustus}
23681	23751	INTRON			{GeneMark_model.732_t;GeneMark},{Augustus_model.g554.t1;Augustus}
23752	23835	internal+	1	3	{GeneMark_model.732_t;GeneMark},{Augustus_model.g554.t1;Augustus}
23836	23909	INTRON			{GeneMark_model.732_t;GeneMark},{Augustus_model.g554.t1;Augustus}
23910	24407	internal+	1	3	{GlimmerHMM_glimmerT_668-T1;GlimmerHMM},{GeneMark_model.732_t;GeneMark},{Augustus_model.g554.t1;Augustus}
24408	24466	INTRON			{GlimmerHMM_glimmerT_668-T1;GlimmerHMM},{GeneMark_model.732_t;GeneMark},{Augustus_model.g554.t1;Augustus}
24467	24829	internal+	1	3	{GlimmerHMM_glimmerT_668-T1;GlimmerHMM},{GeneMark_model.732_t;GeneMark},{Augustus_model.g554.t1;Augustus}
24830	24896	INTRON			{GlimmerHMM_glimmerT_668-T1;GlimmerHMM},{GeneMark_model.732_t;GeneMark},{Augustus_model.g554.t1;Augustus}
24897	25111	internal+	1	2	{GlimmerHMM_glimmerT_668-T1;GlimmerHMM},{GeneMark_model.732_t;GeneMark},{Augustus_model.g554.t1;Augustus}
25112	25179	INTRON			{GlimmerHMM_glimmerT_668-T1;GlimmerHMM},{GeneMark_model.732_t;GeneMark},{Augustus_model.g554.t1;Augustus}
25180	25409	internal+	3	1	{GlimmerHMM_glimmerT_668-T1;GlimmerHMM},{GeneMark_model.732_t;GeneMark},{Augustus_model.g554.t1;Augustus}
25410	25475	INTRON			{GeneMark_model.732_t;GeneMark},{Augustus_model.g554.t1;Augustus}
25476	25523	internal+	2	1	{GeneMark_model.732_t;GeneMark},{Augustus_model.g554.t1;Augustus}
25524	25592	INTRON			{GeneMark_model.732_t;GeneMark},{Augustus_model.g554.t1;Augustus}
25593	25791	internal+	2	2	{GlimmerHMM_glimmerT_668-T1;GlimmerHMM},{GeneMark_model.732_t;GeneMark},{Augustus_model.g554.t1;Augustus}
25792	25860	INTRON			{GlimmerHMM_glimmerT_668-T1;GlimmerHMM},{GeneMark_model.732_t;GeneMark},{Augustus_model.g554.t1;Augustus}
25861	26110	internal+	3	3	{GlimmerHMM_glimmerT_668-T1;GlimmerHMM},{GeneMark_model.732_t;GeneMark},{Augustus_model.g554.t1;Augustus}
26111	26178	INTRON			{GlimmerHMM_glimmerT_668-T1;GlimmerHMM},{GeneMark_model.732_t;GeneMark},{Augustus_model.g554.t1;Augustus}
26179	26396	internal+	1	2	{GlimmerHMM_glimmerT_668-T1;GlimmerHMM},{GeneMark_model.732_t;GeneMark},{Augustus_model.g554.t1;Augustus}
26397	26457	INTRON			{GeneMark_model.732_t;GeneMark},{Augustus_model.g554.t1;Augustus}
26458	26529	internal+	3	2	{GeneMark_model.732_t;GeneMark},{Augustus_model.g554.t1;Augustus}
26530	26602	INTRON			{GeneMark_model.732_t;GeneMark},{Augustus_model.g554.t1;Augustus}
26603	26693	internal+	3	3	{GlimmerHMM_glimmerT_668-T1;GlimmerHMM},{GeneMark_model.732_t;GeneMark},{Augustus_model.g554.t1;Augustus}
26694	26760	INTRON			{GlimmerHMM_glimmerT_668-T1;GlimmerHMM},{GeneMark_model.732_t;GeneMark},{Augustus_model.g554.t1;Augustus}
26761	26877	terminal+	1	3	{GlimmerHMM_glimmerT_668-T1;GlimmerHMM},{GeneMark_model.732_t;GeneMark},{Augustus_model.g554.t1;Augustus}

# EVM prediction: Mode:STANDARD S-ratio: 7.38 27132-28660 orient(-) score(5494.00) noncoding_equivalent(744.10) raw_noncoding(750.10) offset(6.00)
27674	27132	terminal-	4	6	{GeneMark_model.733_t;GeneMark},{Augustus_model.g555.t1;Augustus},{GlimmerHMM_glimmerT_669-T1;GlimmerHMM}
27739	27675	INTRON			{GeneMark_model.733_t;GeneMark},{Augustus_model.g555.t1;Augustus},{GlimmerHMM_glimmerT_669-T1;GlimmerHMM}
28660	27740	initial-	4	6	{GeneMark_model.733_t;GeneMark},{Augustus_model.g555.t1;Augustus},{GlimmerHMM_glimmerT_669-T1;GlimmerHMM}

# EVM prediction: Mode:STANDARD S-ratio: 1.82 28907-29891 orient(-) score(2800.00) noncoding_equivalent(1536.23) raw_noncoding(2038.89) offset(502.66)
28960	28907	terminal-	4	6	{GeneMark_model.734_t;GeneMark},{Augustus_model.g556.t1;Augustus}
29124	28961	INTRON			{GeneMark_model.734_t;GeneMark},{Augustus_model.g556.t1;Augustus}
29445	29125	internal-	4	6	{GeneMark_model.734_t;GeneMark},{GlimmerHMM_glimmerT_670-T1;GlimmerHMM},{Augustus_model.g556.t1;Augustus}
29512	29446	INTRON			{GeneMark_model.734_t;GeneMark},{GlimmerHMM_glimmerT_670-T1;GlimmerHMM},{Augustus_model.g556.t1;Augustus}
29726	29513	internal-	6	6	{GeneMark_model.734_t;GeneMark},{GlimmerHMM_glimmerT_670-T1;GlimmerHMM},{Augustus_model.g556.t1;Augustus}
29862	29727	INTRON			{GeneMark_model.734_t;GeneMark},{GlimmerHMM_glimmerT_670-T1;GlimmerHMM},{Augustus_model.g556.t1;Augustus}
29891	29863	initial-	4	5	{GlimmerHMM_glimmerT_670-T1;GlimmerHMM}

# EVM prediction: Mode:STANDARD S-ratio: 1.39 30361-31222 orient(-) score(2111.00) noncoding_equivalent(1523.49) raw_noncoding(2353.00) offset(829.51)
30457	30361	terminal-	6	6	{GeneMark_model.735_t;GeneMark},{GlimmerHMM_glimmerT_671-T1;GlimmerHMM},{Augustus_model.g557.t1;Augustus}
30553	30458	INTRON			{GeneMark_model.735_t;GeneMark},{GlimmerHMM_glimmerT_671-T1;GlimmerHMM},{Augustus_model.g557.t1;Augustus}
30680	30554	internal-	5	5	{GeneMark_model.735_t;GeneMark},{GlimmerHMM_glimmerT_671-T1;GlimmerHMM},{Augustus_model.g557.t1;Augustus}
30777	30681	INTRON			{GeneMark_model.735_t;GeneMark},{Augustus_model.g557.t1;Augustus}
30848	30778	internal-	6	4	{GeneMark_model.735_t;GeneMark},{Augustus_model.g557.t1;Augustus}
30940	30849	INTRON			{GeneMark_model.735_t;GeneMark},{Augustus_model.g557.t1;Augustus}
30973	30941	internal-	6	5	{GeneMark_model.735_t;GeneMark},{Augustus_model.g557.t1;Augustus}
31043	30974	INTRON			{GeneMark_model.735_t;GeneMark},{Augustus_model.g557.t1;Augustus}
31050	31044	internal-	5	5	{GeneMark_model.735_t;GeneMark},{Augustus_model.g557.t1;Augustus}
31155	31051	INTRON			{GeneMark_model.735_t;GeneMark},{Augustus_model.g557.t1;Augustus}
31222	31156	initial-	4	4	{GeneMark_model.735_t;GeneMark},{GlimmerHMM_glimmerT_671-T1;GlimmerHMM},{Augustus_model.g557.t1;Augustus}

# EVM prediction: Mode:STANDARD S-ratio: 2.54 32287-34447 orient(+) score(6997.00) noncoding_equivalent(2757.12) raw_noncoding(3237.12) offset(480.00)
32287	32517	initial+	1	3	{GlimmerHMM_glimmerT_672-T1;GlimmerHMM},{GeneMark_model.736_t;GeneMark},{Augustus_model.g558.t1;Augustus}
32518	32581	INTRON			{GlimmerHMM_glimmerT_672-T1;GlimmerHMM},{GeneMark_model.736_t;GeneMark},{Augustus_model.g558.t1;Augustus}
32582	32588	internal+	1	1	{GlimmerHMM_glimmerT_672-T1;GlimmerHMM},{GeneMark_model.736_t;GeneMark},{Augustus_model.g558.t1;Augustus}
32589	32673	INTRON			{GlimmerHMM_glimmerT_672-T1;GlimmerHMM},{GeneMark_model.736_t;GeneMark},{Augustus_model.g558.t1;Augustus}
32674	32780	internal+	2	3	{GlimmerHMM_glimmerT_672-T1;GlimmerHMM},{GeneMark_model.736_t;GeneMark},{Augustus_model.g558.t1;Augustus}
32781	32846	INTRON			{GlimmerHMM_glimmerT_672-T1;GlimmerHMM},{GeneMark_model.736_t;GeneMark},{Augustus_model.g558.t1;Augustus}
32847	33030	internal+	1	1	{GlimmerHMM_glimmerT_672-T1;GlimmerHMM},{GeneMark_model.736_t;GeneMark},{Augustus_model.g558.t1;Augustus}
33031	33095	INTRON			{GlimmerHMM_glimmerT_672-T1;GlimmerHMM},{GeneMark_model.736_t;GeneMark},{Augustus_model.g558.t1;Augustus}
33096	33166	internal+	2	3	{GeneMark_model.736_t;GeneMark},{Augustus_model.g558.t1;Augustus}
33167	33238	INTRON			{GeneMark_model.736_t;GeneMark},{Augustus_model.g558.t1;Augustus}
33239	33326	internal+	1	1	{GeneMark_model.736_t;GeneMark},{Augustus_model.g558.t1;Augustus}
33327	33384	INTRON			{GlimmerHMM_glimmerT_672-T1;GlimmerHMM},{GeneMark_model.736_t;GeneMark},{Augustus_model.g558.t1;Augustus}
33385	33659	internal+	2	3	{GlimmerHMM_glimmerT_672-T1;GlimmerHMM},{GeneMark_model.736_t;GeneMark},{Augustus_model.g558.t1;Augustus}
33660	33717	INTRON			{GlimmerHMM_glimmerT_672-T1;GlimmerHMM},{snap_scaffold_2-snap.17-T1;snap},{GeneMark_model.736_t;GeneMark},{Augustus_model.g558.t1;Augustus}
33718	34024	internal+	1	1	{GlimmerHMM_glimmerT_672-T1;GlimmerHMM},{GeneMark_model.736_t;GeneMark},{Augustus_model.g558.t1;Augustus}
34025	34086	INTRON			{GlimmerHMM_glimmerT_672-T1;GlimmerHMM},{GeneMark_model.736_t;GeneMark},{Augustus_model.g558.t1;Augustus}
34087	34224	internal+	2	1	{GlimmerHMM_glimmerT_672-T1;GlimmerHMM},{GeneMark_model.736_t;GeneMark},{Augustus_model.g558.t1;Augustus}
34225	34283	INTRON			{GlimmerHMM_glimmerT_672-T1;GlimmerHMM},{GeneMark_model.736_t;GeneMark},{Augustus_model.g558.t1;Augustus}
34284	34447	terminal+	2	3	{GlimmerHMM_glimmerT_672-T1;GlimmerHMM},{GeneMark_model.736_t;GeneMark},{Augustus_model.g558.t1;Augustus}

# EVM prediction: Mode:STANDARD S-ratio: 2.81 34800-36629 orient(-) score(5677.00) noncoding_equivalent(2017.25) raw_noncoding(2550.00) offset(532.75)
35044	34800	terminal-	5	6	{GeneMark_model.737_t;GeneMark},{Augustus_model.g559.t1;Augustus}
35100	35045	INTRON			{GeneMark_model.737_t;GeneMark},{Augustus_model.g559.t1;Augustus}
35159	35101	internal-	6	4	{GeneMark_model.737_t;GeneMark},{Augustus_model.g559.t1;Augustus}
35223	35160	INTRON			{GeneMark_model.737_t;GeneMark},{Augustus_model.g559.t1;Augustus}
35388	35224	internal-	6	5	{GlimmerHMM_glimmerT_673-T1;GlimmerHMM},{GeneMark_model.737_t;GeneMark},{Augustus_model.g559.t1;Augustus}
35470	35389	INTRON			{GlimmerHMM_glimmerT_673-T1;GlimmerHMM},{GeneMark_model.737_t;GeneMark},{Augustus_model.g559.t1;Augustus}
36001	35471	internal-	6	5	{GlimmerHMM_glimmerT_673-T1;GlimmerHMM},{GeneMark_model.737_t;GeneMark},{Augustus_model.g559.t1;Augustus}
36081	36002	INTRON			{GeneMark_model.737_t;GeneMark},{Augustus_model.g559.t1;Augustus}
36355	36082	internal-	5	5	{GeneMark_model.737_t;GeneMark},{Augustus_model.g559.t1;Augustus}
36466	36356	INTRON			{GlimmerHMM_glimmerT_673-T1;GlimmerHMM},{GeneMark_model.737_t;GeneMark},{Augustus_model.g559.t1;Augustus}
36629	36467	initial-	4	4	{GlimmerHMM_glimmerT_673-T1;GlimmerHMM},{GeneMark_model.737_t;GeneMark},{Augustus_model.g559.t1;Augustus}

# EVM prediction: Mode:STANDARD S-ratio: 2.33 36956-38366 orient(-) score(4148.00) noncoding_equivalent(1777.54) raw_noncoding(2419.00) offset(641.46)
37287	36956	terminal-	5	6	{GlimmerHMM_glimmerT_674-T1;GlimmerHMM},{Augustus_model.g560.t1;Augustus},{GeneMark_model.738_t;GeneMark}
37351	37288	INTRON			{Augustus_model.g560.t1;Augustus},{GeneMark_model.738_t;GeneMark}
37401	37352	internal-	6	4	{Augustus_model.g560.t1;Augustus},{GeneMark_model.738_t;GeneMark}
37459	37402	INTRON			{Augustus_model.g560.t1;Augustus},{GeneMark_model.738_t;GeneMark}
37482	37460	internal-	4	5	{Augustus_model.g560.t1;Augustus},{GeneMark_model.738_t;GeneMark}
37550	37483	INTRON			{Augustus_model.g560.t1;Augustus},{GeneMark_model.738_t;GeneMark}
37645	37551	internal-	5	6	{Augustus_model.g560.t1;Augustus},{GeneMark_model.738_t;GeneMark}
37709	37646	INTRON			{Augustus_model.g560.t1;Augustus},{GeneMark_model.738_t;GeneMark}
37841	37710	internal-	5	4	{GlimmerHMM_glimmerT_674-T1;GlimmerHMM},{Augustus_model.g560.t1;Augustus},{GeneMark_model.738_t;GeneMark}
37914	37842	INTRON			{GlimmerHMM_glimmerT_674-T1;GlimmerHMM},{Augustus_model.g560.t1;Augustus},{GeneMark_model.738_t;GeneMark}
38250	37915	internal-	5	4	{GlimmerHMM_glimmerT_674-T1;GlimmerHMM},{Augustus_model.g560.t1;Augustus},{GeneMark_model.738_t;GeneMark}
38323	38251	INTRON			{GlimmerHMM_glimmerT_674-T1;GlimmerHMM},{Augustus_model.g560.t1;Augustus},{GeneMark_model.738_t;GeneMark}
38366	38324	initial-	4	4	{GlimmerHMM_glimmerT_674-T1;GlimmerHMM},{Augustus_model.g560.t1;Augustus},{GeneMark_model.738_t;GeneMark}

# EVM prediction: Mode:STANDARD S-ratio: 2.49 38664-40555 orient(-) score(5745.00) noncoding_equivalent(2307.64) raw_noncoding(3152.00) offset(844.36)
38761	38664	terminal-	5	6	{GeneMark_model.739_t;GeneMark},{GlimmerHMM_glimmerT_675-T1;GlimmerHMM},{Augustus_model.g561.t1;Augustus}
38819	38762	INTRON			{GeneMark_model.739_t;GeneMark},{GlimmerHMM_glimmerT_675-T1;GlimmerHMM},{Augustus_model.g561.t1;Augustus}
39080	38820	internal-	5	4	{GeneMark_model.739_t;GeneMark},{Augustus_model.g561.t1;Augustus}
39140	39081	INTRON			{GeneMark_model.739_t;GeneMark},{Augustus_model.g561.t1;Augustus}
39171	39141	internal-	4	4	{GeneMark_model.739_t;GeneMark},{Augustus_model.g561.t1;Augustus}
39231	39172	INTRON			{GeneMark_model.739_t;GeneMark},{Augustus_model.g561.t1;Augustus}
39318	39232	internal-	4	6	{GeneMark_model.739_t;GeneMark},{Augustus_model.g561.t1;Augustus}
39386	39319	INTRON			{GeneMark_model.739_t;GeneMark},{Augustus_model.g561.t1;Augustus}
39560	39387	internal-	4	6	{GeneMark_model.739_t;GeneMark},{GlimmerHMM_glimmerT_675-T1;GlimmerHMM},{Augustus_model.g561.t1;Augustus}
39624	39561	INTRON			{GeneMark_model.739_t;GeneMark},{GlimmerHMM_glimmerT_675-T1;GlimmerHMM},{Augustus_model.g561.t1;Augustus}
39701	39625	internal-	5	6	{GeneMark_model.739_t;GeneMark},{GlimmerHMM_glimmerT_675-T1;GlimmerHMM},{Augustus_model.g561.t1;Augustus}
39770	39702	INTRON			{GeneMark_model.739_t;GeneMark},{GlimmerHMM_glimmerT_675-T1;GlimmerHMM},{Augustus_model.g561.t1;Augustus}
39851	39771	internal-	5	4	{GeneMark_model.739_t;GeneMark},{GlimmerHMM_glimmerT_675-T1;GlimmerHMM},{Augustus_model.g561.t1;Augustus}
39912	39852	INTRON			{GeneMark_model.739_t;GeneMark},{GlimmerHMM_glimmerT_675-T1;GlimmerHMM},{Augustus_model.g561.t1;Augustus}
39981	39913	internal-	5	4	{GeneMark_model.739_t;GeneMark},{GlimmerHMM_glimmerT_675-T1;GlimmerHMM},{Augustus_model.g561.t1;Augustus}
40040	39982	INTRON			{GeneMark_model.739_t;GeneMark},{Augustus_model.g561.t1;Augustus}
40106	40041	internal-	5	4	{GeneMark_model.739_t;GeneMark},{Augustus_model.g561.t1;Augustus}
40176	40107	INTRON			{GeneMark_model.739_t;GeneMark},{Augustus_model.g561.t1;Augustus}
40555	40177	initial-	4	4	{GeneMark_model.739_t;GeneMark},{GlimmerHMM_glimmerT_675-T1;GlimmerHMM},{Augustus_model.g561.t1;Augustus}

# EVM prediction: Mode:STANDARD S-ratio: 3.82 41309-42781 orient(-) score(4878.00) noncoding_equivalent(1278.61) raw_noncoding(1626.00) offset(347.39)
41828	41309	terminal-	6	6	{GeneMark_model.740_t;GeneMark},{Augustus_model.g562.t1;Augustus},{snap_scaffold_2-snap.22-T1;snap},{GlimmerHMM_glimmerT_676-T1;GlimmerHMM}
41892	41829	INTRON			{GeneMark_model.740_t;GeneMark},{Augustus_model.g562.t1;Augustus}
42024	41893	internal-	6	5	{GeneMark_model.740_t;GeneMark},{Augustus_model.g562.t1;Augustus}
42091	42025	INTRON			{GeneMark_model.740_t;GeneMark},{Augustus_model.g562.t1;Augustus}
42281	42092	internal-	5	5	{GeneMark_model.740_t;GeneMark},{Augustus_model.g562.t1;Augustus},{GlimmerHMM_glimmerT_676-T1;GlimmerHMM}
42345	42282	INTRON			{GeneMark_model.740_t;GeneMark},{Augustus_model.g562.t1;Augustus},{GlimmerHMM_glimmerT_676-T1;GlimmerHMM}
42570	42346	internal-	5	4	{GeneMark_model.740_t;GeneMark},{Augustus_model.g562.t1;Augustus},{GlimmerHMM_glimmerT_676-T1;GlimmerHMM}
42645	42571	INTRON			{GeneMark_model.740_t;GeneMark},{Augustus_model.g562.t1;Augustus},{GlimmerHMM_glimmerT_676-T1;GlimmerHMM}
42781	42646	initial-	4	4	{GeneMark_model.740_t;GeneMark},{Augustus_model.g562.t1;Augustus},{GlimmerHMM_glimmerT_676-T1;GlimmerHMM}

# EVM prediction: Mode:STANDARD S-ratio: 2.36 43359-46234 orient(-) score(8374.00) noncoding_equivalent(3550.75) raw_noncoding(5151.81) offset(1601.07)
43458	43359	terminal-	6	6	{GeneMark_model.741_t;GeneMark},{Augustus_model.g563.t1;Augustus},{GlimmerHMM_glimmerT_677-T1;GlimmerHMM}
43548	43459	INTRON			{GeneMark_model.741_t;GeneMark},{Augustus_model.g563.t1;Augustus},{GlimmerHMM_glimmerT_677-T1;GlimmerHMM}
43738	43549	internal-	5	5	{GeneMark_model.741_t;GeneMark},{Augustus_model.g563.t1;Augustus}
43812	43739	INTRON			{GeneMark_model.741_t;GeneMark},{Augustus_model.g563.t1;Augustus}
43947	43813	internal-	5	4	{GeneMark_model.741_t;GeneMark},{Augustus_model.g563.t1;Augustus},{GlimmerHMM_glimmerT_677-T1;GlimmerHMM}
44100	43948	INTRON			{GeneMark_model.741_t;GeneMark},{Augustus_model.g563.t1;Augustus}
44118	44101	internal-	5	4	{GeneMark_model.741_t;GeneMark},{Augustus_model.g563.t1;Augustus}
44202	44119	INTRON			{GeneMark_model.741_t;GeneMark},{Augustus_model.g563.t1;Augustus}
44420	44203	internal-	6	4	{GeneMark_model.741_t;GeneMark},{Augustus_model.g563.t1;Augustus},{GlimmerHMM_glimmerT_677-T1;GlimmerHMM}
44490	44421	INTRON			{GeneMark_model.741_t;GeneMark},{Augustus_model.g563.t1;Augustus},{GlimmerHMM_glimmerT_677-T1;GlimmerHMM}
44567	44491	internal-	4	5	{GeneMark_model.741_t;GeneMark},{Augustus_model.g563.t1;Augustus},{GlimmerHMM_glimmerT_677-T1;GlimmerHMM}
44631	44568	INTRON			{GeneMark_model.741_t;GeneMark},{Augustus_model.g563.t1;Augustus}
44638	44632	internal-	6	6	{GeneMark_model.741_t;GeneMark},{Augustus_model.g563.t1;Augustus}
44697	44639	INTRON			{GeneMark_model.741_t;GeneMark},{Augustus_model.g563.t1;Augustus}
44857	44698	internal-	5	5	{GeneMark_model.741_t;GeneMark},{Augustus_model.g563.t1;Augustus}
44920	44858	INTRON			{GeneMark_model.741_t;GeneMark},{Augustus_model.g563.t1;Augustus},{GlimmerHMM_glimmerT_677-T1;GlimmerHMM}
45092	44921	internal-	4	4	{GeneMark_model.741_t;GeneMark},{Augustus_model.g563.t1;Augustus},{GlimmerHMM_glimmerT_677-T1;GlimmerHMM}
45153	45093	INTRON			{GeneMark_model.741_t;GeneMark},{Augustus_model.g563.t1;Augustus},{GlimmerHMM_glimmerT_677-T1;GlimmerHMM}
45194	45154	internal-	5	6	{GeneMark_model.741_t;GeneMark},{Augustus_model.g563.t1;Augustus},{GlimmerHMM_glimmerT_677-T1;GlimmerHMM}
45261	45195	INTRON			{GeneMark_model.741_t;GeneMark}
45291	45262	internal-	5	4	{GeneMark_model.741_t;GeneMark}
45350	45292	INTRON			{GeneMark_model.741_t;GeneMark}
45368	45351	internal-	5	4	{GeneMark_model.741_t;GeneMark},{Augustus_model.g563.t1;Augustus}
45432	45369	INTRON			{GeneMark_model.741_t;GeneMark},{Augustus_model.g563.t1;Augustus}
45934	45433	internal-	4	4	{GeneMark_model.741_t;GeneMark},{Augustus_model.g563.t1;Augustus},{GlimmerHMM_glimmerT_677-T1;GlimmerHMM}
46000	45935	INTRON			{GeneMark_model.741_t;GeneMark},{Augustus_model.g563.t1;Augustus},{GlimmerHMM_glimmerT_677-T1;GlimmerHMM}
46234	46001	initial-	4	6	{GeneMark_model.741_t;GeneMark},{Augustus_model.g563.t1;Augustus},{GlimmerHMM_glimmerT_677-T1;GlimmerHMM}

# EVM prediction: Mode:STANDARD S-ratio: 3.47 46789-48167 orient(+) score(4578.00) noncoding_equivalent(1319.01) raw_noncoding(1496.00) offset(176.99)
46789	47079	initial+	1	3	{GeneMark_model.742_t;GeneMark},{Augustus_model.g564.t1;Augustus},{GlimmerHMM_glimmerT_678-T1;GlimmerHMM}
47080	47141	INTRON			{GeneMark_model.742_t;GeneMark},{Augustus_model.g564.t1;Augustus},{GlimmerHMM_glimmerT_678-T1;GlimmerHMM}
47142	47639	internal+	1	3	{GeneMark_model.742_t;GeneMark},{Augustus_model.g564.t1;Augustus},{GlimmerHMM_glimmerT_678-T1;GlimmerHMM}
47640	47705	INTRON			{GeneMark_model.742_t;GeneMark},{Augustus_model.g564.t1;Augustus},{GlimmerHMM_glimmerT_678-T1;GlimmerHMM}
47706	47762	internal+	1	3	{GeneMark_model.742_t;GeneMark},{Augustus_model.g564.t1;Augustus},{GlimmerHMM_glimmerT_678-T1;GlimmerHMM}
47763	47831	INTRON			{GeneMark_model.742_t;GeneMark},{Augustus_model.g564.t1;Augustus},{GlimmerHMM_glimmerT_678-T1;GlimmerHMM}
47832	48167	terminal+	1	3	{GeneMark_model.742_t;GeneMark},{Augustus_model.g564.t1;Augustus},{GlimmerHMM_glimmerT_678-T1;GlimmerHMM}

# EVM prediction: Mode:STANDARD S-ratio: 1.70 48397-49487 orient(+) score(3265.00) noncoding_equivalent(1923.04) raw_noncoding(2347.04) offset(424.00)
48397	48874	initial+	1	1	{GeneMark_model.743_t;GeneMark},{GlimmerHMM_glimmerT_679-T1;GlimmerHMM},{Augustus_model.g565.t1;Augustus}
48875	49216	INTRON			{GeneMark_model.743_t;GeneMark},{GlimmerHMM_glimmerT_679-T1;GlimmerHMM},{Augustus_model.g565.t1;Augustus}
49217	49269	internal+	2	3	{GeneMark_model.743_t;GeneMark},{GlimmerHMM_glimmerT_679-T1;GlimmerHMM},{Augustus_model.g565.t1;Augustus}
49270	49343	INTRON			{GeneMark_model.743_t;GeneMark},{GlimmerHMM_glimmerT_679-T1;GlimmerHMM},{Augustus_model.g565.t1;Augustus}
49344	49487	terminal+	1	3	{GeneMark_model.743_t;GeneMark},{GlimmerHMM_glimmerT_679-T1;GlimmerHMM}

# EVM prediction: Mode:STANDARD S-ratio: 2.28 49843-50607 orient(+) score(2127.00) noncoding_equivalent(931.00) raw_noncoding(1194.00) offset(263.00)
49843	50320	initial+	1	1	{GeneMark_model.744_t;GeneMark},{GlimmerHMM_glimmerT_680-T1;GlimmerHMM}
50321	50488	INTRON			{Augustus_model.g565.t1;Augustus},{GlimmerHMM_glimmerT_680-T1;GlimmerHMM}
50489	50607	terminal+	2	3	{Augustus_model.g565.t1;Augustus},{GlimmerHMM_glimmerT_680-T1;GlimmerHMM}

# EVM prediction: Mode:STANDARD S-ratio: 3.81 50845-53471 orient(-) score(8319.00) noncoding_equivalent(2181.03) raw_noncoding(3179.83) offset(998.80)
51632	50845	terminal-	5	6	{Augustus_model.g566.t1;Augustus},{GeneMark_model.745_t;GeneMark}
51985	51633	INTRON			{Augustus_model.g566.t1;Augustus},{GeneMark_model.745_t;GeneMark}
52241	51986	internal-	4	4	{Augustus_model.g566.t1;Augustus},{GeneMark_model.745_t;GeneMark}
52328	52242	INTRON			{Augustus_model.g566.t1;Augustus},{GeneMark_model.745_t;GeneMark}
52558	52329	internal-	5	6	{Augustus_model.g566.t1;Augustus},{GeneMark_model.745_t;GeneMark}
52626	52559	INTRON			{Augustus_model.g566.t1;Augustus},{GeneMark_model.745_t;GeneMark}
53278	52627	internal-	4	4	{Augustus_model.g566.t1;Augustus},{GeneMark_model.745_t;GeneMark},{GlimmerHMM_glimmerT_681-T1;GlimmerHMM}
53339	53279	INTRON			{Augustus_model.g566.t1;Augustus},{GeneMark_model.745_t;GeneMark}
53471	53340	initial-	4	6	{Augustus_model.g566.t1;Augustus}

# EVM prediction: Mode:STANDARD S-ratio: 4.72 53888-54879 orient(+) score(7227.00) noncoding_equivalent(1531.03) raw_noncoding(2150.16) offset(619.13)
53888	53896	initial+	1	3	{snap_scaffold_2-snap.29-T1;snap},{Augustus_model.g567.t1;Augustus},{GeneMark_model.746_t;GeneMark}
53897	53977	INTRON			{snap_scaffold_2-snap.29-T1;snap},{Augustus_model.g567.t1;Augustus},{GeneMark_model.746_t;GeneMark}
53978	54059	internal+	1	1	{Augustus_model.g567.t1;Augustus},{GeneMark_model.746_t;GeneMark}
54060	54253	INTRON			{Augustus_model.g567.t1;Augustus},{GeneMark_model.746_t;GeneMark},{ev_type:exonerate/ID=match.2566964.1309/Target=lcl|NW_017264931_1_prot_XP_018272206_1_2037;exonerate},{ev_type:exonerate/ID=match.2566964.1299/Target=lcl|LCTV02000008_1_prot_PRQ72938_1_7323;exonerate},{ev_type:exonerate/ID=match.2566964.1294/Target=lcl|KQ954545_1_prot_KWU41287_1_6339;exonerate},{ev_type:exonerate/ID=match.2566964.1300/Target=lcl|BJWK01000002_1_prot_GEM06598_1_615;exonerate}
54254	54349	internal+	2	1	{Augustus_model.g567.t1;Augustus},{GlimmerHMM_glimmerT_682-T1;GlimmerHMM},{GeneMark_model.746_t;GeneMark},{ev_type:exonerate/ID=match.2566964.1309/Target=lcl|NW_017264931_1_prot_XP_018272206_1_2037;exonerate},{ev_type:exonerate/ID=match.2566964.1299/Target=lcl|LCTV02000008_1_prot_PRQ72938_1_7323;exonerate},{ev_type:exonerate/ID=match.2566964.1294/Target=lcl|KQ954545_1_prot_KWU41287_1_6339;exonerate},{ev_type:exonerate/ID=match.2566964.1300/Target=lcl|BJWK01000002_1_prot_GEM06598_1_615;exonerate}
54350	54458	INTRON			{Augustus_model.g567.t1;Augustus},{GlimmerHMM_glimmerT_682-T1;GlimmerHMM},{GeneMark_model.746_t;GeneMark},{ev_type:exonerate/ID=match.2566964.1309/Target=lcl|NW_017264931_1_prot_XP_018272206_1_2037;exonerate},{ev_type:exonerate/ID=match.2566964.1299/Target=lcl|LCTV02000008_1_prot_PRQ72938_1_7323;exonerate},{ev_type:exonerate/ID=match.2566964.1294/Target=lcl|KQ954545_1_prot_KWU41287_1_6339;exonerate},{ev_type:exonerate/ID=match.2566964.1282/Target=lcl|PJQD01000001_1_prot_POY76893_1_142;exonerate},{ev_type:exonerate/ID=match.2566964.1300/Target=lcl|BJWK01000002_1_prot_GEM06598_1_615;exonerate}
54459	54695	internal+	2	1	{Augustus_model.g567.t1;Augustus},{GlimmerHMM_glimmerT_682-T1;GlimmerHMM},{GeneMark_model.746_t;GeneMark},{ev_type:exonerate/ID=match.2566964.1309/Target=lcl|NW_017264931_1_prot_XP_018272206_1_2037;exonerate},{ev_type:exonerate/ID=match.2566964.1299/Target=lcl|LCTV02000008_1_prot_PRQ72938_1_7323;exonerate},{ev_type:exonerate/ID=match.2566964.1294/Target=lcl|KQ954545_1_prot_KWU41287_1_6339;exonerate},{ev_type:exonerate/ID=match.2566964.1282/Target=lcl|PJQD01000001_1_prot_POY76893_1_142;exonerate},{ev_type:exonerate/ID=match.2566964.1300/Target=lcl|BJWK01000002_1_prot_GEM06598_1_615;exonerate}
54696	54766	INTRON			{Augustus_model.g567.t1;Augustus},{GlimmerHMM_glimmerT_682-T1;GlimmerHMM},{GeneMark_model.746_t;GeneMark},{ev_type:exonerate/ID=match.2566964.1309/Target=lcl|NW_017264931_1_prot_XP_018272206_1_2037;exonerate},{ev_type:exonerate/ID=match.2566964.1299/Target=lcl|LCTV02000008_1_prot_PRQ72938_1_7323;exonerate},{ev_type:exonerate/ID=match.2566964.1294/Target=lcl|KQ954545_1_prot_KWU41287_1_6339;exonerate},{ev_type:exonerate/ID=match.2566964.1282/Target=lcl|PJQD01000001_1_prot_POY76893_1_142;exonerate},{ev_type:exonerate/ID=match.2566964.1300/Target=lcl|BJWK01000002_1_prot_GEM06598_1_615;exonerate}
54767	54879	terminal+	2	3	{Augustus_model.g567.t1;Augustus},{GlimmerHMM_glimmerT_682-T1;GlimmerHMM},{GeneMark_model.746_t;GeneMark}

# EVM prediction: Mode:STANDARD S-ratio: 2.13 55309-58015 orient(-) score(8203.00) noncoding_equivalent(3853.89) raw_noncoding(5038.00) offset(1184.11)
55438	55309	terminal-	6	6	{Augustus_model.g568.t1;Augustus},{GlimmerHMM_glimmerT_683-T1;GlimmerHMM},{GeneMark_model.747_t;GeneMark}
55523	55439	INTRON			{Augustus_model.g568.t1;Augustus},{GlimmerHMM_glimmerT_683-T1;GlimmerHMM},{GeneMark_model.747_t;GeneMark}
55691	55524	internal-	6	5	{Augustus_model.g568.t1;Augustus},{GlimmerHMM_glimmerT_683-T1;GlimmerHMM},{GeneMark_model.747_t;GeneMark}
55790	55692	INTRON			{Augustus_model.g568.t1;Augustus},{GlimmerHMM_glimmerT_683-T1;GlimmerHMM},{GeneMark_model.747_t;GeneMark}
55909	55791	internal-	4	5	{Augustus_model.g568.t1;Augustus},{GlimmerHMM_glimmerT_683-T1;GlimmerHMM},{GeneMark_model.747_t;GeneMark}
55986	55910	INTRON			{Augustus_model.g568.t1;Augustus},{GlimmerHMM_glimmerT_683-T1;GlimmerHMM},{GeneMark_model.747_t;GeneMark}
56127	55987	internal-	4	6	{Augustus_model.g568.t1;Augustus},{GeneMark_model.747_t;GeneMark}
56207	56128	INTRON			{Augustus_model.g568.t1;Augustus},{GeneMark_model.747_t;GeneMark}
56236	56208	internal-	5	6	{Augustus_model.g568.t1;Augustus},{GeneMark_model.747_t;GeneMark}
56312	56237	INTRON			{Augustus_model.g568.t1;Augustus},{GeneMark_model.747_t;GeneMark}
56750	56313	internal-	5	4	{Augustus_model.g568.t1;Augustus},{GlimmerHMM_glimmerT_683-T1;GlimmerHMM},{GeneMark_model.747_t;GeneMark}
56843	56751	INTRON			{Augustus_model.g568.t1;Augustus},{GlimmerHMM_glimmerT_683-T1;GlimmerHMM},{GeneMark_model.747_t;GeneMark}
56866	56844	internal-	6	4	{Augustus_model.g568.t1;Augustus},{GlimmerHMM_glimmerT_683-T1;GlimmerHMM},{GeneMark_model.747_t;GeneMark}
56931	56867	INTRON			{Augustus_model.g568.t1;Augustus},{GeneMark_model.747_t;GeneMark}
56973	56932	internal-	6	5	{Augustus_model.g568.t1;Augustus},{GeneMark_model.747_t;GeneMark}
57040	56974	INTRON			{Augustus_model.g568.t1;Augustus},{GeneMark_model.747_t;GeneMark}
57149	57041	internal-	5	5	{Augustus_model.g568.t1;Augustus},{GlimmerHMM_glimmerT_683-T1;GlimmerHMM},{GeneMark_model.747_t;GeneMark}
57233	57150	INTRON			{Augustus_model.g568.t1;Augustus},{GlimmerHMM_glimmerT_683-T1;GlimmerHMM},{GeneMark_model.747_t;GeneMark}
57333	57234	internal-	4	4	{Augustus_model.g568.t1;Augustus},{GlimmerHMM_glimmerT_683-T1;GlimmerHMM},{GeneMark_model.747_t;GeneMark}
57439	57334	INTRON			{Augustus_model.g568.t1;Augustus},{GlimmerHMM_glimmerT_683-T1;GlimmerHMM},{GeneMark_model.747_t;GeneMark}
57590	57440	internal-	6	6	{Augustus_model.g568.t1;Augustus},{GlimmerHMM_glimmerT_683-T1;GlimmerHMM},{GeneMark_model.747_t;GeneMark}
57677	57591	INTRON			{Augustus_model.g568.t1;Augustus},{GlimmerHMM_glimmerT_683-T1;GlimmerHMM},{GeneMark_model.747_t;GeneMark}
58015	57678	initial-	4	5	{Augustus_model.g568.t1;Augustus},{GlimmerHMM_glimmerT_683-T1;GlimmerHMM},{GeneMark_model.747_t;GeneMark}

# EVM prediction: Mode:STANDARD S-ratio: 2.00 58267-59870 orient(-) score(5936.00) noncoding_equivalent(2974.58) raw_noncoding(3597.58) offset(623.00)
58453	58267	terminal-	6	6	{Augustus_model.g569.t1;Augustus},{GeneMark_model.748_t;GeneMark},{GlimmerHMM_glimmerT_684-T1;GlimmerHMM}
58521	58454	INTRON			{Augustus_model.g569.t1;Augustus},{GeneMark_model.748_t;GeneMark},{GlimmerHMM_glimmerT_684-T1;GlimmerHMM},{ev_type:exonerate/ID=match.2566964.1254/Target=lcl|KQ954545_1_prot_KWU41291_1_6343;exonerate}
58581	58522	internal-	6	5	{Augustus_model.g569.t1;Augustus},{GeneMark_model.748_t;GeneMark},{GlimmerHMM_glimmerT_684-T1;GlimmerHMM},{ev_type:exonerate/ID=match.2566964.1254/Target=lcl|KQ954545_1_prot_KWU41291_1_6343;exonerate}
58640	58582	INTRON			{Augustus_model.g569.t1;Augustus},{GeneMark_model.748_t;GeneMark},{GlimmerHMM_glimmerT_684-T1;GlimmerHMM},{ev_type:exonerate/ID=match.2566964.1254/Target=lcl|KQ954545_1_prot_KWU41291_1_6343;exonerate}
58756	58641	internal-	4	5	{Augustus_model.g569.t1;Augustus},{GeneMark_model.748_t;GeneMark},{GlimmerHMM_glimmerT_684-T1;GlimmerHMM},{ev_type:exonerate/ID=match.2566964.1254/Target=lcl|KQ954545_1_prot_KWU41291_1_6343;exonerate}
58820	58757	INTRON			{Augustus_model.g569.t1;Augustus},{GeneMark_model.748_t;GeneMark},{GlimmerHMM_glimmerT_684-T1;GlimmerHMM},{ev_type:exonerate/ID=match.2566964.1254/Target=lcl|KQ954545_1_prot_KWU41291_1_6343;exonerate}
58880	58821	internal-	4	6	{Augustus_model.g569.t1;Augustus},{GeneMark_model.748_t;GeneMark},{GlimmerHMM_glimmerT_684-T1;GlimmerHMM},{ev_type:exonerate/ID=match.2566964.1254/Target=lcl|KQ954545_1_prot_KWU41291_1_6343;exonerate}
58958	58881	INTRON			{Augustus_model.g569.t1;Augustus},{GeneMark_model.748_t;GeneMark},{GlimmerHMM_glimmerT_684-T1;GlimmerHMM},{ev_type:exonerate/ID=match.2566964.1254/Target=lcl|KQ954545_1_prot_KWU41291_1_6343;exonerate}
59167	58959	internal-	5	6	{Augustus_model.g569.t1;Augustus},{GeneMark_model.748_t;GeneMark},{GlimmerHMM_glimmerT_684-T1;GlimmerHMM},{ev_type:exonerate/ID=match.2566964.1254/Target=lcl|KQ954545_1_prot_KWU41291_1_6343;exonerate}
59253	59168	INTRON			{Augustus_model.g569.t1;Augustus},{GeneMark_model.748_t;GeneMark},{GlimmerHMM_glimmerT_684-T1;GlimmerHMM},{ev_type:exonerate/ID=match.2566964.1254/Target=lcl|KQ954545_1_prot_KWU41291_1_6343;exonerate}
59275	59254	internal-	4	4	{Augustus_model.g569.t1;Augustus},{GeneMark_model.748_t;GeneMark},{GlimmerHMM_glimmerT_684-T1;GlimmerHMM},{ev_type:exonerate/ID=match.2566964.1254/Target=lcl|KQ954545_1_prot_KWU41291_1_6343;exonerate}
59519	59276	INTRON			{Augustus_model.g569.t1;Augustus},{GeneMark_model.748_t;GeneMark},{GlimmerHMM_glimmerT_684-T1;GlimmerHMM},{ev_type:exonerate/ID=match.2566964.1254/Target=lcl|KQ954545_1_prot_KWU41291_1_6343;exonerate}
59870	59520	initial-	4	6	{GeneMark_model.748_t;GeneMark}

# EVM prediction: Mode:STANDARD S-ratio: 1.74 60186-62249 orient(-) score(5442.00) noncoding_equivalent(3119.01) raw_noncoding(3885.66) offset(766.65)
60225	60186	terminal-	6	6	{GeneMark_model.749_t;GeneMark}
60290	60226	INTRON			{GeneMark_model.749_t;GeneMark}
60555	60291	internal-	5	5	{GeneMark_model.749_t;GeneMark}
60613	60556	INTRON			{Augustus_model.g569.t1;Augustus},{GeneMark_model.749_t;GeneMark}
60990	60614	internal-	6	4	{Augustus_model.g569.t1;Augustus},{GeneMark_model.749_t;GeneMark},{GlimmerHMM_glimmerT_684-T1;GlimmerHMM}
61064	60991	INTRON			{Augustus_model.g569.t1;Augustus},{GeneMark_model.749_t;GeneMark},{GlimmerHMM_glimmerT_684-T1;GlimmerHMM}
61291	61065	internal-	4	5	{Augustus_model.g569.t1;Augustus},{GeneMark_model.749_t;GeneMark},{GlimmerHMM_glimmerT_684-T1;GlimmerHMM}
61360	61292	INTRON			{Augustus_model.g569.t1;Augustus},{GeneMark_model.749_t;GeneMark},{GlimmerHMM_glimmerT_684-T1;GlimmerHMM}
61529	61361	internal-	6	6	{Augustus_model.g569.t1;Augustus},{GeneMark_model.749_t;GeneMark}
61608	61530	INTRON			{Augustus_model.g569.t1;Augustus},{GeneMark_model.749_t;GeneMark},{snap_scaffold_2-snap.31-T1;snap}
61745	61609	internal-	4	5	{Augustus_model.g569.t1;Augustus},{GeneMark_model.749_t;GeneMark}
61819	61746	INTRON			{Augustus_model.g569.t1;Augustus},{GeneMark_model.749_t;GeneMark}
62063	61820	internal-	6	6	{Augustus_model.g569.t1;Augustus},{GeneMark_model.749_t;GeneMark}
62133	62064	INTRON			{Augustus_model.g569.t1;Augustus},{GeneMark_model.749_t;GeneMark}
62249	62134	initial-	4	5	{Augustus_model.g569.t1;Augustus},{GeneMark_model.749_t;GeneMark}

# EVM prediction: Mode:STANDARD S-ratio: 9.14 63377-64582 orient(-) score(4471.00) noncoding_equivalent(489.04) raw_noncoding(672.22) offset(183.18)
63391	63377	terminal-	4	6	{GeneMark_model.750_t;GeneMark},{Augustus_model.g570.t1;Augustus}
63471	63392	INTRON			{GeneMark_model.750_t;GeneMark},{Augustus_model.g570.t1;Augustus}
63564	63472	internal-	4	6	{GlimmerHMM_glimmerT_684-T1;GlimmerHMM},{GeneMark_model.750_t;GeneMark},{Augustus_model.g570.t1;Augustus}
63634	63565	INTRON			{GlimmerHMM_glimmerT_684-T1;GlimmerHMM},{GeneMark_model.750_t;GeneMark},{Augustus_model.g570.t1;Augustus}
64582	63635	initial-	4	6	{GlimmerHMM_glimmerT_684-T1;GlimmerHMM},{GeneMark_model.750_t;GeneMark},{Augustus_model.g570.t1;Augustus}

# EVM prediction: Mode:STANDARD S-ratio: 2.50 65030-66101 orient(+) score(3470.00) noncoding_equivalent(1388.82) raw_noncoding(1836.04) offset(447.22)
65030	65126	initial+	1	1	{GeneMark_model.751_t;GeneMark},{Augustus_model.g571.t1;Augustus},{GlimmerHMM_glimmerT_685-T1;GlimmerHMM}
65127	65212	INTRON			{GeneMark_model.751_t;GeneMark},{Augustus_model.g571.t1;Augustus},{GlimmerHMM_glimmerT_685-T1;GlimmerHMM}
65213	65271	internal+	2	3	{GeneMark_model.751_t;GeneMark},{Augustus_model.g571.t1;Augustus},{GlimmerHMM_glimmerT_685-T1;GlimmerHMM}
65272	65336	INTRON			{GeneMark_model.751_t;GeneMark},{Augustus_model.g571.t1;Augustus},{GlimmerHMM_glimmerT_685-T1;GlimmerHMM}
65337	65432	internal+	1	3	{GeneMark_model.751_t;GeneMark},{Augustus_model.g571.t1;Augustus},{GlimmerHMM_glimmerT_685-T1;GlimmerHMM}
65433	65505	INTRON			{GeneMark_model.751_t;GeneMark},{Augustus_model.g571.t1;Augustus},{GlimmerHMM_glimmerT_685-T1;GlimmerHMM}
65506	65861	internal+	1	2	{GeneMark_model.751_t;GeneMark},{Augustus_model.g571.t1;Augustus},{GlimmerHMM_glimmerT_685-T1;GlimmerHMM}
65862	65933	INTRON			{GeneMark_model.751_t;GeneMark},{Augustus_model.g571.t1;Augustus},{GlimmerHMM_glimmerT_685-T1;GlimmerHMM}
65934	65990	internal+	3	2	{GeneMark_model.751_t;GeneMark},{Augustus_model.g571.t1;Augustus}
65991	66070	INTRON			{GeneMark_model.751_t;GeneMark},{Augustus_model.g571.t1;Augustus}
66071	66101	terminal+	3	3	{GeneMark_model.751_t;GeneMark},{Augustus_model.g571.t1;Augustus}

# EVM prediction: Mode:STANDARD S-ratio: 1.85 66579-68649 orient(-) score(5530.00) noncoding_equivalent(2993.17) raw_noncoding(4039.00) offset(1045.83)
67008	66579	terminal-	6	6	{Augustus_model.g572.t1;Augustus},{GlimmerHMM_glimmerT_686-T1;GlimmerHMM},{GeneMark_model.752_t;GeneMark}
67084	67009	INTRON			{Augustus_model.g572.t1;Augustus},{GeneMark_model.752_t;GeneMark}
67131	67085	internal-	4	5	{Augustus_model.g572.t1;Augustus},{GeneMark_model.752_t;GeneMark}
67201	67132	INTRON			{Augustus_model.g572.t1;Augustus},{GeneMark_model.752_t;GeneMark}
67247	67202	internal-	6	6	{Augustus_model.g572.t1;Augustus},{GeneMark_model.752_t;GeneMark}
67304	67248	INTRON			{Augustus_model.g572.t1;Augustus},{GeneMark_model.752_t;GeneMark}
67441	67305	internal-	4	5	{Augustus_model.g572.t1;Augustus},{GlimmerHMM_glimmerT_686-T1;GlimmerHMM},{GeneMark_model.752_t;GeneMark}
67499	67442	INTRON			{Augustus_model.g572.t1;Augustus},{GlimmerHMM_glimmerT_686-T1;GlimmerHMM},{GeneMark_model.752_t;GeneMark}
67570	67500	internal-	5	6	{Augustus_model.g572.t1;Augustus},{GlimmerHMM_glimmerT_686-T1;GlimmerHMM},{GeneMark_model.752_t;GeneMark}
67637	67571	INTRON			{Augustus_model.g572.t1;Augustus},{GlimmerHMM_glimmerT_686-T1;GlimmerHMM},{GeneMark_model.752_t;GeneMark}
67741	67638	internal-	6	4	{Augustus_model.g572.t1;Augustus},{GlimmerHMM_glimmerT_686-T1;GlimmerHMM},{GeneMark_model.752_t;GeneMark}
67809	67742	INTRON			{Augustus_model.g572.t1;Augustus},{GeneMark_model.752_t;GeneMark}
68014	67810	internal-	5	5	{Augustus_model.g572.t1;Augustus},{GeneMark_model.752_t;GeneMark}
68078	68015	INTRON			{Augustus_model.g572.t1;Augustus},{GeneMark_model.752_t;GeneMark}
68197	68079	internal-	6	4	{Augustus_model.g572.t1;Augustus},{GeneMark_model.752_t;GeneMark}
68256	68198	INTRON			{Augustus_model.g572.t1;Augustus},{GeneMark_model.752_t;GeneMark}
68424	68257	internal-	6	5	{Augustus_model.g572.t1;Augustus},{GeneMark_model.752_t;GeneMark}
68485	68425	INTRON			{Augustus_model.g572.t1;Augustus},{GeneMark_model.752_t;GeneMark}
68649	68486	initial-	4	5	{Augustus_model.g572.t1;Augustus},{GlimmerHMM_glimmerT_686-T1;GlimmerHMM},{GeneMark_model.752_t;GeneMark}

# EVM prediction: Mode:STANDARD S-ratio: 4.95 69412-70487 orient(-) score(3688.00) noncoding_equivalent(744.70) raw_noncoding(815.05) offset(70.34)
70025	69412	terminal-	5	6	{GlimmerHMM_glimmerT_687-T1;GlimmerHMM},{Augustus_model.g573.t1;Augustus},{GeneMark_model.753_t;GeneMark}
70096	70026	INTRON			{GlimmerHMM_glimmerT_687-T1;GlimmerHMM},{Augustus_model.g573.t1;Augustus},{GeneMark_model.753_t;GeneMark}
70487	70097	initial-	4	4	{GlimmerHMM_glimmerT_687-T1;GlimmerHMM},{Augustus_model.g573.t1;Augustus},{GeneMark_model.753_t;GeneMark}

# EVM prediction: Mode:STANDARD S-ratio: 4.00 70955-73218 orient(+) score(8396.00) noncoding_equivalent(2100.18) raw_noncoding(2370.72) offset(270.54)
70955	71152	initial+	1	3	{Augustus_model.g574.t1;Augustus},{GlimmerHMM_glimmerT_688-T1;GlimmerHMM},{GeneMark_model.754_t;GeneMark}
71153	71226	INTRON			{Augustus_model.g574.t1;Augustus},{GlimmerHMM_glimmerT_688-T1;GlimmerHMM},{GeneMark_model.754_t;GeneMark},{ev_type:exonerate/ID=match.2566964.1240/Target=lcl|KQ954545_1_prot_KWU41295_1_6347;exonerate}
71227	71551	internal+	1	1	{Augustus_model.g574.t1;Augustus},{GlimmerHMM_glimmerT_688-T1;GlimmerHMM},{GeneMark_model.754_t;GeneMark},{ev_type:exonerate/ID=match.2566964.1240/Target=lcl|KQ954545_1_prot_KWU41295_1_6347;exonerate}
71552	71620	INTRON			{Augustus_model.g574.t1;Augustus},{GlimmerHMM_glimmerT_688-T1;GlimmerHMM},{GeneMark_model.754_t;GeneMark},{ev_type:exonerate/ID=match.2566964.1240/Target=lcl|KQ954545_1_prot_KWU41295_1_6347;exonerate}
71621	72333	internal+	2	3	{Augustus_model.g574.t1;Augustus},{GlimmerHMM_glimmerT_688-T1;GlimmerHMM},{GeneMark_model.754_t;GeneMark}
72334	72400	INTRON			{Augustus_model.g574.t1;Augustus},{GlimmerHMM_glimmerT_688-T1;GlimmerHMM},{GeneMark_model.754_t;GeneMark}
72401	72614	internal+	1	1	{Augustus_model.g574.t1;Augustus},{GlimmerHMM_glimmerT_688-T1;GlimmerHMM},{GeneMark_model.754_t;GeneMark}
72615	72691	INTRON			{Augustus_model.g574.t1;Augustus},{GlimmerHMM_glimmerT_688-T1;GlimmerHMM},{GeneMark_model.754_t;GeneMark}
72692	73218	terminal+	2	3	{Augustus_model.g574.t1;Augustus},{GlimmerHMM_glimmerT_688-T1;GlimmerHMM},{GeneMark_model.754_t;GeneMark}

# EVM prediction: Mode:STANDARD S-ratio: 2.01 73339-74599 orient(-) score(3423.00) noncoding_equivalent(1705.47) raw_noncoding(2078.82) offset(373.35)
73491	73339	terminal-	4	6	{GeneMark_model.755_t;GeneMark},{Augustus_model.g575.t1;Augustus}
73557	73492	INTRON			{GeneMark_model.755_t;GeneMark},{Augustus_model.g575.t1;Augustus}
73670	73558	internal-	5	6	{GeneMark_model.755_t;GeneMark},{Augustus_model.g575.t1;Augustus}
73752	73671	INTRON			{GlimmerHMM_glimmerT_689-T1;GlimmerHMM},{GeneMark_model.755_t;GeneMark},{Augustus_model.g575.t1;Augustus}
74389	73753	internal-	4	4	{GlimmerHMM_glimmerT_689-T1;GlimmerHMM},{GeneMark_model.755_t;GeneMark},{Augustus_model.g575.t1;Augustus}
74445	74390	INTRON			{GeneMark_model.755_t;GeneMark},{Augustus_model.g575.t1;Augustus}
74525	74446	internal-	5	6	{GeneMark_model.755_t;GeneMark}
74562	74526	INTRON			{GeneMark_model.755_t;GeneMark}
74599	74563	initial-	4	4	{GeneMark_model.755_t;GeneMark}

# EVM prediction: Mode:STANDARD S-ratio: 7.14 75052-76785 orient(-) score(14278.00) noncoding_equivalent(2000.59) raw_noncoding(2545.39) offset(544.80)
75090	75052	terminal-	4	6	{GeneMark_model.756_t;GeneMark}
75204	75091	INTRON			{GeneMark_model.756_t;GeneMark},{Augustus_model.g575.t1;Augustus},{ev_type:exonerate/ID=match.2566964.1155/Target=lcl|PJQD01000001_1_prot_POY76883_1_132;exonerate},{ev_type:exonerate/ID=match.2566964.1169/Target=lcl|NW_017264931_1_prot_XP_018272224_1_2055;exonerate},{ev_type:exonerate/ID=match.2566964.1172/Target=lcl|BJWK01000002_1_prot_GEM06623_1_640;exonerate},{ev_type:exonerate/ID=match.2566964.1171/Target=lcl|LCTV02000008_1_prot_PRQ72968_1_7353;exonerate},{ev_type:exonerate/ID=match.2566964.1160/Target=lcl|KQ954545_1_prot_KWU41297_1_6349;exonerate}
75302	75205	internal-	5	6	{GeneMark_model.756_t;GeneMark},{GlimmerHMM_glimmerT_689-T1;GlimmerHMM},{Augustus_model.g575.t1;Augustus},{ev_type:exonerate/ID=match.2566964.1155/Target=lcl|PJQD01000001_1_prot_POY76883_1_132;exonerate},{ev_type:exonerate/ID=match.2566964.1169/Target=lcl|NW_017264931_1_prot_XP_018272224_1_2055;exonerate},{ev_type:exonerate/ID=match.2566964.1172/Target=lcl|BJWK01000002_1_prot_GEM06623_1_640;exonerate},{ev_type:exonerate/ID=match.2566964.1171/Target=lcl|LCTV02000008_1_prot_PRQ72968_1_7353;exonerate},{ev_type:exonerate/ID=match.2566964.1160/Target=lcl|KQ954545_1_prot_KWU41297_1_6349;exonerate}
75393	75303	INTRON			{GeneMark_model.756_t;GeneMark},{GlimmerHMM_glimmerT_689-T1;GlimmerHMM},{Augustus_model.g575.t1;Augustus},{ev_type:exonerate/ID=match.2566964.1155/Target=lcl|PJQD01000001_1_prot_POY76883_1_132;exonerate},{ev_type:exonerate/ID=match.2566964.1169/Target=lcl|NW_017264931_1_prot_XP_018272224_1_2055;exonerate},{ev_type:exonerate/ID=match.2566964.1172/Target=lcl|BJWK01000002_1_prot_GEM06623_1_640;exonerate},{ev_type:exonerate/ID=match.2566964.1171/Target=lcl|LCTV02000008_1_prot_PRQ72968_1_7353;exonerate},{ev_type:exonerate/ID=match.2566964.1160/Target=lcl|KQ954545_1_prot_KWU41297_1_6349;exonerate}
75823	75394	internal-	4	4	{GeneMark_model.756_t;GeneMark},{GlimmerHMM_glimmerT_689-T1;GlimmerHMM},{Augustus_model.g575.t1;Augustus},{ev_type:exonerate/ID=match.2566964.1155/Target=lcl|PJQD01000001_1_prot_POY76883_1_132;exonerate},{ev_type:exonerate/ID=match.2566964.1169/Target=lcl|NW_017264931_1_prot_XP_018272224_1_2055;exonerate},{ev_type:exonerate/ID=match.2566964.1172/Target=lcl|BJWK01000002_1_prot_GEM06623_1_640;exonerate},{ev_type:exonerate/ID=match.2566964.1171/Target=lcl|LCTV02000008_1_prot_PRQ72968_1_7353;exonerate},{ev_type:exonerate/ID=match.2566964.1160/Target=lcl|KQ954545_1_prot_KWU41297_1_6349;exonerate}
75905	75824	INTRON			{GeneMark_model.756_t;GeneMark},{GlimmerHMM_glimmerT_689-T1;GlimmerHMM},{Augustus_model.g575.t1;Augustus},{ev_type:exonerate/ID=match.2566964.1155/Target=lcl|PJQD01000001_1_prot_POY76883_1_132;exonerate},{ev_type:exonerate/ID=match.2566964.1169/Target=lcl|NW_017264931_1_prot_XP_018272224_1_2055;exonerate},{ev_type:exonerate/ID=match.2566964.1172/Target=lcl|BJWK01000002_1_prot_GEM06623_1_640;exonerate},{ev_type:exonerate/ID=match.2566964.1171/Target=lcl|LCTV02000008_1_prot_PRQ72968_1_7353;exonerate},{ev_type:exonerate/ID=match.2566964.1160/Target=lcl|KQ954545_1_prot_KWU41297_1_6349;exonerate}
76481	75906	internal-	4	6	{GeneMark_model.756_t;GeneMark},{GlimmerHMM_glimmerT_689-T1;GlimmerHMM},{Augustus_model.g575.t1;Augustus},{ev_type:exonerate/ID=match.2566964.1155/Target=lcl|PJQD01000001_1_prot_POY76883_1_132;exonerate},{ev_type:exonerate/ID=match.2566964.1169/Target=lcl|NW_017264931_1_prot_XP_018272224_1_2055;exonerate},{ev_type:exonerate/ID=match.2566964.1172/Target=lcl|BJWK01000002_1_prot_GEM06623_1_640;exonerate},{ev_type:exonerate/ID=match.2566964.1171/Target=lcl|LCTV02000008_1_prot_PRQ72968_1_7353;exonerate},{ev_type:exonerate/ID=match.2566964.1160/Target=lcl|KQ954545_1_prot_KWU41297_1_6349;exonerate}
76555	76482	INTRON			{GeneMark_model.756_t;GeneMark},{GlimmerHMM_glimmerT_689-T1;GlimmerHMM},{Augustus_model.g575.t1;Augustus},{ev_type:exonerate/ID=match.2566964.1155/Target=lcl|PJQD01000001_1_prot_POY76883_1_132;exonerate},{ev_type:exonerate/ID=match.2566964.1169/Target=lcl|NW_017264931_1_prot_XP_018272224_1_2055;exonerate},{ev_type:exonerate/ID=match.2566964.1172/Target=lcl|BJWK01000002_1_prot_GEM06623_1_640;exonerate},{ev_type:exonerate/ID=match.2566964.1171/Target=lcl|LCTV02000008_1_prot_PRQ72968_1_7353;exonerate},{ev_type:exonerate/ID=match.2566964.1160/Target=lcl|KQ954545_1_prot_KWU41297_1_6349;exonerate}
76607	76556	internal-	6	6	{GeneMark_model.756_t;GeneMark},{GlimmerHMM_glimmerT_689-T1;GlimmerHMM},{Augustus_model.g575.t1;Augustus},{ev_type:exonerate/ID=match.2566964.1155/Target=lcl|PJQD01000001_1_prot_POY76883_1_132;exonerate},{ev_type:exonerate/ID=match.2566964.1169/Target=lcl|NW_017264931_1_prot_XP_018272224_1_2055;exonerate},{ev_type:exonerate/ID=match.2566964.1172/Target=lcl|BJWK01000002_1_prot_GEM06623_1_640;exonerate},{ev_type:exonerate/ID=match.2566964.1171/Target=lcl|LCTV02000008_1_prot_PRQ72968_1_7353;exonerate},{ev_type:exonerate/ID=match.2566964.1160/Target=lcl|KQ954545_1_prot_KWU41297_1_6349;exonerate}
76714	76608	INTRON			{GeneMark_model.756_t;GeneMark},{GlimmerHMM_glimmerT_689-T1;GlimmerHMM},{Augustus_model.g575.t1;Augustus},{ev_type:exonerate/ID=match.2566964.1155/Target=lcl|PJQD01000001_1_prot_POY76883_1_132;exonerate},{ev_type:exonerate/ID=match.2566964.1169/Target=lcl|NW_017264931_1_prot_XP_018272224_1_2055;exonerate},{ev_type:exonerate/ID=match.2566964.1172/Target=lcl|BJWK01000002_1_prot_GEM06623_1_640;exonerate},{ev_type:exonerate/ID=match.2566964.1171/Target=lcl|LCTV02000008_1_prot_PRQ72968_1_7353;exonerate},{ev_type:exonerate/ID=match.2566964.1160/Target=lcl|KQ954545_1_prot_KWU41297_1_6349;exonerate}
76785	76715	initial-	4	5	{GeneMark_model.756_t;GeneMark},{GlimmerHMM_glimmerT_689-T1;GlimmerHMM},{Augustus_model.g575.t1;Augustus}

# EVM prediction: Mode:STANDARD S-ratio: 7.17 77224-79245 orient(+) score(7346.00) noncoding_equivalent(1024.29) raw_noncoding(1100.29) offset(76.00)
77224	77653	initial+	1	1	{Augustus_model.g576.t1;Augustus},{GeneMark_model.757_t;GeneMark},{GlimmerHMM_glimmerT_690-T1;GlimmerHMM}
77654	77724	INTRON			{Augustus_model.g576.t1;Augustus},{GeneMark_model.757_t;GeneMark},{GlimmerHMM_glimmerT_690-T1;GlimmerHMM}
77725	78929	internal+	2	3	{Augustus_model.g576.t1;Augustus},{GeneMark_model.757_t;GeneMark},{GlimmerHMM_glimmerT_690-T1;GlimmerHMM}
78930	79005	INTRON			{Augustus_model.g576.t1;Augustus},{GeneMark_model.757_t;GeneMark},{GlimmerHMM_glimmerT_690-T1;GlimmerHMM}
79006	79245	terminal+	1	3	{GeneMark_model.757_t;GeneMark},{GlimmerHMM_glimmerT_690-T1;GlimmerHMM}

# EVM prediction: Mode:STANDARD S-ratio: 2.14 79705-81456 orient(+) score(5327.00) noncoding_equivalent(2489.33) raw_noncoding(3183.00) offset(693.67)
79705	79899	initial+	1	3	{GeneMark_model.758_t;GeneMark},{GlimmerHMM_glimmerT_691-T1;GlimmerHMM}
79900	79978	INTRON			{GeneMark_model.758_t;GeneMark},{Augustus_model.g576.t1;Augustus},{GlimmerHMM_glimmerT_691-T1;GlimmerHMM}
79979	80060	internal+	1	1	{GeneMark_model.758_t;GeneMark},{Augustus_model.g576.t1;Augustus},{GlimmerHMM_glimmerT_691-T1;GlimmerHMM}
80061	80127	INTRON			{GeneMark_model.758_t;GeneMark},{Augustus_model.g576.t1;Augustus},{GlimmerHMM_glimmerT_691-T1;GlimmerHMM}
80128	80198	internal+	2	3	{GeneMark_model.758_t;GeneMark},{Augustus_model.g576.t1;Augustus},{GlimmerHMM_glimmerT_691-T1;GlimmerHMM}
80199	80258	INTRON			{GeneMark_model.758_t;GeneMark},{Augustus_model.g576.t1;Augustus},{GlimmerHMM_glimmerT_691-T1;GlimmerHMM}
80259	80304	internal+	1	1	{GeneMark_model.758_t;GeneMark},{Augustus_model.g576.t1;Augustus},{GlimmerHMM_glimmerT_691-T1;GlimmerHMM}
80305	80375	INTRON			{GeneMark_model.758_t;GeneMark},{Augustus_model.g576.t1;Augustus},{GlimmerHMM_glimmerT_691-T1;GlimmerHMM}
80376	80504	internal+	2	1	{GeneMark_model.758_t;GeneMark},{Augustus_model.g576.t1;Augustus},{GlimmerHMM_glimmerT_691-T1;GlimmerHMM}
80505	80579	INTRON			{GeneMark_model.758_t;GeneMark},{Augustus_model.g576.t1;Augustus},{GlimmerHMM_glimmerT_691-T1;GlimmerHMM}
80580	80845	internal+	2	3	{GeneMark_model.758_t;GeneMark},{Augustus_model.g576.t1;Augustus},{GlimmerHMM_glimmerT_691-T1;GlimmerHMM}
80846	80914	INTRON			{GeneMark_model.758_t;GeneMark},{Augustus_model.g576.t1;Augustus}
80915	80938	internal+	1	3	{GeneMark_model.758_t;GeneMark},{Augustus_model.g576.t1;Augustus}
80939	81006	INTRON			{GeneMark_model.758_t;GeneMark},{Augustus_model.g576.t1;Augustus}
81007	81230	internal+	1	2	{GeneMark_model.758_t;GeneMark},{Augustus_model.g576.t1;Augustus},{GlimmerHMM_glimmerT_691-T1;GlimmerHMM}
81231	81296	INTRON			{GeneMark_model.758_t;GeneMark},{Augustus_model.g576.t1;Augustus},{GlimmerHMM_glimmerT_691-T1;GlimmerHMM}
81297	81456	terminal+	3	3	{GeneMark_model.758_t;GeneMark},{Augustus_model.g576.t1;Augustus},{GlimmerHMM_glimmerT_691-T1;GlimmerHMM}

# EVM prediction: Mode:STANDARD S-ratio: 6.01 82791-90791 orient(+) score(42076.00) noncoding_equivalent(7003.67) raw_noncoding(8437.83) offset(1434.16)
82791	83053	initial+	1	2	{Augustus_model.g577.t1;Augustus},{GlimmerHMM_glimmerT_692-T1;GlimmerHMM},{GeneMark_model.759_t;GeneMark}
83054	83167	INTRON			{Augustus_model.g577.t1;Augustus},{GlimmerHMM_glimmerT_692-T1;GlimmerHMM},{GeneMark_model.759_t;GeneMark},{ev_type:exonerate/ID=match.2566964.1063/Target=lcl|PJQD01000001_1_prot_POY76879_1_128;exonerate}
83168	83210	internal+	3	3	{Augustus_model.g577.t1;Augustus},{GeneMark_model.759_t;GeneMark},{ev_type:exonerate/ID=match.2566964.1063/Target=lcl|PJQD01000001_1_prot_POY76879_1_128;exonerate}
83211	83316	INTRON			{Augustus_model.g577.t1;Augustus},{GeneMark_model.759_t;GeneMark},{ev_type:exonerate/ID=match.2566964.1063/Target=lcl|PJQD01000001_1_prot_POY76879_1_128;exonerate}
83317	83344	internal+	1	1	{Augustus_model.g577.t1;Augustus},{GeneMark_model.759_t;GeneMark},{ev_type:exonerate/ID=match.2566964.1063/Target=lcl|PJQD01000001_1_prot_POY76879_1_128;exonerate}
83345	83452	INTRON			{Augustus_model.g577.t1;Augustus},{GeneMark_model.759_t;GeneMark},{ev_type:exonerate/ID=match.2566964.1063/Target=lcl|PJQD01000001_1_prot_POY76879_1_128;exonerate}
83453	84429	internal+	2	3	{Augustus_model.g577.t1;Augustus},{GlimmerHMM_glimmerT_692-T1;GlimmerHMM},{GeneMark_model.759_t;GeneMark},{ev_type:exonerate/ID=match.2566964.1063/Target=lcl|PJQD01000001_1_prot_POY76879_1_128;exonerate}
84430	84497	INTRON			{Augustus_model.g577.t1;Augustus},{GlimmerHMM_glimmerT_692-T1;GlimmerHMM},{GeneMark_model.759_t;GeneMark},{ev_type:exonerate/ID=match.2566964.1062/Target=lcl|KQ954545_1_prot_KWU41300_1_6352;exonerate},{ev_type:exonerate/ID=match.2566964.1063/Target=lcl|PJQD01000001_1_prot_POY76879_1_128;exonerate}
84498	85125	internal+	1	1	{Augustus_model.g577.t1;Augustus},{GlimmerHMM_glimmerT_692-T1;GlimmerHMM},{GeneMark_model.759_t;GeneMark},{ev_type:exonerate/ID=match.2566964.1062/Target=lcl|KQ954545_1_prot_KWU41300_1_6352;exonerate},{ev_type:exonerate/ID=match.2566964.1063/Target=lcl|PJQD01000001_1_prot_POY76879_1_128;exonerate}
85126	85193	INTRON			{Augustus_model.g577.t1;Augustus},{GlimmerHMM_glimmerT_692-T1;GlimmerHMM},{GeneMark_model.759_t;GeneMark},{ev_type:exonerate/ID=match.2566964.1062/Target=lcl|KQ954545_1_prot_KWU41300_1_6352;exonerate},{ev_type:exonerate/ID=match.2566964.1063/Target=lcl|PJQD01000001_1_prot_POY76879_1_128;exonerate}
85194	85750	internal+	2	3	{Augustus_model.g577.t1;Augustus},{GlimmerHMM_glimmerT_692-T1;GlimmerHMM},{GeneMark_model.759_t;GeneMark},{ev_type:exonerate/ID=match.2566964.1062/Target=lcl|KQ954545_1_prot_KWU41300_1_6352;exonerate},{ev_type:exonerate/ID=match.2566964.1063/Target=lcl|PJQD01000001_1_prot_POY76879_1_128;exonerate}
85751	85816	INTRON			{Augustus_model.g577.t1;Augustus},{GlimmerHMM_glimmerT_692-T1;GlimmerHMM},{GeneMark_model.759_t;GeneMark},{ev_type:exonerate/ID=match.2566964.1062/Target=lcl|KQ954545_1_prot_KWU41300_1_6352;exonerate},{ev_type:exonerate/ID=match.2566964.1063/Target=lcl|PJQD01000001_1_prot_POY76879_1_128;exonerate}
85817	86903	internal+	1	1	{Augustus_model.g577.t1;Augustus},{GlimmerHMM_glimmerT_692-T1;GlimmerHMM},{GeneMark_model.759_t;GeneMark},{ev_type:exonerate/ID=match.2566964.1062/Target=lcl|KQ954545_1_prot_KWU41300_1_6352;exonerate},{ev_type:exonerate/ID=match.2566964.1063/Target=lcl|PJQD01000001_1_prot_POY76879_1_128;exonerate}
86904	86991	INTRON			{Augustus_model.g577.t1;Augustus},{GlimmerHMM_glimmerT_692-T1;GlimmerHMM},{GeneMark_model.759_t;GeneMark},{ev_type:exonerate/ID=match.2566964.1062/Target=lcl|KQ954545_1_prot_KWU41300_1_6352;exonerate},{ev_type:exonerate/ID=match.2566964.1063/Target=lcl|PJQD01000001_1_prot_POY76879_1_128;exonerate}
86992	87125	internal+	2	3	{Augustus_model.g577.t1;Augustus},{GlimmerHMM_glimmerT_692-T1;GlimmerHMM},{GeneMark_model.759_t;GeneMark}
87126	87193	INTRON			{Augustus_model.g577.t1;Augustus},{GlimmerHMM_glimmerT_692-T1;GlimmerHMM},{GeneMark_model.759_t;GeneMark}
87194	87204	internal+	1	2	{Augustus_model.g577.t1;Augustus},{GlimmerHMM_glimmerT_692-T1;GlimmerHMM},{GeneMark_model.759_t;GeneMark}
87205	87267	INTRON			{Augustus_model.g577.t1;Augustus},{GlimmerHMM_glimmerT_692-T1;GlimmerHMM},{GeneMark_model.759_t;GeneMark}
87268	87303	internal+	3	2	{Augustus_model.g577.t1;Augustus},{GlimmerHMM_glimmerT_692-T1;GlimmerHMM},{GeneMark_model.759_t;GeneMark},{ev_type:exonerate/ID=match.2566964.1062/Target=lcl|KQ954545_1_prot_KWU41300_1_6352;exonerate}
87304	87365	INTRON			{Augustus_model.g577.t1;Augustus},{GlimmerHMM_glimmerT_692-T1;GlimmerHMM},{GeneMark_model.759_t;GeneMark},{snap_scaffold_2-snap.43-T1;snap},{ev_type:exonerate/ID=match.2566964.1062/Target=lcl|KQ954545_1_prot_KWU41300_1_6352;exonerate},{ev_type:exonerate/ID=match.2566964.1063/Target=lcl|PJQD01000001_1_prot_POY76879_1_128;exonerate}
87366	87632	internal+	3	2	{Augustus_model.g577.t1;Augustus},{GlimmerHMM_glimmerT_692-T1;GlimmerHMM},{GeneMark_model.759_t;GeneMark},{ev_type:exonerate/ID=match.2566964.1062/Target=lcl|KQ954545_1_prot_KWU41300_1_6352;exonerate},{ev_type:exonerate/ID=match.2566964.1063/Target=lcl|PJQD01000001_1_prot_POY76879_1_128;exonerate}
87633	87695	INTRON			{Augustus_model.g577.t1;Augustus},{GlimmerHMM_glimmerT_692-T1;GlimmerHMM},{GeneMark_model.759_t;GeneMark},{ev_type:exonerate/ID=match.2566964.1062/Target=lcl|KQ954545_1_prot_KWU41300_1_6352;exonerate},{ev_type:exonerate/ID=match.2566964.1063/Target=lcl|PJQD01000001_1_prot_POY76879_1_128;exonerate}
87696	88026	internal+	3	3	{Augustus_model.g577.t1;Augustus},{GlimmerHMM_glimmerT_692-T1;GlimmerHMM},{GeneMark_model.759_t;GeneMark},{ev_type:exonerate/ID=match.2566964.1062/Target=lcl|KQ954545_1_prot_KWU41300_1_6352;exonerate},{ev_type:exonerate/ID=match.2566964.1063/Target=lcl|PJQD01000001_1_prot_POY76879_1_128;exonerate}
88027	88087	INTRON			{Augustus_model.g577.t1;Augustus},{GlimmerHMM_glimmerT_692-T1;GlimmerHMM},{GeneMark_model.759_t;GeneMark},{ev_type:exonerate/ID=match.2566964.1062/Target=lcl|KQ954545_1_prot_KWU41300_1_6352;exonerate},{ev_type:exonerate/ID=match.2566964.1063/Target=lcl|PJQD01000001_1_prot_POY76879_1_128;exonerate}
88088	88172	internal+	1	1	{Augustus_model.g577.t1;Augustus},{GlimmerHMM_glimmerT_692-T1;GlimmerHMM},{GeneMark_model.759_t;GeneMark},{ev_type:exonerate/ID=match.2566964.1062/Target=lcl|KQ954545_1_prot_KWU41300_1_6352;exonerate},{ev_type:exonerate/ID=match.2566964.1063/Target=lcl|PJQD01000001_1_prot_POY76879_1_128;exonerate}
88173	88236	INTRON			{Augustus_model.g577.t1;Augustus},{GlimmerHMM_glimmerT_692-T1;GlimmerHMM},{GeneMark_model.759_t;GeneMark},{ev_type:exonerate/ID=match.2566964.1062/Target=lcl|KQ954545_1_prot_KWU41300_1_6352;exonerate},{ev_type:exonerate/ID=match.2566964.1063/Target=lcl|PJQD01000001_1_prot_POY76879_1_128;exonerate}
88237	89436	internal+	2	1	{Augustus_model.g577.t1;Augustus},{GlimmerHMM_glimmerT_692-T1;GlimmerHMM},{GeneMark_model.759_t;GeneMark},{ev_type:exonerate/ID=match.2566964.1062/Target=lcl|KQ954545_1_prot_KWU41300_1_6352;exonerate},{ev_type:exonerate/ID=match.2566964.1063/Target=lcl|PJQD01000001_1_prot_POY76879_1_128;exonerate}
89437	89510	INTRON			{Augustus_model.g577.t1;Augustus},{GlimmerHMM_glimmerT_692-T1;GlimmerHMM},{GeneMark_model.759_t;GeneMark},{ev_type:exonerate/ID=match.2566964.1062/Target=lcl|KQ954545_1_prot_KWU41300_1_6352;exonerate},{ev_type:exonerate/ID=match.2566964.1063/Target=lcl|PJQD01000001_1_prot_POY76879_1_128;exonerate}
89511	89633	internal+	2	1	{Augustus_model.g577.t1;Augustus},{GlimmerHMM_glimmerT_692-T1;GlimmerHMM},{GeneMark_model.759_t;GeneMark},{ev_type:exonerate/ID=match.2566964.1062/Target=lcl|KQ954545_1_prot_KWU41300_1_6352;exonerate},{ev_type:exonerate/ID=match.2566964.1063/Target=lcl|PJQD01000001_1_prot_POY76879_1_128;exonerate}
89634	89693	INTRON			{Augustus_model.g577.t1;Augustus},{GlimmerHMM_glimmerT_692-T1;GlimmerHMM},{GeneMark_model.759_t;GeneMark},{ev_type:exonerate/ID=match.2566964.1062/Target=lcl|KQ954545_1_prot_KWU41300_1_6352;exonerate},{ev_type:exonerate/ID=match.2566964.1063/Target=lcl|PJQD01000001_1_prot_POY76879_1_128;exonerate}
89694	89800	internal+	2	3	{Augustus_model.g577.t1;Augustus},{GlimmerHMM_glimmerT_692-T1;GlimmerHMM},{GeneMark_model.759_t;GeneMark},{ev_type:exonerate/ID=match.2566964.1062/Target=lcl|KQ954545_1_prot_KWU41300_1_6352;exonerate},{ev_type:exonerate/ID=match.2566964.1063/Target=lcl|PJQD01000001_1_prot_POY76879_1_128;exonerate}
89801	89868	INTRON			{Augustus_model.g577.t1;Augustus},{GlimmerHMM_glimmerT_692-T1;GlimmerHMM},{GeneMark_model.759_t;GeneMark},{ev_type:exonerate/ID=match.2566964.1062/Target=lcl|KQ954545_1_prot_KWU41300_1_6352;exonerate},{ev_type:exonerate/ID=match.2566964.1063/Target=lcl|PJQD01000001_1_prot_POY76879_1_128;exonerate}
89869	89888	internal+	1	2	{Augustus_model.g577.t1;Augustus},{GlimmerHMM_glimmerT_692-T1;GlimmerHMM},{GeneMark_model.759_t;GeneMark},{ev_type:exonerate/ID=match.2566964.1062/Target=lcl|KQ954545_1_prot_KWU41300_1_6352;exonerate},{ev_type:exonerate/ID=match.2566964.1063/Target=lcl|PJQD01000001_1_prot_POY76879_1_128;exonerate}
89889	89949	INTRON			{Augustus_model.g577.t1;Augustus},{GlimmerHMM_glimmerT_692-T1;GlimmerHMM},{GeneMark_model.759_t;GeneMark},{ev_type:exonerate/ID=match.2566964.1062/Target=lcl|KQ954545_1_prot_KWU41300_1_6352;exonerate},{ev_type:exonerate/ID=match.2566964.1063/Target=lcl|PJQD01000001_1_prot_POY76879_1_128;exonerate}
89950	90047	internal+	3	1	{Augustus_model.g577.t1;Augustus},{GlimmerHMM_glimmerT_692-T1;GlimmerHMM},{GeneMark_model.759_t;GeneMark},{ev_type:exonerate/ID=match.2566964.1062/Target=lcl|KQ954545_1_prot_KWU41300_1_6352;exonerate},{ev_type:exonerate/ID=match.2566964.1063/Target=lcl|PJQD01000001_1_prot_POY76879_1_128;exonerate}
90048	90113	INTRON			{Augustus_model.g577.t1;Augustus},{GlimmerHMM_glimmerT_692-T1;GlimmerHMM},{GeneMark_model.759_t;GeneMark},{ev_type:exonerate/ID=match.2566964.1062/Target=lcl|KQ954545_1_prot_KWU41300_1_6352;exonerate},{ev_type:exonerate/ID=match.2566964.1063/Target=lcl|PJQD01000001_1_prot_POY76879_1_128;exonerate}
90114	90148	internal+	2	3	{Augustus_model.g577.t1;Augustus},{GlimmerHMM_glimmerT_692-T1;GlimmerHMM},{GeneMark_model.759_t;GeneMark},{ev_type:exonerate/ID=match.2566964.1062/Target=lcl|KQ954545_1_prot_KWU41300_1_6352;exonerate},{ev_type:exonerate/ID=match.2566964.1063/Target=lcl|PJQD01000001_1_prot_POY76879_1_128;exonerate}
90149	90213	INTRON			{Augustus_model.g577.t1;Augustus},{GlimmerHMM_glimmerT_692-T1;GlimmerHMM},{GeneMark_model.759_t;GeneMark},{ev_type:exonerate/ID=match.2566964.1062/Target=lcl|KQ954545_1_prot_KWU41300_1_6352;exonerate},{ev_type:exonerate/ID=match.2566964.1063/Target=lcl|PJQD01000001_1_prot_POY76879_1_128;exonerate}
90214	90568	internal+	1	1	{Augustus_model.g577.t1;Augustus},{GlimmerHMM_glimmerT_692-T1;GlimmerHMM},{GeneMark_model.759_t;GeneMark},{ev_type:exonerate/ID=match.2566964.1062/Target=lcl|KQ954545_1_prot_KWU41300_1_6352;exonerate},{ev_type:exonerate/ID=match.2566964.1063/Target=lcl|PJQD01000001_1_prot_POY76879_1_128;exonerate}
90569	90627	INTRON			{Augustus_model.g577.t1;Augustus},{GlimmerHMM_glimmerT_692-T1;GlimmerHMM},{GeneMark_model.759_t;GeneMark},{ev_type:exonerate/ID=match.2566964.1062/Target=lcl|KQ954545_1_prot_KWU41300_1_6352;exonerate},{ev_type:exonerate/ID=match.2566964.1063/Target=lcl|PJQD01000001_1_prot_POY76879_1_128;exonerate}
90628	90791	terminal+	2	3	{Augustus_model.g577.t1;Augustus},{GlimmerHMM_glimmerT_692-T1;GlimmerHMM},{GeneMark_model.759_t;GeneMark}

# EVM prediction: Mode:STANDARD S-ratio: 2.44 92553-93965 orient(-) score(4195.00) noncoding_equivalent(1720.01) raw_noncoding(2013.00) offset(292.99)
92859	92553	terminal-	6	6	{GeneMark_model.760_t;GeneMark},{snap_scaffold_2-snap.45-T1;snap},{Augustus_model.g578.t1;Augustus},{GlimmerHMM_glimmerT_693-T1;GlimmerHMM}
92923	92860	INTRON			{GeneMark_model.760_t;GeneMark},{Augustus_model.g578.t1;Augustus},{GlimmerHMM_glimmerT_693-T1;GlimmerHMM}
92936	92924	internal-	5	5	{GeneMark_model.760_t;GeneMark},{Augustus_model.g578.t1;Augustus},{GlimmerHMM_glimmerT_693-T1;GlimmerHMM}
93008	92937	INTRON			{GeneMark_model.760_t;GeneMark},{Augustus_model.g578.t1;Augustus},{GlimmerHMM_glimmerT_693-T1;GlimmerHMM}
93657	93009	internal-	4	4	{GeneMark_model.760_t;GeneMark},{GlimmerHMM_glimmerT_693-T1;GlimmerHMM}
93731	93658	INTRON			{GeneMark_model.760_t;GeneMark},{GlimmerHMM_glimmerT_693-T1;GlimmerHMM}
93965	93732	initial-	4	6	{GeneMark_model.760_t;GeneMark},{GlimmerHMM_glimmerT_693-T1;GlimmerHMM}

# EVM prediction: Mode:STANDARD S-ratio: 4.16 94735-97144 orient(+) score(12461.00) noncoding_equivalent(2998.33) raw_noncoding(3678.28) offset(679.95)
94735	94762	initial+	1	1	{Augustus_model.g579.t1;Augustus},{GlimmerHMM_glimmerT_694-T1;GlimmerHMM},{GeneMark_model.761_t;GeneMark}
94763	94861	INTRON			{Augustus_model.g579.t1;Augustus},{GlimmerHMM_glimmerT_694-T1;GlimmerHMM},{GeneMark_model.761_t;GeneMark},{ev_type:exonerate/ID=match.2566964.830/Target=lcl|PJQD01000001_1_prot_POY76878_1_127;exonerate},{ev_type:exonerate/ID=match.2566964.837/Target=lcl|LCTV02000008_1_prot_PRQ72962_1_7347;exonerate}
94862	94920	internal+	2	3	{Augustus_model.g579.t1;Augustus},{GeneMark_model.761_t;GeneMark},{ev_type:exonerate/ID=match.2566964.830/Target=lcl|PJQD01000001_1_prot_POY76878_1_127;exonerate},{ev_type:exonerate/ID=match.2566964.837/Target=lcl|LCTV02000008_1_prot_PRQ72962_1_7347;exonerate}
94921	94998	INTRON			{Augustus_model.g579.t1;Augustus},{GeneMark_model.761_t;GeneMark},{ev_type:exonerate/ID=match.2566964.830/Target=lcl|PJQD01000001_1_prot_POY76878_1_127;exonerate},{ev_type:exonerate/ID=match.2566964.837/Target=lcl|LCTV02000008_1_prot_PRQ72962_1_7347;exonerate}
94999	95027	internal+	1	2	{Augustus_model.g579.t1;Augustus},{GeneMark_model.761_t;GeneMark},{ev_type:exonerate/ID=match.2566964.830/Target=lcl|PJQD01000001_1_prot_POY76878_1_127;exonerate},{ev_type:exonerate/ID=match.2566964.837/Target=lcl|LCTV02000008_1_prot_PRQ72962_1_7347;exonerate}
95028	95091	INTRON			{Augustus_model.g579.t1;Augustus},{GlimmerHMM_glimmerT_694-T1;GlimmerHMM},{GeneMark_model.761_t;GeneMark},{ev_type:exonerate/ID=match.2566964.830/Target=lcl|PJQD01000001_1_prot_POY76878_1_127;exonerate},{ev_type:exonerate/ID=match.2566964.837/Target=lcl|LCTV02000008_1_prot_PRQ72962_1_7347;exonerate}
95092	95126	internal+	3	1	{Augustus_model.g579.t1;Augustus},{GlimmerHMM_glimmerT_694-T1;GlimmerHMM},{GeneMark_model.761_t;GeneMark}
95127	95192	INTRON			{Augustus_model.g579.t1;Augustus},{GlimmerHMM_glimmerT_694-T1;GlimmerHMM},{GeneMark_model.761_t;GeneMark}
95193	95208	internal+	2	2	{Augustus_model.g579.t1;Augustus},{GlimmerHMM_glimmerT_694-T1;GlimmerHMM},{GeneMark_model.761_t;GeneMark}
95209	95268	INTRON			{Augustus_model.g579.t1;Augustus},{GlimmerHMM_glimmerT_694-T1;GlimmerHMM},{GeneMark_model.761_t;GeneMark}
95269	95399	internal+	3	1	{Augustus_model.g579.t1;Augustus},{GlimmerHMM_glimmerT_694-T1;GlimmerHMM},{GeneMark_model.761_t;GeneMark},{ev_type:exonerate/ID=match.2566964.830/Target=lcl|PJQD01000001_1_prot_POY76878_1_127;exonerate},{ev_type:exonerate/ID=match.2566964.837/Target=lcl|LCTV02000008_1_prot_PRQ72962_1_7347;exonerate}
95400	95470	INTRON			{Augustus_model.g579.t1;Augustus},{GlimmerHMM_glimmerT_694-T1;GlimmerHMM},{GeneMark_model.761_t;GeneMark},{ev_type:exonerate/ID=match.2566964.830/Target=lcl|PJQD01000001_1_prot_POY76878_1_127;exonerate},{ev_type:exonerate/ID=match.2566964.837/Target=lcl|LCTV02000008_1_prot_PRQ72962_1_7347;exonerate}
95471	96064	internal+	2	1	{Augustus_model.g579.t1;Augustus},{GlimmerHMM_glimmerT_694-T1;GlimmerHMM},{GeneMark_model.761_t;GeneMark},{ev_type:exonerate/ID=match.2566964.830/Target=lcl|PJQD01000001_1_prot_POY76878_1_127;exonerate},{ev_type:exonerate/ID=match.2566964.837/Target=lcl|LCTV02000008_1_prot_PRQ72962_1_7347;exonerate}
96065	96129	INTRON			{Augustus_model.g579.t1;Augustus},{GlimmerHMM_glimmerT_694-T1;GlimmerHMM},{GeneMark_model.761_t;GeneMark},{ev_type:exonerate/ID=match.2566964.830/Target=lcl|PJQD01000001_1_prot_POY76878_1_127;exonerate},{ev_type:exonerate/ID=match.2566964.837/Target=lcl|LCTV02000008_1_prot_PRQ72962_1_7347;exonerate}
96130	96310	internal+	2	2	{Augustus_model.g579.t1;Augustus},{GlimmerHMM_glimmerT_694-T1;GlimmerHMM},{GeneMark_model.761_t;GeneMark},{ev_type:exonerate/ID=match.2566964.830/Target=lcl|PJQD01000001_1_prot_POY76878_1_127;exonerate},{ev_type:exonerate/ID=match.2566964.837/Target=lcl|LCTV02000008_1_prot_PRQ72962_1_7347;exonerate}
96311	96383	INTRON			{Augustus_model.g579.t1;Augustus},{GlimmerHMM_glimmerT_694-T1;GlimmerHMM},{GeneMark_model.761_t;GeneMark},{ev_type:exonerate/ID=match.2566964.830/Target=lcl|PJQD01000001_1_prot_POY76878_1_127;exonerate},{ev_type:exonerate/ID=match.2566964.837/Target=lcl|LCTV02000008_1_prot_PRQ72962_1_7347;exonerate}
96384	96711	internal+	3	3	{Augustus_model.g579.t1;Augustus},{GlimmerHMM_glimmerT_694-T1;GlimmerHMM},{GeneMark_model.761_t;GeneMark},{ev_type:exonerate/ID=match.2566964.830/Target=lcl|PJQD01000001_1_prot_POY76878_1_127;exonerate},{ev_type:exonerate/ID=match.2566964.837/Target=lcl|LCTV02000008_1_prot_PRQ72962_1_7347;exonerate}
96712	96817	INTRON			{Augustus_model.g579.t1;Augustus},{GlimmerHMM_glimmerT_694-T1;GlimmerHMM},{GeneMark_model.761_t;GeneMark},{ev_type:exonerate/ID=match.2566964.830/Target=lcl|PJQD01000001_1_prot_POY76878_1_127;exonerate},{ev_type:exonerate/ID=match.2566964.837/Target=lcl|LCTV02000008_1_prot_PRQ72962_1_7347;exonerate}
96818	96946	internal+	1	3	{Augustus_model.g579.t1;Augustus},{GlimmerHMM_glimmerT_694-T1;GlimmerHMM},{GeneMark_model.761_t;GeneMark},{ev_type:exonerate/ID=match.2566964.830/Target=lcl|PJQD01000001_1_prot_POY76878_1_127;exonerate},{ev_type:exonerate/ID=match.2566964.837/Target=lcl|LCTV02000008_1_prot_PRQ72962_1_7347;exonerate}
96947	97030	INTRON			{Augustus_model.g579.t1;Augustus},{GlimmerHMM_glimmerT_694-T1;GlimmerHMM},{GeneMark_model.761_t;GeneMark},{ev_type:exonerate/ID=match.2566964.830/Target=lcl|PJQD01000001_1_prot_POY76878_1_127;exonerate},{ev_type:exonerate/ID=match.2566964.837/Target=lcl|LCTV02000008_1_prot_PRQ72962_1_7347;exonerate}
97031	97144	terminal+	1	3	{Augustus_model.g579.t1;Augustus},{GlimmerHMM_glimmerT_694-T1;GlimmerHMM},{GeneMark_model.761_t;GeneMark}

# EVM prediction: Mode:STANDARD S-ratio: 1.94 97371-99350 orient(-) score(5559.00) noncoding_equivalent(2865.25) raw_noncoding(3672.00) offset(806.75)
97528	97371	terminal-	5	6	{Augustus_model.g580.t1;Augustus},{GlimmerHMM_glimmerT_695-T1;GlimmerHMM},{GeneMark_model.762_t;GeneMark}
97652	97529	INTRON			{Augustus_model.g580.t1;Augustus},{GlimmerHMM_glimmerT_695-T1;GlimmerHMM}
97944	97653	internal-	4	4	{Augustus_model.g580.t1;Augustus},{GlimmerHMM_glimmerT_695-T1;GlimmerHMM}
98011	97945	INTRON			{Augustus_model.g580.t1;Augustus},{GlimmerHMM_glimmerT_695-T1;GlimmerHMM},{GeneMark_model.762_t;GeneMark}
98172	98012	internal-	5	6	{Augustus_model.g580.t1;Augustus},{GeneMark_model.762_t;GeneMark}
98237	98173	INTRON			{Augustus_model.g580.t1;Augustus},{GeneMark_model.762_t;GeneMark}
98351	98238	internal-	5	4	{Augustus_model.g580.t1;Augustus},{GeneMark_model.762_t;GeneMark}
98397	98352	INTRON			{Augustus_model.g580.t1;Augustus},{GlimmerHMM_glimmerT_695-T1;GlimmerHMM}
98487	98398	internal-	5	4	{Augustus_model.g580.t1;Augustus},{GlimmerHMM_glimmerT_695-T1;GlimmerHMM}
98551	98488	INTRON			{Augustus_model.g580.t1;Augustus},{GlimmerHMM_glimmerT_695-T1;GlimmerHMM},{GeneMark_model.762_t;GeneMark}
98751	98552	internal-	6	4	{Augustus_model.g580.t1;Augustus},{GeneMark_model.762_t;GeneMark}
98823	98752	INTRON			{Augustus_model.g580.t1;Augustus},{GeneMark_model.762_t;GeneMark}
98941	98824	internal-	5	5	{Augustus_model.g580.t1;Augustus},{GlimmerHMM_glimmerT_695-T1;GlimmerHMM},{GeneMark_model.762_t;GeneMark}
99005	98942	INTRON			{Augustus_model.g580.t1;Augustus},{GlimmerHMM_glimmerT_695-T1;GlimmerHMM},{GeneMark_model.762_t;GeneMark}
99272	99006	internal-	5	4	{Augustus_model.g580.t1;Augustus},{GlimmerHMM_glimmerT_695-T1;GlimmerHMM},{GeneMark_model.762_t;GeneMark}
99340	99273	INTRON			{Augustus_model.g580.t1;Augustus},{GlimmerHMM_glimmerT_695-T1;GlimmerHMM},{GeneMark_model.762_t;GeneMark}
99350	99341	initial-	4	4	{Augustus_model.g580.t1;Augustus},{GlimmerHMM_glimmerT_695-T1;GlimmerHMM},{GeneMark_model.762_t;GeneMark}

# EVM prediction: Mode:STANDARD S-ratio: 3.58 99577-100333 orient(+) score(2365.00) noncoding_equivalent(660.71) raw_noncoding(913.00) offset(252.29)
99577	99810	initial+	1	3	{GeneMark_model.763_t;GeneMark},{Augustus_model.g581.t1;Augustus}
99811	99864	INTRON			{GeneMark_model.763_t;GeneMark},{Augustus_model.g581.t1;Augustus}
99865	99952	internal+	1	1	{GeneMark_model.763_t;GeneMark},{Augustus_model.g581.t1;Augustus}
99953	100028	INTRON			{GeneMark_model.763_t;GeneMark},{Augustus_model.g581.t1;Augustus}
100029	100333	terminal+	2	3	{GeneMark_model.763_t;GeneMark},{GlimmerHMM_glimmerT_696-T1;GlimmerHMM},{Augustus_model.g581.t1;Augustus},{snap_scaffold_2-snap.48-T1;snap}

# EVM prediction: Mode:STANDARD S-ratio: 2.77 100519-102930 orient(-) score(7036.00) noncoding_equivalent(2537.61) raw_noncoding(3228.00) offset(690.39)
101118	100519	terminal-	4	6	{GlimmerHMM_glimmerT_697-T1;GlimmerHMM}
101153	101119	INTRON			{GlimmerHMM_glimmerT_697-T1;GlimmerHMM}
101658	101154	internal-	6	6	{Augustus_model.g582.t1;Augustus},{GeneMark_model.764_t;GeneMark}
101721	101659	INTRON			{Augustus_model.g582.t1;Augustus},{GeneMark_model.764_t;GeneMark}
101731	101722	internal-	5	5	{Augustus_model.g582.t1;Augustus},{GeneMark_model.764_t;GeneMark}
101809	101732	INTRON			{Augustus_model.g582.t1;Augustus},{GeneMark_model.764_t;GeneMark}
101904	101810	internal-	6	4	{Augustus_model.g582.t1;Augustus},{GeneMark_model.764_t;GeneMark}
101971	101905	INTRON			{Augustus_model.g582.t1;Augustus},{GeneMark_model.764_t;GeneMark}
102088	101972	internal-	6	5	{Augustus_model.g582.t1;Augustus},{GeneMark_model.764_t;GeneMark}
102152	102089	INTRON			{Augustus_model.g582.t1;Augustus},{GeneMark_model.764_t;GeneMark}
102246	102153	internal-	5	5	{Augustus_model.g582.t1;Augustus},{GeneMark_model.764_t;GeneMark}
102314	102247	INTRON			{Augustus_model.g582.t1;Augustus},{GeneMark_model.764_t;GeneMark}
102930	102315	initial-	4	4	{GlimmerHMM_glimmerT_697-T1;GlimmerHMM},{Augustus_model.g582.t1;Augustus},{GeneMark_model.764_t;GeneMark}

# EVM prediction: Mode:STANDARD S-ratio: 1.64 103135-104070 orient(+) score(2733.00) noncoding_equivalent(1663.74) raw_noncoding(2106.00) offset(442.26)
103135	103210	initial+	1	1	{Augustus_model.g583.t1;Augustus},{GlimmerHMM_glimmerT_698-T1;GlimmerHMM},{GeneMark_model.765_t;GeneMark}
103211	103346	INTRON			{Augustus_model.g583.t1;Augustus},{GlimmerHMM_glimmerT_698-T1;GlimmerHMM},{GeneMark_model.765_t;GeneMark}
103347	103417	internal+	2	3	{Augustus_model.g583.t1;Augustus},{GlimmerHMM_glimmerT_698-T1;GlimmerHMM},{GeneMark_model.765_t;GeneMark}
103418	103554	INTRON			{Augustus_model.g583.t1;Augustus},{GlimmerHMM_glimmerT_698-T1;GlimmerHMM},{GeneMark_model.765_t;GeneMark}
103555	103781	internal+	1	2	{Augustus_model.g583.t1;Augustus},{GlimmerHMM_glimmerT_698-T1;GlimmerHMM},{GeneMark_model.765_t;GeneMark}
103782	103841	INTRON			{Augustus_model.g583.t1;Augustus},{GlimmerHMM_glimmerT_698-T1;GlimmerHMM},{GeneMark_model.765_t;GeneMark}
103842	103929	internal+	3	3	{Augustus_model.g583.t1;Augustus},{GlimmerHMM_glimmerT_698-T1;GlimmerHMM}
103930	103977	INTRON			{Augustus_model.g583.t1;Augustus},{GlimmerHMM_glimmerT_698-T1;GlimmerHMM}
103978	104070	terminal+	1	3	{Augustus_model.g583.t1;Augustus},{GlimmerHMM_glimmerT_698-T1;GlimmerHMM},{GeneMark_model.765_t;GeneMark}

# EVM prediction: Mode:STANDARD S-ratio: 1.81 105127-106122 orient(+) score(2657.00) noncoding_equivalent(1466.39) raw_noncoding(2227.25) offset(760.86)
105127	105250	initial+	1	1	{Augustus_model.g584.t1;Augustus},{GeneMark_model.766_t;GeneMark},{GlimmerHMM_glimmerT_699-T1;GlimmerHMM}
105251	105314	INTRON			{Augustus_model.g584.t1;Augustus},{GeneMark_model.766_t;GeneMark}
105315	105348	internal+	2	2	{Augustus_model.g584.t1;Augustus},{GeneMark_model.766_t;GeneMark}
105349	105416	INTRON			{Augustus_model.g584.t1;Augustus},{GeneMark_model.766_t;GeneMark}
105417	105466	internal+	3	1	{Augustus_model.g584.t1;Augustus},{GeneMark_model.766_t;GeneMark}
105467	105577	INTRON			{Augustus_model.g584.t1;Augustus},{GeneMark_model.766_t;GeneMark}
105578	105691	internal+	2	1	{Augustus_model.g584.t1;Augustus},{GeneMark_model.766_t;GeneMark},{GlimmerHMM_glimmerT_699-T1;GlimmerHMM}
105692	105753	INTRON			{Augustus_model.g584.t1;Augustus},{GeneMark_model.766_t;GeneMark},{GlimmerHMM_glimmerT_699-T1;GlimmerHMM}
105754	105888	internal+	2	1	{Augustus_model.g584.t1;Augustus},{GeneMark_model.766_t;GeneMark},{GlimmerHMM_glimmerT_699-T1;GlimmerHMM}
105889	105968	INTRON			{Augustus_model.g584.t1;Augustus},{GeneMark_model.766_t;GeneMark},{GlimmerHMM_glimmerT_699-T1;GlimmerHMM}
105969	106046	internal+	2	1	{Augustus_model.g584.t1;Augustus},{GeneMark_model.766_t;GeneMark},{GlimmerHMM_glimmerT_699-T1;GlimmerHMM}
106047	106114	INTRON			{GeneMark_model.766_t;GeneMark}
106115	106122	terminal+	2	3	{GeneMark_model.766_t;GeneMark}

# EVM prediction: Mode:STANDARD S-ratio: 16.75 106521-113827 orient(+) score(26303.00) noncoding_equivalent(1570.54) raw_noncoding(3958.94) offset(2388.39)
106521	106548	initial+	1	1	{GeneMark_model.767_t;GeneMark}
106549	107157	INTRON			{GeneMark_model.767_t;GeneMark}
107158	107248	internal+	2	2	{GeneMark_model.767_t;GeneMark},{Augustus_model.g584.t1;Augustus}
107249	107327	INTRON			{GeneMark_model.767_t;GeneMark},{Augustus_model.g584.t1;Augustus}
107328	109686	internal+	3	3	{Augustus_model.g584.t1;Augustus}
109687	109726	INTRON			{Augustus_model.g584.t1;Augustus}
109727	109787	internal+	1	1	{Augustus_model.g584.t1;Augustus}
109788	109856	INTRON			{GeneMark_model.767_t;GeneMark},{Augustus_model.g584.t1;Augustus},{GlimmerHMM_glimmerT_699-T1;GlimmerHMM}
109857	113727	internal+	2	2	{GeneMark_model.767_t;GeneMark},{Augustus_model.g584.t1;Augustus},{GlimmerHMM_glimmerT_699-T1;GlimmerHMM}
113728	113823	INTRON			{GeneMark_model.767_t;GeneMark}
113824	113827	terminal+	3	3	{GeneMark_model.767_t;GeneMark}

# EVM prediction: Mode:STANDARD S-ratio: 2.08 114433-115984 orient(+) score(4295.00) noncoding_equivalent(2063.24) raw_noncoding(2780.57) offset(717.33)
114433	114584	initial+	1	2	{GeneMark_model.768_t;GeneMark}
114585	114648	INTRON			{GeneMark_model.768_t;GeneMark},{Augustus_model.g584.t1;Augustus}
114649	114793	internal+	3	3	{GeneMark_model.768_t;GeneMark},{Augustus_model.g584.t1;Augustus},{GlimmerHMM_glimmerT_699-T1;GlimmerHMM}
114794	114874	INTRON			{GeneMark_model.768_t;GeneMark},{Augustus_model.g584.t1;Augustus},{GlimmerHMM_glimmerT_699-T1;GlimmerHMM}
114875	115089	internal+	1	2	{GeneMark_model.768_t;GeneMark},{Augustus_model.g584.t1;Augustus},{GlimmerHMM_glimmerT_699-T1;GlimmerHMM}
115090	115159	INTRON			{Augustus_model.g584.t1;Augustus}
115160	115246	internal+	3	2	{Augustus_model.g584.t1;Augustus}
115247	115301	INTRON			{Augustus_model.g584.t1;Augustus}
115302	115473	internal+	3	3	{Augustus_model.g584.t1;Augustus},{GlimmerHMM_glimmerT_699-T1;GlimmerHMM}
115474	115535	INTRON			{GeneMark_model.768_t;GeneMark},{Augustus_model.g584.t1;Augustus},{GlimmerHMM_glimmerT_699-T1;GlimmerHMM}
115536	115670	internal+	1	3	{GeneMark_model.768_t;GeneMark},{Augustus_model.g584.t1;Augustus},{GlimmerHMM_glimmerT_699-T1;GlimmerHMM}
115671	115732	INTRON			{GeneMark_model.768_t;GeneMark},{Augustus_model.g584.t1;Augustus},{GlimmerHMM_glimmerT_699-T1;GlimmerHMM}
115733	115984	terminal+	1	3	{snap_scaffold_2-snap.53-T1;snap},{Augustus_model.g584.t1;Augustus},{GlimmerHMM_glimmerT_699-T1;GlimmerHMM}

# EVM prediction: Mode:STANDARD S-ratio: 22.25 116293-119655 orient(-) score(12595.00) noncoding_equivalent(565.96) raw_noncoding(1002.84) offset(436.88)
119307	116293	terminal-	4	6	{snap_scaffold_2-snap.54-T1;snap},{Augustus_model.g585.t1;Augustus},{GeneMark_model.769_t;GeneMark},{GlimmerHMM_glimmerT_700-T1;GlimmerHMM}
119366	119308	INTRON			{GeneMark_model.769_t;GeneMark}
119405	119367	internal-	4	6	{GeneMark_model.769_t;GeneMark}
119493	119406	INTRON			{GeneMark_model.769_t;GeneMark}
119655	119494	initial-	4	6	{GeneMark_model.769_t;GeneMark},{GlimmerHMM_glimmerT_700-T1;GlimmerHMM}

# EVM prediction: Mode:STANDARD S-ratio: 3.73 119841-123786 orient(+) score(12867.00) noncoding_equivalent(3453.95) raw_noncoding(4175.00) offset(721.05)
119841	120026	initial+	1	3	{Augustus_model.g586.t1;Augustus},{GlimmerHMM_glimmerT_701-T1;GlimmerHMM},{GeneMark_model.770_t;GeneMark}
120027	120092	INTRON			{Augustus_model.g586.t1;Augustus},{GlimmerHMM_glimmerT_701-T1;GlimmerHMM},{GeneMark_model.770_t;GeneMark}
120093	120261	internal+	1	1	{Augustus_model.g586.t1;Augustus},{GlimmerHMM_glimmerT_701-T1;GlimmerHMM},{GeneMark_model.770_t;GeneMark}
120262	120330	INTRON			{Augustus_model.g586.t1;Augustus},{GlimmerHMM_glimmerT_701-T1;GlimmerHMM},{GeneMark_model.770_t;GeneMark}
120331	120500	internal+	2	3	{Augustus_model.g586.t1;Augustus},{GlimmerHMM_glimmerT_701-T1;GlimmerHMM},{GeneMark_model.770_t;GeneMark}
120501	120578	INTRON			{Augustus_model.g586.t1;Augustus},{GlimmerHMM_glimmerT_701-T1;GlimmerHMM},{GeneMark_model.770_t;GeneMark}
120579	120738	internal+	1	1	{Augustus_model.g586.t1;Augustus},{GlimmerHMM_glimmerT_701-T1;GlimmerHMM},{GeneMark_model.770_t;GeneMark}
120739	120797	INTRON			{Augustus_model.g586.t1;Augustus},{GeneMark_model.770_t;GeneMark}
120798	122452	internal+	2	3	{GeneMark_model.770_t;GeneMark}
122453	122519	INTRON			{Augustus_model.g586.t1;Augustus},{GlimmerHMM_glimmerT_701-T1;GlimmerHMM},{GeneMark_model.770_t;GeneMark}
122520	123178	internal+	1	2	{Augustus_model.g586.t1;Augustus},{GlimmerHMM_glimmerT_701-T1;GlimmerHMM},{GeneMark_model.770_t;GeneMark}
123179	123452	INTRON			{GlimmerHMM_glimmerT_701-T1;GlimmerHMM},{snap_scaffold_2-snap.56-T1;snap}
123453	123786	terminal+	3	3	{GlimmerHMM_glimmerT_701-T1;GlimmerHMM},{snap_scaffold_2-snap.56-T1;snap}

# EVM prediction: Mode:STANDARD S-ratio: 1.30 124023-127730 orient(-) score(7382.00) noncoding_equivalent(5693.37) raw_noncoding(9140.30) offset(3446.93)
124061	124023	terminal-	4	6	{GlimmerHMM_glimmerT_702-T1;GlimmerHMM},{GeneMark_model.771_t;GeneMark}
124128	124062	INTRON			{GlimmerHMM_glimmerT_702-T1;GlimmerHMM},{GeneMark_model.771_t;GeneMark}
125295	124129	internal-	4	6	{GeneMark_model.771_t;GeneMark}
126153	125296	INTRON			{GeneMark_model.771_t;GeneMark}
126284	126154	internal-	5	6	{GeneMark_model.771_t;GeneMark}
126352	126285	INTRON			{GeneMark_model.771_t;GeneMark}
126449	126353	internal-	4	4	{GeneMark_model.771_t;GeneMark}
126469	126450	INTRON			{GeneMark_model.771_t;GeneMark}
126884	126470	internal-	6	6	{Augustus_model.g587.t1;Augustus},{GlimmerHMM_glimmerT_702-T1;GlimmerHMM}
127124	126885	INTRON			{Augustus_model.g587.t1;Augustus},{GlimmerHMM_glimmerT_702-T1;GlimmerHMM}
127287	127125	internal-	5	5	{Augustus_model.g587.t1;Augustus},{GlimmerHMM_glimmerT_702-T1;GlimmerHMM},{GeneMark_model.771_t;GeneMark}
127354	127288	INTRON			{Augustus_model.g587.t1;Augustus},{GlimmerHMM_glimmerT_702-T1;GlimmerHMM},{GeneMark_model.771_t;GeneMark}
127730	127355	initial-	4	4	{GlimmerHMM_glimmerT_702-T1;GlimmerHMM},{GeneMark_model.771_t;GeneMark}

# EVM prediction: Mode:STANDARD S-ratio: 6.12 128782-130281 orient(-) score(5351.00) noncoding_equivalent(873.83) raw_noncoding(1233.07) offset(359.24)
129385	128782	terminal-	6	6	{GeneMark_model.772_t;GeneMark},{GlimmerHMM_glimmerT_703-T1;GlimmerHMM},{snap_scaffold_2-snap.57-T1;snap}
129446	129386	INTRON			{Augustus_model.g587.t1;Augustus},{GeneMark_model.772_t;GeneMark},{GlimmerHMM_glimmerT_703-T1;GlimmerHMM}
129557	129447	internal-	6	5	{Augustus_model.g587.t1;Augustus},{GeneMark_model.772_t;GeneMark}
129619	129558	INTRON			{Augustus_model.g587.t1;Augustus},{GeneMark_model.772_t;GeneMark}
129648	129620	internal-	4	5	{Augustus_model.g587.t1;Augustus},{GeneMark_model.772_t;GeneMark},{GlimmerHMM_glimmerT_703-T1;GlimmerHMM}
129707	129649	INTRON			{Augustus_model.g587.t1;Augustus},{GeneMark_model.772_t;GeneMark},{GlimmerHMM_glimmerT_703-T1;GlimmerHMM}
129799	129708	internal-	5	6	{Augustus_model.g587.t1;Augustus},{GeneMark_model.772_t;GeneMark}
129857	129800	INTRON			{Augustus_model.g587.t1;Augustus},{GeneMark_model.772_t;GeneMark}
130281	129858	initial-	4	4	{Augustus_model.g587.t1;Augustus},{GeneMark_model.772_t;GeneMark},{GlimmerHMM_glimmerT_703-T1;GlimmerHMM}

# EVM prediction: Mode:STANDARD S-ratio: 2.39 130703-132838 orient(+) score(6364.00) noncoding_equivalent(2661.41) raw_noncoding(3492.87) offset(831.46)
130703	130774	initial+	1	3	{Augustus_model.g588.t1;Augustus},{GlimmerHMM_glimmerT_704-T1;GlimmerHMM}
130775	131043	INTRON			{Augustus_model.g588.t1;Augustus},{GlimmerHMM_glimmerT_704-T1;GlimmerHMM}
131044	131307	internal+	1	3	{Augustus_model.g588.t1;Augustus}
131308	131370	INTRON			{Augustus_model.g588.t1;Augustus},{GeneMark_model.773_t;GeneMark}
131371	131593	internal+	1	1	{Augustus_model.g588.t1;Augustus},{GeneMark_model.773_t;GeneMark}
131594	131658	INTRON			{Augustus_model.g588.t1;Augustus},{GeneMark_model.773_t;GeneMark}
131659	132115	internal+	2	2	{Augustus_model.g588.t1;Augustus},{GeneMark_model.773_t;GeneMark}
132116	132185	INTRON			{Augustus_model.g588.t1;Augustus},{GeneMark_model.773_t;GeneMark},{GlimmerHMM_glimmerT_704-T1;GlimmerHMM}
132186	132289	internal+	3	1	{Augustus_model.g588.t1;Augustus},{GeneMark_model.773_t;GeneMark},{GlimmerHMM_glimmerT_704-T1;GlimmerHMM}
132290	132357	INTRON			{Augustus_model.g588.t1;Augustus},{GeneMark_model.773_t;GeneMark},{GlimmerHMM_glimmerT_704-T1;GlimmerHMM}
132358	132454	internal+	2	2	{Augustus_model.g588.t1;Augustus},{GeneMark_model.773_t;GeneMark}
132455	132539	INTRON			{Augustus_model.g588.t1;Augustus},{GeneMark_model.773_t;GeneMark}
132540	132628	internal+	3	1	{Augustus_model.g588.t1;Augustus},{GeneMark_model.773_t;GeneMark}
132629	132710	INTRON			{Augustus_model.g588.t1;Augustus},{GeneMark_model.773_t;GeneMark},{GlimmerHMM_glimmerT_704-T1;GlimmerHMM}
132711	132838	terminal+	2	3	{Augustus_model.g588.t1;Augustus},{GeneMark_model.773_t;GeneMark},{GlimmerHMM_glimmerT_704-T1;GlimmerHMM}

# EVM prediction: Mode:STANDARD S-ratio: 5.19 132911-136149 orient(-) score(11234.00) noncoding_equivalent(2162.85) raw_noncoding(2657.00) offset(494.15)
133027	132911	terminal-	4	6	{GeneMark_model.774_t;GeneMark},{Augustus_model.g589.t1;Augustus},{GlimmerHMM_glimmerT_705-T1;GlimmerHMM}
133097	133028	INTRON			{GeneMark_model.774_t;GeneMark},{Augustus_model.g589.t1;Augustus},{GlimmerHMM_glimmerT_705-T1;GlimmerHMM}
133322	133098	internal-	4	6	{GeneMark_model.774_t;GeneMark},{Augustus_model.g589.t1;Augustus},{GlimmerHMM_glimmerT_705-T1;GlimmerHMM}
133407	133323	INTRON			{GeneMark_model.774_t;GeneMark},{Augustus_model.g589.t1;Augustus}
133566	133408	internal-	4	6	{GeneMark_model.774_t;GeneMark},{Augustus_model.g589.t1;Augustus}
133637	133567	INTRON			{GeneMark_model.774_t;GeneMark},{Augustus_model.g589.t1;Augustus}
134759	133638	internal-	4	6	{GeneMark_model.774_t;GeneMark},{Augustus_model.g589.t1;Augustus},{GlimmerHMM_glimmerT_705-T1;GlimmerHMM}
134835	134760	INTRON			{GeneMark_model.774_t;GeneMark},{Augustus_model.g589.t1;Augustus},{GlimmerHMM_glimmerT_705-T1;GlimmerHMM}
135200	134836	internal-	5	6	{GeneMark_model.774_t;GeneMark},{Augustus_model.g589.t1;Augustus},{GlimmerHMM_glimmerT_705-T1;GlimmerHMM}
135281	135201	INTRON			{GeneMark_model.774_t;GeneMark},{Augustus_model.g589.t1;Augustus},{GlimmerHMM_glimmerT_705-T1;GlimmerHMM}
136149	135282	initial-	4	4	{GeneMark_model.774_t;GeneMark},{Augustus_model.g589.t1;Augustus},{GlimmerHMM_glimmerT_705-T1;GlimmerHMM}

# EVM prediction: Mode:STANDARD S-ratio: 3.26 136615-138370 orient(+) score(5834.00) noncoding_equivalent(1791.20) raw_noncoding(2026.00) offset(234.80)
136615	136699	initial+	1	1	{GlimmerHMM_glimmerT_706-T1;GlimmerHMM},{GeneMark_model.775_t;GeneMark},{Augustus_model.g590.t1;Augustus}
136700	136777	INTRON			{GlimmerHMM_glimmerT_706-T1;GlimmerHMM},{GeneMark_model.775_t;GeneMark},{Augustus_model.g590.t1;Augustus}
136778	137276	internal+	2	2	{GlimmerHMM_glimmerT_706-T1;GlimmerHMM},{GeneMark_model.775_t;GeneMark},{Augustus_model.g590.t1;Augustus}
137277	137355	INTRON			{GlimmerHMM_glimmerT_706-T1;GlimmerHMM},{GeneMark_model.775_t;GeneMark},{Augustus_model.g590.t1;Augustus}
137356	137552	internal+	3	1	{GlimmerHMM_glimmerT_706-T1;GlimmerHMM},{GeneMark_model.775_t;GeneMark},{Augustus_model.g590.t1;Augustus}
137553	137625	INTRON			{GlimmerHMM_glimmerT_706-T1;GlimmerHMM},{GeneMark_model.775_t;GeneMark},{Augustus_model.g590.t1;Augustus}
137626	138153	internal+	2	1	{GlimmerHMM_glimmerT_706-T1;GlimmerHMM},{GeneMark_model.775_t;GeneMark},{Augustus_model.g590.t1;Augustus}
138154	138233	INTRON			{GlimmerHMM_glimmerT_706-T1;GlimmerHMM},{GeneMark_model.775_t;GeneMark},{Augustus_model.g590.t1;Augustus}
138234	138370	terminal+	2	3	{GlimmerHMM_glimmerT_706-T1;GlimmerHMM},{GeneMark_model.775_t;GeneMark},{Augustus_model.g590.t1;Augustus}

# EVM prediction: Mode:STANDARD S-ratio: 5.33 138712-141904 orient(-) score(13633.00) noncoding_equivalent(2558.87) raw_noncoding(3130.60) offset(571.73)
139138	138712	terminal-	6	6	{GlimmerHMM_glimmerT_707-T1;GlimmerHMM}
139206	139139	INTRON			{Augustus_model.g591.t1;Augustus},{GeneMark_model.776_t;GeneMark},{GlimmerHMM_glimmerT_707-T1;GlimmerHMM},{ev_type:exonerate/ID=match.2566964.1101/Target=lcl|KQ954491_1_prot_KWU43345_1_4276;exonerate}
139298	139207	internal-	4	5	{Augustus_model.g591.t1;Augustus},{GeneMark_model.776_t;GeneMark},{GlimmerHMM_glimmerT_707-T1;GlimmerHMM},{ev_type:exonerate/ID=match.2566964.1101/Target=lcl|KQ954491_1_prot_KWU43345_1_4276;exonerate}
139370	139299	INTRON			{Augustus_model.g591.t1;Augustus},{GeneMark_model.776_t;GeneMark},{GlimmerHMM_glimmerT_707-T1;GlimmerHMM},{ev_type:exonerate/ID=match.2566964.1101/Target=lcl|KQ954491_1_prot_KWU43345_1_4276;exonerate}
139609	139371	internal-	5	6	{Augustus_model.g591.t1;Augustus},{GeneMark_model.776_t;GeneMark},{GlimmerHMM_glimmerT_707-T1;GlimmerHMM},{ev_type:exonerate/ID=match.2566964.1101/Target=lcl|KQ954491_1_prot_KWU43345_1_4276;exonerate}
139680	139610	INTRON			{Augustus_model.g591.t1;Augustus},{GeneMark_model.776_t;GeneMark},{snap_scaffold_2-snap.64-T1;snap},{GlimmerHMM_glimmerT_707-T1;GlimmerHMM},{ev_type:exonerate/ID=match.2566964.1101/Target=lcl|KQ954491_1_prot_KWU43345_1_4276;exonerate}
140012	139681	internal-	6	4	{Augustus_model.g591.t1;Augustus},{GeneMark_model.776_t;GeneMark},{GlimmerHMM_glimmerT_707-T1;GlimmerHMM},{ev_type:exonerate/ID=match.2566964.1101/Target=lcl|KQ954491_1_prot_KWU43345_1_4276;exonerate}
140079	140013	INTRON			{Augustus_model.g591.t1;Augustus},{GeneMark_model.776_t;GeneMark},{GlimmerHMM_glimmerT_707-T1;GlimmerHMM},{ev_type:exonerate/ID=match.2566964.1101/Target=lcl|KQ954491_1_prot_KWU43345_1_4276;exonerate}
140204	140080	internal-	4	5	{Augustus_model.g591.t1;Augustus},{GeneMark_model.776_t;GeneMark},{GlimmerHMM_glimmerT_707-T1;GlimmerHMM},{ev_type:exonerate/ID=match.2566964.1101/Target=lcl|KQ954491_1_prot_KWU43345_1_4276;exonerate}
140271	140205	INTRON			{Augustus_model.g591.t1;Augustus},{GeneMark_model.776_t;GeneMark},{GlimmerHMM_glimmerT_707-T1;GlimmerHMM},{ev_type:exonerate/ID=match.2566964.1101/Target=lcl|KQ954491_1_prot_KWU43345_1_4276;exonerate}
140376	140272	internal-	4	6	{Augustus_model.g591.t1;Augustus},{ev_type:exonerate/ID=match.2566964.1101/Target=lcl|KQ954491_1_prot_KWU43345_1_4276;exonerate}
140446	140377	INTRON			{Augustus_model.g591.t1;Augustus},{ev_type:exonerate/ID=match.2566964.1101/Target=lcl|KQ954491_1_prot_KWU43345_1_4276;exonerate}
141358	140447	internal-	4	6	{Augustus_model.g591.t1;Augustus},{GeneMark_model.776_t;GeneMark},{GlimmerHMM_glimmerT_707-T1;GlimmerHMM},{ev_type:exonerate/ID=match.2566964.1101/Target=lcl|KQ954491_1_prot_KWU43345_1_4276;exonerate}
141418	141359	INTRON			{Augustus_model.g591.t1;Augustus},{GeneMark_model.776_t;GeneMark},{GlimmerHMM_glimmerT_707-T1;GlimmerHMM},{ev_type:exonerate/ID=match.2566964.1101/Target=lcl|KQ954491_1_prot_KWU43345_1_4276;exonerate}
141505	141419	internal-	4	6	{Augustus_model.g591.t1;Augustus},{GeneMark_model.776_t;GeneMark},{ev_type:exonerate/ID=match.2566964.1101/Target=lcl|KQ954491_1_prot_KWU43345_1_4276;exonerate}
141568	141506	INTRON			{Augustus_model.g591.t1;Augustus},{GeneMark_model.776_t;GeneMark},{ev_type:exonerate/ID=match.2566964.1101/Target=lcl|KQ954491_1_prot_KWU43345_1_4276;exonerate}
141904	141569	initial-	4	6	{GeneMark_model.776_t;GeneMark},{GlimmerHMM_glimmerT_707-T1;GlimmerHMM}

# EVM prediction: Mode:STANDARD S-ratio: 1.79 142566-143746 orient(-) score(3537.00) noncoding_equivalent(1973.01) raw_noncoding(2390.01) offset(417.00)
142757	142566	terminal-	4	6	{GlimmerHMM_glimmerT_708-T1;GlimmerHMM},{GeneMark_model.777_t;GeneMark}
142857	142758	INTRON			{Augustus_model.g591.t1;Augustus},{GlimmerHMM_glimmerT_708-T1;GlimmerHMM},{GeneMark_model.777_t;GeneMark}
142993	142858	internal-	6	6	{Augustus_model.g591.t1;Augustus},{GlimmerHMM_glimmerT_708-T1;GlimmerHMM},{GeneMark_model.777_t;GeneMark}
143091	142994	INTRON			{Augustus_model.g591.t1;Augustus},{GlimmerHMM_glimmerT_708-T1;GlimmerHMM},{GeneMark_model.777_t;GeneMark}
143150	143092	internal-	4	5	{Augustus_model.g591.t1;Augustus},{GlimmerHMM_glimmerT_708-T1;GlimmerHMM},{GeneMark_model.777_t;GeneMark}
143226	143151	INTRON			{Augustus_model.g591.t1;Augustus},{GlimmerHMM_glimmerT_708-T1;GlimmerHMM},{GeneMark_model.777_t;GeneMark}
143331	143227	internal-	4	6	{Augustus_model.g591.t1;Augustus},{GlimmerHMM_glimmerT_708-T1;GlimmerHMM},{GeneMark_model.777_t;GeneMark}
143458	143332	INTRON			{Augustus_model.g591.t1;Augustus},{GlimmerHMM_glimmerT_708-T1;GlimmerHMM},{GeneMark_model.777_t;GeneMark}
143746	143459	initial-	4	6	{Augustus_model.g591.t1;Augustus},{GlimmerHMM_glimmerT_708-T1;GlimmerHMM},{GeneMark_model.777_t;GeneMark}

# EVM prediction: Mode:STANDARD S-ratio: 4.94 143952-144983 orient(+) score(3429.00) noncoding_equivalent(693.82) raw_noncoding(756.82) offset(63.00)
143952	144428	initial+	1	3	{GeneMark_model.778_t;GeneMark}
144429	144491	INTRON			{GeneMark_model.778_t;GeneMark},{Augustus_model.g592.t1;Augustus}
144492	144983	terminal+	1	3	{snap_scaffold_2-snap.67-T1;snap},{GeneMark_model.778_t;GeneMark},{Augustus_model.g592.t1;Augustus}

# EVM prediction: Mode:STANDARD S-ratio: 4.41 147687-151122 orient(-) score(14727.00) noncoding_equivalent(3340.77) raw_noncoding(3949.14) offset(608.37)
147692	147687	terminal-	4	6	{GeneMark_model.780_t;GeneMark},{Augustus_model.g593.t1;Augustus}
147755	147693	INTRON			{GeneMark_model.780_t;GeneMark},{Augustus_model.g593.t1;Augustus}
147944	147756	internal-	4	6	{GeneMark_model.780_t;GeneMark},{GlimmerHMM_glimmerT_710-T1;GlimmerHMM},{Augustus_model.g593.t1;Augustus}
147990	147945	INTRON			{Augustus_model.g593.t1;Augustus},{ev_type:exonerate/ID=match.2566964.1076/Target=lcl|PJQD01000001_1_prot_POY76853_1_102;exonerate}
148275	147991	internal-	4	6	{Augustus_model.g593.t1;Augustus},{ev_type:exonerate/ID=match.2566964.1076/Target=lcl|PJQD01000001_1_prot_POY76853_1_102;exonerate}
148347	148276	INTRON			{GeneMark_model.780_t;GeneMark},{GlimmerHMM_glimmerT_710-T1;GlimmerHMM},{Augustus_model.g593.t1;Augustus},{ev_type:exonerate/ID=match.2566964.1076/Target=lcl|PJQD01000001_1_prot_POY76853_1_102;exonerate}
148641	148348	internal-	4	6	{GeneMark_model.780_t;GeneMark},{GlimmerHMM_glimmerT_710-T1;GlimmerHMM},{Augustus_model.g593.t1;Augustus},{ev_type:exonerate/ID=match.2566964.1076/Target=lcl|PJQD01000001_1_prot_POY76853_1_102;exonerate}
148714	148642	INTRON			{GeneMark_model.780_t;GeneMark},{GlimmerHMM_glimmerT_710-T1;GlimmerHMM},{Augustus_model.g593.t1;Augustus},{ev_type:exonerate/ID=match.2566964.1076/Target=lcl|PJQD01000001_1_prot_POY76853_1_102;exonerate}
148996	148715	internal-	4	6	{GeneMark_model.780_t;GeneMark},{GlimmerHMM_glimmerT_710-T1;GlimmerHMM},{Augustus_model.g593.t1;Augustus},{ev_type:exonerate/ID=match.2566964.1076/Target=lcl|PJQD01000001_1_prot_POY76853_1_102;exonerate}
149072	148997	INTRON			{GeneMark_model.780_t;GeneMark},{GlimmerHMM_glimmerT_710-T1;GlimmerHMM},{Augustus_model.g593.t1;Augustus},{ev_type:exonerate/ID=match.2566964.1076/Target=lcl|PJQD01000001_1_prot_POY76853_1_102;exonerate}
149162	149073	internal-	4	6	{GeneMark_model.780_t;GeneMark},{GlimmerHMM_glimmerT_710-T1;GlimmerHMM},{Augustus_model.g593.t1;Augustus},{ev_type:exonerate/ID=match.2566964.1076/Target=lcl|PJQD01000001_1_prot_POY76853_1_102;exonerate}
149236	149163	INTRON			{GeneMark_model.780_t;GeneMark},{GlimmerHMM_glimmerT_710-T1;GlimmerHMM},{Augustus_model.g593.t1;Augustus},{ev_type:exonerate/ID=match.2566964.1076/Target=lcl|PJQD01000001_1_prot_POY76853_1_102;exonerate}
149818	149237	internal-	4	6	{GeneMark_model.780_t;GeneMark},{Augustus_model.g593.t1;Augustus},{ev_type:exonerate/ID=match.2566964.1076/Target=lcl|PJQD01000001_1_prot_POY76853_1_102;exonerate}
149882	149819	INTRON			{GeneMark_model.780_t;GeneMark},{Augustus_model.g593.t1;Augustus},{ev_type:exonerate/ID=match.2566964.1076/Target=lcl|PJQD01000001_1_prot_POY76853_1_102;exonerate}
150425	149883	internal-	4	6	{GeneMark_model.780_t;GeneMark},{Augustus_model.g593.t1;Augustus},{ev_type:exonerate/ID=match.2566964.1076/Target=lcl|PJQD01000001_1_prot_POY76853_1_102;exonerate}
150486	150426	INTRON			{GeneMark_model.780_t;GeneMark},{GlimmerHMM_glimmerT_710-T1;GlimmerHMM},{Augustus_model.g593.t1;Augustus},{ev_type:exonerate/ID=match.2566964.1076/Target=lcl|PJQD01000001_1_prot_POY76853_1_102;exonerate}
150747	150487	internal-	4	6	{GeneMark_model.780_t;GeneMark},{GlimmerHMM_glimmerT_710-T1;GlimmerHMM},{Augustus_model.g593.t1;Augustus},{ev_type:exonerate/ID=match.2566964.1076/Target=lcl|PJQD01000001_1_prot_POY76853_1_102;exonerate}
150809	150748	INTRON			{GeneMark_model.780_t;GeneMark},{GlimmerHMM_glimmerT_710-T1;GlimmerHMM},{Augustus_model.g593.t1;Augustus},{ev_type:exonerate/ID=match.2566964.1076/Target=lcl|PJQD01000001_1_prot_POY76853_1_102;exonerate}
150941	150810	internal-	4	6	{GeneMark_model.780_t;GeneMark},{GlimmerHMM_glimmerT_710-T1;GlimmerHMM},{Augustus_model.g593.t1;Augustus},{ev_type:exonerate/ID=match.2566964.1076/Target=lcl|PJQD01000001_1_prot_POY76853_1_102;exonerate}
151068	150942	INTRON			{GeneMark_model.780_t;GeneMark},{GlimmerHMM_glimmerT_710-T1;GlimmerHMM},{Augustus_model.g593.t1;Augustus},{ev_type:exonerate/ID=match.2566964.1076/Target=lcl|PJQD01000001_1_prot_POY76853_1_102;exonerate}
151122	151069	initial-	4	6	{GeneMark_model.780_t;GeneMark},{GlimmerHMM_glimmerT_710-T1;GlimmerHMM}

# EVM prediction: Mode:STANDARD S-ratio: 2.15 151472-153315 orient(-) score(5034.00) noncoding_equivalent(2340.15) raw_noncoding(2604.65) offset(264.50)
151846	151472	terminal-	4	6	{GeneMark_model.781_t;GeneMark},{GlimmerHMM_glimmerT_711-T1;GlimmerHMM}
151916	151847	INTRON			{GeneMark_model.781_t;GeneMark},{GlimmerHMM_glimmerT_711-T1;GlimmerHMM}
152656	151917	internal-	5	6	{GeneMark_model.781_t;GeneMark}
152717	152657	INTRON			{Augustus_model.g593.t1;Augustus},{GeneMark_model.781_t;GeneMark}
153315	152718	initial-	4	4	{Augustus_model.g593.t1;Augustus},{GeneMark_model.781_t;GeneMark}

# EVM prediction: Mode:STANDARD S-ratio: 1.46 153598-154511 orient(-) score(2423.00) noncoding_equivalent(1660.56) raw_noncoding(2405.42) offset(744.86)
153630	153598	terminal-	4	6	{Augustus_model.g594.t1;Augustus},{GeneMark_model.782_t;GeneMark}
153713	153631	INTRON			{Augustus_model.g594.t1;Augustus},{GeneMark_model.782_t;GeneMark}
153742	153714	internal-	5	6	{Augustus_model.g594.t1;Augustus},{GeneMark_model.782_t;GeneMark}
153916	153743	INTRON			{Augustus_model.g594.t1;Augustus},{GeneMark_model.782_t;GeneMark}
154030	153917	internal-	5	4	{Augustus_model.g594.t1;Augustus},{GeneMark_model.782_t;GeneMark},{GlimmerHMM_glimmerT_711-T1;GlimmerHMM}
154177	154031	INTRON			{Augustus_model.g594.t1;Augustus},{GeneMark_model.782_t;GeneMark},{GlimmerHMM_glimmerT_711-T1;GlimmerHMM}
154199	154178	internal-	4	4	{Augustus_model.g594.t1;Augustus},{GeneMark_model.782_t;GeneMark},{GlimmerHMM_glimmerT_711-T1;GlimmerHMM}
154274	154200	INTRON			{Augustus_model.g594.t1;Augustus},{GeneMark_model.782_t;GeneMark},{GlimmerHMM_glimmerT_711-T1;GlimmerHMM}
154511	154275	initial-	4	6	{Augustus_model.g594.t1;Augustus},{GeneMark_model.782_t;GeneMark},{GlimmerHMM_glimmerT_711-T1;GlimmerHMM}

# EVM prediction: Mode:STANDARD S-ratio: 6.83 154757-156228 orient(+) score(5573.00) noncoding_equivalent(815.72) raw_noncoding(910.97) offset(95.24)
154757	154829	initial+	1	1	{Augustus_model.g595.t1;Augustus},{GeneMark_model.783_t;GeneMark},{GlimmerHMM_glimmerT_712-T1;GlimmerHMM}
154830	154912	INTRON			{Augustus_model.g595.t1;Augustus},{GeneMark_model.783_t;GeneMark},{GlimmerHMM_glimmerT_712-T1;GlimmerHMM}
154913	155075	internal+	2	2	{Augustus_model.g595.t1;Augustus},{GeneMark_model.783_t;GeneMark},{GlimmerHMM_glimmerT_712-T1;GlimmerHMM}
155076	155162	INTRON			{Augustus_model.g595.t1;Augustus},{snap_scaffold_2-snap.72-T1;snap},{GeneMark_model.783_t;GeneMark},{GlimmerHMM_glimmerT_712-T1;GlimmerHMM}
155163	156228	terminal+	3	3	{Augustus_model.g595.t1;Augustus},{snap_scaffold_2-snap.72-T1;snap},{GeneMark_model.783_t;GeneMark}

# EVM prediction: Mode:STANDARD S-ratio: 1.34 157502-160079 orient(-) score(5733.00) noncoding_equivalent(4291.90) raw_noncoding(7071.30) offset(2779.40)
157660	157502	terminal-	4	6	{GlimmerHMM_glimmerT_713-T1;GlimmerHMM},{GeneMark_model.785_t;GeneMark}
157758	157661	INTRON			{GeneMark_model.785_t;GeneMark},{Augustus_model.g596.t1;Augustus}
157788	157759	internal-	4	6	{GeneMark_model.785_t;GeneMark},{Augustus_model.g596.t1;Augustus}
157926	157789	INTRON			{GeneMark_model.785_t;GeneMark},{Augustus_model.g596.t1;Augustus}
158118	157927	internal-	4	6	{GlimmerHMM_glimmerT_713-T1;GlimmerHMM},{GeneMark_model.785_t;GeneMark},{Augustus_model.g596.t1;Augustus}
158184	158119	INTRON			{GeneMark_model.785_t;GeneMark},{Augustus_model.g596.t1;Augustus}
158225	158185	internal-	5	6	{GeneMark_model.785_t;GeneMark},{Augustus_model.g596.t1;Augustus}
158293	158226	INTRON			{GeneMark_model.785_t;GeneMark},{Augustus_model.g596.t1;Augustus}
158352	158294	internal-	6	4	{GeneMark_model.785_t;GeneMark},{Augustus_model.g596.t1;Augustus}
158421	158353	INTRON			{GeneMark_model.785_t;GeneMark},{Augustus_model.g596.t1;Augustus}
158441	158422	internal-	4	5	{GeneMark_model.785_t;GeneMark},{Augustus_model.g596.t1;Augustus}
158511	158442	INTRON			{GeneMark_model.785_t;GeneMark},{Augustus_model.g596.t1;Augustus}
158524	158512	internal-	6	6	{GeneMark_model.785_t;GeneMark},{Augustus_model.g596.t1;Augustus}
158598	158525	INTRON			{GeneMark_model.785_t;GeneMark},{Augustus_model.g596.t1;Augustus}
158743	158599	internal-	5	5	{GlimmerHMM_glimmerT_713-T1;GlimmerHMM},{GeneMark_model.785_t;GeneMark},{Augustus_model.g596.t1;Augustus}
158819	158744	INTRON			{GeneMark_model.785_t;GeneMark},{Augustus_model.g596.t1;Augustus}
158934	158820	internal-	4	4	{GeneMark_model.785_t;GeneMark},{Augustus_model.g596.t1;Augustus}
159023	158935	INTRON			{GeneMark_model.785_t;GeneMark},{Augustus_model.g596.t1;Augustus}
159097	159024	internal-	5	6	{GeneMark_model.785_t;GeneMark},{Augustus_model.g596.t1;Augustus}
159172	159098	INTRON			{GeneMark_model.785_t;GeneMark},{Augustus_model.g596.t1;Augustus}
159229	159173	internal-	5	4	{GlimmerHMM_glimmerT_713-T1;GlimmerHMM},{GeneMark_model.785_t;GeneMark},{Augustus_model.g596.t1;Augustus}
159337	159230	INTRON			{GeneMark_model.785_t;GeneMark},{Augustus_model.g596.t1;Augustus}
159432	159338	internal-	6	4	{GeneMark_model.785_t;GeneMark},{Augustus_model.g596.t1;Augustus}
159686	159433	INTRON			{GeneMark_model.785_t;GeneMark},{Augustus_model.g596.t1;Augustus}
159875	159687	internal-	6	5	{GeneMark_model.785_t;GeneMark},{Augustus_model.g596.t1;Augustus}
159941	159876	INTRON			{GlimmerHMM_glimmerT_713-T1;GlimmerHMM}
159943	159942	internal-	4	5	{GlimmerHMM_glimmerT_713-T1;GlimmerHMM}
160019	159944	INTRON			{GlimmerHMM_glimmerT_713-T1;GlimmerHMM}
160079	160020	initial-	4	6	{GlimmerHMM_glimmerT_713-T1;GlimmerHMM}

# EVM prediction: Mode:STANDARD S-ratio: 3.13 160480-161191 orient(-) score(2362.00) noncoding_equivalent(755.53) raw_noncoding(903.16) offset(147.62)
160748	160480	terminal-	5	6	{GlimmerHMM_glimmerT_714-T1;GlimmerHMM},{snap_scaffold_2-snap.73-T1;snap}
160828	160749	INTRON			{GeneMark_model.785_t;GeneMark},{GlimmerHMM_glimmerT_714-T1;GlimmerHMM},{Augustus_model.g596.t1;Augustus}
160969	160829	internal-	5	4	{GeneMark_model.785_t;GeneMark},{GlimmerHMM_glimmerT_714-T1;GlimmerHMM},{Augustus_model.g596.t1;Augustus}
161028	160970	INTRON			{GeneMark_model.785_t;GeneMark},{GlimmerHMM_glimmerT_714-T1;GlimmerHMM},{Augustus_model.g596.t1;Augustus}
161191	161029	initial-	4	4	{GeneMark_model.785_t;GeneMark},{GlimmerHMM_glimmerT_714-T1;GlimmerHMM},{Augustus_model.g596.t1;Augustus}

# EVM prediction: Mode:STANDARD S-ratio: 7.04 161728-163419 orient(+) score(14260.00) noncoding_equivalent(2027.00) raw_noncoding(2244.00) offset(217.00)
161728	161783	initial+	1	2	{Augustus_model.g597.t1;Augustus},{GeneMark_model.786_t;GeneMark},{GlimmerHMM_glimmerT_715-T1;GlimmerHMM}
161784	161940	INTRON			{snap_scaffold_2-snap.74-T1;snap},{Augustus_model.g597.t1;Augustus},{GeneMark_model.786_t;GeneMark},{GlimmerHMM_glimmerT_715-T1;GlimmerHMM},{ev_type:exonerate/ID=match.2566964.930/Target=lcl|KQ954491_1_prot_KWU43336_1_4267;exonerate},{ev_type:exonerate/ID=match.2566964.949/Target=lcl|BJWK01000002_1_prot_GEM06655_1_672;exonerate},{ev_type:exonerate/ID=match.2566964.956/Target=lcl|LCTV02000008_1_prot_PRQ73011_1_7396;exonerate},{ev_type:exonerate/ID=match.2566964.957/Target=lcl|NW_017264931_1_prot_XP_018272242_1_2073;exonerate},{ev_type:exonerate/ID=match.2566964.943/Target=lcl|PJQD01000001_1_prot_POY76859_1_109;exonerate}
161941	162259	internal+	3	3	{Augustus_model.g597.t1;Augustus},{GeneMark_model.786_t;GeneMark},{GlimmerHMM_glimmerT_715-T1;GlimmerHMM},{ev_type:exonerate/ID=match.2566964.930/Target=lcl|KQ954491_1_prot_KWU43336_1_4267;exonerate},{ev_type:exonerate/ID=match.2566964.949/Target=lcl|BJWK01000002_1_prot_GEM06655_1_672;exonerate},{ev_type:exonerate/ID=match.2566964.956/Target=lcl|LCTV02000008_1_prot_PRQ73011_1_7396;exonerate},{ev_type:exonerate/ID=match.2566964.957/Target=lcl|NW_017264931_1_prot_XP_018272242_1_2073;exonerate},{ev_type:exonerate/ID=match.2566964.943/Target=lcl|PJQD01000001_1_prot_POY76859_1_109;exonerate}
162260	162335	INTRON			{Augustus_model.g597.t1;Augustus},{GeneMark_model.786_t;GeneMark},{GlimmerHMM_glimmerT_715-T1;GlimmerHMM},{ev_type:exonerate/ID=match.2566964.930/Target=lcl|KQ954491_1_prot_KWU43336_1_4267;exonerate},{ev_type:exonerate/ID=match.2566964.949/Target=lcl|BJWK01000002_1_prot_GEM06655_1_672;exonerate},{ev_type:exonerate/ID=match.2566964.956/Target=lcl|LCTV02000008_1_prot_PRQ73011_1_7396;exonerate},{ev_type:exonerate/ID=match.2566964.957/Target=lcl|NW_017264931_1_prot_XP_018272242_1_2073;exonerate},{ev_type:exonerate/ID=match.2566964.943/Target=lcl|PJQD01000001_1_prot_POY76859_1_109;exonerate}
162336	162539	internal+	1	3	{Augustus_model.g597.t1;Augustus},{GeneMark_model.786_t;GeneMark},{GlimmerHMM_glimmerT_715-T1;GlimmerHMM},{ev_type:exonerate/ID=match.2566964.930/Target=lcl|KQ954491_1_prot_KWU43336_1_4267;exonerate},{ev_type:exonerate/ID=match.2566964.949/Target=lcl|BJWK01000002_1_prot_GEM06655_1_672;exonerate},{ev_type:exonerate/ID=match.2566964.956/Target=lcl|LCTV02000008_1_prot_PRQ73011_1_7396;exonerate},{ev_type:exonerate/ID=match.2566964.957/Target=lcl|NW_017264931_1_prot_XP_018272242_1_2073;exonerate},{ev_type:exonerate/ID=match.2566964.943/Target=lcl|PJQD01000001_1_prot_POY76859_1_109;exonerate}
162540	162601	INTRON			{Augustus_model.g597.t1;Augustus},{GeneMark_model.786_t;GeneMark},{GlimmerHMM_glimmerT_715-T1;GlimmerHMM},{ev_type:exonerate/ID=match.2566964.930/Target=lcl|KQ954491_1_prot_KWU43336_1_4267;exonerate},{ev_type:exonerate/ID=match.2566964.949/Target=lcl|BJWK01000002_1_prot_GEM06655_1_672;exonerate},{ev_type:exonerate/ID=match.2566964.956/Target=lcl|LCTV02000008_1_prot_PRQ73011_1_7396;exonerate},{ev_type:exonerate/ID=match.2566964.957/Target=lcl|NW_017264931_1_prot_XP_018272242_1_2073;exonerate},{ev_type:exonerate/ID=match.2566964.943/Target=lcl|PJQD01000001_1_prot_POY76859_1_109;exonerate}
162602	162859	internal+	1	3	{Augustus_model.g597.t1;Augustus},{GeneMark_model.786_t;GeneMark},{GlimmerHMM_glimmerT_715-T1;GlimmerHMM},{ev_type:exonerate/ID=match.2566964.930/Target=lcl|KQ954491_1_prot_KWU43336_1_4267;exonerate},{ev_type:exonerate/ID=match.2566964.949/Target=lcl|BJWK01000002_1_prot_GEM06655_1_672;exonerate},{ev_type:exonerate/ID=match.2566964.956/Target=lcl|LCTV02000008_1_prot_PRQ73011_1_7396;exonerate},{ev_type:exonerate/ID=match.2566964.957/Target=lcl|NW_017264931_1_prot_XP_018272242_1_2073;exonerate},{ev_type:exonerate/ID=match.2566964.943/Target=lcl|PJQD01000001_1_prot_POY76859_1_109;exonerate}
162860	162954	INTRON			{Augustus_model.g597.t1;Augustus},{GeneMark_model.786_t;GeneMark},{GlimmerHMM_glimmerT_715-T1;GlimmerHMM},{ev_type:exonerate/ID=match.2566964.930/Target=lcl|KQ954491_1_prot_KWU43336_1_4267;exonerate},{ev_type:exonerate/ID=match.2566964.949/Target=lcl|BJWK01000002_1_prot_GEM06655_1_672;exonerate},{ev_type:exonerate/ID=match.2566964.956/Target=lcl|LCTV02000008_1_prot_PRQ73011_1_7396;exonerate},{ev_type:exonerate/ID=match.2566964.957/Target=lcl|NW_017264931_1_prot_XP_018272242_1_2073;exonerate},{ev_type:exonerate/ID=match.2566964.943/Target=lcl|PJQD01000001_1_prot_POY76859_1_109;exonerate}
162955	163419	terminal+	1	3	{Augustus_model.g597.t1;Augustus},{GeneMark_model.786_t;GeneMark},{GlimmerHMM_glimmerT_715-T1;GlimmerHMM}

# EVM prediction: Mode:STANDARD S-ratio: 2.41 164275-164975 orient(+) score(2296.00) noncoding_equivalent(952.96) raw_noncoding(1188.96) offset(236.00)
164275	164325	initial+	1	3	{Augustus_model.g598.t1;Augustus}
164326	164405	INTRON			{Augustus_model.g598.t1;Augustus},{GlimmerHMM_glimmerT_716-T1;GlimmerHMM},{GeneMark_model.787_t;GeneMark}
164406	164484	internal+	1	1	{Augustus_model.g598.t1;Augustus},{GlimmerHMM_glimmerT_716-T1;GlimmerHMM},{GeneMark_model.787_t;GeneMark}
164485	164631	INTRON			{Augustus_model.g598.t1;Augustus},{GlimmerHMM_glimmerT_716-T1;GlimmerHMM},{GeneMark_model.787_t;GeneMark}
164632	164975	terminal+	2	3	{GlimmerHMM_glimmerT_716-T1;GlimmerHMM},{GeneMark_model.787_t;GeneMark}

# EVM prediction: Mode:STANDARD S-ratio: 2.27 165539-168276 orient(+) score(8316.00) noncoding_equivalent(3663.31) raw_noncoding(4837.33) offset(1174.02)
165539	166373	initial+	1	1	{GeneMark_model.788_t;GeneMark},{GlimmerHMM_glimmerT_717-T1;GlimmerHMM}
166374	166450	INTRON			{Augustus_model.g598.t1;Augustus},{GeneMark_model.788_t;GeneMark},{GlimmerHMM_glimmerT_717-T1;GlimmerHMM}
166451	166586	internal+	2	2	{Augustus_model.g598.t1;Augustus},{GeneMark_model.788_t;GeneMark},{GlimmerHMM_glimmerT_717-T1;GlimmerHMM}
166587	166652	INTRON			{Augustus_model.g598.t1;Augustus},{GeneMark_model.788_t;GeneMark},{GlimmerHMM_glimmerT_717-T1;GlimmerHMM}
166653	166707	internal+	3	3	{Augustus_model.g598.t1;Augustus},{GeneMark_model.788_t;GeneMark},{GlimmerHMM_glimmerT_717-T1;GlimmerHMM}
166708	166771	INTRON			{Augustus_model.g598.t1;Augustus},{GeneMark_model.788_t;GeneMark},{GlimmerHMM_glimmerT_717-T1;GlimmerHMM}
166772	166841	internal+	1	1	{Augustus_model.g598.t1;Augustus},{GeneMark_model.788_t;GeneMark},{GlimmerHMM_glimmerT_717-T1;GlimmerHMM}
166842	166902	INTRON			{Augustus_model.g598.t1;Augustus},{GeneMark_model.788_t;GeneMark}
166903	166917	internal+	2	1	{Augustus_model.g598.t1;Augustus},{GeneMark_model.788_t;GeneMark}
166918	166981	INTRON			{Augustus_model.g598.t1;Augustus},{GeneMark_model.788_t;GeneMark}
166982	167009	internal+	2	2	{Augustus_model.g598.t1;Augustus},{GeneMark_model.788_t;GeneMark},{GlimmerHMM_glimmerT_717-T1;GlimmerHMM}
167010	167074	INTRON			{Augustus_model.g598.t1;Augustus},{GeneMark_model.788_t;GeneMark},{GlimmerHMM_glimmerT_717-T1;GlimmerHMM}
167075	167189	internal+	3	3	{Augustus_model.g598.t1;Augustus},{GeneMark_model.788_t;GeneMark},{GlimmerHMM_glimmerT_717-T1;GlimmerHMM}
167190	167250	INTRON			{Augustus_model.g598.t1;Augustus},{GeneMark_model.788_t;GeneMark},{GlimmerHMM_glimmerT_717-T1;GlimmerHMM}
167251	167281	internal+	1	1	{Augustus_model.g598.t1;Augustus},{GeneMark_model.788_t;GeneMark},{GlimmerHMM_glimmerT_717-T1;GlimmerHMM}
167282	167344	INTRON			{Augustus_model.g598.t1;Augustus},{GeneMark_model.788_t;GeneMark},{GlimmerHMM_glimmerT_717-T1;GlimmerHMM}
167345	167540	internal+	2	2	{Augustus_model.g598.t1;Augustus},{GeneMark_model.788_t;GeneMark},{GlimmerHMM_glimmerT_717-T1;GlimmerHMM}
167541	167607	INTRON			{Augustus_model.g598.t1;Augustus},{GeneMark_model.788_t;GeneMark},{GlimmerHMM_glimmerT_717-T1;GlimmerHMM}
167608	167719	internal+	3	3	{Augustus_model.g598.t1;Augustus},{GeneMark_model.788_t;GeneMark},{GlimmerHMM_glimmerT_717-T1;GlimmerHMM}
167720	167795	INTRON			{Augustus_model.g598.t1;Augustus},{GeneMark_model.788_t;GeneMark}
167796	167883	internal+	1	1	{Augustus_model.g598.t1;Augustus},{GeneMark_model.788_t;GeneMark}
167884	167953	INTRON			{Augustus_model.g598.t1;Augustus},{GeneMark_model.788_t;GeneMark},{GlimmerHMM_glimmerT_717-T1;GlimmerHMM}
167954	167982	internal+	2	3	{Augustus_model.g598.t1;Augustus},{GeneMark_model.788_t;GeneMark},{GlimmerHMM_glimmerT_717-T1;GlimmerHMM}
167983	168058	INTRON			{Augustus_model.g598.t1;Augustus},{GeneMark_model.788_t;GeneMark}
168059	168133	internal+	1	3	{Augustus_model.g598.t1;Augustus},{GeneMark_model.788_t;GeneMark}
168134	168195	INTRON			{Augustus_model.g598.t1;Augustus},{GeneMark_model.788_t;GeneMark}
168196	168276	terminal+	1	3	{Augustus_model.g598.t1;Augustus},{GeneMark_model.788_t;GeneMark},{GlimmerHMM_glimmerT_717-T1;GlimmerHMM}

# EVM prediction: Mode:STANDARD S-ratio: 3.82 168666-170286 orient(-) score(5223.00) noncoding_equivalent(1366.31) raw_noncoding(1798.06) offset(431.74)
169589	168666	terminal-	4	6	{GeneMark_model.789_t;GeneMark},{Augustus_model.g599.t1;Augustus},{GlimmerHMM_glimmerT_718-T1;GlimmerHMM}
169645	169590	INTRON			{GeneMark_model.789_t;GeneMark},{Augustus_model.g599.t1;Augustus},{GlimmerHMM_glimmerT_718-T1;GlimmerHMM}
169808	169646	internal-	6	6	{GeneMark_model.789_t;GeneMark},{Augustus_model.g599.t1;Augustus}
169869	169809	INTRON			{GeneMark_model.789_t;GeneMark},{Augustus_model.g599.t1;Augustus}
169891	169870	internal-	5	5	{GeneMark_model.789_t;GeneMark},{Augustus_model.g599.t1;Augustus}
169962	169892	INTRON			{GeneMark_model.789_t;GeneMark},{Augustus_model.g599.t1;Augustus}
169978	169963	internal-	4	4	{GeneMark_model.789_t;GeneMark},{Augustus_model.g599.t1;Augustus}
170031	169979	INTRON			{GeneMark_model.789_t;GeneMark},{Augustus_model.g599.t1;Augustus}
170286	170032	initial-	4	6	{GeneMark_model.789_t;GeneMark}

# EVM prediction: Mode:STANDARD S-ratio: 7.38 170565-176836 orient(-) score(27441.00) noncoding_equivalent(3717.28) raw_noncoding(4507.33) offset(790.06)
170635	170565	terminal-	5	6	{GeneMark_model.790_t;GeneMark},{Augustus_model.g600.t1;Augustus}
170716	170636	INTRON			{GeneMark_model.790_t;GeneMark},{Augustus_model.g600.t1;Augustus}
170963	170717	internal-	4	4	{GeneMark_model.790_t;GeneMark},{Augustus_model.g600.t1;Augustus},{GlimmerHMM_glimmerT_718-T1;GlimmerHMM}
171028	170964	INTRON			{GeneMark_model.790_t;GeneMark},{Augustus_model.g600.t1;Augustus}
171050	171029	internal-	6	6	{GeneMark_model.790_t;GeneMark},{Augustus_model.g600.t1;Augustus}
171123	171051	INTRON			{GeneMark_model.790_t;GeneMark},{Augustus_model.g600.t1;Augustus}
173423	171124	internal-	4	5	{GeneMark_model.790_t;GeneMark},{Augustus_model.g600.t1;Augustus}
173488	173424	INTRON			{GeneMark_model.790_t;GeneMark},{Augustus_model.g600.t1;Augustus},{GlimmerHMM_glimmerT_718-T1;GlimmerHMM},{ev_type:exonerate/ID=match.2566964.1061/Target=lcl|KQ954491_1_prot_KWU43351_1_4282;exonerate}
173704	173489	internal-	4	6	{GeneMark_model.790_t;GeneMark},{Augustus_model.g600.t1;Augustus},{GlimmerHMM_glimmerT_718-T1;GlimmerHMM},{ev_type:exonerate/ID=match.2566964.1061/Target=lcl|KQ954491_1_prot_KWU43351_1_4282;exonerate}
173772	173705	INTRON			{GeneMark_model.790_t;GeneMark},{Augustus_model.g600.t1;Augustus},{GlimmerHMM_glimmerT_718-T1;GlimmerHMM},{ev_type:exonerate/ID=match.2566964.1061/Target=lcl|KQ954491_1_prot_KWU43351_1_4282;exonerate}
173883	173773	internal-	4	6	{GeneMark_model.790_t;GeneMark},{Augustus_model.g600.t1;Augustus},{GlimmerHMM_glimmerT_718-T1;GlimmerHMM},{ev_type:exonerate/ID=match.2566964.1061/Target=lcl|KQ954491_1_prot_KWU43351_1_4282;exonerate}
173949	173884	INTRON			{GeneMark_model.790_t;GeneMark},{Augustus_model.g600.t1;Augustus},{GlimmerHMM_glimmerT_718-T1;GlimmerHMM},{ev_type:exonerate/ID=match.2566964.1061/Target=lcl|KQ954491_1_prot_KWU43351_1_4282;exonerate}
174114	173950	internal-	4	6	{GeneMark_model.790_t;GeneMark},{Augustus_model.g600.t1;Augustus},{GlimmerHMM_glimmerT_718-T1;GlimmerHMM},{ev_type:exonerate/ID=match.2566964.1061/Target=lcl|KQ954491_1_prot_KWU43351_1_4282;exonerate}
174170	174115	INTRON			{GeneMark_model.790_t;GeneMark},{Augustus_model.g600.t1;Augustus},{GlimmerHMM_glimmerT_718-T1;GlimmerHMM},{ev_type:exonerate/ID=match.2566964.1061/Target=lcl|KQ954491_1_prot_KWU43351_1_4282;exonerate}
174290	174171	internal-	4	6	{GeneMark_model.790_t;GeneMark},{Augustus_model.g600.t1;Augustus},{GlimmerHMM_glimmerT_718-T1;GlimmerHMM},{ev_type:exonerate/ID=match.2566964.1061/Target=lcl|KQ954491_1_prot_KWU43351_1_4282;exonerate}
174358	174291	INTRON			{GeneMark_model.790_t;GeneMark},{Augustus_model.g600.t1;Augustus},{GlimmerHMM_glimmerT_718-T1;GlimmerHMM},{ev_type:exonerate/ID=match.2566964.1061/Target=lcl|KQ954491_1_prot_KWU43351_1_4282;exonerate}
176188	174359	internal-	4	6	{GeneMark_model.790_t;GeneMark},{Augustus_model.g600.t1;Augustus},{GlimmerHMM_glimmerT_718-T1;GlimmerHMM}
176258	176189	INTRON			{GeneMark_model.790_t;GeneMark},{Augustus_model.g600.t1;Augustus},{GlimmerHMM_glimmerT_718-T1;GlimmerHMM}
176708	176259	internal-	4	6	{GeneMark_model.790_t;GeneMark},{Augustus_model.g600.t1;Augustus},{GlimmerHMM_glimmerT_718-T1;GlimmerHMM}
176767	176709	INTRON			{GeneMark_model.790_t;GeneMark},{Augustus_model.g600.t1;Augustus},{GlimmerHMM_glimmerT_718-T1;GlimmerHMM},{ev_type:exonerate/ID=match.2566964.1061/Target=lcl|KQ954491_1_prot_KWU43351_1_4282;exonerate}
176836	176768	initial-	4	6	{GeneMark_model.790_t;GeneMark},{Augustus_model.g600.t1;Augustus},{GlimmerHMM_glimmerT_718-T1;GlimmerHMM}

# EVM prediction: Mode:STANDARD S-ratio: 3.91 178026-180988 orient(+) score(15337.00) noncoding_equivalent(3919.70) raw_noncoding(4622.00) offset(702.30)
178026	178052	initial+	1	3	{Augustus_model.g601.t1;Augustus},{GeneMark_model.791_t;GeneMark},{GlimmerHMM_glimmerT_719-T1;GlimmerHMM}
178053	178210	INTRON			{Augustus_model.g601.t1;Augustus},{GeneMark_model.791_t;GeneMark},{GlimmerHMM_glimmerT_719-T1;GlimmerHMM},{ev_type:exonerate/ID=match.2566964.803/Target=lcl|PJQD01000001_1_prot_POY76845_1_94;exonerate}
178211	178414	internal+	1	3	{Augustus_model.g601.t1;Augustus},{GeneMark_model.791_t;GeneMark},{GlimmerHMM_glimmerT_719-T1;GlimmerHMM},{ev_type:exonerate/ID=match.2566964.803/Target=lcl|PJQD01000001_1_prot_POY76845_1_94;exonerate}
178415	178473	INTRON			{Augustus_model.g601.t1;Augustus},{GeneMark_model.791_t;GeneMark},{ev_type:exonerate/ID=match.2566964.795/Target=lcl|KQ954491_1_prot_KWU43352_1_4283;exonerate},{ev_type:exonerate/ID=match.2566964.803/Target=lcl|PJQD01000001_1_prot_POY76845_1_94;exonerate}
178474	178672	internal+	1	1	{Augustus_model.g601.t1;Augustus},{GeneMark_model.791_t;GeneMark},{ev_type:exonerate/ID=match.2566964.795/Target=lcl|KQ954491_1_prot_KWU43352_1_4283;exonerate},{ev_type:exonerate/ID=match.2566964.803/Target=lcl|PJQD01000001_1_prot_POY76845_1_94;exonerate}
178673	178745	INTRON			{Augustus_model.g601.t1;Augustus},{GeneMark_model.791_t;GeneMark},{GlimmerHMM_glimmerT_719-T1;GlimmerHMM},{ev_type:exonerate/ID=match.2566964.795/Target=lcl|KQ954491_1_prot_KWU43352_1_4283;exonerate},{ev_type:exonerate/ID=match.2566964.803/Target=lcl|PJQD01000001_1_prot_POY76845_1_94;exonerate}
178746	179212	internal+	2	3	{Augustus_model.g601.t1;Augustus},{GeneMark_model.791_t;GeneMark},{GlimmerHMM_glimmerT_719-T1;GlimmerHMM},{ev_type:exonerate/ID=match.2566964.795/Target=lcl|KQ954491_1_prot_KWU43352_1_4283;exonerate},{ev_type:exonerate/ID=match.2566964.803/Target=lcl|PJQD01000001_1_prot_POY76845_1_94;exonerate}
179213	179277	INTRON			{Augustus_model.g601.t1;Augustus},{GeneMark_model.791_t;GeneMark},{GlimmerHMM_glimmerT_719-T1;GlimmerHMM},{ev_type:exonerate/ID=match.2566964.795/Target=lcl|KQ954491_1_prot_KWU43352_1_4283;exonerate},{ev_type:exonerate/ID=match.2566964.803/Target=lcl|PJQD01000001_1_prot_POY76845_1_94;exonerate}
179278	179353	internal+	1	1	{Augustus_model.g601.t1;Augustus},{GeneMark_model.791_t;GeneMark},{GlimmerHMM_glimmerT_719-T1;GlimmerHMM},{ev_type:exonerate/ID=match.2566964.795/Target=lcl|KQ954491_1_prot_KWU43352_1_4283;exonerate},{ev_type:exonerate/ID=match.2566964.803/Target=lcl|PJQD01000001_1_prot_POY76845_1_94;exonerate}
179354	179424	INTRON			{Augustus_model.g601.t1;Augustus},{GeneMark_model.791_t;GeneMark},{GlimmerHMM_glimmerT_719-T1;GlimmerHMM},{ev_type:exonerate/ID=match.2566964.795/Target=lcl|KQ954491_1_prot_KWU43352_1_4283;exonerate},{ev_type:exonerate/ID=match.2566964.803/Target=lcl|PJQD01000001_1_prot_POY76845_1_94;exonerate}
179425	179775	internal+	2	1	{Augustus_model.g601.t1;Augustus},{GeneMark_model.791_t;GeneMark},{GlimmerHMM_glimmerT_719-T1;GlimmerHMM},{ev_type:exonerate/ID=match.2566964.795/Target=lcl|KQ954491_1_prot_KWU43352_1_4283;exonerate},{ev_type:exonerate/ID=match.2566964.803/Target=lcl|PJQD01000001_1_prot_POY76845_1_94;exonerate}
179776	179843	INTRON			{Augustus_model.g601.t1;Augustus},{GeneMark_model.791_t;GeneMark},{GlimmerHMM_glimmerT_719-T1;GlimmerHMM},{ev_type:exonerate/ID=match.2566964.795/Target=lcl|KQ954491_1_prot_KWU43352_1_4283;exonerate},{ev_type:exonerate/ID=match.2566964.803/Target=lcl|PJQD01000001_1_prot_POY76845_1_94;exonerate}
179844	179865	internal+	2	2	{Augustus_model.g601.t1;Augustus},{GeneMark_model.791_t;GeneMark},{GlimmerHMM_glimmerT_719-T1;GlimmerHMM},{ev_type:exonerate/ID=match.2566964.795/Target=lcl|KQ954491_1_prot_KWU43352_1_4283;exonerate},{ev_type:exonerate/ID=match.2566964.803/Target=lcl|PJQD01000001_1_prot_POY76845_1_94;exonerate}
179866	179931	INTRON			{Augustus_model.g601.t1;Augustus},{GeneMark_model.791_t;GeneMark},{GlimmerHMM_glimmerT_719-T1;GlimmerHMM},{ev_type:exonerate/ID=match.2566964.795/Target=lcl|KQ954491_1_prot_KWU43352_1_4283;exonerate},{ev_type:exonerate/ID=match.2566964.803/Target=lcl|PJQD01000001_1_prot_POY76845_1_94;exonerate}
179932	180017	internal+	3	1	{Augustus_model.g601.t1;Augustus},{GeneMark_model.791_t;GeneMark},{GlimmerHMM_glimmerT_719-T1;GlimmerHMM},{ev_type:exonerate/ID=match.2566964.795/Target=lcl|KQ954491_1_prot_KWU43352_1_4283;exonerate},{ev_type:exonerate/ID=match.2566964.803/Target=lcl|PJQD01000001_1_prot_POY76845_1_94;exonerate}
180018	180093	INTRON			{Augustus_model.g601.t1;Augustus},{GeneMark_model.791_t;GeneMark},{GlimmerHMM_glimmerT_719-T1;GlimmerHMM},{ev_type:exonerate/ID=match.2566964.795/Target=lcl|KQ954491_1_prot_KWU43352_1_4283;exonerate},{ev_type:exonerate/ID=match.2566964.803/Target=lcl|PJQD01000001_1_prot_POY76845_1_94;exonerate}
180094	180177	internal+	2	1	{Augustus_model.g601.t1;Augustus},{GeneMark_model.791_t;GeneMark},{GlimmerHMM_glimmerT_719-T1;GlimmerHMM},{ev_type:exonerate/ID=match.2566964.795/Target=lcl|KQ954491_1_prot_KWU43352_1_4283;exonerate},{ev_type:exonerate/ID=match.2566964.803/Target=lcl|PJQD01000001_1_prot_POY76845_1_94;exonerate}
180178	180247	INTRON			{Augustus_model.g601.t1;Augustus},{GeneMark_model.791_t;GeneMark},{GlimmerHMM_glimmerT_719-T1;GlimmerHMM},{ev_type:exonerate/ID=match.2566964.795/Target=lcl|KQ954491_1_prot_KWU43352_1_4283;exonerate},{ev_type:exonerate/ID=match.2566964.803/Target=lcl|PJQD01000001_1_prot_POY76845_1_94;exonerate}
180248	180410	internal+	2	2	{Augustus_model.g601.t1;Augustus},{GeneMark_model.791_t;GeneMark},{GlimmerHMM_glimmerT_719-T1;GlimmerHMM},{ev_type:exonerate/ID=match.2566964.795/Target=lcl|KQ954491_1_prot_KWU43352_1_4283;exonerate},{ev_type:exonerate/ID=match.2566964.803/Target=lcl|PJQD01000001_1_prot_POY76845_1_94;exonerate}
180411	180483	INTRON			{Augustus_model.g601.t1;Augustus},{GeneMark_model.791_t;GeneMark},{GlimmerHMM_glimmerT_719-T1;GlimmerHMM},{ev_type:exonerate/ID=match.2566964.795/Target=lcl|KQ954491_1_prot_KWU43352_1_4283;exonerate},{ev_type:exonerate/ID=match.2566964.803/Target=lcl|PJQD01000001_1_prot_POY76845_1_94;exonerate}
180484	180559	internal+	3	3	{Augustus_model.g601.t1;Augustus},{GeneMark_model.791_t;GeneMark},{GlimmerHMM_glimmerT_719-T1;GlimmerHMM},{ev_type:exonerate/ID=match.2566964.795/Target=lcl|KQ954491_1_prot_KWU43352_1_4283;exonerate},{ev_type:exonerate/ID=match.2566964.803/Target=lcl|PJQD01000001_1_prot_POY76845_1_94;exonerate}
180560	180630	INTRON			{Augustus_model.g601.t1;Augustus},{GeneMark_model.791_t;GeneMark},{GlimmerHMM_glimmerT_719-T1;GlimmerHMM},{snap_scaffold_2-snap.83-T1;snap},{ev_type:exonerate/ID=match.2566964.795/Target=lcl|KQ954491_1_prot_KWU43352_1_4283;exonerate},{ev_type:exonerate/ID=match.2566964.803/Target=lcl|PJQD01000001_1_prot_POY76845_1_94;exonerate}
180631	180906	internal+	1	3	{Augustus_model.g601.t1;Augustus},{GeneMark_model.791_t;GeneMark},{GlimmerHMM_glimmerT_719-T1;GlimmerHMM}
180907	180973	INTRON			{Augustus_model.g601.t1;Augustus},{GeneMark_model.791_t;GeneMark},{GlimmerHMM_glimmerT_719-T1;GlimmerHMM}
180974	180988	terminal+	1	3	{Augustus_model.g601.t1;Augustus},{GeneMark_model.791_t;GeneMark},{GlimmerHMM_glimmerT_719-T1;GlimmerHMM}

# EVM prediction: Mode:STANDARD S-ratio: 5.32 184993-187030 orient(-) score(16235.00) noncoding_equivalent(3049.86) raw_noncoding(4246.00) offset(1196.14)
185304	184993	terminal-	4	6	{snap_scaffold_2-snap.84-T1;snap},{GlimmerHMM_glimmerT_720-T1;GlimmerHMM},{HiQ_model.g602.t1;HiQ},{GeneMark_model.792_t;GeneMark}
185373	185305	INTRON			{GlimmerHMM_glimmerT_720-T1;GlimmerHMM},{HiQ_model.g602.t1;HiQ},{GeneMark_model.792_t;GeneMark},{ev_type:exonerate/ID=match.2566964.1125/Target=lcl|KQ954515_1_prot_KWU42117_1_5491;exonerate},{ev_type:exonerate/ID=match.2566964.1133/Target=lcl|LCTV02000008_1_prot_PRQ73052_1_7437;exonerate},{ev_type:exonerate/ID=match.2566964.1123/Target=lcl|PJQD01000001_1_prot_POY76838_1_87;exonerate},{ev_type:exonerate/ID=match.2566964.1134/Target=lcl|NW_017264931_1_prot_XP_018272268_1_2099;exonerate}
185521	185374	internal-	6	6	{GlimmerHMM_glimmerT_720-T1;GlimmerHMM},{HiQ_model.g602.t1;HiQ},{GeneMark_model.792_t;GeneMark},{ev_type:exonerate/ID=match.2566964.1125/Target=lcl|KQ954515_1_prot_KWU42117_1_5491;exonerate},{ev_type:exonerate/ID=match.2566964.1133/Target=lcl|LCTV02000008_1_prot_PRQ73052_1_7437;exonerate},{ev_type:exonerate/ID=match.2566964.1123/Target=lcl|PJQD01000001_1_prot_POY76838_1_87;exonerate},{ev_type:exonerate/ID=match.2566964.1134/Target=lcl|NW_017264931_1_prot_XP_018272268_1_2099;exonerate}
185587	185522	INTRON			{GlimmerHMM_glimmerT_720-T1;GlimmerHMM},{HiQ_model.g602.t1;HiQ},{GeneMark_model.792_t;GeneMark},{ev_type:exonerate/ID=match.2566964.1125/Target=lcl|KQ954515_1_prot_KWU42117_1_5491;exonerate},{ev_type:exonerate/ID=match.2566964.1133/Target=lcl|LCTV02000008_1_prot_PRQ73052_1_7437;exonerate},{ev_type:exonerate/ID=match.2566964.1123/Target=lcl|PJQD01000001_1_prot_POY76838_1_87;exonerate},{ev_type:exonerate/ID=match.2566964.1134/Target=lcl|NW_017264931_1_prot_XP_018272268_1_2099;exonerate}
185934	185588	internal-	4	5	{GlimmerHMM_glimmerT_720-T1;GlimmerHMM},{HiQ_model.g602.t1;HiQ},{GeneMark_model.792_t;GeneMark},{ev_type:exonerate/ID=match.2566964.1125/Target=lcl|KQ954515_1_prot_KWU42117_1_5491;exonerate},{ev_type:exonerate/ID=match.2566964.1133/Target=lcl|LCTV02000008_1_prot_PRQ73052_1_7437;exonerate},{ev_type:exonerate/ID=match.2566964.1123/Target=lcl|PJQD01000001_1_prot_POY76838_1_87;exonerate},{ev_type:exonerate/ID=match.2566964.1134/Target=lcl|NW_017264931_1_prot_XP_018272268_1_2099;exonerate}
186007	185935	INTRON			{GlimmerHMM_glimmerT_720-T1;GlimmerHMM},{HiQ_model.g602.t1;HiQ},{GeneMark_model.792_t;GeneMark},{ev_type:exonerate/ID=match.2566964.1125/Target=lcl|KQ954515_1_prot_KWU42117_1_5491;exonerate},{ev_type:exonerate/ID=match.2566964.1133/Target=lcl|LCTV02000008_1_prot_PRQ73052_1_7437;exonerate},{ev_type:exonerate/ID=match.2566964.1123/Target=lcl|PJQD01000001_1_prot_POY76838_1_87;exonerate},{ev_type:exonerate/ID=match.2566964.1134/Target=lcl|NW_017264931_1_prot_XP_018272268_1_2099;exonerate}
186460	186008	internal-	4	6	{GlimmerHMM_glimmerT_720-T1;GlimmerHMM},{HiQ_model.g602.t1;HiQ},{GeneMark_model.792_t;GeneMark},{ev_type:exonerate/ID=match.2566964.1125/Target=lcl|KQ954515_1_prot_KWU42117_1_5491;exonerate},{ev_type:exonerate/ID=match.2566964.1133/Target=lcl|LCTV02000008_1_prot_PRQ73052_1_7437;exonerate},{ev_type:exonerate/ID=match.2566964.1123/Target=lcl|PJQD01000001_1_prot_POY76838_1_87;exonerate},{ev_type:exonerate/ID=match.2566964.1134/Target=lcl|NW_017264931_1_prot_XP_018272268_1_2099;exonerate}
186526	186461	INTRON			{GlimmerHMM_glimmerT_720-T1;GlimmerHMM},{HiQ_model.g602.t1;HiQ},{GeneMark_model.792_t;GeneMark},{ev_type:exonerate/ID=match.2566964.1125/Target=lcl|KQ954515_1_prot_KWU42117_1_5491;exonerate},{ev_type:exonerate/ID=match.2566964.1133/Target=lcl|LCTV02000008_1_prot_PRQ73052_1_7437;exonerate},{ev_type:exonerate/ID=match.2566964.1123/Target=lcl|PJQD01000001_1_prot_POY76838_1_87;exonerate},{ev_type:exonerate/ID=match.2566964.1134/Target=lcl|NW_017264931_1_prot_XP_018272268_1_2099;exonerate}
186634	186527	internal-	4	6	{GlimmerHMM_glimmerT_720-T1;GlimmerHMM},{HiQ_model.g602.t1;HiQ},{GeneMark_model.792_t;GeneMark},{ev_type:exonerate/ID=match.2566964.1125/Target=lcl|KQ954515_1_prot_KWU42117_1_5491;exonerate},{ev_type:exonerate/ID=match.2566964.1133/Target=lcl|LCTV02000008_1_prot_PRQ73052_1_7437;exonerate},{ev_type:exonerate/ID=match.2566964.1123/Target=lcl|PJQD01000001_1_prot_POY76838_1_87;exonerate},{ev_type:exonerate/ID=match.2566964.1134/Target=lcl|NW_017264931_1_prot_XP_018272268_1_2099;exonerate}
186756	186635	INTRON			{GlimmerHMM_glimmerT_720-T1;GlimmerHMM},{HiQ_model.g602.t1;HiQ},{GeneMark_model.792_t;GeneMark},{ev_type:exonerate/ID=match.2566964.1125/Target=lcl|KQ954515_1_prot_KWU42117_1_5491;exonerate},{ev_type:exonerate/ID=match.2566964.1133/Target=lcl|LCTV02000008_1_prot_PRQ73052_1_7437;exonerate},{ev_type:exonerate/ID=match.2566964.1123/Target=lcl|PJQD01000001_1_prot_POY76838_1_87;exonerate},{ev_type:exonerate/ID=match.2566964.1134/Target=lcl|NW_017264931_1_prot_XP_018272268_1_2099;exonerate}
186808	186757	internal-	6	6	{GlimmerHMM_glimmerT_720-T1;GlimmerHMM},{HiQ_model.g602.t1;HiQ},{ev_type:exonerate/ID=match.2566964.1134/Target=lcl|NW_017264931_1_prot_XP_018272268_1_2099;exonerate}
187001	186809	INTRON			{GlimmerHMM_glimmerT_720-T1;GlimmerHMM},{HiQ_model.g602.t1;HiQ},{ev_type:exonerate/ID=match.2566964.1134/Target=lcl|NW_017264931_1_prot_XP_018272268_1_2099;exonerate}
187030	187002	initial-	4	5	{GlimmerHMM_glimmerT_720-T1;GlimmerHMM},{HiQ_model.g602.t1;HiQ}

# EVM prediction: Mode:STANDARD S-ratio: 2.28 187314-190280 orient(-) score(8621.00) noncoding_equivalent(3777.80) raw_noncoding(5196.00) offset(1418.20)
187426	187314	terminal-	5	6	{GeneMark_model.793_t;GeneMark},{Augustus_model.g603.t1;Augustus},{GlimmerHMM_glimmerT_721-T1;GlimmerHMM}
187495	187427	INTRON			{GeneMark_model.793_t;GeneMark},{Augustus_model.g603.t1;Augustus},{GlimmerHMM_glimmerT_721-T1;GlimmerHMM}
187584	187496	internal-	6	4	{GeneMark_model.793_t;GeneMark},{Augustus_model.g603.t1;Augustus},{GlimmerHMM_glimmerT_721-T1;GlimmerHMM}
187665	187585	INTRON			{GeneMark_model.793_t;GeneMark},{Augustus_model.g603.t1;Augustus},{GlimmerHMM_glimmerT_721-T1;GlimmerHMM}
188013	187666	internal-	6	5	{GeneMark_model.793_t;GeneMark},{Augustus_model.g603.t1;Augustus},{GlimmerHMM_glimmerT_721-T1;GlimmerHMM}
188077	188014	INTRON			{GeneMark_model.793_t;GeneMark},{Augustus_model.g603.t1;Augustus},{GlimmerHMM_glimmerT_721-T1;GlimmerHMM}
188178	188078	internal-	4	5	{GeneMark_model.793_t;GeneMark},{Augustus_model.g603.t1;Augustus},{GlimmerHMM_glimmerT_721-T1;GlimmerHMM}
188242	188179	INTRON			{GeneMark_model.793_t;GeneMark},{Augustus_model.g603.t1;Augustus},{GlimmerHMM_glimmerT_721-T1;GlimmerHMM}
188356	188243	internal-	4	6	{GeneMark_model.793_t;GeneMark},{Augustus_model.g603.t1;Augustus},{GlimmerHMM_glimmerT_721-T1;GlimmerHMM}
188414	188357	INTRON			{GeneMark_model.793_t;GeneMark},{Augustus_model.g603.t1;Augustus},{GlimmerHMM_glimmerT_721-T1;GlimmerHMM}
188627	188415	internal-	4	6	{GeneMark_model.793_t;GeneMark},{Augustus_model.g603.t1;Augustus},{GlimmerHMM_glimmerT_721-T1;GlimmerHMM}
188700	188628	INTRON			{GeneMark_model.793_t;GeneMark},{Augustus_model.g603.t1;Augustus},{GlimmerHMM_glimmerT_721-T1;GlimmerHMM}
188881	188701	internal-	6	6	{GeneMark_model.793_t;GeneMark},{Augustus_model.g603.t1;Augustus},{GlimmerHMM_glimmerT_721-T1;GlimmerHMM}
188943	188882	INTRON			{GeneMark_model.793_t;GeneMark},{Augustus_model.g603.t1;Augustus}
189022	188944	internal-	5	5	{GeneMark_model.793_t;GeneMark},{Augustus_model.g603.t1;Augustus}
189178	189023	INTRON			{Augustus_model.g603.t1;Augustus}
189197	189179	internal-	4	4	{Augustus_model.g603.t1;Augustus}
189264	189198	INTRON			{GeneMark_model.793_t;GeneMark},{Augustus_model.g603.t1;Augustus}
189485	189265	internal-	5	6	{GeneMark_model.793_t;GeneMark},{Augustus_model.g603.t1;Augustus},{GlimmerHMM_glimmerT_721-T1;GlimmerHMM}
189546	189486	INTRON			{GeneMark_model.793_t;GeneMark},{Augustus_model.g603.t1;Augustus},{GlimmerHMM_glimmerT_721-T1;GlimmerHMM}
189640	189547	internal-	4	4	{GeneMark_model.793_t;GeneMark},{Augustus_model.g603.t1;Augustus},{GlimmerHMM_glimmerT_721-T1;GlimmerHMM}
189709	189641	INTRON			{GeneMark_model.793_t;GeneMark},{Augustus_model.g603.t1;Augustus},{GlimmerHMM_glimmerT_721-T1;GlimmerHMM}
189899	189710	internal-	6	6	{GeneMark_model.793_t;GeneMark},{Augustus_model.g603.t1;Augustus},{GlimmerHMM_glimmerT_721-T1;GlimmerHMM}
189962	189900	INTRON			{GeneMark_model.793_t;GeneMark}
190056	189963	internal-	5	5	{GeneMark_model.793_t;GeneMark}
190096	190057	INTRON			{GeneMark_model.793_t;GeneMark}
190280	190097	initial-	4	4	{GeneMark_model.793_t;GeneMark},{Augustus_model.g603.t1;Augustus}

# EVM prediction: Mode:STANDARD S-ratio: 6.12 191174-192734 orient(+) score(6329.00) noncoding_equivalent(1034.94) raw_noncoding(1228.00) offset(193.06)
191174	191338	initial+	1	3	{GeneMark_model.794_t;GeneMark},{Augustus_model.g604.t1;Augustus},{GlimmerHMM_glimmerT_722-T1;GlimmerHMM}
191339	191395	INTRON			{GeneMark_model.794_t;GeneMark},{Augustus_model.g604.t1;Augustus},{ev_type:exonerate/ID=match.2566964.1301/Target=lcl|KQ954515_1_prot_KWU42119_1_5493;exonerate}
191396	191444	internal+	1	1	{GeneMark_model.794_t;GeneMark},{Augustus_model.g604.t1;Augustus},{ev_type:exonerate/ID=match.2566964.1301/Target=lcl|KQ954515_1_prot_KWU42119_1_5493;exonerate}
191445	191515	INTRON			{GeneMark_model.794_t;GeneMark},{Augustus_model.g604.t1;Augustus},{GlimmerHMM_glimmerT_722-T1;GlimmerHMM},{snap_scaffold_2-snap.88-T1;snap},{ev_type:exonerate/ID=match.2566964.1301/Target=lcl|KQ954515_1_prot_KWU42119_1_5493;exonerate}
191516	192192	internal+	2	3	{GeneMark_model.794_t;GeneMark},{Augustus_model.g604.t1;Augustus},{GlimmerHMM_glimmerT_722-T1;GlimmerHMM}
192193	192254	INTRON			{GeneMark_model.794_t;GeneMark},{Augustus_model.g604.t1;Augustus},{GlimmerHMM_glimmerT_722-T1;GlimmerHMM}
192255	192446	internal+	1	3	{GeneMark_model.794_t;GeneMark},{Augustus_model.g604.t1;Augustus},{GlimmerHMM_glimmerT_722-T1;GlimmerHMM}
192447	192518	INTRON			{GeneMark_model.794_t;GeneMark},{Augustus_model.g604.t1;Augustus},{GlimmerHMM_glimmerT_722-T1;GlimmerHMM}
192519	192734	terminal+	1	3	{GeneMark_model.794_t;GeneMark},{Augustus_model.g604.t1;Augustus},{GlimmerHMM_glimmerT_722-T1;GlimmerHMM},{snap_scaffold_2-snap.89-T1;snap}

# EVM prediction: Mode:STANDARD S-ratio: 3.17 192888-194133 orient(-) score(4122.00) noncoding_equivalent(1300.64) raw_noncoding(1494.37) offset(193.73)
193385	192888	terminal-	4	6	{GeneMark_model.795_t;GeneMark},{GlimmerHMM_glimmerT_723-T1;GlimmerHMM},{Augustus_model.g605.t1;Augustus}
193447	193386	INTRON			{GeneMark_model.795_t;GeneMark},{GlimmerHMM_glimmerT_723-T1;GlimmerHMM},{Augustus_model.g605.t1;Augustus}
193862	193448	internal-	6	6	{GeneMark_model.795_t;GeneMark},{GlimmerHMM_glimmerT_723-T1;GlimmerHMM},{Augustus_model.g605.t1;Augustus}
193928	193863	INTRON			{GeneMark_model.795_t;GeneMark},{GlimmerHMM_glimmerT_723-T1;GlimmerHMM},{Augustus_model.g605.t1;Augustus}
193968	193929	internal-	5	5	{GeneMark_model.795_t;GeneMark},{GlimmerHMM_glimmerT_723-T1;GlimmerHMM},{Augustus_model.g605.t1;Augustus}
194066	193969	INTRON			{GeneMark_model.795_t;GeneMark},{GlimmerHMM_glimmerT_723-T1;GlimmerHMM},{Augustus_model.g605.t1;Augustus}
194133	194067	initial-	4	4	{GeneMark_model.795_t;GeneMark},{GlimmerHMM_glimmerT_723-T1;GlimmerHMM},{Augustus_model.g605.t1;Augustus}

# EVM prediction: Mode:STANDARD S-ratio: 12.35 194449-201091 orient(+) score(24942.00) noncoding_equivalent(2020.24) raw_noncoding(2275.00) offset(254.76)
194449	194525	initial+	1	2	{GlimmerHMM_glimmerT_724-T1;GlimmerHMM},{GeneMark_model.796_t;GeneMark}
194526	194582	INTRON			{GlimmerHMM_glimmerT_724-T1;GlimmerHMM},{GeneMark_model.796_t;GeneMark}
194583	194995	internal+	3	1	{GlimmerHMM_glimmerT_724-T1;GlimmerHMM},{Augustus_model.g606.t1;Augustus},{GeneMark_model.796_t;GeneMark}
194996	195062	INTRON			{GlimmerHMM_glimmerT_724-T1;GlimmerHMM},{Augustus_model.g606.t1;Augustus},{GeneMark_model.796_t;GeneMark}
195063	197995	internal+	2	3	{GlimmerHMM_glimmerT_724-T1;GlimmerHMM},{Augustus_model.g606.t1;Augustus},{GeneMark_model.796_t;GeneMark}
197996	198059	INTRON			{GlimmerHMM_glimmerT_724-T1;GlimmerHMM},{Augustus_model.g606.t1;Augustus},{GeneMark_model.796_t;GeneMark}
198060	200405	internal+	1	3	{GlimmerHMM_glimmerT_724-T1;GlimmerHMM},{Augustus_model.g606.t1;Augustus},{GeneMark_model.796_t;GeneMark}
200406	200476	INTRON			{GlimmerHMM_glimmerT_724-T1;GlimmerHMM},{Augustus_model.g606.t1;Augustus},{GeneMark_model.796_t;GeneMark}
200477	201091	terminal+	1	3	{GlimmerHMM_glimmerT_724-T1;GlimmerHMM},{Augustus_model.g606.t1;Augustus},{GeneMark_model.796_t;GeneMark}

# EVM prediction: Mode:STANDARD S-ratio: 9.41 201453-201881 orient(-) score(2636.00) noncoding_equivalent(280.00) raw_noncoding(315.00) offset(35.00)
201472	201453	terminal-	5	6	{Augustus_model.g607.t1;Augustus},{GlimmerHMM_glimmerT_725-T1;GlimmerHMM},{GeneMark_model.797_t;GeneMark}
201541	201473	INTRON			{Augustus_model.g607.t1;Augustus},{GlimmerHMM_glimmerT_725-T1;GlimmerHMM},{GeneMark_model.797_t;GeneMark}
201881	201542	initial-	4	4	{Augustus_model.g607.t1;Augustus},{GlimmerHMM_glimmerT_725-T1;GlimmerHMM},{GeneMark_model.797_t;GeneMark}

# EVM prediction: Mode:STANDARD S-ratio: 26.37 202313-205518 orient(+) score(12498.00) noncoding_equivalent(474.00) raw_noncoding(480.00) offset(6.00)
202313	205211	initial+	1	1	{GlimmerHMM_glimmerT_726-T1;GlimmerHMM}
205212	205288	INTRON			{GlimmerHMM_glimmerT_726-T1;GlimmerHMM},{GeneMark_model.798_t;GeneMark},{Augustus_model.g608.t1;Augustus}
205289	205518	terminal+	2	3	{GlimmerHMM_glimmerT_726-T1;GlimmerHMM},{GeneMark_model.798_t;GeneMark},{Augustus_model.g608.t1;Augustus}

# EVM prediction: Mode:STANDARD S-ratio: 4.12 205787-210747 orient(-) score(20568.00) noncoding_equivalent(4992.88) raw_noncoding(5690.00) offset(697.12)
206542	205787	terminal-	4	6	{GlimmerHMM_glimmerT_727-T1;GlimmerHMM},{Augustus_model.g609.t1;Augustus},{GeneMark_model.799_t;GeneMark}
206603	206543	INTRON			{GlimmerHMM_glimmerT_727-T1;GlimmerHMM},{Augustus_model.g609.t1;Augustus},{GeneMark_model.799_t;GeneMark},{ev_type:exonerate/ID=match.2566964.1067/Target=lcl|KQ954491_1_prot_KWU43362_1_4293;exonerate}
206739	206604	internal-	6	6	{GlimmerHMM_glimmerT_727-T1;GlimmerHMM},{Augustus_model.g609.t1;Augustus},{GeneMark_model.799_t;GeneMark},{ev_type:exonerate/ID=match.2566964.1067/Target=lcl|KQ954491_1_prot_KWU43362_1_4293;exonerate}
206808	206740	INTRON			{GlimmerHMM_glimmerT_727-T1;GlimmerHMM},{Augustus_model.g609.t1;Augustus},{GeneMark_model.799_t;GeneMark},{ev_type:exonerate/ID=match.2566964.1067/Target=lcl|KQ954491_1_prot_KWU43362_1_4293;exonerate}
207038	206809	internal-	4	5	{GlimmerHMM_glimmerT_727-T1;GlimmerHMM},{GeneMark_model.799_t;GeneMark}
207107	207039	INTRON			{GlimmerHMM_glimmerT_727-T1;GlimmerHMM},{Augustus_model.g609.t1;Augustus},{GeneMark_model.799_t;GeneMark}
207548	207108	internal-	4	6	{GlimmerHMM_glimmerT_727-T1;GlimmerHMM},{Augustus_model.g609.t1;Augustus},{GeneMark_model.799_t;GeneMark},{ev_type:exonerate/ID=match.2566964.1067/Target=lcl|KQ954491_1_prot_KWU43362_1_4293;exonerate}
207616	207549	INTRON			{GlimmerHMM_glimmerT_727-T1;GlimmerHMM},{Augustus_model.g609.t1;Augustus},{GeneMark_model.799_t;GeneMark},{ev_type:exonerate/ID=match.2566964.1067/Target=lcl|KQ954491_1_prot_KWU43362_1_4293;exonerate}
207708	207617	internal-	5	6	{GlimmerHMM_glimmerT_727-T1;GlimmerHMM},{Augustus_model.g609.t1;Augustus},{GeneMark_model.799_t;GeneMark},{ev_type:exonerate/ID=match.2566964.1067/Target=lcl|KQ954491_1_prot_KWU43362_1_4293;exonerate}
207781	207709	INTRON			{GlimmerHMM_glimmerT_727-T1;GlimmerHMM},{Augustus_model.g609.t1;Augustus},{GeneMark_model.799_t;GeneMark},{ev_type:exonerate/ID=match.2566964.1067/Target=lcl|KQ954491_1_prot_KWU43362_1_4293;exonerate}
208841	207782	internal-	4	4	{GlimmerHMM_glimmerT_727-T1;GlimmerHMM},{Augustus_model.g609.t1;Augustus},{GeneMark_model.799_t;GeneMark},{ev_type:exonerate/ID=match.2566964.1067/Target=lcl|KQ954491_1_prot_KWU43362_1_4293;exonerate}
208901	208842	INTRON			{GlimmerHMM_glimmerT_727-T1;GlimmerHMM},{Augustus_model.g609.t1;Augustus},{GeneMark_model.799_t;GeneMark},{ev_type:exonerate/ID=match.2566964.1067/Target=lcl|KQ954491_1_prot_KWU43362_1_4293;exonerate}
209200	208902	internal-	5	6	{GlimmerHMM_glimmerT_727-T1;GlimmerHMM},{Augustus_model.g609.t1;Augustus},{GeneMark_model.799_t;GeneMark},{ev_type:exonerate/ID=match.2566964.1067/Target=lcl|KQ954491_1_prot_KWU43362_1_4293;exonerate}
209261	209201	INTRON			{GlimmerHMM_glimmerT_727-T1;GlimmerHMM},{Augustus_model.g609.t1;Augustus},{GeneMark_model.799_t;GeneMark},{ev_type:exonerate/ID=match.2566964.1067/Target=lcl|KQ954491_1_prot_KWU43362_1_4293;exonerate}
209685	209262	internal-	4	4	{GlimmerHMM_glimmerT_727-T1;GlimmerHMM},{Augustus_model.g609.t1;Augustus},{GeneMark_model.799_t;GeneMark},{ev_type:exonerate/ID=match.2566964.1067/Target=lcl|KQ954491_1_prot_KWU43362_1_4293;exonerate}
209750	209686	INTRON			{GlimmerHMM_glimmerT_727-T1;GlimmerHMM},{Augustus_model.g609.t1;Augustus},{GeneMark_model.799_t;GeneMark},{ev_type:exonerate/ID=match.2566964.1067/Target=lcl|KQ954491_1_prot_KWU43362_1_4293;exonerate}
209828	209751	internal-	4	6	{Augustus_model.g609.t1;Augustus},{GeneMark_model.799_t;GeneMark},{ev_type:exonerate/ID=match.2566964.1067/Target=lcl|KQ954491_1_prot_KWU43362_1_4293;exonerate}
209892	209829	INTRON			{Augustus_model.g609.t1;Augustus},{GeneMark_model.799_t;GeneMark},{ev_type:exonerate/ID=match.2566964.1067/Target=lcl|KQ954491_1_prot_KWU43362_1_4293;exonerate}
210258	209893	internal-	4	6	{Augustus_model.g609.t1;Augustus},{GeneMark_model.799_t;GeneMark},{ev_type:exonerate/ID=match.2566964.1067/Target=lcl|KQ954491_1_prot_KWU43362_1_4293;exonerate}
210327	210259	INTRON			{Augustus_model.g609.t1;Augustus},{GeneMark_model.799_t;GeneMark},{ev_type:exonerate/ID=match.2566964.1067/Target=lcl|KQ954491_1_prot_KWU43362_1_4293;exonerate}
210349	210328	internal-	6	6	{Augustus_model.g609.t1;Augustus},{GeneMark_model.799_t;GeneMark},{ev_type:exonerate/ID=match.2566964.1067/Target=lcl|KQ954491_1_prot_KWU43362_1_4293;exonerate}
210411	210350	INTRON			{GlimmerHMM_glimmerT_727-T1;GlimmerHMM},{Augustus_model.g609.t1;Augustus},{GeneMark_model.799_t;GeneMark},{ev_type:exonerate/ID=match.2566964.1067/Target=lcl|KQ954491_1_prot_KWU43362_1_4293;exonerate}
210515	210412	internal-	4	5	{GlimmerHMM_glimmerT_727-T1;GlimmerHMM},{Augustus_model.g609.t1;Augustus},{GeneMark_model.799_t;GeneMark}
210583	210516	INTRON			{GlimmerHMM_glimmerT_727-T1;GlimmerHMM},{Augustus_model.g609.t1;Augustus},{GeneMark_model.799_t;GeneMark}
210667	210584	internal-	4	6	{GlimmerHMM_glimmerT_727-T1;GlimmerHMM},{Augustus_model.g609.t1;Augustus},{GeneMark_model.799_t;GeneMark}
210744	210668	INTRON			{GlimmerHMM_glimmerT_727-T1;GlimmerHMM},{Augustus_model.g609.t1;Augustus},{GeneMark_model.799_t;GeneMark}
210747	210745	initial-	4	6	{GlimmerHMM_glimmerT_727-T1;GlimmerHMM},{Augustus_model.g609.t1;Augustus},{GeneMark_model.799_t;GeneMark}

# EVM prediction: Mode:STANDARD S-ratio: 4.08 211121-217609 orient(-) score(23933.00) noncoding_equivalent(5864.87) raw_noncoding(7386.00) offset(1521.13)
211505	211121	terminal-	6	6	{GeneMark_model.800_t;GeneMark},{GlimmerHMM_glimmerT_728-T1;GlimmerHMM},{Augustus_model.g610.t1;Augustus}
211563	211506	INTRON			{GeneMark_model.800_t;GeneMark},{GlimmerHMM_glimmerT_728-T1;GlimmerHMM},{Augustus_model.g610.t1;Augustus}
212938	211564	internal-	5	5	{GeneMark_model.800_t;GeneMark},{GlimmerHMM_glimmerT_728-T1;GlimmerHMM},{Augustus_model.g610.t1;Augustus}
212998	212939	INTRON			{GeneMark_model.800_t;GeneMark},{Augustus_model.g610.t1;Augustus}
213107	212999	internal-	4	4	{GeneMark_model.800_t;GeneMark},{Augustus_model.g610.t1;Augustus}
213185	213108	INTRON			{GeneMark_model.800_t;GeneMark},{Augustus_model.g610.t1;Augustus}
213236	213186	internal-	4	6	{GeneMark_model.800_t;GeneMark},{Augustus_model.g610.t1;Augustus}
213297	213237	INTRON			{GeneMark_model.800_t;GeneMark},{Augustus_model.g610.t1;Augustus}
213774	213298	internal-	4	6	{GeneMark_model.800_t;GeneMark},{Augustus_model.g610.t1;Augustus}
213861	213775	INTRON			{GeneMark_model.800_t;GeneMark},{GlimmerHMM_glimmerT_728-T1;GlimmerHMM},{Augustus_model.g610.t1;Augustus}
214094	213862	internal-	5	6	{GeneMark_model.800_t;GeneMark},{GlimmerHMM_glimmerT_728-T1;GlimmerHMM}
214413	214095	INTRON			{GeneMark_model.800_t;GeneMark},{GlimmerHMM_glimmerT_728-T1;GlimmerHMM}
214840	214414	internal-	4	4	{GeneMark_model.800_t;GeneMark},{GlimmerHMM_glimmerT_728-T1;GlimmerHMM}
214904	214841	INTRON			{GeneMark_model.800_t;GeneMark},{GlimmerHMM_glimmerT_728-T1;GlimmerHMM},{Augustus_model.g610.t1;Augustus}
215598	214905	internal-	6	6	{GeneMark_model.800_t;GeneMark},{GlimmerHMM_glimmerT_728-T1;GlimmerHMM},{Augustus_model.g610.t1;Augustus}
215652	215599	INTRON			{GeneMark_model.800_t;GeneMark},{GlimmerHMM_glimmerT_728-T1;GlimmerHMM},{Augustus_model.g610.t1;Augustus},{ev_type:exonerate/ID=match.2566964.1089/Target=lcl|KQ954491_1_prot_KWU43363_1_4294;exonerate}
216149	215653	internal-	4	5	{GeneMark_model.800_t;GeneMark},{GlimmerHMM_glimmerT_728-T1;GlimmerHMM},{Augustus_model.g610.t1;Augustus},{ev_type:exonerate/ID=match.2566964.1089/Target=lcl|KQ954491_1_prot_KWU43363_1_4294;exonerate}
216214	216150	INTRON			{GeneMark_model.800_t;GeneMark},{GlimmerHMM_glimmerT_728-T1;GlimmerHMM},{Augustus_model.g610.t1;Augustus},{ev_type:exonerate/ID=match.2566964.1089/Target=lcl|KQ954491_1_prot_KWU43363_1_4294;exonerate}
216360	216215	internal-	5	6	{GeneMark_model.800_t;GeneMark},{GlimmerHMM_glimmerT_728-T1;GlimmerHMM},{Augustus_model.g610.t1;Augustus},{ev_type:exonerate/ID=match.2566964.1089/Target=lcl|KQ954491_1_prot_KWU43363_1_4294;exonerate}
216418	216361	INTRON			{GeneMark_model.800_t;GeneMark},{GlimmerHMM_glimmerT_728-T1;GlimmerHMM},{Augustus_model.g610.t1;Augustus},{ev_type:exonerate/ID=match.2566964.1089/Target=lcl|KQ954491_1_prot_KWU43363_1_4294;exonerate}
216632	216419	internal-	4	4	{GeneMark_model.800_t;GeneMark},{GlimmerHMM_glimmerT_728-T1;GlimmerHMM},{Augustus_model.g610.t1;Augustus},{ev_type:exonerate/ID=match.2566964.1089/Target=lcl|KQ954491_1_prot_KWU43363_1_4294;exonerate}
216694	216633	INTRON			{GeneMark_model.800_t;GeneMark},{GlimmerHMM_glimmerT_728-T1;GlimmerHMM},{Augustus_model.g610.t1;Augustus},{ev_type:exonerate/ID=match.2566964.1089/Target=lcl|KQ954491_1_prot_KWU43363_1_4294;exonerate}
217141	216695	internal-	4	6	{GeneMark_model.800_t;GeneMark},{GlimmerHMM_glimmerT_728-T1;GlimmerHMM},{Augustus_model.g610.t1;Augustus},{ev_type:exonerate/ID=match.2566964.1089/Target=lcl|KQ954491_1_prot_KWU43363_1_4294;exonerate}
217202	217142	INTRON			{GeneMark_model.800_t;GeneMark},{GlimmerHMM_glimmerT_728-T1;GlimmerHMM},{Augustus_model.g610.t1;Augustus},{ev_type:exonerate/ID=match.2566964.1089/Target=lcl|KQ954491_1_prot_KWU43363_1_4294;exonerate}
217364	217203	internal-	4	6	{GeneMark_model.800_t;GeneMark},{GlimmerHMM_glimmerT_728-T1;GlimmerHMM},{Augustus_model.g610.t1;Augustus},{ev_type:exonerate/ID=match.2566964.1089/Target=lcl|KQ954491_1_prot_KWU43363_1_4294;exonerate}
217450	217365	INTRON			{GeneMark_model.800_t;GeneMark},{GlimmerHMM_glimmerT_728-T1;GlimmerHMM},{Augustus_model.g610.t1;Augustus},{ev_type:exonerate/ID=match.2566964.1089/Target=lcl|KQ954491_1_prot_KWU43363_1_4294;exonerate}
217609	217451	initial-	4	6	{GeneMark_model.800_t;GeneMark},{GlimmerHMM_glimmerT_728-T1;GlimmerHMM},{Augustus_model.g610.t1;Augustus}

# EVM prediction: Mode:STANDARD S-ratio: 2.89 218149-220611 orient(+) score(7934.00) noncoding_equivalent(2746.58) raw_noncoding(3367.00) offset(620.42)
218149	218399	initial+	1	2	{GeneMark_model.801_t;GeneMark},{GlimmerHMM_glimmerT_729-T1;GlimmerHMM}
218400	218464	INTRON			{GeneMark_model.801_t;GeneMark},{GlimmerHMM_glimmerT_729-T1;GlimmerHMM},{Augustus_model.g611.t1;Augustus}
218465	218511	internal+	3	1	{GeneMark_model.801_t;GeneMark},{GlimmerHMM_glimmerT_729-T1;GlimmerHMM},{Augustus_model.g611.t1;Augustus}
218512	218575	INTRON			{GeneMark_model.801_t;GeneMark},{GlimmerHMM_glimmerT_729-T1;GlimmerHMM},{Augustus_model.g611.t1;Augustus}
218576	218934	internal+	2	3	{GeneMark_model.801_t;GeneMark},{GlimmerHMM_glimmerT_729-T1;GlimmerHMM},{Augustus_model.g611.t1;Augustus}
218935	218994	INTRON			{GeneMark_model.801_t;GeneMark},{GlimmerHMM_glimmerT_729-T1;GlimmerHMM},{Augustus_model.g611.t1;Augustus}
218995	219164	internal+	1	2	{GeneMark_model.801_t;GeneMark},{GlimmerHMM_glimmerT_729-T1;GlimmerHMM},{Augustus_model.g611.t1;Augustus}
219165	219222	INTRON			{GeneMark_model.801_t;GeneMark},{GlimmerHMM_glimmerT_729-T1;GlimmerHMM},{Augustus_model.g611.t1;Augustus}
219223	219422	internal+	3	1	{GeneMark_model.801_t;GeneMark},{GlimmerHMM_glimmerT_729-T1;GlimmerHMM},{Augustus_model.g611.t1;Augustus}
219423	219482	INTRON			{GeneMark_model.801_t;GeneMark},{GlimmerHMM_glimmerT_729-T1;GlimmerHMM},{Augustus_model.g611.t1;Augustus}
219483	219547	internal+	2	3	{GeneMark_model.801_t;GeneMark},{GlimmerHMM_glimmerT_729-T1;GlimmerHMM},{Augustus_model.g611.t1;Augustus}
219548	219606	INTRON			{GeneMark_model.801_t;GeneMark},{Augustus_model.g611.t1;Augustus}
219607	219762	internal+	1	3	{GeneMark_model.801_t;GeneMark},{Augustus_model.g611.t1;Augustus}
219763	219824	INTRON			{GeneMark_model.801_t;GeneMark},{GlimmerHMM_glimmerT_729-T1;GlimmerHMM},{Augustus_model.g611.t1;Augustus}
219825	219936	internal+	1	1	{GeneMark_model.801_t;GeneMark},{GlimmerHMM_glimmerT_729-T1;GlimmerHMM},{Augustus_model.g611.t1;Augustus}
219937	219998	INTRON			{GeneMark_model.801_t;GeneMark},{GlimmerHMM_glimmerT_729-T1;GlimmerHMM},{Augustus_model.g611.t1;Augustus}
219999	220143	internal+	2	2	{GeneMark_model.801_t;GeneMark},{GlimmerHMM_glimmerT_729-T1;GlimmerHMM},{Augustus_model.g611.t1;Augustus}
220144	220205	INTRON			{GeneMark_model.801_t;GeneMark},{GlimmerHMM_glimmerT_729-T1;GlimmerHMM}
220206	220611	terminal+	3	3	{GeneMark_model.801_t;GeneMark},{GlimmerHMM_glimmerT_729-T1;GlimmerHMM}

# EVM prediction: Mode:STANDARD S-ratio: 5.28 221222-221596 orient(+) score(1379.00) noncoding_equivalent(261.00) raw_noncoding(333.00) offset(72.00)
221222	221517	initial+	1	2	{Augustus_model.g612.t1;Augustus},{GlimmerHMM_glimmerT_730-T1;GlimmerHMM}
221518	221589	INTRON			{Augustus_model.g612.t1;Augustus},{GeneMark_model.802_t;GeneMark},{GlimmerHMM_glimmerT_730-T1;GlimmerHMM}
221590	221596	terminal+	3	3	{Augustus_model.g612.t1;Augustus},{GeneMark_model.802_t;GeneMark},{GlimmerHMM_glimmerT_730-T1;GlimmerHMM}

# EVM prediction: Mode:STANDARD S-ratio: 5.23 222807-227807 orient(-) score(17446.00) noncoding_equivalent(3335.20) raw_noncoding(3750.00) offset(414.80)
223775	222807	terminal-	4	6	{snap_scaffold_2-snap.104-T1;snap},{GlimmerHMM_glimmerT_731-T1;GlimmerHMM},{GeneMark_model.803_t;GeneMark},{Augustus_model.g613.t1;Augustus}
223838	223776	INTRON			{GlimmerHMM_glimmerT_731-T1;GlimmerHMM},{GeneMark_model.803_t;GeneMark},{Augustus_model.g613.t1;Augustus}
223865	223839	internal-	4	6	{GlimmerHMM_glimmerT_731-T1;GlimmerHMM},{GeneMark_model.803_t;GeneMark},{Augustus_model.g613.t1;Augustus}
223926	223866	INTRON			{GlimmerHMM_glimmerT_731-T1;GlimmerHMM},{GeneMark_model.803_t;GeneMark},{Augustus_model.g613.t1;Augustus}
224099	223927	internal-	5	6	{GlimmerHMM_glimmerT_731-T1;GlimmerHMM},{GeneMark_model.803_t;GeneMark},{Augustus_model.g613.t1;Augustus}
224166	224100	INTRON			{GlimmerHMM_glimmerT_731-T1;GlimmerHMM},{GeneMark_model.803_t;GeneMark},{Augustus_model.g613.t1;Augustus}
224601	224167	internal-	5	4	{GlimmerHMM_glimmerT_731-T1;GlimmerHMM},{GeneMark_model.803_t;GeneMark},{Augustus_model.g613.t1;Augustus}
224671	224602	INTRON			{GlimmerHMM_glimmerT_731-T1;GlimmerHMM},{GeneMark_model.803_t;GeneMark},{Augustus_model.g613.t1;Augustus}
226131	224672	internal-	6	4	{GlimmerHMM_glimmerT_731-T1;GlimmerHMM},{GeneMark_model.803_t;GeneMark},{Augustus_model.g613.t1;Augustus}
226199	226132	INTRON			{GlimmerHMM_glimmerT_731-T1;GlimmerHMM},{GeneMark_model.803_t;GeneMark},{Augustus_model.g613.t1;Augustus}
226779	226200	internal-	5	5	{GlimmerHMM_glimmerT_731-T1;GlimmerHMM},{GeneMark_model.803_t;GeneMark},{Augustus_model.g613.t1;Augustus}
226852	226780	INTRON			{GlimmerHMM_glimmerT_731-T1;GlimmerHMM},{GeneMark_model.803_t;GeneMark},{Augustus_model.g613.t1;Augustus}
227807	226853	initial-	4	4	{GlimmerHMM_glimmerT_731-T1;GlimmerHMM},{GeneMark_model.803_t;GeneMark},{Augustus_model.g613.t1;Augustus}

# EVM prediction: Mode:STANDARD S-ratio: 2.55 228519-230060 orient(-) score(6347.00) noncoding_equivalent(2492.30) raw_noncoding(3891.00) offset(1398.70)
228626	228519	terminal-	4	6	{GeneMark_model.804_t;GeneMark},{GlimmerHMM_glimmerT_732-T1;GlimmerHMM}
228815	228627	INTRON			{GeneMark_model.804_t;GeneMark},{ev_type:exonerate/ID=match.2566964.1271/Target=lcl|KQ954491_1_prot_KWU43370_1_4301;exonerate}
228832	228816	internal-	5	6	{GeneMark_model.804_t;GeneMark},{Augustus_model.g614.t1;Augustus},{ev_type:exonerate/ID=match.2566964.1271/Target=lcl|KQ954491_1_prot_KWU43370_1_4301;exonerate}
228994	228833	INTRON			{GeneMark_model.804_t;GeneMark},{Augustus_model.g614.t1;Augustus},{ev_type:exonerate/ID=match.2566964.1271/Target=lcl|KQ954491_1_prot_KWU43370_1_4301;exonerate}
229040	228995	internal-	4	4	{GeneMark_model.804_t;GeneMark},{Augustus_model.g614.t1;Augustus},{ev_type:exonerate/ID=match.2566964.1271/Target=lcl|KQ954491_1_prot_KWU43370_1_4301;exonerate},{ev_type:exonerate/ID=match.2566964.1267/Target=lcl|PJQD01000001_1_prot_POY76822_1_71;exonerate}
229102	229041	INTRON			{GeneMark_model.804_t;GeneMark},{Augustus_model.g614.t1;Augustus},{ev_type:exonerate/ID=match.2566964.1271/Target=lcl|KQ954491_1_prot_KWU43370_1_4301;exonerate},{ev_type:exonerate/ID=match.2566964.1267/Target=lcl|PJQD01000001_1_prot_POY76822_1_71;exonerate}
229126	229103	internal-	4	6	{GeneMark_model.804_t;GeneMark},{Augustus_model.g614.t1;Augustus},{ev_type:exonerate/ID=match.2566964.1271/Target=lcl|KQ954491_1_prot_KWU43370_1_4301;exonerate},{ev_type:exonerate/ID=match.2566964.1267/Target=lcl|PJQD01000001_1_prot_POY76822_1_71;exonerate}
229247	229127	INTRON			{GeneMark_model.804_t;GeneMark},{Augustus_model.g614.t1;Augustus},{ev_type:exonerate/ID=match.2566964.1271/Target=lcl|KQ954491_1_prot_KWU43370_1_4301;exonerate},{ev_type:exonerate/ID=match.2566964.1267/Target=lcl|PJQD01000001_1_prot_POY76822_1_71;exonerate}
229439	229248	internal-	4	6	{GeneMark_model.804_t;GeneMark},{GlimmerHMM_glimmerT_732-T1;GlimmerHMM},{Augustus_model.g614.t1;Augustus},{ev_type:exonerate/ID=match.2566964.1271/Target=lcl|KQ954491_1_prot_KWU43370_1_4301;exonerate},{ev_type:exonerate/ID=match.2566964.1267/Target=lcl|PJQD01000001_1_prot_POY76822_1_71;exonerate}
229514	229440	INTRON			{GeneMark_model.804_t;GeneMark},{GlimmerHMM_glimmerT_732-T1;GlimmerHMM},{Augustus_model.g614.t1;Augustus},{ev_type:exonerate/ID=match.2566964.1271/Target=lcl|KQ954491_1_prot_KWU43370_1_4301;exonerate},{ev_type:exonerate/ID=match.2566964.1267/Target=lcl|PJQD01000001_1_prot_POY76822_1_71;exonerate}
229622	229515	internal-	4	6	{GeneMark_model.804_t;GeneMark},{GlimmerHMM_glimmerT_732-T1;GlimmerHMM},{Augustus_model.g614.t1;Augustus},{ev_type:exonerate/ID=match.2566964.1271/Target=lcl|KQ954491_1_prot_KWU43370_1_4301;exonerate},{ev_type:exonerate/ID=match.2566964.1267/Target=lcl|PJQD01000001_1_prot_POY76822_1_71;exonerate}
229686	229623	INTRON			{GeneMark_model.804_t;GeneMark},{GlimmerHMM_glimmerT_732-T1;GlimmerHMM},{Augustus_model.g614.t1;Augustus},{ev_type:exonerate/ID=match.2566964.1271/Target=lcl|KQ954491_1_prot_KWU43370_1_4301;exonerate},{ev_type:exonerate/ID=match.2566964.1267/Target=lcl|PJQD01000001_1_prot_POY76822_1_71;exonerate}
229765	229687	internal-	6	6	{GeneMark_model.804_t;GeneMark},{GlimmerHMM_glimmerT_732-T1;GlimmerHMM},{Augustus_model.g614.t1;Augustus},{ev_type:exonerate/ID=match.2566964.1271/Target=lcl|KQ954491_1_prot_KWU43370_1_4301;exonerate},{ev_type:exonerate/ID=match.2566964.1267/Target=lcl|PJQD01000001_1_prot_POY76822_1_71;exonerate}
229826	229766	INTRON			{GeneMark_model.804_t;GeneMark},{GlimmerHMM_glimmerT_732-T1;GlimmerHMM},{Augustus_model.g614.t1;Augustus},{ev_type:exonerate/ID=match.2566964.1271/Target=lcl|KQ954491_1_prot_KWU43370_1_4301;exonerate},{ev_type:exonerate/ID=match.2566964.1267/Target=lcl|PJQD01000001_1_prot_POY76822_1_71;exonerate}
229988	229827	internal-	6	5	{GeneMark_model.804_t;GeneMark},{GlimmerHMM_glimmerT_732-T1;GlimmerHMM},{Augustus_model.g614.t1;Augustus}
230055	229989	INTRON			{GeneMark_model.804_t;GeneMark},{GlimmerHMM_glimmerT_732-T1;GlimmerHMM},{Augustus_model.g614.t1;Augustus}
230060	230056	initial-	4	5	{GeneMark_model.804_t;GeneMark},{GlimmerHMM_glimmerT_732-T1;GlimmerHMM},{Augustus_model.g614.t1;Augustus}

# EVM prediction: Mode:STANDARD S-ratio: 10000.00 230322-231767 orient(+) score(5778.00) noncoding_equivalent(0.58) raw_noncoding(0.00) offset(0.00)
230322	231767	single+	1	3	{Augustus_model.g615.t1;Augustus},{GeneMark_model.805_t;GeneMark}

# EVM prediction: Mode:STANDARD S-ratio: 1.98 232686-234005 orient(+) score(3960.00) noncoding_equivalent(2000.00) raw_noncoding(2364.00) offset(364.00)
232686	232800	initial+	1	1	{GlimmerHMM_glimmerT_734-T1;GlimmerHMM},{Augustus_model.g616.t1;Augustus},{GeneMark_model.806_t;GeneMark}
232801	232909	INTRON			{GlimmerHMM_glimmerT_734-T1;GlimmerHMM},{Augustus_model.g616.t1;Augustus},{GeneMark_model.806_t;GeneMark}
232910	233120	internal+	2	2	{GlimmerHMM_glimmerT_734-T1;GlimmerHMM},{Augustus_model.g616.t1;Augustus},{GeneMark_model.806_t;GeneMark}
233121	233212	INTRON			{GlimmerHMM_glimmerT_734-T1;GlimmerHMM},{Augustus_model.g616.t1;Augustus},{GeneMark_model.806_t;GeneMark}
233213	233352	internal+	3	1	{GlimmerHMM_glimmerT_734-T1;GlimmerHMM},{Augustus_model.g616.t1;Augustus},{GeneMark_model.806_t;GeneMark}
233353	233426	INTRON			{GlimmerHMM_glimmerT_734-T1;GlimmerHMM},{Augustus_model.g616.t1;Augustus},{GeneMark_model.806_t;GeneMark}
233427	233764	internal+	2	3	{GlimmerHMM_glimmerT_734-T1;GlimmerHMM},{Augustus_model.g616.t1;Augustus},{GeneMark_model.806_t;GeneMark}
233765	233837	INTRON			{GlimmerHMM_glimmerT_734-T1;GlimmerHMM},{Augustus_model.g616.t1;Augustus},{GeneMark_model.806_t;GeneMark}
233838	234005	terminal+	1	3	{GlimmerHMM_glimmerT_734-T1;GlimmerHMM},{Augustus_model.g616.t1;Augustus},{GeneMark_model.806_t;GeneMark}

# EVM prediction: Mode:STANDARD S-ratio: 2.79 234644-237196 orient(-) score(10184.00) noncoding_equivalent(3651.80) raw_noncoding(4734.00) offset(1082.20)
234820	234644	terminal-	4	6	{GeneMark_model.807_t;GeneMark},{snap_scaffold_2-snap.107-T1;snap},{Augustus_model.g617.t1;Augustus}
234896	234821	INTRON			{GeneMark_model.807_t;GeneMark},{Augustus_model.g617.t1;Augustus},{ev_type:exonerate/ID=match.2566964.1236/Target=lcl|PJQD01000001_1_prot_POY76820_1_69;exonerate}
234985	234897	internal-	5	6	{GlimmerHMM_glimmerT_735-T1;GlimmerHMM},{GeneMark_model.807_t;GeneMark},{Augustus_model.g617.t1;Augustus},{ev_type:exonerate/ID=match.2566964.1236/Target=lcl|PJQD01000001_1_prot_POY76820_1_69;exonerate}
235049	234986	INTRON			{GlimmerHMM_glimmerT_735-T1;GlimmerHMM},{GeneMark_model.807_t;GeneMark},{Augustus_model.g617.t1;Augustus},{ev_type:exonerate/ID=match.2566964.1236/Target=lcl|PJQD01000001_1_prot_POY76820_1_69;exonerate}
235203	235050	internal-	4	4	{GlimmerHMM_glimmerT_735-T1;GlimmerHMM},{GeneMark_model.807_t;GeneMark},{Augustus_model.g617.t1;Augustus},{ev_type:exonerate/ID=match.2566964.1236/Target=lcl|PJQD01000001_1_prot_POY76820_1_69;exonerate}
235270	235204	INTRON			{GlimmerHMM_glimmerT_735-T1;GlimmerHMM},{GeneMark_model.807_t;GeneMark},{Augustus_model.g617.t1;Augustus},{ev_type:exonerate/ID=match.2566964.1236/Target=lcl|PJQD01000001_1_prot_POY76820_1_69;exonerate}
235633	235271	internal-	4	6	{GlimmerHMM_glimmerT_735-T1;GlimmerHMM},{GeneMark_model.807_t;GeneMark},{Augustus_model.g617.t1;Augustus}
235695	235634	INTRON			{GlimmerHMM_glimmerT_735-T1;GlimmerHMM},{GeneMark_model.807_t;GeneMark},{Augustus_model.g617.t1;Augustus}
235731	235696	internal-	4	6	{GlimmerHMM_glimmerT_735-T1;GlimmerHMM},{GeneMark_model.807_t;GeneMark},{Augustus_model.g617.t1;Augustus}
235802	235732	INTRON			{GlimmerHMM_glimmerT_735-T1;GlimmerHMM},{GeneMark_model.807_t;GeneMark},{Augustus_model.g617.t1;Augustus},{ev_type:exonerate/ID=match.2566964.1236/Target=lcl|PJQD01000001_1_prot_POY76820_1_69;exonerate}
235900	235803	internal-	5	6	{GlimmerHMM_glimmerT_735-T1;GlimmerHMM},{GeneMark_model.807_t;GeneMark},{Augustus_model.g617.t1;Augustus},{ev_type:exonerate/ID=match.2566964.1236/Target=lcl|PJQD01000001_1_prot_POY76820_1_69;exonerate}
235971	235901	INTRON			{GeneMark_model.807_t;GeneMark},{Augustus_model.g617.t1;Augustus}
235986	235972	internal-	5	4	{GeneMark_model.807_t;GeneMark},{Augustus_model.g617.t1;Augustus}
236061	235987	INTRON			{GeneMark_model.807_t;GeneMark},{Augustus_model.g617.t1;Augustus}
236092	236062	internal-	4	4	{GlimmerHMM_glimmerT_735-T1;GlimmerHMM},{GeneMark_model.807_t;GeneMark},{Augustus_model.g617.t1;Augustus}
236156	236093	INTRON			{GlimmerHMM_glimmerT_735-T1;GlimmerHMM},{GeneMark_model.807_t;GeneMark},{Augustus_model.g617.t1;Augustus},{ev_type:exonerate/ID=match.2566964.1236/Target=lcl|PJQD01000001_1_prot_POY76820_1_69;exonerate}
236453	236157	internal-	4	6	{GlimmerHMM_glimmerT_735-T1;GlimmerHMM},{GeneMark_model.807_t;GeneMark},{Augustus_model.g617.t1;Augustus},{ev_type:exonerate/ID=match.2566964.1236/Target=lcl|PJQD01000001_1_prot_POY76820_1_69;exonerate}
236517	236454	INTRON			{GlimmerHMM_glimmerT_735-T1;GlimmerHMM},{GeneMark_model.807_t;GeneMark},{Augustus_model.g617.t1;Augustus},{ev_type:exonerate/ID=match.2566964.1236/Target=lcl|PJQD01000001_1_prot_POY76820_1_69;exonerate}
236658	236518	internal-	4	6	{GlimmerHMM_glimmerT_735-T1;GlimmerHMM},{GeneMark_model.807_t;GeneMark},{Augustus_model.g617.t1;Augustus},{ev_type:exonerate/ID=match.2566964.1236/Target=lcl|PJQD01000001_1_prot_POY76820_1_69;exonerate}
236736	236659	INTRON			{GlimmerHMM_glimmerT_735-T1;GlimmerHMM},{GeneMark_model.807_t;GeneMark},{Augustus_model.g617.t1;Augustus},{ev_type:exonerate/ID=match.2566964.1236/Target=lcl|PJQD01000001_1_prot_POY76820_1_69;exonerate}
236822	236737	internal-	5	6	{GlimmerHMM_glimmerT_735-T1;GlimmerHMM},{GeneMark_model.807_t;GeneMark},{Augustus_model.g617.t1;Augustus},{ev_type:exonerate/ID=match.2566964.1236/Target=lcl|PJQD01000001_1_prot_POY76820_1_69;exonerate}
236940	236823	INTRON			{GlimmerHMM_glimmerT_735-T1;GlimmerHMM},{GeneMark_model.807_t;GeneMark},{Augustus_model.g617.t1;Augustus},{ev_type:exonerate/ID=match.2566964.1236/Target=lcl|PJQD01000001_1_prot_POY76820_1_69;exonerate}
236975	236941	internal-	6	4	{GlimmerHMM_glimmerT_735-T1;GlimmerHMM},{GeneMark_model.807_t;GeneMark},{Augustus_model.g617.t1;Augustus},{ev_type:exonerate/ID=match.2566964.1236/Target=lcl|PJQD01000001_1_prot_POY76820_1_69;exonerate}
237080	236976	INTRON			{GlimmerHMM_glimmerT_735-T1;GlimmerHMM},{GeneMark_model.807_t;GeneMark},{Augustus_model.g617.t1;Augustus},{ev_type:exonerate/ID=match.2566964.1236/Target=lcl|PJQD01000001_1_prot_POY76820_1_69;exonerate}
237196	237081	initial-	4	5	{GlimmerHMM_glimmerT_735-T1;GlimmerHMM},{GeneMark_model.807_t;GeneMark},{Augustus_model.g617.t1;Augustus}

# EVM prediction: Mode:STANDARD S-ratio: 1.57 238580-239673 orient(+) score(2754.00) noncoding_equivalent(1750.42) raw_noncoding(2237.00) offset(486.58)
238580	238726	initial+	1	3	{GlimmerHMM_glimmerT_736-T1;GlimmerHMM},{GeneMark_model.808_t;GeneMark},{Augustus_model.g618.t1;Augustus}
238727	238785	INTRON			{GlimmerHMM_glimmerT_736-T1;GlimmerHMM},{GeneMark_model.808_t;GeneMark},{Augustus_model.g618.t1;Augustus}
238786	238863	internal+	1	3	{GlimmerHMM_glimmerT_736-T1;GlimmerHMM},{GeneMark_model.808_t;GeneMark},{Augustus_model.g618.t1;Augustus}
238864	238922	INTRON			{GlimmerHMM_glimmerT_736-T1;GlimmerHMM},{GeneMark_model.808_t;GeneMark},{Augustus_model.g618.t1;Augustus}
238923	239022	internal+	1	1	{GeneMark_model.808_t;GeneMark},{Augustus_model.g618.t1;Augustus}
239023	239091	INTRON			{GeneMark_model.808_t;GeneMark},{Augustus_model.g618.t1;Augustus}
239092	239229	internal+	2	1	{GeneMark_model.808_t;GeneMark},{Augustus_model.g618.t1;Augustus}
239230	239340	INTRON			{GeneMark_model.808_t;GeneMark}
239341	239386	internal+	2	2	{GeneMark_model.808_t;GeneMark}
239387	239450	INTRON			{GlimmerHMM_glimmerT_736-T1;GlimmerHMM},{GeneMark_model.808_t;GeneMark},{Augustus_model.g618.t1;Augustus}
239451	239673	terminal+	3	3	{GlimmerHMM_glimmerT_736-T1;GlimmerHMM},{GeneMark_model.808_t;GeneMark}

# EVM prediction: Mode:STANDARD S-ratio: 2.79 239842-241879 orient(-) score(10312.00) noncoding_equivalent(3692.19) raw_noncoding(4575.00) offset(882.81)
239985	239842	terminal-	4	6	{GeneMark_model.809_t;GeneMark},{HiQ_model.g619.t1;HiQ},{GlimmerHMM_glimmerT_737-T1;GlimmerHMM}
240063	239986	INTRON			{GeneMark_model.809_t;GeneMark},{HiQ_model.g619.t1;HiQ},{GlimmerHMM_glimmerT_737-T1;GlimmerHMM},{ev_type:exonerate/ID=match.2566964.1116/Target=lcl|PJQD01000001_1_prot_POY76817_1_66;exonerate}
240586	240064	internal-	6	6	{GeneMark_model.809_t;GeneMark},{HiQ_model.g619.t1;HiQ},{GlimmerHMM_glimmerT_737-T1;GlimmerHMM},{ev_type:exonerate/ID=match.2566964.1116/Target=lcl|PJQD01000001_1_prot_POY76817_1_66;exonerate}
240655	240587	INTRON			{GeneMark_model.809_t;GeneMark},{HiQ_model.g619.t1;HiQ},{GlimmerHMM_glimmerT_737-T1;GlimmerHMM},{ev_type:exonerate/ID=match.2566964.1116/Target=lcl|PJQD01000001_1_prot_POY76817_1_66;exonerate}
240775	240656	internal-	6	5	{GeneMark_model.809_t;GeneMark},{HiQ_model.g619.t1;HiQ},{ev_type:exonerate/ID=match.2566964.1116/Target=lcl|PJQD01000001_1_prot_POY76817_1_66;exonerate}
240837	240776	INTRON			{GeneMark_model.809_t;GeneMark},{HiQ_model.g619.t1;HiQ},{ev_type:exonerate/ID=match.2566964.1116/Target=lcl|PJQD01000001_1_prot_POY76817_1_66;exonerate}
240992	240838	internal-	4	5	{GeneMark_model.809_t;GeneMark},{HiQ_model.g619.t1;HiQ},{ev_type:exonerate/ID=match.2566964.1116/Target=lcl|PJQD01000001_1_prot_POY76817_1_66;exonerate}
241052	240993	INTRON			{GeneMark_model.809_t;GeneMark},{HiQ_model.g619.t1;HiQ},{ev_type:exonerate/ID=match.2566964.1116/Target=lcl|PJQD01000001_1_prot_POY76817_1_66;exonerate}
241256	241053	internal-	4	6	{GeneMark_model.809_t;GeneMark},{HiQ_model.g619.t1;HiQ},{GlimmerHMM_glimmerT_737-T1;GlimmerHMM},{ev_type:exonerate/ID=match.2566964.1116/Target=lcl|PJQD01000001_1_prot_POY76817_1_66;exonerate}
241381	241257	INTRON			{GeneMark_model.809_t;GeneMark},{HiQ_model.g619.t1;HiQ},{GlimmerHMM_glimmerT_737-T1;GlimmerHMM},{ev_type:exonerate/ID=match.2566964.1116/Target=lcl|PJQD01000001_1_prot_POY76817_1_66;exonerate}
241879	241382	initial-	4	6	{GeneMark_model.809_t;GeneMark},{HiQ_model.g619.t1;HiQ},{GlimmerHMM_glimmerT_737-T1;GlimmerHMM}

# EVM prediction: Mode:STANDARD S-ratio: 3.83 242174-244322 orient(-) score(13269.00) noncoding_equivalent(3467.49) raw_noncoding(4672.00) offset(1204.51)
242258	242174	terminal-	6	6	{GlimmerHMM_glimmerT_738-T1;GlimmerHMM},{GeneMark_model.810_t;GeneMark},{HiQ_model.g620.t1;HiQ}
242324	242259	INTRON			{GlimmerHMM_glimmerT_738-T1;GlimmerHMM},{GeneMark_model.810_t;GeneMark},{HiQ_model.g620.t1;HiQ},{ev_type:exonerate/ID=match.2566964.1119/Target=lcl|KQ954515_1_prot_KWU42140_1_5514;exonerate},{ev_type:exonerate/ID=match.2566964.1126/Target=lcl|PJQD01000001_1_prot_POY76816_1_65;exonerate}
242388	242325	internal-	5	5	{GlimmerHMM_glimmerT_738-T1;GlimmerHMM},{GeneMark_model.810_t;GeneMark},{HiQ_model.g620.t1;HiQ},{ev_type:exonerate/ID=match.2566964.1119/Target=lcl|KQ954515_1_prot_KWU42140_1_5514;exonerate},{ev_type:exonerate/ID=match.2566964.1126/Target=lcl|PJQD01000001_1_prot_POY76816_1_65;exonerate}
242460	242389	INTRON			{GlimmerHMM_glimmerT_738-T1;GlimmerHMM},{GeneMark_model.810_t;GeneMark},{HiQ_model.g620.t1;HiQ},{ev_type:exonerate/ID=match.2566964.1119/Target=lcl|KQ954515_1_prot_KWU42140_1_5514;exonerate},{ev_type:exonerate/ID=match.2566964.1126/Target=lcl|PJQD01000001_1_prot_POY76816_1_65;exonerate}
242546	242461	internal-	6	4	{GlimmerHMM_glimmerT_738-T1;GlimmerHMM},{GeneMark_model.810_t;GeneMark},{HiQ_model.g620.t1;HiQ},{ev_type:exonerate/ID=match.2566964.1119/Target=lcl|KQ954515_1_prot_KWU42140_1_5514;exonerate},{ev_type:exonerate/ID=match.2566964.1126/Target=lcl|PJQD01000001_1_prot_POY76816_1_65;exonerate}
242609	242547	INTRON			{GlimmerHMM_glimmerT_738-T1;GlimmerHMM},{GeneMark_model.810_t;GeneMark},{HiQ_model.g620.t1;HiQ},{ev_type:exonerate/ID=match.2566964.1119/Target=lcl|KQ954515_1_prot_KWU42140_1_5514;exonerate},{ev_type:exonerate/ID=match.2566964.1126/Target=lcl|PJQD01000001_1_prot_POY76816_1_65;exonerate}
242700	242610	internal-	5	5	{GlimmerHMM_glimmerT_738-T1;GlimmerHMM},{GeneMark_model.810_t;GeneMark},{HiQ_model.g620.t1;HiQ},{ev_type:exonerate/ID=match.2566964.1119/Target=lcl|KQ954515_1_prot_KWU42140_1_5514;exonerate},{ev_type:exonerate/ID=match.2566964.1126/Target=lcl|PJQD01000001_1_prot_POY76816_1_65;exonerate}
242765	242701	INTRON			{GlimmerHMM_glimmerT_738-T1;GlimmerHMM},{GeneMark_model.810_t;GeneMark},{HiQ_model.g620.t1;HiQ},{ev_type:exonerate/ID=match.2566964.1119/Target=lcl|KQ954515_1_prot_KWU42140_1_5514;exonerate},{ev_type:exonerate/ID=match.2566964.1126/Target=lcl|PJQD01000001_1_prot_POY76816_1_65;exonerate}
243516	242766	internal-	4	4	{GlimmerHMM_glimmerT_738-T1;GlimmerHMM},{GeneMark_model.810_t;GeneMark},{HiQ_model.g620.t1;HiQ},{ev_type:exonerate/ID=match.2566964.1119/Target=lcl|KQ954515_1_prot_KWU42140_1_5514;exonerate},{ev_type:exonerate/ID=match.2566964.1126/Target=lcl|PJQD01000001_1_prot_POY76816_1_65;exonerate}
243613	243517	INTRON			{GlimmerHMM_glimmerT_738-T1;GlimmerHMM},{GeneMark_model.810_t;GeneMark},{HiQ_model.g620.t1;HiQ},{ev_type:exonerate/ID=match.2566964.1119/Target=lcl|KQ954515_1_prot_KWU42140_1_5514;exonerate},{ev_type:exonerate/ID=match.2566964.1126/Target=lcl|PJQD01000001_1_prot_POY76816_1_65;exonerate}
243669	243614	internal-	5	6	{GlimmerHMM_glimmerT_738-T1;GlimmerHMM},{GeneMark_model.810_t;GeneMark},{HiQ_model.g620.t1;HiQ},{ev_type:exonerate/ID=match.2566964.1119/Target=lcl|KQ954515_1_prot_KWU42140_1_5514;exonerate},{ev_type:exonerate/ID=match.2566964.1126/Target=lcl|PJQD01000001_1_prot_POY76816_1_65;exonerate}
243736	243670	INTRON			{GeneMark_model.810_t;GeneMark},{HiQ_model.g620.t1;HiQ},{ev_type:exonerate/ID=match.2566964.1119/Target=lcl|KQ954515_1_prot_KWU42140_1_5514;exonerate},{ev_type:exonerate/ID=match.2566964.1126/Target=lcl|PJQD01000001_1_prot_POY76816_1_65;exonerate}
243826	243737	internal-	5	4	{GeneMark_model.810_t;GeneMark},{HiQ_model.g620.t1;HiQ},{ev_type:exonerate/ID=match.2566964.1119/Target=lcl|KQ954515_1_prot_KWU42140_1_5514;exonerate}
243925	243827	INTRON			{GeneMark_model.810_t;GeneMark},{HiQ_model.g620.t1;HiQ},{ev_type:exonerate/ID=match.2566964.1119/Target=lcl|KQ954515_1_prot_KWU42140_1_5514;exonerate}
244322	243926	initial-	4	4	{GlimmerHMM_glimmerT_738-T1;GlimmerHMM},{GeneMark_model.810_t;GeneMark},{HiQ_model.g620.t1;HiQ}

# EVM prediction: Mode:STANDARD S-ratio: 2.11 244700-246081 orient(-) score(3860.00) noncoding_equivalent(1830.89) raw_noncoding(2381.00) offset(550.11)
245133	244700	terminal-	5	6	{Augustus_model.g621.t1;Augustus},{GlimmerHMM_glimmerT_739-T1;GlimmerHMM},{GeneMark_model.811_t;GeneMark}
245218	245134	INTRON			{Augustus_model.g621.t1;Augustus},{GlimmerHMM_glimmerT_739-T1;GlimmerHMM},{GeneMark_model.811_t;GeneMark}
245485	245219	internal-	5	4	{Augustus_model.g621.t1;Augustus},{GlimmerHMM_glimmerT_739-T1;GlimmerHMM},{GeneMark_model.811_t;GeneMark}
245576	245486	INTRON			{Augustus_model.g621.t1;Augustus},{GeneMark_model.811_t;GeneMark}
245608	245577	internal-	6	4	{Augustus_model.g621.t1;Augustus},{GeneMark_model.811_t;GeneMark}
245675	245609	INTRON			{Augustus_model.g621.t1;Augustus},{GeneMark_model.811_t;GeneMark}
245702	245676	internal-	6	5	{Augustus_model.g621.t1;Augustus},{GeneMark_model.811_t;GeneMark}
245773	245703	INTRON			{Augustus_model.g621.t1;Augustus},{GeneMark_model.811_t;GeneMark}
246081	245774	initial-	4	5	{Augustus_model.g621.t1;Augustus},{GlimmerHMM_glimmerT_739-T1;GlimmerHMM},{GeneMark_model.811_t;GeneMark}

# EVM prediction: Mode:STANDARD S-ratio: 10000.00 246596-247801 orient(+) score(6027.00) noncoding_equivalent(0.60) raw_noncoding(0.00) offset(0.00)
246596	247801	single+	1	3	{Augustus_model.g622.t1;Augustus},{GlimmerHMM_glimmerT_740-T1;GlimmerHMM},{GeneMark_model.812_t;GeneMark}

# EVM prediction: Mode:STANDARD S-ratio: 2.36 248153-252269 orient(+) score(14684.00) noncoding_equivalent(6214.38) raw_noncoding(9154.00) offset(2939.62)
248153	248438	initial+	1	1	{GeneMark_model.813_t;GeneMark},{GlimmerHMM_glimmerT_741-T1;GlimmerHMM}
248439	248658	INTRON			{GeneMark_model.813_t;GeneMark},{GlimmerHMM_glimmerT_741-T1;GlimmerHMM},{ev_type:exonerate/ID=match.2566964.958/Target=lcl|KQ954515_1_prot_KWU42143_1_5517;exonerate},{ev_type:exonerate/ID=match.2566964.942/Target=lcl|NW_017264931_1_prot_XP_018272280_1_2111;exonerate}
248659	248727	internal+	2	1	{GeneMark_model.813_t;GeneMark},{Augustus_model.g623.t1;Augustus},{GlimmerHMM_glimmerT_741-T1;GlimmerHMM},{ev_type:exonerate/ID=match.2566964.958/Target=lcl|KQ954515_1_prot_KWU42143_1_5517;exonerate},{ev_type:exonerate/ID=match.2566964.942/Target=lcl|NW_017264931_1_prot_XP_018272280_1_2111;exonerate}
248728	248825	INTRON			{GeneMark_model.813_t;GeneMark},{Augustus_model.g623.t1;Augustus},{GlimmerHMM_glimmerT_741-T1;GlimmerHMM},{ev_type:exonerate/ID=match.2566964.958/Target=lcl|KQ954515_1_prot_KWU42143_1_5517;exonerate},{ev_type:exonerate/ID=match.2566964.942/Target=lcl|NW_017264931_1_prot_XP_018272280_1_2111;exonerate}
248826	248869	internal+	2	3	{GeneMark_model.813_t;GeneMark},{Augustus_model.g623.t1;Augustus},{GlimmerHMM_glimmerT_741-T1;GlimmerHMM},{ev_type:exonerate/ID=match.2566964.958/Target=lcl|KQ954515_1_prot_KWU42143_1_5517;exonerate},{ev_type:exonerate/ID=match.2566964.942/Target=lcl|NW_017264931_1_prot_XP_018272280_1_2111;exonerate}
248870	248933	INTRON			{GeneMark_model.813_t;GeneMark},{Augustus_model.g623.t1;Augustus},{GlimmerHMM_glimmerT_741-T1;GlimmerHMM},{ev_type:exonerate/ID=match.2566964.958/Target=lcl|KQ954515_1_prot_KWU42143_1_5517;exonerate},{ev_type:exonerate/ID=match.2566964.942/Target=lcl|NW_017264931_1_prot_XP_018272280_1_2111;exonerate}
248934	249168	internal+	1	1	{GeneMark_model.813_t;GeneMark},{Augustus_model.g623.t1;Augustus},{ev_type:exonerate/ID=match.2566964.958/Target=lcl|KQ954515_1_prot_KWU42143_1_5517;exonerate},{ev_type:exonerate/ID=match.2566964.942/Target=lcl|NW_017264931_1_prot_XP_018272280_1_2111;exonerate}
249169	249259	INTRON			{GeneMark_model.813_t;GeneMark},{Augustus_model.g623.t1;Augustus},{ev_type:exonerate/ID=match.2566964.958/Target=lcl|KQ954515_1_prot_KWU42143_1_5517;exonerate},{ev_type:exonerate/ID=match.2566964.942/Target=lcl|NW_017264931_1_prot_XP_018272280_1_2111;exonerate}
249260	249292	internal+	2	1	{GeneMark_model.813_t;GeneMark},{Augustus_model.g623.t1;Augustus},{ev_type:exonerate/ID=match.2566964.958/Target=lcl|KQ954515_1_prot_KWU42143_1_5517;exonerate},{ev_type:exonerate/ID=match.2566964.942/Target=lcl|NW_017264931_1_prot_XP_018272280_1_2111;exonerate}
249293	249362	INTRON			{GeneMark_model.813_t;GeneMark},{Augustus_model.g623.t1;Augustus},{ev_type:exonerate/ID=match.2566964.958/Target=lcl|KQ954515_1_prot_KWU42143_1_5517;exonerate},{ev_type:exonerate/ID=match.2566964.942/Target=lcl|NW_017264931_1_prot_XP_018272280_1_2111;exonerate}
249363	249424	internal+	2	3	{GeneMark_model.813_t;GeneMark},{Augustus_model.g623.t1;Augustus},{ev_type:exonerate/ID=match.2566964.958/Target=lcl|KQ954515_1_prot_KWU42143_1_5517;exonerate},{ev_type:exonerate/ID=match.2566964.942/Target=lcl|NW_017264931_1_prot_XP_018272280_1_2111;exonerate}
249425	249493	INTRON			{GeneMark_model.813_t;GeneMark},{Augustus_model.g623.t1;Augustus},{ev_type:exonerate/ID=match.2566964.958/Target=lcl|KQ954515_1_prot_KWU42143_1_5517;exonerate},{ev_type:exonerate/ID=match.2566964.942/Target=lcl|NW_017264931_1_prot_XP_018272280_1_2111;exonerate}
249494	249637	internal+	1	3	{GeneMark_model.813_t;GeneMark},{Augustus_model.g623.t1;Augustus},{GlimmerHMM_glimmerT_741-T1;GlimmerHMM},{ev_type:exonerate/ID=match.2566964.958/Target=lcl|KQ954515_1_prot_KWU42143_1_5517;exonerate},{ev_type:exonerate/ID=match.2566964.942/Target=lcl|NW_017264931_1_prot_XP_018272280_1_2111;exonerate}
249638	249763	INTRON			{snap_scaffold_2-snap.113-T1;snap},{GeneMark_model.813_t;GeneMark},{Augustus_model.g623.t1;Augustus},{GlimmerHMM_glimmerT_741-T1;GlimmerHMM},{ev_type:exonerate/ID=match.2566964.958/Target=lcl|KQ954515_1_prot_KWU42143_1_5517;exonerate},{ev_type:exonerate/ID=match.2566964.942/Target=lcl|NW_017264931_1_prot_XP_018272280_1_2111;exonerate}
249764	249951	internal+	1	2	{GeneMark_model.813_t;GeneMark},{Augustus_model.g623.t1;Augustus},{GlimmerHMM_glimmerT_741-T1;GlimmerHMM},{ev_type:exonerate/ID=match.2566964.958/Target=lcl|KQ954515_1_prot_KWU42143_1_5517;exonerate}
249952	250011	INTRON			{GeneMark_model.813_t;GeneMark},{Augustus_model.g623.t1;Augustus},{GlimmerHMM_glimmerT_741-T1;GlimmerHMM},{ev_type:exonerate/ID=match.2566964.958/Target=lcl|KQ954515_1_prot_KWU42143_1_5517;exonerate}
250012	250095	internal+	3	2	{GeneMark_model.813_t;GeneMark},{Augustus_model.g623.t1;Augustus}
250096	250159	INTRON			{GeneMark_model.813_t;GeneMark},{Augustus_model.g623.t1;Augustus}
250160	250793	internal+	3	3	{GeneMark_model.813_t;GeneMark},{Augustus_model.g623.t1;Augustus}
250794	250878	INTRON			{GeneMark_model.813_t;GeneMark},{Augustus_model.g623.t1;Augustus},{GlimmerHMM_glimmerT_741-T1;GlimmerHMM}
250879	251010	internal+	1	3	{GeneMark_model.813_t;GeneMark},{Augustus_model.g623.t1;Augustus},{GlimmerHMM_glimmerT_741-T1;GlimmerHMM}
251011	251848	INTRON			{Augustus_model.g623.t1;Augustus},{GlimmerHMM_glimmerT_741-T1;GlimmerHMM}
251849	251941	internal+	1	3	{GeneMark_model.814_t;GeneMark},{Augustus_model.g623.t1;Augustus}
251942	252050	INTRON			{GeneMark_model.814_t;GeneMark},{Augustus_model.g623.t1;Augustus}
252051	252177	internal+	1	1	{GeneMark_model.814_t;GeneMark},{Augustus_model.g623.t1;Augustus},{GlimmerHMM_glimmerT_741-T1;GlimmerHMM}
252178	252246	INTRON			{GeneMark_model.814_t;GeneMark},{Augustus_model.g623.t1;Augustus},{GlimmerHMM_glimmerT_741-T1;GlimmerHMM}
252247	252269	terminal+	2	3	{GeneMark_model.814_t;GeneMark},{Augustus_model.g623.t1;Augustus},{GlimmerHMM_glimmerT_741-T1;GlimmerHMM}

# EVM prediction: Mode:STANDARD S-ratio: 3.10 252753-254043 orient(+) score(6740.00) noncoding_equivalent(2172.33) raw_noncoding(2635.65) offset(463.32)
252753	252841	initial+	1	2	{GlimmerHMM_glimmerT_742-T1;GlimmerHMM},{GeneMark_model.815_t;GeneMark},{Augustus_model.g624.t1;Augustus}
252842	252930	INTRON			{GlimmerHMM_glimmerT_742-T1;GlimmerHMM},{GeneMark_model.815_t;GeneMark},{Augustus_model.g624.t1;Augustus},{ev_type:exonerate/ID=match.2566964.1289/Target=lcl|PJQD01000001_1_prot_POY76812_1_61;exonerate},{ev_type:exonerate/ID=match.2566964.1295/Target=lcl|KQ954515_1_prot_KWU42145_1_5519;exonerate}
252931	253061	internal+	3	1	{GlimmerHMM_glimmerT_742-T1;GlimmerHMM},{GeneMark_model.815_t;GeneMark},{Augustus_model.g624.t1;Augustus},{ev_type:exonerate/ID=match.2566964.1289/Target=lcl|PJQD01000001_1_prot_POY76812_1_61;exonerate},{ev_type:exonerate/ID=match.2566964.1295/Target=lcl|KQ954515_1_prot_KWU42145_1_5519;exonerate}
253062	253214	INTRON			{GlimmerHMM_glimmerT_742-T1;GlimmerHMM},{GeneMark_model.815_t;GeneMark},{Augustus_model.g624.t1;Augustus},{ev_type:exonerate/ID=match.2566964.1289/Target=lcl|PJQD01000001_1_prot_POY76812_1_61;exonerate},{ev_type:exonerate/ID=match.2566964.1295/Target=lcl|KQ954515_1_prot_KWU42145_1_5519;exonerate}
253215	253374	internal+	2	2	{GlimmerHMM_glimmerT_742-T1;GlimmerHMM},{GeneMark_model.815_t;GeneMark},{Augustus_model.g624.t1;Augustus},{ev_type:exonerate/ID=match.2566964.1289/Target=lcl|PJQD01000001_1_prot_POY76812_1_61;exonerate},{ev_type:exonerate/ID=match.2566964.1295/Target=lcl|KQ954515_1_prot_KWU42145_1_5519;exonerate}
253375	253525	INTRON			{GlimmerHMM_glimmerT_742-T1;GlimmerHMM},{GeneMark_model.815_t;GeneMark},{Augustus_model.g624.t1;Augustus},{ev_type:exonerate/ID=match.2566964.1289/Target=lcl|PJQD01000001_1_prot_POY76812_1_61;exonerate},{ev_type:exonerate/ID=match.2566964.1295/Target=lcl|KQ954515_1_prot_KWU42145_1_5519;exonerate}
253526	253659	internal+	3	1	{GlimmerHMM_glimmerT_742-T1;GlimmerHMM},{GeneMark_model.815_t;GeneMark},{Augustus_model.g624.t1;Augustus},{ev_type:exonerate/ID=match.2566964.1289/Target=lcl|PJQD01000001_1_prot_POY76812_1_61;exonerate},{ev_type:exonerate/ID=match.2566964.1295/Target=lcl|KQ954515_1_prot_KWU42145_1_5519;exonerate}
253660	253775	INTRON			{GlimmerHMM_glimmerT_742-T1;GlimmerHMM},{GeneMark_model.815_t;GeneMark},{Augustus_model.g624.t1;Augustus},{ev_type:exonerate/ID=match.2566964.1289/Target=lcl|PJQD01000001_1_prot_POY76812_1_61;exonerate},{ev_type:exonerate/ID=match.2566964.1295/Target=lcl|KQ954515_1_prot_KWU42145_1_5519;exonerate}
253776	253873	internal+	2	3	{GlimmerHMM_glimmerT_742-T1;GlimmerHMM},{GeneMark_model.815_t;GeneMark},{Augustus_model.g624.t1;Augustus},{ev_type:exonerate/ID=match.2566964.1289/Target=lcl|PJQD01000001_1_prot_POY76812_1_61;exonerate},{ev_type:exonerate/ID=match.2566964.1295/Target=lcl|KQ954515_1_prot_KWU42145_1_5519;exonerate}
253874	253962	INTRON			{GlimmerHMM_glimmerT_742-T1;GlimmerHMM},{GeneMark_model.815_t;GeneMark},{Augustus_model.g624.t1;Augustus},{ev_type:exonerate/ID=match.2566964.1289/Target=lcl|PJQD01000001_1_prot_POY76812_1_61;exonerate},{ev_type:exonerate/ID=match.2566964.1295/Target=lcl|KQ954515_1_prot_KWU42145_1_5519;exonerate}
253963	254043	terminal+	1	3	{GlimmerHMM_glimmerT_742-T1;GlimmerHMM},{GeneMark_model.815_t;GeneMark},{Augustus_model.g624.t1;Augustus}

# EVM prediction: Mode:STANDARD S-ratio: 2.31 254558-257564 orient(-) score(9416.00) noncoding_equivalent(4074.55) raw_noncoding(5269.00) offset(1194.45)
254669	254558	terminal-	6	6	{GlimmerHMM_glimmerT_743-T1;GlimmerHMM},{GeneMark_model.816_t;GeneMark},{Augustus_model.g625.t1;Augustus}
254748	254670	INTRON			{GlimmerHMM_glimmerT_743-T1;GlimmerHMM},{GeneMark_model.816_t;GeneMark},{Augustus_model.g625.t1;Augustus}
254804	254749	internal-	4	5	{GlimmerHMM_glimmerT_743-T1;GlimmerHMM},{GeneMark_model.816_t;GeneMark},{Augustus_model.g625.t1;Augustus}
254877	254805	INTRON			{GeneMark_model.816_t;GeneMark},{Augustus_model.g625.t1;Augustus}
254919	254878	internal-	4	6	{GeneMark_model.816_t;GeneMark},{Augustus_model.g625.t1;Augustus}
254976	254920	INTRON			{GeneMark_model.816_t;GeneMark},{Augustus_model.g625.t1;Augustus}
254995	254977	internal-	6	6	{GlimmerHMM_glimmerT_743-T1;GlimmerHMM},{GeneMark_model.816_t;GeneMark},{Augustus_model.g625.t1;Augustus}
255063	254996	INTRON			{GlimmerHMM_glimmerT_743-T1;GlimmerHMM},{GeneMark_model.816_t;GeneMark},{Augustus_model.g625.t1;Augustus}
255452	255064	internal-	4	5	{GlimmerHMM_glimmerT_743-T1;GlimmerHMM},{GeneMark_model.816_t;GeneMark},{Augustus_model.g625.t1;Augustus}
255520	255453	INTRON			{GlimmerHMM_glimmerT_743-T1;GlimmerHMM},{GeneMark_model.816_t;GeneMark},{Augustus_model.g625.t1;Augustus}
255551	255521	internal-	6	6	{GlimmerHMM_glimmerT_743-T1;GlimmerHMM},{GeneMark_model.816_t;GeneMark},{Augustus_model.g625.t1;Augustus}
255631	255552	INTRON			{GlimmerHMM_glimmerT_743-T1;GlimmerHMM},{GeneMark_model.816_t;GeneMark},{Augustus_model.g625.t1;Augustus}
255758	255632	internal-	5	5	{GlimmerHMM_glimmerT_743-T1;GlimmerHMM},{GeneMark_model.816_t;GeneMark},{Augustus_model.g625.t1;Augustus}
255837	255759	INTRON			{GlimmerHMM_glimmerT_743-T1;GlimmerHMM},{GeneMark_model.816_t;GeneMark},{Augustus_model.g625.t1;Augustus}
256152	255838	internal-	5	4	{GlimmerHMM_glimmerT_743-T1;GlimmerHMM},{GeneMark_model.816_t;GeneMark},{Augustus_model.g625.t1;Augustus}
256224	256153	INTRON			{GlimmerHMM_glimmerT_743-T1;GlimmerHMM},{GeneMark_model.816_t;GeneMark},{Augustus_model.g625.t1;Augustus}
256392	256225	internal-	5	4	{GlimmerHMM_glimmerT_743-T1;GlimmerHMM},{GeneMark_model.816_t;GeneMark},{Augustus_model.g625.t1;Augustus}
256463	256393	INTRON			{GlimmerHMM_glimmerT_743-T1;GlimmerHMM},{GeneMark_model.816_t;GeneMark},{Augustus_model.g625.t1;Augustus}
256757	256464	internal-	5	4	{GlimmerHMM_glimmerT_743-T1;GlimmerHMM},{GeneMark_model.816_t;GeneMark},{Augustus_model.g625.t1;Augustus}
256823	256758	INTRON			{GlimmerHMM_glimmerT_743-T1;GlimmerHMM},{GeneMark_model.816_t;GeneMark},{Augustus_model.g625.t1;Augustus}
257036	256824	internal-	5	4	{GlimmerHMM_glimmerT_743-T1;GlimmerHMM},{Augustus_model.g625.t1;Augustus}
257140	257037	INTRON			{GlimmerHMM_glimmerT_743-T1;GlimmerHMM},{Augustus_model.g625.t1;Augustus}
257284	257141	internal-	5	4	{GlimmerHMM_glimmerT_743-T1;GlimmerHMM},{Augustus_model.g625.t1;Augustus}
257359	257285	INTRON			{GlimmerHMM_glimmerT_743-T1;GlimmerHMM},{GeneMark_model.816_t;GeneMark},{Augustus_model.g625.t1;Augustus}
257450	257360	internal-	4	4	{GlimmerHMM_glimmerT_743-T1;GlimmerHMM},{GeneMark_model.816_t;GeneMark},{Augustus_model.g625.t1;Augustus}
257546	257451	INTRON			{GlimmerHMM_glimmerT_743-T1;GlimmerHMM},{GeneMark_model.816_t;GeneMark},{Augustus_model.g625.t1;Augustus}
257564	257547	initial-	4	6	{GlimmerHMM_glimmerT_743-T1;GlimmerHMM},{GeneMark_model.816_t;GeneMark},{Augustus_model.g625.t1;Augustus}

# EVM prediction: Mode:STANDARD S-ratio: 2.35 257962-259809 orient(+) score(5817.00) noncoding_equivalent(2475.78) raw_noncoding(2832.00) offset(356.22)
257962	258411	initial+	1	3	{GlimmerHMM_glimmerT_744-T1;GlimmerHMM},{GeneMark_model.817_t;GeneMark},{Augustus_model.g626.t1;Augustus}
258412	258475	INTRON			{GlimmerHMM_glimmerT_744-T1;GlimmerHMM},{GeneMark_model.817_t;GeneMark},{Augustus_model.g626.t1;Augustus}
258476	258792	internal+	1	2	{GlimmerHMM_glimmerT_744-T1;GlimmerHMM},{GeneMark_model.817_t;GeneMark},{Augustus_model.g626.t1;Augustus}
258793	258854	INTRON			{GlimmerHMM_glimmerT_744-T1;GlimmerHMM},{GeneMark_model.817_t;GeneMark},{Augustus_model.g626.t1;Augustus}
258855	259041	internal+	3	3	{GlimmerHMM_glimmerT_744-T1;GlimmerHMM},{GeneMark_model.817_t;GeneMark},{Augustus_model.g626.t1;Augustus}
259042	259104	INTRON			{GlimmerHMM_glimmerT_744-T1;GlimmerHMM},{GeneMark_model.817_t;GeneMark},{Augustus_model.g626.t1;Augustus}
259105	259222	internal+	1	1	{GlimmerHMM_glimmerT_744-T1;GlimmerHMM},{GeneMark_model.817_t;GeneMark},{Augustus_model.g626.t1;Augustus}
259223	259289	INTRON			{GlimmerHMM_glimmerT_744-T1;GlimmerHMM},{GeneMark_model.817_t;GeneMark},{Augustus_model.g626.t1;Augustus}
259290	259393	internal+	2	3	{GlimmerHMM_glimmerT_744-T1;GlimmerHMM},{GeneMark_model.817_t;GeneMark},{Augustus_model.g626.t1;Augustus}
259394	259464	INTRON			{GlimmerHMM_glimmerT_744-T1;GlimmerHMM},{GeneMark_model.817_t;GeneMark},{Augustus_model.g626.t1;Augustus}
259465	259557	internal+	1	3	{GlimmerHMM_glimmerT_744-T1;GlimmerHMM},{GeneMark_model.817_t;GeneMark},{Augustus_model.g626.t1;Augustus}
259558	259626	INTRON			{GlimmerHMM_glimmerT_744-T1;GlimmerHMM},{snap_scaffold_2-snap.118-T1;snap},{GeneMark_model.817_t;GeneMark},{Augustus_model.g626.t1;Augustus}
259627	259809	terminal+	1	3	{GlimmerHMM_glimmerT_744-T1;GlimmerHMM},{snap_scaffold_2-snap.118-T1;snap},{GeneMark_model.817_t;GeneMark},{Augustus_model.g626.t1;Augustus}

# EVM prediction: Mode:STANDARD S-ratio: 3.04 259941-262774 orient(-) score(8783.00) noncoding_equivalent(2884.58) raw_noncoding(3704.00) offset(819.42)
260312	259941	terminal-	4	6	{GeneMark_model.818_t;GeneMark},{snap_scaffold_2-snap.119-T1;snap},{GlimmerHMM_glimmerT_745-T1;GlimmerHMM},{Augustus_model.g627.t1;Augustus}
260476	260313	INTRON			{Augustus_model.g627.t1;Augustus}
260510	260477	internal-	6	6	{Augustus_model.g627.t1;Augustus}
260572	260511	INTRON			{GeneMark_model.818_t;GeneMark},{Augustus_model.g627.t1;Augustus}
260692	260573	internal-	6	5	{GeneMark_model.818_t;GeneMark},{Augustus_model.g627.t1;Augustus}
260751	260693	INTRON			{GeneMark_model.818_t;GeneMark},{GlimmerHMM_glimmerT_745-T1;GlimmerHMM},{Augustus_model.g627.t1;Augustus}
261030	260752	internal-	6	5	{GeneMark_model.818_t;GeneMark},{GlimmerHMM_glimmerT_745-T1;GlimmerHMM},{Augustus_model.g627.t1;Augustus}
261086	261031	INTRON			{GeneMark_model.818_t;GeneMark},{GlimmerHMM_glimmerT_745-T1;GlimmerHMM},{Augustus_model.g627.t1;Augustus}
261290	261087	internal-	6	5	{GeneMark_model.818_t;GeneMark},{GlimmerHMM_glimmerT_745-T1;GlimmerHMM},{Augustus_model.g627.t1;Augustus}
261348	261291	INTRON			{GeneMark_model.818_t;GeneMark},{GlimmerHMM_glimmerT_745-T1;GlimmerHMM},{Augustus_model.g627.t1;Augustus}
261494	261349	internal-	4	5	{GeneMark_model.818_t;GeneMark},{GlimmerHMM_glimmerT_745-T1;GlimmerHMM},{Augustus_model.g627.t1;Augustus}
261550	261495	INTRON			{GeneMark_model.818_t;GeneMark},{GlimmerHMM_glimmerT_745-T1;GlimmerHMM},{Augustus_model.g627.t1;Augustus}
261642	261551	internal-	5	6	{GeneMark_model.818_t;GeneMark},{GlimmerHMM_glimmerT_745-T1;GlimmerHMM},{Augustus_model.g627.t1;Augustus}
261698	261643	INTRON			{GeneMark_model.818_t;GeneMark},{GlimmerHMM_glimmerT_745-T1;GlimmerHMM},{Augustus_model.g627.t1;Augustus}
262208	261699	internal-	5	4	{GlimmerHMM_glimmerT_745-T1;GlimmerHMM}
262266	262209	INTRON			{GeneMark_model.818_t;GeneMark},{GlimmerHMM_glimmerT_745-T1;GlimmerHMM},{Augustus_model.g627.t1;Augustus}
262774	262267	initial-	4	4	{GeneMark_model.818_t;GeneMark},{GlimmerHMM_glimmerT_745-T1;GlimmerHMM}

# EVM prediction: Mode:STANDARD S-ratio: 1.00 265499-266029 orient(+) score(1062.00) noncoding_equivalent(1062.00) raw_noncoding(1380.00) offset(318.00)
265499	265675	initial+	1	3	{GlimmerHMM_glimmerT_746-T1;GlimmerHMM}
265676	265834	INTRON			{GlimmerHMM_glimmerT_746-T1;GlimmerHMM},{Augustus_model.g628.t1;Augustus}
265835	266029	terminal+	1	3	{GlimmerHMM_glimmerT_746-T1;GlimmerHMM},{Augustus_model.g628.t1;Augustus}

# EVM prediction: Mode:STANDARD S-ratio: 4.90 267576-270256 orient(-) score(17299.00) noncoding_equivalent(3527.39) raw_noncoding(4458.65) offset(931.26)
267757	267576	terminal-	5	6	{HiQ_model.g629.t1;HiQ},{GlimmerHMM_glimmerT_747-T1;GlimmerHMM},{GeneMark_model.819_t;GeneMark}
267824	267758	INTRON			{HiQ_model.g629.t1;HiQ},{GlimmerHMM_glimmerT_747-T1;GlimmerHMM},{GeneMark_model.819_t;GeneMark},{ev_type:exonerate/ID=match.2566964.1094/Target=lcl|PJQD01000001_1_prot_POY76806_1_55;exonerate},{ev_type:exonerate/ID=match.2566964.1095/Target=lcl|KQ954491_1_prot_KWU43386_1_4317;exonerate}
268089	267825	internal-	4	4	{HiQ_model.g629.t1;HiQ},{GlimmerHMM_glimmerT_747-T1;GlimmerHMM},{GeneMark_model.819_t;GeneMark},{ev_type:exonerate/ID=match.2566964.1094/Target=lcl|PJQD01000001_1_prot_POY76806_1_55;exonerate},{ev_type:exonerate/ID=match.2566964.1095/Target=lcl|KQ954491_1_prot_KWU43386_1_4317;exonerate}
268153	268090	INTRON			{HiQ_model.g629.t1;HiQ},{GlimmerHMM_glimmerT_747-T1;GlimmerHMM},{GeneMark_model.819_t;GeneMark},{ev_type:exonerate/ID=match.2566964.1094/Target=lcl|PJQD01000001_1_prot_POY76806_1_55;exonerate},{ev_type:exonerate/ID=match.2566964.1095/Target=lcl|KQ954491_1_prot_KWU43386_1_4317;exonerate}
268344	268154	internal-	5	6	{HiQ_model.g629.t1;HiQ},{GlimmerHMM_glimmerT_747-T1;GlimmerHMM},{GeneMark_model.819_t;GeneMark},{ev_type:exonerate/ID=match.2566964.1094/Target=lcl|PJQD01000001_1_prot_POY76806_1_55;exonerate},{ev_type:exonerate/ID=match.2566964.1095/Target=lcl|KQ954491_1_prot_KWU43386_1_4317;exonerate}
268408	268345	INTRON			{HiQ_model.g629.t1;HiQ},{GlimmerHMM_glimmerT_747-T1;GlimmerHMM},{GeneMark_model.819_t;GeneMark},{ev_type:exonerate/ID=match.2566964.1094/Target=lcl|PJQD01000001_1_prot_POY76806_1_55;exonerate},{ev_type:exonerate/ID=match.2566964.1095/Target=lcl|KQ954491_1_prot_KWU43386_1_4317;exonerate}
269202	268409	internal-	6	4	{HiQ_model.g629.t1;HiQ},{GeneMark_model.819_t;GeneMark},{ev_type:exonerate/ID=match.2566964.1094/Target=lcl|PJQD01000001_1_prot_POY76806_1_55;exonerate},{ev_type:exonerate/ID=match.2566964.1095/Target=lcl|KQ954491_1_prot_KWU43386_1_4317;exonerate}
269374	269203	INTRON			{HiQ_model.g629.t1;HiQ},{GeneMark_model.819_t;GeneMark},{ev_type:exonerate/ID=match.2566964.1094/Target=lcl|PJQD01000001_1_prot_POY76806_1_55;exonerate},{ev_type:exonerate/ID=match.2566964.1095/Target=lcl|KQ954491_1_prot_KWU43386_1_4317;exonerate}
269434	269375	internal-	6	5	{HiQ_model.g629.t1;HiQ},{GeneMark_model.819_t;GeneMark},{ev_type:exonerate/ID=match.2566964.1094/Target=lcl|PJQD01000001_1_prot_POY76806_1_55;exonerate},{ev_type:exonerate/ID=match.2566964.1095/Target=lcl|KQ954491_1_prot_KWU43386_1_4317;exonerate}
269504	269435	INTRON			{HiQ_model.g629.t1;HiQ},{GeneMark_model.819_t;GeneMark},{ev_type:exonerate/ID=match.2566964.1094/Target=lcl|PJQD01000001_1_prot_POY76806_1_55;exonerate},{ev_type:exonerate/ID=match.2566964.1095/Target=lcl|KQ954491_1_prot_KWU43386_1_4317;exonerate}
269583	269505	internal-	5	5	{HiQ_model.g629.t1;HiQ},{GeneMark_model.819_t;GeneMark},{ev_type:exonerate/ID=match.2566964.1094/Target=lcl|PJQD01000001_1_prot_POY76806_1_55;exonerate},{ev_type:exonerate/ID=match.2566964.1095/Target=lcl|KQ954491_1_prot_KWU43386_1_4317;exonerate}
269643	269584	INTRON			{HiQ_model.g629.t1;HiQ},{GlimmerHMM_glimmerT_747-T1;GlimmerHMM},{GeneMark_model.819_t;GeneMark},{ev_type:exonerate/ID=match.2566964.1094/Target=lcl|PJQD01000001_1_prot_POY76806_1_55;exonerate},{ev_type:exonerate/ID=match.2566964.1095/Target=lcl|KQ954491_1_prot_KWU43386_1_4317;exonerate}
269808	269644	internal-	5	4	{HiQ_model.g629.t1;HiQ},{GlimmerHMM_glimmerT_747-T1;GlimmerHMM},{GeneMark_model.819_t;GeneMark},{ev_type:exonerate/ID=match.2566964.1094/Target=lcl|PJQD01000001_1_prot_POY76806_1_55;exonerate},{ev_type:exonerate/ID=match.2566964.1095/Target=lcl|KQ954491_1_prot_KWU43386_1_4317;exonerate}
269871	269809	INTRON			{HiQ_model.g629.t1;HiQ},{GlimmerHMM_glimmerT_747-T1;GlimmerHMM},{GeneMark_model.819_t;GeneMark},{ev_type:exonerate/ID=match.2566964.1094/Target=lcl|PJQD01000001_1_prot_POY76806_1_55;exonerate},{ev_type:exonerate/ID=match.2566964.1095/Target=lcl|KQ954491_1_prot_KWU43386_1_4317;exonerate}
270256	269872	initial-	4	4	{HiQ_model.g629.t1;HiQ},{GeneMark_model.819_t;GeneMark}

# EVM prediction: Mode:STANDARD S-ratio: 3.56 270697-273241 orient(-) score(8281.00) noncoding_equivalent(2327.90) raw_noncoding(2572.12) offset(244.22)
270822	270697	terminal-	4	6	{GeneMark_model.820_t;GeneMark},{Augustus_model.g630.t1;Augustus},{GlimmerHMM_glimmerT_748-T1;GlimmerHMM}
270884	270823	INTRON			{GeneMark_model.820_t;GeneMark},{Augustus_model.g630.t1;Augustus},{GlimmerHMM_glimmerT_748-T1;GlimmerHMM}
271640	270885	internal-	4	6	{GeneMark_model.820_t;GeneMark},{Augustus_model.g630.t1;Augustus},{GlimmerHMM_glimmerT_748-T1;GlimmerHMM}
271730	271641	INTRON			{GeneMark_model.820_t;GeneMark},{Augustus_model.g630.t1;Augustus},{GlimmerHMM_glimmerT_748-T1;GlimmerHMM}
272078	271731	internal-	4	6	{GeneMark_model.820_t;GeneMark},{Augustus_model.g630.t1;Augustus},{GlimmerHMM_glimmerT_748-T1;GlimmerHMM}
272149	272079	INTRON			{GeneMark_model.820_t;GeneMark},{Augustus_model.g630.t1;Augustus},{GlimmerHMM_glimmerT_748-T1;GlimmerHMM}
272841	272150	internal-	5	6	{GeneMark_model.820_t;GeneMark},{Augustus_model.g630.t1;Augustus}
272913	272842	INTRON			{GeneMark_model.820_t;GeneMark},{Augustus_model.g630.t1;Augustus}
273241	272914	initial-	4	4	{GeneMark_model.820_t;GeneMark},{Augustus_model.g630.t1;Augustus}

# EVM prediction: Mode:STANDARD S-ratio: 2.25 274256-274582 orient(-) score(905.00) noncoding_equivalent(403.02) raw_noncoding(541.13) offset(138.12)
274262	274256	terminal-	6	6	{Augustus_model.g631.t1;Augustus},{GeneMark_model.821_t;GeneMark}
274331	274263	INTRON			{Augustus_model.g631.t1;Augustus},{GeneMark_model.821_t;GeneMark}
274582	274332	initial-	4	5	{Augustus_model.g631.t1;Augustus},{GeneMark_model.821_t;GeneMark},{GlimmerHMM_glimmerT_748-T1;GlimmerHMM}

# EVM prediction: Mode:STANDARD S-ratio: 2.27 275770-280533 orient(-) score(14691.00) noncoding_equivalent(6481.64) raw_noncoding(7657.00) offset(1175.36)
276237	275770	terminal-	4	6	{GlimmerHMM_glimmerT_749-T1;GlimmerHMM},{Augustus_model.g632.t1;Augustus},{GeneMark_model.822_t;GeneMark}
276304	276238	INTRON			{GlimmerHMM_glimmerT_749-T1;GlimmerHMM},{Augustus_model.g632.t1;Augustus},{GeneMark_model.822_t;GeneMark}
276370	276305	internal-	4	6	{GlimmerHMM_glimmerT_749-T1;GlimmerHMM},{Augustus_model.g632.t1;Augustus},{GeneMark_model.822_t;GeneMark}
276432	276371	INTRON			{GlimmerHMM_glimmerT_749-T1;GlimmerHMM},{Augustus_model.g632.t1;Augustus},{GeneMark_model.822_t;GeneMark}
276746	276433	internal-	5	6	{GlimmerHMM_glimmerT_749-T1;GlimmerHMM},{Augustus_model.g632.t1;Augustus},{GeneMark_model.822_t;GeneMark}
276816	276747	INTRON			{GlimmerHMM_glimmerT_749-T1;GlimmerHMM},{Augustus_model.g632.t1;Augustus},{GeneMark_model.822_t;GeneMark}
277084	276817	internal-	4	4	{GlimmerHMM_glimmerT_749-T1;GlimmerHMM},{Augustus_model.g632.t1;Augustus},{GeneMark_model.822_t;GeneMark}
277148	277085	INTRON			{GlimmerHMM_glimmerT_749-T1;GlimmerHMM},{Augustus_model.g632.t1;Augustus},{GeneMark_model.822_t;GeneMark}
277268	277149	internal-	4	6	{GlimmerHMM_glimmerT_749-T1;GlimmerHMM},{Augustus_model.g632.t1;Augustus},{GeneMark_model.822_t;GeneMark}
277338	277269	INTRON			{GlimmerHMM_glimmerT_749-T1;GlimmerHMM},{Augustus_model.g632.t1;Augustus},{GeneMark_model.822_t;GeneMark}
277434	277339	internal-	4	6	{GlimmerHMM_glimmerT_749-T1;GlimmerHMM},{Augustus_model.g632.t1;Augustus},{GeneMark_model.822_t;GeneMark}
277494	277435	INTRON			{GlimmerHMM_glimmerT_749-T1;GlimmerHMM},{Augustus_model.g632.t1;Augustus},{GeneMark_model.822_t;GeneMark}
277647	277495	internal-	4	6	{GlimmerHMM_glimmerT_749-T1;GlimmerHMM},{Augustus_model.g632.t1;Augustus},{GeneMark_model.822_t;GeneMark}
277706	277648	INTRON			{GlimmerHMM_glimmerT_749-T1;GlimmerHMM},{Augustus_model.g632.t1;Augustus},{GeneMark_model.822_t;GeneMark}
277853	277707	internal-	4	6	{GlimmerHMM_glimmerT_749-T1;GlimmerHMM},{Augustus_model.g632.t1;Augustus},{GeneMark_model.822_t;GeneMark}
277919	277854	INTRON			{GlimmerHMM_glimmerT_749-T1;GlimmerHMM},{Augustus_model.g632.t1;Augustus},{GeneMark_model.822_t;GeneMark}
278053	277920	internal-	5	6	{GlimmerHMM_glimmerT_749-T1;GlimmerHMM},{Augustus_model.g632.t1;Augustus},{GeneMark_model.822_t;GeneMark}
278123	278054	INTRON			{GlimmerHMM_glimmerT_749-T1;GlimmerHMM},{Augustus_model.g632.t1;Augustus},{GeneMark_model.822_t;GeneMark}
278254	278124	internal-	6	4	{GlimmerHMM_glimmerT_749-T1;GlimmerHMM},{Augustus_model.g632.t1;Augustus},{GeneMark_model.822_t;GeneMark}
278320	278255	INTRON			{GlimmerHMM_glimmerT_749-T1;GlimmerHMM},{Augustus_model.g632.t1;Augustus},{GeneMark_model.822_t;GeneMark}
278466	278321	internal-	4	5	{GlimmerHMM_glimmerT_749-T1;GlimmerHMM},{Augustus_model.g632.t1;Augustus},{GeneMark_model.822_t;GeneMark}
278522	278467	INTRON			{Augustus_model.g632.t1;Augustus},{GeneMark_model.822_t;GeneMark}
278573	278523	internal-	4	6	{Augustus_model.g632.t1;Augustus},{GeneMark_model.822_t;GeneMark}
278634	278574	INTRON			{Augustus_model.g632.t1;Augustus},{GeneMark_model.822_t;GeneMark}
278888	278635	internal-	5	6	{GlimmerHMM_glimmerT_749-T1;GlimmerHMM},{Augustus_model.g632.t1;Augustus},{GeneMark_model.822_t;GeneMark}
278954	278889	INTRON			{GlimmerHMM_glimmerT_749-T1;GlimmerHMM},{Augustus_model.g632.t1;Augustus},{GeneMark_model.822_t;GeneMark}
279150	278955	internal-	4	4	{GlimmerHMM_glimmerT_749-T1;GlimmerHMM},{Augustus_model.g632.t1;Augustus},{GeneMark_model.822_t;GeneMark}
279229	279151	INTRON			{GlimmerHMM_glimmerT_749-T1;GlimmerHMM},{Augustus_model.g632.t1;Augustus},{GeneMark_model.822_t;GeneMark}
279644	279230	internal-	6	6	{GlimmerHMM_glimmerT_749-T1;GlimmerHMM},{Augustus_model.g632.t1;Augustus},{GeneMark_model.822_t;GeneMark}
279714	279645	INTRON			{GlimmerHMM_glimmerT_749-T1;GlimmerHMM},{Augustus_model.g632.t1;Augustus},{snap_scaffold_2-snap.124-T1;snap},{GeneMark_model.822_t;GeneMark}
280084	279715	internal-	5	5	{GlimmerHMM_glimmerT_749-T1;GlimmerHMM},{Augustus_model.g632.t1;Augustus},{GeneMark_model.822_t;GeneMark}
280173	280085	INTRON			{GlimmerHMM_glimmerT_749-T1;GlimmerHMM},{Augustus_model.g632.t1;Augustus},{GeneMark_model.822_t;GeneMark}
280295	280174	internal-	6	4	{GlimmerHMM_glimmerT_749-T1;GlimmerHMM},{Augustus_model.g632.t1;Augustus},{GeneMark_model.822_t;GeneMark}
280360	280296	INTRON			{GlimmerHMM_glimmerT_749-T1;GlimmerHMM},{Augustus_model.g632.t1;Augustus},{GeneMark_model.822_t;GeneMark}
280533	280361	initial-	4	5	{GlimmerHMM_glimmerT_749-T1;GlimmerHMM},{Augustus_model.g632.t1;Augustus},{GeneMark_model.822_t;GeneMark}

# EVM prediction: Mode:STANDARD S-ratio: 4.66 280919-282279 orient(+) score(7114.00) noncoding_equivalent(1526.52) raw_noncoding(1801.77) offset(275.25)
280919	280971	initial+	1	2	{GeneMark_model.823_t;GeneMark},{Augustus_model.g633.t1;Augustus}
280972	281071	INTRON			{GeneMark_model.823_t;GeneMark},{Augustus_model.g633.t1;Augustus},{ev_type:exonerate/ID=match.2566964.1233/Target=lcl|PJQD01000001_1_prot_POY76802_1_51;exonerate},{ev_type:exonerate/ID=match.2566964.1214/Target=lcl|KQ954491_1_prot_KWU43380_1_4311;exonerate}
281072	281167	internal+	3	2	{GeneMark_model.823_t;GeneMark},{Augustus_model.g633.t1;Augustus},{ev_type:exonerate/ID=match.2566964.1233/Target=lcl|PJQD01000001_1_prot_POY76802_1_51;exonerate},{ev_type:exonerate/ID=match.2566964.1214/Target=lcl|KQ954491_1_prot_KWU43380_1_4311;exonerate}
281168	281240	INTRON			{GeneMark_model.823_t;GeneMark},{GlimmerHMM_glimmerT_750-T1;GlimmerHMM},{Augustus_model.g633.t1;Augustus},{ev_type:exonerate/ID=match.2566964.1233/Target=lcl|PJQD01000001_1_prot_POY76802_1_51;exonerate},{ev_type:exonerate/ID=match.2566964.1214/Target=lcl|KQ954491_1_prot_KWU43380_1_4311;exonerate}
281241	281391	internal+	3	3	{GeneMark_model.823_t;GeneMark},{GlimmerHMM_glimmerT_750-T1;GlimmerHMM},{Augustus_model.g633.t1;Augustus},{ev_type:exonerate/ID=match.2566964.1233/Target=lcl|PJQD01000001_1_prot_POY76802_1_51;exonerate},{ev_type:exonerate/ID=match.2566964.1214/Target=lcl|KQ954491_1_prot_KWU43380_1_4311;exonerate}
281392	281456	INTRON			{GeneMark_model.823_t;GeneMark},{GlimmerHMM_glimmerT_750-T1;GlimmerHMM},{Augustus_model.g633.t1;Augustus},{ev_type:exonerate/ID=match.2566964.1233/Target=lcl|PJQD01000001_1_prot_POY76802_1_51;exonerate},{ev_type:exonerate/ID=match.2566964.1214/Target=lcl|KQ954491_1_prot_KWU43380_1_4311;exonerate}
281457	281643	internal+	1	1	{GeneMark_model.823_t;GeneMark},{GlimmerHMM_glimmerT_750-T1;GlimmerHMM},{Augustus_model.g633.t1;Augustus},{ev_type:exonerate/ID=match.2566964.1233/Target=lcl|PJQD01000001_1_prot_POY76802_1_51;exonerate},{ev_type:exonerate/ID=match.2566964.1214/Target=lcl|KQ954491_1_prot_KWU43380_1_4311;exonerate}
281644	281709	INTRON			{GeneMark_model.823_t;GeneMark},{GlimmerHMM_glimmerT_750-T1;GlimmerHMM},{Augustus_model.g633.t1;Augustus},{ev_type:exonerate/ID=match.2566964.1233/Target=lcl|PJQD01000001_1_prot_POY76802_1_51;exonerate},{ev_type:exonerate/ID=match.2566964.1214/Target=lcl|KQ954491_1_prot_KWU43380_1_4311;exonerate}
281710	281978	internal+	2	3	{GeneMark_model.823_t;GeneMark},{GlimmerHMM_glimmerT_750-T1;GlimmerHMM},{Augustus_model.g633.t1;Augustus},{ev_type:exonerate/ID=match.2566964.1233/Target=lcl|PJQD01000001_1_prot_POY76802_1_51;exonerate},{ev_type:exonerate/ID=match.2566964.1214/Target=lcl|KQ954491_1_prot_KWU43380_1_4311;exonerate}
281979	282042	INTRON			{GeneMark_model.823_t;GeneMark},{GlimmerHMM_glimmerT_750-T1;GlimmerHMM},{Augustus_model.g633.t1;Augustus},{ev_type:exonerate/ID=match.2566964.1233/Target=lcl|PJQD01000001_1_prot_POY76802_1_51;exonerate},{ev_type:exonerate/ID=match.2566964.1214/Target=lcl|KQ954491_1_prot_KWU43380_1_4311;exonerate}
282043	282279	terminal+	1	3	{GeneMark_model.823_t;GeneMark},{GlimmerHMM_glimmerT_750-T1;GlimmerHMM},{Augustus_model.g633.t1;Augustus}

# EVM prediction: Mode:STANDARD S-ratio: 2.12 282530-284292 orient(+) score(5541.00) noncoding_equivalent(2618.26) raw_noncoding(3203.00) offset(584.74)
282530	282587	initial+	1	1	{GeneMark_model.824_t;GeneMark},{Augustus_model.g634.t1;Augustus},{GlimmerHMM_glimmerT_751-T1;GlimmerHMM}
282588	282651	INTRON			{GeneMark_model.824_t;GeneMark},{Augustus_model.g634.t1;Augustus},{GlimmerHMM_glimmerT_751-T1;GlimmerHMM}
282652	282695	internal+	2	3	{GeneMark_model.824_t;GeneMark},{Augustus_model.g634.t1;Augustus},{GlimmerHMM_glimmerT_751-T1;GlimmerHMM}
282696	282751	INTRON			{GeneMark_model.824_t;GeneMark},{Augustus_model.g634.t1;Augustus},{GlimmerHMM_glimmerT_751-T1;GlimmerHMM},{ev_type:exonerate/ID=match.2566964.1379/Target=lcl|KQ954491_1_prot_KWU43379_1_4310;exonerate}
282752	282786	internal+	1	2	{GeneMark_model.824_t;GeneMark},{Augustus_model.g634.t1;Augustus},{GlimmerHMM_glimmerT_751-T1;GlimmerHMM},{ev_type:exonerate/ID=match.2566964.1379/Target=lcl|KQ954491_1_prot_KWU43379_1_4310;exonerate}
282787	282847	INTRON			{GeneMark_model.824_t;GeneMark},{Augustus_model.g634.t1;Augustus},{GlimmerHMM_glimmerT_751-T1;GlimmerHMM},{ev_type:exonerate/ID=match.2566964.1379/Target=lcl|KQ954491_1_prot_KWU43379_1_4310;exonerate}
282848	283412	internal+	3	3	{GeneMark_model.824_t;GeneMark},{Augustus_model.g634.t1;Augustus},{GlimmerHMM_glimmerT_751-T1;GlimmerHMM}
283413	283480	INTRON			{GeneMark_model.824_t;GeneMark},{Augustus_model.g634.t1;Augustus},{GlimmerHMM_glimmerT_751-T1;GlimmerHMM}
283481	283600	internal+	1	3	{GeneMark_model.824_t;GeneMark},{Augustus_model.g634.t1;Augustus},{GlimmerHMM_glimmerT_751-T1;GlimmerHMM}
283601	283663	INTRON			{GeneMark_model.824_t;GeneMark},{Augustus_model.g634.t1;Augustus},{GlimmerHMM_glimmerT_751-T1;GlimmerHMM}
283664	284011	internal+	1	3	{GeneMark_model.824_t;GeneMark},{Augustus_model.g634.t1;Augustus},{GlimmerHMM_glimmerT_751-T1;GlimmerHMM}
284012	284094	INTRON			{GeneMark_model.824_t;GeneMark},{Augustus_model.g634.t1;Augustus}
284095	284175	internal+	1	3	{GeneMark_model.824_t;GeneMark},{Augustus_model.g634.t1;Augustus}
284176	284256	INTRON			{GeneMark_model.824_t;GeneMark},{Augustus_model.g634.t1;Augustus},{GlimmerHMM_glimmerT_751-T1;GlimmerHMM}
284257	284292	terminal+	1	3	{GeneMark_model.824_t;GeneMark},{Augustus_model.g634.t1;Augustus},{GlimmerHMM_glimmerT_751-T1;GlimmerHMM}

# EVM prediction: Mode:STANDARD S-ratio: 3.89 284510-286356 orient(-) score(10266.00) noncoding_equivalent(2642.24) raw_noncoding(3036.10) offset(393.86)
284749	284510	terminal-	4	6	{HiQ_model.g635.t1;HiQ},{GeneMark_model.825_t;GeneMark},{GlimmerHMM_glimmerT_752-T1;GlimmerHMM},{snap_scaffold_2-snap.126-T1;snap}
284826	284750	INTRON			{HiQ_model.g635.t1;HiQ},{GeneMark_model.825_t;GeneMark},{GlimmerHMM_glimmerT_752-T1;GlimmerHMM},{ev_type:exonerate/ID=match.2566964.1130/Target=lcl|PJQD01000001_1_prot_POY76800_1_49;exonerate}
285131	284827	internal-	5	6	{HiQ_model.g635.t1;HiQ},{GeneMark_model.825_t;GeneMark},{GlimmerHMM_glimmerT_752-T1;GlimmerHMM},{ev_type:exonerate/ID=match.2566964.1130/Target=lcl|PJQD01000001_1_prot_POY76800_1_49;exonerate}
285213	285132	INTRON			{HiQ_model.g635.t1;HiQ},{GeneMark_model.825_t;GeneMark},{GlimmerHMM_glimmerT_752-T1;GlimmerHMM},{ev_type:exonerate/ID=match.2566964.1130/Target=lcl|PJQD01000001_1_prot_POY76800_1_49;exonerate}
286015	285214	internal-	4	4	{HiQ_model.g635.t1;HiQ},{GeneMark_model.825_t;GeneMark},{GlimmerHMM_glimmerT_752-T1;GlimmerHMM},{ev_type:exonerate/ID=match.2566964.1130/Target=lcl|PJQD01000001_1_prot_POY76800_1_49;exonerate}
286077	286016	INTRON			{HiQ_model.g635.t1;HiQ},{GeneMark_model.825_t;GeneMark},{GlimmerHMM_glimmerT_752-T1;GlimmerHMM},{ev_type:exonerate/ID=match.2566964.1130/Target=lcl|PJQD01000001_1_prot_POY76800_1_49;exonerate}
286356	286078	initial-	4	6	{HiQ_model.g635.t1;HiQ},{GeneMark_model.825_t;GeneMark},{GlimmerHMM_glimmerT_752-T1;GlimmerHMM}

# EVM prediction: Mode:STANDARD S-ratio: 2.15 286641-287301 orient(+) score(1983.00) noncoding_equivalent(923.00) raw_noncoding(1067.00) offset(144.00)
286641	286961	initial+	1	3	{Augustus_model.g636.t1;Augustus},{GlimmerHMM_glimmerT_753-T1;GlimmerHMM},{GeneMark_model.826_t;GeneMark}
286962	287024	INTRON			{Augustus_model.g636.t1;Augustus},{GlimmerHMM_glimmerT_753-T1;GlimmerHMM},{GeneMark_model.826_t;GeneMark}
287025	287096	internal+	1	3	{Augustus_model.g636.t1;Augustus},{GlimmerHMM_glimmerT_753-T1;GlimmerHMM},{GeneMark_model.826_t;GeneMark}
287097	287169	INTRON			{Augustus_model.g636.t1;Augustus},{GlimmerHMM_glimmerT_753-T1;GlimmerHMM},{GeneMark_model.826_t;GeneMark}
287170	287301	terminal+	1	3	{Augustus_model.g636.t1;Augustus},{GlimmerHMM_glimmerT_753-T1;GlimmerHMM},{GeneMark_model.826_t;GeneMark}

# EVM prediction: Mode:STANDARD S-ratio: 2.02 289024-290385 orient(+) score(4086.00) noncoding_equivalent(2026.00) raw_noncoding(2388.00) offset(362.00)
289024	289192	initial+	1	1	{GlimmerHMM_glimmerT_754-T1;GlimmerHMM},{Augustus_model.g637.t1;Augustus},{GeneMark_model.827_t;GeneMark}
289193	289257	INTRON			{GlimmerHMM_glimmerT_754-T1;GlimmerHMM},{Augustus_model.g637.t1;Augustus},{GeneMark_model.827_t;GeneMark}
289258	289444	internal+	2	2	{GlimmerHMM_glimmerT_754-T1;GlimmerHMM},{Augustus_model.g637.t1;Augustus},{GeneMark_model.827_t;GeneMark}
289445	289521	INTRON			{GlimmerHMM_glimmerT_754-T1;GlimmerHMM},{Augustus_model.g637.t1;Augustus},{GeneMark_model.827_t;GeneMark}
289522	289742	internal+	3	1	{GlimmerHMM_glimmerT_754-T1;GlimmerHMM},{Augustus_model.g637.t1;Augustus},{GeneMark_model.827_t;GeneMark}
289743	289816	INTRON			{GlimmerHMM_glimmerT_754-T1;GlimmerHMM},{Augustus_model.g637.t1;Augustus},{GeneMark_model.827_t;GeneMark}
289817	290110	internal+	2	1	{GlimmerHMM_glimmerT_754-T1;GlimmerHMM},{Augustus_model.g637.t1;Augustus},{GeneMark_model.827_t;GeneMark}
290111	290172	INTRON			{GlimmerHMM_glimmerT_754-T1;GlimmerHMM},{Augustus_model.g637.t1;Augustus},{GeneMark_model.827_t;GeneMark}
290173	290230	internal+	2	2	{GlimmerHMM_glimmerT_754-T1;GlimmerHMM},{Augustus_model.g637.t1;Augustus},{GeneMark_model.827_t;GeneMark}
290231	290294	INTRON			{GlimmerHMM_glimmerT_754-T1;GlimmerHMM},{Augustus_model.g637.t1;Augustus},{GeneMark_model.827_t;GeneMark}
290295	290385	terminal+	3	3	{GlimmerHMM_glimmerT_754-T1;GlimmerHMM},{Augustus_model.g637.t1;Augustus},{GeneMark_model.827_t;GeneMark}

# EVM prediction: Mode:STANDARD S-ratio: 2.32 291398-292756 orient(+) score(4258.00) noncoding_equivalent(1833.57) raw_noncoding(2189.29) offset(355.72)
291398	291566	initial+	1	1	{GlimmerHMM_glimmerT_755-T1;GlimmerHMM},{Augustus_model.g638.t1;Augustus},{GeneMark_model.828_t;GeneMark}
291567	291631	INTRON			{GlimmerHMM_glimmerT_755-T1;GlimmerHMM},{Augustus_model.g638.t1;Augustus},{GeneMark_model.828_t;GeneMark}
291632	291818	internal+	2	2	{GlimmerHMM_glimmerT_755-T1;GlimmerHMM},{Augustus_model.g638.t1;Augustus},{GeneMark_model.828_t;GeneMark}
291819	291895	INTRON			{GlimmerHMM_glimmerT_755-T1;GlimmerHMM},{Augustus_model.g638.t1;Augustus},{GeneMark_model.828_t;GeneMark}
291896	292116	internal+	3	1	{GlimmerHMM_glimmerT_755-T1;GlimmerHMM},{Augustus_model.g638.t1;Augustus},{GeneMark_model.828_t;GeneMark}
292117	292190	INTRON			{GlimmerHMM_glimmerT_755-T1;GlimmerHMM},{Augustus_model.g638.t1;Augustus},{GeneMark_model.828_t;GeneMark}
292191	292484	internal+	2	1	{GlimmerHMM_glimmerT_755-T1;GlimmerHMM},{Augustus_model.g638.t1;Augustus},{GeneMark_model.828_t;GeneMark}
292485	292546	INTRON			{GlimmerHMM_glimmerT_755-T1;GlimmerHMM},{Augustus_model.g638.t1;Augustus},{GeneMark_model.828_t;GeneMark}
292547	292604	internal+	2	2	{GlimmerHMM_glimmerT_755-T1;GlimmerHMM},{Augustus_model.g638.t1;Augustus},{GeneMark_model.828_t;GeneMark}
292605	292665	INTRON			{GlimmerHMM_glimmerT_755-T1;GlimmerHMM},{Augustus_model.g638.t1;Augustus},{GeneMark_model.828_t;GeneMark}
292666	292756	terminal+	3	3	{Augustus_model.g638.t1;Augustus},{GeneMark_model.828_t;GeneMark}

# EVM prediction: Mode:STANDARD S-ratio: 32.50 293312-297048 orient(+) score(14500.00) noncoding_equivalent(446.11) raw_noncoding(570.29) offset(124.18)
293312	293347	initial+	1	3	{Augustus_model.g639.t1;Augustus}
293348	293409	INTRON			{Augustus_model.g639.t1;Augustus},{GeneMark_model.829_t;GeneMark}
293410	297048	terminal+	1	3	{Augustus_model.g639.t1;Augustus},{GlimmerHMM_glimmerT_755-T1;GlimmerHMM},{GeneMark_model.829_t;GeneMark}

# EVM prediction: Mode:STANDARD S-ratio: 3.53 297131-302164 orient(-) score(17204.00) noncoding_equivalent(4867.47) raw_noncoding(5634.00) offset(766.53)
297348	297131	terminal-	5	6	{GlimmerHMM_glimmerT_756-T1;GlimmerHMM},{GeneMark_model.830_t;GeneMark},{Augustus_model.g640.t1;Augustus},{snap_scaffold_2-snap.130-T1;snap}
297415	297349	INTRON			{GlimmerHMM_glimmerT_756-T1;GlimmerHMM},{GeneMark_model.830_t;GeneMark},{Augustus_model.g640.t1;Augustus}
297503	297416	internal-	4	4	{GlimmerHMM_glimmerT_756-T1;GlimmerHMM},{GeneMark_model.830_t;GeneMark},{Augustus_model.g640.t1;Augustus}
297559	297504	INTRON			{GlimmerHMM_glimmerT_756-T1;GlimmerHMM},{GeneMark_model.830_t;GeneMark},{Augustus_model.g640.t1;Augustus}
297633	297560	internal-	5	6	{GlimmerHMM_glimmerT_756-T1;GlimmerHMM},{GeneMark_model.830_t;GeneMark},{Augustus_model.g640.t1;Augustus}
297699	297634	INTRON			{GlimmerHMM_glimmerT_756-T1;GlimmerHMM},{GeneMark_model.830_t;GeneMark},{Augustus_model.g640.t1;Augustus}
297923	297700	internal-	6	4	{GlimmerHMM_glimmerT_756-T1;GlimmerHMM},{GeneMark_model.830_t;GeneMark},{Augustus_model.g640.t1;Augustus}
297989	297924	INTRON			{GlimmerHMM_glimmerT_756-T1;GlimmerHMM},{GeneMark_model.830_t;GeneMark},{Augustus_model.g640.t1;Augustus}
298303	297990	internal-	4	5	{GlimmerHMM_glimmerT_756-T1;GlimmerHMM},{GeneMark_model.830_t;GeneMark},{Augustus_model.g640.t1;Augustus}
298362	298304	INTRON			{GlimmerHMM_glimmerT_756-T1;GlimmerHMM},{GeneMark_model.830_t;GeneMark},{Augustus_model.g640.t1;Augustus}
298525	298363	internal-	6	6	{GlimmerHMM_glimmerT_756-T1;GlimmerHMM},{GeneMark_model.830_t;GeneMark},{Augustus_model.g640.t1;Augustus}
298590	298526	INTRON			{GlimmerHMM_glimmerT_756-T1;GlimmerHMM},{GeneMark_model.830_t;GeneMark},{Augustus_model.g640.t1;Augustus}
298738	298591	internal-	5	5	{GlimmerHMM_glimmerT_756-T1;GlimmerHMM},{GeneMark_model.830_t;GeneMark},{Augustus_model.g640.t1;Augustus}
298797	298739	INTRON			{GlimmerHMM_glimmerT_756-T1;GlimmerHMM},{GeneMark_model.830_t;GeneMark},{Augustus_model.g640.t1;Augustus}
298953	298798	internal-	5	4	{GlimmerHMM_glimmerT_756-T1;GlimmerHMM},{GeneMark_model.830_t;GeneMark},{Augustus_model.g640.t1;Augustus}
299015	298954	INTRON			{GlimmerHMM_glimmerT_756-T1;GlimmerHMM},{GeneMark_model.830_t;GeneMark},{Augustus_model.g640.t1;Augustus}
299226	299016	internal-	4	4	{GeneMark_model.830_t;GeneMark},{Augustus_model.g640.t1;Augustus}
299289	299227	INTRON			{GeneMark_model.830_t;GeneMark},{Augustus_model.g640.t1;Augustus}
299351	299290	internal-	5	6	{GeneMark_model.830_t;GeneMark},{Augustus_model.g640.t1;Augustus}
299414	299352	INTRON			{GlimmerHMM_glimmerT_756-T1;GlimmerHMM},{GeneMark_model.830_t;GeneMark},{Augustus_model.g640.t1;Augustus}
299546	299415	internal-	5	4	{GlimmerHMM_glimmerT_756-T1;GlimmerHMM},{GeneMark_model.830_t;GeneMark},{Augustus_model.g640.t1;Augustus}
299607	299547	INTRON			{GlimmerHMM_glimmerT_756-T1;GlimmerHMM},{GeneMark_model.830_t;GeneMark},{Augustus_model.g640.t1;Augustus}
299680	299608	internal-	4	4	{GlimmerHMM_glimmerT_756-T1;GlimmerHMM},{GeneMark_model.830_t;GeneMark},{Augustus_model.g640.t1;Augustus}
299745	299681	INTRON			{GlimmerHMM_glimmerT_756-T1;GlimmerHMM},{GeneMark_model.830_t;GeneMark},{Augustus_model.g640.t1;Augustus}
299903	299746	internal-	5	6	{GlimmerHMM_glimmerT_756-T1;GlimmerHMM},{GeneMark_model.830_t;GeneMark},{Augustus_model.g640.t1;Augustus}
299966	299904	INTRON			{GlimmerHMM_glimmerT_756-T1;GlimmerHMM},{GeneMark_model.830_t;GeneMark},{Augustus_model.g640.t1;Augustus}
300206	299967	internal-	5	4	{GlimmerHMM_glimmerT_756-T1;GlimmerHMM},{GeneMark_model.830_t;GeneMark},{Augustus_model.g640.t1;Augustus}
300267	300207	INTRON			{GlimmerHMM_glimmerT_756-T1;GlimmerHMM},{GeneMark_model.830_t;GeneMark},{Augustus_model.g640.t1;Augustus}
300349	300268	internal-	4	4	{GlimmerHMM_glimmerT_756-T1;GlimmerHMM},{GeneMark_model.830_t;GeneMark},{Augustus_model.g640.t1;Augustus}
300421	300350	INTRON			{GlimmerHMM_glimmerT_756-T1;GlimmerHMM},{GeneMark_model.830_t;GeneMark},{Augustus_model.g640.t1;Augustus}
301569	300422	internal-	5	6	{GlimmerHMM_glimmerT_756-T1;GlimmerHMM},{GeneMark_model.830_t;GeneMark},{Augustus_model.g640.t1;Augustus}
301629	301570	INTRON			{GlimmerHMM_glimmerT_756-T1;GlimmerHMM},{GeneMark_model.830_t;GeneMark},{snap_scaffold_2-snap.133-T1;snap},{Augustus_model.g640.t1;Augustus}
302164	301630	initial-	4	4	{GlimmerHMM_glimmerT_756-T1;GlimmerHMM},{GeneMark_model.830_t;GeneMark},{Augustus_model.g640.t1;Augustus}

# EVM prediction: Mode:STANDARD S-ratio: 3.77 302407-304300 orient(+) score(7371.00) noncoding_equivalent(1953.00) raw_noncoding(2299.00) offset(346.00)
302407	303003	initial+	1	3	{GeneMark_model.831_t;GeneMark},{Augustus_model.g641.t1;Augustus}
303004	303074	INTRON			{GeneMark_model.831_t;GeneMark},{Augustus_model.g641.t1;Augustus},{ev_type:exonerate/ID=match.2566964.1225/Target=lcl|KQ954488_1_prot_KWU43553_1_4049;exonerate}
303075	303257	internal+	1	3	{GeneMark_model.831_t;GeneMark},{Augustus_model.g641.t1;Augustus},{ev_type:exonerate/ID=match.2566964.1225/Target=lcl|KQ954488_1_prot_KWU43553_1_4049;exonerate}
303258	303324	INTRON			{GlimmerHMM_glimmerT_757-T1;GlimmerHMM},{GeneMark_model.831_t;GeneMark},{Augustus_model.g641.t1;Augustus},{ev_type:exonerate/ID=match.2566964.1225/Target=lcl|KQ954488_1_prot_KWU43553_1_4049;exonerate}
303325	303544	internal+	1	1	{GlimmerHMM_glimmerT_757-T1;GlimmerHMM},{GeneMark_model.831_t;GeneMark},{Augustus_model.g641.t1;Augustus},{ev_type:exonerate/ID=match.2566964.1225/Target=lcl|KQ954488_1_prot_KWU43553_1_4049;exonerate}
303545	303617	INTRON			{GlimmerHMM_glimmerT_757-T1;GlimmerHMM},{GeneMark_model.831_t;GeneMark},{Augustus_model.g641.t1;Augustus},{ev_type:exonerate/ID=match.2566964.1225/Target=lcl|KQ954488_1_prot_KWU43553_1_4049;exonerate}
303618	303884	internal+	2	1	{GlimmerHMM_glimmerT_757-T1;GlimmerHMM},{GeneMark_model.831_t;GeneMark},{Augustus_model.g641.t1;Augustus}
303885	304007	INTRON			{GlimmerHMM_glimmerT_757-T1;GlimmerHMM},{GeneMark_model.831_t;GeneMark},{Augustus_model.g641.t1;Augustus}
304008	304300	terminal+	2	3	{GlimmerHMM_glimmerT_757-T1;GlimmerHMM},{GeneMark_model.831_t;GeneMark},{Augustus_model.g641.t1;Augustus}

# EVM prediction: Mode:STANDARD S-ratio: 1.71 305540-306146 orient(-) score(1821.00) noncoding_equivalent(1065.00) raw_noncoding(1312.00) offset(247.00)
305608	305540	terminal-	4	6	{Augustus_model.g642.t1;Augustus},{GeneMark_model.832_t;GeneMark},{GlimmerHMM_glimmerT_758-T1;GlimmerHMM}
305675	305609	INTRON			{Augustus_model.g642.t1;Augustus},{GeneMark_model.832_t;GeneMark},{GlimmerHMM_glimmerT_758-T1;GlimmerHMM}
305821	305676	internal-	5	6	{Augustus_model.g642.t1;Augustus},{GeneMark_model.832_t;GeneMark},{GlimmerHMM_glimmerT_758-T1;GlimmerHMM}
305889	305822	INTRON			{Augustus_model.g642.t1;Augustus},{GeneMark_model.832_t;GeneMark},{GlimmerHMM_glimmerT_758-T1;GlimmerHMM}
305952	305890	internal-	5	4	{Augustus_model.g642.t1;Augustus},{GeneMark_model.832_t;GeneMark},{GlimmerHMM_glimmerT_758-T1;GlimmerHMM}
306052	305953	INTRON			{Augustus_model.g642.t1;Augustus},{GeneMark_model.832_t;GeneMark},{GlimmerHMM_glimmerT_758-T1;GlimmerHMM}
306146	306053	initial-	4	4	{Augustus_model.g642.t1;Augustus},{GeneMark_model.832_t;GeneMark},{GlimmerHMM_glimmerT_758-T1;GlimmerHMM}

# EVM prediction: Mode:STANDARD S-ratio: 30.09 307413-308919 orient(+) score(5958.00) noncoding_equivalent(198.00) raw_noncoding(204.00) offset(6.00)
307413	308812	initial+	1	2	{GlimmerHMM_glimmerT_759-T1;GlimmerHMM},{Augustus_model.g643.t1;Augustus}
308813	308879	INTRON			{GlimmerHMM_glimmerT_759-T1;GlimmerHMM},{Augustus_model.g643.t1;Augustus},{GeneMark_model.833_t;GeneMark}
308880	308919	terminal+	3	3	{GlimmerHMM_glimmerT_759-T1;GlimmerHMM},{Augustus_model.g643.t1;Augustus},{GeneMark_model.833_t;GeneMark}

# EVM prediction: Mode:STANDARD S-ratio: 3.77 309068-311966 orient(-) score(18123.00) noncoding_equivalent(4810.33) raw_noncoding(5950.00) offset(1139.67)
309228	309068	terminal-	5	6	{GlimmerHMM_glimmerT_760-T1;GlimmerHMM},{HiQ_model.g644.t1;HiQ},{GeneMark_model.834_t;GeneMark}
309299	309229	INTRON			{GlimmerHMM_glimmerT_760-T1;GlimmerHMM},{HiQ_model.g644.t1;HiQ},{GeneMark_model.834_t;GeneMark},{ev_type:exonerate/ID=match.2566964.1083/Target=lcl|KQ954536_1_prot_KWU41505_1_6161;exonerate}
309807	309300	internal-	4	4	{GlimmerHMM_glimmerT_760-T1;GlimmerHMM},{HiQ_model.g644.t1;HiQ},{GeneMark_model.834_t;GeneMark},{ev_type:exonerate/ID=match.2566964.1083/Target=lcl|KQ954536_1_prot_KWU41505_1_6161;exonerate}
309876	309808	INTRON			{GlimmerHMM_glimmerT_760-T1;GlimmerHMM},{HiQ_model.g644.t1;HiQ},{GeneMark_model.834_t;GeneMark},{ev_type:exonerate/ID=match.2566964.1083/Target=lcl|KQ954536_1_prot_KWU41505_1_6161;exonerate},{ev_type:exonerate/ID=match.2566964.1093/Target=lcl|NW_017264931_1_prot_XP_018272318_1_2149;exonerate}
310344	309877	internal-	4	6	{GlimmerHMM_glimmerT_760-T1;GlimmerHMM},{HiQ_model.g644.t1;HiQ},{GeneMark_model.834_t;GeneMark},{ev_type:exonerate/ID=match.2566964.1083/Target=lcl|KQ954536_1_prot_KWU41505_1_6161;exonerate},{ev_type:exonerate/ID=match.2566964.1093/Target=lcl|NW_017264931_1_prot_XP_018272318_1_2149;exonerate}
310423	310345	INTRON			{GlimmerHMM_glimmerT_760-T1;GlimmerHMM},{HiQ_model.g644.t1;HiQ},{GeneMark_model.834_t;GeneMark},{ev_type:exonerate/ID=match.2566964.1083/Target=lcl|KQ954536_1_prot_KWU41505_1_6161;exonerate},{ev_type:exonerate/ID=match.2566964.1093/Target=lcl|NW_017264931_1_prot_XP_018272318_1_2149;exonerate}
310669	310424	internal-	4	6	{GlimmerHMM_glimmerT_760-T1;GlimmerHMM},{HiQ_model.g644.t1;HiQ},{GeneMark_model.834_t;GeneMark},{ev_type:exonerate/ID=match.2566964.1083/Target=lcl|KQ954536_1_prot_KWU41505_1_6161;exonerate},{ev_type:exonerate/ID=match.2566964.1093/Target=lcl|NW_017264931_1_prot_XP_018272318_1_2149;exonerate}
310730	310670	INTRON			{GlimmerHMM_glimmerT_760-T1;GlimmerHMM},{HiQ_model.g644.t1;HiQ},{GeneMark_model.834_t;GeneMark},{ev_type:exonerate/ID=match.2566964.1083/Target=lcl|KQ954536_1_prot_KWU41505_1_6161;exonerate},{ev_type:exonerate/ID=match.2566964.1093/Target=lcl|NW_017264931_1_prot_XP_018272318_1_2149;exonerate}
310877	310731	internal-	4	6	{GlimmerHMM_glimmerT_760-T1;GlimmerHMM},{HiQ_model.g644.t1;HiQ},{GeneMark_model.834_t;GeneMark},{ev_type:exonerate/ID=match.2566964.1083/Target=lcl|KQ954536_1_prot_KWU41505_1_6161;exonerate},{ev_type:exonerate/ID=match.2566964.1093/Target=lcl|NW_017264931_1_prot_XP_018272318_1_2149;exonerate}
310944	310878	INTRON			{GlimmerHMM_glimmerT_760-T1;GlimmerHMM},{HiQ_model.g644.t1;HiQ},{GeneMark_model.834_t;GeneMark},{ev_type:exonerate/ID=match.2566964.1083/Target=lcl|KQ954536_1_prot_KWU41505_1_6161;exonerate},{ev_type:exonerate/ID=match.2566964.1093/Target=lcl|NW_017264931_1_prot_XP_018272318_1_2149;exonerate}
311062	310945	internal-	6	6	{GlimmerHMM_glimmerT_760-T1;GlimmerHMM},{HiQ_model.g644.t1;HiQ},{GeneMark_model.834_t;GeneMark},{ev_type:exonerate/ID=match.2566964.1083/Target=lcl|KQ954536_1_prot_KWU41505_1_6161;exonerate},{ev_type:exonerate/ID=match.2566964.1093/Target=lcl|NW_017264931_1_prot_XP_018272318_1_2149;exonerate}
311126	311063	INTRON			{GlimmerHMM_glimmerT_760-T1;GlimmerHMM},{HiQ_model.g644.t1;HiQ},{GeneMark_model.834_t;GeneMark},{ev_type:exonerate/ID=match.2566964.1083/Target=lcl|KQ954536_1_prot_KWU41505_1_6161;exonerate},{ev_type:exonerate/ID=match.2566964.1093/Target=lcl|NW_017264931_1_prot_XP_018272318_1_2149;exonerate}
311259	311127	internal-	5	5	{GlimmerHMM_glimmerT_760-T1;GlimmerHMM},{HiQ_model.g644.t1;HiQ},{GeneMark_model.834_t;GeneMark},{ev_type:exonerate/ID=match.2566964.1083/Target=lcl|KQ954536_1_prot_KWU41505_1_6161;exonerate},{ev_type:exonerate/ID=match.2566964.1093/Target=lcl|NW_017264931_1_prot_XP_018272318_1_2149;exonerate}
311329	311260	INTRON			{GlimmerHMM_glimmerT_760-T1;GlimmerHMM},{HiQ_model.g644.t1;HiQ},{GeneMark_model.834_t;GeneMark},{ev_type:exonerate/ID=match.2566964.1083/Target=lcl|KQ954536_1_prot_KWU41505_1_6161;exonerate},{ev_type:exonerate/ID=match.2566964.1093/Target=lcl|NW_017264931_1_prot_XP_018272318_1_2149;exonerate}
311411	311330	internal-	4	4	{GlimmerHMM_glimmerT_760-T1;GlimmerHMM},{HiQ_model.g644.t1;HiQ},{GeneMark_model.834_t;GeneMark},{ev_type:exonerate/ID=match.2566964.1083/Target=lcl|KQ954536_1_prot_KWU41505_1_6161;exonerate},{ev_type:exonerate/ID=match.2566964.1093/Target=lcl|NW_017264931_1_prot_XP_018272318_1_2149;exonerate}
311477	311412	INTRON			{GlimmerHMM_glimmerT_760-T1;GlimmerHMM},{HiQ_model.g644.t1;HiQ},{GeneMark_model.834_t;GeneMark},{ev_type:exonerate/ID=match.2566964.1083/Target=lcl|KQ954536_1_prot_KWU41505_1_6161;exonerate},{ev_type:exonerate/ID=match.2566964.1093/Target=lcl|NW_017264931_1_prot_XP_018272318_1_2149;exonerate}
311611	311478	internal-	5	6	{GlimmerHMM_glimmerT_760-T1;GlimmerHMM},{HiQ_model.g644.t1;HiQ},{GeneMark_model.834_t;GeneMark},{ev_type:exonerate/ID=match.2566964.1083/Target=lcl|KQ954536_1_prot_KWU41505_1_6161;exonerate},{ev_type:exonerate/ID=match.2566964.1093/Target=lcl|NW_017264931_1_prot_XP_018272318_1_2149;exonerate}
311692	311612	INTRON			{GlimmerHMM_glimmerT_760-T1;GlimmerHMM},{HiQ_model.g644.t1;HiQ},{GeneMark_model.834_t;GeneMark},{ev_type:exonerate/ID=match.2566964.1083/Target=lcl|KQ954536_1_prot_KWU41505_1_6161;exonerate},{ev_type:exonerate/ID=match.2566964.1093/Target=lcl|NW_017264931_1_prot_XP_018272318_1_2149;exonerate}
311966	311693	initial-	4	4	{GlimmerHMM_glimmerT_760-T1;GlimmerHMM},{HiQ_model.g644.t1;HiQ},{GeneMark_model.834_t;GeneMark}

# EVM prediction: Mode:STANDARD S-ratio: 3.54 312316-313953 orient(+) score(5496.00) noncoding_equivalent(1553.30) raw_noncoding(2040.00) offset(486.70)
312316	312549	initial+	1	3	{GlimmerHMM_glimmerT_761-T1;GlimmerHMM},{Augustus_model.g645.t1;Augustus}
312550	312646	INTRON			{GlimmerHMM_glimmerT_761-T1;GlimmerHMM},{Augustus_model.g645.t1;Augustus}
312647	312902	internal+	1	1	{GlimmerHMM_glimmerT_761-T1;GlimmerHMM},{GeneMark_model.835_t;GeneMark},{Augustus_model.g645.t1;Augustus}
312903	312958	INTRON			{GlimmerHMM_glimmerT_761-T1;GlimmerHMM},{GeneMark_model.835_t;GeneMark},{Augustus_model.g645.t1;Augustus}
312959	313028	internal+	2	2	{GlimmerHMM_glimmerT_761-T1;GlimmerHMM},{GeneMark_model.835_t;GeneMark},{Augustus_model.g645.t1;Augustus}
313029	313092	INTRON			{GlimmerHMM_glimmerT_761-T1;GlimmerHMM},{GeneMark_model.835_t;GeneMark},{Augustus_model.g645.t1;Augustus}
313093	313216	internal+	3	3	{GlimmerHMM_glimmerT_761-T1;GlimmerHMM},{GeneMark_model.835_t;GeneMark},{Augustus_model.g645.t1;Augustus}
313217	313356	INTRON			{GlimmerHMM_glimmerT_761-T1;GlimmerHMM},{GeneMark_model.835_t;GeneMark},{Augustus_model.g645.t1;Augustus}
313357	313701	internal+	1	3	{GlimmerHMM_glimmerT_761-T1;GlimmerHMM},{GeneMark_model.835_t;GeneMark},{Augustus_model.g645.t1;Augustus}
313702	313779	INTRON			{GeneMark_model.835_t;GeneMark},{Augustus_model.g645.t1;Augustus}
313780	313953	terminal+	1	3	{GeneMark_model.835_t;GeneMark},{Augustus_model.g645.t1;Augustus}

# EVM prediction: Mode:STANDARD S-ratio: 1.57 314237-318618 orient(-) score(11665.00) noncoding_equivalent(7413.23) raw_noncoding(10536.00) offset(3122.77)
314518	314237	terminal-	4	6	{GlimmerHMM_glimmerT_762-T1;GlimmerHMM},{Augustus_model.g646.t1;Augustus},{GeneMark_model.836_t;GeneMark}
314585	314519	INTRON			{GlimmerHMM_glimmerT_762-T1;GlimmerHMM},{Augustus_model.g646.t1;Augustus},{GeneMark_model.836_t;GeneMark}
314614	314586	internal-	5	6	{GlimmerHMM_glimmerT_762-T1;GlimmerHMM},{Augustus_model.g646.t1;Augustus},{GeneMark_model.836_t;GeneMark}
314684	314615	INTRON			{Augustus_model.g646.t1;Augustus},{GeneMark_model.836_t;GeneMark}
314693	314685	internal-	5	4	{Augustus_model.g646.t1;Augustus},{GeneMark_model.836_t;GeneMark}
314763	314694	INTRON			{Augustus_model.g646.t1;Augustus},{GeneMark_model.836_t;GeneMark}
314820	314764	internal-	5	4	{Augustus_model.g646.t1;Augustus},{GeneMark_model.836_t;GeneMark}
314884	314821	INTRON			{Augustus_model.g646.t1;Augustus},{GeneMark_model.836_t;GeneMark}
314967	314885	internal-	6	4	{GlimmerHMM_glimmerT_762-T1;GlimmerHMM},{Augustus_model.g646.t1;Augustus},{GeneMark_model.836_t;GeneMark}
315029	314968	INTRON			{GlimmerHMM_glimmerT_762-T1;GlimmerHMM},{Augustus_model.g646.t1;Augustus},{GeneMark_model.836_t;GeneMark}
315098	315030	internal-	6	5	{GlimmerHMM_glimmerT_762-T1;GlimmerHMM},{Augustus_model.g646.t1;Augustus},{GeneMark_model.836_t;GeneMark}
315176	315099	INTRON			{GlimmerHMM_glimmerT_762-T1;GlimmerHMM},{Augustus_model.g646.t1;Augustus},{GeneMark_model.836_t;GeneMark}
315243	315177	internal-	5	5	{GlimmerHMM_glimmerT_762-T1;GlimmerHMM},{Augustus_model.g646.t1;Augustus},{GeneMark_model.836_t;GeneMark}
315304	315244	INTRON			{GlimmerHMM_glimmerT_762-T1;GlimmerHMM},{Augustus_model.g646.t1;Augustus},{GeneMark_model.836_t;GeneMark}
315380	315305	internal-	4	4	{Augustus_model.g646.t1;Augustus},{GeneMark_model.836_t;GeneMark}
315446	315381	INTRON			{Augustus_model.g646.t1;Augustus},{GeneMark_model.836_t;GeneMark}
315636	315447	internal-	6	6	{Augustus_model.g646.t1;Augustus},{GeneMark_model.836_t;GeneMark}
315707	315637	INTRON			{GlimmerHMM_glimmerT_762-T1;GlimmerHMM},{Augustus_model.g646.t1;Augustus},{GeneMark_model.836_t;GeneMark}
315737	315708	internal-	6	5	{GlimmerHMM_glimmerT_762-T1;GlimmerHMM},{Augustus_model.g646.t1;Augustus},{GeneMark_model.836_t;GeneMark}
315802	315738	INTRON			{GlimmerHMM_glimmerT_762-T1;GlimmerHMM},{Augustus_model.g646.t1;Augustus},{GeneMark_model.836_t;GeneMark}
315876	315803	internal-	4	5	{GlimmerHMM_glimmerT_762-T1;GlimmerHMM},{Augustus_model.g646.t1;Augustus},{GeneMark_model.836_t;GeneMark}
315944	315877	INTRON			{GlimmerHMM_glimmerT_762-T1;GlimmerHMM},{Augustus_model.g646.t1;Augustus},{GeneMark_model.836_t;GeneMark}
315957	315945	internal-	6	6	{GlimmerHMM_glimmerT_762-T1;GlimmerHMM},{Augustus_model.g646.t1;Augustus},{GeneMark_model.836_t;GeneMark}
316018	315958	INTRON			{GlimmerHMM_glimmerT_762-T1;GlimmerHMM},{Augustus_model.g646.t1;Augustus},{GeneMark_model.836_t;GeneMark}
316049	316019	internal-	5	5	{GlimmerHMM_glimmerT_762-T1;GlimmerHMM},{Augustus_model.g646.t1;Augustus},{GeneMark_model.836_t;GeneMark}
316119	316050	INTRON			{GlimmerHMM_glimmerT_762-T1;GlimmerHMM},{Augustus_model.g646.t1;Augustus},{GeneMark_model.836_t;GeneMark}
316300	316120	internal-	4	4	{GlimmerHMM_glimmerT_762-T1;GlimmerHMM},{Augustus_model.g646.t1;Augustus},{GeneMark_model.836_t;GeneMark}
316361	316301	INTRON			{GlimmerHMM_glimmerT_762-T1;GlimmerHMM},{Augustus_model.g646.t1;Augustus},{GeneMark_model.836_t;GeneMark}
316380	316362	internal-	6	6	{GlimmerHMM_glimmerT_762-T1;GlimmerHMM},{Augustus_model.g646.t1;Augustus},{GeneMark_model.836_t;GeneMark}
316459	316381	INTRON			{GlimmerHMM_glimmerT_762-T1;GlimmerHMM},{Augustus_model.g646.t1;Augustus},{GeneMark_model.836_t;GeneMark}
316525	316460	internal-	6	5	{Augustus_model.g646.t1;Augustus},{GeneMark_model.836_t;GeneMark}
317254	316526	INTRON			{Augustus_model.g646.t1;Augustus},{GeneMark_model.836_t;GeneMark}
317642	317255	internal-	5	5	{Augustus_model.g646.t1;Augustus},{GeneMark_model.836_t;GeneMark}
317824	317643	INTRON			{Augustus_model.g646.t1;Augustus},{GeneMark_model.836_t;GeneMark}
318056	317825	internal-	4	4	{Augustus_model.g646.t1;Augustus},{GeneMark_model.836_t;GeneMark}
318137	318057	INTRON			{Augustus_model.g646.t1;Augustus},{GeneMark_model.836_t;GeneMark}
318315	318138	internal-	6	6	{Augustus_model.g646.t1;Augustus},{GeneMark_model.836_t;GeneMark}
318379	318316	INTRON			{Augustus_model.g646.t1;Augustus},{GlimmerHMM_glimmerT_763-T1;GlimmerHMM},{GeneMark_model.836_t;GeneMark}
318618	318380	initial-	4	5	{Augustus_model.g646.t1;Augustus},{GlimmerHMM_glimmerT_763-T1;GlimmerHMM},{GeneMark_model.836_t;GeneMark}

# EVM prediction: Mode:STANDARD S-ratio: 4.10 319098-320906 orient(-) score(12228.00) noncoding_equivalent(2985.00) raw_noncoding(3864.00) offset(879.00)
319109	319098	terminal-	4	6	{GeneMark_model.837_t;GeneMark},{Augustus_model.g647.t1;Augustus},{GlimmerHMM_glimmerT_764-T1;GlimmerHMM}
319177	319110	INTRON			{GeneMark_model.837_t;GeneMark},{Augustus_model.g647.t1;Augustus},{GlimmerHMM_glimmerT_764-T1;GlimmerHMM}
319238	319178	internal-	6	6	{GeneMark_model.837_t;GeneMark},{Augustus_model.g647.t1;Augustus},{GlimmerHMM_glimmerT_764-T1;GlimmerHMM}
319307	319239	INTRON			{GeneMark_model.837_t;GeneMark},{Augustus_model.g647.t1;Augustus},{GlimmerHMM_glimmerT_764-T1;GlimmerHMM},{ev_type:exonerate/ID=match.2566964.1209/Target=lcl|KQ954466_1_prot_KWU46611_1_700;exonerate},{ev_type:exonerate/ID=match.2566964.1212/Target=lcl|NW_017264931_1_prot_XP_018272333_1_2164;exonerate},{ev_type:exonerate/ID=match.2566964.1213/Target=lcl|LCTV02000001_1_prot_PRQ77974_1_674;exonerate},{ev_type:exonerate/ID=match.2566964.1218/Target=lcl|BJWK01000002_1_prot_GEM06866_1_883;exonerate}
319421	319308	internal-	6	5	{GeneMark_model.837_t;GeneMark},{Augustus_model.g647.t1;Augustus},{GlimmerHMM_glimmerT_764-T1;GlimmerHMM},{ev_type:exonerate/ID=match.2566964.1209/Target=lcl|KQ954466_1_prot_KWU46611_1_700;exonerate},{ev_type:exonerate/ID=match.2566964.1212/Target=lcl|NW_017264931_1_prot_XP_018272333_1_2164;exonerate},{ev_type:exonerate/ID=match.2566964.1213/Target=lcl|LCTV02000001_1_prot_PRQ77974_1_674;exonerate},{ev_type:exonerate/ID=match.2566964.1218/Target=lcl|BJWK01000002_1_prot_GEM06866_1_883;exonerate}
319485	319422	INTRON			{GeneMark_model.837_t;GeneMark},{Augustus_model.g647.t1;Augustus},{GlimmerHMM_glimmerT_764-T1;GlimmerHMM},{ev_type:exonerate/ID=match.2566964.1209/Target=lcl|KQ954466_1_prot_KWU46611_1_700;exonerate},{ev_type:exonerate/ID=match.2566964.1212/Target=lcl|NW_017264931_1_prot_XP_018272333_1_2164;exonerate},{ev_type:exonerate/ID=match.2566964.1213/Target=lcl|LCTV02000001_1_prot_PRQ77974_1_674;exonerate},{ev_type:exonerate/ID=match.2566964.1218/Target=lcl|BJWK01000002_1_prot_GEM06866_1_883;exonerate}
319742	319486	internal-	4	5	{GeneMark_model.837_t;GeneMark},{Augustus_model.g647.t1;Augustus},{GlimmerHMM_glimmerT_764-T1;GlimmerHMM},{ev_type:exonerate/ID=match.2566964.1209/Target=lcl|KQ954466_1_prot_KWU46611_1_700;exonerate},{ev_type:exonerate/ID=match.2566964.1212/Target=lcl|NW_017264931_1_prot_XP_018272333_1_2164;exonerate},{ev_type:exonerate/ID=match.2566964.1213/Target=lcl|LCTV02000001_1_prot_PRQ77974_1_674;exonerate},{ev_type:exonerate/ID=match.2566964.1218/Target=lcl|BJWK01000002_1_prot_GEM06866_1_883;exonerate}
319806	319743	INTRON			{GeneMark_model.837_t;GeneMark},{Augustus_model.g647.t1;Augustus},{ev_type:exonerate/ID=match.2566964.1209/Target=lcl|KQ954466_1_prot_KWU46611_1_700;exonerate},{ev_type:exonerate/ID=match.2566964.1212/Target=lcl|NW_017264931_1_prot_XP_018272333_1_2164;exonerate},{ev_type:exonerate/ID=match.2566964.1213/Target=lcl|LCTV02000001_1_prot_PRQ77974_1_674;exonerate},{ev_type:exonerate/ID=match.2566964.1218/Target=lcl|BJWK01000002_1_prot_GEM06866_1_883;exonerate}
320106	319807	internal-	4	6	{GeneMark_model.837_t;GeneMark},{Augustus_model.g647.t1;Augustus},{ev_type:exonerate/ID=match.2566964.1209/Target=lcl|KQ954466_1_prot_KWU46611_1_700;exonerate},{ev_type:exonerate/ID=match.2566964.1212/Target=lcl|NW_017264931_1_prot_XP_018272333_1_2164;exonerate},{ev_type:exonerate/ID=match.2566964.1213/Target=lcl|LCTV02000001_1_prot_PRQ77974_1_674;exonerate},{ev_type:exonerate/ID=match.2566964.1218/Target=lcl|BJWK01000002_1_prot_GEM06866_1_883;exonerate}
320167	320107	INTRON			{GeneMark_model.837_t;GeneMark},{Augustus_model.g647.t1;Augustus},{GlimmerHMM_glimmerT_764-T1;GlimmerHMM},{ev_type:exonerate/ID=match.2566964.1209/Target=lcl|KQ954466_1_prot_KWU46611_1_700;exonerate},{ev_type:exonerate/ID=match.2566964.1212/Target=lcl|NW_017264931_1_prot_XP_018272333_1_2164;exonerate},{ev_type:exonerate/ID=match.2566964.1213/Target=lcl|LCTV02000001_1_prot_PRQ77974_1_674;exonerate},{ev_type:exonerate/ID=match.2566964.1218/Target=lcl|BJWK01000002_1_prot_GEM06866_1_883;exonerate}
320251	320168	internal-	4	6	{GeneMark_model.837_t;GeneMark},{Augustus_model.g647.t1;Augustus},{GlimmerHMM_glimmerT_764-T1;GlimmerHMM},{ev_type:exonerate/ID=match.2566964.1209/Target=lcl|KQ954466_1_prot_KWU46611_1_700;exonerate},{ev_type:exonerate/ID=match.2566964.1212/Target=lcl|NW_017264931_1_prot_XP_018272333_1_2164;exonerate},{ev_type:exonerate/ID=match.2566964.1213/Target=lcl|LCTV02000001_1_prot_PRQ77974_1_674;exonerate},{ev_type:exonerate/ID=match.2566964.1218/Target=lcl|BJWK01000002_1_prot_GEM06866_1_883;exonerate}
320324	320252	INTRON			{GeneMark_model.837_t;GeneMark},{Augustus_model.g647.t1;Augustus},{GlimmerHMM_glimmerT_764-T1;GlimmerHMM},{ev_type:exonerate/ID=match.2566964.1209/Target=lcl|KQ954466_1_prot_KWU46611_1_700;exonerate},{ev_type:exonerate/ID=match.2566964.1212/Target=lcl|NW_017264931_1_prot_XP_018272333_1_2164;exonerate},{ev_type:exonerate/ID=match.2566964.1213/Target=lcl|LCTV02000001_1_prot_PRQ77974_1_674;exonerate},{ev_type:exonerate/ID=match.2566964.1218/Target=lcl|BJWK01000002_1_prot_GEM06866_1_883;exonerate}
320389	320325	internal-	5	6	{GeneMark_model.837_t;GeneMark},{Augustus_model.g647.t1;Augustus},{GlimmerHMM_glimmerT_764-T1;GlimmerHMM},{ev_type:exonerate/ID=match.2566964.1209/Target=lcl|KQ954466_1_prot_KWU46611_1_700;exonerate},{ev_type:exonerate/ID=match.2566964.1212/Target=lcl|NW_017264931_1_prot_XP_018272333_1_2164;exonerate},{ev_type:exonerate/ID=match.2566964.1213/Target=lcl|LCTV02000001_1_prot_PRQ77974_1_674;exonerate}
320878	320390	INTRON			{GeneMark_model.837_t;GeneMark},{Augustus_model.g647.t1;Augustus},{GlimmerHMM_glimmerT_764-T1;GlimmerHMM},{ev_type:exonerate/ID=match.2566964.1209/Target=lcl|KQ954466_1_prot_KWU46611_1_700;exonerate},{ev_type:exonerate/ID=match.2566964.1212/Target=lcl|NW_017264931_1_prot_XP_018272333_1_2164;exonerate},{ev_type:exonerate/ID=match.2566964.1213/Target=lcl|LCTV02000001_1_prot_PRQ77974_1_674;exonerate}
320906	320879	initial-	4	4	{GeneMark_model.837_t;GeneMark},{Augustus_model.g647.t1;Augustus},{GlimmerHMM_glimmerT_764-T1;GlimmerHMM}

# EVM prediction: Mode:STANDARD S-ratio: 3.00 321331-323767 orient(-) score(12886.00) noncoding_equivalent(4292.00) raw_noncoding(4825.00) offset(533.00)
321603	321331	terminal-	4	6	{HiQ_model.g648.t1;HiQ},{GeneMark_model.838_t;GeneMark},{GlimmerHMM_glimmerT_765-T1;GlimmerHMM}
321681	321604	INTRON			{HiQ_model.g648.t1;HiQ},{GeneMark_model.838_t;GeneMark},{GlimmerHMM_glimmerT_765-T1;GlimmerHMM},{ev_type:exonerate/ID=match.2566964.1090/Target=lcl|KQ954466_1_prot_KWU46612_1_701;exonerate}
322167	321682	internal-	4	6	{HiQ_model.g648.t1;HiQ},{GeneMark_model.838_t;GeneMark},{GlimmerHMM_glimmerT_765-T1;GlimmerHMM},{ev_type:exonerate/ID=match.2566964.1090/Target=lcl|KQ954466_1_prot_KWU46612_1_701;exonerate}
322232	322168	INTRON			{HiQ_model.g648.t1;HiQ},{GeneMark_model.838_t;GeneMark},{GlimmerHMM_glimmerT_765-T1;GlimmerHMM},{ev_type:exonerate/ID=match.2566964.1090/Target=lcl|KQ954466_1_prot_KWU46612_1_701;exonerate}
322697	322233	internal-	4	6	{HiQ_model.g648.t1;HiQ},{GeneMark_model.838_t;GeneMark},{GlimmerHMM_glimmerT_765-T1;GlimmerHMM},{ev_type:exonerate/ID=match.2566964.1090/Target=lcl|KQ954466_1_prot_KWU46612_1_701;exonerate}
322761	322698	INTRON			{HiQ_model.g648.t1;HiQ},{GeneMark_model.838_t;GeneMark},{GlimmerHMM_glimmerT_765-T1;GlimmerHMM},{snap_scaffold_2-snap.142-T1;snap},{ev_type:exonerate/ID=match.2566964.1090/Target=lcl|KQ954466_1_prot_KWU46612_1_701;exonerate}
323208	322762	internal-	4	6	{HiQ_model.g648.t1;HiQ},{GeneMark_model.838_t;GeneMark},{GlimmerHMM_glimmerT_765-T1;GlimmerHMM},{ev_type:exonerate/ID=match.2566964.1090/Target=lcl|KQ954466_1_prot_KWU46612_1_701;exonerate}
323269	323209	INTRON			{HiQ_model.g648.t1;HiQ},{GeneMark_model.838_t;GeneMark},{GlimmerHMM_glimmerT_765-T1;GlimmerHMM},{ev_type:exonerate/ID=match.2566964.1090/Target=lcl|KQ954466_1_prot_KWU46612_1_701;exonerate}
323424	323270	internal-	5	6	{HiQ_model.g648.t1;HiQ},{GeneMark_model.838_t;GeneMark},{GlimmerHMM_glimmerT_765-T1;GlimmerHMM},{ev_type:exonerate/ID=match.2566964.1090/Target=lcl|KQ954466_1_prot_KWU46612_1_701;exonerate}
323484	323425	INTRON			{HiQ_model.g648.t1;HiQ},{GeneMark_model.838_t;GeneMark},{GlimmerHMM_glimmerT_765-T1;GlimmerHMM},{ev_type:exonerate/ID=match.2566964.1090/Target=lcl|KQ954466_1_prot_KWU46612_1_701;exonerate}
323767	323485	initial-	4	4	{HiQ_model.g648.t1;HiQ},{GeneMark_model.838_t;GeneMark},{GlimmerHMM_glimmerT_765-T1;GlimmerHMM}

# EVM prediction: Mode:STANDARD S-ratio: 2.67 324182-326445 orient(-) score(8500.00) noncoding_equivalent(3188.81) raw_noncoding(4312.00) offset(1123.19)
324383	324182	terminal-	6	6	{GeneMark_model.839_t;GeneMark},{Augustus_model.g649.t1;Augustus},{GlimmerHMM_glimmerT_766-T1;GlimmerHMM}
324484	324384	INTRON			{GeneMark_model.839_t;GeneMark},{Augustus_model.g649.t1;Augustus},{GlimmerHMM_glimmerT_766-T1;GlimmerHMM}
324513	324485	internal-	4	5	{GeneMark_model.839_t;GeneMark},{Augustus_model.g649.t1;Augustus},{GlimmerHMM_glimmerT_766-T1;GlimmerHMM}
324582	324514	INTRON			{GeneMark_model.839_t;GeneMark},{Augustus_model.g649.t1;Augustus},{GlimmerHMM_glimmerT_766-T1;GlimmerHMM}
324619	324583	internal-	6	6	{GeneMark_model.839_t;GeneMark},{Augustus_model.g649.t1;Augustus}
324688	324620	INTRON			{GeneMark_model.839_t;GeneMark},{Augustus_model.g649.t1;Augustus}
324725	324689	internal-	5	5	{GeneMark_model.839_t;GeneMark},{Augustus_model.g649.t1;Augustus}
324806	324726	INTRON			{GeneMark_model.839_t;GeneMark},{Augustus_model.g649.t1;Augustus},{GlimmerHMM_glimmerT_766-T1;GlimmerHMM}
324894	324807	internal-	4	4	{GeneMark_model.839_t;GeneMark},{Augustus_model.g649.t1;Augustus},{GlimmerHMM_glimmerT_766-T1;GlimmerHMM}
324965	324895	INTRON			{GeneMark_model.839_t;GeneMark},{Augustus_model.g649.t1;Augustus},{GlimmerHMM_glimmerT_766-T1;GlimmerHMM},{ev_type:exonerate/ID=match.2566964.1220/Target=lcl|KQ954482_1_prot_KWU44162_1_3574;exonerate}
325006	324966	internal-	5	6	{GeneMark_model.839_t;GeneMark},{Augustus_model.g649.t1;Augustus},{GlimmerHMM_glimmerT_766-T1;GlimmerHMM},{ev_type:exonerate/ID=match.2566964.1220/Target=lcl|KQ954482_1_prot_KWU44162_1_3574;exonerate}
325070	325007	INTRON			{GeneMark_model.839_t;GeneMark},{Augustus_model.g649.t1;Augustus},{GlimmerHMM_glimmerT_766-T1;GlimmerHMM},{ev_type:exonerate/ID=match.2566964.1220/Target=lcl|KQ954482_1_prot_KWU44162_1_3574;exonerate}
325195	325071	internal-	6	4	{GeneMark_model.839_t;GeneMark},{Augustus_model.g649.t1;Augustus},{GlimmerHMM_glimmerT_766-T1;GlimmerHMM},{ev_type:exonerate/ID=match.2566964.1220/Target=lcl|KQ954482_1_prot_KWU44162_1_3574;exonerate}
325264	325196	INTRON			{GeneMark_model.839_t;GeneMark},{Augustus_model.g649.t1;Augustus},{GlimmerHMM_glimmerT_766-T1;GlimmerHMM},{ev_type:exonerate/ID=match.2566964.1220/Target=lcl|KQ954482_1_prot_KWU44162_1_3574;exonerate}
325668	325265	internal-	4	5	{GeneMark_model.839_t;GeneMark},{Augustus_model.g649.t1;Augustus},{ev_type:exonerate/ID=match.2566964.1220/Target=lcl|KQ954482_1_prot_KWU44162_1_3574;exonerate}
325744	325669	INTRON			{GeneMark_model.839_t;GeneMark},{Augustus_model.g649.t1;Augustus},{ev_type:exonerate/ID=match.2566964.1220/Target=lcl|KQ954482_1_prot_KWU44162_1_3574;exonerate}
325941	325745	internal-	5	6	{GeneMark_model.839_t;GeneMark},{Augustus_model.g649.t1;Augustus},{ev_type:exonerate/ID=match.2566964.1220/Target=lcl|KQ954482_1_prot_KWU44162_1_3574;exonerate}
326005	325942	INTRON			{GeneMark_model.839_t;GeneMark},{Augustus_model.g649.t1;Augustus},{GlimmerHMM_glimmerT_766-T1;GlimmerHMM},{ev_type:exonerate/ID=match.2566964.1220/Target=lcl|KQ954482_1_prot_KWU44162_1_3574;exonerate}
326101	326006	internal-	5	4	{GeneMark_model.839_t;GeneMark},{Augustus_model.g649.t1;Augustus},{GlimmerHMM_glimmerT_766-T1;GlimmerHMM}
326177	326102	INTRON			{GeneMark_model.839_t;GeneMark}
326198	326178	internal-	5	4	{GeneMark_model.839_t;GeneMark}
326269	326199	INTRON			{GeneMark_model.839_t;GeneMark},{Augustus_model.g649.t1;Augustus},{ev_type:exonerate/ID=match.2566964.1220/Target=lcl|KQ954482_1_prot_KWU44162_1_3574;exonerate}
326303	326270	internal-	4	4	{GeneMark_model.839_t;GeneMark},{GlimmerHMM_glimmerT_766-T1;GlimmerHMM},{ev_type:exonerate/ID=match.2566964.1220/Target=lcl|KQ954482_1_prot_KWU44162_1_3574;exonerate}
326415	326304	INTRON			{GeneMark_model.839_t;GeneMark},{Augustus_model.g649.t1;Augustus},{GlimmerHMM_glimmerT_766-T1;GlimmerHMM},{ev_type:exonerate/ID=match.2566964.1220/Target=lcl|KQ954482_1_prot_KWU44162_1_3574;exonerate}
326445	326416	initial-	4	6	{GeneMark_model.839_t;GeneMark},{GlimmerHMM_glimmerT_766-T1;GlimmerHMM}

# EVM prediction: Mode:STANDARD S-ratio: 2.85 327275-328901 orient(+) score(4917.00) noncoding_equivalent(1726.53) raw_noncoding(2095.00) offset(368.47)
327275	327786	initial+	1	2	{GeneMark_model.840_t;GeneMark},{Augustus_model.g650.t1;Augustus}
327787	327857	INTRON			{snap_scaffold_2-snap.144-T1;snap},{GeneMark_model.840_t;GeneMark},{Augustus_model.g650.t1;Augustus}
327858	328073	internal+	3	2	{GeneMark_model.840_t;GeneMark},{Augustus_model.g650.t1;Augustus}
328074	328149	INTRON			{GeneMark_model.840_t;GeneMark}
328150	328418	internal+	3	1	{GeneMark_model.840_t;GeneMark}
328419	328494	INTRON			{GlimmerHMM_glimmerT_768-T1;GlimmerHMM},{GeneMark_model.840_t;GeneMark},{Augustus_model.g650.t1;Augustus}
328495	328901	terminal+	2	3	{GlimmerHMM_glimmerT_768-T1;GlimmerHMM},{snap_scaffold_2-snap.144-T1;snap},{GeneMark_model.840_t;GeneMark},{Augustus_model.g650.t1;Augustus}

# EVM prediction: Mode:STANDARD S-ratio: 4.51 329239-334480 orient(-) score(17928.00) noncoding_equivalent(3972.60) raw_noncoding(5635.00) offset(1662.40)
329294	329239	terminal-	5	6	{GeneMark_model.841_t;GeneMark},{GlimmerHMM_glimmerT_769-T1;GlimmerHMM},{Augustus_model.g651.t1;Augustus}
329353	329295	INTRON			{GeneMark_model.841_t;GeneMark},{GlimmerHMM_glimmerT_769-T1;GlimmerHMM},{Augustus_model.g651.t1;Augustus}
329504	329354	internal-	4	4	{GeneMark_model.841_t;GeneMark},{GlimmerHMM_glimmerT_769-T1;GlimmerHMM},{Augustus_model.g651.t1;Augustus}
330094	329505	INTRON			{GlimmerHMM_glimmerT_769-T1;GlimmerHMM},{Augustus_model.g651.t1;Augustus}
332875	330095	internal-	4	6	{GlimmerHMM_glimmerT_769-T1;GlimmerHMM},{Augustus_model.g651.t1;Augustus}
332943	332876	INTRON			{GlimmerHMM_glimmerT_769-T1;GlimmerHMM},{GeneMark_model.842_t;GeneMark},{Augustus_model.g651.t1;Augustus}
333087	332944	internal-	4	6	{GlimmerHMM_glimmerT_769-T1;GlimmerHMM},{GeneMark_model.842_t;GeneMark},{Augustus_model.g651.t1;Augustus}
333155	333088	INTRON			{GlimmerHMM_glimmerT_769-T1;GlimmerHMM},{GeneMark_model.842_t;GeneMark},{Augustus_model.g651.t1;Augustus}
333253	333156	internal-	5	6	{GlimmerHMM_glimmerT_769-T1;GlimmerHMM},{GeneMark_model.842_t;GeneMark},{Augustus_model.g651.t1;Augustus}
333315	333254	INTRON			{GlimmerHMM_glimmerT_769-T1;GlimmerHMM},{GeneMark_model.842_t;GeneMark},{Augustus_model.g651.t1;Augustus}
333577	333316	internal-	4	4	{GlimmerHMM_glimmerT_769-T1;GlimmerHMM},{GeneMark_model.842_t;GeneMark},{Augustus_model.g651.t1;Augustus}
333644	333578	INTRON			{GlimmerHMM_glimmerT_769-T1;GlimmerHMM},{GeneMark_model.842_t;GeneMark},{Augustus_model.g651.t1;Augustus}
333733	333645	internal-	5	6	{GlimmerHMM_glimmerT_769-T1;GlimmerHMM},{GeneMark_model.842_t;GeneMark},{Augustus_model.g651.t1;Augustus}
333800	333734	INTRON			{GlimmerHMM_glimmerT_769-T1;GlimmerHMM},{GeneMark_model.842_t;GeneMark},{Augustus_model.g651.t1;Augustus}
333921	333801	internal-	4	4	{GlimmerHMM_glimmerT_769-T1;GlimmerHMM},{GeneMark_model.842_t;GeneMark},{Augustus_model.g651.t1;Augustus}
334012	333922	INTRON			{GlimmerHMM_glimmerT_769-T1;GlimmerHMM},{GeneMark_model.842_t;GeneMark},{Augustus_model.g651.t1;Augustus}
334480	334013	initial-	4	6	{GlimmerHMM_glimmerT_769-T1;GlimmerHMM},{GeneMark_model.842_t;GeneMark},{Augustus_model.g651.t1;Augustus}

# EVM prediction: Mode:STANDARD S-ratio: 3.10 335600-340407 orient(+) score(15108.00) noncoding_equivalent(4866.29) raw_noncoding(5656.00) offset(789.71)
335600	335876	initial+	1	1	{Augustus_model.g652.t1;Augustus},{GlimmerHMM_glimmerT_770-T1;GlimmerHMM}
335877	335957	INTRON			{Augustus_model.g652.t1;Augustus},{GlimmerHMM_glimmerT_770-T1;GlimmerHMM}
335958	336971	internal+	2	1	{Augustus_model.g652.t1;Augustus},{GlimmerHMM_glimmerT_770-T1;GlimmerHMM}
336972	337036	INTRON			{Augustus_model.g652.t1;Augustus},{GeneMark_model.843_t;GeneMark},{GlimmerHMM_glimmerT_770-T1;GlimmerHMM}
337037	337130	internal+	2	2	{Augustus_model.g652.t1;Augustus},{GeneMark_model.843_t;GeneMark},{GlimmerHMM_glimmerT_770-T1;GlimmerHMM}
337131	337201	INTRON			{Augustus_model.g652.t1;Augustus},{GeneMark_model.843_t;GeneMark},{GlimmerHMM_glimmerT_770-T1;GlimmerHMM}
337202	337475	internal+	3	3	{Augustus_model.g652.t1;Augustus},{GeneMark_model.843_t;GeneMark},{GlimmerHMM_glimmerT_770-T1;GlimmerHMM}
337476	337540	INTRON			{Augustus_model.g652.t1;Augustus},{GeneMark_model.843_t;GeneMark}
337541	337630	internal+	1	3	{Augustus_model.g652.t1;Augustus},{GeneMark_model.843_t;GeneMark}
337631	337696	INTRON			{Augustus_model.g652.t1;Augustus},{GeneMark_model.843_t;GeneMark}
337697	338567	internal+	1	1	{Augustus_model.g652.t1;Augustus},{GeneMark_model.843_t;GeneMark},{GlimmerHMM_glimmerT_770-T1;GlimmerHMM}
338568	338629	INTRON			{Augustus_model.g652.t1;Augustus},{GeneMark_model.843_t;GeneMark},{GlimmerHMM_glimmerT_770-T1;GlimmerHMM}
338630	338881	internal+	2	1	{Augustus_model.g652.t1;Augustus},{GeneMark_model.843_t;GeneMark},{GlimmerHMM_glimmerT_770-T1;GlimmerHMM}
338882	338939	INTRON			{Augustus_model.g652.t1;Augustus},{GeneMark_model.843_t;GeneMark},{GlimmerHMM_glimmerT_770-T1;GlimmerHMM}
338940	338959	internal+	2	3	{Augustus_model.g652.t1;Augustus},{GeneMark_model.843_t;GeneMark},{GlimmerHMM_glimmerT_770-T1;GlimmerHMM}
338960	339021	INTRON			{Augustus_model.g652.t1;Augustus},{GeneMark_model.843_t;GeneMark},{GlimmerHMM_glimmerT_770-T1;GlimmerHMM}
339022	339330	internal+	1	3	{Augustus_model.g652.t1;Augustus},{GeneMark_model.843_t;GeneMark},{GlimmerHMM_glimmerT_770-T1;GlimmerHMM}
339331	339398	INTRON			{Augustus_model.g652.t1;Augustus},{GeneMark_model.843_t;GeneMark},{GlimmerHMM_glimmerT_770-T1;GlimmerHMM}
339399	339456	internal+	1	1	{GeneMark_model.843_t;GeneMark},{GlimmerHMM_glimmerT_770-T1;GlimmerHMM}
339457	339517	INTRON			{GeneMark_model.843_t;GeneMark},{GlimmerHMM_glimmerT_770-T1;GlimmerHMM}
339518	340407	terminal+	2	3	{GeneMark_model.843_t;GeneMark},{GlimmerHMM_glimmerT_770-T1;GlimmerHMM}

# EVM prediction: Mode:STANDARD S-ratio: 2.03 340716-341291 orient(-) score(1728.00) noncoding_equivalent(850.00) raw_noncoding(999.00) offset(149.00)
340769	340716	terminal-	4	6	{GeneMark_model.844_t;GeneMark},{GlimmerHMM_glimmerT_771-T1;GlimmerHMM},{Augustus_model.g653.t1;Augustus}
340838	340770	INTRON			{GeneMark_model.844_t;GeneMark},{GlimmerHMM_glimmerT_771-T1;GlimmerHMM},{Augustus_model.g653.t1;Augustus}
340928	340839	internal-	4	6	{GeneMark_model.844_t;GeneMark},{GlimmerHMM_glimmerT_771-T1;GlimmerHMM},{Augustus_model.g653.t1;Augustus}
341000	340929	INTRON			{GeneMark_model.844_t;GeneMark},{GlimmerHMM_glimmerT_771-T1;GlimmerHMM},{Augustus_model.g653.t1;Augustus}
341291	341001	initial-	4	6	{GeneMark_model.844_t;GeneMark},{GlimmerHMM_glimmerT_771-T1;GlimmerHMM},{Augustus_model.g653.t1;Augustus}

# EVM prediction: Mode:STANDARD S-ratio: 3.16 341682-343122 orient(+) score(4897.00) noncoding_equivalent(1547.94) raw_noncoding(1837.00) offset(289.06)
341682	341819	initial+	1	3	{GlimmerHMM_glimmerT_772-T1;GlimmerHMM},{GeneMark_model.845_t;GeneMark},{Augustus_model.g654.t1;Augustus}
341820	341895	INTRON			{GlimmerHMM_glimmerT_772-T1;GlimmerHMM},{GeneMark_model.845_t;GeneMark},{Augustus_model.g654.t1;Augustus}
341896	342190	internal+	1	1	{GlimmerHMM_glimmerT_772-T1;GlimmerHMM},{GeneMark_model.845_t;GeneMark},{Augustus_model.g654.t1;Augustus}
342191	342252	INTRON			{GlimmerHMM_glimmerT_772-T1;GlimmerHMM},{GeneMark_model.845_t;GeneMark},{Augustus_model.g654.t1;Augustus}
342253	342277	internal+	2	2	{GlimmerHMM_glimmerT_772-T1;GlimmerHMM},{GeneMark_model.845_t;GeneMark},{Augustus_model.g654.t1;Augustus}
342278	342356	INTRON			{GlimmerHMM_glimmerT_772-T1;GlimmerHMM},{GeneMark_model.845_t;GeneMark},{Augustus_model.g654.t1;Augustus}
342357	342421	internal+	3	1	{GlimmerHMM_glimmerT_772-T1;GlimmerHMM},{GeneMark_model.845_t;GeneMark},{Augustus_model.g654.t1;Augustus}
342422	342490	INTRON			{GlimmerHMM_glimmerT_772-T1;GlimmerHMM},{GeneMark_model.845_t;GeneMark},{Augustus_model.g654.t1;Augustus}
342491	343035	internal+	2	3	{GlimmerHMM_glimmerT_772-T1;GlimmerHMM},{GeneMark_model.845_t;GeneMark},{Augustus_model.g654.t1;Augustus}
343036	343101	INTRON			{GlimmerHMM_glimmerT_772-T1;GlimmerHMM},{GeneMark_model.845_t;GeneMark},{Augustus_model.g654.t1;Augustus}
343102	343122	terminal+	1	3	{GlimmerHMM_glimmerT_772-T1;GlimmerHMM},{GeneMark_model.845_t;GeneMark},{Augustus_model.g654.t1;Augustus}

# EVM prediction: Mode:STANDARD S-ratio: 2.61 343249-345189 orient(-) score(6074.00) noncoding_equivalent(2327.23) raw_noncoding(2668.23) offset(341.00)
343531	343249	terminal-	6	6	{GlimmerHMM_glimmerT_773-T1;GlimmerHMM},{GeneMark_model.846_t;GeneMark},{Augustus_model.g655.t1;Augustus}
343614	343532	INTRON			{GlimmerHMM_glimmerT_773-T1;GlimmerHMM},{GeneMark_model.846_t;GeneMark},{Augustus_model.g655.t1;Augustus}
343698	343615	internal-	6	5	{GlimmerHMM_glimmerT_773-T1;GlimmerHMM},{GeneMark_model.846_t;GeneMark},{Augustus_model.g655.t1;Augustus}
343772	343699	INTRON			{GlimmerHMM_glimmerT_773-T1;GlimmerHMM},{GeneMark_model.846_t;GeneMark},{Augustus_model.g655.t1;Augustus}
343886	343773	internal-	6	5	{GlimmerHMM_glimmerT_773-T1;GlimmerHMM},{GeneMark_model.846_t;GeneMark},{Augustus_model.g655.t1;Augustus}
343949	343887	INTRON			{GlimmerHMM_glimmerT_773-T1;GlimmerHMM},{GeneMark_model.846_t;GeneMark},{Augustus_model.g655.t1;Augustus}
344103	343950	internal-	5	5	{GlimmerHMM_glimmerT_773-T1;GlimmerHMM},{GeneMark_model.846_t;GeneMark},{Augustus_model.g655.t1;Augustus}
344178	344104	INTRON			{GlimmerHMM_glimmerT_773-T1;GlimmerHMM},{GeneMark_model.846_t;GeneMark},{Augustus_model.g655.t1;Augustus}
344375	344179	internal-	6	4	{GlimmerHMM_glimmerT_773-T1;GlimmerHMM},{GeneMark_model.846_t;GeneMark},{Augustus_model.g655.t1;Augustus}
344438	344376	INTRON			{GlimmerHMM_glimmerT_773-T1;GlimmerHMM},{GeneMark_model.846_t;GeneMark},{Augustus_model.g655.t1;Augustus}
344801	344439	internal-	6	5	{GeneMark_model.846_t;GeneMark},{Augustus_model.g655.t1;Augustus}
344869	344802	INTRON			{GeneMark_model.846_t;GeneMark},{Augustus_model.g655.t1;Augustus}
345189	344870	initial-	4	5	{GeneMark_model.846_t;GeneMark},{Augustus_model.g655.t1;Augustus}

# EVM prediction: Mode:STANDARD S-ratio: 3.14 345967-350064 orient(+) score(12706.00) noncoding_equivalent(4049.18) raw_noncoding(6268.09) offset(2218.90)
345967	346001	initial+	1	2	{GeneMark_model.847_t;GeneMark},{Augustus_model.g656.t1;Augustus}
346002	346715	INTRON			{GeneMark_model.847_t;GeneMark},{Augustus_model.g656.t1;Augustus}
346716	346899	internal+	3	3	{GeneMark_model.847_t;GeneMark},{Augustus_model.g656.t1;Augustus}
346900	347122	INTRON			{GeneMark_model.847_t;GeneMark},{Augustus_model.g656.t1;Augustus}
347123	347136	internal+	1	2	{GeneMark_model.847_t;GeneMark},{Augustus_model.g656.t1;Augustus}
347137	347207	INTRON			{GeneMark_model.847_t;GeneMark},{Augustus_model.g656.t1;Augustus}
347208	347965	internal+	3	1	{GeneMark_model.847_t;GeneMark},{GlimmerHMM_glimmerT_774-T1;GlimmerHMM},{Augustus_model.g656.t1;Augustus}
347966	348026	INTRON			{GeneMark_model.847_t;GeneMark},{GlimmerHMM_glimmerT_774-T1;GlimmerHMM},{Augustus_model.g656.t1;Augustus}
348027	348127	internal+	2	3	{GeneMark_model.847_t;GeneMark},{GlimmerHMM_glimmerT_774-T1;GlimmerHMM},{Augustus_model.g656.t1;Augustus}
348128	348190	INTRON			{GeneMark_model.847_t;GeneMark},{GlimmerHMM_glimmerT_774-T1;GlimmerHMM},{Augustus_model.g656.t1;Augustus}
348191	348351	internal+	1	2	{GeneMark_model.847_t;GeneMark},{GlimmerHMM_glimmerT_774-T1;GlimmerHMM},{Augustus_model.g656.t1;Augustus}
348352	348416	INTRON			{GeneMark_model.847_t;GeneMark},{GlimmerHMM_glimmerT_774-T1;GlimmerHMM},{Augustus_model.g656.t1;Augustus}
348417	350064	terminal+	3	3	{GeneMark_model.847_t;GeneMark},{GlimmerHMM_glimmerT_774-T1;GlimmerHMM},{Augustus_model.g656.t1;Augustus},{snap_scaffold_2-snap.152-T1;snap}

# EVM prediction: Mode:STANDARD S-ratio: 4.76 350339-351658 orient(-) score(4360.00) noncoding_equivalent(916.41) raw_noncoding(1302.00) offset(385.59)
351062	350339	terminal-	6	6	{Augustus_model.g657.t1;Augustus},{GeneMark_model.848_t;GeneMark}
351130	351063	INTRON			{Augustus_model.g657.t1;Augustus},{GeneMark_model.848_t;GeneMark}
351221	351131	internal-	5	5	{Augustus_model.g657.t1;Augustus},{GeneMark_model.848_t;GeneMark}
351289	351222	INTRON			{Augustus_model.g657.t1;Augustus},{GeneMark_model.848_t;GeneMark}
351317	351290	internal-	4	4	{Augustus_model.g657.t1;Augustus},{GeneMark_model.848_t;GeneMark}
351382	351318	INTRON			{Augustus_model.g657.t1;Augustus},{GeneMark_model.848_t;GeneMark}
351658	351383	initial-	4	6	{Augustus_model.g657.t1;Augustus},{GeneMark_model.848_t;GeneMark},{GlimmerHMM_glimmerT_775-T1;GlimmerHMM}

# EVM prediction: Mode:STANDARD S-ratio: 33.14 352122-353162 orient(+) score(4041.00) noncoding_equivalent(121.94) raw_noncoding(121.94) offset(0.00)
352122	353162	single+	1	3	{GeneMark_model.849_t;GeneMark},{GlimmerHMM_glimmerT_776-T1;GlimmerHMM},{Augustus_model.g658.t1;Augustus}

# EVM prediction: Mode:STANDARD S-ratio: 2.32 353654-355175 orient(-) score(4801.00) noncoding_equivalent(2070.35) raw_noncoding(2839.00) offset(768.65)
353802	353654	terminal-	5	6	{GlimmerHMM_glimmerT_777-T1;GlimmerHMM},{GeneMark_model.850_t;GeneMark},{Augustus_model.g659.t1;Augustus}
353880	353803	INTRON			{GlimmerHMM_glimmerT_777-T1;GlimmerHMM},{GeneMark_model.850_t;GeneMark},{Augustus_model.g659.t1;Augustus}
354359	353881	internal-	6	4	{GlimmerHMM_glimmerT_777-T1;GlimmerHMM},{GeneMark_model.850_t;GeneMark},{Augustus_model.g659.t1;Augustus}
354429	354360	INTRON			{GlimmerHMM_glimmerT_777-T1;GlimmerHMM},{GeneMark_model.850_t;GeneMark},{Augustus_model.g659.t1;Augustus}
354479	354430	internal-	4	5	{GlimmerHMM_glimmerT_777-T1;GlimmerHMM},{GeneMark_model.850_t;GeneMark},{Augustus_model.g659.t1;Augustus}
354551	354480	INTRON			{GlimmerHMM_glimmerT_777-T1;GlimmerHMM},{GeneMark_model.850_t;GeneMark},{Augustus_model.g659.t1;Augustus}
354631	354552	internal-	5	6	{GlimmerHMM_glimmerT_777-T1;GlimmerHMM},{GeneMark_model.850_t;GeneMark},{Augustus_model.g659.t1;Augustus}
354694	354632	INTRON			{GeneMark_model.850_t;GeneMark},{Augustus_model.g659.t1;Augustus}
354742	354695	internal-	5	4	{GeneMark_model.850_t;GeneMark},{Augustus_model.g659.t1;Augustus}
354865	354743	INTRON			{GeneMark_model.850_t;GeneMark},{Augustus_model.g659.t1;Augustus}
354886	354866	internal-	5	4	{GlimmerHMM_glimmerT_777-T1;GlimmerHMM},{GeneMark_model.850_t;GeneMark},{Augustus_model.g659.t1;Augustus}
354981	354887	INTRON			{GlimmerHMM_glimmerT_777-T1;GlimmerHMM},{GeneMark_model.850_t;GeneMark},{Augustus_model.g659.t1;Augustus}
355052	354982	internal-	6	4	{GlimmerHMM_glimmerT_777-T1;GlimmerHMM},{GeneMark_model.850_t;GeneMark},{Augustus_model.g659.t1;Augustus}
355140	355053	INTRON			{GlimmerHMM_glimmerT_777-T1;GlimmerHMM},{GeneMark_model.850_t;GeneMark},{Augustus_model.g659.t1;Augustus}
355175	355141	initial-	4	5	{GlimmerHMM_glimmerT_777-T1;GlimmerHMM},{GeneMark_model.850_t;GeneMark},{Augustus_model.g659.t1;Augustus}

# EVM prediction: Mode:STANDARD S-ratio: 4.08 355816-357059 orient(-) score(4355.00) noncoding_equivalent(1068.27) raw_noncoding(1366.00) offset(297.73)
355869	355816	terminal-	4	6	{GeneMark_model.851_t;GeneMark},{GlimmerHMM_glimmerT_778-T1;GlimmerHMM},{Augustus_model.g660.t1;Augustus}
355954	355870	INTRON			{GeneMark_model.851_t;GeneMark},{GlimmerHMM_glimmerT_778-T1;GlimmerHMM},{Augustus_model.g660.t1;Augustus}
356604	355955	internal-	5	6	{GeneMark_model.851_t;GeneMark},{GlimmerHMM_glimmerT_778-T1;GlimmerHMM},{Augustus_model.g660.t1;Augustus}
356674	356605	INTRON			{GeneMark_model.851_t;GeneMark},{GlimmerHMM_glimmerT_778-T1;GlimmerHMM},{Augustus_model.g660.t1;Augustus}
356782	356675	internal-	5	4	{GeneMark_model.851_t;GeneMark},{GlimmerHMM_glimmerT_778-T1;GlimmerHMM},{Augustus_model.g660.t1;Augustus}
356849	356783	INTRON			{GeneMark_model.851_t;GeneMark},{GlimmerHMM_glimmerT_778-T1;GlimmerHMM}
356919	356850	internal-	4	4	{GeneMark_model.851_t;GeneMark},{GlimmerHMM_glimmerT_778-T1;GlimmerHMM}
356996	356920	INTRON			{GeneMark_model.851_t;GeneMark},{GlimmerHMM_glimmerT_778-T1;GlimmerHMM},{Augustus_model.g660.t1;Augustus}
357059	356997	initial-	4	6	{GeneMark_model.851_t;GeneMark},{GlimmerHMM_glimmerT_778-T1;GlimmerHMM},{Augustus_model.g660.t1;Augustus}

# EVM prediction: Mode:STANDARD S-ratio: 4.98 357218-359391 orient(+) score(14686.00) noncoding_equivalent(2949.67) raw_noncoding(4037.00) offset(1087.33)
357218	357224	initial+	1	1	{GeneMark_model.852_t;GeneMark},{GlimmerHMM_glimmerT_779-T1;GlimmerHMM},{snap_scaffold_2-snap.157-T1;snap},{Augustus_model.g661.t1;Augustus}
357225	357305	INTRON			{GeneMark_model.852_t;GeneMark},{Augustus_model.g661.t1;Augustus}
357306	357344	internal+	2	1	{GeneMark_model.852_t;GeneMark},{Augustus_model.g661.t1;Augustus}
357345	357406	INTRON			{GeneMark_model.852_t;GeneMark},{Augustus_model.g661.t1;Augustus},{ev_type:exonerate/ID=match.2566964.1182/Target=lcl|PJQD01000001_1_prot_POY76768_1_17;exonerate},{ev_type:exonerate/ID=match.2566964.1188/Target=lcl|NW_017264931_1_prot_XP_018272251_1_2082;exonerate},{ev_type:exonerate/ID=match.2566964.1191/Target=lcl|LCTV02000008_1_prot_PRQ72991_1_7376;exonerate},{ev_type:exonerate/ID=match.2566964.1180/Target=lcl|KQ954482_1_prot_KWU44081_1_3493;exonerate}
357407	357442	internal+	2	1	{GeneMark_model.852_t;GeneMark},{GlimmerHMM_glimmerT_779-T1;GlimmerHMM},{Augustus_model.g661.t1;Augustus},{ev_type:exonerate/ID=match.2566964.1182/Target=lcl|PJQD01000001_1_prot_POY76768_1_17;exonerate},{ev_type:exonerate/ID=match.2566964.1188/Target=lcl|NW_017264931_1_prot_XP_018272251_1_2082;exonerate},{ev_type:exonerate/ID=match.2566964.1191/Target=lcl|LCTV02000008_1_prot_PRQ72991_1_7376;exonerate},{ev_type:exonerate/ID=match.2566964.1180/Target=lcl|KQ954482_1_prot_KWU44081_1_3493;exonerate}
357443	357546	INTRON			{GeneMark_model.852_t;GeneMark},{Augustus_model.g661.t1;Augustus},{ev_type:exonerate/ID=match.2566964.1182/Target=lcl|PJQD01000001_1_prot_POY76768_1_17;exonerate},{ev_type:exonerate/ID=match.2566964.1188/Target=lcl|NW_017264931_1_prot_XP_018272251_1_2082;exonerate},{ev_type:exonerate/ID=match.2566964.1191/Target=lcl|LCTV02000008_1_prot_PRQ72991_1_7376;exonerate}
357547	357559	internal+	2	2	{GeneMark_model.852_t;GeneMark},{Augustus_model.g661.t1;Augustus},{ev_type:exonerate/ID=match.2566964.1182/Target=lcl|PJQD01000001_1_prot_POY76768_1_17;exonerate},{ev_type:exonerate/ID=match.2566964.1188/Target=lcl|NW_017264931_1_prot_XP_018272251_1_2082;exonerate},{ev_type:exonerate/ID=match.2566964.1191/Target=lcl|LCTV02000008_1_prot_PRQ72991_1_7376;exonerate}
357560	357624	INTRON			{GeneMark_model.852_t;GeneMark},{Augustus_model.g661.t1;Augustus},{ev_type:exonerate/ID=match.2566964.1182/Target=lcl|PJQD01000001_1_prot_POY76768_1_17;exonerate},{ev_type:exonerate/ID=match.2566964.1188/Target=lcl|NW_017264931_1_prot_XP_018272251_1_2082;exonerate},{ev_type:exonerate/ID=match.2566964.1191/Target=lcl|LCTV02000008_1_prot_PRQ72991_1_7376;exonerate}
357625	357680	internal+	3	1	{GeneMark_model.852_t;GeneMark},{Augustus_model.g661.t1;Augustus},{ev_type:exonerate/ID=match.2566964.1182/Target=lcl|PJQD01000001_1_prot_POY76768_1_17;exonerate},{ev_type:exonerate/ID=match.2566964.1188/Target=lcl|NW_017264931_1_prot_XP_018272251_1_2082;exonerate},{ev_type:exonerate/ID=match.2566964.1191/Target=lcl|LCTV02000008_1_prot_PRQ72991_1_7376;exonerate}
357681	357747	INTRON			{GeneMark_model.852_t;GeneMark},{Augustus_model.g661.t1;Augustus},{ev_type:exonerate/ID=match.2566964.1182/Target=lcl|PJQD01000001_1_prot_POY76768_1_17;exonerate},{ev_type:exonerate/ID=match.2566964.1188/Target=lcl|NW_017264931_1_prot_XP_018272251_1_2082;exonerate},{ev_type:exonerate/ID=match.2566964.1191/Target=lcl|LCTV02000008_1_prot_PRQ72991_1_7376;exonerate},{ev_type:exonerate/ID=match.2566964.1180/Target=lcl|KQ954482_1_prot_KWU44081_1_3493;exonerate}
357748	357938	internal+	2	3	{GeneMark_model.852_t;GeneMark},{GlimmerHMM_glimmerT_779-T1;GlimmerHMM},{Augustus_model.g661.t1;Augustus},{ev_type:exonerate/ID=match.2566964.1182/Target=lcl|PJQD01000001_1_prot_POY76768_1_17;exonerate},{ev_type:exonerate/ID=match.2566964.1188/Target=lcl|NW_017264931_1_prot_XP_018272251_1_2082;exonerate},{ev_type:exonerate/ID=match.2566964.1191/Target=lcl|LCTV02000008_1_prot_PRQ72991_1_7376;exonerate},{ev_type:exonerate/ID=match.2566964.1180/Target=lcl|KQ954482_1_prot_KWU44081_1_3493;exonerate}
357939	358002	INTRON			{GeneMark_model.852_t;GeneMark},{GlimmerHMM_glimmerT_779-T1;GlimmerHMM},{Augustus_model.g661.t1;Augustus},{ev_type:exonerate/ID=match.2566964.1182/Target=lcl|PJQD01000001_1_prot_POY76768_1_17;exonerate},{ev_type:exonerate/ID=match.2566964.1188/Target=lcl|NW_017264931_1_prot_XP_018272251_1_2082;exonerate},{ev_type:exonerate/ID=match.2566964.1191/Target=lcl|LCTV02000008_1_prot_PRQ72991_1_7376;exonerate},{ev_type:exonerate/ID=match.2566964.1180/Target=lcl|KQ954482_1_prot_KWU44081_1_3493;exonerate}
358003	358075	internal+	1	1	{GeneMark_model.852_t;GeneMark},{GlimmerHMM_glimmerT_779-T1;GlimmerHMM},{Augustus_model.g661.t1;Augustus},{ev_type:exonerate/ID=match.2566964.1182/Target=lcl|PJQD01000001_1_prot_POY76768_1_17;exonerate},{ev_type:exonerate/ID=match.2566964.1188/Target=lcl|NW_017264931_1_prot_XP_018272251_1_2082;exonerate},{ev_type:exonerate/ID=match.2566964.1191/Target=lcl|LCTV02000008_1_prot_PRQ72991_1_7376;exonerate},{ev_type:exonerate/ID=match.2566964.1180/Target=lcl|KQ954482_1_prot_KWU44081_1_3493;exonerate}
358076	358137	INTRON			{GeneMark_model.852_t;GeneMark},{GlimmerHMM_glimmerT_779-T1;GlimmerHMM},{Augustus_model.g661.t1;Augustus},{ev_type:exonerate/ID=match.2566964.1182/Target=lcl|PJQD01000001_1_prot_POY76768_1_17;exonerate},{ev_type:exonerate/ID=match.2566964.1188/Target=lcl|NW_017264931_1_prot_XP_018272251_1_2082;exonerate},{ev_type:exonerate/ID=match.2566964.1191/Target=lcl|LCTV02000008_1_prot_PRQ72991_1_7376;exonerate},{ev_type:exonerate/ID=match.2566964.1180/Target=lcl|KQ954482_1_prot_KWU44081_1_3493;exonerate}
358138	358205	internal+	2	3	{GeneMark_model.852_t;GeneMark},{GlimmerHMM_glimmerT_779-T1;GlimmerHMM},{Augustus_model.g661.t1;Augustus},{ev_type:exonerate/ID=match.2566964.1182/Target=lcl|PJQD01000001_1_prot_POY76768_1_17;exonerate},{ev_type:exonerate/ID=match.2566964.1188/Target=lcl|NW_017264931_1_prot_XP_018272251_1_2082;exonerate},{ev_type:exonerate/ID=match.2566964.1191/Target=lcl|LCTV02000008_1_prot_PRQ72991_1_7376;exonerate},{ev_type:exonerate/ID=match.2566964.1180/Target=lcl|KQ954482_1_prot_KWU44081_1_3493;exonerate}
358206	358266	INTRON			{GeneMark_model.852_t;GeneMark},{GlimmerHMM_glimmerT_779-T1;GlimmerHMM},{Augustus_model.g661.t1;Augustus},{ev_type:exonerate/ID=match.2566964.1182/Target=lcl|PJQD01000001_1_prot_POY76768_1_17;exonerate},{ev_type:exonerate/ID=match.2566964.1188/Target=lcl|NW_017264931_1_prot_XP_018272251_1_2082;exonerate},{ev_type:exonerate/ID=match.2566964.1191/Target=lcl|LCTV02000008_1_prot_PRQ72991_1_7376;exonerate},{ev_type:exonerate/ID=match.2566964.1180/Target=lcl|KQ954482_1_prot_KWU44081_1_3493;exonerate}
358267	358656	internal+	1	3	{GeneMark_model.852_t;GeneMark},{GlimmerHMM_glimmerT_779-T1;GlimmerHMM},{Augustus_model.g661.t1;Augustus},{ev_type:exonerate/ID=match.2566964.1182/Target=lcl|PJQD01000001_1_prot_POY76768_1_17;exonerate},{ev_type:exonerate/ID=match.2566964.1188/Target=lcl|NW_017264931_1_prot_XP_018272251_1_2082;exonerate},{ev_type:exonerate/ID=match.2566964.1191/Target=lcl|LCTV02000008_1_prot_PRQ72991_1_7376;exonerate},{ev_type:exonerate/ID=match.2566964.1180/Target=lcl|KQ954482_1_prot_KWU44081_1_3493;exonerate}
358657	358739	INTRON			{GeneMark_model.852_t;GeneMark},{GlimmerHMM_glimmerT_779-T1;GlimmerHMM},{Augustus_model.g661.t1;Augustus},{ev_type:exonerate/ID=match.2566964.1182/Target=lcl|PJQD01000001_1_prot_POY76768_1_17;exonerate},{ev_type:exonerate/ID=match.2566964.1188/Target=lcl|NW_017264931_1_prot_XP_018272251_1_2082;exonerate},{ev_type:exonerate/ID=match.2566964.1191/Target=lcl|LCTV02000008_1_prot_PRQ72991_1_7376;exonerate},{ev_type:exonerate/ID=match.2566964.1180/Target=lcl|KQ954482_1_prot_KWU44081_1_3493;exonerate}
358740	358969	internal+	1	2	{GeneMark_model.852_t;GeneMark},{GlimmerHMM_glimmerT_779-T1;GlimmerHMM},{Augustus_model.g661.t1;Augustus},{ev_type:exonerate/ID=match.2566964.1182/Target=lcl|PJQD01000001_1_prot_POY76768_1_17;exonerate},{ev_type:exonerate/ID=match.2566964.1188/Target=lcl|NW_017264931_1_prot_XP_018272251_1_2082;exonerate},{ev_type:exonerate/ID=match.2566964.1191/Target=lcl|LCTV02000008_1_prot_PRQ72991_1_7376;exonerate},{ev_type:exonerate/ID=match.2566964.1180/Target=lcl|KQ954482_1_prot_KWU44081_1_3493;exonerate}
358970	359039	INTRON			{GeneMark_model.852_t;GeneMark},{GlimmerHMM_glimmerT_779-T1;GlimmerHMM},{Augustus_model.g661.t1;Augustus},{ev_type:exonerate/ID=match.2566964.1182/Target=lcl|PJQD01000001_1_prot_POY76768_1_17;exonerate},{ev_type:exonerate/ID=match.2566964.1188/Target=lcl|NW_017264931_1_prot_XP_018272251_1_2082;exonerate},{ev_type:exonerate/ID=match.2566964.1191/Target=lcl|LCTV02000008_1_prot_PRQ72991_1_7376;exonerate},{ev_type:exonerate/ID=match.2566964.1180/Target=lcl|KQ954482_1_prot_KWU44081_1_3493;exonerate}
359040	359136	internal+	3	3	{GeneMark_model.852_t;GeneMark},{GlimmerHMM_glimmerT_779-T1;GlimmerHMM},{Augustus_model.g661.t1;Augustus},{ev_type:exonerate/ID=match.2566964.1182/Target=lcl|PJQD01000001_1_prot_POY76768_1_17;exonerate},{ev_type:exonerate/ID=match.2566964.1188/Target=lcl|NW_017264931_1_prot_XP_018272251_1_2082;exonerate},{ev_type:exonerate/ID=match.2566964.1191/Target=lcl|LCTV02000008_1_prot_PRQ72991_1_7376;exonerate},{ev_type:exonerate/ID=match.2566964.1180/Target=lcl|KQ954482_1_prot_KWU44081_1_3493;exonerate}
359137	359204	INTRON			{GeneMark_model.852_t;GeneMark},{GlimmerHMM_glimmerT_779-T1;GlimmerHMM},{Augustus_model.g661.t1;Augustus},{ev_type:exonerate/ID=match.2566964.1182/Target=lcl|PJQD01000001_1_prot_POY76768_1_17;exonerate},{ev_type:exonerate/ID=match.2566964.1188/Target=lcl|NW_017264931_1_prot_XP_018272251_1_2082;exonerate},{ev_type:exonerate/ID=match.2566964.1191/Target=lcl|LCTV02000008_1_prot_PRQ72991_1_7376;exonerate},{ev_type:exonerate/ID=match.2566964.1180/Target=lcl|KQ954482_1_prot_KWU44081_1_3493;exonerate}
359205	359277	internal+	1	1	{GeneMark_model.852_t;GeneMark},{GlimmerHMM_glimmerT_779-T1;GlimmerHMM},{Augustus_model.g661.t1;Augustus},{ev_type:exonerate/ID=match.2566964.1182/Target=lcl|PJQD01000001_1_prot_POY76768_1_17;exonerate},{ev_type:exonerate/ID=match.2566964.1188/Target=lcl|NW_017264931_1_prot_XP_018272251_1_2082;exonerate},{ev_type:exonerate/ID=match.2566964.1191/Target=lcl|LCTV02000008_1_prot_PRQ72991_1_7376;exonerate}
359278	359347	INTRON			{GeneMark_model.852_t;GeneMark},{GlimmerHMM_glimmerT_779-T1;GlimmerHMM},{Augustus_model.g661.t1;Augustus},{ev_type:exonerate/ID=match.2566964.1182/Target=lcl|PJQD01000001_1_prot_POY76768_1_17;exonerate},{ev_type:exonerate/ID=match.2566964.1188/Target=lcl|NW_017264931_1_prot_XP_018272251_1_2082;exonerate},{ev_type:exonerate/ID=match.2566964.1191/Target=lcl|LCTV02000008_1_prot_PRQ72991_1_7376;exonerate}
359348	359391	terminal+	2	3	{GeneMark_model.852_t;GeneMark},{GlimmerHMM_glimmerT_779-T1;GlimmerHMM},{Augustus_model.g661.t1;Augustus}

# EVM prediction: Mode:STANDARD S-ratio: 2.04 359648-361514 orient(-) score(5537.00) noncoding_equivalent(2719.00) raw_noncoding(3271.00) offset(552.00)
359717	359648	terminal-	6	6	{GlimmerHMM_glimmerT_780-T1;GlimmerHMM},{Augustus_model.g662.t1;Augustus},{GeneMark_model.853_t;GeneMark}
359782	359718	INTRON			{GlimmerHMM_glimmerT_780-T1;GlimmerHMM},{Augustus_model.g662.t1;Augustus},{GeneMark_model.853_t;GeneMark}
359903	359783	internal-	5	5	{GlimmerHMM_glimmerT_780-T1;GlimmerHMM},{Augustus_model.g662.t1;Augustus},{GeneMark_model.853_t;GeneMark}
359973	359904	INTRON			{GlimmerHMM_glimmerT_780-T1;GlimmerHMM},{Augustus_model.g662.t1;Augustus},{GeneMark_model.853_t;GeneMark}
360249	359974	internal-	5	4	{GlimmerHMM_glimmerT_780-T1;GlimmerHMM},{Augustus_model.g662.t1;Augustus},{GeneMark_model.853_t;GeneMark}
360335	360250	INTRON			{GlimmerHMM_glimmerT_780-T1;GlimmerHMM},{Augustus_model.g662.t1;Augustus},{GeneMark_model.853_t;GeneMark}
360656	360336	internal-	5	4	{GlimmerHMM_glimmerT_780-T1;GlimmerHMM},{GeneMark_model.853_t;GeneMark}
360720	360657	INTRON			{GlimmerHMM_glimmerT_780-T1;GlimmerHMM},{GeneMark_model.853_t;GeneMark}
360838	360721	internal-	4	4	{GlimmerHMM_glimmerT_780-T1;GlimmerHMM},{Augustus_model.g662.t1;Augustus},{GeneMark_model.853_t;GeneMark}
360904	360839	INTRON			{GlimmerHMM_glimmerT_780-T1;GlimmerHMM},{Augustus_model.g662.t1;Augustus},{GeneMark_model.853_t;GeneMark}
361329	360905	internal-	5	6	{GlimmerHMM_glimmerT_780-T1;GlimmerHMM},{Augustus_model.g662.t1;Augustus},{GeneMark_model.853_t;GeneMark}
361447	361330	INTRON			{GlimmerHMM_glimmerT_780-T1;GlimmerHMM},{Augustus_model.g662.t1;Augustus},{GeneMark_model.853_t;GeneMark}
361514	361448	initial-	4	4	{GlimmerHMM_glimmerT_780-T1;GlimmerHMM},{Augustus_model.g662.t1;Augustus},{GeneMark_model.853_t;GeneMark}

# EVM prediction: Mode:STANDARD S-ratio: 8.08 367259-369364 orient(+) score(17351.00) noncoding_equivalent(2146.48) raw_noncoding(2565.00) offset(418.52)
367259	367364	initial+	1	1	{GlimmerHMM_glimmerT_782-T1;GlimmerHMM},{GeneMark_model.854_t;GeneMark},{Augustus_model.g663.t1;Augustus}
367365	367439	INTRON			{GlimmerHMM_glimmerT_782-T1;GlimmerHMM},{GeneMark_model.854_t;GeneMark},{Augustus_model.g663.t1;Augustus},{ev_type:exonerate/ID=match.2566964.1112/Target=lcl|NW_017264931_1_prot_XP_018272257_1_2088;exonerate},{ev_type:exonerate/ID=match.2566964.1102/Target=lcl|KQ954482_1_prot_KWU44083_1_3495;exonerate},{ev_type:exonerate/ID=match.2566964.1104/Target=lcl|BJWK01000002_1_prot_GEM06648_1_665;exonerate},{ev_type:exonerate/ID=match.2566964.1103/Target=lcl|PJQD01000001_1_prot_POY76766_1_15;exonerate},{ev_type:exonerate/ID=match.2566964.1105/Target=lcl|LCTV02000008_1_prot_PRQ73003_1_7388;exonerate}
367440	367547	internal+	2	1	{GeneMark_model.854_t;GeneMark},{Augustus_model.g663.t1;Augustus},{ev_type:exonerate/ID=match.2566964.1112/Target=lcl|NW_017264931_1_prot_XP_018272257_1_2088;exonerate},{ev_type:exonerate/ID=match.2566964.1102/Target=lcl|KQ954482_1_prot_KWU44083_1_3495;exonerate},{ev_type:exonerate/ID=match.2566964.1104/Target=lcl|BJWK01000002_1_prot_GEM06648_1_665;exonerate},{ev_type:exonerate/ID=match.2566964.1103/Target=lcl|PJQD01000001_1_prot_POY76766_1_15;exonerate},{ev_type:exonerate/ID=match.2566964.1105/Target=lcl|LCTV02000008_1_prot_PRQ73003_1_7388;exonerate}
367548	367611	INTRON			{GeneMark_model.854_t;GeneMark},{Augustus_model.g663.t1;Augustus},{ev_type:exonerate/ID=match.2566964.1112/Target=lcl|NW_017264931_1_prot_XP_018272257_1_2088;exonerate},{ev_type:exonerate/ID=match.2566964.1102/Target=lcl|KQ954482_1_prot_KWU44083_1_3495;exonerate},{ev_type:exonerate/ID=match.2566964.1104/Target=lcl|BJWK01000002_1_prot_GEM06648_1_665;exonerate},{ev_type:exonerate/ID=match.2566964.1103/Target=lcl|PJQD01000001_1_prot_POY76766_1_15;exonerate},{ev_type:exonerate/ID=match.2566964.1105/Target=lcl|LCTV02000008_1_prot_PRQ73003_1_7388;exonerate}
367612	367724	internal+	2	3	{GeneMark_model.854_t;GeneMark},{Augustus_model.g663.t1;Augustus},{ev_type:exonerate/ID=match.2566964.1112/Target=lcl|NW_017264931_1_prot_XP_018272257_1_2088;exonerate},{ev_type:exonerate/ID=match.2566964.1102/Target=lcl|KQ954482_1_prot_KWU44083_1_3495;exonerate},{ev_type:exonerate/ID=match.2566964.1104/Target=lcl|BJWK01000002_1_prot_GEM06648_1_665;exonerate},{ev_type:exonerate/ID=match.2566964.1103/Target=lcl|PJQD01000001_1_prot_POY76766_1_15;exonerate},{ev_type:exonerate/ID=match.2566964.1105/Target=lcl|LCTV02000008_1_prot_PRQ73003_1_7388;exonerate}
367725	367785	INTRON			{GlimmerHMM_glimmerT_782-T1;GlimmerHMM},{GeneMark_model.854_t;GeneMark},{Augustus_model.g663.t1;Augustus},{ev_type:exonerate/ID=match.2566964.1112/Target=lcl|NW_017264931_1_prot_XP_018272257_1_2088;exonerate},{ev_type:exonerate/ID=match.2566964.1102/Target=lcl|KQ954482_1_prot_KWU44083_1_3495;exonerate},{ev_type:exonerate/ID=match.2566964.1103/Target=lcl|PJQD01000001_1_prot_POY76766_1_15;exonerate}
367786	368145	internal+	1	3	{GlimmerHMM_glimmerT_782-T1;GlimmerHMM},{GeneMark_model.854_t;GeneMark},{Augustus_model.g663.t1;Augustus},{ev_type:exonerate/ID=match.2566964.1112/Target=lcl|NW_017264931_1_prot_XP_018272257_1_2088;exonerate},{ev_type:exonerate/ID=match.2566964.1102/Target=lcl|KQ954482_1_prot_KWU44083_1_3495;exonerate},{ev_type:exonerate/ID=match.2566964.1103/Target=lcl|PJQD01000001_1_prot_POY76766_1_15;exonerate}
368146	368204	INTRON			{GlimmerHMM_glimmerT_782-T1;GlimmerHMM},{GeneMark_model.854_t;GeneMark},{Augustus_model.g663.t1;Augustus},{ev_type:exonerate/ID=match.2566964.1112/Target=lcl|NW_017264931_1_prot_XP_018272257_1_2088;exonerate},{ev_type:exonerate/ID=match.2566964.1102/Target=lcl|KQ954482_1_prot_KWU44083_1_3495;exonerate},{ev_type:exonerate/ID=match.2566964.1104/Target=lcl|BJWK01000002_1_prot_GEM06648_1_665;exonerate},{ev_type:exonerate/ID=match.2566964.1103/Target=lcl|PJQD01000001_1_prot_POY76766_1_15;exonerate},{ev_type:exonerate/ID=match.2566964.1105/Target=lcl|LCTV02000008_1_prot_PRQ73003_1_7388;exonerate}
368205	368338	internal+	1	2	{GlimmerHMM_glimmerT_782-T1;GlimmerHMM},{GeneMark_model.854_t;GeneMark},{Augustus_model.g663.t1;Augustus},{ev_type:exonerate/ID=match.2566964.1112/Target=lcl|NW_017264931_1_prot_XP_018272257_1_2088;exonerate},{ev_type:exonerate/ID=match.2566964.1102/Target=lcl|KQ954482_1_prot_KWU44083_1_3495;exonerate},{ev_type:exonerate/ID=match.2566964.1104/Target=lcl|BJWK01000002_1_prot_GEM06648_1_665;exonerate},{ev_type:exonerate/ID=match.2566964.1103/Target=lcl|PJQD01000001_1_prot_POY76766_1_15;exonerate},{ev_type:exonerate/ID=match.2566964.1105/Target=lcl|LCTV02000008_1_prot_PRQ73003_1_7388;exonerate}
368339	368397	INTRON			{GlimmerHMM_glimmerT_782-T1;GlimmerHMM},{GeneMark_model.854_t;GeneMark},{Augustus_model.g663.t1;Augustus},{ev_type:exonerate/ID=match.2566964.1112/Target=lcl|NW_017264931_1_prot_XP_018272257_1_2088;exonerate},{ev_type:exonerate/ID=match.2566964.1102/Target=lcl|KQ954482_1_prot_KWU44083_1_3495;exonerate},{ev_type:exonerate/ID=match.2566964.1104/Target=lcl|BJWK01000002_1_prot_GEM06648_1_665;exonerate},{ev_type:exonerate/ID=match.2566964.1103/Target=lcl|PJQD01000001_1_prot_POY76766_1_15;exonerate},{ev_type:exonerate/ID=match.2566964.1105/Target=lcl|LCTV02000008_1_prot_PRQ73003_1_7388;exonerate}
368398	368810	internal+	3	1	{GlimmerHMM_glimmerT_782-T1;GlimmerHMM},{GeneMark_model.854_t;GeneMark},{Augustus_model.g663.t1;Augustus},{ev_type:exonerate/ID=match.2566964.1112/Target=lcl|NW_017264931_1_prot_XP_018272257_1_2088;exonerate},{ev_type:exonerate/ID=match.2566964.1102/Target=lcl|KQ954482_1_prot_KWU44083_1_3495;exonerate},{ev_type:exonerate/ID=match.2566964.1104/Target=lcl|BJWK01000002_1_prot_GEM06648_1_665;exonerate},{ev_type:exonerate/ID=match.2566964.1103/Target=lcl|PJQD01000001_1_prot_POY76766_1_15;exonerate},{ev_type:exonerate/ID=match.2566964.1105/Target=lcl|LCTV02000008_1_prot_PRQ73003_1_7388;exonerate}
368811	368869	INTRON			{GlimmerHMM_glimmerT_782-T1;GlimmerHMM},{GeneMark_model.854_t;GeneMark},{Augustus_model.g663.t1;Augustus},{ev_type:exonerate/ID=match.2566964.1112/Target=lcl|NW_017264931_1_prot_XP_018272257_1_2088;exonerate},{ev_type:exonerate/ID=match.2566964.1102/Target=lcl|KQ954482_1_prot_KWU44083_1_3495;exonerate},{ev_type:exonerate/ID=match.2566964.1104/Target=lcl|BJWK01000002_1_prot_GEM06648_1_665;exonerate},{ev_type:exonerate/ID=match.2566964.1103/Target=lcl|PJQD01000001_1_prot_POY76766_1_15;exonerate},{ev_type:exonerate/ID=match.2566964.1105/Target=lcl|LCTV02000008_1_prot_PRQ73003_1_7388;exonerate}
368870	369246	internal+	2	3	{GlimmerHMM_glimmerT_782-T1;GlimmerHMM},{GeneMark_model.854_t;GeneMark},{Augustus_model.g663.t1;Augustus},{ev_type:exonerate/ID=match.2566964.1112/Target=lcl|NW_017264931_1_prot_XP_018272257_1_2088;exonerate},{ev_type:exonerate/ID=match.2566964.1102/Target=lcl|KQ954482_1_prot_KWU44083_1_3495;exonerate},{ev_type:exonerate/ID=match.2566964.1104/Target=lcl|BJWK01000002_1_prot_GEM06648_1_665;exonerate},{ev_type:exonerate/ID=match.2566964.1103/Target=lcl|PJQD01000001_1_prot_POY76766_1_15;exonerate},{ev_type:exonerate/ID=match.2566964.1105/Target=lcl|LCTV02000008_1_prot_PRQ73003_1_7388;exonerate}
369247	369307	INTRON			{GlimmerHMM_glimmerT_782-T1;GlimmerHMM},{GeneMark_model.854_t;GeneMark},{Augustus_model.g663.t1;Augustus},{ev_type:exonerate/ID=match.2566964.1112/Target=lcl|NW_017264931_1_prot_XP_018272257_1_2088;exonerate},{ev_type:exonerate/ID=match.2566964.1102/Target=lcl|KQ954482_1_prot_KWU44083_1_3495;exonerate},{ev_type:exonerate/ID=match.2566964.1104/Target=lcl|BJWK01000002_1_prot_GEM06648_1_665;exonerate},{ev_type:exonerate/ID=match.2566964.1103/Target=lcl|PJQD01000001_1_prot_POY76766_1_15;exonerate},{ev_type:exonerate/ID=match.2566964.1105/Target=lcl|LCTV02000008_1_prot_PRQ73003_1_7388;exonerate}
369308	369364	terminal+	1	3	{GlimmerHMM_glimmerT_782-T1;GlimmerHMM},{GeneMark_model.854_t;GeneMark},{Augustus_model.g663.t1;Augustus}

# EVM prediction: Mode:STANDARD S-ratio: 2.98 369537-371288 orient(-) score(5591.00) noncoding_equivalent(1875.56) raw_noncoding(2238.00) offset(362.44)
370078	369537	terminal-	5	6	{GeneMark_model.855_t;GeneMark},{Augustus_model.g664.t1;Augustus}
370139	370079	INTRON			{GeneMark_model.855_t;GeneMark},{Augustus_model.g664.t1;Augustus}
370683	370140	internal-	4	4	{GeneMark_model.855_t;GeneMark},{Augustus_model.g664.t1;Augustus},{GlimmerHMM_glimmerT_783-T1;GlimmerHMM}
370776	370684	INTRON			{GeneMark_model.855_t;GeneMark},{Augustus_model.g664.t1;Augustus},{GlimmerHMM_glimmerT_783-T1;GlimmerHMM}
370917	370777	internal-	4	6	{GeneMark_model.855_t;GeneMark},{Augustus_model.g664.t1;Augustus},{GlimmerHMM_glimmerT_783-T1;GlimmerHMM}
370981	370918	INTRON			{GeneMark_model.855_t;GeneMark},{Augustus_model.g664.t1;Augustus},{GlimmerHMM_glimmerT_783-T1;GlimmerHMM}
371153	370982	internal-	6	6	{GeneMark_model.855_t;GeneMark},{Augustus_model.g664.t1;Augustus},{GlimmerHMM_glimmerT_783-T1;GlimmerHMM}
371232	371154	INTRON			{GeneMark_model.855_t;GeneMark},{Augustus_model.g664.t1;Augustus},{GlimmerHMM_glimmerT_783-T1;GlimmerHMM}
371288	371233	initial-	4	5	{GeneMark_model.855_t;GeneMark},{Augustus_model.g664.t1;Augustus},{GlimmerHMM_glimmerT_783-T1;GlimmerHMM}

# EVM prediction: Mode:STANDARD S-ratio: 2.07 371580-372399 orient(+) score(3184.00) noncoding_equivalent(1541.00) raw_noncoding(1984.00) offset(443.00)
371580	371754	initial+	1	1	{Augustus_model.g665.t1;Augustus},{GeneMark_model.856_t;GeneMark},{GlimmerHMM_glimmerT_784-T1;GlimmerHMM}
371755	371820	INTRON			{Augustus_model.g665.t1;Augustus},{GeneMark_model.856_t;GeneMark},{GlimmerHMM_glimmerT_784-T1;GlimmerHMM},{ev_type:exonerate/ID=match.2566964.1367/Target=lcl|PJQD01000001_1_prot_POY76764_1_13;exonerate}
371821	371858	internal+	2	3	{Augustus_model.g665.t1;Augustus},{GeneMark_model.856_t;GeneMark},{GlimmerHMM_glimmerT_784-T1;GlimmerHMM},{ev_type:exonerate/ID=match.2566964.1367/Target=lcl|PJQD01000001_1_prot_POY76764_1_13;exonerate}
371859	371919	INTRON			{Augustus_model.g665.t1;Augustus},{GeneMark_model.856_t;GeneMark},{GlimmerHMM_glimmerT_784-T1;GlimmerHMM},{ev_type:exonerate/ID=match.2566964.1367/Target=lcl|PJQD01000001_1_prot_POY76764_1_13;exonerate}
371920	371951	internal+	1	2	{Augustus_model.g665.t1;Augustus},{GeneMark_model.856_t;GeneMark},{GlimmerHMM_glimmerT_784-T1;GlimmerHMM},{ev_type:exonerate/ID=match.2566964.1367/Target=lcl|PJQD01000001_1_prot_POY76764_1_13;exonerate}
371952	372012	INTRON			{Augustus_model.g665.t1;Augustus},{GeneMark_model.856_t;GeneMark},{GlimmerHMM_glimmerT_784-T1;GlimmerHMM},{ev_type:exonerate/ID=match.2566964.1367/Target=lcl|PJQD01000001_1_prot_POY76764_1_13;exonerate}
372013	372043	internal+	3	3	{Augustus_model.g665.t1;Augustus},{GeneMark_model.856_t;GeneMark},{GlimmerHMM_glimmerT_784-T1;GlimmerHMM},{ev_type:exonerate/ID=match.2566964.1367/Target=lcl|PJQD01000001_1_prot_POY76764_1_13;exonerate}
372044	372113	INTRON			{Augustus_model.g665.t1;Augustus},{GeneMark_model.856_t;GeneMark},{GlimmerHMM_glimmerT_784-T1;GlimmerHMM},{ev_type:exonerate/ID=match.2566964.1367/Target=lcl|PJQD01000001_1_prot_POY76764_1_13;exonerate}
372114	372170	internal+	1	3	{Augustus_model.g665.t1;Augustus},{GeneMark_model.856_t;GeneMark},{GlimmerHMM_glimmerT_784-T1;GlimmerHMM},{ev_type:exonerate/ID=match.2566964.1367/Target=lcl|PJQD01000001_1_prot_POY76764_1_13;exonerate}
372171	372236	INTRON			{Augustus_model.g665.t1;Augustus},{GeneMark_model.856_t;GeneMark},{GlimmerHMM_glimmerT_784-T1;GlimmerHMM},{ev_type:exonerate/ID=match.2566964.1367/Target=lcl|PJQD01000001_1_prot_POY76764_1_13;exonerate}
372237	372306	internal+	1	1	{Augustus_model.g665.t1;Augustus},{GeneMark_model.856_t;GeneMark},{ev_type:exonerate/ID=match.2566964.1367/Target=lcl|PJQD01000001_1_prot_POY76764_1_13;exonerate}
372307	372373	INTRON			{Augustus_model.g665.t1;Augustus},{GeneMark_model.856_t;GeneMark},{ev_type:exonerate/ID=match.2566964.1367/Target=lcl|PJQD01000001_1_prot_POY76764_1_13;exonerate}
372374	372399	terminal+	2	3	{Augustus_model.g665.t1;Augustus},{GeneMark_model.856_t;GeneMark}

# EVM prediction: Mode:STANDARD S-ratio: 4.11 373188-376491 orient(+) score(16149.00) noncoding_equivalent(3925.24) raw_noncoding(5203.00) offset(1277.76)
373188	373418	initial+	1	3	{GeneMark_model.857_t;GeneMark},{GlimmerHMM_glimmerT_785-T1;GlimmerHMM},{Augustus_model.g666.t1;Augustus}
373419	373485	INTRON			{GeneMark_model.857_t;GeneMark},{GlimmerHMM_glimmerT_785-T1;GlimmerHMM},{Augustus_model.g666.t1;Augustus},{ev_type:exonerate/ID=match.2566964.1166/Target=lcl|PJQD01000001_1_prot_POY76762_1_11;exonerate},{ev_type:exonerate/ID=match.2566964.1092/Target=lcl|KQ954481_1_prot_KWU44178_1_3379;exonerate}
373486	373570	internal+	1	1	{GeneMark_model.857_t;GeneMark},{GlimmerHMM_glimmerT_785-T1;GlimmerHMM},{Augustus_model.g666.t1;Augustus},{ev_type:exonerate/ID=match.2566964.1166/Target=lcl|PJQD01000001_1_prot_POY76762_1_11;exonerate},{ev_type:exonerate/ID=match.2566964.1092/Target=lcl|KQ954481_1_prot_KWU44178_1_3379;exonerate}
373571	373628	INTRON			{GeneMark_model.857_t;GeneMark},{GlimmerHMM_glimmerT_785-T1;GlimmerHMM},{Augustus_model.g666.t1;Augustus},{ev_type:exonerate/ID=match.2566964.1166/Target=lcl|PJQD01000001_1_prot_POY76762_1_11;exonerate},{ev_type:exonerate/ID=match.2566964.1092/Target=lcl|KQ954481_1_prot_KWU44178_1_3379;exonerate}
373629	373723	internal+	2	3	{GeneMark_model.857_t;GeneMark},{GlimmerHMM_glimmerT_785-T1;GlimmerHMM},{Augustus_model.g666.t1;Augustus},{ev_type:exonerate/ID=match.2566964.1166/Target=lcl|PJQD01000001_1_prot_POY76762_1_11;exonerate},{ev_type:exonerate/ID=match.2566964.1092/Target=lcl|KQ954481_1_prot_KWU44178_1_3379;exonerate}
373724	373783	INTRON			{GeneMark_model.857_t;GeneMark},{GlimmerHMM_glimmerT_785-T1;GlimmerHMM},{Augustus_model.g666.t1;Augustus},{ev_type:exonerate/ID=match.2566964.1092/Target=lcl|KQ954481_1_prot_KWU44178_1_3379;exonerate}
373784	373858	internal+	1	3	{GeneMark_model.857_t;GeneMark},{GlimmerHMM_glimmerT_785-T1;GlimmerHMM},{Augustus_model.g666.t1;Augustus},{ev_type:exonerate/ID=match.2566964.1092/Target=lcl|KQ954481_1_prot_KWU44178_1_3379;exonerate}
373859	373917	INTRON			{GeneMark_model.857_t;GeneMark},{GlimmerHMM_glimmerT_785-T1;GlimmerHMM},{Augustus_model.g666.t1;Augustus},{ev_type:exonerate/ID=match.2566964.1166/Target=lcl|PJQD01000001_1_prot_POY76762_1_11;exonerate},{ev_type:exonerate/ID=match.2566964.1092/Target=lcl|KQ954481_1_prot_KWU44178_1_3379;exonerate}
373918	374124	internal+	1	3	{GeneMark_model.857_t;GeneMark},{GlimmerHMM_glimmerT_785-T1;GlimmerHMM},{Augustus_model.g666.t1;Augustus},{ev_type:exonerate/ID=match.2566964.1166/Target=lcl|PJQD01000001_1_prot_POY76762_1_11;exonerate},{ev_type:exonerate/ID=match.2566964.1092/Target=lcl|KQ954481_1_prot_KWU44178_1_3379;exonerate}
374125	374191	INTRON			{GeneMark_model.857_t;GeneMark},{GlimmerHMM_glimmerT_785-T1;GlimmerHMM},{Augustus_model.g666.t1;Augustus},{ev_type:exonerate/ID=match.2566964.1166/Target=lcl|PJQD01000001_1_prot_POY76762_1_11;exonerate},{ev_type:exonerate/ID=match.2566964.1092/Target=lcl|KQ954481_1_prot_KWU44178_1_3379;exonerate}
374192	374451	internal+	1	2	{GeneMark_model.857_t;GeneMark},{GlimmerHMM_glimmerT_785-T1;GlimmerHMM},{Augustus_model.g666.t1;Augustus}
374452	374514	INTRON			{GeneMark_model.857_t;GeneMark},{GlimmerHMM_glimmerT_785-T1;GlimmerHMM},{Augustus_model.g666.t1;Augustus}
374515	374524	internal+	3	3	{GeneMark_model.857_t;GeneMark},{GlimmerHMM_glimmerT_785-T1;GlimmerHMM},{Augustus_model.g666.t1;Augustus}
374525	374592	INTRON			{GeneMark_model.857_t;GeneMark},{Augustus_model.g666.t1;Augustus}
374593	374601	internal+	1	3	{GeneMark_model.857_t;GeneMark},{Augustus_model.g666.t1;Augustus}
374602	374666	INTRON			{GeneMark_model.857_t;GeneMark},{Augustus_model.g666.t1;Augustus}
374667	375607	internal+	1	2	{GeneMark_model.857_t;GeneMark},{GlimmerHMM_glimmerT_785-T1;GlimmerHMM},{Augustus_model.g666.t1;Augustus},{ev_type:exonerate/ID=match.2566964.1166/Target=lcl|PJQD01000001_1_prot_POY76762_1_11;exonerate},{ev_type:exonerate/ID=match.2566964.1092/Target=lcl|KQ954481_1_prot_KWU44178_1_3379;exonerate}
375608	375688	INTRON			{GeneMark_model.857_t;GeneMark},{GlimmerHMM_glimmerT_785-T1;GlimmerHMM},{Augustus_model.g666.t1;Augustus},{ev_type:exonerate/ID=match.2566964.1166/Target=lcl|PJQD01000001_1_prot_POY76762_1_11;exonerate},{ev_type:exonerate/ID=match.2566964.1092/Target=lcl|KQ954481_1_prot_KWU44178_1_3379;exonerate}
375689	375790	internal+	3	2	{GeneMark_model.857_t;GeneMark},{GlimmerHMM_glimmerT_785-T1;GlimmerHMM},{Augustus_model.g666.t1;Augustus},{ev_type:exonerate/ID=match.2566964.1166/Target=lcl|PJQD01000001_1_prot_POY76762_1_11;exonerate},{ev_type:exonerate/ID=match.2566964.1092/Target=lcl|KQ954481_1_prot_KWU44178_1_3379;exonerate}
375791	375859	INTRON			{GeneMark_model.857_t;GeneMark},{GlimmerHMM_glimmerT_785-T1;GlimmerHMM},{Augustus_model.g666.t1;Augustus},{ev_type:exonerate/ID=match.2566964.1166/Target=lcl|PJQD01000001_1_prot_POY76762_1_11;exonerate},{ev_type:exonerate/ID=match.2566964.1092/Target=lcl|KQ954481_1_prot_KWU44178_1_3379;exonerate}
375860	375883	internal+	3	2	{GeneMark_model.857_t;GeneMark},{GlimmerHMM_glimmerT_785-T1;GlimmerHMM},{Augustus_model.g666.t1;Augustus},{ev_type:exonerate/ID=match.2566964.1166/Target=lcl|PJQD01000001_1_prot_POY76762_1_11;exonerate},{ev_type:exonerate/ID=match.2566964.1092/Target=lcl|KQ954481_1_prot_KWU44178_1_3379;exonerate}
375884	375956	INTRON			{GeneMark_model.857_t;GeneMark},{Augustus_model.g666.t1;Augustus}
375957	375970	internal+	3	1	{GeneMark_model.857_t;GeneMark},{Augustus_model.g666.t1;Augustus}
375971	376039	INTRON			{GeneMark_model.857_t;GeneMark},{Augustus_model.g666.t1;Augustus}
376040	376106	internal+	2	2	{GeneMark_model.857_t;GeneMark},{Augustus_model.g666.t1;Augustus}
376107	376164	INTRON			{GeneMark_model.857_t;GeneMark},{Augustus_model.g666.t1;Augustus},{ev_type:exonerate/ID=match.2566964.1166/Target=lcl|PJQD01000001_1_prot_POY76762_1_11;exonerate},{ev_type:exonerate/ID=match.2566964.1092/Target=lcl|KQ954481_1_prot_KWU44178_1_3379;exonerate}
376165	376261	internal+	3	3	{GeneMark_model.857_t;GeneMark},{GlimmerHMM_glimmerT_785-T1;GlimmerHMM},{Augustus_model.g666.t1;Augustus},{ev_type:exonerate/ID=match.2566964.1166/Target=lcl|PJQD01000001_1_prot_POY76762_1_11;exonerate},{ev_type:exonerate/ID=match.2566964.1092/Target=lcl|KQ954481_1_prot_KWU44178_1_3379;exonerate}
376262	376332	INTRON			{GeneMark_model.857_t;GeneMark},{GlimmerHMM_glimmerT_785-T1;GlimmerHMM},{Augustus_model.g666.t1;Augustus},{ev_type:exonerate/ID=match.2566964.1166/Target=lcl|PJQD01000001_1_prot_POY76762_1_11;exonerate},{ev_type:exonerate/ID=match.2566964.1092/Target=lcl|KQ954481_1_prot_KWU44178_1_3379;exonerate}
376333	376491	terminal+	1	3	{GeneMark_model.857_t;GeneMark},{GlimmerHMM_glimmerT_785-T1;GlimmerHMM},{Augustus_model.g666.t1;Augustus}

# EVM prediction: Mode:STANDARD S-ratio: 2.22 376944-377717 orient(+) score(2501.00) noncoding_equivalent(1129.00) raw_noncoding(1419.00) offset(290.00)
376944	377012	initial+	1	3	{GeneMark_model.858_t;GeneMark},{Augustus_model.g667.t1;Augustus},{GlimmerHMM_glimmerT_786-T1;GlimmerHMM}
377013	377083	INTRON			{GeneMark_model.858_t;GeneMark},{Augustus_model.g667.t1;Augustus},{GlimmerHMM_glimmerT_786-T1;GlimmerHMM}
377084	377141	internal+	1	1	{GeneMark_model.858_t;GeneMark},{Augustus_model.g667.t1;Augustus},{GlimmerHMM_glimmerT_786-T1;GlimmerHMM}
377142	377227	INTRON			{GeneMark_model.858_t;GeneMark},{Augustus_model.g667.t1;Augustus},{GlimmerHMM_glimmerT_786-T1;GlimmerHMM}
377228	377319	internal+	2	3	{GeneMark_model.858_t;GeneMark},{Augustus_model.g667.t1;Augustus},{GlimmerHMM_glimmerT_786-T1;GlimmerHMM}
377320	377384	INTRON			{GeneMark_model.858_t;GeneMark},{Augustus_model.g667.t1;Augustus},{GlimmerHMM_glimmerT_786-T1;GlimmerHMM}
377385	377488	internal+	1	2	{GeneMark_model.858_t;GeneMark},{Augustus_model.g667.t1;Augustus},{GlimmerHMM_glimmerT_786-T1;GlimmerHMM}
377489	377542	INTRON			{GeneMark_model.858_t;GeneMark},{Augustus_model.g667.t1;Augustus},{GlimmerHMM_glimmerT_786-T1;GlimmerHMM}
377543	377717	terminal+	3	3	{GeneMark_model.858_t;GeneMark},{Augustus_model.g667.t1;Augustus},{GlimmerHMM_glimmerT_786-T1;GlimmerHMM},{snap_scaffold_2-snap.163-T1;snap}

# EVM prediction: Mode:STANDARD S-ratio: 1.95 377990-379594 orient(+) score(4269.00) noncoding_equivalent(2183.83) raw_noncoding(2769.00) offset(585.17)
377990	378326	initial+	1	1	{GeneMark_model.859_t;GeneMark}
378327	378387	INTRON			{GeneMark_model.859_t;GeneMark}
378388	378746	internal+	2	3	{GeneMark_model.859_t;GeneMark}
378747	378826	INTRON			{GeneMark_model.859_t;GeneMark},{Augustus_model.g668.t1;Augustus},{GlimmerHMM_glimmerT_787-T1;GlimmerHMM}
378827	379048	internal+	1	3	{GeneMark_model.859_t;GeneMark},{Augustus_model.g668.t1;Augustus}
379049	379114	INTRON			{GeneMark_model.859_t;GeneMark},{Augustus_model.g668.t1;Augustus}
379115	379191	internal+	1	2	{GeneMark_model.859_t;GeneMark},{Augustus_model.g668.t1;Augustus}
379192	379252	INTRON			{GeneMark_model.859_t;GeneMark},{Augustus_model.g668.t1;Augustus}
379253	379374	internal+	3	1	{GeneMark_model.859_t;GeneMark},{Augustus_model.g668.t1;Augustus}
379375	379442	INTRON			{GeneMark_model.859_t;GeneMark},{Augustus_model.g668.t1;Augustus}
379443	379594	terminal+	2	3	{GeneMark_model.859_t;GeneMark},{Augustus_model.g668.t1;Augustus},{GlimmerHMM_glimmerT_787-T1;GlimmerHMM}

# EVM prediction: Mode:STANDARD S-ratio: 2.83 379754-382292 orient(-) score(9110.00) noncoding_equivalent(3222.57) raw_noncoding(3774.57) offset(552.00)
380434	379754	terminal-	4	6	{GlimmerHMM_glimmerT_788-T1;GlimmerHMM},{Augustus_model.g669.t1;Augustus}
380510	380435	INTRON			{GlimmerHMM_glimmerT_788-T1;GlimmerHMM},{Augustus_model.g669.t1;Augustus},{GeneMark_model.860_t;GeneMark}
380799	380511	internal-	6	6	{GlimmerHMM_glimmerT_788-T1;GlimmerHMM},{Augustus_model.g669.t1;Augustus},{GeneMark_model.860_t;GeneMark}
381023	380800	INTRON			{GlimmerHMM_glimmerT_788-T1;GlimmerHMM},{Augustus_model.g669.t1;Augustus},{GeneMark_model.860_t;GeneMark}
381591	381024	internal-	5	5	{GlimmerHMM_glimmerT_788-T1;GlimmerHMM},{Augustus_model.g669.t1;Augustus},{GeneMark_model.860_t;GeneMark}
381661	381592	INTRON			{GlimmerHMM_glimmerT_788-T1;GlimmerHMM},{Augustus_model.g669.t1;Augustus},{snap_scaffold_2-snap.164-T1;snap},{GeneMark_model.860_t;GeneMark},{ev_type:exonerate/ID=match.2566964.1290/Target=lcl|LCTV02000001_1_prot_PRQ78065_1_765;exonerate}
381777	381662	internal-	6	4	{GlimmerHMM_glimmerT_788-T1;GlimmerHMM},{Augustus_model.g669.t1;Augustus},{GeneMark_model.860_t;GeneMark},{ev_type:exonerate/ID=match.2566964.1290/Target=lcl|LCTV02000001_1_prot_PRQ78065_1_765;exonerate}
381845	381778	INTRON			{GlimmerHMM_glimmerT_788-T1;GlimmerHMM},{Augustus_model.g669.t1;Augustus},{GeneMark_model.860_t;GeneMark},{ev_type:exonerate/ID=match.2566964.1290/Target=lcl|LCTV02000001_1_prot_PRQ78065_1_765;exonerate}
382026	381846	internal-	5	5	{GlimmerHMM_glimmerT_788-T1;GlimmerHMM},{Augustus_model.g669.t1;Augustus},{GeneMark_model.860_t;GeneMark},{ev_type:exonerate/ID=match.2566964.1290/Target=lcl|LCTV02000001_1_prot_PRQ78065_1_765;exonerate}
382108	382027	INTRON			{GlimmerHMM_glimmerT_788-T1;GlimmerHMM},{Augustus_model.g669.t1;Augustus},{GeneMark_model.860_t;GeneMark},{ev_type:exonerate/ID=match.2566964.1290/Target=lcl|LCTV02000001_1_prot_PRQ78065_1_765;exonerate}
382160	382109	internal-	4	4	{GlimmerHMM_glimmerT_788-T1;GlimmerHMM},{Augustus_model.g669.t1;Augustus},{GeneMark_model.860_t;GeneMark},{ev_type:exonerate/ID=match.2566964.1290/Target=lcl|LCTV02000001_1_prot_PRQ78065_1_765;exonerate}
382238	382161	INTRON			{GlimmerHMM_glimmerT_788-T1;GlimmerHMM},{Augustus_model.g669.t1;Augustus},{GeneMark_model.860_t;GeneMark},{ev_type:exonerate/ID=match.2566964.1290/Target=lcl|LCTV02000001_1_prot_PRQ78065_1_765;exonerate}
382292	382239	initial-	4	6	{GlimmerHMM_glimmerT_788-T1;GlimmerHMM},{Augustus_model.g669.t1;Augustus},{GeneMark_model.860_t;GeneMark}

# EVM prediction: Mode:STANDARD S-ratio: 4.15 382546-383277 orient(+) score(2680.00) noncoding_equivalent(646.00) raw_noncoding(729.00) offset(83.00)
382546	382636	initial+	1	1	{Augustus_model.g670.t1;Augustus},{GlimmerHMM_glimmerT_789-T1;GlimmerHMM},{GeneMark_model.861_t;GeneMark}
382637	382707	INTRON			{Augustus_model.g670.t1;Augustus},{GlimmerHMM_glimmerT_789-T1;GlimmerHMM},{GeneMark_model.861_t;GeneMark}
382708	382806	internal+	2	1	{Augustus_model.g670.t1;Augustus},{GlimmerHMM_glimmerT_789-T1;GlimmerHMM},{GeneMark_model.861_t;GeneMark}
382807	382873	INTRON			{Augustus_model.g670.t1;Augustus},{snap_scaffold_2-snap.165-T1;snap},{GlimmerHMM_glimmerT_789-T1;GlimmerHMM},{GeneMark_model.861_t;GeneMark}
382874	383277	terminal+	2	3	{Augustus_model.g670.t1;Augustus},{snap_scaffold_2-snap.165-T1;snap},{GlimmerHMM_glimmerT_789-T1;GlimmerHMM},{GeneMark_model.861_t;GeneMark}

# EVM prediction: Mode:STANDARD S-ratio: 1.40 383434-384948 orient(-) score(3496.00) noncoding_equivalent(2500.73) raw_noncoding(3372.00) offset(871.27)
383759	383434	terminal-	5	6	{GeneMark_model.862_t;GeneMark}
383850	383760	INTRON			{GeneMark_model.862_t;GeneMark}
383929	383851	internal-	4	4	{GeneMark_model.862_t;GeneMark}
383995	383930	INTRON			{GeneMark_model.862_t;GeneMark}
384042	383996	internal-	5	6	{Augustus_model.g671.t1;Augustus},{GeneMark_model.862_t;GeneMark}
384111	384043	INTRON			{Augustus_model.g671.t1;Augustus},{GeneMark_model.862_t;GeneMark}
384256	384112	internal-	4	4	{Augustus_model.g671.t1;Augustus},{GeneMark_model.862_t;GeneMark}
384331	384257	INTRON			{Augustus_model.g671.t1;Augustus},{GeneMark_model.862_t;GeneMark}
384492	384332	internal-	5	6	{Augustus_model.g671.t1;Augustus},{GeneMark_model.862_t;GeneMark}
384560	384493	INTRON			{GlimmerHMM_glimmerT_790-T1;GlimmerHMM},{Augustus_model.g671.t1;Augustus},{GeneMark_model.862_t;GeneMark}
384673	384561	internal-	6	4	{GlimmerHMM_glimmerT_790-T1;GlimmerHMM},{Augustus_model.g671.t1;Augustus},{GeneMark_model.862_t;GeneMark}
384758	384674	INTRON			{GlimmerHMM_glimmerT_790-T1;GlimmerHMM},{Augustus_model.g671.t1;Augustus}
384820	384759	internal-	4	5	{GlimmerHMM_glimmerT_790-T1;GlimmerHMM},{Augustus_model.g671.t1;Augustus}
384882	384821	INTRON			{GlimmerHMM_glimmerT_790-T1;GlimmerHMM},{Augustus_model.g671.t1;Augustus},{GeneMark_model.862_t;GeneMark}
384948	384883	initial-	4	6	{GlimmerHMM_glimmerT_790-T1;GlimmerHMM},{GeneMark_model.862_t;GeneMark}

# EVM prediction: Mode:STANDARD S-ratio: 5.77 385616-387592 orient(+) score(8846.00) noncoding_equivalent(1532.82) raw_noncoding(1749.54) offset(216.72)
385616	385670	initial+	1	1	{Augustus_model.g672.t1;Augustus},{GeneMark_model.863_t;GeneMark},{GlimmerHMM_glimmerT_791-T1;GlimmerHMM}
385671	385743	INTRON			{Augustus_model.g672.t1;Augustus},{GeneMark_model.863_t;GeneMark},{GlimmerHMM_glimmerT_791-T1;GlimmerHMM},{ev_type:exonerate/ID=match.2566964.1106/Target=lcl|PJQD01000001_1_prot_POY76755_1_4;exonerate}
385744	386336	internal+	2	3	{Augustus_model.g672.t1;Augustus},{GeneMark_model.863_t;GeneMark},{GlimmerHMM_glimmerT_791-T1;GlimmerHMM},{ev_type:exonerate/ID=match.2566964.1106/Target=lcl|PJQD01000001_1_prot_POY76755_1_4;exonerate}
386337	386402	INTRON			{Augustus_model.g672.t1;Augustus},{GeneMark_model.863_t;GeneMark},{GlimmerHMM_glimmerT_791-T1;GlimmerHMM},{ev_type:exonerate/ID=match.2566964.1106/Target=lcl|PJQD01000001_1_prot_POY76755_1_4;exonerate}
386403	386506	internal+	1	2	{Augustus_model.g672.t1;Augustus},{GeneMark_model.863_t;GeneMark},{GlimmerHMM_glimmerT_791-T1;GlimmerHMM},{ev_type:exonerate/ID=match.2566964.1106/Target=lcl|PJQD01000001_1_prot_POY76755_1_4;exonerate}
386507	386565	INTRON			{Augustus_model.g672.t1;Augustus},{GeneMark_model.863_t;GeneMark},{GlimmerHMM_glimmerT_791-T1;GlimmerHMM},{ev_type:exonerate/ID=match.2566964.1106/Target=lcl|PJQD01000001_1_prot_POY76755_1_4;exonerate}
386566	387356	internal+	3	1	{Augustus_model.g672.t1;Augustus},{GeneMark_model.863_t;GeneMark},{GlimmerHMM_glimmerT_791-T1;GlimmerHMM},{ev_type:exonerate/ID=match.2566964.1106/Target=lcl|PJQD01000001_1_prot_POY76755_1_4;exonerate}
387357	387422	INTRON			{Augustus_model.g672.t1;Augustus},{GeneMark_model.863_t;GeneMark},{GlimmerHMM_glimmerT_791-T1;GlimmerHMM},{ev_type:exonerate/ID=match.2566964.1106/Target=lcl|PJQD01000001_1_prot_POY76755_1_4;exonerate}
387423	387592	terminal+	2	3	{Augustus_model.g672.t1;Augustus},{GeneMark_model.863_t;GeneMark},{GlimmerHMM_glimmerT_791-T1;GlimmerHMM}

# EVM prediction: Mode:STANDARD S-ratio: 1.84 390707-393677 orient(-) score(6697.00) noncoding_equivalent(3635.57) raw_noncoding(6833.88) offset(3198.31)
390933	390707	terminal-	5	6	{GeneMark_model.865_t;GeneMark},{Augustus_model.g673.t1;Augustus},{snap_scaffold_2-snap.167-T1;snap},{GlimmerHMM_glimmerT_793-T1;GlimmerHMM}
390999	390934	INTRON			{GeneMark_model.865_t;GeneMark},{Augustus_model.g673.t1;Augustus}
391188	391000	internal-	5	4	{GeneMark_model.865_t;GeneMark},{Augustus_model.g673.t1;Augustus}
391242	391189	INTRON			{GeneMark_model.865_t;GeneMark},{Augustus_model.g673.t1;Augustus}
391339	391243	internal-	4	4	{GeneMark_model.865_t;GeneMark},{Augustus_model.g673.t1;Augustus},{GlimmerHMM_glimmerT_793-T1;GlimmerHMM}
391392	391340	INTRON			{GeneMark_model.865_t;GeneMark},{GlimmerHMM_glimmerT_793-T1;GlimmerHMM}
391552	391393	internal-	6	6	{GeneMark_model.865_t;GeneMark},{GlimmerHMM_glimmerT_793-T1;GlimmerHMM}
391620	391553	INTRON			{GeneMark_model.865_t;GeneMark},{Augustus_model.g673.t1;Augustus}
391862	391621	internal-	4	5	{GeneMark_model.865_t;GeneMark},{Augustus_model.g673.t1;Augustus}
392033	391863	INTRON			{GeneMark_model.865_t;GeneMark},{GlimmerHMM_glimmerT_793-T1;GlimmerHMM}
392562	392034	internal-	6	6	{Augustus_model.g673.t1;Augustus}
392748	392563	INTRON			{Augustus_model.g673.t1;Augustus}
392891	392749	internal-	4	5	{GeneMark_model.865_t;GeneMark},{Augustus_model.g673.t1;Augustus},{GlimmerHMM_glimmerT_793-T1;GlimmerHMM}
392952	392892	INTRON			{GeneMark_model.865_t;GeneMark},{GlimmerHMM_glimmerT_793-T1;GlimmerHMM}
392981	392953	internal-	5	6	{GlimmerHMM_glimmerT_793-T1;GlimmerHMM}
393568	392982	INTRON			{GlimmerHMM_glimmerT_793-T1;GlimmerHMM}
393677	393569	initial-	4	4	{GeneMark_model.865_t;GeneMark},{GlimmerHMM_glimmerT_793-T1;GlimmerHMM}

# EVM prediction: Mode:STANDARD S-ratio: 1.99 394601-396439 orient(-) score(5680.00) noncoding_equivalent(2860.02) raw_noncoding(3389.08) offset(529.06)
394615	394601	terminal-	4	6	{GeneMark_model.866_t;GeneMark},{GlimmerHMM_glimmerT_794-T1;GlimmerHMM}
394673	394616	INTRON			{GeneMark_model.866_t;GeneMark},{GlimmerHMM_glimmerT_794-T1;GlimmerHMM}
394725	394674	internal-	6	6	{GeneMark_model.866_t;GeneMark},{Augustus_model.g673.t1;Augustus},{GlimmerHMM_glimmerT_794-T1;GlimmerHMM}
394787	394726	INTRON			{GeneMark_model.866_t;GeneMark},{Augustus_model.g673.t1;Augustus},{GlimmerHMM_glimmerT_794-T1;GlimmerHMM}
394868	394788	internal-	6	5	{GeneMark_model.866_t;GeneMark},{Augustus_model.g673.t1;Augustus},{GlimmerHMM_glimmerT_794-T1;GlimmerHMM}
394934	394869	INTRON			{GeneMark_model.866_t;GeneMark},{Augustus_model.g673.t1;Augustus},{GlimmerHMM_glimmerT_794-T1;GlimmerHMM}
395020	394935	internal-	4	5	{GeneMark_model.866_t;GeneMark},{Augustus_model.g673.t1;Augustus},{GlimmerHMM_glimmerT_794-T1;GlimmerHMM}
395081	395021	INTRON			{GeneMark_model.866_t;GeneMark},{Augustus_model.g673.t1;Augustus},{snap_scaffold_2-snap.168-T1;snap},{GlimmerHMM_glimmerT_794-T1;GlimmerHMM}
395198	395082	internal-	4	6	{GeneMark_model.866_t;GeneMark},{Augustus_model.g673.t1;Augustus},{GlimmerHMM_glimmerT_794-T1;GlimmerHMM}
395263	395199	INTRON			{GeneMark_model.866_t;GeneMark},{Augustus_model.g673.t1;Augustus},{GlimmerHMM_glimmerT_794-T1;GlimmerHMM}
395343	395264	internal-	5	6	{GeneMark_model.866_t;GeneMark},{Augustus_model.g673.t1;Augustus},{GlimmerHMM_glimmerT_794-T1;GlimmerHMM}
395408	395344	INTRON			{GeneMark_model.866_t;GeneMark},{Augustus_model.g673.t1;Augustus},{GlimmerHMM_glimmerT_794-T1;GlimmerHMM}
395763	395409	internal-	4	4	{GeneMark_model.866_t;GeneMark},{Augustus_model.g673.t1;Augustus}
395831	395764	INTRON			{GeneMark_model.866_t;GeneMark},{Augustus_model.g673.t1;Augustus}
396048	395832	internal-	6	6	{GeneMark_model.866_t;GeneMark},{Augustus_model.g673.t1;Augustus},{GlimmerHMM_glimmerT_794-T1;GlimmerHMM}
396129	396049	INTRON			{GeneMark_model.866_t;GeneMark},{Augustus_model.g673.t1;Augustus},{GlimmerHMM_glimmerT_794-T1;GlimmerHMM}
396257	396130	internal-	4	5	{GeneMark_model.866_t;GeneMark},{Augustus_model.g673.t1;Augustus},{GlimmerHMM_glimmerT_794-T1;GlimmerHMM}
396409	396258	INTRON			{GeneMark_model.866_t;GeneMark},{Augustus_model.g673.t1;Augustus},{GlimmerHMM_glimmerT_794-T1;GlimmerHMM}
396439	396410	initial-	4	6	{GeneMark_model.866_t;GeneMark},{Augustus_model.g673.t1;Augustus},{GlimmerHMM_glimmerT_794-T1;GlimmerHMM}

# EVM prediction: Mode:STANDARD S-ratio: 7.91 396888-402515 orient(+) score(20577.00) noncoding_equivalent(2601.84) raw_noncoding(2857.99) offset(256.15)
396888	397253	initial+	1	3	{GlimmerHMM_glimmerT_795-T1;GlimmerHMM},{Augustus_model.g674.t1;Augustus},{GeneMark_model.867_t;GeneMark}
397254	397319	INTRON			{GlimmerHMM_glimmerT_795-T1;GlimmerHMM},{Augustus_model.g674.t1;Augustus},{GeneMark_model.867_t;GeneMark}
397320	397934	internal+	1	3	{GlimmerHMM_glimmerT_795-T1;GlimmerHMM},{Augustus_model.g674.t1;Augustus},{GeneMark_model.867_t;GeneMark}
397935	398008	INTRON			{GlimmerHMM_glimmerT_795-T1;GlimmerHMM},{Augustus_model.g674.t1;Augustus},{GeneMark_model.867_t;GeneMark}
398009	400419	internal+	1	2	{GlimmerHMM_glimmerT_795-T1;GlimmerHMM},{Augustus_model.g674.t1;Augustus},{GeneMark_model.867_t;GeneMark}
400420	400496	INTRON			{GlimmerHMM_glimmerT_795-T1;GlimmerHMM},{Augustus_model.g674.t1;Augustus},{GeneMark_model.867_t;GeneMark}
400497	401288	internal+	3	2	{GlimmerHMM_glimmerT_795-T1;GlimmerHMM},{Augustus_model.g674.t1;Augustus},{GeneMark_model.867_t;GeneMark}
401289	401349	INTRON			{GlimmerHMM_glimmerT_795-T1;GlimmerHMM},{Augustus_model.g674.t1;Augustus},{GeneMark_model.867_t;GeneMark}
401350	402108	internal+	3	2	{GlimmerHMM_glimmerT_795-T1;GlimmerHMM},{Augustus_model.g674.t1;Augustus},{GeneMark_model.867_t;GeneMark}
402109	402175	INTRON			{GlimmerHMM_glimmerT_795-T1;GlimmerHMM},{Augustus_model.g674.t1;Augustus},{GeneMark_model.867_t;GeneMark}
402176	402515	terminal+	3	3	{GlimmerHMM_glimmerT_795-T1;GlimmerHMM},{Augustus_model.g674.t1;Augustus},{GeneMark_model.867_t;GeneMark}

# EVM prediction: Mode:STANDARD S-ratio: 2.02 402567-404020 orient(-) score(3897.00) noncoding_equivalent(1933.73) raw_noncoding(2188.28) offset(254.55)
402723	402567	terminal-	6	6	{GeneMark_model.868_t;GeneMark},{GlimmerHMM_glimmerT_796-T1;GlimmerHMM},{Augustus_model.g675.t1;Augustus}
402796	402724	INTRON			{GeneMark_model.868_t;GeneMark},{GlimmerHMM_glimmerT_796-T1;GlimmerHMM},{Augustus_model.g675.t1;Augustus}
403681	402797	internal-	6	5	{GeneMark_model.868_t;GeneMark},{GlimmerHMM_glimmerT_796-T1;GlimmerHMM}
403742	403682	INTRON			{GeneMark_model.868_t;GeneMark}
404020	403743	initial-	4	5	{GeneMark_model.868_t;GeneMark}

# EVM prediction: Mode:STANDARD S-ratio: 4.04 404512-405427 orient(+) score(2935.00) noncoding_equivalent(725.92) raw_noncoding(1011.92) offset(286.00)
404512	404926	initial+	1	1	{Augustus_model.g676.t1;Augustus},{GeneMark_model.869_t;GeneMark},{GlimmerHMM_glimmerT_797-T1;GlimmerHMM}
404927	404997	INTRON			{Augustus_model.g676.t1;Augustus},{GeneMark_model.869_t;GeneMark}
404998	405012	internal+	2	1	{Augustus_model.g676.t1;Augustus},{GeneMark_model.869_t;GeneMark}
405013	405083	INTRON			{Augustus_model.g676.t1;Augustus},{GeneMark_model.869_t;GeneMark}
405084	405427	terminal+	2	3	{Augustus_model.g676.t1;Augustus},{GeneMark_model.869_t;GeneMark},{snap_scaffold_2-snap.172-T1;snap},{GlimmerHMM_glimmerT_797-T1;GlimmerHMM}

# EVM prediction: Mode:STANDARD S-ratio: 3.06 405558-406622 orient(-) score(3027.00) noncoding_equivalent(987.98) raw_noncoding(1638.81) offset(650.84)
405950	405558	terminal-	4	6	{GeneMark_model.870_t;GeneMark},{snap_scaffold_2-snap.173-T1;snap},{GlimmerHMM_glimmerT_798-T1;GlimmerHMM},{Augustus_model.g677.t1;Augustus}
406022	405951	INTRON			{GeneMark_model.870_t;GeneMark},{GlimmerHMM_glimmerT_798-T1;GlimmerHMM},{Augustus_model.g677.t1;Augustus}
406319	406023	internal-	4	6	{GeneMark_model.870_t;GeneMark},{GlimmerHMM_glimmerT_798-T1;GlimmerHMM},{Augustus_model.g677.t1;Augustus}
406511	406320	INTRON			{GeneMark_model.870_t;GeneMark}
406622	406512	initial-	4	6	{GeneMark_model.870_t;GeneMark}

# EVM prediction: Mode:STANDARD S-ratio: 1.46 406951-408731 orient(-) score(5137.00) noncoding_equivalent(3513.30) raw_noncoding(4502.49) offset(989.19)
407073	406951	terminal-	4	6	{GeneMark_model.871_t;GeneMark},{Augustus_model.g678.t1;Augustus}
407156	407074	INTRON			{GeneMark_model.871_t;GeneMark},{Augustus_model.g678.t1;Augustus}
407182	407157	internal-	5	6	{GlimmerHMM_glimmerT_798-T1;GlimmerHMM},{GeneMark_model.871_t;GeneMark},{Augustus_model.g678.t1;Augustus}
407248	407183	INTRON			{GlimmerHMM_glimmerT_798-T1;GlimmerHMM},{GeneMark_model.871_t;GeneMark},{Augustus_model.g678.t1;Augustus}
407279	407249	internal-	4	4	{GlimmerHMM_glimmerT_798-T1;GlimmerHMM},{GeneMark_model.871_t;GeneMark},{Augustus_model.g678.t1;Augustus}
407354	407280	INTRON			{GlimmerHMM_glimmerT_798-T1;GlimmerHMM},{GeneMark_model.871_t;GeneMark},{Augustus_model.g678.t1;Augustus}
407431	407355	internal-	5	6	{GlimmerHMM_glimmerT_798-T1;GlimmerHMM},{GeneMark_model.871_t;GeneMark},{Augustus_model.g678.t1;Augustus}
407508	407432	INTRON			{GlimmerHMM_glimmerT_798-T1;GlimmerHMM},{GeneMark_model.871_t;GeneMark},{Augustus_model.g678.t1;Augustus}
407516	407509	internal-	6	4	{GlimmerHMM_glimmerT_798-T1;GlimmerHMM},{GeneMark_model.871_t;GeneMark},{Augustus_model.g678.t1;Augustus}
407584	407517	INTRON			{GlimmerHMM_glimmerT_798-T1;GlimmerHMM},{GeneMark_model.871_t;GeneMark},{Augustus_model.g678.t1;Augustus}
407648	407585	internal-	5	5	{GlimmerHMM_glimmerT_798-T1;GlimmerHMM},{GeneMark_model.871_t;GeneMark},{Augustus_model.g678.t1;Augustus}
407714	407649	INTRON			{GlimmerHMM_glimmerT_798-T1;GlimmerHMM},{GeneMark_model.871_t;GeneMark},{Augustus_model.g678.t1;Augustus}
407745	407715	internal-	4	4	{GlimmerHMM_glimmerT_798-T1;GlimmerHMM},{GeneMark_model.871_t;GeneMark},{Augustus_model.g678.t1;Augustus}
407823	407746	INTRON			{GlimmerHMM_glimmerT_798-T1;GlimmerHMM},{GeneMark_model.871_t;GeneMark},{Augustus_model.g678.t1;Augustus}
407996	407824	internal-	5	6	{GlimmerHMM_glimmerT_798-T1;GlimmerHMM},{GeneMark_model.871_t;GeneMark},{Augustus_model.g678.t1;Augustus}
408070	407997	INTRON			{GlimmerHMM_glimmerT_798-T1;GlimmerHMM},{GeneMark_model.871_t;GeneMark},{Augustus_model.g678.t1;Augustus}
408139	408071	internal-	5	4	{GlimmerHMM_glimmerT_798-T1;GlimmerHMM},{GeneMark_model.871_t;GeneMark},{Augustus_model.g678.t1;Augustus}
408281	408140	INTRON			{GlimmerHMM_glimmerT_798-T1;GlimmerHMM},{GeneMark_model.871_t;GeneMark},{Augustus_model.g678.t1;Augustus}
408432	408282	internal-	4	4	{GlimmerHMM_glimmerT_798-T1;GlimmerHMM},{GeneMark_model.871_t;GeneMark},{Augustus_model.g678.t1;Augustus}
408507	408433	INTRON			{GlimmerHMM_glimmerT_798-T1;GlimmerHMM},{GeneMark_model.871_t;GeneMark},{Augustus_model.g678.t1;Augustus}
408666	408508	internal-	4	6	{GlimmerHMM_glimmerT_798-T1;GlimmerHMM},{GeneMark_model.871_t;GeneMark},{Augustus_model.g678.t1;Augustus}
408728	408667	INTRON			{GlimmerHMM_glimmerT_798-T1;GlimmerHMM},{GeneMark_model.871_t;GeneMark},{Augustus_model.g678.t1;Augustus}
408731	408729	initial-	4	6	{GlimmerHMM_glimmerT_798-T1;GlimmerHMM},{GeneMark_model.871_t;GeneMark},{Augustus_model.g678.t1;Augustus}

# EVM prediction: Mode:STANDARD S-ratio: 6.21 410225-411752 orient(+) score(5631.00) noncoding_equivalent(906.07) raw_noncoding(1045.00) offset(138.93)
410225	410793	initial+	1	2	{GeneMark_model.872_t;GeneMark},{GlimmerHMM_glimmerT_799-T1;GlimmerHMM},{Augustus_model.g679.t1;Augustus}
410794	410862	INTRON			{GeneMark_model.872_t;GeneMark},{GlimmerHMM_glimmerT_799-T1;GlimmerHMM},{Augustus_model.g679.t1;Augustus}
410863	411131	internal+	3	1	{GeneMark_model.872_t;GeneMark},{GlimmerHMM_glimmerT_799-T1;GlimmerHMM},{Augustus_model.g679.t1;Augustus}
411132	411214	INTRON			{GeneMark_model.872_t;GeneMark},{GlimmerHMM_glimmerT_799-T1;GlimmerHMM},{Augustus_model.g679.t1;Augustus}
411215	411282	internal+	2	3	{GeneMark_model.872_t;GeneMark},{GlimmerHMM_glimmerT_799-T1;GlimmerHMM},{Augustus_model.g679.t1;Augustus}
411283	411350	INTRON			{GeneMark_model.872_t;GeneMark},{GlimmerHMM_glimmerT_799-T1;GlimmerHMM},{Augustus_model.g679.t1;Augustus}
411351	411752	terminal+	1	3	{GeneMark_model.872_t;GeneMark},{GlimmerHMM_glimmerT_799-T1;GlimmerHMM},{Augustus_model.g679.t1;Augustus}

# EVM prediction: Mode:STANDARD S-ratio: 2.98 412011-414948 orient(-) score(9536.00) noncoding_equivalent(3198.65) raw_noncoding(3559.00) offset(360.35)
412056	412011	terminal-	6	6	{Augustus_model.g680.t1;Augustus},{GlimmerHMM_glimmerT_800-T1;GlimmerHMM},{GeneMark_model.873_t;GeneMark}
412121	412057	INTRON			{Augustus_model.g680.t1;Augustus},{GlimmerHMM_glimmerT_800-T1;GlimmerHMM},{GeneMark_model.873_t;GeneMark}
412193	412122	internal-	6	5	{Augustus_model.g680.t1;Augustus},{GlimmerHMM_glimmerT_800-T1;GlimmerHMM},{GeneMark_model.873_t;GeneMark}
412258	412194	INTRON			{Augustus_model.g680.t1;Augustus},{GlimmerHMM_glimmerT_800-T1;GlimmerHMM},{GeneMark_model.873_t;GeneMark}
412702	412259	internal-	6	5	{Augustus_model.g680.t1;Augustus},{GlimmerHMM_glimmerT_800-T1;GlimmerHMM},{GeneMark_model.873_t;GeneMark}
412773	412703	INTRON			{Augustus_model.g680.t1;Augustus},{GlimmerHMM_glimmerT_800-T1;GlimmerHMM},{GeneMark_model.873_t;GeneMark}
413611	412774	internal-	5	5	{Augustus_model.g680.t1;Augustus},{GlimmerHMM_glimmerT_800-T1;GlimmerHMM},{GeneMark_model.873_t;GeneMark}
413677	413612	INTRON			{Augustus_model.g680.t1;Augustus},{GlimmerHMM_glimmerT_800-T1;GlimmerHMM},{GeneMark_model.873_t;GeneMark}
413843	413678	internal-	4	4	{Augustus_model.g680.t1;Augustus},{GlimmerHMM_glimmerT_800-T1;GlimmerHMM},{GeneMark_model.873_t;GeneMark}
414015	413844	INTRON			{Augustus_model.g680.t1;Augustus},{GlimmerHMM_glimmerT_800-T1;GlimmerHMM},{GeneMark_model.873_t;GeneMark}
414686	414016	internal-	5	6	{Augustus_model.g680.t1;Augustus},{GlimmerHMM_glimmerT_800-T1;GlimmerHMM},{GeneMark_model.873_t;GeneMark}
414752	414687	INTRON			{Augustus_model.g680.t1;Augustus},{GlimmerHMM_glimmerT_800-T1;GlimmerHMM},{GeneMark_model.873_t;GeneMark}
414948	414753	initial-	4	4	{Augustus_model.g680.t1;Augustus},{GlimmerHMM_glimmerT_800-T1;GlimmerHMM},{GeneMark_model.873_t;GeneMark}

# EVM prediction: Mode:STANDARD S-ratio: 2.68 415420-416682 orient(+) score(3780.00) noncoding_equivalent(1411.49) raw_noncoding(1935.00) offset(523.51)
415420	415643	initial+	1	2	{GeneMark_model.874_t;GeneMark},{Augustus_model.g681.t1;Augustus},{GlimmerHMM_glimmerT_801-T1;GlimmerHMM}
415644	415716	INTRON			{GeneMark_model.874_t;GeneMark},{Augustus_model.g681.t1;Augustus},{GlimmerHMM_glimmerT_801-T1;GlimmerHMM}
415717	415764	internal+	3	2	{GeneMark_model.874_t;GeneMark},{Augustus_model.g681.t1;Augustus}
415765	415825	INTRON			{GeneMark_model.874_t;GeneMark},{Augustus_model.g681.t1;Augustus}
415826	415882	internal+	3	2	{GeneMark_model.874_t;GeneMark},{Augustus_model.g681.t1;Augustus}
415883	415980	INTRON			{GeneMark_model.874_t;GeneMark},{Augustus_model.g681.t1;Augustus}
415981	416275	internal+	3	3	{GeneMark_model.874_t;GeneMark},{Augustus_model.g681.t1;Augustus}
416276	416340	INTRON			{GeneMark_model.874_t;GeneMark},{Augustus_model.g681.t1;Augustus}
416341	416682	terminal+	1	3	{GeneMark_model.874_t;GeneMark},{Augustus_model.g681.t1;Augustus},{GlimmerHMM_glimmerT_802-T1;GlimmerHMM}

# EVM prediction: Mode:STANDARD S-ratio: 4.96 417014-419332 orient(+) score(8291.00) noncoding_equivalent(1670.22) raw_noncoding(1863.00) offset(192.78)
417014	417268	initial+	1	3	{Augustus_model.g682.t1;Augustus}
417269	417338	INTRON			{GlimmerHMM_glimmerT_803-T1;GlimmerHMM},{GeneMark_model.875_t;GeneMark},{Augustus_model.g682.t1;Augustus}
417339	417551	internal+	1	3	{GlimmerHMM_glimmerT_803-T1;GlimmerHMM},{GeneMark_model.875_t;GeneMark},{Augustus_model.g682.t1;Augustus}
417552	417627	INTRON			{GlimmerHMM_glimmerT_803-T1;GlimmerHMM},{GeneMark_model.875_t;GeneMark},{Augustus_model.g682.t1;Augustus}
417628	418373	internal+	1	2	{GlimmerHMM_glimmerT_803-T1;GlimmerHMM},{GeneMark_model.875_t;GeneMark},{Augustus_model.g682.t1;Augustus}
418374	418438	INTRON			{GlimmerHMM_glimmerT_803-T1;GlimmerHMM},{GeneMark_model.875_t;GeneMark},{Augustus_model.g682.t1;Augustus}
418439	418949	internal+	3	3	{GlimmerHMM_glimmerT_803-T1;GlimmerHMM},{GeneMark_model.875_t;GeneMark},{Augustus_model.g682.t1;Augustus}
418950	419026	INTRON			{GlimmerHMM_glimmerT_803-T1;GlimmerHMM},{GeneMark_model.875_t;GeneMark},{Augustus_model.g682.t1;Augustus}
419027	419173	internal+	1	3	{GlimmerHMM_glimmerT_803-T1;GlimmerHMM},{GeneMark_model.875_t;GeneMark},{Augustus_model.g682.t1;Augustus}
419174	419239	INTRON			{GlimmerHMM_glimmerT_803-T1;GlimmerHMM},{GeneMark_model.875_t;GeneMark},{Augustus_model.g682.t1;Augustus}
419240	419332	terminal+	1	3	{GlimmerHMM_glimmerT_803-T1;GlimmerHMM},{GeneMark_model.875_t;GeneMark},{Augustus_model.g682.t1;Augustus}

# EVM prediction: Mode:STANDARD S-ratio: 4.37 419625-421158 orient(-) score(7860.00) noncoding_equivalent(1796.67) raw_noncoding(2138.00) offset(341.33)
419644	419625	terminal-	5	6	{GlimmerHMM_glimmerT_804-T1;GlimmerHMM},{GeneMark_model.876_t;GeneMark},{Augustus_model.g683.t1;Augustus}
419727	419645	INTRON			{GlimmerHMM_glimmerT_804-T1;GlimmerHMM},{GeneMark_model.876_t;GeneMark},{Augustus_model.g683.t1;Augustus}
419995	419728	internal-	4	4	{GlimmerHMM_glimmerT_804-T1;GlimmerHMM},{GeneMark_model.876_t;GeneMark},{Augustus_model.g683.t1;Augustus}
420071	419996	INTRON			{GlimmerHMM_glimmerT_804-T1;GlimmerHMM},{GeneMark_model.876_t;GeneMark},{Augustus_model.g683.t1;Augustus},{ev_type:exonerate/ID=match.2566964.1200/Target=lcl|KQ954555_1_prot_KWU41156_1_6480;exonerate},{ev_type:exonerate/ID=match.2566964.1189/Target=lcl|KQ954481_1_prot_KWU44250_1_3452;exonerate}
420246	420072	internal-	6	6	{GeneMark_model.876_t;GeneMark},{Augustus_model.g683.t1;Augustus},{ev_type:exonerate/ID=match.2566964.1200/Target=lcl|KQ954555_1_prot_KWU41156_1_6480;exonerate},{ev_type:exonerate/ID=match.2566964.1189/Target=lcl|KQ954481_1_prot_KWU44250_1_3452;exonerate}
420333	420247	INTRON			{GeneMark_model.876_t;GeneMark},{Augustus_model.g683.t1;Augustus},{ev_type:exonerate/ID=match.2566964.1200/Target=lcl|KQ954555_1_prot_KWU41156_1_6480;exonerate},{ev_type:exonerate/ID=match.2566964.1189/Target=lcl|KQ954481_1_prot_KWU44250_1_3452;exonerate}
420631	420334	internal-	5	5	{GlimmerHMM_glimmerT_804-T1;GlimmerHMM},{GeneMark_model.876_t;GeneMark},{Augustus_model.g683.t1;Augustus},{ev_type:exonerate/ID=match.2566964.1200/Target=lcl|KQ954555_1_prot_KWU41156_1_6480;exonerate},{ev_type:exonerate/ID=match.2566964.1189/Target=lcl|KQ954481_1_prot_KWU44250_1_3452;exonerate}
420711	420632	INTRON			{GlimmerHMM_glimmerT_804-T1;GlimmerHMM},{GeneMark_model.876_t;GeneMark},{Augustus_model.g683.t1;Augustus},{ev_type:exonerate/ID=match.2566964.1200/Target=lcl|KQ954555_1_prot_KWU41156_1_6480;exonerate},{ev_type:exonerate/ID=match.2566964.1189/Target=lcl|KQ954481_1_prot_KWU44250_1_3452;exonerate}
420801	420712	internal-	5	4	{GlimmerHMM_glimmerT_804-T1;GlimmerHMM},{GeneMark_model.876_t;GeneMark},{Augustus_model.g683.t1;Augustus},{ev_type:exonerate/ID=match.2566964.1200/Target=lcl|KQ954555_1_prot_KWU41156_1_6480;exonerate},{ev_type:exonerate/ID=match.2566964.1189/Target=lcl|KQ954481_1_prot_KWU44250_1_3452;exonerate}
420902	420802	INTRON			{GlimmerHMM_glimmerT_804-T1;GlimmerHMM},{GeneMark_model.876_t;GeneMark},{Augustus_model.g683.t1;Augustus},{ev_type:exonerate/ID=match.2566964.1200/Target=lcl|KQ954555_1_prot_KWU41156_1_6480;exonerate},{ev_type:exonerate/ID=match.2566964.1189/Target=lcl|KQ954481_1_prot_KWU44250_1_3452;exonerate}
421158	420903	initial-	4	4	{GlimmerHMM_glimmerT_804-T1;GlimmerHMM},{GeneMark_model.876_t;GeneMark},{Augustus_model.g683.t1;Augustus}

# EVM prediction: Mode:STANDARD S-ratio: 2.31 421638-422291 orient(-) score(1962.00) noncoding_equivalent(848.00) raw_noncoding(951.00) offset(103.00)
421973	421638	terminal-	4	6	{GlimmerHMM_glimmerT_805-T1;GlimmerHMM},{GeneMark_model.877_t;GeneMark},{Augustus_model.g684.t1;Augustus}
422072	421974	INTRON			{GlimmerHMM_glimmerT_805-T1;GlimmerHMM},{GeneMark_model.877_t;GeneMark},{Augustus_model.g684.t1;Augustus}
422291	422073	initial-	4	6	{GlimmerHMM_glimmerT_805-T1;GlimmerHMM}

# EVM prediction: Mode:STANDARD S-ratio: 4.01 422560-423443 orient(-) score(3162.00) noncoding_equivalent(788.53) raw_noncoding(1189.98) offset(401.45)
423034	422560	terminal-	6	6	{GlimmerHMM_glimmerT_806-T1;GlimmerHMM},{snap_scaffold_2-snap.182-T1;snap}
423103	423035	INTRON			{GeneMark_model.877_t;GeneMark},{Augustus_model.g684.t1;Augustus},{ev_type:exonerate/ID=match.2566964.1330/Target=lcl|KQ954482_1_prot_KWU44110_1_3522;exonerate}
423252	423104	internal-	4	5	{GeneMark_model.877_t;GeneMark},{Augustus_model.g684.t1;Augustus}
423313	423253	INTRON			{GeneMark_model.877_t;GeneMark},{Augustus_model.g684.t1;Augustus}
423338	423314	internal-	6	6	{GeneMark_model.877_t;GeneMark},{Augustus_model.g684.t1;Augustus}
423408	423339	INTRON			{GeneMark_model.877_t;GeneMark},{Augustus_model.g684.t1;Augustus}
423443	423409	initial-	4	5	{GeneMark_model.877_t;GeneMark},{GlimmerHMM_glimmerT_806-T1;GlimmerHMM},{Augustus_model.g684.t1;Augustus}

# EVM prediction: Mode:STANDARD S-ratio: 1.81 425082-426079 orient(+) score(3182.00) noncoding_equivalent(1760.57) raw_noncoding(2252.00) offset(491.43)
425082	425298	initial+	1	1	{GlimmerHMM_glimmerT_807-T1;GlimmerHMM},{Augustus_model.g685.t1;Augustus},{GeneMark_model.878_t;GeneMark}
425299	425462	INTRON			{GlimmerHMM_glimmerT_807-T1;GlimmerHMM},{Augustus_model.g685.t1;Augustus},{GeneMark_model.878_t;GeneMark}
425463	425488	internal+	2	3	{GlimmerHMM_glimmerT_807-T1;GlimmerHMM},{Augustus_model.g685.t1;Augustus},{GeneMark_model.878_t;GeneMark}
425489	425590	INTRON			{GlimmerHMM_glimmerT_807-T1;GlimmerHMM},{Augustus_model.g685.t1;Augustus},{GeneMark_model.878_t;GeneMark}
425591	425675	internal+	1	1	{GlimmerHMM_glimmerT_807-T1;GlimmerHMM},{Augustus_model.g685.t1;Augustus},{GeneMark_model.878_t;GeneMark}
425676	425891	INTRON			{GlimmerHMM_glimmerT_807-T1;GlimmerHMM},{Augustus_model.g685.t1;Augustus},{GeneMark_model.878_t;GeneMark}
425892	426079	terminal+	2	3	{GlimmerHMM_glimmerT_807-T1;GlimmerHMM},{Augustus_model.g685.t1;Augustus},{snap_scaffold_2-snap.183-T1;snap},{GeneMark_model.878_t;GeneMark}

# EVM prediction: Mode:STANDARD S-ratio: 11.22 426574-428131 orient(-) score(8688.00) noncoding_equivalent(774.14) raw_noncoding(845.68) offset(71.54)
427478	426574	terminal-	5	6	{snap_scaffold_2-snap.184-T1;snap},{GlimmerHMM_glimmerT_808-T1;GlimmerHMM},{GeneMark_model.879_t;GeneMark},{Augustus_model.g686.t1;Augustus}
427545	427479	INTRON			{GlimmerHMM_glimmerT_808-T1;GlimmerHMM},{GeneMark_model.879_t;GeneMark},{Augustus_model.g686.t1;Augustus},{ev_type:exonerate/ID=match.2566964.1121/Target=lcl|PJQD01000048_1_prot_POY72441_1_4339;exonerate},{ev_type:exonerate/ID=match.2566964.1137/Target=lcl|LCTV02000001_1_prot_PRQ78011_1_711;exonerate}
428131	427546	initial-	4	4	{GlimmerHMM_glimmerT_808-T1;GlimmerHMM},{GeneMark_model.879_t;GeneMark}

# EVM prediction: Mode:STANDARD S-ratio: 2.65 428587-432714 orient(-) score(12532.00) noncoding_equivalent(4730.58) raw_noncoding(5328.57) offset(598.00)
428679	428587	terminal-	4	6	{GeneMark_model.880_t;GeneMark},{GlimmerHMM_glimmerT_809-T1;GlimmerHMM}
428741	428680	INTRON			{GeneMark_model.880_t;GeneMark},{Augustus_model.g686.t1;Augustus},{GlimmerHMM_glimmerT_809-T1;GlimmerHMM}
428897	428742	internal-	4	6	{GeneMark_model.880_t;GeneMark},{Augustus_model.g686.t1;Augustus},{GlimmerHMM_glimmerT_809-T1;GlimmerHMM}
428957	428898	INTRON			{GeneMark_model.880_t;GeneMark},{Augustus_model.g686.t1;Augustus},{GlimmerHMM_glimmerT_809-T1;GlimmerHMM}
429338	428958	internal-	4	6	{GlimmerHMM_glimmerT_809-T1;GlimmerHMM}
429407	429339	INTRON			{GeneMark_model.880_t;GeneMark},{Augustus_model.g686.t1;Augustus},{GlimmerHMM_glimmerT_809-T1;GlimmerHMM}
429641	429408	internal-	4	6	{GeneMark_model.880_t;GeneMark},{Augustus_model.g686.t1;Augustus},{GlimmerHMM_glimmerT_809-T1;GlimmerHMM}
429703	429642	INTRON			{GeneMark_model.880_t;GeneMark},{Augustus_model.g686.t1;Augustus}
429760	429704	internal-	4	6	{GeneMark_model.880_t;GeneMark},{Augustus_model.g686.t1;Augustus}
429818	429761	INTRON			{GeneMark_model.880_t;GeneMark},{Augustus_model.g686.t1;Augustus}
430107	429819	internal-	6	6	{GeneMark_model.880_t;GeneMark},{Augustus_model.g686.t1;Augustus},{GlimmerHMM_glimmerT_809-T1;GlimmerHMM}
430169	430108	INTRON			{GeneMark_model.880_t;GeneMark},{Augustus_model.g686.t1;Augustus},{GlimmerHMM_glimmerT_809-T1;GlimmerHMM}
430433	430170	internal-	6	5	{GeneMark_model.880_t;GeneMark},{Augustus_model.g686.t1;Augustus},{GlimmerHMM_glimmerT_809-T1;GlimmerHMM}
430504	430434	INTRON			{GeneMark_model.880_t;GeneMark},{Augustus_model.g686.t1;Augustus},{GlimmerHMM_glimmerT_809-T1;GlimmerHMM}
430586	430505	internal-	5	5	{GeneMark_model.880_t;GeneMark},{Augustus_model.g686.t1;Augustus},{GlimmerHMM_glimmerT_809-T1;GlimmerHMM}
430652	430587	INTRON			{GeneMark_model.880_t;GeneMark},{Augustus_model.g686.t1;Augustus},{GlimmerHMM_glimmerT_809-T1;GlimmerHMM}
432714	430653	initial-	4	4	{GeneMark_model.880_t;GeneMark},{GlimmerHMM_glimmerT_809-T1;GlimmerHMM}

# EVM prediction: Mode:STANDARD S-ratio: 3.94 433192-439873 orient(-) score(22946.00) noncoding_equivalent(5824.75) raw_noncoding(6257.00) offset(432.25)
433830	433192	terminal-	4	6	{GlimmerHMM_glimmerT_810-T1;GlimmerHMM},{snap_scaffold_2-snap.187-T1;snap}
433894	433831	INTRON			{GlimmerHMM_glimmerT_810-T1;GlimmerHMM},{GeneMark_model.881_t;GeneMark},{Augustus_model.g686.t1;Augustus},{ev_type:exonerate/ID=match.2566964.1038/Target=lcl|KQ954481_1_prot_KWU44252_1_3454;exonerate}
433971	433895	internal-	5	6	{GlimmerHMM_glimmerT_810-T1;GlimmerHMM},{GeneMark_model.881_t;GeneMark},{Augustus_model.g686.t1;Augustus},{ev_type:exonerate/ID=match.2566964.1038/Target=lcl|KQ954481_1_prot_KWU44252_1_3454;exonerate}
434028	433972	INTRON			{GlimmerHMM_glimmerT_810-T1;GlimmerHMM},{GeneMark_model.881_t;GeneMark},{Augustus_model.g686.t1;Augustus},{ev_type:exonerate/ID=match.2566964.1038/Target=lcl|KQ954481_1_prot_KWU44252_1_3454;exonerate}
434107	434029	internal-	4	4	{GlimmerHMM_glimmerT_810-T1;GlimmerHMM},{GeneMark_model.881_t;GeneMark},{Augustus_model.g686.t1;Augustus},{ev_type:exonerate/ID=match.2566964.1038/Target=lcl|KQ954481_1_prot_KWU44252_1_3454;exonerate}
434163	434108	INTRON			{GlimmerHMM_glimmerT_810-T1;GlimmerHMM},{GeneMark_model.881_t;GeneMark},{Augustus_model.g686.t1;Augustus},{ev_type:exonerate/ID=match.2566964.1038/Target=lcl|KQ954481_1_prot_KWU44252_1_3454;exonerate}
434391	434164	internal-	4	6	{GlimmerHMM_glimmerT_810-T1;GlimmerHMM},{GeneMark_model.881_t;GeneMark},{Augustus_model.g686.t1;Augustus},{ev_type:exonerate/ID=match.2566964.1038/Target=lcl|KQ954481_1_prot_KWU44252_1_3454;exonerate}
434457	434392	INTRON			{GlimmerHMM_glimmerT_810-T1;GlimmerHMM},{GeneMark_model.881_t;GeneMark},{Augustus_model.g686.t1;Augustus},{ev_type:exonerate/ID=match.2566964.1038/Target=lcl|KQ954481_1_prot_KWU44252_1_3454;exonerate}
435942	434458	internal-	4	6	{GlimmerHMM_glimmerT_810-T1;GlimmerHMM},{GeneMark_model.881_t;GeneMark}
436008	435943	INTRON			{GlimmerHMM_glimmerT_810-T1;GlimmerHMM},{GeneMark_model.881_t;GeneMark},{Augustus_model.g686.t1;Augustus}
438528	436009	internal-	4	6	{GlimmerHMM_glimmerT_810-T1;GlimmerHMM},{GeneMark_model.881_t;GeneMark}
438592	438529	INTRON			{GlimmerHMM_glimmerT_810-T1;GlimmerHMM},{GeneMark_model.881_t;GeneMark},{Augustus_model.g686.t1;Augustus}
439082	438593	internal-	6	6	{GlimmerHMM_glimmerT_810-T1;GlimmerHMM},{Augustus_model.g686.t1;Augustus}
439160	439083	INTRON			{Augustus_model.g686.t1;Augustus}
439873	439161	initial-	4	5	{Augustus_model.g686.t1;Augustus}

# EVM prediction: Mode:STANDARD S-ratio: 1.46 440403-441648 orient(-) score(3119.00) noncoding_equivalent(2135.68) raw_noncoding(3151.87) offset(1016.19)
440460	440403	terminal-	6	6	{Augustus_model.g687.t1;Augustus},{GeneMark_model.882_t;GeneMark}
440537	440461	INTRON			{Augustus_model.g687.t1;Augustus},{GeneMark_model.882_t;GeneMark}
440616	440538	internal-	5	5	{Augustus_model.g687.t1;Augustus},{GeneMark_model.882_t;GeneMark}
440681	440617	INTRON			{Augustus_model.g687.t1;Augustus},{GeneMark_model.882_t;GeneMark}
440691	440682	internal-	4	4	{Augustus_model.g687.t1;Augustus},{GeneMark_model.882_t;GeneMark}
440767	440692	INTRON			{Augustus_model.g687.t1;Augustus},{GeneMark_model.882_t;GeneMark}
440976	440768	internal-	5	6	{Augustus_model.g687.t1;Augustus},{GlimmerHMM_glimmerT_810-T1;GlimmerHMM},{GeneMark_model.882_t;GeneMark}
441041	440977	INTRON			{Augustus_model.g687.t1;Augustus},{GeneMark_model.882_t;GeneMark}
441055	441042	internal-	6	4	{Augustus_model.g687.t1;Augustus},{GeneMark_model.882_t;GeneMark}
441134	441056	INTRON			{Augustus_model.g687.t1;Augustus},{GeneMark_model.882_t;GeneMark}
441156	441135	internal-	5	5	{Augustus_model.g687.t1;Augustus},{GeneMark_model.882_t;GeneMark}
441230	441157	INTRON			{Augustus_model.g687.t1;Augustus},{GeneMark_model.882_t;GeneMark}
441327	441231	internal-	4	4	{Augustus_model.g687.t1;Augustus},{GlimmerHMM_glimmerT_810-T1;GlimmerHMM},{GeneMark_model.882_t;GeneMark}
441465	441328	INTRON			{Augustus_model.g687.t1;Augustus},{GlimmerHMM_glimmerT_810-T1;GlimmerHMM},{GeneMark_model.882_t;GeneMark}
441648	441466	initial-	4	6	{Augustus_model.g687.t1;Augustus},{GlimmerHMM_glimmerT_810-T1;GlimmerHMM},{GeneMark_model.882_t;GeneMark}

# EVM prediction: Mode:STANDARD S-ratio: 3.53 441908-443823 orient(+) score(6285.00) noncoding_equivalent(1778.01) raw_noncoding(2396.00) offset(617.99)
441908	441954	initial+	1	2	{GlimmerHMM_glimmerT_811-T1;GlimmerHMM},{Augustus_model.g688.t1;Augustus},{GeneMark_model.883_t;GeneMark}
441955	442144	INTRON			{GlimmerHMM_glimmerT_811-T1;GlimmerHMM},{Augustus_model.g688.t1;Augustus}
442145	442173	internal+	3	1	{GlimmerHMM_glimmerT_811-T1;GlimmerHMM},{Augustus_model.g688.t1;Augustus}
442174	442239	INTRON			{GlimmerHMM_glimmerT_811-T1;GlimmerHMM},{Augustus_model.g688.t1;Augustus}
442240	442496	internal+	2	3	{GlimmerHMM_glimmerT_811-T1;GlimmerHMM},{Augustus_model.g688.t1;Augustus}
442497	442558	INTRON			{GlimmerHMM_glimmerT_811-T1;GlimmerHMM},{Augustus_model.g688.t1;Augustus},{GeneMark_model.883_t;GeneMark}
442559	442762	internal+	1	3	{GlimmerHMM_glimmerT_811-T1;GlimmerHMM},{Augustus_model.g688.t1;Augustus},{GeneMark_model.883_t;GeneMark}
442763	442824	INTRON			{GlimmerHMM_glimmerT_811-T1;GlimmerHMM},{Augustus_model.g688.t1;Augustus},{GeneMark_model.883_t;GeneMark}
442825	442950	internal+	1	3	{GlimmerHMM_glimmerT_811-T1;GlimmerHMM},{Augustus_model.g688.t1;Augustus},{GeneMark_model.883_t;GeneMark}
442951	443034	INTRON			{GlimmerHMM_glimmerT_811-T1;GlimmerHMM},{Augustus_model.g688.t1;Augustus},{GeneMark_model.883_t;GeneMark}
443035	443823	terminal+	1	3	{GlimmerHMM_glimmerT_811-T1;GlimmerHMM},{Augustus_model.g688.t1;Augustus},{GeneMark_model.883_t;GeneMark},{snap_scaffold_2-snap.189-T1;snap}

# EVM prediction: Mode:STANDARD S-ratio: 7.18 444127-448661 orient(-) score(16241.00) noncoding_equivalent(2261.00) raw_noncoding(2405.00) offset(144.00)
446181	444127	terminal-	4	6	{GlimmerHMM_glimmerT_812-T1;GlimmerHMM},{Augustus_model.g689.t1;Augustus},{GeneMark_model.884_t;GeneMark}
446248	446182	INTRON			{GlimmerHMM_glimmerT_812-T1;GlimmerHMM},{Augustus_model.g689.t1;Augustus},{GeneMark_model.884_t;GeneMark}
447012	446249	internal-	5	6	{GlimmerHMM_glimmerT_812-T1;GlimmerHMM},{Augustus_model.g689.t1;Augustus},{GeneMark_model.884_t;GeneMark}
447075	447013	INTRON			{GlimmerHMM_glimmerT_812-T1;GlimmerHMM},{Augustus_model.g689.t1;Augustus},{GeneMark_model.884_t;GeneMark}
447192	447076	internal-	5	4	{GlimmerHMM_glimmerT_812-T1;GlimmerHMM},{Augustus_model.g689.t1;Augustus},{GeneMark_model.884_t;GeneMark}
447250	447193	INTRON			{GlimmerHMM_glimmerT_812-T1;GlimmerHMM},{Augustus_model.g689.t1;Augustus},{GeneMark_model.884_t;GeneMark}
448661	447251	initial-	4	4	{GlimmerHMM_glimmerT_812-T1;GlimmerHMM},{Augustus_model.g689.t1;Augustus},{GeneMark_model.884_t;GeneMark}

# EVM prediction: Mode:STANDARD S-ratio: 4.93 449841-453914 orient(+) score(14375.00) noncoding_equivalent(2915.81) raw_noncoding(3549.00) offset(633.19)
449841	450174	initial+	1	1	{GeneMark_model.885_t;GeneMark},{Augustus_model.g690.t1;Augustus},{GlimmerHMM_glimmerT_813-T1;GlimmerHMM}
450175	450238	INTRON			{GeneMark_model.885_t;GeneMark},{Augustus_model.g690.t1;Augustus}
450239	450310	internal+	2	1	{GeneMark_model.885_t;GeneMark},{Augustus_model.g690.t1;Augustus}
450311	450372	INTRON			{GeneMark_model.885_t;GeneMark},{Augustus_model.g690.t1;Augustus}
450373	450465	internal+	2	1	{GeneMark_model.885_t;GeneMark},{Augustus_model.g690.t1;Augustus},{GlimmerHMM_glimmerT_813-T1;GlimmerHMM}
450466	450528	INTRON			{GeneMark_model.885_t;GeneMark},{Augustus_model.g690.t1;Augustus},{GlimmerHMM_glimmerT_813-T1;GlimmerHMM}
450529	450687	internal+	2	1	{GeneMark_model.885_t;GeneMark},{Augustus_model.g690.t1;Augustus},{GlimmerHMM_glimmerT_813-T1;GlimmerHMM}
450688	450752	INTRON			{GeneMark_model.885_t;GeneMark},{Augustus_model.g690.t1;Augustus},{GlimmerHMM_glimmerT_813-T1;GlimmerHMM}
450753	451001	internal+	2	1	{GeneMark_model.885_t;GeneMark},{Augustus_model.g690.t1;Augustus},{GlimmerHMM_glimmerT_813-T1;GlimmerHMM}
451002	451068	INTRON			{GeneMark_model.885_t;GeneMark},{Augustus_model.g690.t1;Augustus},{GlimmerHMM_glimmerT_813-T1;GlimmerHMM}
451069	451256	internal+	2	3	{GeneMark_model.885_t;GeneMark},{Augustus_model.g690.t1;Augustus},{GlimmerHMM_glimmerT_813-T1;GlimmerHMM}
451257	451330	INTRON			{GeneMark_model.885_t;GeneMark},{Augustus_model.g690.t1;Augustus},{GlimmerHMM_glimmerT_813-T1;GlimmerHMM}
451331	451412	internal+	1	1	{GeneMark_model.885_t;GeneMark},{Augustus_model.g690.t1;Augustus},{GlimmerHMM_glimmerT_813-T1;GlimmerHMM}
451413	451473	INTRON			{GeneMark_model.885_t;GeneMark},{Augustus_model.g690.t1;Augustus},{GlimmerHMM_glimmerT_813-T1;GlimmerHMM}
451474	452937	internal+	2	1	{Augustus_model.g690.t1;Augustus},{GlimmerHMM_glimmerT_813-T1;GlimmerHMM}
452938	452993	INTRON			{Augustus_model.g690.t1;Augustus},{GlimmerHMM_glimmerT_813-T1;GlimmerHMM}
452994	453024	internal+	2	2	{GeneMark_model.885_t;GeneMark},{Augustus_model.g690.t1;Augustus},{GlimmerHMM_glimmerT_813-T1;GlimmerHMM}
453025	453085	INTRON			{GeneMark_model.885_t;GeneMark},{Augustus_model.g690.t1;Augustus},{GlimmerHMM_glimmerT_813-T1;GlimmerHMM}
453086	453478	internal+	3	2	{GeneMark_model.885_t;GeneMark},{Augustus_model.g690.t1;Augustus},{GlimmerHMM_glimmerT_813-T1;GlimmerHMM}
453479	453539	INTRON			{GeneMark_model.885_t;GeneMark},{Augustus_model.g690.t1;Augustus},{GlimmerHMM_glimmerT_813-T1;GlimmerHMM}
453540	453682	internal+	3	1	{GeneMark_model.885_t;GeneMark},{Augustus_model.g690.t1;Augustus},{GlimmerHMM_glimmerT_813-T1;GlimmerHMM}
453683	453750	INTRON			{GeneMark_model.885_t;GeneMark},{Augustus_model.g690.t1;Augustus},{GlimmerHMM_glimmerT_813-T1;GlimmerHMM}
453751	453914	terminal+	2	3	{GeneMark_model.885_t;GeneMark},{Augustus_model.g690.t1;Augustus},{GlimmerHMM_glimmerT_813-T1;GlimmerHMM}

# EVM prediction: Mode:STANDARD S-ratio: 3.52 454015-458033 orient(-) score(13199.00) noncoding_equivalent(3747.55) raw_noncoding(4106.00) offset(358.45)
454561	454015	terminal-	6	6	{snap_scaffold_2-snap.194-T1;snap},{GlimmerHMM_glimmerT_814-T1;GlimmerHMM}
454632	454562	INTRON			{GeneMark_model.886_t;GeneMark},{Augustus_model.g691.t1;Augustus},{GlimmerHMM_glimmerT_814-T1;GlimmerHMM}
454892	454633	internal-	4	5	{GeneMark_model.886_t;GeneMark},{Augustus_model.g691.t1;Augustus},{GlimmerHMM_glimmerT_814-T1;GlimmerHMM}
454956	454893	INTRON			{GeneMark_model.886_t;GeneMark},{Augustus_model.g691.t1;Augustus},{GlimmerHMM_glimmerT_814-T1;GlimmerHMM}
455278	454957	internal-	6	6	{GeneMark_model.886_t;GeneMark},{Augustus_model.g691.t1;Augustus},{GlimmerHMM_glimmerT_814-T1;GlimmerHMM}
455342	455279	INTRON			{GeneMark_model.886_t;GeneMark},{Augustus_model.g691.t1;Augustus},{GlimmerHMM_glimmerT_814-T1;GlimmerHMM}
455608	455343	internal-	4	5	{GeneMark_model.886_t;GeneMark},{Augustus_model.g691.t1;Augustus},{GlimmerHMM_glimmerT_814-T1;GlimmerHMM}
455674	455609	INTRON			{GeneMark_model.886_t;GeneMark},{Augustus_model.g691.t1;Augustus},{GlimmerHMM_glimmerT_814-T1;GlimmerHMM}
456124	455675	internal-	4	6	{GeneMark_model.886_t;GeneMark},{Augustus_model.g691.t1;Augustus},{GlimmerHMM_glimmerT_814-T1;GlimmerHMM}
456188	456125	INTRON			{GeneMark_model.886_t;GeneMark},{Augustus_model.g691.t1;Augustus},{GlimmerHMM_glimmerT_814-T1;GlimmerHMM}
456435	456189	internal-	6	6	{GeneMark_model.886_t;GeneMark},{Augustus_model.g691.t1;Augustus},{GlimmerHMM_glimmerT_814-T1;GlimmerHMM}
456498	456436	INTRON			{GeneMark_model.886_t;GeneMark},{Augustus_model.g691.t1;Augustus},{GlimmerHMM_glimmerT_814-T1;GlimmerHMM}
457638	456499	internal-	6	5	{GeneMark_model.886_t;GeneMark},{Augustus_model.g691.t1;Augustus},{GlimmerHMM_glimmerT_814-T1;GlimmerHMM}
457698	457639	INTRON			{GeneMark_model.886_t;GeneMark},{Augustus_model.g691.t1;Augustus},{GlimmerHMM_glimmerT_814-T1;GlimmerHMM}
458033	457699	initial-	4	5	{GeneMark_model.886_t;GeneMark},{Augustus_model.g691.t1;Augustus},{GlimmerHMM_glimmerT_814-T1;GlimmerHMM}

# EVM prediction: Mode:STANDARD S-ratio: 3.24 458214-461461 orient(+) score(10617.00) noncoding_equivalent(3281.36) raw_noncoding(3548.00) offset(266.64)
458214	458291	initial+	1	3	{GlimmerHMM_glimmerT_815-T1;GlimmerHMM},{Augustus_model.g692.t1;Augustus},{GeneMark_model.887_t;GeneMark}
458292	458351	INTRON			{GlimmerHMM_glimmerT_815-T1;GlimmerHMM},{Augustus_model.g692.t1;Augustus},{GeneMark_model.887_t;GeneMark}
458352	459777	internal+	1	1	{GlimmerHMM_glimmerT_815-T1;GlimmerHMM},{Augustus_model.g692.t1;Augustus},{GeneMark_model.887_t;GeneMark}
459778	459848	INTRON			{GlimmerHMM_glimmerT_815-T1;GlimmerHMM},{Augustus_model.g692.t1;Augustus},{GeneMark_model.887_t;GeneMark}
459849	460013	internal+	2	1	{GlimmerHMM_glimmerT_815-T1;GlimmerHMM},{Augustus_model.g692.t1;Augustus},{GeneMark_model.887_t;GeneMark}
460014	460083	INTRON			{GlimmerHMM_glimmerT_815-T1;GlimmerHMM},{Augustus_model.g692.t1;Augustus},{GeneMark_model.887_t;GeneMark}
460084	460604	internal+	2	3	{GlimmerHMM_glimmerT_815-T1;GlimmerHMM},{Augustus_model.g692.t1;Augustus},{GeneMark_model.887_t;GeneMark}
460605	460671	INTRON			{GlimmerHMM_glimmerT_815-T1;GlimmerHMM},{Augustus_model.g692.t1;Augustus},{GeneMark_model.887_t;GeneMark}
460672	460935	internal+	1	3	{GlimmerHMM_glimmerT_815-T1;GlimmerHMM},{Augustus_model.g692.t1;Augustus},{GeneMark_model.887_t;GeneMark}
460936	461002	INTRON			{GlimmerHMM_glimmerT_815-T1;GlimmerHMM},{Augustus_model.g692.t1;Augustus},{snap_scaffold_2-snap.197-T1;snap},{GeneMark_model.887_t;GeneMark}
461003	461265	internal+	1	2	{GlimmerHMM_glimmerT_815-T1;GlimmerHMM},{Augustus_model.g692.t1;Augustus},{GeneMark_model.887_t;GeneMark}
461266	461331	INTRON			{GlimmerHMM_glimmerT_815-T1;GlimmerHMM},{Augustus_model.g692.t1;Augustus},{GeneMark_model.887_t;GeneMark}
461332	461461	terminal+	3	3	{GlimmerHMM_glimmerT_815-T1;GlimmerHMM},{Augustus_model.g692.t1;Augustus},{GeneMark_model.887_t;GeneMark}

# EVM prediction: Mode:STANDARD S-ratio: 2.27 461572-463165 orient(-) score(4609.00) noncoding_equivalent(2029.96) raw_noncoding(2276.23) offset(246.26)
461671	461572	terminal-	6	6	{GeneMark_model.888_t;GeneMark},{Augustus_model.g693.t1;Augustus}
461744	461672	INTRON			{GeneMark_model.888_t;GeneMark},{Augustus_model.g693.t1;Augustus}
462703	461745	internal-	4	5	{GeneMark_model.888_t;GeneMark},{Augustus_model.g693.t1;Augustus}
462765	462704	INTRON			{GeneMark_model.888_t;GeneMark},{GlimmerHMM_glimmerT_816-T1;GlimmerHMM},{Augustus_model.g693.t1;Augustus}
463086	462766	internal-	4	6	{GeneMark_model.888_t;GeneMark},{GlimmerHMM_glimmerT_816-T1;GlimmerHMM},{Augustus_model.g693.t1;Augustus}
463159	463087	INTRON			{GeneMark_model.888_t;GeneMark},{GlimmerHMM_glimmerT_816-T1;GlimmerHMM},{Augustus_model.g693.t1;Augustus}
463165	463160	initial-	4	6	{GeneMark_model.888_t;GeneMark},{GlimmerHMM_glimmerT_816-T1;GlimmerHMM},{Augustus_model.g693.t1;Augustus}

# EVM prediction: Mode:STANDARD S-ratio: 1.75 463641-464634 orient(+) score(2689.00) noncoding_equivalent(1540.49) raw_noncoding(2051.01) offset(510.52)
463641	463740	initial+	1	1	{GeneMark_model.889_t;GeneMark},{GlimmerHMM_glimmerT_817-T1;GlimmerHMM},{Augustus_model.g694.t1;Augustus}
463741	463797	INTRON			{GeneMark_model.889_t;GeneMark},{Augustus_model.g694.t1;Augustus}
463798	463856	internal+	2	3	{GeneMark_model.889_t;GeneMark},{Augustus_model.g694.t1;Augustus}
463857	463922	INTRON			{GeneMark_model.889_t;GeneMark},{GlimmerHMM_glimmerT_817-T1;GlimmerHMM},{Augustus_model.g694.t1;Augustus}
463923	464030	internal+	1	3	{GeneMark_model.889_t;GeneMark},{GlimmerHMM_glimmerT_817-T1;GlimmerHMM},{Augustus_model.g694.t1;Augustus}
464031	464096	INTRON			{GeneMark_model.889_t;GeneMark},{GlimmerHMM_glimmerT_817-T1;GlimmerHMM},{Augustus_model.g694.t1;Augustus}
464097	464384	internal+	1	3	{GeneMark_model.889_t;GeneMark},{GlimmerHMM_glimmerT_817-T1;GlimmerHMM},{Augustus_model.g694.t1;Augustus}
464385	464444	INTRON			{GeneMark_model.889_t;GeneMark},{Augustus_model.g694.t1;Augustus}
464445	464506	internal+	1	2	{GeneMark_model.889_t;GeneMark},{Augustus_model.g694.t1;Augustus}
464507	464573	INTRON			{GeneMark_model.889_t;GeneMark},{Augustus_model.g694.t1;Augustus}
464574	464634	terminal+	3	3	{GeneMark_model.889_t;GeneMark}

# EVM prediction: Mode:STANDARD S-ratio: 2.43 465445-467773 orient(+) score(7337.00) noncoding_equivalent(3020.28) raw_noncoding(3964.00) offset(943.72)
465445	465561	initial+	1	3	{GlimmerHMM_glimmerT_818-T1;GlimmerHMM},{GeneMark_model.890_t;GeneMark}
465562	465630	INTRON			{snap_scaffold_2-snap.198-T1;snap},{Augustus_model.g694.t1;Augustus},{GlimmerHMM_glimmerT_818-T1;GlimmerHMM},{GeneMark_model.890_t;GeneMark}
465631	465812	internal+	1	2	{Augustus_model.g694.t1;Augustus},{GlimmerHMM_glimmerT_818-T1;GlimmerHMM},{GeneMark_model.890_t;GeneMark}
465813	465871	INTRON			{Augustus_model.g694.t1;Augustus},{GlimmerHMM_glimmerT_818-T1;GlimmerHMM},{GeneMark_model.890_t;GeneMark}
465872	465974	internal+	3	3	{Augustus_model.g694.t1;Augustus},{GlimmerHMM_glimmerT_818-T1;GlimmerHMM},{GeneMark_model.890_t;GeneMark}
465975	466059	INTRON			{Augustus_model.g694.t1;Augustus},{GlimmerHMM_glimmerT_818-T1;GlimmerHMM},{GeneMark_model.890_t;GeneMark}
466060	466162	internal+	1	1	{Augustus_model.g694.t1;Augustus},{GlimmerHMM_glimmerT_818-T1;GlimmerHMM},{GeneMark_model.890_t;GeneMark}
466163	466227	INTRON			{Augustus_model.g694.t1;Augustus},{GlimmerHMM_glimmerT_818-T1;GlimmerHMM},{GeneMark_model.890_t;GeneMark}
466228	466298	internal+	2	3	{Augustus_model.g694.t1;Augustus},{GlimmerHMM_glimmerT_818-T1;GlimmerHMM},{GeneMark_model.890_t;GeneMark}
466299	466362	INTRON			{Augustus_model.g694.t1;Augustus},{GlimmerHMM_glimmerT_818-T1;GlimmerHMM},{GeneMark_model.890_t;GeneMark}
466363	466474	internal+	1	1	{Augustus_model.g694.t1;Augustus},{GlimmerHMM_glimmerT_818-T1;GlimmerHMM},{GeneMark_model.890_t;GeneMark}
466475	466535	INTRON			{Augustus_model.g694.t1;Augustus},{GlimmerHMM_glimmerT_818-T1;GlimmerHMM},{GeneMark_model.890_t;GeneMark}
466536	466826	internal+	2	1	{Augustus_model.g694.t1;Augustus},{GlimmerHMM_glimmerT_818-T1;GlimmerHMM},{GeneMark_model.890_t;GeneMark}
466827	466895	INTRON			{Augustus_model.g694.t1;Augustus},{GeneMark_model.890_t;GeneMark}
466896	466940	internal+	2	1	{Augustus_model.g694.t1;Augustus},{GeneMark_model.890_t;GeneMark}
466941	467010	INTRON			{Augustus_model.g694.t1;Augustus},{GeneMark_model.890_t;GeneMark}
467011	467094	internal+	2	1	{Augustus_model.g694.t1;Augustus},{GeneMark_model.890_t;GeneMark}
467095	467149	INTRON			{Augustus_model.g694.t1;Augustus},{GeneMark_model.890_t;GeneMark}
467150	467197	internal+	2	1	{Augustus_model.g694.t1;Augustus},{GlimmerHMM_glimmerT_818-T1;GlimmerHMM},{GeneMark_model.890_t;GeneMark}
467198	467262	INTRON			{Augustus_model.g694.t1;Augustus},{GeneMark_model.890_t;GeneMark}
467263	467292	internal+	2	1	{Augustus_model.g694.t1;Augustus},{GeneMark_model.890_t;GeneMark}
467293	467361	INTRON			{Augustus_model.g694.t1;Augustus},{GeneMark_model.890_t;GeneMark}
467362	467473	internal+	2	2	{Augustus_model.g694.t1;Augustus},{GlimmerHMM_glimmerT_818-T1;GlimmerHMM},{GeneMark_model.890_t;GeneMark}
467474	467541	INTRON			{Augustus_model.g694.t1;Augustus},{GlimmerHMM_glimmerT_818-T1;GlimmerHMM},{GeneMark_model.890_t;GeneMark}
467542	467773	terminal+	3	3	{snap_scaffold_2-snap.200-T1;snap},{Augustus_model.g694.t1;Augustus},{GlimmerHMM_glimmerT_818-T1;GlimmerHMM},{GeneMark_model.890_t;GeneMark}

# EVM prediction: Mode:STANDARD S-ratio: 2.85 468122-469944 orient(-) score(6685.00) noncoding_equivalent(2344.57) raw_noncoding(3196.31) offset(851.75)
468475	468122	terminal-	4	6	{Augustus_model.g695.t1;Augustus},{GeneMark_model.891_t;GeneMark}
468548	468476	INTRON			{Augustus_model.g695.t1;Augustus},{GeneMark_model.891_t;GeneMark},{ev_type:exonerate/ID=match.2566964.844/Target=lcl|PJQD01000048_1_prot_POY72428_1_4326;exonerate}
468694	468549	internal-	5	6	{Augustus_model.g695.t1;Augustus},{GeneMark_model.891_t;GeneMark},{ev_type:exonerate/ID=match.2566964.844/Target=lcl|PJQD01000048_1_prot_POY72428_1_4326;exonerate}
468752	468695	INTRON			{Augustus_model.g695.t1;Augustus},{GeneMark_model.891_t;GeneMark},{ev_type:exonerate/ID=match.2566964.844/Target=lcl|PJQD01000048_1_prot_POY72428_1_4326;exonerate}
468822	468753	internal-	4	4	{Augustus_model.g695.t1;Augustus},{GeneMark_model.891_t;GeneMark},{GlimmerHMM_glimmerT_819-T1;GlimmerHMM},{ev_type:exonerate/ID=match.2566964.844/Target=lcl|PJQD01000048_1_prot_POY72428_1_4326;exonerate}
468888	468823	INTRON			{Augustus_model.g695.t1;Augustus},{GeneMark_model.891_t;GeneMark},{GlimmerHMM_glimmerT_819-T1;GlimmerHMM},{ev_type:exonerate/ID=match.2566964.844/Target=lcl|PJQD01000048_1_prot_POY72428_1_4326;exonerate}
469239	468889	internal-	4	6	{Augustus_model.g695.t1;Augustus},{GeneMark_model.891_t;GeneMark},{ev_type:exonerate/ID=match.2566964.844/Target=lcl|PJQD01000048_1_prot_POY72428_1_4326;exonerate}
469300	469240	INTRON			{Augustus_model.g695.t1;Augustus},{GeneMark_model.891_t;GeneMark},{ev_type:exonerate/ID=match.2566964.844/Target=lcl|PJQD01000048_1_prot_POY72428_1_4326;exonerate}
469404	469301	internal-	5	6	{Augustus_model.g695.t1;Augustus},{GeneMark_model.891_t;GeneMark}
469460	469405	INTRON			{Augustus_model.g695.t1;Augustus},{GeneMark_model.891_t;GeneMark}
469475	469461	internal-	5	4	{Augustus_model.g695.t1;Augustus},{GeneMark_model.891_t;GeneMark}
469530	469476	INTRON			{Augustus_model.g695.t1;Augustus},{GeneMark_model.891_t;GeneMark}
469609	469531	internal-	4	4	{Augustus_model.g695.t1;Augustus},{GeneMark_model.891_t;GeneMark},{GlimmerHMM_glimmerT_819-T1;GlimmerHMM}
469665	469610	INTRON			{Augustus_model.g695.t1;Augustus},{GlimmerHMM_glimmerT_819-T1;GlimmerHMM},{ev_type:exonerate/ID=match.2566964.844/Target=lcl|PJQD01000048_1_prot_POY72428_1_4326;exonerate}
469881	469666	internal-	4	6	{Augustus_model.g695.t1;Augustus}
469938	469882	INTRON			{Augustus_model.g695.t1;Augustus},{GeneMark_model.891_t;GeneMark}
469944	469939	initial-	4	6	{GeneMark_model.891_t;GeneMark}

# EVM prediction: Mode:STANDARD S-ratio: 1.54 470627-472388 orient(+) score(4932.00) noncoding_equivalent(3196.00) raw_noncoding(4156.00) offset(960.00)
470627	470835	initial+	1	2	{GlimmerHMM_glimmerT_820-T1;GlimmerHMM},{GeneMark_model.892_t;GeneMark},{Augustus_model.g696.t1;Augustus}
470836	470943	INTRON			{GlimmerHMM_glimmerT_820-T1;GlimmerHMM},{GeneMark_model.892_t;GeneMark},{Augustus_model.g696.t1;Augustus}
470944	471018	internal+	3	2	{GlimmerHMM_glimmerT_820-T1;GlimmerHMM},{GeneMark_model.892_t;GeneMark},{Augustus_model.g696.t1;Augustus}
471019	471090	INTRON			{GlimmerHMM_glimmerT_820-T1;GlimmerHMM},{GeneMark_model.892_t;GeneMark},{Augustus_model.g696.t1;Augustus}
471091	471148	internal+	3	3	{GlimmerHMM_glimmerT_820-T1;GlimmerHMM},{GeneMark_model.892_t;GeneMark},{Augustus_model.g696.t1;Augustus}
471149	471215	INTRON			{GlimmerHMM_glimmerT_820-T1;GlimmerHMM},{GeneMark_model.892_t;GeneMark},{Augustus_model.g696.t1;Augustus}
471216	471332	internal+	1	3	{GlimmerHMM_glimmerT_820-T1;GlimmerHMM},{GeneMark_model.892_t;GeneMark},{Augustus_model.g696.t1;Augustus}
471333	471411	INTRON			{GlimmerHMM_glimmerT_820-T1;GlimmerHMM},{GeneMark_model.892_t;GeneMark},{Augustus_model.g696.t1;Augustus}
471412	471460	internal+	1	1	{GlimmerHMM_glimmerT_820-T1;GlimmerHMM},{GeneMark_model.892_t;GeneMark},{Augustus_model.g696.t1;Augustus}
471461	471523	INTRON			{GlimmerHMM_glimmerT_820-T1;GlimmerHMM},{GeneMark_model.892_t;GeneMark},{Augustus_model.g696.t1;Augustus}
471524	471653	internal+	2	2	{GeneMark_model.892_t;GeneMark},{Augustus_model.g696.t1;Augustus}
471654	471713	INTRON			{GeneMark_model.892_t;GeneMark},{Augustus_model.g696.t1;Augustus}
471714	471773	internal+	3	2	{GeneMark_model.892_t;GeneMark},{Augustus_model.g696.t1;Augustus}
471774	471838	INTRON			{GeneMark_model.892_t;GeneMark},{Augustus_model.g696.t1;Augustus}
471839	471854	internal+	3	3	{GeneMark_model.892_t;GeneMark},{Augustus_model.g696.t1;Augustus}
471855	471920	INTRON			{GeneMark_model.892_t;GeneMark},{Augustus_model.g696.t1;Augustus}
471921	472066	internal+	1	2	{GeneMark_model.892_t;GeneMark},{Augustus_model.g696.t1;Augustus}
472067	472148	INTRON			{GeneMark_model.892_t;GeneMark},{Augustus_model.g696.t1;Augustus},{GlimmerHMM_glimmerT_821-T1;GlimmerHMM}
472149	472238	internal+	3	2	{GeneMark_model.892_t;GeneMark},{Augustus_model.g696.t1;Augustus},{GlimmerHMM_glimmerT_821-T1;GlimmerHMM}
472239	472321	INTRON			{GeneMark_model.892_t;GeneMark},{Augustus_model.g696.t1;Augustus},{GlimmerHMM_glimmerT_821-T1;GlimmerHMM}
472322	472388	terminal+	3	3	{GeneMark_model.892_t;GeneMark},{Augustus_model.g696.t1;Augustus},{GlimmerHMM_glimmerT_821-T1;GlimmerHMM}

# EVM prediction: Mode:STANDARD S-ratio: 6.19 472609-474728 orient(-) score(14457.00) noncoding_equivalent(2336.50) raw_noncoding(2744.00) offset(407.50)
474369	472609	terminal-	4	6	{GeneMark_model.893_t;GeneMark},{HiQ_model.g697.t1;HiQ}
474447	474370	INTRON			{GeneMark_model.893_t;GeneMark},{HiQ_model.g697.t1;HiQ},{ev_type:exonerate/ID=match.2566964.1097/Target=lcl|PJQD01000048_1_prot_POY72445_1_4343;exonerate},{ev_type:exonerate/ID=match.2566964.1099/Target=lcl|KQ954482_1_prot_KWU44108_1_3520;exonerate}
474518	474448	internal-	5	6	{GeneMark_model.893_t;GeneMark},{HiQ_model.g697.t1;HiQ},{ev_type:exonerate/ID=match.2566964.1097/Target=lcl|PJQD01000048_1_prot_POY72445_1_4343;exonerate},{ev_type:exonerate/ID=match.2566964.1099/Target=lcl|KQ954482_1_prot_KWU44108_1_3520;exonerate}
474682	474519	INTRON			{GlimmerHMM_glimmerT_822-T1;GlimmerHMM},{GeneMark_model.893_t;GeneMark},{HiQ_model.g697.t1;HiQ},{ev_type:exonerate/ID=match.2566964.1097/Target=lcl|PJQD01000048_1_prot_POY72445_1_4343;exonerate},{ev_type:exonerate/ID=match.2566964.1099/Target=lcl|KQ954482_1_prot_KWU44108_1_3520;exonerate}
474728	474683	initial-	4	4	{GlimmerHMM_glimmerT_822-T1;GlimmerHMM},{GeneMark_model.893_t;GeneMark},{HiQ_model.g697.t1;HiQ}

# EVM prediction: Mode:STANDARD S-ratio: 5.18 475179-476926 orient(-) score(11509.00) noncoding_equivalent(2222.08) raw_noncoding(2592.08) offset(370.00)
475214	475179	terminal-	4	6	{GlimmerHMM_glimmerT_823-T1;GlimmerHMM},{HiQ_model.g698.t1;HiQ},{GeneMark_model.894_t;GeneMark}
475286	475215	INTRON			{GlimmerHMM_glimmerT_823-T1;GlimmerHMM},{HiQ_model.g698.t1;HiQ},{GeneMark_model.894_t;GeneMark},{ev_type:exonerate/ID=match.2566964.1136/Target=lcl|KQ954482_1_prot_KWU44107_1_3519;exonerate},{ev_type:exonerate/ID=match.2566964.1132/Target=lcl|PJQD01000048_1_prot_POY72446_1_4344;exonerate}
475367	475287	internal-	4	6	{HiQ_model.g698.t1;HiQ},{GeneMark_model.894_t;GeneMark},{ev_type:exonerate/ID=match.2566964.1136/Target=lcl|KQ954482_1_prot_KWU44107_1_3519;exonerate},{ev_type:exonerate/ID=match.2566964.1132/Target=lcl|PJQD01000048_1_prot_POY72446_1_4344;exonerate}
475436	475368	INTRON			{HiQ_model.g698.t1;HiQ},{GeneMark_model.894_t;GeneMark},{ev_type:exonerate/ID=match.2566964.1136/Target=lcl|KQ954482_1_prot_KWU44107_1_3519;exonerate},{ev_type:exonerate/ID=match.2566964.1132/Target=lcl|PJQD01000048_1_prot_POY72446_1_4344;exonerate}
476114	475437	internal-	4	6	{HiQ_model.g698.t1;HiQ},{GeneMark_model.894_t;GeneMark},{ev_type:exonerate/ID=match.2566964.1136/Target=lcl|KQ954482_1_prot_KWU44107_1_3519;exonerate},{ev_type:exonerate/ID=match.2566964.1132/Target=lcl|PJQD01000048_1_prot_POY72446_1_4344;exonerate}
476179	476115	INTRON			{GlimmerHMM_glimmerT_823-T1;GlimmerHMM},{HiQ_model.g698.t1;HiQ},{GeneMark_model.894_t;GeneMark},{ev_type:exonerate/ID=match.2566964.1136/Target=lcl|KQ954482_1_prot_KWU44107_1_3519;exonerate},{ev_type:exonerate/ID=match.2566964.1132/Target=lcl|PJQD01000048_1_prot_POY72446_1_4344;exonerate}
476419	476180	internal-	4	6	{GlimmerHMM_glimmerT_823-T1;GlimmerHMM},{HiQ_model.g698.t1;HiQ},{GeneMark_model.894_t;GeneMark},{ev_type:exonerate/ID=match.2566964.1136/Target=lcl|KQ954482_1_prot_KWU44107_1_3519;exonerate},{ev_type:exonerate/ID=match.2566964.1132/Target=lcl|PJQD01000048_1_prot_POY72446_1_4344;exonerate}
476497	476420	INTRON			{GlimmerHMM_glimmerT_823-T1;GlimmerHMM},{HiQ_model.g698.t1;HiQ},{GeneMark_model.894_t;GeneMark},{ev_type:exonerate/ID=match.2566964.1136/Target=lcl|KQ954482_1_prot_KWU44107_1_3519;exonerate},{ev_type:exonerate/ID=match.2566964.1132/Target=lcl|PJQD01000048_1_prot_POY72446_1_4344;exonerate}
476926	476498	initial-	4	6	{GlimmerHMM_glimmerT_823-T1;GlimmerHMM},{HiQ_model.g698.t1;HiQ},{GeneMark_model.894_t;GeneMark}

# EVM prediction: Mode:STANDARD S-ratio: 3.30 477523-479526 orient(-) score(11999.00) noncoding_equivalent(3632.45) raw_noncoding(5301.00) offset(1668.55)
477751	477523	terminal-	6	6	{GeneMark_model.895_t;GeneMark},{GlimmerHMM_glimmerT_824-T1;GlimmerHMM},{HiQ_model.g699.t1;HiQ}
477839	477752	INTRON			{GeneMark_model.895_t;GeneMark},{GlimmerHMM_glimmerT_824-T1;GlimmerHMM},{HiQ_model.g699.t1;HiQ},{ev_type:exonerate/ID=match.2566964.1230/Target=lcl|KQ954482_1_prot_KWU44106_1_3518;exonerate},{ev_type:exonerate/ID=match.2566964.1227/Target=lcl|PJQD01000048_1_prot_POY72447_1_4345;exonerate}
478054	477840	internal-	4	5	{GeneMark_model.895_t;GeneMark},{GlimmerHMM_glimmerT_824-T1;GlimmerHMM},{HiQ_model.g699.t1;HiQ},{ev_type:exonerate/ID=match.2566964.1230/Target=lcl|KQ954482_1_prot_KWU44106_1_3518;exonerate},{ev_type:exonerate/ID=match.2566964.1227/Target=lcl|PJQD01000048_1_prot_POY72447_1_4345;exonerate}
478127	478055	INTRON			{GeneMark_model.895_t;GeneMark},{GlimmerHMM_glimmerT_824-T1;GlimmerHMM},{HiQ_model.g699.t1;HiQ},{ev_type:exonerate/ID=match.2566964.1230/Target=lcl|KQ954482_1_prot_KWU44106_1_3518;exonerate},{ev_type:exonerate/ID=match.2566964.1227/Target=lcl|PJQD01000048_1_prot_POY72447_1_4345;exonerate}
478271	478128	internal-	4	6	{GeneMark_model.895_t;GeneMark},{GlimmerHMM_glimmerT_824-T1;GlimmerHMM},{HiQ_model.g699.t1;HiQ},{ev_type:exonerate/ID=match.2566964.1230/Target=lcl|KQ954482_1_prot_KWU44106_1_3518;exonerate},{ev_type:exonerate/ID=match.2566964.1227/Target=lcl|PJQD01000048_1_prot_POY72447_1_4345;exonerate}
478356	478272	INTRON			{GeneMark_model.895_t;GeneMark},{GlimmerHMM_glimmerT_824-T1;GlimmerHMM},{HiQ_model.g699.t1;HiQ},{ev_type:exonerate/ID=match.2566964.1230/Target=lcl|KQ954482_1_prot_KWU44106_1_3518;exonerate},{ev_type:exonerate/ID=match.2566964.1227/Target=lcl|PJQD01000048_1_prot_POY72447_1_4345;exonerate}
478552	478357	internal-	6	6	{GeneMark_model.895_t;GeneMark},{GlimmerHMM_glimmerT_824-T1;GlimmerHMM},{HiQ_model.g699.t1;HiQ},{ev_type:exonerate/ID=match.2566964.1230/Target=lcl|KQ954482_1_prot_KWU44106_1_3518;exonerate},{ev_type:exonerate/ID=match.2566964.1227/Target=lcl|PJQD01000048_1_prot_POY72447_1_4345;exonerate}
478623	478553	INTRON			{GeneMark_model.895_t;GeneMark},{GlimmerHMM_glimmerT_824-T1;GlimmerHMM},{HiQ_model.g699.t1;HiQ},{ev_type:exonerate/ID=match.2566964.1230/Target=lcl|KQ954482_1_prot_KWU44106_1_3518;exonerate},{ev_type:exonerate/ID=match.2566964.1227/Target=lcl|PJQD01000048_1_prot_POY72447_1_4345;exonerate}
478786	478624	internal-	5	5	{GeneMark_model.895_t;GeneMark},{GlimmerHMM_glimmerT_824-T1;GlimmerHMM},{HiQ_model.g699.t1;HiQ},{ev_type:exonerate/ID=match.2566964.1230/Target=lcl|KQ954482_1_prot_KWU44106_1_3518;exonerate},{ev_type:exonerate/ID=match.2566964.1227/Target=lcl|PJQD01000048_1_prot_POY72447_1_4345;exonerate}
479000	478787	INTRON			{GeneMark_model.895_t;GeneMark},{GlimmerHMM_glimmerT_824-T1;GlimmerHMM},{HiQ_model.g699.t1;HiQ},{ev_type:exonerate/ID=match.2566964.1230/Target=lcl|KQ954482_1_prot_KWU44106_1_3518;exonerate},{ev_type:exonerate/ID=match.2566964.1227/Target=lcl|PJQD01000048_1_prot_POY72447_1_4345;exonerate}
479180	479001	internal-	5	4	{GeneMark_model.895_t;GeneMark},{GlimmerHMM_glimmerT_824-T1;GlimmerHMM},{HiQ_model.g699.t1;HiQ},{ev_type:exonerate/ID=match.2566964.1227/Target=lcl|PJQD01000048_1_prot_POY72447_1_4345;exonerate}
479486	479181	INTRON			{GeneMark_model.895_t;GeneMark},{GlimmerHMM_glimmerT_824-T1;GlimmerHMM},{HiQ_model.g699.t1;HiQ},{ev_type:exonerate/ID=match.2566964.1227/Target=lcl|PJQD01000048_1_prot_POY72447_1_4345;exonerate}
479526	479487	initial-	4	4	{GeneMark_model.895_t;GeneMark},{GlimmerHMM_glimmerT_824-T1;GlimmerHMM},{HiQ_model.g699.t1;HiQ}

# EVM prediction: Mode:STANDARD S-ratio: 6.81 480019-481393 orient(+) score(5077.00) noncoding_equivalent(746.02) raw_noncoding(880.00) offset(133.98)
480019	480268	initial+	1	1	{GlimmerHMM_glimmerT_825-T1;GlimmerHMM},{GeneMark_model.896_t;GeneMark},{Augustus_model.g700.t1;Augustus}
480269	480352	INTRON			{GlimmerHMM_glimmerT_825-T1;GlimmerHMM},{GeneMark_model.896_t;GeneMark},{Augustus_model.g700.t1;Augustus}
480353	480532	internal+	2	1	{GlimmerHMM_glimmerT_825-T1;GlimmerHMM},{GeneMark_model.896_t;GeneMark},{Augustus_model.g700.t1;Augustus}
480533	480614	INTRON			{GlimmerHMM_glimmerT_825-T1;GlimmerHMM},{GeneMark_model.896_t;GeneMark},{Augustus_model.g700.t1;Augustus}
480615	481393	terminal+	2	3	{GlimmerHMM_glimmerT_825-T1;GlimmerHMM},{Augustus_model.g700.t1;Augustus},{snap_scaffold_2-snap.208-T1;snap}

# EVM prediction: Mode:STANDARD S-ratio: 5.62 481893-483793 orient(+) score(10034.00) noncoding_equivalent(1784.83) raw_noncoding(2301.10) offset(516.27)
481893	481973	initial+	1	3	{GlimmerHMM_glimmerT_826-T1;GlimmerHMM},{Augustus_model.g701.t1;Augustus},{GeneMark_model.897_t;GeneMark}
481974	482046	INTRON			{Augustus_model.g701.t1;Augustus},{GeneMark_model.897_t;GeneMark},{ev_type:exonerate/ID=match.2566964.1129/Target=lcl|PJQD01000048_1_prot_POY72449_1_4347;exonerate},{ev_type:exonerate/ID=match.2566964.1138/Target=lcl|KQ954482_1_prot_KWU44104_1_3516;exonerate}
482047	482127	internal+	1	3	{Augustus_model.g701.t1;Augustus},{GeneMark_model.897_t;GeneMark},{ev_type:exonerate/ID=match.2566964.1129/Target=lcl|PJQD01000048_1_prot_POY72449_1_4347;exonerate},{ev_type:exonerate/ID=match.2566964.1138/Target=lcl|KQ954482_1_prot_KWU44104_1_3516;exonerate}
482128	482234	INTRON			{Augustus_model.g701.t1;Augustus},{GeneMark_model.897_t;GeneMark},{ev_type:exonerate/ID=match.2566964.1129/Target=lcl|PJQD01000048_1_prot_POY72449_1_4347;exonerate},{ev_type:exonerate/ID=match.2566964.1138/Target=lcl|KQ954482_1_prot_KWU44104_1_3516;exonerate}
482235	482540	internal+	1	3	{GlimmerHMM_glimmerT_826-T1;GlimmerHMM},{Augustus_model.g701.t1;Augustus},{GeneMark_model.897_t;GeneMark},{ev_type:exonerate/ID=match.2566964.1129/Target=lcl|PJQD01000048_1_prot_POY72449_1_4347;exonerate},{ev_type:exonerate/ID=match.2566964.1138/Target=lcl|KQ954482_1_prot_KWU44104_1_3516;exonerate}
482541	482616	INTRON			{GlimmerHMM_glimmerT_826-T1;GlimmerHMM},{Augustus_model.g701.t1;Augustus},{GeneMark_model.897_t;GeneMark},{ev_type:exonerate/ID=match.2566964.1129/Target=lcl|PJQD01000048_1_prot_POY72449_1_4347;exonerate},{ev_type:exonerate/ID=match.2566964.1138/Target=lcl|KQ954482_1_prot_KWU44104_1_3516;exonerate}
482617	482863	internal+	1	1	{GlimmerHMM_glimmerT_826-T1;GlimmerHMM},{Augustus_model.g701.t1;Augustus},{GeneMark_model.897_t;GeneMark},{ev_type:exonerate/ID=match.2566964.1129/Target=lcl|PJQD01000048_1_prot_POY72449_1_4347;exonerate},{ev_type:exonerate/ID=match.2566964.1138/Target=lcl|KQ954482_1_prot_KWU44104_1_3516;exonerate}
482864	482927	INTRON			{GlimmerHMM_glimmerT_826-T1;GlimmerHMM},{Augustus_model.g701.t1;Augustus},{GeneMark_model.897_t;GeneMark},{ev_type:exonerate/ID=match.2566964.1129/Target=lcl|PJQD01000048_1_prot_POY72449_1_4347;exonerate},{ev_type:exonerate/ID=match.2566964.1138/Target=lcl|KQ954482_1_prot_KWU44104_1_3516;exonerate}
482928	483519	internal+	2	2	{GlimmerHMM_glimmerT_826-T1;GlimmerHMM},{Augustus_model.g701.t1;Augustus},{GeneMark_model.897_t;GeneMark},{ev_type:exonerate/ID=match.2566964.1129/Target=lcl|PJQD01000048_1_prot_POY72449_1_4347;exonerate},{ev_type:exonerate/ID=match.2566964.1138/Target=lcl|KQ954482_1_prot_KWU44104_1_3516;exonerate}
483520	483597	INTRON			{GlimmerHMM_glimmerT_826-T1;GlimmerHMM},{Augustus_model.g701.t1;Augustus},{GeneMark_model.897_t;GeneMark},{ev_type:exonerate/ID=match.2566964.1129/Target=lcl|PJQD01000048_1_prot_POY72449_1_4347;exonerate},{ev_type:exonerate/ID=match.2566964.1138/Target=lcl|KQ954482_1_prot_KWU44104_1_3516;exonerate}
483598	483793	terminal+	3	3	{GlimmerHMM_glimmerT_826-T1;GlimmerHMM},{Augustus_model.g701.t1;Augustus},{GeneMark_model.897_t;GeneMark}

# EVM prediction: Mode:STANDARD S-ratio: 2.19 484049-484668 orient(-) score(1785.00) noncoding_equivalent(815.00) raw_noncoding(881.00) offset(66.00)
484130	484049	terminal-	6	6	{GeneMark_model.898_t;GeneMark},{GlimmerHMM_glimmerT_827-T1;GlimmerHMM},{Augustus_model.g702.t1;Augustus}
484192	484131	INTRON			{GeneMark_model.898_t;GeneMark},{GlimmerHMM_glimmerT_827-T1;GlimmerHMM},{Augustus_model.g702.t1;Augustus}
484668	484193	initial-	4	5	{GlimmerHMM_glimmerT_827-T1;GlimmerHMM},{Augustus_model.g702.t1;Augustus}

# EVM prediction: Mode:STANDARD S-ratio: 1.84 485516-486552 orient(+) score(3111.00) noncoding_equivalent(1687.00) raw_noncoding(2042.00) offset(355.00)
485516	485606	initial+	1	1	{GlimmerHMM_glimmerT_828-T1;GlimmerHMM},{GeneMark_model.899_t;GeneMark},{Augustus_model.g703.t1;Augustus}
485607	485676	INTRON			{GlimmerHMM_glimmerT_828-T1;GlimmerHMM},{GeneMark_model.899_t;GeneMark},{Augustus_model.g703.t1;Augustus}
485677	485831	internal+	2	3	{GlimmerHMM_glimmerT_828-T1;GlimmerHMM},{GeneMark_model.899_t;GeneMark},{Augustus_model.g703.t1;Augustus}
485832	485893	INTRON			{GlimmerHMM_glimmerT_828-T1;GlimmerHMM},{GeneMark_model.899_t;GeneMark},{Augustus_model.g703.t1;Augustus}
485894	486021	internal+	1	2	{GlimmerHMM_glimmerT_828-T1;GlimmerHMM},{GeneMark_model.899_t;GeneMark},{Augustus_model.g703.t1;Augustus}
486022	486092	INTRON			{GlimmerHMM_glimmerT_828-T1;GlimmerHMM},{GeneMark_model.899_t;GeneMark},{Augustus_model.g703.t1;Augustus}
486093	486262	internal+	3	1	{GlimmerHMM_glimmerT_828-T1;GlimmerHMM},{GeneMark_model.899_t;GeneMark},{Augustus_model.g703.t1;Augustus}
486263	486333	INTRON			{GlimmerHMM_glimmerT_828-T1;GlimmerHMM},{GeneMark_model.899_t;GeneMark},{Augustus_model.g703.t1;Augustus}
486334	486406	internal+	2	2	{GlimmerHMM_glimmerT_828-T1;GlimmerHMM},{GeneMark_model.899_t;GeneMark},{Augustus_model.g703.t1;Augustus}
486407	486467	INTRON			{GlimmerHMM_glimmerT_828-T1;GlimmerHMM},{GeneMark_model.899_t;GeneMark},{Augustus_model.g703.t1;Augustus}
486468	486552	terminal+	3	3	{GlimmerHMM_glimmerT_828-T1;GlimmerHMM},{GeneMark_model.899_t;GeneMark},{Augustus_model.g703.t1;Augustus}

# EVM prediction: Mode:STANDARD S-ratio: 6.16 486689-490060 orient(-) score(34680.00) noncoding_equivalent(5626.19) raw_noncoding(6990.00) offset(1363.81)
487109	486689	terminal-	6	6	{GeneMark_model.900_t;GeneMark},{GlimmerHMM_glimmerT_829-T1;GlimmerHMM},{HiQ_model.g704.t1;HiQ}
487184	487110	INTRON			{GeneMark_model.900_t;GeneMark},{GlimmerHMM_glimmerT_829-T1;GlimmerHMM},{HiQ_model.g704.t1;HiQ},{ev_type:exonerate/ID=match.2566964.1081/Target=lcl|LCTV02000001_1_prot_PRQ77799_1_499;exonerate},{ev_type:exonerate/ID=match.2566964.1120/Target=lcl|LCTV02000001_1_prot_PRQ77791_1_491;exonerate},{ev_type:exonerate/ID=match.2566964.1122/Target=lcl|LCTV02000001_1_prot_PRQ77795_1_495;exonerate},{ev_type:exonerate/ID=match.2566964.1077/Target=lcl|KQ954482_1_prot_KWU44101_1_3513;exonerate},{ev_type:exonerate/ID=match.2566964.1078/Target=lcl|PJQD01000048_1_prot_POY72451_1_4349;exonerate},{ev_type:exonerate/ID=match.2566964.1086/Target=lcl|NW_017264931_1_prot_XP_018272649_1_2480;exonerate},{ev_type:exonerate/ID=match.2566964.1082/Target=lcl|BJWK01000002_1_prot_GEM07019_1_1036;exonerate}
487315	487185	internal-	4	5	{GeneMark_model.900_t;GeneMark},{GlimmerHMM_glimmerT_829-T1;GlimmerHMM},{HiQ_model.g704.t1;HiQ},{ev_type:exonerate/ID=match.2566964.1081/Target=lcl|LCTV02000001_1_prot_PRQ77799_1_499;exonerate},{ev_type:exonerate/ID=match.2566964.1120/Target=lcl|LCTV02000001_1_prot_PRQ77791_1_491;exonerate},{ev_type:exonerate/ID=match.2566964.1122/Target=lcl|LCTV02000001_1_prot_PRQ77795_1_495;exonerate},{ev_type:exonerate/ID=match.2566964.1077/Target=lcl|KQ954482_1_prot_KWU44101_1_3513;exonerate},{ev_type:exonerate/ID=match.2566964.1078/Target=lcl|PJQD01000048_1_prot_POY72451_1_4349;exonerate},{ev_type:exonerate/ID=match.2566964.1086/Target=lcl|NW_017264931_1_prot_XP_018272649_1_2480;exonerate},{ev_type:exonerate/ID=match.2566964.1082/Target=lcl|BJWK01000002_1_prot_GEM07019_1_1036;exonerate}
487380	487316	INTRON			{GeneMark_model.900_t;GeneMark},{GlimmerHMM_glimmerT_829-T1;GlimmerHMM},{HiQ_model.g704.t1;HiQ},{ev_type:exonerate/ID=match.2566964.1081/Target=lcl|LCTV02000001_1_prot_PRQ77799_1_499;exonerate},{ev_type:exonerate/ID=match.2566964.1120/Target=lcl|LCTV02000001_1_prot_PRQ77791_1_491;exonerate},{ev_type:exonerate/ID=match.2566964.1122/Target=lcl|LCTV02000001_1_prot_PRQ77795_1_495;exonerate},{ev_type:exonerate/ID=match.2566964.1077/Target=lcl|KQ954482_1_prot_KWU44101_1_3513;exonerate},{ev_type:exonerate/ID=match.2566964.1078/Target=lcl|PJQD01000048_1_prot_POY72451_1_4349;exonerate},{ev_type:exonerate/ID=match.2566964.1086/Target=lcl|NW_017264931_1_prot_XP_018272649_1_2480;exonerate},{ev_type:exonerate/ID=match.2566964.1082/Target=lcl|BJWK01000002_1_prot_GEM07019_1_1036;exonerate}
487921	487381	internal-	6	6	{GeneMark_model.900_t;GeneMark},{GlimmerHMM_glimmerT_829-T1;GlimmerHMM},{HiQ_model.g704.t1;HiQ},{ev_type:exonerate/ID=match.2566964.1081/Target=lcl|LCTV02000001_1_prot_PRQ77799_1_499;exonerate},{ev_type:exonerate/ID=match.2566964.1120/Target=lcl|LCTV02000001_1_prot_PRQ77791_1_491;exonerate},{ev_type:exonerate/ID=match.2566964.1122/Target=lcl|LCTV02000001_1_prot_PRQ77795_1_495;exonerate},{ev_type:exonerate/ID=match.2566964.1077/Target=lcl|KQ954482_1_prot_KWU44101_1_3513;exonerate},{ev_type:exonerate/ID=match.2566964.1078/Target=lcl|PJQD01000048_1_prot_POY72451_1_4349;exonerate},{ev_type:exonerate/ID=match.2566964.1086/Target=lcl|NW_017264931_1_prot_XP_018272649_1_2480;exonerate},{ev_type:exonerate/ID=match.2566964.1082/Target=lcl|BJWK01000002_1_prot_GEM07019_1_1036;exonerate}
487989	487922	INTRON			{GeneMark_model.900_t;GeneMark},{GlimmerHMM_glimmerT_829-T1;GlimmerHMM},{HiQ_model.g704.t1;HiQ},{ev_type:exonerate/ID=match.2566964.1081/Target=lcl|LCTV02000001_1_prot_PRQ77799_1_499;exonerate},{ev_type:exonerate/ID=match.2566964.1120/Target=lcl|LCTV02000001_1_prot_PRQ77791_1_491;exonerate},{ev_type:exonerate/ID=match.2566964.1122/Target=lcl|LCTV02000001_1_prot_PRQ77795_1_495;exonerate},{ev_type:exonerate/ID=match.2566964.1077/Target=lcl|KQ954482_1_prot_KWU44101_1_3513;exonerate},{ev_type:exonerate/ID=match.2566964.1078/Target=lcl|PJQD01000048_1_prot_POY72451_1_4349;exonerate},{ev_type:exonerate/ID=match.2566964.1086/Target=lcl|NW_017264931_1_prot_XP_018272649_1_2480;exonerate},{ev_type:exonerate/ID=match.2566964.1082/Target=lcl|BJWK01000002_1_prot_GEM07019_1_1036;exonerate}
488468	487990	internal-	4	5	{GeneMark_model.900_t;GeneMark},{GlimmerHMM_glimmerT_829-T1;GlimmerHMM},{HiQ_model.g704.t1;HiQ},{ev_type:exonerate/ID=match.2566964.1081/Target=lcl|LCTV02000001_1_prot_PRQ77799_1_499;exonerate},{ev_type:exonerate/ID=match.2566964.1077/Target=lcl|KQ954482_1_prot_KWU44101_1_3513;exonerate},{ev_type:exonerate/ID=match.2566964.1078/Target=lcl|PJQD01000048_1_prot_POY72451_1_4349;exonerate},{ev_type:exonerate/ID=match.2566964.1086/Target=lcl|NW_017264931_1_prot_XP_018272649_1_2480;exonerate},{ev_type:exonerate/ID=match.2566964.1082/Target=lcl|BJWK01000002_1_prot_GEM07019_1_1036;exonerate}
488528	488469	INTRON			{GeneMark_model.900_t;GeneMark},{GlimmerHMM_glimmerT_829-T1;GlimmerHMM},{HiQ_model.g704.t1;HiQ},{ev_type:exonerate/ID=match.2566964.1081/Target=lcl|LCTV02000001_1_prot_PRQ77799_1_499;exonerate},{ev_type:exonerate/ID=match.2566964.1077/Target=lcl|KQ954482_1_prot_KWU44101_1_3513;exonerate},{ev_type:exonerate/ID=match.2566964.1078/Target=lcl|PJQD01000048_1_prot_POY72451_1_4349;exonerate},{ev_type:exonerate/ID=match.2566964.1086/Target=lcl|NW_017264931_1_prot_XP_018272649_1_2480;exonerate},{ev_type:exonerate/ID=match.2566964.1082/Target=lcl|BJWK01000002_1_prot_GEM07019_1_1036;exonerate}
488749	488529	internal-	5	6	{GeneMark_model.900_t;GeneMark},{GlimmerHMM_glimmerT_829-T1;GlimmerHMM},{HiQ_model.g704.t1;HiQ},{ev_type:exonerate/ID=match.2566964.1081/Target=lcl|LCTV02000001_1_prot_PRQ77799_1_499;exonerate},{ev_type:exonerate/ID=match.2566964.1077/Target=lcl|KQ954482_1_prot_KWU44101_1_3513;exonerate},{ev_type:exonerate/ID=match.2566964.1078/Target=lcl|PJQD01000048_1_prot_POY72451_1_4349;exonerate},{ev_type:exonerate/ID=match.2566964.1086/Target=lcl|NW_017264931_1_prot_XP_018272649_1_2480;exonerate},{ev_type:exonerate/ID=match.2566964.1082/Target=lcl|BJWK01000002_1_prot_GEM07019_1_1036;exonerate}
488816	488750	INTRON			{GeneMark_model.900_t;GeneMark},{GlimmerHMM_glimmerT_829-T1;GlimmerHMM},{HiQ_model.g704.t1;HiQ},{ev_type:exonerate/ID=match.2566964.1081/Target=lcl|LCTV02000001_1_prot_PRQ77799_1_499;exonerate},{ev_type:exonerate/ID=match.2566964.1077/Target=lcl|KQ954482_1_prot_KWU44101_1_3513;exonerate},{ev_type:exonerate/ID=match.2566964.1078/Target=lcl|PJQD01000048_1_prot_POY72451_1_4349;exonerate},{ev_type:exonerate/ID=match.2566964.1086/Target=lcl|NW_017264931_1_prot_XP_018272649_1_2480;exonerate},{ev_type:exonerate/ID=match.2566964.1082/Target=lcl|BJWK01000002_1_prot_GEM07019_1_1036;exonerate}
488918	488817	internal-	5	4	{GeneMark_model.900_t;GeneMark},{GlimmerHMM_glimmerT_829-T1;GlimmerHMM},{HiQ_model.g704.t1;HiQ},{ev_type:exonerate/ID=match.2566964.1081/Target=lcl|LCTV02000001_1_prot_PRQ77799_1_499;exonerate},{ev_type:exonerate/ID=match.2566964.1077/Target=lcl|KQ954482_1_prot_KWU44101_1_3513;exonerate},{ev_type:exonerate/ID=match.2566964.1078/Target=lcl|PJQD01000048_1_prot_POY72451_1_4349;exonerate},{ev_type:exonerate/ID=match.2566964.1086/Target=lcl|NW_017264931_1_prot_XP_018272649_1_2480;exonerate},{ev_type:exonerate/ID=match.2566964.1082/Target=lcl|BJWK01000002_1_prot_GEM07019_1_1036;exonerate}
488980	488919	INTRON			{GeneMark_model.900_t;GeneMark},{GlimmerHMM_glimmerT_829-T1;GlimmerHMM},{HiQ_model.g704.t1;HiQ},{ev_type:exonerate/ID=match.2566964.1081/Target=lcl|LCTV02000001_1_prot_PRQ77799_1_499;exonerate},{ev_type:exonerate/ID=match.2566964.1077/Target=lcl|KQ954482_1_prot_KWU44101_1_3513;exonerate},{ev_type:exonerate/ID=match.2566964.1078/Target=lcl|PJQD01000048_1_prot_POY72451_1_4349;exonerate},{ev_type:exonerate/ID=match.2566964.1086/Target=lcl|NW_017264931_1_prot_XP_018272649_1_2480;exonerate},{ev_type:exonerate/ID=match.2566964.1082/Target=lcl|BJWK01000002_1_prot_GEM07019_1_1036;exonerate}
489206	488981	internal-	4	4	{GeneMark_model.900_t;GeneMark},{GlimmerHMM_glimmerT_829-T1;GlimmerHMM},{HiQ_model.g704.t1;HiQ},{ev_type:exonerate/ID=match.2566964.1081/Target=lcl|LCTV02000001_1_prot_PRQ77799_1_499;exonerate},{ev_type:exonerate/ID=match.2566964.1077/Target=lcl|KQ954482_1_prot_KWU44101_1_3513;exonerate},{ev_type:exonerate/ID=match.2566964.1078/Target=lcl|PJQD01000048_1_prot_POY72451_1_4349;exonerate},{ev_type:exonerate/ID=match.2566964.1086/Target=lcl|NW_017264931_1_prot_XP_018272649_1_2480;exonerate},{ev_type:exonerate/ID=match.2566964.1082/Target=lcl|BJWK01000002_1_prot_GEM07019_1_1036;exonerate}
489268	489207	INTRON			{GeneMark_model.900_t;GeneMark},{GlimmerHMM_glimmerT_829-T1;GlimmerHMM},{HiQ_model.g704.t1;HiQ},{ev_type:exonerate/ID=match.2566964.1081/Target=lcl|LCTV02000001_1_prot_PRQ77799_1_499;exonerate},{ev_type:exonerate/ID=match.2566964.1077/Target=lcl|KQ954482_1_prot_KWU44101_1_3513;exonerate},{ev_type:exonerate/ID=match.2566964.1078/Target=lcl|PJQD01000048_1_prot_POY72451_1_4349;exonerate},{ev_type:exonerate/ID=match.2566964.1086/Target=lcl|NW_017264931_1_prot_XP_018272649_1_2480;exonerate},{ev_type:exonerate/ID=match.2566964.1082/Target=lcl|BJWK01000002_1_prot_GEM07019_1_1036;exonerate}
489506	489269	internal-	6	6	{GeneMark_model.900_t;GeneMark},{GlimmerHMM_glimmerT_829-T1;GlimmerHMM},{HiQ_model.g704.t1;HiQ},{ev_type:exonerate/ID=match.2566964.1081/Target=lcl|LCTV02000001_1_prot_PRQ77799_1_499;exonerate},{ev_type:exonerate/ID=match.2566964.1077/Target=lcl|KQ954482_1_prot_KWU44101_1_3513;exonerate},{ev_type:exonerate/ID=match.2566964.1078/Target=lcl|PJQD01000048_1_prot_POY72451_1_4349;exonerate},{ev_type:exonerate/ID=match.2566964.1086/Target=lcl|NW_017264931_1_prot_XP_018272649_1_2480;exonerate},{ev_type:exonerate/ID=match.2566964.1082/Target=lcl|BJWK01000002_1_prot_GEM07019_1_1036;exonerate}
489812	489507	INTRON			{GeneMark_model.900_t;GeneMark},{GlimmerHMM_glimmerT_829-T1;GlimmerHMM},{HiQ_model.g704.t1;HiQ},{ev_type:exonerate/ID=match.2566964.1081/Target=lcl|LCTV02000001_1_prot_PRQ77799_1_499;exonerate},{ev_type:exonerate/ID=match.2566964.1077/Target=lcl|KQ954482_1_prot_KWU44101_1_3513;exonerate},{ev_type:exonerate/ID=match.2566964.1078/Target=lcl|PJQD01000048_1_prot_POY72451_1_4349;exonerate},{ev_type:exonerate/ID=match.2566964.1086/Target=lcl|NW_017264931_1_prot_XP_018272649_1_2480;exonerate},{ev_type:exonerate/ID=match.2566964.1082/Target=lcl|BJWK01000002_1_prot_GEM07019_1_1036;exonerate}
490060	489813	initial-	4	5	{GeneMark_model.900_t;GeneMark},{GlimmerHMM_glimmerT_829-T1;GlimmerHMM},{HiQ_model.g704.t1;HiQ}

# EVM prediction: Mode:STANDARD S-ratio: 4.41 490331-492824 orient(-) score(8508.00) noncoding_equivalent(1929.26) raw_noncoding(2244.00) offset(314.74)
490633	490331	terminal-	4	6	{GeneMark_model.901_t;GeneMark},{Augustus_model.g705.t1;Augustus},{GlimmerHMM_glimmerT_830-T1;GlimmerHMM},{snap_scaffold_2-snap.212-T1;snap}
490706	490634	INTRON			{GeneMark_model.901_t;GeneMark},{Augustus_model.g705.t1;Augustus},{GlimmerHMM_glimmerT_830-T1;GlimmerHMM}
491371	490707	internal-	5	6	{GeneMark_model.901_t;GeneMark},{Augustus_model.g705.t1;Augustus}
491445	491372	INTRON			{GeneMark_model.901_t;GeneMark},{Augustus_model.g705.t1;Augustus}
491664	491446	internal-	5	4	{GeneMark_model.901_t;GeneMark},{Augustus_model.g705.t1;Augustus},{GlimmerHMM_glimmerT_830-T1;GlimmerHMM}
491760	491665	INTRON			{GeneMark_model.901_t;GeneMark},{Augustus_model.g705.t1;Augustus},{GlimmerHMM_glimmerT_830-T1;GlimmerHMM}
491878	491761	internal-	4	4	{GeneMark_model.901_t;GeneMark},{Augustus_model.g705.t1;Augustus},{GlimmerHMM_glimmerT_830-T1;GlimmerHMM}
491948	491879	INTRON			{GeneMark_model.901_t;GeneMark},{Augustus_model.g705.t1;Augustus},{GlimmerHMM_glimmerT_830-T1;GlimmerHMM}
492824	491949	initial-	4	6	{GeneMark_model.901_t;GeneMark},{Augustus_model.g705.t1;Augustus},{GlimmerHMM_glimmerT_830-T1;GlimmerHMM}

# EVM prediction: Mode:STANDARD S-ratio: 3.63 493253-497472 orient(+) score(13896.00) noncoding_equivalent(3825.41) raw_noncoding(4637.79) offset(812.38)
493253	493295	initial+	1	1	{GeneMark_model.902_t;GeneMark},{GlimmerHMM_glimmerT_831-T1;GlimmerHMM},{Augustus_model.g706.t1;Augustus}
493296	493370	INTRON			{GeneMark_model.902_t;GeneMark},{GlimmerHMM_glimmerT_831-T1;GlimmerHMM},{Augustus_model.g706.t1;Augustus}
493371	493591	internal+	2	3	{GeneMark_model.902_t;GeneMark},{GlimmerHMM_glimmerT_831-T1;GlimmerHMM},{Augustus_model.g706.t1;Augustus}
493592	493657	INTRON			{GeneMark_model.902_t;GeneMark},{GlimmerHMM_glimmerT_831-T1;GlimmerHMM},{Augustus_model.g706.t1;Augustus}
493658	493842	internal+	1	2	{GeneMark_model.902_t;GeneMark},{GlimmerHMM_glimmerT_831-T1;GlimmerHMM},{Augustus_model.g706.t1;Augustus}
493843	493940	INTRON			{GeneMark_model.902_t;GeneMark},{GlimmerHMM_glimmerT_831-T1;GlimmerHMM},{Augustus_model.g706.t1;Augustus}
493941	494026	internal+	3	1	{GeneMark_model.902_t;GeneMark},{GlimmerHMM_glimmerT_831-T1;GlimmerHMM},{Augustus_model.g706.t1;Augustus}
494027	494093	INTRON			{GeneMark_model.902_t;GeneMark},{GlimmerHMM_glimmerT_831-T1;GlimmerHMM},{Augustus_model.g706.t1;Augustus}
494094	494575	internal+	2	3	{GeneMark_model.902_t;GeneMark},{GlimmerHMM_glimmerT_831-T1;GlimmerHMM},{Augustus_model.g706.t1;Augustus}
494576	494639	INTRON			{GeneMark_model.902_t;GeneMark},{GlimmerHMM_glimmerT_831-T1;GlimmerHMM},{Augustus_model.g706.t1;Augustus}
494640	494923	internal+	1	2	{GeneMark_model.902_t;GeneMark},{GlimmerHMM_glimmerT_831-T1;GlimmerHMM},{Augustus_model.g706.t1;Augustus}
494924	494997	INTRON			{GeneMark_model.902_t;GeneMark},{GlimmerHMM_glimmerT_831-T1;GlimmerHMM},{Augustus_model.g706.t1;Augustus}
494998	495367	internal+	3	3	{GeneMark_model.902_t;GeneMark}
495368	495442	INTRON			{GeneMark_model.902_t;GeneMark}
495443	496651	internal+	1	3	{GeneMark_model.902_t;GeneMark}
496652	496717	INTRON			{GeneMark_model.902_t;GeneMark},{Augustus_model.g706.t1;Augustus}
496718	496811	internal+	1	1	{GeneMark_model.902_t;GeneMark},{Augustus_model.g706.t1;Augustus}
496812	496880	INTRON			{GeneMark_model.902_t;GeneMark},{GlimmerHMM_glimmerT_831-T1;GlimmerHMM},{Augustus_model.g706.t1;Augustus}
496881	497356	internal+	2	3	{GeneMark_model.902_t;GeneMark},{GlimmerHMM_glimmerT_831-T1;GlimmerHMM},{Augustus_model.g706.t1;Augustus}
497357	497448	INTRON			{GeneMark_model.902_t;GeneMark},{Augustus_model.g706.t1;Augustus}
497449	497472	terminal+	1	3	{GeneMark_model.902_t;GeneMark},{Augustus_model.g706.t1;Augustus}

# EVM prediction: Mode:STANDARD S-ratio: 2.06 498196-498831 orient(+) score(1710.00) noncoding_equivalent(830.97) raw_noncoding(1038.00) offset(207.03)
498196	498510	initial+	1	3	{GeneMark_model.903_t;GeneMark}
498511	498579	INTRON			{Augustus_model.g707.t1;Augustus},{GeneMark_model.903_t;GeneMark}
498580	498648	internal+	1	3	{Augustus_model.g707.t1;Augustus},{GeneMark_model.903_t;GeneMark}
498649	498714	INTRON			{Augustus_model.g707.t1;Augustus},{GeneMark_model.903_t;GeneMark}
498715	498831	terminal+	1	3	{Augustus_model.g707.t1;Augustus},{GeneMark_model.903_t;GeneMark}

# EVM prediction: Mode:STANDARD S-ratio: 4.58 499108-502354 orient(-) score(11168.00) noncoding_equivalent(2437.38) raw_noncoding(2871.33) offset(433.95)
499410	499108	terminal-	4	6	{snap_scaffold_2-snap.216-T1;snap},{GlimmerHMM_glimmerT_833-T1;GlimmerHMM}
499472	499411	INTRON			{Augustus_model.g708.t1;Augustus},{GeneMark_model.904_t;GeneMark},{GlimmerHMM_glimmerT_833-T1;GlimmerHMM}
499574	499473	internal-	4	6	{Augustus_model.g708.t1;Augustus},{GeneMark_model.904_t;GeneMark},{GlimmerHMM_glimmerT_833-T1;GlimmerHMM}
499634	499575	INTRON			{Augustus_model.g708.t1;Augustus},{GeneMark_model.904_t;GeneMark},{GlimmerHMM_glimmerT_833-T1;GlimmerHMM}
499819	499635	internal-	5	6	{Augustus_model.g708.t1;Augustus},{GeneMark_model.904_t;GeneMark},{GlimmerHMM_glimmerT_833-T1;GlimmerHMM}
499890	499820	INTRON			{Augustus_model.g708.t1;Augustus},{GeneMark_model.904_t;GeneMark},{GlimmerHMM_glimmerT_833-T1;GlimmerHMM}
501318	499891	internal-	5	4	{Augustus_model.g708.t1;Augustus},{GeneMark_model.904_t;GeneMark},{GlimmerHMM_glimmerT_833-T1;GlimmerHMM}
501383	501319	INTRON			{Augustus_model.g708.t1;Augustus},{GeneMark_model.904_t;GeneMark},{GlimmerHMM_glimmerT_833-T1;GlimmerHMM}
501688	501384	internal-	6	4	{Augustus_model.g708.t1;Augustus},{GeneMark_model.904_t;GeneMark}
501755	501689	INTRON			{Augustus_model.g708.t1;Augustus},{GeneMark_model.904_t;GeneMark}
501892	501756	internal-	4	5	{Augustus_model.g708.t1;Augustus},{GeneMark_model.904_t;GeneMark}
501952	501893	INTRON			{Augustus_model.g708.t1;Augustus},{GeneMark_model.904_t;GeneMark},{GlimmerHMM_glimmerT_834-T1;GlimmerHMM}
502354	501953	initial-	4	6	{Augustus_model.g708.t1;Augustus},{GeneMark_model.904_t;GeneMark},{GlimmerHMM_glimmerT_834-T1;GlimmerHMM}

# EVM prediction: Mode:STANDARD S-ratio: 9.78 502607-504633 orient(-) score(7459.00) noncoding_equivalent(762.77) raw_noncoding(825.99) offset(63.22)
504209	502607	terminal-	6	6	{Augustus_model.g709.t1;Augustus},{GeneMark_model.905_t;GeneMark}
504268	504210	INTRON			{GlimmerHMM_glimmerT_835-T1;GlimmerHMM},{Augustus_model.g709.t1;Augustus},{GeneMark_model.905_t;GeneMark}
504633	504269	initial-	4	5	{Augustus_model.g709.t1;Augustus},{GeneMark_model.905_t;GeneMark}

# EVM prediction: Mode:STANDARD S-ratio: 4.44 505085-507866 orient(-) score(14861.00) noncoding_equivalent(3347.33) raw_noncoding(3815.01) offset(467.68)
506100	505085	terminal-	5	6	{snap_scaffold_2-snap.219-T1;snap},{HiQ_model.g710.t1;HiQ},{GeneMark_model.906_t;GeneMark}
506170	506101	INTRON			{GlimmerHMM_glimmerT_835-T1;GlimmerHMM},{HiQ_model.g710.t1;HiQ},{GeneMark_model.906_t;GeneMark},{ev_type:exonerate/ID=match.2566964.1159/Target=lcl|KQ954482_1_prot_KWU44095_1_3507;exonerate}
506309	506171	internal-	4	4	{GlimmerHMM_glimmerT_835-T1;GlimmerHMM},{HiQ_model.g710.t1;HiQ},{GeneMark_model.906_t;GeneMark},{ev_type:exonerate/ID=match.2566964.1159/Target=lcl|KQ954482_1_prot_KWU44095_1_3507;exonerate}
506385	506310	INTRON			{GlimmerHMM_glimmerT_835-T1;GlimmerHMM},{HiQ_model.g710.t1;HiQ},{GeneMark_model.906_t;GeneMark},{ev_type:exonerate/ID=match.2566964.1159/Target=lcl|KQ954482_1_prot_KWU44095_1_3507;exonerate}
506599	506386	internal-	6	6	{GlimmerHMM_glimmerT_835-T1;GlimmerHMM},{HiQ_model.g710.t1;HiQ},{GeneMark_model.906_t;GeneMark},{ev_type:exonerate/ID=match.2566964.1159/Target=lcl|KQ954482_1_prot_KWU44095_1_3507;exonerate}
506666	506600	INTRON			{GlimmerHMM_glimmerT_835-T1;GlimmerHMM},{HiQ_model.g710.t1;HiQ},{GeneMark_model.906_t;GeneMark},{ev_type:exonerate/ID=match.2566964.1159/Target=lcl|KQ954482_1_prot_KWU44095_1_3507;exonerate}
506812	506667	internal-	4	5	{GlimmerHMM_glimmerT_835-T1;GlimmerHMM},{HiQ_model.g710.t1;HiQ},{GeneMark_model.906_t;GeneMark},{ev_type:exonerate/ID=match.2566964.1159/Target=lcl|KQ954482_1_prot_KWU44095_1_3507;exonerate}
506885	506813	INTRON			{GlimmerHMM_glimmerT_835-T1;GlimmerHMM},{HiQ_model.g710.t1;HiQ},{GeneMark_model.906_t;GeneMark},{ev_type:exonerate/ID=match.2566964.1159/Target=lcl|KQ954482_1_prot_KWU44095_1_3507;exonerate}
507866	506886	initial-	4	6	{GlimmerHMM_glimmerT_835-T1;GlimmerHMM},{HiQ_model.g710.t1;HiQ}

# EVM prediction: Mode:STANDARD S-ratio: 5.17 509363-511141 orient(+) score(6424.00) noncoding_equivalent(1243.17) raw_noncoding(1502.60) offset(259.43)
509363	509841	initial+	1	2	{GeneMark_model.907_t;GeneMark},{Augustus_model.g711.t1;Augustus},{GlimmerHMM_glimmerT_836-T1;GlimmerHMM}
509842	509995	INTRON			{GeneMark_model.907_t;GeneMark},{Augustus_model.g711.t1;Augustus},{GlimmerHMM_glimmerT_836-T1;GlimmerHMM}
509996	510187	internal+	3	2	{GeneMark_model.907_t;GeneMark},{Augustus_model.g711.t1;Augustus},{GlimmerHMM_glimmerT_836-T1;GlimmerHMM}
510188	510250	INTRON			{GeneMark_model.907_t;GeneMark},{Augustus_model.g711.t1;Augustus},{GlimmerHMM_glimmerT_836-T1;GlimmerHMM}
510251	510404	internal+	3	3	{GeneMark_model.907_t;GeneMark},{Augustus_model.g711.t1;Augustus},{GlimmerHMM_glimmerT_836-T1;GlimmerHMM}
510405	510469	INTRON			{GeneMark_model.907_t;GeneMark},{Augustus_model.g711.t1;Augustus},{GlimmerHMM_glimmerT_836-T1;GlimmerHMM}
510470	511141	terminal+	1	3	{GeneMark_model.907_t;GeneMark},{Augustus_model.g711.t1;Augustus},{GlimmerHMM_glimmerT_836-T1;GlimmerHMM}

# EVM prediction: Mode:STANDARD S-ratio: 9.49 512625-513774 orient(+) score(4375.00) noncoding_equivalent(461.00) raw_noncoding(469.00) offset(8.00)
512625	512854	initial+	1	2	{GlimmerHMM_glimmerT_837-T1;GlimmerHMM},{Augustus_model.g712.t1;Augustus},{GeneMark_model.908_t;GeneMark}
512855	512915	INTRON			{GlimmerHMM_glimmerT_837-T1;GlimmerHMM},{Augustus_model.g712.t1;Augustus},{snap_scaffold_2-snap.224-T1;snap},{GeneMark_model.908_t;GeneMark}
512916	513774	terminal+	3	3	{GlimmerHMM_glimmerT_837-T1;GlimmerHMM},{Augustus_model.g712.t1;Augustus},{snap_scaffold_2-snap.224-T1;snap},{GeneMark_model.908_t;GeneMark}

# EVM prediction: Mode:STANDARD S-ratio: 3.88 513850-516572 orient(-) score(9361.00) noncoding_equivalent(2411.30) raw_noncoding(2972.00) offset(560.70)
514341	513850	terminal-	4	6	{GlimmerHMM_glimmerT_838-T1;GlimmerHMM},{snap_scaffold_2-snap.225-T1;snap},{Augustus_model.g713.t1;Augustus},{GeneMark_model.909_t;GeneMark}
514406	514342	INTRON			{GlimmerHMM_glimmerT_838-T1;GlimmerHMM},{Augustus_model.g713.t1;Augustus},{GeneMark_model.909_t;GeneMark}
514595	514407	internal-	4	6	{GlimmerHMM_glimmerT_838-T1;GlimmerHMM},{Augustus_model.g713.t1;Augustus},{GeneMark_model.909_t;GeneMark}
514658	514596	INTRON			{GlimmerHMM_glimmerT_838-T1;GlimmerHMM},{Augustus_model.g713.t1;Augustus},{GeneMark_model.909_t;GeneMark}
514801	514659	internal-	5	6	{GlimmerHMM_glimmerT_838-T1;GlimmerHMM},{Augustus_model.g713.t1;Augustus},{GeneMark_model.909_t;GeneMark}
514868	514802	INTRON			{GlimmerHMM_glimmerT_838-T1;GlimmerHMM},{Augustus_model.g713.t1;Augustus},{GeneMark_model.909_t;GeneMark}
515350	514869	internal-	6	4	{GlimmerHMM_glimmerT_838-T1;GlimmerHMM},{Augustus_model.g713.t1;Augustus},{GeneMark_model.909_t;GeneMark}
515410	515351	INTRON			{GlimmerHMM_glimmerT_838-T1;GlimmerHMM},{Augustus_model.g713.t1;Augustus},{GeneMark_model.909_t;GeneMark}
515632	515411	internal-	6	5	{GlimmerHMM_glimmerT_838-T1;GlimmerHMM},{Augustus_model.g713.t1;Augustus},{GeneMark_model.909_t;GeneMark}
515708	515633	INTRON			{Augustus_model.g713.t1;Augustus},{GeneMark_model.909_t;GeneMark}
516074	515709	internal-	6	5	{Augustus_model.g713.t1;Augustus},{GeneMark_model.909_t;GeneMark}
516145	516075	INTRON			{GlimmerHMM_glimmerT_838-T1;GlimmerHMM},{Augustus_model.g713.t1;Augustus},{GeneMark_model.909_t;GeneMark}
516264	516146	internal-	4	5	{GlimmerHMM_glimmerT_838-T1;GlimmerHMM},{Augustus_model.g713.t1;Augustus},{GeneMark_model.909_t;GeneMark}
516325	516265	INTRON			{GlimmerHMM_glimmerT_838-T1;GlimmerHMM},{Augustus_model.g713.t1;Augustus},{GeneMark_model.909_t;GeneMark}
516422	516326	internal-	6	6	{GlimmerHMM_glimmerT_838-T1;GlimmerHMM},{Augustus_model.g713.t1;Augustus},{GeneMark_model.909_t;GeneMark}
516492	516423	INTRON			{GlimmerHMM_glimmerT_838-T1;GlimmerHMM},{Augustus_model.g713.t1;Augustus},{GeneMark_model.909_t;GeneMark}
516572	516493	initial-	4	5	{GlimmerHMM_glimmerT_838-T1;GlimmerHMM},{Augustus_model.g713.t1;Augustus},{GeneMark_model.909_t;GeneMark}

# EVM prediction: Mode:STANDARD S-ratio: 2.29 517706-520416 orient(+) score(8164.00) noncoding_equivalent(3561.32) raw_noncoding(4916.00) offset(1354.68)
517706	517823	initial+	1	1	{GlimmerHMM_glimmerT_839-T1;GlimmerHMM}
517824	517877	INTRON			{GeneMark_model.910_t;GeneMark},{GlimmerHMM_glimmerT_839-T1;GlimmerHMM},{Augustus_model.g714.t1;Augustus}
517878	518059	internal+	2	3	{GeneMark_model.910_t;GeneMark},{Augustus_model.g714.t1;Augustus}
518060	518122	INTRON			{GeneMark_model.910_t;GeneMark},{Augustus_model.g714.t1;Augustus}
518123	518403	internal+	1	2	{GeneMark_model.910_t;GeneMark},{Augustus_model.g714.t1;Augustus}
518404	518473	INTRON			{GeneMark_model.910_t;GeneMark},{GlimmerHMM_glimmerT_839-T1;GlimmerHMM},{Augustus_model.g714.t1;Augustus}
518474	518658	internal+	3	1	{GeneMark_model.910_t;GeneMark},{GlimmerHMM_glimmerT_839-T1;GlimmerHMM},{Augustus_model.g714.t1;Augustus}
518659	519066	INTRON			{GlimmerHMM_glimmerT_839-T1;GlimmerHMM},{Augustus_model.g714.t1;Augustus}
519067	519119	internal+	2	3	{GlimmerHMM_glimmerT_839-T1;GlimmerHMM},{Augustus_model.g714.t1;Augustus}
519120	519237	INTRON			{GeneMark_model.910_t;GeneMark},{GlimmerHMM_glimmerT_839-T1;GlimmerHMM},{Augustus_model.g714.t1;Augustus}
519238	519394	internal+	1	1	{GeneMark_model.910_t;GeneMark},{GlimmerHMM_glimmerT_839-T1;GlimmerHMM},{Augustus_model.g714.t1;Augustus}
519395	519479	INTRON			{GeneMark_model.910_t;GeneMark},{GlimmerHMM_glimmerT_839-T1;GlimmerHMM},{Augustus_model.g714.t1;Augustus}
519480	519599	internal+	2	1	{GeneMark_model.910_t;GeneMark},{GlimmerHMM_glimmerT_839-T1;GlimmerHMM},{Augustus_model.g714.t1;Augustus}
519600	519662	INTRON			{GeneMark_model.910_t;GeneMark},{GlimmerHMM_glimmerT_839-T1;GlimmerHMM},{Augustus_model.g714.t1;Augustus}
519663	519844	internal+	2	3	{GeneMark_model.910_t;GeneMark},{GlimmerHMM_glimmerT_839-T1;GlimmerHMM},{Augustus_model.g714.t1;Augustus}
519845	519909	INTRON			{GeneMark_model.910_t;GeneMark},{GlimmerHMM_glimmerT_839-T1;GlimmerHMM},{Augustus_model.g714.t1;Augustus}
519910	520416	terminal+	1	3	{GeneMark_model.910_t;GeneMark},{GlimmerHMM_glimmerT_839-T1;GlimmerHMM},{Augustus_model.g714.t1;Augustus},{snap_scaffold_2-snap.228-T1;snap}

# EVM prediction: Mode:STANDARD S-ratio: 4.04 523751-527810 orient(-) score(25261.00) noncoding_equivalent(6255.52) raw_noncoding(6937.00) offset(681.48)
523900	523751	terminal-	4	6	{GeneMark_model.912_t;GeneMark},{GlimmerHMM_glimmerT_840-T1;GlimmerHMM},{HiQ_model.g716.t1;HiQ}
523959	523901	INTRON			{GeneMark_model.912_t;GeneMark},{GlimmerHMM_glimmerT_840-T1;GlimmerHMM},{HiQ_model.g716.t1;HiQ},{ev_type:exonerate/ID=match.2566964.1087/Target=lcl|NW_017264931_1_prot_XP_018272600_1_2431;exonerate},{ev_type:exonerate/ID=match.2566964.1065/Target=lcl|PJQD01000048_1_prot_POY72470_1_4368;exonerate}
524096	523960	internal-	5	6	{GeneMark_model.912_t;GeneMark},{GlimmerHMM_glimmerT_840-T1;GlimmerHMM},{HiQ_model.g716.t1;HiQ},{ev_type:exonerate/ID=match.2566964.1087/Target=lcl|NW_017264931_1_prot_XP_018272600_1_2431;exonerate},{ev_type:exonerate/ID=match.2566964.1065/Target=lcl|PJQD01000048_1_prot_POY72470_1_4368;exonerate}
524157	524097	INTRON			{GeneMark_model.912_t;GeneMark},{GlimmerHMM_glimmerT_840-T1;GlimmerHMM},{HiQ_model.g716.t1;HiQ},{ev_type:exonerate/ID=match.2566964.1087/Target=lcl|NW_017264931_1_prot_XP_018272600_1_2431;exonerate},{ev_type:exonerate/ID=match.2566964.1065/Target=lcl|PJQD01000048_1_prot_POY72470_1_4368;exonerate}
524422	524158	internal-	4	4	{GeneMark_model.912_t;GeneMark},{GlimmerHMM_glimmerT_840-T1;GlimmerHMM},{HiQ_model.g716.t1;HiQ},{ev_type:exonerate/ID=match.2566964.1087/Target=lcl|NW_017264931_1_prot_XP_018272600_1_2431;exonerate},{ev_type:exonerate/ID=match.2566964.1065/Target=lcl|PJQD01000048_1_prot_POY72470_1_4368;exonerate}
524490	524423	INTRON			{GeneMark_model.912_t;GeneMark},{GlimmerHMM_glimmerT_840-T1;GlimmerHMM},{HiQ_model.g716.t1;HiQ},{ev_type:exonerate/ID=match.2566964.1087/Target=lcl|NW_017264931_1_prot_XP_018272600_1_2431;exonerate},{ev_type:exonerate/ID=match.2566964.1065/Target=lcl|PJQD01000048_1_prot_POY72470_1_4368;exonerate}
524949	524491	internal-	4	6	{GeneMark_model.912_t;GeneMark},{GlimmerHMM_glimmerT_840-T1;GlimmerHMM},{HiQ_model.g716.t1;HiQ},{ev_type:exonerate/ID=match.2566964.1065/Target=lcl|PJQD01000048_1_prot_POY72470_1_4368;exonerate}
525017	524950	INTRON			{GeneMark_model.912_t;GeneMark},{GlimmerHMM_glimmerT_840-T1;GlimmerHMM},{HiQ_model.g716.t1;HiQ},{ev_type:exonerate/ID=match.2566964.1087/Target=lcl|NW_017264931_1_prot_XP_018272600_1_2431;exonerate},{ev_type:exonerate/ID=match.2566964.1065/Target=lcl|PJQD01000048_1_prot_POY72470_1_4368;exonerate}
525302	525018	internal-	4	6	{GeneMark_model.912_t;GeneMark},{GlimmerHMM_glimmerT_840-T1;GlimmerHMM},{HiQ_model.g716.t1;HiQ},{ev_type:exonerate/ID=match.2566964.1087/Target=lcl|NW_017264931_1_prot_XP_018272600_1_2431;exonerate},{ev_type:exonerate/ID=match.2566964.1065/Target=lcl|PJQD01000048_1_prot_POY72470_1_4368;exonerate}
525369	525303	INTRON			{GeneMark_model.912_t;GeneMark},{GlimmerHMM_glimmerT_840-T1;GlimmerHMM},{HiQ_model.g716.t1;HiQ},{ev_type:exonerate/ID=match.2566964.1087/Target=lcl|NW_017264931_1_prot_XP_018272600_1_2431;exonerate},{ev_type:exonerate/ID=match.2566964.1065/Target=lcl|PJQD01000048_1_prot_POY72470_1_4368;exonerate}
526999	525370	internal-	6	6	{GeneMark_model.912_t;GeneMark},{GlimmerHMM_glimmerT_840-T1;GlimmerHMM},{HiQ_model.g716.t1;HiQ},{ev_type:exonerate/ID=match.2566964.1065/Target=lcl|PJQD01000048_1_prot_POY72470_1_4368;exonerate}
527064	527000	INTRON			{GeneMark_model.912_t;GeneMark},{GlimmerHMM_glimmerT_840-T1;GlimmerHMM},{HiQ_model.g716.t1;HiQ},{ev_type:exonerate/ID=match.2566964.1087/Target=lcl|NW_017264931_1_prot_XP_018272600_1_2431;exonerate},{ev_type:exonerate/ID=match.2566964.1065/Target=lcl|PJQD01000048_1_prot_POY72470_1_4368;exonerate}
527810	527065	initial-	4	5	{GeneMark_model.912_t;GeneMark},{GlimmerHMM_glimmerT_840-T1;GlimmerHMM},{HiQ_model.g716.t1;HiQ}

# EVM prediction: Mode:STANDARD S-ratio: 2.12 529423-531580 orient(+) score(6805.00) noncoding_equivalent(3217.07) raw_noncoding(3710.07) offset(493.00)
529423	529449	initial+	1	3	{GeneMark_model.913_t;GeneMark},{GlimmerHMM_glimmerT_841-T1;GlimmerHMM},{Augustus_model.g717.t1;Augustus}
529450	529562	INTRON			{GeneMark_model.913_t;GeneMark},{GlimmerHMM_glimmerT_841-T1;GlimmerHMM},{Augustus_model.g717.t1;Augustus}
529563	529640	internal+	1	3	{GeneMark_model.913_t;GeneMark},{GlimmerHMM_glimmerT_841-T1;GlimmerHMM},{Augustus_model.g717.t1;Augustus}
529641	529737	INTRON			{GeneMark_model.913_t;GeneMark},{GlimmerHMM_glimmerT_841-T1;GlimmerHMM},{Augustus_model.g717.t1;Augustus}
529738	529830	internal+	1	3	{GeneMark_model.913_t;GeneMark},{GlimmerHMM_glimmerT_841-T1;GlimmerHMM},{Augustus_model.g717.t1;Augustus}
529831	529892	INTRON			{GeneMark_model.913_t;GeneMark},{GlimmerHMM_glimmerT_841-T1;GlimmerHMM},{Augustus_model.g717.t1;Augustus}
529893	530125	internal+	1	2	{GeneMark_model.913_t;GeneMark},{GlimmerHMM_glimmerT_841-T1;GlimmerHMM},{Augustus_model.g717.t1;Augustus}
530126	530198	INTRON			{GeneMark_model.913_t;GeneMark},{GlimmerHMM_glimmerT_841-T1;GlimmerHMM},{Augustus_model.g717.t1;Augustus}
530199	530326	internal+	3	1	{GeneMark_model.913_t;GeneMark},{GlimmerHMM_glimmerT_841-T1;GlimmerHMM},{Augustus_model.g717.t1;Augustus}
530327	530397	INTRON			{GeneMark_model.913_t;GeneMark},{GlimmerHMM_glimmerT_841-T1;GlimmerHMM},{snap_scaffold_2-snap.231-T1;snap},{Augustus_model.g717.t1;Augustus}
530398	530606	internal+	2	3	{GeneMark_model.913_t;GeneMark},{GlimmerHMM_glimmerT_841-T1;GlimmerHMM},{Augustus_model.g717.t1;Augustus}
530607	530689	INTRON			{GeneMark_model.913_t;GeneMark},{GlimmerHMM_glimmerT_841-T1;GlimmerHMM},{Augustus_model.g717.t1;Augustus}
530690	530830	internal+	1	3	{GeneMark_model.913_t;GeneMark},{GlimmerHMM_glimmerT_841-T1;GlimmerHMM},{Augustus_model.g717.t1;Augustus}
530831	530904	INTRON			{GeneMark_model.913_t;GeneMark},{GlimmerHMM_glimmerT_841-T1;GlimmerHMM},{Augustus_model.g717.t1;Augustus}
530905	531041	internal+	1	2	{GeneMark_model.913_t;GeneMark},{GlimmerHMM_glimmerT_841-T1;GlimmerHMM},{Augustus_model.g717.t1;Augustus}
531042	531111	INTRON			{GeneMark_model.913_t;GeneMark},{GlimmerHMM_glimmerT_841-T1;GlimmerHMM},{Augustus_model.g717.t1;Augustus}
531112	531580	terminal+	3	3	{GeneMark_model.913_t;GeneMark}

# EVM prediction: Mode:STANDARD S-ratio: 6.76 532192-536157 orient(+) score(14010.00) noncoding_equivalent(2072.70) raw_noncoding(2263.70) offset(191.00)
532192	532848	initial+	1	3	{GeneMark_model.914_t;GeneMark},{Augustus_model.g718.t1;Augustus}
532849	532905	INTRON			{GeneMark_model.914_t;GeneMark},{GlimmerHMM_glimmerT_841-T1;GlimmerHMM},{Augustus_model.g718.t1;Augustus}
532906	533038	internal+	1	1	{GeneMark_model.914_t;GeneMark},{GlimmerHMM_glimmerT_841-T1;GlimmerHMM},{Augustus_model.g718.t1;Augustus}
533039	533099	INTRON			{GeneMark_model.914_t;GeneMark},{GlimmerHMM_glimmerT_841-T1;GlimmerHMM},{Augustus_model.g718.t1;Augustus}
533100	534020	internal+	2	1	{GlimmerHMM_glimmerT_841-T1;GlimmerHMM}
534021	534391	INTRON			{snap_scaffold_2-snap.233-T1;snap},{GlimmerHMM_glimmerT_841-T1;GlimmerHMM}
534392	536157	terminal+	2	3	{snap_scaffold_2-snap.233-T1;snap},{GlimmerHMM_glimmerT_841-T1;GlimmerHMM}

# EVM prediction: Mode:STANDARD S-ratio: 3.00 536366-537142 orient(-) score(4656.00) noncoding_equivalent(1554.00) raw_noncoding(1956.00) offset(402.00)
536387	536366	terminal-	6	6	{GlimmerHMM_glimmerT_842-T1;GlimmerHMM},{HiQ_model.g719.t1;HiQ},{GeneMark_model.915_t;GeneMark}
536445	536388	INTRON			{GlimmerHMM_glimmerT_842-T1;GlimmerHMM},{HiQ_model.g719.t1;HiQ},{GeneMark_model.915_t;GeneMark},{ev_type:exonerate/ID=match.2566964.1284/Target=lcl|PJQD01000048_1_prot_POY72467_1_4365;exonerate},{ev_type:exonerate/ID=match.2566964.1280/Target=lcl|KQ954481_1_prot_KWU44182_1_3383;exonerate}
536511	536446	internal-	6	5	{GlimmerHMM_glimmerT_842-T1;GlimmerHMM},{HiQ_model.g719.t1;HiQ},{GeneMark_model.915_t;GeneMark},{ev_type:exonerate/ID=match.2566964.1284/Target=lcl|PJQD01000048_1_prot_POY72467_1_4365;exonerate},{ev_type:exonerate/ID=match.2566964.1280/Target=lcl|KQ954481_1_prot_KWU44182_1_3383;exonerate}
536581	536512	INTRON			{GlimmerHMM_glimmerT_842-T1;GlimmerHMM},{HiQ_model.g719.t1;HiQ},{GeneMark_model.915_t;GeneMark},{ev_type:exonerate/ID=match.2566964.1284/Target=lcl|PJQD01000048_1_prot_POY72467_1_4365;exonerate},{ev_type:exonerate/ID=match.2566964.1280/Target=lcl|KQ954481_1_prot_KWU44182_1_3383;exonerate}
536729	536582	internal-	5	5	{GlimmerHMM_glimmerT_842-T1;GlimmerHMM},{HiQ_model.g719.t1;HiQ},{GeneMark_model.915_t;GeneMark},{ev_type:exonerate/ID=match.2566964.1284/Target=lcl|PJQD01000048_1_prot_POY72467_1_4365;exonerate},{ev_type:exonerate/ID=match.2566964.1280/Target=lcl|KQ954481_1_prot_KWU44182_1_3383;exonerate}
536802	536730	INTRON			{GlimmerHMM_glimmerT_842-T1;GlimmerHMM},{HiQ_model.g719.t1;HiQ},{GeneMark_model.915_t;GeneMark},{ev_type:exonerate/ID=match.2566964.1284/Target=lcl|PJQD01000048_1_prot_POY72467_1_4365;exonerate},{ev_type:exonerate/ID=match.2566964.1280/Target=lcl|KQ954481_1_prot_KWU44182_1_3383;exonerate}
537142	536803	initial-	4	4	{GlimmerHMM_glimmerT_842-T1;GlimmerHMM},{HiQ_model.g719.t1;HiQ},{GeneMark_model.915_t;GeneMark}

# EVM prediction: Mode:STANDARD S-ratio: 6.66 537346-539656 orient(-) score(8271.00) noncoding_equivalent(1241.00) raw_noncoding(1319.00) offset(78.00)
537389	537346	terminal-	5	6	{GeneMark_model.916_t;GeneMark},{Augustus_model.g720.t1;Augustus},{GlimmerHMM_glimmerT_843-T1;GlimmerHMM}
537460	537390	INTRON			{GeneMark_model.916_t;GeneMark},{Augustus_model.g720.t1;Augustus},{GlimmerHMM_glimmerT_843-T1;GlimmerHMM}
539327	537461	internal-	4	4	{GeneMark_model.916_t;GeneMark},{Augustus_model.g720.t1;Augustus},{GlimmerHMM_glimmerT_843-T1;GlimmerHMM}
539395	539328	INTRON			{GeneMark_model.916_t;GeneMark},{Augustus_model.g720.t1;Augustus},{GlimmerHMM_glimmerT_843-T1;GlimmerHMM}
539656	539396	initial-	4	6	{GeneMark_model.916_t;GeneMark},{Augustus_model.g720.t1;Augustus},{GlimmerHMM_glimmerT_843-T1;GlimmerHMM}

# EVM prediction: Mode:STANDARD S-ratio: 2.29 540519-542201 orient(-) score(5261.00) noncoding_equivalent(2293.86) raw_noncoding(2798.00) offset(504.14)
540791	540519	terminal-	4	6	{GlimmerHMM_glimmerT_844-T1;GlimmerHMM},{GeneMark_model.917_t;GeneMark},{snap_scaffold_2-snap.235-T1;snap},{Augustus_model.g721.t1;Augustus}
540880	540792	INTRON			{GlimmerHMM_glimmerT_844-T1;GlimmerHMM},{GeneMark_model.917_t;GeneMark},{Augustus_model.g721.t1;Augustus}
541000	540881	internal-	4	6	{GeneMark_model.917_t;GeneMark},{Augustus_model.g721.t1;Augustus}
541070	541001	INTRON			{GeneMark_model.917_t;GeneMark},{Augustus_model.g721.t1;Augustus}
541695	541071	internal-	6	6	{GlimmerHMM_glimmerT_844-T1;GlimmerHMM},{GeneMark_model.917_t;GeneMark},{Augustus_model.g721.t1;Augustus}
541762	541696	INTRON			{GlimmerHMM_glimmerT_844-T1;GlimmerHMM},{GeneMark_model.917_t;GeneMark},{Augustus_model.g721.t1;Augustus}
541797	541763	internal-	4	5	{GlimmerHMM_glimmerT_844-T1;GlimmerHMM},{GeneMark_model.917_t;GeneMark},{Augustus_model.g721.t1;Augustus}
542060	541798	INTRON			{GlimmerHMM_glimmerT_844-T1;GlimmerHMM},{GeneMark_model.917_t;GeneMark},{Augustus_model.g721.t1;Augustus}
542201	542061	initial-	4	6	{GlimmerHMM_glimmerT_844-T1;GlimmerHMM},{GeneMark_model.917_t;GeneMark},{Augustus_model.g721.t1;Augustus}

# EVM prediction: Mode:STANDARD S-ratio: 1.97 542398-544326 orient(+) score(5538.00) noncoding_equivalent(2804.88) raw_noncoding(3396.00) offset(591.12)
542398	542668	initial+	1	1	{GeneMark_model.918_t;GeneMark},{Augustus_model.g722.t1;Augustus}
542669	542743	INTRON			{GeneMark_model.918_t;GeneMark},{Augustus_model.g722.t1;Augustus}
542744	542902	internal+	2	1	{GeneMark_model.918_t;GeneMark},{Augustus_model.g722.t1;Augustus}
542903	542965	INTRON			{GeneMark_model.918_t;GeneMark}
542966	543378	internal+	2	3	{GeneMark_model.918_t;GeneMark}
543379	543437	INTRON			{GlimmerHMM_glimmerT_845-T1;GlimmerHMM},{GeneMark_model.918_t;GeneMark},{Augustus_model.g722.t1;Augustus}
543438	543573	internal+	1	1	{GlimmerHMM_glimmerT_845-T1;GlimmerHMM},{GeneMark_model.918_t;GeneMark},{Augustus_model.g722.t1;Augustus}
543574	543895	INTRON			{GlimmerHMM_glimmerT_845-T1;GlimmerHMM},{GeneMark_model.918_t;GeneMark},{Augustus_model.g722.t1;Augustus}
543896	544326	terminal+	2	3	{GlimmerHMM_glimmerT_845-T1;GlimmerHMM},{GeneMark_model.918_t;GeneMark},{Augustus_model.g722.t1;Augustus}

# EVM prediction: Mode:STANDARD S-ratio: 2.03 544423-545438 orient(-) score(2913.00) noncoding_equivalent(1434.08) raw_noncoding(1715.00) offset(280.92)
544694	544423	terminal-	5	6	{GeneMark_model.919_t;GeneMark},{Augustus_model.g723.t1;Augustus},{GlimmerHMM_glimmerT_846-T1;GlimmerHMM}
544762	544695	INTRON			{GeneMark_model.919_t;GeneMark},{Augustus_model.g723.t1;Augustus},{GlimmerHMM_glimmerT_846-T1;GlimmerHMM}
544921	544763	internal-	5	4	{GeneMark_model.919_t;GeneMark},{Augustus_model.g723.t1;Augustus}
544984	544922	INTRON			{GeneMark_model.919_t;GeneMark},{Augustus_model.g723.t1;Augustus}
545164	544985	internal-	5	4	{GeneMark_model.919_t;GeneMark},{Augustus_model.g723.t1;Augustus},{GlimmerHMM_glimmerT_846-T1;GlimmerHMM}
545242	545165	INTRON			{GeneMark_model.919_t;GeneMark},{Augustus_model.g723.t1;Augustus},{GlimmerHMM_glimmerT_846-T1;GlimmerHMM}
545438	545243	initial-	4	4	{GeneMark_model.919_t;GeneMark},{Augustus_model.g723.t1;Augustus},{GlimmerHMM_glimmerT_846-T1;GlimmerHMM}

# EVM prediction: Mode:STANDARD S-ratio: 2.59 546834-548692 orient(+) score(5577.00) noncoding_equivalent(2155.00) raw_noncoding(2315.00) offset(160.00)
546834	548040	initial+	1	1	{GlimmerHMM_glimmerT_847-T1;GlimmerHMM}
548041	548119	INTRON			{GeneMark_model.920_t;GeneMark},{GlimmerHMM_glimmerT_847-T1;GlimmerHMM},{Augustus_model.g724.t1;Augustus}
548120	548184	internal+	2	3	{GeneMark_model.920_t;GeneMark},{GlimmerHMM_glimmerT_847-T1;GlimmerHMM},{Augustus_model.g724.t1;Augustus}
548185	548257	INTRON			{GeneMark_model.920_t;GeneMark},{GlimmerHMM_glimmerT_847-T1;GlimmerHMM},{Augustus_model.g724.t1;Augustus}
548258	548692	terminal+	1	3	{GeneMark_model.920_t;GeneMark},{GlimmerHMM_glimmerT_847-T1;GlimmerHMM},{Augustus_model.g724.t1;Augustus}

# EVM prediction: Mode:STANDARD S-ratio: 2.47 549341-550189 orient(-) score(2707.00) noncoding_equivalent(1094.21) raw_noncoding(1404.00) offset(309.79)
549456	549341	terminal-	5	6	{Augustus_model.g725.t1;Augustus},{GlimmerHMM_glimmerT_848-T1;GlimmerHMM},{GeneMark_model.921_t;GeneMark}
549537	549457	INTRON			{Augustus_model.g725.t1;Augustus},{GlimmerHMM_glimmerT_848-T1;GlimmerHMM},{GeneMark_model.921_t;GeneMark}
549700	549538	internal-	4	4	{Augustus_model.g725.t1;Augustus},{GlimmerHMM_glimmerT_848-T1;GlimmerHMM},{GeneMark_model.921_t;GeneMark}
549771	549701	INTRON			{Augustus_model.g725.t1;Augustus},{GlimmerHMM_glimmerT_848-T1;GlimmerHMM},{GeneMark_model.921_t;GeneMark}
549837	549772	internal-	4	6	{Augustus_model.g725.t1;Augustus},{GlimmerHMM_glimmerT_848-T1;GlimmerHMM},{GeneMark_model.921_t;GeneMark}
549896	549838	INTRON			{Augustus_model.g725.t1;Augustus},{GlimmerHMM_glimmerT_848-T1;GlimmerHMM},{GeneMark_model.921_t;GeneMark}
549982	549897	internal-	5	6	{Augustus_model.g725.t1;Augustus},{GlimmerHMM_glimmerT_848-T1;GlimmerHMM},{GeneMark_model.921_t;GeneMark}
550089	549983	INTRON			{Augustus_model.g725.t1;Augustus},{GeneMark_model.921_t;GeneMark}
550189	550090	initial-	4	4	{Augustus_model.g725.t1;Augustus},{GeneMark_model.921_t;GeneMark}

# EVM prediction: Mode:STANDARD S-ratio: 4.55 550558-552174 orient(+) score(5544.00) noncoding_equivalent(1219.28) raw_noncoding(1446.00) offset(226.72)
550558	550941	initial+	1	3	{GlimmerHMM_glimmerT_849-T1;GlimmerHMM},{GeneMark_model.922_t;GeneMark},{Augustus_model.g726.t1;Augustus}
550942	551000	INTRON			{GlimmerHMM_glimmerT_849-T1;GlimmerHMM},{GeneMark_model.922_t;GeneMark},{Augustus_model.g726.t1;Augustus}
551001	551076	internal+	1	1	{GeneMark_model.922_t;GeneMark},{Augustus_model.g726.t1;Augustus}
551077	551139	INTRON			{GeneMark_model.922_t;GeneMark},{Augustus_model.g726.t1;Augustus}
551140	551299	internal+	2	2	{GeneMark_model.922_t;GeneMark},{Augustus_model.g726.t1;Augustus}
551300	551393	INTRON			{GlimmerHMM_glimmerT_849-T1;GlimmerHMM},{GeneMark_model.922_t;GeneMark},{Augustus_model.g726.t1;Augustus}
551394	552174	terminal+	3	3	{GlimmerHMM_glimmerT_849-T1;GlimmerHMM},{GeneMark_model.922_t;GeneMark},{Augustus_model.g726.t1;Augustus}

# EVM prediction: Mode:STANDARD S-ratio: 3.88 552740-554300 orient(-) score(11107.00) noncoding_equivalent(2863.31) raw_noncoding(3913.00) offset(1049.69)
552881	552740	terminal-	6	6	{GeneMark_model.923_t;GeneMark},{GlimmerHMM_glimmerT_850-T1;GlimmerHMM},{HiQ_model.g727.t1;HiQ}
552950	552882	INTRON			{GeneMark_model.923_t;GeneMark},{GlimmerHMM_glimmerT_850-T1;GlimmerHMM},{HiQ_model.g727.t1;HiQ},{ev_type:exonerate/ID=match.2566964.1206/Target=lcl|PJQD01000048_1_prot_POY72459_1_4357;exonerate},{ev_type:exonerate/ID=match.2566964.1228/Target=lcl|LCTV02000001_1_prot_PRQ77816_1_516;exonerate},{ev_type:exonerate/ID=match.2566964.1208/Target=lcl|KQ954481_1_prot_KWU44275_1_3391;exonerate}
553202	552951	internal-	6	5	{GeneMark_model.923_t;GeneMark},{GlimmerHMM_glimmerT_850-T1;GlimmerHMM},{HiQ_model.g727.t1;HiQ},{ev_type:exonerate/ID=match.2566964.1228/Target=lcl|LCTV02000001_1_prot_PRQ77816_1_516;exonerate},{ev_type:exonerate/ID=match.2566964.1208/Target=lcl|KQ954481_1_prot_KWU44275_1_3391;exonerate}
553270	553203	INTRON			{GeneMark_model.923_t;GeneMark},{GlimmerHMM_glimmerT_850-T1;GlimmerHMM},{HiQ_model.g727.t1;HiQ},{ev_type:exonerate/ID=match.2566964.1228/Target=lcl|LCTV02000001_1_prot_PRQ77816_1_516;exonerate},{ev_type:exonerate/ID=match.2566964.1208/Target=lcl|KQ954481_1_prot_KWU44275_1_3391;exonerate}
553479	553271	internal-	4	5	{GeneMark_model.923_t;GeneMark},{GlimmerHMM_glimmerT_850-T1;GlimmerHMM},{HiQ_model.g727.t1;HiQ},{ev_type:exonerate/ID=match.2566964.1228/Target=lcl|LCTV02000001_1_prot_PRQ77816_1_516;exonerate},{ev_type:exonerate/ID=match.2566964.1208/Target=lcl|KQ954481_1_prot_KWU44275_1_3391;exonerate}
553549	553480	INTRON			{GeneMark_model.923_t;GeneMark},{GlimmerHMM_glimmerT_850-T1;GlimmerHMM},{HiQ_model.g727.t1;HiQ},{ev_type:exonerate/ID=match.2566964.1206/Target=lcl|PJQD01000048_1_prot_POY72459_1_4357;exonerate},{ev_type:exonerate/ID=match.2566964.1228/Target=lcl|LCTV02000001_1_prot_PRQ77816_1_516;exonerate},{ev_type:exonerate/ID=match.2566964.1208/Target=lcl|KQ954481_1_prot_KWU44275_1_3391;exonerate}
553641	553550	internal-	5	6	{GeneMark_model.923_t;GeneMark},{GlimmerHMM_glimmerT_850-T1;GlimmerHMM},{HiQ_model.g727.t1;HiQ},{ev_type:exonerate/ID=match.2566964.1206/Target=lcl|PJQD01000048_1_prot_POY72459_1_4357;exonerate},{ev_type:exonerate/ID=match.2566964.1228/Target=lcl|LCTV02000001_1_prot_PRQ77816_1_516;exonerate},{ev_type:exonerate/ID=match.2566964.1208/Target=lcl|KQ954481_1_prot_KWU44275_1_3391;exonerate}
553716	553642	INTRON			{GeneMark_model.923_t;GeneMark},{GlimmerHMM_glimmerT_850-T1;GlimmerHMM},{HiQ_model.g727.t1;HiQ},{ev_type:exonerate/ID=match.2566964.1206/Target=lcl|PJQD01000048_1_prot_POY72459_1_4357;exonerate},{ev_type:exonerate/ID=match.2566964.1228/Target=lcl|LCTV02000001_1_prot_PRQ77816_1_516;exonerate},{ev_type:exonerate/ID=match.2566964.1208/Target=lcl|KQ954481_1_prot_KWU44275_1_3391;exonerate}
553784	553717	internal-	6	4	{GeneMark_model.923_t;GeneMark},{GlimmerHMM_glimmerT_850-T1;GlimmerHMM},{HiQ_model.g727.t1;HiQ},{ev_type:exonerate/ID=match.2566964.1206/Target=lcl|PJQD01000048_1_prot_POY72459_1_4357;exonerate},{ev_type:exonerate/ID=match.2566964.1228/Target=lcl|LCTV02000001_1_prot_PRQ77816_1_516;exonerate},{ev_type:exonerate/ID=match.2566964.1208/Target=lcl|KQ954481_1_prot_KWU44275_1_3391;exonerate}
553855	553785	INTRON			{GeneMark_model.923_t;GeneMark},{GlimmerHMM_glimmerT_850-T1;GlimmerHMM},{HiQ_model.g727.t1;HiQ},{ev_type:exonerate/ID=match.2566964.1206/Target=lcl|PJQD01000048_1_prot_POY72459_1_4357;exonerate},{ev_type:exonerate/ID=match.2566964.1228/Target=lcl|LCTV02000001_1_prot_PRQ77816_1_516;exonerate},{ev_type:exonerate/ID=match.2566964.1208/Target=lcl|KQ954481_1_prot_KWU44275_1_3391;exonerate}
553898	553856	internal-	5	5	{GeneMark_model.923_t;GeneMark},{GlimmerHMM_glimmerT_850-T1;GlimmerHMM},{HiQ_model.g727.t1;HiQ},{ev_type:exonerate/ID=match.2566964.1206/Target=lcl|PJQD01000048_1_prot_POY72459_1_4357;exonerate},{ev_type:exonerate/ID=match.2566964.1228/Target=lcl|LCTV02000001_1_prot_PRQ77816_1_516;exonerate},{ev_type:exonerate/ID=match.2566964.1208/Target=lcl|KQ954481_1_prot_KWU44275_1_3391;exonerate}
553964	553899	INTRON			{GeneMark_model.923_t;GeneMark},{GlimmerHMM_glimmerT_850-T1;GlimmerHMM},{HiQ_model.g727.t1;HiQ},{ev_type:exonerate/ID=match.2566964.1206/Target=lcl|PJQD01000048_1_prot_POY72459_1_4357;exonerate},{ev_type:exonerate/ID=match.2566964.1228/Target=lcl|LCTV02000001_1_prot_PRQ77816_1_516;exonerate},{ev_type:exonerate/ID=match.2566964.1208/Target=lcl|KQ954481_1_prot_KWU44275_1_3391;exonerate}
554109	553965	internal-	4	4	{GeneMark_model.923_t;GeneMark},{GlimmerHMM_glimmerT_850-T1;GlimmerHMM},{HiQ_model.g727.t1;HiQ},{ev_type:exonerate/ID=match.2566964.1206/Target=lcl|PJQD01000048_1_prot_POY72459_1_4357;exonerate},{ev_type:exonerate/ID=match.2566964.1228/Target=lcl|LCTV02000001_1_prot_PRQ77816_1_516;exonerate},{ev_type:exonerate/ID=match.2566964.1208/Target=lcl|KQ954481_1_prot_KWU44275_1_3391;exonerate}
554216	554110	INTRON			{GeneMark_model.923_t;GeneMark},{GlimmerHMM_glimmerT_850-T1;GlimmerHMM},{HiQ_model.g727.t1;HiQ},{ev_type:exonerate/ID=match.2566964.1206/Target=lcl|PJQD01000048_1_prot_POY72459_1_4357;exonerate},{ev_type:exonerate/ID=match.2566964.1228/Target=lcl|LCTV02000001_1_prot_PRQ77816_1_516;exonerate},{ev_type:exonerate/ID=match.2566964.1208/Target=lcl|KQ954481_1_prot_KWU44275_1_3391;exonerate}
554300	554217	initial-	4	6	{GeneMark_model.923_t;GeneMark},{GlimmerHMM_glimmerT_850-T1;GlimmerHMM},{HiQ_model.g727.t1;HiQ}

# EVM prediction: Mode:STANDARD S-ratio: 1.68 555638-558842 orient(+) score(9259.00) noncoding_equivalent(5511.33) raw_noncoding(7580.01) offset(2068.68)
555638	555776	initial+	1	1	{GlimmerHMM_glimmerT_851-T1;GlimmerHMM},{GeneMark_model.924_t;GeneMark},{Augustus_model.g728.t1;Augustus}
555777	555854	INTRON			{GlimmerHMM_glimmerT_851-T1;GlimmerHMM},{GeneMark_model.924_t;GeneMark},{Augustus_model.g728.t1;Augustus}
555855	555879	internal+	2	2	{GlimmerHMM_glimmerT_851-T1;GlimmerHMM},{GeneMark_model.924_t;GeneMark},{Augustus_model.g728.t1;Augustus}
555880	555962	INTRON			{GeneMark_model.924_t;GeneMark},{Augustus_model.g728.t1;Augustus}
555963	555977	internal+	3	2	{GeneMark_model.924_t;GeneMark},{Augustus_model.g728.t1;Augustus}
555978	556209	INTRON			{GeneMark_model.924_t;GeneMark},{Augustus_model.g728.t1;Augustus}
556210	556266	internal+	3	2	{GeneMark_model.924_t;GeneMark},{Augustus_model.g728.t1;Augustus}
556267	556328	INTRON			{GeneMark_model.924_t;GeneMark},{Augustus_model.g728.t1;Augustus}
556329	556344	internal+	3	3	{GlimmerHMM_glimmerT_851-T1;GlimmerHMM},{GeneMark_model.924_t;GeneMark},{Augustus_model.g728.t1;Augustus}
556345	556402	INTRON			{GlimmerHMM_glimmerT_851-T1;GlimmerHMM},{GeneMark_model.924_t;GeneMark},{Augustus_model.g728.t1;Augustus}
556403	556507	internal+	1	3	{GlimmerHMM_glimmerT_851-T1;GlimmerHMM},{GeneMark_model.924_t;GeneMark},{Augustus_model.g728.t1;Augustus}
556508	556571	INTRON			{GeneMark_model.924_t;GeneMark},{Augustus_model.g728.t1;Augustus}
556572	556607	internal+	1	3	{GeneMark_model.924_t;GeneMark},{Augustus_model.g728.t1;Augustus}
556608	556664	INTRON			{GeneMark_model.924_t;GeneMark},{Augustus_model.g728.t1;Augustus}
556665	556801	internal+	1	2	{GlimmerHMM_glimmerT_851-T1;GlimmerHMM},{GeneMark_model.924_t;GeneMark},{Augustus_model.g728.t1;Augustus}
556802	556869	INTRON			{GlimmerHMM_glimmerT_851-T1;GlimmerHMM},{GeneMark_model.924_t;GeneMark},{Augustus_model.g728.t1;Augustus}
556870	556902	internal+	3	2	{GlimmerHMM_glimmerT_851-T1;GlimmerHMM},{GeneMark_model.924_t;GeneMark},{Augustus_model.g728.t1;Augustus}
556903	556960	INTRON			{GlimmerHMM_glimmerT_851-T1;GlimmerHMM},{GeneMark_model.924_t;GeneMark},{Augustus_model.g728.t1;Augustus}
556961	557026	internal+	3	2	{GlimmerHMM_glimmerT_851-T1;GlimmerHMM},{GeneMark_model.924_t;GeneMark},{Augustus_model.g728.t1;Augustus}
557027	557088	INTRON			{GlimmerHMM_glimmerT_851-T1;GlimmerHMM},{GeneMark_model.924_t;GeneMark},{Augustus_model.g728.t1;Augustus}
557089	557148	internal+	3	2	{GlimmerHMM_glimmerT_851-T1;GlimmerHMM},{GeneMark_model.924_t;GeneMark},{Augustus_model.g728.t1;Augustus}
557149	557215	INTRON			{GlimmerHMM_glimmerT_851-T1;GlimmerHMM},{GeneMark_model.924_t;GeneMark},{Augustus_model.g728.t1;Augustus}
557216	557306	internal+	3	3	{GlimmerHMM_glimmerT_851-T1;GlimmerHMM},{GeneMark_model.924_t;GeneMark},{Augustus_model.g728.t1;Augustus}
557307	557372	INTRON			{GlimmerHMM_glimmerT_851-T1;GlimmerHMM},{GeneMark_model.924_t;GeneMark},{Augustus_model.g728.t1;Augustus}
557373	557439	internal+	1	1	{GlimmerHMM_glimmerT_851-T1;GlimmerHMM},{GeneMark_model.924_t;GeneMark},{Augustus_model.g728.t1;Augustus}
557440	557521	INTRON			{GlimmerHMM_glimmerT_851-T1;GlimmerHMM},{GeneMark_model.924_t;GeneMark},{Augustus_model.g728.t1;Augustus}
557522	557601	internal+	2	3	{GlimmerHMM_glimmerT_851-T1;GlimmerHMM},{GeneMark_model.924_t;GeneMark},{Augustus_model.g728.t1;Augustus}
557602	557664	INTRON			{GlimmerHMM_glimmerT_851-T1;GlimmerHMM},{GeneMark_model.924_t;GeneMark},{Augustus_model.g728.t1;Augustus}
557665	557783	internal+	1	2	{GeneMark_model.924_t;GeneMark},{Augustus_model.g728.t1;Augustus}
557784	557854	INTRON			{GeneMark_model.924_t;GeneMark},{Augustus_model.g728.t1;Augustus}
557855	558027	internal+	3	1	{GlimmerHMM_glimmerT_851-T1;GlimmerHMM},{GeneMark_model.924_t;GeneMark},{Augustus_model.g728.t1;Augustus}
558028	558084	INTRON			{GlimmerHMM_glimmerT_851-T1;GlimmerHMM},{GeneMark_model.924_t;GeneMark},{Augustus_model.g728.t1;Augustus}
558085	558124	internal+	2	2	{GlimmerHMM_glimmerT_851-T1;GlimmerHMM},{GeneMark_model.924_t;GeneMark},{Augustus_model.g728.t1;Augustus}
558125	558186	INTRON			{GlimmerHMM_glimmerT_851-T1;GlimmerHMM},{GeneMark_model.924_t;GeneMark},{Augustus_model.g728.t1;Augustus}
558187	558250	internal+	3	3	{GlimmerHMM_glimmerT_851-T1;GlimmerHMM},{GeneMark_model.924_t;GeneMark},{Augustus_model.g728.t1;Augustus}
558251	558334	INTRON			{GlimmerHMM_glimmerT_851-T1;GlimmerHMM},{GeneMark_model.924_t;GeneMark},{Augustus_model.g728.t1;Augustus}
558335	558421	internal+	1	3	{GlimmerHMM_glimmerT_851-T1;GlimmerHMM},{GeneMark_model.924_t;GeneMark},{Augustus_model.g728.t1;Augustus}
558422	558481	INTRON			{GlimmerHMM_glimmerT_851-T1;GlimmerHMM},{GeneMark_model.924_t;GeneMark},{Augustus_model.g728.t1;Augustus}
558482	558550	internal+	1	3	{GlimmerHMM_glimmerT_851-T1;GlimmerHMM},{GeneMark_model.924_t;GeneMark},{Augustus_model.g728.t1;Augustus}
558551	558627	INTRON			{GlimmerHMM_glimmerT_851-T1;GlimmerHMM},{GeneMark_model.924_t;GeneMark},{Augustus_model.g728.t1;Augustus}
558628	558753	internal+	1	3	{GlimmerHMM_glimmerT_851-T1;GlimmerHMM},{GeneMark_model.924_t;GeneMark},{Augustus_model.g728.t1;Augustus}
558754	558821	INTRON			{GlimmerHMM_glimmerT_851-T1;GlimmerHMM},{GeneMark_model.924_t;GeneMark},{Augustus_model.g728.t1;Augustus}
558822	558842	terminal+	1	3	{GlimmerHMM_glimmerT_851-T1;GlimmerHMM},{GeneMark_model.924_t;GeneMark}

# EVM prediction: Mode:STANDARD S-ratio: 3.18 559457-562463 orient(+) score(15029.00) noncoding_equivalent(4730.07) raw_noncoding(6490.00) offset(1759.93)
559457	559570	initial+	1	3	{GlimmerHMM_glimmerT_852-T1;GlimmerHMM},{GeneMark_model.925_t;GeneMark}
559571	559966	INTRON			{GlimmerHMM_glimmerT_852-T1;GlimmerHMM},{Augustus_model.g728.t1;Augustus},{GeneMark_model.925_t;GeneMark},{ev_type:exonerate/ID=match.2566964.1248/Target=lcl|PJQD01000048_1_prot_POY72480_1_4378;exonerate},{ev_type:exonerate/ID=match.2566964.1152/Target=lcl|KQ954488_1_prot_KWU43590_1_4086;exonerate}
559967	560081	internal+	1	1	{GlimmerHMM_glimmerT_852-T1;GlimmerHMM},{Augustus_model.g728.t1;Augustus},{GeneMark_model.925_t;GeneMark},{ev_type:exonerate/ID=match.2566964.1248/Target=lcl|PJQD01000048_1_prot_POY72480_1_4378;exonerate},{ev_type:exonerate/ID=match.2566964.1152/Target=lcl|KQ954488_1_prot_KWU43590_1_4086;exonerate}
560082	560158	INTRON			{GlimmerHMM_glimmerT_852-T1;GlimmerHMM},{Augustus_model.g728.t1;Augustus},{GeneMark_model.925_t;GeneMark},{ev_type:exonerate/ID=match.2566964.1248/Target=lcl|PJQD01000048_1_prot_POY72480_1_4378;exonerate},{ev_type:exonerate/ID=match.2566964.1152/Target=lcl|KQ954488_1_prot_KWU43590_1_4086;exonerate}
560159	560487	internal+	2	3	{GlimmerHMM_glimmerT_852-T1;GlimmerHMM},{Augustus_model.g728.t1;Augustus},{GeneMark_model.925_t;GeneMark},{ev_type:exonerate/ID=match.2566964.1248/Target=lcl|PJQD01000048_1_prot_POY72480_1_4378;exonerate},{ev_type:exonerate/ID=match.2566964.1152/Target=lcl|KQ954488_1_prot_KWU43590_1_4086;exonerate}
560488	560556	INTRON			{GlimmerHMM_glimmerT_852-T1;GlimmerHMM},{Augustus_model.g728.t1;Augustus},{GeneMark_model.925_t;GeneMark},{ev_type:exonerate/ID=match.2566964.1248/Target=lcl|PJQD01000048_1_prot_POY72480_1_4378;exonerate},{ev_type:exonerate/ID=match.2566964.1152/Target=lcl|KQ954488_1_prot_KWU43590_1_4086;exonerate}
560557	560636	internal+	1	2	{GlimmerHMM_glimmerT_852-T1;GlimmerHMM},{Augustus_model.g728.t1;Augustus},{GeneMark_model.925_t;GeneMark},{ev_type:exonerate/ID=match.2566964.1248/Target=lcl|PJQD01000048_1_prot_POY72480_1_4378;exonerate},{ev_type:exonerate/ID=match.2566964.1152/Target=lcl|KQ954488_1_prot_KWU43590_1_4086;exonerate}
560637	560695	INTRON			{GlimmerHMM_glimmerT_852-T1;GlimmerHMM},{Augustus_model.g728.t1;Augustus},{GeneMark_model.925_t;GeneMark},{ev_type:exonerate/ID=match.2566964.1248/Target=lcl|PJQD01000048_1_prot_POY72480_1_4378;exonerate},{ev_type:exonerate/ID=match.2566964.1152/Target=lcl|KQ954488_1_prot_KWU43590_1_4086;exonerate}
560696	560774	internal+	3	3	{GlimmerHMM_glimmerT_852-T1;GlimmerHMM},{Augustus_model.g728.t1;Augustus},{GeneMark_model.925_t;GeneMark},{ev_type:exonerate/ID=match.2566964.1248/Target=lcl|PJQD01000048_1_prot_POY72480_1_4378;exonerate},{ev_type:exonerate/ID=match.2566964.1152/Target=lcl|KQ954488_1_prot_KWU43590_1_4086;exonerate}
560775	560955	INTRON			{GlimmerHMM_glimmerT_852-T1;GlimmerHMM},{Augustus_model.g728.t1;Augustus},{GeneMark_model.925_t;GeneMark},{ev_type:exonerate/ID=match.2566964.1248/Target=lcl|PJQD01000048_1_prot_POY72480_1_4378;exonerate},{ev_type:exonerate/ID=match.2566964.1152/Target=lcl|KQ954488_1_prot_KWU43590_1_4086;exonerate}
560956	561045	internal+	1	3	{GlimmerHMM_glimmerT_852-T1;GlimmerHMM},{Augustus_model.g728.t1;Augustus},{GeneMark_model.925_t;GeneMark},{ev_type:exonerate/ID=match.2566964.1248/Target=lcl|PJQD01000048_1_prot_POY72480_1_4378;exonerate},{ev_type:exonerate/ID=match.2566964.1152/Target=lcl|KQ954488_1_prot_KWU43590_1_4086;exonerate}
561046	561124	INTRON			{GlimmerHMM_glimmerT_852-T1;GlimmerHMM},{Augustus_model.g728.t1;Augustus},{GeneMark_model.925_t;GeneMark},{ev_type:exonerate/ID=match.2566964.1248/Target=lcl|PJQD01000048_1_prot_POY72480_1_4378;exonerate},{ev_type:exonerate/ID=match.2566964.1152/Target=lcl|KQ954488_1_prot_KWU43590_1_4086;exonerate}
561125	561234	internal+	1	2	{GlimmerHMM_glimmerT_852-T1;GlimmerHMM},{Augustus_model.g728.t1;Augustus},{GeneMark_model.925_t;GeneMark},{ev_type:exonerate/ID=match.2566964.1152/Target=lcl|KQ954488_1_prot_KWU43590_1_4086;exonerate}
561235	561331	INTRON			{GlimmerHMM_glimmerT_852-T1;GlimmerHMM},{Augustus_model.g728.t1;Augustus},{GeneMark_model.925_t;GeneMark},{ev_type:exonerate/ID=match.2566964.1152/Target=lcl|KQ954488_1_prot_KWU43590_1_4086;exonerate}
561332	561815	internal+	3	3	{Augustus_model.g728.t1;Augustus},{GeneMark_model.925_t;GeneMark},{ev_type:exonerate/ID=match.2566964.1152/Target=lcl|KQ954488_1_prot_KWU43590_1_4086;exonerate}
561816	561881	INTRON			{Augustus_model.g728.t1;Augustus},{GeneMark_model.925_t;GeneMark},{ev_type:exonerate/ID=match.2566964.1152/Target=lcl|KQ954488_1_prot_KWU43590_1_4086;exonerate},{ev_type:exonerate/ID=match.2566964.1286/Target=lcl|PJQD01000048_1_prot_POY72481_1_4379;exonerate}
561882	561918	internal+	1	1	{Augustus_model.g728.t1;Augustus},{GeneMark_model.925_t;GeneMark},{ev_type:exonerate/ID=match.2566964.1152/Target=lcl|KQ954488_1_prot_KWU43590_1_4086;exonerate},{ev_type:exonerate/ID=match.2566964.1286/Target=lcl|PJQD01000048_1_prot_POY72481_1_4379;exonerate}
561919	562001	INTRON			{Augustus_model.g728.t1;Augustus},{GeneMark_model.925_t;GeneMark},{ev_type:exonerate/ID=match.2566964.1152/Target=lcl|KQ954488_1_prot_KWU43590_1_4086;exonerate},{ev_type:exonerate/ID=match.2566964.1286/Target=lcl|PJQD01000048_1_prot_POY72481_1_4379;exonerate}
562002	562028	internal+	2	1	{Augustus_model.g728.t1;Augustus},{GeneMark_model.925_t;GeneMark},{ev_type:exonerate/ID=match.2566964.1152/Target=lcl|KQ954488_1_prot_KWU43590_1_4086;exonerate},{ev_type:exonerate/ID=match.2566964.1286/Target=lcl|PJQD01000048_1_prot_POY72481_1_4379;exonerate}
562029	562105	INTRON			{Augustus_model.g728.t1;Augustus},{GeneMark_model.925_t;GeneMark},{ev_type:exonerate/ID=match.2566964.1152/Target=lcl|KQ954488_1_prot_KWU43590_1_4086;exonerate},{ev_type:exonerate/ID=match.2566964.1286/Target=lcl|PJQD01000048_1_prot_POY72481_1_4379;exonerate}
562106	562149	internal+	2	3	{GlimmerHMM_glimmerT_852-T1;GlimmerHMM},{Augustus_model.g728.t1;Augustus},{GeneMark_model.925_t;GeneMark},{ev_type:exonerate/ID=match.2566964.1152/Target=lcl|KQ954488_1_prot_KWU43590_1_4086;exonerate},{ev_type:exonerate/ID=match.2566964.1286/Target=lcl|PJQD01000048_1_prot_POY72481_1_4379;exonerate}
562150	562214	INTRON			{Augustus_model.g728.t1;Augustus},{GeneMark_model.925_t;GeneMark},{ev_type:exonerate/ID=match.2566964.1152/Target=lcl|KQ954488_1_prot_KWU43590_1_4086;exonerate},{ev_type:exonerate/ID=match.2566964.1286/Target=lcl|PJQD01000048_1_prot_POY72481_1_4379;exonerate}
562215	562235	internal+	1	3	{Augustus_model.g728.t1;Augustus},{GeneMark_model.925_t;GeneMark},{ev_type:exonerate/ID=match.2566964.1152/Target=lcl|KQ954488_1_prot_KWU43590_1_4086;exonerate},{ev_type:exonerate/ID=match.2566964.1286/Target=lcl|PJQD01000048_1_prot_POY72481_1_4379;exonerate}
562236	562324	INTRON			{Augustus_model.g728.t1;Augustus},{GeneMark_model.925_t;GeneMark},{ev_type:exonerate/ID=match.2566964.1152/Target=lcl|KQ954488_1_prot_KWU43590_1_4086;exonerate},{ev_type:exonerate/ID=match.2566964.1286/Target=lcl|PJQD01000048_1_prot_POY72481_1_4379;exonerate}
562325	562343	internal+	1	1	{Augustus_model.g728.t1;Augustus},{GeneMark_model.925_t;GeneMark},{ev_type:exonerate/ID=match.2566964.1152/Target=lcl|KQ954488_1_prot_KWU43590_1_4086;exonerate},{ev_type:exonerate/ID=match.2566964.1286/Target=lcl|PJQD01000048_1_prot_POY72481_1_4379;exonerate}
562344	562404	INTRON			{Augustus_model.g728.t1;Augustus},{GeneMark_model.925_t;GeneMark},{ev_type:exonerate/ID=match.2566964.1152/Target=lcl|KQ954488_1_prot_KWU43590_1_4086;exonerate},{ev_type:exonerate/ID=match.2566964.1286/Target=lcl|PJQD01000048_1_prot_POY72481_1_4379;exonerate}
562405	562463	terminal+	2	3	{Augustus_model.g728.t1;Augustus},{GeneMark_model.925_t;GeneMark}

# EVM prediction: Mode:STANDARD S-ratio: 3.11 563043-564834 orient(-) score(8676.00) noncoding_equivalent(2792.63) raw_noncoding(3415.00) offset(622.37)
563079	563043	terminal-	6	6	{GlimmerHMM_glimmerT_853-T1;GlimmerHMM},{GeneMark_model.926_t;GeneMark},{Augustus_model.g729.t1;Augustus}
563150	563080	INTRON			{GlimmerHMM_glimmerT_853-T1;GlimmerHMM},{GeneMark_model.926_t;GeneMark},{Augustus_model.g729.t1;Augustus},{ev_type:exonerate/ID=match.2566964.1196/Target=lcl|KQ954488_1_prot_KWU43589_1_4085;exonerate},{ev_type:exonerate/ID=match.2566964.1183/Target=lcl|PJQD01000048_1_prot_POY72482_1_4380;exonerate}
563264	563151	internal-	6	5	{GlimmerHMM_glimmerT_853-T1;GlimmerHMM},{GeneMark_model.926_t;GeneMark},{Augustus_model.g729.t1;Augustus},{ev_type:exonerate/ID=match.2566964.1196/Target=lcl|KQ954488_1_prot_KWU43589_1_4085;exonerate},{ev_type:exonerate/ID=match.2566964.1183/Target=lcl|PJQD01000048_1_prot_POY72482_1_4380;exonerate}
563334	563265	INTRON			{GlimmerHMM_glimmerT_853-T1;GlimmerHMM},{GeneMark_model.926_t;GeneMark},{Augustus_model.g729.t1;Augustus},{ev_type:exonerate/ID=match.2566964.1196/Target=lcl|KQ954488_1_prot_KWU43589_1_4085;exonerate},{ev_type:exonerate/ID=match.2566964.1183/Target=lcl|PJQD01000048_1_prot_POY72482_1_4380;exonerate}
563551	563335	internal-	5	5	{GlimmerHMM_glimmerT_853-T1;GlimmerHMM},{GeneMark_model.926_t;GeneMark},{Augustus_model.g729.t1;Augustus},{ev_type:exonerate/ID=match.2566964.1196/Target=lcl|KQ954488_1_prot_KWU43589_1_4085;exonerate},{ev_type:exonerate/ID=match.2566964.1183/Target=lcl|PJQD01000048_1_prot_POY72482_1_4380;exonerate}
563613	563552	INTRON			{GlimmerHMM_glimmerT_853-T1;GlimmerHMM},{GeneMark_model.926_t;GeneMark},{Augustus_model.g729.t1;Augustus},{ev_type:exonerate/ID=match.2566964.1196/Target=lcl|KQ954488_1_prot_KWU43589_1_4085;exonerate},{ev_type:exonerate/ID=match.2566964.1183/Target=lcl|PJQD01000048_1_prot_POY72482_1_4380;exonerate}
563992	563614	internal-	4	4	{GlimmerHMM_glimmerT_853-T1;GlimmerHMM},{GeneMark_model.926_t;GeneMark},{Augustus_model.g729.t1;Augustus},{ev_type:exonerate/ID=match.2566964.1196/Target=lcl|KQ954488_1_prot_KWU43589_1_4085;exonerate},{ev_type:exonerate/ID=match.2566964.1183/Target=lcl|PJQD01000048_1_prot_POY72482_1_4380;exonerate}
564058	563993	INTRON			{GlimmerHMM_glimmerT_853-T1;GlimmerHMM},{GeneMark_model.926_t;GeneMark},{Augustus_model.g729.t1;Augustus},{ev_type:exonerate/ID=match.2566964.1196/Target=lcl|KQ954488_1_prot_KWU43589_1_4085;exonerate},{ev_type:exonerate/ID=match.2566964.1183/Target=lcl|PJQD01000048_1_prot_POY72482_1_4380;exonerate}
564344	564059	internal-	6	6	{GlimmerHMM_glimmerT_853-T1;GlimmerHMM},{GeneMark_model.926_t;GeneMark},{Augustus_model.g729.t1;Augustus},{ev_type:exonerate/ID=match.2566964.1196/Target=lcl|KQ954488_1_prot_KWU43589_1_4085;exonerate},{ev_type:exonerate/ID=match.2566964.1183/Target=lcl|PJQD01000048_1_prot_POY72482_1_4380;exonerate}
564452	564345	INTRON			{GlimmerHMM_glimmerT_853-T1;GlimmerHMM},{GeneMark_model.926_t;GeneMark},{Augustus_model.g729.t1;Augustus},{ev_type:exonerate/ID=match.2566964.1183/Target=lcl|PJQD01000048_1_prot_POY72482_1_4380;exonerate}
564513	564453	internal-	5	5	{GlimmerHMM_glimmerT_853-T1;GlimmerHMM},{GeneMark_model.926_t;GeneMark},{Augustus_model.g729.t1;Augustus},{ev_type:exonerate/ID=match.2566964.1183/Target=lcl|PJQD01000048_1_prot_POY72482_1_4380;exonerate}
564600	564514	INTRON			{GlimmerHMM_glimmerT_853-T1;GlimmerHMM},{GeneMark_model.926_t;GeneMark},{Augustus_model.g729.t1;Augustus},{ev_type:exonerate/ID=match.2566964.1196/Target=lcl|KQ954488_1_prot_KWU43589_1_4085;exonerate},{ev_type:exonerate/ID=match.2566964.1183/Target=lcl|PJQD01000048_1_prot_POY72482_1_4380;exonerate}
564645	564601	internal-	5	4	{GlimmerHMM_glimmerT_853-T1;GlimmerHMM},{GeneMark_model.926_t;GeneMark},{Augustus_model.g729.t1;Augustus}
564827	564646	INTRON			{GlimmerHMM_glimmerT_853-T1;GlimmerHMM},{GeneMark_model.926_t;GeneMark},{Augustus_model.g729.t1;Augustus}
564834	564828	initial-	4	4	{GlimmerHMM_glimmerT_853-T1;GlimmerHMM},{GeneMark_model.926_t;GeneMark},{snap_scaffold_2-snap.243-T1;snap},{Augustus_model.g729.t1;Augustus}

# EVM prediction: Mode:STANDARD S-ratio: 5.87 565214-567728 orient(-) score(9081.00) noncoding_equivalent(1546.19) raw_noncoding(1831.00) offset(284.81)
565258	565214	terminal-	4	6	{Augustus_model.g730.t1;Augustus},{GlimmerHMM_glimmerT_854-T1;GlimmerHMM},{GeneMark_model.927_t;GeneMark}
565326	565259	INTRON			{Augustus_model.g730.t1;Augustus},{GlimmerHMM_glimmerT_854-T1;GlimmerHMM},{GeneMark_model.927_t;GeneMark}
565400	565327	internal-	5	6	{Augustus_model.g730.t1;Augustus},{GlimmerHMM_glimmerT_854-T1;GlimmerHMM},{GeneMark_model.927_t;GeneMark}
565483	565401	INTRON			{Augustus_model.g730.t1;Augustus},{GlimmerHMM_glimmerT_854-T1;GlimmerHMM},{GeneMark_model.927_t;GeneMark}
565940	565484	internal-	4	4	{Augustus_model.g730.t1;Augustus},{GlimmerHMM_glimmerT_854-T1;GlimmerHMM},{GeneMark_model.927_t;GeneMark}
566004	565941	INTRON			{Augustus_model.g730.t1;Augustus},{GlimmerHMM_glimmerT_854-T1;GlimmerHMM},{GeneMark_model.927_t;GeneMark}
567531	566005	internal-	4	6	{Augustus_model.g730.t1;Augustus},{GlimmerHMM_glimmerT_854-T1;GlimmerHMM},{GeneMark_model.927_t;GeneMark}
567608	567532	INTRON			{Augustus_model.g730.t1;Augustus},{GlimmerHMM_glimmerT_854-T1;GlimmerHMM},{GeneMark_model.927_t;GeneMark}
567728	567609	initial-	4	6	{Augustus_model.g730.t1;Augustus},{GlimmerHMM_glimmerT_854-T1;GlimmerHMM},{GeneMark_model.927_t;GeneMark}

# EVM prediction: Mode:STANDARD S-ratio: 3.00 568016-568723 orient(+) score(2124.00) noncoding_equivalent(708.00) raw_noncoding(708.00) offset(0.00)
568016	568723	single+	1	3	{GeneMark_model.928_t;GeneMark},{Augustus_model.g731.t1;Augustus},{GlimmerHMM_glimmerT_855-T1;GlimmerHMM}

# EVM prediction: Mode:STANDARD S-ratio: 34.65 569498-572410 orient(+) score(11214.00) noncoding_equivalent(323.61) raw_noncoding(477.00) offset(153.39)
569498	569721	initial+	1	2	{GlimmerHMM_glimmerT_856-T1;GlimmerHMM},{Augustus_model.g732.t1;Augustus}
569722	569778	INTRON			{Augustus_model.g732.t1;Augustus}
569779	572410	terminal+	3	3	{Augustus_model.g732.t1;Augustus}

# EVM prediction: Mode:STANDARD S-ratio: 4.53 572664-575205 orient(-) score(12546.00) noncoding_equivalent(2766.53) raw_noncoding(3798.47) offset(1031.94)
572682	572664	terminal-	6	6	{Augustus_model.g733.t1;Augustus},{GeneMark_model.930_t;GeneMark}
572753	572683	INTRON			{Augustus_model.g733.t1;Augustus},{GeneMark_model.930_t;GeneMark}
572846	572754	internal-	6	5	{Augustus_model.g733.t1;Augustus},{GeneMark_model.930_t;GeneMark}
572930	572847	INTRON			{Augustus_model.g733.t1;Augustus},{ev_type:exonerate/ID=match.2566964.1117/Target=lcl|PJQD01000048_1_prot_POY72486_1_4384;exonerate},{ev_type:exonerate/ID=match.2566964.1127/Target=lcl|KQ954488_1_prot_KWU43585_1_4081;exonerate}
573374	572931	internal-	6	5	{Augustus_model.g733.t1;Augustus},{ev_type:exonerate/ID=match.2566964.1117/Target=lcl|PJQD01000048_1_prot_POY72486_1_4384;exonerate},{ev_type:exonerate/ID=match.2566964.1127/Target=lcl|KQ954488_1_prot_KWU43585_1_4081;exonerate}
573448	573375	INTRON			{Augustus_model.g733.t1;Augustus},{GeneMark_model.930_t;GeneMark},{GlimmerHMM_glimmerT_857-T1;GlimmerHMM},{ev_type:exonerate/ID=match.2566964.1117/Target=lcl|PJQD01000048_1_prot_POY72486_1_4384;exonerate},{ev_type:exonerate/ID=match.2566964.1127/Target=lcl|KQ954488_1_prot_KWU43585_1_4081;exonerate}
573589	573449	internal-	6	5	{Augustus_model.g733.t1;Augustus},{GeneMark_model.930_t;GeneMark},{GlimmerHMM_glimmerT_857-T1;GlimmerHMM},{ev_type:exonerate/ID=match.2566964.1117/Target=lcl|PJQD01000048_1_prot_POY72486_1_4384;exonerate},{ev_type:exonerate/ID=match.2566964.1127/Target=lcl|KQ954488_1_prot_KWU43585_1_4081;exonerate}
573653	573590	INTRON			{Augustus_model.g733.t1;Augustus},{GeneMark_model.930_t;GeneMark},{GlimmerHMM_glimmerT_857-T1;GlimmerHMM},{ev_type:exonerate/ID=match.2566964.1117/Target=lcl|PJQD01000048_1_prot_POY72486_1_4384;exonerate},{ev_type:exonerate/ID=match.2566964.1127/Target=lcl|KQ954488_1_prot_KWU43585_1_4081;exonerate}
573739	573654	internal-	4	5	{Augustus_model.g733.t1;Augustus},{GeneMark_model.930_t;GeneMark},{GlimmerHMM_glimmerT_857-T1;GlimmerHMM},{ev_type:exonerate/ID=match.2566964.1117/Target=lcl|PJQD01000048_1_prot_POY72486_1_4384;exonerate},{ev_type:exonerate/ID=match.2566964.1127/Target=lcl|KQ954488_1_prot_KWU43585_1_4081;exonerate}
573807	573740	INTRON			{Augustus_model.g733.t1;Augustus},{GeneMark_model.930_t;GeneMark},{GlimmerHMM_glimmerT_857-T1;GlimmerHMM},{ev_type:exonerate/ID=match.2566964.1117/Target=lcl|PJQD01000048_1_prot_POY72486_1_4384;exonerate},{ev_type:exonerate/ID=match.2566964.1127/Target=lcl|KQ954488_1_prot_KWU43585_1_4081;exonerate}
573885	573808	internal-	4	6	{Augustus_model.g733.t1;Augustus},{GeneMark_model.930_t;GeneMark},{GlimmerHMM_glimmerT_857-T1;GlimmerHMM},{ev_type:exonerate/ID=match.2566964.1117/Target=lcl|PJQD01000048_1_prot_POY72486_1_4384;exonerate},{ev_type:exonerate/ID=match.2566964.1127/Target=lcl|KQ954488_1_prot_KWU43585_1_4081;exonerate}
573947	573886	INTRON			{Augustus_model.g733.t1;Augustus},{GeneMark_model.930_t;GeneMark},{GlimmerHMM_glimmerT_857-T1;GlimmerHMM},{ev_type:exonerate/ID=match.2566964.1117/Target=lcl|PJQD01000048_1_prot_POY72486_1_4384;exonerate},{ev_type:exonerate/ID=match.2566964.1127/Target=lcl|KQ954488_1_prot_KWU43585_1_4081;exonerate}
574180	573948	internal-	5	6	{Augustus_model.g733.t1;Augustus},{GeneMark_model.930_t;GeneMark},{GlimmerHMM_glimmerT_857-T1;GlimmerHMM},{ev_type:exonerate/ID=match.2566964.1117/Target=lcl|PJQD01000048_1_prot_POY72486_1_4384;exonerate},{ev_type:exonerate/ID=match.2566964.1127/Target=lcl|KQ954488_1_prot_KWU43585_1_4081;exonerate}
574265	574181	INTRON			{Augustus_model.g733.t1;Augustus},{GeneMark_model.930_t;GeneMark},{GlimmerHMM_glimmerT_857-T1;GlimmerHMM},{ev_type:exonerate/ID=match.2566964.1117/Target=lcl|PJQD01000048_1_prot_POY72486_1_4384;exonerate},{ev_type:exonerate/ID=match.2566964.1127/Target=lcl|KQ954488_1_prot_KWU43585_1_4081;exonerate}
574455	574266	internal-	4	4	{Augustus_model.g733.t1;Augustus},{GeneMark_model.930_t;GeneMark},{GlimmerHMM_glimmerT_857-T1;GlimmerHMM},{ev_type:exonerate/ID=match.2566964.1117/Target=lcl|PJQD01000048_1_prot_POY72486_1_4384;exonerate},{ev_type:exonerate/ID=match.2566964.1127/Target=lcl|KQ954488_1_prot_KWU43585_1_4081;exonerate}
574521	574456	INTRON			{Augustus_model.g733.t1;Augustus},{GeneMark_model.930_t;GeneMark},{GlimmerHMM_glimmerT_857-T1;GlimmerHMM},{ev_type:exonerate/ID=match.2566964.1117/Target=lcl|PJQD01000048_1_prot_POY72486_1_4384;exonerate},{ev_type:exonerate/ID=match.2566964.1127/Target=lcl|KQ954488_1_prot_KWU43585_1_4081;exonerate}
575048	574522	internal-	5	6	{Augustus_model.g733.t1;Augustus},{GeneMark_model.930_t;GeneMark},{GlimmerHMM_glimmerT_857-T1;GlimmerHMM}
575171	575049	INTRON			{Augustus_model.g733.t1;Augustus},{GeneMark_model.930_t;GeneMark},{ev_type:exonerate/ID=match.2566964.1117/Target=lcl|PJQD01000048_1_prot_POY72486_1_4384;exonerate}
575205	575172	initial-	4	4	{GeneMark_model.930_t;GeneMark}

# EVM prediction: Mode:STANDARD S-ratio: 5.27 575621-577462 orient(-) score(6653.00) noncoding_equivalent(1263.26) raw_noncoding(1539.64) offset(276.38)
575668	575621	terminal-	4	6	{Augustus_model.g734.t1;Augustus},{GeneMark_model.931_t;GeneMark}
575745	575669	INTRON			{Augustus_model.g734.t1;Augustus},{GeneMark_model.931_t;GeneMark}
575821	575746	internal-	6	6	{GlimmerHMM_glimmerT_857-T1;GlimmerHMM},{Augustus_model.g734.t1;Augustus},{GeneMark_model.931_t;GeneMark}
575896	575822	INTRON			{GlimmerHMM_glimmerT_857-T1;GlimmerHMM},{Augustus_model.g734.t1;Augustus},{GeneMark_model.931_t;GeneMark}
576099	575897	internal-	4	5	{GlimmerHMM_glimmerT_857-T1;GlimmerHMM},{Augustus_model.g734.t1;Augustus},{GeneMark_model.931_t;GeneMark}
576167	576100	INTRON			{snap_scaffold_2-snap.248-T1;snap},{GlimmerHMM_glimmerT_857-T1;GlimmerHMM},{Augustus_model.g734.t1;Augustus},{GeneMark_model.931_t;GeneMark}
576419	576168	internal-	4	6	{GlimmerHMM_glimmerT_857-T1;GlimmerHMM},{Augustus_model.g734.t1;Augustus},{GeneMark_model.931_t;GeneMark}
576490	576420	INTRON			{GlimmerHMM_glimmerT_857-T1;GlimmerHMM},{Augustus_model.g734.t1;Augustus},{GeneMark_model.931_t;GeneMark}
577462	576491	initial-	4	6	{GlimmerHMM_glimmerT_857-T1;GlimmerHMM},{Augustus_model.g734.t1;Augustus},{GeneMark_model.931_t;GeneMark}

# EVM prediction: Mode:STANDARD S-ratio: 3.77 577607-578516 orient(+) score(3123.00) noncoding_equivalent(829.00) raw_noncoding(997.00) offset(168.00)
577607	577673	initial+	1	1	{GeneMark_model.932_t;GeneMark},{Augustus_model.g735.t1;Augustus},{GlimmerHMM_glimmerT_858-T1;GlimmerHMM}
577674	577750	INTRON			{GeneMark_model.932_t;GeneMark},{Augustus_model.g735.t1;Augustus},{GlimmerHMM_glimmerT_858-T1;GlimmerHMM}
577751	577977	internal+	2	3	{GeneMark_model.932_t;GeneMark},{Augustus_model.g735.t1;Augustus},{GlimmerHMM_glimmerT_858-T1;GlimmerHMM}
577978	578060	INTRON			{GeneMark_model.932_t;GeneMark},{Augustus_model.g735.t1;Augustus},{GlimmerHMM_glimmerT_858-T1;GlimmerHMM}
578061	578516	terminal+	1	3	{GeneMark_model.932_t;GeneMark},{Augustus_model.g735.t1;Augustus},{GlimmerHMM_glimmerT_858-T1;GlimmerHMM}

# EVM prediction: Mode:STANDARD S-ratio: 3.44 578710-581051 orient(-) score(14498.00) noncoding_equivalent(4208.93) raw_noncoding(5366.00) offset(1157.07)
578784	578710	terminal-	4	6	{GeneMark_model.933_t;GeneMark},{GlimmerHMM_glimmerT_859-T1;GlimmerHMM},{HiQ_model.g736.t1;HiQ}
578856	578785	INTRON			{GeneMark_model.933_t;GeneMark},{GlimmerHMM_glimmerT_859-T1;GlimmerHMM},{HiQ_model.g736.t1;HiQ},{ev_type:exonerate/ID=match.2566964.1128/Target=lcl|KQ954488_1_prot_KWU43582_1_4078;exonerate},{ev_type:exonerate/ID=match.2566964.1131/Target=lcl|PJQD01000048_1_prot_POY72489_1_4387;exonerate}
578959	578857	internal-	6	6	{GeneMark_model.933_t;GeneMark},{GlimmerHMM_glimmerT_859-T1;GlimmerHMM},{HiQ_model.g736.t1;HiQ},{ev_type:exonerate/ID=match.2566964.1128/Target=lcl|KQ954488_1_prot_KWU43582_1_4078;exonerate},{ev_type:exonerate/ID=match.2566964.1131/Target=lcl|PJQD01000048_1_prot_POY72489_1_4387;exonerate}
579026	578960	INTRON			{GeneMark_model.933_t;GeneMark},{GlimmerHMM_glimmerT_859-T1;GlimmerHMM},{HiQ_model.g736.t1;HiQ},{ev_type:exonerate/ID=match.2566964.1128/Target=lcl|KQ954488_1_prot_KWU43582_1_4078;exonerate},{ev_type:exonerate/ID=match.2566964.1131/Target=lcl|PJQD01000048_1_prot_POY72489_1_4387;exonerate}
579126	579027	internal-	5	5	{GeneMark_model.933_t;GeneMark},{GlimmerHMM_glimmerT_859-T1;GlimmerHMM},{HiQ_model.g736.t1;HiQ},{ev_type:exonerate/ID=match.2566964.1128/Target=lcl|KQ954488_1_prot_KWU43582_1_4078;exonerate},{ev_type:exonerate/ID=match.2566964.1131/Target=lcl|PJQD01000048_1_prot_POY72489_1_4387;exonerate}
579194	579127	INTRON			{GeneMark_model.933_t;GeneMark},{GlimmerHMM_glimmerT_859-T1;GlimmerHMM},{HiQ_model.g736.t1;HiQ},{ev_type:exonerate/ID=match.2566964.1128/Target=lcl|KQ954488_1_prot_KWU43582_1_4078;exonerate},{ev_type:exonerate/ID=match.2566964.1131/Target=lcl|PJQD01000048_1_prot_POY72489_1_4387;exonerate}
579277	579195	internal-	6	4	{GeneMark_model.933_t;GeneMark},{HiQ_model.g736.t1;HiQ},{ev_type:exonerate/ID=match.2566964.1128/Target=lcl|KQ954488_1_prot_KWU43582_1_4078;exonerate},{ev_type:exonerate/ID=match.2566964.1131/Target=lcl|PJQD01000048_1_prot_POY72489_1_4387;exonerate}
579349	579278	INTRON			{GeneMark_model.933_t;GeneMark},{HiQ_model.g736.t1;HiQ},{ev_type:exonerate/ID=match.2566964.1128/Target=lcl|KQ954488_1_prot_KWU43582_1_4078;exonerate},{ev_type:exonerate/ID=match.2566964.1131/Target=lcl|PJQD01000048_1_prot_POY72489_1_4387;exonerate}
579526	579350	internal-	6	5	{GeneMark_model.933_t;GeneMark},{HiQ_model.g736.t1;HiQ},{ev_type:exonerate/ID=match.2566964.1128/Target=lcl|KQ954488_1_prot_KWU43582_1_4078;exonerate},{ev_type:exonerate/ID=match.2566964.1131/Target=lcl|PJQD01000048_1_prot_POY72489_1_4387;exonerate}
579591	579527	INTRON			{GeneMark_model.933_t;GeneMark},{GlimmerHMM_glimmerT_859-T1;GlimmerHMM},{HiQ_model.g736.t1;HiQ},{ev_type:exonerate/ID=match.2566964.1128/Target=lcl|KQ954488_1_prot_KWU43582_1_4078;exonerate},{ev_type:exonerate/ID=match.2566964.1131/Target=lcl|PJQD01000048_1_prot_POY72489_1_4387;exonerate}
579688	579592	internal-	5	5	{GeneMark_model.933_t;GeneMark},{GlimmerHMM_glimmerT_859-T1;GlimmerHMM},{HiQ_model.g736.t1;HiQ},{ev_type:exonerate/ID=match.2566964.1128/Target=lcl|KQ954488_1_prot_KWU43582_1_4078;exonerate},{ev_type:exonerate/ID=match.2566964.1131/Target=lcl|PJQD01000048_1_prot_POY72489_1_4387;exonerate}
579750	579689	INTRON			{GeneMark_model.933_t;GeneMark},{GlimmerHMM_glimmerT_859-T1;GlimmerHMM},{HiQ_model.g736.t1;HiQ},{ev_type:exonerate/ID=match.2566964.1128/Target=lcl|KQ954488_1_prot_KWU43582_1_4078;exonerate},{ev_type:exonerate/ID=match.2566964.1131/Target=lcl|PJQD01000048_1_prot_POY72489_1_4387;exonerate}
579855	579751	internal-	5	4	{GeneMark_model.933_t;GeneMark},{GlimmerHMM_glimmerT_859-T1;GlimmerHMM},{HiQ_model.g736.t1;HiQ},{ev_type:exonerate/ID=match.2566964.1128/Target=lcl|KQ954488_1_prot_KWU43582_1_4078;exonerate},{ev_type:exonerate/ID=match.2566964.1131/Target=lcl|PJQD01000048_1_prot_POY72489_1_4387;exonerate}
579923	579856	INTRON			{GeneMark_model.933_t;GeneMark},{GlimmerHMM_glimmerT_859-T1;GlimmerHMM},{HiQ_model.g736.t1;HiQ},{ev_type:exonerate/ID=match.2566964.1128/Target=lcl|KQ954488_1_prot_KWU43582_1_4078;exonerate},{ev_type:exonerate/ID=match.2566964.1131/Target=lcl|PJQD01000048_1_prot_POY72489_1_4387;exonerate}
580220	579924	internal-	5	4	{GeneMark_model.933_t;GeneMark},{GlimmerHMM_glimmerT_859-T1;GlimmerHMM},{HiQ_model.g736.t1;HiQ},{ev_type:exonerate/ID=match.2566964.1128/Target=lcl|KQ954488_1_prot_KWU43582_1_4078;exonerate},{ev_type:exonerate/ID=match.2566964.1131/Target=lcl|PJQD01000048_1_prot_POY72489_1_4387;exonerate}
580318	580221	INTRON			{GeneMark_model.933_t;GeneMark},{GlimmerHMM_glimmerT_859-T1;GlimmerHMM},{HiQ_model.g736.t1;HiQ},{ev_type:exonerate/ID=match.2566964.1128/Target=lcl|KQ954488_1_prot_KWU43582_1_4078;exonerate},{ev_type:exonerate/ID=match.2566964.1131/Target=lcl|PJQD01000048_1_prot_POY72489_1_4387;exonerate}
580560	580319	internal-	6	4	{GeneMark_model.933_t;GeneMark},{GlimmerHMM_glimmerT_859-T1;GlimmerHMM},{HiQ_model.g736.t1;HiQ},{ev_type:exonerate/ID=match.2566964.1128/Target=lcl|KQ954488_1_prot_KWU43582_1_4078;exonerate},{ev_type:exonerate/ID=match.2566964.1131/Target=lcl|PJQD01000048_1_prot_POY72489_1_4387;exonerate}
580680	580561	INTRON			{snap_scaffold_2-snap.252-T1;snap},{GeneMark_model.933_t;GeneMark},{GlimmerHMM_glimmerT_859-T1;GlimmerHMM},{HiQ_model.g736.t1;HiQ},{ev_type:exonerate/ID=match.2566964.1128/Target=lcl|KQ954488_1_prot_KWU43582_1_4078;exonerate},{ev_type:exonerate/ID=match.2566964.1131/Target=lcl|PJQD01000048_1_prot_POY72489_1_4387;exonerate}
581051	580681	initial-	4	5	{GeneMark_model.933_t;GeneMark},{GlimmerHMM_glimmerT_859-T1;GlimmerHMM},{HiQ_model.g736.t1;HiQ}

# EVM prediction: Mode:STANDARD S-ratio: 10.91 581437-584005 orient(+) score(9534.00) noncoding_equivalent(873.59) raw_noncoding(1364.43) offset(490.84)
581437	581476	initial+	1	1	{Augustus_model.g737.t1;Augustus},{GlimmerHMM_glimmerT_860-T1;GlimmerHMM},{GeneMark_model.934_t;GeneMark}
581477	581588	INTRON			{Augustus_model.g737.t1;Augustus},{GeneMark_model.934_t;GeneMark}
581589	581627	internal+	2	1	{Augustus_model.g737.t1;Augustus},{GeneMark_model.934_t;GeneMark}
581628	581722	INTRON			{Augustus_model.g737.t1;Augustus},{GeneMark_model.934_t;GeneMark}
581723	581826	internal+	2	3	{Augustus_model.g737.t1;Augustus},{GlimmerHMM_glimmerT_860-T1;GlimmerHMM},{GeneMark_model.934_t;GeneMark}
581827	581896	INTRON			{Augustus_model.g737.t1;Augustus},{GlimmerHMM_glimmerT_860-T1;GlimmerHMM},{GeneMark_model.934_t;GeneMark}
581897	584005	terminal+	1	3	{Augustus_model.g737.t1;Augustus},{GlimmerHMM_glimmerT_860-T1;GlimmerHMM},{GeneMark_model.934_t;GeneMark}

# EVM prediction: Mode:STANDARD S-ratio: 6.09 584362-586287 orient(-) score(17600.00) noncoding_equivalent(2888.78) raw_noncoding(4078.15) offset(1189.37)
584410	584362	terminal-	6	6	{GeneMark_model.935_t;GeneMark},{GlimmerHMM_glimmerT_861-T1;GlimmerHMM},{HiQ_model.g738.t1;HiQ}
584479	584411	INTRON			{GeneMark_model.935_t;GeneMark},{GlimmerHMM_glimmerT_861-T1;GlimmerHMM},{HiQ_model.g738.t1;HiQ},{ev_type:exonerate/ID=match.2566964.1190/Target=lcl|KQ954488_1_prot_KWU43581_1_4077;exonerate},{ev_type:exonerate/ID=match.2566964.1195/Target=lcl|PJQD01000048_1_prot_POY72490_1_4388;exonerate},{ev_type:exonerate/ID=match.2566964.1207/Target=lcl|BJWK01000002_1_prot_GEM07072_1_1089;exonerate},{ev_type:exonerate/ID=match.2566964.1205/Target=lcl|LCTV02000017_1_prot_PRQ69958_1_3243;exonerate}
584808	584480	internal-	4	5	{GeneMark_model.935_t;GeneMark},{GlimmerHMM_glimmerT_861-T1;GlimmerHMM},{HiQ_model.g738.t1;HiQ},{ev_type:exonerate/ID=match.2566964.1190/Target=lcl|KQ954488_1_prot_KWU43581_1_4077;exonerate},{ev_type:exonerate/ID=match.2566964.1195/Target=lcl|PJQD01000048_1_prot_POY72490_1_4388;exonerate},{ev_type:exonerate/ID=match.2566964.1207/Target=lcl|BJWK01000002_1_prot_GEM07072_1_1089;exonerate},{ev_type:exonerate/ID=match.2566964.1205/Target=lcl|LCTV02000017_1_prot_PRQ69958_1_3243;exonerate}
584889	584809	INTRON			{GeneMark_model.935_t;GeneMark},{GlimmerHMM_glimmerT_861-T1;GlimmerHMM},{HiQ_model.g738.t1;HiQ},{ev_type:exonerate/ID=match.2566964.1190/Target=lcl|KQ954488_1_prot_KWU43581_1_4077;exonerate},{ev_type:exonerate/ID=match.2566964.1195/Target=lcl|PJQD01000048_1_prot_POY72490_1_4388;exonerate},{ev_type:exonerate/ID=match.2566964.1207/Target=lcl|BJWK01000002_1_prot_GEM07072_1_1089;exonerate},{ev_type:exonerate/ID=match.2566964.1217/Target=lcl|NW_017264931_1_prot_XP_018272678_1_2509;exonerate},{ev_type:exonerate/ID=match.2566964.1205/Target=lcl|LCTV02000017_1_prot_PRQ69958_1_3243;exonerate}
585019	584890	internal-	6	6	{GeneMark_model.935_t;GeneMark},{GlimmerHMM_glimmerT_861-T1;GlimmerHMM},{HiQ_model.g738.t1;HiQ},{ev_type:exonerate/ID=match.2566964.1190/Target=lcl|KQ954488_1_prot_KWU43581_1_4077;exonerate},{ev_type:exonerate/ID=match.2566964.1195/Target=lcl|PJQD01000048_1_prot_POY72490_1_4388;exonerate},{ev_type:exonerate/ID=match.2566964.1207/Target=lcl|BJWK01000002_1_prot_GEM07072_1_1089;exonerate},{ev_type:exonerate/ID=match.2566964.1217/Target=lcl|NW_017264931_1_prot_XP_018272678_1_2509;exonerate},{ev_type:exonerate/ID=match.2566964.1205/Target=lcl|LCTV02000017_1_prot_PRQ69958_1_3243;exonerate}
585089	585020	INTRON			{GeneMark_model.935_t;GeneMark},{GlimmerHMM_glimmerT_861-T1;GlimmerHMM},{HiQ_model.g738.t1;HiQ},{ev_type:exonerate/ID=match.2566964.1190/Target=lcl|KQ954488_1_prot_KWU43581_1_4077;exonerate},{ev_type:exonerate/ID=match.2566964.1195/Target=lcl|PJQD01000048_1_prot_POY72490_1_4388;exonerate},{ev_type:exonerate/ID=match.2566964.1207/Target=lcl|BJWK01000002_1_prot_GEM07072_1_1089;exonerate},{ev_type:exonerate/ID=match.2566964.1217/Target=lcl|NW_017264931_1_prot_XP_018272678_1_2509;exonerate},{ev_type:exonerate/ID=match.2566964.1205/Target=lcl|LCTV02000017_1_prot_PRQ69958_1_3243;exonerate}
585236	585090	internal-	6	5	{GeneMark_model.935_t;GeneMark},{GlimmerHMM_glimmerT_861-T1;GlimmerHMM},{HiQ_model.g738.t1;HiQ},{ev_type:exonerate/ID=match.2566964.1190/Target=lcl|KQ954488_1_prot_KWU43581_1_4077;exonerate},{ev_type:exonerate/ID=match.2566964.1195/Target=lcl|PJQD01000048_1_prot_POY72490_1_4388;exonerate},{ev_type:exonerate/ID=match.2566964.1207/Target=lcl|BJWK01000002_1_prot_GEM07072_1_1089;exonerate},{ev_type:exonerate/ID=match.2566964.1217/Target=lcl|NW_017264931_1_prot_XP_018272678_1_2509;exonerate},{ev_type:exonerate/ID=match.2566964.1205/Target=lcl|LCTV02000017_1_prot_PRQ69958_1_3243;exonerate}
585308	585237	INTRON			{GeneMark_model.935_t;GeneMark},{GlimmerHMM_glimmerT_861-T1;GlimmerHMM},{HiQ_model.g738.t1;HiQ},{ev_type:exonerate/ID=match.2566964.1190/Target=lcl|KQ954488_1_prot_KWU43581_1_4077;exonerate},{ev_type:exonerate/ID=match.2566964.1207/Target=lcl|BJWK01000002_1_prot_GEM07072_1_1089;exonerate},{ev_type:exonerate/ID=match.2566964.1217/Target=lcl|NW_017264931_1_prot_XP_018272678_1_2509;exonerate},{ev_type:exonerate/ID=match.2566964.1205/Target=lcl|LCTV02000017_1_prot_PRQ69958_1_3243;exonerate}
585389	585309	internal-	6	5	{GeneMark_model.935_t;GeneMark},{GlimmerHMM_glimmerT_861-T1;GlimmerHMM},{HiQ_model.g738.t1;HiQ},{ev_type:exonerate/ID=match.2566964.1190/Target=lcl|KQ954488_1_prot_KWU43581_1_4077;exonerate},{ev_type:exonerate/ID=match.2566964.1207/Target=lcl|BJWK01000002_1_prot_GEM07072_1_1089;exonerate},{ev_type:exonerate/ID=match.2566964.1217/Target=lcl|NW_017264931_1_prot_XP_018272678_1_2509;exonerate},{ev_type:exonerate/ID=match.2566964.1205/Target=lcl|LCTV02000017_1_prot_PRQ69958_1_3243;exonerate}
585455	585390	INTRON			{GeneMark_model.935_t;GeneMark},{GlimmerHMM_glimmerT_861-T1;GlimmerHMM},{HiQ_model.g738.t1;HiQ},{ev_type:exonerate/ID=match.2566964.1190/Target=lcl|KQ954488_1_prot_KWU43581_1_4077;exonerate},{ev_type:exonerate/ID=match.2566964.1195/Target=lcl|PJQD01000048_1_prot_POY72490_1_4388;exonerate},{ev_type:exonerate/ID=match.2566964.1207/Target=lcl|BJWK01000002_1_prot_GEM07072_1_1089;exonerate},{ev_type:exonerate/ID=match.2566964.1217/Target=lcl|NW_017264931_1_prot_XP_018272678_1_2509;exonerate},{ev_type:exonerate/ID=match.2566964.1205/Target=lcl|LCTV02000017_1_prot_PRQ69958_1_3243;exonerate}
585681	585456	internal-	5	5	{GeneMark_model.935_t;GeneMark},{GlimmerHMM_glimmerT_861-T1;GlimmerHMM},{HiQ_model.g738.t1;HiQ},{ev_type:exonerate/ID=match.2566964.1190/Target=lcl|KQ954488_1_prot_KWU43581_1_4077;exonerate},{ev_type:exonerate/ID=match.2566964.1195/Target=lcl|PJQD01000048_1_prot_POY72490_1_4388;exonerate},{ev_type:exonerate/ID=match.2566964.1207/Target=lcl|BJWK01000002_1_prot_GEM07072_1_1089;exonerate},{ev_type:exonerate/ID=match.2566964.1217/Target=lcl|NW_017264931_1_prot_XP_018272678_1_2509;exonerate},{ev_type:exonerate/ID=match.2566964.1205/Target=lcl|LCTV02000017_1_prot_PRQ69958_1_3243;exonerate}
585768	585682	INTRON			{GeneMark_model.935_t;GeneMark},{GlimmerHMM_glimmerT_861-T1;GlimmerHMM},{HiQ_model.g738.t1;HiQ},{ev_type:exonerate/ID=match.2566964.1190/Target=lcl|KQ954488_1_prot_KWU43581_1_4077;exonerate},{ev_type:exonerate/ID=match.2566964.1195/Target=lcl|PJQD01000048_1_prot_POY72490_1_4388;exonerate},{ev_type:exonerate/ID=match.2566964.1207/Target=lcl|BJWK01000002_1_prot_GEM07072_1_1089;exonerate},{ev_type:exonerate/ID=match.2566964.1217/Target=lcl|NW_017264931_1_prot_XP_018272678_1_2509;exonerate},{ev_type:exonerate/ID=match.2566964.1205/Target=lcl|LCTV02000017_1_prot_PRQ69958_1_3243;exonerate}
585917	585769	internal-	6	4	{GeneMark_model.935_t;GeneMark},{GlimmerHMM_glimmerT_861-T1;GlimmerHMM},{HiQ_model.g738.t1;HiQ},{ev_type:exonerate/ID=match.2566964.1190/Target=lcl|KQ954488_1_prot_KWU43581_1_4077;exonerate},{ev_type:exonerate/ID=match.2566964.1195/Target=lcl|PJQD01000048_1_prot_POY72490_1_4388;exonerate},{ev_type:exonerate/ID=match.2566964.1207/Target=lcl|BJWK01000002_1_prot_GEM07072_1_1089;exonerate},{ev_type:exonerate/ID=match.2566964.1217/Target=lcl|NW_017264931_1_prot_XP_018272678_1_2509;exonerate},{ev_type:exonerate/ID=match.2566964.1205/Target=lcl|LCTV02000017_1_prot_PRQ69958_1_3243;exonerate}
585982	585918	INTRON			{GeneMark_model.935_t;GeneMark},{GlimmerHMM_glimmerT_861-T1;GlimmerHMM},{HiQ_model.g738.t1;HiQ},{ev_type:exonerate/ID=match.2566964.1190/Target=lcl|KQ954488_1_prot_KWU43581_1_4077;exonerate},{ev_type:exonerate/ID=match.2566964.1195/Target=lcl|PJQD01000048_1_prot_POY72490_1_4388;exonerate},{ev_type:exonerate/ID=match.2566964.1207/Target=lcl|BJWK01000002_1_prot_GEM07072_1_1089;exonerate},{ev_type:exonerate/ID=match.2566964.1217/Target=lcl|NW_017264931_1_prot_XP_018272678_1_2509;exonerate},{ev_type:exonerate/ID=match.2566964.1205/Target=lcl|LCTV02000017_1_prot_PRQ69958_1_3243;exonerate}
586089	585983	internal-	4	5	{GeneMark_model.935_t;GeneMark},{GlimmerHMM_glimmerT_861-T1;GlimmerHMM},{HiQ_model.g738.t1;HiQ},{ev_type:exonerate/ID=match.2566964.1195/Target=lcl|PJQD01000048_1_prot_POY72490_1_4388;exonerate},{ev_type:exonerate/ID=match.2566964.1207/Target=lcl|BJWK01000002_1_prot_GEM07072_1_1089;exonerate},{ev_type:exonerate/ID=match.2566964.1217/Target=lcl|NW_017264931_1_prot_XP_018272678_1_2509;exonerate},{ev_type:exonerate/ID=match.2566964.1205/Target=lcl|LCTV02000017_1_prot_PRQ69958_1_3243;exonerate}
586157	586090	INTRON			{GeneMark_model.935_t;GeneMark},{HiQ_model.g738.t1;HiQ},{ev_type:exonerate/ID=match.2566964.1195/Target=lcl|PJQD01000048_1_prot_POY72490_1_4388;exonerate},{ev_type:exonerate/ID=match.2566964.1207/Target=lcl|BJWK01000002_1_prot_GEM07072_1_1089;exonerate},{ev_type:exonerate/ID=match.2566964.1217/Target=lcl|NW_017264931_1_prot_XP_018272678_1_2509;exonerate},{ev_type:exonerate/ID=match.2566964.1205/Target=lcl|LCTV02000017_1_prot_PRQ69958_1_3243;exonerate}
586178	586158	internal-	4	6	{GeneMark_model.935_t;GeneMark},{HiQ_model.g738.t1;HiQ},{ev_type:exonerate/ID=match.2566964.1195/Target=lcl|PJQD01000048_1_prot_POY72490_1_4388;exonerate},{ev_type:exonerate/ID=match.2566964.1207/Target=lcl|BJWK01000002_1_prot_GEM07072_1_1089;exonerate},{ev_type:exonerate/ID=match.2566964.1217/Target=lcl|NW_017264931_1_prot_XP_018272678_1_2509;exonerate},{ev_type:exonerate/ID=match.2566964.1205/Target=lcl|LCTV02000017_1_prot_PRQ69958_1_3243;exonerate}
586257	586179	INTRON			{GeneMark_model.935_t;GeneMark},{HiQ_model.g738.t1;HiQ},{ev_type:exonerate/ID=match.2566964.1195/Target=lcl|PJQD01000048_1_prot_POY72490_1_4388;exonerate},{ev_type:exonerate/ID=match.2566964.1207/Target=lcl|BJWK01000002_1_prot_GEM07072_1_1089;exonerate},{ev_type:exonerate/ID=match.2566964.1217/Target=lcl|NW_017264931_1_prot_XP_018272678_1_2509;exonerate},{ev_type:exonerate/ID=match.2566964.1205/Target=lcl|LCTV02000017_1_prot_PRQ69958_1_3243;exonerate}
586287	586258	initial-	4	6	{GeneMark_model.935_t;GeneMark},{GlimmerHMM_glimmerT_861-T1;GlimmerHMM},{HiQ_model.g738.t1;HiQ}

# EVM prediction: Mode:STANDARD S-ratio: 1.59 586566-587883 orient(+) score(3636.00) noncoding_equivalent(2280.71) raw_noncoding(3056.00) offset(775.29)
586566	586672	initial+	1	2	{GlimmerHMM_glimmerT_862-T1;GlimmerHMM},{Augustus_model.g739.t1;Augustus},{GeneMark_model.936_t;GeneMark}
586673	586731	INTRON			{GlimmerHMM_glimmerT_862-T1;GlimmerHMM},{Augustus_model.g739.t1;Augustus},{GeneMark_model.936_t;GeneMark}
586732	586850	internal+	3	1	{GlimmerHMM_glimmerT_862-T1;GlimmerHMM},{Augustus_model.g739.t1;Augustus},{GeneMark_model.936_t;GeneMark}
586851	586918	INTRON			{GlimmerHMM_glimmerT_862-T1;GlimmerHMM},{Augustus_model.g739.t1;Augustus},{GeneMark_model.936_t;GeneMark}
586919	586989	internal+	2	3	{GlimmerHMM_glimmerT_862-T1;GlimmerHMM},{Augustus_model.g739.t1;Augustus},{GeneMark_model.936_t;GeneMark}
586990	587064	INTRON			{GlimmerHMM_glimmerT_862-T1;GlimmerHMM},{Augustus_model.g739.t1;Augustus},{GeneMark_model.936_t;GeneMark}
587065	587168	internal+	1	2	{GlimmerHMM_glimmerT_862-T1;GlimmerHMM},{Augustus_model.g739.t1;Augustus},{GeneMark_model.936_t;GeneMark}
587169	587236	INTRON			{Augustus_model.g739.t1;Augustus},{GeneMark_model.936_t;GeneMark}
587237	587313	internal+	3	1	{Augustus_model.g739.t1;Augustus},{GeneMark_model.936_t;GeneMark}
587314	587383	INTRON			{Augustus_model.g739.t1;Augustus},{GeneMark_model.936_t;GeneMark}
587384	587414	internal+	2	2	{Augustus_model.g739.t1;Augustus},{GeneMark_model.936_t;GeneMark}
587415	587486	INTRON			{Augustus_model.g739.t1;Augustus},{GeneMark_model.936_t;GeneMark}
587487	587554	internal+	3	1	{GlimmerHMM_glimmerT_862-T1;GlimmerHMM},{Augustus_model.g739.t1;Augustus},{GeneMark_model.936_t;GeneMark}
587555	587618	INTRON			{GlimmerHMM_glimmerT_862-T1;GlimmerHMM},{Augustus_model.g739.t1;Augustus},{GeneMark_model.936_t;GeneMark}
587619	587669	internal+	2	1	{GlimmerHMM_glimmerT_862-T1;GlimmerHMM},{Augustus_model.g739.t1;Augustus},{GeneMark_model.936_t;GeneMark}
587670	587737	INTRON			{GlimmerHMM_glimmerT_862-T1;GlimmerHMM},{Augustus_model.g739.t1;Augustus},{GeneMark_model.936_t;GeneMark}
587738	587883	terminal+	2	3	{GlimmerHMM_glimmerT_862-T1;GlimmerHMM},{Augustus_model.g739.t1;Augustus},{GeneMark_model.936_t;GeneMark}

# EVM prediction: Mode:STANDARD S-ratio: 3.59 588649-589492 orient(-) score(2509.00) noncoding_equivalent(698.00) raw_noncoding(874.50) offset(176.50)
589027	588649	terminal-	6	6	{Augustus_model.g740.t1;Augustus}
589112	589028	INTRON			{Augustus_model.g740.t1;Augustus}
589492	589113	initial-	4	5	{Augustus_model.g740.t1;Augustus}

# EVM prediction: Mode:STANDARD S-ratio: 5.81 590184-591434 orient(+) score(4395.00) noncoding_equivalent(755.89) raw_noncoding(1016.59) offset(260.70)
590184	590272	initial+	1	2	{GeneMark_model.938_t;GeneMark},{Augustus_model.g741.t1;Augustus}
590273	590341	INTRON			{GeneMark_model.938_t;GeneMark},{Augustus_model.g741.t1;Augustus}
590342	590390	internal+	3	3	{GeneMark_model.938_t;GeneMark},{Augustus_model.g741.t1;Augustus}
590391	590456	INTRON			{GeneMark_model.938_t;GeneMark},{Augustus_model.g741.t1;Augustus}
590457	590560	internal+	1	2	{GeneMark_model.938_t;GeneMark},{GlimmerHMM_glimmerT_864-T1;GlimmerHMM},{Augustus_model.g741.t1;Augustus}
590561	590638	INTRON			{GeneMark_model.938_t;GeneMark},{GlimmerHMM_glimmerT_864-T1;GlimmerHMM},{Augustus_model.g741.t1;Augustus}
590639	591434	terminal+	3	3	{GeneMark_model.938_t;GeneMark},{GlimmerHMM_glimmerT_864-T1;GlimmerHMM},{Augustus_model.g741.t1;Augustus}

# EVM prediction: Mode:STANDARD S-ratio: 1.99 591643-592978 orient(+) score(3351.00) noncoding_equivalent(1681.51) raw_noncoding(2567.10) offset(885.59)
591643	591994	initial+	1	1	{GeneMark_model.939_t;GeneMark},{Augustus_model.g742.t1;Augustus},{GlimmerHMM_glimmerT_865-T1;GlimmerHMM}
591995	592066	INTRON			{GeneMark_model.939_t;GeneMark},{Augustus_model.g742.t1;Augustus}
592067	592244	internal+	2	2	{GeneMark_model.939_t;GeneMark},{Augustus_model.g742.t1;Augustus}
592245	592302	INTRON			{GeneMark_model.939_t;GeneMark},{Augustus_model.g742.t1;Augustus},{GlimmerHMM_glimmerT_865-T1;GlimmerHMM}
592303	592462	internal+	3	3	{GeneMark_model.939_t;GeneMark},{Augustus_model.g742.t1;Augustus}
592463	592532	INTRON			{GeneMark_model.939_t;GeneMark},{Augustus_model.g742.t1;Augustus}
592533	592537	internal+	1	2	{Augustus_model.g742.t1;Augustus}
592538	592746	INTRON			{Augustus_model.g742.t1;Augustus}
592747	592860	internal+	3	2	{Augustus_model.g742.t1;Augustus},{GlimmerHMM_glimmerT_865-T1;GlimmerHMM}
592861	592935	INTRON			{Augustus_model.g742.t1;Augustus},{GlimmerHMM_glimmerT_865-T1;GlimmerHMM}
592936	592978	terminal+	3	3	{Augustus_model.g742.t1;Augustus},{GlimmerHMM_glimmerT_865-T1;GlimmerHMM}

# EVM prediction: Mode:STANDARD S-ratio: 2.30 595337-596864 orient(-) score(4975.00) noncoding_equivalent(2164.88) raw_noncoding(2572.00) offset(407.12)
595489	595337	terminal-	4	6	{Augustus_model.g743.t1;Augustus},{GeneMark_model.940_t;GeneMark},{GlimmerHMM_glimmerT_867-T1;GlimmerHMM}
595553	595490	INTRON			{Augustus_model.g743.t1;Augustus},{GeneMark_model.940_t;GeneMark},{GlimmerHMM_glimmerT_867-T1;GlimmerHMM}
595723	595554	internal-	5	6	{Augustus_model.g743.t1;Augustus},{GeneMark_model.940_t;GeneMark},{GlimmerHMM_glimmerT_867-T1;GlimmerHMM}
595783	595724	INTRON			{Augustus_model.g743.t1;Augustus},{GeneMark_model.940_t;GeneMark},{GlimmerHMM_glimmerT_867-T1;GlimmerHMM}
595839	595784	internal-	6	4	{Augustus_model.g743.t1;Augustus},{GeneMark_model.940_t;GeneMark},{GlimmerHMM_glimmerT_867-T1;GlimmerHMM}
595904	595840	INTRON			{Augustus_model.g743.t1;Augustus},{GeneMark_model.940_t;GeneMark},{GlimmerHMM_glimmerT_867-T1;GlimmerHMM}
596051	595905	internal-	6	5	{Augustus_model.g743.t1;Augustus},{GeneMark_model.940_t;GeneMark},{GlimmerHMM_glimmerT_867-T1;GlimmerHMM}
596122	596052	INTRON			{Augustus_model.g743.t1;Augustus},{GeneMark_model.940_t;GeneMark},{GlimmerHMM_glimmerT_867-T1;GlimmerHMM}
596184	596123	internal-	4	5	{Augustus_model.g743.t1;Augustus},{GeneMark_model.940_t;GeneMark},{GlimmerHMM_glimmerT_867-T1;GlimmerHMM}
596253	596185	INTRON			{Augustus_model.g743.t1;Augustus},{GeneMark_model.940_t;GeneMark},{GlimmerHMM_glimmerT_867-T1;GlimmerHMM}
596420	596254	internal-	5	6	{Augustus_model.g743.t1;Augustus},{GeneMark_model.940_t;GeneMark},{GlimmerHMM_glimmerT_867-T1;GlimmerHMM}
596481	596421	INTRON			{Augustus_model.g743.t1;Augustus},{GeneMark_model.940_t;GeneMark},{GlimmerHMM_glimmerT_867-T1;GlimmerHMM}
596567	596482	internal-	6	4	{Augustus_model.g743.t1;Augustus},{GeneMark_model.940_t;GeneMark},{GlimmerHMM_glimmerT_867-T1;GlimmerHMM}
596639	596568	INTRON			{Augustus_model.g743.t1;Augustus},{GeneMark_model.940_t;GeneMark},{GlimmerHMM_glimmerT_867-T1;GlimmerHMM}
596707	596640	internal-	4	5	{Augustus_model.g743.t1;Augustus},{GeneMark_model.940_t;GeneMark},{GlimmerHMM_glimmerT_867-T1;GlimmerHMM}
596777	596708	INTRON			{Augustus_model.g743.t1;Augustus},{GeneMark_model.940_t;GeneMark},{GlimmerHMM_glimmerT_867-T1;GlimmerHMM}
596864	596778	initial-	4	6	{Augustus_model.g743.t1;Augustus},{GeneMark_model.940_t;GeneMark},{GlimmerHMM_glimmerT_867-T1;GlimmerHMM}

# EVM prediction: Mode:STANDARD S-ratio: 3.27 597277-603377 orient(-) score(32228.00) noncoding_equivalent(9869.17) raw_noncoding(12131.00) offset(2261.83)
597345	597277	terminal-	4	6	{GlimmerHMM_glimmerT_868-T1;GlimmerHMM},{GeneMark_model.941_t;GeneMark},{HiQ_model.g744.t1;HiQ}
597409	597346	INTRON			{GlimmerHMM_glimmerT_868-T1;GlimmerHMM},{GeneMark_model.941_t;GeneMark},{HiQ_model.g744.t1;HiQ},{ev_type:exonerate/ID=match.2566964.1059/Target=lcl|PJQD01000048_1_prot_POY72500_1_4398;exonerate}
597573	597410	internal-	5	6	{GlimmerHMM_glimmerT_868-T1;GlimmerHMM},{GeneMark_model.941_t;GeneMark},{HiQ_model.g744.t1;HiQ},{ev_type:exonerate/ID=match.2566964.1059/Target=lcl|PJQD01000048_1_prot_POY72500_1_4398;exonerate}
597634	597574	INTRON			{GlimmerHMM_glimmerT_868-T1;GlimmerHMM},{GeneMark_model.941_t;GeneMark},{HiQ_model.g744.t1;HiQ},{ev_type:exonerate/ID=match.2566964.1059/Target=lcl|PJQD01000048_1_prot_POY72500_1_4398;exonerate}
597822	597635	internal-	6	4	{GlimmerHMM_glimmerT_868-T1;GlimmerHMM},{GeneMark_model.941_t;GeneMark},{HiQ_model.g744.t1;HiQ},{ev_type:exonerate/ID=match.2566964.1059/Target=lcl|PJQD01000048_1_prot_POY72500_1_4398;exonerate}
597890	597823	INTRON			{HiQ_model.g744.t1;HiQ},{ev_type:exonerate/ID=match.2566964.1059/Target=lcl|PJQD01000048_1_prot_POY72500_1_4398;exonerate}
598438	597891	internal-	4	5	{HiQ_model.g744.t1;HiQ},{ev_type:exonerate/ID=match.2566964.1059/Target=lcl|PJQD01000048_1_prot_POY72500_1_4398;exonerate}
598502	598439	INTRON			{snap_scaffold_2-snap.260-T1;snap},{GlimmerHMM_glimmerT_868-T1;GlimmerHMM},{GeneMark_model.941_t;GeneMark},{HiQ_model.g744.t1;HiQ},{ev_type:exonerate/ID=match.2566964.1059/Target=lcl|PJQD01000048_1_prot_POY72500_1_4398;exonerate}
599700	598503	internal-	6	6	{GlimmerHMM_glimmerT_868-T1;GlimmerHMM},{GeneMark_model.941_t;GeneMark},{HiQ_model.g744.t1;HiQ},{ev_type:exonerate/ID=match.2566964.1059/Target=lcl|PJQD01000048_1_prot_POY72500_1_4398;exonerate}
599796	599701	INTRON			{GlimmerHMM_glimmerT_868-T1;GlimmerHMM},{GeneMark_model.941_t;GeneMark},{HiQ_model.g744.t1;HiQ},{ev_type:exonerate/ID=match.2566964.1059/Target=lcl|PJQD01000048_1_prot_POY72500_1_4398;exonerate}
600303	599797	internal-	6	5	{GlimmerHMM_glimmerT_868-T1;GlimmerHMM},{GeneMark_model.941_t;GeneMark},{HiQ_model.g744.t1;HiQ},{ev_type:exonerate/ID=match.2566964.1059/Target=lcl|PJQD01000048_1_prot_POY72500_1_4398;exonerate}
600372	600304	INTRON			{GlimmerHMM_glimmerT_868-T1;GlimmerHMM},{GeneMark_model.941_t;GeneMark},{HiQ_model.g744.t1;HiQ},{ev_type:exonerate/ID=match.2566964.1059/Target=lcl|PJQD01000048_1_prot_POY72500_1_4398;exonerate}
601145	600373	internal-	4	5	{GlimmerHMM_glimmerT_868-T1;GlimmerHMM},{GeneMark_model.941_t;GeneMark},{HiQ_model.g744.t1;HiQ},{ev_type:exonerate/ID=match.2566964.1059/Target=lcl|PJQD01000048_1_prot_POY72500_1_4398;exonerate}
601212	601146	INTRON			{GlimmerHMM_glimmerT_868-T1;GlimmerHMM},{GeneMark_model.941_t;GeneMark},{HiQ_model.g744.t1;HiQ},{ev_type:exonerate/ID=match.2566964.1059/Target=lcl|PJQD01000048_1_prot_POY72500_1_4398;exonerate}
601296	601213	internal-	4	6	{GlimmerHMM_glimmerT_868-T1;GlimmerHMM},{GeneMark_model.941_t;GeneMark},{HiQ_model.g744.t1;HiQ},{ev_type:exonerate/ID=match.2566964.1059/Target=lcl|PJQD01000048_1_prot_POY72500_1_4398;exonerate}
601361	601297	INTRON			{GlimmerHMM_glimmerT_868-T1;GlimmerHMM},{GeneMark_model.941_t;GeneMark},{HiQ_model.g744.t1;HiQ},{ev_type:exonerate/ID=match.2566964.1059/Target=lcl|PJQD01000048_1_prot_POY72500_1_4398;exonerate}
602006	601362	internal-	4	6	{GlimmerHMM_glimmerT_868-T1;GlimmerHMM},{GeneMark_model.941_t;GeneMark},{HiQ_model.g744.t1;HiQ},{ev_type:exonerate/ID=match.2566964.1059/Target=lcl|PJQD01000048_1_prot_POY72500_1_4398;exonerate}
602067	602007	INTRON			{snap_scaffold_2-snap.263-T1;snap},{GlimmerHMM_glimmerT_868-T1;GlimmerHMM},{GeneMark_model.941_t;GeneMark},{HiQ_model.g744.t1;HiQ},{ev_type:exonerate/ID=match.2566964.1059/Target=lcl|PJQD01000048_1_prot_POY72500_1_4398;exonerate}
602196	602068	internal-	4	6	{GlimmerHMM_glimmerT_868-T1;GlimmerHMM},{GeneMark_model.941_t;GeneMark},{HiQ_model.g744.t1;HiQ},{ev_type:exonerate/ID=match.2566964.1059/Target=lcl|PJQD01000048_1_prot_POY72500_1_4398;exonerate}
602259	602197	INTRON			{GlimmerHMM_glimmerT_868-T1;GlimmerHMM},{GeneMark_model.941_t;GeneMark},{HiQ_model.g744.t1;HiQ},{ev_type:exonerate/ID=match.2566964.1059/Target=lcl|PJQD01000048_1_prot_POY72500_1_4398;exonerate}
602597	602260	internal-	5	6	{GlimmerHMM_glimmerT_868-T1;GlimmerHMM},{GeneMark_model.941_t;GeneMark},{HiQ_model.g744.t1;HiQ},{ev_type:exonerate/ID=match.2566964.1059/Target=lcl|PJQD01000048_1_prot_POY72500_1_4398;exonerate}
602667	602598	INTRON			{GlimmerHMM_glimmerT_868-T1;GlimmerHMM},{GeneMark_model.941_t;GeneMark},{HiQ_model.g744.t1;HiQ},{ev_type:exonerate/ID=match.2566964.1059/Target=lcl|PJQD01000048_1_prot_POY72500_1_4398;exonerate}
602797	602668	internal-	4	4	{GlimmerHMM_glimmerT_868-T1;GlimmerHMM},{GeneMark_model.941_t;GeneMark},{HiQ_model.g744.t1;HiQ}
603221	602798	INTRON			{GlimmerHMM_glimmerT_868-T1;GlimmerHMM},{GeneMark_model.941_t;GeneMark},{HiQ_model.g744.t1;HiQ}
603377	603222	initial-	4	6	{GlimmerHMM_glimmerT_868-T1;GlimmerHMM},{GeneMark_model.941_t;GeneMark},{HiQ_model.g744.t1;HiQ}

# EVM prediction: Mode:STANDARD S-ratio: 2.29 603994-605654 orient(+) score(4762.00) noncoding_equivalent(2083.73) raw_noncoding(2823.00) offset(739.27)
603994	604017	initial+	1	3	{Augustus_model.g745.t1;Augustus}
604018	604077	INTRON			{GeneMark_model.942_t;GeneMark},{Augustus_model.g745.t1;Augustus}
604078	604128	internal+	1	3	{GeneMark_model.942_t;GeneMark},{Augustus_model.g745.t1;Augustus}
604129	604195	INTRON			{GeneMark_model.942_t;GeneMark},{Augustus_model.g745.t1;Augustus}
604196	604455	internal+	1	2	{GeneMark_model.942_t;GeneMark},{Augustus_model.g745.t1;Augustus}
604456	604523	INTRON			{GlimmerHMM_glimmerT_869-T1;GlimmerHMM},{GeneMark_model.942_t;GeneMark},{Augustus_model.g745.t1;Augustus}
604524	604546	internal+	3	1	{GeneMark_model.942_t;GeneMark}
604547	604620	INTRON			{GeneMark_model.942_t;GeneMark}
604621	604827	internal+	2	1	{GeneMark_model.942_t;GeneMark}
604828	604889	INTRON			{GlimmerHMM_glimmerT_869-T1;GlimmerHMM},{GeneMark_model.942_t;GeneMark},{Augustus_model.g745.t1;Augustus}
604890	605032	internal+	2	3	{GlimmerHMM_glimmerT_869-T1;GlimmerHMM},{Augustus_model.g745.t1;Augustus}
605033	605175	INTRON			{GlimmerHMM_glimmerT_869-T1;GlimmerHMM},{Augustus_model.g745.t1;Augustus}
605176	605464	internal+	1	1	{GlimmerHMM_glimmerT_869-T1;GlimmerHMM},{GeneMark_model.942_t;GeneMark},{Augustus_model.g745.t1;Augustus}
605465	605520	INTRON			{GlimmerHMM_glimmerT_869-T1;GlimmerHMM},{GeneMark_model.942_t;GeneMark},{Augustus_model.g745.t1;Augustus}
605521	605654	terminal+	2	3	{GlimmerHMM_glimmerT_869-T1;GlimmerHMM},{GeneMark_model.942_t;GeneMark},{Augustus_model.g745.t1;Augustus}

# EVM prediction: Mode:STANDARD S-ratio: 6.97 606149-608129 orient(+) score(16038.00) noncoding_equivalent(2300.93) raw_noncoding(2831.26) offset(530.33)
606149	606163	initial+	1	3	{Augustus_model.g746.t1;Augustus},{GlimmerHMM_glimmerT_870-T1;GlimmerHMM},{GeneMark_model.943_t;GeneMark}
606164	606249	INTRON			{Augustus_model.g746.t1;Augustus},{GlimmerHMM_glimmerT_870-T1;GlimmerHMM},{GeneMark_model.943_t;GeneMark}
606250	606296	internal+	1	2	{Augustus_model.g746.t1;Augustus},{GlimmerHMM_glimmerT_870-T1;GlimmerHMM},{GeneMark_model.943_t;GeneMark}
606297	606376	INTRON			{Augustus_model.g746.t1;Augustus},{GlimmerHMM_glimmerT_870-T1;GlimmerHMM},{GeneMark_model.943_t;GeneMark},{ev_type:exonerate/ID=match.2566964.1143/Target=lcl|NW_017264931_1_prot_XP_018272662_1_2493;exonerate},{ev_type:exonerate/ID=match.2566964.1144/Target=lcl|LCTV02000017_1_prot_PRQ69951_1_3236;exonerate},{ev_type:exonerate/ID=match.2566964.1145/Target=lcl|BJWK01000002_1_prot_GEM07079_1_1096;exonerate},{ev_type:exonerate/ID=match.2566964.1140/Target=lcl|PJQD01000048_1_prot_POY72499_1_4397;exonerate},{ev_type:exonerate/ID=match.2566964.1141/Target=lcl|KQ954488_1_prot_KWU43574_1_4070;exonerate}
606377	606812	internal+	3	3	{Augustus_model.g746.t1;Augustus},{GlimmerHMM_glimmerT_870-T1;GlimmerHMM},{GeneMark_model.943_t;GeneMark},{ev_type:exonerate/ID=match.2566964.1143/Target=lcl|NW_017264931_1_prot_XP_018272662_1_2493;exonerate},{ev_type:exonerate/ID=match.2566964.1144/Target=lcl|LCTV02000017_1_prot_PRQ69951_1_3236;exonerate},{ev_type:exonerate/ID=match.2566964.1145/Target=lcl|BJWK01000002_1_prot_GEM07079_1_1096;exonerate},{ev_type:exonerate/ID=match.2566964.1140/Target=lcl|PJQD01000048_1_prot_POY72499_1_4397;exonerate},{ev_type:exonerate/ID=match.2566964.1141/Target=lcl|KQ954488_1_prot_KWU43574_1_4070;exonerate}
606813	606875	INTRON			{Augustus_model.g746.t1;Augustus},{GlimmerHMM_glimmerT_870-T1;GlimmerHMM},{GeneMark_model.943_t;GeneMark},{ev_type:exonerate/ID=match.2566964.1143/Target=lcl|NW_017264931_1_prot_XP_018272662_1_2493;exonerate},{ev_type:exonerate/ID=match.2566964.1144/Target=lcl|LCTV02000017_1_prot_PRQ69951_1_3236;exonerate},{ev_type:exonerate/ID=match.2566964.1145/Target=lcl|BJWK01000002_1_prot_GEM07079_1_1096;exonerate},{ev_type:exonerate/ID=match.2566964.1140/Target=lcl|PJQD01000048_1_prot_POY72499_1_4397;exonerate},{ev_type:exonerate/ID=match.2566964.1141/Target=lcl|KQ954488_1_prot_KWU43574_1_4070;exonerate}
606876	606964	internal+	1	2	{Augustus_model.g746.t1;Augustus},{GlimmerHMM_glimmerT_870-T1;GlimmerHMM},{GeneMark_model.943_t;GeneMark},{ev_type:exonerate/ID=match.2566964.1143/Target=lcl|NW_017264931_1_prot_XP_018272662_1_2493;exonerate},{ev_type:exonerate/ID=match.2566964.1144/Target=lcl|LCTV02000017_1_prot_PRQ69951_1_3236;exonerate},{ev_type:exonerate/ID=match.2566964.1145/Target=lcl|BJWK01000002_1_prot_GEM07079_1_1096;exonerate},{ev_type:exonerate/ID=match.2566964.1140/Target=lcl|PJQD01000048_1_prot_POY72499_1_4397;exonerate},{ev_type:exonerate/ID=match.2566964.1141/Target=lcl|KQ954488_1_prot_KWU43574_1_4070;exonerate}
606965	607029	INTRON			{Augustus_model.g746.t1;Augustus},{GlimmerHMM_glimmerT_870-T1;GlimmerHMM},{GeneMark_model.943_t;GeneMark},{ev_type:exonerate/ID=match.2566964.1143/Target=lcl|NW_017264931_1_prot_XP_018272662_1_2493;exonerate},{ev_type:exonerate/ID=match.2566964.1144/Target=lcl|LCTV02000017_1_prot_PRQ69951_1_3236;exonerate},{ev_type:exonerate/ID=match.2566964.1145/Target=lcl|BJWK01000002_1_prot_GEM07079_1_1096;exonerate},{ev_type:exonerate/ID=match.2566964.1140/Target=lcl|PJQD01000048_1_prot_POY72499_1_4397;exonerate},{ev_type:exonerate/ID=match.2566964.1141/Target=lcl|KQ954488_1_prot_KWU43574_1_4070;exonerate}
607030	607147	internal+	3	3	{Augustus_model.g746.t1;Augustus},{GlimmerHMM_glimmerT_870-T1;GlimmerHMM},{GeneMark_model.943_t;GeneMark},{ev_type:exonerate/ID=match.2566964.1143/Target=lcl|NW_017264931_1_prot_XP_018272662_1_2493;exonerate},{ev_type:exonerate/ID=match.2566964.1144/Target=lcl|LCTV02000017_1_prot_PRQ69951_1_3236;exonerate},{ev_type:exonerate/ID=match.2566964.1145/Target=lcl|BJWK01000002_1_prot_GEM07079_1_1096;exonerate},{ev_type:exonerate/ID=match.2566964.1140/Target=lcl|PJQD01000048_1_prot_POY72499_1_4397;exonerate},{ev_type:exonerate/ID=match.2566964.1141/Target=lcl|KQ954488_1_prot_KWU43574_1_4070;exonerate}
607148	607214	INTRON			{Augustus_model.g746.t1;Augustus},{GlimmerHMM_glimmerT_870-T1;GlimmerHMM},{GeneMark_model.943_t;GeneMark},{ev_type:exonerate/ID=match.2566964.1143/Target=lcl|NW_017264931_1_prot_XP_018272662_1_2493;exonerate},{ev_type:exonerate/ID=match.2566964.1144/Target=lcl|LCTV02000017_1_prot_PRQ69951_1_3236;exonerate},{ev_type:exonerate/ID=match.2566964.1145/Target=lcl|BJWK01000002_1_prot_GEM07079_1_1096;exonerate},{ev_type:exonerate/ID=match.2566964.1140/Target=lcl|PJQD01000048_1_prot_POY72499_1_4397;exonerate}
607215	607354	internal+	1	2	{Augustus_model.g746.t1;Augustus},{GlimmerHMM_glimmerT_870-T1;GlimmerHMM},{GeneMark_model.943_t;GeneMark},{ev_type:exonerate/ID=match.2566964.1143/Target=lcl|NW_017264931_1_prot_XP_018272662_1_2493;exonerate},{ev_type:exonerate/ID=match.2566964.1144/Target=lcl|LCTV02000017_1_prot_PRQ69951_1_3236;exonerate},{ev_type:exonerate/ID=match.2566964.1145/Target=lcl|BJWK01000002_1_prot_GEM07079_1_1096;exonerate},{ev_type:exonerate/ID=match.2566964.1140/Target=lcl|PJQD01000048_1_prot_POY72499_1_4397;exonerate}
607355	607415	INTRON			{Augustus_model.g746.t1;Augustus},{GlimmerHMM_glimmerT_870-T1;GlimmerHMM},{GeneMark_model.943_t;GeneMark},{ev_type:exonerate/ID=match.2566964.1143/Target=lcl|NW_017264931_1_prot_XP_018272662_1_2493;exonerate},{ev_type:exonerate/ID=match.2566964.1144/Target=lcl|LCTV02000017_1_prot_PRQ69951_1_3236;exonerate},{ev_type:exonerate/ID=match.2566964.1145/Target=lcl|BJWK01000002_1_prot_GEM07079_1_1096;exonerate},{ev_type:exonerate/ID=match.2566964.1140/Target=lcl|PJQD01000048_1_prot_POY72499_1_4397;exonerate},{ev_type:exonerate/ID=match.2566964.1141/Target=lcl|KQ954488_1_prot_KWU43574_1_4070;exonerate}
607416	607644	internal+	3	3	{Augustus_model.g746.t1;Augustus},{GlimmerHMM_glimmerT_870-T1;GlimmerHMM},{GeneMark_model.943_t;GeneMark},{ev_type:exonerate/ID=match.2566964.1143/Target=lcl|NW_017264931_1_prot_XP_018272662_1_2493;exonerate},{ev_type:exonerate/ID=match.2566964.1144/Target=lcl|LCTV02000017_1_prot_PRQ69951_1_3236;exonerate},{ev_type:exonerate/ID=match.2566964.1145/Target=lcl|BJWK01000002_1_prot_GEM07079_1_1096;exonerate},{ev_type:exonerate/ID=match.2566964.1140/Target=lcl|PJQD01000048_1_prot_POY72499_1_4397;exonerate},{ev_type:exonerate/ID=match.2566964.1141/Target=lcl|KQ954488_1_prot_KWU43574_1_4070;exonerate}
607645	607716	INTRON			{Augustus_model.g746.t1;Augustus},{GlimmerHMM_glimmerT_870-T1;GlimmerHMM},{GeneMark_model.943_t;GeneMark},{ev_type:exonerate/ID=match.2566964.1143/Target=lcl|NW_017264931_1_prot_XP_018272662_1_2493;exonerate},{ev_type:exonerate/ID=match.2566964.1144/Target=lcl|LCTV02000017_1_prot_PRQ69951_1_3236;exonerate},{ev_type:exonerate/ID=match.2566964.1145/Target=lcl|BJWK01000002_1_prot_GEM07079_1_1096;exonerate},{ev_type:exonerate/ID=match.2566964.1140/Target=lcl|PJQD01000048_1_prot_POY72499_1_4397;exonerate},{ev_type:exonerate/ID=match.2566964.1141/Target=lcl|KQ954488_1_prot_KWU43574_1_4070;exonerate}
607717	607797	internal+	1	3	{Augustus_model.g746.t1;Augustus},{GlimmerHMM_glimmerT_870-T1;GlimmerHMM},{GeneMark_model.943_t;GeneMark},{ev_type:exonerate/ID=match.2566964.1143/Target=lcl|NW_017264931_1_prot_XP_018272662_1_2493;exonerate},{ev_type:exonerate/ID=match.2566964.1144/Target=lcl|LCTV02000017_1_prot_PRQ69951_1_3236;exonerate},{ev_type:exonerate/ID=match.2566964.1145/Target=lcl|BJWK01000002_1_prot_GEM07079_1_1096;exonerate},{ev_type:exonerate/ID=match.2566964.1140/Target=lcl|PJQD01000048_1_prot_POY72499_1_4397;exonerate},{ev_type:exonerate/ID=match.2566964.1141/Target=lcl|KQ954488_1_prot_KWU43574_1_4070;exonerate}
607798	607874	INTRON			{Augustus_model.g746.t1;Augustus},{GlimmerHMM_glimmerT_870-T1;GlimmerHMM},{GeneMark_model.943_t;GeneMark},{ev_type:exonerate/ID=match.2566964.1143/Target=lcl|NW_017264931_1_prot_XP_018272662_1_2493;exonerate},{ev_type:exonerate/ID=match.2566964.1144/Target=lcl|LCTV02000017_1_prot_PRQ69951_1_3236;exonerate},{ev_type:exonerate/ID=match.2566964.1145/Target=lcl|BJWK01000002_1_prot_GEM07079_1_1096;exonerate},{ev_type:exonerate/ID=match.2566964.1140/Target=lcl|PJQD01000048_1_prot_POY72499_1_4397;exonerate},{ev_type:exonerate/ID=match.2566964.1141/Target=lcl|KQ954488_1_prot_KWU43574_1_4070;exonerate}
607875	608129	terminal+	1	3	{Augustus_model.g746.t1;Augustus},{GlimmerHMM_glimmerT_870-T1;GlimmerHMM},{snap_scaffold_2-snap.266-T1;snap},{GeneMark_model.943_t;GeneMark}

# EVM prediction: Mode:STANDARD S-ratio: 13.36 608454-611428 orient(-) score(11071.00) noncoding_equivalent(828.83) raw_noncoding(983.00) offset(154.17)
611248	608454	terminal-	5	6	{GeneMark_model.944_t;GeneMark},{GlimmerHMM_glimmerT_871-T1;GlimmerHMM}
611328	611249	INTRON			{GeneMark_model.944_t;GeneMark},{GlimmerHMM_glimmerT_871-T1;GlimmerHMM}
611428	611329	initial-	4	4	{GeneMark_model.944_t;GeneMark}

# EVM prediction: Mode:STANDARD S-ratio: 7.85 613004-615559 orient(+) score(17003.00) noncoding_equivalent(2165.90) raw_noncoding(3393.00) offset(1227.10)
613004	613111	initial+	1	3	{Augustus_model.g748.t1;Augustus},{GlimmerHMM_glimmerT_872-T1;GlimmerHMM},{GeneMark_model.945_t;GeneMark}
613112	613309	INTRON			{Augustus_model.g748.t1;Augustus},{ev_type:exonerate/ID=match.2566964.245/Target=lcl|NW_017264931_1_prot_XP_018272524_1_2355;exonerate}
613310	613321	internal+	1	3	{Augustus_model.g748.t1;Augustus},{ev_type:exonerate/ID=match.2566964.245/Target=lcl|NW_017264931_1_prot_XP_018272524_1_2355;exonerate}
613322	613387	INTRON			{Augustus_model.g748.t1;Augustus},{ev_type:exonerate/ID=match.2566964.245/Target=lcl|NW_017264931_1_prot_XP_018272524_1_2355;exonerate}
613388	613425	internal+	1	2	{Augustus_model.g748.t1;Augustus},{GeneMark_model.945_t;GeneMark},{ev_type:exonerate/ID=match.2566964.245/Target=lcl|NW_017264931_1_prot_XP_018272524_1_2355;exonerate},{ev_type:exonerate/ID=match.2566964.238/Target=lcl|BJWK01000002_1_prot_GEM06925_1_942;exonerate}
613426	613527	INTRON			{Augustus_model.g748.t1;Augustus},{GeneMark_model.945_t;GeneMark},{ev_type:exonerate/ID=match.2566964.242/Target=lcl|PJQD01000048_1_prot_POY72497_1_4395;exonerate},{ev_type:exonerate/ID=match.2566964.240/Target=lcl|KQ954505_1_prot_KWU42534_1_5064;exonerate},{ev_type:exonerate/ID=match.2566964.245/Target=lcl|NW_017264931_1_prot_XP_018272524_1_2355;exonerate},{ev_type:exonerate/ID=match.2566964.238/Target=lcl|BJWK01000002_1_prot_GEM06925_1_942;exonerate}
613528	613926	internal+	3	2	{Augustus_model.g748.t1;Augustus},{GeneMark_model.945_t;GeneMark},{ev_type:exonerate/ID=match.2566964.242/Target=lcl|PJQD01000048_1_prot_POY72497_1_4395;exonerate},{ev_type:exonerate/ID=match.2566964.240/Target=lcl|KQ954505_1_prot_KWU42534_1_5064;exonerate},{ev_type:exonerate/ID=match.2566964.245/Target=lcl|NW_017264931_1_prot_XP_018272524_1_2355;exonerate},{ev_type:exonerate/ID=match.2566964.238/Target=lcl|BJWK01000002_1_prot_GEM06925_1_942;exonerate}
613927	613995	INTRON			{Augustus_model.g748.t1;Augustus},{GeneMark_model.945_t;GeneMark},{ev_type:exonerate/ID=match.2566964.242/Target=lcl|PJQD01000048_1_prot_POY72497_1_4395;exonerate},{ev_type:exonerate/ID=match.2566964.240/Target=lcl|KQ954505_1_prot_KWU42534_1_5064;exonerate},{ev_type:exonerate/ID=match.2566964.245/Target=lcl|NW_017264931_1_prot_XP_018272524_1_2355;exonerate},{ev_type:exonerate/ID=match.2566964.238/Target=lcl|BJWK01000002_1_prot_GEM06925_1_942;exonerate}
613996	614553	internal+	3	2	{Augustus_model.g748.t1;Augustus},{GeneMark_model.945_t;GeneMark},{ev_type:exonerate/ID=match.2566964.242/Target=lcl|PJQD01000048_1_prot_POY72497_1_4395;exonerate},{ev_type:exonerate/ID=match.2566964.240/Target=lcl|KQ954505_1_prot_KWU42534_1_5064;exonerate},{ev_type:exonerate/ID=match.2566964.245/Target=lcl|NW_017264931_1_prot_XP_018272524_1_2355;exonerate},{ev_type:exonerate/ID=match.2566964.238/Target=lcl|BJWK01000002_1_prot_GEM06925_1_942;exonerate}
614554	614614	INTRON			{Augustus_model.g748.t1;Augustus},{GlimmerHMM_glimmerT_873-T1;GlimmerHMM},{GeneMark_model.945_t;GeneMark},{ev_type:exonerate/ID=match.2566964.242/Target=lcl|PJQD01000048_1_prot_POY72497_1_4395;exonerate},{ev_type:exonerate/ID=match.2566964.240/Target=lcl|KQ954505_1_prot_KWU42534_1_5064;exonerate},{ev_type:exonerate/ID=match.2566964.245/Target=lcl|NW_017264931_1_prot_XP_018272524_1_2355;exonerate},{ev_type:exonerate/ID=match.2566964.238/Target=lcl|BJWK01000002_1_prot_GEM06925_1_942;exonerate}
614615	615153	internal+	3	1	{Augustus_model.g748.t1;Augustus},{GlimmerHMM_glimmerT_873-T1;GlimmerHMM},{GeneMark_model.945_t;GeneMark},{ev_type:exonerate/ID=match.2566964.242/Target=lcl|PJQD01000048_1_prot_POY72497_1_4395;exonerate},{ev_type:exonerate/ID=match.2566964.240/Target=lcl|KQ954505_1_prot_KWU42534_1_5064;exonerate},{ev_type:exonerate/ID=match.2566964.245/Target=lcl|NW_017264931_1_prot_XP_018272524_1_2355;exonerate},{ev_type:exonerate/ID=match.2566964.238/Target=lcl|BJWK01000002_1_prot_GEM06925_1_942;exonerate}
615154	615218	INTRON			{Augustus_model.g748.t1;Augustus},{GlimmerHMM_glimmerT_873-T1;GlimmerHMM},{GeneMark_model.945_t;GeneMark},{ev_type:exonerate/ID=match.2566964.242/Target=lcl|PJQD01000048_1_prot_POY72497_1_4395;exonerate},{ev_type:exonerate/ID=match.2566964.240/Target=lcl|KQ954505_1_prot_KWU42534_1_5064;exonerate},{ev_type:exonerate/ID=match.2566964.245/Target=lcl|NW_017264931_1_prot_XP_018272524_1_2355;exonerate},{ev_type:exonerate/ID=match.2566964.238/Target=lcl|BJWK01000002_1_prot_GEM06925_1_942;exonerate}
615219	615559	terminal+	2	3	{Augustus_model.g748.t1;Augustus},{GlimmerHMM_glimmerT_873-T1;GlimmerHMM},{GeneMark_model.945_t;GeneMark}

# EVM prediction: Mode:STANDARD S-ratio: 2.43 615799-618643 orient(-) score(8236.00) noncoding_equivalent(3383.35) raw_noncoding(4342.00) offset(958.65)
615865	615799	terminal-	6	6	{Augustus_model.g749.t1;Augustus},{GeneMark_model.946_t;GeneMark}
615934	615866	INTRON			{Augustus_model.g749.t1;Augustus},{GeneMark_model.946_t;GeneMark}
616743	615935	internal-	4	5	{GeneMark_model.946_t;GeneMark}
616804	616744	INTRON			{GlimmerHMM_glimmerT_874-T1;GlimmerHMM},{Augustus_model.g749.t1;Augustus},{GeneMark_model.946_t;GeneMark}
616893	616805	internal-	5	6	{GlimmerHMM_glimmerT_874-T1;GlimmerHMM},{Augustus_model.g749.t1;Augustus},{GeneMark_model.946_t;GeneMark}
616961	616894	INTRON			{GlimmerHMM_glimmerT_874-T1;GlimmerHMM},{Augustus_model.g749.t1;Augustus},{GeneMark_model.946_t;GeneMark}
617469	616962	internal-	4	4	{GlimmerHMM_glimmerT_874-T1;GlimmerHMM},{Augustus_model.g749.t1;Augustus},{GeneMark_model.946_t;GeneMark}
617573	617470	INTRON			{GlimmerHMM_glimmerT_874-T1;GlimmerHMM},{Augustus_model.g749.t1;Augustus}
618031	617574	internal-	5	6	{Augustus_model.g749.t1;Augustus}
618090	618032	INTRON			{Augustus_model.g749.t1;Augustus},{GeneMark_model.946_t;GeneMark}
618146	618091	internal-	6	4	{Augustus_model.g749.t1;Augustus},{GeneMark_model.946_t;GeneMark}
618214	618147	INTRON			{Augustus_model.g749.t1;Augustus},{GeneMark_model.946_t;GeneMark}
618252	618215	internal-	4	5	{Augustus_model.g749.t1;Augustus},{GeneMark_model.946_t;GeneMark}
618316	618253	INTRON			{Augustus_model.g749.t1;Augustus},{GeneMark_model.946_t;GeneMark}
618431	618317	internal-	6	6	{Augustus_model.g749.t1;Augustus},{GeneMark_model.946_t;GeneMark}
618490	618432	INTRON			{Augustus_model.g749.t1;Augustus},{GeneMark_model.946_t;GeneMark}
618500	618491	internal-	5	5	{Augustus_model.g749.t1;Augustus},{GeneMark_model.946_t;GeneMark}
618582	618501	INTRON			{Augustus_model.g749.t1;Augustus},{GeneMark_model.946_t;GeneMark}
618643	618583	initial-	4	4	{GlimmerHMM_glimmerT_874-T1;GlimmerHMM},{Augustus_model.g749.t1;Augustus},{GeneMark_model.946_t;GeneMark}

# EVM prediction: Mode:STANDARD S-ratio: 2.20 618810-619870 orient(+) score(2991.00) noncoding_equivalent(1361.13) raw_noncoding(1770.12) offset(409.00)
618810	619110	initial+	1	1	{GeneMark_model.947_t;GeneMark},{GlimmerHMM_glimmerT_875-T1;GlimmerHMM},{Augustus_model.g750.t1;Augustus}
619111	619167	INTRON			{GeneMark_model.947_t;GeneMark},{GlimmerHMM_glimmerT_875-T1;GlimmerHMM},{Augustus_model.g750.t1;Augustus}
619168	619475	internal+	2	3	{GeneMark_model.947_t;GeneMark},{GlimmerHMM_glimmerT_875-T1;GlimmerHMM},{Augustus_model.g750.t1;Augustus}
619476	619561	INTRON			{GeneMark_model.947_t;GeneMark},{GlimmerHMM_glimmerT_875-T1;GlimmerHMM},{Augustus_model.g750.t1;Augustus}
619562	619774	internal+	1	3	{GeneMark_model.947_t;GeneMark},{GlimmerHMM_glimmerT_875-T1;GlimmerHMM},{Augustus_model.g750.t1;Augustus}
619775	619861	INTRON			{GeneMark_model.947_t;GeneMark}
619862	619870	terminal+	1	3	{GeneMark_model.947_t;GeneMark}

# EVM prediction: Mode:STANDARD S-ratio: 2.66 620346-621622 orient(+) score(4256.00) noncoding_equivalent(1598.90) raw_noncoding(2002.10) offset(403.20)
620346	620386	initial+	1	2	{GeneMark_model.948_t;GeneMark}
620387	620526	INTRON			{GeneMark_model.948_t;GeneMark},{Augustus_model.g750.t1;Augustus}
620527	620899	internal+	3	3	{GlimmerHMM_glimmerT_875-T1;GlimmerHMM},{GeneMark_model.948_t;GeneMark},{Augustus_model.g750.t1;Augustus}
620900	620973	INTRON			{GlimmerHMM_glimmerT_875-T1;GlimmerHMM},{GeneMark_model.948_t;GeneMark},{Augustus_model.g750.t1;Augustus}
620974	621063	internal+	1	3	{GlimmerHMM_glimmerT_875-T1;GlimmerHMM},{GeneMark_model.948_t;GeneMark},{Augustus_model.g750.t1;Augustus}
621064	621133	INTRON			{GlimmerHMM_glimmerT_875-T1;GlimmerHMM},{GeneMark_model.948_t;GeneMark},{Augustus_model.g750.t1;Augustus}
621134	621187	internal+	1	3	{GlimmerHMM_glimmerT_875-T1;GlimmerHMM},{GeneMark_model.948_t;GeneMark},{Augustus_model.g750.t1;Augustus}
621188	621289	INTRON			{GlimmerHMM_glimmerT_875-T1;GlimmerHMM},{GeneMark_model.948_t;GeneMark},{Augustus_model.g750.t1;Augustus}
621290	621355	internal+	1	3	{GlimmerHMM_glimmerT_875-T1;GlimmerHMM},{GeneMark_model.948_t;GeneMark},{Augustus_model.g750.t1;Augustus}
621356	621427	INTRON			{GlimmerHMM_glimmerT_875-T1;GlimmerHMM},{GeneMark_model.948_t;GeneMark},{Augustus_model.g750.t1;Augustus}
621428	621526	internal+	1	3	{GlimmerHMM_glimmerT_875-T1;GlimmerHMM},{GeneMark_model.948_t;GeneMark},{Augustus_model.g750.t1;Augustus}
621527	621598	INTRON			{GlimmerHMM_glimmerT_875-T1;GlimmerHMM},{GeneMark_model.948_t;GeneMark},{Augustus_model.g750.t1;Augustus}
621599	621622	terminal+	1	3	{GlimmerHMM_glimmerT_875-T1;GlimmerHMM},{GeneMark_model.948_t;GeneMark},{Augustus_model.g750.t1;Augustus}

# EVM prediction: Mode:STANDARD S-ratio: 3.35 621873-623887 orient(-) score(6672.00) noncoding_equivalent(1993.57) raw_noncoding(2366.00) offset(372.43)
622427	621873	terminal-	4	6	{Augustus_model.g751.t1;Augustus},{GlimmerHMM_glimmerT_876-T1;GlimmerHMM},{GeneMark_model.949_t;GeneMark}
622486	622428	INTRON			{Augustus_model.g751.t1;Augustus},{GlimmerHMM_glimmerT_876-T1;GlimmerHMM},{GeneMark_model.949_t;GeneMark}
622631	622487	internal-	6	6	{Augustus_model.g751.t1;Augustus},{GlimmerHMM_glimmerT_876-T1;GlimmerHMM},{GeneMark_model.949_t;GeneMark}
622698	622632	INTRON			{Augustus_model.g751.t1;Augustus},{GlimmerHMM_glimmerT_876-T1;GlimmerHMM},{GeneMark_model.949_t;GeneMark}
622749	622699	internal-	6	5	{Augustus_model.g751.t1;Augustus},{GeneMark_model.949_t;GeneMark}
622813	622750	INTRON			{Augustus_model.g751.t1;Augustus},{GeneMark_model.949_t;GeneMark}
622837	622814	internal-	6	5	{Augustus_model.g751.t1;Augustus},{GeneMark_model.949_t;GeneMark}
622896	622838	INTRON			{Augustus_model.g751.t1;Augustus},{GlimmerHMM_glimmerT_876-T1;GlimmerHMM},{GeneMark_model.949_t;GeneMark}
623549	622897	internal-	4	5	{Augustus_model.g751.t1;Augustus},{GlimmerHMM_glimmerT_876-T1;GlimmerHMM},{GeneMark_model.949_t;GeneMark}
623614	623550	INTRON			{Augustus_model.g751.t1;Augustus},{GlimmerHMM_glimmerT_876-T1;GlimmerHMM},{GeneMark_model.949_t;GeneMark}
623727	623615	internal-	5	6	{Augustus_model.g751.t1;Augustus},{GlimmerHMM_glimmerT_876-T1;GlimmerHMM},{GeneMark_model.949_t;GeneMark}
623793	623728	INTRON			{Augustus_model.g751.t1;Augustus},{GlimmerHMM_glimmerT_876-T1;GlimmerHMM},{GeneMark_model.949_t;GeneMark}
623887	623794	initial-	4	4	{Augustus_model.g751.t1;Augustus},{GlimmerHMM_glimmerT_876-T1;GlimmerHMM},{GeneMark_model.949_t;GeneMark}

# EVM prediction: Mode:STANDARD S-ratio: 2.76 625146-627446 orient(+) score(7532.00) noncoding_equivalent(2731.37) raw_noncoding(3306.00) offset(574.63)
625146	625546	initial+	1	2	{GeneMark_model.950_t;GeneMark},{GlimmerHMM_glimmerT_877-T1;GlimmerHMM},{Augustus_model.g752.t1;Augustus}
625547	625626	INTRON			{GeneMark_model.950_t;GeneMark},{GlimmerHMM_glimmerT_877-T1;GlimmerHMM},{Augustus_model.g752.t1;Augustus}
625627	625691	internal+	3	1	{GeneMark_model.950_t;GeneMark},{GlimmerHMM_glimmerT_877-T1;GlimmerHMM},{Augustus_model.g752.t1;Augustus}
625692	625753	INTRON			{GeneMark_model.950_t;GeneMark},{GlimmerHMM_glimmerT_877-T1;GlimmerHMM},{Augustus_model.g752.t1;Augustus}
625754	625873	internal+	2	1	{GeneMark_model.950_t;GeneMark},{GlimmerHMM_glimmerT_877-T1;GlimmerHMM},{Augustus_model.g752.t1;Augustus}
625874	625937	INTRON			{GeneMark_model.950_t;GeneMark},{GlimmerHMM_glimmerT_877-T1;GlimmerHMM},{Augustus_model.g752.t1;Augustus}
625938	626174	internal+	2	1	{GeneMark_model.950_t;GeneMark},{GlimmerHMM_glimmerT_877-T1;GlimmerHMM},{Augustus_model.g752.t1;Augustus}
626175	626253	INTRON			{GeneMark_model.950_t;GeneMark},{GlimmerHMM_glimmerT_877-T1;GlimmerHMM},{Augustus_model.g752.t1;Augustus}
626254	626616	internal+	2	1	{GeneMark_model.950_t;GeneMark},{GlimmerHMM_glimmerT_877-T1;GlimmerHMM},{Augustus_model.g752.t1;Augustus}
626617	626678	INTRON			{GeneMark_model.950_t;GeneMark},{GlimmerHMM_glimmerT_877-T1;GlimmerHMM},{Augustus_model.g752.t1;Augustus}
626679	626779	internal+	2	3	{GeneMark_model.950_t;GeneMark},{GlimmerHMM_glimmerT_877-T1;GlimmerHMM},{Augustus_model.g752.t1;Augustus}
626780	626841	INTRON			{GeneMark_model.950_t;GeneMark},{GlimmerHMM_glimmerT_877-T1;GlimmerHMM},{Augustus_model.g752.t1;Augustus}
626842	627042	internal+	1	3	{GeneMark_model.950_t;GeneMark},{GlimmerHMM_glimmerT_877-T1;GlimmerHMM},{Augustus_model.g752.t1;Augustus}
627043	627110	INTRON			{GeneMark_model.950_t;GeneMark},{GlimmerHMM_glimmerT_877-T1;GlimmerHMM},{Augustus_model.g752.t1;Augustus}
627111	627154	internal+	1	2	{GeneMark_model.950_t;GeneMark},{GlimmerHMM_glimmerT_877-T1;GlimmerHMM},{Augustus_model.g752.t1;Augustus}
627155	627223	INTRON			{GeneMark_model.950_t;GeneMark},{GlimmerHMM_glimmerT_877-T1;GlimmerHMM},{Augustus_model.g752.t1;Augustus}
627224	627446	terminal+	3	3	{GeneMark_model.950_t;GeneMark},{snap_scaffold_2-snap.275-T1;snap},{GlimmerHMM_glimmerT_877-T1;GlimmerHMM},{Augustus_model.g752.t1;Augustus}

# EVM prediction: Mode:STANDARD S-ratio: 3.56 627976-629194 orient(-) score(5998.00) noncoding_equivalent(1686.15) raw_noncoding(2113.00) offset(426.85)
628050	627976	terminal-	4	6	{GeneMark_model.951_t;GeneMark},{GlimmerHMM_glimmerT_878-T1;GlimmerHMM},{Augustus_model.g753.t1;Augustus}
628111	628051	INTRON			{GeneMark_model.951_t;GeneMark},{GlimmerHMM_glimmerT_878-T1;GlimmerHMM},{Augustus_model.g753.t1;Augustus},{ev_type:exonerate/ID=match.2566964.1250/Target=lcl|PJQD01000048_1_prot_POY72693_1_4591;exonerate},{ev_type:exonerate/ID=match.2566964.1252/Target=lcl|KQ954488_1_prot_KWU43539_1_4035;exonerate}
628220	628112	internal-	6	6	{GeneMark_model.951_t;GeneMark},{GlimmerHMM_glimmerT_878-T1;GlimmerHMM},{Augustus_model.g753.t1;Augustus},{ev_type:exonerate/ID=match.2566964.1250/Target=lcl|PJQD01000048_1_prot_POY72693_1_4591;exonerate},{ev_type:exonerate/ID=match.2566964.1252/Target=lcl|KQ954488_1_prot_KWU43539_1_4035;exonerate}
628287	628221	INTRON			{GeneMark_model.951_t;GeneMark},{GlimmerHMM_glimmerT_878-T1;GlimmerHMM},{Augustus_model.g753.t1;Augustus},{ev_type:exonerate/ID=match.2566964.1250/Target=lcl|PJQD01000048_1_prot_POY72693_1_4591;exonerate},{ev_type:exonerate/ID=match.2566964.1252/Target=lcl|KQ954488_1_prot_KWU43539_1_4035;exonerate}
628385	628288	internal-	4	5	{GeneMark_model.951_t;GeneMark},{GlimmerHMM_glimmerT_878-T1;GlimmerHMM},{Augustus_model.g753.t1;Augustus},{ev_type:exonerate/ID=match.2566964.1250/Target=lcl|PJQD01000048_1_prot_POY72693_1_4591;exonerate},{ev_type:exonerate/ID=match.2566964.1252/Target=lcl|KQ954488_1_prot_KWU43539_1_4035;exonerate}
628450	628386	INTRON			{GeneMark_model.951_t;GeneMark},{GlimmerHMM_glimmerT_878-T1;GlimmerHMM},{Augustus_model.g753.t1;Augustus},{ev_type:exonerate/ID=match.2566964.1250/Target=lcl|PJQD01000048_1_prot_POY72693_1_4591;exonerate},{ev_type:exonerate/ID=match.2566964.1252/Target=lcl|KQ954488_1_prot_KWU43539_1_4035;exonerate}
628633	628451	internal-	4	6	{GeneMark_model.951_t;GeneMark},{GlimmerHMM_glimmerT_878-T1;GlimmerHMM},{Augustus_model.g753.t1;Augustus},{ev_type:exonerate/ID=match.2566964.1250/Target=lcl|PJQD01000048_1_prot_POY72693_1_4591;exonerate},{ev_type:exonerate/ID=match.2566964.1252/Target=lcl|KQ954488_1_prot_KWU43539_1_4035;exonerate}
628704	628634	INTRON			{GeneMark_model.951_t;GeneMark},{Augustus_model.g753.t1;Augustus}
628713	628705	internal-	4	6	{GeneMark_model.951_t;GeneMark},{Augustus_model.g753.t1;Augustus}
628778	628714	INTRON			{GeneMark_model.951_t;GeneMark},{Augustus_model.g753.t1;Augustus}
629052	628779	internal-	6	6	{GeneMark_model.951_t;GeneMark},{GlimmerHMM_glimmerT_878-T1;GlimmerHMM},{Augustus_model.g753.t1;Augustus}
629132	629053	INTRON			{GeneMark_model.951_t;GeneMark},{snap_scaffold_2-snap.276-T1;snap},{GlimmerHMM_glimmerT_878-T1;GlimmerHMM},{Augustus_model.g753.t1;Augustus},{ev_type:exonerate/ID=match.2566964.1250/Target=lcl|PJQD01000048_1_prot_POY72693_1_4591;exonerate},{ev_type:exonerate/ID=match.2566964.1252/Target=lcl|KQ954488_1_prot_KWU43539_1_4035;exonerate}
629194	629133	initial-	4	5	{GeneMark_model.951_t;GeneMark},{Augustus_model.g753.t1;Augustus}

# EVM prediction: Mode:STANDARD S-ratio: 1.79 629900-631958 orient(-) score(5383.00) noncoding_equivalent(3006.94) raw_noncoding(3482.38) offset(475.44)
630010	629900	terminal-	4	6	{GlimmerHMM_glimmerT_879-T1;GlimmerHMM},{GeneMark_model.952_t;GeneMark},{Augustus_model.g754.t1;Augustus}
630073	630011	INTRON			{GlimmerHMM_glimmerT_879-T1;GlimmerHMM},{GeneMark_model.952_t;GeneMark},{Augustus_model.g754.t1;Augustus}
630247	630074	internal-	4	6	{GlimmerHMM_glimmerT_879-T1;GlimmerHMM},{GeneMark_model.952_t;GeneMark},{Augustus_model.g754.t1;Augustus}
630310	630248	INTRON			{GlimmerHMM_glimmerT_879-T1;GlimmerHMM},{GeneMark_model.952_t;GeneMark},{Augustus_model.g754.t1;Augustus}
630427	630311	internal-	4	6	{GlimmerHMM_glimmerT_879-T1;GlimmerHMM},{GeneMark_model.952_t;GeneMark},{Augustus_model.g754.t1;Augustus}
630506	630428	INTRON			{GlimmerHMM_glimmerT_879-T1;GlimmerHMM},{GeneMark_model.952_t;GeneMark},{Augustus_model.g754.t1;Augustus}
630980	630507	internal-	4	6	{GeneMark_model.952_t;GeneMark}
631042	630981	INTRON			{GeneMark_model.952_t;GeneMark}
631867	631043	internal-	4	6	{GeneMark_model.952_t;GeneMark}
631928	631868	INTRON			{GeneMark_model.952_t;GeneMark}
631958	631929	initial-	4	6	{GlimmerHMM_glimmerT_879-T1;GlimmerHMM},{GeneMark_model.952_t;GeneMark}

# EVM prediction: Mode:STANDARD S-ratio: 5.47 635977-639028 orient(+) score(10203.00) noncoding_equivalent(1864.10) raw_noncoding(2080.00) offset(215.90)
635977	636294	initial+	1	3	{GeneMark_model.955_t;GeneMark}
636295	636363	INTRON			{GeneMark_model.955_t;GeneMark}
636364	636438	internal+	1	3	{GeneMark_model.955_t;GeneMark}
636439	636502	INTRON			{Augustus_model.g755.t1;Augustus},{GeneMark_model.955_t;GeneMark}
636503	636931	internal+	1	3	{Augustus_model.g755.t1;Augustus},{GeneMark_model.955_t;GeneMark}
636932	637006	INTRON			{Augustus_model.g755.t1;Augustus},{GeneMark_model.955_t;GeneMark}
637007	639028	terminal+	1	3	{GeneMark_model.955_t;GeneMark}

# EVM prediction: Mode:STANDARD S-ratio: 2.09 639189-640154 orient(-) score(2720.00) noncoding_equivalent(1300.00) raw_noncoding(1485.00) offset(185.00)
639308	639189	terminal-	4	6	{GeneMark_model.956_t;GeneMark},{Augustus_model.g756.t1;Augustus}
639366	639309	INTRON			{GeneMark_model.956_t;GeneMark},{Augustus_model.g756.t1;Augustus}
639453	639367	internal-	4	6	{GeneMark_model.956_t;GeneMark},{Augustus_model.g756.t1;Augustus}
639533	639454	INTRON			{GeneMark_model.956_t;GeneMark},{GlimmerHMM_glimmerT_881-T1;GlimmerHMM},{Augustus_model.g756.t1;Augustus}
640154	639534	initial-	4	6	{GeneMark_model.956_t;GeneMark},{GlimmerHMM_glimmerT_881-T1;GlimmerHMM},{Augustus_model.g756.t1;Augustus}

# EVM prediction: Mode:STANDARD S-ratio: 3.33 640388-641955 orient(-) score(8320.00) noncoding_equivalent(2498.61) raw_noncoding(3023.00) offset(524.39)
640537	640388	terminal-	4	6	{HiQ_model.g757.t1;HiQ},{GeneMark_model.957_t;GeneMark},{GlimmerHMM_glimmerT_882-T1;GlimmerHMM}
640611	640538	INTRON			{HiQ_model.g757.t1;HiQ},{GeneMark_model.957_t;GeneMark},{GlimmerHMM_glimmerT_882-T1;GlimmerHMM},{ev_type:exonerate/ID=match.2566964.1204/Target=lcl|KQ954488_1_prot_KWU43545_1_4041;exonerate}
640695	640612	internal-	4	6	{HiQ_model.g757.t1;HiQ},{GeneMark_model.957_t;GeneMark},{GlimmerHMM_glimmerT_882-T1;GlimmerHMM},{ev_type:exonerate/ID=match.2566964.1204/Target=lcl|KQ954488_1_prot_KWU43545_1_4041;exonerate}
640765	640696	INTRON			{HiQ_model.g757.t1;HiQ},{GeneMark_model.957_t;GeneMark},{GlimmerHMM_glimmerT_882-T1;GlimmerHMM},{ev_type:exonerate/ID=match.2566964.1204/Target=lcl|KQ954488_1_prot_KWU43545_1_4041;exonerate}
641179	640766	internal-	4	6	{HiQ_model.g757.t1;HiQ},{GeneMark_model.957_t;GeneMark},{GlimmerHMM_glimmerT_882-T1;GlimmerHMM},{ev_type:exonerate/ID=match.2566964.1204/Target=lcl|KQ954488_1_prot_KWU43545_1_4041;exonerate}
641240	641180	INTRON			{HiQ_model.g757.t1;HiQ},{GeneMark_model.957_t;GeneMark},{GlimmerHMM_glimmerT_882-T1;GlimmerHMM},{ev_type:exonerate/ID=match.2566964.1204/Target=lcl|KQ954488_1_prot_KWU43545_1_4041;exonerate}
641501	641241	internal-	4	6	{HiQ_model.g757.t1;HiQ},{GeneMark_model.957_t;GeneMark},{GlimmerHMM_glimmerT_882-T1;GlimmerHMM},{ev_type:exonerate/ID=match.2566964.1204/Target=lcl|KQ954488_1_prot_KWU43545_1_4041;exonerate}
641564	641502	INTRON			{HiQ_model.g757.t1;HiQ},{GeneMark_model.957_t;GeneMark},{GlimmerHMM_glimmerT_882-T1;GlimmerHMM},{ev_type:exonerate/ID=match.2566964.1204/Target=lcl|KQ954488_1_prot_KWU43545_1_4041;exonerate}
641636	641565	internal-	4	6	{HiQ_model.g757.t1;HiQ},{GeneMark_model.957_t;GeneMark},{GlimmerHMM_glimmerT_882-T1;GlimmerHMM},{ev_type:exonerate/ID=match.2566964.1204/Target=lcl|KQ954488_1_prot_KWU43545_1_4041;exonerate}
641700	641637	INTRON			{HiQ_model.g757.t1;HiQ},{GeneMark_model.957_t;GeneMark},{GlimmerHMM_glimmerT_882-T1;GlimmerHMM},{ev_type:exonerate/ID=match.2566964.1204/Target=lcl|KQ954488_1_prot_KWU43545_1_4041;exonerate}
641955	641701	initial-	4	6	{HiQ_model.g757.t1;HiQ},{GeneMark_model.957_t;GeneMark}

# EVM prediction: Mode:STANDARD S-ratio: 5.58 642426-643887 orient(-) score(5275.00) noncoding_equivalent(945.29) raw_noncoding(1180.61) offset(235.32)
642442	642426	terminal-	5	6	{GeneMark_model.958_t;GeneMark},{Augustus_model.g758.t1;Augustus}
642534	642443	INTRON			{GeneMark_model.958_t;GeneMark},{Augustus_model.g758.t1;Augustus}
642619	642535	internal-	4	4	{GeneMark_model.958_t;GeneMark},{Augustus_model.g758.t1;Augustus},{GlimmerHMM_glimmerT_882-T1;GlimmerHMM}
642685	642620	INTRON			{GeneMark_model.958_t;GeneMark},{Augustus_model.g758.t1;Augustus},{GlimmerHMM_glimmerT_882-T1;GlimmerHMM}
643169	642686	internal-	6	6	{GeneMark_model.958_t;GeneMark},{Augustus_model.g758.t1;Augustus},{GlimmerHMM_glimmerT_882-T1;GlimmerHMM}
643236	643170	INTRON			{GeneMark_model.958_t;GeneMark},{Augustus_model.g758.t1;Augustus},{GlimmerHMM_glimmerT_882-T1;GlimmerHMM}
643319	643237	internal-	4	5	{GeneMark_model.958_t;GeneMark},{Augustus_model.g758.t1;Augustus},{GlimmerHMM_glimmerT_882-T1;GlimmerHMM}
643380	643320	INTRON			{GeneMark_model.958_t;GeneMark},{Augustus_model.g758.t1;Augustus},{GlimmerHMM_glimmerT_882-T1;GlimmerHMM}
643887	643381	initial-	4	6	{GeneMark_model.958_t;GeneMark},{Augustus_model.g758.t1;Augustus},{GlimmerHMM_glimmerT_882-T1;GlimmerHMM}

# EVM prediction: Mode:STANDARD S-ratio: 4.44 644613-647656 orient(+) score(10348.00) noncoding_equivalent(2329.54) raw_noncoding(2892.76) offset(563.22)
644613	644642	initial+	1	3	{GlimmerHMM_glimmerT_883-T1;GlimmerHMM},{Augustus_model.g759.t1;Augustus},{GeneMark_model.959_t;GeneMark}
644643	645144	INTRON			{GlimmerHMM_glimmerT_883-T1;GlimmerHMM},{Augustus_model.g759.t1;Augustus}
645145	645893	internal+	1	2	{GlimmerHMM_glimmerT_883-T1;GlimmerHMM},{Augustus_model.g759.t1;Augustus}
645894	645959	INTRON			{GlimmerHMM_glimmerT_883-T1;GlimmerHMM},{Augustus_model.g759.t1;Augustus},{GeneMark_model.959_t;GeneMark}
645960	646213	internal+	3	1	{GlimmerHMM_glimmerT_883-T1;GlimmerHMM},{Augustus_model.g759.t1;Augustus},{GeneMark_model.959_t;GeneMark}
646214	646276	INTRON			{GlimmerHMM_glimmerT_883-T1;GlimmerHMM},{Augustus_model.g759.t1;Augustus},{GeneMark_model.959_t;GeneMark}
646277	646563	internal+	2	3	{GlimmerHMM_glimmerT_883-T1;GlimmerHMM},{Augustus_model.g759.t1;Augustus},{GeneMark_model.959_t;GeneMark}
646564	646630	INTRON			{GlimmerHMM_glimmerT_883-T1;GlimmerHMM},{Augustus_model.g759.t1;Augustus},{GeneMark_model.959_t;GeneMark}
646631	647576	internal+	1	1	{GlimmerHMM_glimmerT_883-T1;GlimmerHMM},{Augustus_model.g759.t1;Augustus},{GeneMark_model.959_t;GeneMark}
647577	647642	INTRON			{GlimmerHMM_glimmerT_883-T1;GlimmerHMM},{Augustus_model.g759.t1;Augustus},{GeneMark_model.959_t;GeneMark}
647643	647656	terminal+	2	3	{GlimmerHMM_glimmerT_883-T1;GlimmerHMM},{Augustus_model.g759.t1;Augustus},{GeneMark_model.959_t;GeneMark}

# EVM prediction: Mode:STANDARD S-ratio: 119.57 647955-649085 orient(-) score(4485.00) noncoding_equivalent(37.51) raw_noncoding(37.51) offset(0.00)
649085	647955	single-	4	6	{Augustus_model.g760.t1;Augustus},{GeneMark_model.960_t;GeneMark},{GlimmerHMM_glimmerT_884-T1;GlimmerHMM}

# EVM prediction: Mode:STANDARD S-ratio: 4.53 649415-652236 orient(-) score(9749.00) noncoding_equivalent(2150.26) raw_noncoding(2438.00) offset(287.74)
650250	649415	terminal-	5	6	{Augustus_model.g761.t1;Augustus},{GeneMark_model.961_t;GeneMark},{GlimmerHMM_glimmerT_885-T1;GlimmerHMM}
650323	650251	INTRON			{Augustus_model.g761.t1;Augustus},{GeneMark_model.961_t;GeneMark},{GlimmerHMM_glimmerT_885-T1;GlimmerHMM}
650532	650324	internal-	6	4	{Augustus_model.g761.t1;Augustus},{GeneMark_model.961_t;GeneMark},{GlimmerHMM_glimmerT_885-T1;GlimmerHMM}
650597	650533	INTRON			{Augustus_model.g761.t1;Augustus},{GeneMark_model.961_t;GeneMark},{GlimmerHMM_glimmerT_885-T1;GlimmerHMM},{ev_type:exonerate/ID=match.2566964.1349/Target=lcl|KQ954515_1_prot_KWU42133_1_5507;exonerate}
651991	650598	internal-	4	5	{Augustus_model.g761.t1;Augustus},{GeneMark_model.961_t;GeneMark}
652068	651992	INTRON			{Augustus_model.g761.t1;Augustus},{GeneMark_model.961_t;GeneMark}
652236	652069	initial-	4	6	{Augustus_model.g761.t1;Augustus},{GeneMark_model.961_t;GeneMark},{GlimmerHMM_glimmerT_885-T1;GlimmerHMM}

# EVM prediction: Mode:STANDARD S-ratio: 1.96 654123-655087 orient(-) score(2895.00) noncoding_equivalent(1479.00) raw_noncoding(1754.00) offset(275.00)
654633	654123	terminal-	6	6	{Augustus_model.g762.t1;Augustus},{GeneMark_model.962_t;GeneMark},{GlimmerHMM_glimmerT_886-T1;GlimmerHMM}
654756	654634	INTRON			{Augustus_model.g762.t1;Augustus},{GeneMark_model.962_t;GeneMark},{GlimmerHMM_glimmerT_886-T1;GlimmerHMM}
654827	654757	internal-	4	5	{Augustus_model.g762.t1;Augustus},{GeneMark_model.962_t;GeneMark},{GlimmerHMM_glimmerT_886-T1;GlimmerHMM}
654899	654828	INTRON			{Augustus_model.g762.t1;Augustus},{GeneMark_model.962_t;GeneMark},{GlimmerHMM_glimmerT_886-T1;GlimmerHMM}
654961	654900	internal-	5	6	{Augustus_model.g762.t1;Augustus},{GeneMark_model.962_t;GeneMark},{GlimmerHMM_glimmerT_886-T1;GlimmerHMM}
655029	654962	INTRON			{Augustus_model.g762.t1;Augustus},{GeneMark_model.962_t;GeneMark},{GlimmerHMM_glimmerT_886-T1;GlimmerHMM}
655087	655030	initial-	4	4	{Augustus_model.g762.t1;Augustus},{GeneMark_model.962_t;GeneMark},{GlimmerHMM_glimmerT_886-T1;GlimmerHMM}

# EVM prediction: Mode:STANDARD S-ratio: 2.37 655617-657540 orient(+) score(5491.00) noncoding_equivalent(2313.87) raw_noncoding(2974.00) offset(660.13)
655617	655658	initial+	1	3	{GlimmerHMM_glimmerT_887-T1;GlimmerHMM}
655659	655722	INTRON			{GlimmerHMM_glimmerT_887-T1;GlimmerHMM},{GeneMark_model.963_t;GeneMark},{Augustus_model.g763.t1;Augustus}
655723	656009	internal+	1	2	{GlimmerHMM_glimmerT_887-T1;GlimmerHMM},{GeneMark_model.963_t;GeneMark},{Augustus_model.g763.t1;Augustus}
656010	656070	INTRON			{GlimmerHMM_glimmerT_887-T1;GlimmerHMM},{GeneMark_model.963_t;GeneMark},{Augustus_model.g763.t1;Augustus}
656071	656413	internal+	3	3	{GlimmerHMM_glimmerT_887-T1;GlimmerHMM},{GeneMark_model.963_t;GeneMark},{Augustus_model.g763.t1;Augustus}
656414	656474	INTRON			{GeneMark_model.963_t;GeneMark},{Augustus_model.g763.t1;Augustus}
656475	656546	internal+	1	3	{GeneMark_model.963_t;GeneMark},{Augustus_model.g763.t1;Augustus}
656547	656610	INTRON			{GeneMark_model.963_t;GeneMark},{Augustus_model.g763.t1;Augustus}
656611	656688	internal+	1	3	{Augustus_model.g763.t1;Augustus}
656689	656755	INTRON			{Augustus_model.g763.t1;Augustus}
656756	656828	internal+	1	1	{GeneMark_model.963_t;GeneMark},{Augustus_model.g763.t1;Augustus}
656829	656896	INTRON			{GeneMark_model.963_t;GeneMark},{Augustus_model.g763.t1;Augustus}
656897	657540	terminal+	2	3	{GeneMark_model.963_t;GeneMark},{Augustus_model.g763.t1;Augustus}

# EVM prediction: Mode:STANDARD S-ratio: 3.96 657633-664203 orient(-) score(22176.00) noncoding_equivalent(5600.00) raw_noncoding(6181.00) offset(581.00)
657885	657633	terminal-	6	6	{GeneMark_model.964_t;GeneMark},{Augustus_model.g764.t1;Augustus},{GlimmerHMM_glimmerT_888-T1;GlimmerHMM},{snap_scaffold_2-snap.287-T1;snap}
657947	657886	INTRON			{GeneMark_model.964_t;GeneMark},{Augustus_model.g764.t1;Augustus},{GlimmerHMM_glimmerT_888-T1;GlimmerHMM},{snap_scaffold_2-snap.287-T1;snap}
658397	657948	internal-	6	5	{GeneMark_model.964_t;GeneMark},{Augustus_model.g764.t1;Augustus},{GlimmerHMM_glimmerT_888-T1;GlimmerHMM}
658458	658398	INTRON			{GeneMark_model.964_t;GeneMark},{Augustus_model.g764.t1;Augustus},{GlimmerHMM_glimmerT_888-T1;GlimmerHMM}
659419	658459	internal-	5	5	{GeneMark_model.964_t;GeneMark},{Augustus_model.g764.t1;Augustus},{GlimmerHMM_glimmerT_888-T1;GlimmerHMM}
659479	659420	INTRON			{GeneMark_model.964_t;GeneMark},{Augustus_model.g764.t1;Augustus},{GlimmerHMM_glimmerT_888-T1;GlimmerHMM}
659693	659480	internal-	4	4	{GeneMark_model.964_t;GeneMark},{Augustus_model.g764.t1;Augustus},{GlimmerHMM_glimmerT_888-T1;GlimmerHMM}
659753	659694	INTRON			{GeneMark_model.964_t;GeneMark},{Augustus_model.g764.t1;Augustus},{GlimmerHMM_glimmerT_888-T1;GlimmerHMM}
659902	659754	internal-	5	6	{GeneMark_model.964_t;GeneMark},{Augustus_model.g764.t1;Augustus},{GlimmerHMM_glimmerT_888-T1;GlimmerHMM}
659961	659903	INTRON			{GeneMark_model.964_t;GeneMark},{Augustus_model.g764.t1;Augustus},{GlimmerHMM_glimmerT_888-T1;GlimmerHMM}
660285	659962	internal-	5	4	{GeneMark_model.964_t;GeneMark}
660345	660286	INTRON			{GeneMark_model.964_t;GeneMark},{Augustus_model.g764.t1;Augustus}
660763	660346	internal-	4	4	{GeneMark_model.964_t;GeneMark},{Augustus_model.g764.t1;Augustus}
660827	660764	INTRON			{GeneMark_model.964_t;GeneMark},{Augustus_model.g764.t1;Augustus},{GlimmerHMM_glimmerT_888-T1;GlimmerHMM}
661899	660828	internal-	6	6	{GeneMark_model.964_t;GeneMark},{Augustus_model.g764.t1;Augustus},{GlimmerHMM_glimmerT_888-T1;GlimmerHMM}
661957	661900	INTRON			{GeneMark_model.964_t;GeneMark},{Augustus_model.g764.t1;Augustus},{GlimmerHMM_glimmerT_888-T1;GlimmerHMM},{snap_scaffold_2-snap.289-T1;snap}
662012	661958	internal-	5	5	{GeneMark_model.964_t;GeneMark},{Augustus_model.g764.t1;Augustus},{GlimmerHMM_glimmerT_888-T1;GlimmerHMM}
662069	662013	INTRON			{GeneMark_model.964_t;GeneMark},{Augustus_model.g764.t1;Augustus},{GlimmerHMM_glimmerT_888-T1;GlimmerHMM}
662580	662070	internal-	4	4	{GeneMark_model.964_t;GeneMark},{Augustus_model.g764.t1;Augustus},{GlimmerHMM_glimmerT_888-T1;GlimmerHMM}
662635	662581	INTRON			{GeneMark_model.964_t;GeneMark},{Augustus_model.g764.t1;Augustus},{GlimmerHMM_glimmerT_888-T1;GlimmerHMM}
663829	662636	internal-	4	6	{GeneMark_model.964_t;GeneMark},{Augustus_model.g764.t1;Augustus},{GlimmerHMM_glimmerT_888-T1;GlimmerHMM}
663887	663830	INTRON			{GeneMark_model.964_t;GeneMark},{Augustus_model.g764.t1;Augustus},{GlimmerHMM_glimmerT_888-T1;GlimmerHMM}
664128	663888	internal-	6	6	{GeneMark_model.964_t;GeneMark},{Augustus_model.g764.t1;Augustus},{GlimmerHMM_glimmerT_888-T1;GlimmerHMM}
664189	664129	INTRON			{GeneMark_model.964_t;GeneMark},{Augustus_model.g764.t1;Augustus},{GlimmerHMM_glimmerT_888-T1;GlimmerHMM}
664203	664190	initial-	4	5	{GeneMark_model.964_t;GeneMark},{Augustus_model.g764.t1;Augustus},{GlimmerHMM_glimmerT_888-T1;GlimmerHMM}

# EVM prediction: Mode:STANDARD S-ratio: 2.27 664695-666320 orient(-) score(4778.00) noncoding_equivalent(2106.77) raw_noncoding(2856.00) offset(749.23)
665045	664695	terminal-	4	6	{Augustus_model.g765.t1;Augustus},{GeneMark_model.965_t;GeneMark},{GlimmerHMM_glimmerT_889-T1;GlimmerHMM}
665110	665046	INTRON			{Augustus_model.g765.t1;Augustus},{GeneMark_model.965_t;GeneMark},{GlimmerHMM_glimmerT_889-T1;GlimmerHMM}
665162	665111	internal-	6	6	{Augustus_model.g765.t1;Augustus},{GeneMark_model.965_t;GeneMark},{GlimmerHMM_glimmerT_889-T1;GlimmerHMM}
665225	665163	INTRON			{Augustus_model.g765.t1;Augustus},{GeneMark_model.965_t;GeneMark},{GlimmerHMM_glimmerT_889-T1;GlimmerHMM}
665319	665226	internal-	5	5	{Augustus_model.g765.t1;Augustus},{GeneMark_model.965_t;GeneMark},{GlimmerHMM_glimmerT_889-T1;GlimmerHMM}
665390	665320	INTRON			{Augustus_model.g765.t1;Augustus},{GeneMark_model.965_t;GeneMark},{GlimmerHMM_glimmerT_889-T1;GlimmerHMM}
665576	665391	internal-	5	4	{Augustus_model.g765.t1;Augustus},{GeneMark_model.965_t;GeneMark}
665639	665577	INTRON			{Augustus_model.g765.t1;Augustus},{GeneMark_model.965_t;GeneMark}
665752	665640	internal-	6	4	{Augustus_model.g765.t1;Augustus},{GeneMark_model.965_t;GeneMark}
665815	665753	INTRON			{Augustus_model.g765.t1;Augustus},{GeneMark_model.965_t;GeneMark}
665909	665816	internal-	5	5	{Augustus_model.g765.t1;Augustus},{GeneMark_model.965_t;GeneMark}
665972	665910	INTRON			{Augustus_model.g765.t1;Augustus},{GeneMark_model.965_t;GeneMark}
666061	665973	internal-	6	4	{Augustus_model.g765.t1;Augustus},{GeneMark_model.965_t;GeneMark}
666124	666062	INTRON			{Augustus_model.g765.t1;Augustus},{GeneMark_model.965_t;GeneMark}
666171	666125	internal-	4	5	{Augustus_model.g765.t1;Augustus},{GeneMark_model.965_t;GeneMark}
666233	666172	INTRON			{Augustus_model.g765.t1;Augustus},{GeneMark_model.965_t;GeneMark}
666320	666234	initial-	4	6	{Augustus_model.g765.t1;Augustus},{GeneMark_model.965_t;GeneMark},{GlimmerHMM_glimmerT_889-T1;GlimmerHMM}

# EVM prediction: Mode:STANDARD S-ratio: 3.44 667225-668525 orient(+) score(3942.00) noncoding_equivalent(1145.24) raw_noncoding(1468.37) offset(323.13)
667225	667393	initial+	1	1	{GeneMark_model.966_t;GeneMark}
667394	667449	INTRON			{GeneMark_model.966_t;GeneMark}
667450	667856	internal+	2	3	{GeneMark_model.966_t;GeneMark}
667857	667937	INTRON			{Augustus_model.g766.t1;Augustus},{GeneMark_model.966_t;GeneMark}
667938	668026	internal+	1	2	{Augustus_model.g766.t1;Augustus},{GeneMark_model.966_t;GeneMark}
668027	668128	INTRON			{Augustus_model.g766.t1;Augustus},{GeneMark_model.966_t;GeneMark}
668129	668525	terminal+	3	3	{GeneMark_model.966_t;GeneMark}

# EVM prediction: Mode:STANDARD S-ratio: 28.50 669532-670757 orient(+) score(5815.00) noncoding_equivalent(204.02) raw_noncoding(400.35) offset(196.33)
669532	669537	initial+	1	3	{snap_scaffold_2-snap.292-T1;snap},{GeneMark_model.967_t;GeneMark}
669538	669635	INTRON			{snap_scaffold_2-snap.292-T1;snap},{GeneMark_model.967_t;GeneMark}
669636	670757	terminal+	1	3	{Augustus_model.g766.t1;Augustus},{GlimmerHMM_glimmerT_890-T1;GlimmerHMM},{snap_scaffold_2-snap.292-T1;snap},{GeneMark_model.967_t;GeneMark}

# EVM prediction: Mode:STANDARD S-ratio: 5.28 671135-672369 orient(+) score(4259.00) noncoding_equivalent(807.00) raw_noncoding(842.00) offset(35.00)
671135	671769	initial+	1	2	{Augustus_model.g767.t1;Augustus},{GeneMark_model.968_t;GeneMark},{GlimmerHMM_glimmerT_891-T1;GlimmerHMM}
671770	671834	INTRON			{Augustus_model.g767.t1;Augustus},{GeneMark_model.968_t;GeneMark},{GlimmerHMM_glimmerT_891-T1;GlimmerHMM}
671835	672369	terminal+	3	3	{GeneMark_model.968_t;GeneMark},{GlimmerHMM_glimmerT_891-T1;GlimmerHMM}

# EVM prediction: Mode:STANDARD S-ratio: 2.42 672512-673930 orient(-) score(3999.00) noncoding_equivalent(1651.06) raw_noncoding(2181.00) offset(529.94)
672733	672512	terminal-	4	6	{GeneMark_model.969_t;GeneMark}
672806	672734	INTRON			{GeneMark_model.969_t;GeneMark}
672946	672807	internal-	5	6	{GeneMark_model.969_t;GeneMark}
673009	672947	INTRON			{GeneMark_model.969_t;GeneMark},{Augustus_model.g768.t1;Augustus},{GlimmerHMM_glimmerT_892-T1;GlimmerHMM}
673537	673010	internal-	5	4	{GeneMark_model.969_t;GeneMark},{Augustus_model.g768.t1;Augustus}
673605	673538	INTRON			{GeneMark_model.969_t;GeneMark},{Augustus_model.g768.t1;Augustus}
673690	673606	internal-	4	4	{GeneMark_model.969_t;GeneMark},{Augustus_model.g768.t1;Augustus}
673765	673691	INTRON			{GeneMark_model.969_t;GeneMark},{Augustus_model.g768.t1;Augustus}
673930	673766	initial-	4	6	{GeneMark_model.969_t;GeneMark},{Augustus_model.g768.t1;Augustus},{GlimmerHMM_glimmerT_892-T1;GlimmerHMM}

# EVM prediction: Mode:STANDARD S-ratio: 1.75 674662-676112 orient(+) score(4090.00) noncoding_equivalent(2334.72) raw_noncoding(3019.68) offset(684.96)
674662	674883	initial+	1	3	{GeneMark_model.971_t;GeneMark},{GlimmerHMM_glimmerT_893-T1;GlimmerHMM}
674884	674958	INTRON			{GeneMark_model.971_t;GeneMark},{Augustus_model.g769.t1;Augustus},{GlimmerHMM_glimmerT_893-T1;GlimmerHMM}
674959	675106	internal+	1	1	{GeneMark_model.971_t;GeneMark},{Augustus_model.g769.t1;Augustus},{GlimmerHMM_glimmerT_893-T1;GlimmerHMM}
675107	675179	INTRON			{GeneMark_model.971_t;GeneMark},{Augustus_model.g769.t1;Augustus},{GlimmerHMM_glimmerT_893-T1;GlimmerHMM}
675180	675500	internal+	2	1	{GeneMark_model.971_t;GeneMark},{Augustus_model.g769.t1;Augustus},{GlimmerHMM_glimmerT_893-T1;GlimmerHMM}
675501	675571	INTRON			{GeneMark_model.971_t;GeneMark},{Augustus_model.g769.t1;Augustus},{GlimmerHMM_glimmerT_893-T1;GlimmerHMM}
675572	675646	internal+	2	1	{GeneMark_model.971_t;GeneMark},{Augustus_model.g769.t1;Augustus},{GlimmerHMM_glimmerT_893-T1;GlimmerHMM}
675647	675745	INTRON			{GeneMark_model.971_t;GeneMark},{Augustus_model.g769.t1;Augustus},{GlimmerHMM_glimmerT_893-T1;GlimmerHMM}
675746	675849	internal+	2	3	{GeneMark_model.971_t;GeneMark},{Augustus_model.g769.t1;Augustus}
675850	676028	INTRON			{GeneMark_model.971_t;GeneMark},{Augustus_model.g769.t1;Augustus}
676029	676112	terminal+	1	3	{GeneMark_model.971_t;GeneMark},{Augustus_model.g769.t1;Augustus}

# EVM prediction: Mode:STANDARD S-ratio: 5.61 676349-677824 orient(+) score(5412.00) noncoding_equivalent(963.88) raw_noncoding(1541.14) offset(577.25)
676349	676372	initial+	1	3	{GeneMark_model.972_t;GeneMark},{Augustus_model.g770.t1;Augustus}
676373	676464	INTRON			{GeneMark_model.972_t;GeneMark},{Augustus_model.g770.t1;Augustus}
676465	676473	internal+	1	3	{GeneMark_model.972_t;GeneMark},{Augustus_model.g770.t1;Augustus}
676474	676547	INTRON			{GeneMark_model.972_t;GeneMark},{Augustus_model.g770.t1;Augustus}
676548	676611	internal+	1	1	{GeneMark_model.972_t;GeneMark},{Augustus_model.g770.t1;Augustus}
676612	676702	INTRON			{GeneMark_model.972_t;GeneMark},{Augustus_model.g770.t1;Augustus}
676703	677672	internal+	2	2	{GeneMark_model.972_t;GeneMark},{Augustus_model.g770.t1;Augustus},{GlimmerHMM_glimmerT_893-T1;GlimmerHMM}
677673	677733	INTRON			{GeneMark_model.972_t;GeneMark},{Augustus_model.g770.t1;Augustus},{GlimmerHMM_glimmerT_893-T1;GlimmerHMM}
677734	677824	terminal+	3	3	{GeneMark_model.972_t;GeneMark},{Augustus_model.g770.t1;Augustus},{GlimmerHMM_glimmerT_893-T1;GlimmerHMM}

# EVM prediction: Mode:STANDARD S-ratio: 3.60 678219-684135 orient(-) score(19302.00) noncoding_equivalent(5364.87) raw_noncoding(6181.00) offset(816.13)
678531	678219	terminal-	6	6	{Augustus_model.g771.t1;Augustus},{GlimmerHMM_glimmerT_894-T1;GlimmerHMM},{GeneMark_model.973_t;GeneMark}
678608	678532	INTRON			{Augustus_model.g771.t1;Augustus},{GlimmerHMM_glimmerT_894-T1;GlimmerHMM},{GeneMark_model.973_t;GeneMark}
679500	678609	internal-	5	5	{Augustus_model.g771.t1;Augustus},{GlimmerHMM_glimmerT_894-T1;GlimmerHMM},{GeneMark_model.973_t;GeneMark}
679558	679501	INTRON			{Augustus_model.g771.t1;Augustus},{GlimmerHMM_glimmerT_894-T1;GlimmerHMM},{GeneMark_model.973_t;GeneMark}
680092	679559	internal-	5	4	{GlimmerHMM_glimmerT_894-T1;GlimmerHMM},{GeneMark_model.973_t;GeneMark}
680151	680093	INTRON			{GeneMark_model.973_t;GeneMark}
680900	680152	internal-	6	4	{GeneMark_model.973_t;GeneMark}
680957	680901	INTRON			{Augustus_model.g771.t1;Augustus},{GeneMark_model.973_t;GeneMark}
681068	680958	internal-	6	5	{Augustus_model.g771.t1;Augustus},{GeneMark_model.973_t;GeneMark}
681130	681069	INTRON			{Augustus_model.g771.t1;Augustus},{GlimmerHMM_glimmerT_894-T1;GlimmerHMM},{GeneMark_model.973_t;GeneMark}
681545	681131	internal-	5	5	{Augustus_model.g771.t1;Augustus},{GlimmerHMM_glimmerT_894-T1;GlimmerHMM},{GeneMark_model.973_t;GeneMark}
681609	681546	INTRON			{Augustus_model.g771.t1;Augustus},{snap_scaffold_2-snap.297-T1;snap},{GlimmerHMM_glimmerT_894-T1;GlimmerHMM},{GeneMark_model.973_t;GeneMark}
681913	681610	internal-	4	4	{Augustus_model.g771.t1;Augustus},{GeneMark_model.973_t;GeneMark}
681975	681914	INTRON			{Augustus_model.g771.t1;Augustus},{GeneMark_model.973_t;GeneMark}
682430	681976	internal-	5	6	{Augustus_model.g771.t1;Augustus},{GlimmerHMM_glimmerT_894-T1;GlimmerHMM},{GeneMark_model.973_t;GeneMark}
682489	682431	INTRON			{Augustus_model.g771.t1;Augustus},{GlimmerHMM_glimmerT_894-T1;GlimmerHMM},{GeneMark_model.973_t;GeneMark}
682562	682490	internal-	4	4	{Augustus_model.g771.t1;Augustus},{GlimmerHMM_glimmerT_894-T1;GlimmerHMM},{GeneMark_model.973_t;GeneMark}
682624	682563	INTRON			{Augustus_model.g771.t1;Augustus},{GlimmerHMM_glimmerT_894-T1;GlimmerHMM},{GeneMark_model.973_t;GeneMark}
683017	682625	internal-	4	6	{Augustus_model.g771.t1;Augustus},{GlimmerHMM_glimmerT_894-T1;GlimmerHMM},{GeneMark_model.973_t;GeneMark}
683085	683018	INTRON			{Augustus_model.g771.t1;Augustus},{GlimmerHMM_glimmerT_894-T1;GlimmerHMM},{GeneMark_model.973_t;GeneMark}
683490	683086	internal-	4	6	{Augustus_model.g771.t1;Augustus},{GeneMark_model.973_t;GeneMark}
683553	683491	INTRON			{Augustus_model.g771.t1;Augustus},{GeneMark_model.973_t;GeneMark}
683759	683554	internal-	5	6	{Augustus_model.g771.t1;Augustus},{GeneMark_model.973_t;GeneMark}
683827	683760	INTRON			{Augustus_model.g771.t1;Augustus},{GlimmerHMM_glimmerT_894-T1;GlimmerHMM},{GeneMark_model.973_t;GeneMark}
683952	683828	internal-	6	4	{GlimmerHMM_glimmerT_894-T1;GlimmerHMM},{GeneMark_model.973_t;GeneMark}
684013	683953	INTRON			{GlimmerHMM_glimmerT_894-T1;GlimmerHMM},{GeneMark_model.973_t;GeneMark}
684135	684014	initial-	4	5	{GlimmerHMM_glimmerT_894-T1;GlimmerHMM},{GeneMark_model.973_t;GeneMark}

# EVM prediction: Mode:STANDARD S-ratio: 3.78 684289-686292 orient(+) score(6334.00) noncoding_equivalent(1676.04) raw_noncoding(1938.00) offset(261.96)
684289	684365	initial+	1	2	{GlimmerHMM_glimmerT_895-T1;GlimmerHMM},{GeneMark_model.974_t;GeneMark}
684366	684436	INTRON			{GlimmerHMM_glimmerT_895-T1;GlimmerHMM},{GeneMark_model.974_t;GeneMark}
684437	684642	internal+	3	1	{Augustus_model.g772.t1;Augustus},{GeneMark_model.974_t;GeneMark}
684643	684726	INTRON			{Augustus_model.g772.t1;Augustus},{GeneMark_model.974_t;GeneMark}
684727	685969	internal+	2	2	{GeneMark_model.974_t;GeneMark}
685970	686030	INTRON			{Augustus_model.g772.t1;Augustus},{GeneMark_model.974_t;GeneMark}
686031	686292	terminal+	3	3	{Augustus_model.g772.t1;Augustus},{GeneMark_model.974_t;GeneMark}

# EVM prediction: Mode:STANDARD S-ratio: 1.95 686836-687827 orient(+) score(3218.00) noncoding_equivalent(1649.44) raw_noncoding(2124.29) offset(474.85)
686836	686883	initial+	1	3	{GeneMark_model.975_t;GeneMark},{Augustus_model.g773.t1;Augustus},{GlimmerHMM_glimmerT_896-T1;GlimmerHMM}
686884	686997	INTRON			{GeneMark_model.975_t;GeneMark},{Augustus_model.g773.t1;Augustus},{GlimmerHMM_glimmerT_896-T1;GlimmerHMM}
686998	687058	internal+	1	1	{GeneMark_model.975_t;GeneMark},{Augustus_model.g773.t1;Augustus},{GlimmerHMM_glimmerT_896-T1;GlimmerHMM}
687059	687128	INTRON			{GeneMark_model.975_t;GeneMark},{Augustus_model.g773.t1;Augustus},{GlimmerHMM_glimmerT_896-T1;GlimmerHMM}
687129	687154	internal+	2	3	{GeneMark_model.975_t;GeneMark},{Augustus_model.g773.t1;Augustus},{GlimmerHMM_glimmerT_896-T1;GlimmerHMM}
687155	687223	INTRON			{GeneMark_model.975_t;GeneMark},{Augustus_model.g773.t1;Augustus},{GlimmerHMM_glimmerT_896-T1;GlimmerHMM}
687224	687363	internal+	1	2	{GeneMark_model.975_t;GeneMark},{Augustus_model.g773.t1;Augustus},{GlimmerHMM_glimmerT_896-T1;GlimmerHMM}
687364	687455	INTRON			{GeneMark_model.975_t;GeneMark},{Augustus_model.g773.t1;Augustus},{GlimmerHMM_glimmerT_896-T1;GlimmerHMM}
687456	687476	internal+	3	2	{GeneMark_model.975_t;GeneMark},{Augustus_model.g773.t1;Augustus},{GlimmerHMM_glimmerT_896-T1;GlimmerHMM}
687477	687592	INTRON			{GeneMark_model.975_t;GeneMark},{Augustus_model.g773.t1;Augustus},{GlimmerHMM_glimmerT_896-T1;GlimmerHMM}
687593	687827	terminal+	3	3	{GeneMark_model.975_t;GeneMark},{Augustus_model.g773.t1;Augustus},{GlimmerHMM_glimmerT_896-T1;GlimmerHMM},{snap_scaffold_2-snap.301-T1;snap}

# EVM prediction: Mode:STANDARD S-ratio: 2.38 688581-690892 orient(-) score(7371.00) noncoding_equivalent(3093.00) raw_noncoding(3710.00) offset(617.00)
688772	688581	terminal-	4	6	{GlimmerHMM_glimmerT_897-T1;GlimmerHMM},{Augustus_model.g774.t1;Augustus},{GeneMark_model.976_t;GeneMark}
688845	688773	INTRON			{GlimmerHMM_glimmerT_897-T1;GlimmerHMM},{Augustus_model.g774.t1;Augustus},{GeneMark_model.976_t;GeneMark}
688975	688846	internal-	6	6	{GlimmerHMM_glimmerT_897-T1;GlimmerHMM},{Augustus_model.g774.t1;Augustus},{GeneMark_model.976_t;GeneMark}
689051	688976	INTRON			{GlimmerHMM_glimmerT_897-T1;GlimmerHMM},{Augustus_model.g774.t1;Augustus},{GeneMark_model.976_t;GeneMark}
689217	689052	internal-	5	5	{GlimmerHMM_glimmerT_897-T1;GlimmerHMM},{Augustus_model.g774.t1;Augustus},{GeneMark_model.976_t;GeneMark}
689286	689218	INTRON			{GlimmerHMM_glimmerT_897-T1;GlimmerHMM},{Augustus_model.g774.t1;Augustus},{GeneMark_model.976_t;GeneMark}
689419	689287	internal-	4	4	{GlimmerHMM_glimmerT_897-T1;GlimmerHMM},{Augustus_model.g774.t1;Augustus},{GeneMark_model.976_t;GeneMark}
689481	689420	INTRON			{GlimmerHMM_glimmerT_897-T1;GlimmerHMM},{Augustus_model.g774.t1;Augustus},{GeneMark_model.976_t;GeneMark}
689570	689482	internal-	5	6	{GlimmerHMM_glimmerT_897-T1;GlimmerHMM},{Augustus_model.g774.t1;Augustus},{GeneMark_model.976_t;GeneMark}
689649	689571	INTRON			{GlimmerHMM_glimmerT_897-T1;GlimmerHMM},{Augustus_model.g774.t1;Augustus},{GeneMark_model.976_t;GeneMark}
689816	689650	internal-	6	4	{GlimmerHMM_glimmerT_897-T1;GlimmerHMM},{Augustus_model.g774.t1;Augustus},{GeneMark_model.976_t;GeneMark}
689882	689817	INTRON			{GlimmerHMM_glimmerT_897-T1;GlimmerHMM},{Augustus_model.g774.t1;Augustus},{GeneMark_model.976_t;GeneMark}
689969	689883	internal-	6	5	{GlimmerHMM_glimmerT_897-T1;GlimmerHMM},{Augustus_model.g774.t1;Augustus},{GeneMark_model.976_t;GeneMark}
690033	689970	INTRON			{GlimmerHMM_glimmerT_897-T1;GlimmerHMM},{Augustus_model.g774.t1;Augustus},{GeneMark_model.976_t;GeneMark}
690127	690034	internal-	5	5	{GlimmerHMM_glimmerT_897-T1;GlimmerHMM},{Augustus_model.g774.t1;Augustus},{GeneMark_model.976_t;GeneMark}
690195	690128	INTRON			{GlimmerHMM_glimmerT_897-T1;GlimmerHMM},{Augustus_model.g774.t1;Augustus},{GeneMark_model.976_t;GeneMark}
690319	690196	internal-	4	4	{GlimmerHMM_glimmerT_897-T1;GlimmerHMM},{Augustus_model.g774.t1;Augustus},{GeneMark_model.976_t;GeneMark}
690388	690320	INTRON			{GlimmerHMM_glimmerT_897-T1;GlimmerHMM},{Augustus_model.g774.t1;Augustus},{GeneMark_model.976_t;GeneMark}
690892	690389	initial-	4	6	{GlimmerHMM_glimmerT_897-T1;GlimmerHMM},{Augustus_model.g774.t1;Augustus},{GeneMark_model.976_t;GeneMark}

# EVM prediction: Mode:STANDARD S-ratio: 2.00 691353-692139 orient(-) score(2001.00) noncoding_equivalent(999.16) raw_noncoding(1345.00) offset(345.84)
691489	691353	terminal-	5	6	{GlimmerHMM_glimmerT_898-T1;GlimmerHMM},{GeneMark_model.977_t;GeneMark}
691563	691490	INTRON			{GeneMark_model.977_t;GeneMark}
691576	691564	internal-	4	4	{GeneMark_model.977_t;GeneMark}
691677	691577	INTRON			{Augustus_model.g775.t1;Augustus},{GeneMark_model.977_t;GeneMark}
692139	691678	initial-	4	6	{Augustus_model.g775.t1;Augustus},{GeneMark_model.977_t;GeneMark}

# EVM prediction: Mode:STANDARD S-ratio: 2.69 692637-699102 orient(+) score(20024.00) noncoding_equivalent(7446.90) raw_noncoding(9280.00) offset(1833.10)
692637	692699	initial+	1	3	{GlimmerHMM_glimmerT_899-T1;GlimmerHMM},{Augustus_model.g776.t1;Augustus},{GeneMark_model.978_t;GeneMark}
692700	692755	INTRON			{GlimmerHMM_glimmerT_899-T1;GlimmerHMM},{Augustus_model.g776.t1;Augustus},{GeneMark_model.978_t;GeneMark}
692756	692980	internal+	1	3	{GeneMark_model.978_t;GeneMark}
692981	693039	INTRON			{GeneMark_model.978_t;GeneMark}
693040	693171	internal+	1	3	{Augustus_model.g776.t1;Augustus},{GeneMark_model.978_t;GeneMark}
693172	693237	INTRON			{Augustus_model.g776.t1;Augustus},{GeneMark_model.978_t;GeneMark}
693238	693519	internal+	1	3	{Augustus_model.g776.t1;Augustus},{GeneMark_model.978_t;GeneMark}
693520	693583	INTRON			{Augustus_model.g776.t1;Augustus},{GeneMark_model.978_t;GeneMark}
693584	693604	internal+	1	3	{Augustus_model.g776.t1;Augustus},{GeneMark_model.978_t;GeneMark}
693605	693668	INTRON			{Augustus_model.g776.t1;Augustus},{GeneMark_model.978_t;GeneMark}
693669	693848	internal+	1	3	{GlimmerHMM_glimmerT_899-T1;GlimmerHMM},{Augustus_model.g776.t1;Augustus},{GeneMark_model.978_t;GeneMark}
693849	693907	INTRON			{GlimmerHMM_glimmerT_899-T1;GlimmerHMM},{Augustus_model.g776.t1;Augustus},{GeneMark_model.978_t;GeneMark}
693908	694003	internal+	1	3	{Augustus_model.g776.t1;Augustus},{GeneMark_model.978_t;GeneMark}
694004	694063	INTRON			{Augustus_model.g776.t1;Augustus},{GeneMark_model.978_t;GeneMark}
694064	694229	internal+	1	1	{Augustus_model.g776.t1;Augustus},{GeneMark_model.978_t;GeneMark}
694230	694291	INTRON			{GlimmerHMM_glimmerT_899-T1;GlimmerHMM},{Augustus_model.g776.t1;Augustus},{GeneMark_model.978_t;GeneMark}
694292	695129	internal+	2	2	{GlimmerHMM_glimmerT_899-T1;GlimmerHMM},{Augustus_model.g776.t1;Augustus},{GeneMark_model.978_t;GeneMark}
695130	695193	INTRON			{GlimmerHMM_glimmerT_899-T1;GlimmerHMM},{Augustus_model.g776.t1;Augustus},{GeneMark_model.978_t;GeneMark}
695194	695463	internal+	3	2	{GlimmerHMM_glimmerT_899-T1;GlimmerHMM},{Augustus_model.g776.t1;Augustus},{GeneMark_model.978_t;GeneMark}
695464	695521	INTRON			{Augustus_model.g776.t1;Augustus},{GeneMark_model.978_t;GeneMark}
695522	695752	internal+	3	2	{Augustus_model.g776.t1;Augustus},{GeneMark_model.978_t;GeneMark}
695753	695811	INTRON			{Augustus_model.g776.t1;Augustus},{GeneMark_model.978_t;GeneMark}
695812	695979	internal+	3	2	{Augustus_model.g776.t1;Augustus},{GeneMark_model.978_t;GeneMark}
695980	696038	INTRON			{Augustus_model.g776.t1;Augustus},{GeneMark_model.978_t;GeneMark}
696039	696262	internal+	3	1	{Augustus_model.g776.t1;Augustus},{GeneMark_model.978_t;GeneMark}
696263	696322	INTRON			{Augustus_model.g776.t1;Augustus},{GeneMark_model.978_t;GeneMark}
696323	697113	internal+	2	3	{Augustus_model.g776.t1;Augustus},{GeneMark_model.978_t;GeneMark}
697114	697175	INTRON			{GlimmerHMM_glimmerT_899-T1;GlimmerHMM},{Augustus_model.g776.t1;Augustus},{GeneMark_model.978_t;GeneMark}
697176	697384	internal+	1	2	{GlimmerHMM_glimmerT_899-T1;GlimmerHMM},{Augustus_model.g776.t1;Augustus},{GeneMark_model.978_t;GeneMark}
697385	697446	INTRON			{GlimmerHMM_glimmerT_899-T1;GlimmerHMM},{Augustus_model.g776.t1;Augustus},{GeneMark_model.978_t;GeneMark}
697447	697708	internal+	3	3	{GlimmerHMM_glimmerT_899-T1;GlimmerHMM},{Augustus_model.g776.t1;Augustus},{GeneMark_model.978_t;GeneMark}
697709	697774	INTRON			{GlimmerHMM_glimmerT_899-T1;GlimmerHMM},{Augustus_model.g776.t1;Augustus},{GeneMark_model.978_t;GeneMark}
697775	698000	internal+	1	1	{GlimmerHMM_glimmerT_899-T1;GlimmerHMM},{Augustus_model.g776.t1;Augustus},{GeneMark_model.978_t;GeneMark}
698001	698389	INTRON			{GlimmerHMM_glimmerT_899-T1;GlimmerHMM},{Augustus_model.g776.t1;Augustus},{GeneMark_model.978_t;GeneMark}
698390	698444	internal+	2	2	{GlimmerHMM_glimmerT_899-T1;GlimmerHMM},{Augustus_model.g776.t1;Augustus},{GeneMark_model.978_t;GeneMark}
698445	698510	INTRON			{GlimmerHMM_glimmerT_899-T1;GlimmerHMM},{Augustus_model.g776.t1;Augustus},{GeneMark_model.978_t;GeneMark}
698511	699102	terminal+	3	3	{GlimmerHMM_glimmerT_899-T1;GlimmerHMM},{GeneMark_model.978_t;GeneMark}

# EVM prediction: Mode:STANDARD S-ratio: 4.60 699271-700871 orient(-) score(5598.00) noncoding_equivalent(1216.00) raw_noncoding(1427.67) offset(211.67)
700056	699271	terminal-	4	6	{Augustus_model.g777.t1;Augustus},{GlimmerHMM_glimmerT_900-T1;GlimmerHMM},{GeneMark_model.979_t;GeneMark}
700123	700057	INTRON			{Augustus_model.g777.t1;Augustus},{GlimmerHMM_glimmerT_900-T1;GlimmerHMM},{GeneMark_model.979_t;GeneMark}
700424	700124	internal-	6	6	{Augustus_model.g777.t1;Augustus},{GlimmerHMM_glimmerT_900-T1;GlimmerHMM},{GeneMark_model.979_t;GeneMark}
700510	700425	INTRON			{Augustus_model.g777.t1;Augustus},{GlimmerHMM_glimmerT_900-T1;GlimmerHMM},{GeneMark_model.979_t;GeneMark}
700762	700511	internal-	6	5	{Augustus_model.g777.t1;Augustus},{GlimmerHMM_glimmerT_900-T1;GlimmerHMM},{GeneMark_model.979_t;GeneMark}
700821	700763	INTRON			{Augustus_model.g777.t1;Augustus},{GlimmerHMM_glimmerT_900-T1;GlimmerHMM},{GeneMark_model.979_t;GeneMark}
700871	700822	initial-	4	5	{Augustus_model.g777.t1;Augustus},{GlimmerHMM_glimmerT_900-T1;GlimmerHMM},{GeneMark_model.979_t;GeneMark}

# EVM prediction: Mode:STANDARD S-ratio: 4.10 701030-703128 orient(+) score(8370.00) noncoding_equivalent(2042.46) raw_noncoding(2367.95) offset(325.49)
701030	701593	initial+	1	3	{GeneMark_model.980_t;GeneMark},{Augustus_model.g778.t1;Augustus},{GlimmerHMM_glimmerT_901-T1;GlimmerHMM}
701594	701661	INTRON			{GeneMark_model.980_t;GeneMark},{Augustus_model.g778.t1;Augustus},{GlimmerHMM_glimmerT_901-T1;GlimmerHMM}
701662	701763	internal+	1	3	{GeneMark_model.980_t;GeneMark},{Augustus_model.g778.t1;Augustus},{GlimmerHMM_glimmerT_901-T1;GlimmerHMM}
701764	701853	INTRON			{GeneMark_model.980_t;GeneMark},{Augustus_model.g778.t1;Augustus},{GlimmerHMM_glimmerT_901-T1;GlimmerHMM},{ev_type:exonerate/ID=match.2566964.1164/Target=lcl|KQ954536_1_prot_KWU41479_1_6135;exonerate}
701854	701905	internal+	1	1	{GeneMark_model.980_t;GeneMark},{Augustus_model.g778.t1;Augustus},{GlimmerHMM_glimmerT_901-T1;GlimmerHMM},{ev_type:exonerate/ID=match.2566964.1164/Target=lcl|KQ954536_1_prot_KWU41479_1_6135;exonerate}
701906	701979	INTRON			{GeneMark_model.980_t;GeneMark},{Augustus_model.g778.t1;Augustus},{GlimmerHMM_glimmerT_901-T1;GlimmerHMM},{ev_type:exonerate/ID=match.2566964.1164/Target=lcl|KQ954536_1_prot_KWU41479_1_6135;exonerate}
701980	702410	internal+	2	3	{GeneMark_model.980_t;GeneMark},{Augustus_model.g778.t1;Augustus},{GlimmerHMM_glimmerT_901-T1;GlimmerHMM},{ev_type:exonerate/ID=match.2566964.1164/Target=lcl|KQ954536_1_prot_KWU41479_1_6135;exonerate}
702411	702486	INTRON			{GeneMark_model.980_t;GeneMark},{Augustus_model.g778.t1;Augustus},{GlimmerHMM_glimmerT_901-T1;GlimmerHMM},{ev_type:exonerate/ID=match.2566964.1164/Target=lcl|KQ954536_1_prot_KWU41479_1_6135;exonerate}
702487	703128	terminal+	1	3	{GeneMark_model.980_t;GeneMark},{snap_scaffold_2-snap.307-T1;snap},{Augustus_model.g778.t1;Augustus},{GlimmerHMM_glimmerT_901-T1;GlimmerHMM}

# EVM prediction: Mode:STANDARD S-ratio: 5.44 703416-705313 orient(+) score(6408.00) noncoding_equivalent(1177.35) raw_noncoding(1616.00) offset(438.65)
703416	703715	initial+	1	3	{Augustus_model.g779.t1;Augustus}
703716	703774	INTRON			{Augustus_model.g779.t1;Augustus},{GlimmerHMM_glimmerT_902-T1;GlimmerHMM}
703775	704875	internal+	1	3	{Augustus_model.g779.t1;Augustus},{GlimmerHMM_glimmerT_902-T1;GlimmerHMM}
704876	704933	INTRON			{Augustus_model.g779.t1;Augustus},{GeneMark_model.981_t;GeneMark}
704934	704950	internal+	1	2	{Augustus_model.g779.t1;Augustus},{GeneMark_model.981_t;GeneMark}
704951	705010	INTRON			{Augustus_model.g779.t1;Augustus},{GeneMark_model.981_t;GeneMark}
705011	705168	internal+	3	1	{Augustus_model.g779.t1;Augustus},{GeneMark_model.981_t;GeneMark}
705169	705236	INTRON			{Augustus_model.g779.t1;Augustus},{GeneMark_model.981_t;GeneMark}
705237	705313	terminal+	2	3	{Augustus_model.g779.t1;Augustus},{GeneMark_model.981_t;GeneMark},{GlimmerHMM_glimmerT_902-T1;GlimmerHMM}

# EVM prediction: Mode:STANDARD S-ratio: 34.25 705866-707551 orient(-) score(6658.00) noncoding_equivalent(194.37) raw_noncoding(200.37) offset(6.00)
706977	705866	terminal-	5	6	{GlimmerHMM_glimmerT_903-T1;GlimmerHMM}
707034	706978	INTRON			{Augustus_model.g780.t1;Augustus},{GlimmerHMM_glimmerT_903-T1;GlimmerHMM},{GeneMark_model.982_t;GeneMark}
707551	707035	initial-	4	4	{GlimmerHMM_glimmerT_903-T1;GlimmerHMM},{GeneMark_model.982_t;GeneMark}

# EVM prediction: Mode:STANDARD S-ratio: 2.67 708146-709879 orient(-) score(4884.00) noncoding_equivalent(1829.79) raw_noncoding(3108.00) offset(1278.21)
708740	708146	terminal-	6	6	{GlimmerHMM_glimmerT_904-T1;GlimmerHMM}
708829	708741	INTRON			{Augustus_model.g781.t1;Augustus},{GeneMark_model.983_t;GeneMark},{GlimmerHMM_glimmerT_904-T1;GlimmerHMM}
708904	708830	internal-	6	5	{Augustus_model.g781.t1;Augustus},{GeneMark_model.983_t;GeneMark},{GlimmerHMM_glimmerT_904-T1;GlimmerHMM}
708971	708905	INTRON			{Augustus_model.g781.t1;Augustus},{GeneMark_model.983_t;GeneMark},{GlimmerHMM_glimmerT_904-T1;GlimmerHMM}
709154	708972	internal-	6	5	{Augustus_model.g781.t1;Augustus},{GeneMark_model.983_t;GeneMark},{GlimmerHMM_glimmerT_904-T1;GlimmerHMM}
709228	709155	INTRON			{Augustus_model.g781.t1;Augustus},{GeneMark_model.983_t;GeneMark},{GlimmerHMM_glimmerT_904-T1;GlimmerHMM}
709283	709229	internal-	5	5	{Augustus_model.g781.t1;Augustus},{GeneMark_model.983_t;GeneMark},{GlimmerHMM_glimmerT_904-T1;GlimmerHMM}
709346	709284	INTRON			{Augustus_model.g781.t1;Augustus},{GeneMark_model.983_t;GeneMark}
709373	709347	internal-	5	4	{Augustus_model.g781.t1;Augustus},{GeneMark_model.983_t;GeneMark}
709707	709374	INTRON			{GeneMark_model.983_t;GeneMark}
709879	709708	initial-	4	4	{GeneMark_model.983_t;GeneMark},{GlimmerHMM_glimmerT_904-T1;GlimmerHMM}

# EVM prediction: Mode:STANDARD S-ratio: 4.56 710128-712027 orient(+) score(10123.00) noncoding_equivalent(2222.24) raw_noncoding(2992.00) offset(769.76)
710128	710317	initial+	1	1	{GlimmerHMM_glimmerT_905-T1;GlimmerHMM},{GeneMark_model.984_t;GeneMark},{Augustus_model.g782.t1;Augustus}
710318	710518	INTRON			{GeneMark_model.984_t;GeneMark},{Augustus_model.g782.t1;Augustus}
710519	710553	internal+	2	3	{GeneMark_model.984_t;GeneMark},{Augustus_model.g782.t1;Augustus}
710554	710637	INTRON			{GeneMark_model.984_t;GeneMark},{Augustus_model.g782.t1;Augustus},{ev_type:exonerate/ID=match.2566964.1149/Target=lcl|KQ954536_1_prot_KWU41477_1_6133;exonerate},{ev_type:exonerate/ID=match.2566964.1151/Target=lcl|NW_017264931_1_prot_XP_018272447_1_2278;exonerate},{ev_type:exonerate/ID=match.2566964.1199/Target=lcl|BJWK01000002_1_prot_GEM06737_1_754;exonerate}
710638	710860	internal+	1	1	{GeneMark_model.984_t;GeneMark},{Augustus_model.g782.t1;Augustus},{ev_type:exonerate/ID=match.2566964.1149/Target=lcl|KQ954536_1_prot_KWU41477_1_6133;exonerate},{ev_type:exonerate/ID=match.2566964.1151/Target=lcl|NW_017264931_1_prot_XP_018272447_1_2278;exonerate},{ev_type:exonerate/ID=match.2566964.1199/Target=lcl|BJWK01000002_1_prot_GEM06737_1_754;exonerate}
710861	710926	INTRON			{GlimmerHMM_glimmerT_905-T1;GlimmerHMM},{GeneMark_model.984_t;GeneMark},{Augustus_model.g782.t1;Augustus},{ev_type:exonerate/ID=match.2566964.1149/Target=lcl|KQ954536_1_prot_KWU41477_1_6133;exonerate},{ev_type:exonerate/ID=match.2566964.1151/Target=lcl|NW_017264931_1_prot_XP_018272447_1_2278;exonerate},{ev_type:exonerate/ID=match.2566964.1199/Target=lcl|BJWK01000002_1_prot_GEM06737_1_754;exonerate}
710927	711019	internal+	2	1	{GlimmerHMM_glimmerT_905-T1;GlimmerHMM},{GeneMark_model.984_t;GeneMark},{Augustus_model.g782.t1;Augustus},{ev_type:exonerate/ID=match.2566964.1149/Target=lcl|KQ954536_1_prot_KWU41477_1_6133;exonerate},{ev_type:exonerate/ID=match.2566964.1151/Target=lcl|NW_017264931_1_prot_XP_018272447_1_2278;exonerate},{ev_type:exonerate/ID=match.2566964.1199/Target=lcl|BJWK01000002_1_prot_GEM06737_1_754;exonerate}
711020	711082	INTRON			{GlimmerHMM_glimmerT_905-T1;GlimmerHMM},{GeneMark_model.984_t;GeneMark},{snap_scaffold_2-snap.311-T1;snap},{Augustus_model.g782.t1;Augustus},{ev_type:exonerate/ID=match.2566964.1149/Target=lcl|KQ954536_1_prot_KWU41477_1_6133;exonerate},{ev_type:exonerate/ID=match.2566964.1151/Target=lcl|NW_017264931_1_prot_XP_018272447_1_2278;exonerate},{ev_type:exonerate/ID=match.2566964.1199/Target=lcl|BJWK01000002_1_prot_GEM06737_1_754;exonerate}
711083	711635	internal+	2	2	{GlimmerHMM_glimmerT_905-T1;GlimmerHMM},{GeneMark_model.984_t;GeneMark},{Augustus_model.g782.t1;Augustus},{ev_type:exonerate/ID=match.2566964.1149/Target=lcl|KQ954536_1_prot_KWU41477_1_6133;exonerate},{ev_type:exonerate/ID=match.2566964.1151/Target=lcl|NW_017264931_1_prot_XP_018272447_1_2278;exonerate}
711636	711702	INTRON			{GlimmerHMM_glimmerT_905-T1;GlimmerHMM},{GeneMark_model.984_t;GeneMark},{Augustus_model.g782.t1;Augustus},{ev_type:exonerate/ID=match.2566964.1149/Target=lcl|KQ954536_1_prot_KWU41477_1_6133;exonerate},{ev_type:exonerate/ID=match.2566964.1151/Target=lcl|NW_017264931_1_prot_XP_018272447_1_2278;exonerate}
711703	711872	internal+	3	1	{GlimmerHMM_glimmerT_905-T1;GlimmerHMM},{GeneMark_model.984_t;GeneMark},{Augustus_model.g782.t1;Augustus},{ev_type:exonerate/ID=match.2566964.1149/Target=lcl|KQ954536_1_prot_KWU41477_1_6133;exonerate},{ev_type:exonerate/ID=match.2566964.1151/Target=lcl|NW_017264931_1_prot_XP_018272447_1_2278;exonerate}
711873	711935	INTRON			{GlimmerHMM_glimmerT_905-T1;GlimmerHMM},{GeneMark_model.984_t;GeneMark},{Augustus_model.g782.t1;Augustus},{ev_type:exonerate/ID=match.2566964.1149/Target=lcl|KQ954536_1_prot_KWU41477_1_6133;exonerate},{ev_type:exonerate/ID=match.2566964.1151/Target=lcl|NW_017264931_1_prot_XP_018272447_1_2278;exonerate}
711936	712027	terminal+	2	3	{GlimmerHMM_glimmerT_905-T1;GlimmerHMM},{GeneMark_model.984_t;GeneMark},{Augustus_model.g782.t1;Augustus}

# EVM prediction: Mode:STANDARD S-ratio: 3.41 713125-715197 orient(-) score(11976.00) noncoding_equivalent(3513.14) raw_noncoding(5409.00) offset(1895.86)
713202	713125	terminal-	4	6	{GeneMark_model.985_t;GeneMark},{HiQ_model.g783.t1;HiQ},{GlimmerHMM_glimmerT_906-T1;GlimmerHMM}
713271	713203	INTRON			{GeneMark_model.985_t;GeneMark},{HiQ_model.g783.t1;HiQ},{GlimmerHMM_glimmerT_906-T1;GlimmerHMM},{ev_type:exonerate/ID=match.2566964.1203/Target=lcl|PJQD01000048_1_prot_POY72659_1_4557;exonerate},{ev_type:exonerate/ID=match.2566964.1201/Target=lcl|KQ954481_1_prot_KWU44163_1_3364;exonerate}
713359	713272	internal-	6	6	{GeneMark_model.985_t;GeneMark},{HiQ_model.g783.t1;HiQ},{GlimmerHMM_glimmerT_906-T1;GlimmerHMM},{ev_type:exonerate/ID=match.2566964.1203/Target=lcl|PJQD01000048_1_prot_POY72659_1_4557;exonerate},{ev_type:exonerate/ID=match.2566964.1201/Target=lcl|KQ954481_1_prot_KWU44163_1_3364;exonerate}
713438	713360	INTRON			{GeneMark_model.985_t;GeneMark},{HiQ_model.g783.t1;HiQ},{ev_type:exonerate/ID=match.2566964.1203/Target=lcl|PJQD01000048_1_prot_POY72659_1_4557;exonerate},{ev_type:exonerate/ID=match.2566964.1201/Target=lcl|KQ954481_1_prot_KWU44163_1_3364;exonerate}
713530	713439	internal-	4	5	{GeneMark_model.985_t;GeneMark},{HiQ_model.g783.t1;HiQ},{ev_type:exonerate/ID=match.2566964.1203/Target=lcl|PJQD01000048_1_prot_POY72659_1_4557;exonerate},{ev_type:exonerate/ID=match.2566964.1201/Target=lcl|KQ954481_1_prot_KWU44163_1_3364;exonerate}
713612	713531	INTRON			{GeneMark_model.985_t;GeneMark},{HiQ_model.g783.t1;HiQ},{GlimmerHMM_glimmerT_906-T1;GlimmerHMM},{ev_type:exonerate/ID=match.2566964.1203/Target=lcl|PJQD01000048_1_prot_POY72659_1_4557;exonerate},{ev_type:exonerate/ID=match.2566964.1201/Target=lcl|KQ954481_1_prot_KWU44163_1_3364;exonerate}
713903	713613	internal-	4	6	{GeneMark_model.985_t;GeneMark},{HiQ_model.g783.t1;HiQ},{GlimmerHMM_glimmerT_906-T1;GlimmerHMM},{ev_type:exonerate/ID=match.2566964.1203/Target=lcl|PJQD01000048_1_prot_POY72659_1_4557;exonerate},{ev_type:exonerate/ID=match.2566964.1201/Target=lcl|KQ954481_1_prot_KWU44163_1_3364;exonerate}
713968	713904	INTRON			{GeneMark_model.985_t;GeneMark},{HiQ_model.g783.t1;HiQ},{GlimmerHMM_glimmerT_906-T1;GlimmerHMM},{ev_type:exonerate/ID=match.2566964.1203/Target=lcl|PJQD01000048_1_prot_POY72659_1_4557;exonerate},{ev_type:exonerate/ID=match.2566964.1201/Target=lcl|KQ954481_1_prot_KWU44163_1_3364;exonerate}
714043	713969	internal-	4	6	{GeneMark_model.985_t;GeneMark},{HiQ_model.g783.t1;HiQ},{GlimmerHMM_glimmerT_906-T1;GlimmerHMM},{ev_type:exonerate/ID=match.2566964.1203/Target=lcl|PJQD01000048_1_prot_POY72659_1_4557;exonerate},{ev_type:exonerate/ID=match.2566964.1201/Target=lcl|KQ954481_1_prot_KWU44163_1_3364;exonerate}
714106	714044	INTRON			{GeneMark_model.985_t;GeneMark},{HiQ_model.g783.t1;HiQ},{GlimmerHMM_glimmerT_906-T1;GlimmerHMM},{ev_type:exonerate/ID=match.2566964.1203/Target=lcl|PJQD01000048_1_prot_POY72659_1_4557;exonerate},{ev_type:exonerate/ID=match.2566964.1201/Target=lcl|KQ954481_1_prot_KWU44163_1_3364;exonerate}
714215	714107	internal-	6	6	{GeneMark_model.985_t;GeneMark},{HiQ_model.g783.t1;HiQ},{GlimmerHMM_glimmerT_906-T1;GlimmerHMM},{ev_type:exonerate/ID=match.2566964.1203/Target=lcl|PJQD01000048_1_prot_POY72659_1_4557;exonerate},{ev_type:exonerate/ID=match.2566964.1201/Target=lcl|KQ954481_1_prot_KWU44163_1_3364;exonerate}
714279	714216	INTRON			{GeneMark_model.985_t;GeneMark},{HiQ_model.g783.t1;HiQ},{GlimmerHMM_glimmerT_906-T1;GlimmerHMM},{ev_type:exonerate/ID=match.2566964.1203/Target=lcl|PJQD01000048_1_prot_POY72659_1_4557;exonerate},{ev_type:exonerate/ID=match.2566964.1201/Target=lcl|KQ954481_1_prot_KWU44163_1_3364;exonerate}
714364	714280	internal-	5	5	{GeneMark_model.985_t;GeneMark},{HiQ_model.g783.t1;HiQ},{GlimmerHMM_glimmerT_906-T1;GlimmerHMM},{ev_type:exonerate/ID=match.2566964.1203/Target=lcl|PJQD01000048_1_prot_POY72659_1_4557;exonerate},{ev_type:exonerate/ID=match.2566964.1201/Target=lcl|KQ954481_1_prot_KWU44163_1_3364;exonerate}
714429	714365	INTRON			{GeneMark_model.985_t;GeneMark},{HiQ_model.g783.t1;HiQ},{GlimmerHMM_glimmerT_906-T1;GlimmerHMM},{ev_type:exonerate/ID=match.2566964.1203/Target=lcl|PJQD01000048_1_prot_POY72659_1_4557;exonerate},{ev_type:exonerate/ID=match.2566964.1201/Target=lcl|KQ954481_1_prot_KWU44163_1_3364;exonerate}
714597	714430	internal-	5	4	{GeneMark_model.985_t;GeneMark},{HiQ_model.g783.t1;HiQ},{GlimmerHMM_glimmerT_906-T1;GlimmerHMM},{ev_type:exonerate/ID=match.2566964.1203/Target=lcl|PJQD01000048_1_prot_POY72659_1_4557;exonerate},{ev_type:exonerate/ID=match.2566964.1201/Target=lcl|KQ954481_1_prot_KWU44163_1_3364;exonerate}
714671	714598	INTRON			{GeneMark_model.985_t;GeneMark},{HiQ_model.g783.t1;HiQ},{GlimmerHMM_glimmerT_906-T1;GlimmerHMM},{ev_type:exonerate/ID=match.2566964.1203/Target=lcl|PJQD01000048_1_prot_POY72659_1_4557;exonerate},{ev_type:exonerate/ID=match.2566964.1201/Target=lcl|KQ954481_1_prot_KWU44163_1_3364;exonerate}
714715	714672	internal-	6	4	{GeneMark_model.985_t;GeneMark},{HiQ_model.g783.t1;HiQ},{ev_type:exonerate/ID=match.2566964.1203/Target=lcl|PJQD01000048_1_prot_POY72659_1_4557;exonerate},{ev_type:exonerate/ID=match.2566964.1201/Target=lcl|KQ954481_1_prot_KWU44163_1_3364;exonerate}
714780	714716	INTRON			{HiQ_model.g783.t1;HiQ},{ev_type:exonerate/ID=match.2566964.1203/Target=lcl|PJQD01000048_1_prot_POY72659_1_4557;exonerate},{ev_type:exonerate/ID=match.2566964.1201/Target=lcl|KQ954481_1_prot_KWU44163_1_3364;exonerate}
714808	714781	internal-	5	5	{HiQ_model.g783.t1;HiQ},{ev_type:exonerate/ID=match.2566964.1203/Target=lcl|PJQD01000048_1_prot_POY72659_1_4557;exonerate},{ev_type:exonerate/ID=match.2566964.1201/Target=lcl|KQ954481_1_prot_KWU44163_1_3364;exonerate}
714876	714809	INTRON			{HiQ_model.g783.t1;HiQ},{ev_type:exonerate/ID=match.2566964.1203/Target=lcl|PJQD01000048_1_prot_POY72659_1_4557;exonerate},{ev_type:exonerate/ID=match.2566964.1201/Target=lcl|KQ954481_1_prot_KWU44163_1_3364;exonerate}
714993	714877	internal-	5	4	{HiQ_model.g783.t1;HiQ},{GlimmerHMM_glimmerT_906-T1;GlimmerHMM}
715184	714994	INTRON			{GeneMark_model.985_t;GeneMark},{HiQ_model.g783.t1;HiQ},{GlimmerHMM_glimmerT_906-T1;GlimmerHMM}
715197	715185	initial-	4	4	{GeneMark_model.985_t;GeneMark},{HiQ_model.g783.t1;HiQ},{GlimmerHMM_glimmerT_906-T1;GlimmerHMM}

# EVM prediction: Mode:STANDARD S-ratio: 2.93 716320-718674 orient(-) score(7416.00) noncoding_equivalent(2532.00) raw_noncoding(3141.00) offset(609.00)
716411	716320	terminal-	5	6	{GlimmerHMM_glimmerT_907-T1;GlimmerHMM},{Augustus_model.g784.t1;Augustus},{GeneMark_model.986_t;GeneMark}
716473	716412	INTRON			{GlimmerHMM_glimmerT_907-T1;GlimmerHMM},{Augustus_model.g784.t1;Augustus},{GeneMark_model.986_t;GeneMark}
716609	716474	internal-	4	4	{Augustus_model.g784.t1;Augustus},{GeneMark_model.986_t;GeneMark}
716677	716610	INTRON			{Augustus_model.g784.t1;Augustus},{GeneMark_model.986_t;GeneMark}
716699	716678	internal-	6	6	{Augustus_model.g784.t1;Augustus},{GeneMark_model.986_t;GeneMark}
716815	716700	INTRON			{Augustus_model.g784.t1;Augustus},{GeneMark_model.986_t;GeneMark}
716984	716816	internal-	5	5	{Augustus_model.g784.t1;Augustus},{GeneMark_model.986_t;GeneMark}
717059	716985	INTRON			{GlimmerHMM_glimmerT_908-T1;GlimmerHMM},{Augustus_model.g784.t1;Augustus},{GeneMark_model.986_t;GeneMark}
717302	717060	internal-	5	4	{GlimmerHMM_glimmerT_908-T1;GlimmerHMM},{Augustus_model.g784.t1;Augustus},{GeneMark_model.986_t;GeneMark}
717370	717303	INTRON			{GlimmerHMM_glimmerT_908-T1;GlimmerHMM},{Augustus_model.g784.t1;Augustus},{GeneMark_model.986_t;GeneMark}
717660	717371	internal-	6	4	{GlimmerHMM_glimmerT_908-T1;GlimmerHMM},{Augustus_model.g784.t1;Augustus},{GeneMark_model.986_t;GeneMark}
717727	717661	INTRON			{GlimmerHMM_glimmerT_908-T1;GlimmerHMM},{Augustus_model.g784.t1;Augustus},{GeneMark_model.986_t;GeneMark}
718674	717728	initial-	4	5	{GlimmerHMM_glimmerT_908-T1;GlimmerHMM},{GeneMark_model.986_t;GeneMark}

# EVM prediction: Mode:STANDARD S-ratio: 2.51 718762-719790 orient(+) score(3527.00) noncoding_equivalent(1407.91) raw_noncoding(1794.00) offset(386.09)
718762	718809	initial+	1	3	{Augustus_model.g785.t1;Augustus},{GlimmerHMM_glimmerT_909-T1;GlimmerHMM},{GeneMark_model.987_t;GeneMark}
718810	719011	INTRON			{Augustus_model.g785.t1;Augustus},{GlimmerHMM_glimmerT_909-T1;GlimmerHMM},{GeneMark_model.987_t;GeneMark}
719012	719239	internal+	1	3	{Augustus_model.g785.t1;Augustus},{GlimmerHMM_glimmerT_909-T1;GlimmerHMM},{GeneMark_model.987_t;GeneMark}
719240	719307	INTRON			{Augustus_model.g785.t1;Augustus},{GlimmerHMM_glimmerT_909-T1;GlimmerHMM},{GeneMark_model.987_t;GeneMark}
719308	719445	internal+	1	3	{Augustus_model.g785.t1;Augustus},{GlimmerHMM_glimmerT_909-T1;GlimmerHMM},{GeneMark_model.987_t;GeneMark}
719446	719592	INTRON			{Augustus_model.g785.t1;Augustus},{GlimmerHMM_glimmerT_909-T1;GlimmerHMM},{GeneMark_model.987_t;GeneMark}
719593	719790	terminal+	1	3	{Augustus_model.g785.t1;Augustus},{snap_scaffold_2-snap.315-T1;snap},{GlimmerHMM_glimmerT_909-T1;GlimmerHMM},{GeneMark_model.987_t;GeneMark}

# EVM prediction: Mode:STANDARD S-ratio: 2.19 720128-721913 orient(+) score(7199.00) noncoding_equivalent(3290.18) raw_noncoding(4225.09) offset(934.90)
720128	720168	initial+	1	2	{Augustus_model.g786.t1;Augustus},{GlimmerHMM_glimmerT_910-T1;GlimmerHMM},{GeneMark_model.988_t;GeneMark}
720169	720278	INTRON			{Augustus_model.g786.t1;Augustus},{GlimmerHMM_glimmerT_910-T1;GlimmerHMM},{GeneMark_model.988_t;GeneMark},{ev_type:exonerate/ID=match.2566964.1253/Target=lcl|KQ954481_1_prot_KWU44166_1_3367;exonerate}
720279	720346	internal+	3	1	{Augustus_model.g786.t1;Augustus},{GlimmerHMM_glimmerT_910-T1;GlimmerHMM},{GeneMark_model.988_t;GeneMark},{ev_type:exonerate/ID=match.2566964.1253/Target=lcl|KQ954481_1_prot_KWU44166_1_3367;exonerate}
720347	720441	INTRON			{Augustus_model.g786.t1;Augustus},{GlimmerHMM_glimmerT_910-T1;GlimmerHMM},{GeneMark_model.988_t;GeneMark},{ev_type:exonerate/ID=match.2566964.1253/Target=lcl|KQ954481_1_prot_KWU44166_1_3367;exonerate}
720442	720464	internal+	2	3	{Augustus_model.g786.t1;Augustus},{GlimmerHMM_glimmerT_910-T1;GlimmerHMM},{GeneMark_model.988_t;GeneMark},{ev_type:exonerate/ID=match.2566964.1253/Target=lcl|KQ954481_1_prot_KWU44166_1_3367;exonerate}
720465	720543	INTRON			{Augustus_model.g786.t1;Augustus},{GlimmerHMM_glimmerT_910-T1;GlimmerHMM},{GeneMark_model.988_t;GeneMark},{ev_type:exonerate/ID=match.2566964.1253/Target=lcl|KQ954481_1_prot_KWU44166_1_3367;exonerate}
720544	720602	internal+	1	2	{Augustus_model.g786.t1;Augustus},{GlimmerHMM_glimmerT_910-T1;GlimmerHMM},{GeneMark_model.988_t;GeneMark},{ev_type:exonerate/ID=match.2566964.1253/Target=lcl|KQ954481_1_prot_KWU44166_1_3367;exonerate}
720603	720668	INTRON			{Augustus_model.g786.t1;Augustus},{GlimmerHMM_glimmerT_910-T1;GlimmerHMM},{GeneMark_model.988_t;GeneMark},{ev_type:exonerate/ID=match.2566964.1253/Target=lcl|KQ954481_1_prot_KWU44166_1_3367;exonerate}
720669	720842	internal+	3	2	{Augustus_model.g786.t1;Augustus},{GlimmerHMM_glimmerT_910-T1;GlimmerHMM},{GeneMark_model.988_t;GeneMark},{ev_type:exonerate/ID=match.2566964.1253/Target=lcl|KQ954481_1_prot_KWU44166_1_3367;exonerate}
720843	720937	INTRON			{Augustus_model.g786.t1;Augustus},{GlimmerHMM_glimmerT_910-T1;GlimmerHMM},{GeneMark_model.988_t;GeneMark},{ev_type:exonerate/ID=match.2566964.1253/Target=lcl|KQ954481_1_prot_KWU44166_1_3367;exonerate}
720938	721116	internal+	3	1	{Augustus_model.g786.t1;Augustus},{GlimmerHMM_glimmerT_910-T1;GlimmerHMM},{GeneMark_model.988_t;GeneMark},{ev_type:exonerate/ID=match.2566964.1253/Target=lcl|KQ954481_1_prot_KWU44166_1_3367;exonerate}
721117	721192	INTRON			{Augustus_model.g786.t1;Augustus},{GlimmerHMM_glimmerT_910-T1;GlimmerHMM},{GeneMark_model.988_t;GeneMark},{ev_type:exonerate/ID=match.2566964.1253/Target=lcl|KQ954481_1_prot_KWU44166_1_3367;exonerate}
721193	721323	internal+	2	3	{Augustus_model.g786.t1;Augustus},{GeneMark_model.988_t;GeneMark},{ev_type:exonerate/ID=match.2566964.1253/Target=lcl|KQ954481_1_prot_KWU44166_1_3367;exonerate}
721324	721406	INTRON			{Augustus_model.g786.t1;Augustus},{GeneMark_model.988_t;GeneMark},{ev_type:exonerate/ID=match.2566964.1253/Target=lcl|KQ954481_1_prot_KWU44166_1_3367;exonerate}
721407	721453	internal+	1	2	{Augustus_model.g786.t1;Augustus},{GeneMark_model.988_t;GeneMark},{ev_type:exonerate/ID=match.2566964.1253/Target=lcl|KQ954481_1_prot_KWU44166_1_3367;exonerate}
721454	721516	INTRON			{Augustus_model.g786.t1;Augustus},{GeneMark_model.988_t;GeneMark},{ev_type:exonerate/ID=match.2566964.1253/Target=lcl|KQ954481_1_prot_KWU44166_1_3367;exonerate}
721517	721625	internal+	3	3	{Augustus_model.g786.t1;Augustus},{GlimmerHMM_glimmerT_910-T1;GlimmerHMM},{GeneMark_model.988_t;GeneMark},{ev_type:exonerate/ID=match.2566964.1253/Target=lcl|KQ954481_1_prot_KWU44166_1_3367;exonerate}
721626	721723	INTRON			{Augustus_model.g786.t1;Augustus},{GlimmerHMM_glimmerT_910-T1;GlimmerHMM},{GeneMark_model.988_t;GeneMark},{ev_type:exonerate/ID=match.2566964.1253/Target=lcl|KQ954481_1_prot_KWU44166_1_3367;exonerate}
721724	721785	internal+	1	2	{Augustus_model.g786.t1;Augustus},{GlimmerHMM_glimmerT_910-T1;GlimmerHMM},{GeneMark_model.988_t;GeneMark},{ev_type:exonerate/ID=match.2566964.1253/Target=lcl|KQ954481_1_prot_KWU44166_1_3367;exonerate}
721786	721876	INTRON			{Augustus_model.g786.t1;Augustus},{GlimmerHMM_glimmerT_910-T1;GlimmerHMM},{snap_scaffold_2-snap.317-T1;snap},{GeneMark_model.988_t;GeneMark},{ev_type:exonerate/ID=match.2566964.1253/Target=lcl|KQ954481_1_prot_KWU44166_1_3367;exonerate}
721877	721913	terminal+	3	3	{Augustus_model.g786.t1;Augustus},{GlimmerHMM_glimmerT_910-T1;GlimmerHMM},{GeneMark_model.988_t;GeneMark}

# EVM prediction: Mode:STANDARD S-ratio: 10.08 722410-725533 orient(+) score(11715.00) noncoding_equivalent(1162.34) raw_noncoding(1367.38) offset(205.04)
722410	722541	initial+	1	3	{Augustus_model.g787.t1;Augustus},{GeneMark_model.989_t;GeneMark},{GlimmerHMM_glimmerT_911-T1;GlimmerHMM}
722542	722623	INTRON			{Augustus_model.g787.t1;Augustus},{GeneMark_model.989_t;GeneMark},{GlimmerHMM_glimmerT_911-T1;GlimmerHMM}
722624	723070	internal+	1	3	{Augustus_model.g787.t1;Augustus},{GeneMark_model.989_t;GeneMark},{GlimmerHMM_glimmerT_911-T1;GlimmerHMM}
723071	723125	INTRON			{Augustus_model.g787.t1;Augustus},{GeneMark_model.989_t;GeneMark},{GlimmerHMM_glimmerT_911-T1;GlimmerHMM}
723126	723568	internal+	1	2	{Augustus_model.g787.t1;Augustus},{GeneMark_model.989_t;GeneMark},{GlimmerHMM_glimmerT_911-T1;GlimmerHMM}
723569	723630	INTRON			{Augustus_model.g787.t1;Augustus},{GeneMark_model.989_t;GeneMark},{GlimmerHMM_glimmerT_911-T1;GlimmerHMM}
723631	725533	terminal+	3	3	{Augustus_model.g787.t1;Augustus},{GeneMark_model.989_t;GeneMark},{snap_scaffold_2-snap.318-T1;snap},{GlimmerHMM_glimmerT_911-T1;GlimmerHMM}

# EVM prediction: Mode:STANDARD S-ratio: 2.44 725825-727307 orient(+) score(3729.00) noncoding_equivalent(1529.58) raw_noncoding(2716.00) offset(1186.42)
725825	725975	initial+	1	1	{GeneMark_model.990_t;GeneMark},{GlimmerHMM_glimmerT_912-T1;GlimmerHMM},{Augustus_model.g788.t1;Augustus}
725976	726078	INTRON			{Augustus_model.g788.t1;Augustus}
726079	726107	internal+	2	3	{Augustus_model.g788.t1;Augustus}
726108	726405	INTRON			{Augustus_model.g788.t1;Augustus}
726406	727032	internal+	1	3	{Augustus_model.g788.t1;Augustus}
727033	727097	INTRON			{GeneMark_model.990_t;GeneMark},{GlimmerHMM_glimmerT_912-T1;GlimmerHMM},{Augustus_model.g788.t1;Augustus}
727098	727307	terminal+	1	3	{GeneMark_model.990_t;GeneMark},{GlimmerHMM_glimmerT_912-T1;GlimmerHMM},{Augustus_model.g788.t1;Augustus},{snap_scaffold_2-snap.319-T1;snap}

# EVM prediction: Mode:STANDARD S-ratio: 2.87 727439-729346 orient(-) score(9898.00) noncoding_equivalent(3452.14) raw_noncoding(4443.00) offset(990.86)
727512	727439	terminal-	5	6	{GlimmerHMM_glimmerT_913-T1;GlimmerHMM},{HiQ_model.g789.t1;HiQ},{GeneMark_model.991_t;GeneMark}
727576	727513	INTRON			{GlimmerHMM_glimmerT_913-T1;GlimmerHMM},{HiQ_model.g789.t1;HiQ},{GeneMark_model.991_t;GeneMark},{ev_type:exonerate/ID=match.2566964.1244/Target=lcl|PJQD01000048_1_prot_POY72648_1_4546;exonerate}
727655	727577	internal-	4	4	{GlimmerHMM_glimmerT_913-T1;GlimmerHMM},{HiQ_model.g789.t1;HiQ},{GeneMark_model.991_t;GeneMark},{ev_type:exonerate/ID=match.2566964.1244/Target=lcl|PJQD01000048_1_prot_POY72648_1_4546;exonerate}
727719	727656	INTRON			{GlimmerHMM_glimmerT_913-T1;GlimmerHMM},{HiQ_model.g789.t1;HiQ},{GeneMark_model.991_t;GeneMark},{ev_type:exonerate/ID=match.2566964.1244/Target=lcl|PJQD01000048_1_prot_POY72648_1_4546;exonerate}
727914	727720	internal-	4	6	{GlimmerHMM_glimmerT_913-T1;GlimmerHMM},{HiQ_model.g789.t1;HiQ},{GeneMark_model.991_t;GeneMark},{ev_type:exonerate/ID=match.2566964.1244/Target=lcl|PJQD01000048_1_prot_POY72648_1_4546;exonerate}
727974	727915	INTRON			{GlimmerHMM_glimmerT_913-T1;GlimmerHMM},{HiQ_model.g789.t1;HiQ},{GeneMark_model.991_t;GeneMark},{ev_type:exonerate/ID=match.2566964.1244/Target=lcl|PJQD01000048_1_prot_POY72648_1_4546;exonerate}
728118	727975	internal-	4	6	{GlimmerHMM_glimmerT_913-T1;GlimmerHMM},{HiQ_model.g789.t1;HiQ},{GeneMark_model.991_t;GeneMark},{ev_type:exonerate/ID=match.2566964.1244/Target=lcl|PJQD01000048_1_prot_POY72648_1_4546;exonerate}
728186	728119	INTRON			{GlimmerHMM_glimmerT_913-T1;GlimmerHMM},{HiQ_model.g789.t1;HiQ},{GeneMark_model.991_t;GeneMark},{ev_type:exonerate/ID=match.2566964.1244/Target=lcl|PJQD01000048_1_prot_POY72648_1_4546;exonerate}
728547	728187	internal-	6	6	{GlimmerHMM_glimmerT_913-T1;GlimmerHMM},{HiQ_model.g789.t1;HiQ},{GeneMark_model.991_t;GeneMark},{ev_type:exonerate/ID=match.2566964.1244/Target=lcl|PJQD01000048_1_prot_POY72648_1_4546;exonerate}
728613	728548	INTRON			{GlimmerHMM_glimmerT_913-T1;GlimmerHMM},{HiQ_model.g789.t1;HiQ},{GeneMark_model.991_t;GeneMark},{ev_type:exonerate/ID=match.2566964.1244/Target=lcl|PJQD01000048_1_prot_POY72648_1_4546;exonerate}
728850	728614	internal-	6	5	{GlimmerHMM_glimmerT_913-T1;GlimmerHMM},{HiQ_model.g789.t1;HiQ},{GeneMark_model.991_t;GeneMark},{ev_type:exonerate/ID=match.2566964.1244/Target=lcl|PJQD01000048_1_prot_POY72648_1_4546;exonerate}
728954	728851	INTRON			{GlimmerHMM_glimmerT_913-T1;GlimmerHMM},{HiQ_model.g789.t1;HiQ},{GeneMark_model.991_t;GeneMark},{ev_type:exonerate/ID=match.2566964.1244/Target=lcl|PJQD01000048_1_prot_POY72648_1_4546;exonerate}
729001	728955	internal-	4	5	{GlimmerHMM_glimmerT_913-T1;GlimmerHMM},{HiQ_model.g789.t1;HiQ},{GeneMark_model.991_t;GeneMark},{ev_type:exonerate/ID=match.2566964.1244/Target=lcl|PJQD01000048_1_prot_POY72648_1_4546;exonerate}
729103	729002	INTRON			{GlimmerHMM_glimmerT_913-T1;GlimmerHMM},{HiQ_model.g789.t1;HiQ},{GeneMark_model.991_t;GeneMark},{ev_type:exonerate/ID=match.2566964.1244/Target=lcl|PJQD01000048_1_prot_POY72648_1_4546;exonerate}
729346	729104	initial-	4	6	{GlimmerHMM_glimmerT_913-T1;GlimmerHMM},{HiQ_model.g789.t1;HiQ},{GeneMark_model.991_t;GeneMark}

# EVM prediction: Mode:STANDARD S-ratio: 7.75 729547-734548 orient(-) score(20233.00) noncoding_equivalent(2610.01) raw_noncoding(2848.57) offset(238.56)
730362	729547	terminal-	4	6	{GlimmerHMM_glimmerT_914-T1;GlimmerHMM},{Augustus_model.g790.t1;Augustus},{GeneMark_model.992_t;GeneMark}
730425	730363	INTRON			{GlimmerHMM_glimmerT_914-T1;GlimmerHMM},{Augustus_model.g790.t1;Augustus},{GeneMark_model.992_t;GeneMark}
730734	730426	internal-	4	6	{GlimmerHMM_glimmerT_914-T1;GlimmerHMM},{Augustus_model.g790.t1;Augustus},{GeneMark_model.992_t;GeneMark}
730802	730735	INTRON			{GlimmerHMM_glimmerT_914-T1;GlimmerHMM},{Augustus_model.g790.t1;Augustus},{GeneMark_model.992_t;GeneMark}
731789	730803	internal-	4	6	{Augustus_model.g790.t1;Augustus},{GeneMark_model.992_t;GeneMark}
731852	731790	INTRON			{Augustus_model.g790.t1;Augustus},{GeneMark_model.992_t;GeneMark},{ev_type:exonerate/ID=match.2566964.1148/Target=lcl|KQ954481_1_prot_KWU44237_1_3439;exonerate}
732259	731853	internal-	5	6	{Augustus_model.g790.t1;Augustus},{GeneMark_model.992_t;GeneMark},{ev_type:exonerate/ID=match.2566964.1148/Target=lcl|KQ954481_1_prot_KWU44237_1_3439;exonerate}
732329	732260	INTRON			{GlimmerHMM_glimmerT_914-T1;GlimmerHMM},{Augustus_model.g790.t1;Augustus},{GeneMark_model.992_t;GeneMark},{ev_type:exonerate/ID=match.2566964.1148/Target=lcl|KQ954481_1_prot_KWU44237_1_3439;exonerate}
733395	732330	internal-	4	4	{GlimmerHMM_glimmerT_914-T1;GlimmerHMM},{Augustus_model.g790.t1;Augustus},{GeneMark_model.992_t;GeneMark}
733467	733396	INTRON			{GlimmerHMM_glimmerT_914-T1;GlimmerHMM},{Augustus_model.g790.t1;Augustus},{GeneMark_model.992_t;GeneMark},{ev_type:exonerate/ID=match.2566964.1148/Target=lcl|KQ954481_1_prot_KWU44237_1_3439;exonerate}
734362	733468	internal-	6	6	{GlimmerHMM_glimmerT_914-T1;GlimmerHMM},{Augustus_model.g790.t1;Augustus},{GeneMark_model.992_t;GeneMark}
734441	734363	INTRON			{GlimmerHMM_glimmerT_914-T1;GlimmerHMM},{Augustus_model.g790.t1;Augustus},{GeneMark_model.992_t;GeneMark}
734548	734442	initial-	4	5	{GlimmerHMM_glimmerT_914-T1;GlimmerHMM},{Augustus_model.g790.t1;Augustus},{GeneMark_model.992_t;GeneMark}

# EVM prediction: Mode:STANDARD S-ratio: 3.28 735057-736377 orient(+) score(6955.00) noncoding_equivalent(2118.00) raw_noncoding(2626.00) offset(508.00)
735057	735078	initial+	1	1	{GeneMark_model.993_t;GeneMark},{Augustus_model.g791.t1;Augustus},{GlimmerHMM_glimmerT_915-T1;GlimmerHMM}
735079	735223	INTRON			{GeneMark_model.993_t;GeneMark},{Augustus_model.g791.t1;Augustus},{GlimmerHMM_glimmerT_915-T1;GlimmerHMM}
735224	735781	internal+	2	1	{GeneMark_model.993_t;GeneMark},{Augustus_model.g791.t1;Augustus},{GlimmerHMM_glimmerT_915-T1;GlimmerHMM}
735782	735843	INTRON			{GeneMark_model.993_t;GeneMark},{Augustus_model.g791.t1;Augustus},{GlimmerHMM_glimmerT_915-T1;GlimmerHMM},{ev_type:exonerate/ID=match.2566964.1232/Target=lcl|BJWK01000002_1_prot_GEM06746_1_763;exonerate},{ev_type:exonerate/ID=match.2566964.1229/Target=lcl|LCTV02000008_1_prot_PRQ73126_1_7511;exonerate},{ev_type:exonerate/ID=match.2566964.1235/Target=lcl|NW_017264931_1_prot_XP_018272370_1_2201;exonerate}
735844	735994	internal+	2	2	{GeneMark_model.993_t;GeneMark},{Augustus_model.g791.t1;Augustus},{GlimmerHMM_glimmerT_915-T1;GlimmerHMM},{ev_type:exonerate/ID=match.2566964.1232/Target=lcl|BJWK01000002_1_prot_GEM06746_1_763;exonerate},{ev_type:exonerate/ID=match.2566964.1229/Target=lcl|LCTV02000008_1_prot_PRQ73126_1_7511;exonerate},{ev_type:exonerate/ID=match.2566964.1235/Target=lcl|NW_017264931_1_prot_XP_018272370_1_2201;exonerate}
735995	736133	INTRON			{GeneMark_model.993_t;GeneMark},{Augustus_model.g791.t1;Augustus},{GlimmerHMM_glimmerT_915-T1;GlimmerHMM},{ev_type:exonerate/ID=match.2566964.1232/Target=lcl|BJWK01000002_1_prot_GEM06746_1_763;exonerate},{ev_type:exonerate/ID=match.2566964.1229/Target=lcl|LCTV02000008_1_prot_PRQ73126_1_7511;exonerate},{ev_type:exonerate/ID=match.2566964.1235/Target=lcl|NW_017264931_1_prot_XP_018272370_1_2201;exonerate}
736134	736260	internal+	3	3	{GeneMark_model.993_t;GeneMark},{Augustus_model.g791.t1;Augustus}
736261	736368	INTRON			{GeneMark_model.993_t;GeneMark},{Augustus_model.g791.t1;Augustus}
736369	736377	terminal+	1	3	{GeneMark_model.993_t;GeneMark},{Augustus_model.g791.t1;Augustus}

# EVM prediction: Mode:STANDARD S-ratio: 3.36 736707-738629 orient(-) score(6095.00) noncoding_equivalent(1814.02) raw_noncoding(2628.00) offset(813.98)
737338	736707	terminal-	5	6	{Augustus_model.g792.t1;Augustus},{GeneMark_model.994_t;GeneMark},{GlimmerHMM_glimmerT_916-T1;GlimmerHMM}
737399	737339	INTRON			{Augustus_model.g792.t1;Augustus},{GeneMark_model.994_t;GeneMark},{GlimmerHMM_glimmerT_916-T1;GlimmerHMM}
737529	737400	internal-	4	4	{Augustus_model.g792.t1;Augustus},{GeneMark_model.994_t;GeneMark},{GlimmerHMM_glimmerT_916-T1;GlimmerHMM}
737614	737530	INTRON			{Augustus_model.g792.t1;Augustus},{GeneMark_model.994_t;GeneMark},{GlimmerHMM_glimmerT_916-T1;GlimmerHMM}
737800	737615	internal-	4	6	{Augustus_model.g792.t1;Augustus},{GeneMark_model.994_t;GeneMark},{GlimmerHMM_glimmerT_916-T1;GlimmerHMM}
737872	737801	INTRON			{Augustus_model.g792.t1;Augustus},{GeneMark_model.994_t;GeneMark},{GlimmerHMM_glimmerT_916-T1;GlimmerHMM}
738006	737873	internal-	5	6	{Augustus_model.g792.t1;Augustus},{GeneMark_model.994_t;GeneMark},{GlimmerHMM_glimmerT_916-T1;GlimmerHMM}
738071	738007	INTRON			{Augustus_model.g792.t1;Augustus},{GeneMark_model.994_t;GeneMark}
738140	738072	internal-	5	4	{Augustus_model.g792.t1;Augustus},{GeneMark_model.994_t;GeneMark}
738217	738141	INTRON			{Augustus_model.g792.t1;Augustus},{GeneMark_model.994_t;GeneMark}
738302	738218	internal-	4	4	{GeneMark_model.994_t;GeneMark}
738404	738303	INTRON			{GeneMark_model.994_t;GeneMark}
738629	738405	initial-	4	6	{GeneMark_model.994_t;GeneMark}

# EVM prediction: Mode:STANDARD S-ratio: 4.01 738889-741281 orient(-) score(14923.00) noncoding_equivalent(3718.37) raw_noncoding(5129.45) offset(1411.09)
739135	738889	terminal-	6	6	{snap_scaffold_2-snap.325-T1;snap},{HiQ_model.g793.t1;HiQ},{GlimmerHMM_glimmerT_917-T1;GlimmerHMM},{GeneMark_model.995_t;GeneMark}
739194	739136	INTRON			{HiQ_model.g793.t1;HiQ},{GlimmerHMM_glimmerT_917-T1;GlimmerHMM},{GeneMark_model.995_t;GeneMark},{ev_type:exonerate/ID=match.2566964.1147/Target=lcl|KQ954481_1_prot_KWU44232_1_3434;exonerate},{ev_type:exonerate/ID=match.2566964.1124/Target=lcl|PJQD01000048_1_prot_POY72643_1_4541;exonerate}
739222	739195	internal-	5	5	{HiQ_model.g793.t1;HiQ},{GlimmerHMM_glimmerT_917-T1;GlimmerHMM},{GeneMark_model.995_t;GeneMark},{ev_type:exonerate/ID=match.2566964.1147/Target=lcl|KQ954481_1_prot_KWU44232_1_3434;exonerate},{ev_type:exonerate/ID=match.2566964.1124/Target=lcl|PJQD01000048_1_prot_POY72643_1_4541;exonerate}
739287	739223	INTRON			{HiQ_model.g793.t1;HiQ},{GlimmerHMM_glimmerT_917-T1;GlimmerHMM},{GeneMark_model.995_t;GeneMark},{ev_type:exonerate/ID=match.2566964.1147/Target=lcl|KQ954481_1_prot_KWU44232_1_3434;exonerate},{ev_type:exonerate/ID=match.2566964.1124/Target=lcl|PJQD01000048_1_prot_POY72643_1_4541;exonerate}
739362	739288	internal-	5	4	{HiQ_model.g793.t1;HiQ},{GlimmerHMM_glimmerT_917-T1;GlimmerHMM},{GeneMark_model.995_t;GeneMark},{ev_type:exonerate/ID=match.2566964.1147/Target=lcl|KQ954481_1_prot_KWU44232_1_3434;exonerate},{ev_type:exonerate/ID=match.2566964.1124/Target=lcl|PJQD01000048_1_prot_POY72643_1_4541;exonerate}
739432	739363	INTRON			{HiQ_model.g793.t1;HiQ},{GlimmerHMM_glimmerT_917-T1;GlimmerHMM},{GeneMark_model.995_t;GeneMark},{ev_type:exonerate/ID=match.2566964.1147/Target=lcl|KQ954481_1_prot_KWU44232_1_3434;exonerate},{ev_type:exonerate/ID=match.2566964.1124/Target=lcl|PJQD01000048_1_prot_POY72643_1_4541;exonerate}
739527	739433	internal-	6	4	{HiQ_model.g793.t1;HiQ},{GlimmerHMM_glimmerT_917-T1;GlimmerHMM},{GeneMark_model.995_t;GeneMark},{ev_type:exonerate/ID=match.2566964.1147/Target=lcl|KQ954481_1_prot_KWU44232_1_3434;exonerate},{ev_type:exonerate/ID=match.2566964.1124/Target=lcl|PJQD01000048_1_prot_POY72643_1_4541;exonerate}
739589	739528	INTRON			{HiQ_model.g793.t1;HiQ},{GlimmerHMM_glimmerT_917-T1;GlimmerHMM},{GeneMark_model.995_t;GeneMark},{ev_type:exonerate/ID=match.2566964.1147/Target=lcl|KQ954481_1_prot_KWU44232_1_3434;exonerate},{ev_type:exonerate/ID=match.2566964.1124/Target=lcl|PJQD01000048_1_prot_POY72643_1_4541;exonerate}
739631	739590	internal-	6	5	{HiQ_model.g793.t1;HiQ},{GlimmerHMM_glimmerT_917-T1;GlimmerHMM},{GeneMark_model.995_t;GeneMark},{ev_type:exonerate/ID=match.2566964.1147/Target=lcl|KQ954481_1_prot_KWU44232_1_3434;exonerate},{ev_type:exonerate/ID=match.2566964.1124/Target=lcl|PJQD01000048_1_prot_POY72643_1_4541;exonerate}
739697	739632	INTRON			{HiQ_model.g793.t1;HiQ},{GlimmerHMM_glimmerT_917-T1;GlimmerHMM},{GeneMark_model.995_t;GeneMark},{ev_type:exonerate/ID=match.2566964.1147/Target=lcl|KQ954481_1_prot_KWU44232_1_3434;exonerate},{ev_type:exonerate/ID=match.2566964.1124/Target=lcl|PJQD01000048_1_prot_POY72643_1_4541;exonerate}
739731	739698	internal-	5	5	{HiQ_model.g793.t1;HiQ},{GlimmerHMM_glimmerT_917-T1;GlimmerHMM},{GeneMark_model.995_t;GeneMark},{ev_type:exonerate/ID=match.2566964.1147/Target=lcl|KQ954481_1_prot_KWU44232_1_3434;exonerate},{ev_type:exonerate/ID=match.2566964.1124/Target=lcl|PJQD01000048_1_prot_POY72643_1_4541;exonerate}
739795	739732	INTRON			{HiQ_model.g793.t1;HiQ},{GlimmerHMM_glimmerT_917-T1;GlimmerHMM},{GeneMark_model.995_t;GeneMark},{ev_type:exonerate/ID=match.2566964.1147/Target=lcl|KQ954481_1_prot_KWU44232_1_3434;exonerate},{ev_type:exonerate/ID=match.2566964.1124/Target=lcl|PJQD01000048_1_prot_POY72643_1_4541;exonerate}
739871	739796	internal-	4	4	{HiQ_model.g793.t1;HiQ},{GeneMark_model.995_t;GeneMark},{ev_type:exonerate/ID=match.2566964.1147/Target=lcl|KQ954481_1_prot_KWU44232_1_3434;exonerate},{ev_type:exonerate/ID=match.2566964.1124/Target=lcl|PJQD01000048_1_prot_POY72643_1_4541;exonerate}
739940	739872	INTRON			{HiQ_model.g793.t1;HiQ},{GeneMark_model.995_t;GeneMark},{ev_type:exonerate/ID=match.2566964.1147/Target=lcl|KQ954481_1_prot_KWU44232_1_3434;exonerate},{ev_type:exonerate/ID=match.2566964.1124/Target=lcl|PJQD01000048_1_prot_POY72643_1_4541;exonerate}
740239	739941	internal-	5	6	{HiQ_model.g793.t1;HiQ},{GlimmerHMM_glimmerT_917-T1;GlimmerHMM},{GeneMark_model.995_t;GeneMark},{ev_type:exonerate/ID=match.2566964.1147/Target=lcl|KQ954481_1_prot_KWU44232_1_3434;exonerate},{ev_type:exonerate/ID=match.2566964.1124/Target=lcl|PJQD01000048_1_prot_POY72643_1_4541;exonerate}
740309	740240	INTRON			{HiQ_model.g793.t1;HiQ},{GlimmerHMM_glimmerT_917-T1;GlimmerHMM},{GeneMark_model.995_t;GeneMark},{ev_type:exonerate/ID=match.2566964.1147/Target=lcl|KQ954481_1_prot_KWU44232_1_3434;exonerate},{ev_type:exonerate/ID=match.2566964.1124/Target=lcl|PJQD01000048_1_prot_POY72643_1_4541;exonerate}
740432	740310	internal-	5	4	{HiQ_model.g793.t1;HiQ},{GlimmerHMM_glimmerT_917-T1;GlimmerHMM},{GeneMark_model.995_t;GeneMark},{ev_type:exonerate/ID=match.2566964.1147/Target=lcl|KQ954481_1_prot_KWU44232_1_3434;exonerate},{ev_type:exonerate/ID=match.2566964.1124/Target=lcl|PJQD01000048_1_prot_POY72643_1_4541;exonerate}
740497	740433	INTRON			{HiQ_model.g793.t1;HiQ},{GlimmerHMM_glimmerT_917-T1;GlimmerHMM},{GeneMark_model.995_t;GeneMark},{ev_type:exonerate/ID=match.2566964.1147/Target=lcl|KQ954481_1_prot_KWU44232_1_3434;exonerate},{ev_type:exonerate/ID=match.2566964.1124/Target=lcl|PJQD01000048_1_prot_POY72643_1_4541;exonerate}
740636	740498	internal-	4	4	{HiQ_model.g793.t1;HiQ},{GlimmerHMM_glimmerT_917-T1;GlimmerHMM},{GeneMark_model.995_t;GeneMark},{ev_type:exonerate/ID=match.2566964.1147/Target=lcl|KQ954481_1_prot_KWU44232_1_3434;exonerate},{ev_type:exonerate/ID=match.2566964.1124/Target=lcl|PJQD01000048_1_prot_POY72643_1_4541;exonerate}
740726	740637	INTRON			{HiQ_model.g793.t1;HiQ},{GlimmerHMM_glimmerT_917-T1;GlimmerHMM},{GeneMark_model.995_t;GeneMark},{ev_type:exonerate/ID=match.2566964.1147/Target=lcl|KQ954481_1_prot_KWU44232_1_3434;exonerate},{ev_type:exonerate/ID=match.2566964.1124/Target=lcl|PJQD01000048_1_prot_POY72643_1_4541;exonerate}
740929	740727	internal-	5	6	{HiQ_model.g793.t1;HiQ},{GlimmerHMM_glimmerT_917-T1;GlimmerHMM},{GeneMark_model.995_t;GeneMark},{ev_type:exonerate/ID=match.2566964.1124/Target=lcl|PJQD01000048_1_prot_POY72643_1_4541;exonerate}
741052	740930	INTRON			{HiQ_model.g793.t1;HiQ},{GlimmerHMM_glimmerT_917-T1;GlimmerHMM},{GeneMark_model.995_t;GeneMark},{ev_type:exonerate/ID=match.2566964.1124/Target=lcl|PJQD01000048_1_prot_POY72643_1_4541;exonerate}
741281	741053	initial-	4	4	{HiQ_model.g793.t1;HiQ},{GlimmerHMM_glimmerT_917-T1;GlimmerHMM},{GeneMark_model.995_t;GeneMark}

# EVM prediction: Mode:STANDARD S-ratio: 1.75 741515-742143 orient(+) score(1813.00) noncoding_equivalent(1035.00) raw_noncoding(1352.00) offset(317.00)
741515	741653	initial+	1	1	{GeneMark_model.996_t;GeneMark},{GlimmerHMM_glimmerT_918-T1;GlimmerHMM},{Augustus_model.g794.t1;Augustus}
741654	741736	INTRON			{GeneMark_model.996_t;GeneMark},{GlimmerHMM_glimmerT_918-T1;GlimmerHMM},{Augustus_model.g794.t1;Augustus}
741737	741818	internal+	2	2	{GeneMark_model.996_t;GeneMark},{GlimmerHMM_glimmerT_918-T1;GlimmerHMM},{Augustus_model.g794.t1;Augustus}
741819	741906	INTRON			{GeneMark_model.996_t;GeneMark},{GlimmerHMM_glimmerT_918-T1;GlimmerHMM},{Augustus_model.g794.t1;Augustus}
741907	741997	internal+	3	3	{GlimmerHMM_glimmerT_918-T1;GlimmerHMM},{Augustus_model.g794.t1;Augustus}
741998	742071	INTRON			{GlimmerHMM_glimmerT_918-T1;GlimmerHMM},{Augustus_model.g794.t1;Augustus}
742072	742143	terminal+	1	3	{GeneMark_model.996_t;GeneMark},{GlimmerHMM_glimmerT_918-T1;GlimmerHMM},{Augustus_model.g794.t1;Augustus}

# EVM prediction: Mode:STANDARD S-ratio: 5.68 742292-744367 orient(-) score(7306.00) noncoding_equivalent(1286.29) raw_noncoding(1615.31) offset(329.02)
743165	742292	terminal-	6	6	{GeneMark_model.997_t;GeneMark},{Augustus_model.g795.t1;Augustus}
743229	743166	INTRON			{GeneMark_model.997_t;GeneMark},{Augustus_model.g795.t1;Augustus}
743779	743230	internal-	5	5	{GeneMark_model.997_t;GeneMark},{Augustus_model.g795.t1;Augustus}
743841	743780	INTRON			{GeneMark_model.997_t;GeneMark},{Augustus_model.g795.t1;Augustus}
744070	743842	internal-	4	4	{GeneMark_model.997_t;GeneMark},{Augustus_model.g795.t1;Augustus}
744144	744071	INTRON			{GlimmerHMM_glimmerT_919-T1;GlimmerHMM},{GeneMark_model.997_t;GeneMark},{Augustus_model.g795.t1;Augustus}
744278	744145	internal-	5	6	{GlimmerHMM_glimmerT_919-T1;GlimmerHMM},{GeneMark_model.997_t;GeneMark},{Augustus_model.g795.t1;Augustus}
744354	744279	INTRON			{GlimmerHMM_glimmerT_919-T1;GlimmerHMM},{GeneMark_model.997_t;GeneMark},{Augustus_model.g795.t1;Augustus}
744367	744355	initial-	4	4	{Augustus_model.g795.t1;Augustus}

# EVM prediction: Mode:STANDARD S-ratio: 26.46 746069-747730 orient(-) score(6403.00) noncoding_equivalent(242.03) raw_noncoding(408.76) offset(166.73)
747586	746069	terminal-	4	6	{Augustus_model.g796.t1;Augustus},{GeneMark_model.998_t;GeneMark}
747673	747587	INTRON			{Augustus_model.g796.t1;Augustus},{GeneMark_model.998_t;GeneMark}
747730	747674	initial-	4	6	{Augustus_model.g796.t1;Augustus},{GeneMark_model.998_t;GeneMark}

# EVM prediction: Mode:STANDARD S-ratio: 4.20 747886-749125 orient(+) score(4211.00) noncoding_equivalent(1003.66) raw_noncoding(1195.00) offset(191.34)
747886	748141	initial+	1	1	{GlimmerHMM_glimmerT_921-T1;GlimmerHMM},{GeneMark_model.999_t;GeneMark}
748142	748209	INTRON			{GlimmerHMM_glimmerT_921-T1;GlimmerHMM},{GeneMark_model.999_t;GeneMark},{Augustus_model.g797.t1;Augustus}
748210	748263	internal+	2	1	{GlimmerHMM_glimmerT_921-T1;GlimmerHMM},{GeneMark_model.999_t;GeneMark},{Augustus_model.g797.t1;Augustus}
748264	748328	INTRON			{GlimmerHMM_glimmerT_921-T1;GlimmerHMM},{GeneMark_model.999_t;GeneMark},{Augustus_model.g797.t1;Augustus}
748329	748915	internal+	2	3	{GlimmerHMM_glimmerT_921-T1;GlimmerHMM},{GeneMark_model.999_t;GeneMark},{Augustus_model.g797.t1;Augustus}
748916	748984	INTRON			{GeneMark_model.999_t;GeneMark},{Augustus_model.g797.t1;Augustus}
748985	749125	terminal+	1	3	{GeneMark_model.999_t;GeneMark},{Augustus_model.g797.t1;Augustus}

# EVM prediction: Mode:STANDARD S-ratio: 5.64 749317-751746 orient(-) score(8836.00) noncoding_equivalent(1565.36) raw_noncoding(2058.00) offset(492.64)
750941	749317	terminal-	5	6	{GeneMark_model.1000_t;GeneMark},{GlimmerHMM_glimmerT_922-T1;GlimmerHMM},{Augustus_model.g798.t1;Augustus}
751010	750942	INTRON			{GeneMark_model.1000_t;GeneMark},{GlimmerHMM_glimmerT_922-T1;GlimmerHMM},{Augustus_model.g798.t1;Augustus}
751132	751011	internal-	6	4	{GeneMark_model.1000_t;GeneMark},{GlimmerHMM_glimmerT_922-T1;GlimmerHMM},{Augustus_model.g798.t1;Augustus}
751200	751133	INTRON			{GeneMark_model.1000_t;GeneMark},{GlimmerHMM_glimmerT_922-T1;GlimmerHMM}
751337	751201	internal-	4	5	{GeneMark_model.1000_t;GeneMark},{GlimmerHMM_glimmerT_922-T1;GlimmerHMM}
751614	751338	INTRON			{GeneMark_model.1000_t;GeneMark},{GlimmerHMM_glimmerT_922-T1;GlimmerHMM},{Augustus_model.g798.t1;Augustus}
751746	751615	initial-	4	6	{GeneMark_model.1000_t;GeneMark},{GlimmerHMM_glimmerT_922-T1;GlimmerHMM},{Augustus_model.g798.t1;Augustus}

# EVM prediction: Mode:STANDARD S-ratio: 2.71 752270-753687 orient(-) score(5435.00) noncoding_equivalent(2002.49) raw_noncoding(2974.07) offset(971.58)
752377	752270	terminal-	4	6	{Augustus_model.g799.t1;Augustus},{GeneMark_model.1001_t;GeneMark}
752449	752378	INTRON			{Augustus_model.g799.t1;Augustus},{GeneMark_model.1001_t;GeneMark},{ev_type:exonerate/ID=match.2566964.1291/Target=lcl|PJQD01000048_1_prot_POY72638_1_4536;exonerate},{ev_type:exonerate/ID=match.2566964.1296/Target=lcl|NW_017264931_1_prot_XP_018272374_1_2205;exonerate}
752652	752450	internal-	5	6	{Augustus_model.g799.t1;Augustus},{GeneMark_model.1001_t;GeneMark},{ev_type:exonerate/ID=match.2566964.1291/Target=lcl|PJQD01000048_1_prot_POY72638_1_4536;exonerate},{ev_type:exonerate/ID=match.2566964.1296/Target=lcl|NW_017264931_1_prot_XP_018272374_1_2205;exonerate}
752721	752653	INTRON			{Augustus_model.g799.t1;Augustus},{GeneMark_model.1001_t;GeneMark},{GlimmerHMM_glimmerT_923-T1;GlimmerHMM},{ev_type:exonerate/ID=match.2566964.1291/Target=lcl|PJQD01000048_1_prot_POY72638_1_4536;exonerate},{ev_type:exonerate/ID=match.2566964.1296/Target=lcl|NW_017264931_1_prot_XP_018272374_1_2205;exonerate}
752831	752722	internal-	6	4	{Augustus_model.g799.t1;Augustus},{GeneMark_model.1001_t;GeneMark},{GlimmerHMM_glimmerT_923-T1;GlimmerHMM},{ev_type:exonerate/ID=match.2566964.1291/Target=lcl|PJQD01000048_1_prot_POY72638_1_4536;exonerate},{ev_type:exonerate/ID=match.2566964.1296/Target=lcl|NW_017264931_1_prot_XP_018272374_1_2205;exonerate}
752900	752832	INTRON			{Augustus_model.g799.t1;Augustus},{GeneMark_model.1001_t;GeneMark},{GlimmerHMM_glimmerT_923-T1;GlimmerHMM},{ev_type:exonerate/ID=match.2566964.1291/Target=lcl|PJQD01000048_1_prot_POY72638_1_4536;exonerate},{ev_type:exonerate/ID=match.2566964.1296/Target=lcl|NW_017264931_1_prot_XP_018272374_1_2205;exonerate}
752984	752901	internal-	6	5	{Augustus_model.g799.t1;Augustus},{GeneMark_model.1001_t;GeneMark},{GlimmerHMM_glimmerT_923-T1;GlimmerHMM},{ev_type:exonerate/ID=match.2566964.1296/Target=lcl|NW_017264931_1_prot_XP_018272374_1_2205;exonerate}
753059	752985	INTRON			{Augustus_model.g799.t1;Augustus},{GeneMark_model.1001_t;GeneMark},{GlimmerHMM_glimmerT_923-T1;GlimmerHMM}
753166	753060	internal-	4	5	{Augustus_model.g799.t1;Augustus},{GeneMark_model.1001_t;GeneMark}
753273	753167	INTRON			{Augustus_model.g799.t1;Augustus},{GeneMark_model.1001_t;GeneMark}
753289	753274	internal-	6	6	{Augustus_model.g799.t1;Augustus},{GeneMark_model.1001_t;GeneMark}
753375	753290	INTRON			{Augustus_model.g799.t1;Augustus},{GeneMark_model.1001_t;GeneMark},{ev_type:exonerate/ID=match.2566964.1296/Target=lcl|NW_017264931_1_prot_XP_018272374_1_2205;exonerate}
753476	753376	internal-	4	5	{Augustus_model.g799.t1;Augustus},{GeneMark_model.1001_t;GeneMark}
753600	753477	INTRON			{GlimmerHMM_glimmerT_923-T1;GlimmerHMM}
753687	753601	initial-	4	6	{GlimmerHMM_glimmerT_923-T1;GlimmerHMM}

# EVM prediction: Mode:STANDARD S-ratio: 2.26 754954-755758 orient(+) score(2607.00) noncoding_equivalent(1154.27) raw_noncoding(1366.00) offset(211.73)
754954	755141	initial+	1	2	{Augustus_model.g800.t1;Augustus},{GlimmerHMM_glimmerT_924-T1;GlimmerHMM},{GeneMark_model.1002_t;GeneMark}
755142	755232	INTRON			{Augustus_model.g800.t1;Augustus},{GlimmerHMM_glimmerT_924-T1;GlimmerHMM},{GeneMark_model.1002_t;GeneMark}
755233	755338	internal+	3	3	{Augustus_model.g800.t1;Augustus},{GlimmerHMM_glimmerT_924-T1;GlimmerHMM},{GeneMark_model.1002_t;GeneMark}
755339	755419	INTRON			{Augustus_model.g800.t1;Augustus},{GlimmerHMM_glimmerT_924-T1;GlimmerHMM},{GeneMark_model.1002_t;GeneMark}
755420	755605	internal+	1	3	{Augustus_model.g800.t1;Augustus},{GlimmerHMM_glimmerT_924-T1;GlimmerHMM},{GeneMark_model.1002_t;GeneMark}
755606	755710	INTRON			{Augustus_model.g800.t1;Augustus},{GlimmerHMM_glimmerT_924-T1;GlimmerHMM},{GeneMark_model.1002_t;GeneMark}
755711	755758	terminal+	1	3	{Augustus_model.g800.t1;Augustus},{GlimmerHMM_glimmerT_924-T1;GlimmerHMM},{GeneMark_model.1002_t;GeneMark}

# EVM prediction: Mode:STANDARD S-ratio: 1.94 756388-757183 orient(+) score(2388.00) noncoding_equivalent(1230.00) raw_noncoding(1465.00) offset(235.00)
756388	756551	initial+	1	2	{GeneMark_model.1003_t;GeneMark},{Augustus_model.g801.t1;Augustus},{GlimmerHMM_glimmerT_925-T1;GlimmerHMM}
756552	756639	INTRON			{GeneMark_model.1003_t;GeneMark},{Augustus_model.g801.t1;Augustus},{GlimmerHMM_glimmerT_925-T1;GlimmerHMM}
756640	756745	internal+	3	3	{GeneMark_model.1003_t;GeneMark},{Augustus_model.g801.t1;Augustus},{GlimmerHMM_glimmerT_925-T1;GlimmerHMM}
756746	756818	INTRON			{GeneMark_model.1003_t;GeneMark},{Augustus_model.g801.t1;Augustus},{GlimmerHMM_glimmerT_925-T1;GlimmerHMM}
756819	757046	internal+	1	3	{GeneMark_model.1003_t;GeneMark},{Augustus_model.g801.t1;Augustus},{GlimmerHMM_glimmerT_925-T1;GlimmerHMM}
757047	757108	INTRON			{GeneMark_model.1003_t;GeneMark},{Augustus_model.g801.t1;Augustus},{GlimmerHMM_glimmerT_925-T1;GlimmerHMM}
757109	757183	terminal+	1	3	{GeneMark_model.1003_t;GeneMark},{Augustus_model.g801.t1;Augustus},{GlimmerHMM_glimmerT_925-T1;GlimmerHMM}

# EVM prediction: Mode:STANDARD S-ratio: 5.62 757323-761832 orient(-) score(16015.00) noncoding_equivalent(2848.75) raw_noncoding(3332.00) offset(483.25)
757446	757323	terminal-	6	6	{GeneMark_model.1004_t;GeneMark},{GlimmerHMM_glimmerT_926-T1;GlimmerHMM},{Augustus_model.g802.t1;Augustus}
757516	757447	INTRON			{GeneMark_model.1004_t;GeneMark},{GlimmerHMM_glimmerT_926-T1;GlimmerHMM},{Augustus_model.g802.t1;Augustus}
758540	757517	internal-	5	5	{GeneMark_model.1004_t;GeneMark},{GlimmerHMM_glimmerT_926-T1;GlimmerHMM},{Augustus_model.g802.t1;Augustus}
758601	758541	INTRON			{GeneMark_model.1004_t;GeneMark},{GlimmerHMM_glimmerT_926-T1;GlimmerHMM},{Augustus_model.g802.t1;Augustus}
758908	758602	internal-	4	4	{GeneMark_model.1004_t;GeneMark},{GlimmerHMM_glimmerT_926-T1;GlimmerHMM},{Augustus_model.g802.t1;Augustus}
758974	758909	INTRON			{GeneMark_model.1004_t;GeneMark},{GlimmerHMM_glimmerT_926-T1;GlimmerHMM},{Augustus_model.g802.t1;Augustus}
759147	758975	internal-	5	6	{GeneMark_model.1004_t;GeneMark},{GlimmerHMM_glimmerT_926-T1;GlimmerHMM},{Augustus_model.g802.t1;Augustus}
759204	759148	INTRON			{GeneMark_model.1004_t;GeneMark},{GlimmerHMM_glimmerT_926-T1;GlimmerHMM},{Augustus_model.g802.t1;Augustus}
759349	759205	internal-	4	4	{GeneMark_model.1004_t;GeneMark},{GlimmerHMM_glimmerT_926-T1;GlimmerHMM},{Augustus_model.g802.t1;Augustus}
759407	759350	INTRON			{GeneMark_model.1004_t;GeneMark},{GlimmerHMM_glimmerT_926-T1;GlimmerHMM},{Augustus_model.g802.t1;Augustus}
759830	759408	internal-	4	6	{GeneMark_model.1004_t;GeneMark},{GlimmerHMM_glimmerT_926-T1;GlimmerHMM},{Augustus_model.g802.t1;Augustus}
759890	759831	INTRON			{GeneMark_model.1004_t;GeneMark},{GlimmerHMM_glimmerT_926-T1;GlimmerHMM},{Augustus_model.g802.t1;Augustus}
761184	759891	internal-	6	6	{GeneMark_model.1004_t;GeneMark},{GlimmerHMM_glimmerT_926-T1;GlimmerHMM},{Augustus_model.g802.t1;Augustus}
761241	761185	INTRON			{GeneMark_model.1004_t;GeneMark},{GlimmerHMM_glimmerT_926-T1;GlimmerHMM},{Augustus_model.g802.t1;Augustus}
761393	761242	internal-	4	5	{GeneMark_model.1004_t;GeneMark},{Augustus_model.g802.t1;Augustus}
761466	761394	INTRON			{GeneMark_model.1004_t;GeneMark},{Augustus_model.g802.t1;Augustus}
761832	761467	initial-	4	6	{GeneMark_model.1004_t;GeneMark},{Augustus_model.g802.t1;Augustus}

# EVM prediction: Mode:STANDARD S-ratio: 4.11 761969-763850 orient(+) score(7888.00) noncoding_equivalent(1920.74) raw_noncoding(2409.34) offset(488.60)
761969	762028	initial+	1	3	{Augustus_model.g803.t1;Augustus},{GeneMark_model.1005_t;GeneMark},{GlimmerHMM_glimmerT_927-T1;GlimmerHMM}
762029	762130	INTRON			{Augustus_model.g803.t1;Augustus},{GeneMark_model.1005_t;GeneMark},{GlimmerHMM_glimmerT_927-T1;GlimmerHMM},{ev_type:exonerate/ID=match.2566964.1135/Target=lcl|PJQD01000048_1_prot_POY72635_1_4532;exonerate}
762131	762682	internal+	1	3	{Augustus_model.g803.t1;Augustus},{GeneMark_model.1005_t;GeneMark},{GlimmerHMM_glimmerT_927-T1;GlimmerHMM},{ev_type:exonerate/ID=match.2566964.1135/Target=lcl|PJQD01000048_1_prot_POY72635_1_4532;exonerate}
762683	762753	INTRON			{Augustus_model.g803.t1;Augustus},{GeneMark_model.1005_t;GeneMark},{GlimmerHMM_glimmerT_927-T1;GlimmerHMM},{ev_type:exonerate/ID=match.2566964.1135/Target=lcl|PJQD01000048_1_prot_POY72635_1_4532;exonerate}
762754	762981	internal+	1	3	{Augustus_model.g803.t1;Augustus},{GeneMark_model.1005_t;GeneMark},{GlimmerHMM_glimmerT_927-T1;GlimmerHMM},{ev_type:exonerate/ID=match.2566964.1135/Target=lcl|PJQD01000048_1_prot_POY72635_1_4532;exonerate}
762982	763043	INTRON			{Augustus_model.g803.t1;Augustus},{GeneMark_model.1005_t;GeneMark},{ev_type:exonerate/ID=match.2566964.1135/Target=lcl|PJQD01000048_1_prot_POY72635_1_4532;exonerate}
763044	763580	internal+	1	3	{Augustus_model.g803.t1;Augustus},{GeneMark_model.1005_t;GeneMark},{ev_type:exonerate/ID=match.2566964.1135/Target=lcl|PJQD01000048_1_prot_POY72635_1_4532;exonerate}
763581	763663	INTRON			{Augustus_model.g803.t1;Augustus},{GeneMark_model.1005_t;GeneMark},{GlimmerHMM_glimmerT_927-T1;GlimmerHMM},{ev_type:exonerate/ID=match.2566964.1135/Target=lcl|PJQD01000048_1_prot_POY72635_1_4532;exonerate}
763664	763753	internal+	1	3	{Augustus_model.g803.t1;Augustus},{GeneMark_model.1005_t;GeneMark},{GlimmerHMM_glimmerT_927-T1;GlimmerHMM}
763754	763835	INTRON			{Augustus_model.g803.t1;Augustus},{GeneMark_model.1005_t;GeneMark}
763836	763850	terminal+	1	3	{Augustus_model.g803.t1;Augustus},{GeneMark_model.1005_t;GeneMark}

# EVM prediction: Mode:STANDARD S-ratio: 259.77 765213-766589 orient(+) score(5483.00) noncoding_equivalent(21.11) raw_noncoding(21.11) offset(0.00)
765213	766589	single+	1	3	{Augustus_model.g804.t1;Augustus},{GeneMark_model.1006_t;GeneMark}

# EVM prediction: Mode:STANDARD S-ratio: 1.44 767152-767971 orient(-) score(2780.00) noncoding_equivalent(1930.00) raw_noncoding(2497.00) offset(567.00)
767216	767152	terminal-	5	6	{GeneMark_model.1007_t;GeneMark},{Augustus_model.g805.t1;Augustus},{GlimmerHMM_glimmerT_928-T1;GlimmerHMM}
767299	767217	INTRON			{GeneMark_model.1007_t;GeneMark},{Augustus_model.g805.t1;Augustus},{GlimmerHMM_glimmerT_928-T1;GlimmerHMM},{ev_type:exonerate/ID=match.2566964.1366/Target=lcl|KQ954481_1_prot_KWU44220_1_3422;exonerate}
767474	767300	internal-	4	4	{GeneMark_model.1007_t;GeneMark},{Augustus_model.g805.t1;Augustus},{GlimmerHMM_glimmerT_928-T1;GlimmerHMM}
767950	767475	INTRON			{GeneMark_model.1007_t;GeneMark},{Augustus_model.g805.t1;Augustus},{GlimmerHMM_glimmerT_928-T1;GlimmerHMM}
767971	767951	initial-	4	6	{GeneMark_model.1007_t;GeneMark},{Augustus_model.g805.t1;Augustus},{GlimmerHMM_glimmerT_928-T1;GlimmerHMM}

# EVM prediction: Mode:STANDARD S-ratio: 1.66 768321-769085 orient(+) score(2184.00) noncoding_equivalent(1316.77) raw_noncoding(1689.00) offset(372.23)
768321	768421	initial+	1	2	{GeneMark_model.1008_t;GeneMark},{Augustus_model.g806.t1;Augustus}
768422	768490	INTRON			{GeneMark_model.1008_t;GeneMark},{Augustus_model.g806.t1;Augustus}
768491	768551	internal+	3	3	{GeneMark_model.1008_t;GeneMark},{Augustus_model.g806.t1;Augustus},{GlimmerHMM_glimmerT_929-T1;GlimmerHMM}
768552	768689	INTRON			{GeneMark_model.1008_t;GeneMark},{Augustus_model.g806.t1;Augustus},{GlimmerHMM_glimmerT_929-T1;GlimmerHMM}
768690	768911	internal+	1	3	{GeneMark_model.1008_t;GeneMark},{Augustus_model.g806.t1;Augustus},{GlimmerHMM_glimmerT_929-T1;GlimmerHMM}
768912	768998	INTRON			{GeneMark_model.1008_t;GeneMark},{Augustus_model.g806.t1;Augustus},{GlimmerHMM_glimmerT_929-T1;GlimmerHMM}
768999	769085	terminal+	1	3	{GeneMark_model.1008_t;GeneMark},{Augustus_model.g806.t1;Augustus},{GlimmerHMM_glimmerT_929-T1;GlimmerHMM}

# EVM prediction: Mode:STANDARD S-ratio: 1.00 769196-770134 orient(-) score(1878.00) noncoding_equivalent(1878.00) raw_noncoding(2070.00) offset(192.00)
769859	769196	terminal-	6	6	{GlimmerHMM_glimmerT_930-T1;GlimmerHMM},{GeneMark_model.1009_t;GeneMark}
769955	769860	INTRON			{GlimmerHMM_glimmerT_930-T1;GlimmerHMM},{GeneMark_model.1009_t;GeneMark}
770134	769956	initial-	4	5	{GlimmerHMM_glimmerT_930-T1;GlimmerHMM},{GeneMark_model.1009_t;GeneMark}

# EVM prediction: Mode:STANDARD S-ratio: 2.82 770522-771909 orient(+) score(4395.00) noncoding_equivalent(1558.62) raw_noncoding(2036.59) offset(477.98)
770522	770803	initial+	1	3	{Augustus_model.g807.t1;Augustus},{GlimmerHMM_glimmerT_931-T1;GlimmerHMM},{GeneMark_model.1010_t;GeneMark}
770804	770872	INTRON			{Augustus_model.g807.t1;Augustus},{GlimmerHMM_glimmerT_931-T1;GlimmerHMM},{GeneMark_model.1010_t;GeneMark}
770873	770900	internal+	1	1	{Augustus_model.g807.t1;Augustus},{GlimmerHMM_glimmerT_931-T1;GlimmerHMM},{GeneMark_model.1010_t;GeneMark}
770901	770974	INTRON			{Augustus_model.g807.t1;Augustus},{GlimmerHMM_glimmerT_931-T1;GlimmerHMM},{GeneMark_model.1010_t;GeneMark}
770975	771078	internal+	2	3	{Augustus_model.g807.t1;Augustus},{GlimmerHMM_glimmerT_931-T1;GlimmerHMM},{GeneMark_model.1010_t;GeneMark}
771079	771164	INTRON			{Augustus_model.g807.t1;Augustus},{GeneMark_model.1010_t;GeneMark}
771165	771188	internal+	1	3	{Augustus_model.g807.t1;Augustus},{GeneMark_model.1010_t;GeneMark}
771189	771261	INTRON			{Augustus_model.g807.t1;Augustus},{GeneMark_model.1010_t;GeneMark}
771262	771439	internal+	1	1	{Augustus_model.g807.t1;Augustus},{GlimmerHMM_glimmerT_931-T1;GlimmerHMM},{GeneMark_model.1010_t;GeneMark}
771440	771505	INTRON			{Augustus_model.g807.t1;Augustus},{GlimmerHMM_glimmerT_931-T1;GlimmerHMM},{GeneMark_model.1010_t;GeneMark}
771506	771909	terminal+	2	3	{GlimmerHMM_glimmerT_931-T1;GlimmerHMM},{GeneMark_model.1010_t;GeneMark}

# EVM prediction: Mode:STANDARD S-ratio: 3.71 772331-774695 orient(+) score(11919.00) noncoding_equivalent(3215.36) raw_noncoding(3799.00) offset(583.64)
772331	772581	initial+	1	2	{GlimmerHMM_glimmerT_932-T1;GlimmerHMM},{GeneMark_model.1011_t;GeneMark}
772582	772673	INTRON			{Augustus_model.g807.t1;Augustus},{GlimmerHMM_glimmerT_932-T1;GlimmerHMM},{GeneMark_model.1011_t;GeneMark},{ev_type:exonerate/ID=match.2566964.1110/Target=lcl|PJQD01000048_1_prot_POY72628_1_4526;exonerate},{ev_type:exonerate/ID=match.2566964.1115/Target=lcl|KQ954481_1_prot_KWU44217_1_3419;exonerate}
772674	772780	internal+	3	1	{Augustus_model.g807.t1;Augustus},{GlimmerHMM_glimmerT_932-T1;GlimmerHMM},{GeneMark_model.1011_t;GeneMark},{ev_type:exonerate/ID=match.2566964.1110/Target=lcl|PJQD01000048_1_prot_POY72628_1_4526;exonerate},{ev_type:exonerate/ID=match.2566964.1115/Target=lcl|KQ954481_1_prot_KWU44217_1_3419;exonerate}
772781	772862	INTRON			{Augustus_model.g807.t1;Augustus},{GlimmerHMM_glimmerT_932-T1;GlimmerHMM},{GeneMark_model.1011_t;GeneMark},{ev_type:exonerate/ID=match.2566964.1110/Target=lcl|PJQD01000048_1_prot_POY72628_1_4526;exonerate},{ev_type:exonerate/ID=match.2566964.1115/Target=lcl|KQ954481_1_prot_KWU44217_1_3419;exonerate}
772863	773152	internal+	2	3	{Augustus_model.g807.t1;Augustus},{ev_type:exonerate/ID=match.2566964.1110/Target=lcl|PJQD01000048_1_prot_POY72628_1_4526;exonerate}
773153	773215	INTRON			{Augustus_model.g807.t1;Augustus},{ev_type:exonerate/ID=match.2566964.1110/Target=lcl|PJQD01000048_1_prot_POY72628_1_4526;exonerate}
773216	773232	internal+	1	2	{Augustus_model.g807.t1;Augustus},{GeneMark_model.1011_t;GeneMark},{ev_type:exonerate/ID=match.2566964.1110/Target=lcl|PJQD01000048_1_prot_POY72628_1_4526;exonerate}
773233	773296	INTRON			{Augustus_model.g807.t1;Augustus},{GlimmerHMM_glimmerT_932-T1;GlimmerHMM},{GeneMark_model.1011_t;GeneMark},{ev_type:exonerate/ID=match.2566964.1110/Target=lcl|PJQD01000048_1_prot_POY72628_1_4526;exonerate}
773297	773364	internal+	3	1	{Augustus_model.g807.t1;Augustus},{GlimmerHMM_glimmerT_932-T1;GlimmerHMM},{GeneMark_model.1011_t;GeneMark},{ev_type:exonerate/ID=match.2566964.1110/Target=lcl|PJQD01000048_1_prot_POY72628_1_4526;exonerate},{ev_type:exonerate/ID=match.2566964.1115/Target=lcl|KQ954481_1_prot_KWU44217_1_3419;exonerate}
773365	773434	INTRON			{Augustus_model.g807.t1;Augustus},{GlimmerHMM_glimmerT_932-T1;GlimmerHMM},{snap_scaffold_2-snap.339-T1;snap},{GeneMark_model.1011_t;GeneMark},{ev_type:exonerate/ID=match.2566964.1110/Target=lcl|PJQD01000048_1_prot_POY72628_1_4526;exonerate},{ev_type:exonerate/ID=match.2566964.1115/Target=lcl|KQ954481_1_prot_KWU44217_1_3419;exonerate}
773435	773757	internal+	2	3	{Augustus_model.g807.t1;Augustus},{GlimmerHMM_glimmerT_932-T1;GlimmerHMM},{GeneMark_model.1011_t;GeneMark},{ev_type:exonerate/ID=match.2566964.1110/Target=lcl|PJQD01000048_1_prot_POY72628_1_4526;exonerate},{ev_type:exonerate/ID=match.2566964.1115/Target=lcl|KQ954481_1_prot_KWU44217_1_3419;exonerate}
773758	773874	INTRON			{Augustus_model.g807.t1;Augustus},{GlimmerHMM_glimmerT_932-T1;GlimmerHMM},{GeneMark_model.1011_t;GeneMark},{ev_type:exonerate/ID=match.2566964.1110/Target=lcl|PJQD01000048_1_prot_POY72628_1_4526;exonerate},{ev_type:exonerate/ID=match.2566964.1115/Target=lcl|KQ954481_1_prot_KWU44217_1_3419;exonerate}
773875	774180	internal+	1	3	{Augustus_model.g807.t1;Augustus},{GlimmerHMM_glimmerT_932-T1;GlimmerHMM},{GeneMark_model.1011_t;GeneMark},{ev_type:exonerate/ID=match.2566964.1110/Target=lcl|PJQD01000048_1_prot_POY72628_1_4526;exonerate},{ev_type:exonerate/ID=match.2566964.1115/Target=lcl|KQ954481_1_prot_KWU44217_1_3419;exonerate}
774181	774247	INTRON			{Augustus_model.g807.t1;Augustus},{GlimmerHMM_glimmerT_932-T1;GlimmerHMM},{GeneMark_model.1011_t;GeneMark},{ev_type:exonerate/ID=match.2566964.1110/Target=lcl|PJQD01000048_1_prot_POY72628_1_4526;exonerate},{ev_type:exonerate/ID=match.2566964.1115/Target=lcl|KQ954481_1_prot_KWU44217_1_3419;exonerate}
774248	774304	internal+	1	3	{Augustus_model.g807.t1;Augustus},{GlimmerHMM_glimmerT_932-T1;GlimmerHMM},{GeneMark_model.1011_t;GeneMark},{ev_type:exonerate/ID=match.2566964.1110/Target=lcl|PJQD01000048_1_prot_POY72628_1_4526;exonerate},{ev_type:exonerate/ID=match.2566964.1115/Target=lcl|KQ954481_1_prot_KWU44217_1_3419;exonerate}
774305	774377	INTRON			{Augustus_model.g807.t1;Augustus},{GlimmerHMM_glimmerT_932-T1;GlimmerHMM},{GeneMark_model.1011_t;GeneMark},{ev_type:exonerate/ID=match.2566964.1110/Target=lcl|PJQD01000048_1_prot_POY72628_1_4526;exonerate},{ev_type:exonerate/ID=match.2566964.1115/Target=lcl|KQ954481_1_prot_KWU44217_1_3419;exonerate}
774378	774695	terminal+	1	3	{Augustus_model.g807.t1;Augustus},{GlimmerHMM_glimmerT_932-T1;GlimmerHMM},{GeneMark_model.1011_t;GeneMark}

# EVM prediction: Mode:STANDARD S-ratio: 3.17 774752-780679 orient(-) score(20817.00) noncoding_equivalent(6566.24) raw_noncoding(9183.00) offset(2616.76)
774934	774752	terminal-	4	6	{Augustus_model.g808.t1;Augustus},{GeneMark_model.1012_t;GeneMark},{GlimmerHMM_glimmerT_933-T1;GlimmerHMM}
775004	774935	INTRON			{Augustus_model.g808.t1;Augustus},{GeneMark_model.1012_t;GeneMark},{GlimmerHMM_glimmerT_933-T1;GlimmerHMM}
775540	775005	internal-	5	6	{Augustus_model.g808.t1;Augustus},{GeneMark_model.1012_t;GeneMark},{GlimmerHMM_glimmerT_933-T1;GlimmerHMM}
775616	775541	INTRON			{Augustus_model.g808.t1;Augustus},{GeneMark_model.1012_t;GeneMark},{GlimmerHMM_glimmerT_933-T1;GlimmerHMM}
775828	775617	internal-	6	4	{Augustus_model.g808.t1;Augustus},{GeneMark_model.1012_t;GeneMark},{GlimmerHMM_glimmerT_933-T1;GlimmerHMM}
775887	775829	INTRON			{Augustus_model.g808.t1;Augustus},{GeneMark_model.1012_t;GeneMark},{GlimmerHMM_glimmerT_933-T1;GlimmerHMM}
776066	775888	internal-	4	5	{Augustus_model.g808.t1;Augustus},{GeneMark_model.1012_t;GeneMark},{GlimmerHMM_glimmerT_933-T1;GlimmerHMM}
776128	776067	INTRON			{Augustus_model.g808.t1;Augustus},{GeneMark_model.1012_t;GeneMark},{GlimmerHMM_glimmerT_933-T1;GlimmerHMM}
776371	776129	internal-	4	6	{Augustus_model.g808.t1;Augustus},{GeneMark_model.1012_t;GeneMark},{GlimmerHMM_glimmerT_933-T1;GlimmerHMM}
776432	776372	INTRON			{Augustus_model.g808.t1;Augustus},{GeneMark_model.1012_t;GeneMark},{GlimmerHMM_glimmerT_933-T1;GlimmerHMM}
777263	776433	internal-	4	6	{Augustus_model.g808.t1;Augustus},{GeneMark_model.1012_t;GeneMark}
777320	777264	INTRON			{Augustus_model.g808.t1;Augustus},{snap_scaffold_2-snap.341-T1;snap},{GeneMark_model.1012_t;GeneMark}
777381	777321	internal-	6	6	{Augustus_model.g808.t1;Augustus},{GeneMark_model.1012_t;GeneMark}
777438	777382	INTRON			{Augustus_model.g808.t1;Augustus},{GeneMark_model.1012_t;GeneMark},{GlimmerHMM_glimmerT_933-T1;GlimmerHMM}
777607	777439	internal-	5	5	{Augustus_model.g808.t1;Augustus},{GeneMark_model.1012_t;GeneMark},{GlimmerHMM_glimmerT_933-T1;GlimmerHMM}
777671	777608	INTRON			{Augustus_model.g808.t1;Augustus},{GeneMark_model.1012_t;GeneMark},{GlimmerHMM_glimmerT_933-T1;GlimmerHMM}
777909	777672	internal-	4	4	{Augustus_model.g808.t1;Augustus},{GeneMark_model.1012_t;GeneMark},{GlimmerHMM_glimmerT_933-T1;GlimmerHMM}
777978	777910	INTRON			{Augustus_model.g808.t1;Augustus},{GeneMark_model.1012_t;GeneMark},{GlimmerHMM_glimmerT_933-T1;GlimmerHMM}
778134	777979	internal-	4	6	{Augustus_model.g808.t1;Augustus},{GeneMark_model.1012_t;GeneMark},{GlimmerHMM_glimmerT_933-T1;GlimmerHMM}
778575	778135	INTRON			{Augustus_model.g808.t1;Augustus},{GlimmerHMM_glimmerT_933-T1;GlimmerHMM}
778613	778576	internal-	5	6	{Augustus_model.g808.t1;Augustus},{GeneMark_model.1013_t;GeneMark},{GlimmerHMM_glimmerT_933-T1;GlimmerHMM}
778718	778614	INTRON			{Augustus_model.g808.t1;Augustus},{GeneMark_model.1013_t;GeneMark},{GlimmerHMM_glimmerT_933-T1;GlimmerHMM},{ev_type:exonerate/ID=match.2566964.1279/Target=lcl|PJQD01000048_1_prot_POY72626_1_4524;exonerate},{ev_type:exonerate/ID=match.2566964.1293/Target=lcl|KQ954481_1_prot_KWU44215_1_3417;exonerate}
778913	778719	internal-	5	4	{Augustus_model.g808.t1;Augustus},{GeneMark_model.1013_t;GeneMark},{GlimmerHMM_glimmerT_933-T1;GlimmerHMM},{ev_type:exonerate/ID=match.2566964.1279/Target=lcl|PJQD01000048_1_prot_POY72626_1_4524;exonerate},{ev_type:exonerate/ID=match.2566964.1293/Target=lcl|KQ954481_1_prot_KWU44215_1_3417;exonerate}
778991	778914	INTRON			{Augustus_model.g808.t1;Augustus},{GeneMark_model.1013_t;GeneMark},{GlimmerHMM_glimmerT_933-T1;GlimmerHMM},{ev_type:exonerate/ID=match.2566964.1279/Target=lcl|PJQD01000048_1_prot_POY72626_1_4524;exonerate},{ev_type:exonerate/ID=match.2566964.1293/Target=lcl|KQ954481_1_prot_KWU44215_1_3417;exonerate}
779118	778992	internal-	4	4	{Augustus_model.g808.t1;Augustus},{GeneMark_model.1013_t;GeneMark},{ev_type:exonerate/ID=match.2566964.1279/Target=lcl|PJQD01000048_1_prot_POY72626_1_4524;exonerate},{ev_type:exonerate/ID=match.2566964.1293/Target=lcl|KQ954481_1_prot_KWU44215_1_3417;exonerate}
779190	779119	INTRON			{Augustus_model.g808.t1;Augustus},{GeneMark_model.1013_t;GeneMark},{ev_type:exonerate/ID=match.2566964.1279/Target=lcl|PJQD01000048_1_prot_POY72626_1_4524;exonerate},{ev_type:exonerate/ID=match.2566964.1293/Target=lcl|KQ954481_1_prot_KWU44215_1_3417;exonerate}
779262	779191	internal-	4	6	{Augustus_model.g808.t1;Augustus},{GeneMark_model.1013_t;GeneMark},{ev_type:exonerate/ID=match.2566964.1279/Target=lcl|PJQD01000048_1_prot_POY72626_1_4524;exonerate},{ev_type:exonerate/ID=match.2566964.1293/Target=lcl|KQ954481_1_prot_KWU44215_1_3417;exonerate}
779405	779263	INTRON			{Augustus_model.g808.t1;Augustus},{GeneMark_model.1013_t;GeneMark},{GlimmerHMM_glimmerT_933-T1;GlimmerHMM},{ev_type:exonerate/ID=match.2566964.1279/Target=lcl|PJQD01000048_1_prot_POY72626_1_4524;exonerate},{ev_type:exonerate/ID=match.2566964.1293/Target=lcl|KQ954481_1_prot_KWU44215_1_3417;exonerate}
779616	779406	internal-	6	6	{Augustus_model.g808.t1;Augustus},{GlimmerHMM_glimmerT_933-T1;GlimmerHMM}
780158	779617	INTRON			{Augustus_model.g808.t1;Augustus},{GlimmerHMM_glimmerT_933-T1;GlimmerHMM}
780679	780159	initial-	4	5	{Augustus_model.g808.t1;Augustus},{GeneMark_model.1014_t;GeneMark},{GlimmerHMM_glimmerT_933-T1;GlimmerHMM}

# EVM prediction: Mode:STANDARD S-ratio: 1.63 780960-781942 orient(-) score(2597.00) noncoding_equivalent(1595.75) raw_noncoding(2106.18) offset(510.43)
781010	780960	terminal-	4	6	{GlimmerHMM_glimmerT_934-T1;GlimmerHMM},{Augustus_model.g809.t1;Augustus},{GeneMark_model.1015_t;GeneMark}
781090	781011	INTRON			{GlimmerHMM_glimmerT_934-T1;GlimmerHMM},{Augustus_model.g809.t1;Augustus},{GeneMark_model.1015_t;GeneMark}
781205	781091	internal-	6	6	{GlimmerHMM_glimmerT_934-T1;GlimmerHMM},{Augustus_model.g809.t1;Augustus},{GeneMark_model.1015_t;GeneMark}
781323	781206	INTRON			{GlimmerHMM_glimmerT_934-T1;GlimmerHMM},{Augustus_model.g809.t1;Augustus},{GeneMark_model.1015_t;GeneMark}
781494	781324	internal-	6	5	{GlimmerHMM_glimmerT_934-T1;GlimmerHMM},{Augustus_model.g809.t1;Augustus},{GeneMark_model.1015_t;GeneMark}
781558	781495	INTRON			{Augustus_model.g809.t1;Augustus},{GeneMark_model.1015_t;GeneMark}
781617	781559	internal-	4	5	{Augustus_model.g809.t1;Augustus},{GeneMark_model.1015_t;GeneMark}
781681	781618	INTRON			{GeneMark_model.1015_t;GeneMark}
781942	781682	initial-	4	6	{GeneMark_model.1015_t;GeneMark}

# EVM prediction: Mode:STANDARD S-ratio: 2.43 782076-784337 orient(+) score(7140.00) noncoding_equivalent(2933.31) raw_noncoding(3822.00) offset(888.69)
782076	782238	initial+	1	1	{GlimmerHMM_glimmerT_935-T1;GlimmerHMM},{GeneMark_model.1016_t;GeneMark},{Augustus_model.g810.t1;Augustus}
782239	782313	INTRON			{GlimmerHMM_glimmerT_935-T1;GlimmerHMM},{GeneMark_model.1016_t;GeneMark},{Augustus_model.g810.t1;Augustus}
782314	782385	internal+	2	1	{GlimmerHMM_glimmerT_935-T1;GlimmerHMM},{GeneMark_model.1016_t;GeneMark},{Augustus_model.g810.t1;Augustus}
782386	782451	INTRON			{GlimmerHMM_glimmerT_935-T1;GlimmerHMM},{GeneMark_model.1016_t;GeneMark},{Augustus_model.g810.t1;Augustus}
782452	782469	internal+	2	1	{GlimmerHMM_glimmerT_935-T1;GlimmerHMM},{GeneMark_model.1016_t;GeneMark},{Augustus_model.g810.t1;Augustus}
782470	782545	INTRON			{GlimmerHMM_glimmerT_935-T1;GlimmerHMM},{GeneMark_model.1016_t;GeneMark},{Augustus_model.g810.t1;Augustus}
782546	782606	internal+	2	2	{GlimmerHMM_glimmerT_935-T1;GlimmerHMM},{GeneMark_model.1016_t;GeneMark},{Augustus_model.g810.t1;Augustus}
782607	782692	INTRON			{GlimmerHMM_glimmerT_935-T1;GlimmerHMM},{GeneMark_model.1016_t;GeneMark},{Augustus_model.g810.t1;Augustus}
782693	782741	internal+	3	3	{GlimmerHMM_glimmerT_935-T1;GlimmerHMM},{GeneMark_model.1016_t;GeneMark},{Augustus_model.g810.t1;Augustus}
782742	782811	INTRON			{GlimmerHMM_glimmerT_935-T1;GlimmerHMM},{GeneMark_model.1016_t;GeneMark},{Augustus_model.g810.t1;Augustus}
782812	782831	internal+	1	2	{GeneMark_model.1016_t;GeneMark},{Augustus_model.g810.t1;Augustus}
782832	782897	INTRON			{GeneMark_model.1016_t;GeneMark},{Augustus_model.g810.t1;Augustus}
782898	783006	internal+	3	3	{GeneMark_model.1016_t;GeneMark},{Augustus_model.g810.t1;Augustus}
783007	783075	INTRON			{GlimmerHMM_glimmerT_936-T1;GlimmerHMM},{GeneMark_model.1016_t;GeneMark},{Augustus_model.g810.t1;Augustus}
783076	783183	internal+	1	3	{GlimmerHMM_glimmerT_936-T1;GlimmerHMM},{GeneMark_model.1016_t;GeneMark},{Augustus_model.g810.t1;Augustus}
783184	783254	INTRON			{GeneMark_model.1016_t;GeneMark},{Augustus_model.g810.t1;Augustus}
783255	783380	internal+	1	3	{GeneMark_model.1016_t;GeneMark},{Augustus_model.g810.t1;Augustus}
783381	783443	INTRON			{GeneMark_model.1016_t;GeneMark},{Augustus_model.g810.t1;Augustus}
783444	783689	internal+	1	3	{GlimmerHMM_glimmerT_936-T1;GlimmerHMM},{GeneMark_model.1016_t;GeneMark},{Augustus_model.g810.t1;Augustus}
783690	783776	INTRON			{GlimmerHMM_glimmerT_936-T1;GlimmerHMM},{GeneMark_model.1016_t;GeneMark},{Augustus_model.g810.t1;Augustus}
783777	784337	terminal+	1	3	{snap_scaffold_2-snap.346-T1;snap},{GlimmerHMM_glimmerT_936-T1;GlimmerHMM},{GeneMark_model.1016_t;GeneMark},{Augustus_model.g810.t1;Augustus}

# EVM prediction: Mode:STANDARD S-ratio: 1.59 784630-786430 orient(-) score(5164.00) noncoding_equivalent(3256.32) raw_noncoding(4315.00) offset(1058.68)
784855	784630	terminal-	6	6	{GeneMark_model.1017_t;GeneMark},{GlimmerHMM_glimmerT_937-T1;GlimmerHMM},{Augustus_model.g811.t1;Augustus}
784925	784856	INTRON			{GeneMark_model.1017_t;GeneMark},{GlimmerHMM_glimmerT_937-T1;GlimmerHMM},{Augustus_model.g811.t1;Augustus}
785008	784926	internal-	4	5	{GeneMark_model.1017_t;GeneMark},{GlimmerHMM_glimmerT_937-T1;GlimmerHMM},{Augustus_model.g811.t1;Augustus}
785096	785009	INTRON			{GeneMark_model.1017_t;GeneMark},{GlimmerHMM_glimmerT_937-T1;GlimmerHMM},{Augustus_model.g811.t1;Augustus}
785135	785097	internal-	4	6	{GeneMark_model.1017_t;GeneMark},{GlimmerHMM_glimmerT_937-T1;GlimmerHMM},{Augustus_model.g811.t1;Augustus}
785210	785136	INTRON			{GeneMark_model.1017_t;GeneMark},{GlimmerHMM_glimmerT_937-T1;GlimmerHMM},{Augustus_model.g811.t1;Augustus}
785371	785211	internal-	5	6	{GeneMark_model.1017_t;GeneMark},{GlimmerHMM_glimmerT_937-T1;GlimmerHMM},{Augustus_model.g811.t1;Augustus}
785431	785372	INTRON			{GeneMark_model.1017_t;GeneMark},{GlimmerHMM_glimmerT_937-T1;GlimmerHMM},{Augustus_model.g811.t1;Augustus}
785491	785432	internal-	5	4	{GeneMark_model.1017_t;GeneMark},{GlimmerHMM_glimmerT_937-T1;GlimmerHMM},{Augustus_model.g811.t1;Augustus}
785608	785492	INTRON			{GeneMark_model.1017_t;GeneMark},{Augustus_model.g811.t1;Augustus}
785644	785609	internal-	5	4	{GeneMark_model.1017_t;GeneMark},{Augustus_model.g811.t1;Augustus}
785730	785645	INTRON			{GeneMark_model.1017_t;GeneMark},{Augustus_model.g811.t1;Augustus}
785793	785731	internal-	5	4	{GeneMark_model.1017_t;GeneMark},{GlimmerHMM_glimmerT_937-T1;GlimmerHMM},{Augustus_model.g811.t1;Augustus}
785866	785794	INTRON			{GeneMark_model.1017_t;GeneMark},{GlimmerHMM_glimmerT_937-T1;GlimmerHMM},{Augustus_model.g811.t1;Augustus}
786036	785867	internal-	6	4	{GeneMark_model.1017_t;GeneMark},{GlimmerHMM_glimmerT_937-T1;GlimmerHMM},{Augustus_model.g811.t1;Augustus}
786135	786037	INTRON			{GeneMark_model.1017_t;GeneMark},{GlimmerHMM_glimmerT_937-T1;GlimmerHMM},{Augustus_model.g811.t1;Augustus}
786254	786136	internal-	4	5	{GeneMark_model.1017_t;GeneMark},{GlimmerHMM_glimmerT_937-T1;GlimmerHMM},{Augustus_model.g811.t1;Augustus}
786412	786255	INTRON			{GeneMark_model.1017_t;GeneMark},{GlimmerHMM_glimmerT_937-T1;GlimmerHMM},{Augustus_model.g811.t1;Augustus}
786430	786413	initial-	4	6	{GeneMark_model.1017_t;GeneMark},{GlimmerHMM_glimmerT_937-T1;GlimmerHMM},{Augustus_model.g811.t1;Augustus}

# EVM prediction: Mode:STANDARD S-ratio: 3.75 787144-788924 orient(-) score(12466.00) noncoding_equivalent(3327.00) raw_noncoding(4397.00) offset(1070.00)
787350	787144	terminal-	4	6	{GlimmerHMM_glimmerT_938-T1;GlimmerHMM},{GeneMark_model.1018_t;GeneMark},{HiQ_model.g812.t1;HiQ}
787424	787351	INTRON			{GlimmerHMM_glimmerT_938-T1;GlimmerHMM},{GeneMark_model.1018_t;GeneMark},{HiQ_model.g812.t1;HiQ},{ev_type:exonerate/ID=match.2566964.1198/Target=lcl|KQ954481_1_prot_KWU44210_1_3412;exonerate},{ev_type:exonerate/ID=match.2566964.1231/Target=lcl|NW_017264931_1_prot_XP_018272395_1_2226;exonerate},{ev_type:exonerate/ID=match.2566964.1185/Target=lcl|PJQD01000048_1_prot_POY72621_1_4519;exonerate}
787515	787425	internal-	6	6	{GlimmerHMM_glimmerT_938-T1;GlimmerHMM},{GeneMark_model.1018_t;GeneMark},{HiQ_model.g812.t1;HiQ},{ev_type:exonerate/ID=match.2566964.1198/Target=lcl|KQ954481_1_prot_KWU44210_1_3412;exonerate},{ev_type:exonerate/ID=match.2566964.1231/Target=lcl|NW_017264931_1_prot_XP_018272395_1_2226;exonerate},{ev_type:exonerate/ID=match.2566964.1185/Target=lcl|PJQD01000048_1_prot_POY72621_1_4519;exonerate}
787591	787516	INTRON			{GlimmerHMM_glimmerT_938-T1;GlimmerHMM},{GeneMark_model.1018_t;GeneMark},{HiQ_model.g812.t1;HiQ},{ev_type:exonerate/ID=match.2566964.1198/Target=lcl|KQ954481_1_prot_KWU44210_1_3412;exonerate},{ev_type:exonerate/ID=match.2566964.1231/Target=lcl|NW_017264931_1_prot_XP_018272395_1_2226;exonerate},{ev_type:exonerate/ID=match.2566964.1185/Target=lcl|PJQD01000048_1_prot_POY72621_1_4519;exonerate}
787726	787592	internal-	6	5	{GlimmerHMM_glimmerT_938-T1;GlimmerHMM},{GeneMark_model.1018_t;GeneMark},{HiQ_model.g812.t1;HiQ},{ev_type:exonerate/ID=match.2566964.1198/Target=lcl|KQ954481_1_prot_KWU44210_1_3412;exonerate},{ev_type:exonerate/ID=match.2566964.1231/Target=lcl|NW_017264931_1_prot_XP_018272395_1_2226;exonerate},{ev_type:exonerate/ID=match.2566964.1185/Target=lcl|PJQD01000048_1_prot_POY72621_1_4519;exonerate}
787802	787727	INTRON			{GlimmerHMM_glimmerT_938-T1;GlimmerHMM},{GeneMark_model.1018_t;GeneMark},{HiQ_model.g812.t1;HiQ},{ev_type:exonerate/ID=match.2566964.1198/Target=lcl|KQ954481_1_prot_KWU44210_1_3412;exonerate},{ev_type:exonerate/ID=match.2566964.1231/Target=lcl|NW_017264931_1_prot_XP_018272395_1_2226;exonerate},{ev_type:exonerate/ID=match.2566964.1185/Target=lcl|PJQD01000048_1_prot_POY72621_1_4519;exonerate}
788072	787803	internal-	6	5	{GlimmerHMM_glimmerT_938-T1;GlimmerHMM},{GeneMark_model.1018_t;GeneMark},{HiQ_model.g812.t1;HiQ},{ev_type:exonerate/ID=match.2566964.1198/Target=lcl|KQ954481_1_prot_KWU44210_1_3412;exonerate},{ev_type:exonerate/ID=match.2566964.1231/Target=lcl|NW_017264931_1_prot_XP_018272395_1_2226;exonerate},{ev_type:exonerate/ID=match.2566964.1185/Target=lcl|PJQD01000048_1_prot_POY72621_1_4519;exonerate}
788151	788073	INTRON			{GlimmerHMM_glimmerT_938-T1;GlimmerHMM},{GeneMark_model.1018_t;GeneMark},{HiQ_model.g812.t1;HiQ},{ev_type:exonerate/ID=match.2566964.1198/Target=lcl|KQ954481_1_prot_KWU44210_1_3412;exonerate},{ev_type:exonerate/ID=match.2566964.1231/Target=lcl|NW_017264931_1_prot_XP_018272395_1_2226;exonerate},{ev_type:exonerate/ID=match.2566964.1185/Target=lcl|PJQD01000048_1_prot_POY72621_1_4519;exonerate}
788271	788152	internal-	6	5	{GlimmerHMM_glimmerT_938-T1;GlimmerHMM},{GeneMark_model.1018_t;GeneMark},{HiQ_model.g812.t1;HiQ},{ev_type:exonerate/ID=match.2566964.1198/Target=lcl|KQ954481_1_prot_KWU44210_1_3412;exonerate},{ev_type:exonerate/ID=match.2566964.1231/Target=lcl|NW_017264931_1_prot_XP_018272395_1_2226;exonerate},{ev_type:exonerate/ID=match.2566964.1185/Target=lcl|PJQD01000048_1_prot_POY72621_1_4519;exonerate}
788410	788272	INTRON			{GlimmerHMM_glimmerT_938-T1;GlimmerHMM},{GeneMark_model.1018_t;GeneMark},{HiQ_model.g812.t1;HiQ},{ev_type:exonerate/ID=match.2566964.1198/Target=lcl|KQ954481_1_prot_KWU44210_1_3412;exonerate},{ev_type:exonerate/ID=match.2566964.1231/Target=lcl|NW_017264931_1_prot_XP_018272395_1_2226;exonerate},{ev_type:exonerate/ID=match.2566964.1185/Target=lcl|PJQD01000048_1_prot_POY72621_1_4519;exonerate}
788583	788411	internal-	4	5	{GlimmerHMM_glimmerT_938-T1;GlimmerHMM},{GeneMark_model.1018_t;GeneMark},{HiQ_model.g812.t1;HiQ},{ev_type:exonerate/ID=match.2566964.1198/Target=lcl|KQ954481_1_prot_KWU44210_1_3412;exonerate},{ev_type:exonerate/ID=match.2566964.1231/Target=lcl|NW_017264931_1_prot_XP_018272395_1_2226;exonerate},{ev_type:exonerate/ID=match.2566964.1185/Target=lcl|PJQD01000048_1_prot_POY72621_1_4519;exonerate}
788711	788584	INTRON			{GlimmerHMM_glimmerT_938-T1;GlimmerHMM},{GeneMark_model.1018_t;GeneMark},{HiQ_model.g812.t1;HiQ},{ev_type:exonerate/ID=match.2566964.1198/Target=lcl|KQ954481_1_prot_KWU44210_1_3412;exonerate},{ev_type:exonerate/ID=match.2566964.1231/Target=lcl|NW_017264931_1_prot_XP_018272395_1_2226;exonerate},{ev_type:exonerate/ID=match.2566964.1185/Target=lcl|PJQD01000048_1_prot_POY72621_1_4519;exonerate}
788924	788712	initial-	4	6	{GlimmerHMM_glimmerT_938-T1;GlimmerHMM},{GeneMark_model.1018_t;GeneMark},{HiQ_model.g812.t1;HiQ}

# EVM prediction: Mode:STANDARD S-ratio: 2.60 790118-791423 orient(+) score(6394.00) noncoding_equivalent(2460.62) raw_noncoding(3154.00) offset(693.38)
790118	790169	initial+	1	1	{GeneMark_model.1019_t;GeneMark},{Augustus_model.g813.t1;Augustus},{GlimmerHMM_glimmerT_939-T1;GlimmerHMM}
790170	790269	INTRON			{GeneMark_model.1019_t;GeneMark},{Augustus_model.g813.t1;Augustus},{GlimmerHMM_glimmerT_939-T1;GlimmerHMM},{ev_type:exonerate/ID=match.2566964.1303/Target=lcl|KQ954481_1_prot_KWU44209_1_3411;exonerate},{ev_type:exonerate/ID=match.2566964.1312/Target=lcl|PJQD01000048_1_prot_POY72620_1_4518;exonerate}
790270	790306	internal+	2	2	{GeneMark_model.1019_t;GeneMark},{Augustus_model.g813.t1;Augustus},{GlimmerHMM_glimmerT_939-T1;GlimmerHMM},{ev_type:exonerate/ID=match.2566964.1303/Target=lcl|KQ954481_1_prot_KWU44209_1_3411;exonerate},{ev_type:exonerate/ID=match.2566964.1312/Target=lcl|PJQD01000048_1_prot_POY72620_1_4518;exonerate}
790307	790432	INTRON			{GeneMark_model.1019_t;GeneMark},{Augustus_model.g813.t1;Augustus},{GlimmerHMM_glimmerT_939-T1;GlimmerHMM},{ev_type:exonerate/ID=match.2566964.1303/Target=lcl|KQ954481_1_prot_KWU44209_1_3411;exonerate},{ev_type:exonerate/ID=match.2566964.1312/Target=lcl|PJQD01000048_1_prot_POY72620_1_4518;exonerate}
790433	790484	internal+	3	3	{GeneMark_model.1019_t;GeneMark},{Augustus_model.g813.t1;Augustus},{GlimmerHMM_glimmerT_939-T1;GlimmerHMM},{ev_type:exonerate/ID=match.2566964.1303/Target=lcl|KQ954481_1_prot_KWU44209_1_3411;exonerate},{ev_type:exonerate/ID=match.2566964.1312/Target=lcl|PJQD01000048_1_prot_POY72620_1_4518;exonerate}
790485	790588	INTRON			{GeneMark_model.1019_t;GeneMark},{Augustus_model.g813.t1;Augustus},{GlimmerHMM_glimmerT_939-T1;GlimmerHMM},{ev_type:exonerate/ID=match.2566964.1303/Target=lcl|KQ954481_1_prot_KWU44209_1_3411;exonerate},{ev_type:exonerate/ID=match.2566964.1312/Target=lcl|PJQD01000048_1_prot_POY72620_1_4518;exonerate}
790589	790676	internal+	1	1	{GeneMark_model.1019_t;GeneMark},{Augustus_model.g813.t1;Augustus},{GlimmerHMM_glimmerT_939-T1;GlimmerHMM}
790677	790747	INTRON			{GeneMark_model.1019_t;GeneMark},{Augustus_model.g813.t1;Augustus},{GlimmerHMM_glimmerT_939-T1;GlimmerHMM}
790748	790761	internal+	2	3	{GeneMark_model.1019_t;GeneMark},{Augustus_model.g813.t1;Augustus},{GlimmerHMM_glimmerT_939-T1;GlimmerHMM}
790762	790824	INTRON			{GeneMark_model.1019_t;GeneMark},{Augustus_model.g813.t1;Augustus},{GlimmerHMM_glimmerT_939-T1;GlimmerHMM}
790825	791016	internal+	1	3	{GeneMark_model.1019_t;GeneMark},{Augustus_model.g813.t1;Augustus},{GlimmerHMM_glimmerT_939-T1;GlimmerHMM},{ev_type:exonerate/ID=match.2566964.1303/Target=lcl|KQ954481_1_prot_KWU44209_1_3411;exonerate},{ev_type:exonerate/ID=match.2566964.1312/Target=lcl|PJQD01000048_1_prot_POY72620_1_4518;exonerate}
791017	791089	INTRON			{GeneMark_model.1019_t;GeneMark},{Augustus_model.g813.t1;Augustus},{GlimmerHMM_glimmerT_939-T1;GlimmerHMM},{ev_type:exonerate/ID=match.2566964.1303/Target=lcl|KQ954481_1_prot_KWU44209_1_3411;exonerate},{ev_type:exonerate/ID=match.2566964.1312/Target=lcl|PJQD01000048_1_prot_POY72620_1_4518;exonerate}
791090	791157	internal+	1	2	{GeneMark_model.1019_t;GeneMark},{Augustus_model.g813.t1;Augustus},{GlimmerHMM_glimmerT_939-T1;GlimmerHMM},{ev_type:exonerate/ID=match.2566964.1303/Target=lcl|KQ954481_1_prot_KWU44209_1_3411;exonerate},{ev_type:exonerate/ID=match.2566964.1312/Target=lcl|PJQD01000048_1_prot_POY72620_1_4518;exonerate}
791158	791229	INTRON			{GeneMark_model.1019_t;GeneMark},{Augustus_model.g813.t1;Augustus},{GlimmerHMM_glimmerT_939-T1;GlimmerHMM},{ev_type:exonerate/ID=match.2566964.1303/Target=lcl|KQ954481_1_prot_KWU44209_1_3411;exonerate},{ev_type:exonerate/ID=match.2566964.1312/Target=lcl|PJQD01000048_1_prot_POY72620_1_4518;exonerate}
791230	791257	internal+	3	3	{GeneMark_model.1019_t;GeneMark},{Augustus_model.g813.t1;Augustus},{GlimmerHMM_glimmerT_939-T1;GlimmerHMM},{ev_type:exonerate/ID=match.2566964.1303/Target=lcl|KQ954481_1_prot_KWU44209_1_3411;exonerate},{ev_type:exonerate/ID=match.2566964.1312/Target=lcl|PJQD01000048_1_prot_POY72620_1_4518;exonerate}
791258	791339	INTRON			{GeneMark_model.1019_t;GeneMark},{Augustus_model.g813.t1;Augustus},{GlimmerHMM_glimmerT_939-T1;GlimmerHMM},{ev_type:exonerate/ID=match.2566964.1303/Target=lcl|KQ954481_1_prot_KWU44209_1_3411;exonerate},{ev_type:exonerate/ID=match.2566964.1312/Target=lcl|PJQD01000048_1_prot_POY72620_1_4518;exonerate}
791340	791423	terminal+	1	3	{GeneMark_model.1019_t;GeneMark},{Augustus_model.g813.t1;Augustus},{GlimmerHMM_glimmerT_939-T1;GlimmerHMM}

# EVM prediction: Mode:STANDARD S-ratio: 2.24 791793-793277 orient(+) score(4513.00) noncoding_equivalent(2017.03) raw_noncoding(2638.82) offset(621.79)
791793	791888	initial+	1	3	{Augustus_model.g814.t1;Augustus},{GeneMark_model.1020_t;GeneMark},{GlimmerHMM_glimmerT_940-T1;GlimmerHMM}
791889	791956	INTRON			{Augustus_model.g814.t1;Augustus},{GeneMark_model.1020_t;GeneMark},{GlimmerHMM_glimmerT_940-T1;GlimmerHMM}
791957	792271	internal+	1	3	{Augustus_model.g814.t1;Augustus},{GeneMark_model.1020_t;GeneMark},{GlimmerHMM_glimmerT_940-T1;GlimmerHMM}
792272	792342	INTRON			{Augustus_model.g814.t1;Augustus},{GeneMark_model.1020_t;GeneMark},{GlimmerHMM_glimmerT_940-T1;GlimmerHMM}
792343	792451	internal+	1	1	{Augustus_model.g814.t1;Augustus},{GeneMark_model.1020_t;GeneMark},{GlimmerHMM_glimmerT_940-T1;GlimmerHMM}
792452	792532	INTRON			{Augustus_model.g814.t1;Augustus},{GeneMark_model.1020_t;GeneMark},{GlimmerHMM_glimmerT_940-T1;GlimmerHMM}
792533	792631	internal+	2	1	{Augustus_model.g814.t1;Augustus},{GlimmerHMM_glimmerT_940-T1;GlimmerHMM}
792632	792671	INTRON			{Augustus_model.g814.t1;Augustus},{GlimmerHMM_glimmerT_940-T1;GlimmerHMM}
792672	792751	internal+	2	3	{Augustus_model.g814.t1;Augustus},{GlimmerHMM_glimmerT_940-T1;GlimmerHMM}
792752	792823	INTRON			{Augustus_model.g814.t1;Augustus},{GeneMark_model.1020_t;GeneMark}
792824	792898	internal+	1	3	{Augustus_model.g814.t1;Augustus},{GeneMark_model.1020_t;GeneMark}
792899	792969	INTRON			{Augustus_model.g814.t1;Augustus},{GeneMark_model.1020_t;GeneMark}
792970	793076	internal+	1	2	{Augustus_model.g814.t1;Augustus},{GeneMark_model.1020_t;GeneMark},{GlimmerHMM_glimmerT_940-T1;GlimmerHMM}
793077	793162	INTRON			{Augustus_model.g814.t1;Augustus},{GeneMark_model.1020_t;GeneMark},{GlimmerHMM_glimmerT_940-T1;GlimmerHMM}
793163	793277	terminal+	3	3	{Augustus_model.g814.t1;Augustus},{GeneMark_model.1020_t;GeneMark},{GlimmerHMM_glimmerT_940-T1;GlimmerHMM}

# EVM prediction: Mode:STANDARD S-ratio: 2.48 793488-795362 orient(-) score(5903.00) noncoding_equivalent(2383.96) raw_noncoding(3174.00) offset(790.04)
793538	793488	terminal-	4	6	{GlimmerHMM_glimmerT_941-T1;GlimmerHMM},{Augustus_model.g815.t1;Augustus},{GeneMark_model.1021_t;GeneMark}
793605	793539	INTRON			{GlimmerHMM_glimmerT_941-T1;GlimmerHMM},{Augustus_model.g815.t1;Augustus},{GeneMark_model.1021_t;GeneMark}
793677	793606	internal-	4	6	{GlimmerHMM_glimmerT_941-T1;GlimmerHMM},{Augustus_model.g815.t1;Augustus},{GeneMark_model.1021_t;GeneMark}
793793	793678	INTRON			{GlimmerHMM_glimmerT_941-T1;GlimmerHMM},{Augustus_model.g815.t1;Augustus},{GeneMark_model.1021_t;GeneMark}
794252	793794	internal-	4	6	{GlimmerHMM_glimmerT_941-T1;GlimmerHMM},{Augustus_model.g815.t1;Augustus},{GeneMark_model.1021_t;GeneMark}
794349	794253	INTRON			{GlimmerHMM_glimmerT_941-T1;GlimmerHMM},{Augustus_model.g815.t1;Augustus}
794388	794350	internal-	4	6	{Augustus_model.g815.t1;Augustus}
794454	794389	INTRON			{Augustus_model.g815.t1;Augustus},{GeneMark_model.1021_t;GeneMark}
794584	794455	internal-	6	6	{Augustus_model.g815.t1;Augustus},{GeneMark_model.1021_t;GeneMark}
794655	794585	INTRON			{GlimmerHMM_glimmerT_941-T1;GlimmerHMM},{Augustus_model.g815.t1;Augustus},{GeneMark_model.1021_t;GeneMark}
794834	794656	internal-	4	5	{GlimmerHMM_glimmerT_941-T1;GlimmerHMM},{Augustus_model.g815.t1;Augustus},{GeneMark_model.1021_t;GeneMark}
794916	794835	INTRON			{GlimmerHMM_glimmerT_941-T1;GlimmerHMM},{Augustus_model.g815.t1;Augustus},{GeneMark_model.1021_t;GeneMark}
794997	794917	internal-	4	6	{GlimmerHMM_glimmerT_941-T1;GlimmerHMM},{Augustus_model.g815.t1;Augustus},{GeneMark_model.1021_t;GeneMark}
795135	794998	INTRON			{Augustus_model.g815.t1;Augustus},{GeneMark_model.1021_t;GeneMark}
795177	795136	internal-	4	6	{Augustus_model.g815.t1;Augustus},{GeneMark_model.1021_t;GeneMark}
795248	795178	INTRON			{GlimmerHMM_glimmerT_941-T1;GlimmerHMM},{Augustus_model.g815.t1;Augustus},{GeneMark_model.1021_t;GeneMark}
795362	795249	initial-	4	6	{GlimmerHMM_glimmerT_941-T1;GlimmerHMM},{Augustus_model.g815.t1;Augustus},{GeneMark_model.1021_t;GeneMark}

# EVM prediction: Mode:STANDARD S-ratio: 2.82 795763-796812 orient(+) score(3258.00) noncoding_equivalent(1153.93) raw_noncoding(1518.00) offset(364.07)
795763	795788	initial+	1	2	{GeneMark_model.1022_t;GeneMark},{Augustus_model.g816.t1;Augustus}
795789	795881	INTRON			{GeneMark_model.1022_t;GeneMark},{Augustus_model.g816.t1;Augustus}
795882	795927	internal+	3	3	{GeneMark_model.1022_t;GeneMark},{Augustus_model.g816.t1;Augustus}
795928	795997	INTRON			{GeneMark_model.1022_t;GeneMark},{Augustus_model.g816.t1;Augustus}
795998	796090	internal+	1	3	{GlimmerHMM_glimmerT_942-T1;GlimmerHMM},{GeneMark_model.1022_t;GeneMark},{Augustus_model.g816.t1;Augustus}
796091	796155	INTRON			{GeneMark_model.1022_t;GeneMark},{Augustus_model.g816.t1;Augustus}
796156	796537	internal+	1	1	{GeneMark_model.1022_t;GeneMark},{Augustus_model.g816.t1;Augustus}
796538	796648	INTRON			{GlimmerHMM_glimmerT_942-T1;GlimmerHMM},{GeneMark_model.1022_t;GeneMark},{Augustus_model.g816.t1;Augustus}
796649	796812	terminal+	2	3	{GlimmerHMM_glimmerT_942-T1;GlimmerHMM},{GeneMark_model.1022_t;GeneMark},{Augustus_model.g816.t1;Augustus}

# EVM prediction: Mode:STANDARD S-ratio: 4.72 796955-800154 orient(-) score(10761.00) noncoding_equivalent(2282.28) raw_noncoding(2651.00) offset(368.72)
796977	796955	terminal-	5	6	{GeneMark_model.1023_t;GeneMark},{Augustus_model.g817.t1;Augustus}
797045	796978	INTRON			{GeneMark_model.1023_t;GeneMark},{Augustus_model.g817.t1;Augustus}
798719	797046	internal-	5	4	{GeneMark_model.1023_t;GeneMark},{Augustus_model.g817.t1;Augustus}
798788	798720	INTRON			{GlimmerHMM_glimmerT_943-T1;GlimmerHMM},{GeneMark_model.1023_t;GeneMark},{Augustus_model.g817.t1;Augustus}
799043	798789	internal-	5	4	{GlimmerHMM_glimmerT_943-T1;GlimmerHMM},{GeneMark_model.1023_t;GeneMark},{Augustus_model.g817.t1;Augustus}
799100	799044	INTRON			{GlimmerHMM_glimmerT_943-T1;GlimmerHMM},{GeneMark_model.1023_t;GeneMark},{Augustus_model.g817.t1;Augustus}
799836	799101	internal-	4	4	{GeneMark_model.1023_t;GeneMark}
799905	799837	INTRON			{GeneMark_model.1023_t;GeneMark},{Augustus_model.g817.t1;Augustus}
800154	799906	initial-	4	6	{GeneMark_model.1023_t;GeneMark},{Augustus_model.g817.t1;Augustus}

# EVM prediction: Mode:STANDARD S-ratio: 2.71 800854-804163 orient(+) score(10137.00) noncoding_equivalent(3742.48) raw_noncoding(4129.00) offset(386.52)
800854	802008	initial+	1	3	{Augustus_model.g818.t1;Augustus},{GlimmerHMM_glimmerT_944-T1;GlimmerHMM}
802009	802068	INTRON			{Augustus_model.g818.t1;Augustus},{GlimmerHMM_glimmerT_944-T1;GlimmerHMM}
802069	802294	internal+	1	1	{Augustus_model.g818.t1;Augustus},{GlimmerHMM_glimmerT_944-T1;GlimmerHMM}
802295	802357	INTRON			{Augustus_model.g818.t1;Augustus},{GeneMark_model.1024_t;GeneMark},{GlimmerHMM_glimmerT_944-T1;GlimmerHMM}
802358	802530	internal+	2	3	{Augustus_model.g818.t1;Augustus},{GeneMark_model.1024_t;GeneMark},{GlimmerHMM_glimmerT_944-T1;GlimmerHMM}
802531	802587	INTRON			{Augustus_model.g818.t1;Augustus},{GeneMark_model.1024_t;GeneMark},{GlimmerHMM_glimmerT_944-T1;GlimmerHMM}
802588	803433	internal+	1	3	{Augustus_model.g818.t1;Augustus},{GeneMark_model.1024_t;GeneMark},{GlimmerHMM_glimmerT_944-T1;GlimmerHMM}
803434	803494	INTRON			{Augustus_model.g818.t1;Augustus},{GeneMark_model.1024_t;GeneMark},{GlimmerHMM_glimmerT_944-T1;GlimmerHMM}
803495	803752	internal+	1	3	{Augustus_model.g818.t1;Augustus},{GeneMark_model.1024_t;GeneMark},{GlimmerHMM_glimmerT_944-T1;GlimmerHMM}
803753	803826	INTRON			{Augustus_model.g818.t1;Augustus},{GeneMark_model.1024_t;GeneMark},{GlimmerHMM_glimmerT_944-T1;GlimmerHMM}
803827	803967	internal+	1	3	{Augustus_model.g818.t1;Augustus},{GeneMark_model.1024_t;GeneMark},{GlimmerHMM_glimmerT_944-T1;GlimmerHMM}
803968	804043	INTRON			{Augustus_model.g818.t1;Augustus},{GeneMark_model.1024_t;GeneMark},{GlimmerHMM_glimmerT_944-T1;GlimmerHMM}
804044	804163	terminal+	1	3	{Augustus_model.g818.t1;Augustus},{GeneMark_model.1024_t;GeneMark},{GlimmerHMM_glimmerT_944-T1;GlimmerHMM}

# EVM prediction: Mode:STANDARD S-ratio: 4.52 804310-805876 orient(-) score(5463.00) noncoding_equivalent(1209.00) raw_noncoding(1405.00) offset(196.00)
804342	804310	terminal-	4	6	{Augustus_model.g819.t1;Augustus},{GlimmerHMM_glimmerT_945-T1;GlimmerHMM},{GeneMark_model.1025_t;GeneMark}
804406	804343	INTRON			{Augustus_model.g819.t1;Augustus},{GlimmerHMM_glimmerT_945-T1;GlimmerHMM},{GeneMark_model.1025_t;GeneMark}
804616	804407	internal-	4	6	{Augustus_model.g819.t1;Augustus},{GlimmerHMM_glimmerT_945-T1;GlimmerHMM},{GeneMark_model.1025_t;GeneMark}
804698	804617	INTRON			{Augustus_model.g819.t1;Augustus},{GlimmerHMM_glimmerT_945-T1;GlimmerHMM},{GeneMark_model.1025_t;GeneMark}
804914	804699	internal-	4	6	{Augustus_model.g819.t1;Augustus},{GlimmerHMM_glimmerT_945-T1;GlimmerHMM},{GeneMark_model.1025_t;GeneMark}
804976	804915	INTRON			{Augustus_model.g819.t1;Augustus},{GlimmerHMM_glimmerT_945-T1;GlimmerHMM},{GeneMark_model.1025_t;GeneMark}
805876	804977	initial-	4	6	{GlimmerHMM_glimmerT_945-T1;GlimmerHMM}

# EVM prediction: Mode:STANDARD S-ratio: 3.48 806170-807762 orient(-) score(8106.00) noncoding_equivalent(2326.46) raw_noncoding(3219.00) offset(892.54)
806710	806170	terminal-	6	6	{snap_scaffold_2-snap.356-T1;snap},{GlimmerHMM_glimmerT_946-T1;GlimmerHMM},{HiQ_model.g820.t1;HiQ},{GeneMark_model.1026_t;GeneMark}
806807	806711	INTRON			{GlimmerHMM_glimmerT_946-T1;GlimmerHMM},{HiQ_model.g820.t1;HiQ},{GeneMark_model.1026_t;GeneMark},{ev_type:exonerate/ID=match.2566964.1245/Target=lcl|KQ954481_1_prot_KWU44202_1_3404;exonerate}
806928	806808	internal-	5	5	{GlimmerHMM_glimmerT_946-T1;GlimmerHMM},{HiQ_model.g820.t1;HiQ},{GeneMark_model.1026_t;GeneMark},{ev_type:exonerate/ID=match.2566964.1245/Target=lcl|KQ954481_1_prot_KWU44202_1_3404;exonerate}
807015	806929	INTRON			{GlimmerHMM_glimmerT_946-T1;GlimmerHMM},{HiQ_model.g820.t1;HiQ},{GeneMark_model.1026_t;GeneMark},{ev_type:exonerate/ID=match.2566964.1245/Target=lcl|KQ954481_1_prot_KWU44202_1_3404;exonerate}
807245	807016	internal-	6	4	{GlimmerHMM_glimmerT_946-T1;GlimmerHMM},{HiQ_model.g820.t1;HiQ},{GeneMark_model.1026_t;GeneMark},{ev_type:exonerate/ID=match.2566964.1245/Target=lcl|KQ954481_1_prot_KWU44202_1_3404;exonerate}
807312	807246	INTRON			{GlimmerHMM_glimmerT_946-T1;GlimmerHMM},{HiQ_model.g820.t1;HiQ},{GeneMark_model.1026_t;GeneMark},{ev_type:exonerate/ID=match.2566964.1245/Target=lcl|KQ954481_1_prot_KWU44202_1_3404;exonerate}
807461	807313	internal-	4	5	{GlimmerHMM_glimmerT_946-T1;GlimmerHMM},{HiQ_model.g820.t1;HiQ},{GeneMark_model.1026_t;GeneMark},{ev_type:exonerate/ID=match.2566964.1245/Target=lcl|KQ954481_1_prot_KWU44202_1_3404;exonerate}
807523	807462	INTRON			{HiQ_model.g820.t1;HiQ},{GeneMark_model.1026_t;GeneMark},{ev_type:exonerate/ID=match.2566964.1245/Target=lcl|KQ954481_1_prot_KWU44202_1_3404;exonerate}
807598	807524	internal-	4	6	{HiQ_model.g820.t1;HiQ},{GeneMark_model.1026_t;GeneMark},{ev_type:exonerate/ID=match.2566964.1245/Target=lcl|KQ954481_1_prot_KWU44202_1_3404;exonerate}
807690	807599	INTRON			{HiQ_model.g820.t1;HiQ},{GeneMark_model.1026_t;GeneMark},{ev_type:exonerate/ID=match.2566964.1245/Target=lcl|KQ954481_1_prot_KWU44202_1_3404;exonerate}
807762	807691	initial-	4	6	{GlimmerHMM_glimmerT_946-T1;GlimmerHMM},{HiQ_model.g820.t1;HiQ},{GeneMark_model.1026_t;GeneMark}

# EVM prediction: Mode:STANDARD S-ratio: 1.90 807908-808854 orient(+) score(3108.00) noncoding_equivalent(1636.00) raw_noncoding(1898.00) offset(262.00)
807908	808088	initial+	1	1	{GeneMark_model.1027_t;GeneMark},{GlimmerHMM_glimmerT_947-T1;GlimmerHMM},{Augustus_model.g821.t1;Augustus}
808089	808164	INTRON			{GeneMark_model.1027_t;GeneMark},{GlimmerHMM_glimmerT_947-T1;GlimmerHMM},{Augustus_model.g821.t1;Augustus}
808165	808256	internal+	2	3	{GeneMark_model.1027_t;GeneMark},{GlimmerHMM_glimmerT_947-T1;GlimmerHMM},{Augustus_model.g821.t1;Augustus}
808257	808345	INTRON			{GeneMark_model.1027_t;GeneMark},{GlimmerHMM_glimmerT_947-T1;GlimmerHMM},{Augustus_model.g821.t1;Augustus}
808346	808377	internal+	1	2	{GeneMark_model.1027_t;GeneMark},{GlimmerHMM_glimmerT_947-T1;GlimmerHMM},{Augustus_model.g821.t1;Augustus}
808378	808452	INTRON			{GeneMark_model.1027_t;GeneMark},{snap_scaffold_2-snap.358-T1;snap},{GlimmerHMM_glimmerT_947-T1;GlimmerHMM},{Augustus_model.g821.t1;Augustus}
808453	808570	internal+	3	3	{GeneMark_model.1027_t;GeneMark},{GlimmerHMM_glimmerT_947-T1;GlimmerHMM},{Augustus_model.g821.t1;Augustus}
808571	808648	INTRON			{GeneMark_model.1027_t;GeneMark},{GlimmerHMM_glimmerT_947-T1;GlimmerHMM},{Augustus_model.g821.t1;Augustus}
808649	808717	internal+	1	3	{GeneMark_model.1027_t;GeneMark},{GlimmerHMM_glimmerT_947-T1;GlimmerHMM},{Augustus_model.g821.t1;Augustus}
808718	808815	INTRON			{GeneMark_model.1027_t;GeneMark},{GlimmerHMM_glimmerT_947-T1;GlimmerHMM},{Augustus_model.g821.t1;Augustus}
808816	808854	terminal+	1	3	{GeneMark_model.1027_t;GeneMark},{GlimmerHMM_glimmerT_947-T1;GlimmerHMM},{Augustus_model.g821.t1;Augustus}

# EVM prediction: Mode:STANDARD S-ratio: 4.74 809274-815998 orient(-) score(44001.00) noncoding_equivalent(9282.38) raw_noncoding(10995.23) offset(1712.85)
809899	809274	terminal-	5	6	{snap_scaffold_2-snap.359-T1;snap},{GlimmerHMM_glimmerT_948-T1;GlimmerHMM},{HiQ_model.g822.t1;HiQ},{GeneMark_model.1028_t;GeneMark}
809966	809900	INTRON			{GlimmerHMM_glimmerT_948-T1;GlimmerHMM},{HiQ_model.g822.t1;HiQ},{GeneMark_model.1028_t;GeneMark},{ev_type:exonerate/ID=match.2566964.1054/Target=lcl|PJQD01000048_1_prot_POY72611_1_4509;exonerate},{ev_type:exonerate/ID=match.2566964.1055/Target=lcl|KQ954481_1_prot_KWU44200_1_3402;exonerate}
810303	809967	internal-	4	4	{GlimmerHMM_glimmerT_948-T1;GlimmerHMM},{HiQ_model.g822.t1;HiQ},{GeneMark_model.1028_t;GeneMark},{ev_type:exonerate/ID=match.2566964.1054/Target=lcl|PJQD01000048_1_prot_POY72611_1_4509;exonerate},{ev_type:exonerate/ID=match.2566964.1055/Target=lcl|KQ954481_1_prot_KWU44200_1_3402;exonerate}
810367	810304	INTRON			{HiQ_model.g822.t1;HiQ},{GeneMark_model.1028_t;GeneMark},{ev_type:exonerate/ID=match.2566964.1054/Target=lcl|PJQD01000048_1_prot_POY72611_1_4509;exonerate},{ev_type:exonerate/ID=match.2566964.1055/Target=lcl|KQ954481_1_prot_KWU44200_1_3402;exonerate}
810417	810368	internal-	5	6	{HiQ_model.g822.t1;HiQ},{GeneMark_model.1028_t;GeneMark},{ev_type:exonerate/ID=match.2566964.1054/Target=lcl|PJQD01000048_1_prot_POY72611_1_4509;exonerate},{ev_type:exonerate/ID=match.2566964.1055/Target=lcl|KQ954481_1_prot_KWU44200_1_3402;exonerate}
810481	810418	INTRON			{HiQ_model.g822.t1;HiQ},{GeneMark_model.1028_t;GeneMark},{ev_type:exonerate/ID=match.2566964.1054/Target=lcl|PJQD01000048_1_prot_POY72611_1_4509;exonerate},{ev_type:exonerate/ID=match.2566964.1055/Target=lcl|KQ954481_1_prot_KWU44200_1_3402;exonerate}
810725	810482	internal-	4	4	{HiQ_model.g822.t1;HiQ},{GeneMark_model.1028_t;GeneMark},{ev_type:exonerate/ID=match.2566964.1054/Target=lcl|PJQD01000048_1_prot_POY72611_1_4509;exonerate},{ev_type:exonerate/ID=match.2566964.1055/Target=lcl|KQ954481_1_prot_KWU44200_1_3402;exonerate}
810799	810726	INTRON			{GlimmerHMM_glimmerT_948-T1;GlimmerHMM},{HiQ_model.g822.t1;HiQ},{GeneMark_model.1028_t;GeneMark},{ev_type:exonerate/ID=match.2566964.1054/Target=lcl|PJQD01000048_1_prot_POY72611_1_4509;exonerate},{ev_type:exonerate/ID=match.2566964.1055/Target=lcl|KQ954481_1_prot_KWU44200_1_3402;exonerate}
810905	810800	internal-	6	6	{GlimmerHMM_glimmerT_948-T1;GlimmerHMM},{HiQ_model.g822.t1;HiQ},{GeneMark_model.1028_t;GeneMark},{ev_type:exonerate/ID=match.2566964.1054/Target=lcl|PJQD01000048_1_prot_POY72611_1_4509;exonerate},{ev_type:exonerate/ID=match.2566964.1055/Target=lcl|KQ954481_1_prot_KWU44200_1_3402;exonerate}
810966	810906	INTRON			{GlimmerHMM_glimmerT_948-T1;GlimmerHMM},{HiQ_model.g822.t1;HiQ},{GeneMark_model.1028_t;GeneMark},{ev_type:exonerate/ID=match.2566964.1054/Target=lcl|PJQD01000048_1_prot_POY72611_1_4509;exonerate},{ev_type:exonerate/ID=match.2566964.1055/Target=lcl|KQ954481_1_prot_KWU44200_1_3402;exonerate}
811045	810967	internal-	5	5	{GlimmerHMM_glimmerT_948-T1;GlimmerHMM},{HiQ_model.g822.t1;HiQ},{GeneMark_model.1028_t;GeneMark},{ev_type:exonerate/ID=match.2566964.1054/Target=lcl|PJQD01000048_1_prot_POY72611_1_4509;exonerate},{ev_type:exonerate/ID=match.2566964.1055/Target=lcl|KQ954481_1_prot_KWU44200_1_3402;exonerate}
811119	811046	INTRON			{GlimmerHMM_glimmerT_948-T1;GlimmerHMM},{HiQ_model.g822.t1;HiQ},{GeneMark_model.1028_t;GeneMark},{ev_type:exonerate/ID=match.2566964.1054/Target=lcl|PJQD01000048_1_prot_POY72611_1_4509;exonerate},{ev_type:exonerate/ID=match.2566964.1055/Target=lcl|KQ954481_1_prot_KWU44200_1_3402;exonerate}
812253	811120	internal-	5	4	{GlimmerHMM_glimmerT_948-T1;GlimmerHMM},{HiQ_model.g822.t1;HiQ},{GeneMark_model.1028_t;GeneMark},{ev_type:exonerate/ID=match.2566964.1054/Target=lcl|PJQD01000048_1_prot_POY72611_1_4509;exonerate},{ev_type:exonerate/ID=match.2566964.1055/Target=lcl|KQ954481_1_prot_KWU44200_1_3402;exonerate}
812319	812254	INTRON			{GlimmerHMM_glimmerT_948-T1;GlimmerHMM},{HiQ_model.g822.t1;HiQ},{GeneMark_model.1028_t;GeneMark},{ev_type:exonerate/ID=match.2566964.1054/Target=lcl|PJQD01000048_1_prot_POY72611_1_4509;exonerate},{ev_type:exonerate/ID=match.2566964.1055/Target=lcl|KQ954481_1_prot_KWU44200_1_3402;exonerate}
812524	812320	internal-	4	4	{GlimmerHMM_glimmerT_948-T1;GlimmerHMM},{HiQ_model.g822.t1;HiQ},{GeneMark_model.1028_t;GeneMark},{ev_type:exonerate/ID=match.2566964.1054/Target=lcl|PJQD01000048_1_prot_POY72611_1_4509;exonerate},{ev_type:exonerate/ID=match.2566964.1055/Target=lcl|KQ954481_1_prot_KWU44200_1_3402;exonerate}
812587	812525	INTRON			{GlimmerHMM_glimmerT_948-T1;GlimmerHMM},{HiQ_model.g822.t1;HiQ},{GeneMark_model.1028_t;GeneMark},{ev_type:exonerate/ID=match.2566964.1054/Target=lcl|PJQD01000048_1_prot_POY72611_1_4509;exonerate},{ev_type:exonerate/ID=match.2566964.1055/Target=lcl|KQ954481_1_prot_KWU44200_1_3402;exonerate}
812740	812588	internal-	4	6	{HiQ_model.g822.t1;HiQ},{GeneMark_model.1028_t;GeneMark},{ev_type:exonerate/ID=match.2566964.1054/Target=lcl|PJQD01000048_1_prot_POY72611_1_4509;exonerate},{ev_type:exonerate/ID=match.2566964.1055/Target=lcl|KQ954481_1_prot_KWU44200_1_3402;exonerate}
812808	812741	INTRON			{HiQ_model.g822.t1;HiQ},{GeneMark_model.1028_t;GeneMark},{ev_type:exonerate/ID=match.2566964.1054/Target=lcl|PJQD01000048_1_prot_POY72611_1_4509;exonerate},{ev_type:exonerate/ID=match.2566964.1055/Target=lcl|KQ954481_1_prot_KWU44200_1_3402;exonerate}
812872	812809	internal-	6	6	{GlimmerHMM_glimmerT_948-T1;GlimmerHMM},{HiQ_model.g822.t1;HiQ},{GeneMark_model.1028_t;GeneMark},{ev_type:exonerate/ID=match.2566964.1054/Target=lcl|PJQD01000048_1_prot_POY72611_1_4509;exonerate},{ev_type:exonerate/ID=match.2566964.1055/Target=lcl|KQ954481_1_prot_KWU44200_1_3402;exonerate}
812932	812873	INTRON			{GlimmerHMM_glimmerT_948-T1;GlimmerHMM},{HiQ_model.g822.t1;HiQ},{GeneMark_model.1028_t;GeneMark},{ev_type:exonerate/ID=match.2566964.1054/Target=lcl|PJQD01000048_1_prot_POY72611_1_4509;exonerate},{ev_type:exonerate/ID=match.2566964.1055/Target=lcl|KQ954481_1_prot_KWU44200_1_3402;exonerate}
813528	812933	internal-	4	5	{GlimmerHMM_glimmerT_948-T1;GlimmerHMM},{HiQ_model.g822.t1;HiQ},{GeneMark_model.1028_t;GeneMark},{ev_type:exonerate/ID=match.2566964.1054/Target=lcl|PJQD01000048_1_prot_POY72611_1_4509;exonerate},{ev_type:exonerate/ID=match.2566964.1055/Target=lcl|KQ954481_1_prot_KWU44200_1_3402;exonerate}
813603	813529	INTRON			{GlimmerHMM_glimmerT_948-T1;GlimmerHMM},{HiQ_model.g822.t1;HiQ},{GeneMark_model.1028_t;GeneMark},{ev_type:exonerate/ID=match.2566964.1054/Target=lcl|PJQD01000048_1_prot_POY72611_1_4509;exonerate},{ev_type:exonerate/ID=match.2566964.1055/Target=lcl|KQ954481_1_prot_KWU44200_1_3402;exonerate}
815548	813604	internal-	6	6	{GlimmerHMM_glimmerT_948-T1;GlimmerHMM},{HiQ_model.g822.t1;HiQ},{GeneMark_model.1028_t;GeneMark},{ev_type:exonerate/ID=match.2566964.1054/Target=lcl|PJQD01000048_1_prot_POY72611_1_4509;exonerate},{ev_type:exonerate/ID=match.2566964.1055/Target=lcl|KQ954481_1_prot_KWU44200_1_3402;exonerate}
815624	815549	INTRON			{GlimmerHMM_glimmerT_948-T1;GlimmerHMM},{HiQ_model.g822.t1;HiQ},{GeneMark_model.1028_t;GeneMark},{ev_type:exonerate/ID=match.2566964.1054/Target=lcl|PJQD01000048_1_prot_POY72611_1_4509;exonerate},{ev_type:exonerate/ID=match.2566964.1055/Target=lcl|KQ954481_1_prot_KWU44200_1_3402;exonerate}
815998	815625	initial-	4	5	{GlimmerHMM_glimmerT_948-T1;GlimmerHMM},{HiQ_model.g822.t1;HiQ},{GeneMark_model.1028_t;GeneMark}

# EVM prediction: Mode:STANDARD S-ratio: 6.17 816638-818282 orient(-) score(5659.00) noncoding_equivalent(916.57) raw_noncoding(1243.80) offset(327.23)
816868	816638	terminal-	4	6	{GeneMark_model.1029_t;GeneMark},{Augustus_model.g823.t1;Augustus}
816931	816869	INTRON			{GeneMark_model.1029_t;GeneMark},{Augustus_model.g823.t1;Augustus}
817002	816932	internal-	5	6	{GeneMark_model.1029_t;GeneMark},{Augustus_model.g823.t1;Augustus}
817064	817003	INTRON			{GeneMark_model.1029_t;GeneMark},{Augustus_model.g823.t1;Augustus}
817086	817065	internal-	4	4	{GeneMark_model.1029_t;GeneMark},{Augustus_model.g823.t1;Augustus}
817160	817087	INTRON			{GeneMark_model.1029_t;GeneMark},{Augustus_model.g823.t1;Augustus}
818282	817161	initial-	4	6	{GlimmerHMM_glimmerT_949-T1;GlimmerHMM},{GeneMark_model.1029_t;GeneMark},{Augustus_model.g823.t1;Augustus}

# EVM prediction: Mode:STANDARD S-ratio: 1.74 820310-821928 orient(+) score(4366.00) noncoding_equivalent(2512.07) raw_noncoding(3599.00) offset(1086.93)
820310	820364	initial+	1	1	{Augustus_model.g824.t1;Augustus},{GlimmerHMM_glimmerT_950-T1;GlimmerHMM},{GeneMark_model.1030_t;GeneMark}
820365	820471	INTRON			{Augustus_model.g824.t1;Augustus},{GeneMark_model.1030_t;GeneMark}
820472	820501	internal+	2	1	{Augustus_model.g824.t1;Augustus},{GeneMark_model.1030_t;GeneMark}
820502	820565	INTRON			{Augustus_model.g824.t1;Augustus},{GeneMark_model.1030_t;GeneMark}
820566	820686	internal+	2	2	{Augustus_model.g824.t1;Augustus},{GlimmerHMM_glimmerT_950-T1;GlimmerHMM},{GeneMark_model.1030_t;GeneMark}
820687	820814	INTRON			{Augustus_model.g824.t1;Augustus},{GlimmerHMM_glimmerT_950-T1;GlimmerHMM},{GeneMark_model.1030_t;GeneMark}
820815	820860	internal+	3	3	{Augustus_model.g824.t1;Augustus},{GeneMark_model.1030_t;GeneMark}
820861	820926	INTRON			{Augustus_model.g824.t1;Augustus},{GeneMark_model.1030_t;GeneMark}
820927	820974	internal+	1	3	{Augustus_model.g824.t1;Augustus},{GeneMark_model.1030_t;GeneMark}
820975	821048	INTRON			{Augustus_model.g824.t1;Augustus},{GlimmerHMM_glimmerT_950-T1;GlimmerHMM},{GeneMark_model.1030_t;GeneMark}
821049	821175	internal+	1	1	{Augustus_model.g824.t1;Augustus},{GlimmerHMM_glimmerT_950-T1;GlimmerHMM},{GeneMark_model.1030_t;GeneMark}
821176	821244	INTRON			{Augustus_model.g824.t1;Augustus},{GeneMark_model.1030_t;GeneMark}
821245	821292	internal+	2	1	{GeneMark_model.1030_t;GeneMark}
821293	821356	INTRON			{GeneMark_model.1030_t;GeneMark}
821357	821453	internal+	2	2	{GlimmerHMM_glimmerT_950-T1;GlimmerHMM},{GeneMark_model.1030_t;GeneMark}
821454	821525	INTRON			{Augustus_model.g824.t1;Augustus},{GlimmerHMM_glimmerT_950-T1;GlimmerHMM},{GeneMark_model.1030_t;GeneMark}
821526	821792	internal+	3	2	{Augustus_model.g824.t1;Augustus},{GeneMark_model.1030_t;GeneMark}
821793	821864	INTRON			{Augustus_model.g824.t1;Augustus},{GeneMark_model.1030_t;GeneMark}
821865	821928	terminal+	3	3	{Augustus_model.g824.t1;Augustus},{GlimmerHMM_glimmerT_950-T1;GlimmerHMM},{GeneMark_model.1030_t;GeneMark}

# EVM prediction: Mode:STANDARD S-ratio: 2.34 823192-823725 orient(+) score(1602.00) noncoding_equivalent(686.00) raw_noncoding(768.00) offset(82.00)
823192	823265	initial+	1	2	{GlimmerHMM_glimmerT_951-T1;GlimmerHMM}
823266	823343	INTRON			{GlimmerHMM_glimmerT_951-T1;GlimmerHMM},{GeneMark_model.1031_t;GeneMark},{Augustus_model.g825.t1;Augustus}
823344	823725	terminal+	3	3	{GlimmerHMM_glimmerT_951-T1;GlimmerHMM},{GeneMark_model.1031_t;GeneMark},{Augustus_model.g825.t1;Augustus}

# EVM prediction: Mode:STANDARD S-ratio: 2.23 823791-824425 orient(-) score(3045.00) noncoding_equivalent(1365.57) raw_noncoding(1834.57) offset(469.00)
823833	823791	terminal-	6	6	{HiQ_model.g826.t1;HiQ},{GeneMark_model.1032_t;GeneMark}
823917	823834	INTRON			{HiQ_model.g826.t1;HiQ},{GeneMark_model.1032_t;GeneMark},{ev_type:exonerate/ID=match.2566964.1360/Target=lcl|PJQD01000048_1_prot_POY72606_1_4505;exonerate}
823949	823918	internal-	4	5	{HiQ_model.g826.t1;HiQ},{GeneMark_model.1032_t;GeneMark},{ev_type:exonerate/ID=match.2566964.1360/Target=lcl|PJQD01000048_1_prot_POY72606_1_4505;exonerate}
824010	823950	INTRON			{HiQ_model.g826.t1;HiQ},{GlimmerHMM_glimmerT_952-T1;GlimmerHMM},{GeneMark_model.1032_t;GeneMark},{ev_type:exonerate/ID=match.2566964.1360/Target=lcl|PJQD01000048_1_prot_POY72606_1_4505;exonerate}
824107	824011	internal-	6	6	{HiQ_model.g826.t1;HiQ},{GlimmerHMM_glimmerT_952-T1;GlimmerHMM},{GeneMark_model.1032_t;GeneMark},{ev_type:exonerate/ID=match.2566964.1360/Target=lcl|PJQD01000048_1_prot_POY72606_1_4505;exonerate}
824171	824108	INTRON			{HiQ_model.g826.t1;HiQ},{GlimmerHMM_glimmerT_952-T1;GlimmerHMM},{GeneMark_model.1032_t;GeneMark},{ev_type:exonerate/ID=match.2566964.1360/Target=lcl|PJQD01000048_1_prot_POY72606_1_4505;exonerate}
824347	824172	internal-	4	5	{HiQ_model.g826.t1;HiQ},{GlimmerHMM_glimmerT_952-T1;GlimmerHMM},{GeneMark_model.1032_t;GeneMark},{ev_type:exonerate/ID=match.2566964.1360/Target=lcl|PJQD01000048_1_prot_POY72606_1_4505;exonerate}
824404	824348	INTRON			{HiQ_model.g826.t1;HiQ},{GlimmerHMM_glimmerT_952-T1;GlimmerHMM},{GeneMark_model.1032_t;GeneMark},{ev_type:exonerate/ID=match.2566964.1360/Target=lcl|PJQD01000048_1_prot_POY72606_1_4505;exonerate}
824425	824405	initial-	4	6	{HiQ_model.g826.t1;HiQ},{GlimmerHMM_glimmerT_952-T1;GlimmerHMM},{GeneMark_model.1032_t;GeneMark}

# EVM prediction: Mode:STANDARD S-ratio: 13.42 824675-825289 orient(+) score(2287.00) noncoding_equivalent(170.37) raw_noncoding(170.37) offset(0.00)
824675	825289	single+	1	3	{GeneMark_model.1033_t;GeneMark},{Augustus_model.g827.t1;Augustus}

# EVM prediction: Mode:STANDARD S-ratio: 3.90 825704-828003 orient(-) score(9011.00) noncoding_equivalent(2313.18) raw_noncoding(3161.00) offset(847.82)
825942	825704	terminal-	5	6	{Augustus_model.g828.t1;Augustus},{GeneMark_model.1034_t;GeneMark},{GlimmerHMM_glimmerT_954-T1;GlimmerHMM}
826011	825943	INTRON			{Augustus_model.g828.t1;Augustus},{GeneMark_model.1034_t;GeneMark},{GlimmerHMM_glimmerT_954-T1;GlimmerHMM}
826436	826012	internal-	6	4	{Augustus_model.g828.t1;Augustus},{GeneMark_model.1034_t;GeneMark},{GlimmerHMM_glimmerT_954-T1;GlimmerHMM}
826501	826437	INTRON			{Augustus_model.g828.t1;Augustus},{GeneMark_model.1034_t;GeneMark},{ev_type:exonerate/ID=match.2566964.1215/Target=lcl|KQ954481_1_prot_KWU44193_1_3395;exonerate}
826580	826502	internal-	5	5	{Augustus_model.g828.t1;Augustus},{GeneMark_model.1034_t;GeneMark},{ev_type:exonerate/ID=match.2566964.1215/Target=lcl|KQ954481_1_prot_KWU44193_1_3395;exonerate}
826670	826581	INTRON			{Augustus_model.g828.t1;Augustus},{GeneMark_model.1034_t;GeneMark},{GlimmerHMM_glimmerT_954-T1;GlimmerHMM},{ev_type:exonerate/ID=match.2566964.1215/Target=lcl|KQ954481_1_prot_KWU44193_1_3395;exonerate}
827236	826671	internal-	6	4	{Augustus_model.g828.t1;Augustus},{ev_type:exonerate/ID=match.2566964.1215/Target=lcl|KQ954481_1_prot_KWU44193_1_3395;exonerate}
827307	827237	INTRON			{Augustus_model.g828.t1;Augustus},{ev_type:exonerate/ID=match.2566964.1215/Target=lcl|KQ954481_1_prot_KWU44193_1_3395;exonerate}
827345	827308	internal-	4	5	{Augustus_model.g828.t1;Augustus},{ev_type:exonerate/ID=match.2566964.1215/Target=lcl|KQ954481_1_prot_KWU44193_1_3395;exonerate}
827420	827346	INTRON			{GlimmerHMM_glimmerT_955-T1;GlimmerHMM},{Augustus_model.g828.t1;Augustus},{GeneMark_model.1035_t;GeneMark},{ev_type:exonerate/ID=match.2566964.1215/Target=lcl|KQ954481_1_prot_KWU44193_1_3395;exonerate}
827654	827421	internal-	4	6	{GlimmerHMM_glimmerT_955-T1;GlimmerHMM},{Augustus_model.g828.t1;Augustus},{GeneMark_model.1035_t;GeneMark},{ev_type:exonerate/ID=match.2566964.1215/Target=lcl|KQ954481_1_prot_KWU44193_1_3395;exonerate}
827726	827655	INTRON			{Augustus_model.g828.t1;Augustus},{GeneMark_model.1035_t;GeneMark},{ev_type:exonerate/ID=match.2566964.1215/Target=lcl|KQ954481_1_prot_KWU44193_1_3395;exonerate}
827831	827727	internal-	4	6	{Augustus_model.g828.t1;Augustus},{GeneMark_model.1035_t;GeneMark}
827922	827832	INTRON			{Augustus_model.g828.t1;Augustus},{GeneMark_model.1035_t;GeneMark}
828003	827923	initial-	4	6	{GlimmerHMM_glimmerT_955-T1;GlimmerHMM},{Augustus_model.g828.t1;Augustus},{GeneMark_model.1035_t;GeneMark}

# EVM prediction: Mode:STANDARD S-ratio: 1.74 828187-829539 orient(+) score(4059.00) noncoding_equivalent(2327.00) raw_noncoding(2856.00) offset(529.00)
828187	828324	initial+	1	3	{GlimmerHMM_glimmerT_956-T1;GlimmerHMM},{GeneMark_model.1036_t;GeneMark},{Augustus_model.g829.t1;Augustus}
828325	828393	INTRON			{GlimmerHMM_glimmerT_956-T1;GlimmerHMM},{GeneMark_model.1036_t;GeneMark},{Augustus_model.g829.t1;Augustus}
828394	828571	internal+	1	1	{GlimmerHMM_glimmerT_956-T1;GlimmerHMM},{GeneMark_model.1036_t;GeneMark},{Augustus_model.g829.t1;Augustus}
828572	828648	INTRON			{GlimmerHMM_glimmerT_956-T1;GlimmerHMM},{GeneMark_model.1036_t;GeneMark},{Augustus_model.g829.t1;Augustus}
828649	828686	internal+	2	3	{GlimmerHMM_glimmerT_956-T1;GlimmerHMM},{GeneMark_model.1036_t;GeneMark},{Augustus_model.g829.t1;Augustus}
828687	828748	INTRON			{GlimmerHMM_glimmerT_956-T1;GlimmerHMM},{GeneMark_model.1036_t;GeneMark},{Augustus_model.g829.t1;Augustus}
828749	828772	internal+	1	3	{GlimmerHMM_glimmerT_956-T1;GlimmerHMM},{GeneMark_model.1036_t;GeneMark},{Augustus_model.g829.t1;Augustus}
828773	828837	INTRON			{GlimmerHMM_glimmerT_956-T1;GlimmerHMM},{GeneMark_model.1036_t;GeneMark},{Augustus_model.g829.t1;Augustus}
828838	828988	internal+	1	1	{GlimmerHMM_glimmerT_956-T1;GlimmerHMM},{GeneMark_model.1036_t;GeneMark},{Augustus_model.g829.t1;Augustus}
828989	829060	INTRON			{GlimmerHMM_glimmerT_956-T1;GlimmerHMM},{GeneMark_model.1036_t;GeneMark},{Augustus_model.g829.t1;Augustus}
829061	829204	internal+	2	1	{GlimmerHMM_glimmerT_956-T1;GlimmerHMM},{GeneMark_model.1036_t;GeneMark},{Augustus_model.g829.t1;Augustus}
829205	829285	INTRON			{GlimmerHMM_glimmerT_956-T1;GlimmerHMM},{GeneMark_model.1036_t;GeneMark},{Augustus_model.g829.t1;Augustus}
829286	829379	internal+	2	2	{GlimmerHMM_glimmerT_956-T1;GlimmerHMM},{GeneMark_model.1036_t;GeneMark},{Augustus_model.g829.t1;Augustus}
829380	829454	INTRON			{GlimmerHMM_glimmerT_956-T1;GlimmerHMM},{GeneMark_model.1036_t;GeneMark},{Augustus_model.g829.t1;Augustus}
829455	829539	terminal+	3	3	{GlimmerHMM_glimmerT_956-T1;GlimmerHMM},{GeneMark_model.1036_t;GeneMark},{Augustus_model.g829.t1;Augustus}

# EVM prediction: Mode:STANDARD S-ratio: 9.36 829900-831639 orient(+) score(9616.00) noncoding_equivalent(1027.00) raw_noncoding(1143.00) offset(116.00)
829900	831108	initial+	1	3	{Augustus_model.g830.t1;Augustus},{GlimmerHMM_glimmerT_957-T1;GlimmerHMM},{GeneMark_model.1037_t;GeneMark}
831109	831194	INTRON			{Augustus_model.g830.t1;Augustus},{GlimmerHMM_glimmerT_957-T1;GlimmerHMM},{GeneMark_model.1037_t;GeneMark},{ev_type:exonerate/ID=match.2566964.1146/Target=lcl|KQ954481_1_prot_KWU44191_1_3393;exonerate},{ev_type:exonerate/ID=match.2566964.1139/Target=lcl|PJQD01000048_1_prot_POY72603_1_4501;exonerate}
831195	831371	internal+	1	3	{Augustus_model.g830.t1;Augustus},{GlimmerHMM_glimmerT_957-T1;GlimmerHMM},{GeneMark_model.1037_t;GeneMark},{ev_type:exonerate/ID=match.2566964.1146/Target=lcl|KQ954481_1_prot_KWU44191_1_3393;exonerate},{ev_type:exonerate/ID=match.2566964.1139/Target=lcl|PJQD01000048_1_prot_POY72603_1_4501;exonerate}
831372	831477	INTRON			{Augustus_model.g830.t1;Augustus},{GlimmerHMM_glimmerT_957-T1;GlimmerHMM},{GeneMark_model.1037_t;GeneMark},{ev_type:exonerate/ID=match.2566964.1146/Target=lcl|KQ954481_1_prot_KWU44191_1_3393;exonerate},{ev_type:exonerate/ID=match.2566964.1139/Target=lcl|PJQD01000048_1_prot_POY72603_1_4501;exonerate}
831478	831639	terminal+	1	3	{Augustus_model.g830.t1;Augustus},{GlimmerHMM_glimmerT_957-T1;GlimmerHMM},{GeneMark_model.1037_t;GeneMark}

# EVM prediction: Mode:STANDARD S-ratio: 3.22 831928-833880 orient(+) score(9127.00) noncoding_equivalent(2835.69) raw_noncoding(3873.00) offset(1037.31)
831928	832008	initial+	1	3	{Augustus_model.g831.t1;Augustus},{GeneMark_model.1038_t;GeneMark},{GlimmerHMM_glimmerT_958-T1;GlimmerHMM}
832009	832086	INTRON			{Augustus_model.g831.t1;Augustus},{GeneMark_model.1038_t;GeneMark},{GlimmerHMM_glimmerT_958-T1;GlimmerHMM},{ev_type:exonerate/ID=match.2566964.1192/Target=lcl|KQ954481_1_prot_KWU44190_1_3392;exonerate},{ev_type:exonerate/ID=match.2566964.1194/Target=lcl|PJQD01000048_1_prot_POY72602_1_4500;exonerate}
832087	832160	internal+	1	2	{Augustus_model.g831.t1;Augustus},{GeneMark_model.1038_t;GeneMark},{GlimmerHMM_glimmerT_958-T1;GlimmerHMM},{ev_type:exonerate/ID=match.2566964.1194/Target=lcl|PJQD01000048_1_prot_POY72602_1_4500;exonerate}
832161	832283	INTRON			{Augustus_model.g831.t1;Augustus},{GeneMark_model.1038_t;GeneMark},{ev_type:exonerate/ID=match.2566964.1194/Target=lcl|PJQD01000048_1_prot_POY72602_1_4500;exonerate}
832284	832382	internal+	3	2	{Augustus_model.g831.t1;Augustus},{GeneMark_model.1038_t;GeneMark},{ev_type:exonerate/ID=match.2566964.1192/Target=lcl|KQ954481_1_prot_KWU44190_1_3392;exonerate},{ev_type:exonerate/ID=match.2566964.1194/Target=lcl|PJQD01000048_1_prot_POY72602_1_4500;exonerate}
832383	832467	INTRON			{Augustus_model.g831.t1;Augustus},{GeneMark_model.1038_t;GeneMark},{ev_type:exonerate/ID=match.2566964.1192/Target=lcl|KQ954481_1_prot_KWU44190_1_3392;exonerate},{ev_type:exonerate/ID=match.2566964.1194/Target=lcl|PJQD01000048_1_prot_POY72602_1_4500;exonerate}
832468	832577	internal+	3	1	{Augustus_model.g831.t1;Augustus},{GeneMark_model.1038_t;GeneMark},{GlimmerHMM_glimmerT_958-T1;GlimmerHMM},{ev_type:exonerate/ID=match.2566964.1192/Target=lcl|KQ954481_1_prot_KWU44190_1_3392;exonerate},{ev_type:exonerate/ID=match.2566964.1194/Target=lcl|PJQD01000048_1_prot_POY72602_1_4500;exonerate}
832578	832644	INTRON			{Augustus_model.g831.t1;Augustus},{GeneMark_model.1038_t;GeneMark},{GlimmerHMM_glimmerT_958-T1;GlimmerHMM},{ev_type:exonerate/ID=match.2566964.1192/Target=lcl|KQ954481_1_prot_KWU44190_1_3392;exonerate},{ev_type:exonerate/ID=match.2566964.1194/Target=lcl|PJQD01000048_1_prot_POY72602_1_4500;exonerate}
832645	832747	internal+	2	2	{Augustus_model.g831.t1;Augustus},{GeneMark_model.1038_t;GeneMark},{GlimmerHMM_glimmerT_958-T1;GlimmerHMM},{ev_type:exonerate/ID=match.2566964.1192/Target=lcl|KQ954481_1_prot_KWU44190_1_3392;exonerate},{ev_type:exonerate/ID=match.2566964.1194/Target=lcl|PJQD01000048_1_prot_POY72602_1_4500;exonerate}
832748	832812	INTRON			{Augustus_model.g831.t1;Augustus},{GeneMark_model.1038_t;GeneMark}
832813	832824	internal+	3	2	{Augustus_model.g831.t1;Augustus},{GeneMark_model.1038_t;GeneMark}
832825	832897	INTRON			{Augustus_model.g831.t1;Augustus},{GeneMark_model.1038_t;GeneMark}
832898	832986	internal+	3	1	{Augustus_model.g831.t1;Augustus},{GeneMark_model.1038_t;GeneMark},{GlimmerHMM_glimmerT_958-T1;GlimmerHMM}
832987	833065	INTRON			{Augustus_model.g831.t1;Augustus},{GeneMark_model.1038_t;GeneMark},{GlimmerHMM_glimmerT_958-T1;GlimmerHMM},{ev_type:exonerate/ID=match.2566964.1192/Target=lcl|KQ954481_1_prot_KWU44190_1_3392;exonerate},{ev_type:exonerate/ID=match.2566964.1194/Target=lcl|PJQD01000048_1_prot_POY72602_1_4500;exonerate}
833066	833374	internal+	2	1	{Augustus_model.g831.t1;Augustus},{GeneMark_model.1038_t;GeneMark},{GlimmerHMM_glimmerT_958-T1;GlimmerHMM},{ev_type:exonerate/ID=match.2566964.1192/Target=lcl|KQ954481_1_prot_KWU44190_1_3392;exonerate},{ev_type:exonerate/ID=match.2566964.1194/Target=lcl|PJQD01000048_1_prot_POY72602_1_4500;exonerate}
833375	833435	INTRON			{Augustus_model.g831.t1;Augustus},{GeneMark_model.1038_t;GeneMark},{GlimmerHMM_glimmerT_958-T1;GlimmerHMM},{ev_type:exonerate/ID=match.2566964.1192/Target=lcl|KQ954481_1_prot_KWU44190_1_3392;exonerate},{ev_type:exonerate/ID=match.2566964.1194/Target=lcl|PJQD01000048_1_prot_POY72602_1_4500;exonerate}
833436	833503	internal+	2	3	{Augustus_model.g831.t1;Augustus},{GeneMark_model.1038_t;GeneMark},{ev_type:exonerate/ID=match.2566964.1192/Target=lcl|KQ954481_1_prot_KWU44190_1_3392;exonerate},{ev_type:exonerate/ID=match.2566964.1194/Target=lcl|PJQD01000048_1_prot_POY72602_1_4500;exonerate}
833504	833569	INTRON			{Augustus_model.g831.t1;Augustus},{GeneMark_model.1038_t;GeneMark},{ev_type:exonerate/ID=match.2566964.1192/Target=lcl|KQ954481_1_prot_KWU44190_1_3392;exonerate},{ev_type:exonerate/ID=match.2566964.1194/Target=lcl|PJQD01000048_1_prot_POY72602_1_4500;exonerate}
833570	833669	internal+	1	1	{Augustus_model.g831.t1;Augustus},{GeneMark_model.1038_t;GeneMark},{ev_type:exonerate/ID=match.2566964.1192/Target=lcl|KQ954481_1_prot_KWU44190_1_3392;exonerate},{ev_type:exonerate/ID=match.2566964.1194/Target=lcl|PJQD01000048_1_prot_POY72602_1_4500;exonerate}
833670	833734	INTRON			{Augustus_model.g831.t1;Augustus},{GeneMark_model.1038_t;GeneMark},{GlimmerHMM_glimmerT_958-T1;GlimmerHMM},{ev_type:exonerate/ID=match.2566964.1192/Target=lcl|KQ954481_1_prot_KWU44190_1_3392;exonerate},{ev_type:exonerate/ID=match.2566964.1194/Target=lcl|PJQD01000048_1_prot_POY72602_1_4500;exonerate}
833735	833880	terminal+	2	3	{Augustus_model.g831.t1;Augustus},{GeneMark_model.1038_t;GeneMark},{GlimmerHMM_glimmerT_958-T1;GlimmerHMM}

# EVM prediction: Mode:STANDARD S-ratio: 2.91 834141-836304 orient(+) score(6969.00) noncoding_equivalent(2394.00) raw_noncoding(2755.00) offset(361.00)
834141	834323	initial+	1	3	{Augustus_model.g832.t1;Augustus},{GeneMark_model.1039_t;GeneMark},{GlimmerHMM_glimmerT_959-T1;GlimmerHMM}
834324	834413	INTRON			{Augustus_model.g832.t1;Augustus},{GeneMark_model.1039_t;GeneMark},{GlimmerHMM_glimmerT_959-T1;GlimmerHMM}
834414	834658	internal+	1	2	{Augustus_model.g832.t1;Augustus},{GeneMark_model.1039_t;GeneMark},{GlimmerHMM_glimmerT_959-T1;GlimmerHMM}
834659	834732	INTRON			{Augustus_model.g832.t1;Augustus},{GeneMark_model.1039_t;GeneMark},{GlimmerHMM_glimmerT_959-T1;GlimmerHMM}
834733	835036	internal+	3	3	{Augustus_model.g832.t1;Augustus},{GeneMark_model.1039_t;GeneMark},{GlimmerHMM_glimmerT_959-T1;GlimmerHMM}
835037	835107	INTRON			{Augustus_model.g832.t1;Augustus},{GeneMark_model.1039_t;GeneMark},{GlimmerHMM_glimmerT_959-T1;GlimmerHMM}
835108	835162	internal+	1	1	{Augustus_model.g832.t1;Augustus},{GeneMark_model.1039_t;GeneMark},{GlimmerHMM_glimmerT_959-T1;GlimmerHMM}
835163	835226	INTRON			{Augustus_model.g832.t1;Augustus},{GeneMark_model.1039_t;GeneMark},{GlimmerHMM_glimmerT_959-T1;GlimmerHMM}
835227	835750	internal+	2	3	{Augustus_model.g832.t1;Augustus},{GeneMark_model.1039_t;GeneMark},{GlimmerHMM_glimmerT_959-T1;GlimmerHMM}
835751	835815	INTRON			{Augustus_model.g832.t1;Augustus},{GeneMark_model.1039_t;GeneMark},{GlimmerHMM_glimmerT_959-T1;GlimmerHMM}
835816	836304	terminal+	1	3	{Augustus_model.g832.t1;Augustus},{GeneMark_model.1039_t;GeneMark},{GlimmerHMM_glimmerT_959-T1;GlimmerHMM}

# EVM prediction: Mode:STANDARD S-ratio: 2.57 836667-838578 orient(-) score(7132.00) noncoding_equivalent(2776.60) raw_noncoding(3276.40) offset(499.80)
836784	836667	terminal-	6	6	{GlimmerHMM_glimmerT_960-T1;GlimmerHMM},{GeneMark_model.1040_t;GeneMark},{Augustus_model.g833.t1;Augustus}
836873	836785	INTRON			{GlimmerHMM_glimmerT_960-T1;GlimmerHMM},{GeneMark_model.1040_t;GeneMark},{Augustus_model.g833.t1;Augustus}
837173	836874	internal-	6	5	{GlimmerHMM_glimmerT_960-T1;GlimmerHMM},{GeneMark_model.1040_t;GeneMark},{Augustus_model.g833.t1;Augustus}
837248	837174	INTRON			{GlimmerHMM_glimmerT_960-T1;GlimmerHMM},{GeneMark_model.1040_t;GeneMark},{Augustus_model.g833.t1;Augustus},{ev_type:exonerate/ID=match.2566964.1241/Target=lcl|KQ954488_1_prot_KWU43595_1_4091;exonerate}
837380	837249	internal-	6	5	{GlimmerHMM_glimmerT_960-T1;GlimmerHMM},{GeneMark_model.1040_t;GeneMark},{Augustus_model.g833.t1;Augustus},{ev_type:exonerate/ID=match.2566964.1241/Target=lcl|KQ954488_1_prot_KWU43595_1_4091;exonerate}
837457	837381	INTRON			{GlimmerHMM_glimmerT_960-T1;GlimmerHMM},{GeneMark_model.1040_t;GeneMark},{Augustus_model.g833.t1;Augustus},{ev_type:exonerate/ID=match.2566964.1241/Target=lcl|KQ954488_1_prot_KWU43595_1_4091;exonerate}
837486	837458	internal-	4	5	{GlimmerHMM_glimmerT_960-T1;GlimmerHMM},{GeneMark_model.1040_t;GeneMark},{Augustus_model.g833.t1;Augustus},{ev_type:exonerate/ID=match.2566964.1241/Target=lcl|KQ954488_1_prot_KWU43595_1_4091;exonerate}
837555	837487	INTRON			{GlimmerHMM_glimmerT_960-T1;GlimmerHMM},{GeneMark_model.1040_t;GeneMark},{Augustus_model.g833.t1;Augustus},{ev_type:exonerate/ID=match.2566964.1241/Target=lcl|KQ954488_1_prot_KWU43595_1_4091;exonerate}
837656	837556	internal-	5	6	{GlimmerHMM_glimmerT_960-T1;GlimmerHMM},{GeneMark_model.1040_t;GeneMark},{Augustus_model.g833.t1;Augustus},{ev_type:exonerate/ID=match.2566964.1241/Target=lcl|KQ954488_1_prot_KWU43595_1_4091;exonerate}
837737	837657	INTRON			{GlimmerHMM_glimmerT_960-T1;GlimmerHMM},{GeneMark_model.1040_t;GeneMark},{Augustus_model.g833.t1;Augustus},{ev_type:exonerate/ID=match.2566964.1241/Target=lcl|KQ954488_1_prot_KWU43595_1_4091;exonerate}
837850	837738	internal-	6	4	{GlimmerHMM_glimmerT_960-T1;GlimmerHMM},{GeneMark_model.1040_t;GeneMark},{Augustus_model.g833.t1;Augustus},{ev_type:exonerate/ID=match.2566964.1241/Target=lcl|KQ954488_1_prot_KWU43595_1_4091;exonerate}
837917	837851	INTRON			{GlimmerHMM_glimmerT_960-T1;GlimmerHMM},{GeneMark_model.1040_t;GeneMark},{Augustus_model.g833.t1;Augustus},{ev_type:exonerate/ID=match.2566964.1241/Target=lcl|KQ954488_1_prot_KWU43595_1_4091;exonerate}
837969	837918	internal-	5	5	{GlimmerHMM_glimmerT_960-T1;GlimmerHMM},{GeneMark_model.1040_t;GeneMark},{Augustus_model.g833.t1;Augustus},{ev_type:exonerate/ID=match.2566964.1241/Target=lcl|KQ954488_1_prot_KWU43595_1_4091;exonerate}
838041	837970	INTRON			{GlimmerHMM_glimmerT_960-T1;GlimmerHMM},{GeneMark_model.1040_t;GeneMark},{Augustus_model.g833.t1;Augustus},{ev_type:exonerate/ID=match.2566964.1241/Target=lcl|KQ954488_1_prot_KWU43595_1_4091;exonerate}
838482	838042	internal-	5	4	{Augustus_model.g833.t1;Augustus}
838523	838483	INTRON			{Augustus_model.g833.t1;Augustus}
838578	838524	initial-	4	4	{Augustus_model.g833.t1;Augustus}

# EVM prediction: Mode:STANDARD S-ratio: 2.91 838925-840907 orient(+) score(6391.00) noncoding_equivalent(2194.96) raw_noncoding(2592.00) offset(397.04)
838925	839164	initial+	1	3	{GlimmerHMM_glimmerT_961-T1;GlimmerHMM},{Augustus_model.g834.t1;Augustus}
839165	839226	INTRON			{GlimmerHMM_glimmerT_961-T1;GlimmerHMM},{Augustus_model.g834.t1;Augustus}
839227	839332	internal+	1	1	{GlimmerHMM_glimmerT_961-T1;GlimmerHMM},{Augustus_model.g834.t1;Augustus}
839333	839437	INTRON			{GlimmerHMM_glimmerT_961-T1;GlimmerHMM},{Augustus_model.g834.t1;Augustus},{GeneMark_model.1041_t;GeneMark}
839438	839679	internal+	2	3	{GlimmerHMM_glimmerT_961-T1;GlimmerHMM},{Augustus_model.g834.t1;Augustus},{GeneMark_model.1041_t;GeneMark}
839680	839747	INTRON			{GlimmerHMM_glimmerT_961-T1;GlimmerHMM},{Augustus_model.g834.t1;Augustus},{GeneMark_model.1041_t;GeneMark}
839748	840270	internal+	1	1	{GlimmerHMM_glimmerT_961-T1;GlimmerHMM},{Augustus_model.g834.t1;Augustus},{GeneMark_model.1041_t;GeneMark}
840271	840341	INTRON			{GlimmerHMM_glimmerT_961-T1;GlimmerHMM},{Augustus_model.g834.t1;Augustus},{GeneMark_model.1041_t;GeneMark}
840342	840451	internal+	2	3	{GlimmerHMM_glimmerT_961-T1;GlimmerHMM},{Augustus_model.g834.t1;Augustus},{GeneMark_model.1041_t;GeneMark}
840452	840544	INTRON			{GlimmerHMM_glimmerT_961-T1;GlimmerHMM},{Augustus_model.g834.t1;Augustus},{GeneMark_model.1041_t;GeneMark}
840545	840907	terminal+	1	3	{GlimmerHMM_glimmerT_961-T1;GlimmerHMM},{Augustus_model.g834.t1;Augustus},{GeneMark_model.1041_t;GeneMark}

# EVM prediction: Mode:STANDARD S-ratio: 85.59 841875-842612 orient(+) score(2910.00) noncoding_equivalent(34.00) raw_noncoding(34.00) offset(0.00)
841875	842612	single+	1	3	{Augustus_model.g835.t1;Augustus},{GeneMark_model.1042_t;GeneMark}

# EVM prediction: Mode:STANDARD S-ratio: 2.05 842732-847901 orient(-) score(14308.00) noncoding_equivalent(6980.08) raw_noncoding(7643.38) offset(663.30)
843136	842732	terminal-	4	6	{GlimmerHMM_glimmerT_963-T1;GlimmerHMM},{GeneMark_model.1043_t;GeneMark},{Augustus_model.g836.t1;Augustus}
843203	843137	INTRON			{GlimmerHMM_glimmerT_963-T1;GlimmerHMM},{GeneMark_model.1043_t;GeneMark},{Augustus_model.g836.t1;Augustus}
845917	843204	internal-	5	6	{GeneMark_model.1043_t;GeneMark}
845984	845918	INTRON			{GeneMark_model.1043_t;GeneMark},{Augustus_model.g836.t1;Augustus}
846044	845985	internal-	5	4	{GeneMark_model.1043_t;GeneMark},{Augustus_model.g836.t1;Augustus}
846099	846045	INTRON			{GeneMark_model.1043_t;GeneMark},{Augustus_model.g836.t1;Augustus}
846208	846100	internal-	4	4	{GeneMark_model.1043_t;GeneMark},{Augustus_model.g836.t1;Augustus}
846269	846209	INTRON			{GeneMark_model.1043_t;GeneMark},{Augustus_model.g836.t1;Augustus}
846484	846270	internal-	5	6	{GlimmerHMM_glimmerT_963-T1;GlimmerHMM},{GeneMark_model.1043_t;GeneMark},{Augustus_model.g836.t1;Augustus}
846548	846485	INTRON			{GlimmerHMM_glimmerT_963-T1;GlimmerHMM},{GeneMark_model.1043_t;GeneMark},{Augustus_model.g836.t1;Augustus}
847035	846549	internal-	4	4	{GlimmerHMM_glimmerT_963-T1;GlimmerHMM},{GeneMark_model.1043_t;GeneMark},{Augustus_model.g836.t1;Augustus}
847095	847036	INTRON			{GlimmerHMM_glimmerT_963-T1;GlimmerHMM},{GeneMark_model.1043_t;GeneMark},{Augustus_model.g836.t1;Augustus}
847251	847096	internal-	4	6	{GlimmerHMM_glimmerT_963-T1;GlimmerHMM},{GeneMark_model.1043_t;GeneMark},{Augustus_model.g836.t1;Augustus}
847321	847252	INTRON			{GlimmerHMM_glimmerT_963-T1;GlimmerHMM},{GeneMark_model.1043_t;GeneMark},{Augustus_model.g836.t1;Augustus}
847476	847322	internal-	5	6	{GlimmerHMM_glimmerT_963-T1;GlimmerHMM},{GeneMark_model.1043_t;GeneMark},{Augustus_model.g836.t1;Augustus}
847531	847477	INTRON			{GlimmerHMM_glimmerT_963-T1;GlimmerHMM},{GeneMark_model.1043_t;GeneMark},{Augustus_model.g836.t1;Augustus}
847901	847532	initial-	4	4	{GlimmerHMM_glimmerT_963-T1;GlimmerHMM}

# EVM prediction: Mode:STANDARD S-ratio: 3.38 849060-853836 orient(-) score(15761.00) noncoding_equivalent(4659.98) raw_noncoding(5491.06) offset(831.08)
849304	849060	terminal-	5	6	{GeneMark_model.1044_t;GeneMark},{GlimmerHMM_glimmerT_964-T1;GlimmerHMM}
849370	849305	INTRON			{GeneMark_model.1044_t;GeneMark},{GlimmerHMM_glimmerT_964-T1;GlimmerHMM},{Augustus_model.g836.t1;Augustus}
849506	849371	internal-	4	4	{GeneMark_model.1044_t;GeneMark},{GlimmerHMM_glimmerT_964-T1;GlimmerHMM},{Augustus_model.g836.t1;Augustus}
849565	849507	INTRON			{GeneMark_model.1044_t;GeneMark},{GlimmerHMM_glimmerT_964-T1;GlimmerHMM},{Augustus_model.g836.t1;Augustus}
849650	849566	internal-	6	6	{GeneMark_model.1044_t;GeneMark},{GlimmerHMM_glimmerT_964-T1;GlimmerHMM},{Augustus_model.g836.t1;Augustus}
849714	849651	INTRON			{GeneMark_model.1044_t;GeneMark},{GlimmerHMM_glimmerT_964-T1;GlimmerHMM},{Augustus_model.g836.t1;Augustus}
849837	849715	internal-	6	5	{GeneMark_model.1044_t;GeneMark},{GlimmerHMM_glimmerT_964-T1;GlimmerHMM},{Augustus_model.g836.t1;Augustus}
849901	849838	INTRON			{GeneMark_model.1044_t;GeneMark},{GlimmerHMM_glimmerT_964-T1;GlimmerHMM},{Augustus_model.g836.t1;Augustus}
849984	849902	internal-	4	5	{GeneMark_model.1044_t;GeneMark},{GlimmerHMM_glimmerT_964-T1;GlimmerHMM},{Augustus_model.g836.t1;Augustus}
850041	849985	INTRON			{GeneMark_model.1044_t;GeneMark},{Augustus_model.g836.t1;Augustus}
850095	850042	internal-	4	6	{GeneMark_model.1044_t;GeneMark},{Augustus_model.g836.t1;Augustus}
850160	850096	INTRON			{GeneMark_model.1044_t;GeneMark},{Augustus_model.g836.t1;Augustus}
850586	850161	internal-	4	6	{GeneMark_model.1044_t;GeneMark},{GlimmerHMM_glimmerT_964-T1;GlimmerHMM},{Augustus_model.g836.t1;Augustus}
850646	850587	INTRON			{GeneMark_model.1044_t;GeneMark},{GlimmerHMM_glimmerT_964-T1;GlimmerHMM},{Augustus_model.g836.t1;Augustus}
852375	850647	internal-	6	6	{GeneMark_model.1044_t;GeneMark},{GlimmerHMM_glimmerT_964-T1;GlimmerHMM},{Augustus_model.g836.t1;Augustus}
852443	852376	INTRON			{GeneMark_model.1044_t;GeneMark},{GlimmerHMM_glimmerT_964-T1;GlimmerHMM},{Augustus_model.g836.t1;Augustus}
853160	852444	internal-	6	5	{GeneMark_model.1044_t;GeneMark},{GlimmerHMM_glimmerT_964-T1;GlimmerHMM},{Augustus_model.g836.t1;Augustus}
853224	853161	INTRON			{GeneMark_model.1044_t;GeneMark},{GlimmerHMM_glimmerT_964-T1;GlimmerHMM},{Augustus_model.g836.t1;Augustus}
853334	853225	internal-	4	5	{GeneMark_model.1044_t;GeneMark},{GlimmerHMM_glimmerT_964-T1;GlimmerHMM},{Augustus_model.g836.t1;Augustus}
853394	853335	INTRON			{GeneMark_model.1044_t;GeneMark},{GlimmerHMM_glimmerT_964-T1;GlimmerHMM},{Augustus_model.g836.t1;Augustus}
853492	853395	internal-	5	6	{GeneMark_model.1044_t;GeneMark},{GlimmerHMM_glimmerT_964-T1;GlimmerHMM},{Augustus_model.g836.t1;Augustus}
853583	853493	INTRON			{GeneMark_model.1044_t;GeneMark},{GlimmerHMM_glimmerT_964-T1;GlimmerHMM},{Augustus_model.g836.t1;Augustus}
853749	853584	internal-	4	4	{GeneMark_model.1044_t;GeneMark},{GlimmerHMM_glimmerT_964-T1;GlimmerHMM},{Augustus_model.g836.t1;Augustus}
853833	853750	INTRON			{GeneMark_model.1044_t;GeneMark},{GlimmerHMM_glimmerT_964-T1;GlimmerHMM},{Augustus_model.g836.t1;Augustus}
853836	853834	initial-	4	6	{GeneMark_model.1044_t;GeneMark},{GlimmerHMM_glimmerT_964-T1;GlimmerHMM},{Augustus_model.g836.t1;Augustus}

# EVM prediction: Mode:STANDARD S-ratio: 2.78 855473-856254 orient(+) score(3904.00) noncoding_equivalent(1406.00) raw_noncoding(1742.00) offset(336.00)
855473	855524	initial+	1	1	{Augustus_model.g837.t1;Augustus},{GeneMark_model.1045_t;GeneMark},{GlimmerHMM_glimmerT_965-T1;GlimmerHMM}
855525	855618	INTRON			{Augustus_model.g837.t1;Augustus},{GeneMark_model.1045_t;GeneMark},{GlimmerHMM_glimmerT_965-T1;GlimmerHMM},{ev_type:exonerate/ID=match.2566964.1327/Target=lcl|PJQD01000048_1_prot_POY72558_1_4456;exonerate},{ev_type:exonerate/ID=match.2566964.1324/Target=lcl|KQ954488_1_prot_KWU43558_1_4054;exonerate}
855619	855758	internal+	2	3	{Augustus_model.g837.t1;Augustus},{GeneMark_model.1045_t;GeneMark},{GlimmerHMM_glimmerT_965-T1;GlimmerHMM},{ev_type:exonerate/ID=match.2566964.1327/Target=lcl|PJQD01000048_1_prot_POY72558_1_4456;exonerate},{ev_type:exonerate/ID=match.2566964.1324/Target=lcl|KQ954488_1_prot_KWU43558_1_4054;exonerate}
855759	855825	INTRON			{Augustus_model.g837.t1;Augustus},{GeneMark_model.1045_t;GeneMark},{GlimmerHMM_glimmerT_965-T1;GlimmerHMM},{ev_type:exonerate/ID=match.2566964.1327/Target=lcl|PJQD01000048_1_prot_POY72558_1_4456;exonerate},{ev_type:exonerate/ID=match.2566964.1324/Target=lcl|KQ954488_1_prot_KWU43558_1_4054;exonerate}
855826	855885	internal+	1	3	{Augustus_model.g837.t1;Augustus},{GeneMark_model.1045_t;GeneMark},{GlimmerHMM_glimmerT_965-T1;GlimmerHMM},{ev_type:exonerate/ID=match.2566964.1327/Target=lcl|PJQD01000048_1_prot_POY72558_1_4456;exonerate},{ev_type:exonerate/ID=match.2566964.1324/Target=lcl|KQ954488_1_prot_KWU43558_1_4054;exonerate}
855886	855955	INTRON			{Augustus_model.g837.t1;Augustus},{GeneMark_model.1045_t;GeneMark},{GlimmerHMM_glimmerT_965-T1;GlimmerHMM},{ev_type:exonerate/ID=match.2566964.1327/Target=lcl|PJQD01000048_1_prot_POY72558_1_4456;exonerate},{ev_type:exonerate/ID=match.2566964.1324/Target=lcl|KQ954488_1_prot_KWU43558_1_4054;exonerate}
855956	856128	internal+	1	2	{Augustus_model.g837.t1;Augustus},{GeneMark_model.1045_t;GeneMark},{GlimmerHMM_glimmerT_965-T1;GlimmerHMM},{ev_type:exonerate/ID=match.2566964.1327/Target=lcl|PJQD01000048_1_prot_POY72558_1_4456;exonerate},{ev_type:exonerate/ID=match.2566964.1324/Target=lcl|KQ954488_1_prot_KWU43558_1_4054;exonerate}
856129	856217	INTRON			{Augustus_model.g837.t1;Augustus},{GeneMark_model.1045_t;GeneMark},{GlimmerHMM_glimmerT_965-T1;GlimmerHMM},{ev_type:exonerate/ID=match.2566964.1327/Target=lcl|PJQD01000048_1_prot_POY72558_1_4456;exonerate},{ev_type:exonerate/ID=match.2566964.1324/Target=lcl|KQ954488_1_prot_KWU43558_1_4054;exonerate}
856218	856254	terminal+	3	3	{Augustus_model.g837.t1;Augustus},{GeneMark_model.1045_t;GeneMark},{GlimmerHMM_glimmerT_965-T1;GlimmerHMM}

# EVM prediction: Mode:STANDARD S-ratio: 4.07 856802-859963 orient(+) score(15616.00) noncoding_equivalent(3840.88) raw_noncoding(4488.00) offset(647.12)
856802	857264	initial+	1	1	{GeneMark_model.1046_t;GeneMark},{GlimmerHMM_glimmerT_966-T1;GlimmerHMM},{Augustus_model.g838.t1;Augustus}
857265	857345	INTRON			{GeneMark_model.1046_t;GeneMark},{GlimmerHMM_glimmerT_966-T1;GlimmerHMM},{Augustus_model.g838.t1;Augustus},{ev_type:exonerate/ID=match.2566964.1075/Target=lcl|PJQD01000048_1_prot_POY72557_1_4455;exonerate},{ev_type:exonerate/ID=match.2566964.1091/Target=lcl|KQ954488_1_prot_KWU43559_1_4055;exonerate}
857346	857575	internal+	2	3	{GeneMark_model.1046_t;GeneMark},{GlimmerHMM_glimmerT_966-T1;GlimmerHMM},{Augustus_model.g838.t1;Augustus},{ev_type:exonerate/ID=match.2566964.1075/Target=lcl|PJQD01000048_1_prot_POY72557_1_4455;exonerate},{ev_type:exonerate/ID=match.2566964.1091/Target=lcl|KQ954488_1_prot_KWU43559_1_4055;exonerate}
857576	857646	INTRON			{GeneMark_model.1046_t;GeneMark},{GlimmerHMM_glimmerT_966-T1;GlimmerHMM},{Augustus_model.g838.t1;Augustus},{ev_type:exonerate/ID=match.2566964.1075/Target=lcl|PJQD01000048_1_prot_POY72557_1_4455;exonerate},{ev_type:exonerate/ID=match.2566964.1091/Target=lcl|KQ954488_1_prot_KWU43559_1_4055;exonerate}
857647	857812	internal+	1	1	{GeneMark_model.1046_t;GeneMark},{GlimmerHMM_glimmerT_966-T1;GlimmerHMM},{Augustus_model.g838.t1;Augustus},{ev_type:exonerate/ID=match.2566964.1075/Target=lcl|PJQD01000048_1_prot_POY72557_1_4455;exonerate},{ev_type:exonerate/ID=match.2566964.1091/Target=lcl|KQ954488_1_prot_KWU43559_1_4055;exonerate}
857813	857874	INTRON			{GeneMark_model.1046_t;GeneMark},{GlimmerHMM_glimmerT_966-T1;GlimmerHMM},{Augustus_model.g838.t1;Augustus},{ev_type:exonerate/ID=match.2566964.1075/Target=lcl|PJQD01000048_1_prot_POY72557_1_4455;exonerate},{ev_type:exonerate/ID=match.2566964.1091/Target=lcl|KQ954488_1_prot_KWU43559_1_4055;exonerate}
857875	858038	internal+	2	3	{GeneMark_model.1046_t;GeneMark},{GlimmerHMM_glimmerT_966-T1;GlimmerHMM},{Augustus_model.g838.t1;Augustus},{ev_type:exonerate/ID=match.2566964.1075/Target=lcl|PJQD01000048_1_prot_POY72557_1_4455;exonerate},{ev_type:exonerate/ID=match.2566964.1091/Target=lcl|KQ954488_1_prot_KWU43559_1_4055;exonerate}
858039	858101	INTRON			{GeneMark_model.1046_t;GeneMark},{GlimmerHMM_glimmerT_966-T1;GlimmerHMM},{Augustus_model.g838.t1;Augustus},{ev_type:exonerate/ID=match.2566964.1075/Target=lcl|PJQD01000048_1_prot_POY72557_1_4455;exonerate},{ev_type:exonerate/ID=match.2566964.1091/Target=lcl|KQ954488_1_prot_KWU43559_1_4055;exonerate}
858102	858391	internal+	1	2	{GeneMark_model.1046_t;GeneMark},{GlimmerHMM_glimmerT_966-T1;GlimmerHMM},{Augustus_model.g838.t1;Augustus},{ev_type:exonerate/ID=match.2566964.1075/Target=lcl|PJQD01000048_1_prot_POY72557_1_4455;exonerate},{ev_type:exonerate/ID=match.2566964.1091/Target=lcl|KQ954488_1_prot_KWU43559_1_4055;exonerate}
858392	858460	INTRON			{GeneMark_model.1046_t;GeneMark},{GlimmerHMM_glimmerT_966-T1;GlimmerHMM},{Augustus_model.g838.t1;Augustus},{ev_type:exonerate/ID=match.2566964.1075/Target=lcl|PJQD01000048_1_prot_POY72557_1_4455;exonerate},{ev_type:exonerate/ID=match.2566964.1091/Target=lcl|KQ954488_1_prot_KWU43559_1_4055;exonerate}
858461	858583	internal+	3	2	{GeneMark_model.1046_t;GeneMark},{GlimmerHMM_glimmerT_966-T1;GlimmerHMM},{Augustus_model.g838.t1;Augustus},{ev_type:exonerate/ID=match.2566964.1075/Target=lcl|PJQD01000048_1_prot_POY72557_1_4455;exonerate}
858584	858651	INTRON			{GeneMark_model.1046_t;GeneMark},{GlimmerHMM_glimmerT_966-T1;GlimmerHMM},{Augustus_model.g838.t1;Augustus},{ev_type:exonerate/ID=match.2566964.1075/Target=lcl|PJQD01000048_1_prot_POY72557_1_4455;exonerate}
858652	858827	internal+	3	1	{GeneMark_model.1046_t;GeneMark},{GlimmerHMM_glimmerT_966-T1;GlimmerHMM},{Augustus_model.g838.t1;Augustus},{ev_type:exonerate/ID=match.2566964.1075/Target=lcl|PJQD01000048_1_prot_POY72557_1_4455;exonerate},{ev_type:exonerate/ID=match.2566964.1091/Target=lcl|KQ954488_1_prot_KWU43559_1_4055;exonerate}
858828	858888	INTRON			{GeneMark_model.1046_t;GeneMark},{GlimmerHMM_glimmerT_966-T1;GlimmerHMM},{Augustus_model.g838.t1;Augustus},{ev_type:exonerate/ID=match.2566964.1075/Target=lcl|PJQD01000048_1_prot_POY72557_1_4455;exonerate},{ev_type:exonerate/ID=match.2566964.1091/Target=lcl|KQ954488_1_prot_KWU43559_1_4055;exonerate}
858889	859149	internal+	2	1	{GeneMark_model.1046_t;GeneMark},{GlimmerHMM_glimmerT_966-T1;GlimmerHMM},{Augustus_model.g838.t1;Augustus},{ev_type:exonerate/ID=match.2566964.1075/Target=lcl|PJQD01000048_1_prot_POY72557_1_4455;exonerate},{ev_type:exonerate/ID=match.2566964.1091/Target=lcl|KQ954488_1_prot_KWU43559_1_4055;exonerate}
859150	859221	INTRON			{GeneMark_model.1046_t;GeneMark},{GlimmerHMM_glimmerT_966-T1;GlimmerHMM},{Augustus_model.g838.t1;Augustus},{ev_type:exonerate/ID=match.2566964.1075/Target=lcl|PJQD01000048_1_prot_POY72557_1_4455;exonerate},{ev_type:exonerate/ID=match.2566964.1091/Target=lcl|KQ954488_1_prot_KWU43559_1_4055;exonerate}
859222	859412	internal+	2	3	{GeneMark_model.1046_t;GeneMark},{GlimmerHMM_glimmerT_966-T1;GlimmerHMM},{Augustus_model.g838.t1;Augustus},{ev_type:exonerate/ID=match.2566964.1075/Target=lcl|PJQD01000048_1_prot_POY72557_1_4455;exonerate},{ev_type:exonerate/ID=match.2566964.1091/Target=lcl|KQ954488_1_prot_KWU43559_1_4055;exonerate}
859413	859474	INTRON			{GeneMark_model.1046_t;GeneMark},{GlimmerHMM_glimmerT_966-T1;GlimmerHMM},{Augustus_model.g838.t1;Augustus},{ev_type:exonerate/ID=match.2566964.1075/Target=lcl|PJQD01000048_1_prot_POY72557_1_4455;exonerate},{ev_type:exonerate/ID=match.2566964.1091/Target=lcl|KQ954488_1_prot_KWU43559_1_4055;exonerate}
859475	859963	terminal+	1	3	{GeneMark_model.1046_t;GeneMark},{snap_scaffold_2-snap.380-T1;snap},{GlimmerHMM_glimmerT_966-T1;GlimmerHMM},{Augustus_model.g838.t1;Augustus}

# EVM prediction: Mode:STANDARD S-ratio: 3.68 860084-861302 orient(-) score(3957.00) noncoding_equivalent(1076.10) raw_noncoding(1447.00) offset(370.90)
860632	860084	terminal-	4	6	{Augustus_model.g839.t1;Augustus},{GeneMark_model.1047_t;GeneMark},{GlimmerHMM_glimmerT_967-T1;GlimmerHMM}
860714	860633	INTRON			{Augustus_model.g839.t1;Augustus},{GeneMark_model.1047_t;GeneMark},{GlimmerHMM_glimmerT_967-T1;GlimmerHMM}
860820	860715	internal-	6	6	{Augustus_model.g839.t1;Augustus},{GeneMark_model.1047_t;GeneMark}
860885	860821	INTRON			{Augustus_model.g839.t1;Augustus},{GeneMark_model.1047_t;GeneMark}
860979	860886	internal-	5	5	{Augustus_model.g839.t1;Augustus},{GeneMark_model.1047_t;GeneMark}
861055	860980	INTRON			{Augustus_model.g839.t1;Augustus},{GeneMark_model.1047_t;GeneMark}
861302	861056	initial-	4	4	{Augustus_model.g839.t1;Augustus},{GeneMark_model.1047_t;GeneMark},{GlimmerHMM_glimmerT_967-T1;GlimmerHMM}

# EVM prediction: Mode:STANDARD S-ratio: 3.22 861534-863396 orient(+) score(7230.00) noncoding_equivalent(2242.95) raw_noncoding(2829.00) offset(586.05)
861534	861824	initial+	1	3	{Augustus_model.g840.t1;Augustus},{GlimmerHMM_glimmerT_968-T1;GlimmerHMM},{GeneMark_model.1048_t;GeneMark}
861825	861938	INTRON			{Augustus_model.g840.t1;Augustus},{GlimmerHMM_glimmerT_968-T1;GlimmerHMM},{GeneMark_model.1048_t;GeneMark}
861939	862184	internal+	1	3	{Augustus_model.g840.t1;Augustus},{GlimmerHMM_glimmerT_968-T1;GlimmerHMM},{GeneMark_model.1048_t;GeneMark}
862185	862261	INTRON			{Augustus_model.g840.t1;Augustus},{GeneMark_model.1048_t;GeneMark},{ev_type:exonerate/ID=match.2566964.1247/Target=lcl|KQ954488_1_prot_KWU43561_1_4057;exonerate}
862262	862327	internal+	1	3	{Augustus_model.g840.t1;Augustus},{GeneMark_model.1048_t;GeneMark},{ev_type:exonerate/ID=match.2566964.1247/Target=lcl|KQ954488_1_prot_KWU43561_1_4057;exonerate}
862328	862411	INTRON			{Augustus_model.g840.t1;Augustus},{GeneMark_model.1048_t;GeneMark},{ev_type:exonerate/ID=match.2566964.1247/Target=lcl|KQ954488_1_prot_KWU43561_1_4057;exonerate}
862412	862533	internal+	1	2	{Augustus_model.g840.t1;Augustus},{GlimmerHMM_glimmerT_968-T1;GlimmerHMM},{GeneMark_model.1048_t;GeneMark},{ev_type:exonerate/ID=match.2566964.1247/Target=lcl|KQ954488_1_prot_KWU43561_1_4057;exonerate}
862534	862609	INTRON			{Augustus_model.g840.t1;Augustus},{GlimmerHMM_glimmerT_968-T1;GlimmerHMM},{GeneMark_model.1048_t;GeneMark},{ev_type:exonerate/ID=match.2566964.1247/Target=lcl|KQ954488_1_prot_KWU43561_1_4057;exonerate}
862610	862697	internal+	3	3	{Augustus_model.g840.t1;Augustus},{GlimmerHMM_glimmerT_968-T1;GlimmerHMM},{GeneMark_model.1048_t;GeneMark},{ev_type:exonerate/ID=match.2566964.1247/Target=lcl|KQ954488_1_prot_KWU43561_1_4057;exonerate}
862698	862756	INTRON			{Augustus_model.g840.t1;Augustus},{GlimmerHMM_glimmerT_968-T1;GlimmerHMM},{GeneMark_model.1048_t;GeneMark},{ev_type:exonerate/ID=match.2566964.1247/Target=lcl|KQ954488_1_prot_KWU43561_1_4057;exonerate}
862757	862795	internal+	1	3	{Augustus_model.g840.t1;Augustus},{GlimmerHMM_glimmerT_968-T1;GlimmerHMM},{GeneMark_model.1048_t;GeneMark},{ev_type:exonerate/ID=match.2566964.1247/Target=lcl|KQ954488_1_prot_KWU43561_1_4057;exonerate}
862796	862868	INTRON			{Augustus_model.g840.t1;Augustus},{GlimmerHMM_glimmerT_968-T1;GlimmerHMM},{GeneMark_model.1048_t;GeneMark},{snap_scaffold_2-snap.382-T1;snap},{ev_type:exonerate/ID=match.2566964.1247/Target=lcl|KQ954488_1_prot_KWU43561_1_4057;exonerate}
862869	863396	terminal+	1	3	{Augustus_model.g840.t1;Augustus},{GlimmerHMM_glimmerT_968-T1;GlimmerHMM},{GeneMark_model.1048_t;GeneMark},{snap_scaffold_2-snap.382-T1;snap}

# EVM prediction: Mode:STANDARD S-ratio: 1.36 863725-865334 orient(+) score(3718.00) noncoding_equivalent(2731.99) raw_noncoding(3470.00) offset(738.01)
863725	864057	initial+	1	3	{Augustus_model.g841.t1;Augustus},{GlimmerHMM_glimmerT_969-T1;GlimmerHMM}
864058	864122	INTRON			{GlimmerHMM_glimmerT_969-T1;GlimmerHMM},{GeneMark_model.1049_t;GeneMark}
864123	864434	internal+	1	3	{GeneMark_model.1049_t;GeneMark}
864435	864491	INTRON			{GeneMark_model.1049_t;GeneMark}
864492	864517	internal+	1	2	{Augustus_model.g841.t1;Augustus},{GeneMark_model.1049_t;GeneMark}
864518	864574	INTRON			{Augustus_model.g841.t1;Augustus},{GeneMark_model.1049_t;GeneMark}
864575	864725	internal+	3	3	{Augustus_model.g841.t1;Augustus},{GeneMark_model.1049_t;GeneMark}
864726	864787	INTRON			{Augustus_model.g841.t1;Augustus},{GeneMark_model.1049_t;GeneMark}
864788	864880	internal+	1	3	{Augustus_model.g841.t1;Augustus},{GlimmerHMM_glimmerT_969-T1;GlimmerHMM},{GeneMark_model.1049_t;GeneMark}
864881	864943	INTRON			{Augustus_model.g841.t1;Augustus},{GlimmerHMM_glimmerT_969-T1;GlimmerHMM},{GeneMark_model.1049_t;GeneMark}
864944	865113	internal+	1	2	{Augustus_model.g841.t1;Augustus},{GeneMark_model.1049_t;GeneMark}
865114	865180	INTRON			{Augustus_model.g841.t1;Augustus},{GeneMark_model.1049_t;GeneMark}
865181	865334	terminal+	3	3	{Augustus_model.g841.t1;Augustus},{GeneMark_model.1049_t;GeneMark}

# EVM prediction: Mode:STANDARD S-ratio: 3.88 865390-868403 orient(-) score(18741.00) noncoding_equivalent(4832.00) raw_noncoding(5765.00) offset(933.00)
865503	865390	terminal-	4	6	{HiQ_model.g842.t1;HiQ},{GeneMark_model.1050_t;GeneMark},{GlimmerHMM_glimmerT_970-T1;GlimmerHMM}
865571	865504	INTRON			{HiQ_model.g842.t1;HiQ},{GeneMark_model.1050_t;GeneMark},{GlimmerHMM_glimmerT_970-T1;GlimmerHMM},{ev_type:exonerate/ID=match.2566964.301/Target=lcl|KQ954536_1_prot_KWU41498_1_6154;exonerate},{ev_type:exonerate/ID=match.2566964.299/Target=lcl|PJQD01000048_1_prot_POY72553_1_4451;exonerate}
865658	865572	internal-	4	6	{HiQ_model.g842.t1;HiQ},{GeneMark_model.1050_t;GeneMark},{GlimmerHMM_glimmerT_970-T1;GlimmerHMM},{ev_type:exonerate/ID=match.2566964.299/Target=lcl|PJQD01000048_1_prot_POY72553_1_4451;exonerate}
865718	865659	INTRON			{HiQ_model.g842.t1;HiQ},{GeneMark_model.1050_t;GeneMark},{GlimmerHMM_glimmerT_970-T1;GlimmerHMM},{ev_type:exonerate/ID=match.2566964.299/Target=lcl|PJQD01000048_1_prot_POY72553_1_4451;exonerate}
865865	865719	internal-	4	6	{HiQ_model.g842.t1;HiQ},{GeneMark_model.1050_t;GeneMark},{GlimmerHMM_glimmerT_970-T1;GlimmerHMM},{ev_type:exonerate/ID=match.2566964.301/Target=lcl|KQ954536_1_prot_KWU41498_1_6154;exonerate},{ev_type:exonerate/ID=match.2566964.299/Target=lcl|PJQD01000048_1_prot_POY72553_1_4451;exonerate}
865929	865866	INTRON			{HiQ_model.g842.t1;HiQ},{GeneMark_model.1050_t;GeneMark},{GlimmerHMM_glimmerT_970-T1;GlimmerHMM},{ev_type:exonerate/ID=match.2566964.301/Target=lcl|KQ954536_1_prot_KWU41498_1_6154;exonerate},{ev_type:exonerate/ID=match.2566964.299/Target=lcl|PJQD01000048_1_prot_POY72553_1_4451;exonerate}
866085	865930	internal-	4	6	{HiQ_model.g842.t1;HiQ},{GeneMark_model.1050_t;GeneMark},{GlimmerHMM_glimmerT_970-T1;GlimmerHMM},{ev_type:exonerate/ID=match.2566964.301/Target=lcl|KQ954536_1_prot_KWU41498_1_6154;exonerate},{ev_type:exonerate/ID=match.2566964.299/Target=lcl|PJQD01000048_1_prot_POY72553_1_4451;exonerate}
866140	866086	INTRON			{HiQ_model.g842.t1;HiQ},{GeneMark_model.1050_t;GeneMark},{GlimmerHMM_glimmerT_970-T1;GlimmerHMM},{ev_type:exonerate/ID=match.2566964.301/Target=lcl|KQ954536_1_prot_KWU41498_1_6154;exonerate},{ev_type:exonerate/ID=match.2566964.299/Target=lcl|PJQD01000048_1_prot_POY72553_1_4451;exonerate}
867228	866141	internal-	5	6	{HiQ_model.g842.t1;HiQ},{GeneMark_model.1050_t;GeneMark},{GlimmerHMM_glimmerT_970-T1;GlimmerHMM},{ev_type:exonerate/ID=match.2566964.301/Target=lcl|KQ954536_1_prot_KWU41498_1_6154;exonerate},{ev_type:exonerate/ID=match.2566964.299/Target=lcl|PJQD01000048_1_prot_POY72553_1_4451;exonerate}
867287	867229	INTRON			{HiQ_model.g842.t1;HiQ},{GeneMark_model.1050_t;GeneMark},{GlimmerHMM_glimmerT_970-T1;GlimmerHMM},{ev_type:exonerate/ID=match.2566964.301/Target=lcl|KQ954536_1_prot_KWU41498_1_6154;exonerate},{ev_type:exonerate/ID=match.2566964.299/Target=lcl|PJQD01000048_1_prot_POY72553_1_4451;exonerate}
867674	867288	internal-	5	4	{HiQ_model.g842.t1;HiQ},{GeneMark_model.1050_t;GeneMark},{GlimmerHMM_glimmerT_970-T1;GlimmerHMM},{ev_type:exonerate/ID=match.2566964.299/Target=lcl|PJQD01000048_1_prot_POY72553_1_4451;exonerate}
867737	867675	INTRON			{HiQ_model.g842.t1;HiQ},{GeneMark_model.1050_t;GeneMark},{GlimmerHMM_glimmerT_970-T1;GlimmerHMM},{ev_type:exonerate/ID=match.2566964.301/Target=lcl|KQ954536_1_prot_KWU41498_1_6154;exonerate},{ev_type:exonerate/ID=match.2566964.299/Target=lcl|PJQD01000048_1_prot_POY72553_1_4451;exonerate}
867923	867738	internal-	5	4	{HiQ_model.g842.t1;HiQ},{GeneMark_model.1050_t;GeneMark},{GlimmerHMM_glimmerT_970-T1;GlimmerHMM},{ev_type:exonerate/ID=match.2566964.301/Target=lcl|KQ954536_1_prot_KWU41498_1_6154;exonerate},{ev_type:exonerate/ID=match.2566964.299/Target=lcl|PJQD01000048_1_prot_POY72553_1_4451;exonerate}
867989	867924	INTRON			{HiQ_model.g842.t1;HiQ},{GeneMark_model.1050_t;GeneMark},{GlimmerHMM_glimmerT_970-T1;GlimmerHMM},{ev_type:exonerate/ID=match.2566964.301/Target=lcl|KQ954536_1_prot_KWU41498_1_6154;exonerate},{ev_type:exonerate/ID=match.2566964.299/Target=lcl|PJQD01000048_1_prot_POY72553_1_4451;exonerate}
868077	867990	internal-	4	4	{HiQ_model.g842.t1;HiQ},{GeneMark_model.1050_t;GeneMark},{GlimmerHMM_glimmerT_970-T1;GlimmerHMM}
868136	868078	INTRON			{HiQ_model.g842.t1;HiQ},{GeneMark_model.1050_t;GeneMark},{GlimmerHMM_glimmerT_970-T1;GlimmerHMM}
868403	868137	initial-	4	6	{HiQ_model.g842.t1;HiQ},{GeneMark_model.1050_t;GeneMark},{GlimmerHMM_glimmerT_970-T1;GlimmerHMM}

# EVM prediction: Mode:STANDARD S-ratio: 4.27 868751-870579 orient(-) score(7031.00) noncoding_equivalent(1648.37) raw_noncoding(1907.00) offset(258.63)
869494	868751	terminal-	4	6	{GlimmerHMM_glimmerT_971-T1;GlimmerHMM},{GeneMark_model.1051_t;GeneMark},{Augustus_model.g843.t1;Augustus}
869556	869495	INTRON			{GlimmerHMM_glimmerT_971-T1;GlimmerHMM},{GeneMark_model.1051_t;GeneMark},{Augustus_model.g843.t1;Augustus},{ev_type:exonerate/ID=match.2566964.1216/Target=lcl|KQ954536_1_prot_KWU41497_1_6153;exonerate}
869703	869557	internal-	4	6	{GeneMark_model.1051_t;GeneMark},{Augustus_model.g843.t1;Augustus},{ev_type:exonerate/ID=match.2566964.1216/Target=lcl|KQ954536_1_prot_KWU41497_1_6153;exonerate}
869771	869704	INTRON			{GeneMark_model.1051_t;GeneMark},{Augustus_model.g843.t1;Augustus},{ev_type:exonerate/ID=match.2566964.1216/Target=lcl|KQ954536_1_prot_KWU41497_1_6153;exonerate}
869918	869772	internal-	4	6	{GlimmerHMM_glimmerT_971-T1;GlimmerHMM},{GeneMark_model.1051_t;GeneMark},{Augustus_model.g843.t1;Augustus},{ev_type:exonerate/ID=match.2566964.1216/Target=lcl|KQ954536_1_prot_KWU41497_1_6153;exonerate}
869991	869919	INTRON			{GlimmerHMM_glimmerT_971-T1;GlimmerHMM},{GeneMark_model.1051_t;GeneMark},{Augustus_model.g843.t1;Augustus},{ev_type:exonerate/ID=match.2566964.1216/Target=lcl|KQ954536_1_prot_KWU41497_1_6153;exonerate}
870579	869992	initial-	4	6	{GlimmerHMM_glimmerT_971-T1;GlimmerHMM},{GeneMark_model.1051_t;GeneMark}

# EVM prediction: Mode:STANDARD S-ratio: 4.95 871695-873904 orient(+) score(13184.00) noncoding_equivalent(2662.74) raw_noncoding(3277.02) offset(614.28)
871695	871925	initial+	1	3	{GeneMark_model.1052_t;GeneMark}
871926	871991	INTRON			{GeneMark_model.1052_t;GeneMark},{Augustus_model.g844.t1;Augustus},{ev_type:exonerate/ID=match.2566964.1107/Target=lcl|KQ954536_1_prot_KWU41496_1_6152;exonerate},{ev_type:exonerate/ID=match.2566964.1118/Target=lcl|NW_017264931_1_prot_XP_018272414_1_2245;exonerate}
871992	872207	internal+	1	3	{GeneMark_model.1052_t;GeneMark},{Augustus_model.g844.t1;Augustus},{ev_type:exonerate/ID=match.2566964.1107/Target=lcl|KQ954536_1_prot_KWU41496_1_6152;exonerate},{ev_type:exonerate/ID=match.2566964.1118/Target=lcl|NW_017264931_1_prot_XP_018272414_1_2245;exonerate}
872208	872271	INTRON			{GeneMark_model.1052_t;GeneMark},{Augustus_model.g844.t1;Augustus},{ev_type:exonerate/ID=match.2566964.1107/Target=lcl|KQ954536_1_prot_KWU41496_1_6152;exonerate},{ev_type:exonerate/ID=match.2566964.1118/Target=lcl|NW_017264931_1_prot_XP_018272414_1_2245;exonerate},{ev_type:exonerate/ID=match.2566964.1114/Target=lcl|BJWK01000002_1_prot_GEM06785_1_802;exonerate}
872272	872403	internal+	1	3	{GlimmerHMM_glimmerT_972-T1;GlimmerHMM},{GeneMark_model.1052_t;GeneMark},{Augustus_model.g844.t1;Augustus},{ev_type:exonerate/ID=match.2566964.1107/Target=lcl|KQ954536_1_prot_KWU41496_1_6152;exonerate},{ev_type:exonerate/ID=match.2566964.1118/Target=lcl|NW_017264931_1_prot_XP_018272414_1_2245;exonerate},{ev_type:exonerate/ID=match.2566964.1114/Target=lcl|BJWK01000002_1_prot_GEM06785_1_802;exonerate}
872404	872469	INTRON			{GlimmerHMM_glimmerT_972-T1;GlimmerHMM},{GeneMark_model.1052_t;GeneMark},{Augustus_model.g844.t1;Augustus},{ev_type:exonerate/ID=match.2566964.1107/Target=lcl|KQ954536_1_prot_KWU41496_1_6152;exonerate},{ev_type:exonerate/ID=match.2566964.1118/Target=lcl|NW_017264931_1_prot_XP_018272414_1_2245;exonerate},{ev_type:exonerate/ID=match.2566964.1114/Target=lcl|BJWK01000002_1_prot_GEM06785_1_802;exonerate}
872470	872577	internal+	1	3	{GlimmerHMM_glimmerT_972-T1;GlimmerHMM},{GeneMark_model.1052_t;GeneMark},{Augustus_model.g844.t1;Augustus},{ev_type:exonerate/ID=match.2566964.1107/Target=lcl|KQ954536_1_prot_KWU41496_1_6152;exonerate},{ev_type:exonerate/ID=match.2566964.1118/Target=lcl|NW_017264931_1_prot_XP_018272414_1_2245;exonerate},{ev_type:exonerate/ID=match.2566964.1114/Target=lcl|BJWK01000002_1_prot_GEM06785_1_802;exonerate}
872578	872641	INTRON			{GlimmerHMM_glimmerT_972-T1;GlimmerHMM},{GeneMark_model.1052_t;GeneMark},{Augustus_model.g844.t1;Augustus},{ev_type:exonerate/ID=match.2566964.1107/Target=lcl|KQ954536_1_prot_KWU41496_1_6152;exonerate},{ev_type:exonerate/ID=match.2566964.1118/Target=lcl|NW_017264931_1_prot_XP_018272414_1_2245;exonerate},{ev_type:exonerate/ID=match.2566964.1114/Target=lcl|BJWK01000002_1_prot_GEM06785_1_802;exonerate}
872642	872740	internal+	1	3	{GlimmerHMM_glimmerT_972-T1;GlimmerHMM},{GeneMark_model.1052_t;GeneMark},{Augustus_model.g844.t1;Augustus},{ev_type:exonerate/ID=match.2566964.1107/Target=lcl|KQ954536_1_prot_KWU41496_1_6152;exonerate},{ev_type:exonerate/ID=match.2566964.1118/Target=lcl|NW_017264931_1_prot_XP_018272414_1_2245;exonerate},{ev_type:exonerate/ID=match.2566964.1114/Target=lcl|BJWK01000002_1_prot_GEM06785_1_802;exonerate}
872741	872798	INTRON			{GlimmerHMM_glimmerT_972-T1;GlimmerHMM},{GeneMark_model.1052_t;GeneMark},{Augustus_model.g844.t1;Augustus},{ev_type:exonerate/ID=match.2566964.1107/Target=lcl|KQ954536_1_prot_KWU41496_1_6152;exonerate},{ev_type:exonerate/ID=match.2566964.1118/Target=lcl|NW_017264931_1_prot_XP_018272414_1_2245;exonerate}
872799	872892	internal+	1	1	{GlimmerHMM_glimmerT_972-T1;GlimmerHMM},{GeneMark_model.1052_t;GeneMark},{Augustus_model.g844.t1;Augustus},{ev_type:exonerate/ID=match.2566964.1118/Target=lcl|NW_017264931_1_prot_XP_018272414_1_2245;exonerate}
872893	872953	INTRON			{GlimmerHMM_glimmerT_972-T1;GlimmerHMM},{GeneMark_model.1052_t;GeneMark},{Augustus_model.g844.t1;Augustus},{ev_type:exonerate/ID=match.2566964.1118/Target=lcl|NW_017264931_1_prot_XP_018272414_1_2245;exonerate},{ev_type:exonerate/ID=match.2566964.1114/Target=lcl|BJWK01000002_1_prot_GEM06785_1_802;exonerate}
872954	873081	internal+	2	3	{GlimmerHMM_glimmerT_972-T1;GlimmerHMM},{GeneMark_model.1052_t;GeneMark},{Augustus_model.g844.t1;Augustus},{ev_type:exonerate/ID=match.2566964.1118/Target=lcl|NW_017264931_1_prot_XP_018272414_1_2245;exonerate},{ev_type:exonerate/ID=match.2566964.1114/Target=lcl|BJWK01000002_1_prot_GEM06785_1_802;exonerate}
873082	873147	INTRON			{GlimmerHMM_glimmerT_972-T1;GlimmerHMM},{GeneMark_model.1052_t;GeneMark},{Augustus_model.g844.t1;Augustus},{ev_type:exonerate/ID=match.2566964.1107/Target=lcl|KQ954536_1_prot_KWU41496_1_6152;exonerate},{ev_type:exonerate/ID=match.2566964.1118/Target=lcl|NW_017264931_1_prot_XP_018272414_1_2245;exonerate},{ev_type:exonerate/ID=match.2566964.1114/Target=lcl|BJWK01000002_1_prot_GEM06785_1_802;exonerate}
873148	873621	internal+	1	3	{GlimmerHMM_glimmerT_972-T1;GlimmerHMM},{GeneMark_model.1052_t;GeneMark},{Augustus_model.g844.t1;Augustus},{ev_type:exonerate/ID=match.2566964.1107/Target=lcl|KQ954536_1_prot_KWU41496_1_6152;exonerate},{ev_type:exonerate/ID=match.2566964.1118/Target=lcl|NW_017264931_1_prot_XP_018272414_1_2245;exonerate},{ev_type:exonerate/ID=match.2566964.1114/Target=lcl|BJWK01000002_1_prot_GEM06785_1_802;exonerate}
873622	873682	INTRON			{GlimmerHMM_glimmerT_972-T1;GlimmerHMM},{GeneMark_model.1052_t;GeneMark},{Augustus_model.g844.t1;Augustus},{ev_type:exonerate/ID=match.2566964.1107/Target=lcl|KQ954536_1_prot_KWU41496_1_6152;exonerate},{ev_type:exonerate/ID=match.2566964.1118/Target=lcl|NW_017264931_1_prot_XP_018272414_1_2245;exonerate},{ev_type:exonerate/ID=match.2566964.1114/Target=lcl|BJWK01000002_1_prot_GEM06785_1_802;exonerate}
873683	873904	terminal+	1	3	{GlimmerHMM_glimmerT_972-T1;GlimmerHMM},{snap_scaffold_2-snap.386-T1;snap}

# EVM prediction: Mode:STANDARD S-ratio: 2.68 874680-878638 orient(+) score(12021.00) noncoding_equivalent(4491.11) raw_noncoding(5087.00) offset(595.89)
874680	874973	initial+	1	3	{GlimmerHMM_glimmerT_973-T1;GlimmerHMM}
874974	875044	INTRON			{GlimmerHMM_glimmerT_973-T1;GlimmerHMM},{GeneMark_model.1052_t;GeneMark},{Augustus_model.g844.t1;Augustus}
875045	875137	internal+	1	3	{GlimmerHMM_glimmerT_973-T1;GlimmerHMM},{GeneMark_model.1052_t;GeneMark},{Augustus_model.g844.t1;Augustus}
875138	875204	INTRON			{GeneMark_model.1052_t;GeneMark},{Augustus_model.g844.t1;Augustus}
875205	876272	internal+	1	3	{GeneMark_model.1052_t;GeneMark},{Augustus_model.g844.t1;Augustus}
876273	876333	INTRON			{GlimmerHMM_glimmerT_973-T1;GlimmerHMM},{GeneMark_model.1052_t;GeneMark},{Augustus_model.g844.t1;Augustus}
876334	876454	internal+	1	1	{GlimmerHMM_glimmerT_973-T1;GlimmerHMM},{GeneMark_model.1052_t;GeneMark},{Augustus_model.g844.t1;Augustus}
876455	876519	INTRON			{GlimmerHMM_glimmerT_973-T1;GlimmerHMM},{GeneMark_model.1052_t;GeneMark},{Augustus_model.g844.t1;Augustus}
876520	876670	internal+	2	2	{GlimmerHMM_glimmerT_973-T1;GlimmerHMM},{GeneMark_model.1052_t;GeneMark},{Augustus_model.g844.t1;Augustus}
876671	876756	INTRON			{GlimmerHMM_glimmerT_973-T1;GlimmerHMM},{GeneMark_model.1052_t;GeneMark},{Augustus_model.g844.t1;Augustus}
876757	877109	internal+	3	1	{GlimmerHMM_glimmerT_973-T1;GlimmerHMM},{GeneMark_model.1052_t;GeneMark}
877110	877186	INTRON			{GlimmerHMM_glimmerT_973-T1;GlimmerHMM},{GeneMark_model.1052_t;GeneMark}
877187	877564	internal+	2	1	{GlimmerHMM_glimmerT_973-T1;GlimmerHMM},{GeneMark_model.1052_t;GeneMark},{Augustus_model.g844.t1;Augustus}
877565	877631	INTRON			{GlimmerHMM_glimmerT_973-T1;GlimmerHMM},{GeneMark_model.1052_t;GeneMark},{Augustus_model.g844.t1;Augustus}
877632	878638	terminal+	2	3	{GlimmerHMM_glimmerT_973-T1;GlimmerHMM},{GeneMark_model.1052_t;GeneMark},{Augustus_model.g844.t1;Augustus}

# EVM prediction: Mode:STANDARD S-ratio: 1.00 879193-879548 orient(+) score(712.00) noncoding_equivalent(712.00) raw_noncoding(1004.00) offset(292.00)
879193	879274	initial+	1	1	{GeneMark_model.1053_t;GeneMark}
879275	879355	INTRON			{Augustus_model.g845.t1;Augustus},{GeneMark_model.1053_t;GeneMark}
879356	879435	internal+	2	3	{Augustus_model.g845.t1;Augustus},{GeneMark_model.1053_t;GeneMark}
879436	879500	INTRON			{Augustus_model.g845.t1;Augustus},{GeneMark_model.1053_t;GeneMark}
879501	879548	terminal+	1	3	{Augustus_model.g845.t1;Augustus},{GeneMark_model.1053_t;GeneMark}

# EVM prediction: Mode:STANDARD S-ratio: 3.38 880118-883086 orient(+) score(9531.00) noncoding_equivalent(2823.70) raw_noncoding(3551.00) offset(727.30)
880118	880816	initial+	1	3	{GlimmerHMM_glimmerT_974-T1;GlimmerHMM}
880817	880916	INTRON			{GlimmerHMM_glimmerT_974-T1;GlimmerHMM}
880917	881133	internal+	1	1	{GeneMark_model.1054_t;GeneMark},{GlimmerHMM_glimmerT_974-T1;GlimmerHMM}
881134	881190	INTRON			{GeneMark_model.1054_t;GeneMark},{GlimmerHMM_glimmerT_974-T1;GlimmerHMM},{Augustus_model.g846.t1;Augustus}
881191	881283	internal+	2	1	{GeneMark_model.1054_t;GeneMark},{GlimmerHMM_glimmerT_974-T1;GlimmerHMM},{Augustus_model.g846.t1;Augustus}
881284	881407	INTRON			{GlimmerHMM_glimmerT_974-T1;GlimmerHMM},{Augustus_model.g846.t1;Augustus}
881408	881515	internal+	2	1	{GlimmerHMM_glimmerT_974-T1;GlimmerHMM},{Augustus_model.g846.t1;Augustus}
881516	881574	INTRON			{GeneMark_model.1054_t;GeneMark},{GlimmerHMM_glimmerT_974-T1;GlimmerHMM},{Augustus_model.g846.t1;Augustus}
881575	881628	internal+	2	1	{GeneMark_model.1054_t;GeneMark},{GlimmerHMM_glimmerT_974-T1;GlimmerHMM},{Augustus_model.g846.t1;Augustus}
881629	881686	INTRON			{snap_scaffold_2-snap.388-T1;snap},{GeneMark_model.1054_t;GeneMark},{GlimmerHMM_glimmerT_974-T1;GlimmerHMM},{Augustus_model.g846.t1;Augustus}
881687	881917	internal+	2	1	{GeneMark_model.1054_t;GeneMark},{GlimmerHMM_glimmerT_974-T1;GlimmerHMM},{Augustus_model.g846.t1;Augustus}
881918	881978	INTRON			{GeneMark_model.1054_t;GeneMark},{GlimmerHMM_glimmerT_974-T1;GlimmerHMM},{Augustus_model.g846.t1;Augustus}
881979	882066	internal+	2	2	{GeneMark_model.1054_t;GeneMark},{GlimmerHMM_glimmerT_974-T1;GlimmerHMM},{Augustus_model.g846.t1;Augustus}
882067	882125	INTRON			{GeneMark_model.1054_t;GeneMark},{GlimmerHMM_glimmerT_974-T1;GlimmerHMM},{Augustus_model.g846.t1;Augustus}
882126	883086	terminal+	3	3	{GeneMark_model.1054_t;GeneMark},{GlimmerHMM_glimmerT_974-T1;GlimmerHMM},{Augustus_model.g846.t1;Augustus}

# EVM prediction: Mode:STANDARD S-ratio: 4.01 883193-884265 orient(-) score(3656.00) noncoding_equivalent(910.91) raw_noncoding(1150.70) offset(239.79)
883283	883193	terminal-	6	6	{Augustus_model.g847.t1;Augustus},{GlimmerHMM_glimmerT_975-T1;GlimmerHMM},{GeneMark_model.1055_t;GeneMark}
883358	883284	INTRON			{Augustus_model.g847.t1;Augustus},{GlimmerHMM_glimmerT_975-T1;GlimmerHMM},{GeneMark_model.1055_t;GeneMark}
883407	883359	internal-	5	5	{Augustus_model.g847.t1;Augustus},{GlimmerHMM_glimmerT_975-T1;GlimmerHMM},{GeneMark_model.1055_t;GeneMark}
883476	883408	INTRON			{Augustus_model.g847.t1;Augustus},{GlimmerHMM_glimmerT_975-T1;GlimmerHMM},{GeneMark_model.1055_t;GeneMark}
884023	883477	internal-	4	4	{Augustus_model.g847.t1;Augustus},{GlimmerHMM_glimmerT_975-T1;GlimmerHMM},{GeneMark_model.1055_t;GeneMark}
884127	884024	INTRON			{Augustus_model.g847.t1;Augustus},{GeneMark_model.1055_t;GeneMark}
884265	884128	initial-	4	6	{Augustus_model.g847.t1;Augustus},{GeneMark_model.1055_t;GeneMark}

# EVM prediction: Mode:STANDARD S-ratio: 3.79 885472-889130 orient(-) score(11879.00) noncoding_equivalent(3131.15) raw_noncoding(3491.00) offset(359.85)
886265	885472	terminal-	5	6	{GlimmerHMM_glimmerT_977-T1;GlimmerHMM},{Augustus_model.g848.t1;Augustus},{GeneMark_model.1057_t;GeneMark}
886331	886266	INTRON			{GlimmerHMM_glimmerT_977-T1;GlimmerHMM},{Augustus_model.g848.t1;Augustus},{GeneMark_model.1057_t;GeneMark}
886640	886332	internal-	5	4	{GlimmerHMM_glimmerT_977-T1;GlimmerHMM},{Augustus_model.g848.t1;Augustus},{GeneMark_model.1057_t;GeneMark}
886701	886641	INTRON			{GlimmerHMM_glimmerT_977-T1;GlimmerHMM},{Augustus_model.g848.t1;Augustus},{GeneMark_model.1057_t;GeneMark}
887257	886702	internal-	4	4	{GlimmerHMM_glimmerT_977-T1;GlimmerHMM},{Augustus_model.g848.t1;Augustus},{GeneMark_model.1057_t;GeneMark}
887321	887258	INTRON			{Augustus_model.g848.t1;Augustus},{GeneMark_model.1057_t;GeneMark}
887417	887322	internal-	4	6	{Augustus_model.g848.t1;Augustus},{GeneMark_model.1057_t;GeneMark}
887475	887418	INTRON			{Augustus_model.g848.t1;Augustus},{GeneMark_model.1057_t;GeneMark}
887579	887476	internal-	5	6	{GlimmerHMM_glimmerT_977-T1;GlimmerHMM},{Augustus_model.g848.t1;Augustus},{GeneMark_model.1057_t;GeneMark}
887647	887580	INTRON			{GlimmerHMM_glimmerT_977-T1;GlimmerHMM},{Augustus_model.g848.t1;Augustus},{GeneMark_model.1057_t;GeneMark}
889130	887648	initial-	4	4	{GlimmerHMM_glimmerT_977-T1;GlimmerHMM},{GeneMark_model.1057_t;GeneMark}

# EVM prediction: Mode:STANDARD S-ratio: 2.06 889290-890133 orient(+) score(2832.00) noncoding_equivalent(1372.81) raw_noncoding(2029.00) offset(656.19)
889290	889295	initial+	1	3	{GeneMark_model.1058_t;GeneMark},{GlimmerHMM_glimmerT_978-T1;GlimmerHMM}
889296	889452	INTRON			{GeneMark_model.1058_t;GeneMark},{GlimmerHMM_glimmerT_978-T1;GlimmerHMM}
889453	889515	internal+	1	3	{GeneMark_model.1058_t;GeneMark},{Augustus_model.g849.t1;Augustus},{GlimmerHMM_glimmerT_978-T1;GlimmerHMM}
889516	889594	INTRON			{GeneMark_model.1058_t;GeneMark},{Augustus_model.g849.t1;Augustus},{GlimmerHMM_glimmerT_978-T1;GlimmerHMM},{ev_type:exonerate/ID=match.2566964.1305/Target=lcl|PJQD01000041_1_prot_POY73105_1_3919;exonerate}
889595	889781	internal+	1	1	{GeneMark_model.1058_t;GeneMark},{Augustus_model.g849.t1;Augustus},{GlimmerHMM_glimmerT_978-T1;GlimmerHMM},{ev_type:exonerate/ID=match.2566964.1305/Target=lcl|PJQD01000041_1_prot_POY73105_1_3919;exonerate}
889782	889851	INTRON			{GeneMark_model.1058_t;GeneMark},{Augustus_model.g849.t1;Augustus},{ev_type:exonerate/ID=match.2566964.1305/Target=lcl|PJQD01000041_1_prot_POY73105_1_3919;exonerate}
889852	889904	internal+	2	3	{GeneMark_model.1058_t;GeneMark},{Augustus_model.g849.t1;Augustus},{ev_type:exonerate/ID=match.2566964.1305/Target=lcl|PJQD01000041_1_prot_POY73105_1_3919;exonerate}
889905	889968	INTRON			{GeneMark_model.1058_t;GeneMark},{Augustus_model.g849.t1;Augustus},{ev_type:exonerate/ID=match.2566964.1305/Target=lcl|PJQD01000041_1_prot_POY73105_1_3919;exonerate}
889969	890133	terminal+	1	3	{GeneMark_model.1058_t;GeneMark},{Augustus_model.g849.t1;Augustus}

# EVM prediction: Mode:STANDARD S-ratio: 3.03 891545-894522 orient(+) score(9677.00) noncoding_equivalent(3193.68) raw_noncoding(3739.24) offset(545.56)
891545	891960	initial+	1	2	{Augustus_model.g850.t1;Augustus},{GeneMark_model.1059_t;GeneMark}
891961	892029	INTRON			{Augustus_model.g850.t1;Augustus},{GeneMark_model.1059_t;GeneMark}
892030	892173	internal+	3	2	{Augustus_model.g850.t1;Augustus},{GeneMark_model.1059_t;GeneMark}
892174	892243	INTRON			{Augustus_model.g850.t1;Augustus},{GlimmerHMM_glimmerT_979-T1;GlimmerHMM},{GeneMark_model.1059_t;GeneMark}
892244	892390	internal+	3	2	{Augustus_model.g850.t1;Augustus},{GlimmerHMM_glimmerT_979-T1;GlimmerHMM},{GeneMark_model.1059_t;GeneMark}
892391	892463	INTRON			{Augustus_model.g850.t1;Augustus},{GlimmerHMM_glimmerT_979-T1;GlimmerHMM},{GeneMark_model.1059_t;GeneMark}
892464	892618	internal+	3	1	{Augustus_model.g850.t1;Augustus},{GlimmerHMM_glimmerT_979-T1;GlimmerHMM},{GeneMark_model.1059_t;GeneMark}
892619	892702	INTRON			{Augustus_model.g850.t1;Augustus},{GlimmerHMM_glimmerT_979-T1;GlimmerHMM},{GeneMark_model.1059_t;GeneMark}
892703	892844	internal+	2	2	{Augustus_model.g850.t1;Augustus},{GlimmerHMM_glimmerT_979-T1;GlimmerHMM},{GeneMark_model.1059_t;GeneMark}
892845	892902	INTRON			{Augustus_model.g850.t1;Augustus},{GlimmerHMM_glimmerT_979-T1;GlimmerHMM},{GeneMark_model.1059_t;GeneMark}
892903	893084	internal+	3	1	{Augustus_model.g850.t1;Augustus},{GlimmerHMM_glimmerT_979-T1;GlimmerHMM},{GeneMark_model.1059_t;GeneMark}
893085	893152	INTRON			{Augustus_model.g850.t1;Augustus},{GlimmerHMM_glimmerT_979-T1;GlimmerHMM},{GeneMark_model.1059_t;GeneMark}
893153	893294	internal+	2	2	{Augustus_model.g850.t1;Augustus},{GlimmerHMM_glimmerT_979-T1;GlimmerHMM},{GeneMark_model.1059_t;GeneMark}
893295	893362	INTRON			{Augustus_model.g850.t1;Augustus},{GlimmerHMM_glimmerT_979-T1;GlimmerHMM},{GeneMark_model.1059_t;GeneMark}
893363	894150	internal+	3	1	{Augustus_model.g850.t1;Augustus},{GlimmerHMM_glimmerT_979-T1;GlimmerHMM},{GeneMark_model.1059_t;GeneMark}
894151	894223	INTRON			{Augustus_model.g850.t1;Augustus},{GlimmerHMM_glimmerT_979-T1;GlimmerHMM},{GeneMark_model.1059_t;GeneMark}
894224	894522	terminal+	2	3	{Augustus_model.g850.t1;Augustus},{GeneMark_model.1059_t;GeneMark}

# EVM prediction: Mode:STANDARD S-ratio: 4.83 894928-898802 orient(-) score(14741.00) noncoding_equivalent(3050.54) raw_noncoding(3248.00) offset(197.46)
896432	894928	terminal-	5	6	{GeneMark_model.1060_t;GeneMark},{Augustus_model.g851.t1;Augustus},{snap_scaffold_2-snap.395-T1;snap},{GlimmerHMM_glimmerT_980-T1;GlimmerHMM}
896496	896433	INTRON			{GeneMark_model.1060_t;GeneMark},{Augustus_model.g851.t1;Augustus},{GlimmerHMM_glimmerT_980-T1;GlimmerHMM},{ev_type:exonerate/ID=match.2566964.1113/Target=lcl|KQ954491_1_prot_KWU43357_1_4288;exonerate}
896714	896497	internal-	6	4	{GeneMark_model.1060_t;GeneMark},{Augustus_model.g851.t1;Augustus},{GlimmerHMM_glimmerT_980-T1;GlimmerHMM},{ev_type:exonerate/ID=match.2566964.1113/Target=lcl|KQ954491_1_prot_KWU43357_1_4288;exonerate}
896777	896715	INTRON			{GeneMark_model.1060_t;GeneMark},{Augustus_model.g851.t1;Augustus},{GlimmerHMM_glimmerT_980-T1;GlimmerHMM},{ev_type:exonerate/ID=match.2566964.1113/Target=lcl|KQ954491_1_prot_KWU43357_1_4288;exonerate}
898134	896778	internal-	5	5	{GeneMark_model.1060_t;GeneMark},{GlimmerHMM_glimmerT_980-T1;GlimmerHMM}
898192	898135	INTRON			{GeneMark_model.1060_t;GeneMark},{Augustus_model.g851.t1;Augustus},{GlimmerHMM_glimmerT_980-T1;GlimmerHMM},{ev_type:exonerate/ID=match.2566964.1113/Target=lcl|KQ954491_1_prot_KWU43357_1_4288;exonerate}
898802	898193	initial-	4	4	{GeneMark_model.1060_t;GeneMark},{Augustus_model.g851.t1;Augustus},{GlimmerHMM_glimmerT_980-T1;GlimmerHMM}

# EVM prediction: Mode:STANDARD S-ratio: 3.40 900441-901947 orient(-) score(4877.00) noncoding_equivalent(1436.32) raw_noncoding(1879.00) offset(442.68)
900496	900441	terminal-	5	6	{GeneMark_model.1061_t;GeneMark},{Augustus_model.g852.t1;Augustus}
900589	900497	INTRON			{GeneMark_model.1061_t;GeneMark},{Augustus_model.g852.t1;Augustus}
901229	900590	internal-	4	4	{GeneMark_model.1061_t;GeneMark},{Augustus_model.g852.t1;Augustus}
901292	901230	INTRON			{GlimmerHMM_glimmerT_981-T1;GlimmerHMM},{GeneMark_model.1061_t;GeneMark},{Augustus_model.g852.t1;Augustus}
901438	901293	internal-	5	6	{GlimmerHMM_glimmerT_981-T1;GlimmerHMM},{GeneMark_model.1061_t;GeneMark},{Augustus_model.g852.t1;Augustus}
901523	901439	INTRON			{GlimmerHMM_glimmerT_981-T1;GlimmerHMM},{GeneMark_model.1061_t;GeneMark},{Augustus_model.g852.t1;Augustus}
901610	901524	internal-	5	4	{GlimmerHMM_glimmerT_981-T1;GlimmerHMM},{GeneMark_model.1061_t;GeneMark}
901730	901611	INTRON			{GlimmerHMM_glimmerT_981-T1;GlimmerHMM},{GeneMark_model.1061_t;GeneMark}
901947	901731	initial-	4	4	{GlimmerHMM_glimmerT_981-T1;GlimmerHMM},{GeneMark_model.1061_t;GeneMark},{Augustus_model.g852.t1;Augustus}

# EVM prediction: Mode:STANDARD S-ratio: 4.19 902357-908038 orient(+) score(24067.00) noncoding_equivalent(5750.72) raw_noncoding(7004.28) offset(1253.56)
902357	902360	initial+	1	1	{Augustus_model.g853.t1;Augustus},{snap_scaffold_2-snap.397-T1;snap},{GlimmerHMM_glimmerT_982-T1;GlimmerHMM},{GeneMark_model.1062_t;GeneMark}
902361	902441	INTRON			{Augustus_model.g853.t1;Augustus},{GeneMark_model.1062_t;GeneMark}
902442	902452	internal+	2	3	{Augustus_model.g853.t1;Augustus},{GeneMark_model.1062_t;GeneMark}
902453	902532	INTRON			{Augustus_model.g853.t1;Augustus},{GeneMark_model.1062_t;GeneMark}
902533	902549	internal+	1	2	{Augustus_model.g853.t1;Augustus},{GeneMark_model.1062_t;GeneMark}
902550	902639	INTRON			{Augustus_model.g853.t1;Augustus},{GeneMark_model.1062_t;GeneMark},{ev_type:exonerate/ID=match.2566964.1060/Target=lcl|PJQD01000107_1_prot_POY70672_1_173;exonerate}
902640	902704	internal+	3	1	{Augustus_model.g853.t1;Augustus},{GeneMark_model.1062_t;GeneMark},{ev_type:exonerate/ID=match.2566964.1060/Target=lcl|PJQD01000107_1_prot_POY70672_1_173;exonerate}
902705	902776	INTRON			{Augustus_model.g853.t1;Augustus},{GeneMark_model.1062_t;GeneMark},{ev_type:exonerate/ID=match.2566964.1060/Target=lcl|PJQD01000107_1_prot_POY70672_1_173;exonerate}
902777	903085	internal+	2	1	{Augustus_model.g853.t1;Augustus},{GlimmerHMM_glimmerT_982-T1;GlimmerHMM},{GeneMark_model.1062_t;GeneMark},{ev_type:exonerate/ID=match.2566964.1060/Target=lcl|PJQD01000107_1_prot_POY70672_1_173;exonerate}
903086	903171	INTRON			{Augustus_model.g853.t1;Augustus},{GlimmerHMM_glimmerT_982-T1;GlimmerHMM},{GeneMark_model.1062_t;GeneMark},{ev_type:exonerate/ID=match.2566964.1060/Target=lcl|PJQD01000107_1_prot_POY70672_1_173;exonerate}
903172	903281	internal+	2	3	{Augustus_model.g853.t1;Augustus},{GlimmerHMM_glimmerT_982-T1;GlimmerHMM},{GeneMark_model.1062_t;GeneMark},{ev_type:exonerate/ID=match.2566964.1060/Target=lcl|PJQD01000107_1_prot_POY70672_1_173;exonerate}
903282	903348	INTRON			{Augustus_model.g853.t1;Augustus},{GlimmerHMM_glimmerT_982-T1;GlimmerHMM},{GeneMark_model.1062_t;GeneMark},{ev_type:exonerate/ID=match.2566964.1060/Target=lcl|PJQD01000107_1_prot_POY70672_1_173;exonerate}
903349	903554	internal+	1	2	{Augustus_model.g853.t1;Augustus},{GlimmerHMM_glimmerT_982-T1;GlimmerHMM},{GeneMark_model.1062_t;GeneMark},{ev_type:exonerate/ID=match.2566964.1060/Target=lcl|PJQD01000107_1_prot_POY70672_1_173;exonerate}
903555	903617	INTRON			{Augustus_model.g853.t1;Augustus},{GlimmerHMM_glimmerT_982-T1;GlimmerHMM},{GeneMark_model.1062_t;GeneMark},{ev_type:exonerate/ID=match.2566964.1060/Target=lcl|PJQD01000107_1_prot_POY70672_1_173;exonerate}
903618	903862	internal+	3	1	{Augustus_model.g853.t1;Augustus},{GlimmerHMM_glimmerT_982-T1;GlimmerHMM},{GeneMark_model.1062_t;GeneMark},{ev_type:exonerate/ID=match.2566964.1060/Target=lcl|PJQD01000107_1_prot_POY70672_1_173;exonerate}
903863	903931	INTRON			{Augustus_model.g853.t1;Augustus},{GlimmerHMM_glimmerT_982-T1;GlimmerHMM},{GeneMark_model.1062_t;GeneMark},{ev_type:exonerate/ID=match.2566964.1060/Target=lcl|PJQD01000107_1_prot_POY70672_1_173;exonerate}
903932	904141	internal+	2	1	{Augustus_model.g853.t1;Augustus},{GlimmerHMM_glimmerT_982-T1;GlimmerHMM},{GeneMark_model.1062_t;GeneMark},{ev_type:exonerate/ID=match.2566964.1060/Target=lcl|PJQD01000107_1_prot_POY70672_1_173;exonerate}
904142	904205	INTRON			{Augustus_model.g853.t1;Augustus},{GlimmerHMM_glimmerT_982-T1;GlimmerHMM},{GeneMark_model.1062_t;GeneMark},{ev_type:exonerate/ID=match.2566964.1060/Target=lcl|PJQD01000107_1_prot_POY70672_1_173;exonerate}
904206	904798	internal+	2	3	{Augustus_model.g853.t1;Augustus},{GlimmerHMM_glimmerT_982-T1;GlimmerHMM},{GeneMark_model.1062_t;GeneMark},{ev_type:exonerate/ID=match.2566964.1060/Target=lcl|PJQD01000107_1_prot_POY70672_1_173;exonerate}
904799	904866	INTRON			{Augustus_model.g853.t1;Augustus},{GlimmerHMM_glimmerT_982-T1;GlimmerHMM},{GeneMark_model.1062_t;GeneMark},{ev_type:exonerate/ID=match.2566964.1060/Target=lcl|PJQD01000107_1_prot_POY70672_1_173;exonerate}
904867	905020	internal+	1	1	{Augustus_model.g853.t1;Augustus},{GlimmerHMM_glimmerT_982-T1;GlimmerHMM},{GeneMark_model.1062_t;GeneMark},{ev_type:exonerate/ID=match.2566964.1060/Target=lcl|PJQD01000107_1_prot_POY70672_1_173;exonerate}
905021	905105	INTRON			{Augustus_model.g853.t1;Augustus},{GlimmerHMM_glimmerT_982-T1;GlimmerHMM},{snap_scaffold_2-snap.399-T1;snap},{GeneMark_model.1062_t;GeneMark},{ev_type:exonerate/ID=match.2566964.1060/Target=lcl|PJQD01000107_1_prot_POY70672_1_173;exonerate}
905106	906256	internal+	2	3	{Augustus_model.g853.t1;Augustus},{GlimmerHMM_glimmerT_982-T1;GlimmerHMM},{GeneMark_model.1062_t;GeneMark},{ev_type:exonerate/ID=match.2566964.1060/Target=lcl|PJQD01000107_1_prot_POY70672_1_173;exonerate}
906257	906316	INTRON			{Augustus_model.g853.t1;Augustus},{GlimmerHMM_glimmerT_982-T1;GlimmerHMM},{GeneMark_model.1062_t;GeneMark},{ev_type:exonerate/ID=match.2566964.1060/Target=lcl|PJQD01000107_1_prot_POY70672_1_173;exonerate}
906317	906659	internal+	1	1	{Augustus_model.g853.t1;Augustus},{GeneMark_model.1062_t;GeneMark},{ev_type:exonerate/ID=match.2566964.1060/Target=lcl|PJQD01000107_1_prot_POY70672_1_173;exonerate}
906660	906722	INTRON			{Augustus_model.g853.t1;Augustus},{GeneMark_model.1062_t;GeneMark},{ev_type:exonerate/ID=match.2566964.1060/Target=lcl|PJQD01000107_1_prot_POY70672_1_173;exonerate}
906723	906856	internal+	2	3	{Augustus_model.g853.t1;Augustus},{GlimmerHMM_glimmerT_982-T1;GlimmerHMM},{GeneMark_model.1062_t;GeneMark},{ev_type:exonerate/ID=match.2566964.1060/Target=lcl|PJQD01000107_1_prot_POY70672_1_173;exonerate}
906857	906914	INTRON			{Augustus_model.g853.t1;Augustus},{GlimmerHMM_glimmerT_982-T1;GlimmerHMM},{GeneMark_model.1062_t;GeneMark},{ev_type:exonerate/ID=match.2566964.1060/Target=lcl|PJQD01000107_1_prot_POY70672_1_173;exonerate}
906915	907207	internal+	1	2	{Augustus_model.g853.t1;Augustus},{GlimmerHMM_glimmerT_982-T1;GlimmerHMM},{GeneMark_model.1062_t;GeneMark},{ev_type:exonerate/ID=match.2566964.1060/Target=lcl|PJQD01000107_1_prot_POY70672_1_173;exonerate}
907208	907262	INTRON			{Augustus_model.g853.t1;Augustus},{GlimmerHMM_glimmerT_982-T1;GlimmerHMM},{GeneMark_model.1062_t;GeneMark},{ev_type:exonerate/ID=match.2566964.1060/Target=lcl|PJQD01000107_1_prot_POY70672_1_173;exonerate}
907263	907511	internal+	3	2	{Augustus_model.g853.t1;Augustus},{GlimmerHMM_glimmerT_982-T1;GlimmerHMM},{GeneMark_model.1062_t;GeneMark},{ev_type:exonerate/ID=match.2566964.1060/Target=lcl|PJQD01000107_1_prot_POY70672_1_173;exonerate}
907512	907572	INTRON			{Augustus_model.g853.t1;Augustus},{GlimmerHMM_glimmerT_982-T1;GlimmerHMM},{GeneMark_model.1062_t;GeneMark},{ev_type:exonerate/ID=match.2566964.1060/Target=lcl|PJQD01000107_1_prot_POY70672_1_173;exonerate}
907573	908038	terminal+	3	3	{GlimmerHMM_glimmerT_982-T1;GlimmerHMM},{GeneMark_model.1062_t;GeneMark}

# EVM prediction: Mode:STANDARD S-ratio: 4.10 908544-911339 orient(+) score(10189.00) noncoding_equivalent(2484.47) raw_noncoding(3320.77) offset(836.30)
908544	908886	initial+	1	1	{GeneMark_model.1063_t;GeneMark}
908887	908957	INTRON			{GeneMark_model.1063_t;GeneMark}
908958	909099	internal+	2	2	{GeneMark_model.1063_t;GeneMark},{Augustus_model.g853.t1;Augustus}
909100	909157	INTRON			{GeneMark_model.1063_t;GeneMark},{Augustus_model.g853.t1;Augustus},{ev_type:exonerate/ID=match.2566964.1181/Target=lcl|KQ954481_1_prot_KWU44274_1_3476;exonerate}
909158	909543	internal+	3	1	{GeneMark_model.1063_t;GeneMark},{Augustus_model.g853.t1;Augustus},{GlimmerHMM_glimmerT_983-T1;GlimmerHMM},{ev_type:exonerate/ID=match.2566964.1181/Target=lcl|KQ954481_1_prot_KWU44274_1_3476;exonerate}
909544	909609	INTRON			{GeneMark_model.1063_t;GeneMark},{Augustus_model.g853.t1;Augustus},{GlimmerHMM_glimmerT_983-T1;GlimmerHMM},{ev_type:exonerate/ID=match.2566964.1181/Target=lcl|KQ954481_1_prot_KWU44274_1_3476;exonerate}
909610	909719	internal+	2	3	{GeneMark_model.1063_t;GeneMark},{Augustus_model.g853.t1;Augustus},{GlimmerHMM_glimmerT_983-T1;GlimmerHMM},{ev_type:exonerate/ID=match.2566964.1181/Target=lcl|KQ954481_1_prot_KWU44274_1_3476;exonerate}
909720	909780	INTRON			{GeneMark_model.1063_t;GeneMark},{Augustus_model.g853.t1;Augustus},{ev_type:exonerate/ID=match.2566964.1181/Target=lcl|KQ954481_1_prot_KWU44274_1_3476;exonerate}
909781	909902	internal+	1	2	{GeneMark_model.1063_t;GeneMark},{Augustus_model.g853.t1;Augustus},{ev_type:exonerate/ID=match.2566964.1181/Target=lcl|KQ954481_1_prot_KWU44274_1_3476;exonerate}
909903	909966	INTRON			{GeneMark_model.1063_t;GeneMark},{Augustus_model.g853.t1;Augustus},{ev_type:exonerate/ID=match.2566964.1181/Target=lcl|KQ954481_1_prot_KWU44274_1_3476;exonerate}
909967	909994	internal+	3	3	{GeneMark_model.1063_t;GeneMark},{Augustus_model.g853.t1;Augustus},{ev_type:exonerate/ID=match.2566964.1181/Target=lcl|KQ954481_1_prot_KWU44274_1_3476;exonerate}
909995	910057	INTRON			{GeneMark_model.1063_t;GeneMark},{Augustus_model.g853.t1;Augustus},{ev_type:exonerate/ID=match.2566964.1181/Target=lcl|KQ954481_1_prot_KWU44274_1_3476;exonerate}
910058	910303	internal+	1	3	{GeneMark_model.1063_t;GeneMark},{Augustus_model.g853.t1;Augustus},{ev_type:exonerate/ID=match.2566964.1181/Target=lcl|KQ954481_1_prot_KWU44274_1_3476;exonerate}
910304	910364	INTRON			{GeneMark_model.1063_t;GeneMark},{Augustus_model.g853.t1;Augustus},{ev_type:exonerate/ID=match.2566964.1181/Target=lcl|KQ954481_1_prot_KWU44274_1_3476;exonerate}
910365	911339	terminal+	1	3	{GeneMark_model.1063_t;GeneMark},{snap_scaffold_2-snap.401-T1;snap},{Augustus_model.g853.t1;Augustus},{GlimmerHMM_glimmerT_983-T1;GlimmerHMM}

# EVM prediction: Mode:STANDARD S-ratio: 2.62 911655-912678 orient(-) score(3350.00) noncoding_equivalent(1280.28) raw_noncoding(1730.33) offset(450.05)
912041	911655	terminal-	4	6	{GeneMark_model.1064_t;GeneMark},{snap_scaffold_2-snap.402-T1;snap},{Augustus_model.g854.t1;Augustus},{GlimmerHMM_glimmerT_984-T1;GlimmerHMM}
912162	912042	INTRON			{GeneMark_model.1064_t;GeneMark},{Augustus_model.g854.t1;Augustus},{GlimmerHMM_glimmerT_984-T1;GlimmerHMM}
912344	912163	internal-	5	6	{GeneMark_model.1064_t;GeneMark},{Augustus_model.g854.t1;Augustus},{GlimmerHMM_glimmerT_984-T1;GlimmerHMM}
912496	912345	INTRON			{GeneMark_model.1064_t;GeneMark},{Augustus_model.g854.t1;Augustus},{GlimmerHMM_glimmerT_984-T1;GlimmerHMM}
912569	912497	internal-	4	4	{GeneMark_model.1064_t;GeneMark},{Augustus_model.g854.t1;Augustus},{GlimmerHMM_glimmerT_984-T1;GlimmerHMM}
912657	912570	INTRON			{GeneMark_model.1064_t;GeneMark},{Augustus_model.g854.t1;Augustus}
912678	912658	initial-	4	6	{GeneMark_model.1064_t;GeneMark},{Augustus_model.g854.t1;Augustus}

# EVM prediction: Mode:STANDARD S-ratio: 1.52 913124-913759 orient(-) score(1635.00) noncoding_equivalent(1077.28) raw_noncoding(1620.31) offset(543.03)
913159	913124	terminal-	4	6	{Augustus_model.g855.t1;Augustus},{GeneMark_model.1065_t;GeneMark}
913223	913160	INTRON			{Augustus_model.g855.t1;Augustus},{GeneMark_model.1065_t;GeneMark}
913328	913224	internal-	4	6	{Augustus_model.g855.t1;Augustus},{GeneMark_model.1065_t;GeneMark},{GlimmerHMM_glimmerT_984-T1;GlimmerHMM}
913415	913329	INTRON			{Augustus_model.g855.t1;Augustus},{GeneMark_model.1065_t;GeneMark},{GlimmerHMM_glimmerT_984-T1;GlimmerHMM}
913500	913416	internal-	6	6	{Augustus_model.g855.t1;Augustus},{GeneMark_model.1065_t;GeneMark},{GlimmerHMM_glimmerT_984-T1;GlimmerHMM}
913592	913501	INTRON			{Augustus_model.g855.t1;Augustus},{GeneMark_model.1065_t;GeneMark}
913604	913593	internal-	6	5	{Augustus_model.g855.t1;Augustus},{GeneMark_model.1065_t;GeneMark}
913673	913605	INTRON			{Augustus_model.g855.t1;Augustus},{GeneMark_model.1065_t;GeneMark}
913759	913674	initial-	4	5	{Augustus_model.g855.t1;Augustus},{GeneMark_model.1065_t;GeneMark}

# EVM prediction: Mode:STANDARD S-ratio: 3.75 914163-915767 orient(-) score(5519.00) noncoding_equivalent(1471.22) raw_noncoding(1736.48) offset(265.26)
914218	914163	terminal-	5	6	{GeneMark_model.1066_t;GeneMark},{Augustus_model.g856.t1;Augustus}
914286	914219	INTRON			{GeneMark_model.1066_t;GeneMark},{Augustus_model.g856.t1;Augustus}
914338	914287	internal-	4	4	{GeneMark_model.1066_t;GeneMark},{Augustus_model.g856.t1;Augustus},{GlimmerHMM_glimmerT_984-T1;GlimmerHMM}
914431	914339	INTRON			{GeneMark_model.1066_t;GeneMark},{Augustus_model.g856.t1;Augustus},{GlimmerHMM_glimmerT_984-T1;GlimmerHMM}
914635	914432	internal-	4	6	{GeneMark_model.1066_t;GeneMark},{Augustus_model.g856.t1;Augustus},{GlimmerHMM_glimmerT_984-T1;GlimmerHMM}
914734	914636	INTRON			{GeneMark_model.1066_t;GeneMark},{Augustus_model.g856.t1;Augustus},{GlimmerHMM_glimmerT_984-T1;GlimmerHMM}
915638	914735	internal-	6	6	{GeneMark_model.1066_t;GeneMark},{GlimmerHMM_glimmerT_984-T1;GlimmerHMM}
915738	915639	INTRON			{GeneMark_model.1066_t;GeneMark},{Augustus_model.g856.t1;Augustus},{GlimmerHMM_glimmerT_984-T1;GlimmerHMM}
915767	915739	initial-	4	5	{GeneMark_model.1066_t;GeneMark},{Augustus_model.g856.t1;Augustus},{GlimmerHMM_glimmerT_984-T1;GlimmerHMM}

# EVM prediction: Mode:STANDARD S-ratio: 18.73 916077-920121 orient(-) score(15581.00) noncoding_equivalent(831.85) raw_noncoding(940.00) offset(108.15)
917722	916077	terminal-	5	6	{GeneMark_model.1067_t;GeneMark},{GlimmerHMM_glimmerT_985-T1;GlimmerHMM},{Augustus_model.g857.t1;Augustus}
917778	917723	INTRON			{GeneMark_model.1067_t;GeneMark},{GlimmerHMM_glimmerT_985-T1;GlimmerHMM},{Augustus_model.g857.t1;Augustus}
919804	917779	internal-	4	4	{GeneMark_model.1067_t;GeneMark},{GlimmerHMM_glimmerT_985-T1;GlimmerHMM},{Augustus_model.g857.t1;Augustus}
919869	919805	INTRON			{GeneMark_model.1067_t;GeneMark},{GlimmerHMM_glimmerT_985-T1;GlimmerHMM},{Augustus_model.g857.t1;Augustus}
920121	919870	initial-	4	6	{GeneMark_model.1067_t;GeneMark},{GlimmerHMM_glimmerT_985-T1;GlimmerHMM},{Augustus_model.g857.t1;Augustus}

# EVM prediction: Mode:STANDARD S-ratio: 15.13 920564-921505 orient(+) score(7609.00) noncoding_equivalent(503.00) raw_noncoding(723.00) offset(220.00)
920564	920872	initial+	1	3	{Augustus_model.g858.t1;Augustus},{GlimmerHMM_glimmerT_986-T1;GlimmerHMM},{GeneMark_model.1068_t;GeneMark}
920873	920935	INTRON			{Augustus_model.g858.t1;Augustus},{GlimmerHMM_glimmerT_986-T1;GlimmerHMM},{GeneMark_model.1068_t;GeneMark},{ev_type:exonerate/ID=match.2566964.1243/Target=lcl|LCTV02000001_1_prot_PRQ77855_1_555;exonerate},{ev_type:exonerate/ID=match.2566964.1242/Target=lcl|BJWK01000002_1_prot_GEM06972_1_989;exonerate},{ev_type:exonerate/ID=match.2566964.1238/Target=lcl|PJQD01000107_1_prot_POY70667_1_168;exonerate},{ev_type:exonerate/ID=match.2566964.1237/Target=lcl|KQ954481_1_prot_KWU44269_1_3471;exonerate},{ev_type:exonerate/ID=match.2566964.1239/Target=lcl|NW_017264931_1_prot_XP_018272569_1_2400;exonerate}
920936	921345	internal+	1	2	{Augustus_model.g858.t1;Augustus},{GeneMark_model.1068_t;GeneMark},{ev_type:exonerate/ID=match.2566964.1238/Target=lcl|PJQD01000107_1_prot_POY70667_1_168;exonerate},{ev_type:exonerate/ID=match.2566964.1237/Target=lcl|KQ954481_1_prot_KWU44269_1_3471;exonerate}
921346	921456	INTRON			{Augustus_model.g858.t1;Augustus},{GeneMark_model.1068_t;GeneMark},{ev_type:exonerate/ID=match.2566964.1238/Target=lcl|PJQD01000107_1_prot_POY70667_1_168;exonerate},{ev_type:exonerate/ID=match.2566964.1237/Target=lcl|KQ954481_1_prot_KWU44269_1_3471;exonerate}
921457	921505	terminal+	3	3	{Augustus_model.g858.t1;Augustus},{GeneMark_model.1068_t;GeneMark}

# EVM prediction: Mode:STANDARD S-ratio: 4.01 921868-924254 orient(-) score(8154.00) noncoding_equivalent(2031.00) raw_noncoding(2310.00) offset(279.00)
922053	921868	terminal-	4	6	{GeneMark_model.1069_t;GeneMark},{Augustus_model.g859.t1;Augustus},{GlimmerHMM_glimmerT_987-T1;GlimmerHMM}
922130	922054	INTRON			{GeneMark_model.1069_t;GeneMark},{Augustus_model.g859.t1;Augustus},{GlimmerHMM_glimmerT_987-T1;GlimmerHMM}
922396	922131	internal-	5	6	{GeneMark_model.1069_t;GeneMark},{Augustus_model.g859.t1;Augustus},{GlimmerHMM_glimmerT_987-T1;GlimmerHMM}
922463	922397	INTRON			{GeneMark_model.1069_t;GeneMark},{Augustus_model.g859.t1;Augustus},{GlimmerHMM_glimmerT_987-T1;GlimmerHMM}
922968	922464	internal-	4	4	{GeneMark_model.1069_t;GeneMark},{Augustus_model.g859.t1;Augustus},{GlimmerHMM_glimmerT_987-T1;GlimmerHMM}
923029	922969	INTRON			{GeneMark_model.1069_t;GeneMark},{Augustus_model.g859.t1;Augustus},{GlimmerHMM_glimmerT_987-T1;GlimmerHMM}
923499	923030	internal-	5	6	{GeneMark_model.1069_t;GeneMark},{Augustus_model.g859.t1;Augustus},{GlimmerHMM_glimmerT_987-T1;GlimmerHMM}
923561	923500	INTRON			{GeneMark_model.1069_t;GeneMark},{Augustus_model.g859.t1;Augustus},{GlimmerHMM_glimmerT_987-T1;GlimmerHMM}
923618	923562	internal-	5	4	{GeneMark_model.1069_t;GeneMark},{Augustus_model.g859.t1;Augustus},{GlimmerHMM_glimmerT_987-T1;GlimmerHMM}
923683	923619	INTRON			{GeneMark_model.1069_t;GeneMark},{Augustus_model.g859.t1;Augustus},{GlimmerHMM_glimmerT_987-T1;GlimmerHMM}
924254	923684	initial-	4	4	{GeneMark_model.1069_t;GeneMark},{Augustus_model.g859.t1;Augustus},{GlimmerHMM_glimmerT_987-T1;GlimmerHMM}

# EVM prediction: Mode:STANDARD S-ratio: 7.33 926119-931415 orient(-) score(18879.00) noncoding_equivalent(2576.77) raw_noncoding(2780.16) offset(203.40)
926157	926119	terminal-	4	6	{GeneMark_model.1070_t;GeneMark},{Augustus_model.g860.t1;Augustus}
926218	926158	INTRON			{GeneMark_model.1070_t;GeneMark},{Augustus_model.g860.t1;Augustus}
927546	926219	internal-	5	6	{GeneMark_model.1070_t;GeneMark},{GlimmerHMM_glimmerT_988-T1;GlimmerHMM}
927614	927547	INTRON			{GeneMark_model.1070_t;GeneMark},{GlimmerHMM_glimmerT_988-T1;GlimmerHMM},{Augustus_model.g860.t1;Augustus}
930648	927615	internal-	4	4	{GeneMark_model.1070_t;GeneMark},{GlimmerHMM_glimmerT_988-T1;GlimmerHMM},{Augustus_model.g860.t1;Augustus}
930719	930649	INTRON			{GeneMark_model.1070_t;GeneMark},{GlimmerHMM_glimmerT_988-T1;GlimmerHMM},{Augustus_model.g860.t1;Augustus}
931415	930720	initial-	4	6	{GeneMark_model.1070_t;GeneMark},{GlimmerHMM_glimmerT_988-T1;GlimmerHMM},{Augustus_model.g860.t1;Augustus}

# EVM prediction: Mode:STANDARD S-ratio: 4.50 931784-933599 orient(+) score(6152.00) noncoding_equivalent(1367.98) raw_noncoding(1750.00) offset(382.02)
931784	931907	initial+	1	1	{GeneMark_model.1071_t;GeneMark},{GlimmerHMM_glimmerT_989-T1;GlimmerHMM},{Augustus_model.g861.t1;Augustus}
931908	931975	INTRON			{GeneMark_model.1071_t;GeneMark},{GlimmerHMM_glimmerT_989-T1;GlimmerHMM},{Augustus_model.g861.t1;Augustus}
931976	932115	internal+	2	3	{GlimmerHMM_glimmerT_989-T1;GlimmerHMM},{Augustus_model.g861.t1;Augustus}
932116	932176	INTRON			{GlimmerHMM_glimmerT_989-T1;GlimmerHMM}
932177	932372	internal+	1	1	{GlimmerHMM_glimmerT_989-T1;GlimmerHMM}
932373	932434	INTRON			{GeneMark_model.1071_t;GeneMark},{GlimmerHMM_glimmerT_989-T1;GlimmerHMM},{Augustus_model.g861.t1;Augustus}
932435	932497	internal+	2	1	{GeneMark_model.1071_t;GeneMark},{GlimmerHMM_glimmerT_989-T1;GlimmerHMM},{Augustus_model.g861.t1;Augustus}
932498	932562	INTRON			{GeneMark_model.1071_t;GeneMark},{GlimmerHMM_glimmerT_989-T1;GlimmerHMM},{Augustus_model.g861.t1;Augustus}
932563	933599	terminal+	2	3	{GeneMark_model.1071_t;GeneMark},{GlimmerHMM_glimmerT_989-T1;GlimmerHMM},{snap_scaffold_2-snap.410-T1;snap}

# EVM prediction: Mode:STANDARD S-ratio: 1.39 936626-938122 orient(-) score(3041.00) noncoding_equivalent(2191.10) raw_noncoding(3965.39) offset(1774.29)
936649	936626	terminal-	4	6	{Augustus_model.g862.t1;Augustus}
936897	936650	INTRON			{Augustus_model.g862.t1;Augustus}
936911	936898	internal-	5	6	{Augustus_model.g862.t1;Augustus}
936983	936912	INTRON			{Augustus_model.g862.t1;Augustus}
937025	936984	internal-	5	4	{Augustus_model.g862.t1;Augustus},{GeneMark_model.1072_t;GeneMark}
937086	937026	INTRON			{Augustus_model.g862.t1;Augustus},{GeneMark_model.1072_t;GeneMark}
937230	937087	internal-	5	4	{Augustus_model.g862.t1;Augustus},{GeneMark_model.1072_t;GeneMark},{GlimmerHMM_glimmerT_990-T1;GlimmerHMM}
937291	937231	INTRON			{Augustus_model.g862.t1;Augustus},{GeneMark_model.1072_t;GeneMark}
937305	937292	internal-	6	4	{Augustus_model.g862.t1;Augustus},{GeneMark_model.1072_t;GeneMark}
937376	937306	INTRON			{Augustus_model.g862.t1;Augustus},{GeneMark_model.1072_t;GeneMark}
937569	937377	internal-	5	5	{Augustus_model.g862.t1;Augustus}
937630	937570	INTRON			{Augustus_model.g862.t1;Augustus}
937669	937631	internal-	5	4	{Augustus_model.g862.t1;Augustus}
937727	937670	INTRON			{Augustus_model.g862.t1;Augustus},{GeneMark_model.1072_t;GeneMark}
937889	937728	internal-	5	4	{Augustus_model.g862.t1;Augustus},{GlimmerHMM_glimmerT_990-T1;GlimmerHMM}
937956	937890	INTRON			{Augustus_model.g862.t1;Augustus},{GlimmerHMM_glimmerT_990-T1;GlimmerHMM}
938122	937957	initial-	4	4	{Augustus_model.g862.t1;Augustus}

# EVM prediction: Mode:STANDARD S-ratio: 3.63 940758-943745 orient(+) score(10062.00) noncoding_equivalent(2772.14) raw_noncoding(3541.02) offset(768.88)
940758	941858	initial+	1	3	{Augustus_model.g863.t1;Augustus},{GlimmerHMM_glimmerT_991-T1;GlimmerHMM},{GeneMark_model.1073_t;GeneMark}
941859	941920	INTRON			{Augustus_model.g863.t1;Augustus},{GlimmerHMM_glimmerT_991-T1;GlimmerHMM},{GeneMark_model.1073_t;GeneMark}
941921	942022	internal+	1	3	{Augustus_model.g863.t1;Augustus},{GlimmerHMM_glimmerT_991-T1;GlimmerHMM},{GeneMark_model.1073_t;GeneMark}
942023	942080	INTRON			{Augustus_model.g863.t1;Augustus},{GlimmerHMM_glimmerT_991-T1;GlimmerHMM},{GeneMark_model.1073_t;GeneMark}
942081	942188	internal+	1	3	{Augustus_model.g863.t1;Augustus},{GlimmerHMM_glimmerT_991-T1;GlimmerHMM},{GeneMark_model.1073_t;GeneMark}
942189	942251	INTRON			{Augustus_model.g863.t1;Augustus},{GeneMark_model.1073_t;GeneMark}
942252	942333	internal+	1	1	{Augustus_model.g863.t1;Augustus},{GeneMark_model.1073_t;GeneMark}
942334	942391	INTRON			{Augustus_model.g863.t1;Augustus},{GeneMark_model.1073_t;GeneMark}
942392	942501	internal+	2	3	{Augustus_model.g863.t1;Augustus},{GeneMark_model.1073_t;GeneMark}
942502	942559	INTRON			{Augustus_model.g863.t1;Augustus},{GeneMark_model.1073_t;GeneMark}
942560	942620	internal+	1	1	{Augustus_model.g863.t1;Augustus},{GlimmerHMM_glimmerT_991-T1;GlimmerHMM},{GeneMark_model.1073_t;GeneMark}
942621	942684	INTRON			{Augustus_model.g863.t1;Augustus},{GlimmerHMM_glimmerT_991-T1;GlimmerHMM},{GeneMark_model.1073_t;GeneMark}
942685	943167	internal+	2	1	{Augustus_model.g863.t1;Augustus},{GlimmerHMM_glimmerT_991-T1;GlimmerHMM},{GeneMark_model.1073_t;GeneMark}
943168	943249	INTRON			{Augustus_model.g863.t1;Augustus},{GlimmerHMM_glimmerT_991-T1;GlimmerHMM},{GeneMark_model.1073_t;GeneMark}
943250	943358	internal+	2	2	{Augustus_model.g863.t1;Augustus},{GlimmerHMM_glimmerT_991-T1;GlimmerHMM},{GeneMark_model.1073_t;GeneMark}
943359	943423	INTRON			{Augustus_model.g863.t1;Augustus},{GlimmerHMM_glimmerT_991-T1;GlimmerHMM},{GeneMark_model.1073_t;GeneMark}
943424	943508	internal+	3	3	{Augustus_model.g863.t1;Augustus},{GlimmerHMM_glimmerT_991-T1;GlimmerHMM},{GeneMark_model.1073_t;GeneMark}
943509	943569	INTRON			{Augustus_model.g863.t1;Augustus},{GlimmerHMM_glimmerT_991-T1;GlimmerHMM},{GeneMark_model.1073_t;GeneMark}
943570	943624	internal+	1	1	{Augustus_model.g863.t1;Augustus},{GlimmerHMM_glimmerT_991-T1;GlimmerHMM},{GeneMark_model.1073_t;GeneMark}
943625	943689	INTRON			{Augustus_model.g863.t1;Augustus},{GlimmerHMM_glimmerT_991-T1;GlimmerHMM},{GeneMark_model.1073_t;GeneMark}
943690	943745	terminal+	2	3	{Augustus_model.g863.t1;Augustus},{GlimmerHMM_glimmerT_991-T1;GlimmerHMM},{GeneMark_model.1073_t;GeneMark}

# EVM prediction: Mode:STANDARD S-ratio: 2.17 943986-945318 orient(+) score(3631.00) noncoding_equivalent(1672.74) raw_noncoding(2059.00) offset(386.26)
943986	944525	initial+	1	3	{GeneMark_model.1074_t;GeneMark}
944526	944603	INTRON			{GeneMark_model.1074_t;GeneMark}
944604	944689	internal+	1	2	{GeneMark_model.1074_t;GeneMark}
944690	944752	INTRON			{GeneMark_model.1074_t;GeneMark},{Augustus_model.g864.t1;Augustus}
944753	944884	internal+	3	2	{GeneMark_model.1074_t;GeneMark},{Augustus_model.g864.t1;Augustus},{GlimmerHMM_glimmerT_992-T1;GlimmerHMM}
944885	944951	INTRON			{GeneMark_model.1074_t;GeneMark},{Augustus_model.g864.t1;Augustus},{GlimmerHMM_glimmerT_992-T1;GlimmerHMM}
944952	945060	internal+	3	3	{GeneMark_model.1074_t;GeneMark},{Augustus_model.g864.t1;Augustus}
945061	945129	INTRON			{GeneMark_model.1074_t;GeneMark},{Augustus_model.g864.t1;Augustus}
945130	945318	terminal+	1	3	{GeneMark_model.1074_t;GeneMark},{Augustus_model.g864.t1;Augustus}

# EVM prediction: Mode:STANDARD S-ratio: 2.77 945533-947969 orient(-) score(7677.00) noncoding_equivalent(2773.61) raw_noncoding(3670.00) offset(896.39)
945649	945533	terminal-	4	6	{GlimmerHMM_glimmerT_993-T1;GlimmerHMM},{GeneMark_model.1075_t;GeneMark},{Augustus_model.g865.t1;Augustus}
945717	945650	INTRON			{GlimmerHMM_glimmerT_993-T1;GlimmerHMM},{GeneMark_model.1075_t;GeneMark},{Augustus_model.g865.t1;Augustus}
945840	945718	internal-	4	6	{GeneMark_model.1075_t;GeneMark},{Augustus_model.g865.t1;Augustus}
945911	945841	INTRON			{GeneMark_model.1075_t;GeneMark},{Augustus_model.g865.t1;Augustus}
946604	945912	internal-	4	6	{GeneMark_model.1075_t;GeneMark},{Augustus_model.g865.t1;Augustus}
946677	946605	INTRON			{GlimmerHMM_glimmerT_993-T1;GlimmerHMM},{GeneMark_model.1075_t;GeneMark},{Augustus_model.g865.t1;Augustus}
946740	946678	internal-	4	6	{GlimmerHMM_glimmerT_993-T1;GlimmerHMM},{GeneMark_model.1075_t;GeneMark},{Augustus_model.g865.t1;Augustus}
946842	946741	INTRON			{GeneMark_model.1075_t;GeneMark},{Augustus_model.g865.t1;Augustus}
946852	946843	internal-	6	6	{GeneMark_model.1075_t;GeneMark},{Augustus_model.g865.t1;Augustus}
946929	946853	INTRON			{GeneMark_model.1075_t;GeneMark},{Augustus_model.g865.t1;Augustus}
947024	946930	internal-	4	5	{GeneMark_model.1075_t;GeneMark},{Augustus_model.g865.t1;Augustus}
947101	947025	INTRON			{GeneMark_model.1075_t;GeneMark},{Augustus_model.g865.t1;Augustus}
947221	947102	internal-	4	6	{GlimmerHMM_glimmerT_993-T1;GlimmerHMM},{GeneMark_model.1075_t;GeneMark},{Augustus_model.g865.t1;Augustus}
947313	947222	INTRON			{GlimmerHMM_glimmerT_993-T1;GlimmerHMM},{GeneMark_model.1075_t;GeneMark},{Augustus_model.g865.t1;Augustus}
947491	947314	internal-	6	6	{GlimmerHMM_glimmerT_993-T1;GlimmerHMM},{GeneMark_model.1075_t;GeneMark},{Augustus_model.g865.t1;Augustus}
947553	947492	INTRON			{GlimmerHMM_glimmerT_993-T1;GlimmerHMM},{GeneMark_model.1075_t;GeneMark},{Augustus_model.g865.t1;Augustus}
947597	947554	internal-	4	5	{GlimmerHMM_glimmerT_993-T1;GlimmerHMM},{GeneMark_model.1075_t;GeneMark},{Augustus_model.g865.t1;Augustus}
947666	947598	INTRON			{GlimmerHMM_glimmerT_993-T1;GlimmerHMM},{GeneMark_model.1075_t;GeneMark},{Augustus_model.g865.t1;Augustus}
947969	947667	initial-	4	6	{GlimmerHMM_glimmerT_993-T1;GlimmerHMM},{GeneMark_model.1075_t;GeneMark},{Augustus_model.g865.t1;Augustus}

# EVM prediction: Mode:STANDARD S-ratio: 7.81 948158-950083 orient(+) score(8476.00) noncoding_equivalent(1085.13) raw_noncoding(1172.13) offset(87.00)
948158	948938	initial+	1	1	{Augustus_model.g866.t1;Augustus},{GlimmerHMM_glimmerT_994-T1;GlimmerHMM},{GeneMark_model.1076_t;GeneMark}
948939	949006	INTRON			{Augustus_model.g866.t1;Augustus},{GlimmerHMM_glimmerT_994-T1;GlimmerHMM},{GeneMark_model.1076_t;GeneMark},{ev_type:exonerate/ID=match.2566964.1168/Target=lcl|KQ954482_1_prot_KWU44115_1_3527;exonerate}
949007	949376	internal+	2	2	{Augustus_model.g866.t1;Augustus},{GlimmerHMM_glimmerT_994-T1;GlimmerHMM},{GeneMark_model.1076_t;GeneMark}
949377	949436	INTRON			{Augustus_model.g866.t1;Augustus},{GlimmerHMM_glimmerT_994-T1;GlimmerHMM},{GeneMark_model.1076_t;GeneMark},{ev_type:exonerate/ID=match.2566964.1168/Target=lcl|KQ954482_1_prot_KWU44115_1_3527;exonerate}
949437	949539	internal+	3	3	{Augustus_model.g866.t1;Augustus},{GlimmerHMM_glimmerT_994-T1;GlimmerHMM},{GeneMark_model.1076_t;GeneMark},{ev_type:exonerate/ID=match.2566964.1168/Target=lcl|KQ954482_1_prot_KWU44115_1_3527;exonerate}
949540	949606	INTRON			{Augustus_model.g866.t1;Augustus},{GlimmerHMM_glimmerT_994-T1;GlimmerHMM},{snap_scaffold_2-snap.417-T1;snap},{GeneMark_model.1076_t;GeneMark},{ev_type:exonerate/ID=match.2566964.1168/Target=lcl|KQ954482_1_prot_KWU44115_1_3527;exonerate}
949607	950083	terminal+	1	3	{GlimmerHMM_glimmerT_994-T1;GlimmerHMM},{snap_scaffold_2-snap.417-T1;snap},{GeneMark_model.1076_t;GeneMark}

# EVM prediction: Mode:STANDARD S-ratio: 215.01 950438-950620 orient(-) score(902.00) noncoding_equivalent(4.20) raw_noncoding(4.20) offset(0.00)
950620	950438	single-	4	6	{GeneMark_model.1077_t;GeneMark}

# EVM prediction: Mode:STANDARD S-ratio: 5.01 951031-953085 orient(-) score(17847.00) noncoding_equivalent(3565.54) raw_noncoding(4872.00) offset(1306.46)
951170	951031	terminal-	5	6	{GeneMark_model.1078_t;GeneMark},{HiQ_model.g868.t1;HiQ},{GlimmerHMM_glimmerT_996-T1;GlimmerHMM}
951260	951171	INTRON			{GeneMark_model.1078_t;GeneMark},{HiQ_model.g868.t1;HiQ},{GlimmerHMM_glimmerT_996-T1;GlimmerHMM},{ev_type:exonerate/ID=match.2566964.1193/Target=lcl|NW_017264931_1_prot_XP_018272617_1_2448;exonerate},{ev_type:exonerate/ID=match.2566964.1175/Target=lcl|PJQD01000011_1_prot_POY75824_1_229;exonerate},{ev_type:exonerate/ID=match.2566964.1184/Target=lcl|LCTV02000001_1_prot_PRQ77868_1_568;exonerate},{ev_type:exonerate/ID=match.2566964.1167/Target=lcl|KQ954482_1_prot_KWU44117_1_3529;exonerate},{ev_type:exonerate/ID=match.2566964.1187/Target=lcl|BJWK01000002_1_prot_GEM06964_1_981;exonerate}
951285	951261	internal-	4	4	{GeneMark_model.1078_t;GeneMark},{HiQ_model.g868.t1;HiQ},{GlimmerHMM_glimmerT_996-T1;GlimmerHMM},{ev_type:exonerate/ID=match.2566964.1193/Target=lcl|NW_017264931_1_prot_XP_018272617_1_2448;exonerate},{ev_type:exonerate/ID=match.2566964.1175/Target=lcl|PJQD01000011_1_prot_POY75824_1_229;exonerate},{ev_type:exonerate/ID=match.2566964.1184/Target=lcl|LCTV02000001_1_prot_PRQ77868_1_568;exonerate},{ev_type:exonerate/ID=match.2566964.1167/Target=lcl|KQ954482_1_prot_KWU44117_1_3529;exonerate},{ev_type:exonerate/ID=match.2566964.1187/Target=lcl|BJWK01000002_1_prot_GEM06964_1_981;exonerate}
951357	951286	INTRON			{GeneMark_model.1078_t;GeneMark},{HiQ_model.g868.t1;HiQ},{GlimmerHMM_glimmerT_996-T1;GlimmerHMM},{ev_type:exonerate/ID=match.2566964.1193/Target=lcl|NW_017264931_1_prot_XP_018272617_1_2448;exonerate},{ev_type:exonerate/ID=match.2566964.1175/Target=lcl|PJQD01000011_1_prot_POY75824_1_229;exonerate},{ev_type:exonerate/ID=match.2566964.1184/Target=lcl|LCTV02000001_1_prot_PRQ77868_1_568;exonerate},{ev_type:exonerate/ID=match.2566964.1167/Target=lcl|KQ954482_1_prot_KWU44117_1_3529;exonerate},{ev_type:exonerate/ID=match.2566964.1187/Target=lcl|BJWK01000002_1_prot_GEM06964_1_981;exonerate}
952034	951358	internal-	5	6	{GeneMark_model.1078_t;GeneMark},{HiQ_model.g868.t1;HiQ},{GlimmerHMM_glimmerT_996-T1;GlimmerHMM},{ev_type:exonerate/ID=match.2566964.1193/Target=lcl|NW_017264931_1_prot_XP_018272617_1_2448;exonerate},{ev_type:exonerate/ID=match.2566964.1175/Target=lcl|PJQD01000011_1_prot_POY75824_1_229;exonerate},{ev_type:exonerate/ID=match.2566964.1184/Target=lcl|LCTV02000001_1_prot_PRQ77868_1_568;exonerate},{ev_type:exonerate/ID=match.2566964.1167/Target=lcl|KQ954482_1_prot_KWU44117_1_3529;exonerate},{ev_type:exonerate/ID=match.2566964.1187/Target=lcl|BJWK01000002_1_prot_GEM06964_1_981;exonerate}
952104	952035	INTRON			{GeneMark_model.1078_t;GeneMark},{HiQ_model.g868.t1;HiQ},{GlimmerHMM_glimmerT_996-T1;GlimmerHMM},{ev_type:exonerate/ID=match.2566964.1193/Target=lcl|NW_017264931_1_prot_XP_018272617_1_2448;exonerate},{ev_type:exonerate/ID=match.2566964.1175/Target=lcl|PJQD01000011_1_prot_POY75824_1_229;exonerate},{ev_type:exonerate/ID=match.2566964.1184/Target=lcl|LCTV02000001_1_prot_PRQ77868_1_568;exonerate},{ev_type:exonerate/ID=match.2566964.1167/Target=lcl|KQ954482_1_prot_KWU44117_1_3529;exonerate},{ev_type:exonerate/ID=match.2566964.1187/Target=lcl|BJWK01000002_1_prot_GEM06964_1_981;exonerate}
952229	952105	internal-	6	4	{GeneMark_model.1078_t;GeneMark},{HiQ_model.g868.t1;HiQ},{GlimmerHMM_glimmerT_996-T1;GlimmerHMM},{ev_type:exonerate/ID=match.2566964.1193/Target=lcl|NW_017264931_1_prot_XP_018272617_1_2448;exonerate},{ev_type:exonerate/ID=match.2566964.1175/Target=lcl|PJQD01000011_1_prot_POY75824_1_229;exonerate},{ev_type:exonerate/ID=match.2566964.1184/Target=lcl|LCTV02000001_1_prot_PRQ77868_1_568;exonerate},{ev_type:exonerate/ID=match.2566964.1167/Target=lcl|KQ954482_1_prot_KWU44117_1_3529;exonerate},{ev_type:exonerate/ID=match.2566964.1187/Target=lcl|BJWK01000002_1_prot_GEM06964_1_981;exonerate}
952294	952230	INTRON			{GeneMark_model.1078_t;GeneMark},{HiQ_model.g868.t1;HiQ},{GlimmerHMM_glimmerT_996-T1;GlimmerHMM},{ev_type:exonerate/ID=match.2566964.1193/Target=lcl|NW_017264931_1_prot_XP_018272617_1_2448;exonerate},{ev_type:exonerate/ID=match.2566964.1175/Target=lcl|PJQD01000011_1_prot_POY75824_1_229;exonerate},{ev_type:exonerate/ID=match.2566964.1184/Target=lcl|LCTV02000001_1_prot_PRQ77868_1_568;exonerate},{ev_type:exonerate/ID=match.2566964.1167/Target=lcl|KQ954482_1_prot_KWU44117_1_3529;exonerate},{ev_type:exonerate/ID=match.2566964.1187/Target=lcl|BJWK01000002_1_prot_GEM06964_1_981;exonerate}
952434	952295	internal-	4	5	{GeneMark_model.1078_t;GeneMark},{HiQ_model.g868.t1;HiQ},{GlimmerHMM_glimmerT_996-T1;GlimmerHMM},{ev_type:exonerate/ID=match.2566964.1193/Target=lcl|NW_017264931_1_prot_XP_018272617_1_2448;exonerate},{ev_type:exonerate/ID=match.2566964.1175/Target=lcl|PJQD01000011_1_prot_POY75824_1_229;exonerate},{ev_type:exonerate/ID=match.2566964.1184/Target=lcl|LCTV02000001_1_prot_PRQ77868_1_568;exonerate},{ev_type:exonerate/ID=match.2566964.1167/Target=lcl|KQ954482_1_prot_KWU44117_1_3529;exonerate},{ev_type:exonerate/ID=match.2566964.1187/Target=lcl|BJWK01000002_1_prot_GEM06964_1_981;exonerate}
952651	952435	INTRON			{GeneMark_model.1078_t;GeneMark},{HiQ_model.g868.t1;HiQ},{GlimmerHMM_glimmerT_996-T1;GlimmerHMM},{ev_type:exonerate/ID=match.2566964.1193/Target=lcl|NW_017264931_1_prot_XP_018272617_1_2448;exonerate},{ev_type:exonerate/ID=match.2566964.1175/Target=lcl|PJQD01000011_1_prot_POY75824_1_229;exonerate},{ev_type:exonerate/ID=match.2566964.1184/Target=lcl|LCTV02000001_1_prot_PRQ77868_1_568;exonerate},{ev_type:exonerate/ID=match.2566964.1167/Target=lcl|KQ954482_1_prot_KWU44117_1_3529;exonerate},{ev_type:exonerate/ID=match.2566964.1187/Target=lcl|BJWK01000002_1_prot_GEM06964_1_981;exonerate}
952803	952652	internal-	5	6	{GeneMark_model.1078_t;GeneMark},{HiQ_model.g868.t1;HiQ},{GlimmerHMM_glimmerT_996-T1;GlimmerHMM},{ev_type:exonerate/ID=match.2566964.1175/Target=lcl|PJQD01000011_1_prot_POY75824_1_229;exonerate}
952961	952804	INTRON			{GeneMark_model.1078_t;GeneMark},{HiQ_model.g868.t1;HiQ},{GlimmerHMM_glimmerT_996-T1;GlimmerHMM},{ev_type:exonerate/ID=match.2566964.1175/Target=lcl|PJQD01000011_1_prot_POY75824_1_229;exonerate}
953085	952962	initial-	4	4	{GeneMark_model.1078_t;GeneMark},{HiQ_model.g868.t1;HiQ}

# EVM prediction: Mode:STANDARD S-ratio: 4.78 953663-954341 orient(-) score(5044.00) noncoding_equivalent(1056.08) raw_noncoding(1491.23) offset(435.15)
953713	953663	terminal-	4	6	{HiQ_model.g869.t1;HiQ},{GlimmerHMM_glimmerT_997-T1;GlimmerHMM},{GeneMark_model.1079_t;GeneMark}
953787	953714	INTRON			{HiQ_model.g869.t1;HiQ},{GlimmerHMM_glimmerT_997-T1;GlimmerHMM},{GeneMark_model.1079_t;GeneMark},{ev_type:exonerate/ID=match.2566964.1342/Target=lcl|BJWK01000002_1_prot_GEM06963_1_980;exonerate},{ev_type:exonerate/ID=match.2566964.1323/Target=lcl|PJQD01000011_1_prot_POY75823_1_228;exonerate},{ev_type:exonerate/ID=match.2566964.1343/Target=lcl|LCTV02000001_1_prot_PRQ77869_1_569;exonerate}
953843	953788	internal-	5	6	{HiQ_model.g869.t1;HiQ},{GlimmerHMM_glimmerT_997-T1;GlimmerHMM},{GeneMark_model.1079_t;GeneMark},{ev_type:exonerate/ID=match.2566964.1342/Target=lcl|BJWK01000002_1_prot_GEM06963_1_980;exonerate},{ev_type:exonerate/ID=match.2566964.1323/Target=lcl|PJQD01000011_1_prot_POY75823_1_228;exonerate},{ev_type:exonerate/ID=match.2566964.1343/Target=lcl|LCTV02000001_1_prot_PRQ77869_1_569;exonerate}
953905	953844	INTRON			{HiQ_model.g869.t1;HiQ},{GlimmerHMM_glimmerT_997-T1;GlimmerHMM},{GeneMark_model.1079_t;GeneMark},{ev_type:exonerate/ID=match.2566964.1342/Target=lcl|BJWK01000002_1_prot_GEM06963_1_980;exonerate},{ev_type:exonerate/ID=match.2566964.1323/Target=lcl|PJQD01000011_1_prot_POY75823_1_228;exonerate},{ev_type:exonerate/ID=match.2566964.1343/Target=lcl|LCTV02000001_1_prot_PRQ77869_1_569;exonerate}
954205	953906	internal-	5	4	{HiQ_model.g869.t1;HiQ},{GlimmerHMM_glimmerT_997-T1;GlimmerHMM},{GeneMark_model.1079_t;GeneMark},{ev_type:exonerate/ID=match.2566964.1342/Target=lcl|BJWK01000002_1_prot_GEM06963_1_980;exonerate},{ev_type:exonerate/ID=match.2566964.1323/Target=lcl|PJQD01000011_1_prot_POY75823_1_228;exonerate},{ev_type:exonerate/ID=match.2566964.1343/Target=lcl|LCTV02000001_1_prot_PRQ77869_1_569;exonerate}
954295	954206	INTRON			{HiQ_model.g869.t1;HiQ},{GlimmerHMM_glimmerT_997-T1;GlimmerHMM},{GeneMark_model.1079_t;GeneMark},{ev_type:exonerate/ID=match.2566964.1342/Target=lcl|BJWK01000002_1_prot_GEM06963_1_980;exonerate},{ev_type:exonerate/ID=match.2566964.1323/Target=lcl|PJQD01000011_1_prot_POY75823_1_228;exonerate},{ev_type:exonerate/ID=match.2566964.1343/Target=lcl|LCTV02000001_1_prot_PRQ77869_1_569;exonerate}
954341	954296	initial-	4	4	{HiQ_model.g869.t1;HiQ},{GlimmerHMM_glimmerT_997-T1;GlimmerHMM},{GeneMark_model.1079_t;GeneMark}

# EVM prediction: Mode:STANDARD S-ratio: 1.63 955926-958092 orient(+) score(6251.00) noncoding_equivalent(3836.15) raw_noncoding(4915.00) offset(1078.85)
955926	956156	initial+	1	3	{Augustus_model.g870.t1;Augustus},{GlimmerHMM_glimmerT_998-T1;GlimmerHMM},{GeneMark_model.1080_t;GeneMark}
956157	956620	INTRON			{Augustus_model.g870.t1;Augustus},{GlimmerHMM_glimmerT_998-T1;GlimmerHMM},{GeneMark_model.1080_t;GeneMark}
956621	956678	internal+	1	1	{Augustus_model.g870.t1;Augustus},{GlimmerHMM_glimmerT_998-T1;GlimmerHMM},{GeneMark_model.1080_t;GeneMark}
956679	956740	INTRON			{Augustus_model.g870.t1;Augustus},{GlimmerHMM_glimmerT_998-T1;GlimmerHMM},{GeneMark_model.1080_t;GeneMark}
956741	956909	internal+	2	2	{Augustus_model.g870.t1;Augustus},{GlimmerHMM_glimmerT_998-T1;GlimmerHMM},{GeneMark_model.1080_t;GeneMark}
956910	956970	INTRON			{Augustus_model.g870.t1;Augustus},{GlimmerHMM_glimmerT_998-T1;GlimmerHMM},{GeneMark_model.1080_t;GeneMark}
956971	957011	internal+	3	1	{Augustus_model.g870.t1;Augustus},{GlimmerHMM_glimmerT_998-T1;GlimmerHMM},{GeneMark_model.1080_t;GeneMark}
957012	957081	INTRON			{Augustus_model.g870.t1;Augustus},{GlimmerHMM_glimmerT_998-T1;GlimmerHMM},{GeneMark_model.1080_t;GeneMark}
957082	957497	internal+	2	3	{Augustus_model.g870.t1;Augustus},{GeneMark_model.1080_t;GeneMark}
957498	957558	INTRON			{Augustus_model.g870.t1;Augustus},{GeneMark_model.1080_t;GeneMark}
957559	957619	internal+	1	1	{GeneMark_model.1080_t;GeneMark}
957620	957677	INTRON			{GeneMark_model.1080_t;GeneMark}
957678	957722	internal+	2	1	{Augustus_model.g870.t1;Augustus},{GlimmerHMM_glimmerT_998-T1;GlimmerHMM},{GeneMark_model.1080_t;GeneMark}
957723	957782	INTRON			{Augustus_model.g870.t1;Augustus},{GlimmerHMM_glimmerT_998-T1;GlimmerHMM},{GeneMark_model.1080_t;GeneMark}
957783	957949	internal+	2	3	{Augustus_model.g870.t1;Augustus},{GlimmerHMM_glimmerT_998-T1;GlimmerHMM},{GeneMark_model.1080_t;GeneMark}
957950	958011	INTRON			{Augustus_model.g870.t1;Augustus},{GlimmerHMM_glimmerT_998-T1;GlimmerHMM},{GeneMark_model.1080_t;GeneMark}
958012	958092	terminal+	1	3	{Augustus_model.g870.t1;Augustus},{GlimmerHMM_glimmerT_998-T1;GlimmerHMM},{GeneMark_model.1080_t;GeneMark}

# EVM prediction: Mode:STANDARD S-ratio: 7.95 960451-962782 orient(-) score(8421.00) noncoding_equivalent(1059.84) raw_noncoding(1143.23) offset(83.38)
961868	960451	terminal-	5	6	{Augustus_model.g871.t1;Augustus},{GeneMark_model.1081_t;GeneMark},{GlimmerHMM_glimmerT_999-T1;GlimmerHMM},{snap_scaffold_2-snap.421-T1;snap}
961947	961869	INTRON			{Augustus_model.g871.t1;Augustus},{GeneMark_model.1081_t;GeneMark},{GlimmerHMM_glimmerT_999-T1;GlimmerHMM}
962782	961948	initial-	4	4	{Augustus_model.g871.t1;Augustus},{GeneMark_model.1081_t;GeneMark},{GlimmerHMM_glimmerT_999-T1;GlimmerHMM}

# EVM prediction: Mode:STANDARD S-ratio: 11.47 963263-969192 orient(+) score(38635.00) noncoding_equivalent(3367.39) raw_noncoding(3767.38) offset(399.99)
963263	964023	initial+	1	2	{GlimmerHMM_glimmerT_1000-T1;GlimmerHMM},{Augustus_model.g872.t1;Augustus},{GeneMark_model.1082_t;GeneMark}
964024	964103	INTRON			{GlimmerHMM_glimmerT_1000-T1;GlimmerHMM},{Augustus_model.g872.t1;Augustus},{GeneMark_model.1082_t;GeneMark},{ev_type:exonerate/ID=match.2566964.1057/Target=lcl|KQ954482_1_prot_KWU44120_1_3532;exonerate},{ev_type:exonerate/ID=match.2566964.1056/Target=lcl|PJQD01000011_1_prot_POY75820_1_225;exonerate},{ev_type:exonerate/ID=match.2566964.1058/Target=lcl|LCTV02000001_1_prot_PRQ77874_1_574;exonerate}
964104	965046	internal+	3	3	{GlimmerHMM_glimmerT_1000-T1;GlimmerHMM},{Augustus_model.g872.t1;Augustus},{GeneMark_model.1082_t;GeneMark},{ev_type:exonerate/ID=match.2566964.1056/Target=lcl|PJQD01000011_1_prot_POY75820_1_225;exonerate}
965047	965111	INTRON			{GlimmerHMM_glimmerT_1000-T1;GlimmerHMM},{Augustus_model.g872.t1;Augustus},{GeneMark_model.1082_t;GeneMark},{ev_type:exonerate/ID=match.2566964.1057/Target=lcl|KQ954482_1_prot_KWU44120_1_3532;exonerate},{ev_type:exonerate/ID=match.2566964.1056/Target=lcl|PJQD01000011_1_prot_POY75820_1_225;exonerate},{ev_type:exonerate/ID=match.2566964.1058/Target=lcl|LCTV02000001_1_prot_PRQ77874_1_574;exonerate}
965112	965333	internal+	1	3	{GlimmerHMM_glimmerT_1000-T1;GlimmerHMM},{Augustus_model.g872.t1;Augustus},{GeneMark_model.1082_t;GeneMark},{ev_type:exonerate/ID=match.2566964.1057/Target=lcl|KQ954482_1_prot_KWU44120_1_3532;exonerate},{ev_type:exonerate/ID=match.2566964.1056/Target=lcl|PJQD01000011_1_prot_POY75820_1_225;exonerate},{ev_type:exonerate/ID=match.2566964.1058/Target=lcl|LCTV02000001_1_prot_PRQ77874_1_574;exonerate}
965334	965404	INTRON			{GlimmerHMM_glimmerT_1000-T1;GlimmerHMM},{Augustus_model.g872.t1;Augustus},{GeneMark_model.1082_t;GeneMark},{ev_type:exonerate/ID=match.2566964.1057/Target=lcl|KQ954482_1_prot_KWU44120_1_3532;exonerate},{ev_type:exonerate/ID=match.2566964.1056/Target=lcl|PJQD01000011_1_prot_POY75820_1_225;exonerate},{ev_type:exonerate/ID=match.2566964.1058/Target=lcl|LCTV02000001_1_prot_PRQ77874_1_574;exonerate}
965405	965682	internal+	1	2	{GlimmerHMM_glimmerT_1000-T1;GlimmerHMM},{Augustus_model.g872.t1;Augustus},{GeneMark_model.1082_t;GeneMark},{ev_type:exonerate/ID=match.2566964.1057/Target=lcl|KQ954482_1_prot_KWU44120_1_3532;exonerate},{ev_type:exonerate/ID=match.2566964.1056/Target=lcl|PJQD01000011_1_prot_POY75820_1_225;exonerate},{ev_type:exonerate/ID=match.2566964.1058/Target=lcl|LCTV02000001_1_prot_PRQ77874_1_574;exonerate}
965683	965743	INTRON			{GlimmerHMM_glimmerT_1000-T1;GlimmerHMM},{Augustus_model.g872.t1;Augustus},{GeneMark_model.1082_t;GeneMark},{ev_type:exonerate/ID=match.2566964.1057/Target=lcl|KQ954482_1_prot_KWU44120_1_3532;exonerate},{ev_type:exonerate/ID=match.2566964.1056/Target=lcl|PJQD01000011_1_prot_POY75820_1_225;exonerate},{ev_type:exonerate/ID=match.2566964.1058/Target=lcl|LCTV02000001_1_prot_PRQ77874_1_574;exonerate}
965744	968393	internal+	3	3	{GlimmerHMM_glimmerT_1000-T1;GlimmerHMM},{Augustus_model.g872.t1;Augustus},{GeneMark_model.1082_t;GeneMark},{ev_type:exonerate/ID=match.2566964.1057/Target=lcl|KQ954482_1_prot_KWU44120_1_3532;exonerate},{ev_type:exonerate/ID=match.2566964.1056/Target=lcl|PJQD01000011_1_prot_POY75820_1_225;exonerate},{ev_type:exonerate/ID=match.2566964.1058/Target=lcl|LCTV02000001_1_prot_PRQ77874_1_574;exonerate}
968394	968455	INTRON			{GlimmerHMM_glimmerT_1000-T1;GlimmerHMM},{Augustus_model.g872.t1;Augustus},{GeneMark_model.1082_t;GeneMark},{ev_type:exonerate/ID=match.2566964.1057/Target=lcl|KQ954482_1_prot_KWU44120_1_3532;exonerate},{ev_type:exonerate/ID=match.2566964.1056/Target=lcl|PJQD01000011_1_prot_POY75820_1_225;exonerate},{ev_type:exonerate/ID=match.2566964.1058/Target=lcl|LCTV02000001_1_prot_PRQ77874_1_574;exonerate}
968456	968812	internal+	1	3	{GlimmerHMM_glimmerT_1000-T1;GlimmerHMM},{Augustus_model.g872.t1;Augustus},{GeneMark_model.1082_t;GeneMark},{ev_type:exonerate/ID=match.2566964.1057/Target=lcl|KQ954482_1_prot_KWU44120_1_3532;exonerate},{ev_type:exonerate/ID=match.2566964.1056/Target=lcl|PJQD01000011_1_prot_POY75820_1_225;exonerate},{ev_type:exonerate/ID=match.2566964.1058/Target=lcl|LCTV02000001_1_prot_PRQ77874_1_574;exonerate}
968813	968881	INTRON			{GlimmerHMM_glimmerT_1000-T1;GlimmerHMM},{Augustus_model.g872.t1;Augustus},{GeneMark_model.1082_t;GeneMark},{ev_type:exonerate/ID=match.2566964.1057/Target=lcl|KQ954482_1_prot_KWU44120_1_3532;exonerate},{ev_type:exonerate/ID=match.2566964.1056/Target=lcl|PJQD01000011_1_prot_POY75820_1_225;exonerate},{ev_type:exonerate/ID=match.2566964.1058/Target=lcl|LCTV02000001_1_prot_PRQ77874_1_574;exonerate}
968882	968960	internal+	1	1	{GlimmerHMM_glimmerT_1000-T1;GlimmerHMM},{Augustus_model.g872.t1;Augustus},{GeneMark_model.1082_t;GeneMark},{ev_type:exonerate/ID=match.2566964.1057/Target=lcl|KQ954482_1_prot_KWU44120_1_3532;exonerate},{ev_type:exonerate/ID=match.2566964.1056/Target=lcl|PJQD01000011_1_prot_POY75820_1_225;exonerate},{ev_type:exonerate/ID=match.2566964.1058/Target=lcl|LCTV02000001_1_prot_PRQ77874_1_574;exonerate}
968961	969028	INTRON			{GlimmerHMM_glimmerT_1000-T1;GlimmerHMM},{Augustus_model.g872.t1;Augustus},{GeneMark_model.1082_t;GeneMark},{ev_type:exonerate/ID=match.2566964.1057/Target=lcl|KQ954482_1_prot_KWU44120_1_3532;exonerate},{ev_type:exonerate/ID=match.2566964.1056/Target=lcl|PJQD01000011_1_prot_POY75820_1_225;exonerate},{ev_type:exonerate/ID=match.2566964.1058/Target=lcl|LCTV02000001_1_prot_PRQ77874_1_574;exonerate}
969029	969192	terminal+	2	3	{GeneMark_model.1082_t;GeneMark}

# EVM prediction: Mode:STANDARD S-ratio: 1.21 969566-970524 orient(+) score(2100.00) noncoding_equivalent(1734.82) raw_noncoding(2688.02) offset(953.20)
969566	969644	initial+	1	1	{GeneMark_model.1083_t;GeneMark}
969645	969759	INTRON			{GeneMark_model.1083_t;GeneMark},{Augustus_model.g872.t1;Augustus}
969760	969794	internal+	2	3	{GeneMark_model.1083_t;GeneMark},{Augustus_model.g872.t1;Augustus}
969795	969872	INTRON			{GeneMark_model.1083_t;GeneMark},{Augustus_model.g872.t1;Augustus}
969873	969920	internal+	1	3	{GeneMark_model.1083_t;GeneMark},{Augustus_model.g872.t1;Augustus}
969921	969985	INTRON			{GeneMark_model.1083_t;GeneMark},{Augustus_model.g872.t1;Augustus}
969986	970004	internal+	1	1	{GeneMark_model.1083_t;GeneMark},{Augustus_model.g872.t1;Augustus}
970005	970082	INTRON			{GeneMark_model.1083_t;GeneMark},{Augustus_model.g872.t1;Augustus}
970083	970105	internal+	2	3	{GeneMark_model.1083_t;GeneMark},{Augustus_model.g872.t1;Augustus}
970106	970178	INTRON			{GeneMark_model.1083_t;GeneMark},{Augustus_model.g872.t1;Augustus}
970179	970350	internal+	1	1	{GeneMark_model.1083_t;GeneMark},{Augustus_model.g872.t1;Augustus}
970351	970417	INTRON			{GeneMark_model.1083_t;GeneMark},{Augustus_model.g872.t1;Augustus}
970418	970524	terminal+	2	3	{GeneMark_model.1083_t;GeneMark},{Augustus_model.g872.t1;Augustus}

# EVM prediction: Mode:STANDARD S-ratio: 2.83 970842-973590 orient(+) score(11148.00) noncoding_equivalent(3936.39) raw_noncoding(4738.22) offset(801.83)
970842	971054	initial+	1	3	{Augustus_model.g873.t1;Augustus},{GeneMark_model.1084_t;GeneMark}
971055	971144	INTRON			{GlimmerHMM_glimmerT_1000-T1;GlimmerHMM},{Augustus_model.g873.t1;Augustus},{GeneMark_model.1084_t;GeneMark},{ev_type:exonerate/ID=match.2566964.1111/Target=lcl|PJQD01000048_1_prot_POY72706_1_4604;exonerate}
971145	971259	internal+	1	1	{GlimmerHMM_glimmerT_1000-T1;GlimmerHMM},{Augustus_model.g873.t1;Augustus},{GeneMark_model.1084_t;GeneMark},{ev_type:exonerate/ID=match.2566964.1111/Target=lcl|PJQD01000048_1_prot_POY72706_1_4604;exonerate}
971260	971446	INTRON			{GlimmerHMM_glimmerT_1000-T1;GlimmerHMM},{Augustus_model.g873.t1;Augustus},{GeneMark_model.1084_t;GeneMark},{ev_type:exonerate/ID=match.2566964.1111/Target=lcl|PJQD01000048_1_prot_POY72706_1_4604;exonerate}
971447	971652	internal+	2	3	{GlimmerHMM_glimmerT_1000-T1;GlimmerHMM},{Augustus_model.g873.t1;Augustus},{GeneMark_model.1084_t;GeneMark},{ev_type:exonerate/ID=match.2566964.1111/Target=lcl|PJQD01000048_1_prot_POY72706_1_4604;exonerate}
971653	971714	INTRON			{GlimmerHMM_glimmerT_1000-T1;GlimmerHMM},{Augustus_model.g873.t1;Augustus},{GeneMark_model.1084_t;GeneMark},{ev_type:exonerate/ID=match.2566964.1111/Target=lcl|PJQD01000048_1_prot_POY72706_1_4604;exonerate}
971715	971819	internal+	1	3	{GlimmerHMM_glimmerT_1000-T1;GlimmerHMM},{Augustus_model.g873.t1;Augustus},{GeneMark_model.1084_t;GeneMark},{ev_type:exonerate/ID=match.2566964.1111/Target=lcl|PJQD01000048_1_prot_POY72706_1_4604;exonerate}
971820	971880	INTRON			{GlimmerHMM_glimmerT_1000-T1;GlimmerHMM},{Augustus_model.g873.t1;Augustus},{GeneMark_model.1084_t;GeneMark},{ev_type:exonerate/ID=match.2566964.1111/Target=lcl|PJQD01000048_1_prot_POY72706_1_4604;exonerate}
971881	972067	internal+	1	1	{GlimmerHMM_glimmerT_1000-T1;GlimmerHMM},{Augustus_model.g873.t1;Augustus},{GeneMark_model.1084_t;GeneMark},{ev_type:exonerate/ID=match.2566964.1111/Target=lcl|PJQD01000048_1_prot_POY72706_1_4604;exonerate}
972068	972126	INTRON			{GlimmerHMM_glimmerT_1000-T1;GlimmerHMM},{Augustus_model.g873.t1;Augustus},{GeneMark_model.1084_t;GeneMark},{ev_type:exonerate/ID=match.2566964.1111/Target=lcl|PJQD01000048_1_prot_POY72706_1_4604;exonerate}
972127	972435	internal+	2	1	{GlimmerHMM_glimmerT_1000-T1;GlimmerHMM},{Augustus_model.g873.t1;Augustus},{GeneMark_model.1084_t;GeneMark},{ev_type:exonerate/ID=match.2566964.1111/Target=lcl|PJQD01000048_1_prot_POY72706_1_4604;exonerate}
972436	972504	INTRON			{GlimmerHMM_glimmerT_1000-T1;GlimmerHMM},{Augustus_model.g873.t1;Augustus},{GeneMark_model.1084_t;GeneMark},{ev_type:exonerate/ID=match.2566964.1111/Target=lcl|PJQD01000048_1_prot_POY72706_1_4604;exonerate}
972505	972579	internal+	2	1	{GlimmerHMM_glimmerT_1000-T1;GlimmerHMM},{Augustus_model.g873.t1;Augustus},{GeneMark_model.1084_t;GeneMark},{ev_type:exonerate/ID=match.2566964.1111/Target=lcl|PJQD01000048_1_prot_POY72706_1_4604;exonerate}
972580	972642	INTRON			{GlimmerHMM_glimmerT_1000-T1;GlimmerHMM},{Augustus_model.g873.t1;Augustus},{GeneMark_model.1084_t;GeneMark},{ev_type:exonerate/ID=match.2566964.1111/Target=lcl|PJQD01000048_1_prot_POY72706_1_4604;exonerate}
972643	972809	internal+	2	3	{Augustus_model.g873.t1;Augustus},{GeneMark_model.1084_t;GeneMark},{ev_type:exonerate/ID=match.2566964.1111/Target=lcl|PJQD01000048_1_prot_POY72706_1_4604;exonerate}
972810	972876	INTRON			{Augustus_model.g873.t1;Augustus},{GeneMark_model.1084_t;GeneMark},{ev_type:exonerate/ID=match.2566964.1111/Target=lcl|PJQD01000048_1_prot_POY72706_1_4604;exonerate}
972877	973246	internal+	1	1	{GlimmerHMM_glimmerT_1000-T1;GlimmerHMM},{Augustus_model.g873.t1;Augustus},{GeneMark_model.1084_t;GeneMark},{ev_type:exonerate/ID=match.2566964.1111/Target=lcl|PJQD01000048_1_prot_POY72706_1_4604;exonerate}
973247	973302	INTRON			{GlimmerHMM_glimmerT_1000-T1;GlimmerHMM},{Augustus_model.g873.t1;Augustus},{GeneMark_model.1084_t;GeneMark},{ev_type:exonerate/ID=match.2566964.1111/Target=lcl|PJQD01000048_1_prot_POY72706_1_4604;exonerate}
973303	973401	internal+	2	1	{GlimmerHMM_glimmerT_1000-T1;GlimmerHMM},{Augustus_model.g873.t1;Augustus},{GeneMark_model.1084_t;GeneMark},{ev_type:exonerate/ID=match.2566964.1111/Target=lcl|PJQD01000048_1_prot_POY72706_1_4604;exonerate}
973402	973471	INTRON			{GlimmerHMM_glimmerT_1000-T1;GlimmerHMM},{Augustus_model.g873.t1;Augustus},{GeneMark_model.1084_t;GeneMark},{ev_type:exonerate/ID=match.2566964.1111/Target=lcl|PJQD01000048_1_prot_POY72706_1_4604;exonerate}
973472	973590	terminal+	2	3	{GlimmerHMM_glimmerT_1000-T1;GlimmerHMM},{Augustus_model.g873.t1;Augustus},{GeneMark_model.1084_t;GeneMark}

# EVM prediction: Mode:STANDARD S-ratio: 6.58 974322-976709 orient(+) score(8608.00) noncoding_equivalent(1308.00) raw_noncoding(1464.00) offset(156.00)
974322	974518	initial+	1	2	{Augustus_model.g874.t1;Augustus},{GlimmerHMM_glimmerT_1001-T1;GlimmerHMM},{GeneMark_model.1085_t;GeneMark}
974519	974580	INTRON			{Augustus_model.g874.t1;Augustus},{GlimmerHMM_glimmerT_1001-T1;GlimmerHMM},{GeneMark_model.1085_t;GeneMark}
974581	974841	internal+	3	2	{Augustus_model.g874.t1;Augustus},{GlimmerHMM_glimmerT_1001-T1;GlimmerHMM},{GeneMark_model.1085_t;GeneMark}
974842	974908	INTRON			{Augustus_model.g874.t1;Augustus},{GlimmerHMM_glimmerT_1001-T1;GlimmerHMM},{GeneMark_model.1085_t;GeneMark}
974909	976348	internal+	3	2	{Augustus_model.g874.t1;Augustus},{GlimmerHMM_glimmerT_1001-T1;GlimmerHMM},{GeneMark_model.1085_t;GeneMark}
976349	976408	INTRON			{Augustus_model.g874.t1;Augustus},{GlimmerHMM_glimmerT_1001-T1;GlimmerHMM},{GeneMark_model.1085_t;GeneMark}
976409	976709	terminal+	3	3	{Augustus_model.g874.t1;Augustus},{GlimmerHMM_glimmerT_1001-T1;GlimmerHMM},{GeneMark_model.1085_t;GeneMark}

# EVM prediction: Mode:STANDARD S-ratio: 5.83 977169-978954 orient(-) score(6776.00) noncoding_equivalent(1162.33) raw_noncoding(1176.33) offset(14.00)
977506	977169	terminal-	5	6	{GlimmerHMM_glimmerT_1002-T1;GlimmerHMM},{GeneMark_model.1086_t;GeneMark},{Augustus_model.g875.t1;Augustus}
977577	977507	INTRON			{GlimmerHMM_glimmerT_1002-T1;GlimmerHMM},{GeneMark_model.1086_t;GeneMark},{Augustus_model.g875.t1;Augustus}
978723	977578	internal-	5	4	{GlimmerHMM_glimmerT_1002-T1;GlimmerHMM},{GeneMark_model.1086_t;GeneMark},{Augustus_model.g875.t1;Augustus}
978890	978724	INTRON			{GlimmerHMM_glimmerT_1002-T1;GlimmerHMM},{GeneMark_model.1086_t;GeneMark},{snap_scaffold_2-snap.426-T1;snap},{Augustus_model.g875.t1;Augustus}
978954	978891	initial-	4	4	{GlimmerHMM_glimmerT_1002-T1;GlimmerHMM},{GeneMark_model.1086_t;GeneMark},{Augustus_model.g875.t1;Augustus}

# EVM prediction: Mode:STANDARD S-ratio: 4.34 979527-981239 orient(-) score(12647.00) noncoding_equivalent(2915.00) raw_noncoding(4023.00) offset(1108.00)
979618	979527	terminal-	5	6	{GeneMark_model.1087_t;GeneMark},{GlimmerHMM_glimmerT_1003-T1;GlimmerHMM},{HiQ_model.g876.t1;HiQ}
979692	979619	INTRON			{GeneMark_model.1087_t;GeneMark},{GlimmerHMM_glimmerT_1003-T1;GlimmerHMM},{HiQ_model.g876.t1;HiQ},{ev_type:exonerate/ID=match.2566964.1211/Target=lcl|LCTV02000001_1_prot_PRQ77821_1_521;exonerate},{ev_type:exonerate/ID=match.2566964.1197/Target=lcl|PJQD01000048_1_prot_POY72701_1_4599;exonerate},{ev_type:exonerate/ID=match.2566964.1202/Target=lcl|KQ954482_1_prot_KWU44125_1_3537;exonerate},{ev_type:exonerate/ID=match.2566964.1378/Target=lcl|LCTV02000001_1_prot_PRQ77819_1_519;exonerate}
979815	979693	internal-	5	4	{GeneMark_model.1087_t;GeneMark},{GlimmerHMM_glimmerT_1003-T1;GlimmerHMM},{HiQ_model.g876.t1;HiQ},{ev_type:exonerate/ID=match.2566964.1211/Target=lcl|LCTV02000001_1_prot_PRQ77821_1_521;exonerate},{ev_type:exonerate/ID=match.2566964.1197/Target=lcl|PJQD01000048_1_prot_POY72701_1_4599;exonerate},{ev_type:exonerate/ID=match.2566964.1202/Target=lcl|KQ954482_1_prot_KWU44125_1_3537;exonerate}
979882	979816	INTRON			{GeneMark_model.1087_t;GeneMark},{GlimmerHMM_glimmerT_1003-T1;GlimmerHMM},{HiQ_model.g876.t1;HiQ},{ev_type:exonerate/ID=match.2566964.1211/Target=lcl|LCTV02000001_1_prot_PRQ77821_1_521;exonerate},{ev_type:exonerate/ID=match.2566964.1197/Target=lcl|PJQD01000048_1_prot_POY72701_1_4599;exonerate},{ev_type:exonerate/ID=match.2566964.1202/Target=lcl|KQ954482_1_prot_KWU44125_1_3537;exonerate}
980103	979883	internal-	6	4	{GeneMark_model.1087_t;GeneMark},{GlimmerHMM_glimmerT_1003-T1;GlimmerHMM},{HiQ_model.g876.t1;HiQ},{ev_type:exonerate/ID=match.2566964.1211/Target=lcl|LCTV02000001_1_prot_PRQ77821_1_521;exonerate},{ev_type:exonerate/ID=match.2566964.1197/Target=lcl|PJQD01000048_1_prot_POY72701_1_4599;exonerate},{ev_type:exonerate/ID=match.2566964.1202/Target=lcl|KQ954482_1_prot_KWU44125_1_3537;exonerate}
980160	980104	INTRON			{GeneMark_model.1087_t;GeneMark},{GlimmerHMM_glimmerT_1003-T1;GlimmerHMM},{HiQ_model.g876.t1;HiQ},{ev_type:exonerate/ID=match.2566964.1211/Target=lcl|LCTV02000001_1_prot_PRQ77821_1_521;exonerate},{ev_type:exonerate/ID=match.2566964.1197/Target=lcl|PJQD01000048_1_prot_POY72701_1_4599;exonerate},{ev_type:exonerate/ID=match.2566964.1202/Target=lcl|KQ954482_1_prot_KWU44125_1_3537;exonerate}
980680	980161	internal-	5	5	{GeneMark_model.1087_t;GeneMark},{GlimmerHMM_glimmerT_1003-T1;GlimmerHMM},{HiQ_model.g876.t1;HiQ},{ev_type:exonerate/ID=match.2566964.1211/Target=lcl|LCTV02000001_1_prot_PRQ77821_1_521;exonerate},{ev_type:exonerate/ID=match.2566964.1202/Target=lcl|KQ954482_1_prot_KWU44125_1_3537;exonerate}
980808	980681	INTRON			{GeneMark_model.1087_t;GeneMark},{GlimmerHMM_glimmerT_1003-T1;GlimmerHMM},{HiQ_model.g876.t1;HiQ},{ev_type:exonerate/ID=match.2566964.1211/Target=lcl|LCTV02000001_1_prot_PRQ77821_1_521;exonerate},{ev_type:exonerate/ID=match.2566964.1202/Target=lcl|KQ954482_1_prot_KWU44125_1_3537;exonerate}
980854	980809	internal-	4	4	{GeneMark_model.1087_t;GeneMark},{GlimmerHMM_glimmerT_1003-T1;GlimmerHMM},{HiQ_model.g876.t1;HiQ},{ev_type:exonerate/ID=match.2566964.1211/Target=lcl|LCTV02000001_1_prot_PRQ77821_1_521;exonerate},{ev_type:exonerate/ID=match.2566964.1197/Target=lcl|PJQD01000048_1_prot_POY72701_1_4599;exonerate},{ev_type:exonerate/ID=match.2566964.1202/Target=lcl|KQ954482_1_prot_KWU44125_1_3537;exonerate}
980996	980855	INTRON			{GeneMark_model.1087_t;GeneMark},{GlimmerHMM_glimmerT_1003-T1;GlimmerHMM},{HiQ_model.g876.t1;HiQ},{ev_type:exonerate/ID=match.2566964.1211/Target=lcl|LCTV02000001_1_prot_PRQ77821_1_521;exonerate},{ev_type:exonerate/ID=match.2566964.1197/Target=lcl|PJQD01000048_1_prot_POY72701_1_4599;exonerate},{ev_type:exonerate/ID=match.2566964.1202/Target=lcl|KQ954482_1_prot_KWU44125_1_3537;exonerate}
981049	980997	internal-	5	6	{GeneMark_model.1087_t;GeneMark},{GlimmerHMM_glimmerT_1003-T1;GlimmerHMM},{HiQ_model.g876.t1;HiQ},{ev_type:exonerate/ID=match.2566964.1211/Target=lcl|LCTV02000001_1_prot_PRQ77821_1_521;exonerate},{ev_type:exonerate/ID=match.2566964.1197/Target=lcl|PJQD01000048_1_prot_POY72701_1_4599;exonerate},{ev_type:exonerate/ID=match.2566964.1202/Target=lcl|KQ954482_1_prot_KWU44125_1_3537;exonerate}
981139	981050	INTRON			{GeneMark_model.1087_t;GeneMark},{GlimmerHMM_glimmerT_1003-T1;GlimmerHMM},{HiQ_model.g876.t1;HiQ},{ev_type:exonerate/ID=match.2566964.1211/Target=lcl|LCTV02000001_1_prot_PRQ77821_1_521;exonerate},{ev_type:exonerate/ID=match.2566964.1197/Target=lcl|PJQD01000048_1_prot_POY72701_1_4599;exonerate},{ev_type:exonerate/ID=match.2566964.1202/Target=lcl|KQ954482_1_prot_KWU44125_1_3537;exonerate}
981239	981140	initial-	4	4	{GeneMark_model.1087_t;GeneMark},{HiQ_model.g876.t1;HiQ}

# EVM prediction: Mode:STANDARD S-ratio: 3.36 981659-987219 orient(-) score(17947.00) noncoding_equivalent(5342.13) raw_noncoding(6815.96) offset(1473.83)
981723	981659	terminal-	5	6	{Augustus_model.g877.t1;Augustus},{GeneMark_model.1088_t;GeneMark}
981788	981724	INTRON			{Augustus_model.g877.t1;Augustus},{GeneMark_model.1088_t;GeneMark}
981993	981789	internal-	4	4	{Augustus_model.g877.t1;Augustus},{GeneMark_model.1088_t;GeneMark},{GlimmerHMM_glimmerT_1003-T1;GlimmerHMM}
982055	981994	INTRON			{Augustus_model.g877.t1;Augustus},{GeneMark_model.1088_t;GeneMark},{GlimmerHMM_glimmerT_1003-T1;GlimmerHMM}
982174	982056	internal-	5	6	{Augustus_model.g877.t1;Augustus},{GeneMark_model.1088_t;GeneMark},{GlimmerHMM_glimmerT_1003-T1;GlimmerHMM}
982235	982175	INTRON			{Augustus_model.g877.t1;Augustus},{GeneMark_model.1088_t;GeneMark},{GlimmerHMM_glimmerT_1003-T1;GlimmerHMM}
982515	982236	internal-	4	4	{Augustus_model.g877.t1;Augustus},{GeneMark_model.1088_t;GeneMark},{GlimmerHMM_glimmerT_1003-T1;GlimmerHMM}
982578	982516	INTRON			{Augustus_model.g877.t1;Augustus},{GeneMark_model.1088_t;GeneMark}
982696	982579	internal-	6	6	{Augustus_model.g877.t1;Augustus},{GeneMark_model.1088_t;GeneMark}
982756	982697	INTRON			{Augustus_model.g877.t1;Augustus},{GeneMark_model.1088_t;GeneMark}
982833	982757	internal-	4	5	{Augustus_model.g877.t1;Augustus},{GeneMark_model.1088_t;GeneMark}
982893	982834	INTRON			{Augustus_model.g877.t1;Augustus},{GeneMark_model.1088_t;GeneMark}
982932	982894	internal-	4	6	{Augustus_model.g877.t1;Augustus},{GeneMark_model.1088_t;GeneMark}
982988	982933	INTRON			{Augustus_model.g877.t1;Augustus},{GeneMark_model.1088_t;GeneMark}
983278	982989	internal-	5	6	{Augustus_model.g877.t1;Augustus},{GeneMark_model.1088_t;GeneMark},{GlimmerHMM_glimmerT_1003-T1;GlimmerHMM}
983336	983279	INTRON			{Augustus_model.g877.t1;Augustus},{GeneMark_model.1088_t;GeneMark}
983763	983337	internal-	4	4	{Augustus_model.g877.t1;Augustus},{GeneMark_model.1088_t;GeneMark}
983819	983764	INTRON			{Augustus_model.g877.t1;Augustus},{GeneMark_model.1088_t;GeneMark},{GlimmerHMM_glimmerT_1003-T1;GlimmerHMM}
984054	983820	internal-	6	6	{Augustus_model.g877.t1;Augustus},{GeneMark_model.1088_t;GeneMark},{GlimmerHMM_glimmerT_1003-T1;GlimmerHMM}
984119	984055	INTRON			{Augustus_model.g877.t1;Augustus},{GeneMark_model.1088_t;GeneMark},{GlimmerHMM_glimmerT_1003-T1;GlimmerHMM}
984190	984120	internal-	4	5	{Augustus_model.g877.t1;Augustus},{GeneMark_model.1088_t;GeneMark},{GlimmerHMM_glimmerT_1003-T1;GlimmerHMM}
984248	984191	INTRON			{Augustus_model.g877.t1;Augustus},{GeneMark_model.1088_t;GeneMark},{GlimmerHMM_glimmerT_1003-T1;GlimmerHMM}
984643	984249	internal-	5	6	{Augustus_model.g877.t1;Augustus},{GeneMark_model.1088_t;GeneMark},{GlimmerHMM_glimmerT_1003-T1;GlimmerHMM}
984704	984644	INTRON			{Augustus_model.g877.t1;Augustus},{GeneMark_model.1088_t;GeneMark},{GlimmerHMM_glimmerT_1003-T1;GlimmerHMM}
986450	984705	internal-	5	4	{Augustus_model.g877.t1;Augustus},{GeneMark_model.1088_t;GeneMark},{GlimmerHMM_glimmerT_1003-T1;GlimmerHMM}
986513	986451	INTRON			{Augustus_model.g877.t1;Augustus},{GeneMark_model.1088_t;GeneMark},{GlimmerHMM_glimmerT_1003-T1;GlimmerHMM}
986593	986514	internal-	6	4	{Augustus_model.g877.t1;Augustus},{GeneMark_model.1088_t;GeneMark},{GlimmerHMM_glimmerT_1003-T1;GlimmerHMM}
986648	986594	INTRON			{Augustus_model.g877.t1;Augustus},{GeneMark_model.1088_t;GeneMark},{GlimmerHMM_glimmerT_1003-T1;GlimmerHMM}
986694	986649	internal-	5	5	{Augustus_model.g877.t1;Augustus},{GeneMark_model.1088_t;GeneMark},{GlimmerHMM_glimmerT_1003-T1;GlimmerHMM}
986884	986695	INTRON			{Augustus_model.g877.t1;Augustus},{GlimmerHMM_glimmerT_1003-T1;GlimmerHMM}
986971	986885	internal-	5	4	{Augustus_model.g877.t1;Augustus},{GlimmerHMM_glimmerT_1003-T1;GlimmerHMM}
987035	986972	INTRON			{Augustus_model.g877.t1;Augustus},{GeneMark_model.1088_t;GeneMark},{GlimmerHMM_glimmerT_1003-T1;GlimmerHMM}
987219	987036	initial-	4	4	{Augustus_model.g877.t1;Augustus},{GeneMark_model.1088_t;GeneMark},{GlimmerHMM_glimmerT_1003-T1;GlimmerHMM}

# EVM prediction: Mode:STANDARD S-ratio: 4.23 987441-993124 orient(+) score(19742.00) noncoding_equivalent(4668.32) raw_noncoding(5094.00) offset(425.68)
987441	987762	initial+	1	1	{Augustus_model.g878.t1;Augustus},{GlimmerHMM_glimmerT_1004-T1;GlimmerHMM},{GeneMark_model.1089_t;GeneMark}
987763	987818	INTRON			{Augustus_model.g878.t1;Augustus},{GlimmerHMM_glimmerT_1004-T1;GlimmerHMM},{GeneMark_model.1089_t;GeneMark}
987819	987872	internal+	2	1	{Augustus_model.g878.t1;Augustus},{GlimmerHMM_glimmerT_1004-T1;GlimmerHMM},{GeneMark_model.1089_t;GeneMark}
987873	987931	INTRON			{Augustus_model.g878.t1;Augustus},{GlimmerHMM_glimmerT_1004-T1;GlimmerHMM},{GeneMark_model.1089_t;GeneMark}
987932	987950	internal+	2	2	{Augustus_model.g878.t1;Augustus},{GlimmerHMM_glimmerT_1004-T1;GlimmerHMM},{GeneMark_model.1089_t;GeneMark}
987951	988132	INTRON			{snap_scaffold_2-snap.429-T1;snap},{Augustus_model.g878.t1;Augustus},{GlimmerHMM_glimmerT_1004-T1;GlimmerHMM},{GeneMark_model.1089_t;GeneMark}
988133	989267	internal+	3	3	{GeneMark_model.1089_t;GeneMark}
989268	989336	INTRON			{Augustus_model.g878.t1;Augustus},{GeneMark_model.1089_t;GeneMark}
989337	990809	internal+	1	3	{Augustus_model.g878.t1;Augustus},{GeneMark_model.1089_t;GeneMark}
990810	990889	INTRON			{Augustus_model.g878.t1;Augustus},{GlimmerHMM_glimmerT_1004-T1;GlimmerHMM},{GeneMark_model.1089_t;GeneMark}
990890	991765	internal+	1	3	{Augustus_model.g878.t1;Augustus},{GlimmerHMM_glimmerT_1004-T1;GlimmerHMM},{GeneMark_model.1089_t;GeneMark}
991766	991829	INTRON			{Augustus_model.g878.t1;Augustus},{GlimmerHMM_glimmerT_1004-T1;GlimmerHMM},{GeneMark_model.1089_t;GeneMark}
991830	992129	internal+	1	3	{Augustus_model.g878.t1;Augustus},{GlimmerHMM_glimmerT_1004-T1;GlimmerHMM},{GeneMark_model.1089_t;GeneMark}
992130	992187	INTRON			{Augustus_model.g878.t1;Augustus},{GlimmerHMM_glimmerT_1004-T1;GlimmerHMM},{GeneMark_model.1089_t;GeneMark}
992188	992346	internal+	1	3	{Augustus_model.g878.t1;Augustus},{GlimmerHMM_glimmerT_1004-T1;GlimmerHMM},{GeneMark_model.1089_t;GeneMark}
992347	992408	INTRON			{Augustus_model.g878.t1;Augustus},{GlimmerHMM_glimmerT_1004-T1;GlimmerHMM},{GeneMark_model.1089_t;GeneMark}
992409	992578	internal+	1	2	{Augustus_model.g878.t1;Augustus},{GlimmerHMM_glimmerT_1004-T1;GlimmerHMM},{GeneMark_model.1089_t;GeneMark}
992579	992640	INTRON			{Augustus_model.g878.t1;Augustus},{GlimmerHMM_glimmerT_1004-T1;GlimmerHMM},{GeneMark_model.1089_t;GeneMark}
992641	992751	internal+	3	2	{Augustus_model.g878.t1;Augustus},{GlimmerHMM_glimmerT_1004-T1;GlimmerHMM},{GeneMark_model.1089_t;GeneMark}
992752	992808	INTRON			{Augustus_model.g878.t1;Augustus},{GlimmerHMM_glimmerT_1004-T1;GlimmerHMM},{GeneMark_model.1089_t;GeneMark}
992809	993124	terminal+	3	3	{Augustus_model.g878.t1;Augustus},{GlimmerHMM_glimmerT_1004-T1;GlimmerHMM},{GeneMark_model.1089_t;GeneMark}

# EVM prediction: Mode:STANDARD S-ratio: 1.78 993280-995397 orient(-) score(5989.00) noncoding_equivalent(3369.68) raw_noncoding(4440.00) offset(1070.32)
993342	993280	terminal-	4	6	{GeneMark_model.1090_t;GeneMark},{Augustus_model.g879.t1;Augustus},{GlimmerHMM_glimmerT_1005-T1;GlimmerHMM}
993404	993343	INTRON			{GeneMark_model.1090_t;GeneMark},{Augustus_model.g879.t1;Augustus},{GlimmerHMM_glimmerT_1005-T1;GlimmerHMM}
993485	993405	internal-	4	6	{GeneMark_model.1090_t;GeneMark},{Augustus_model.g879.t1;Augustus},{GlimmerHMM_glimmerT_1005-T1;GlimmerHMM}
993572	993486	INTRON			{GeneMark_model.1090_t;GeneMark},{Augustus_model.g879.t1;Augustus},{GlimmerHMM_glimmerT_1005-T1;GlimmerHMM}
993681	993573	internal-	6	6	{GeneMark_model.1090_t;GeneMark},{Augustus_model.g879.t1;Augustus}
993751	993682	INTRON			{GeneMark_model.1090_t;GeneMark},{Augustus_model.g879.t1;Augustus}
993801	993752	internal-	4	5	{GeneMark_model.1090_t;GeneMark},{Augustus_model.g879.t1;Augustus}
993868	993802	INTRON			{GeneMark_model.1090_t;GeneMark},{Augustus_model.g879.t1;Augustus}
994053	993869	internal-	5	6	{GeneMark_model.1090_t;GeneMark},{Augustus_model.g879.t1;Augustus},{GlimmerHMM_glimmerT_1005-T1;GlimmerHMM}
994114	994054	INTRON			{GeneMark_model.1090_t;GeneMark},{Augustus_model.g879.t1;Augustus},{GlimmerHMM_glimmerT_1005-T1;GlimmerHMM}
994211	994115	internal-	4	4	{GeneMark_model.1090_t;GeneMark},{Augustus_model.g879.t1;Augustus},{GlimmerHMM_glimmerT_1005-T1;GlimmerHMM}
994287	994212	INTRON			{GeneMark_model.1090_t;GeneMark},{Augustus_model.g879.t1;Augustus},{GlimmerHMM_glimmerT_1005-T1;GlimmerHMM}
994433	994288	internal-	5	6	{GeneMark_model.1090_t;GeneMark},{Augustus_model.g879.t1;Augustus},{GlimmerHMM_glimmerT_1005-T1;GlimmerHMM}
994509	994434	INTRON			{GeneMark_model.1090_t;GeneMark},{Augustus_model.g879.t1;Augustus},{GlimmerHMM_glimmerT_1005-T1;GlimmerHMM}
994817	994510	internal-	6	4	{GeneMark_model.1090_t;GeneMark},{Augustus_model.g879.t1;Augustus},{GlimmerHMM_glimmerT_1005-T1;GlimmerHMM}
994912	994818	INTRON			{GeneMark_model.1090_t;GeneMark},{Augustus_model.g879.t1;Augustus},{GlimmerHMM_glimmerT_1005-T1;GlimmerHMM}
995042	994913	internal-	5	5	{GeneMark_model.1090_t;GeneMark},{Augustus_model.g879.t1;Augustus},{GlimmerHMM_glimmerT_1005-T1;GlimmerHMM}
995204	995043	INTRON			{Augustus_model.g879.t1;Augustus},{GlimmerHMM_glimmerT_1005-T1;GlimmerHMM}
995397	995205	initial-	4	4	{GeneMark_model.1090_t;GeneMark},{Augustus_model.g879.t1;Augustus},{GlimmerHMM_glimmerT_1005-T1;GlimmerHMM}

# EVM prediction: Mode:STANDARD S-ratio: 3.00 995672-996477 orient(-) score(4830.00) noncoding_equivalent(1612.00) raw_noncoding(2540.00) offset(928.00)
995704	995672	terminal-	4	6	{HiQ_model.g880.t1;HiQ},{GeneMark_model.1091_t;GeneMark},{GlimmerHMM_glimmerT_1006-T1;GlimmerHMM}
995786	995705	INTRON			{HiQ_model.g880.t1;HiQ},{GeneMark_model.1091_t;GeneMark},{GlimmerHMM_glimmerT_1006-T1;GlimmerHMM},{ev_type:exonerate/ID=match.2566964.1363/Target=lcl|PJQD01000048_1_prot_POY72697_1_4595;exonerate},{ev_type:exonerate/ID=match.2566964.1362/Target=lcl|KQ954482_1_prot_KWU44129_1_3541;exonerate}
995936	995787	internal-	4	6	{HiQ_model.g880.t1;HiQ},{GeneMark_model.1091_t;GeneMark},{GlimmerHMM_glimmerT_1006-T1;GlimmerHMM},{ev_type:exonerate/ID=match.2566964.1363/Target=lcl|PJQD01000048_1_prot_POY72697_1_4595;exonerate},{ev_type:exonerate/ID=match.2566964.1362/Target=lcl|KQ954482_1_prot_KWU44129_1_3541;exonerate}
996005	995937	INTRON			{HiQ_model.g880.t1;HiQ},{GeneMark_model.1091_t;GeneMark},{GlimmerHMM_glimmerT_1006-T1;GlimmerHMM},{ev_type:exonerate/ID=match.2566964.1363/Target=lcl|PJQD01000048_1_prot_POY72697_1_4595;exonerate},{ev_type:exonerate/ID=match.2566964.1362/Target=lcl|KQ954482_1_prot_KWU44129_1_3541;exonerate}
996085	996006	internal-	5	6	{HiQ_model.g880.t1;HiQ},{GeneMark_model.1091_t;GeneMark},{GlimmerHMM_glimmerT_1006-T1;GlimmerHMM},{ev_type:exonerate/ID=match.2566964.1363/Target=lcl|PJQD01000048_1_prot_POY72697_1_4595;exonerate},{ev_type:exonerate/ID=match.2566964.1362/Target=lcl|KQ954482_1_prot_KWU44129_1_3541;exonerate}
996398	996086	INTRON			{HiQ_model.g880.t1;HiQ},{GeneMark_model.1091_t;GeneMark},{GlimmerHMM_glimmerT_1006-T1;GlimmerHMM},{ev_type:exonerate/ID=match.2566964.1363/Target=lcl|PJQD01000048_1_prot_POY72697_1_4595;exonerate},{ev_type:exonerate/ID=match.2566964.1362/Target=lcl|KQ954482_1_prot_KWU44129_1_3541;exonerate}
996477	996399	initial-	4	4	{HiQ_model.g880.t1;HiQ},{GeneMark_model.1091_t;GeneMark},{GlimmerHMM_glimmerT_1006-T1;GlimmerHMM}

# EVM prediction: Mode:STANDARD S-ratio: 3.43 997134-1000605 orient(-) score(14610.00) noncoding_equivalent(4261.92) raw_noncoding(5479.33) offset(1217.41)
997266	997134	terminal-	6	6	{Augustus_model.g881.t1;Augustus},{GeneMark_model.1092_t;GeneMark},{GlimmerHMM_glimmerT_1007-T1;GlimmerHMM}
997343	997267	INTRON			{Augustus_model.g881.t1;Augustus},{GeneMark_model.1092_t;GeneMark},{GlimmerHMM_glimmerT_1007-T1;GlimmerHMM},{ev_type:exonerate/ID=match.2566964.1154/Target=lcl|LCTV02000001_1_prot_PRQ77801_1_501;exonerate},{ev_type:exonerate/ID=match.2566964.1153/Target=lcl|KQ954482_1_prot_KWU44130_1_3542;exonerate}
997440	997344	internal-	5	5	{Augustus_model.g881.t1;Augustus},{GeneMark_model.1092_t;GeneMark},{GlimmerHMM_glimmerT_1007-T1;GlimmerHMM},{ev_type:exonerate/ID=match.2566964.1154/Target=lcl|LCTV02000001_1_prot_PRQ77801_1_501;exonerate},{ev_type:exonerate/ID=match.2566964.1153/Target=lcl|KQ954482_1_prot_KWU44130_1_3542;exonerate}
997505	997441	INTRON			{Augustus_model.g881.t1;Augustus},{GeneMark_model.1092_t;GeneMark},{GlimmerHMM_glimmerT_1007-T1;GlimmerHMM},{ev_type:exonerate/ID=match.2566964.1154/Target=lcl|LCTV02000001_1_prot_PRQ77801_1_501;exonerate},{ev_type:exonerate/ID=match.2566964.1153/Target=lcl|KQ954482_1_prot_KWU44130_1_3542;exonerate}
997582	997506	internal-	6	4	{Augustus_model.g881.t1;Augustus},{GeneMark_model.1092_t;GeneMark},{GlimmerHMM_glimmerT_1007-T1;GlimmerHMM},{ev_type:exonerate/ID=match.2566964.1154/Target=lcl|LCTV02000001_1_prot_PRQ77801_1_501;exonerate},{ev_type:exonerate/ID=match.2566964.1153/Target=lcl|KQ954482_1_prot_KWU44130_1_3542;exonerate}
997647	997583	INTRON			{Augustus_model.g881.t1;Augustus},{GeneMark_model.1092_t;GeneMark},{GlimmerHMM_glimmerT_1007-T1;GlimmerHMM},{ev_type:exonerate/ID=match.2566964.1154/Target=lcl|LCTV02000001_1_prot_PRQ77801_1_501;exonerate},{ev_type:exonerate/ID=match.2566964.1153/Target=lcl|KQ954482_1_prot_KWU44130_1_3542;exonerate}
997868	997648	internal-	4	5	{Augustus_model.g881.t1;Augustus},{GeneMark_model.1092_t;GeneMark},{GlimmerHMM_glimmerT_1007-T1;GlimmerHMM},{ev_type:exonerate/ID=match.2566964.1154/Target=lcl|LCTV02000001_1_prot_PRQ77801_1_501;exonerate},{ev_type:exonerate/ID=match.2566964.1153/Target=lcl|KQ954482_1_prot_KWU44130_1_3542;exonerate}
997935	997869	INTRON			{Augustus_model.g881.t1;Augustus},{GeneMark_model.1092_t;GeneMark},{GlimmerHMM_glimmerT_1007-T1;GlimmerHMM},{ev_type:exonerate/ID=match.2566964.1154/Target=lcl|LCTV02000001_1_prot_PRQ77801_1_501;exonerate},{ev_type:exonerate/ID=match.2566964.1153/Target=lcl|KQ954482_1_prot_KWU44130_1_3542;exonerate}
998048	997936	internal-	5	6	{Augustus_model.g881.t1;Augustus},{GeneMark_model.1092_t;GeneMark},{GlimmerHMM_glimmerT_1007-T1;GlimmerHMM},{ev_type:exonerate/ID=match.2566964.1154/Target=lcl|LCTV02000001_1_prot_PRQ77801_1_501;exonerate},{ev_type:exonerate/ID=match.2566964.1153/Target=lcl|KQ954482_1_prot_KWU44130_1_3542;exonerate}
998104	998049	INTRON			{Augustus_model.g881.t1;Augustus},{GeneMark_model.1092_t;GeneMark},{GlimmerHMM_glimmerT_1007-T1;GlimmerHMM},{ev_type:exonerate/ID=match.2566964.1154/Target=lcl|LCTV02000001_1_prot_PRQ77801_1_501;exonerate},{ev_type:exonerate/ID=match.2566964.1153/Target=lcl|KQ954482_1_prot_KWU44130_1_3542;exonerate}
998228	998105	internal-	4	4	{Augustus_model.g881.t1;Augustus},{GeneMark_model.1092_t;GeneMark},{GlimmerHMM_glimmerT_1007-T1;GlimmerHMM},{ev_type:exonerate/ID=match.2566964.1154/Target=lcl|LCTV02000001_1_prot_PRQ77801_1_501;exonerate},{ev_type:exonerate/ID=match.2566964.1153/Target=lcl|KQ954482_1_prot_KWU44130_1_3542;exonerate}
998307	998229	INTRON			{Augustus_model.g881.t1;Augustus},{GeneMark_model.1092_t;GeneMark},{GlimmerHMM_glimmerT_1007-T1;GlimmerHMM},{ev_type:exonerate/ID=match.2566964.1154/Target=lcl|LCTV02000001_1_prot_PRQ77801_1_501;exonerate},{ev_type:exonerate/ID=match.2566964.1153/Target=lcl|KQ954482_1_prot_KWU44130_1_3542;exonerate}
998508	998308	internal-	4	6	{Augustus_model.g881.t1;Augustus},{GeneMark_model.1092_t;GeneMark},{GlimmerHMM_glimmerT_1007-T1;GlimmerHMM},{ev_type:exonerate/ID=match.2566964.1154/Target=lcl|LCTV02000001_1_prot_PRQ77801_1_501;exonerate},{ev_type:exonerate/ID=match.2566964.1153/Target=lcl|KQ954482_1_prot_KWU44130_1_3542;exonerate}
998579	998509	INTRON			{Augustus_model.g881.t1;Augustus},{GeneMark_model.1092_t;GeneMark},{GlimmerHMM_glimmerT_1007-T1;GlimmerHMM},{ev_type:exonerate/ID=match.2566964.1154/Target=lcl|LCTV02000001_1_prot_PRQ77801_1_501;exonerate},{ev_type:exonerate/ID=match.2566964.1153/Target=lcl|KQ954482_1_prot_KWU44130_1_3542;exonerate}
998974	998580	internal-	5	6	{Augustus_model.g881.t1;Augustus},{GeneMark_model.1092_t;GeneMark},{GlimmerHMM_glimmerT_1007-T1;GlimmerHMM},{ev_type:exonerate/ID=match.2566964.1154/Target=lcl|LCTV02000001_1_prot_PRQ77801_1_501;exonerate}
999039	998975	INTRON			{Augustus_model.g881.t1;Augustus},{GeneMark_model.1092_t;GeneMark},{GlimmerHMM_glimmerT_1007-T1;GlimmerHMM},{ev_type:exonerate/ID=match.2566964.1154/Target=lcl|LCTV02000001_1_prot_PRQ77801_1_501;exonerate}
999094	999040	internal-	4	4	{Augustus_model.g881.t1;Augustus},{GeneMark_model.1092_t;GeneMark},{GlimmerHMM_glimmerT_1007-T1;GlimmerHMM}
999170	999095	INTRON			{Augustus_model.g881.t1;Augustus},{GeneMark_model.1092_t;GeneMark}
999242	999171	internal-	4	6	{Augustus_model.g881.t1;Augustus},{GeneMark_model.1092_t;GeneMark}
999482	999243	INTRON			{Augustus_model.g881.t1;Augustus},{GeneMark_model.1092_t;GeneMark}
999908	999483	internal-	4	6	{Augustus_model.g881.t1;Augustus},{GeneMark_model.1092_t;GeneMark},{GlimmerHMM_glimmerT_1007-T1;GlimmerHMM}
999965	999909	INTRON			{Augustus_model.g881.t1;Augustus},{GeneMark_model.1092_t;GeneMark},{GlimmerHMM_glimmerT_1007-T1;GlimmerHMM}
1000370	999966	internal-	4	6	{Augustus_model.g881.t1;Augustus},{GeneMark_model.1092_t;GeneMark},{GlimmerHMM_glimmerT_1007-T1;GlimmerHMM}
1000437	1000371	INTRON			{Augustus_model.g881.t1;Augustus},{GeneMark_model.1092_t;GeneMark},{GlimmerHMM_glimmerT_1007-T1;GlimmerHMM}
1000605	1000438	initial-	4	6	{GeneMark_model.1092_t;GeneMark},{GlimmerHMM_glimmerT_1007-T1;GlimmerHMM}

# EVM prediction: Mode:STANDARD S-ratio: 3.94 1000873-1003932 orient(-) score(9867.00) noncoding_equivalent(2507.42) raw_noncoding(2539.42) offset(32.00)
1001414	1000873	terminal-	5	6	{GlimmerHMM_glimmerT_1008-T1;GlimmerHMM},{GeneMark_model.1093_t;GeneMark}
1001483	1001415	INTRON			{Augustus_model.g881.t1;Augustus},{GlimmerHMM_glimmerT_1008-T1;GlimmerHMM},{GeneMark_model.1093_t;GeneMark}
1003932	1001484	initial-	4	4	{Augustus_model.g881.t1;Augustus}

# EVM prediction: Mode:STANDARD S-ratio: 9.07 1005606-1006385 orient(+) score(2809.00) noncoding_equivalent(309.75) raw_noncoding(309.75) offset(0.00)
1005606	1006385	single+	1	3	{GeneMark_model.1094_t;GeneMark}

# EVM prediction: Mode:STANDARD S-ratio: 3.00 1007119-1007592 orient(+) score(1422.00) noncoding_equivalent(474.00) raw_noncoding(474.00) offset(0.00)
1007119	1007592	single+	1	3	{Augustus_model.g883.t1;Augustus},{GeneMark_model.1095_t;GeneMark}

# EVM prediction: Mode:STANDARD S-ratio: 1.47 1007984-1008705 orient(-) score(1805.00) noncoding_equivalent(1229.66) raw_noncoding(1805.00) offset(575.34)
1008018	1007984	terminal-	5	6	{GeneMark_model.1096_t;GeneMark},{GlimmerHMM_glimmerT_1010-T1;GlimmerHMM},{Augustus_model.g884.t1;Augustus}
1008094	1008019	INTRON			{GeneMark_model.1096_t;GeneMark},{GlimmerHMM_glimmerT_1010-T1;GlimmerHMM},{Augustus_model.g884.t1;Augustus}
1008210	1008095	internal-	6	4	{GeneMark_model.1096_t;GeneMark},{GlimmerHMM_glimmerT_1010-T1;GlimmerHMM},{Augustus_model.g884.t1;Augustus}
1008282	1008211	INTRON			{GeneMark_model.1096_t;GeneMark},{Augustus_model.g884.t1;Augustus}
1008345	1008283	internal-	6	5	{GeneMark_model.1096_t;GeneMark},{Augustus_model.g884.t1;Augustus}
1008456	1008346	INTRON			{GeneMark_model.1096_t;GeneMark},{Augustus_model.g884.t1;Augustus}
1008507	1008457	internal-	6	5	{GeneMark_model.1096_t;GeneMark},{Augustus_model.g884.t1;Augustus}
1008571	1008508	INTRON			{GeneMark_model.1096_t;GeneMark},{Augustus_model.g884.t1;Augustus}
1008705	1008572	initial-	4	5	{GeneMark_model.1096_t;GeneMark},{GlimmerHMM_glimmerT_1010-T1;GlimmerHMM},{Augustus_model.g884.t1;Augustus}

# EVM prediction: Mode:STANDARD S-ratio: 3.01 1009224-1011835 orient(+) score(8495.00) noncoding_equivalent(2824.95) raw_noncoding(3222.00) offset(397.05)
1009224	1009226	initial+	1	3	{GeneMark_model.1097_t;GeneMark},{GlimmerHMM_glimmerT_1011-T1;GlimmerHMM},{Augustus_model.g885.t1;Augustus}
1009227	1009309	INTRON			{snap_scaffold_2-snap.436-T1;snap},{GeneMark_model.1097_t;GeneMark},{Augustus_model.g885.t1;Augustus}
1009310	1009689	internal+	1	2	{GeneMark_model.1097_t;GeneMark},{Augustus_model.g885.t1;Augustus}
1009690	1009772	INTRON			{GeneMark_model.1097_t;GeneMark},{GlimmerHMM_glimmerT_1011-T1;GlimmerHMM},{Augustus_model.g885.t1;Augustus}
1009773	1009949	internal+	3	2	{GeneMark_model.1097_t;GeneMark},{GlimmerHMM_glimmerT_1011-T1;GlimmerHMM},{Augustus_model.g885.t1;Augustus}
1009950	1010021	INTRON			{GeneMark_model.1097_t;GeneMark},{GlimmerHMM_glimmerT_1011-T1;GlimmerHMM},{Augustus_model.g885.t1;Augustus}
1010022	1010327	internal+	3	2	{GeneMark_model.1097_t;GeneMark},{GlimmerHMM_glimmerT_1011-T1;GlimmerHMM},{Augustus_model.g885.t1;Augustus}
1010328	1010391	INTRON			{GeneMark_model.1097_t;GeneMark},{GlimmerHMM_glimmerT_1011-T1;GlimmerHMM},{Augustus_model.g885.t1;Augustus}
1010392	1010518	internal+	3	3	{GlimmerHMM_glimmerT_1011-T1;GlimmerHMM},{Augustus_model.g885.t1;Augustus}
1010519	1010565	INTRON			{GlimmerHMM_glimmerT_1011-T1;GlimmerHMM},{Augustus_model.g885.t1;Augustus}
1010566	1011120	internal+	1	3	{GeneMark_model.1097_t;GeneMark},{GlimmerHMM_glimmerT_1011-T1;GlimmerHMM},{Augustus_model.g885.t1;Augustus}
1011121	1011190	INTRON			{GeneMark_model.1097_t;GeneMark},{GlimmerHMM_glimmerT_1011-T1;GlimmerHMM},{Augustus_model.g885.t1;Augustus}
1011191	1011527	internal+	1	1	{GeneMark_model.1097_t;GeneMark},{GlimmerHMM_glimmerT_1011-T1;GlimmerHMM},{Augustus_model.g885.t1;Augustus}
1011528	1011605	INTRON			{GeneMark_model.1097_t;GeneMark},{GlimmerHMM_glimmerT_1011-T1;GlimmerHMM},{Augustus_model.g885.t1;Augustus}
1011606	1011835	terminal+	2	3	{GeneMark_model.1097_t;GeneMark},{GlimmerHMM_glimmerT_1011-T1;GlimmerHMM},{Augustus_model.g885.t1;Augustus}

# EVM prediction: Mode:STANDARD S-ratio: 4.13 1012048-1013893 orient(-) score(11614.00) noncoding_equivalent(2811.32) raw_noncoding(3610.00) offset(798.68)
1012247	1012048	terminal-	5	6	{HiQ_model.g886.t1;HiQ},{GeneMark_model.1098_t;GeneMark},{GlimmerHMM_glimmerT_1012-T1;GlimmerHMM}
1012318	1012248	INTRON			{HiQ_model.g886.t1;HiQ},{GeneMark_model.1098_t;GeneMark},{GlimmerHMM_glimmerT_1012-T1;GlimmerHMM},{ev_type:exonerate/ID=match.2566964.1150/Target=lcl|PJQD01000048_1_prot_POY72507_1_4405;exonerate}
1012356	1012319	internal-	6	4	{HiQ_model.g886.t1;HiQ},{GeneMark_model.1098_t;GeneMark},{GlimmerHMM_glimmerT_1012-T1;GlimmerHMM},{ev_type:exonerate/ID=match.2566964.1150/Target=lcl|PJQD01000048_1_prot_POY72507_1_4405;exonerate}
1012425	1012357	INTRON			{HiQ_model.g886.t1;HiQ},{GeneMark_model.1098_t;GeneMark},{GlimmerHMM_glimmerT_1012-T1;GlimmerHMM},{ev_type:exonerate/ID=match.2566964.1150/Target=lcl|PJQD01000048_1_prot_POY72507_1_4405;exonerate}
1012781	1012426	internal-	4	5	{HiQ_model.g886.t1;HiQ},{GeneMark_model.1098_t;GeneMark},{GlimmerHMM_glimmerT_1012-T1;GlimmerHMM},{ev_type:exonerate/ID=match.2566964.1177/Target=lcl|BJWK01000002_1_prot_GEM07042_1_1059;exonerate},{ev_type:exonerate/ID=match.2566964.1150/Target=lcl|PJQD01000048_1_prot_POY72507_1_4405;exonerate}
1012850	1012782	INTRON			{HiQ_model.g886.t1;HiQ},{snap_scaffold_2-snap.438-T1;snap},{GeneMark_model.1098_t;GeneMark},{GlimmerHMM_glimmerT_1012-T1;GlimmerHMM},{ev_type:exonerate/ID=match.2566964.1177/Target=lcl|BJWK01000002_1_prot_GEM07042_1_1059;exonerate},{ev_type:exonerate/ID=match.2566964.1150/Target=lcl|PJQD01000048_1_prot_POY72507_1_4405;exonerate}
1012916	1012851	internal-	4	6	{HiQ_model.g886.t1;HiQ},{GeneMark_model.1098_t;GeneMark},{GlimmerHMM_glimmerT_1012-T1;GlimmerHMM},{ev_type:exonerate/ID=match.2566964.1177/Target=lcl|BJWK01000002_1_prot_GEM07042_1_1059;exonerate},{ev_type:exonerate/ID=match.2566964.1150/Target=lcl|PJQD01000048_1_prot_POY72507_1_4405;exonerate}
1012984	1012917	INTRON			{HiQ_model.g886.t1;HiQ},{GeneMark_model.1098_t;GeneMark},{GlimmerHMM_glimmerT_1012-T1;GlimmerHMM},{ev_type:exonerate/ID=match.2566964.1177/Target=lcl|BJWK01000002_1_prot_GEM07042_1_1059;exonerate},{ev_type:exonerate/ID=match.2566964.1150/Target=lcl|PJQD01000048_1_prot_POY72507_1_4405;exonerate}
1013234	1012985	internal-	6	6	{HiQ_model.g886.t1;HiQ},{GeneMark_model.1098_t;GeneMark},{GlimmerHMM_glimmerT_1012-T1;GlimmerHMM},{ev_type:exonerate/ID=match.2566964.1177/Target=lcl|BJWK01000002_1_prot_GEM07042_1_1059;exonerate},{ev_type:exonerate/ID=match.2566964.1150/Target=lcl|PJQD01000048_1_prot_POY72507_1_4405;exonerate}
1013305	1013235	INTRON			{HiQ_model.g886.t1;HiQ},{GeneMark_model.1098_t;GeneMark},{ev_type:exonerate/ID=match.2566964.1177/Target=lcl|BJWK01000002_1_prot_GEM07042_1_1059;exonerate},{ev_type:exonerate/ID=match.2566964.1150/Target=lcl|PJQD01000048_1_prot_POY72507_1_4405;exonerate}
1013332	1013306	internal-	6	5	{HiQ_model.g886.t1;HiQ},{GeneMark_model.1098_t;GeneMark},{ev_type:exonerate/ID=match.2566964.1177/Target=lcl|BJWK01000002_1_prot_GEM07042_1_1059;exonerate},{ev_type:exonerate/ID=match.2566964.1150/Target=lcl|PJQD01000048_1_prot_POY72507_1_4405;exonerate}
1013402	1013333	INTRON			{HiQ_model.g886.t1;HiQ},{GeneMark_model.1098_t;GeneMark},{ev_type:exonerate/ID=match.2566964.1177/Target=lcl|BJWK01000002_1_prot_GEM07042_1_1059;exonerate},{ev_type:exonerate/ID=match.2566964.1150/Target=lcl|PJQD01000048_1_prot_POY72507_1_4405;exonerate}
1013515	1013403	internal-	4	5	{HiQ_model.g886.t1;HiQ},{GeneMark_model.1098_t;GeneMark},{GlimmerHMM_glimmerT_1012-T1;GlimmerHMM},{ev_type:exonerate/ID=match.2566964.1177/Target=lcl|BJWK01000002_1_prot_GEM07042_1_1059;exonerate},{ev_type:exonerate/ID=match.2566964.1150/Target=lcl|PJQD01000048_1_prot_POY72507_1_4405;exonerate}
1013578	1013516	INTRON			{HiQ_model.g886.t1;HiQ},{GeneMark_model.1098_t;GeneMark},{GlimmerHMM_glimmerT_1012-T1;GlimmerHMM},{ev_type:exonerate/ID=match.2566964.1177/Target=lcl|BJWK01000002_1_prot_GEM07042_1_1059;exonerate},{ev_type:exonerate/ID=match.2566964.1150/Target=lcl|PJQD01000048_1_prot_POY72507_1_4405;exonerate}
1013893	1013579	initial-	4	6	{HiQ_model.g886.t1;HiQ}

# EVM prediction: Mode:STANDARD S-ratio: 1.86 1015448-1017591 orient(+) score(6018.00) noncoding_equivalent(3238.78) raw_noncoding(4487.00) offset(1248.22)
1015448	1015620	initial+	1	2	{Augustus_model.g887.t1;Augustus},{GlimmerHMM_glimmerT_1013-T1;GlimmerHMM},{GeneMark_model.1099_t;GeneMark}
1015621	1015689	INTRON			{Augustus_model.g887.t1;Augustus},{GlimmerHMM_glimmerT_1013-T1;GlimmerHMM},{GeneMark_model.1099_t;GeneMark}
1015690	1015702	internal+	3	3	{Augustus_model.g887.t1;Augustus},{GeneMark_model.1099_t;GeneMark}
1015703	1015786	INTRON			{Augustus_model.g887.t1;Augustus},{GeneMark_model.1099_t;GeneMark}
1015787	1015901	internal+	1	1	{Augustus_model.g887.t1;Augustus},{GeneMark_model.1099_t;GeneMark}
1015902	1015960	INTRON			{Augustus_model.g887.t1;Augustus},{GeneMark_model.1099_t;GeneMark}
1015961	1015992	internal+	2	3	{Augustus_model.g887.t1;Augustus},{GeneMark_model.1099_t;GeneMark}
1015993	1016053	INTRON			{Augustus_model.g887.t1;Augustus},{GeneMark_model.1099_t;GeneMark}
1016054	1016232	internal+	1	2	{Augustus_model.g887.t1;Augustus},{GeneMark_model.1099_t;GeneMark}
1016233	1016296	INTRON			{Augustus_model.g887.t1;Augustus},{GlimmerHMM_glimmerT_1013-T1;GlimmerHMM},{GeneMark_model.1099_t;GeneMark}
1016297	1016404	internal+	3	2	{Augustus_model.g887.t1;Augustus},{GlimmerHMM_glimmerT_1013-T1;GlimmerHMM},{GeneMark_model.1099_t;GeneMark}
1016405	1016539	INTRON			{Augustus_model.g887.t1;Augustus},{GlimmerHMM_glimmerT_1013-T1;GlimmerHMM}
1016540	1016775	internal+	3	1	{Augustus_model.g887.t1;Augustus},{GlimmerHMM_glimmerT_1013-T1;GlimmerHMM}
1016776	1016837	INTRON			{Augustus_model.g887.t1;Augustus},{GlimmerHMM_glimmerT_1013-T1;GlimmerHMM},{GeneMark_model.1100_t;GeneMark}
1016838	1016917	internal+	2	3	{Augustus_model.g887.t1;Augustus},{GlimmerHMM_glimmerT_1013-T1;GlimmerHMM},{GeneMark_model.1100_t;GeneMark}
1016918	1016991	INTRON			{Augustus_model.g887.t1;Augustus},{GlimmerHMM_glimmerT_1013-T1;GlimmerHMM},{GeneMark_model.1100_t;GeneMark}
1016992	1017069	internal+	1	3	{Augustus_model.g887.t1;Augustus},{GlimmerHMM_glimmerT_1013-T1;GlimmerHMM},{GeneMark_model.1100_t;GeneMark}
1017070	1017136	INTRON			{Augustus_model.g887.t1;Augustus},{GlimmerHMM_glimmerT_1013-T1;GlimmerHMM},{GeneMark_model.1100_t;GeneMark}
1017137	1017212	internal+	1	1	{Augustus_model.g887.t1;Augustus},{GlimmerHMM_glimmerT_1013-T1;GlimmerHMM},{GeneMark_model.1100_t;GeneMark}
1017213	1017274	INTRON			{Augustus_model.g887.t1;Augustus},{GlimmerHMM_glimmerT_1013-T1;GlimmerHMM},{GeneMark_model.1100_t;GeneMark}
1017275	1017379	internal+	2	1	{Augustus_model.g887.t1;Augustus},{GeneMark_model.1100_t;GeneMark}
1017380	1017458	INTRON			{Augustus_model.g887.t1;Augustus},{GeneMark_model.1100_t;GeneMark}
1017459	1017484	internal+	2	3	{GeneMark_model.1100_t;GeneMark}
1017485	1017528	INTRON			{GeneMark_model.1100_t;GeneMark}
1017529	1017591	terminal+	1	3	{Augustus_model.g887.t1;Augustus},{GlimmerHMM_glimmerT_1013-T1;GlimmerHMM},{GeneMark_model.1100_t;GeneMark}

# EVM prediction: Mode:STANDARD S-ratio: 2.17 1018085-1019676 orient(+) score(4635.00) noncoding_equivalent(2134.56) raw_noncoding(2753.00) offset(618.44)
1018085	1018338	initial+	1	2	{Augustus_model.g888.t1;Augustus},{GlimmerHMM_glimmerT_1014-T1;GlimmerHMM},{GeneMark_model.1101_t;GeneMark}
1018339	1018404	INTRON			{Augustus_model.g888.t1;Augustus},{GlimmerHMM_glimmerT_1014-T1;GlimmerHMM},{GeneMark_model.1101_t;GeneMark}
1018405	1018723	internal+	3	3	{Augustus_model.g888.t1;Augustus},{GlimmerHMM_glimmerT_1014-T1;GlimmerHMM},{GeneMark_model.1101_t;GeneMark}
1018724	1018789	INTRON			{Augustus_model.g888.t1;Augustus},{GlimmerHMM_glimmerT_1014-T1;GlimmerHMM},{GeneMark_model.1101_t;GeneMark}
1018790	1018860	internal+	1	2	{Augustus_model.g888.t1;Augustus},{GlimmerHMM_glimmerT_1014-T1;GlimmerHMM},{GeneMark_model.1101_t;GeneMark}
1018861	1018926	INTRON			{Augustus_model.g888.t1;Augustus},{GeneMark_model.1101_t;GeneMark}
1018927	1018965	internal+	3	2	{Augustus_model.g888.t1;Augustus},{GeneMark_model.1101_t;GeneMark}
1018966	1019026	INTRON			{Augustus_model.g888.t1;Augustus},{GeneMark_model.1101_t;GeneMark}
1019027	1019095	internal+	3	2	{Augustus_model.g888.t1;Augustus},{GeneMark_model.1101_t;GeneMark}
1019096	1019151	INTRON			{Augustus_model.g888.t1;Augustus},{GeneMark_model.1101_t;GeneMark}
1019152	1019204	internal+	3	1	{Augustus_model.g888.t1;Augustus},{GeneMark_model.1101_t;GeneMark}
1019205	1019285	INTRON			{Augustus_model.g888.t1;Augustus},{GeneMark_model.1101_t;GeneMark}
1019286	1019512	internal+	2	3	{Augustus_model.g888.t1;Augustus},{GeneMark_model.1101_t;GeneMark}
1019513	1019589	INTRON			{Augustus_model.g888.t1;Augustus},{GlimmerHMM_glimmerT_1014-T1;GlimmerHMM},{GeneMark_model.1101_t;GeneMark}
1019590	1019676	terminal+	1	3	{Augustus_model.g888.t1;Augustus},{GlimmerHMM_glimmerT_1014-T1;GlimmerHMM},{GeneMark_model.1101_t;GeneMark}

# EVM prediction: Mode:STANDARD S-ratio: 3.58 1019836-1023322 orient(-) score(11191.00) noncoding_equivalent(3122.26) raw_noncoding(4246.00) offset(1123.74)
1020553	1019836	terminal-	6	6	{GlimmerHMM_glimmerT_1015-T1;GlimmerHMM},{Augustus_model.g889.t1;Augustus},{snap_scaffold_2-snap.442-T1;snap},{GeneMark_model.1102_t;GeneMark}
1020622	1020554	INTRON			{GlimmerHMM_glimmerT_1015-T1;GlimmerHMM},{Augustus_model.g889.t1;Augustus},{GeneMark_model.1102_t;GeneMark}
1020807	1020623	internal-	4	5	{GlimmerHMM_glimmerT_1015-T1;GlimmerHMM},{Augustus_model.g889.t1;Augustus},{GeneMark_model.1102_t;GeneMark}
1020870	1020808	INTRON			{GlimmerHMM_glimmerT_1015-T1;GlimmerHMM},{Augustus_model.g889.t1;Augustus},{GeneMark_model.1102_t;GeneMark}
1020943	1020871	internal-	6	6	{GlimmerHMM_glimmerT_1015-T1;GlimmerHMM},{Augustus_model.g889.t1;Augustus},{GeneMark_model.1102_t;GeneMark}
1021002	1020944	INTRON			{GlimmerHMM_glimmerT_1015-T1;GlimmerHMM},{Augustus_model.g889.t1;Augustus},{GeneMark_model.1102_t;GeneMark}
1021231	1021003	internal-	5	5	{Augustus_model.g889.t1;Augustus},{GeneMark_model.1102_t;GeneMark}
1021301	1021232	INTRON			{Augustus_model.g889.t1;Augustus},{GeneMark_model.1102_t;GeneMark}
1021366	1021302	internal-	6	4	{Augustus_model.g889.t1;Augustus},{GeneMark_model.1102_t;GeneMark}
1021419	1021367	INTRON			{Augustus_model.g889.t1;Augustus},{GeneMark_model.1102_t;GeneMark}
1021477	1021420	internal-	5	5	{Augustus_model.g889.t1;Augustus},{GeneMark_model.1102_t;GeneMark}
1021536	1021478	INTRON			{Augustus_model.g889.t1;Augustus},{GeneMark_model.1102_t;GeneMark}
1021711	1021537	internal-	4	4	{Augustus_model.g889.t1;Augustus},{GeneMark_model.1102_t;GeneMark}
1021782	1021712	INTRON			{Augustus_model.g889.t1;Augustus},{GeneMark_model.1102_t;GeneMark}
1022739	1021783	internal-	4	6	{GlimmerHMM_glimmerT_1015-T1;GlimmerHMM},{Augustus_model.g889.t1;Augustus},{GeneMark_model.1102_t;GeneMark}
1022806	1022740	INTRON			{Augustus_model.g889.t1;Augustus},{GeneMark_model.1102_t;GeneMark}
1022879	1022807	internal-	6	6	{Augustus_model.g889.t1;Augustus},{GeneMark_model.1102_t;GeneMark}
1022944	1022880	INTRON			{Augustus_model.g889.t1;Augustus},{GeneMark_model.1102_t;GeneMark}
1022991	1022945	internal-	4	5	{Augustus_model.g889.t1;Augustus},{GeneMark_model.1102_t;GeneMark}
1023085	1022992	INTRON			{Augustus_model.g889.t1;Augustus},{GeneMark_model.1102_t;GeneMark}
1023322	1023086	initial-	4	6	{Augustus_model.g889.t1;Augustus}

# EVM prediction: Mode:STANDARD S-ratio: 5.58 1023871-1025178 orient(-) score(7761.00) noncoding_equivalent(1390.84) raw_noncoding(1390.84) offset(0.00)
1025178	1023871	single-	4	6	{GeneMark_model.1103_t;GeneMark},{HiQ_model.g890.t1;HiQ}

# EVM prediction: Mode:STANDARD S-ratio: 1.87 1025590-1028811 orient(-) score(9244.00) noncoding_equivalent(4955.18) raw_noncoding(6632.36) offset(1677.17)
1025665	1025590	terminal-	6	6	{Augustus_model.g891.t1;Augustus},{GeneMark_model.1104_t;GeneMark},{GlimmerHMM_glimmerT_1016-T1;GlimmerHMM}
1025728	1025666	INTRON			{Augustus_model.g891.t1;Augustus},{GeneMark_model.1104_t;GeneMark},{GlimmerHMM_glimmerT_1016-T1;GlimmerHMM}
1025771	1025729	internal-	5	5	{Augustus_model.g891.t1;Augustus},{GeneMark_model.1104_t;GeneMark},{GlimmerHMM_glimmerT_1016-T1;GlimmerHMM}
1025836	1025772	INTRON			{Augustus_model.g891.t1;Augustus},{GeneMark_model.1104_t;GeneMark},{GlimmerHMM_glimmerT_1016-T1;GlimmerHMM}
1025923	1025837	internal-	5	4	{Augustus_model.g891.t1;Augustus},{GeneMark_model.1104_t;GeneMark},{GlimmerHMM_glimmerT_1016-T1;GlimmerHMM}
1026002	1025924	INTRON			{Augustus_model.g891.t1;Augustus},{GeneMark_model.1104_t;GeneMark},{GlimmerHMM_glimmerT_1016-T1;GlimmerHMM}
1026044	1026003	internal-	5	4	{Augustus_model.g891.t1;Augustus},{GeneMark_model.1104_t;GeneMark},{GlimmerHMM_glimmerT_1016-T1;GlimmerHMM}
1026127	1026045	INTRON			{Augustus_model.g891.t1;Augustus},{GeneMark_model.1104_t;GeneMark}
1026141	1026128	internal-	6	4	{Augustus_model.g891.t1;Augustus},{GeneMark_model.1104_t;GeneMark}
1026208	1026142	INTRON			{Augustus_model.g891.t1;Augustus},{GeneMark_model.1104_t;GeneMark}
1026353	1026209	internal-	5	5	{Augustus_model.g891.t1;Augustus},{GeneMark_model.1104_t;GeneMark}
1026423	1026354	INTRON			{Augustus_model.g891.t1;Augustus},{GeneMark_model.1104_t;GeneMark},{GlimmerHMM_glimmerT_1016-T1;GlimmerHMM}
1026516	1026424	internal-	5	4	{Augustus_model.g891.t1;Augustus},{GeneMark_model.1104_t;GeneMark},{GlimmerHMM_glimmerT_1016-T1;GlimmerHMM}
1026582	1026517	INTRON			{Augustus_model.g891.t1;Augustus},{GeneMark_model.1104_t;GeneMark},{GlimmerHMM_glimmerT_1016-T1;GlimmerHMM}
1026741	1026583	internal-	5	4	{Augustus_model.g891.t1;Augustus},{GeneMark_model.1104_t;GeneMark},{GlimmerHMM_glimmerT_1016-T1;GlimmerHMM}
1026810	1026742	INTRON			{Augustus_model.g891.t1;Augustus},{GeneMark_model.1104_t;GeneMark}
1026904	1026811	internal-	4	4	{Augustus_model.g891.t1;Augustus},{GeneMark_model.1104_t;GeneMark}
1026972	1026905	INTRON			{Augustus_model.g891.t1;Augustus},{GeneMark_model.1104_t;GeneMark}
1027045	1026973	internal-	6	6	{Augustus_model.g891.t1;Augustus},{GeneMark_model.1104_t;GeneMark}
1027109	1027046	INTRON			{Augustus_model.g891.t1;Augustus},{GeneMark_model.1104_t;GeneMark}
1027167	1027110	internal-	5	5	{Augustus_model.g891.t1;Augustus},{GeneMark_model.1104_t;GeneMark}
1027232	1027168	INTRON			{Augustus_model.g891.t1;Augustus},{GeneMark_model.1104_t;GeneMark}
1027282	1027233	internal-	6	4	{Augustus_model.g891.t1;Augustus},{GeneMark_model.1104_t;GeneMark}
1027349	1027283	INTRON			{Augustus_model.g891.t1;Augustus},{GeneMark_model.1104_t;GeneMark}
1027421	1027350	internal-	6	5	{Augustus_model.g891.t1;Augustus},{GeneMark_model.1104_t;GeneMark}
1027485	1027422	INTRON			{Augustus_model.g891.t1;Augustus},{GeneMark_model.1104_t;GeneMark},{GlimmerHMM_glimmerT_1016-T1;GlimmerHMM}
1027869	1027486	internal-	6	5	{Augustus_model.g891.t1;Augustus},{GeneMark_model.1104_t;GeneMark},{GlimmerHMM_glimmerT_1016-T1;GlimmerHMM}
1027930	1027870	INTRON			{Augustus_model.g891.t1;Augustus},{GeneMark_model.1104_t;GeneMark},{GlimmerHMM_glimmerT_1016-T1;GlimmerHMM}
1028065	1027931	internal-	6	5	{Augustus_model.g891.t1;Augustus},{GeneMark_model.1104_t;GeneMark},{GlimmerHMM_glimmerT_1016-T1;GlimmerHMM}
1028137	1028066	INTRON			{Augustus_model.g891.t1;Augustus},{GeneMark_model.1104_t;GeneMark},{GlimmerHMM_glimmerT_1016-T1;GlimmerHMM}
1028486	1028138	internal-	5	5	{Augustus_model.g891.t1;Augustus},{GeneMark_model.1104_t;GeneMark},{GlimmerHMM_glimmerT_1016-T1;GlimmerHMM}
1028621	1028487	INTRON			{Augustus_model.g891.t1;Augustus},{GeneMark_model.1104_t;GeneMark},{GlimmerHMM_glimmerT_1016-T1;GlimmerHMM}
1028811	1028622	initial-	4	4	{Augustus_model.g891.t1;Augustus},{GeneMark_model.1104_t;GeneMark},{GlimmerHMM_glimmerT_1016-T1;GlimmerHMM}

# EVM prediction: Mode:STANDARD S-ratio: 6.41 1030340-1032523 orient(+) score(12133.00) noncoding_equivalent(1893.75) raw_noncoding(2070.00) offset(176.25)
1030340	1030542	initial+	1	2	{Augustus_model.g892.t1;Augustus},{GlimmerHMM_glimmerT_1017-T1;GlimmerHMM},{GeneMark_model.1105_t;GeneMark}
1030543	1030668	INTRON			{Augustus_model.g892.t1;Augustus},{GlimmerHMM_glimmerT_1017-T1;GlimmerHMM},{GeneMark_model.1105_t;GeneMark},{ev_type:exonerate/ID=match.2566964.965/Target=lcl|PJQD01000048_1_prot_POY72513_1_4411;exonerate},{ev_type:exonerate/ID=match.2566964.880/Target=lcl|KQ954482_1_prot_KWU44138_1_3550;exonerate}
1030669	1030833	internal+	3	2	{Augustus_model.g892.t1;Augustus},{GlimmerHMM_glimmerT_1017-T1;GlimmerHMM},{GeneMark_model.1105_t;GeneMark},{ev_type:exonerate/ID=match.2566964.965/Target=lcl|PJQD01000048_1_prot_POY72513_1_4411;exonerate},{ev_type:exonerate/ID=match.2566964.880/Target=lcl|KQ954482_1_prot_KWU44138_1_3550;exonerate}
1030834	1030898	INTRON			{Augustus_model.g892.t1;Augustus},{GlimmerHMM_glimmerT_1017-T1;GlimmerHMM},{GeneMark_model.1105_t;GeneMark},{ev_type:exonerate/ID=match.2566964.965/Target=lcl|PJQD01000048_1_prot_POY72513_1_4411;exonerate},{ev_type:exonerate/ID=match.2566964.880/Target=lcl|KQ954482_1_prot_KWU44138_1_3550;exonerate}
1030899	1031223	internal+	3	3	{Augustus_model.g892.t1;Augustus},{GlimmerHMM_glimmerT_1017-T1;GlimmerHMM},{GeneMark_model.1105_t;GeneMark},{ev_type:exonerate/ID=match.2566964.965/Target=lcl|PJQD01000048_1_prot_POY72513_1_4411;exonerate},{ev_type:exonerate/ID=match.2566964.880/Target=lcl|KQ954482_1_prot_KWU44138_1_3550;exonerate}
1031224	1031285	INTRON			{Augustus_model.g892.t1;Augustus},{GlimmerHMM_glimmerT_1017-T1;GlimmerHMM},{GeneMark_model.1105_t;GeneMark},{ev_type:exonerate/ID=match.2566964.965/Target=lcl|PJQD01000048_1_prot_POY72513_1_4411;exonerate},{ev_type:exonerate/ID=match.2566964.880/Target=lcl|KQ954482_1_prot_KWU44138_1_3550;exonerate}
1031286	1031541	internal+	1	1	{Augustus_model.g892.t1;Augustus},{GlimmerHMM_glimmerT_1017-T1;GlimmerHMM},{GeneMark_model.1105_t;GeneMark},{ev_type:exonerate/ID=match.2566964.965/Target=lcl|PJQD01000048_1_prot_POY72513_1_4411;exonerate},{ev_type:exonerate/ID=match.2566964.880/Target=lcl|KQ954482_1_prot_KWU44138_1_3550;exonerate}
1031542	1031600	INTRON			{Augustus_model.g892.t1;Augustus},{GlimmerHMM_glimmerT_1017-T1;GlimmerHMM},{GeneMark_model.1105_t;GeneMark},{ev_type:exonerate/ID=match.2566964.965/Target=lcl|PJQD01000048_1_prot_POY72513_1_4411;exonerate},{ev_type:exonerate/ID=match.2566964.880/Target=lcl|KQ954482_1_prot_KWU44138_1_3550;exonerate}
1031601	1031704	internal+	2	3	{Augustus_model.g892.t1;Augustus},{GlimmerHMM_glimmerT_1017-T1;GlimmerHMM},{GeneMark_model.1105_t;GeneMark},{ev_type:exonerate/ID=match.2566964.965/Target=lcl|PJQD01000048_1_prot_POY72513_1_4411;exonerate},{ev_type:exonerate/ID=match.2566964.880/Target=lcl|KQ954482_1_prot_KWU44138_1_3550;exonerate}
1031705	1031766	INTRON			{Augustus_model.g892.t1;Augustus},{GlimmerHMM_glimmerT_1017-T1;GlimmerHMM},{GeneMark_model.1105_t;GeneMark},{ev_type:exonerate/ID=match.2566964.965/Target=lcl|PJQD01000048_1_prot_POY72513_1_4411;exonerate},{ev_type:exonerate/ID=match.2566964.880/Target=lcl|KQ954482_1_prot_KWU44138_1_3550;exonerate}
1031767	1032003	internal+	1	3	{Augustus_model.g892.t1;Augustus},{GlimmerHMM_glimmerT_1017-T1;GlimmerHMM},{GeneMark_model.1105_t;GeneMark},{ev_type:exonerate/ID=match.2566964.965/Target=lcl|PJQD01000048_1_prot_POY72513_1_4411;exonerate},{ev_type:exonerate/ID=match.2566964.880/Target=lcl|KQ954482_1_prot_KWU44138_1_3550;exonerate}
1032004	1032064	INTRON			{Augustus_model.g892.t1;Augustus},{GlimmerHMM_glimmerT_1017-T1;GlimmerHMM},{GeneMark_model.1105_t;GeneMark},{snap_scaffold_2-snap.448-T1;snap},{ev_type:exonerate/ID=match.2566964.965/Target=lcl|PJQD01000048_1_prot_POY72513_1_4411;exonerate},{ev_type:exonerate/ID=match.2566964.880/Target=lcl|KQ954482_1_prot_KWU44138_1_3550;exonerate}
1032065	1032523	terminal+	1	3	{Augustus_model.g892.t1;Augustus},{GlimmerHMM_glimmerT_1017-T1;GlimmerHMM},{GeneMark_model.1105_t;GeneMark},{snap_scaffold_2-snap.448-T1;snap}

# EVM prediction: Mode:STANDARD S-ratio: 3.49 1032974-1037041 orient(+) score(16810.00) noncoding_equivalent(4818.50) raw_noncoding(5829.00) offset(1010.50)
1032974	1033079	initial+	1	1	{Augustus_model.g893.t1;Augustus},{GlimmerHMM_glimmerT_1018-T1;GlimmerHMM},{GeneMark_model.1106_t;GeneMark}
1033080	1033163	INTRON			{Augustus_model.g893.t1;Augustus},{GeneMark_model.1106_t;GeneMark},{ev_type:exonerate/ID=match.2566964.1070/Target=lcl|KQ954482_1_prot_KWU44140_1_3552;exonerate}
1033164	1033225	internal+	2	3	{Augustus_model.g893.t1;Augustus},{GeneMark_model.1106_t;GeneMark},{ev_type:exonerate/ID=match.2566964.1070/Target=lcl|KQ954482_1_prot_KWU44140_1_3552;exonerate}
1033226	1033295	INTRON			{Augustus_model.g893.t1;Augustus},{GeneMark_model.1106_t;GeneMark},{ev_type:exonerate/ID=match.2566964.1070/Target=lcl|KQ954482_1_prot_KWU44140_1_3552;exonerate}
1033296	1033385	internal+	1	3	{Augustus_model.g893.t1;Augustus},{GeneMark_model.1106_t;GeneMark},{ev_type:exonerate/ID=match.2566964.1070/Target=lcl|KQ954482_1_prot_KWU44140_1_3552;exonerate}
1033386	1033452	INTRON			{Augustus_model.g893.t1;Augustus},{GlimmerHMM_glimmerT_1018-T1;GlimmerHMM},{GeneMark_model.1106_t;GeneMark},{ev_type:exonerate/ID=match.2566964.1070/Target=lcl|KQ954482_1_prot_KWU44140_1_3552;exonerate}
1033453	1033524	internal+	1	3	{Augustus_model.g893.t1;Augustus},{GlimmerHMM_glimmerT_1018-T1;GlimmerHMM},{GeneMark_model.1106_t;GeneMark},{ev_type:exonerate/ID=match.2566964.1070/Target=lcl|KQ954482_1_prot_KWU44140_1_3552;exonerate}
1033525	1033584	INTRON			{Augustus_model.g893.t1;Augustus},{GlimmerHMM_glimmerT_1018-T1;GlimmerHMM},{GeneMark_model.1106_t;GeneMark},{ev_type:exonerate/ID=match.2566964.1070/Target=lcl|KQ954482_1_prot_KWU44140_1_3552;exonerate}
1033585	1034379	internal+	1	3	{Augustus_model.g893.t1;Augustus},{GlimmerHMM_glimmerT_1018-T1;GlimmerHMM},{GeneMark_model.1106_t;GeneMark},{ev_type:exonerate/ID=match.2566964.1070/Target=lcl|KQ954482_1_prot_KWU44140_1_3552;exonerate}
1034380	1034438	INTRON			{Augustus_model.g893.t1;Augustus},{GlimmerHMM_glimmerT_1018-T1;GlimmerHMM},{GeneMark_model.1106_t;GeneMark},{ev_type:exonerate/ID=match.2566964.1070/Target=lcl|KQ954482_1_prot_KWU44140_1_3552;exonerate}
1034439	1034540	internal+	1	3	{Augustus_model.g893.t1;Augustus},{GeneMark_model.1106_t;GeneMark},{ev_type:exonerate/ID=match.2566964.1070/Target=lcl|KQ954482_1_prot_KWU44140_1_3552;exonerate}
1034541	1034597	INTRON			{Augustus_model.g893.t1;Augustus},{GeneMark_model.1106_t;GeneMark},{ev_type:exonerate/ID=match.2566964.1070/Target=lcl|KQ954482_1_prot_KWU44140_1_3552;exonerate}
1034598	1034859	internal+	1	1	{Augustus_model.g893.t1;Augustus},{GeneMark_model.1106_t;GeneMark},{ev_type:exonerate/ID=match.2566964.1070/Target=lcl|KQ954482_1_prot_KWU44140_1_3552;exonerate}
1034860	1034912	INTRON			{Augustus_model.g893.t1;Augustus},{GlimmerHMM_glimmerT_1018-T1;GlimmerHMM},{GeneMark_model.1106_t;GeneMark},{ev_type:exonerate/ID=match.2566964.1070/Target=lcl|KQ954482_1_prot_KWU44140_1_3552;exonerate}
1034913	1035075	internal+	2	2	{Augustus_model.g893.t1;Augustus},{GlimmerHMM_glimmerT_1018-T1;GlimmerHMM},{GeneMark_model.1106_t;GeneMark},{ev_type:exonerate/ID=match.2566964.1070/Target=lcl|KQ954482_1_prot_KWU44140_1_3552;exonerate}
1035076	1035139	INTRON			{Augustus_model.g893.t1;Augustus},{GlimmerHMM_glimmerT_1018-T1;GlimmerHMM},{GeneMark_model.1106_t;GeneMark},{ev_type:exonerate/ID=match.2566964.1070/Target=lcl|KQ954482_1_prot_KWU44140_1_3552;exonerate}
1035140	1035357	internal+	3	1	{Augustus_model.g893.t1;Augustus},{GlimmerHMM_glimmerT_1018-T1;GlimmerHMM},{GeneMark_model.1106_t;GeneMark},{ev_type:exonerate/ID=match.2566964.1070/Target=lcl|KQ954482_1_prot_KWU44140_1_3552;exonerate}
1035358	1035413	INTRON			{Augustus_model.g893.t1;Augustus},{GlimmerHMM_glimmerT_1018-T1;GlimmerHMM},{GeneMark_model.1106_t;GeneMark},{ev_type:exonerate/ID=match.2566964.1070/Target=lcl|KQ954482_1_prot_KWU44140_1_3552;exonerate}
1035414	1035756	internal+	2	2	{Augustus_model.g893.t1;Augustus},{GlimmerHMM_glimmerT_1018-T1;GlimmerHMM},{GeneMark_model.1106_t;GeneMark},{ev_type:exonerate/ID=match.2566964.1070/Target=lcl|KQ954482_1_prot_KWU44140_1_3552;exonerate}
1035757	1035818	INTRON			{Augustus_model.g893.t1;Augustus},{GlimmerHMM_glimmerT_1018-T1;GlimmerHMM},{GeneMark_model.1106_t;GeneMark},{ev_type:exonerate/ID=match.2566964.1070/Target=lcl|KQ954482_1_prot_KWU44140_1_3552;exonerate}
1035819	1036035	internal+	3	3	{Augustus_model.g893.t1;Augustus},{GlimmerHMM_glimmerT_1018-T1;GlimmerHMM},{GeneMark_model.1106_t;GeneMark},{ev_type:exonerate/ID=match.2566964.1070/Target=lcl|KQ954482_1_prot_KWU44140_1_3552;exonerate}
1036036	1036091	INTRON			{Augustus_model.g893.t1;Augustus},{GlimmerHMM_glimmerT_1018-T1;GlimmerHMM},{GeneMark_model.1106_t;GeneMark},{ev_type:exonerate/ID=match.2566964.1070/Target=lcl|KQ954482_1_prot_KWU44140_1_3552;exonerate}
1036092	1036407	internal+	1	1	{Augustus_model.g893.t1;Augustus},{GlimmerHMM_glimmerT_1018-T1;GlimmerHMM},{GeneMark_model.1106_t;GeneMark},{ev_type:exonerate/ID=match.2566964.1070/Target=lcl|KQ954482_1_prot_KWU44140_1_3552;exonerate}
1036408	1036474	INTRON			{Augustus_model.g893.t1;Augustus},{GlimmerHMM_glimmerT_1018-T1;GlimmerHMM},{GeneMark_model.1106_t;GeneMark},{ev_type:exonerate/ID=match.2566964.1070/Target=lcl|KQ954482_1_prot_KWU44140_1_3552;exonerate}
1036475	1036675	internal+	2	1	{Augustus_model.g893.t1;Augustus},{GlimmerHMM_glimmerT_1018-T1;GlimmerHMM},{GeneMark_model.1106_t;GeneMark},{ev_type:exonerate/ID=match.2566964.1070/Target=lcl|KQ954482_1_prot_KWU44140_1_3552;exonerate}
1036676	1036735	INTRON			{Augustus_model.g893.t1;Augustus},{GlimmerHMM_glimmerT_1018-T1;GlimmerHMM},{GeneMark_model.1106_t;GeneMark},{ev_type:exonerate/ID=match.2566964.1070/Target=lcl|KQ954482_1_prot_KWU44140_1_3552;exonerate}
1036736	1036848	internal+	2	3	{Augustus_model.g893.t1;Augustus},{GlimmerHMM_glimmerT_1018-T1;GlimmerHMM},{GeneMark_model.1106_t;GeneMark},{ev_type:exonerate/ID=match.2566964.1070/Target=lcl|KQ954482_1_prot_KWU44140_1_3552;exonerate}
1036849	1036915	INTRON			{Augustus_model.g893.t1;Augustus},{GlimmerHMM_glimmerT_1018-T1;GlimmerHMM},{GeneMark_model.1106_t;GeneMark},{ev_type:exonerate/ID=match.2566964.1070/Target=lcl|KQ954482_1_prot_KWU44140_1_3552;exonerate}
1036916	1037041	terminal+	1	3	{Augustus_model.g893.t1;Augustus},{GlimmerHMM_glimmerT_1018-T1;GlimmerHMM},{GeneMark_model.1106_t;GeneMark}

# EVM prediction: Mode:STANDARD S-ratio: 7.19 1037118-1039427 orient(-) score(8457.00) noncoding_equivalent(1176.62) raw_noncoding(1320.00) offset(143.38)
1038426	1037118	terminal-	6	6	{GlimmerHMM_glimmerT_1019-T1;GlimmerHMM},{Augustus_model.g894.t1;Augustus},{GeneMark_model.1107_t;GeneMark}
1038501	1038427	INTRON			{GlimmerHMM_glimmerT_1019-T1;GlimmerHMM},{Augustus_model.g894.t1;Augustus},{GeneMark_model.1107_t;GeneMark}
1038731	1038502	internal-	4	5	{GlimmerHMM_glimmerT_1019-T1;GlimmerHMM},{Augustus_model.g894.t1;Augustus},{GeneMark_model.1107_t;GeneMark}
1038786	1038732	INTRON			{GlimmerHMM_glimmerT_1019-T1;GlimmerHMM},{Augustus_model.g894.t1;Augustus},{GeneMark_model.1107_t;GeneMark}
1039088	1038787	internal-	5	6	{GlimmerHMM_glimmerT_1019-T1;GlimmerHMM},{Augustus_model.g894.t1;Augustus},{GeneMark_model.1107_t;GeneMark}
1039162	1039089	INTRON			{GlimmerHMM_glimmerT_1019-T1;GlimmerHMM},{Augustus_model.g894.t1;Augustus},{GeneMark_model.1107_t;GeneMark}
1039427	1039163	initial-	4	4	{Augustus_model.g894.t1;Augustus},{GeneMark_model.1107_t;GeneMark}

# EVM prediction: Mode:STANDARD S-ratio: 10000.00 1040030-1042810 orient(+) score(11115.00) noncoding_equivalent(1.11) raw_noncoding(0.00) offset(0.00)
1040030	1042810	single+	1	3	{GlimmerHMM_glimmerT_1020-T1;GlimmerHMM},{GeneMark_model.1108_t;GeneMark},{Augustus_model.g895.t1;Augustus}

# EVM prediction: Mode:STANDARD S-ratio: 16.44 1045820-1046595 orient(+) score(2872.00) noncoding_equivalent(174.65) raw_noncoding(259.39) offset(84.74)
1045820	1045825	initial+	1	3	{snap_scaffold_2-snap.452-T1;snap}
1045826	1045854	INTRON			{snap_scaffold_2-snap.452-T1;snap}
1045855	1046595	terminal+	1	3	{GeneMark_model.1110_t;GeneMark},{snap_scaffold_2-snap.452-T1;snap},{Augustus_model.g896.t1;Augustus}

# EVM prediction: Mode:STANDARD S-ratio: 5.85 1046833-1049591 orient(+) score(14881.00) noncoding_equivalent(2545.52) raw_noncoding(3106.09) offset(560.57)
1046833	1047006	initial+	1	3	{Augustus_model.g897.t1;Augustus},{GeneMark_model.1111_t;GeneMark}
1047007	1047153	INTRON			{Augustus_model.g897.t1;Augustus},{GeneMark_model.1111_t;GeneMark},{GlimmerHMM_glimmerT_1021-T1;GlimmerHMM},{ev_type:exonerate/ID=match.2566964.1100/Target=lcl|PJQD01000048_1_prot_POY72520_1_4418;exonerate},{ev_type:exonerate/ID=match.2566964.1109/Target=lcl|KQ954482_1_prot_KWU44144_1_3556;exonerate}
1047154	1047278	internal+	1	2	{Augustus_model.g897.t1;Augustus},{GeneMark_model.1111_t;GeneMark},{GlimmerHMM_glimmerT_1021-T1;GlimmerHMM},{ev_type:exonerate/ID=match.2566964.1100/Target=lcl|PJQD01000048_1_prot_POY72520_1_4418;exonerate},{ev_type:exonerate/ID=match.2566964.1109/Target=lcl|KQ954482_1_prot_KWU44144_1_3556;exonerate}
1047279	1047337	INTRON			{Augustus_model.g897.t1;Augustus},{GeneMark_model.1111_t;GeneMark},{GlimmerHMM_glimmerT_1021-T1;GlimmerHMM},{ev_type:exonerate/ID=match.2566964.1100/Target=lcl|PJQD01000048_1_prot_POY72520_1_4418;exonerate},{ev_type:exonerate/ID=match.2566964.1109/Target=lcl|KQ954482_1_prot_KWU44144_1_3556;exonerate}
1047338	1047586	internal+	3	2	{Augustus_model.g897.t1;Augustus},{GeneMark_model.1111_t;GeneMark},{GlimmerHMM_glimmerT_1021-T1;GlimmerHMM},{ev_type:exonerate/ID=match.2566964.1100/Target=lcl|PJQD01000048_1_prot_POY72520_1_4418;exonerate},{ev_type:exonerate/ID=match.2566964.1109/Target=lcl|KQ954482_1_prot_KWU44144_1_3556;exonerate}
1047587	1047646	INTRON			{Augustus_model.g897.t1;Augustus},{GeneMark_model.1111_t;GeneMark},{ev_type:exonerate/ID=match.2566964.1100/Target=lcl|PJQD01000048_1_prot_POY72520_1_4418;exonerate},{ev_type:exonerate/ID=match.2566964.1109/Target=lcl|KQ954482_1_prot_KWU44144_1_3556;exonerate}
1047647	1047803	internal+	3	3	{Augustus_model.g897.t1;Augustus},{GeneMark_model.1111_t;GeneMark},{ev_type:exonerate/ID=match.2566964.1109/Target=lcl|KQ954482_1_prot_KWU44144_1_3556;exonerate}
1047804	1047890	INTRON			{Augustus_model.g897.t1;Augustus},{GeneMark_model.1111_t;GeneMark},{GlimmerHMM_glimmerT_1021-T1;GlimmerHMM},{ev_type:exonerate/ID=match.2566964.1109/Target=lcl|KQ954482_1_prot_KWU44144_1_3556;exonerate}
1047891	1048213	internal+	1	2	{Augustus_model.g897.t1;Augustus},{GeneMark_model.1111_t;GeneMark},{GlimmerHMM_glimmerT_1021-T1;GlimmerHMM},{ev_type:exonerate/ID=match.2566964.1100/Target=lcl|PJQD01000048_1_prot_POY72520_1_4418;exonerate},{ev_type:exonerate/ID=match.2566964.1109/Target=lcl|KQ954482_1_prot_KWU44144_1_3556;exonerate}
1048214	1048284	INTRON			{Augustus_model.g897.t1;Augustus},{GeneMark_model.1111_t;GeneMark},{GlimmerHMM_glimmerT_1021-T1;GlimmerHMM},{ev_type:exonerate/ID=match.2566964.1100/Target=lcl|PJQD01000048_1_prot_POY72520_1_4418;exonerate},{ev_type:exonerate/ID=match.2566964.1109/Target=lcl|KQ954482_1_prot_KWU44144_1_3556;exonerate}
1048285	1048622	internal+	3	1	{Augustus_model.g897.t1;Augustus},{GeneMark_model.1111_t;GeneMark},{GlimmerHMM_glimmerT_1021-T1;GlimmerHMM},{ev_type:exonerate/ID=match.2566964.1100/Target=lcl|PJQD01000048_1_prot_POY72520_1_4418;exonerate},{ev_type:exonerate/ID=match.2566964.1109/Target=lcl|KQ954482_1_prot_KWU44144_1_3556;exonerate}
1048623	1048683	INTRON			{Augustus_model.g897.t1;Augustus},{GeneMark_model.1111_t;GeneMark},{GlimmerHMM_glimmerT_1021-T1;GlimmerHMM},{ev_type:exonerate/ID=match.2566964.1100/Target=lcl|PJQD01000048_1_prot_POY72520_1_4418;exonerate},{ev_type:exonerate/ID=match.2566964.1109/Target=lcl|KQ954482_1_prot_KWU44144_1_3556;exonerate}
1048684	1048797	internal+	2	1	{Augustus_model.g897.t1;Augustus},{GeneMark_model.1111_t;GeneMark},{GlimmerHMM_glimmerT_1021-T1;GlimmerHMM},{ev_type:exonerate/ID=match.2566964.1100/Target=lcl|PJQD01000048_1_prot_POY72520_1_4418;exonerate},{ev_type:exonerate/ID=match.2566964.1109/Target=lcl|KQ954482_1_prot_KWU44144_1_3556;exonerate}
1048798	1048869	INTRON			{Augustus_model.g897.t1;Augustus},{GeneMark_model.1111_t;GeneMark},{GlimmerHMM_glimmerT_1021-T1;GlimmerHMM},{ev_type:exonerate/ID=match.2566964.1100/Target=lcl|PJQD01000048_1_prot_POY72520_1_4418;exonerate},{ev_type:exonerate/ID=match.2566964.1109/Target=lcl|KQ954482_1_prot_KWU44144_1_3556;exonerate}
1048870	1049591	terminal+	2	3	{GeneMark_model.1111_t;GeneMark},{GlimmerHMM_glimmerT_1021-T1;GlimmerHMM}

# EVM prediction: Mode:STANDARD S-ratio: 8.45 1050012-1053097 orient(+) score(11546.00) noncoding_equivalent(1365.85) raw_noncoding(1620.41) offset(254.57)
1050012	1050186	initial+	1	1	{GlimmerHMM_glimmerT_1022-T1;GlimmerHMM}
1050187	1050347	INTRON			{Augustus_model.g897.t1;Augustus},{GlimmerHMM_glimmerT_1022-T1;GlimmerHMM},{GeneMark_model.1112_t;GeneMark}
1050348	1050482	internal+	2	1	{Augustus_model.g897.t1;Augustus},{GlimmerHMM_glimmerT_1022-T1;GlimmerHMM},{GeneMark_model.1112_t;GeneMark}
1050483	1050546	INTRON			{Augustus_model.g897.t1;Augustus},{GlimmerHMM_glimmerT_1022-T1;GlimmerHMM},{GeneMark_model.1112_t;GeneMark}
1050547	1052432	internal+	2	3	{Augustus_model.g897.t1;Augustus},{GlimmerHMM_glimmerT_1022-T1;GlimmerHMM},{GeneMark_model.1112_t;GeneMark}
1052433	1052500	INTRON			{Augustus_model.g897.t1;Augustus},{GlimmerHMM_glimmerT_1022-T1;GlimmerHMM},{GeneMark_model.1112_t;GeneMark}
1052501	1053097	terminal+	1	3	{Augustus_model.g897.t1;Augustus},{GlimmerHMM_glimmerT_1022-T1;GlimmerHMM},{GeneMark_model.1112_t;GeneMark}

# EVM prediction: Mode:STANDARD S-ratio: 1.82 1058421-1060131 orient(-) score(4535.00) noncoding_equivalent(2495.87) raw_noncoding(3289.00) offset(793.13)
1058768	1058421	terminal-	4	6	{Augustus_model.g899.t1;Augustus},{GlimmerHMM_glimmerT_1024-T1;GlimmerHMM},{GeneMark_model.1115_t;GeneMark}
1058864	1058769	INTRON			{Augustus_model.g899.t1;Augustus},{GlimmerHMM_glimmerT_1024-T1;GlimmerHMM},{GeneMark_model.1115_t;GeneMark}
1059026	1058865	internal-	4	6	{Augustus_model.g899.t1;Augustus},{GlimmerHMM_glimmerT_1024-T1;GlimmerHMM},{GeneMark_model.1115_t;GeneMark}
1059120	1059027	INTRON			{Augustus_model.g899.t1;Augustus},{GeneMark_model.1115_t;GeneMark}
1059201	1059121	internal-	4	6	{Augustus_model.g899.t1;Augustus},{GeneMark_model.1115_t;GeneMark}
1059272	1059202	INTRON			{Augustus_model.g899.t1;Augustus},{GeneMark_model.1115_t;GeneMark}
1059356	1059273	internal-	4	6	{Augustus_model.g899.t1;Augustus},{GeneMark_model.1115_t;GeneMark}
1059448	1059357	INTRON			{Augustus_model.g899.t1;Augustus},{GeneMark_model.1115_t;GeneMark}
1059535	1059449	internal-	4	6	{Augustus_model.g899.t1;Augustus},{GeneMark_model.1115_t;GeneMark}
1059624	1059536	INTRON			{Augustus_model.g899.t1;Augustus},{GeneMark_model.1115_t;GeneMark}
1060131	1059625	initial-	4	6	{Augustus_model.g899.t1;Augustus},{GlimmerHMM_glimmerT_1024-T1;GlimmerHMM}

# EVM prediction: Mode:STANDARD S-ratio: 4.21 1061340-1062229 orient(+) score(4718.00) noncoding_equivalent(1121.75) raw_noncoding(1640.90) offset(519.15)
1061340	1061365	initial+	1	2	{GeneMark_model.1116_t;GeneMark}
1061366	1061476	INTRON			{GeneMark_model.1116_t;GeneMark}
1061477	1061574	internal+	3	1	{GeneMark_model.1116_t;GeneMark},{GlimmerHMM_glimmerT_1025-T1;GlimmerHMM},{Augustus_model.g900.t1;Augustus}
1061575	1061646	INTRON			{GeneMark_model.1116_t;GeneMark},{GlimmerHMM_glimmerT_1025-T1;GlimmerHMM},{Augustus_model.g900.t1;Augustus},{ev_type:exonerate/ID=match.2566964.1298/Target=lcl|NW_017264931_1_prot_XP_018272335_1_2166;exonerate},{ev_type:exonerate/ID=match.2566964.1304/Target=lcl|LCTV02000001_1_prot_PRQ77980_1_680;exonerate}
1061647	1061887	internal+	2	2	{GeneMark_model.1116_t;GeneMark},{GlimmerHMM_glimmerT_1025-T1;GlimmerHMM},{Augustus_model.g900.t1;Augustus},{ev_type:exonerate/ID=match.2566964.1298/Target=lcl|NW_017264931_1_prot_XP_018272335_1_2166;exonerate},{ev_type:exonerate/ID=match.2566964.1304/Target=lcl|LCTV02000001_1_prot_PRQ77980_1_680;exonerate}
1061888	1061943	INTRON			{GeneMark_model.1116_t;GeneMark},{GlimmerHMM_glimmerT_1025-T1;GlimmerHMM},{Augustus_model.g900.t1;Augustus},{ev_type:exonerate/ID=match.2566964.1292/Target=lcl|PJQD01000048_1_prot_POY72525_1_4423;exonerate},{ev_type:exonerate/ID=match.2566964.1298/Target=lcl|NW_017264931_1_prot_XP_018272335_1_2166;exonerate},{ev_type:exonerate/ID=match.2566964.1304/Target=lcl|LCTV02000001_1_prot_PRQ77980_1_680;exonerate}
1061944	1062009	internal+	3	2	{GeneMark_model.1116_t;GeneMark},{GlimmerHMM_glimmerT_1025-T1;GlimmerHMM},{Augustus_model.g900.t1;Augustus},{ev_type:exonerate/ID=match.2566964.1292/Target=lcl|PJQD01000048_1_prot_POY72525_1_4423;exonerate},{ev_type:exonerate/ID=match.2566964.1298/Target=lcl|NW_017264931_1_prot_XP_018272335_1_2166;exonerate},{ev_type:exonerate/ID=match.2566964.1304/Target=lcl|LCTV02000001_1_prot_PRQ77980_1_680;exonerate}
1062010	1062085	INTRON			{GeneMark_model.1116_t;GeneMark},{GlimmerHMM_glimmerT_1025-T1;GlimmerHMM},{Augustus_model.g900.t1;Augustus},{ev_type:exonerate/ID=match.2566964.1292/Target=lcl|PJQD01000048_1_prot_POY72525_1_4423;exonerate},{ev_type:exonerate/ID=match.2566964.1298/Target=lcl|NW_017264931_1_prot_XP_018272335_1_2166;exonerate},{ev_type:exonerate/ID=match.2566964.1304/Target=lcl|LCTV02000001_1_prot_PRQ77980_1_680;exonerate}
1062086	1062161	internal+	3	3	{GeneMark_model.1116_t;GeneMark},{GlimmerHMM_glimmerT_1025-T1;GlimmerHMM},{Augustus_model.g900.t1;Augustus}
1062162	1062226	INTRON			{GeneMark_model.1116_t;GeneMark},{GlimmerHMM_glimmerT_1025-T1;GlimmerHMM},{Augustus_model.g900.t1;Augustus}
1062227	1062229	terminal+	1	3	{GeneMark_model.1116_t;GeneMark},{GlimmerHMM_glimmerT_1025-T1;GlimmerHMM},{Augustus_model.g900.t1;Augustus}

# EVM prediction: Mode:STANDARD S-ratio: 2.37 1062680-1065146 orient(+) score(7542.00) noncoding_equivalent(3183.13) raw_noncoding(4018.00) offset(834.87)
1062680	1063359	initial+	1	2	{GlimmerHMM_glimmerT_1026-T1;GlimmerHMM},{GeneMark_model.1117_t;GeneMark}
1063360	1063461	INTRON			{Augustus_model.g901.t1;Augustus},{GeneMark_model.1117_t;GeneMark}
1063462	1063524	internal+	3	2	{Augustus_model.g901.t1;Augustus},{GeneMark_model.1117_t;GeneMark}
1063525	1063605	INTRON			{Augustus_model.g901.t1;Augustus},{GeneMark_model.1117_t;GeneMark}
1063606	1063687	internal+	3	3	{GlimmerHMM_glimmerT_1026-T1;GlimmerHMM},{Augustus_model.g901.t1;Augustus},{GeneMark_model.1117_t;GeneMark}
1063688	1063755	INTRON			{GlimmerHMM_glimmerT_1026-T1;GlimmerHMM},{Augustus_model.g901.t1;Augustus},{GeneMark_model.1117_t;GeneMark}
1063756	1063887	internal+	1	3	{GlimmerHMM_glimmerT_1026-T1;GlimmerHMM},{Augustus_model.g901.t1;Augustus},{GeneMark_model.1117_t;GeneMark}
1063888	1063967	INTRON			{GlimmerHMM_glimmerT_1026-T1;GlimmerHMM},{Augustus_model.g901.t1;Augustus},{GeneMark_model.1117_t;GeneMark}
1063968	1064051	internal+	1	3	{GlimmerHMM_glimmerT_1026-T1;GlimmerHMM},{Augustus_model.g901.t1;Augustus},{GeneMark_model.1117_t;GeneMark}
1064052	1064126	INTRON			{GlimmerHMM_glimmerT_1026-T1;GlimmerHMM},{Augustus_model.g901.t1;Augustus},{GeneMark_model.1117_t;GeneMark}
1064127	1064209	internal+	1	2	{GlimmerHMM_glimmerT_1026-T1;GlimmerHMM},{Augustus_model.g901.t1;Augustus},{GeneMark_model.1117_t;GeneMark}
1064210	1064288	INTRON			{GlimmerHMM_glimmerT_1026-T1;GlimmerHMM},{Augustus_model.g901.t1;Augustus},{GeneMark_model.1117_t;GeneMark}
1064289	1064429	internal+	3	2	{GlimmerHMM_glimmerT_1026-T1;GlimmerHMM},{Augustus_model.g901.t1;Augustus},{GeneMark_model.1117_t;GeneMark}
1064430	1064497	INTRON			{GlimmerHMM_glimmerT_1026-T1;GlimmerHMM},{Augustus_model.g901.t1;Augustus},{GeneMark_model.1117_t;GeneMark}
1064498	1064686	internal+	3	2	{GlimmerHMM_glimmerT_1026-T1;GlimmerHMM},{Augustus_model.g901.t1;Augustus},{GeneMark_model.1117_t;GeneMark}
1064687	1064758	INTRON			{GlimmerHMM_glimmerT_1026-T1;GlimmerHMM},{Augustus_model.g901.t1;Augustus},{GeneMark_model.1117_t;GeneMark}
1064759	1065146	terminal+	3	3	{GlimmerHMM_glimmerT_1026-T1;GlimmerHMM},{Augustus_model.g901.t1;Augustus},{GeneMark_model.1117_t;GeneMark}

# EVM prediction: Mode:STANDARD S-ratio: 3.04 1065306-1067299 orient(-) score(6499.00) noncoding_equivalent(2138.56) raw_noncoding(2492.00) offset(353.44)
1065374	1065306	terminal-	4	6	{GeneMark_model.1118_t;GeneMark},{GlimmerHMM_glimmerT_1027-T1;GlimmerHMM},{Augustus_model.g902.t1;Augustus}
1065451	1065375	INTRON			{GeneMark_model.1118_t;GeneMark},{GlimmerHMM_glimmerT_1027-T1;GlimmerHMM},{Augustus_model.g902.t1;Augustus}
1065923	1065452	internal-	6	6	{GeneMark_model.1118_t;GeneMark},{GlimmerHMM_glimmerT_1027-T1;GlimmerHMM},{Augustus_model.g902.t1;Augustus}
1065985	1065924	INTRON			{GeneMark_model.1118_t;GeneMark},{GlimmerHMM_glimmerT_1027-T1;GlimmerHMM},{Augustus_model.g902.t1;Augustus}
1066256	1065986	internal-	5	5	{GeneMark_model.1118_t;GeneMark},{GlimmerHMM_glimmerT_1027-T1;GlimmerHMM},{Augustus_model.g902.t1;Augustus}
1066327	1066257	INTRON			{GeneMark_model.1118_t;GeneMark},{GlimmerHMM_glimmerT_1027-T1;GlimmerHMM},{Augustus_model.g902.t1;Augustus}
1066820	1066328	internal-	4	4	{GeneMark_model.1118_t;GeneMark},{GlimmerHMM_glimmerT_1027-T1;GlimmerHMM},{Augustus_model.g902.t1;Augustus}
1066885	1066821	INTRON			{GeneMark_model.1118_t;GeneMark},{GlimmerHMM_glimmerT_1027-T1;GlimmerHMM},{Augustus_model.g902.t1;Augustus}
1066994	1066886	internal-	6	6	{GeneMark_model.1118_t;GeneMark},{GlimmerHMM_glimmerT_1027-T1;GlimmerHMM},{Augustus_model.g902.t1;Augustus}
1067060	1066995	INTRON			{GeneMark_model.1118_t;GeneMark},{GlimmerHMM_glimmerT_1027-T1;GlimmerHMM},{Augustus_model.g902.t1;Augustus}
1067299	1067061	initial-	4	5	{GeneMark_model.1118_t;GeneMark},{GlimmerHMM_glimmerT_1027-T1;GlimmerHMM},{Augustus_model.g902.t1;Augustus}

# EVM prediction: Mode:STANDARD S-ratio: 1.46 1067676-1068738 orient(-) score(3041.00) noncoding_equivalent(2077.00) raw_noncoding(2827.00) offset(750.00)
1067739	1067676	terminal-	6	6	{GlimmerHMM_glimmerT_1028-T1;GlimmerHMM},{GeneMark_model.1119_t;GeneMark},{Augustus_model.g903.t1;Augustus}
1067813	1067740	INTRON			{GeneMark_model.1119_t;GeneMark},{Augustus_model.g903.t1;Augustus}
1067893	1067814	internal-	4	5	{GeneMark_model.1119_t;GeneMark},{Augustus_model.g903.t1;Augustus}
1067967	1067894	INTRON			{GlimmerHMM_glimmerT_1028-T1;GlimmerHMM},{Augustus_model.g903.t1;Augustus}
1068034	1067968	internal-	6	6	{GlimmerHMM_glimmerT_1028-T1;GlimmerHMM},{Augustus_model.g903.t1;Augustus}
1068100	1068035	INTRON			{GlimmerHMM_glimmerT_1028-T1;GlimmerHMM},{GeneMark_model.1119_t;GeneMark},{Augustus_model.g903.t1;Augustus}
1068118	1068101	internal-	6	5	{GlimmerHMM_glimmerT_1028-T1;GlimmerHMM},{GeneMark_model.1119_t;GeneMark},{Augustus_model.g903.t1;Augustus}
1068189	1068119	INTRON			{GlimmerHMM_glimmerT_1028-T1;GlimmerHMM},{GeneMark_model.1119_t;GeneMark},{Augustus_model.g903.t1;Augustus}
1068205	1068190	internal-	5	5	{GlimmerHMM_glimmerT_1028-T1;GlimmerHMM},{GeneMark_model.1119_t;GeneMark},{Augustus_model.g903.t1;Augustus}
1068267	1068206	INTRON			{GlimmerHMM_glimmerT_1028-T1;GlimmerHMM},{GeneMark_model.1119_t;GeneMark},{Augustus_model.g903.t1;Augustus}
1068291	1068268	internal-	5	4	{GlimmerHMM_glimmerT_1028-T1;GlimmerHMM},{GeneMark_model.1119_t;GeneMark},{Augustus_model.g903.t1;Augustus}
1068365	1068292	INTRON			{GlimmerHMM_glimmerT_1028-T1;GlimmerHMM},{GeneMark_model.1119_t;GeneMark},{Augustus_model.g903.t1;Augustus}
1068414	1068366	internal-	4	4	{GlimmerHMM_glimmerT_1028-T1;GlimmerHMM},{GeneMark_model.1119_t;GeneMark},{Augustus_model.g903.t1;Augustus}
1068492	1068415	INTRON			{GlimmerHMM_glimmerT_1028-T1;GlimmerHMM},{GeneMark_model.1119_t;GeneMark},{Augustus_model.g903.t1;Augustus}
1068588	1068493	internal-	4	6	{GlimmerHMM_glimmerT_1028-T1;GlimmerHMM},{GeneMark_model.1119_t;GeneMark},{Augustus_model.g903.t1;Augustus}
1068684	1068589	INTRON			{GlimmerHMM_glimmerT_1028-T1;GlimmerHMM},{GeneMark_model.1119_t;GeneMark},{Augustus_model.g903.t1;Augustus}
1068738	1068685	initial-	4	6	{GlimmerHMM_glimmerT_1028-T1;GlimmerHMM},{GeneMark_model.1119_t;GeneMark},{Augustus_model.g903.t1;Augustus}

# EVM prediction: Mode:STANDARD S-ratio: 2.13 1069929-1073163 orient(-) score(8306.00) noncoding_equivalent(3901.32) raw_noncoding(6231.00) offset(2329.68)
1069973	1069929	terminal-	4	6	{Augustus_model.g904.t1;Augustus}
1070038	1069974	INTRON			{Augustus_model.g904.t1;Augustus}
1070272	1070039	internal-	4	6	{Augustus_model.g904.t1;Augustus}
1070906	1070273	INTRON			{Augustus_model.g904.t1;Augustus}
1071163	1070907	internal-	5	6	{GlimmerHMM_glimmerT_1029-T1;GlimmerHMM},{GeneMark_model.1120_t;GeneMark},{Augustus_model.g904.t1;Augustus}
1071222	1071164	INTRON			{GlimmerHMM_glimmerT_1029-T1;GlimmerHMM},{GeneMark_model.1120_t;GeneMark},{Augustus_model.g904.t1;Augustus}
1071854	1071223	internal-	6	4	{GlimmerHMM_glimmerT_1029-T1;GlimmerHMM},{GeneMark_model.1120_t;GeneMark},{Augustus_model.g904.t1;Augustus}
1071923	1071855	INTRON			{GlimmerHMM_glimmerT_1029-T1;GlimmerHMM},{GeneMark_model.1120_t;GeneMark},{Augustus_model.g904.t1;Augustus}
1072327	1071924	internal-	4	5	{GeneMark_model.1120_t;GeneMark},{Augustus_model.g904.t1;Augustus}
1072390	1072328	INTRON			{GeneMark_model.1120_t;GeneMark},{Augustus_model.g904.t1;Augustus}
1072430	1072391	internal-	6	6	{GeneMark_model.1120_t;GeneMark},{Augustus_model.g904.t1;Augustus}
1072496	1072431	INTRON			{GeneMark_model.1120_t;GeneMark},{Augustus_model.g904.t1;Augustus}
1072550	1072497	internal-	6	5	{GeneMark_model.1120_t;GeneMark},{Augustus_model.g904.t1;Augustus}
1072657	1072551	INTRON			{GeneMark_model.1120_t;GeneMark},{Augustus_model.g904.t1;Augustus}
1072722	1072658	internal-	4	5	{GeneMark_model.1120_t;GeneMark}
1072797	1072723	INTRON			{snap_scaffold_2-snap.462-T1;snap},{GeneMark_model.1120_t;GeneMark}
1072848	1072798	internal-	4	6	{GeneMark_model.1120_t;GeneMark}
1072924	1072849	INTRON			{GlimmerHMM_glimmerT_1029-T1;GlimmerHMM},{GeneMark_model.1120_t;GeneMark},{Augustus_model.g904.t1;Augustus}
1072978	1072925	internal-	4	6	{GlimmerHMM_glimmerT_1029-T1;GlimmerHMM},{GeneMark_model.1120_t;GeneMark},{Augustus_model.g904.t1;Augustus}
1073118	1072979	INTRON			{GlimmerHMM_glimmerT_1029-T1;GlimmerHMM},{GeneMark_model.1120_t;GeneMark},{Augustus_model.g904.t1;Augustus}
1073163	1073119	initial-	4	6	{GlimmerHMM_glimmerT_1029-T1;GlimmerHMM},{GeneMark_model.1120_t;GeneMark},{Augustus_model.g904.t1;Augustus}

# EVM prediction: Mode:STANDARD S-ratio: 2.31 1073954-1074425 orient(+) score(1405.00) noncoding_equivalent(607.02) raw_noncoding(675.02) offset(68.00)
1073954	1074196	initial+	1	3	{GlimmerHMM_glimmerT_1030-T1;GlimmerHMM}
1074197	1074260	INTRON			{GeneMark_model.1121_t;GeneMark},{GlimmerHMM_glimmerT_1030-T1;GlimmerHMM},{Augustus_model.g905.t1;Augustus}
1074261	1074425	terminal+	1	3	{GeneMark_model.1121_t;GeneMark},{GlimmerHMM_glimmerT_1030-T1;GlimmerHMM}

# EVM prediction: Mode:STANDARD S-ratio: 4.92 1075383-1075840 orient(+) score(1636.00) noncoding_equivalent(332.49) raw_noncoding(407.76) offset(75.27)
1075383	1075507	initial+	1	2	{GlimmerHMM_glimmerT_1031-T1;GlimmerHMM},{GeneMark_model.1122_t;GeneMark}
1075508	1075578	INTRON			{GlimmerHMM_glimmerT_1031-T1;GlimmerHMM},{GeneMark_model.1122_t;GeneMark},{Augustus_model.g905.t1;Augustus}
1075579	1075840	terminal+	3	3	{GlimmerHMM_glimmerT_1031-T1;GlimmerHMM},{snap_scaffold_2-snap.463-T1;snap},{GeneMark_model.1122_t;GeneMark},{Augustus_model.g905.t1;Augustus}

# EVM prediction: Mode:STANDARD S-ratio: 1.59 1076865-1077905 orient(-) score(2903.00) noncoding_equivalent(1820.88) raw_noncoding(2189.19) offset(368.31)
1076971	1076865	terminal-	5	6	{Augustus_model.g906.t1;Augustus}
1077033	1076972	INTRON			{Augustus_model.g906.t1;Augustus},{GlimmerHMM_glimmerT_1032-T1;GlimmerHMM},{GeneMark_model.1123_t;GeneMark}
1077289	1077034	internal-	4	4	{GlimmerHMM_glimmerT_1032-T1;GlimmerHMM},{GeneMark_model.1123_t;GeneMark}
1077324	1077290	INTRON			{GlimmerHMM_glimmerT_1032-T1;GlimmerHMM},{GeneMark_model.1123_t;GeneMark}
1077372	1077325	internal-	4	6	{Augustus_model.g906.t1;Augustus},{GlimmerHMM_glimmerT_1032-T1;GlimmerHMM},{GeneMark_model.1123_t;GeneMark}
1077440	1077373	INTRON			{Augustus_model.g906.t1;Augustus},{GlimmerHMM_glimmerT_1032-T1;GlimmerHMM},{GeneMark_model.1123_t;GeneMark}
1077623	1077441	internal-	4	6	{Augustus_model.g906.t1;Augustus},{GlimmerHMM_glimmerT_1032-T1;GlimmerHMM},{GeneMark_model.1123_t;GeneMark}
1077779	1077624	INTRON			{Augustus_model.g906.t1;Augustus},{GlimmerHMM_glimmerT_1032-T1;GlimmerHMM},{GeneMark_model.1123_t;GeneMark}
1077905	1077780	initial-	4	6	{Augustus_model.g906.t1;Augustus},{GlimmerHMM_glimmerT_1032-T1;GlimmerHMM},{GeneMark_model.1123_t;GeneMark}

# EVM prediction: Mode:STANDARD S-ratio: 3.75 1079640-1082403 orient(-) score(11162.00) noncoding_equivalent(2980.36) raw_noncoding(3577.00) offset(596.64)
1079866	1079640	terminal-	5	6	{snap_scaffold_2-snap.464-T1;snap},{GlimmerHMM_glimmerT_1034-T1;GlimmerHMM},{GeneMark_model.1125_t;GeneMark},{Augustus_model.g907.t1;Augustus}
1079946	1079867	INTRON			{GlimmerHMM_glimmerT_1034-T1;GlimmerHMM},{GeneMark_model.1125_t;GeneMark},{Augustus_model.g907.t1;Augustus},{ev_type:exonerate/ID=match.2566964.1142/Target=lcl|KQ954482_1_prot_KWU44158_1_3570;exonerate}
1080029	1079947	internal-	6	4	{GlimmerHMM_glimmerT_1034-T1;GlimmerHMM},{GeneMark_model.1125_t;GeneMark},{Augustus_model.g907.t1;Augustus},{ev_type:exonerate/ID=match.2566964.1142/Target=lcl|KQ954482_1_prot_KWU44158_1_3570;exonerate}
1080098	1080030	INTRON			{GlimmerHMM_glimmerT_1034-T1;GlimmerHMM},{GeneMark_model.1125_t;GeneMark},{Augustus_model.g907.t1;Augustus},{ev_type:exonerate/ID=match.2566964.1142/Target=lcl|KQ954482_1_prot_KWU44158_1_3570;exonerate}
1080255	1080099	internal-	5	5	{GlimmerHMM_glimmerT_1034-T1;GlimmerHMM},{GeneMark_model.1125_t;GeneMark},{Augustus_model.g907.t1;Augustus}
1080316	1080256	INTRON			{GlimmerHMM_glimmerT_1034-T1;GlimmerHMM},{GeneMark_model.1125_t;GeneMark},{Augustus_model.g907.t1;Augustus}
1080377	1080317	internal-	4	4	{GlimmerHMM_glimmerT_1034-T1;GlimmerHMM},{GeneMark_model.1125_t;GeneMark},{Augustus_model.g907.t1;Augustus},{ev_type:exonerate/ID=match.2566964.1142/Target=lcl|KQ954482_1_prot_KWU44158_1_3570;exonerate}
1080452	1080378	INTRON			{GlimmerHMM_glimmerT_1034-T1;GlimmerHMM},{GeneMark_model.1125_t;GeneMark},{Augustus_model.g907.t1;Augustus},{ev_type:exonerate/ID=match.2566964.1142/Target=lcl|KQ954482_1_prot_KWU44158_1_3570;exonerate}
1080582	1080453	internal-	6	6	{GlimmerHMM_glimmerT_1034-T1;GlimmerHMM},{GeneMark_model.1125_t;GeneMark},{Augustus_model.g907.t1;Augustus},{ev_type:exonerate/ID=match.2566964.1142/Target=lcl|KQ954482_1_prot_KWU44158_1_3570;exonerate}
1080664	1080583	INTRON			{GlimmerHMM_glimmerT_1034-T1;GlimmerHMM},{GeneMark_model.1125_t;GeneMark},{Augustus_model.g907.t1;Augustus},{ev_type:exonerate/ID=match.2566964.1142/Target=lcl|KQ954482_1_prot_KWU44158_1_3570;exonerate}
1080783	1080665	internal-	4	5	{GlimmerHMM_glimmerT_1034-T1;GlimmerHMM},{GeneMark_model.1125_t;GeneMark},{Augustus_model.g907.t1;Augustus},{ev_type:exonerate/ID=match.2566964.1142/Target=lcl|KQ954482_1_prot_KWU44158_1_3570;exonerate}
1080843	1080784	INTRON			{GlimmerHMM_glimmerT_1034-T1;GlimmerHMM},{GeneMark_model.1125_t;GeneMark},{Augustus_model.g907.t1;Augustus},{ev_type:exonerate/ID=match.2566964.1142/Target=lcl|KQ954482_1_prot_KWU44158_1_3570;exonerate}
1080881	1080844	internal-	5	6	{GlimmerHMM_glimmerT_1034-T1;GlimmerHMM},{GeneMark_model.1125_t;GeneMark},{Augustus_model.g907.t1;Augustus},{ev_type:exonerate/ID=match.2566964.1142/Target=lcl|KQ954482_1_prot_KWU44158_1_3570;exonerate}
1080940	1080882	INTRON			{GlimmerHMM_glimmerT_1034-T1;GlimmerHMM},{GeneMark_model.1125_t;GeneMark},{Augustus_model.g907.t1;Augustus},{ev_type:exonerate/ID=match.2566964.1142/Target=lcl|KQ954482_1_prot_KWU44158_1_3570;exonerate}
1081315	1080941	internal-	5	4	{GlimmerHMM_glimmerT_1034-T1;GlimmerHMM},{GeneMark_model.1125_t;GeneMark},{Augustus_model.g907.t1;Augustus},{ev_type:exonerate/ID=match.2566964.1142/Target=lcl|KQ954482_1_prot_KWU44158_1_3570;exonerate}
1081386	1081316	INTRON			{GlimmerHMM_glimmerT_1034-T1;GlimmerHMM},{GeneMark_model.1125_t;GeneMark},{Augustus_model.g907.t1;Augustus},{ev_type:exonerate/ID=match.2566964.1142/Target=lcl|KQ954482_1_prot_KWU44158_1_3570;exonerate}
1082237	1081387	internal-	6	4	{GlimmerHMM_glimmerT_1034-T1;GlimmerHMM},{GeneMark_model.1125_t;GeneMark},{Augustus_model.g907.t1;Augustus}
1082308	1082238	INTRON			{GlimmerHMM_glimmerT_1034-T1;GlimmerHMM},{GeneMark_model.1125_t;GeneMark},{Augustus_model.g907.t1;Augustus}
1082403	1082309	initial-	4	5	{GlimmerHMM_glimmerT_1034-T1;GlimmerHMM},{GeneMark_model.1125_t;GeneMark},{Augustus_model.g907.t1;Augustus}

# EVM prediction: Mode:STANDARD S-ratio: 11.11 1083031-1085246 orient(-) score(12203.00) noncoding_equivalent(1098.36) raw_noncoding(1418.00) offset(319.64)
1084078	1083031	terminal-	6	6	{GeneMark_model.1126_t;GeneMark},{snap_scaffold_2-snap.466-T1;snap},{Augustus_model.g908.t1;Augustus}
1084145	1084079	INTRON			{GeneMark_model.1126_t;GeneMark},{snap_scaffold_2-snap.466-T1;snap},{Augustus_model.g908.t1;Augustus},{ev_type:exonerate/ID=match.2566964.1098/Target=lcl|PJQD01000048_1_prot_POY72534_1_4432;exonerate},{ev_type:exonerate/ID=match.2566964.1096/Target=lcl|KQ954482_1_prot_KWU44159_1_3571;exonerate}
1084168	1084146	internal-	4	5	{GeneMark_model.1126_t;GeneMark},{Augustus_model.g908.t1;Augustus},{ev_type:exonerate/ID=match.2566964.1098/Target=lcl|PJQD01000048_1_prot_POY72534_1_4432;exonerate},{ev_type:exonerate/ID=match.2566964.1096/Target=lcl|KQ954482_1_prot_KWU44159_1_3571;exonerate}
1084248	1084169	INTRON			{GeneMark_model.1126_t;GeneMark},{Augustus_model.g908.t1;Augustus},{ev_type:exonerate/ID=match.2566964.1096/Target=lcl|KQ954482_1_prot_KWU44159_1_3571;exonerate}
1084705	1084249	internal-	6	6	{GeneMark_model.1126_t;GeneMark},{GlimmerHMM_glimmerT_1035-T1;GlimmerHMM},{Augustus_model.g908.t1;Augustus},{ev_type:exonerate/ID=match.2566964.1096/Target=lcl|KQ954482_1_prot_KWU44159_1_3571;exonerate}
1084791	1084706	INTRON			{GeneMark_model.1126_t;GeneMark},{GlimmerHMM_glimmerT_1035-T1;GlimmerHMM},{Augustus_model.g908.t1;Augustus},{ev_type:exonerate/ID=match.2566964.1098/Target=lcl|PJQD01000048_1_prot_POY72534_1_4432;exonerate},{ev_type:exonerate/ID=match.2566964.1096/Target=lcl|KQ954482_1_prot_KWU44159_1_3571;exonerate}
1085246	1084792	initial-	4	5	{GeneMark_model.1126_t;GeneMark},{GlimmerHMM_glimmerT_1035-T1;GlimmerHMM},{Augustus_model.g908.t1;Augustus}

# EVM prediction: Mode:STANDARD S-ratio: 2.76 1086747-1088905 orient(+) score(10606.00) noncoding_equivalent(3841.50) raw_noncoding(4715.00) offset(873.50)
1086747	1086912	initial+	1	1	{GeneMark_model.1127_t;GeneMark},{GlimmerHMM_glimmerT_1036-T1;GlimmerHMM},{Augustus_model.g909.t1;Augustus}
1086913	1087096	INTRON			{GeneMark_model.1127_t;GeneMark},{GlimmerHMM_glimmerT_1036-T1;GlimmerHMM},{Augustus_model.g909.t1;Augustus},{ev_type:exonerate/ID=match.2566964.1210/Target=lcl|PJQD01000048_1_prot_POY72535_1_4433;exonerate}
1087097	1087166	internal+	2	2	{GeneMark_model.1127_t;GeneMark},{GlimmerHMM_glimmerT_1036-T1;GlimmerHMM},{Augustus_model.g909.t1;Augustus},{ev_type:exonerate/ID=match.2566964.1210/Target=lcl|PJQD01000048_1_prot_POY72535_1_4433;exonerate}
1087167	1087308	INTRON			{GeneMark_model.1127_t;GeneMark},{GlimmerHMM_glimmerT_1036-T1;GlimmerHMM},{Augustus_model.g909.t1;Augustus},{ev_type:exonerate/ID=match.2566964.1234/Target=lcl|NW_017264931_1_prot_XP_018272536_1_2367;exonerate},{ev_type:exonerate/ID=match.2566964.1210/Target=lcl|PJQD01000048_1_prot_POY72535_1_4433;exonerate}
1087309	1087373	internal+	3	1	{GeneMark_model.1127_t;GeneMark},{GlimmerHMM_glimmerT_1036-T1;GlimmerHMM},{Augustus_model.g909.t1;Augustus},{ev_type:exonerate/ID=match.2566964.1234/Target=lcl|NW_017264931_1_prot_XP_018272536_1_2367;exonerate},{ev_type:exonerate/ID=match.2566964.1210/Target=lcl|PJQD01000048_1_prot_POY72535_1_4433;exonerate}
1087374	1087453	INTRON			{GeneMark_model.1127_t;GeneMark},{GlimmerHMM_glimmerT_1036-T1;GlimmerHMM},{Augustus_model.g909.t1;Augustus},{ev_type:exonerate/ID=match.2566964.1234/Target=lcl|NW_017264931_1_prot_XP_018272536_1_2367;exonerate},{ev_type:exonerate/ID=match.2566964.1210/Target=lcl|PJQD01000048_1_prot_POY72535_1_4433;exonerate}
1087454	1087480	internal+	2	1	{GeneMark_model.1127_t;GeneMark},{GlimmerHMM_glimmerT_1036-T1;GlimmerHMM},{Augustus_model.g909.t1;Augustus},{ev_type:exonerate/ID=match.2566964.1234/Target=lcl|NW_017264931_1_prot_XP_018272536_1_2367;exonerate},{ev_type:exonerate/ID=match.2566964.1210/Target=lcl|PJQD01000048_1_prot_POY72535_1_4433;exonerate}
1087481	1087544	INTRON			{GeneMark_model.1127_t;GeneMark},{GlimmerHMM_glimmerT_1036-T1;GlimmerHMM},{Augustus_model.g909.t1;Augustus},{ev_type:exonerate/ID=match.2566964.1234/Target=lcl|NW_017264931_1_prot_XP_018272536_1_2367;exonerate},{ev_type:exonerate/ID=match.2566964.1210/Target=lcl|PJQD01000048_1_prot_POY72535_1_4433;exonerate}
1087545	1087660	internal+	2	3	{GeneMark_model.1127_t;GeneMark},{GlimmerHMM_glimmerT_1036-T1;GlimmerHMM},{Augustus_model.g909.t1;Augustus},{ev_type:exonerate/ID=match.2566964.1234/Target=lcl|NW_017264931_1_prot_XP_018272536_1_2367;exonerate},{ev_type:exonerate/ID=match.2566964.1210/Target=lcl|PJQD01000048_1_prot_POY72535_1_4433;exonerate}
1087661	1087723	INTRON			{GeneMark_model.1127_t;GeneMark},{GlimmerHMM_glimmerT_1036-T1;GlimmerHMM},{Augustus_model.g909.t1;Augustus},{ev_type:exonerate/ID=match.2566964.1234/Target=lcl|NW_017264931_1_prot_XP_018272536_1_2367;exonerate},{ev_type:exonerate/ID=match.2566964.1210/Target=lcl|PJQD01000048_1_prot_POY72535_1_4433;exonerate}
1087724	1087807	internal+	1	3	{GeneMark_model.1127_t;GeneMark},{GlimmerHMM_glimmerT_1036-T1;GlimmerHMM},{Augustus_model.g909.t1;Augustus},{ev_type:exonerate/ID=match.2566964.1234/Target=lcl|NW_017264931_1_prot_XP_018272536_1_2367;exonerate},{ev_type:exonerate/ID=match.2566964.1210/Target=lcl|PJQD01000048_1_prot_POY72535_1_4433;exonerate}
1087808	1087871	INTRON			{GeneMark_model.1127_t;GeneMark},{GlimmerHMM_glimmerT_1036-T1;GlimmerHMM},{Augustus_model.g909.t1;Augustus},{ev_type:exonerate/ID=match.2566964.1234/Target=lcl|NW_017264931_1_prot_XP_018272536_1_2367;exonerate},{ev_type:exonerate/ID=match.2566964.1210/Target=lcl|PJQD01000048_1_prot_POY72535_1_4433;exonerate}
1087872	1087995	internal+	1	1	{GeneMark_model.1127_t;GeneMark},{GlimmerHMM_glimmerT_1036-T1;GlimmerHMM},{Augustus_model.g909.t1;Augustus},{ev_type:exonerate/ID=match.2566964.1234/Target=lcl|NW_017264931_1_prot_XP_018272536_1_2367;exonerate},{ev_type:exonerate/ID=match.2566964.1210/Target=lcl|PJQD01000048_1_prot_POY72535_1_4433;exonerate}
1087996	1088068	INTRON			{GeneMark_model.1127_t;GeneMark},{GlimmerHMM_glimmerT_1036-T1;GlimmerHMM},{Augustus_model.g909.t1;Augustus},{ev_type:exonerate/ID=match.2566964.1234/Target=lcl|NW_017264931_1_prot_XP_018272536_1_2367;exonerate},{ev_type:exonerate/ID=match.2566964.1210/Target=lcl|PJQD01000048_1_prot_POY72535_1_4433;exonerate}
1088069	1088202	internal+	2	3	{GeneMark_model.1127_t;GeneMark},{GlimmerHMM_glimmerT_1036-T1;GlimmerHMM},{Augustus_model.g909.t1;Augustus},{ev_type:exonerate/ID=match.2566964.1234/Target=lcl|NW_017264931_1_prot_XP_018272536_1_2367;exonerate},{ev_type:exonerate/ID=match.2566964.1210/Target=lcl|PJQD01000048_1_prot_POY72535_1_4433;exonerate}
1088203	1088282	INTRON			{GeneMark_model.1127_t;GeneMark},{GlimmerHMM_glimmerT_1036-T1;GlimmerHMM},{snap_scaffold_2-snap.468-T1;snap},{Augustus_model.g909.t1;Augustus},{ev_type:exonerate/ID=match.2566964.1234/Target=lcl|NW_017264931_1_prot_XP_018272536_1_2367;exonerate},{ev_type:exonerate/ID=match.2566964.1210/Target=lcl|PJQD01000048_1_prot_POY72535_1_4433;exonerate}
1088283	1088546	internal+	1	3	{GeneMark_model.1127_t;GeneMark},{GlimmerHMM_glimmerT_1036-T1;GlimmerHMM},{Augustus_model.g909.t1;Augustus},{ev_type:exonerate/ID=match.2566964.1234/Target=lcl|NW_017264931_1_prot_XP_018272536_1_2367;exonerate},{ev_type:exonerate/ID=match.2566964.1210/Target=lcl|PJQD01000048_1_prot_POY72535_1_4433;exonerate}
1088547	1088614	INTRON			{GeneMark_model.1127_t;GeneMark},{GlimmerHMM_glimmerT_1036-T1;GlimmerHMM},{Augustus_model.g909.t1;Augustus},{ev_type:exonerate/ID=match.2566964.1234/Target=lcl|NW_017264931_1_prot_XP_018272536_1_2367;exonerate},{ev_type:exonerate/ID=match.2566964.1210/Target=lcl|PJQD01000048_1_prot_POY72535_1_4433;exonerate}
1088615	1088671	internal+	1	3	{GeneMark_model.1127_t;GeneMark},{GlimmerHMM_glimmerT_1036-T1;GlimmerHMM},{Augustus_model.g909.t1;Augustus},{ev_type:exonerate/ID=match.2566964.1234/Target=lcl|NW_017264931_1_prot_XP_018272536_1_2367;exonerate},{ev_type:exonerate/ID=match.2566964.1210/Target=lcl|PJQD01000048_1_prot_POY72535_1_4433;exonerate}
1088672	1088744	INTRON			{GeneMark_model.1127_t;GeneMark},{GlimmerHMM_glimmerT_1036-T1;GlimmerHMM},{Augustus_model.g909.t1;Augustus},{ev_type:exonerate/ID=match.2566964.1234/Target=lcl|NW_017264931_1_prot_XP_018272536_1_2367;exonerate},{ev_type:exonerate/ID=match.2566964.1210/Target=lcl|PJQD01000048_1_prot_POY72535_1_4433;exonerate}
1088745	1088810	internal+	1	3	{GeneMark_model.1127_t;GeneMark},{GlimmerHMM_glimmerT_1036-T1;GlimmerHMM},{Augustus_model.g909.t1;Augustus}
1088811	1088881	INTRON			{GeneMark_model.1127_t;GeneMark},{GlimmerHMM_glimmerT_1036-T1;GlimmerHMM},{Augustus_model.g909.t1;Augustus}
1088882	1088905	terminal+	1	3	{GeneMark_model.1127_t;GeneMark},{GlimmerHMM_glimmerT_1036-T1;GlimmerHMM},{Augustus_model.g909.t1;Augustus}

# EVM prediction: Mode:STANDARD S-ratio: 3.04 1089504-1091850 orient(+) score(8690.00) noncoding_equivalent(2860.79) raw_noncoding(3622.00) offset(761.21)
1089504	1090065	initial+	1	1	{GeneMark_model.1128_t;GeneMark},{GlimmerHMM_glimmerT_1037-T1;GlimmerHMM},{Augustus_model.g910.t1;Augustus}
1090066	1090129	INTRON			{GeneMark_model.1128_t;GeneMark},{GlimmerHMM_glimmerT_1037-T1;GlimmerHMM},{Augustus_model.g910.t1;Augustus},{ev_type:exonerate/ID=match.2566964.1173/Target=lcl|KQ954482_1_prot_KWU44069_1_3481;exonerate}
1090130	1090188	internal+	2	3	{GeneMark_model.1128_t;GeneMark},{GlimmerHMM_glimmerT_1037-T1;GlimmerHMM},{Augustus_model.g910.t1;Augustus},{ev_type:exonerate/ID=match.2566964.1173/Target=lcl|KQ954482_1_prot_KWU44069_1_3481;exonerate}
1090189	1090247	INTRON			{GeneMark_model.1128_t;GeneMark},{Augustus_model.g910.t1;Augustus},{ev_type:exonerate/ID=match.2566964.1173/Target=lcl|KQ954482_1_prot_KWU44069_1_3481;exonerate}
1090248	1090273	internal+	1	2	{GeneMark_model.1128_t;GeneMark},{Augustus_model.g910.t1;Augustus},{ev_type:exonerate/ID=match.2566964.1173/Target=lcl|KQ954482_1_prot_KWU44069_1_3481;exonerate}
1090274	1090350	INTRON			{GeneMark_model.1128_t;GeneMark},{Augustus_model.g910.t1;Augustus},{ev_type:exonerate/ID=match.2566964.1173/Target=lcl|KQ954482_1_prot_KWU44069_1_3481;exonerate}
1090351	1090422	internal+	3	2	{GeneMark_model.1128_t;GeneMark},{Augustus_model.g910.t1;Augustus}
1090423	1090498	INTRON			{GeneMark_model.1128_t;GeneMark},{GlimmerHMM_glimmerT_1037-T1;GlimmerHMM},{Augustus_model.g910.t1;Augustus}
1090499	1090688	internal+	3	3	{GeneMark_model.1128_t;GeneMark},{Augustus_model.g910.t1;Augustus},{ev_type:exonerate/ID=match.2566964.1173/Target=lcl|KQ954482_1_prot_KWU44069_1_3481;exonerate}
1090689	1090754	INTRON			{GeneMark_model.1128_t;GeneMark},{Augustus_model.g910.t1;Augustus},{ev_type:exonerate/ID=match.2566964.1173/Target=lcl|KQ954482_1_prot_KWU44069_1_3481;exonerate}
1090755	1091039	internal+	1	3	{GeneMark_model.1128_t;GeneMark},{Augustus_model.g910.t1;Augustus},{ev_type:exonerate/ID=match.2566964.1173/Target=lcl|KQ954482_1_prot_KWU44069_1_3481;exonerate}
1091040	1091100	INTRON			{GeneMark_model.1128_t;GeneMark},{GlimmerHMM_glimmerT_1037-T1;GlimmerHMM},{Augustus_model.g910.t1;Augustus},{ev_type:exonerate/ID=match.2566964.1173/Target=lcl|KQ954482_1_prot_KWU44069_1_3481;exonerate}
1091101	1091394	internal+	1	3	{GeneMark_model.1128_t;GeneMark},{GlimmerHMM_glimmerT_1037-T1;GlimmerHMM},{Augustus_model.g910.t1;Augustus},{ev_type:exonerate/ID=match.2566964.1173/Target=lcl|KQ954482_1_prot_KWU44069_1_3481;exonerate}
1091395	1091456	INTRON			{GeneMark_model.1128_t;GeneMark},{Augustus_model.g910.t1;Augustus},{ev_type:exonerate/ID=match.2566964.1173/Target=lcl|KQ954482_1_prot_KWU44069_1_3481;exonerate}
1091457	1091533	internal+	1	2	{GeneMark_model.1128_t;GeneMark},{Augustus_model.g910.t1;Augustus}
1091534	1091598	INTRON			{GeneMark_model.1128_t;GeneMark},{Augustus_model.g910.t1;Augustus}
1091599	1091756	internal+	3	1	{GeneMark_model.1128_t;GeneMark},{Augustus_model.g910.t1;Augustus}
1091757	1091815	INTRON			{GeneMark_model.1128_t;GeneMark},{GlimmerHMM_glimmerT_1037-T1;GlimmerHMM},{Augustus_model.g910.t1;Augustus}
1091816	1091850	terminal+	2	3	{GeneMark_model.1128_t;GeneMark},{GlimmerHMM_glimmerT_1037-T1;GlimmerHMM},{Augustus_model.g910.t1;Augustus}

# EVM prediction: Mode:STANDARD S-ratio: 2.30 1091892-1094099 orient(-) score(6873.00) noncoding_equivalent(2982.17) raw_noncoding(3411.00) offset(428.83)
1092138	1091892	terminal-	6	6	{GeneMark_model.1129_t;GeneMark},{Augustus_model.g911.t1;Augustus},{GlimmerHMM_glimmerT_1038-T1;GlimmerHMM}
1092221	1092139	INTRON			{GeneMark_model.1129_t;GeneMark},{Augustus_model.g911.t1;Augustus},{GlimmerHMM_glimmerT_1038-T1;GlimmerHMM}
1092306	1092222	internal-	5	5	{GeneMark_model.1129_t;GeneMark},{Augustus_model.g911.t1;Augustus},{GlimmerHMM_glimmerT_1038-T1;GlimmerHMM}
1092368	1092307	INTRON			{GeneMark_model.1129_t;GeneMark},{Augustus_model.g911.t1;Augustus},{GlimmerHMM_glimmerT_1038-T1;GlimmerHMM}
1092422	1092369	internal-	5	4	{GeneMark_model.1129_t;GeneMark},{Augustus_model.g911.t1;Augustus},{GlimmerHMM_glimmerT_1038-T1;GlimmerHMM}
1092495	1092423	INTRON			{GeneMark_model.1129_t;GeneMark},{Augustus_model.g911.t1;Augustus},{GlimmerHMM_glimmerT_1038-T1;GlimmerHMM}
1092723	1092496	internal-	5	4	{GeneMark_model.1129_t;GeneMark},{Augustus_model.g911.t1;Augustus},{GlimmerHMM_glimmerT_1038-T1;GlimmerHMM}
1092794	1092724	INTRON			{GeneMark_model.1129_t;GeneMark},{Augustus_model.g911.t1;Augustus},{snap_scaffold_2-snap.470-T1;snap},{GlimmerHMM_glimmerT_1038-T1;GlimmerHMM}
1092891	1092795	internal-	4	4	{GeneMark_model.1129_t;GeneMark},{Augustus_model.g911.t1;Augustus}
1092957	1092892	INTRON			{GeneMark_model.1129_t;GeneMark},{Augustus_model.g911.t1;Augustus}
1093042	1092958	internal-	6	6	{GeneMark_model.1129_t;GeneMark},{Augustus_model.g911.t1;Augustus}
1093135	1093043	INTRON			{GeneMark_model.1129_t;GeneMark},{Augustus_model.g911.t1;Augustus},{GlimmerHMM_glimmerT_1038-T1;GlimmerHMM}
1093686	1093136	internal-	4	5	{GeneMark_model.1129_t;GeneMark},{Augustus_model.g911.t1;Augustus},{GlimmerHMM_glimmerT_1038-T1;GlimmerHMM}
1093760	1093687	INTRON			{GeneMark_model.1129_t;GeneMark},{Augustus_model.g911.t1;Augustus},{GlimmerHMM_glimmerT_1038-T1;GlimmerHMM}
1094099	1093761	initial-	4	6	{GeneMark_model.1129_t;GeneMark},{Augustus_model.g911.t1;Augustus},{GlimmerHMM_glimmerT_1038-T1;GlimmerHMM}

# EVM prediction: Mode:STANDARD S-ratio: 2.16 1094510-1095762 orient(-) score(3678.00) noncoding_equivalent(1700.00) raw_noncoding(1979.00) offset(279.00)
1094797	1094510	terminal-	4	6	{GeneMark_model.1130_t;GeneMark},{Augustus_model.g912.t1;Augustus},{GlimmerHMM_glimmerT_1039-T1;GlimmerHMM}
1094910	1094798	INTRON			{GeneMark_model.1130_t;GeneMark},{Augustus_model.g912.t1;Augustus},{GlimmerHMM_glimmerT_1039-T1;GlimmerHMM}
1095069	1094911	internal-	4	6	{GeneMark_model.1130_t;GeneMark},{Augustus_model.g912.t1;Augustus}
1095150	1095070	INTRON			{GeneMark_model.1130_t;GeneMark},{Augustus_model.g912.t1;Augustus}
1095363	1095151	internal-	4	6	{GeneMark_model.1130_t;GeneMark},{Augustus_model.g912.t1;Augustus}
1095438	1095364	INTRON			{GeneMark_model.1130_t;GeneMark},{Augustus_model.g912.t1;Augustus},{GlimmerHMM_glimmerT_1039-T1;GlimmerHMM}
1095762	1095439	initial-	4	6	{GeneMark_model.1130_t;GeneMark},{Augustus_model.g912.t1;Augustus},{GlimmerHMM_glimmerT_1039-T1;GlimmerHMM}

# EVM prediction: Mode:STANDARD S-ratio: 1.92 1096014-1096925 orient(+) score(2894.00) noncoding_equivalent(1504.38) raw_noncoding(1831.04) offset(326.66)
1096014	1096044	initial+	1	1	{GlimmerHMM_glimmerT_1040-T1;GlimmerHMM},{GeneMark_model.1131_t;GeneMark},{Augustus_model.g913.t1;Augustus}
1096045	1096142	INTRON			{GlimmerHMM_glimmerT_1040-T1;GlimmerHMM},{GeneMark_model.1131_t;GeneMark},{Augustus_model.g913.t1;Augustus}
1096143	1096203	internal+	2	2	{GlimmerHMM_glimmerT_1040-T1;GlimmerHMM},{GeneMark_model.1131_t;GeneMark},{Augustus_model.g913.t1;Augustus}
1096204	1096271	INTRON			{GlimmerHMM_glimmerT_1040-T1;GlimmerHMM},{GeneMark_model.1131_t;GeneMark},{Augustus_model.g913.t1;Augustus}
1096272	1096429	internal+	3	1	{GlimmerHMM_glimmerT_1040-T1;GlimmerHMM},{GeneMark_model.1131_t;GeneMark},{Augustus_model.g913.t1;Augustus}
1096430	1096531	INTRON			{GlimmerHMM_glimmerT_1040-T1;GlimmerHMM},{GeneMark_model.1131_t;GeneMark},{Augustus_model.g913.t1;Augustus}
1096532	1096723	internal+	2	1	{GlimmerHMM_glimmerT_1040-T1;GlimmerHMM},{GeneMark_model.1131_t;GeneMark},{Augustus_model.g913.t1;Augustus}
1096724	1096839	INTRON			{GlimmerHMM_glimmerT_1040-T1;GlimmerHMM},{GeneMark_model.1131_t;GeneMark},{Augustus_model.g913.t1;Augustus}
1096840	1096925	terminal+	2	3	{GlimmerHMM_glimmerT_1040-T1;GlimmerHMM},{GeneMark_model.1131_t;GeneMark},{Augustus_model.g913.t1;Augustus}

# EVM prediction: Mode:STANDARD S-ratio: 1.82 1097262-1097865 orient(+) score(1812.00) noncoding_equivalent(994.00) raw_noncoding(1201.00) offset(207.00)
1097262	1097293	initial+	1	2	{GeneMark_model.1132_t;GeneMark},{GlimmerHMM_glimmerT_1041-T1;GlimmerHMM},{Augustus_model.g914.t1;Augustus}
1097294	1097364	INTRON			{GeneMark_model.1132_t;GeneMark},{GlimmerHMM_glimmerT_1041-T1;GlimmerHMM},{Augustus_model.g914.t1;Augustus}
1097365	1097619	internal+	3	2	{GeneMark_model.1132_t;GeneMark},{GlimmerHMM_glimmerT_1041-T1;GlimmerHMM},{Augustus_model.g914.t1;Augustus}
1097620	1097747	INTRON			{GeneMark_model.1132_t;GeneMark},{GlimmerHMM_glimmerT_1041-T1;GlimmerHMM},{Augustus_model.g914.t1;Augustus}
1097748	1097865	terminal+	3	3	{GeneMark_model.1132_t;GeneMark},{GlimmerHMM_glimmerT_1041-T1;GlimmerHMM},{Augustus_model.g914.t1;Augustus}

# EVM prediction: Mode:STANDARD S-ratio: 0.99 1099947-1100520 orient(+) score(1088.00) noncoding_equivalent(1094.34) raw_noncoding(1774.68) offset(680.35)
1099947	1100016	initial+	1	1	{Augustus_model.g915.t1;Augustus}
1100017	1100073	INTRON			{Augustus_model.g915.t1;Augustus}
1100074	1100087	internal+	2	3	{GeneMark_model.1133_t;GeneMark},{Augustus_model.g915.t1;Augustus}
1100088	1100166	INTRON			{GeneMark_model.1133_t;GeneMark},{Augustus_model.g915.t1;Augustus}
1100167	1100233	internal+	1	1	{GeneMark_model.1133_t;GeneMark},{Augustus_model.g915.t1;Augustus}
1100234	1100307	INTRON			{GeneMark_model.1133_t;GeneMark},{Augustus_model.g915.t1;Augustus}
1100308	1100357	internal+	2	3	{GeneMark_model.1133_t;GeneMark},{Augustus_model.g915.t1;Augustus}
1100358	1100469	INTRON			{GeneMark_model.1133_t;GeneMark},{Augustus_model.g915.t1;Augustus}
1100470	1100520	terminal+	1	3	{GeneMark_model.1133_t;GeneMark},{Augustus_model.g915.t1;Augustus}

# EVM prediction: Mode:STANDARD S-ratio: 2.01 1100663-1103617 orient(-) score(8578.00) noncoding_equivalent(4265.33) raw_noncoding(4774.00) offset(508.67)
1101040	1100663	terminal-	4	6	{GlimmerHMM_glimmerT_1043-T1;GlimmerHMM},{GeneMark_model.1134_t;GeneMark},{Augustus_model.g916.t1;Augustus}
1101110	1101041	INTRON			{GlimmerHMM_glimmerT_1043-T1;GlimmerHMM},{GeneMark_model.1134_t;GeneMark},{Augustus_model.g916.t1;Augustus}
1101241	1101111	internal-	5	6	{GlimmerHMM_glimmerT_1043-T1;GlimmerHMM},{GeneMark_model.1134_t;GeneMark},{Augustus_model.g916.t1;Augustus}
1101299	1101242	INTRON			{GlimmerHMM_glimmerT_1043-T1;GlimmerHMM},{GeneMark_model.1134_t;GeneMark},{Augustus_model.g916.t1;Augustus}
1101662	1101300	internal-	5	4	{GlimmerHMM_glimmerT_1043-T1;GlimmerHMM},{GeneMark_model.1134_t;GeneMark},{Augustus_model.g916.t1;Augustus}
1101727	1101663	INTRON			{GlimmerHMM_glimmerT_1043-T1;GlimmerHMM},{GeneMark_model.1134_t;GeneMark},{Augustus_model.g916.t1;Augustus}
1101920	1101728	internal-	4	4	{GlimmerHMM_glimmerT_1043-T1;GlimmerHMM},{GeneMark_model.1134_t;GeneMark},{Augustus_model.g916.t1;Augustus}
1101982	1101921	INTRON			{GlimmerHMM_glimmerT_1043-T1;GlimmerHMM},{GeneMark_model.1134_t;GeneMark},{Augustus_model.g916.t1;Augustus}
1102152	1101983	internal-	5	6	{GlimmerHMM_glimmerT_1043-T1;GlimmerHMM},{GeneMark_model.1134_t;GeneMark},{Augustus_model.g916.t1;Augustus}
1102218	1102153	INTRON			{GlimmerHMM_glimmerT_1043-T1;GlimmerHMM},{GeneMark_model.1134_t;GeneMark},{Augustus_model.g916.t1;Augustus}
1102557	1102219	internal-	5	4	{GlimmerHMM_glimmerT_1043-T1;GlimmerHMM},{GeneMark_model.1134_t;GeneMark},{Augustus_model.g916.t1;Augustus}
1102623	1102558	INTRON			{GlimmerHMM_glimmerT_1043-T1;GlimmerHMM},{GeneMark_model.1134_t;GeneMark},{Augustus_model.g916.t1;Augustus}
1102769	1102624	internal-	6	4	{GlimmerHMM_glimmerT_1043-T1;GlimmerHMM},{GeneMark_model.1134_t;GeneMark},{Augustus_model.g916.t1;Augustus}
1102840	1102770	INTRON			{GlimmerHMM_glimmerT_1043-T1;GlimmerHMM},{GeneMark_model.1134_t;GeneMark},{Augustus_model.g916.t1;Augustus}
1102970	1102841	internal-	5	5	{GlimmerHMM_glimmerT_1043-T1;GlimmerHMM},{GeneMark_model.1134_t;GeneMark},{Augustus_model.g916.t1;Augustus}
1103040	1102971	INTRON			{GlimmerHMM_glimmerT_1043-T1;GlimmerHMM},{GeneMark_model.1134_t;GeneMark},{Augustus_model.g916.t1;Augustus}
1103617	1103041	initial-	4	4	{GlimmerHMM_glimmerT_1043-T1;GlimmerHMM},{GeneMark_model.1134_t;GeneMark}

# EVM prediction: Mode:STANDARD S-ratio: 2.33 1106159-1107855 orient(-) score(5866.00) noncoding_equivalent(2516.87) raw_noncoding(3215.02) offset(698.15)
1106181	1106159	terminal-	5	6	{GeneMark_model.1135_t;GeneMark},{GlimmerHMM_glimmerT_1044-T1;GlimmerHMM}
1106257	1106182	INTRON			{GeneMark_model.1135_t;GeneMark},{GlimmerHMM_glimmerT_1044-T1;GlimmerHMM}
1106324	1106258	internal-	4	4	{GeneMark_model.1135_t;GeneMark},{GlimmerHMM_glimmerT_1044-T1;GlimmerHMM}
1106407	1106325	INTRON			{GeneMark_model.1135_t;GeneMark},{GlimmerHMM_glimmerT_1044-T1;GlimmerHMM},{ev_type:exonerate/ID=match.2566964.1178/Target=lcl|PJQD01000048_1_prot_POY72543_1_4441;exonerate}
1107275	1106408	internal-	6	6	{GeneMark_model.1135_t;GeneMark},{GlimmerHMM_glimmerT_1044-T1;GlimmerHMM},{ev_type:exonerate/ID=match.2566964.1178/Target=lcl|PJQD01000048_1_prot_POY72543_1_4441;exonerate}
1107344	1107276	INTRON			{GeneMark_model.1135_t;GeneMark},{GlimmerHMM_glimmerT_1044-T1;GlimmerHMM},{ev_type:exonerate/ID=match.2566964.1178/Target=lcl|PJQD01000048_1_prot_POY72543_1_4441;exonerate}
1107466	1107345	internal-	4	5	{GeneMark_model.1135_t;GeneMark},{GlimmerHMM_glimmerT_1044-T1;GlimmerHMM},{ev_type:exonerate/ID=match.2566964.1178/Target=lcl|PJQD01000048_1_prot_POY72543_1_4441;exonerate}
1107615	1107467	INTRON			{GeneMark_model.1135_t;GeneMark},{GlimmerHMM_glimmerT_1044-T1;GlimmerHMM},{ev_type:exonerate/ID=match.2566964.1178/Target=lcl|PJQD01000048_1_prot_POY72543_1_4441;exonerate}
1107855	1107616	initial-	4	6	{GeneMark_model.1135_t;GeneMark},{GlimmerHMM_glimmerT_1044-T1;GlimmerHMM}

# EVM prediction: Mode:STANDARD S-ratio: 1.48 1109038-1111585 orient(+) score(6082.00) noncoding_equivalent(4108.00) raw_noncoding(4627.00) offset(519.00)
1109038	1109658	initial+	1	3	{GlimmerHMM_glimmerT_1045-T1;GlimmerHMM},{GeneMark_model.1136_t;GeneMark}
1109659	1109716	INTRON			{GlimmerHMM_glimmerT_1045-T1;GlimmerHMM},{GeneMark_model.1136_t;GeneMark}
1109717	1109876	internal+	1	1	{GlimmerHMM_glimmerT_1045-T1;GlimmerHMM},{GeneMark_model.1136_t;GeneMark}
1109877	1109942	INTRON			{GlimmerHMM_glimmerT_1045-T1;GlimmerHMM},{GeneMark_model.1136_t;GeneMark}
1109943	1110266	internal+	2	1	{GlimmerHMM_glimmerT_1045-T1;GlimmerHMM},{GeneMark_model.1136_t;GeneMark}
1110267	1110333	INTRON			{GlimmerHMM_glimmerT_1045-T1;GlimmerHMM},{GeneMark_model.1136_t;GeneMark}
1110334	1110428	internal+	2	3	{GlimmerHMM_glimmerT_1045-T1;GlimmerHMM},{GeneMark_model.1136_t;GeneMark}
1110429	1110499	INTRON			{GlimmerHMM_glimmerT_1045-T1;GlimmerHMM},{GeneMark_model.1136_t;GeneMark}
1110500	1111585	terminal+	1	3	{GlimmerHMM_glimmerT_1045-T1;GlimmerHMM},{GeneMark_model.1136_t;GeneMark}

# EVM prediction: Mode:STANDARD S-ratio: 1.00 1112064-1112958 orient(-) score(1790.00) noncoding_equivalent(1790.00) raw_noncoding(2080.00) offset(290.00)
1112402	1112064	terminal-	4	6	{GlimmerHMM_glimmerT_1046-T1;GlimmerHMM},{GeneMark_model.1137_t;GeneMark}
1112470	1112403	INTRON			{GlimmerHMM_glimmerT_1046-T1;GlimmerHMM},{GeneMark_model.1137_t;GeneMark}
1112714	1112471	internal-	6	6	{GlimmerHMM_glimmerT_1046-T1;GlimmerHMM},{GeneMark_model.1137_t;GeneMark}
1112791	1112715	INTRON			{GlimmerHMM_glimmerT_1046-T1;GlimmerHMM},{GeneMark_model.1137_t;GeneMark}
1112958	1112792	initial-	4	5	{GlimmerHMM_glimmerT_1046-T1;GlimmerHMM},{GeneMark_model.1137_t;GeneMark}

# EVM prediction: Mode:STANDARD S-ratio: 2.35 1113327-1114428 orient(+) score(3233.00) noncoding_equivalent(1373.00) raw_noncoding(1554.00) offset(181.00)
1113327	1113333	initial+	1	1	{GeneMark_model.1138_t;GeneMark},{GlimmerHMM_glimmerT_1047-T1;GlimmerHMM},{snap_scaffold_2-snap.475-T1;snap}
1113334	1113435	INTRON			{GeneMark_model.1138_t;GeneMark},{GlimmerHMM_glimmerT_1047-T1;GlimmerHMM},{snap_scaffold_2-snap.475-T1;snap}
1113436	1114339	internal+	2	2	{GeneMark_model.1138_t;GeneMark},{GlimmerHMM_glimmerT_1047-T1;GlimmerHMM}
1114340	1114412	INTRON			{GeneMark_model.1138_t;GeneMark},{GlimmerHMM_glimmerT_1047-T1;GlimmerHMM}
1114413	1114428	terminal+	3	3	{GeneMark_model.1138_t;GeneMark},{GlimmerHMM_glimmerT_1047-T1;GlimmerHMM}

# EVM prediction: Mode:STANDARD S-ratio: 1.93 1114790-1118353 orient(-) score(9387.00) noncoding_equivalent(4865.00) raw_noncoding(5802.00) offset(937.00)
1114921	1114790	terminal-	4	6	{GeneMark_model.1139_t;GeneMark},{GlimmerHMM_glimmerT_1048-T1;GlimmerHMM}
1115024	1114922	INTRON			{GeneMark_model.1139_t;GeneMark},{GlimmerHMM_glimmerT_1048-T1;GlimmerHMM}
1115084	1115025	internal-	4	6	{GeneMark_model.1139_t;GeneMark},{GlimmerHMM_glimmerT_1048-T1;GlimmerHMM}
1115198	1115085	INTRON			{GeneMark_model.1139_t;GeneMark},{GlimmerHMM_glimmerT_1048-T1;GlimmerHMM}
1115557	1115199	internal-	5	6	{GeneMark_model.1139_t;GeneMark},{GlimmerHMM_glimmerT_1048-T1;GlimmerHMM}
1115623	1115558	INTRON			{GeneMark_model.1139_t;GeneMark},{GlimmerHMM_glimmerT_1048-T1;GlimmerHMM}
1115881	1115624	internal-	5	4	{GeneMark_model.1139_t;GeneMark},{GlimmerHMM_glimmerT_1048-T1;GlimmerHMM}
1115947	1115882	INTRON			{GeneMark_model.1139_t;GeneMark},{GlimmerHMM_glimmerT_1048-T1;GlimmerHMM}
1116140	1115948	internal-	4	4	{GeneMark_model.1139_t;GeneMark},{GlimmerHMM_glimmerT_1048-T1;GlimmerHMM}
1116212	1116141	INTRON			{GeneMark_model.1139_t;GeneMark},{GlimmerHMM_glimmerT_1048-T1;GlimmerHMM}
1116290	1116213	internal-	4	6	{GeneMark_model.1139_t;GeneMark},{GlimmerHMM_glimmerT_1048-T1;GlimmerHMM}
1116358	1116291	INTRON			{GeneMark_model.1139_t;GeneMark},{GlimmerHMM_glimmerT_1048-T1;GlimmerHMM}
1116809	1116359	internal-	6	6	{GeneMark_model.1139_t;GeneMark},{GlimmerHMM_glimmerT_1048-T1;GlimmerHMM}
1116881	1116810	INTRON			{GeneMark_model.1139_t;GeneMark},{GlimmerHMM_glimmerT_1048-T1;GlimmerHMM}
1118353	1116882	initial-	4	5	{GeneMark_model.1139_t;GeneMark},{GlimmerHMM_glimmerT_1048-T1;GlimmerHMM}

# EVM prediction: Mode:STANDARD S-ratio: 1.00 1119220-1120264 orient(+) score(2090.00) noncoding_equivalent(2090.00) raw_noncoding(2356.00) offset(266.00)
1119220	1119491	initial+	1	2	{GlimmerHMM_glimmerT_1049-T1;GlimmerHMM},{GeneMark_model.1140_t;GeneMark}
1119492	1119558	INTRON			{GlimmerHMM_glimmerT_1049-T1;GlimmerHMM},{GeneMark_model.1140_t;GeneMark}
1119559	1119991	internal+	3	3	{GlimmerHMM_glimmerT_1049-T1;GlimmerHMM},{GeneMark_model.1140_t;GeneMark}
1119992	1120057	INTRON			{GlimmerHMM_glimmerT_1049-T1;GlimmerHMM},{GeneMark_model.1140_t;GeneMark}
1120058	1120264	terminal+	1	3	{GlimmerHMM_glimmerT_1049-T1;GlimmerHMM},{GeneMark_model.1140_t;GeneMark}

# EVM prediction: Mode:STANDARD S-ratio: 5.89 1120480-1127759 orient(-) score(55274.00) noncoding_equivalent(9389.89) raw_noncoding(10643.00) offset(1253.11)
1120727	1120480	terminal-	5	6	{GeneMark_model.1141_t;GeneMark},{GlimmerHMM_glimmerT_1050-T1;GlimmerHMM}
1120795	1120728	INTRON			{GeneMark_model.1141_t;GeneMark},{GlimmerHMM_glimmerT_1050-T1;GlimmerHMM},{ev_type:exonerate/ID=match.2566964.1050/Target=lcl|KQ954538_1_prot_KWU41431_1_6203;exonerate},{ev_type:exonerate/ID=match.2566964.1051/Target=lcl|BJWK01000023_1_prot_GEM12659_1_6676;exonerate},{ev_type:exonerate/ID=match.2566964.1052/Target=lcl|LCTV02000017_1_prot_PRQ69942_1_3227;exonerate},{ev_type:exonerate/ID=match.2566964.1053/Target=lcl|NW_017264931_1_prot_XP_018272705_1_2536;exonerate},{ev_type:exonerate/ID=match.2566964.1049/Target=lcl|PJQD01000011_1_prot_POY75818_1_223;exonerate}
1121754	1120796	internal-	6	4	{GeneMark_model.1141_t;GeneMark},{GlimmerHMM_glimmerT_1050-T1;GlimmerHMM},{ev_type:exonerate/ID=match.2566964.1050/Target=lcl|KQ954538_1_prot_KWU41431_1_6203;exonerate},{ev_type:exonerate/ID=match.2566964.1051/Target=lcl|BJWK01000023_1_prot_GEM12659_1_6676;exonerate},{ev_type:exonerate/ID=match.2566964.1052/Target=lcl|LCTV02000017_1_prot_PRQ69942_1_3227;exonerate},{ev_type:exonerate/ID=match.2566964.1049/Target=lcl|PJQD01000011_1_prot_POY75818_1_223;exonerate}
1121831	1121755	INTRON			{GeneMark_model.1141_t;GeneMark},{GlimmerHMM_glimmerT_1050-T1;GlimmerHMM},{ev_type:exonerate/ID=match.2566964.1050/Target=lcl|KQ954538_1_prot_KWU41431_1_6203;exonerate},{ev_type:exonerate/ID=match.2566964.1051/Target=lcl|BJWK01000023_1_prot_GEM12659_1_6676;exonerate},{ev_type:exonerate/ID=match.2566964.1052/Target=lcl|LCTV02000017_1_prot_PRQ69942_1_3227;exonerate},{ev_type:exonerate/ID=match.2566964.1053/Target=lcl|NW_017264931_1_prot_XP_018272705_1_2536;exonerate},{ev_type:exonerate/ID=match.2566964.1049/Target=lcl|PJQD01000011_1_prot_POY75818_1_223;exonerate}
1121953	1121832	internal-	4	5	{GeneMark_model.1141_t;GeneMark},{GlimmerHMM_glimmerT_1050-T1;GlimmerHMM},{ev_type:exonerate/ID=match.2566964.1050/Target=lcl|KQ954538_1_prot_KWU41431_1_6203;exonerate},{ev_type:exonerate/ID=match.2566964.1051/Target=lcl|BJWK01000023_1_prot_GEM12659_1_6676;exonerate},{ev_type:exonerate/ID=match.2566964.1053/Target=lcl|NW_017264931_1_prot_XP_018272705_1_2536;exonerate},{ev_type:exonerate/ID=match.2566964.1049/Target=lcl|PJQD01000011_1_prot_POY75818_1_223;exonerate}
1122013	1121954	INTRON			{GeneMark_model.1141_t;GeneMark},{GlimmerHMM_glimmerT_1050-T1;GlimmerHMM},{ev_type:exonerate/ID=match.2566964.1053/Target=lcl|NW_017264931_1_prot_XP_018272705_1_2536;exonerate},{ev_type:exonerate/ID=match.2566964.1049/Target=lcl|PJQD01000011_1_prot_POY75818_1_223;exonerate}
1123590	1122014	internal-	5	6	{GeneMark_model.1141_t;GeneMark},{GlimmerHMM_glimmerT_1050-T1;GlimmerHMM},{ev_type:exonerate/ID=match.2566964.1052/Target=lcl|LCTV02000017_1_prot_PRQ69942_1_3227;exonerate},{ev_type:exonerate/ID=match.2566964.1053/Target=lcl|NW_017264931_1_prot_XP_018272705_1_2536;exonerate},{ev_type:exonerate/ID=match.2566964.1049/Target=lcl|PJQD01000011_1_prot_POY75818_1_223;exonerate}
1123653	1123591	INTRON			{GeneMark_model.1141_t;GeneMark},{GlimmerHMM_glimmerT_1050-T1;GlimmerHMM},{ev_type:exonerate/ID=match.2566964.1050/Target=lcl|KQ954538_1_prot_KWU41431_1_6203;exonerate},{ev_type:exonerate/ID=match.2566964.1051/Target=lcl|BJWK01000023_1_prot_GEM12659_1_6676;exonerate},{ev_type:exonerate/ID=match.2566964.1052/Target=lcl|LCTV02000017_1_prot_PRQ69942_1_3227;exonerate},{ev_type:exonerate/ID=match.2566964.1053/Target=lcl|NW_017264931_1_prot_XP_018272705_1_2536;exonerate},{ev_type:exonerate/ID=match.2566964.1049/Target=lcl|PJQD01000011_1_prot_POY75818_1_223;exonerate}
1123725	1123654	internal-	5	4	{GeneMark_model.1141_t;GeneMark},{GlimmerHMM_glimmerT_1050-T1;GlimmerHMM},{ev_type:exonerate/ID=match.2566964.1050/Target=lcl|KQ954538_1_prot_KWU41431_1_6203;exonerate},{ev_type:exonerate/ID=match.2566964.1051/Target=lcl|BJWK01000023_1_prot_GEM12659_1_6676;exonerate},{ev_type:exonerate/ID=match.2566964.1052/Target=lcl|LCTV02000017_1_prot_PRQ69942_1_3227;exonerate},{ev_type:exonerate/ID=match.2566964.1053/Target=lcl|NW_017264931_1_prot_XP_018272705_1_2536;exonerate},{ev_type:exonerate/ID=match.2566964.1049/Target=lcl|PJQD01000011_1_prot_POY75818_1_223;exonerate}
1123789	1123726	INTRON			{GeneMark_model.1141_t;GeneMark},{GlimmerHMM_glimmerT_1050-T1;GlimmerHMM},{ev_type:exonerate/ID=match.2566964.1050/Target=lcl|KQ954538_1_prot_KWU41431_1_6203;exonerate},{ev_type:exonerate/ID=match.2566964.1051/Target=lcl|BJWK01000023_1_prot_GEM12659_1_6676;exonerate},{ev_type:exonerate/ID=match.2566964.1052/Target=lcl|LCTV02000017_1_prot_PRQ69942_1_3227;exonerate},{ev_type:exonerate/ID=match.2566964.1053/Target=lcl|NW_017264931_1_prot_XP_018272705_1_2536;exonerate},{ev_type:exonerate/ID=match.2566964.1049/Target=lcl|PJQD01000011_1_prot_POY75818_1_223;exonerate}
1124166	1123790	internal-	6	4	{GeneMark_model.1141_t;GeneMark},{GlimmerHMM_glimmerT_1050-T1;GlimmerHMM},{ev_type:exonerate/ID=match.2566964.1050/Target=lcl|KQ954538_1_prot_KWU41431_1_6203;exonerate},{ev_type:exonerate/ID=match.2566964.1051/Target=lcl|BJWK01000023_1_prot_GEM12659_1_6676;exonerate},{ev_type:exonerate/ID=match.2566964.1052/Target=lcl|LCTV02000017_1_prot_PRQ69942_1_3227;exonerate},{ev_type:exonerate/ID=match.2566964.1053/Target=lcl|NW_017264931_1_prot_XP_018272705_1_2536;exonerate},{ev_type:exonerate/ID=match.2566964.1049/Target=lcl|PJQD01000011_1_prot_POY75818_1_223;exonerate}
1124226	1124167	INTRON			{GeneMark_model.1141_t;GeneMark},{GlimmerHMM_glimmerT_1050-T1;GlimmerHMM},{ev_type:exonerate/ID=match.2566964.1050/Target=lcl|KQ954538_1_prot_KWU41431_1_6203;exonerate},{ev_type:exonerate/ID=match.2566964.1051/Target=lcl|BJWK01000023_1_prot_GEM12659_1_6676;exonerate},{ev_type:exonerate/ID=match.2566964.1052/Target=lcl|LCTV02000017_1_prot_PRQ69942_1_3227;exonerate},{ev_type:exonerate/ID=match.2566964.1053/Target=lcl|NW_017264931_1_prot_XP_018272705_1_2536;exonerate},{ev_type:exonerate/ID=match.2566964.1049/Target=lcl|PJQD01000011_1_prot_POY75818_1_223;exonerate}
1124389	1124227	internal-	5	5	{GeneMark_model.1141_t;GeneMark},{GlimmerHMM_glimmerT_1050-T1;GlimmerHMM},{ev_type:exonerate/ID=match.2566964.1050/Target=lcl|KQ954538_1_prot_KWU41431_1_6203;exonerate},{ev_type:exonerate/ID=match.2566964.1051/Target=lcl|BJWK01000023_1_prot_GEM12659_1_6676;exonerate},{ev_type:exonerate/ID=match.2566964.1052/Target=lcl|LCTV02000017_1_prot_PRQ69942_1_3227;exonerate},{ev_type:exonerate/ID=match.2566964.1053/Target=lcl|NW_017264931_1_prot_XP_018272705_1_2536;exonerate},{ev_type:exonerate/ID=match.2566964.1049/Target=lcl|PJQD01000011_1_prot_POY75818_1_223;exonerate}
1124451	1124390	INTRON			{GeneMark_model.1141_t;GeneMark},{GlimmerHMM_glimmerT_1050-T1;GlimmerHMM},{ev_type:exonerate/ID=match.2566964.1050/Target=lcl|KQ954538_1_prot_KWU41431_1_6203;exonerate},{ev_type:exonerate/ID=match.2566964.1051/Target=lcl|BJWK01000023_1_prot_GEM12659_1_6676;exonerate},{ev_type:exonerate/ID=match.2566964.1052/Target=lcl|LCTV02000017_1_prot_PRQ69942_1_3227;exonerate},{ev_type:exonerate/ID=match.2566964.1053/Target=lcl|NW_017264931_1_prot_XP_018272705_1_2536;exonerate},{ev_type:exonerate/ID=match.2566964.1049/Target=lcl|PJQD01000011_1_prot_POY75818_1_223;exonerate}
1124633	1124452	internal-	6	4	{GeneMark_model.1141_t;GeneMark},{GlimmerHMM_glimmerT_1050-T1;GlimmerHMM},{ev_type:exonerate/ID=match.2566964.1050/Target=lcl|KQ954538_1_prot_KWU41431_1_6203;exonerate},{ev_type:exonerate/ID=match.2566964.1051/Target=lcl|BJWK01000023_1_prot_GEM12659_1_6676;exonerate},{ev_type:exonerate/ID=match.2566964.1052/Target=lcl|LCTV02000017_1_prot_PRQ69942_1_3227;exonerate},{ev_type:exonerate/ID=match.2566964.1053/Target=lcl|NW_017264931_1_prot_XP_018272705_1_2536;exonerate},{ev_type:exonerate/ID=match.2566964.1049/Target=lcl|PJQD01000011_1_prot_POY75818_1_223;exonerate}
1124700	1124634	INTRON			{GeneMark_model.1141_t;GeneMark},{GlimmerHMM_glimmerT_1050-T1;GlimmerHMM},{ev_type:exonerate/ID=match.2566964.1050/Target=lcl|KQ954538_1_prot_KWU41431_1_6203;exonerate},{ev_type:exonerate/ID=match.2566964.1051/Target=lcl|BJWK01000023_1_prot_GEM12659_1_6676;exonerate},{ev_type:exonerate/ID=match.2566964.1052/Target=lcl|LCTV02000017_1_prot_PRQ69942_1_3227;exonerate},{ev_type:exonerate/ID=match.2566964.1053/Target=lcl|NW_017264931_1_prot_XP_018272705_1_2536;exonerate},{ev_type:exonerate/ID=match.2566964.1049/Target=lcl|PJQD01000011_1_prot_POY75818_1_223;exonerate}
1127248	1124701	internal-	5	5	{GeneMark_model.1141_t;GeneMark},{GlimmerHMM_glimmerT_1050-T1;GlimmerHMM},{ev_type:exonerate/ID=match.2566964.1051/Target=lcl|BJWK01000023_1_prot_GEM12659_1_6676;exonerate},{ev_type:exonerate/ID=match.2566964.1052/Target=lcl|LCTV02000017_1_prot_PRQ69942_1_3227;exonerate},{ev_type:exonerate/ID=match.2566964.1053/Target=lcl|NW_017264931_1_prot_XP_018272705_1_2536;exonerate},{ev_type:exonerate/ID=match.2566964.1049/Target=lcl|PJQD01000011_1_prot_POY75818_1_223;exonerate}
1127318	1127249	INTRON			{GeneMark_model.1141_t;GeneMark},{GlimmerHMM_glimmerT_1050-T1;GlimmerHMM},{ev_type:exonerate/ID=match.2566964.1050/Target=lcl|KQ954538_1_prot_KWU41431_1_6203;exonerate},{ev_type:exonerate/ID=match.2566964.1051/Target=lcl|BJWK01000023_1_prot_GEM12659_1_6676;exonerate},{ev_type:exonerate/ID=match.2566964.1052/Target=lcl|LCTV02000017_1_prot_PRQ69942_1_3227;exonerate},{ev_type:exonerate/ID=match.2566964.1053/Target=lcl|NW_017264931_1_prot_XP_018272705_1_2536;exonerate},{ev_type:exonerate/ID=match.2566964.1049/Target=lcl|PJQD01000011_1_prot_POY75818_1_223;exonerate}
1127589	1127319	internal-	4	4	{GeneMark_model.1141_t;GeneMark},{GlimmerHMM_glimmerT_1050-T1;GlimmerHMM},{ev_type:exonerate/ID=match.2566964.1050/Target=lcl|KQ954538_1_prot_KWU41431_1_6203;exonerate},{ev_type:exonerate/ID=match.2566964.1051/Target=lcl|BJWK01000023_1_prot_GEM12659_1_6676;exonerate},{ev_type:exonerate/ID=match.2566964.1052/Target=lcl|LCTV02000017_1_prot_PRQ69942_1_3227;exonerate},{ev_type:exonerate/ID=match.2566964.1049/Target=lcl|PJQD01000011_1_prot_POY75818_1_223;exonerate}
1127711	1127590	INTRON			{GeneMark_model.1141_t;GeneMark},{GlimmerHMM_glimmerT_1050-T1;GlimmerHMM},{ev_type:exonerate/ID=match.2566964.1050/Target=lcl|KQ954538_1_prot_KWU41431_1_6203;exonerate},{ev_type:exonerate/ID=match.2566964.1051/Target=lcl|BJWK01000023_1_prot_GEM12659_1_6676;exonerate},{ev_type:exonerate/ID=match.2566964.1052/Target=lcl|LCTV02000017_1_prot_PRQ69942_1_3227;exonerate},{ev_type:exonerate/ID=match.2566964.1049/Target=lcl|PJQD01000011_1_prot_POY75818_1_223;exonerate}
1127759	1127712	initial-	4	6	{GeneMark_model.1141_t;GeneMark},{GlimmerHMM_glimmerT_1050-T1;GlimmerHMM}

# EVM prediction: Mode:STANDARD S-ratio: 1.17 1128123-1134599 orient(-) score(13813.00) noncoding_equivalent(11831.13) raw_noncoding(14539.60) offset(2708.47)
1128313	1128123	terminal-	5	6	{GeneMark_model.1142_t;GeneMark},{GlimmerHMM_glimmerT_1051-T1;GlimmerHMM}
1128381	1128314	INTRON			{GeneMark_model.1142_t;GeneMark},{GlimmerHMM_glimmerT_1051-T1;GlimmerHMM}
1128537	1128382	internal-	5	4	{GlimmerHMM_glimmerT_1051-T1;GlimmerHMM}
1128604	1128538	INTRON			{GeneMark_model.1142_t;GeneMark},{GlimmerHMM_glimmerT_1051-T1;GlimmerHMM}
1128844	1128605	internal-	5	4	{GeneMark_model.1142_t;GeneMark},{GlimmerHMM_glimmerT_1051-T1;GlimmerHMM}
1128905	1128845	INTRON			{GeneMark_model.1142_t;GeneMark},{GlimmerHMM_glimmerT_1051-T1;GlimmerHMM}
1129083	1128906	internal-	4	4	{GeneMark_model.1142_t;GeneMark},{GlimmerHMM_glimmerT_1051-T1;GlimmerHMM}
1129151	1129084	INTRON			{GeneMark_model.1142_t;GeneMark},{GlimmerHMM_glimmerT_1051-T1;GlimmerHMM}
1129443	1129152	internal-	6	6	{GeneMark_model.1142_t;GeneMark},{GlimmerHMM_glimmerT_1051-T1;GlimmerHMM}
1129506	1129444	INTRON			{GeneMark_model.1142_t;GeneMark},{GlimmerHMM_glimmerT_1051-T1;GlimmerHMM}
1129744	1129507	internal-	5	5	{GeneMark_model.1142_t;GeneMark},{GlimmerHMM_glimmerT_1051-T1;GlimmerHMM}
1129814	1129745	INTRON			{GeneMark_model.1142_t;GeneMark},{GlimmerHMM_glimmerT_1051-T1;GlimmerHMM}
1130139	1129815	internal-	4	4	{GeneMark_model.1142_t;GeneMark},{GlimmerHMM_glimmerT_1051-T1;GlimmerHMM}
1130197	1130140	INTRON			{snap_scaffold_2-snap.482-T1;snap},{GeneMark_model.1142_t;GeneMark},{GlimmerHMM_glimmerT_1051-T1;GlimmerHMM}
1130283	1130198	internal-	5	6	{GeneMark_model.1142_t;GeneMark},{GlimmerHMM_glimmerT_1051-T1;GlimmerHMM}
1130389	1130284	INTRON			{GlimmerHMM_glimmerT_1051-T1;GlimmerHMM}
1130546	1130390	internal-	4	4	{GlimmerHMM_glimmerT_1051-T1;GlimmerHMM}
1130602	1130547	INTRON			{GeneMark_model.1142_t;GeneMark},{GlimmerHMM_glimmerT_1051-T1;GlimmerHMM}
1131230	1130603	internal-	6	6	{GeneMark_model.1142_t;GeneMark},{GlimmerHMM_glimmerT_1051-T1;GlimmerHMM}
1131294	1131231	INTRON			{GeneMark_model.1142_t;GeneMark},{GlimmerHMM_glimmerT_1051-T1;GlimmerHMM}
1131335	1131295	internal-	4	5	{GeneMark_model.1142_t;GeneMark},{GlimmerHMM_glimmerT_1051-T1;GlimmerHMM}
1131397	1131336	INTRON			{GeneMark_model.1142_t;GeneMark},{GlimmerHMM_glimmerT_1051-T1;GlimmerHMM}
1131475	1131398	internal-	4	6	{GeneMark_model.1142_t;GeneMark},{GlimmerHMM_glimmerT_1051-T1;GlimmerHMM}
1131537	1131476	INTRON			{GeneMark_model.1142_t;GeneMark},{GlimmerHMM_glimmerT_1051-T1;GlimmerHMM}
1132012	1131538	internal-	6	6	{GeneMark_model.1142_t;GeneMark},{GlimmerHMM_glimmerT_1051-T1;GlimmerHMM}
1132070	1132013	INTRON			{GeneMark_model.1142_t;GeneMark}
1132091	1132071	internal-	6	5	{GeneMark_model.1142_t;GeneMark}
1132150	1132092	INTRON			{GeneMark_model.1142_t;GeneMark}
1133303	1132151	internal-	5	5	{GlimmerHMM_glimmerT_1051-T1;GlimmerHMM}
1133365	1133304	INTRON			{GeneMark_model.1142_t;GeneMark},{GlimmerHMM_glimmerT_1051-T1;GlimmerHMM}
1133473	1133366	internal-	5	4	{GeneMark_model.1142_t;GeneMark},{GlimmerHMM_glimmerT_1051-T1;GlimmerHMM}
1133531	1133474	INTRON			{GeneMark_model.1142_t;GeneMark},{GlimmerHMM_glimmerT_1051-T1;GlimmerHMM}
1133805	1133532	internal-	4	4	{GeneMark_model.1142_t;GeneMark},{GlimmerHMM_glimmerT_1051-T1;GlimmerHMM}
1133884	1133806	INTRON			{GeneMark_model.1142_t;GeneMark},{GlimmerHMM_glimmerT_1051-T1;GlimmerHMM}
1134052	1133885	internal-	4	6	{GeneMark_model.1142_t;GeneMark},{GlimmerHMM_glimmerT_1051-T1;GlimmerHMM}
1134141	1134053	INTRON			{GeneMark_model.1142_t;GeneMark},{GlimmerHMM_glimmerT_1051-T1;GlimmerHMM}
1134226	1134142	internal-	6	6	{GeneMark_model.1142_t;GeneMark},{GlimmerHMM_glimmerT_1051-T1;GlimmerHMM}
1134282	1134227	INTRON			{GeneMark_model.1142_t;GeneMark},{GlimmerHMM_glimmerT_1051-T1;GlimmerHMM}
1134371	1134283	internal-	4	5	{GeneMark_model.1142_t;GeneMark},{GlimmerHMM_glimmerT_1051-T1;GlimmerHMM}
1134428	1134372	INTRON			{GeneMark_model.1142_t;GeneMark},{GlimmerHMM_glimmerT_1051-T1;GlimmerHMM}
1134478	1134429	internal-	5	6	{GeneMark_model.1142_t;GeneMark},{GlimmerHMM_glimmerT_1051-T1;GlimmerHMM}
1134550	1134479	INTRON			{GeneMark_model.1142_t;GeneMark},{GlimmerHMM_glimmerT_1051-T1;GlimmerHMM}
1134599	1134551	initial-	4	4	{GeneMark_model.1142_t;GeneMark},{GlimmerHMM_glimmerT_1051-T1;GlimmerHMM}

# EVM prediction: Mode:STANDARD S-ratio: 1.76 1135018-1141093 orient(+) score(15332.00) noncoding_equivalent(8729.39) raw_noncoding(9361.00) offset(631.61)
1135018	1138462	initial+	1	1	{GeneMark_model.1143_t;GeneMark},{GlimmerHMM_glimmerT_1052-T1;GlimmerHMM}
1138463	1138526	INTRON			{GeneMark_model.1143_t;GeneMark}
1138527	1139372	internal+	2	1	{GeneMark_model.1143_t;GeneMark}
1139373	1139432	INTRON			{GeneMark_model.1143_t;GeneMark}
1139433	1140832	internal+	2	3	{GeneMark_model.1143_t;GeneMark}
1140833	1141018	INTRON			{GeneMark_model.1143_t;GeneMark},{GlimmerHMM_glimmerT_1052-T1;GlimmerHMM}
1141019	1141093	terminal+	1	3	{GeneMark_model.1143_t;GeneMark},{GlimmerHMM_glimmerT_1052-T1;GlimmerHMM}

# EVM prediction: Mode:STANDARD S-ratio: 2.41 1142637-1143281 orient(+) score(1820.00) noncoding_equivalent(756.48) raw_noncoding(833.48) offset(77.00)
1142637	1142905	initial+	1	2	{GlimmerHMM_glimmerT_1053-T1;GlimmerHMM}
1142906	1142980	INTRON			{GlimmerHMM_glimmerT_1053-T1;GlimmerHMM},{GeneMark_model.1144_t;GeneMark}
1142981	1143281	terminal+	3	3	{GlimmerHMM_glimmerT_1053-T1;GlimmerHMM}

# EVM prediction: Mode:STANDARD S-ratio: 4.19 1144463-1147467 orient(+) score(21645.00) noncoding_equivalent(5171.78) raw_noncoding(6413.00) offset(1241.22)
1144463	1144641	initial+	1	2	{GlimmerHMM_glimmerT_1054-T1;GlimmerHMM},{GeneMark_model.1145_t;GeneMark}
1144642	1144893	INTRON			{GlimmerHMM_glimmerT_1054-T1;GlimmerHMM},{GeneMark_model.1145_t;GeneMark},{ev_type:exonerate/ID=match.2566964.1085/Target=lcl|LCTV02000017_1_prot_PRQ69971_1_3256;exonerate},{ev_type:exonerate/ID=match.2566964.1080/Target=lcl|KQ954538_1_prot_KWU41434_1_6206;exonerate},{ev_type:exonerate/ID=match.2566964.1088/Target=lcl|NW_017264931_1_prot_XP_018272537_1_2368;exonerate},{ev_type:exonerate/ID=match.2566964.1084/Target=lcl|BJWK01000002_1_prot_GEM07060_1_1077;exonerate},{ev_type:exonerate/ID=match.2566964.1079/Target=lcl|PJQD01000048_1_prot_POY72579_1_4477;exonerate}
1144894	1145002	internal+	3	3	{GlimmerHMM_glimmerT_1054-T1;GlimmerHMM},{GeneMark_model.1145_t;GeneMark},{ev_type:exonerate/ID=match.2566964.1085/Target=lcl|LCTV02000017_1_prot_PRQ69971_1_3256;exonerate},{ev_type:exonerate/ID=match.2566964.1080/Target=lcl|KQ954538_1_prot_KWU41434_1_6206;exonerate},{ev_type:exonerate/ID=match.2566964.1088/Target=lcl|NW_017264931_1_prot_XP_018272537_1_2368;exonerate},{ev_type:exonerate/ID=match.2566964.1084/Target=lcl|BJWK01000002_1_prot_GEM07060_1_1077;exonerate},{ev_type:exonerate/ID=match.2566964.1079/Target=lcl|PJQD01000048_1_prot_POY72579_1_4477;exonerate}
1145003	1145070	INTRON			{GlimmerHMM_glimmerT_1054-T1;GlimmerHMM},{GeneMark_model.1145_t;GeneMark},{ev_type:exonerate/ID=match.2566964.1085/Target=lcl|LCTV02000017_1_prot_PRQ69971_1_3256;exonerate},{ev_type:exonerate/ID=match.2566964.1080/Target=lcl|KQ954538_1_prot_KWU41434_1_6206;exonerate},{ev_type:exonerate/ID=match.2566964.1088/Target=lcl|NW_017264931_1_prot_XP_018272537_1_2368;exonerate},{ev_type:exonerate/ID=match.2566964.1084/Target=lcl|BJWK01000002_1_prot_GEM07060_1_1077;exonerate},{ev_type:exonerate/ID=match.2566964.1079/Target=lcl|PJQD01000048_1_prot_POY72579_1_4477;exonerate}
1145071	1145313	internal+	1	3	{GlimmerHMM_glimmerT_1054-T1;GlimmerHMM},{GeneMark_model.1145_t;GeneMark},{ev_type:exonerate/ID=match.2566964.1085/Target=lcl|LCTV02000017_1_prot_PRQ69971_1_3256;exonerate},{ev_type:exonerate/ID=match.2566964.1080/Target=lcl|KQ954538_1_prot_KWU41434_1_6206;exonerate},{ev_type:exonerate/ID=match.2566964.1088/Target=lcl|NW_017264931_1_prot_XP_018272537_1_2368;exonerate},{ev_type:exonerate/ID=match.2566964.1084/Target=lcl|BJWK01000002_1_prot_GEM07060_1_1077;exonerate},{ev_type:exonerate/ID=match.2566964.1079/Target=lcl|PJQD01000048_1_prot_POY72579_1_4477;exonerate}
1145314	1145374	INTRON			{GlimmerHMM_glimmerT_1054-T1;GlimmerHMM},{GeneMark_model.1145_t;GeneMark},{ev_type:exonerate/ID=match.2566964.1085/Target=lcl|LCTV02000017_1_prot_PRQ69971_1_3256;exonerate},{ev_type:exonerate/ID=match.2566964.1080/Target=lcl|KQ954538_1_prot_KWU41434_1_6206;exonerate},{ev_type:exonerate/ID=match.2566964.1088/Target=lcl|NW_017264931_1_prot_XP_018272537_1_2368;exonerate},{ev_type:exonerate/ID=match.2566964.1084/Target=lcl|BJWK01000002_1_prot_GEM07060_1_1077;exonerate},{ev_type:exonerate/ID=match.2566964.1079/Target=lcl|PJQD01000048_1_prot_POY72579_1_4477;exonerate}
1145375	1145585	internal+	1	1	{GlimmerHMM_glimmerT_1054-T1;GlimmerHMM},{GeneMark_model.1145_t;GeneMark},{ev_type:exonerate/ID=match.2566964.1085/Target=lcl|LCTV02000017_1_prot_PRQ69971_1_3256;exonerate},{ev_type:exonerate/ID=match.2566964.1080/Target=lcl|KQ954538_1_prot_KWU41434_1_6206;exonerate},{ev_type:exonerate/ID=match.2566964.1088/Target=lcl|NW_017264931_1_prot_XP_018272537_1_2368;exonerate},{ev_type:exonerate/ID=match.2566964.1084/Target=lcl|BJWK01000002_1_prot_GEM07060_1_1077;exonerate},{ev_type:exonerate/ID=match.2566964.1079/Target=lcl|PJQD01000048_1_prot_POY72579_1_4477;exonerate}
1145586	1145646	INTRON			{GlimmerHMM_glimmerT_1054-T1;GlimmerHMM},{GeneMark_model.1145_t;GeneMark},{ev_type:exonerate/ID=match.2566964.1085/Target=lcl|LCTV02000017_1_prot_PRQ69971_1_3256;exonerate},{ev_type:exonerate/ID=match.2566964.1080/Target=lcl|KQ954538_1_prot_KWU41434_1_6206;exonerate},{ev_type:exonerate/ID=match.2566964.1088/Target=lcl|NW_017264931_1_prot_XP_018272537_1_2368;exonerate},{ev_type:exonerate/ID=match.2566964.1084/Target=lcl|BJWK01000002_1_prot_GEM07060_1_1077;exonerate},{ev_type:exonerate/ID=match.2566964.1079/Target=lcl|PJQD01000048_1_prot_POY72579_1_4477;exonerate}
1145647	1146322	internal+	2	2	{GlimmerHMM_glimmerT_1054-T1;GlimmerHMM},{GeneMark_model.1145_t;GeneMark},{ev_type:exonerate/ID=match.2566964.1085/Target=lcl|LCTV02000017_1_prot_PRQ69971_1_3256;exonerate},{ev_type:exonerate/ID=match.2566964.1080/Target=lcl|KQ954538_1_prot_KWU41434_1_6206;exonerate},{ev_type:exonerate/ID=match.2566964.1088/Target=lcl|NW_017264931_1_prot_XP_018272537_1_2368;exonerate},{ev_type:exonerate/ID=match.2566964.1084/Target=lcl|BJWK01000002_1_prot_GEM07060_1_1077;exonerate},{ev_type:exonerate/ID=match.2566964.1079/Target=lcl|PJQD01000048_1_prot_POY72579_1_4477;exonerate}
1146323	1146387	INTRON			{GlimmerHMM_glimmerT_1054-T1;GlimmerHMM},{GeneMark_model.1145_t;GeneMark},{ev_type:exonerate/ID=match.2566964.1085/Target=lcl|LCTV02000017_1_prot_PRQ69971_1_3256;exonerate},{ev_type:exonerate/ID=match.2566964.1080/Target=lcl|KQ954538_1_prot_KWU41434_1_6206;exonerate},{ev_type:exonerate/ID=match.2566964.1088/Target=lcl|NW_017264931_1_prot_XP_018272537_1_2368;exonerate},{ev_type:exonerate/ID=match.2566964.1084/Target=lcl|BJWK01000002_1_prot_GEM07060_1_1077;exonerate},{ev_type:exonerate/ID=match.2566964.1079/Target=lcl|PJQD01000048_1_prot_POY72579_1_4477;exonerate}
1146388	1147060	internal+	3	3	{GlimmerHMM_glimmerT_1054-T1;GlimmerHMM},{GeneMark_model.1145_t;GeneMark},{ev_type:exonerate/ID=match.2566964.1085/Target=lcl|LCTV02000017_1_prot_PRQ69971_1_3256;exonerate},{ev_type:exonerate/ID=match.2566964.1080/Target=lcl|KQ954538_1_prot_KWU41434_1_6206;exonerate},{ev_type:exonerate/ID=match.2566964.1088/Target=lcl|NW_017264931_1_prot_XP_018272537_1_2368;exonerate},{ev_type:exonerate/ID=match.2566964.1084/Target=lcl|BJWK01000002_1_prot_GEM07060_1_1077;exonerate},{ev_type:exonerate/ID=match.2566964.1079/Target=lcl|PJQD01000048_1_prot_POY72579_1_4477;exonerate}
1147061	1147129	INTRON			{GlimmerHMM_glimmerT_1054-T1;GlimmerHMM},{GeneMark_model.1145_t;GeneMark},{ev_type:exonerate/ID=match.2566964.1085/Target=lcl|LCTV02000017_1_prot_PRQ69971_1_3256;exonerate},{ev_type:exonerate/ID=match.2566964.1080/Target=lcl|KQ954538_1_prot_KWU41434_1_6206;exonerate},{ev_type:exonerate/ID=match.2566964.1088/Target=lcl|NW_017264931_1_prot_XP_018272537_1_2368;exonerate},{ev_type:exonerate/ID=match.2566964.1084/Target=lcl|BJWK01000002_1_prot_GEM07060_1_1077;exonerate},{ev_type:exonerate/ID=match.2566964.1079/Target=lcl|PJQD01000048_1_prot_POY72579_1_4477;exonerate}
1147130	1147284	internal+	1	2	{GlimmerHMM_glimmerT_1054-T1;GlimmerHMM},{GeneMark_model.1145_t;GeneMark},{ev_type:exonerate/ID=match.2566964.1085/Target=lcl|LCTV02000017_1_prot_PRQ69971_1_3256;exonerate},{ev_type:exonerate/ID=match.2566964.1080/Target=lcl|KQ954538_1_prot_KWU41434_1_6206;exonerate},{ev_type:exonerate/ID=match.2566964.1084/Target=lcl|BJWK01000002_1_prot_GEM07060_1_1077;exonerate},{ev_type:exonerate/ID=match.2566964.1079/Target=lcl|PJQD01000048_1_prot_POY72579_1_4477;exonerate}
1147285	1147364	INTRON			{GlimmerHMM_glimmerT_1054-T1;GlimmerHMM},{GeneMark_model.1145_t;GeneMark},{ev_type:exonerate/ID=match.2566964.1085/Target=lcl|LCTV02000017_1_prot_PRQ69971_1_3256;exonerate},{ev_type:exonerate/ID=match.2566964.1080/Target=lcl|KQ954538_1_prot_KWU41434_1_6206;exonerate},{ev_type:exonerate/ID=match.2566964.1084/Target=lcl|BJWK01000002_1_prot_GEM07060_1_1077;exonerate},{ev_type:exonerate/ID=match.2566964.1079/Target=lcl|PJQD01000048_1_prot_POY72579_1_4477;exonerate}
1147365	1147467	terminal+	3	3	{GlimmerHMM_glimmerT_1054-T1;GlimmerHMM},{GeneMark_model.1145_t;GeneMark}

# EVM prediction: Mode:STANDARD S-ratio: 1.56 1151904-1152505 orient(+) score(1467.00) noncoding_equivalent(939.00) raw_noncoding(1079.00) offset(140.00)
1151904	1152173	initial+	1	3	{GlimmerHMM_glimmerT_1055-T1;GlimmerHMM},{GeneMark_model.1146_t;GeneMark}
1152174	1152244	INTRON			{GlimmerHMM_glimmerT_1055-T1;GlimmerHMM},{GeneMark_model.1146_t;GeneMark}
1152245	1152505	terminal+	1	3	{snap_scaffold_2-snap.487-T1;snap},{GlimmerHMM_glimmerT_1055-T1;GlimmerHMM},{GeneMark_model.1146_t;GeneMark}

# EVM prediction: Mode:STANDARD S-ratio: 2.03 1152621-1153663 orient(-) score(4103.00) noncoding_equivalent(2025.00) raw_noncoding(2741.00) offset(716.00)
1152745	1152621	terminal-	5	6	{GeneMark_model.1147_t;GeneMark},{GlimmerHMM_glimmerT_1056-T1;GlimmerHMM}
1152800	1152746	INTRON			{GeneMark_model.1147_t;GeneMark},{GlimmerHMM_glimmerT_1056-T1;GlimmerHMM},{ev_type:exonerate/ID=match.2566964.1274/Target=lcl|PJQD01000048_1_prot_POY72581_1_4479;exonerate},{ev_type:exonerate/ID=match.2566964.1272/Target=lcl|KQ954538_1_prot_KWU41437_1_6209;exonerate}
1152883	1152801	internal-	6	4	{GeneMark_model.1147_t;GeneMark},{GlimmerHMM_glimmerT_1056-T1;GlimmerHMM},{ev_type:exonerate/ID=match.2566964.1274/Target=lcl|PJQD01000048_1_prot_POY72581_1_4479;exonerate},{ev_type:exonerate/ID=match.2566964.1272/Target=lcl|KQ954538_1_prot_KWU41437_1_6209;exonerate}
1152941	1152884	INTRON			{GeneMark_model.1147_t;GeneMark},{GlimmerHMM_glimmerT_1056-T1;GlimmerHMM},{ev_type:exonerate/ID=match.2566964.1274/Target=lcl|PJQD01000048_1_prot_POY72581_1_4479;exonerate},{ev_type:exonerate/ID=match.2566964.1272/Target=lcl|KQ954538_1_prot_KWU41437_1_6209;exonerate}
1153040	1152942	internal-	6	5	{GeneMark_model.1147_t;GeneMark},{GlimmerHMM_glimmerT_1056-T1;GlimmerHMM},{ev_type:exonerate/ID=match.2566964.1274/Target=lcl|PJQD01000048_1_prot_POY72581_1_4479;exonerate},{ev_type:exonerate/ID=match.2566964.1272/Target=lcl|KQ954538_1_prot_KWU41437_1_6209;exonerate}
1153105	1153041	INTRON			{GeneMark_model.1147_t;GeneMark},{GlimmerHMM_glimmerT_1056-T1;GlimmerHMM},{ev_type:exonerate/ID=match.2566964.1274/Target=lcl|PJQD01000048_1_prot_POY72581_1_4479;exonerate},{ev_type:exonerate/ID=match.2566964.1272/Target=lcl|KQ954538_1_prot_KWU41437_1_6209;exonerate}
1153167	1153106	internal-	4	5	{GeneMark_model.1147_t;GeneMark},{ev_type:exonerate/ID=match.2566964.1274/Target=lcl|PJQD01000048_1_prot_POY72581_1_4479;exonerate},{ev_type:exonerate/ID=match.2566964.1272/Target=lcl|KQ954538_1_prot_KWU41437_1_6209;exonerate}
1153230	1153168	INTRON			{GeneMark_model.1147_t;GeneMark},{ev_type:exonerate/ID=match.2566964.1274/Target=lcl|PJQD01000048_1_prot_POY72581_1_4479;exonerate},{ev_type:exonerate/ID=match.2566964.1272/Target=lcl|KQ954538_1_prot_KWU41437_1_6209;exonerate}
1153365	1153231	internal-	4	6	{GeneMark_model.1147_t;GeneMark},{ev_type:exonerate/ID=match.2566964.1274/Target=lcl|PJQD01000048_1_prot_POY72581_1_4479;exonerate},{ev_type:exonerate/ID=match.2566964.1272/Target=lcl|KQ954538_1_prot_KWU41437_1_6209;exonerate}
1153483	1153366	INTRON			{GeneMark_model.1147_t;GeneMark},{GlimmerHMM_glimmerT_1056-T1;GlimmerHMM},{ev_type:exonerate/ID=match.2566964.1274/Target=lcl|PJQD01000048_1_prot_POY72581_1_4479;exonerate},{ev_type:exonerate/ID=match.2566964.1272/Target=lcl|KQ954538_1_prot_KWU41437_1_6209;exonerate}
1153663	1153484	initial-	4	6	{GeneMark_model.1147_t;GeneMark},{GlimmerHMM_glimmerT_1056-T1;GlimmerHMM}

# EVM prediction: Mode:STANDARD S-ratio: 1.42 1153798-1156427 orient(+) score(5944.00) noncoding_equivalent(4172.62) raw_noncoding(4739.00) offset(566.38)
1153798	1154210	initial+	1	2	{GlimmerHMM_glimmerT_1057-T1;GlimmerHMM},{GeneMark_model.1148_t;GeneMark}
1154211	1154279	INTRON			{GeneMark_model.1148_t;GeneMark}
1154280	1155159	internal+	3	3	{GeneMark_model.1148_t;GeneMark}
1155160	1155226	INTRON			{GeneMark_model.1148_t;GeneMark}
1155227	1155331	internal+	1	3	{GeneMark_model.1148_t;GeneMark}
1155332	1155399	INTRON			{GeneMark_model.1148_t;GeneMark}
1155400	1155505	internal+	1	1	{GlimmerHMM_glimmerT_1057-T1;GlimmerHMM},{GeneMark_model.1148_t;GeneMark}
1155506	1155573	INTRON			{GlimmerHMM_glimmerT_1057-T1;GlimmerHMM},{GeneMark_model.1148_t;GeneMark}
1155574	1156427	terminal+	2	3	{GlimmerHMM_glimmerT_1057-T1;GlimmerHMM},{GeneMark_model.1148_t;GeneMark}

# EVM prediction: Mode:STANDARD S-ratio: 1.35 1156523-1157509 orient(-) score(2266.00) noncoding_equivalent(1680.91) raw_noncoding(1938.00) offset(257.09)
1156664	1156523	terminal-	6	6	{GeneMark_model.1149_t;GeneMark},{GlimmerHMM_glimmerT_1058-T1;GlimmerHMM}
1156729	1156665	INTRON			{GeneMark_model.1149_t;GeneMark},{GlimmerHMM_glimmerT_1058-T1;GlimmerHMM}
1157069	1156730	internal-	5	5	{GeneMark_model.1149_t;GeneMark},{GlimmerHMM_glimmerT_1058-T1;GlimmerHMM}
1157136	1157070	INTRON			{GeneMark_model.1149_t;GeneMark},{GlimmerHMM_glimmerT_1058-T1;GlimmerHMM}
1157509	1157137	initial-	4	4	{GeneMark_model.1149_t;GeneMark},{GlimmerHMM_glimmerT_1058-T1;GlimmerHMM}

# EVM prediction: Mode:STANDARD S-ratio: 2.33 1157747-1158931 orient(-) score(3318.00) noncoding_equivalent(1422.00) raw_noncoding(1422.00) offset(0.00)
1158931	1157747	single-	4	6	{GlimmerHMM_glimmerT_1059-T1;GlimmerHMM}

# EVM prediction: Mode:STANDARD S-ratio: 1.29 1159194-1160657 orient(-) score(3388.00) noncoding_equivalent(2623.35) raw_noncoding(3016.12) offset(392.77)
1159460	1159194	terminal-	4	6	{snap_scaffold_2-snap.491-T1;snap},{GlimmerHMM_glimmerT_1060-T1;GlimmerHMM}
1159533	1159461	INTRON			{GeneMark_model.1150_t;GeneMark},{GlimmerHMM_glimmerT_1060-T1;GlimmerHMM},{ev_type:exonerate/ID=match.2566964.1371/Target=lcl|KQ954538_1_prot_KWU41441_1_6213;exonerate}
1159939	1159534	internal-	6	6	{GeneMark_model.1150_t;GeneMark}
1160022	1159940	INTRON			{GeneMark_model.1150_t;GeneMark}
1160657	1160023	initial-	4	5	{GeneMark_model.1150_t;GeneMark},{GlimmerHMM_glimmerT_1060-T1;GlimmerHMM}

# EVM prediction: Mode:STANDARD S-ratio: 2.78 1160898-1162118 orient(+) score(3591.00) noncoding_equivalent(1293.00) raw_noncoding(1293.00) offset(0.00)
1160898	1162118	single+	1	3	{GlimmerHMM_glimmerT_1061-T1;GlimmerHMM},{GeneMark_model.1151_t;GeneMark}

# EVM prediction: Mode:STANDARD S-ratio: 2.41 1162290-1167049 orient(-) score(19776.00) noncoding_equivalent(8191.59) raw_noncoding(10214.00) offset(2022.41)
1162550	1162290	terminal-	4	6	{GlimmerHMM_glimmerT_1062-T1;GlimmerHMM},{GeneMark_model.1152_t;GeneMark}
1162636	1162551	INTRON			{GlimmerHMM_glimmerT_1062-T1;GlimmerHMM},{GeneMark_model.1152_t;GeneMark},{ev_type:exonerate/ID=match.2566964.1066/Target=lcl|KQ954538_1_prot_KWU41443_1_6215;exonerate},{ev_type:exonerate/ID=match.2566964.1064/Target=lcl|PJQD01000048_1_prot_POY72587_1_4485;exonerate}
1162884	1162637	internal-	5	6	{GlimmerHMM_glimmerT_1062-T1;GlimmerHMM},{GeneMark_model.1152_t;GeneMark},{ev_type:exonerate/ID=match.2566964.1066/Target=lcl|KQ954538_1_prot_KWU41443_1_6215;exonerate},{ev_type:exonerate/ID=match.2566964.1064/Target=lcl|PJQD01000048_1_prot_POY72587_1_4485;exonerate}
1162942	1162885	INTRON			{GlimmerHMM_glimmerT_1062-T1;GlimmerHMM},{GeneMark_model.1152_t;GeneMark},{ev_type:exonerate/ID=match.2566964.1066/Target=lcl|KQ954538_1_prot_KWU41443_1_6215;exonerate},{ev_type:exonerate/ID=match.2566964.1064/Target=lcl|PJQD01000048_1_prot_POY72587_1_4485;exonerate}
1163077	1162943	internal-	5	4	{GlimmerHMM_glimmerT_1062-T1;GlimmerHMM},{GeneMark_model.1152_t;GeneMark},{ev_type:exonerate/ID=match.2566964.1066/Target=lcl|KQ954538_1_prot_KWU41443_1_6215;exonerate},{ev_type:exonerate/ID=match.2566964.1064/Target=lcl|PJQD01000048_1_prot_POY72587_1_4485;exonerate}
1163146	1163078	INTRON			{GlimmerHMM_glimmerT_1062-T1;GlimmerHMM},{GeneMark_model.1152_t;GeneMark},{ev_type:exonerate/ID=match.2566964.1066/Target=lcl|KQ954538_1_prot_KWU41443_1_6215;exonerate},{ev_type:exonerate/ID=match.2566964.1064/Target=lcl|PJQD01000048_1_prot_POY72587_1_4485;exonerate}
1163433	1163147	internal-	6	4	{GeneMark_model.1152_t;GeneMark},{ev_type:exonerate/ID=match.2566964.1066/Target=lcl|KQ954538_1_prot_KWU41443_1_6215;exonerate},{ev_type:exonerate/ID=match.2566964.1064/Target=lcl|PJQD01000048_1_prot_POY72587_1_4485;exonerate}
1163496	1163434	INTRON			{GeneMark_model.1152_t;GeneMark},{ev_type:exonerate/ID=match.2566964.1066/Target=lcl|KQ954538_1_prot_KWU41443_1_6215;exonerate},{ev_type:exonerate/ID=match.2566964.1064/Target=lcl|PJQD01000048_1_prot_POY72587_1_4485;exonerate}
1163609	1163497	internal-	4	5	{GeneMark_model.1152_t;GeneMark},{ev_type:exonerate/ID=match.2566964.1066/Target=lcl|KQ954538_1_prot_KWU41443_1_6215;exonerate},{ev_type:exonerate/ID=match.2566964.1064/Target=lcl|PJQD01000048_1_prot_POY72587_1_4485;exonerate}
1163675	1163610	INTRON			{GlimmerHMM_glimmerT_1062-T1;GlimmerHMM},{GeneMark_model.1152_t;GeneMark},{ev_type:exonerate/ID=match.2566964.1066/Target=lcl|KQ954538_1_prot_KWU41443_1_6215;exonerate},{ev_type:exonerate/ID=match.2566964.1064/Target=lcl|PJQD01000048_1_prot_POY72587_1_4485;exonerate}
1163782	1163676	internal-	5	6	{GlimmerHMM_glimmerT_1062-T1;GlimmerHMM},{GeneMark_model.1152_t;GeneMark},{ev_type:exonerate/ID=match.2566964.1066/Target=lcl|KQ954538_1_prot_KWU41443_1_6215;exonerate},{ev_type:exonerate/ID=match.2566964.1064/Target=lcl|PJQD01000048_1_prot_POY72587_1_4485;exonerate}
1163844	1163783	INTRON			{GlimmerHMM_glimmerT_1062-T1;GlimmerHMM},{GeneMark_model.1152_t;GeneMark},{ev_type:exonerate/ID=match.2566964.1066/Target=lcl|KQ954538_1_prot_KWU41443_1_6215;exonerate},{ev_type:exonerate/ID=match.2566964.1064/Target=lcl|PJQD01000048_1_prot_POY72587_1_4485;exonerate}
1163905	1163845	internal-	4	4	{GlimmerHMM_glimmerT_1062-T1;GlimmerHMM},{GeneMark_model.1152_t;GeneMark},{ev_type:exonerate/ID=match.2566964.1066/Target=lcl|KQ954538_1_prot_KWU41443_1_6215;exonerate},{ev_type:exonerate/ID=match.2566964.1064/Target=lcl|PJQD01000048_1_prot_POY72587_1_4485;exonerate}
1163965	1163906	INTRON			{GlimmerHMM_glimmerT_1062-T1;GlimmerHMM},{GeneMark_model.1152_t;GeneMark},{ev_type:exonerate/ID=match.2566964.1064/Target=lcl|PJQD01000048_1_prot_POY72587_1_4485;exonerate}
1164310	1163966	internal-	4	6	{GlimmerHMM_glimmerT_1062-T1;GlimmerHMM},{GeneMark_model.1152_t;GeneMark},{ev_type:exonerate/ID=match.2566964.1064/Target=lcl|PJQD01000048_1_prot_POY72587_1_4485;exonerate}
1164379	1164311	INTRON			{GlimmerHMM_glimmerT_1062-T1;GlimmerHMM},{GeneMark_model.1152_t;GeneMark},{ev_type:exonerate/ID=match.2566964.1066/Target=lcl|KQ954538_1_prot_KWU41443_1_6215;exonerate},{ev_type:exonerate/ID=match.2566964.1064/Target=lcl|PJQD01000048_1_prot_POY72587_1_4485;exonerate}
1164672	1164380	internal-	5	6	{GeneMark_model.1152_t;GeneMark},{ev_type:exonerate/ID=match.2566964.1066/Target=lcl|KQ954538_1_prot_KWU41443_1_6215;exonerate},{ev_type:exonerate/ID=match.2566964.1064/Target=lcl|PJQD01000048_1_prot_POY72587_1_4485;exonerate}
1164749	1164673	INTRON			{GeneMark_model.1152_t;GeneMark},{ev_type:exonerate/ID=match.2566964.1066/Target=lcl|KQ954538_1_prot_KWU41443_1_6215;exonerate},{ev_type:exonerate/ID=match.2566964.1064/Target=lcl|PJQD01000048_1_prot_POY72587_1_4485;exonerate}
1165000	1164750	internal-	6	4	{GeneMark_model.1152_t;GeneMark},{ev_type:exonerate/ID=match.2566964.1066/Target=lcl|KQ954538_1_prot_KWU41443_1_6215;exonerate},{ev_type:exonerate/ID=match.2566964.1064/Target=lcl|PJQD01000048_1_prot_POY72587_1_4485;exonerate}
1165067	1165001	INTRON			{GlimmerHMM_glimmerT_1062-T1;GlimmerHMM},{GeneMark_model.1152_t;GeneMark},{ev_type:exonerate/ID=match.2566964.1066/Target=lcl|KQ954538_1_prot_KWU41443_1_6215;exonerate},{ev_type:exonerate/ID=match.2566964.1064/Target=lcl|PJQD01000048_1_prot_POY72587_1_4485;exonerate}
1165183	1165068	internal-	4	5	{GlimmerHMM_glimmerT_1062-T1;GlimmerHMM},{GeneMark_model.1152_t;GeneMark},{ev_type:exonerate/ID=match.2566964.1066/Target=lcl|KQ954538_1_prot_KWU41443_1_6215;exonerate},{ev_type:exonerate/ID=match.2566964.1064/Target=lcl|PJQD01000048_1_prot_POY72587_1_4485;exonerate}
1165280	1165184	INTRON			{GlimmerHMM_glimmerT_1062-T1;GlimmerHMM},{GeneMark_model.1152_t;GeneMark},{ev_type:exonerate/ID=match.2566964.1066/Target=lcl|KQ954538_1_prot_KWU41443_1_6215;exonerate},{ev_type:exonerate/ID=match.2566964.1064/Target=lcl|PJQD01000048_1_prot_POY72587_1_4485;exonerate}
1165596	1165281	internal-	6	6	{GlimmerHMM_glimmerT_1062-T1;GlimmerHMM},{GeneMark_model.1152_t;GeneMark},{ev_type:exonerate/ID=match.2566964.1066/Target=lcl|KQ954538_1_prot_KWU41443_1_6215;exonerate}
1165662	1165597	INTRON			{GlimmerHMM_glimmerT_1062-T1;GlimmerHMM},{GeneMark_model.1152_t;GeneMark},{ev_type:exonerate/ID=match.2566964.1066/Target=lcl|KQ954538_1_prot_KWU41443_1_6215;exonerate}
1165862	1165663	internal-	4	5	{GlimmerHMM_glimmerT_1062-T1;GlimmerHMM},{GeneMark_model.1152_t;GeneMark},{ev_type:exonerate/ID=match.2566964.1066/Target=lcl|KQ954538_1_prot_KWU41443_1_6215;exonerate},{ev_type:exonerate/ID=match.2566964.1064/Target=lcl|PJQD01000048_1_prot_POY72587_1_4485;exonerate}
1165933	1165863	INTRON			{GlimmerHMM_glimmerT_1062-T1;GlimmerHMM},{GeneMark_model.1152_t;GeneMark},{ev_type:exonerate/ID=match.2566964.1066/Target=lcl|KQ954538_1_prot_KWU41443_1_6215;exonerate},{ev_type:exonerate/ID=match.2566964.1064/Target=lcl|PJQD01000048_1_prot_POY72587_1_4485;exonerate}
1166135	1165934	internal-	6	6	{GlimmerHMM_glimmerT_1062-T1;GlimmerHMM},{GeneMark_model.1152_t;GeneMark},{ev_type:exonerate/ID=match.2566964.1066/Target=lcl|KQ954538_1_prot_KWU41443_1_6215;exonerate},{ev_type:exonerate/ID=match.2566964.1064/Target=lcl|PJQD01000048_1_prot_POY72587_1_4485;exonerate}
1166202	1166136	INTRON			{GlimmerHMM_glimmerT_1062-T1;GlimmerHMM},{GeneMark_model.1152_t;GeneMark},{ev_type:exonerate/ID=match.2566964.1066/Target=lcl|KQ954538_1_prot_KWU41443_1_6215;exonerate},{ev_type:exonerate/ID=match.2566964.1064/Target=lcl|PJQD01000048_1_prot_POY72587_1_4485;exonerate}
1166399	1166203	internal-	4	5	{GlimmerHMM_glimmerT_1062-T1;GlimmerHMM},{GeneMark_model.1152_t;GeneMark},{ev_type:exonerate/ID=match.2566964.1066/Target=lcl|KQ954538_1_prot_KWU41443_1_6215;exonerate}
1166500	1166400	INTRON			{GlimmerHMM_glimmerT_1062-T1;GlimmerHMM},{GeneMark_model.1152_t;GeneMark},{ev_type:exonerate/ID=match.2566964.1066/Target=lcl|KQ954538_1_prot_KWU41443_1_6215;exonerate}
1166627	1166501	internal-	6	6	{GlimmerHMM_glimmerT_1062-T1;GlimmerHMM},{GeneMark_model.1152_t;GeneMark},{ev_type:exonerate/ID=match.2566964.1066/Target=lcl|KQ954538_1_prot_KWU41443_1_6215;exonerate}
1166702	1166628	INTRON			{GlimmerHMM_glimmerT_1062-T1;GlimmerHMM},{GeneMark_model.1152_t;GeneMark},{ev_type:exonerate/ID=match.2566964.1066/Target=lcl|KQ954538_1_prot_KWU41443_1_6215;exonerate},{ev_type:exonerate/ID=match.2566964.1064/Target=lcl|PJQD01000048_1_prot_POY72587_1_4485;exonerate}
1167049	1166703	initial-	4	5	{GlimmerHMM_glimmerT_1062-T1;GlimmerHMM},{GeneMark_model.1152_t;GeneMark}

# EVM prediction: Mode:STANDARD S-ratio: 1.98 1168081-1168707 orient(+) score(1546.00) noncoding_equivalent(780.73) raw_noncoding(1191.00) offset(410.27)
1168081	1168087	initial+	1	1	{snap_scaffold_2-snap.496-T1;snap}
1168088	1168178	INTRON			{GlimmerHMM_glimmerT_1063-T1;GlimmerHMM}
1168179	1168250	internal+	2	1	{GlimmerHMM_glimmerT_1063-T1;GlimmerHMM}
1168251	1168327	INTRON			{GeneMark_model.1153_t;GeneMark},{GlimmerHMM_glimmerT_1063-T1;GlimmerHMM}
1168328	1168707	terminal+	2	3	{snap_scaffold_2-snap.496-T1;snap},{GeneMark_model.1153_t;GeneMark},{GlimmerHMM_glimmerT_1063-T1;GlimmerHMM}

# EVM prediction: Mode:STANDARD S-ratio: 1.57 1174055-1175838 orient(+) score(4359.00) noncoding_equivalent(2775.65) raw_noncoding(3543.27) offset(767.62)
1174055	1174313	initial+	1	1	{GlimmerHMM_glimmerT_1064-T1;GlimmerHMM},{GeneMark_model.1155_t;GeneMark}
1174314	1174574	INTRON			{GlimmerHMM_glimmerT_1064-T1;GlimmerHMM},{GeneMark_model.1155_t;GeneMark}
1174575	1174662	internal+	2	2	{GlimmerHMM_glimmerT_1064-T1;GlimmerHMM},{GeneMark_model.1155_t;GeneMark}
1174663	1174736	INTRON			{GlimmerHMM_glimmerT_1064-T1;GlimmerHMM},{GeneMark_model.1155_t;GeneMark}
1174737	1175527	internal+	3	1	{GlimmerHMM_glimmerT_1064-T1;GlimmerHMM},{GeneMark_model.1155_t;GeneMark}
1175528	1175602	INTRON			{GlimmerHMM_glimmerT_1064-T1;GlimmerHMM},{GeneMark_model.1155_t;GeneMark}
1175603	1175838	terminal+	2	3	{GlimmerHMM_glimmerT_1064-T1;GlimmerHMM},{GeneMark_model.1155_t;GeneMark}

# EVM prediction: Mode:STANDARD S-ratio: 2.86 1176085-1178004 orient(-) score(9939.00) noncoding_equivalent(3476.35) raw_noncoding(4689.65) offset(1213.30)
1176286	1176085	terminal-	6	6	{GlimmerHMM_glimmerT_1065-T1;GlimmerHMM},{snap_scaffold_2-snap.498-T1;snap},{GeneMark_model.1156_t;GeneMark}
1176386	1176287	INTRON			{GlimmerHMM_glimmerT_1065-T1;GlimmerHMM},{GeneMark_model.1156_t;GeneMark},{ev_type:exonerate/ID=match.2566964.1162/Target=lcl|PJQD01000048_1_prot_POY72590_1_4488;exonerate},{ev_type:exonerate/ID=match.2566964.1186/Target=lcl|BJWK01000002_1_prot_GEM06954_1_971;exonerate},{ev_type:exonerate/ID=match.2566964.1163/Target=lcl|KQ954488_1_prot_KWU43607_1_4103;exonerate}
1176542	1176387	internal-	6	5	{GlimmerHMM_glimmerT_1065-T1;GlimmerHMM},{GeneMark_model.1156_t;GeneMark},{ev_type:exonerate/ID=match.2566964.1162/Target=lcl|PJQD01000048_1_prot_POY72590_1_4488;exonerate},{ev_type:exonerate/ID=match.2566964.1186/Target=lcl|BJWK01000002_1_prot_GEM06954_1_971;exonerate},{ev_type:exonerate/ID=match.2566964.1163/Target=lcl|KQ954488_1_prot_KWU43607_1_4103;exonerate}
1176615	1176543	INTRON			{GlimmerHMM_glimmerT_1065-T1;GlimmerHMM},{GeneMark_model.1156_t;GeneMark},{ev_type:exonerate/ID=match.2566964.1162/Target=lcl|PJQD01000048_1_prot_POY72590_1_4488;exonerate},{ev_type:exonerate/ID=match.2566964.1186/Target=lcl|BJWK01000002_1_prot_GEM06954_1_971;exonerate},{ev_type:exonerate/ID=match.2566964.1163/Target=lcl|KQ954488_1_prot_KWU43607_1_4103;exonerate}
1176679	1176616	internal-	5	5	{GlimmerHMM_glimmerT_1065-T1;GlimmerHMM},{GeneMark_model.1156_t;GeneMark},{ev_type:exonerate/ID=match.2566964.1162/Target=lcl|PJQD01000048_1_prot_POY72590_1_4488;exonerate},{ev_type:exonerate/ID=match.2566964.1186/Target=lcl|BJWK01000002_1_prot_GEM06954_1_971;exonerate},{ev_type:exonerate/ID=match.2566964.1163/Target=lcl|KQ954488_1_prot_KWU43607_1_4103;exonerate}
1176754	1176680	INTRON			{GlimmerHMM_glimmerT_1065-T1;GlimmerHMM},{GeneMark_model.1156_t;GeneMark},{ev_type:exonerate/ID=match.2566964.1162/Target=lcl|PJQD01000048_1_prot_POY72590_1_4488;exonerate},{ev_type:exonerate/ID=match.2566964.1186/Target=lcl|BJWK01000002_1_prot_GEM06954_1_971;exonerate},{ev_type:exonerate/ID=match.2566964.1163/Target=lcl|KQ954488_1_prot_KWU43607_1_4103;exonerate}
1176919	1176755	internal-	5	4	{GlimmerHMM_glimmerT_1065-T1;GlimmerHMM},{GeneMark_model.1156_t;GeneMark},{ev_type:exonerate/ID=match.2566964.1162/Target=lcl|PJQD01000048_1_prot_POY72590_1_4488;exonerate},{ev_type:exonerate/ID=match.2566964.1186/Target=lcl|BJWK01000002_1_prot_GEM06954_1_971;exonerate},{ev_type:exonerate/ID=match.2566964.1163/Target=lcl|KQ954488_1_prot_KWU43607_1_4103;exonerate}
1176994	1176920	INTRON			{GlimmerHMM_glimmerT_1065-T1;GlimmerHMM},{GeneMark_model.1156_t;GeneMark},{ev_type:exonerate/ID=match.2566964.1162/Target=lcl|PJQD01000048_1_prot_POY72590_1_4488;exonerate},{ev_type:exonerate/ID=match.2566964.1186/Target=lcl|BJWK01000002_1_prot_GEM06954_1_971;exonerate},{ev_type:exonerate/ID=match.2566964.1163/Target=lcl|KQ954488_1_prot_KWU43607_1_4103;exonerate}
1177171	1176995	internal-	5	4	{GlimmerHMM_glimmerT_1065-T1;GlimmerHMM},{GeneMark_model.1156_t;GeneMark},{ev_type:exonerate/ID=match.2566964.1162/Target=lcl|PJQD01000048_1_prot_POY72590_1_4488;exonerate},{ev_type:exonerate/ID=match.2566964.1186/Target=lcl|BJWK01000002_1_prot_GEM06954_1_971;exonerate},{ev_type:exonerate/ID=match.2566964.1163/Target=lcl|KQ954488_1_prot_KWU43607_1_4103;exonerate}
1177249	1177172	INTRON			{GeneMark_model.1156_t;GeneMark},{ev_type:exonerate/ID=match.2566964.1162/Target=lcl|PJQD01000048_1_prot_POY72590_1_4488;exonerate},{ev_type:exonerate/ID=match.2566964.1186/Target=lcl|BJWK01000002_1_prot_GEM06954_1_971;exonerate},{ev_type:exonerate/ID=match.2566964.1163/Target=lcl|KQ954488_1_prot_KWU43607_1_4103;exonerate}
1177422	1177250	internal-	6	4	{GeneMark_model.1156_t;GeneMark},{ev_type:exonerate/ID=match.2566964.1162/Target=lcl|PJQD01000048_1_prot_POY72590_1_4488;exonerate},{ev_type:exonerate/ID=match.2566964.1186/Target=lcl|BJWK01000002_1_prot_GEM06954_1_971;exonerate},{ev_type:exonerate/ID=match.2566964.1163/Target=lcl|KQ954488_1_prot_KWU43607_1_4103;exonerate}
1177524	1177423	INTRON			{GlimmerHMM_glimmerT_1065-T1;GlimmerHMM},{snap_scaffold_2-snap.499-T1;snap},{GeneMark_model.1156_t;GeneMark},{ev_type:exonerate/ID=match.2566964.1162/Target=lcl|PJQD01000048_1_prot_POY72590_1_4488;exonerate},{ev_type:exonerate/ID=match.2566964.1186/Target=lcl|BJWK01000002_1_prot_GEM06954_1_971;exonerate},{ev_type:exonerate/ID=match.2566964.1163/Target=lcl|KQ954488_1_prot_KWU43607_1_4103;exonerate}
1177605	1177525	internal-	6	5	{GlimmerHMM_glimmerT_1065-T1;GlimmerHMM},{GeneMark_model.1156_t;GeneMark},{ev_type:exonerate/ID=match.2566964.1162/Target=lcl|PJQD01000048_1_prot_POY72590_1_4488;exonerate},{ev_type:exonerate/ID=match.2566964.1186/Target=lcl|BJWK01000002_1_prot_GEM06954_1_971;exonerate},{ev_type:exonerate/ID=match.2566964.1163/Target=lcl|KQ954488_1_prot_KWU43607_1_4103;exonerate}
1177676	1177606	INTRON			{GlimmerHMM_glimmerT_1065-T1;GlimmerHMM},{GeneMark_model.1156_t;GeneMark},{ev_type:exonerate/ID=match.2566964.1162/Target=lcl|PJQD01000048_1_prot_POY72590_1_4488;exonerate},{ev_type:exonerate/ID=match.2566964.1186/Target=lcl|BJWK01000002_1_prot_GEM06954_1_971;exonerate},{ev_type:exonerate/ID=match.2566964.1163/Target=lcl|KQ954488_1_prot_KWU43607_1_4103;exonerate}
1177797	1177677	internal-	5	5	{GlimmerHMM_glimmerT_1065-T1;GlimmerHMM},{GeneMark_model.1156_t;GeneMark},{ev_type:exonerate/ID=match.2566964.1162/Target=lcl|PJQD01000048_1_prot_POY72590_1_4488;exonerate},{ev_type:exonerate/ID=match.2566964.1186/Target=lcl|BJWK01000002_1_prot_GEM06954_1_971;exonerate},{ev_type:exonerate/ID=match.2566964.1163/Target=lcl|KQ954488_1_prot_KWU43607_1_4103;exonerate}
1177865	1177798	INTRON			{GlimmerHMM_glimmerT_1065-T1;GlimmerHMM},{GeneMark_model.1156_t;GeneMark},{ev_type:exonerate/ID=match.2566964.1162/Target=lcl|PJQD01000048_1_prot_POY72590_1_4488;exonerate},{ev_type:exonerate/ID=match.2566964.1186/Target=lcl|BJWK01000002_1_prot_GEM06954_1_971;exonerate},{ev_type:exonerate/ID=match.2566964.1163/Target=lcl|KQ954488_1_prot_KWU43607_1_4103;exonerate}
1178004	1177866	initial-	4	4	{GlimmerHMM_glimmerT_1065-T1;GlimmerHMM},{GeneMark_model.1156_t;GeneMark}

# EVM prediction: Mode:STANDARD S-ratio: 1.36 1178120-1179044 orient(+) score(1662.00) noncoding_equivalent(1226.00) raw_noncoding(1831.00) offset(605.00)
1178120	1178130	initial+	1	2	{GlimmerHMM_glimmerT_1066-T1;GlimmerHMM},{GeneMark_model.1157_t;GeneMark}
1178131	1178318	INTRON			{GlimmerHMM_glimmerT_1066-T1;GlimmerHMM}
1178319	1178893	internal+	3	1	{GlimmerHMM_glimmerT_1066-T1;GlimmerHMM}
1178894	1178970	INTRON			{GlimmerHMM_glimmerT_1066-T1;GlimmerHMM},{GeneMark_model.1157_t;GeneMark}
1178971	1179044	terminal+	2	3	{GlimmerHMM_glimmerT_1066-T1;GlimmerHMM},{GeneMark_model.1157_t;GeneMark}

# EVM prediction: Mode:STANDARD S-ratio: 1.00 1182701-1183850 orient(-) score(2300.00) noncoding_equivalent(2298.00) raw_noncoding(2696.00) offset(398.00)
1182967	1182701	terminal-	4	6	{GlimmerHMM_glimmerT_1068-T1;GlimmerHMM},{GeneMark_model.1159_t;GeneMark}
1183036	1182968	INTRON			{GlimmerHMM_glimmerT_1068-T1;GlimmerHMM},{GeneMark_model.1159_t;GeneMark}
1183316	1183037	internal-	6	6	{GlimmerHMM_glimmerT_1068-T1;GlimmerHMM},{GeneMark_model.1159_t;GeneMark}
1183383	1183317	INTRON			{GlimmerHMM_glimmerT_1068-T1;GlimmerHMM},{GeneMark_model.1159_t;GeneMark}
1183547	1183384	internal-	4	5	{GlimmerHMM_glimmerT_1068-T1;GlimmerHMM},{GeneMark_model.1159_t;GeneMark}
1183610	1183548	INTRON			{GlimmerHMM_glimmerT_1068-T1;GlimmerHMM},{GeneMark_model.1159_t;GeneMark}
1183850	1183611	initial-	4	6	{GlimmerHMM_glimmerT_1068-T1;GlimmerHMM},{GeneMark_model.1159_t;GeneMark}

# EVM prediction: Mode:STANDARD S-ratio: 1.70 1184048-1184846 orient(+) score(1922.00) noncoding_equivalent(1132.78) raw_noncoding(1572.10) offset(439.32)
1184048	1184137	initial+	1	3	{GeneMark_model.1160_t;GeneMark}
1184138	1184208	INTRON			{GeneMark_model.1160_t;GeneMark}
1184209	1184609	internal+	1	2	{GlimmerHMM_glimmerT_1069-T1;GlimmerHMM},{GeneMark_model.1160_t;GeneMark}
1184610	1184676	INTRON			{GlimmerHMM_glimmerT_1069-T1;GlimmerHMM},{GeneMark_model.1160_t;GeneMark}
1184677	1184752	internal+	3	3	{GlimmerHMM_glimmerT_1069-T1;GlimmerHMM},{GeneMark_model.1160_t;GeneMark}
1184753	1184822	INTRON			{GlimmerHMM_glimmerT_1069-T1;GlimmerHMM},{GeneMark_model.1160_t;GeneMark}
1184823	1184846	terminal+	1	3	{GlimmerHMM_glimmerT_1069-T1;GlimmerHMM},{GeneMark_model.1160_t;GeneMark}

# EVM prediction: Mode:STANDARD S-ratio: 1.29 1185279-1188376 orient(-) score(6905.00) noncoding_equivalent(5335.48) raw_noncoding(6143.00) offset(807.52)
1185428	1185279	terminal-	4	6	{GlimmerHMM_glimmerT_1070-T1;GlimmerHMM},{GeneMark_model.1161_t;GeneMark}
1185545	1185429	INTRON			{GlimmerHMM_glimmerT_1070-T1;GlimmerHMM},{GeneMark_model.1161_t;GeneMark}
1185815	1185546	internal-	4	6	{GeneMark_model.1161_t;GeneMark}
1185892	1185816	INTRON			{GeneMark_model.1161_t;GeneMark}
1186114	1185893	internal-	4	6	{GlimmerHMM_glimmerT_1070-T1;GlimmerHMM},{GeneMark_model.1161_t;GeneMark}
1186179	1186115	INTRON			{GlimmerHMM_glimmerT_1070-T1;GlimmerHMM},{GeneMark_model.1161_t;GeneMark}
1186269	1186180	internal-	4	6	{GlimmerHMM_glimmerT_1070-T1;GlimmerHMM},{GeneMark_model.1161_t;GeneMark}
1186338	1186270	INTRON			{GlimmerHMM_glimmerT_1070-T1;GlimmerHMM},{GeneMark_model.1161_t;GeneMark}
1187505	1186339	internal-	4	6	{GlimmerHMM_glimmerT_1070-T1;GlimmerHMM},{GeneMark_model.1161_t;GeneMark}
1187566	1187506	INTRON			{GlimmerHMM_glimmerT_1070-T1;GlimmerHMM},{GeneMark_model.1161_t;GeneMark}
1188376	1187567	initial-	4	6	{GlimmerHMM_glimmerT_1070-T1;GlimmerHMM}

# EVM prediction: Mode:STANDARD S-ratio: 2.61 1189077-1190603 orient(-) score(6522.00) noncoding_equivalent(2502.78) raw_noncoding(3525.42) offset(1022.64)
1189340	1189077	terminal-	4	6	{GeneMark_model.1162_t;GeneMark},{GlimmerHMM_glimmerT_1071-T1;GlimmerHMM}
1189409	1189341	INTRON			{GeneMark_model.1162_t;GeneMark},{GlimmerHMM_glimmerT_1071-T1;GlimmerHMM},{ev_type:exonerate/ID=match.2566964.1224/Target=lcl|PJQD01000048_1_prot_POY72594_1_4492;exonerate},{ev_type:exonerate/ID=match.2566964.1222/Target=lcl|KQ954488_1_prot_KWU43603_1_4099;exonerate}
1189563	1189410	internal-	6	6	{GeneMark_model.1162_t;GeneMark},{GlimmerHMM_glimmerT_1071-T1;GlimmerHMM},{ev_type:exonerate/ID=match.2566964.1224/Target=lcl|PJQD01000048_1_prot_POY72594_1_4492;exonerate},{ev_type:exonerate/ID=match.2566964.1222/Target=lcl|KQ954488_1_prot_KWU43603_1_4099;exonerate}
1189644	1189564	INTRON			{GeneMark_model.1162_t;GeneMark},{GlimmerHMM_glimmerT_1071-T1;GlimmerHMM},{ev_type:exonerate/ID=match.2566964.1224/Target=lcl|PJQD01000048_1_prot_POY72594_1_4492;exonerate},{ev_type:exonerate/ID=match.2566964.1222/Target=lcl|KQ954488_1_prot_KWU43603_1_4099;exonerate}
1189772	1189645	internal-	4	5	{GeneMark_model.1162_t;GeneMark},{GlimmerHMM_glimmerT_1071-T1;GlimmerHMM},{ev_type:exonerate/ID=match.2566964.1224/Target=lcl|PJQD01000048_1_prot_POY72594_1_4492;exonerate},{ev_type:exonerate/ID=match.2566964.1222/Target=lcl|KQ954488_1_prot_KWU43603_1_4099;exonerate}
1189835	1189773	INTRON			{GeneMark_model.1162_t;GeneMark},{GlimmerHMM_glimmerT_1071-T1;GlimmerHMM},{ev_type:exonerate/ID=match.2566964.1224/Target=lcl|PJQD01000048_1_prot_POY72594_1_4492;exonerate},{ev_type:exonerate/ID=match.2566964.1222/Target=lcl|KQ954488_1_prot_KWU43603_1_4099;exonerate}
1189914	1189836	internal-	6	6	{GeneMark_model.1162_t;GeneMark},{GlimmerHMM_glimmerT_1071-T1;GlimmerHMM},{ev_type:exonerate/ID=match.2566964.1224/Target=lcl|PJQD01000048_1_prot_POY72594_1_4492;exonerate},{ev_type:exonerate/ID=match.2566964.1222/Target=lcl|KQ954488_1_prot_KWU43603_1_4099;exonerate}
1189989	1189915	INTRON			{GeneMark_model.1162_t;GeneMark},{GlimmerHMM_glimmerT_1071-T1;GlimmerHMM},{ev_type:exonerate/ID=match.2566964.1224/Target=lcl|PJQD01000048_1_prot_POY72594_1_4492;exonerate},{ev_type:exonerate/ID=match.2566964.1222/Target=lcl|KQ954488_1_prot_KWU43603_1_4099;exonerate}
1190137	1189990	internal-	5	5	{GeneMark_model.1162_t;GeneMark},{GlimmerHMM_glimmerT_1071-T1;GlimmerHMM},{ev_type:exonerate/ID=match.2566964.1224/Target=lcl|PJQD01000048_1_prot_POY72594_1_4492;exonerate},{ev_type:exonerate/ID=match.2566964.1222/Target=lcl|KQ954488_1_prot_KWU43603_1_4099;exonerate}
1190196	1190138	INTRON			{GeneMark_model.1162_t;GeneMark},{GlimmerHMM_glimmerT_1071-T1;GlimmerHMM},{ev_type:exonerate/ID=match.2566964.1224/Target=lcl|PJQD01000048_1_prot_POY72594_1_4492;exonerate},{ev_type:exonerate/ID=match.2566964.1222/Target=lcl|KQ954488_1_prot_KWU43603_1_4099;exonerate}
1190281	1190197	internal-	4	4	{GeneMark_model.1162_t;GeneMark},{GlimmerHMM_glimmerT_1071-T1;GlimmerHMM},{ev_type:exonerate/ID=match.2566964.1224/Target=lcl|PJQD01000048_1_prot_POY72594_1_4492;exonerate},{ev_type:exonerate/ID=match.2566964.1222/Target=lcl|KQ954488_1_prot_KWU43603_1_4099;exonerate}
1190404	1190282	INTRON			{GeneMark_model.1162_t;GeneMark},{GlimmerHMM_glimmerT_1071-T1;GlimmerHMM},{ev_type:exonerate/ID=match.2566964.1224/Target=lcl|PJQD01000048_1_prot_POY72594_1_4492;exonerate},{ev_type:exonerate/ID=match.2566964.1222/Target=lcl|KQ954488_1_prot_KWU43603_1_4099;exonerate}
1190476	1190405	internal-	4	6	{GeneMark_model.1162_t;GeneMark},{GlimmerHMM_glimmerT_1071-T1;GlimmerHMM},{ev_type:exonerate/ID=match.2566964.1222/Target=lcl|KQ954488_1_prot_KWU43603_1_4099;exonerate}
1190576	1190477	INTRON			{GeneMark_model.1162_t;GeneMark},{GlimmerHMM_glimmerT_1071-T1;GlimmerHMM},{ev_type:exonerate/ID=match.2566964.1222/Target=lcl|KQ954488_1_prot_KWU43603_1_4099;exonerate}
1190603	1190577	initial-	4	6	{GeneMark_model.1162_t;GeneMark},{GlimmerHMM_glimmerT_1071-T1;GlimmerHMM}

# EVM prediction: Mode:STANDARD S-ratio: 1.47 1190843-1194001 orient(-) score(7456.00) noncoding_equivalent(5080.33) raw_noncoding(6066.00) offset(985.67)
1191070	1190843	terminal-	4	6	{snap_scaffold_2-snap.505-T1;snap},{GlimmerHMM_glimmerT_1072-T1;GlimmerHMM},{GeneMark_model.1163_t;GeneMark}
1191134	1191071	INTRON			{GlimmerHMM_glimmerT_1072-T1;GlimmerHMM},{GeneMark_model.1163_t;GeneMark}
1191251	1191135	internal-	4	6	{GlimmerHMM_glimmerT_1072-T1;GlimmerHMM}
1191301	1191252	INTRON			{GlimmerHMM_glimmerT_1072-T1;GlimmerHMM}
1191655	1191302	internal-	4	6	{GlimmerHMM_glimmerT_1072-T1;GlimmerHMM},{GeneMark_model.1163_t;GeneMark}
1191720	1191656	INTRON			{GlimmerHMM_glimmerT_1072-T1;GlimmerHMM},{GeneMark_model.1163_t;GeneMark}
1192071	1191721	internal-	4	6	{GlimmerHMM_glimmerT_1072-T1;GlimmerHMM},{GeneMark_model.1163_t;GeneMark}
1192160	1192072	INTRON			{GlimmerHMM_glimmerT_1072-T1;GlimmerHMM},{GeneMark_model.1163_t;GeneMark}
1192391	1192161	internal-	4	6	{GlimmerHMM_glimmerT_1072-T1;GlimmerHMM},{GeneMark_model.1163_t;GeneMark}
1192472	1192392	INTRON			{GlimmerHMM_glimmerT_1072-T1;GlimmerHMM},{GeneMark_model.1163_t;GeneMark}
1192993	1192473	internal-	5	6	{GlimmerHMM_glimmerT_1072-T1;GlimmerHMM},{GeneMark_model.1163_t;GeneMark}
1193082	1192994	INTRON			{GlimmerHMM_glimmerT_1072-T1;GlimmerHMM},{GeneMark_model.1163_t;GeneMark}
1193317	1193083	internal-	4	4	{GlimmerHMM_glimmerT_1072-T1;GlimmerHMM},{GeneMark_model.1163_t;GeneMark}
1193392	1193318	INTRON			{GlimmerHMM_glimmerT_1072-T1;GlimmerHMM},{GeneMark_model.1163_t;GeneMark}
1194001	1193393	initial-	4	6	{GlimmerHMM_glimmerT_1072-T1;GlimmerHMM}

# EVM prediction: Mode:STANDARD S-ratio: 1.02 1194266-1194683 orient(+) score(921.00) noncoding_equivalent(900.15) raw_noncoding(980.15) offset(80.00)
1194266	1194272	initial+	1	1	{snap_scaffold_2-snap.508-T1;snap}
1194273	1194348	INTRON			{snap_scaffold_2-snap.508-T1;snap},{GlimmerHMM_glimmerT_1073-T1;GlimmerHMM},{GeneMark_model.1164_t;GeneMark}
1194349	1194683	terminal+	2	3	{snap_scaffold_2-snap.508-T1;snap}

# EVM prediction: Mode:STANDARD S-ratio: 1.22 1195529-1198357 orient(+) score(5575.00) noncoding_equivalent(4583.29) raw_noncoding(7062.83) offset(2479.54)
1195529	1195572	initial+	1	2	{GeneMark_model.1165_t;GeneMark}
1195573	1195948	INTRON			{GeneMark_model.1165_t;GeneMark}
1195949	1196173	internal+	3	2	{GeneMark_model.1165_t;GeneMark}
1196174	1196251	INTRON			{GeneMark_model.1165_t;GeneMark}
1196252	1196420	internal+	3	3	{GeneMark_model.1165_t;GeneMark},{GlimmerHMM_glimmerT_1073-T1;GlimmerHMM}
1196421	1196528	INTRON			{GeneMark_model.1165_t;GeneMark},{GlimmerHMM_glimmerT_1073-T1;GlimmerHMM}
1196529	1196539	internal+	1	2	{GeneMark_model.1165_t;GeneMark},{GlimmerHMM_glimmerT_1073-T1;GlimmerHMM}
1196540	1196594	INTRON			{GeneMark_model.1165_t;GeneMark},{GlimmerHMM_glimmerT_1073-T1;GlimmerHMM}
1196595	1196650	internal+	3	1	{GeneMark_model.1165_t;GeneMark},{GlimmerHMM_glimmerT_1073-T1;GlimmerHMM}
1196651	1196720	INTRON			{GeneMark_model.1165_t;GeneMark},{GlimmerHMM_glimmerT_1073-T1;GlimmerHMM}
1196721	1196736	internal+	2	2	{GeneMark_model.1165_t;GeneMark},{GlimmerHMM_glimmerT_1073-T1;GlimmerHMM}
1196737	1196801	INTRON			{GeneMark_model.1165_t;GeneMark},{GlimmerHMM_glimmerT_1073-T1;GlimmerHMM}
1196802	1196965	internal+	3	1	{GeneMark_model.1165_t;GeneMark},{GlimmerHMM_glimmerT_1073-T1;GlimmerHMM}
1196966	1197030	INTRON			{GeneMark_model.1165_t;GeneMark}
1197031	1197105	internal+	2	1	{GeneMark_model.1165_t;GeneMark}
1197106	1197171	INTRON			{GeneMark_model.1165_t;GeneMark}
1197172	1197446	internal+	2	3	{GeneMark_model.1165_t;GeneMark},{GlimmerHMM_glimmerT_1073-T1;GlimmerHMM}
1197447	1197517	INTRON			{GeneMark_model.1165_t;GeneMark},{GlimmerHMM_glimmerT_1073-T1;GlimmerHMM}
1197518	1198357	terminal+	1	3	{snap_scaffold_2-snap.509-T1;snap},{GeneMark_model.1165_t;GeneMark},{GlimmerHMM_glimmerT_1073-T1;GlimmerHMM}

# EVM prediction: Mode:STANDARD S-ratio: 1.51 1200139-1201318 orient(+) score(2674.00) noncoding_equivalent(1767.61) raw_noncoding(2488.00) offset(720.39)
1200139	1200246	initial+	1	3	{GlimmerHMM_glimmerT_1075-T1;GlimmerHMM},{GeneMark_model.1167_t;GeneMark}
1200247	1200312	INTRON			{GeneMark_model.1167_t;GeneMark}
1200313	1200366	internal+	1	3	{GeneMark_model.1167_t;GeneMark}
1200367	1200442	INTRON			{GeneMark_model.1167_t;GeneMark}
1200443	1200547	internal+	1	3	{GlimmerHMM_glimmerT_1075-T1;GlimmerHMM},{GeneMark_model.1167_t;GeneMark}
1200548	1200618	INTRON			{GlimmerHMM_glimmerT_1075-T1;GlimmerHMM},{GeneMark_model.1167_t;GeneMark}
1200619	1200735	internal+	1	3	{GlimmerHMM_glimmerT_1075-T1;GlimmerHMM},{GeneMark_model.1167_t;GeneMark}
1200736	1200814	INTRON			{GlimmerHMM_glimmerT_1075-T1;GlimmerHMM},{GeneMark_model.1167_t;GeneMark}
1200815	1201318	terminal+	1	3	{GlimmerHMM_glimmerT_1075-T1;GlimmerHMM},{snap_scaffold_2-snap.510-T1;snap},{GeneMark_model.1167_t;GeneMark}

# EVM prediction: Mode:STANDARD S-ratio: 1.60 1201496-1203012 orient(-) score(3733.00) noncoding_equivalent(2332.35) raw_noncoding(2954.96) offset(622.62)
1201575	1201496	terminal-	5	6	{GlimmerHMM_glimmerT_1076-T1;GlimmerHMM},{GeneMark_model.1168_t;GeneMark}
1201643	1201576	INTRON			{GlimmerHMM_glimmerT_1076-T1;GlimmerHMM},{GeneMark_model.1168_t;GeneMark}
1201734	1201644	internal-	4	4	{GlimmerHMM_glimmerT_1076-T1;GlimmerHMM},{GeneMark_model.1168_t;GeneMark}
1201797	1201735	INTRON			{GlimmerHMM_glimmerT_1076-T1;GlimmerHMM},{GeneMark_model.1168_t;GeneMark}
1202016	1201798	internal-	4	6	{GlimmerHMM_glimmerT_1076-T1;GlimmerHMM},{GeneMark_model.1168_t;GeneMark}
1202089	1202017	INTRON			{GlimmerHMM_glimmerT_1076-T1;GlimmerHMM},{GeneMark_model.1168_t;GeneMark}
1202369	1202090	internal-	6	6	{GlimmerHMM_glimmerT_1076-T1;GlimmerHMM},{GeneMark_model.1168_t;GeneMark}
1202436	1202370	INTRON			{GlimmerHMM_glimmerT_1076-T1;GlimmerHMM},{GeneMark_model.1168_t;GeneMark}
1202907	1202437	internal-	6	5	{GlimmerHMM_glimmerT_1076-T1;GlimmerHMM},{GeneMark_model.1168_t;GeneMark}
1202971	1202908	INTRON			{GlimmerHMM_glimmerT_1076-T1;GlimmerHMM},{GeneMark_model.1168_t;GeneMark}
1203012	1202972	initial-	4	5	{GlimmerHMM_glimmerT_1076-T1;GlimmerHMM}

# EVM prediction: Mode:STANDARD S-ratio: 2.97 1210820-1213695 orient(+) score(14851.00) noncoding_equivalent(5002.26) raw_noncoding(6713.00) offset(1710.74)
1210820	1211162	initial+	1	1	{GeneMark_model.1173_t;GeneMark},{GlimmerHMM_glimmerT_1080-T1;GlimmerHMM}
1211163	1211262	INTRON			{GeneMark_model.1173_t;GeneMark},{GlimmerHMM_glimmerT_1080-T1;GlimmerHMM},{ev_type:exonerate/ID=match.2566964.434/Target=lcl|PJQD01000048_1_prot_POY72572_1_4470;exonerate},{ev_type:exonerate/ID=match.2566964.445/Target=lcl|KQ954488_1_prot_KWU43567_1_4063;exonerate},{ev_type:exonerate/ID=match.2566964.453/Target=lcl|LCTV02000017_1_prot_PRQ69908_1_3193;exonerate}
1211263	1211401	internal+	2	2	{GeneMark_model.1173_t;GeneMark},{GlimmerHMM_glimmerT_1080-T1;GlimmerHMM},{ev_type:exonerate/ID=match.2566964.434/Target=lcl|PJQD01000048_1_prot_POY72572_1_4470;exonerate},{ev_type:exonerate/ID=match.2566964.445/Target=lcl|KQ954488_1_prot_KWU43567_1_4063;exonerate},{ev_type:exonerate/ID=match.2566964.453/Target=lcl|LCTV02000017_1_prot_PRQ69908_1_3193;exonerate}
1211402	1211465	INTRON			{GeneMark_model.1173_t;GeneMark},{GlimmerHMM_glimmerT_1080-T1;GlimmerHMM},{ev_type:exonerate/ID=match.2566964.434/Target=lcl|PJQD01000048_1_prot_POY72572_1_4470;exonerate},{ev_type:exonerate/ID=match.2566964.445/Target=lcl|KQ954488_1_prot_KWU43567_1_4063;exonerate},{ev_type:exonerate/ID=match.2566964.453/Target=lcl|LCTV02000017_1_prot_PRQ69908_1_3193;exonerate}
1211466	1211583	internal+	3	3	{GeneMark_model.1173_t;GeneMark},{GlimmerHMM_glimmerT_1080-T1;GlimmerHMM},{ev_type:exonerate/ID=match.2566964.434/Target=lcl|PJQD01000048_1_prot_POY72572_1_4470;exonerate},{ev_type:exonerate/ID=match.2566964.445/Target=lcl|KQ954488_1_prot_KWU43567_1_4063;exonerate},{ev_type:exonerate/ID=match.2566964.453/Target=lcl|LCTV02000017_1_prot_PRQ69908_1_3193;exonerate}
1211584	1211651	INTRON			{GeneMark_model.1173_t;GeneMark},{GlimmerHMM_glimmerT_1080-T1;GlimmerHMM},{ev_type:exonerate/ID=match.2566964.434/Target=lcl|PJQD01000048_1_prot_POY72572_1_4470;exonerate},{ev_type:exonerate/ID=match.2566964.445/Target=lcl|KQ954488_1_prot_KWU43567_1_4063;exonerate},{ev_type:exonerate/ID=match.2566964.453/Target=lcl|LCTV02000017_1_prot_PRQ69908_1_3193;exonerate}
1211652	1211743	internal+	1	2	{GeneMark_model.1173_t;GeneMark},{ev_type:exonerate/ID=match.2566964.434/Target=lcl|PJQD01000048_1_prot_POY72572_1_4470;exonerate},{ev_type:exonerate/ID=match.2566964.445/Target=lcl|KQ954488_1_prot_KWU43567_1_4063;exonerate},{ev_type:exonerate/ID=match.2566964.453/Target=lcl|LCTV02000017_1_prot_PRQ69908_1_3193;exonerate}
1211744	1211813	INTRON			{GeneMark_model.1173_t;GeneMark},{ev_type:exonerate/ID=match.2566964.434/Target=lcl|PJQD01000048_1_prot_POY72572_1_4470;exonerate},{ev_type:exonerate/ID=match.2566964.445/Target=lcl|KQ954488_1_prot_KWU43567_1_4063;exonerate},{ev_type:exonerate/ID=match.2566964.453/Target=lcl|LCTV02000017_1_prot_PRQ69908_1_3193;exonerate}
1211814	1212041	internal+	3	2	{GeneMark_model.1173_t;GeneMark},{GlimmerHMM_glimmerT_1080-T1;GlimmerHMM},{ev_type:exonerate/ID=match.2566964.434/Target=lcl|PJQD01000048_1_prot_POY72572_1_4470;exonerate},{ev_type:exonerate/ID=match.2566964.445/Target=lcl|KQ954488_1_prot_KWU43567_1_4063;exonerate},{ev_type:exonerate/ID=match.2566964.453/Target=lcl|LCTV02000017_1_prot_PRQ69908_1_3193;exonerate}
1212042	1212114	INTRON			{GeneMark_model.1173_t;GeneMark},{GlimmerHMM_glimmerT_1080-T1;GlimmerHMM},{ev_type:exonerate/ID=match.2566964.434/Target=lcl|PJQD01000048_1_prot_POY72572_1_4470;exonerate},{ev_type:exonerate/ID=match.2566964.445/Target=lcl|KQ954488_1_prot_KWU43567_1_4063;exonerate},{ev_type:exonerate/ID=match.2566964.453/Target=lcl|LCTV02000017_1_prot_PRQ69908_1_3193;exonerate}
1212115	1212340	internal+	3	3	{GeneMark_model.1173_t;GeneMark},{GlimmerHMM_glimmerT_1080-T1;GlimmerHMM},{ev_type:exonerate/ID=match.2566964.434/Target=lcl|PJQD01000048_1_prot_POY72572_1_4470;exonerate},{ev_type:exonerate/ID=match.2566964.445/Target=lcl|KQ954488_1_prot_KWU43567_1_4063;exonerate},{ev_type:exonerate/ID=match.2566964.453/Target=lcl|LCTV02000017_1_prot_PRQ69908_1_3193;exonerate}
1212341	1212412	INTRON			{GeneMark_model.1173_t;GeneMark},{GlimmerHMM_glimmerT_1080-T1;GlimmerHMM},{ev_type:exonerate/ID=match.2566964.434/Target=lcl|PJQD01000048_1_prot_POY72572_1_4470;exonerate},{ev_type:exonerate/ID=match.2566964.445/Target=lcl|KQ954488_1_prot_KWU43567_1_4063;exonerate},{ev_type:exonerate/ID=match.2566964.453/Target=lcl|LCTV02000017_1_prot_PRQ69908_1_3193;exonerate}
1212413	1212653	internal+	1	1	{GeneMark_model.1173_t;GeneMark},{GlimmerHMM_glimmerT_1080-T1;GlimmerHMM},{ev_type:exonerate/ID=match.2566964.434/Target=lcl|PJQD01000048_1_prot_POY72572_1_4470;exonerate},{ev_type:exonerate/ID=match.2566964.453/Target=lcl|LCTV02000017_1_prot_PRQ69908_1_3193;exonerate}
1212654	1212739	INTRON			{GeneMark_model.1173_t;GeneMark},{GlimmerHMM_glimmerT_1080-T1;GlimmerHMM},{ev_type:exonerate/ID=match.2566964.434/Target=lcl|PJQD01000048_1_prot_POY72572_1_4470;exonerate},{ev_type:exonerate/ID=match.2566964.453/Target=lcl|LCTV02000017_1_prot_PRQ69908_1_3193;exonerate}
1212740	1212799	internal+	2	1	{GeneMark_model.1173_t;GeneMark},{GlimmerHMM_glimmerT_1080-T1;GlimmerHMM},{ev_type:exonerate/ID=match.2566964.434/Target=lcl|PJQD01000048_1_prot_POY72572_1_4470;exonerate},{ev_type:exonerate/ID=match.2566964.445/Target=lcl|KQ954488_1_prot_KWU43567_1_4063;exonerate},{ev_type:exonerate/ID=match.2566964.453/Target=lcl|LCTV02000017_1_prot_PRQ69908_1_3193;exonerate}
1212800	1212878	INTRON			{GeneMark_model.1173_t;GeneMark},{GlimmerHMM_glimmerT_1080-T1;GlimmerHMM},{ev_type:exonerate/ID=match.2566964.434/Target=lcl|PJQD01000048_1_prot_POY72572_1_4470;exonerate},{ev_type:exonerate/ID=match.2566964.445/Target=lcl|KQ954488_1_prot_KWU43567_1_4063;exonerate},{ev_type:exonerate/ID=match.2566964.453/Target=lcl|LCTV02000017_1_prot_PRQ69908_1_3193;exonerate}
1212879	1213021	internal+	2	3	{GeneMark_model.1173_t;GeneMark},{GlimmerHMM_glimmerT_1080-T1;GlimmerHMM},{ev_type:exonerate/ID=match.2566964.434/Target=lcl|PJQD01000048_1_prot_POY72572_1_4470;exonerate},{ev_type:exonerate/ID=match.2566964.445/Target=lcl|KQ954488_1_prot_KWU43567_1_4063;exonerate},{ev_type:exonerate/ID=match.2566964.453/Target=lcl|LCTV02000017_1_prot_PRQ69908_1_3193;exonerate}
1213022	1213173	INTRON			{GeneMark_model.1173_t;GeneMark},{GlimmerHMM_glimmerT_1080-T1;GlimmerHMM},{ev_type:exonerate/ID=match.2566964.434/Target=lcl|PJQD01000048_1_prot_POY72572_1_4470;exonerate},{ev_type:exonerate/ID=match.2566964.445/Target=lcl|KQ954488_1_prot_KWU43567_1_4063;exonerate},{ev_type:exonerate/ID=match.2566964.453/Target=lcl|LCTV02000017_1_prot_PRQ69908_1_3193;exonerate}
1213174	1213304	internal+	1	2	{GeneMark_model.1173_t;GeneMark},{GlimmerHMM_glimmerT_1080-T1;GlimmerHMM},{ev_type:exonerate/ID=match.2566964.434/Target=lcl|PJQD01000048_1_prot_POY72572_1_4470;exonerate},{ev_type:exonerate/ID=match.2566964.445/Target=lcl|KQ954488_1_prot_KWU43567_1_4063;exonerate},{ev_type:exonerate/ID=match.2566964.453/Target=lcl|LCTV02000017_1_prot_PRQ69908_1_3193;exonerate}
1213305	1213434	INTRON			{GeneMark_model.1173_t;GeneMark},{GlimmerHMM_glimmerT_1080-T1;GlimmerHMM},{ev_type:exonerate/ID=match.2566964.434/Target=lcl|PJQD01000048_1_prot_POY72572_1_4470;exonerate},{ev_type:exonerate/ID=match.2566964.445/Target=lcl|KQ954488_1_prot_KWU43567_1_4063;exonerate},{ev_type:exonerate/ID=match.2566964.453/Target=lcl|LCTV02000017_1_prot_PRQ69908_1_3193;exonerate}
1213435	1213514	internal+	3	1	{GeneMark_model.1173_t;GeneMark},{GlimmerHMM_glimmerT_1080-T1;GlimmerHMM},{ev_type:exonerate/ID=match.2566964.434/Target=lcl|PJQD01000048_1_prot_POY72572_1_4470;exonerate},{ev_type:exonerate/ID=match.2566964.445/Target=lcl|KQ954488_1_prot_KWU43567_1_4063;exonerate},{ev_type:exonerate/ID=match.2566964.453/Target=lcl|LCTV02000017_1_prot_PRQ69908_1_3193;exonerate}
1213515	1213591	INTRON			{GeneMark_model.1173_t;GeneMark},{GlimmerHMM_glimmerT_1080-T1;GlimmerHMM},{ev_type:exonerate/ID=match.2566964.434/Target=lcl|PJQD01000048_1_prot_POY72572_1_4470;exonerate},{ev_type:exonerate/ID=match.2566964.445/Target=lcl|KQ954488_1_prot_KWU43567_1_4063;exonerate},{ev_type:exonerate/ID=match.2566964.453/Target=lcl|LCTV02000017_1_prot_PRQ69908_1_3193;exonerate}
1213592	1213695	terminal+	2	3	{GeneMark_model.1173_t;GeneMark},{GlimmerHMM_glimmerT_1080-T1;GlimmerHMM}

# EVM prediction: Mode:STANDARD S-ratio: 1.00 1216624-1217601 orient(+) score(1956.00) noncoding_equivalent(1956.00) raw_noncoding(2364.00) offset(408.00)
1216624	1216796	initial+	1	2	{GeneMark_model.1175_t;GeneMark},{GlimmerHMM_glimmerT_1082-T1;GlimmerHMM}
1216797	1216871	INTRON			{GeneMark_model.1175_t;GeneMark},{GlimmerHMM_glimmerT_1082-T1;GlimmerHMM}
1216872	1217016	internal+	3	3	{GeneMark_model.1175_t;GeneMark},{GlimmerHMM_glimmerT_1082-T1;GlimmerHMM}
1217017	1217082	INTRON			{GeneMark_model.1175_t;GeneMark},{GlimmerHMM_glimmerT_1082-T1;GlimmerHMM}
1217083	1217147	internal+	1	2	{GeneMark_model.1175_t;GeneMark},{GlimmerHMM_glimmerT_1082-T1;GlimmerHMM}
1217148	1217210	INTRON			{GeneMark_model.1175_t;GeneMark},{GlimmerHMM_glimmerT_1082-T1;GlimmerHMM}
1217211	1217601	terminal+	3	3	{GeneMark_model.1175_t;GeneMark},{GlimmerHMM_glimmerT_1082-T1;GlimmerHMM}

# EVM prediction: Mode:STANDARD S-ratio: 2.49 1220892-1221787 orient(-) score(3822.00) noncoding_equivalent(1537.94) raw_noncoding(1964.00) offset(426.06)
1221043	1220892	terminal-	5	6	{GeneMark_model.1177_t;GeneMark},{GlimmerHMM_glimmerT_1084-T1;GlimmerHMM}
1221145	1221044	INTRON			{GeneMark_model.1177_t;GeneMark},{GlimmerHMM_glimmerT_1084-T1;GlimmerHMM},{ev_type:exonerate/ID=match.2566964.1261/Target=lcl|PJQD01000048_1_prot_POY72576_1_4474;exonerate},{ev_type:exonerate/ID=match.2566964.1251/Target=lcl|KQ954488_1_prot_KWU43570_1_4066;exonerate}
1221398	1221146	internal-	4	4	{GeneMark_model.1177_t;GeneMark},{GlimmerHMM_glimmerT_1084-T1;GlimmerHMM},{ev_type:exonerate/ID=match.2566964.1261/Target=lcl|PJQD01000048_1_prot_POY72576_1_4474;exonerate},{ev_type:exonerate/ID=match.2566964.1251/Target=lcl|KQ954488_1_prot_KWU43570_1_4066;exonerate}
1221477	1221399	INTRON			{GeneMark_model.1177_t;GeneMark},{GlimmerHMM_glimmerT_1084-T1;GlimmerHMM},{ev_type:exonerate/ID=match.2566964.1261/Target=lcl|PJQD01000048_1_prot_POY72576_1_4474;exonerate},{ev_type:exonerate/ID=match.2566964.1251/Target=lcl|KQ954488_1_prot_KWU43570_1_4066;exonerate}
1221594	1221478	internal-	4	6	{GeneMark_model.1177_t;GeneMark},{GlimmerHMM_glimmerT_1084-T1;GlimmerHMM},{ev_type:exonerate/ID=match.2566964.1261/Target=lcl|PJQD01000048_1_prot_POY72576_1_4474;exonerate},{ev_type:exonerate/ID=match.2566964.1251/Target=lcl|KQ954488_1_prot_KWU43570_1_4066;exonerate}
1221658	1221595	INTRON			{GeneMark_model.1177_t;GeneMark},{GlimmerHMM_glimmerT_1084-T1;GlimmerHMM},{ev_type:exonerate/ID=match.2566964.1261/Target=lcl|PJQD01000048_1_prot_POY72576_1_4474;exonerate},{ev_type:exonerate/ID=match.2566964.1251/Target=lcl|KQ954488_1_prot_KWU43570_1_4066;exonerate}
1221787	1221659	initial-	4	6	{GlimmerHMM_glimmerT_1084-T1;GlimmerHMM}

# EVM prediction: Mode:STANDARD S-ratio: 1.33 1222632-1224606 orient(-) score(4506.00) noncoding_equivalent(3391.54) raw_noncoding(4012.00) offset(620.46)
1222731	1222632	terminal-	6	6	{GeneMark_model.1178_t;GeneMark},{GlimmerHMM_glimmerT_1085-T1;GlimmerHMM}
1222817	1222732	INTRON			{GeneMark_model.1178_t;GeneMark},{GlimmerHMM_glimmerT_1085-T1;GlimmerHMM}
1223137	1222818	internal-	4	5	{GeneMark_model.1178_t;GeneMark},{GlimmerHMM_glimmerT_1085-T1;GlimmerHMM}
1223199	1223138	INTRON			{GeneMark_model.1178_t;GeneMark},{GlimmerHMM_glimmerT_1085-T1;GlimmerHMM}
1223400	1223200	internal-	4	6	{GeneMark_model.1178_t;GeneMark},{GlimmerHMM_glimmerT_1085-T1;GlimmerHMM}
1223469	1223401	INTRON			{GeneMark_model.1178_t;GeneMark},{GlimmerHMM_glimmerT_1085-T1;GlimmerHMM}
1223778	1223470	internal-	4	6	{GeneMark_model.1178_t;GeneMark},{GlimmerHMM_glimmerT_1085-T1;GlimmerHMM}
1223854	1223779	INTRON			{GeneMark_model.1178_t;GeneMark},{GlimmerHMM_glimmerT_1085-T1;GlimmerHMM}
1224420	1223855	internal-	5	6	{GlimmerHMM_glimmerT_1085-T1;GlimmerHMM}
1224494	1224421	INTRON			{GeneMark_model.1178_t;GeneMark},{GlimmerHMM_glimmerT_1085-T1;GlimmerHMM}
1224606	1224495	initial-	4	4	{GeneMark_model.1178_t;GeneMark},{GlimmerHMM_glimmerT_1085-T1;GlimmerHMM}

# EVM prediction: Mode:STANDARD S-ratio: 2.82 1224931-1225942 orient(-) score(2882.00) noncoding_equivalent(1020.21) raw_noncoding(1239.00) offset(218.79)
1225863	1224931	terminal-	4	6	{GlimmerHMM_glimmerT_1086-T1;GlimmerHMM},{GeneMark_model.1179_t;GeneMark},{snap_scaffold_2-snap.516-T1;snap}
1225936	1225864	INTRON			{snap_scaffold_2-snap.516-T1;snap}
1225942	1225937	initial-	4	6	{snap_scaffold_2-snap.516-T1;snap}

# EVM prediction: Mode:STANDARD S-ratio: 3.00 1233485-1234054 orient(+) score(1710.00) noncoding_equivalent(570.00) raw_noncoding(570.00) offset(0.00)
1233485	1234054	single+	1	3	{GeneMark_model.1182_t;GeneMark}

# EVM prediction: Mode:STANDARD S-ratio: 2.46 1235083-1236444 orient(+) score(3870.00) noncoding_equivalent(1574.37) raw_noncoding(1795.75) offset(221.38)
1235083	1235157	initial+	1	3	{GlimmerHMM_glimmerT_1091-T1;GlimmerHMM},{GeneMark_model.1184_t;GeneMark}
1235158	1235235	INTRON			{GlimmerHMM_glimmerT_1091-T1;GlimmerHMM},{GeneMark_model.1184_t;GeneMark}
1235236	1235370	internal+	1	3	{GlimmerHMM_glimmerT_1091-T1;GlimmerHMM},{GeneMark_model.1184_t;GeneMark}
1235371	1235433	INTRON			{GlimmerHMM_glimmerT_1091-T1;GlimmerHMM},{GeneMark_model.1184_t;GeneMark}
1235434	1236444	terminal+	1	3	{GlimmerHMM_glimmerT_1091-T1;GlimmerHMM},{GeneMark_model.1184_t;GeneMark}

# EVM prediction: Mode:STANDARD S-ratio: 1.03 1237364-1237812 orient(-) score(913.00) noncoding_equivalent(883.01) raw_noncoding(1151.93) offset(268.93)
1237531	1237364	terminal-	4	6	{GeneMark_model.1186_t;GeneMark},{snap_scaffold_2-snap.519-T1;snap}
1237596	1237532	INTRON			{GeneMark_model.1186_t;GeneMark},{snap_scaffold_2-snap.519-T1;snap}
1237736	1237597	internal-	5	6	{GlimmerHMM_glimmerT_1092-T1;GlimmerHMM},{GeneMark_model.1186_t;GeneMark}
1237805	1237737	INTRON			{GlimmerHMM_glimmerT_1092-T1;GlimmerHMM},{GeneMark_model.1186_t;GeneMark}
1237812	1237806	initial-	4	4	{snap_scaffold_2-snap.519-T1;snap}

# EVM prediction: Mode:STANDARD S-ratio: 2.59 1239495-1240502 orient(-) score(2910.00) noncoding_equivalent(1122.00) raw_noncoding(1122.00) offset(0.00)
1240502	1239495	single-	4	6	{GlimmerHMM_glimmerT_1093-T1;GlimmerHMM}

# EVM prediction: Mode:STANDARD S-ratio: 1.45 1241409-1245895 orient(+) score(10489.00) noncoding_equivalent(7250.78) raw_noncoding(8208.34) offset(957.56)
1241409	1242002	initial+	1	3	{GeneMark_model.1188_t;GeneMark}
1242003	1242059	INTRON			{GlimmerHMM_glimmerT_1094-T1;GlimmerHMM},{GeneMark_model.1188_t;GeneMark}
1242060	1244746	internal+	1	2	{GlimmerHMM_glimmerT_1094-T1;GlimmerHMM},{GeneMark_model.1188_t;GeneMark}
1244747	1244818	INTRON			{GlimmerHMM_glimmerT_1094-T1;GlimmerHMM},{GeneMark_model.1188_t;GeneMark}
1244819	1244937	internal+	3	1	{GlimmerHMM_glimmerT_1094-T1;GlimmerHMM},{GeneMark_model.1188_t;GeneMark}
1244938	1244999	INTRON			{GlimmerHMM_glimmerT_1094-T1;GlimmerHMM},{GeneMark_model.1188_t;GeneMark}
1245000	1245107	internal+	2	1	{GlimmerHMM_glimmerT_1094-T1;GlimmerHMM},{GeneMark_model.1188_t;GeneMark}
1245108	1245184	INTRON			{GlimmerHMM_glimmerT_1094-T1;GlimmerHMM},{GeneMark_model.1188_t;GeneMark}
1245185	1245276	internal+	2	3	{GlimmerHMM_glimmerT_1094-T1;GlimmerHMM},{GeneMark_model.1188_t;GeneMark}
1245277	1245339	INTRON			{GlimmerHMM_glimmerT_1094-T1;GlimmerHMM},{GeneMark_model.1188_t;GeneMark}
1245340	1245528	internal+	1	3	{GlimmerHMM_glimmerT_1094-T1;GlimmerHMM},{GeneMark_model.1188_t;GeneMark}
1245529	1245634	INTRON			{GlimmerHMM_glimmerT_1094-T1;GlimmerHMM}
1245635	1245895	terminal+	1	3	{snap_scaffold_2-snap.522-T1;snap}

# EVM prediction: Mode:STANDARD S-ratio: 2.02 1247359-1248288 orient(+) score(2238.00) noncoding_equivalent(1110.00) raw_noncoding(1466.00) offset(356.00)
1247359	1247364	initial+	1	3	{snap_scaffold_2-snap.523-T1;snap}
1247365	1247550	INTRON			{snap_scaffold_2-snap.523-T1;snap}
1247551	1248288	terminal+	1	3	{snap_scaffold_2-snap.523-T1;snap}

# EVM prediction: Mode:STANDARD S-ratio: 1.62 1248452-1250476 orient(-) score(4922.00) noncoding_equivalent(3042.92) raw_noncoding(3769.15) offset(726.23)
1248512	1248452	terminal-	6	6	{GlimmerHMM_glimmerT_1095-T1;GlimmerHMM},{GeneMark_model.1190_t;GeneMark}
1248598	1248513	INTRON			{GlimmerHMM_glimmerT_1095-T1;GlimmerHMM},{GeneMark_model.1190_t;GeneMark}
1249099	1248599	internal-	6	5	{GlimmerHMM_glimmerT_1095-T1;GlimmerHMM},{GeneMark_model.1190_t;GeneMark}
1249177	1249100	INTRON			{GlimmerHMM_glimmerT_1095-T1;GlimmerHMM},{GeneMark_model.1190_t;GeneMark}
1249282	1249178	internal-	6	5	{GlimmerHMM_glimmerT_1095-T1;GlimmerHMM},{GeneMark_model.1190_t;GeneMark}
1249352	1249283	INTRON			{GlimmerHMM_glimmerT_1095-T1;GlimmerHMM},{GeneMark_model.1190_t;GeneMark}
1250046	1249353	internal-	5	5	{GlimmerHMM_glimmerT_1095-T1;GlimmerHMM},{GeneMark_model.1190_t;GeneMark}
1250103	1250047	INTRON			{GlimmerHMM_glimmerT_1095-T1;GlimmerHMM},{GeneMark_model.1190_t;GeneMark}
1250249	1250104	internal-	6	4	{GlimmerHMM_glimmerT_1095-T1;GlimmerHMM},{GeneMark_model.1190_t;GeneMark}
1250315	1250250	INTRON			{GlimmerHMM_glimmerT_1095-T1;GlimmerHMM},{GeneMark_model.1190_t;GeneMark}
1250407	1250316	internal-	4	5	{GlimmerHMM_glimmerT_1095-T1;GlimmerHMM},{GeneMark_model.1190_t;GeneMark}
1250473	1250408	INTRON			{GeneMark_model.1190_t;GeneMark}
1250476	1250474	initial-	4	6	{GeneMark_model.1190_t;GeneMark}

# EVM prediction: Mode:STANDARD S-ratio: 1.30 1251487-1251763 orient(-) score(526.00) noncoding_equivalent(403.14) raw_noncoding(634.61) offset(231.47)
1251663	1251487	terminal-	4	6	{snap_scaffold_2-snap.525-T1;snap}
1251754	1251664	INTRON			{snap_scaffold_2-snap.525-T1;snap}
1251763	1251755	initial-	4	6	{snap_scaffold_2-snap.525-T1;snap}

# EVM prediction: Mode:STANDARD S-ratio: 2.02 1252813-1256156 orient(-) score(8948.00) noncoding_equivalent(4421.27) raw_noncoding(4841.00) offset(419.73)
1254759	1252813	terminal-	4	6	{GlimmerHMM_glimmerT_1096-T1;GlimmerHMM}
1254834	1254760	INTRON			{GeneMark_model.1192_t;GeneMark},{GlimmerHMM_glimmerT_1096-T1;GlimmerHMM}
1254983	1254835	internal-	5	6	{GeneMark_model.1192_t;GeneMark},{GlimmerHMM_glimmerT_1096-T1;GlimmerHMM}
1255052	1254984	INTRON			{GeneMark_model.1192_t;GeneMark},{GlimmerHMM_glimmerT_1096-T1;GlimmerHMM}
1255525	1255053	internal-	6	4	{GeneMark_model.1192_t;GeneMark},{GlimmerHMM_glimmerT_1096-T1;GlimmerHMM}
1255611	1255526	INTRON			{GeneMark_model.1192_t;GeneMark},{GlimmerHMM_glimmerT_1096-T1;GlimmerHMM}
1256156	1255612	initial-	4	5	{GeneMark_model.1192_t;GeneMark},{GlimmerHMM_glimmerT_1096-T1;GlimmerHMM}

# EVM prediction: Mode:STANDARD S-ratio: 1.00 1256604-1257802 orient(-) score(2398.00) noncoding_equivalent(2398.00) raw_noncoding(3038.00) offset(640.00)
1256937	1256604	terminal-	6	6	{GeneMark_model.1193_t;GeneMark},{GlimmerHMM_glimmerT_1097-T1;GlimmerHMM}
1257016	1256938	INTRON			{GeneMark_model.1193_t;GeneMark},{GlimmerHMM_glimmerT_1097-T1;GlimmerHMM}
1257225	1257017	internal-	4	5	{GeneMark_model.1193_t;GeneMark},{GlimmerHMM_glimmerT_1097-T1;GlimmerHMM}
1257329	1257226	INTRON			{GeneMark_model.1193_t;GeneMark},{GlimmerHMM_glimmerT_1097-T1;GlimmerHMM}
1257604	1257330	internal-	5	6	{GeneMark_model.1193_t;GeneMark},{GlimmerHMM_glimmerT_1097-T1;GlimmerHMM}
1257741	1257605	INTRON			{GeneMark_model.1193_t;GeneMark},{GlimmerHMM_glimmerT_1097-T1;GlimmerHMM}
1257802	1257742	initial-	4	4	{GeneMark_model.1193_t;GeneMark},{GlimmerHMM_glimmerT_1097-T1;GlimmerHMM}

# EVM prediction: Mode:STANDARD S-ratio: 2.47 1260875-1263491 orient(-) score(7636.00) noncoding_equivalent(3086.67) raw_noncoding(3606.12) offset(519.46)
1262936	1260875	terminal-	6	6	{GlimmerHMM_glimmerT_1099-T1;GlimmerHMM},{snap_scaffold_2-snap.528-T1;snap}
1262999	1262937	INTRON			{GlimmerHMM_glimmerT_1099-T1;GlimmerHMM},{GeneMark_model.1195_t;GeneMark},{ev_type:exonerate/ID=match.2566964.1341/Target=lcl|KQ954505_1_prot_KWU42554_1_5084;exonerate}
1263212	1263000	internal-	6	5	{GlimmerHMM_glimmerT_1099-T1;GlimmerHMM},{GeneMark_model.1195_t;GeneMark}
1263303	1263213	INTRON			{GlimmerHMM_glimmerT_1099-T1;GlimmerHMM},{GeneMark_model.1195_t;GeneMark}
1263386	1263304	internal-	4	5	{GlimmerHMM_glimmerT_1099-T1;GlimmerHMM},{GeneMark_model.1195_t;GeneMark}
1263461	1263387	INTRON			{GlimmerHMM_glimmerT_1099-T1;GlimmerHMM}
1263491	1263462	initial-	4	6	{GlimmerHMM_glimmerT_1099-T1;GlimmerHMM}

# EVM prediction: Mode:STANDARD S-ratio: 1.26 1264481-1266254 orient(-) score(3580.00) noncoding_equivalent(2849.09) raw_noncoding(3816.75) offset(967.66)
1264820	1264481	terminal-	6	6	{GlimmerHMM_glimmerT_1101-T1;GlimmerHMM}
1265013	1264821	INTRON			{GlimmerHMM_glimmerT_1101-T1;GlimmerHMM}
1265206	1265014	internal-	5	5	{GeneMark_model.1196_t;GeneMark},{GlimmerHMM_glimmerT_1101-T1;GlimmerHMM}
1265288	1265207	INTRON			{GeneMark_model.1196_t;GeneMark}
1265315	1265289	internal-	5	4	{GeneMark_model.1196_t;GeneMark}
1265378	1265316	INTRON			{GeneMark_model.1196_t;GeneMark}
1265772	1265379	internal-	4	4	{GeneMark_model.1196_t;GeneMark},{GlimmerHMM_glimmerT_1101-T1;GlimmerHMM}
1265831	1265773	INTRON			{GeneMark_model.1196_t;GeneMark},{GlimmerHMM_glimmerT_1101-T1;GlimmerHMM}
1266254	1265832	initial-	4	6	{GlimmerHMM_glimmerT_1101-T1;GlimmerHMM}

# EVM prediction: Mode:STANDARD S-ratio: 1.14 1267391-1268575 orient(+) score(2527.00) noncoding_equivalent(2211.34) raw_noncoding(3447.00) offset(1235.66)
1267391	1267403	initial+	1	1	{GeneMark_model.1197_t;GeneMark},{GlimmerHMM_glimmerT_1102-T1;GlimmerHMM}
1267404	1267544	INTRON			{GeneMark_model.1197_t;GeneMark},{GlimmerHMM_glimmerT_1102-T1;GlimmerHMM}
1267545	1267659	internal+	2	2	{GeneMark_model.1197_t;GeneMark},{GlimmerHMM_glimmerT_1102-T1;GlimmerHMM}
1267660	1268004	INTRON			{GeneMark_model.1197_t;GeneMark},{GlimmerHMM_glimmerT_1102-T1;GlimmerHMM}
1268005	1268181	internal+	3	2	{GeneMark_model.1197_t;GeneMark},{GlimmerHMM_glimmerT_1102-T1;GlimmerHMM}
1268182	1268361	INTRON			{GeneMark_model.1197_t;GeneMark},{GlimmerHMM_glimmerT_1102-T1;GlimmerHMM}
1268362	1268575	terminal+	3	3	{GeneMark_model.1197_t;GeneMark},{GlimmerHMM_glimmerT_1102-T1;GlimmerHMM}

# EVM prediction: Mode:STANDARD S-ratio: 1.00 1269460-1272957 orient(+) score(6996.00) noncoding_equivalent(6996.00) raw_noncoding(7986.00) offset(990.00)
1269460	1270166	initial+	1	2	{GeneMark_model.1198_t;GeneMark},{GlimmerHMM_glimmerT_1103-T1;GlimmerHMM}
1270167	1270236	INTRON			{GeneMark_model.1198_t;GeneMark},{GlimmerHMM_glimmerT_1103-T1;GlimmerHMM}
1270237	1270357	internal+	3	3	{GeneMark_model.1198_t;GeneMark},{GlimmerHMM_glimmerT_1103-T1;GlimmerHMM}
1270358	1270433	INTRON			{GeneMark_model.1198_t;GeneMark},{GlimmerHMM_glimmerT_1103-T1;GlimmerHMM}
1270434	1271300	internal+	1	3	{GeneMark_model.1198_t;GeneMark},{GlimmerHMM_glimmerT_1103-T1;GlimmerHMM}
1271301	1271366	INTRON			{GeneMark_model.1198_t;GeneMark},{GlimmerHMM_glimmerT_1103-T1;GlimmerHMM}
1271367	1271756	internal+	1	3	{GeneMark_model.1198_t;GeneMark},{GlimmerHMM_glimmerT_1103-T1;GlimmerHMM}
1271757	1271826	INTRON			{GeneMark_model.1198_t;GeneMark},{GlimmerHMM_glimmerT_1103-T1;GlimmerHMM}
1271827	1271940	internal+	1	3	{GeneMark_model.1198_t;GeneMark},{GlimmerHMM_glimmerT_1103-T1;GlimmerHMM}
1271941	1272013	INTRON			{GeneMark_model.1198_t;GeneMark},{GlimmerHMM_glimmerT_1103-T1;GlimmerHMM}
1272014	1272236	internal+	1	1	{GeneMark_model.1198_t;GeneMark},{GlimmerHMM_glimmerT_1103-T1;GlimmerHMM}
1272237	1272303	INTRON			{GeneMark_model.1198_t;GeneMark},{GlimmerHMM_glimmerT_1103-T1;GlimmerHMM}
1272304	1272586	internal+	2	2	{GeneMark_model.1198_t;GeneMark},{GlimmerHMM_glimmerT_1103-T1;GlimmerHMM}
1272587	1272659	INTRON			{GeneMark_model.1198_t;GeneMark},{GlimmerHMM_glimmerT_1103-T1;GlimmerHMM}
1272660	1272957	terminal+	3	3	{GeneMark_model.1198_t;GeneMark},{GlimmerHMM_glimmerT_1103-T1;GlimmerHMM}

# EVM prediction: Mode:STANDARD S-ratio: 2.58 1273341-1274198 orient(+) score(2472.00) noncoding_equivalent(960.00) raw_noncoding(960.00) offset(0.00)
1273341	1274198	single+	1	3	{GeneMark_model.1199_t;GeneMark},{GlimmerHMM_glimmerT_1104-T1;GlimmerHMM}

# EVM prediction: Mode:STANDARD S-ratio: 2.40 1275021-1276925 orient(+) score(7940.00) noncoding_equivalent(3311.32) raw_noncoding(4623.00) offset(1311.68)
1275021	1275102	initial+	1	1	{GeneMark_model.1200_t;GeneMark}
1275103	1275189	INTRON			{GeneMark_model.1200_t;GeneMark},{ev_type:exonerate/ID=match.2566964.1176/Target=lcl|PJQD01000011_1_prot_POY75781_1_186;exonerate},{ev_type:exonerate/ID=match.2566964.1174/Target=lcl|KQ954505_1_prot_KWU42559_1_5089;exonerate}
1275190	1275287	internal+	2	3	{GeneMark_model.1200_t;GeneMark},{GlimmerHMM_glimmerT_1105-T1;GlimmerHMM},{ev_type:exonerate/ID=match.2566964.1176/Target=lcl|PJQD01000011_1_prot_POY75781_1_186;exonerate},{ev_type:exonerate/ID=match.2566964.1174/Target=lcl|KQ954505_1_prot_KWU42559_1_5089;exonerate}
1275288	1275357	INTRON			{GeneMark_model.1200_t;GeneMark},{GlimmerHMM_glimmerT_1105-T1;GlimmerHMM},{ev_type:exonerate/ID=match.2566964.1176/Target=lcl|PJQD01000011_1_prot_POY75781_1_186;exonerate},{ev_type:exonerate/ID=match.2566964.1174/Target=lcl|KQ954505_1_prot_KWU42559_1_5089;exonerate}
1275358	1275412	internal+	1	1	{GeneMark_model.1200_t;GeneMark},{GlimmerHMM_glimmerT_1105-T1;GlimmerHMM},{ev_type:exonerate/ID=match.2566964.1176/Target=lcl|PJQD01000011_1_prot_POY75781_1_186;exonerate},{ev_type:exonerate/ID=match.2566964.1174/Target=lcl|KQ954505_1_prot_KWU42559_1_5089;exonerate}
1275413	1275478	INTRON			{GeneMark_model.1200_t;GeneMark},{GlimmerHMM_glimmerT_1105-T1;GlimmerHMM},{ev_type:exonerate/ID=match.2566964.1176/Target=lcl|PJQD01000011_1_prot_POY75781_1_186;exonerate},{ev_type:exonerate/ID=match.2566964.1174/Target=lcl|KQ954505_1_prot_KWU42559_1_5089;exonerate}
1275479	1275572	internal+	2	2	{GeneMark_model.1200_t;GeneMark},{GlimmerHMM_glimmerT_1105-T1;GlimmerHMM},{ev_type:exonerate/ID=match.2566964.1176/Target=lcl|PJQD01000011_1_prot_POY75781_1_186;exonerate},{ev_type:exonerate/ID=match.2566964.1174/Target=lcl|KQ954505_1_prot_KWU42559_1_5089;exonerate}
1275573	1275645	INTRON			{GeneMark_model.1200_t;GeneMark},{GlimmerHMM_glimmerT_1105-T1;GlimmerHMM},{ev_type:exonerate/ID=match.2566964.1176/Target=lcl|PJQD01000011_1_prot_POY75781_1_186;exonerate},{ev_type:exonerate/ID=match.2566964.1174/Target=lcl|KQ954505_1_prot_KWU42559_1_5089;exonerate}
1275646	1275750	internal+	3	2	{GeneMark_model.1200_t;GeneMark},{GlimmerHMM_glimmerT_1105-T1;GlimmerHMM},{ev_type:exonerate/ID=match.2566964.1176/Target=lcl|PJQD01000011_1_prot_POY75781_1_186;exonerate},{ev_type:exonerate/ID=match.2566964.1174/Target=lcl|KQ954505_1_prot_KWU42559_1_5089;exonerate}
1275751	1275813	INTRON			{GeneMark_model.1200_t;GeneMark},{GlimmerHMM_glimmerT_1105-T1;GlimmerHMM},{ev_type:exonerate/ID=match.2566964.1176/Target=lcl|PJQD01000011_1_prot_POY75781_1_186;exonerate},{ev_type:exonerate/ID=match.2566964.1174/Target=lcl|KQ954505_1_prot_KWU42559_1_5089;exonerate}
1275814	1275917	internal+	3	1	{GeneMark_model.1200_t;GeneMark},{GlimmerHMM_glimmerT_1105-T1;GlimmerHMM},{ev_type:exonerate/ID=match.2566964.1176/Target=lcl|PJQD01000011_1_prot_POY75781_1_186;exonerate},{ev_type:exonerate/ID=match.2566964.1174/Target=lcl|KQ954505_1_prot_KWU42559_1_5089;exonerate}
1275918	1275978	INTRON			{GeneMark_model.1200_t;GeneMark},{GlimmerHMM_glimmerT_1105-T1;GlimmerHMM},{ev_type:exonerate/ID=match.2566964.1176/Target=lcl|PJQD01000011_1_prot_POY75781_1_186;exonerate},{ev_type:exonerate/ID=match.2566964.1174/Target=lcl|KQ954505_1_prot_KWU42559_1_5089;exonerate}
1275979	1276400	internal+	2	3	{GeneMark_model.1200_t;GeneMark},{GlimmerHMM_glimmerT_1105-T1;GlimmerHMM},{ev_type:exonerate/ID=match.2566964.1176/Target=lcl|PJQD01000011_1_prot_POY75781_1_186;exonerate},{ev_type:exonerate/ID=match.2566964.1174/Target=lcl|KQ954505_1_prot_KWU42559_1_5089;exonerate}
1276401	1276462	INTRON			{GeneMark_model.1200_t;GeneMark},{GlimmerHMM_glimmerT_1105-T1;GlimmerHMM},{ev_type:exonerate/ID=match.2566964.1176/Target=lcl|PJQD01000011_1_prot_POY75781_1_186;exonerate},{ev_type:exonerate/ID=match.2566964.1174/Target=lcl|KQ954505_1_prot_KWU42559_1_5089;exonerate}
1276463	1276649	internal+	1	1	{GeneMark_model.1200_t;GeneMark},{GlimmerHMM_glimmerT_1105-T1;GlimmerHMM},{ev_type:exonerate/ID=match.2566964.1176/Target=lcl|PJQD01000011_1_prot_POY75781_1_186;exonerate},{ev_type:exonerate/ID=match.2566964.1174/Target=lcl|KQ954505_1_prot_KWU42559_1_5089;exonerate}
1276650	1276736	INTRON			{GeneMark_model.1200_t;GeneMark},{GlimmerHMM_glimmerT_1105-T1;GlimmerHMM},{ev_type:exonerate/ID=match.2566964.1176/Target=lcl|PJQD01000011_1_prot_POY75781_1_186;exonerate},{ev_type:exonerate/ID=match.2566964.1174/Target=lcl|KQ954505_1_prot_KWU42559_1_5089;exonerate}
1276737	1276823	internal+	2	1	{GeneMark_model.1200_t;GeneMark},{GlimmerHMM_glimmerT_1105-T1;GlimmerHMM},{ev_type:exonerate/ID=match.2566964.1176/Target=lcl|PJQD01000011_1_prot_POY75781_1_186;exonerate},{ev_type:exonerate/ID=match.2566964.1174/Target=lcl|KQ954505_1_prot_KWU42559_1_5089;exonerate}
1276824	1276890	INTRON			{GeneMark_model.1200_t;GeneMark},{GlimmerHMM_glimmerT_1105-T1;GlimmerHMM},{ev_type:exonerate/ID=match.2566964.1176/Target=lcl|PJQD01000011_1_prot_POY75781_1_186;exonerate},{ev_type:exonerate/ID=match.2566964.1174/Target=lcl|KQ954505_1_prot_KWU42559_1_5089;exonerate}
1276891	1276925	terminal+	2	3	{GeneMark_model.1200_t;GeneMark},{GlimmerHMM_glimmerT_1105-T1;GlimmerHMM}

# EVM prediction: Mode:STANDARD S-ratio: 1.85 1277153-1280849 orient(-) score(11702.00) noncoding_equivalent(6330.84) raw_noncoding(8138.00) offset(1807.16)
1277366	1277153	terminal-	6	6	{GlimmerHMM_glimmerT_1106-T1;GlimmerHMM},{GeneMark_model.1201_t;GeneMark}
1277452	1277367	INTRON			{GlimmerHMM_glimmerT_1106-T1;GlimmerHMM},{GeneMark_model.1201_t;GeneMark},{ev_type:exonerate/ID=match.2566964.1071/Target=lcl|PJQD01000011_1_prot_POY75780_1_185;exonerate}
1277562	1277453	internal-	4	5	{GlimmerHMM_glimmerT_1106-T1;GlimmerHMM},{GeneMark_model.1201_t;GeneMark},{ev_type:exonerate/ID=match.2566964.1071/Target=lcl|PJQD01000011_1_prot_POY75780_1_185;exonerate}
1277631	1277563	INTRON			{GlimmerHMM_glimmerT_1106-T1;GlimmerHMM},{GeneMark_model.1201_t;GeneMark},{ev_type:exonerate/ID=match.2566964.1071/Target=lcl|PJQD01000011_1_prot_POY75780_1_185;exonerate}
1278113	1277632	internal-	5	6	{GlimmerHMM_glimmerT_1106-T1;GlimmerHMM},{GeneMark_model.1201_t;GeneMark},{ev_type:exonerate/ID=match.2566964.1071/Target=lcl|PJQD01000011_1_prot_POY75780_1_185;exonerate}
1278178	1278114	INTRON			{GlimmerHMM_glimmerT_1106-T1;GlimmerHMM},{GeneMark_model.1201_t;GeneMark},{ev_type:exonerate/ID=match.2566964.1071/Target=lcl|PJQD01000011_1_prot_POY75780_1_185;exonerate}
1278373	1278179	internal-	5	4	{GlimmerHMM_glimmerT_1106-T1;GlimmerHMM},{GeneMark_model.1201_t;GeneMark},{ev_type:exonerate/ID=match.2566964.1071/Target=lcl|PJQD01000011_1_prot_POY75780_1_185;exonerate}
1278436	1278374	INTRON			{GlimmerHMM_glimmerT_1106-T1;GlimmerHMM},{GeneMark_model.1201_t;GeneMark}
1278611	1278437	internal-	4	4	{GlimmerHMM_glimmerT_1106-T1;GlimmerHMM},{GeneMark_model.1201_t;GeneMark}
1278676	1278612	INTRON			{GlimmerHMM_glimmerT_1106-T1;GlimmerHMM},{GeneMark_model.1201_t;GeneMark},{ev_type:exonerate/ID=match.2566964.1071/Target=lcl|PJQD01000011_1_prot_POY75780_1_185;exonerate}
1278881	1278677	internal-	6	6	{GlimmerHMM_glimmerT_1106-T1;GlimmerHMM},{GeneMark_model.1201_t;GeneMark},{ev_type:exonerate/ID=match.2566964.1071/Target=lcl|PJQD01000011_1_prot_POY75780_1_185;exonerate}
1278944	1278882	INTRON			{GlimmerHMM_glimmerT_1106-T1;GlimmerHMM},{GeneMark_model.1201_t;GeneMark},{ev_type:exonerate/ID=match.2566964.1071/Target=lcl|PJQD01000011_1_prot_POY75780_1_185;exonerate}
1279384	1278945	internal-	4	5	{GlimmerHMM_glimmerT_1106-T1;GlimmerHMM},{GeneMark_model.1201_t;GeneMark},{ev_type:exonerate/ID=match.2566964.1071/Target=lcl|PJQD01000011_1_prot_POY75780_1_185;exonerate}
1279449	1279385	INTRON			{GlimmerHMM_glimmerT_1106-T1;GlimmerHMM},{GeneMark_model.1201_t;GeneMark},{ev_type:exonerate/ID=match.2566964.1071/Target=lcl|PJQD01000011_1_prot_POY75780_1_185;exonerate}
1279648	1279450	internal-	6	6	{GlimmerHMM_glimmerT_1106-T1;GlimmerHMM},{GeneMark_model.1201_t;GeneMark},{ev_type:exonerate/ID=match.2566964.1071/Target=lcl|PJQD01000011_1_prot_POY75780_1_185;exonerate}
1279712	1279649	INTRON			{GlimmerHMM_glimmerT_1106-T1;GlimmerHMM},{GeneMark_model.1201_t;GeneMark}
1279791	1279713	internal-	5	5	{GlimmerHMM_glimmerT_1106-T1;GlimmerHMM},{GeneMark_model.1201_t;GeneMark}
1279852	1279792	INTRON			{GlimmerHMM_glimmerT_1106-T1;GlimmerHMM},{GeneMark_model.1201_t;GeneMark},{ev_type:exonerate/ID=match.2566964.1071/Target=lcl|PJQD01000011_1_prot_POY75780_1_185;exonerate}
1280114	1279853	internal-	4	4	{GlimmerHMM_glimmerT_1106-T1;GlimmerHMM},{GeneMark_model.1201_t;GeneMark},{ev_type:exonerate/ID=match.2566964.1071/Target=lcl|PJQD01000011_1_prot_POY75780_1_185;exonerate}
1280182	1280115	INTRON			{GeneMark_model.1201_t;GeneMark},{ev_type:exonerate/ID=match.2566964.1071/Target=lcl|PJQD01000011_1_prot_POY75780_1_185;exonerate}
1280202	1280183	internal-	5	6	{GeneMark_model.1201_t;GeneMark},{ev_type:exonerate/ID=match.2566964.1071/Target=lcl|PJQD01000011_1_prot_POY75780_1_185;exonerate}
1280271	1280203	INTRON			{GeneMark_model.1201_t;GeneMark},{ev_type:exonerate/ID=match.2566964.1071/Target=lcl|PJQD01000011_1_prot_POY75780_1_185;exonerate}
1280358	1280272	internal-	5	4	{GeneMark_model.1201_t;GeneMark},{ev_type:exonerate/ID=match.2566964.1071/Target=lcl|PJQD01000011_1_prot_POY75780_1_185;exonerate}
1280414	1280359	INTRON			{GlimmerHMM_glimmerT_1106-T1;GlimmerHMM},{GeneMark_model.1201_t;GeneMark},{ev_type:exonerate/ID=match.2566964.1071/Target=lcl|PJQD01000011_1_prot_POY75780_1_185;exonerate}
1280713	1280415	internal-	6	4	{GlimmerHMM_glimmerT_1106-T1;GlimmerHMM},{GeneMark_model.1201_t;GeneMark},{ev_type:exonerate/ID=match.2566964.1071/Target=lcl|PJQD01000011_1_prot_POY75780_1_185;exonerate}
1280796	1280714	INTRON			{GlimmerHMM_glimmerT_1106-T1;GlimmerHMM},{GeneMark_model.1201_t;GeneMark},{ev_type:exonerate/ID=match.2566964.1071/Target=lcl|PJQD01000011_1_prot_POY75780_1_185;exonerate}
1280849	1280797	initial-	4	5	{GlimmerHMM_glimmerT_1106-T1;GlimmerHMM},{GeneMark_model.1201_t;GeneMark}

# EVM prediction: Mode:STANDARD S-ratio: 1.65 1283374-1285241 orient(-) score(4568.00) noncoding_equivalent(2771.69) raw_noncoding(3528.36) offset(756.67)
1284073	1283374	terminal-	6	6	{snap_scaffold_2-snap.536-T1;snap}
1284150	1284074	INTRON			{GlimmerHMM_glimmerT_1107-T1;GlimmerHMM},{GeneMark_model.1202_t;GeneMark}
1284229	1284151	internal-	5	5	{GlimmerHMM_glimmerT_1107-T1;GlimmerHMM},{GeneMark_model.1202_t;GeneMark}
1284286	1284230	INTRON			{GlimmerHMM_glimmerT_1107-T1;GlimmerHMM},{GeneMark_model.1202_t;GeneMark}
1284539	1284287	internal-	4	4	{GlimmerHMM_glimmerT_1107-T1;GlimmerHMM},{GeneMark_model.1202_t;GeneMark}
1284598	1284540	INTRON			{GlimmerHMM_glimmerT_1107-T1;GlimmerHMM},{GeneMark_model.1202_t;GeneMark}
1284618	1284599	internal-	5	6	{GlimmerHMM_glimmerT_1107-T1;GlimmerHMM},{GeneMark_model.1202_t;GeneMark}
1284678	1284619	INTRON			{GlimmerHMM_glimmerT_1107-T1;GlimmerHMM},{GeneMark_model.1202_t;GeneMark}
1284765	1284679	internal-	5	4	{GlimmerHMM_glimmerT_1107-T1;GlimmerHMM},{GeneMark_model.1202_t;GeneMark}
1284823	1284766	INTRON			{GlimmerHMM_glimmerT_1107-T1;GlimmerHMM},{GeneMark_model.1202_t;GeneMark}
1285128	1284824	internal-	6	4	{GlimmerHMM_glimmerT_1107-T1;GlimmerHMM},{GeneMark_model.1202_t;GeneMark}
1285194	1285129	INTRON			{GeneMark_model.1202_t;GeneMark}
1285241	1285195	initial-	4	5	{GeneMark_model.1202_t;GeneMark}

# EVM prediction: Mode:STANDARD S-ratio: 4.86 1289549-1293245 orient(+) score(27459.00) noncoding_equivalent(5645.00) raw_noncoding(7003.00) offset(1358.00)
1289549	1289707	initial+	1	3	{GeneMark_model.1205_t;GeneMark},{GlimmerHMM_glimmerT_1109-T1;GlimmerHMM}
1289708	1289820	INTRON			{GeneMark_model.1205_t;GeneMark},{GlimmerHMM_glimmerT_1109-T1;GlimmerHMM},{ev_type:exonerate/ID=match.2566964.1068/Target=lcl|PJQD01000048_1_prot_POY72710_1_4608;exonerate},{ev_type:exonerate/ID=match.2566964.1074/Target=lcl|BJWK01000023_1_prot_GEM12619_1_6636;exonerate},{ev_type:exonerate/ID=match.2566964.1072/Target=lcl|NW_017264931_1_prot_XP_018272667_1_2498;exonerate},{ev_type:exonerate/ID=match.2566964.1073/Target=lcl|LCTV02000017_1_prot_PRQ69891_1_3176;exonerate},{ev_type:exonerate/ID=match.2566964.1069/Target=lcl|KQ954505_1_prot_KWU42573_1_5103;exonerate}
1289821	1289891	internal+	1	2	{GeneMark_model.1205_t;GeneMark},{GlimmerHMM_glimmerT_1109-T1;GlimmerHMM},{ev_type:exonerate/ID=match.2566964.1068/Target=lcl|PJQD01000048_1_prot_POY72710_1_4608;exonerate},{ev_type:exonerate/ID=match.2566964.1074/Target=lcl|BJWK01000023_1_prot_GEM12619_1_6636;exonerate},{ev_type:exonerate/ID=match.2566964.1072/Target=lcl|NW_017264931_1_prot_XP_018272667_1_2498;exonerate},{ev_type:exonerate/ID=match.2566964.1073/Target=lcl|LCTV02000017_1_prot_PRQ69891_1_3176;exonerate},{ev_type:exonerate/ID=match.2566964.1069/Target=lcl|KQ954505_1_prot_KWU42573_1_5103;exonerate}
1289892	1289970	INTRON			{GeneMark_model.1205_t;GeneMark},{GlimmerHMM_glimmerT_1109-T1;GlimmerHMM},{ev_type:exonerate/ID=match.2566964.1068/Target=lcl|PJQD01000048_1_prot_POY72710_1_4608;exonerate},{ev_type:exonerate/ID=match.2566964.1074/Target=lcl|BJWK01000023_1_prot_GEM12619_1_6636;exonerate},{ev_type:exonerate/ID=match.2566964.1072/Target=lcl|NW_017264931_1_prot_XP_018272667_1_2498;exonerate},{ev_type:exonerate/ID=match.2566964.1073/Target=lcl|LCTV02000017_1_prot_PRQ69891_1_3176;exonerate},{ev_type:exonerate/ID=match.2566964.1069/Target=lcl|KQ954505_1_prot_KWU42573_1_5103;exonerate}
1289971	1290039	internal+	3	2	{GeneMark_model.1205_t;GeneMark},{GlimmerHMM_glimmerT_1109-T1;GlimmerHMM},{ev_type:exonerate/ID=match.2566964.1068/Target=lcl|PJQD01000048_1_prot_POY72710_1_4608;exonerate},{ev_type:exonerate/ID=match.2566964.1074/Target=lcl|BJWK01000023_1_prot_GEM12619_1_6636;exonerate},{ev_type:exonerate/ID=match.2566964.1072/Target=lcl|NW_017264931_1_prot_XP_018272667_1_2498;exonerate},{ev_type:exonerate/ID=match.2566964.1073/Target=lcl|LCTV02000017_1_prot_PRQ69891_1_3176;exonerate},{ev_type:exonerate/ID=match.2566964.1069/Target=lcl|KQ954505_1_prot_KWU42573_1_5103;exonerate}
1290040	1290107	INTRON			{GeneMark_model.1205_t;GeneMark},{GlimmerHMM_glimmerT_1109-T1;GlimmerHMM},{ev_type:exonerate/ID=match.2566964.1068/Target=lcl|PJQD01000048_1_prot_POY72710_1_4608;exonerate},{ev_type:exonerate/ID=match.2566964.1074/Target=lcl|BJWK01000023_1_prot_GEM12619_1_6636;exonerate},{ev_type:exonerate/ID=match.2566964.1072/Target=lcl|NW_017264931_1_prot_XP_018272667_1_2498;exonerate},{ev_type:exonerate/ID=match.2566964.1073/Target=lcl|LCTV02000017_1_prot_PRQ69891_1_3176;exonerate},{ev_type:exonerate/ID=match.2566964.1069/Target=lcl|KQ954505_1_prot_KWU42573_1_5103;exonerate}
1290108	1290129	internal+	3	3	{GeneMark_model.1205_t;GeneMark},{GlimmerHMM_glimmerT_1109-T1;GlimmerHMM},{ev_type:exonerate/ID=match.2566964.1068/Target=lcl|PJQD01000048_1_prot_POY72710_1_4608;exonerate},{ev_type:exonerate/ID=match.2566964.1074/Target=lcl|BJWK01000023_1_prot_GEM12619_1_6636;exonerate},{ev_type:exonerate/ID=match.2566964.1072/Target=lcl|NW_017264931_1_prot_XP_018272667_1_2498;exonerate},{ev_type:exonerate/ID=match.2566964.1073/Target=lcl|LCTV02000017_1_prot_PRQ69891_1_3176;exonerate},{ev_type:exonerate/ID=match.2566964.1069/Target=lcl|KQ954505_1_prot_KWU42573_1_5103;exonerate}
1290130	1290193	INTRON			{GeneMark_model.1205_t;GeneMark},{GlimmerHMM_glimmerT_1109-T1;GlimmerHMM},{ev_type:exonerate/ID=match.2566964.1068/Target=lcl|PJQD01000048_1_prot_POY72710_1_4608;exonerate},{ev_type:exonerate/ID=match.2566964.1074/Target=lcl|BJWK01000023_1_prot_GEM12619_1_6636;exonerate},{ev_type:exonerate/ID=match.2566964.1072/Target=lcl|NW_017264931_1_prot_XP_018272667_1_2498;exonerate},{ev_type:exonerate/ID=match.2566964.1073/Target=lcl|LCTV02000017_1_prot_PRQ69891_1_3176;exonerate},{ev_type:exonerate/ID=match.2566964.1069/Target=lcl|KQ954505_1_prot_KWU42573_1_5103;exonerate}
1290194	1290298	internal+	1	3	{GeneMark_model.1205_t;GeneMark},{GlimmerHMM_glimmerT_1109-T1;GlimmerHMM},{ev_type:exonerate/ID=match.2566964.1068/Target=lcl|PJQD01000048_1_prot_POY72710_1_4608;exonerate},{ev_type:exonerate/ID=match.2566964.1074/Target=lcl|BJWK01000023_1_prot_GEM12619_1_6636;exonerate},{ev_type:exonerate/ID=match.2566964.1072/Target=lcl|NW_017264931_1_prot_XP_018272667_1_2498;exonerate},{ev_type:exonerate/ID=match.2566964.1073/Target=lcl|LCTV02000017_1_prot_PRQ69891_1_3176;exonerate},{ev_type:exonerate/ID=match.2566964.1069/Target=lcl|KQ954505_1_prot_KWU42573_1_5103;exonerate}
1290299	1290362	INTRON			{GeneMark_model.1205_t;GeneMark},{GlimmerHMM_glimmerT_1109-T1;GlimmerHMM},{ev_type:exonerate/ID=match.2566964.1074/Target=lcl|BJWK01000023_1_prot_GEM12619_1_6636;exonerate},{ev_type:exonerate/ID=match.2566964.1072/Target=lcl|NW_017264931_1_prot_XP_018272667_1_2498;exonerate},{ev_type:exonerate/ID=match.2566964.1073/Target=lcl|LCTV02000017_1_prot_PRQ69891_1_3176;exonerate},{ev_type:exonerate/ID=match.2566964.1069/Target=lcl|KQ954505_1_prot_KWU42573_1_5103;exonerate}
1290363	1290479	internal+	1	3	{GeneMark_model.1205_t;GeneMark},{GlimmerHMM_glimmerT_1109-T1;GlimmerHMM},{ev_type:exonerate/ID=match.2566964.1074/Target=lcl|BJWK01000023_1_prot_GEM12619_1_6636;exonerate},{ev_type:exonerate/ID=match.2566964.1072/Target=lcl|NW_017264931_1_prot_XP_018272667_1_2498;exonerate},{ev_type:exonerate/ID=match.2566964.1073/Target=lcl|LCTV02000017_1_prot_PRQ69891_1_3176;exonerate},{ev_type:exonerate/ID=match.2566964.1069/Target=lcl|KQ954505_1_prot_KWU42573_1_5103;exonerate}
1290480	1290546	INTRON			{GeneMark_model.1205_t;GeneMark},{GlimmerHMM_glimmerT_1109-T1;GlimmerHMM},{snap_scaffold_2-snap.538-T1;snap},{ev_type:exonerate/ID=match.2566964.1068/Target=lcl|PJQD01000048_1_prot_POY72710_1_4608;exonerate},{ev_type:exonerate/ID=match.2566964.1074/Target=lcl|BJWK01000023_1_prot_GEM12619_1_6636;exonerate},{ev_type:exonerate/ID=match.2566964.1072/Target=lcl|NW_017264931_1_prot_XP_018272667_1_2498;exonerate},{ev_type:exonerate/ID=match.2566964.1073/Target=lcl|LCTV02000017_1_prot_PRQ69891_1_3176;exonerate},{ev_type:exonerate/ID=match.2566964.1069/Target=lcl|KQ954505_1_prot_KWU42573_1_5103;exonerate}
1290547	1290741	internal+	1	3	{GeneMark_model.1205_t;GeneMark},{GlimmerHMM_glimmerT_1109-T1;GlimmerHMM},{ev_type:exonerate/ID=match.2566964.1068/Target=lcl|PJQD01000048_1_prot_POY72710_1_4608;exonerate},{ev_type:exonerate/ID=match.2566964.1072/Target=lcl|NW_017264931_1_prot_XP_018272667_1_2498;exonerate},{ev_type:exonerate/ID=match.2566964.1069/Target=lcl|KQ954505_1_prot_KWU42573_1_5103;exonerate}
1290742	1290803	INTRON			{GeneMark_model.1205_t;GeneMark},{GlimmerHMM_glimmerT_1109-T1;GlimmerHMM},{ev_type:exonerate/ID=match.2566964.1068/Target=lcl|PJQD01000048_1_prot_POY72710_1_4608;exonerate},{ev_type:exonerate/ID=match.2566964.1072/Target=lcl|NW_017264931_1_prot_XP_018272667_1_2498;exonerate},{ev_type:exonerate/ID=match.2566964.1069/Target=lcl|KQ954505_1_prot_KWU42573_1_5103;exonerate}
1290804	1290915	internal+	1	1	{GeneMark_model.1205_t;GeneMark},{GlimmerHMM_glimmerT_1109-T1;GlimmerHMM},{ev_type:exonerate/ID=match.2566964.1068/Target=lcl|PJQD01000048_1_prot_POY72710_1_4608;exonerate},{ev_type:exonerate/ID=match.2566964.1072/Target=lcl|NW_017264931_1_prot_XP_018272667_1_2498;exonerate},{ev_type:exonerate/ID=match.2566964.1069/Target=lcl|KQ954505_1_prot_KWU42573_1_5103;exonerate}
1290916	1290973	INTRON			{GeneMark_model.1205_t;GeneMark},{GlimmerHMM_glimmerT_1109-T1;GlimmerHMM},{ev_type:exonerate/ID=match.2566964.1068/Target=lcl|PJQD01000048_1_prot_POY72710_1_4608;exonerate},{ev_type:exonerate/ID=match.2566964.1074/Target=lcl|BJWK01000023_1_prot_GEM12619_1_6636;exonerate},{ev_type:exonerate/ID=match.2566964.1072/Target=lcl|NW_017264931_1_prot_XP_018272667_1_2498;exonerate},{ev_type:exonerate/ID=match.2566964.1073/Target=lcl|LCTV02000017_1_prot_PRQ69891_1_3176;exonerate},{ev_type:exonerate/ID=match.2566964.1069/Target=lcl|KQ954505_1_prot_KWU42573_1_5103;exonerate}
1290974	1292583	internal+	2	3	{GeneMark_model.1205_t;GeneMark},{GlimmerHMM_glimmerT_1109-T1;GlimmerHMM},{ev_type:exonerate/ID=match.2566964.1068/Target=lcl|PJQD01000048_1_prot_POY72710_1_4608;exonerate},{ev_type:exonerate/ID=match.2566964.1074/Target=lcl|BJWK01000023_1_prot_GEM12619_1_6636;exonerate},{ev_type:exonerate/ID=match.2566964.1072/Target=lcl|NW_017264931_1_prot_XP_018272667_1_2498;exonerate},{ev_type:exonerate/ID=match.2566964.1073/Target=lcl|LCTV02000017_1_prot_PRQ69891_1_3176;exonerate},{ev_type:exonerate/ID=match.2566964.1069/Target=lcl|KQ954505_1_prot_KWU42573_1_5103;exonerate}
1292584	1292651	INTRON			{GeneMark_model.1205_t;GeneMark},{GlimmerHMM_glimmerT_1109-T1;GlimmerHMM},{ev_type:exonerate/ID=match.2566964.1068/Target=lcl|PJQD01000048_1_prot_POY72710_1_4608;exonerate},{ev_type:exonerate/ID=match.2566964.1074/Target=lcl|BJWK01000023_1_prot_GEM12619_1_6636;exonerate},{ev_type:exonerate/ID=match.2566964.1072/Target=lcl|NW_017264931_1_prot_XP_018272667_1_2498;exonerate},{ev_type:exonerate/ID=match.2566964.1073/Target=lcl|LCTV02000017_1_prot_PRQ69891_1_3176;exonerate},{ev_type:exonerate/ID=match.2566964.1069/Target=lcl|KQ954505_1_prot_KWU42573_1_5103;exonerate}
1292652	1292795	internal+	1	3	{GeneMark_model.1205_t;GeneMark},{GlimmerHMM_glimmerT_1109-T1;GlimmerHMM},{ev_type:exonerate/ID=match.2566964.1068/Target=lcl|PJQD01000048_1_prot_POY72710_1_4608;exonerate},{ev_type:exonerate/ID=match.2566964.1074/Target=lcl|BJWK01000023_1_prot_GEM12619_1_6636;exonerate},{ev_type:exonerate/ID=match.2566964.1072/Target=lcl|NW_017264931_1_prot_XP_018272667_1_2498;exonerate},{ev_type:exonerate/ID=match.2566964.1073/Target=lcl|LCTV02000017_1_prot_PRQ69891_1_3176;exonerate},{ev_type:exonerate/ID=match.2566964.1069/Target=lcl|KQ954505_1_prot_KWU42573_1_5103;exonerate}
1292796	1292854	INTRON			{GeneMark_model.1205_t;GeneMark},{GlimmerHMM_glimmerT_1109-T1;GlimmerHMM},{ev_type:exonerate/ID=match.2566964.1068/Target=lcl|PJQD01000048_1_prot_POY72710_1_4608;exonerate},{ev_type:exonerate/ID=match.2566964.1074/Target=lcl|BJWK01000023_1_prot_GEM12619_1_6636;exonerate},{ev_type:exonerate/ID=match.2566964.1072/Target=lcl|NW_017264931_1_prot_XP_018272667_1_2498;exonerate},{ev_type:exonerate/ID=match.2566964.1073/Target=lcl|LCTV02000017_1_prot_PRQ69891_1_3176;exonerate},{ev_type:exonerate/ID=match.2566964.1069/Target=lcl|KQ954505_1_prot_KWU42573_1_5103;exonerate}
1292855	1292930	internal+	1	1	{GeneMark_model.1205_t;GeneMark},{GlimmerHMM_glimmerT_1109-T1;GlimmerHMM},{ev_type:exonerate/ID=match.2566964.1068/Target=lcl|PJQD01000048_1_prot_POY72710_1_4608;exonerate},{ev_type:exonerate/ID=match.2566964.1074/Target=lcl|BJWK01000023_1_prot_GEM12619_1_6636;exonerate},{ev_type:exonerate/ID=match.2566964.1072/Target=lcl|NW_017264931_1_prot_XP_018272667_1_2498;exonerate},{ev_type:exonerate/ID=match.2566964.1073/Target=lcl|LCTV02000017_1_prot_PRQ69891_1_3176;exonerate},{ev_type:exonerate/ID=match.2566964.1069/Target=lcl|KQ954505_1_prot_KWU42573_1_5103;exonerate}
1292931	1292991	INTRON			{GeneMark_model.1205_t;GeneMark},{GlimmerHMM_glimmerT_1109-T1;GlimmerHMM},{ev_type:exonerate/ID=match.2566964.1068/Target=lcl|PJQD01000048_1_prot_POY72710_1_4608;exonerate},{ev_type:exonerate/ID=match.2566964.1074/Target=lcl|BJWK01000023_1_prot_GEM12619_1_6636;exonerate},{ev_type:exonerate/ID=match.2566964.1072/Target=lcl|NW_017264931_1_prot_XP_018272667_1_2498;exonerate},{ev_type:exonerate/ID=match.2566964.1073/Target=lcl|LCTV02000017_1_prot_PRQ69891_1_3176;exonerate},{ev_type:exonerate/ID=match.2566964.1069/Target=lcl|KQ954505_1_prot_KWU42573_1_5103;exonerate}
1292992	1293245	terminal+	2	3	{GeneMark_model.1205_t;GeneMark},{GlimmerHMM_glimmerT_1109-T1;GlimmerHMM}

# EVM prediction: Mode:STANDARD S-ratio: 2.02 1293571-1296105 orient(+) score(6786.00) noncoding_equivalent(3353.19) raw_noncoding(3936.00) offset(582.81)
1293571	1293669	initial+	1	3	{GlimmerHMM_glimmerT_1110-T1;GlimmerHMM},{GeneMark_model.1206_t;GeneMark}
1293670	1293749	INTRON			{GlimmerHMM_glimmerT_1110-T1;GlimmerHMM},{GeneMark_model.1206_t;GeneMark}
1293750	1293894	internal+	1	1	{GlimmerHMM_glimmerT_1110-T1;GlimmerHMM},{GeneMark_model.1206_t;GeneMark}
1293895	1293975	INTRON			{GlimmerHMM_glimmerT_1110-T1;GlimmerHMM},{GeneMark_model.1206_t;GeneMark}
1293976	1294166	internal+	2	3	{GlimmerHMM_glimmerT_1110-T1;GlimmerHMM},{GeneMark_model.1206_t;GeneMark}
1294167	1294232	INTRON			{GlimmerHMM_glimmerT_1110-T1;GlimmerHMM},{GeneMark_model.1206_t;GeneMark}
1294233	1294330	internal+	1	2	{GlimmerHMM_glimmerT_1110-T1;GlimmerHMM},{GeneMark_model.1206_t;GeneMark}
1294331	1294400	INTRON			{GlimmerHMM_glimmerT_1110-T1;GlimmerHMM},{GeneMark_model.1206_t;GeneMark}
1294401	1296105	terminal+	3	3	{GlimmerHMM_glimmerT_1110-T1;GlimmerHMM},{GeneMark_model.1206_t;GeneMark}

# EVM prediction: Mode:STANDARD S-ratio: 1.91 1321232-1323044 orient(-) score(4760.00) noncoding_equivalent(2489.16) raw_noncoding(2992.00) offset(502.84)
1321484	1321232	terminal-	6	6	{GlimmerHMM_glimmerT_1114-T1;GlimmerHMM},{snap_scaffold_2-snap.542-T1;snap},{GeneMark_model.1210_t;GeneMark}
1321560	1321485	INTRON			{GlimmerHMM_glimmerT_1114-T1;GlimmerHMM},{GeneMark_model.1210_t;GeneMark}
1321791	1321561	internal-	6	5	{GlimmerHMM_glimmerT_1114-T1;GlimmerHMM},{GeneMark_model.1210_t;GeneMark}
1321863	1321792	INTRON			{GlimmerHMM_glimmerT_1114-T1;GlimmerHMM},{GeneMark_model.1210_t;GeneMark}
1322737	1321864	internal-	5	5	{GlimmerHMM_glimmerT_1114-T1;GlimmerHMM},{GeneMark_model.1210_t;GeneMark}
1322800	1322738	INTRON			{GlimmerHMM_glimmerT_1114-T1;GlimmerHMM},{GeneMark_model.1210_t;GeneMark}
1322841	1322801	internal-	6	4	{GlimmerHMM_glimmerT_1114-T1;GlimmerHMM},{GeneMark_model.1210_t;GeneMark}
1322907	1322842	INTRON			{GlimmerHMM_glimmerT_1114-T1;GlimmerHMM},{GeneMark_model.1210_t;GeneMark}
1323044	1322908	initial-	4	5	{GlimmerHMM_glimmerT_1114-T1;GlimmerHMM},{GeneMark_model.1210_t;GeneMark}

# EVM prediction: Mode:STANDARD S-ratio: 5.09 1323547-1325978 orient(+) score(17930.00) noncoding_equivalent(3525.91) raw_noncoding(5009.00) offset(1483.09)
1323547	1323588	initial+	1	3	{GlimmerHMM_glimmerT_1115-T1;GlimmerHMM},{GeneMark_model.1211_t;GeneMark}
1323589	1323658	INTRON			{GeneMark_model.1211_t;GeneMark},{ev_type:exonerate/ID=match.2566964.879/Target=lcl|PJQD01000048_1_prot_POY72712_1_4610;exonerate},{ev_type:exonerate/ID=match.2566964.875/Target=lcl|KQ954505_1_prot_KWU42570_1_5100;exonerate},{ev_type:exonerate/ID=match.2566964.866/Target=lcl|LCTV02000017_1_prot_PRQ69888_1_3173;exonerate},{ev_type:exonerate/ID=match.2566964.877/Target=lcl|NW_017264931_1_prot_XP_018272730_1_2561;exonerate},{ev_type:exonerate/ID=match.2566964.870/Target=lcl|BJWK01000023_1_prot_GEM12616_1_6633;exonerate}
1323659	1323673	internal+	1	3	{GeneMark_model.1211_t;GeneMark},{ev_type:exonerate/ID=match.2566964.879/Target=lcl|PJQD01000048_1_prot_POY72712_1_4610;exonerate},{ev_type:exonerate/ID=match.2566964.875/Target=lcl|KQ954505_1_prot_KWU42570_1_5100;exonerate},{ev_type:exonerate/ID=match.2566964.866/Target=lcl|LCTV02000017_1_prot_PRQ69888_1_3173;exonerate},{ev_type:exonerate/ID=match.2566964.877/Target=lcl|NW_017264931_1_prot_XP_018272730_1_2561;exonerate},{ev_type:exonerate/ID=match.2566964.870/Target=lcl|BJWK01000023_1_prot_GEM12616_1_6633;exonerate}
1323674	1323738	INTRON			{GeneMark_model.1211_t;GeneMark},{ev_type:exonerate/ID=match.2566964.879/Target=lcl|PJQD01000048_1_prot_POY72712_1_4610;exonerate},{ev_type:exonerate/ID=match.2566964.875/Target=lcl|KQ954505_1_prot_KWU42570_1_5100;exonerate},{ev_type:exonerate/ID=match.2566964.866/Target=lcl|LCTV02000017_1_prot_PRQ69888_1_3173;exonerate},{ev_type:exonerate/ID=match.2566964.877/Target=lcl|NW_017264931_1_prot_XP_018272730_1_2561;exonerate},{ev_type:exonerate/ID=match.2566964.870/Target=lcl|BJWK01000023_1_prot_GEM12616_1_6633;exonerate}
1323739	1324021	internal+	1	1	{GlimmerHMM_glimmerT_1115-T1;GlimmerHMM},{GeneMark_model.1211_t;GeneMark},{ev_type:exonerate/ID=match.2566964.879/Target=lcl|PJQD01000048_1_prot_POY72712_1_4610;exonerate},{ev_type:exonerate/ID=match.2566964.875/Target=lcl|KQ954505_1_prot_KWU42570_1_5100;exonerate},{ev_type:exonerate/ID=match.2566964.866/Target=lcl|LCTV02000017_1_prot_PRQ69888_1_3173;exonerate},{ev_type:exonerate/ID=match.2566964.877/Target=lcl|NW_017264931_1_prot_XP_018272730_1_2561;exonerate},{ev_type:exonerate/ID=match.2566964.870/Target=lcl|BJWK01000023_1_prot_GEM12616_1_6633;exonerate}
1324022	1324360	INTRON			{GlimmerHMM_glimmerT_1115-T1;GlimmerHMM},{GeneMark_model.1211_t;GeneMark},{ev_type:exonerate/ID=match.2566964.879/Target=lcl|PJQD01000048_1_prot_POY72712_1_4610;exonerate},{ev_type:exonerate/ID=match.2566964.875/Target=lcl|KQ954505_1_prot_KWU42570_1_5100;exonerate},{ev_type:exonerate/ID=match.2566964.866/Target=lcl|LCTV02000017_1_prot_PRQ69888_1_3173;exonerate},{ev_type:exonerate/ID=match.2566964.877/Target=lcl|NW_017264931_1_prot_XP_018272730_1_2561;exonerate},{ev_type:exonerate/ID=match.2566964.870/Target=lcl|BJWK01000023_1_prot_GEM12616_1_6633;exonerate}
1324361	1324559	internal+	2	2	{GlimmerHMM_glimmerT_1115-T1;GlimmerHMM},{GeneMark_model.1211_t;GeneMark},{ev_type:exonerate/ID=match.2566964.879/Target=lcl|PJQD01000048_1_prot_POY72712_1_4610;exonerate},{ev_type:exonerate/ID=match.2566964.875/Target=lcl|KQ954505_1_prot_KWU42570_1_5100;exonerate},{ev_type:exonerate/ID=match.2566964.866/Target=lcl|LCTV02000017_1_prot_PRQ69888_1_3173;exonerate},{ev_type:exonerate/ID=match.2566964.877/Target=lcl|NW_017264931_1_prot_XP_018272730_1_2561;exonerate},{ev_type:exonerate/ID=match.2566964.870/Target=lcl|BJWK01000023_1_prot_GEM12616_1_6633;exonerate}
1324560	1324631	INTRON			{GlimmerHMM_glimmerT_1115-T1;GlimmerHMM},{GeneMark_model.1211_t;GeneMark},{ev_type:exonerate/ID=match.2566964.879/Target=lcl|PJQD01000048_1_prot_POY72712_1_4610;exonerate},{ev_type:exonerate/ID=match.2566964.875/Target=lcl|KQ954505_1_prot_KWU42570_1_5100;exonerate},{ev_type:exonerate/ID=match.2566964.866/Target=lcl|LCTV02000017_1_prot_PRQ69888_1_3173;exonerate},{ev_type:exonerate/ID=match.2566964.877/Target=lcl|NW_017264931_1_prot_XP_018272730_1_2561;exonerate},{ev_type:exonerate/ID=match.2566964.870/Target=lcl|BJWK01000023_1_prot_GEM12616_1_6633;exonerate}
1324632	1325094	internal+	3	3	{GlimmerHMM_glimmerT_1115-T1;GlimmerHMM},{GeneMark_model.1211_t;GeneMark},{ev_type:exonerate/ID=match.2566964.879/Target=lcl|PJQD01000048_1_prot_POY72712_1_4610;exonerate},{ev_type:exonerate/ID=match.2566964.875/Target=lcl|KQ954505_1_prot_KWU42570_1_5100;exonerate},{ev_type:exonerate/ID=match.2566964.866/Target=lcl|LCTV02000017_1_prot_PRQ69888_1_3173;exonerate},{ev_type:exonerate/ID=match.2566964.877/Target=lcl|NW_017264931_1_prot_XP_018272730_1_2561;exonerate},{ev_type:exonerate/ID=match.2566964.870/Target=lcl|BJWK01000023_1_prot_GEM12616_1_6633;exonerate}
1325095	1325174	INTRON			{GlimmerHMM_glimmerT_1115-T1;GlimmerHMM},{GeneMark_model.1211_t;GeneMark},{ev_type:exonerate/ID=match.2566964.879/Target=lcl|PJQD01000048_1_prot_POY72712_1_4610;exonerate},{ev_type:exonerate/ID=match.2566964.875/Target=lcl|KQ954505_1_prot_KWU42570_1_5100;exonerate},{ev_type:exonerate/ID=match.2566964.866/Target=lcl|LCTV02000017_1_prot_PRQ69888_1_3173;exonerate},{ev_type:exonerate/ID=match.2566964.877/Target=lcl|NW_017264931_1_prot_XP_018272730_1_2561;exonerate},{ev_type:exonerate/ID=match.2566964.870/Target=lcl|BJWK01000023_1_prot_GEM12616_1_6633;exonerate}
1325175	1325360	internal+	1	3	{GlimmerHMM_glimmerT_1115-T1;GlimmerHMM},{GeneMark_model.1211_t;GeneMark},{ev_type:exonerate/ID=match.2566964.879/Target=lcl|PJQD01000048_1_prot_POY72712_1_4610;exonerate},{ev_type:exonerate/ID=match.2566964.875/Target=lcl|KQ954505_1_prot_KWU42570_1_5100;exonerate},{ev_type:exonerate/ID=match.2566964.866/Target=lcl|LCTV02000017_1_prot_PRQ69888_1_3173;exonerate},{ev_type:exonerate/ID=match.2566964.877/Target=lcl|NW_017264931_1_prot_XP_018272730_1_2561;exonerate},{ev_type:exonerate/ID=match.2566964.870/Target=lcl|BJWK01000023_1_prot_GEM12616_1_6633;exonerate}
1325361	1325428	INTRON			{GlimmerHMM_glimmerT_1115-T1;GlimmerHMM},{GeneMark_model.1211_t;GeneMark},{ev_type:exonerate/ID=match.2566964.879/Target=lcl|PJQD01000048_1_prot_POY72712_1_4610;exonerate},{ev_type:exonerate/ID=match.2566964.875/Target=lcl|KQ954505_1_prot_KWU42570_1_5100;exonerate},{ev_type:exonerate/ID=match.2566964.866/Target=lcl|LCTV02000017_1_prot_PRQ69888_1_3173;exonerate},{ev_type:exonerate/ID=match.2566964.877/Target=lcl|NW_017264931_1_prot_XP_018272730_1_2561;exonerate},{ev_type:exonerate/ID=match.2566964.870/Target=lcl|BJWK01000023_1_prot_GEM12616_1_6633;exonerate}
1325429	1325747	internal+	1	1	{GlimmerHMM_glimmerT_1115-T1;GlimmerHMM},{GeneMark_model.1211_t;GeneMark},{ev_type:exonerate/ID=match.2566964.879/Target=lcl|PJQD01000048_1_prot_POY72712_1_4610;exonerate},{ev_type:exonerate/ID=match.2566964.875/Target=lcl|KQ954505_1_prot_KWU42570_1_5100;exonerate},{ev_type:exonerate/ID=match.2566964.866/Target=lcl|LCTV02000017_1_prot_PRQ69888_1_3173;exonerate},{ev_type:exonerate/ID=match.2566964.877/Target=lcl|NW_017264931_1_prot_XP_018272730_1_2561;exonerate},{ev_type:exonerate/ID=match.2566964.870/Target=lcl|BJWK01000023_1_prot_GEM12616_1_6633;exonerate}
1325748	1325844	INTRON			{GlimmerHMM_glimmerT_1115-T1;GlimmerHMM},{GeneMark_model.1211_t;GeneMark},{ev_type:exonerate/ID=match.2566964.879/Target=lcl|PJQD01000048_1_prot_POY72712_1_4610;exonerate},{ev_type:exonerate/ID=match.2566964.875/Target=lcl|KQ954505_1_prot_KWU42570_1_5100;exonerate},{ev_type:exonerate/ID=match.2566964.877/Target=lcl|NW_017264931_1_prot_XP_018272730_1_2561;exonerate},{ev_type:exonerate/ID=match.2566964.870/Target=lcl|BJWK01000023_1_prot_GEM12616_1_6633;exonerate}
1325845	1325978	terminal+	2	3	{GlimmerHMM_glimmerT_1115-T1;GlimmerHMM},{GeneMark_model.1211_t;GeneMark}

# EVM prediction: Mode:STANDARD S-ratio: 1.46 1326260-1327198 orient(-) score(2230.00) noncoding_equivalent(1526.00) raw_noncoding(1608.00) offset(82.00)
1326636	1326260	terminal-	5	6	{GeneMark_model.1212_t;GeneMark},{GlimmerHMM_glimmerT_1116-T1;GlimmerHMM}
1326705	1326637	INTRON			{GeneMark_model.1212_t;GeneMark},{GlimmerHMM_glimmerT_1116-T1;GlimmerHMM}
1327198	1326706	initial-	4	4	{GeneMark_model.1212_t;GeneMark},{GlimmerHMM_glimmerT_1116-T1;GlimmerHMM}

# EVM prediction: Mode:STANDARD S-ratio: 1.03 1327996-1329669 orient(-) score(3413.00) noncoding_equivalent(3308.93) raw_noncoding(4345.13) offset(1036.20)
1328040	1327996	terminal-	4	6	{GlimmerHMM_glimmerT_1117-T1;GlimmerHMM}
1328110	1328041	INTRON			{GlimmerHMM_glimmerT_1117-T1;GlimmerHMM}
1328249	1328111	internal-	6	6	{GeneMark_model.1213_t;GeneMark},{GlimmerHMM_glimmerT_1117-T1;GlimmerHMM},{ev_type:exonerate/ID=match.2566964.1354/Target=lcl|KQ954505_1_prot_KWU42566_1_5096;exonerate}
1328315	1328250	INTRON			{GeneMark_model.1213_t;GeneMark},{GlimmerHMM_glimmerT_1117-T1;GlimmerHMM},{ev_type:exonerate/ID=match.2566964.1354/Target=lcl|KQ954505_1_prot_KWU42566_1_5096;exonerate}
1328406	1328316	internal-	5	5	{GeneMark_model.1213_t;GeneMark},{GlimmerHMM_glimmerT_1117-T1;GlimmerHMM}
1328489	1328407	INTRON			{GlimmerHMM_glimmerT_1117-T1;GlimmerHMM}
1328584	1328490	internal-	6	4	{GlimmerHMM_glimmerT_1117-T1;GlimmerHMM}
1328745	1328585	INTRON			{GeneMark_model.1213_t;GeneMark},{GlimmerHMM_glimmerT_1117-T1;GlimmerHMM}
1329040	1328746	internal-	5	5	{GeneMark_model.1213_t;GeneMark},{GlimmerHMM_glimmerT_1117-T1;GlimmerHMM}
1329104	1329041	INTRON			{GeneMark_model.1213_t;GeneMark},{GlimmerHMM_glimmerT_1117-T1;GlimmerHMM}
1329669	1329105	initial-	4	4	{GlimmerHMM_glimmerT_1117-T1;GlimmerHMM}

# EVM prediction: Mode:STANDARD S-ratio: 1.35 1331953-1333685 orient(+) score(3985.00) noncoding_equivalent(2944.40) raw_noncoding(3668.00) offset(723.60)
1331953	1332250	initial+	1	1	{GeneMark_model.1215_t;GeneMark},{GlimmerHMM_glimmerT_1119-T1;GlimmerHMM}
1332251	1332309	INTRON			{GeneMark_model.1215_t;GeneMark},{GlimmerHMM_glimmerT_1119-T1;GlimmerHMM}
1332310	1332461	internal+	2	3	{GeneMark_model.1215_t;GeneMark},{GlimmerHMM_glimmerT_1119-T1;GlimmerHMM}
1332462	1332526	INTRON			{GeneMark_model.1215_t;GeneMark},{GlimmerHMM_glimmerT_1119-T1;GlimmerHMM}
1332527	1332643	internal+	1	3	{GeneMark_model.1215_t;GeneMark},{GlimmerHMM_glimmerT_1119-T1;GlimmerHMM}
1332644	1332707	INTRON			{GeneMark_model.1215_t;GeneMark},{GlimmerHMM_glimmerT_1119-T1;GlimmerHMM}
1332708	1332753	internal+	1	1	{GeneMark_model.1215_t;GeneMark},{GlimmerHMM_glimmerT_1119-T1;GlimmerHMM}
1332754	1332826	INTRON			{GeneMark_model.1215_t;GeneMark},{GlimmerHMM_glimmerT_1119-T1;GlimmerHMM}
1332827	1333034	internal+	2	2	{GeneMark_model.1215_t;GeneMark},{GlimmerHMM_glimmerT_1119-T1;GlimmerHMM}
1333035	1333096	INTRON			{GeneMark_model.1215_t;GeneMark},{GlimmerHMM_glimmerT_1119-T1;GlimmerHMM}
1333097	1333573	internal+	3	2	{GeneMark_model.1215_t;GeneMark},{GlimmerHMM_glimmerT_1119-T1;GlimmerHMM}
1333574	1333648	INTRON			{GeneMark_model.1215_t;GeneMark},{GlimmerHMM_glimmerT_1119-T1;GlimmerHMM}
1333649	1333685	terminal+	3	3	{GeneMark_model.1215_t;GeneMark},{GlimmerHMM_glimmerT_1119-T1;GlimmerHMM}

# EVM prediction: Mode:STANDARD S-ratio: 1.39 1338234-1342810 orient(+) score(11855.00) noncoding_equivalent(8504.39) raw_noncoding(10877.00) offset(2372.61)
1338234	1338238	initial+	1	2	{snap_scaffold_2-snap.549-T1;snap}
1338239	1339210	INTRON			{GlimmerHMM_glimmerT_1121-T1;GlimmerHMM},{GeneMark_model.1217_t;GeneMark},{snap_scaffold_2-snap.549-T1;snap}
1339211	1339768	internal+	3	2	{GlimmerHMM_glimmerT_1121-T1;GlimmerHMM},{GeneMark_model.1217_t;GeneMark}
1339769	1339840	INTRON			{GlimmerHMM_glimmerT_1121-T1;GlimmerHMM},{GeneMark_model.1217_t;GeneMark}
1339841	1339989	internal+	3	1	{GlimmerHMM_glimmerT_1121-T1;GlimmerHMM},{GeneMark_model.1217_t;GeneMark}
1339990	1340075	INTRON			{GlimmerHMM_glimmerT_1121-T1;GlimmerHMM},{GeneMark_model.1217_t;GeneMark}
1340076	1340202	internal+	2	2	{GlimmerHMM_glimmerT_1121-T1;GlimmerHMM},{GeneMark_model.1217_t;GeneMark}
1340203	1340268	INTRON			{GlimmerHMM_glimmerT_1121-T1;GlimmerHMM},{GeneMark_model.1217_t;GeneMark}
1340269	1340350	internal+	3	3	{GlimmerHMM_glimmerT_1121-T1;GlimmerHMM},{GeneMark_model.1217_t;GeneMark}
1340351	1340424	INTRON			{GlimmerHMM_glimmerT_1121-T1;GlimmerHMM},{GeneMark_model.1217_t;GeneMark}
1340425	1340568	internal+	1	3	{GlimmerHMM_glimmerT_1121-T1;GlimmerHMM},{GeneMark_model.1217_t;GeneMark}
1340569	1340647	INTRON			{GlimmerHMM_glimmerT_1121-T1;GlimmerHMM},{GeneMark_model.1217_t;GeneMark}
1340648	1340798	internal+	1	1	{GlimmerHMM_glimmerT_1121-T1;GlimmerHMM},{GeneMark_model.1217_t;GeneMark}
1340799	1340866	INTRON			{GlimmerHMM_glimmerT_1121-T1;GlimmerHMM},{GeneMark_model.1217_t;GeneMark}
1340867	1340985	internal+	2	3	{GlimmerHMM_glimmerT_1121-T1;GlimmerHMM},{GeneMark_model.1217_t;GeneMark}
1340986	1341047	INTRON			{GlimmerHMM_glimmerT_1121-T1;GlimmerHMM},{snap_scaffold_2-snap.550-T1;snap},{GeneMark_model.1217_t;GeneMark}
1341048	1341270	internal+	1	1	{GlimmerHMM_glimmerT_1121-T1;GlimmerHMM},{GeneMark_model.1217_t;GeneMark}
1341271	1341333	INTRON			{GlimmerHMM_glimmerT_1121-T1;GlimmerHMM},{GeneMark_model.1217_t;GeneMark}
1341334	1341465	internal+	2	1	{GlimmerHMM_glimmerT_1121-T1;GlimmerHMM},{GeneMark_model.1217_t;GeneMark}
1341466	1341526	INTRON			{GlimmerHMM_glimmerT_1121-T1;GlimmerHMM},{GeneMark_model.1217_t;GeneMark}
1341527	1341720	internal+	2	3	{GlimmerHMM_glimmerT_1121-T1;GlimmerHMM},{GeneMark_model.1217_t;GeneMark}
1341721	1341785	INTRON			{GlimmerHMM_glimmerT_1121-T1;GlimmerHMM},{GeneMark_model.1217_t;GeneMark}
1341786	1342266	internal+	1	1	{GlimmerHMM_glimmerT_1121-T1;GlimmerHMM},{GeneMark_model.1217_t;GeneMark}
1342267	1342324	INTRON			{GlimmerHMM_glimmerT_1121-T1;GlimmerHMM},{GeneMark_model.1217_t;GeneMark}
1342325	1342383	internal+	2	3	{GlimmerHMM_glimmerT_1121-T1;GlimmerHMM},{GeneMark_model.1217_t;GeneMark}
1342384	1342444	INTRON			{GlimmerHMM_glimmerT_1121-T1;GlimmerHMM},{GeneMark_model.1217_t;GeneMark}
1342445	1342574	internal+	1	1	{GlimmerHMM_glimmerT_1121-T1;GlimmerHMM},{GeneMark_model.1217_t;GeneMark}
1342575	1342634	INTRON			{GlimmerHMM_glimmerT_1121-T1;GlimmerHMM},{GeneMark_model.1217_t;GeneMark}
1342635	1342810	terminal+	2	3	{GlimmerHMM_glimmerT_1121-T1;GlimmerHMM},{GeneMark_model.1217_t;GeneMark},{snap_scaffold_2-snap.552-T1;snap}

